candle_time,funding_rate,funding_timestamp
2020-10-21 00:00:00+00:00,,
2020-10-22 00:00:00+00:00,0.00032078,1603324800000.0
2020-10-23 00:00:00+00:00,0.00105477,1603411200000.0
2020-10-24 00:00:00+00:00,0.00163779,1603497600000.0
2020-10-25 00:00:00+00:00,0.00095617,1603584000000.0
2020-10-26 00:00:00+00:00,0.00117939,1603670400000.0
2020-10-27 00:00:00+00:00,0.00125708,1603756800000.0
2020-10-28 00:00:00+00:00,0.00091188,1603843200000.0
2020-10-29 00:00:00+00:00,0.00022821,1603929600000.0
2020-10-30 00:00:00+00:00,0.00026595,1604016000000.0
2020-10-31 00:00:00+00:00,0.0001,1604102400000.0
2020-11-01 00:00:00+00:00,0.00076037,1604188800000.0
2020-11-02 00:00:00+00:00,0.00021232,1604275200000.0
2020-11-03 00:00:00+00:00,0.0001,1604361600000.0
2020-11-04 00:00:00+00:00,0.0001,1604448000000.0
2020-11-05 00:00:00+00:00,0.0001,1604534400000.0
2020-11-06 00:00:00+00:00,0.0001,1604620800000.0
2020-11-07 00:00:00+00:00,0.00110589,1604707200000.0
2020-11-08 00:00:00+00:00,0.00069988,1604793600000.0
2020-11-09 00:00:00+00:00,0.0001,1604880000000.0
2020-11-10 00:00:00+00:00,0.0001,1604966400000.0
2020-11-11 00:00:00+00:00,0.0001,1605052800000.0
2020-11-12 00:00:00+00:00,0.00069367,1605139200000.0
2020-11-13 00:00:00+00:00,0.00028019,1605225600000.0
2020-11-14 00:00:00+00:00,0.00053769,1605312000000.0
2020-11-15 00:00:00+00:00,0.00034224,1605398400000.0
2020-11-16 00:00:00+00:00,0.0001,1605484800000.0
2020-11-17 00:00:00+00:00,0.00160202,1605571200000.0
2020-11-18 00:00:00+00:00,0.00159757,1605657600000.0
2020-11-19 00:00:00+00:00,0.00244185,1605744000000.0
2020-11-20 00:00:00+00:00,0.00047785,1605830400000.0
2020-11-21 00:00:00+00:00,0.00103764,1605916800000.0
2020-11-22 00:00:00+00:00,0.0020357,1606003200000.0
2020-11-23 00:00:00+00:00,0.00280449,1606089600000.0
2020-11-24 00:00:00+00:00,0.00375,1606176000000.0
2020-11-25 00:00:00+00:00,0.00174113,1606262400000.0
2020-11-26 00:00:00+00:00,0.00140221,1606348800000.0
2020-11-27 00:00:00+00:00,0.00029525,1606435200000.0
2020-11-28 00:00:00+00:00,0.0001,1606521600000.0
2020-11-29 00:00:00+00:00,0.0001,1606608000000.0
2020-11-30 00:00:00+00:00,0.0001,1606694400000.0
2020-12-01 00:00:00+00:00,0.00037387,1606780800000.0
2020-12-02 00:00:00+00:00,0.00132002,1606867200000.0
2020-12-03 00:00:00+00:00,0.00131305,1606953600000.0
2020-12-04 00:00:00+00:00,0.00141847,1607040000000.0
2020-12-05 00:00:00+00:00,0.0008537,1607126400000.0
2020-12-06 00:00:00+00:00,0.00025918,1607212800000.0
2020-12-07 00:00:00+00:00,0.00046196,1607299200000.0
2020-12-08 00:00:00+00:00,0.00049722,1607385600000.0
2020-12-09 00:00:00+00:00,0.0001,1607472000000.0
2020-12-10 00:00:00+00:00,0.0001,1607558400000.0
2020-12-11 00:00:00+00:00,0.0001,1607644800000.0
2020-12-12 00:00:00+00:00,0.0001,1607731200000.0
2020-12-13 00:00:00+00:00,0.0001,1607817600000.0
2020-12-14 00:00:00+00:00,0.0001,1607904000000.0
2020-12-15 00:00:00+00:00,0.0001,1607990400000.0
2020-12-16 00:00:00+00:00,0.0001,1608076800000.0
2020-12-17 00:00:00+00:00,0.00051774,1608163200000.0
2020-12-18 00:00:00+00:00,0.00195958,1608249600000.0
2020-12-19 00:00:00+00:00,0.00149234,1608336000000.0
2020-12-20 00:00:00+00:00,0.00156233,1608422400000.0
2020-12-21 00:00:00+00:00,0.00114081,1608508800000.0
2020-12-22 00:00:00+00:00,0.00045186,1608595200000.0
2020-12-23 00:00:00+00:00,0.0001,1608681600000.0
2020-12-24 00:00:00+00:00,0.0001,1608768000000.0
2020-12-25 00:00:00+00:00,0.0001,1608854400000.0
2020-12-26 00:00:00+00:00,0.0003404,1608940800000.0
2020-12-27 00:00:00+00:00,0.0003367,1609027200000.0
2020-12-28 00:00:00+00:00,0.00067084,1609113600000.0
2020-12-29 00:00:00+00:00,0.0011063,1609200000000.0
2020-12-30 00:00:00+00:00,0.00075643,1609286400000.0
2020-12-31 00:00:00+00:00,0.00097859,1609372800000.0
2021-01-01 00:00:00+00:00,0.00107435,1609459200000.0
2021-01-02 00:00:00+00:00,0.00175497,1609545600000.0
2021-01-03 00:00:00+00:00,0.00094645,1609632000000.0
2021-01-04 00:00:00+00:00,0.00291948,1609718400000.0
2021-01-05 00:00:00+00:00,0.00264836,1609804800000.0
2021-01-06 00:00:00+00:00,0.00155317,1609891200000.0
2021-01-07 00:00:00+00:00,0.0028119,1609977600000.0
2021-01-08 00:00:00+00:00,0.00234962,1610064000000.0
2021-01-09 00:00:00+00:00,0.00209347,1610150400000.0
2021-01-10 00:00:00+00:00,0.00208258,1610236800000.0
2021-01-11 00:00:00+00:00,0.00338021,1610323200000.0
2021-01-12 00:00:00+00:00,0.00070595,1610409600000.0
2021-01-13 00:00:00+00:00,0.00028088,1610496000000.0
2021-01-14 00:00:00+00:00,0.00039855,1610582400000.0
2021-01-15 00:00:00+00:00,0.00144985,1610668800000.0
2021-01-16 00:00:00+00:00,0.00165806,1610755200000.0
2021-01-17 00:00:00+00:00,0.0007301,1610841600000.0
2021-01-18 00:00:00+00:00,0.0009788,1610928000000.0
2021-01-19 00:00:00+00:00,0.00189229,1611014400000.0
2021-01-20 00:00:00+00:00,0.00256024,1611100800000.0
2021-01-21 00:00:00+00:00,0.00142436,1611187200000.0
2021-01-22 00:00:00+00:00,0.00024778,1611273600000.0
2021-01-23 00:00:00+00:00,0.00017032,1611360000000.0
2021-01-24 00:00:00+00:00,0.00029633,1611446400000.0
2021-01-25 00:00:00+00:00,0.00043383,1611532800000.0
2021-01-26 00:00:00+00:00,0.00145821,1611619200000.0
2021-01-27 00:00:00+00:00,0.00045691,1611705600000.0
2021-01-28 00:00:00+00:00,0.0001384,1611792000000.0
2021-01-29 00:00:00+00:00,0.00041773,1611878400000.0
2021-01-30 00:00:00+00:00,0.00179941,1611964800000.0
2021-01-31 00:00:00+00:00,0.00026858,1612051200000.0
2021-02-01 00:00:00+00:00,0.00125453,1612137600000.0
2021-02-02 00:00:00+00:00,0.00166403,1612224000000.0
2021-02-03 00:00:00+00:00,0.00295504,1612310400000.0
2021-02-04 00:00:00+00:00,0.00375,1612396800000.0
2021-02-05 00:00:00+00:00,0.0023284,1612483200000.0
2021-02-06 00:00:00+00:00,0.00320058,1612569600000.0
2021-02-07 00:00:00+00:00,0.00316011,1612656000000.0
2021-02-08 00:00:00+00:00,0.00175018,1612742400000.0
2021-02-09 00:00:00+00:00,0.00233401,1612828800000.0
2021-02-10 00:00:00+00:00,0.00291206,1612915200000.0
2021-02-11 00:00:00+00:00,0.00356194,1613001600000.0
2021-02-12 00:00:00+00:00,0.00218213,1613088000000.0
2021-02-13 00:00:00+00:00,0.0033101,1613174400000.0
2021-02-14 00:00:00+00:00,0.00334269,1613260800000.0
2021-02-15 00:00:00+00:00,0.00329304,1613347200000.0
2021-02-16 00:00:00+00:00,0.00069531,1613433600000.0
2021-02-17 00:00:00+00:00,0.00156323,1613520000000.0
2021-02-18 00:00:00+00:00,0.00221864,1613606400000.0
2021-02-19 00:00:00+00:00,0.00290919,1613692800000.0
2021-02-20 00:00:00+00:00,0.0033892,1613779200000.0
2021-02-21 00:00:00+00:00,0.0027743,1613865600000.0
2021-02-22 00:00:00+00:00,0.00129211,1613952000000.0
2021-02-23 00:00:00+00:00,0.0005163,1614038400000.0
2021-02-24 00:00:00+00:00,0.0001,1614124800000.0
2021-02-25 00:00:00+00:00,0.00011567,1614211200000.0
2021-02-26 00:00:00+00:00,0.00034067,1614297600000.0
2021-02-27 00:00:00+00:00,0.0001,1614384000000.0
2021-02-28 00:00:00+00:00,0.00047859,1614470400000.0
2021-03-01 00:00:00+00:00,0.00010598,1614556800000.0
2021-03-02 00:00:00+00:00,0.00040994,1614643200000.0
2021-03-03 00:00:00+00:00,0.00065248,1614729600000.0
2021-03-04 00:00:00+00:00,0.00030718,1614816000000.0
2021-03-05 00:00:00+00:00,0.0004127,1614902400000.0
2021-03-06 00:00:00+00:00,0.00017236,1614988800000.0
2021-03-07 00:00:00+00:00,0.0003592,1615075200000.0
2021-03-08 00:00:00+00:00,0.00073142,1615161600000.0
2021-03-09 00:00:00+00:00,0.00061067,1615248000000.0
2021-03-10 00:00:00+00:00,0.00134178,1615334400000.0
2021-03-11 00:00:00+00:00,0.00132165,1615420800000.0
2021-03-12 00:00:00+00:00,0.00180111,1615507200000.0
2021-03-13 00:00:00+00:00,0.00043987,1615593600000.0
2021-03-14 00:00:00+00:00,0.00070479,1615680000000.0
2021-03-15 00:00:00+00:00,0.00082872,1615766400000.0
2021-03-16 00:00:00+00:00,0.00069395,1615852800000.0
2021-03-17 00:00:00+00:00,0.00012448,1615939200000.0
2021-03-18 00:00:00+00:00,0.00051347,1616025600000.0
2021-03-19 00:00:00+00:00,0.00110124,1616112000000.0
2021-03-20 00:00:00+00:00,0.00058654,1616198400000.0
2021-03-21 00:00:00+00:00,0.00154633,1616284800000.0
2021-03-22 00:00:00+00:00,0.00063297,1616371200000.0
2021-03-23 00:00:00+00:00,0.00057408,1616457600000.0
2021-03-24 00:00:00+00:00,0.00014262,1616544000000.0
2021-03-25 00:00:00+00:00,0.00038712,1616630400000.0
2021-03-26 00:00:00+00:00,0.0001,1616716800000.0
2021-03-27 00:00:00+00:00,0.00018511,1616803200000.0
2021-03-28 00:00:00+00:00,0.00017491,1616889600000.0
2021-03-29 00:00:00+00:00,0.00051151,1616976000000.0
2021-03-30 00:00:00+00:00,0.00028296,1617062400000.0
2021-03-31 00:00:00+00:00,0.00191911,1617148800000.0
2021-04-01 00:00:00+00:00,0.00117587,1617235200000.0
2021-04-02 00:00:00+00:00,0.00198353,1617321600000.0
2021-04-03 00:00:00+00:00,0.0016976,1617408000000.0
2021-04-04 00:00:00+00:00,0.00368481,1617494400000.0
2021-04-05 00:00:00+00:00,0.00082657,1617580800000.0
2021-04-06 00:00:00+00:00,0.00227446,1617667200000.0
2021-04-07 00:00:00+00:00,0.00266773,1617753600000.0
2021-04-08 00:00:00+00:00,0.00097189,1617840000000.0
2021-04-09 00:00:00+00:00,0.00147668,1617926400000.0
2021-04-10 00:00:00+00:00,0.00095393,1618012800000.0
2021-04-11 00:00:00+00:00,0.00203434,1618099200000.0
2021-04-12 00:00:00+00:00,0.00228557,1618185600000.0
2021-04-13 00:00:00+00:00,0.00155868,1618272000000.0
2021-04-14 00:00:00+00:00,0.00329887,1618358400000.0
2021-04-15 00:00:00+00:00,0.00237769,1618444800000.0
2021-04-16 00:00:00+00:00,0.00299162,1618531200000.0
2021-04-17 00:00:00+00:00,0.00148548,1618617600000.0
2021-04-18 00:00:00+00:00,0.00103633,1618704000000.0
2021-04-19 00:00:00+00:00,0.00010097,1618790400000.0
2021-04-20 00:00:00+00:00,0.00018414,1618876800000.0
2021-04-21 00:00:00+00:00,0.0001,1618963200000.0
2021-04-22 00:00:00+00:00,0.0001753,1619049600000.0
2021-04-23 00:00:00+00:00,0.00012011,1619136000000.0
2021-04-24 00:00:00+00:00,0.0001,1619222400000.0
2021-04-25 00:00:00+00:00,0.0001,1619308800000.0
2021-04-26 00:00:00+00:00,0.0001,1619395200000.0
2021-04-27 00:00:00+00:00,0.00010092,1619481600000.0
2021-04-28 00:00:00+00:00,0.0002186,1619568000000.0
2021-04-29 00:00:00+00:00,0.00055068,1619654400000.0
2021-04-30 00:00:00+00:00,0.00088956,1619740800000.0
2021-05-01 00:00:00+00:00,0.00105541,1619827200000.0
2021-05-02 00:00:00+00:00,0.00103685,1619913600000.0
2021-05-03 00:00:00+00:00,0.00065839,1620000000000.0
2021-05-04 00:00:00+00:00,0.00132058,1620086400000.0
2021-05-05 00:00:00+00:00,0.00113834,1620172800000.0
2021-05-06 00:00:00+00:00,0.00154359,1620259200000.0
2021-05-07 00:00:00+00:00,0.00266468,1620345600000.0
2021-05-08 00:00:00+00:00,0.00135639,1620432000000.0
2021-05-09 00:00:00+00:00,0.00106076,1620518400000.0
2021-05-10 00:00:00+00:00,0.00046413,1620604800000.0
2021-05-11 00:00:00+00:00,0.00132181,1620691200000.0
2021-05-12 00:00:00+00:00,0.0005629,1620777600000.0
2021-05-13 00:00:00+00:00,0.00076543,1620864000000.0
2021-05-14 00:00:00+00:00,0.00019317,1620950400000.0
2021-05-15 00:00:00+00:00,0.00035434,1621036800000.0
2021-05-16 00:00:00+00:00,0.00090651,1621123200000.0
2021-05-17 00:00:00+00:00,0.00122315,1621209600000.0
2021-05-18 00:00:00+00:00,0.00059297,1621296000000.0
2021-05-19 00:00:00+00:00,0.00056876,1621382400000.0
2021-05-20 00:00:00+00:00,-0.00375,1621468800000.0
2021-05-21 00:00:00+00:00,0.0001,1621555200000.0
2021-05-22 00:00:00+00:00,0.0001,1621641600000.0
2021-05-23 00:00:00+00:00,0.0001,1621728000000.0
2021-05-24 00:00:00+00:00,8.103e-05,1621814400000.0
2021-05-25 00:00:00+00:00,0.0001,1621900800000.0
2021-05-26 00:00:00+00:00,0.0001,1621987200000.0
2021-05-27 00:00:00+00:00,0.0001,1622073600000.0
2021-05-28 00:00:00+00:00,0.0001,1622160000000.0
2021-05-29 00:00:00+00:00,0.0001,1622246400000.0
2021-05-30 00:00:00+00:00,0.0001,1622332800000.0
2021-05-31 00:00:00+00:00,0.0001,1622419200000.0
2021-06-01 00:00:00+00:00,0.0001,1622505600000.0
2021-06-02 00:00:00+00:00,0.0001,1622592000000.0
2021-06-03 00:00:00+00:00,0.0001,1622678400000.0
2021-06-04 00:00:00+00:00,0.0001,1622764800000.0
2021-06-05 00:00:00+00:00,0.0001,1622851200000.0
2021-06-06 00:00:00+00:00,0.0001,1622937600000.0
2021-06-07 00:00:00+00:00,0.0001,1623024000000.0
2021-06-08 00:00:00+00:00,0.0001,1623110400000.0
2021-06-09 00:00:00+00:00,-5.448e-05,1623196800000.0
2021-06-10 00:00:00+00:00,-0.0002592,1623283200000.0
2021-06-11 00:00:00+00:00,0.0001,1623369600000.0
2021-06-12 00:00:00+00:00,0.0001,1623456000000.0
2021-06-13 00:00:00+00:00,0.0001,1623542400000.0
2021-06-14 00:00:00+00:00,8.584e-05,1623628800000.0
2021-06-15 00:00:00+00:00,0.0001,1623715200000.0
2021-06-16 00:00:00+00:00,0.0001,1623801600000.0
2021-06-17 00:00:00+00:00,0.0001,1623888000000.0
2021-06-18 00:00:00+00:00,0.0001,1623974400000.0
2021-06-19 00:00:00+00:00,0.0001,1624060800000.0
2021-06-20 00:00:00+00:00,0.0001,1624147200000.0
2021-06-21 00:00:00+00:00,-0.00026728,1624233600000.0
2021-06-22 00:00:00+00:00,-6.398e-05,1624320000000.0
2021-06-23 00:00:00+00:00,-0.00010541,1624406400000.0
2021-06-24 00:00:00+00:00,-0.00010091,1624492800000.0
2021-06-25 00:00:00+00:00,5.91e-06,1624579200000.0
2021-06-26 00:00:00+00:00,-2.774e-05,1624665600000.0
2021-06-27 00:00:00+00:00,-0.00038535,1624752000000.0
2021-06-28 00:00:00+00:00,-0.000163,1624838400000.0
2021-06-29 00:00:00+00:00,0.0001,1624924800000.0
2021-06-30 00:00:00+00:00,0.0001,1625011200000.0
2021-07-01 00:00:00+00:00,0.0001,1625097600000.0
2021-07-02 00:00:00+00:00,1.956e-05,1625184000000.0
2021-07-03 00:00:00+00:00,-3.282e-05,1625270400000.0
2021-07-04 00:00:00+00:00,-3.681e-05,1625356800000.0
2021-07-05 00:00:00+00:00,0.0001,1625443200000.0
2021-07-06 00:00:00+00:00,1.213e-05,1625529600000.0
2021-07-07 00:00:00+00:00,1.241e-05,1625616000000.0
2021-07-08 00:00:00+00:00,0.0001,1625702400000.0
2021-07-09 00:00:00+00:00,-1.36e-06,1625788800000.0
2021-07-10 00:00:00+00:00,5.969e-05,1625875200000.0
2021-07-11 00:00:00+00:00,4.174e-05,1625961600000.0
2021-07-12 00:00:00+00:00,6.673e-05,1626048000000.0
2021-07-13 00:00:00+00:00,0.0001,1626134400000.0
2021-07-14 00:00:00+00:00,0.0001,1626220800000.0
2021-07-15 00:00:00+00:00,-0.00015957,1626307200000.0
2021-07-16 00:00:00+00:00,7.453e-05,1626393600000.0
2021-07-17 00:00:00+00:00,9.769e-05,1626480000000.0
2021-07-18 00:00:00+00:00,5.389e-05,1626566400000.0
2021-07-19 00:00:00+00:00,3.062e-05,1626652800000.0
2021-07-20 00:00:00+00:00,-1.414e-05,1626739200000.0
2021-07-21 00:00:00+00:00,-0.00016643,1626825600000.0
2021-07-22 00:00:00+00:00,-0.00013027,1626912000000.0
2021-07-23 00:00:00+00:00,1.768e-05,1626998400000.0
2021-07-24 00:00:00+00:00,0.0001,1627084800000.0
2021-07-25 00:00:00+00:00,0.0001,1627171200000.0
2021-07-26 00:00:00+00:00,0.0001,1627257600000.0
2021-07-27 00:00:00+00:00,0.0001,1627344000000.0
2021-07-28 00:00:00+00:00,0.0001,1627430400000.0
2021-07-29 00:00:00+00:00,0.0001,1627516800000.0
2021-07-30 00:00:00+00:00,0.0001,1627603200000.0
2021-07-31 00:00:00+00:00,0.0001,1627689600000.0
2021-08-01 00:00:00+00:00,0.0001,1627776000000.0
2021-08-02 00:00:00+00:00,0.0001,1627862400000.0
2021-08-03 00:00:00+00:00,0.0001,1627948800000.0
2021-08-04 00:00:00+00:00,0.0001,1628035200000.0
2021-08-05 00:00:00+00:00,0.0001,1628121600000.0
2021-08-06 00:00:00+00:00,0.0001,1628208000000.0
2021-08-07 00:00:00+00:00,0.0001,1628294400000.0
2021-08-08 00:00:00+00:00,0.00016703,1628380800000.0
2021-08-09 00:00:00+00:00,0.0001,1628467200000.0
2021-08-10 00:00:00+00:00,0.0001,1628553600000.0
2021-08-11 00:00:00+00:00,0.00027431,1628640000000.0
2021-08-12 00:00:00+00:00,0.00054317,1628726400000.0
2021-08-13 00:00:00+00:00,0.00045138,1628812800000.0
2021-08-14 00:00:00+00:00,0.00023237,1628899200000.0
2021-08-15 00:00:00+00:00,0.00020418,1628985600000.0
2021-08-16 00:00:00+00:00,0.00022626,1629072000000.0
2021-08-17 00:00:00+00:00,0.00063975,1629158400000.0
2021-08-18 00:00:00+00:00,0.00023782,1629244800000.0
2021-08-19 00:00:00+00:00,0.0001,1629331200000.0
2021-08-20 00:00:00+00:00,0.0001,1629417600000.0
2021-08-21 00:00:00+00:00,0.00022956,1629504000000.0
2021-08-22 00:00:00+00:00,0.00090979,1629590400000.0
2021-08-23 00:00:00+00:00,0.00061068,1629676800000.0
2021-08-24 00:00:00+00:00,0.000984,1629763200000.0
2021-08-25 00:00:00+00:00,0.0008873,1629849600000.0
2021-08-26 00:00:00+00:00,0.0001,1629936000000.0
2021-08-27 00:00:00+00:00,0.0001,1630022400000.0
2021-08-28 00:00:00+00:00,0.0001,1630108800000.0
2021-08-29 00:00:00+00:00,0.00051933,1630195200000.0
2021-08-30 00:00:00+00:00,0.00020584,1630281600000.0
2021-08-31 00:00:00+00:00,0.00036526,1630368000000.0
2021-09-01 00:00:00+00:00,0.00039631,1630454400000.0
2021-09-02 00:00:00+00:00,0.00088127,1630540800000.0
2021-09-03 00:00:00+00:00,0.00059499,1630627200000.0
2021-09-04 00:00:00+00:00,0.0007208,1630713600000.0
2021-09-05 00:00:00+00:00,0.00087174,1630800000000.0
2021-09-06 00:00:00+00:00,0.00072788,1630886400000.0
2021-09-07 00:00:00+00:00,0.00098381,1630972800000.0
2021-09-08 00:00:00+00:00,0.0001,1631059200000.0
2021-09-09 00:00:00+00:00,0.0001,1631145600000.0
2021-09-10 00:00:00+00:00,0.0001,1631232000000.0
2021-09-11 00:00:00+00:00,0.0001,1631318400000.0
2021-09-12 00:00:00+00:00,0.0001,1631404800000.0
2021-09-13 00:00:00+00:00,0.0001,1631491200000.0
2021-09-14 00:00:00+00:00,-0.00012372,1631577600000.0
2021-09-15 00:00:00+00:00,0.00025435,1631664000000.0
2021-09-16 00:00:00+00:00,0.0001,1631750400000.0
2021-09-17 00:00:00+00:00,0.00032743,1631836800000.0
2021-09-18 00:00:00+00:00,0.0001,1631923200000.0
2021-09-19 00:00:00+00:00,0.00013922,1632009600000.0
2021-09-20 00:00:00+00:00,0.00034596,1632096000000.0
2021-09-21 00:00:00+00:00,0.0001,1632182400000.0
2021-09-22 00:00:00+00:00,0.0001,1632268800000.0
2021-09-23 00:00:00+00:00,8.96e-05,1632355200000.0
2021-09-24 00:00:00+00:00,0.0001,1632441600000.0
2021-09-25 00:00:00+00:00,0.0001,1632528000000.0
2021-09-26 00:00:00+00:00,0.0001,1632614400000.0
2021-09-27 00:00:00+00:00,0.0001,1632700800000.0
2021-09-28 00:00:00+00:00,0.0001,1632787200000.0
2021-09-29 00:00:00+00:00,0.0001,1632873600000.0
2021-09-30 00:00:00+00:00,-1.386e-05,1632960000000.0
2021-10-01 00:00:00+00:00,0.0001,1633046400000.0
2021-10-02 00:00:00+00:00,0.0001,1633132800000.0
2021-10-03 00:00:00+00:00,0.0001,1633219200000.0
2021-10-04 00:00:00+00:00,0.0001,1633305600000.0
2021-10-05 00:00:00+00:00,0.0001,1633392000000.0
2021-10-06 00:00:00+00:00,0.0001,1633478400000.0
2021-10-07 00:00:00+00:00,0.0001,1633564800000.0
2021-10-08 00:00:00+00:00,0.00047367,1633651200000.0
2021-10-09 00:00:00+00:00,0.00039636,1633737600000.0
2021-10-10 00:00:00+00:00,0.00041059,1633824000000.0
2021-10-11 00:00:00+00:00,0.00025876,1633910400000.0
2021-10-12 00:00:00+00:00,0.00010012,1633996800000.0
2021-10-13 00:00:00+00:00,0.0001,1634083200000.0
2021-10-14 00:00:00+00:00,0.0001,1634169600000.0
2021-10-15 00:00:00+00:00,0.00057243,1634256000000.0
2021-10-16 00:00:00+00:00,0.00065653,1634342400000.0
2021-10-17 00:00:00+00:00,0.00120885,1634428800000.0
2021-10-18 00:00:00+00:00,0.00074745,1634515200000.0
2021-10-19 00:00:00+00:00,0.00021085,1634601600000.0
2021-10-20 00:00:00+00:00,0.00030348,1634688000000.0
2021-10-21 00:00:00+00:00,0.00065484,1634774400000.0
2021-10-22 00:00:00+00:00,0.00090616,1634860800000.0
2021-10-23 00:00:00+00:00,0.00047599,1634947200000.0
2021-10-24 00:00:00+00:00,0.00030324,1635033600000.0
2021-10-25 00:00:00+00:00,0.0007697,1635120000000.0
2021-10-26 00:00:00+00:00,0.00093682,1635206400000.0
2021-10-27 00:00:00+00:00,0.00145404,1635292800000.0
2021-10-28 00:00:00+00:00,0.0001,1635379200000.0
2021-10-29 00:00:00+00:00,0.0001,1635465600000.0
2021-10-30 00:00:00+00:00,0.00017611,1635552000000.0
2021-10-31 00:00:00+00:00,0.0005769,1635638400000.0
2021-11-01 00:00:00+00:00,0.00013946,1635724800000.0
2021-11-02 00:00:00+00:00,0.00021126,1635811200000.0
2021-11-03 00:00:00+00:00,0.00065806,1635897600000.0
2021-11-04 00:00:00+00:00,0.00057592,1635984000000.0
2021-11-05 00:00:00+00:00,0.00097681,1636070400000.0
2021-11-06 00:00:00+00:00,0.00089483,1636156800000.0
2021-11-07 00:00:00+00:00,0.00052766,1636243200000.0
2021-11-08 00:00:00+00:00,0.00072847,1636329600000.0
2021-11-09 00:00:00+00:00,0.00132655,1636416000000.0
2021-11-10 00:00:00+00:00,0.00022695,1636502400000.0
2021-11-11 00:00:00+00:00,0.0001,1636588800000.0
2021-11-12 00:00:00+00:00,0.0001,1636675200000.0
2021-11-13 00:00:00+00:00,0.0001,1636761600000.0
2021-11-14 00:00:00+00:00,0.00070486,1636848000000.0
2021-11-15 00:00:00+00:00,0.00019745,1636934400000.0
2021-11-16 00:00:00+00:00,0.00036743,1637020800000.0
2021-11-17 00:00:00+00:00,0.0001,1637107200000.0
2021-11-18 00:00:00+00:00,0.0001,1637193600000.0
2021-11-19 00:00:00+00:00,0.0001,1637280000000.0
2021-11-20 00:00:00+00:00,0.0001,1637366400000.0
2021-11-21 00:00:00+00:00,0.0001,1637452800000.0
2021-11-22 00:00:00+00:00,0.0001,1637539200000.0
2021-11-23 00:00:00+00:00,0.0001,1637625600000.0
2021-11-24 00:00:00+00:00,0.0001,1637712000000.0
2021-11-25 00:00:00+00:00,0.00028002,1637798400000.0
2021-11-26 00:00:00+00:00,0.00043786,1637884800000.0
2021-11-27 00:00:00+00:00,0.0001,1637971200000.0
2021-11-28 00:00:00+00:00,0.0001,1638057600000.0
2021-11-29 00:00:00+00:00,0.0001,1638144000000.0
2021-11-30 00:00:00+00:00,0.0001,1638230400000.0
2021-12-01 00:00:00+00:00,0.0001,1638316800000.0
2021-12-02 00:00:00+00:00,0.0001,1638403200000.0
2021-12-03 00:00:00+00:00,0.0001,1638489600000.0
2021-12-04 00:00:00+00:00,0.0001,1638576000000.0
2021-12-05 00:00:00+00:00,-0.00016999,1638662400000.0
2021-12-06 00:00:00+00:00,0.0001,1638748800000.0
2021-12-07 00:00:00+00:00,-9.92e-05,1638835200000.0
2021-12-08 00:00:00+00:00,1.388e-05,1638921600000.0
2021-12-09 00:00:00+00:00,7.076e-05,1639008000000.0
2021-12-10 00:00:00+00:00,-5.63e-06,1639094400000.0
2021-12-11 00:00:00+00:00,-3.833e-05,1639180800000.0
2021-12-12 00:00:00+00:00,-2.002e-05,1639267200000.0
2021-12-13 00:00:00+00:00,-2.807e-05,1639353600000.0
2021-12-14 00:00:00+00:00,4.462e-05,1639440000000.0
2021-12-15 00:00:00+00:00,7.733e-05,1639526400000.0
2021-12-16 00:00:00+00:00,0.0001,1639612800000.0
2021-12-17 00:00:00+00:00,0.0001,1639699200000.0
2021-12-18 00:00:00+00:00,-7.815e-05,1639785600000.0
2021-12-19 00:00:00+00:00,9.198e-05,1639872000000.0
2021-12-20 00:00:00+00:00,0.0001,1639958400000.0
2021-12-21 00:00:00+00:00,0.0001,1640044800000.0
2021-12-22 00:00:00+00:00,0.0001,1640131200000.0
2021-12-23 00:00:00+00:00,0.0001,1640217600000.0
2021-12-24 00:00:00+00:00,0.0001,1640304000000.0
2021-12-25 00:00:00+00:00,0.0001,1640390400000.0
2021-12-26 00:00:00+00:00,0.0001,1640476800000.0
2021-12-27 00:00:00+00:00,0.0001,1640563200000.0
2021-12-28 00:00:00+00:00,0.0001,1640649600000.0
2021-12-29 00:00:00+00:00,0.0001,1640736000000.0
2021-12-30 00:00:00+00:00,0.0001,1640822400000.0
2021-12-31 00:00:00+00:00,0.0001,1640908800000.0
2022-01-01 00:00:00+00:00,0.0001,1640995200000.0
2022-01-02 00:00:00+00:00,0.0001,1641081600000.0
2022-01-03 00:00:00+00:00,0.0001,1641168000000.0
2022-01-04 00:00:00+00:00,0.0001,1641254400000.0
2022-01-05 00:00:00+00:00,0.0001,1641340800000.0
2022-01-06 00:00:00+00:00,0.0001,1641427200000.0
2022-01-07 00:00:00+00:00,4.774e-05,1641513600000.0
2022-01-08 00:00:00+00:00,0.0001,1641600000000.0
2022-01-09 00:00:00+00:00,0.0001,1641686400000.0
2022-01-10 00:00:00+00:00,0.0001,1641772800000.0
2022-01-11 00:00:00+00:00,0.0001,1641859200000.0
2022-01-12 00:00:00+00:00,0.0001,1641945600000.0
2022-01-13 00:00:00+00:00,0.0001,1642032000000.0
2022-01-14 00:00:00+00:00,0.0001,1642118400000.0
2022-01-15 00:00:00+00:00,0.0001,1642204800000.0
2022-01-16 00:00:00+00:00,0.0001,1642291200000.0
2022-01-17 00:00:00+00:00,0.0001,1642377600000.0
2022-01-18 00:00:00+00:00,0.0001,1642464000000.0
2022-01-19 00:00:00+00:00,0.0001,1642550400000.0
2022-01-20 00:00:00+00:00,0.0001,1642636800000.0
2022-01-21 00:00:00+00:00,0.0001,1642723200000.0
2022-01-22 00:00:00+00:00,5.638e-05,1642809600000.0
2022-01-23 00:00:00+00:00,-6.293e-05,1642896000000.0
2022-01-24 00:00:00+00:00,-7.822e-05,1642982400000.0
2022-01-25 00:00:00+00:00,7.359e-05,1643068800000.0
2022-01-26 00:00:00+00:00,2.275e-05,1643155200000.0
2022-01-27 00:00:00+00:00,-5.514e-05,1643241600000.0
2022-01-28 00:00:00+00:00,-0.00017169,1643328000000.0
2022-01-29 00:00:00+00:00,0.0001,1643414400000.0
2022-01-30 00:00:00+00:00,2.641e-05,1643500800000.0
2022-01-31 00:00:00+00:00,8.375e-05,1643587200000.0
2022-02-01 00:00:00+00:00,-0.00016775,1643673600000.0
2022-02-02 00:00:00+00:00,4.809e-05,1643760000000.0
2022-02-03 00:00:00+00:00,0.0001,1643846400000.0
2022-02-04 00:00:00+00:00,0.0001,1643932800000.0
2022-02-05 00:00:00+00:00,0.0001,1644019200000.0
2022-02-06 00:00:00+00:00,0.0001,1644105600000.0
2022-02-07 00:00:00+00:00,0.0001,1644192000000.0
2022-02-08 00:00:00+00:00,0.0001,1644278400000.0
2022-02-09 00:00:00+00:00,0.0001,1644364800000.0
2022-02-10 00:00:00+00:00,9.02e-05,1644451200000.0
2022-02-11 00:00:00+00:00,0.0001,1644537600000.0
2022-02-12 00:00:00+00:00,9.251e-05,1644624000000.0
2022-02-13 00:00:00+00:00,2.137e-05,1644710400000.0
2022-02-14 00:00:00+00:00,0.0001,1644796800000.0
2022-02-15 00:00:00+00:00,0.0001,1644883200000.0
2022-02-16 00:00:00+00:00,-0.00010796,1644969600000.0
2022-02-17 00:00:00+00:00,0.0001,1645056000000.0
2022-02-18 00:00:00+00:00,0.0001,1645142400000.0
2022-02-19 00:00:00+00:00,-4.146e-05,1645228800000.0
2022-02-20 00:00:00+00:00,0.0001,1645315200000.0
2022-02-21 00:00:00+00:00,1.256e-05,1645401600000.0
2022-02-22 00:00:00+00:00,4.627e-05,1645488000000.0
2022-02-23 00:00:00+00:00,1.068e-05,1645574400000.0
2022-02-24 00:00:00+00:00,-7.006e-05,1645660800000.0
2022-02-25 00:00:00+00:00,1.744e-05,1645747200000.0
2022-02-26 00:00:00+00:00,-5.127e-05,1645833600000.0
2022-02-27 00:00:00+00:00,4.705e-05,1645920000000.0
2022-02-28 00:00:00+00:00,0.0001,1646006400000.0
2022-03-01 00:00:00+00:00,3.304e-05,1646092800000.0
2022-03-02 00:00:00+00:00,0.0001,1646179200000.0
2022-03-03 00:00:00+00:00,0.0001,1646265600000.0
2022-03-04 00:00:00+00:00,0.0001,1646352000000.0
2022-03-05 00:00:00+00:00,6.397e-05,1646438400000.0
2022-03-06 00:00:00+00:00,-8.376e-05,1646524800000.0
2022-03-07 00:00:00+00:00,-0.00011985,1646611200000.0
2022-03-08 00:00:00+00:00,6.541e-05,1646697600000.0
2022-03-09 00:00:00+00:00,0.0001,1646784000000.0
2022-03-10 00:00:00+00:00,0.0001,1646870400000.0
2022-03-11 00:00:00+00:00,5.606e-05,1646956800000.0
2022-03-12 00:00:00+00:00,0.0001,1647043200000.0
2022-03-13 00:00:00+00:00,0.0001,1647129600000.0
2022-03-14 00:00:00+00:00,0.0001,1647216000000.0
2022-03-15 00:00:00+00:00,3.047e-05,1647302400000.0
2022-03-16 00:00:00+00:00,0.0001,1647388800000.0
2022-03-17 00:00:00+00:00,0.0001,1647475200000.0
2022-03-18 00:00:00+00:00,9.24e-06,1647561600000.0
2022-03-19 00:00:00+00:00,-0.00019869,1647648000000.0
2022-03-20 00:00:00+00:00,7.952e-05,1647734400000.0
2022-03-21 00:00:00+00:00,-4.86e-05,1647820800000.0
2022-03-22 00:00:00+00:00,0.0001,1647907200000.0
2022-03-23 00:00:00+00:00,6.632e-05,1647993600000.0
2022-03-24 00:00:00+00:00,0.0001,1648080000000.0
2022-03-25 00:00:00+00:00,0.0001,1648166400000.0
2022-03-26 00:00:00+00:00,0.0001,1648252800000.0
2022-03-27 00:00:00+00:00,0.0001,1648339200000.0
2022-03-28 00:00:00+00:00,0.0001,1648425600000.0
2022-03-29 00:00:00+00:00,0.0001,1648512000000.0
2022-03-30 00:00:00+00:00,0.0001,1648598400000.0
2022-03-31 00:00:00+00:00,0.0001,1648684800000.0
2022-04-01 00:00:00+00:00,0.0001,1648771200000.0
2022-04-02 00:00:00+00:00,0.0001,1648857600000.0
2022-04-03 00:00:00+00:00,0.0001,1648944000000.0
2022-04-04 00:00:00+00:00,0.0001,1649030400000.0
2022-04-05 00:00:00+00:00,0.0001,1649116800000.0
2022-04-06 00:00:00+00:00,0.0001,1649203200000.0
2022-04-07 00:00:00+00:00,6.805e-05,1649289600000.0
2022-04-08 00:00:00+00:00,0.0001,1649376000000.0
2022-04-09 00:00:00+00:00,9.754e-05,1649462400000.0
2022-04-10 00:00:00+00:00,0.0001,1649548800000.0
2022-04-11 00:00:00+00:00,0.0001,1649635200000.0
2022-04-12 00:00:00+00:00,-2.369e-05,1649721600000.0
2022-04-13 00:00:00+00:00,-4.4e-06,1649808000000.0
2022-04-14 00:00:00+00:00,-0.00028416,1649894400000.0
2022-04-15 00:00:00+00:00,0.0001,1649980800000.0
2022-04-16 00:00:00+00:00,0.0001,1650067200000.0
2022-04-17 00:00:00+00:00,9.89e-05,1650153600000.0
2022-04-18 00:00:00+00:00,9.123e-05,1650240000000.0
2022-04-19 00:00:00+00:00,0.0001,1650326400000.0
2022-04-20 00:00:00+00:00,0.0001,1650412800000.0
2022-04-21 00:00:00+00:00,0.0001,1650499200000.0
2022-04-22 00:00:00+00:00,0.0001,1650585600000.0
2022-04-23 00:00:00+00:00,0.0001,1650672000000.0
2022-04-24 00:00:00+00:00,0.0001,1650758400000.0
2022-04-25 00:00:00+00:00,0.0001,1650844800000.0
2022-04-26 00:00:00+00:00,-3.792e-05,1650931200000.0
2022-04-27 00:00:00+00:00,0.0001,1651017600000.0
2022-04-28 00:00:00+00:00,0.0001,1651104000000.0
2022-04-29 00:00:00+00:00,-2.594e-05,1651190400000.0
2022-04-30 00:00:00+00:00,0.0001,1651276800000.0
2022-05-01 00:00:00+00:00,0.0001,1651363200000.0
2022-05-02 00:00:00+00:00,8.072e-05,1651449600000.0
2022-05-03 00:00:00+00:00,-4.413e-05,1651536000000.0
2022-05-04 00:00:00+00:00,1.595e-05,1651622400000.0
2022-05-05 00:00:00+00:00,-7.61e-05,1651708800000.0
2022-05-06 00:00:00+00:00,0.0001,1651795200000.0
2022-05-07 00:00:00+00:00,5.179e-05,1651881600000.0
2022-05-08 00:00:00+00:00,2.473e-05,1651968000000.0
2022-05-09 00:00:00+00:00,0.0001,1652054400000.0
2022-05-10 00:00:00+00:00,0.0001,1652140800000.0
2022-05-11 00:00:00+00:00,0.0001,1652227200000.0
2022-05-12 00:00:00+00:00,5.29e-06,1652313600000.0
2022-05-13 00:00:00+00:00,-0.00025845,1652400000000.0
2022-05-14 00:00:00+00:00,0.0001,1652486400000.0
2022-05-15 00:00:00+00:00,7.125e-05,1652572800000.0
2022-05-16 00:00:00+00:00,0.0001,1652659200000.0
2022-05-17 00:00:00+00:00,0.0001,1652745600000.0
2022-05-18 00:00:00+00:00,-2.348e-05,1652832000000.0
2022-05-19 00:00:00+00:00,-0.00017364,1652918400000.0
2022-05-20 00:00:00+00:00,0.0001,1653004800000.0
2022-05-21 00:00:00+00:00,0.0001,1653091200000.0
2022-05-22 00:00:00+00:00,0.0001,1653177600000.0
2022-05-23 00:00:00+00:00,0.0001,1653264000000.0
2022-05-24 00:00:00+00:00,0.0001,1653350400000.0
2022-05-25 00:00:00+00:00,-1.874e-05,1653436800000.0
2022-05-26 00:00:00+00:00,0.0001,1653523200000.0
2022-05-27 00:00:00+00:00,5.479e-05,1653609600000.0
2022-05-28 00:00:00+00:00,0.0001,1653696000000.0
2022-05-29 00:00:00+00:00,5.471e-05,1653782400000.0
2022-05-30 00:00:00+00:00,-0.0001194,1653868800000.0
2022-05-31 00:00:00+00:00,0.0001,1653955200000.0
2022-06-01 00:00:00+00:00,0.0001,1654041600000.0
2022-06-02 00:00:00+00:00,0.0001,1654128000000.0
2022-06-03 00:00:00+00:00,-7.193e-05,1654214400000.0
2022-06-04 00:00:00+00:00,1.572e-05,1654300800000.0
2022-06-05 00:00:00+00:00,0.0001,1654387200000.0
2022-06-06 00:00:00+00:00,1.1e-06,1654473600000.0
2022-06-07 00:00:00+00:00,0.0001,1654560000000.0
2022-06-08 00:00:00+00:00,9.079e-05,1654646400000.0
2022-06-09 00:00:00+00:00,-8.76e-05,1654732800000.0
2022-06-10 00:00:00+00:00,0.0001,1654819200000.0
2022-06-11 00:00:00+00:00,-6.4e-07,1654905600000.0
2022-06-12 00:00:00+00:00,-0.00023743,1654992000000.0
2022-06-13 00:00:00+00:00,6.222e-05,1655078400000.0
2022-06-14 00:00:00+00:00,-0.00024523,1655164800000.0
2022-06-15 00:00:00+00:00,0.0001,1655251200000.0
2022-06-16 00:00:00+00:00,0.0001,1655337600000.0
2022-06-17 00:00:00+00:00,0.0001,1655424000000.0
2022-06-18 00:00:00+00:00,0.0001,1655510400000.0
2022-06-19 00:00:00+00:00,0.0001,1655596800000.0
2022-06-20 00:00:00+00:00,0.0001,1655683200000.0
2022-06-21 00:00:00+00:00,0.0001,1655769600000.0
2022-06-22 00:00:00+00:00,0.0001,1655856000000.0
2022-06-23 00:00:00+00:00,0.0001,1655942400000.0
2022-06-24 00:00:00+00:00,0.0001,1656028800000.0
2022-06-25 00:00:00+00:00,0.0001,1656115200000.0
2022-06-26 00:00:00+00:00,-9.064e-05,1656201600000.0
2022-06-27 00:00:00+00:00,-1.312e-05,1656288000000.0
2022-06-28 00:00:00+00:00,0.0001,1656374400000.0
2022-06-29 00:00:00+00:00,4.68e-06,1656460800000.0
2022-06-30 00:00:00+00:00,1.566e-05,1656547200000.0
2022-07-01 00:00:00+00:00,-0.00014414,1656633600000.0
2022-07-02 00:00:00+00:00,3.408e-05,1656720000000.0
2022-07-03 00:00:00+00:00,8.978e-05,1656806400000.0
2022-07-04 00:00:00+00:00,0.0001,1656892800000.0
2022-07-05 00:00:00+00:00,-3.773e-05,1656979200000.0
2022-07-06 00:00:00+00:00,1.07e-06,1657065600000.0
2022-07-07 00:00:00+00:00,3.19e-06,1657152000000.0
2022-07-08 00:00:00+00:00,-4.521e-05,1657238400000.0
2022-07-09 00:00:00+00:00,2.222e-05,1657324800000.0
2022-07-10 00:00:00+00:00,8.114e-05,1657411200000.0
2022-07-11 00:00:00+00:00,7.963e-05,1657497600000.0
2022-07-12 00:00:00+00:00,0.0001,1657584000000.0
2022-07-13 00:00:00+00:00,6.897e-05,1657670400000.0
2022-07-14 00:00:00+00:00,9.539e-05,1657756800000.0
2022-07-15 00:00:00+00:00,0.0001,1657843200000.0
2022-07-16 00:00:00+00:00,0.0001,1657929600000.0
2022-07-17 00:00:00+00:00,0.0001,1658016000000.0
2022-07-18 00:00:00+00:00,0.0001,1658102400000.0
2022-07-19 00:00:00+00:00,0.0001,1658188800000.0
2022-07-20 00:00:00+00:00,0.0001,1658275200000.0
2022-07-21 00:00:00+00:00,0.0001,1658361600000.0
2022-07-22 00:00:00+00:00,0.0001,1658448000000.0
2022-07-23 00:00:00+00:00,0.0001,1658534400000.0
2022-07-24 00:00:00+00:00,0.0001,1658620800000.0
2022-07-25 00:00:00+00:00,0.0001,1658707200000.0
2022-07-26 00:00:00+00:00,0.0001,1658793600000.0
2022-07-27 00:00:00+00:00,0.0001,1658880000000.0
2022-07-28 00:00:00+00:00,0.0001,1658966400000.0
2022-07-29 00:00:00+00:00,0.0001,1659052800000.0
2022-07-30 00:00:00+00:00,0.0001,1659139200000.0
2022-07-31 00:00:00+00:00,0.0001,1659225600000.0
2022-08-01 00:00:00+00:00,0.0001,1659312000000.0
2022-08-02 00:00:00+00:00,0.0001,1659398400000.0
2022-08-03 00:00:00+00:00,0.0001,1659484800000.0
2022-08-04 00:00:00+00:00,3.329e-05,1659571200000.0
2022-08-05 00:00:00+00:00,0.0001,1659657600000.0
2022-08-06 00:00:00+00:00,0.0001,1659744000000.0
2022-08-07 00:00:00+00:00,0.0001,1659830400000.0
2022-08-08 00:00:00+00:00,0.0001,1659916800000.0
2022-08-09 00:00:00+00:00,0.0001,1660003200000.0
2022-08-10 00:00:00+00:00,0.0001,1660089600000.0
2022-08-11 00:00:00+00:00,0.0001,1660176000000.0
2022-08-12 00:00:00+00:00,0.0001,1660262400000.0
2022-08-13 00:00:00+00:00,0.0001,1660348800000.0
2022-08-14 00:00:00+00:00,0.0001,1660435200000.0
2022-08-15 00:00:00+00:00,0.0001,1660521600000.0
2022-08-16 00:00:00+00:00,0.0001,1660608000000.0
2022-08-17 00:00:00+00:00,-0.00012223,1660694400000.0
2022-08-18 00:00:00+00:00,-2.43e-06,1660780800000.0
2022-08-19 00:00:00+00:00,5.559e-05,1660867200000.0
2022-08-20 00:00:00+00:00,-4.814e-05,1660953600000.0
2022-08-21 00:00:00+00:00,5.142e-05,1661040000000.0
2022-08-22 00:00:00+00:00,5.849e-05,1661126400000.0
2022-08-23 00:00:00+00:00,3.607e-05,1661212800000.0
2022-08-24 00:00:00+00:00,0.0001,1661299200000.0
2022-08-25 00:00:00+00:00,-7.902e-05,1661385600000.0
2022-08-26 00:00:00+00:00,6.234e-05,1661472000000.0
2022-08-27 00:00:00+00:00,-6.024e-05,1661558400000.0
2022-08-28 00:00:00+00:00,3.612e-05,1661644800000.0
2022-08-29 00:00:00+00:00,-4.562e-05,1661731200000.0
2022-08-30 00:00:00+00:00,9.32e-05,1661817600000.0
2022-08-31 00:00:00+00:00,0.0001,1661904000000.0
2022-09-01 00:00:00+00:00,-1.62e-06,1661990400000.0
2022-09-02 00:00:00+00:00,-3.562e-05,1662076800000.0
2022-09-03 00:00:00+00:00,-0.00010922,1662163200000.0
2022-09-04 00:00:00+00:00,-0.00014971,1662249600000.0
2022-09-05 00:00:00+00:00,5.358e-05,1662336000000.0
2022-09-06 00:00:00+00:00,0.0001,1662422400000.0
2022-09-07 00:00:00+00:00,0.0001,1662508800000.0
2022-09-08 00:00:00+00:00,-6.48e-06,1662595200000.0
2022-09-09 00:00:00+00:00,-1.221e-05,1662681600000.0
2022-09-10 00:00:00+00:00,1.308e-05,1662768000000.0
2022-09-11 00:00:00+00:00,0.0001,1662854400000.0
2022-09-12 00:00:00+00:00,0.0001,1662940800000.0
2022-09-13 00:00:00+00:00,0.0001,1663027200000.0
2022-09-14 00:00:00+00:00,0.0001,1663113600000.0
2022-09-15 00:00:00+00:00,0.0001,1663200000000.0
2022-09-16 00:00:00+00:00,6.06e-06,1663286400000.0
2022-09-17 00:00:00+00:00,0.0001,1663372800000.0
2022-09-18 00:00:00+00:00,1.26e-05,1663459200000.0
2022-09-19 00:00:00+00:00,-0.00011132,1663545600000.0
2022-09-20 00:00:00+00:00,0.0001,1663632000000.0
2022-09-21 00:00:00+00:00,-3.543e-05,1663718400000.0
2022-09-22 00:00:00+00:00,-2.996e-05,1663804800000.0
2022-09-23 00:00:00+00:00,0.0001,1663891200000.0
2022-09-24 00:00:00+00:00,9.68e-05,1663977600000.0
2022-09-25 00:00:00+00:00,8.618e-05,1664064000000.0
2022-09-26 00:00:00+00:00,0.0001,1664150400000.0
2022-09-27 00:00:00+00:00,7.048e-05,1664236800000.0
2022-09-28 00:00:00+00:00,0.0001,1664323200000.0
2022-09-29 00:00:00+00:00,-9.02e-05,1664409600000.0
2022-09-30 00:00:00+00:00,0.0001,1664496000000.0
2022-10-01 00:00:00+00:00,0.0001,1664582400000.0
2022-10-02 00:00:00+00:00,0.0001,1664668800000.0
2022-10-03 00:00:00+00:00,0.0001,1664755200000.0
2022-10-04 00:00:00+00:00,4.183e-05,1664841600000.0
2022-10-05 00:00:00+00:00,-6.494e-05,1664928000000.0
2022-10-06 00:00:00+00:00,0.0001,1665014400000.0
2022-10-07 00:00:00+00:00,0.0001,1665100800000.0
2022-10-08 00:00:00+00:00,0.0001,1665187200000.0
2022-10-09 00:00:00+00:00,0.0001,1665273600000.0
2022-10-10 00:00:00+00:00,0.0001,1665360000000.0
2022-10-11 00:00:00+00:00,0.0001,1665446400000.0
2022-10-12 00:00:00+00:00,0.0001,1665532800000.0
2022-10-13 00:00:00+00:00,0.0001,1665619200000.0
2022-10-14 00:00:00+00:00,1.752e-05,1665705600000.0
2022-10-15 00:00:00+00:00,0.0001,1665792000000.0
2022-10-16 00:00:00+00:00,0.0001,1665878400000.0
2022-10-17 00:00:00+00:00,0.0001,1665964800000.0
2022-10-18 00:00:00+00:00,0.0001,1666051200000.0
2022-10-19 00:00:00+00:00,0.0001,1666137600000.0
2022-10-20 00:00:00+00:00,0.0001,1666224000000.0
2022-10-21 00:00:00+00:00,0.0001,1666310400000.0
2022-10-22 00:00:00+00:00,0.0001,1666396800000.0
2022-10-23 00:00:00+00:00,0.0001,1666483200000.0
2022-10-24 00:00:00+00:00,-2.486e-05,1666569600000.0
2022-10-25 00:00:00+00:00,0.0001,1666656000000.0
2022-10-26 00:00:00+00:00,-1.038e-05,1666742400000.0
2022-10-27 00:00:00+00:00,-4.62e-06,1666828800000.0
2022-10-28 00:00:00+00:00,3.439e-05,1666915200000.0
2022-10-29 00:00:00+00:00,0.0001,1667001600000.0
2022-10-30 00:00:00+00:00,6.477e-05,1667088000000.0
2022-10-31 00:00:00+00:00,0.0001,1667174400000.0
2022-11-01 00:00:00+00:00,9.582e-05,1667260800000.0
2022-11-02 00:00:00+00:00,0.0001,1667347200000.0
2022-11-03 00:00:00+00:00,-6.67e-05,1667433600000.0
2022-11-04 00:00:00+00:00,0.0001,1667520000000.0
2022-11-05 00:00:00+00:00,0.0001,1667606400000.0
2022-11-06 00:00:00+00:00,0.0001,1667692800000.0
2022-11-07 00:00:00+00:00,-0.00012835,1667779200000.0
2022-11-08 00:00:00+00:00,0.0001,1667865600000.0
2022-11-09 00:00:00+00:00,-0.00023747,1667952000000.0
2022-11-10 00:00:00+00:00,-0.00010271,1668038400000.0
2022-11-11 00:00:00+00:00,0.0001,1668124800000.0
2022-11-12 00:00:00+00:00,7.174e-05,1668211200000.0
2022-11-13 00:00:00+00:00,4.473e-05,1668297600000.0
2022-11-14 00:00:00+00:00,0.0001,1668384000000.0
2022-11-15 00:00:00+00:00,0.0001,1668470400000.0
2022-11-16 00:00:00+00:00,0.0001,1668556800000.0
2022-11-17 00:00:00+00:00,0.0001,1668643200000.0
2022-11-18 00:00:00+00:00,-0.00153958,1668729600000.0
2022-11-19 00:00:00+00:00,0.0001,1668816000000.0
2022-11-20 00:00:00+00:00,-0.00042789,1668902400000.0
2022-11-21 00:00:00+00:00,9.43e-05,1668988800000.0
2022-11-22 00:00:00+00:00,-6.673e-05,1669075200000.0
2022-11-23 00:00:00+00:00,-0.00057719,1669161600000.0
2022-11-24 00:00:00+00:00,0.0001,1669248000000.0
2022-11-25 00:00:00+00:00,-5.639e-05,1669334400000.0
2022-11-26 00:00:00+00:00,0.0001,1669420800000.0
2022-11-27 00:00:00+00:00,7.986e-05,1669507200000.0
2022-11-28 00:00:00+00:00,0.0001,1669593600000.0
2022-11-29 00:00:00+00:00,0.0001,1669680000000.0
2022-11-30 00:00:00+00:00,5.288e-05,1669766400000.0
2022-12-01 00:00:00+00:00,0.0001,1669852800000.0
2022-12-02 00:00:00+00:00,9.542e-05,1669939200000.0
2022-12-03 00:00:00+00:00,4.188e-05,1670025600000.0
2022-12-04 00:00:00+00:00,0.0001,1670112000000.0
2022-12-05 00:00:00+00:00,0.0001,1670198400000.0
2022-12-06 00:00:00+00:00,0.0001,1670284800000.0
2022-12-07 00:00:00+00:00,0.0001,1670371200000.0
2022-12-08 00:00:00+00:00,9.28e-05,1670457600000.0
2022-12-09 00:00:00+00:00,0.0001,1670544000000.0
2022-12-10 00:00:00+00:00,0.0001,1670630400000.0
2022-12-11 00:00:00+00:00,0.0001,1670716800000.0
2022-12-12 00:00:00+00:00,0.0001,1670803200000.0
2022-12-13 00:00:00+00:00,-2.83e-05,1670889600000.0
2022-12-14 00:00:00+00:00,0.0001,1670976000000.0
2022-12-15 00:00:00+00:00,0.0001,1671062400000.0
2022-12-16 00:00:00+00:00,0.0001,1671148800000.0
2022-12-17 00:00:00+00:00,0.0001,1671235200000.0
2022-12-18 00:00:00+00:00,0.0001,1671321600000.0
2022-12-19 00:00:00+00:00,0.0001,1671408000000.0
2022-12-20 00:00:00+00:00,0.0001,1671494400000.0
2022-12-21 00:00:00+00:00,0.0001,1671580800000.0
2022-12-22 00:00:00+00:00,0.0001,1671667200000.0
2022-12-23 00:00:00+00:00,0.0001,1671753600000.0
2022-12-24 00:00:00+00:00,0.0001,1671840000000.0
2022-12-25 00:00:00+00:00,0.0001,1671926400000.0
2022-12-26 00:00:00+00:00,-0.00012043,1672012800000.0
2022-12-27 00:00:00+00:00,-6.562e-05,1672099200000.0
2022-12-28 00:00:00+00:00,0.0001,1672185600000.0
2022-12-29 00:00:00+00:00,0.0001,1672272000000.0
2022-12-30 00:00:00+00:00,0.0001,1672358400000.0
2022-12-31 00:00:00+00:00,0.0001,1672444800000.0
2023-01-01 00:00:00+00:00,0.0001,1672531200000.0
2023-01-02 00:00:00+00:00,-7.169e-05,1672617600000.0
2023-01-03 00:00:00+00:00,5.332e-05,1672704000000.0
2023-01-04 00:00:00+00:00,0.0001,1672790400000.0
2023-01-05 00:00:00+00:00,0.0001,1672876800000.0
2023-01-06 00:00:00+00:00,0.0001,1672963200000.0
2023-01-07 00:00:00+00:00,0.0001,1673049600000.0
2023-01-08 00:00:00+00:00,0.0001,1673136000000.0
2023-01-09 00:00:00+00:00,0.0001,1673222400000.0
2023-01-10 00:00:00+00:00,0.0001,1673308800000.0
2023-01-11 00:00:00+00:00,0.0001,1673395200000.0
2023-01-12 00:00:00+00:00,0.0001,1673481600000.0
2023-01-13 00:00:00+00:00,0.0001,1673568000000.0
2023-01-14 00:00:00+00:00,0.0001,1673654400000.0
2023-01-15 00:00:00+00:00,0.0001,1673740800000.0
2023-01-16 00:00:00+00:00,0.0001,1673827200000.0
2023-01-17 00:00:00+00:00,0.0001,1673913600000.0
2023-01-18 00:00:00+00:00,0.0001,1674000000000.0
2023-01-19 00:00:00+00:00,0.0001,1674086400000.0
2023-01-20 00:00:00+00:00,0.0001,1674172800000.0
2023-01-21 00:00:00+00:00,0.0001,1674259200000.0
2023-01-22 00:00:00+00:00,0.0001,1674345600000.0
2023-01-23 00:00:00+00:00,0.0001,1674432000000.0
2023-01-24 00:00:00+00:00,0.0001,1674518400000.0
2023-01-25 00:00:00+00:00,0.0001,1674604800000.0
2023-01-26 00:00:00+00:00,0.0001,1674691200000.0
2023-01-27 00:00:00+00:00,0.0001,1674777600000.0
2023-01-28 00:00:00+00:00,0.0001,1674864000000.0
2023-01-29 00:00:00+00:00,0.0001,1674950400000.0
2023-01-30 00:00:00+00:00,0.0001,1675036800000.0
2023-01-31 00:00:00+00:00,0.0001,1675123200000.0
2023-02-01 00:00:00+00:00,0.0001,1675209600000.0
2023-02-02 00:00:00+00:00,0.0001,1675296000000.0
2023-02-03 00:00:00+00:00,0.0001,1675382400000.0
2023-02-04 00:00:00+00:00,0.0001,1675468800000.0
2023-02-05 00:00:00+00:00,0.0001,1675555200000.0
2023-02-06 00:00:00+00:00,0.0001,1675641600000.0
2023-02-07 00:00:00+00:00,0.0001,1675728000000.0
2023-02-08 00:00:00+00:00,0.0001,1675814400000.0
2023-02-09 00:00:00+00:00,0.0001,1675900800000.0
2023-02-10 00:00:00+00:00,0.0001,1675987200000.0
2023-02-11 00:00:00+00:00,0.0001,1676073600000.0
2023-02-12 00:00:00+00:00,5.447e-05,1676160000000.0
2023-02-13 00:00:00+00:00,1.23e-05,1676246400000.0
2023-02-14 00:00:00+00:00,0.0001,1676332800000.0
2023-02-15 00:00:00+00:00,-9.329e-05,1676419200000.0
2023-02-16 00:00:00+00:00,0.0001,1676505600000.0
2023-02-17 00:00:00+00:00,0.0001,1676592000000.0
2023-02-18 00:00:00+00:00,0.0001,1676678400000.0
2023-02-19 00:00:00+00:00,0.0001,1676764800000.0
2023-02-20 00:00:00+00:00,0.0001,1676851200000.0
2023-02-21 00:00:00+00:00,0.0001,1676937600000.0
2023-02-22 00:00:00+00:00,0.0001,1677024000000.0
2023-02-23 00:00:00+00:00,0.0001,1677110400000.0
2023-02-24 00:00:00+00:00,0.0001,1677196800000.0
2023-02-25 00:00:00+00:00,0.0001,1677283200000.0
2023-02-26 00:00:00+00:00,0.0001,1677369600000.0
2023-02-27 00:00:00+00:00,0.0001,1677456000000.0
2023-02-28 00:00:00+00:00,0.0001,1677542400000.0
2023-03-01 00:00:00+00:00,0.0001,1677628800000.0
2023-03-02 00:00:00+00:00,0.0001,1677715200000.0
2023-03-03 00:00:00+00:00,0.0001,1677801600000.0
2023-03-04 00:00:00+00:00,0.0001,1677888000000.0
2023-03-05 00:00:00+00:00,0.0001,1677974400000.0
2023-03-06 00:00:00+00:00,0.0001,1678060800000.0
2023-03-07 00:00:00+00:00,0.0001,1678147200000.0
2023-03-08 00:00:00+00:00,0.0001,1678233600000.0
2023-03-09 00:00:00+00:00,0.0001,1678320000000.0
2023-03-10 00:00:00+00:00,0.0001,1678406400000.0
2023-03-11 00:00:00+00:00,0.0001,1678492800000.0
2023-03-12 00:00:00+00:00,0.0001,1678579200000.0
2023-03-13 00:00:00+00:00,0.0001,1678665600000.0
2023-03-14 00:00:00+00:00,0.0001,1678752000000.0
2023-03-15 00:00:00+00:00,0.0001,1678838400000.0
2023-03-16 00:00:00+00:00,0.0001,1678924800000.0
2023-03-17 00:00:00+00:00,0.0001,1679011200000.0
2023-03-18 00:00:00+00:00,0.0001,1679097600000.0
2023-03-19 00:00:00+00:00,0.0001,1679184000000.0
2023-03-20 00:00:00+00:00,7.02e-06,1679270400000.0
2023-03-21 00:00:00+00:00,1.415e-05,1679356800000.0
2023-03-22 00:00:00+00:00,7.236e-05,1679443200000.0
2023-03-23 00:00:00+00:00,-9.589e-05,1679529600000.0
2023-03-24 00:00:00+00:00,0.0001,1679616000000.0
2023-03-25 00:00:00+00:00,0.0001,1679702400000.0
2023-03-26 00:00:00+00:00,0.0001,1679788800000.0
2023-03-27 00:00:00+00:00,9.986e-05,1679875200000.0
2023-03-28 00:00:00+00:00,0.0001,1679961600000.0
2023-03-29 00:00:00+00:00,4.652e-05,1680048000000.0
2023-03-30 00:00:00+00:00,0.0001,1680134400000.0
2023-03-31 00:00:00+00:00,2.361e-05,1680220800000.0
2023-04-01 00:00:00+00:00,0.0001,1680307200000.0
2023-04-02 00:00:00+00:00,0.0001,1680393600000.0
2023-04-03 00:00:00+00:00,0.0001,1680480000000.0
2023-04-04 00:00:00+00:00,0.0001,1680566400000.0
2023-04-05 00:00:00+00:00,0.0001,1680652800000.0
2023-04-06 00:00:00+00:00,0.0001,1680739200000.0
2023-04-07 00:00:00+00:00,0.0001,1680825600000.0
2023-04-08 00:00:00+00:00,0.0001,1680912000000.0
2023-04-09 00:00:00+00:00,0.0001,1680998400000.0
2023-04-10 00:00:00+00:00,0.0001,1681084800000.0
2023-04-11 00:00:00+00:00,0.0001,1681171200000.0
2023-04-12 00:00:00+00:00,0.0001,1681257600000.0
2023-04-13 00:00:00+00:00,0.0001,1681344000000.0
2023-04-14 00:00:00+00:00,0.0001,1681430400000.0
2023-04-15 00:00:00+00:00,0.0001,1681516800000.0
2023-04-16 00:00:00+00:00,0.0001,1681603200000.0
2023-04-17 00:00:00+00:00,0.0001,1681689600000.0
2023-04-18 00:00:00+00:00,0.0001,1681776000000.0
2023-04-19 00:00:00+00:00,0.00010263,1681862400000.0
2023-04-20 00:00:00+00:00,0.0001,1681948800000.0
2023-04-21 00:00:00+00:00,0.0001,1682035200000.0
2023-04-22 00:00:00+00:00,0.0001,1682121600000.0
2023-04-23 00:00:00+00:00,0.0001,1682208000000.0
2023-04-24 00:00:00+00:00,3.908e-05,1682294400000.0
2023-04-25 00:00:00+00:00,0.0001,1682380800000.0
2023-04-26 00:00:00+00:00,0.0001,1682467200000.0
2023-04-27 00:00:00+00:00,0.0001,1682553600000.0
2023-04-28 00:00:00+00:00,0.0001,1682640000000.0
2023-04-29 00:00:00+00:00,0.0001,1682726400000.0
2023-04-30 00:00:00+00:00,0.0001,1682812800000.0
2023-05-01 00:00:00+00:00,0.0001,1682899200000.0
2023-05-02 00:00:00+00:00,0.0001,1682985600000.0
2023-05-03 00:00:00+00:00,0.0001,1683072000000.0
2023-05-04 00:00:00+00:00,6.463e-05,1683158400000.0
2023-05-05 00:00:00+00:00,8.835e-05,1683244800000.0
2023-05-06 00:00:00+00:00,0.0001,1683331200000.0
2023-05-07 00:00:00+00:00,3.897e-05,1683417600000.0
2023-05-08 00:00:00+00:00,0.0001,1683504000000.0
2023-05-09 00:00:00+00:00,6.063e-05,1683590400000.0
2023-05-10 00:00:00+00:00,-1.444e-05,1683676800000.0
2023-05-11 00:00:00+00:00,3.215e-05,1683763200000.0
2023-05-12 00:00:00+00:00,0.0001,1683849600000.0
2023-05-13 00:00:00+00:00,4.049e-05,1683936000000.0
2023-05-14 00:00:00+00:00,9.229e-05,1684022400000.0
2023-05-15 00:00:00+00:00,4.361e-05,1684108800000.0
2023-05-16 00:00:00+00:00,4.68e-06,1684195200000.0
2023-05-17 00:00:00+00:00,-1.07e-06,1684281600000.0
2023-05-18 00:00:00+00:00,7.066e-05,1684368000000.0
2023-05-19 00:00:00+00:00,0.0001,1684454400000.0
2023-05-20 00:00:00+00:00,0.0001,1684540800000.0
2023-05-21 00:00:00+00:00,3.899e-05,1684627200000.0
2023-05-22 00:00:00+00:00,4.609e-05,1684713600000.0
2023-05-23 00:00:00+00:00,0.0001,1684800000000.0
2023-05-24 00:00:00+00:00,0.0001,1684886400000.0
2023-05-25 00:00:00+00:00,0.0001,1684972800000.0
2023-05-26 00:00:00+00:00,0.0001,1685059200000.0
2023-05-27 00:00:00+00:00,8.882e-05,1685145600000.0
2023-05-28 00:00:00+00:00,0.0001,1685232000000.0
2023-05-29 00:00:00+00:00,0.0001,1685318400000.0
2023-05-30 00:00:00+00:00,0.0001,1685404800000.0
2023-05-31 00:00:00+00:00,0.0001,1685491200000.0
2023-06-01 00:00:00+00:00,0.0001,1685577600000.0
2023-06-02 00:00:00+00:00,0.0001,1685664000000.0
2023-06-03 00:00:00+00:00,0.0001,1685750400000.0
2023-06-04 00:00:00+00:00,0.0001,1685836800000.0
2023-06-05 00:00:00+00:00,0.0001,1685923200000.0
2023-06-06 00:00:00+00:00,0.0001,1686009600000.0
2023-06-07 00:00:00+00:00,0.0001,1686096000000.0
2023-06-08 00:00:00+00:00,0.0001,1686182400000.0
2023-06-09 00:00:00+00:00,0.0001,1686268800000.0
2023-06-10 00:00:00+00:00,0.0001,1686355200000.0
2023-06-11 00:00:00+00:00,2.84e-05,1686441600000.0
2023-06-12 00:00:00+00:00,4.859e-05,1686528000000.0
2023-06-13 00:00:00+00:00,3.644e-05,1686614400000.0
2023-06-14 00:00:00+00:00,8.83e-05,1686700800000.0
2023-06-15 00:00:00+00:00,4.793e-05,1686787200000.0
2023-06-16 00:00:00+00:00,0.0001,1686873600000.0
2023-06-17 00:00:00+00:00,4.063e-05,1686960000000.0
2023-06-18 00:00:00+00:00,2.639e-05,1687046400000.0
2023-06-19 00:00:00+00:00,0.0001,1687132800000.0
2023-06-20 00:00:00+00:00,1.586e-05,1687219200000.0
2023-06-21 00:00:00+00:00,0.0001,1687305600000.0
2023-06-22 00:00:00+00:00,0.0001,1687392000000.0
2023-06-23 00:00:00+00:00,9.331e-05,1687478400000.0
2023-06-24 00:00:00+00:00,0.0001,1687564800000.0
2023-06-25 00:00:00+00:00,0.0001,1687651200000.0
2023-06-26 00:00:00+00:00,0.0001,1687737600000.0
2023-06-27 00:00:00+00:00,0.0001,1687824000000.0
2023-06-28 00:00:00+00:00,0.0001,1687910400000.0
2023-06-29 00:00:00+00:00,0.0001,1687996800000.0
2023-06-30 00:00:00+00:00,0.0001,1688083200000.0
2023-07-01 00:00:00+00:00,0.0001,1688169600000.0
2023-07-02 00:00:00+00:00,0.0001,1688256000000.0
2023-07-03 00:00:00+00:00,0.0001,1688342400000.0
2023-07-04 00:00:00+00:00,0.0001,1688428800000.0
2023-07-05 00:00:00+00:00,0.0001,1688515200000.0
2023-07-06 00:00:00+00:00,0.0001,1688601600000.0
2023-07-07 00:00:00+00:00,0.0001,1688688000000.0
2023-07-08 00:00:00+00:00,6.166e-05,1688774400000.0
2023-07-09 00:00:00+00:00,0.0001,1688860800000.0
2023-07-10 00:00:00+00:00,0.0001,1688947200000.0
2023-07-11 00:00:00+00:00,6.26e-06,1689033600000.0
2023-07-12 00:00:00+00:00,0.0001,1689120000000.0
2023-07-13 00:00:00+00:00,0.0001,1689206400000.0
2023-07-14 00:00:00+00:00,0.0001,1689292800000.0
2023-07-15 00:00:00+00:00,0.0001,1689379200000.0
2023-07-16 00:00:00+00:00,0.0001,1689465600000.0
2023-07-17 00:00:00+00:00,5.54e-05,1689552000000.0
2023-07-18 00:00:00+00:00,9.137e-05,1689638400000.0
2023-07-19 00:00:00+00:00,0.0001,1689724800000.0
2023-07-20 00:00:00+00:00,5.04e-05,1689811200000.0
2023-07-21 00:00:00+00:00,7.28e-05,1689897600000.0
2023-07-22 00:00:00+00:00,1.889e-05,1689984000000.0
2023-07-23 00:00:00+00:00,9.449e-05,1690070400000.0
2023-07-24 00:00:00+00:00,-2.057e-05,1690156800000.0
2023-07-25 00:00:00+00:00,0.0001,1690243200000.0
2023-07-26 00:00:00+00:00,-1.556e-05,1690329600000.0
2023-07-27 00:00:00+00:00,3.465e-05,1690416000000.0
2023-07-28 00:00:00+00:00,6.872e-05,1690502400000.0
2023-07-29 00:00:00+00:00,6.098e-05,1690588800000.0
2023-07-30 00:00:00+00:00,4.398e-05,1690675200000.0
2023-07-31 00:00:00+00:00,0.0001,1690761600000.0
2023-08-01 00:00:00+00:00,0.0001,1690848000000.0
2023-08-02 00:00:00+00:00,-8.051e-05,1690934400000.0
2023-08-03 00:00:00+00:00,5.884e-05,1691020800000.0
2023-08-04 00:00:00+00:00,9.511e-05,1691107200000.0
2023-08-05 00:00:00+00:00,0.0001,1691193600000.0
2023-08-06 00:00:00+00:00,9.209e-05,1691280000000.0
2023-08-07 00:00:00+00:00,0.0001,1691366400000.0
2023-08-08 00:00:00+00:00,0.0001,1691452800000.0
2023-08-09 00:00:00+00:00,2.21e-06,1691539200000.0
2023-08-10 00:00:00+00:00,0.0001,1691625600000.0
2023-08-11 00:00:00+00:00,0.0001,1691712000000.0
2023-08-12 00:00:00+00:00,0.0001,1691798400000.0
2023-08-13 00:00:00+00:00,0.0001,1691884800000.0
2023-08-14 00:00:00+00:00,0.0001,1691971200000.0
2023-08-15 00:00:00+00:00,0.0001,1692057600000.0
2023-08-16 00:00:00+00:00,9.055e-05,1692144000000.0
2023-08-17 00:00:00+00:00,5.577e-05,1692230400000.0
2023-08-18 00:00:00+00:00,-0.00020046,1692316800000.0
2023-08-19 00:00:00+00:00,-6.996e-05,1692403200000.0
2023-08-20 00:00:00+00:00,-0.00025859,1692489600000.0
2023-08-21 00:00:00+00:00,-8.786e-05,1692576000000.0
2023-08-22 00:00:00+00:00,-0.00010695,1692662400000.0
2023-08-23 00:00:00+00:00,3.85e-05,1692748800000.0
2023-08-24 00:00:00+00:00,-8.7e-06,1692835200000.0
2023-08-25 00:00:00+00:00,-2.249e-05,1692921600000.0
2023-08-26 00:00:00+00:00,0.0001,1693008000000.0
2023-08-27 00:00:00+00:00,1.325e-05,1693094400000.0
2023-08-28 00:00:00+00:00,0.0001,1693180800000.0
2023-08-29 00:00:00+00:00,2.028e-05,1693267200000.0
2023-08-30 00:00:00+00:00,-2.733e-05,1693353600000.0
2023-08-31 00:00:00+00:00,5.782e-05,1693440000000.0
2023-09-01 00:00:00+00:00,1.697e-05,1693526400000.0
2023-09-02 00:00:00+00:00,1.36e-06,1693612800000.0
2023-09-03 00:00:00+00:00,1.679e-05,1693699200000.0
2023-09-04 00:00:00+00:00,5.66e-05,1693785600000.0
2023-09-05 00:00:00+00:00,0.0001,1693872000000.0
2023-09-06 00:00:00+00:00,4.324e-05,1693958400000.0
2023-09-07 00:00:00+00:00,1.374e-05,1694044800000.0
2023-09-08 00:00:00+00:00,1.369e-05,1694131200000.0
2023-09-09 00:00:00+00:00,-6.715e-05,1694217600000.0
2023-09-10 00:00:00+00:00,5.858e-05,1694304000000.0
2023-09-11 00:00:00+00:00,-3.602e-05,1694390400000.0
2023-09-12 00:00:00+00:00,-2.51e-06,1694476800000.0
2023-09-13 00:00:00+00:00,1.796e-05,1694563200000.0
2023-09-14 00:00:00+00:00,7.512e-05,1694649600000.0
2023-09-15 00:00:00+00:00,5.142e-05,1694736000000.0
2023-09-16 00:00:00+00:00,7.755e-05,1694822400000.0
2023-09-17 00:00:00+00:00,8.334e-05,1694908800000.0
2023-09-18 00:00:00+00:00,-5.97e-06,1694995200000.0
2023-09-19 00:00:00+00:00,-1.963e-05,1695081600000.0
2023-09-20 00:00:00+00:00,6.076e-05,1695168000000.0
2023-09-21 00:00:00+00:00,2.349e-05,1695254400000.0
2023-09-22 00:00:00+00:00,-6.76e-05,1695340800000.0
2023-09-23 00:00:00+00:00,5.701e-05,1695427200000.0
2023-09-24 00:00:00+00:00,9.34e-06,1695513600000.0
2023-09-25 00:00:00+00:00,9.553e-05,1695600000000.0
2023-09-26 00:00:00+00:00,9.37e-05,1695686400000.0
2023-09-27 00:00:00+00:00,9.174e-05,1695772800000.0
2023-09-28 00:00:00+00:00,0.0001,1695859200000.0
2023-09-29 00:00:00+00:00,7.546e-05,1695945600000.0
2023-09-30 00:00:00+00:00,3.064e-05,1696032000000.0
2023-10-01 00:00:00+00:00,0.0001,1696118400000.0
2023-10-02 00:00:00+00:00,7.641e-05,1696204800000.0
2023-10-03 00:00:00+00:00,8.29e-05,1696291200000.0
2023-10-04 00:00:00+00:00,4.709e-05,1696377600000.0
2023-10-05 00:00:00+00:00,4.134e-05,1696464000000.0
2023-10-06 00:00:00+00:00,3.098e-05,1696550400000.0
2023-10-07 00:00:00+00:00,-8.21e-06,1696636800000.0
2023-10-08 00:00:00+00:00,-1.135e-05,1696723200000.0
2023-10-09 00:00:00+00:00,-0.00010016,1696809600000.0
2023-10-10 00:00:00+00:00,3.013e-05,1696896000000.0
2023-10-11 00:00:00+00:00,1.396e-05,1696982400000.0
2023-10-12 00:00:00+00:00,0.0001,1697068800000.0
2023-10-13 00:00:00+00:00,8.364e-05,1697155200000.0
2023-10-14 00:00:00+00:00,3.74e-06,1697241600000.0
2023-10-15 00:00:00+00:00,-4e-05,1697328000000.0
2023-10-16 00:00:00+00:00,1.806e-05,1697414400000.0
2023-10-17 00:00:00+00:00,6.858e-05,1697500800000.0
2023-10-18 00:00:00+00:00,5.727e-05,1697587200000.0
2023-10-19 00:00:00+00:00,0.0001,1697673600000.0
2023-10-20 00:00:00+00:00,3.494e-05,1697760000000.0
2023-10-21 00:00:00+00:00,-8.7e-06,1697846400000.0
2023-10-22 00:00:00+00:00,0.0001,1697932800000.0
2023-10-23 00:00:00+00:00,0.0001,1698019200000.0
2023-10-24 00:00:00+00:00,0.0001,1698105600000.0
2023-10-25 00:00:00+00:00,0.0001,1698192000000.0
2023-10-26 00:00:00+00:00,0.0001,1698278400000.0
2023-10-27 00:00:00+00:00,0.0001,1698364800000.0
2023-10-28 00:00:00+00:00,0.0001,1698451200000.0
2023-10-29 00:00:00+00:00,0.0001,1698537600000.0
2023-10-30 00:00:00+00:00,0.0001,1698624000000.0
2023-10-31 00:00:00+00:00,0.0001,1698710400000.0
2023-11-01 00:00:00+00:00,0.00010333,1698796800000.0
2023-11-02 00:00:00+00:00,0.00011718,1698883200000.0
2023-11-03 00:00:00+00:00,0.0001,1698969600000.0
2023-11-04 00:00:00+00:00,0.0001,1699056000000.0
2023-11-05 00:00:00+00:00,0.0001,1699142400000.0
2023-11-06 00:00:00+00:00,0.00011103,1699228800000.0
2023-11-07 00:00:00+00:00,0.00039076,1699315200000.0
2023-11-08 00:00:00+00:00,0.0001,1699401600000.0
2023-11-09 00:00:00+00:00,0.00022633,1699488000000.0
2023-11-10 00:00:00+00:00,0.0001,1699574400000.0
2023-11-11 00:00:00+00:00,0.00024294,1699660800000.0
2023-11-12 00:00:00+00:00,0.0002487,1699747200000.0
2023-11-13 00:00:00+00:00,0.0004291,1699833600000.0
2023-11-14 00:00:00+00:00,0.00014073,1699920000000.0
2023-11-15 00:00:00+00:00,0.0001,1700006400000.0
2023-11-16 00:00:00+00:00,0.0001,1700092800000.0
2023-11-17 00:00:00+00:00,0.0001,1700179200000.0
2023-11-18 00:00:00+00:00,0.0001,1700265600000.0
2023-11-19 00:00:00+00:00,0.0001,1700352000000.0
2023-11-20 00:00:00+00:00,0.0001,1700438400000.0
2023-11-21 00:00:00+00:00,0.0001,1700524800000.0
2023-11-22 00:00:00+00:00,0.0001,1700611200000.0
2023-11-23 00:00:00+00:00,0.0001,1700697600000.0
2023-11-24 00:00:00+00:00,0.0001,1700784000000.0
2023-11-25 00:00:00+00:00,0.0001,1700870400000.0
2023-11-26 00:00:00+00:00,0.0001,1700956800000.0
2023-11-27 00:00:00+00:00,0.0001,1701043200000.0
2023-11-28 00:00:00+00:00,0.0001,1701129600000.0
2023-11-29 00:00:00+00:00,0.0001,1701216000000.0
2023-11-30 00:00:00+00:00,0.0001,1701302400000.0
2023-12-01 00:00:00+00:00,0.0001,1701388800000.0
2023-12-02 00:00:00+00:00,0.0001,1701475200000.0
2023-12-03 00:00:00+00:00,0.0001,1701561600000.0
2023-12-04 00:00:00+00:00,0.00027584,1701648000000.0
2023-12-05 00:00:00+00:00,0.00020681,1701734400000.0
2023-12-06 00:00:00+00:00,0.00027306,1701820800000.0
2023-12-07 00:00:00+00:00,0.00028536,1701907200000.0
2023-12-08 00:00:00+00:00,0.00033388,1701993600000.0
2023-12-09 00:00:00+00:00,0.00039144,1702080000000.0
2023-12-10 00:00:00+00:00,0.0004363,1702166400000.0
2023-12-11 00:00:00+00:00,0.00036568,1702252800000.0
2023-12-12 00:00:00+00:00,0.0001,1702339200000.0
2023-12-13 00:00:00+00:00,0.00017109,1702425600000.0
2023-12-14 00:00:00+00:00,0.00010909,1702512000000.0
2023-12-15 00:00:00+00:00,0.00032424,1702598400000.0
2023-12-16 00:00:00+00:00,0.00017816,1702684800000.0
2023-12-17 00:00:00+00:00,0.00015362,1702771200000.0
2023-12-18 00:00:00+00:00,0.00015554,1702857600000.0
2023-12-19 00:00:00+00:00,0.00015317,1702944000000.0
2023-12-20 00:00:00+00:00,0.00010619,1703030400000.0
2023-12-21 00:00:00+00:00,0.00042999,1703116800000.0
2023-12-22 00:00:00+00:00,0.00051649,1703203200000.0
2023-12-23 00:00:00+00:00,0.00029774,1703289600000.0
2023-12-24 00:00:00+00:00,0.00031859,1703376000000.0
2023-12-25 00:00:00+00:00,0.00038722,1703462400000.0
2023-12-26 00:00:00+00:00,0.0006227,1703548800000.0
2023-12-27 00:00:00+00:00,0.00027909,1703635200000.0
2023-12-28 00:00:00+00:00,0.00043467,1703721600000.0
2023-12-29 00:00:00+00:00,0.00050588,1703808000000.0
2023-12-30 00:00:00+00:00,0.00032905,1703894400000.0
2023-12-31 00:00:00+00:00,0.00033487,1703980800000.0
2024-01-01 00:00:00+00:00,0.00025319,1704067200000.0
2024-01-02 00:00:00+00:00,0.00049503,1704153600000.0
2024-01-03 00:00:00+00:00,0.00058274,1704240000000.0
2024-01-04 00:00:00+00:00,0.0001,1704326400000.0
2024-01-05 00:00:00+00:00,0.0001,1704412800000.0
2024-01-06 00:00:00+00:00,0.0001,1704499200000.0
2024-01-07 00:00:00+00:00,0.0001,1704585600000.0
2024-01-08 00:00:00+00:00,0.0001,1704672000000.0
2024-01-09 00:00:00+00:00,0.0001,1704758400000.0
2024-01-10 00:00:00+00:00,0.0001,1704844800000.0
2024-01-11 00:00:00+00:00,0.0001,1704931200000.0
2024-01-12 00:00:00+00:00,0.0001,1705017600000.0
2024-01-13 00:00:00+00:00,0.0001,1705104000000.0
2024-01-14 00:00:00+00:00,0.0001,1705190400000.0
2024-01-15 00:00:00+00:00,0.0001,1705276800000.0
2024-01-16 00:00:00+00:00,0.0001,1705363200000.0
2024-01-17 00:00:00+00:00,0.0001,1705449600000.0
2024-01-18 00:00:00+00:00,0.0001,1705536000000.0
2024-01-19 00:00:00+00:00,0.0001,1705622400000.0
2024-01-20 00:00:00+00:00,0.0001,1705708800000.0
2024-01-21 00:00:00+00:00,0.0001,1705795200000.0
2024-01-22 00:00:00+00:00,0.0001,1705881600000.0
2024-01-23 00:00:00+00:00,0.0001,1705968000000.0
2024-01-24 00:00:00+00:00,0.0001,1706054400000.0
2024-01-25 00:00:00+00:00,0.0001,1706140800000.0
2024-01-26 00:00:00+00:00,0.0001,1706227200000.0
2024-01-27 00:00:00+00:00,0.0001,1706313600000.0
2024-01-28 00:00:00+00:00,0.0001,1706400000000.0
2024-01-29 00:00:00+00:00,0.0001,1706486400000.0
2024-01-30 00:00:00+00:00,0.0001,1706572800000.0
2024-01-31 00:00:00+00:00,0.0001,1706659200000.0
2024-02-01 00:00:00+00:00,0.0001,1706745600000.0
2024-02-02 00:00:00+00:00,0.0001,1706832000000.0
2024-02-03 00:00:00+00:00,0.0001,1706918400000.0
2024-02-04 00:00:00+00:00,0.0001,1707004800000.0
2024-02-05 00:00:00+00:00,0.0001,1707091200000.0
2024-02-06 00:00:00+00:00,0.0001,1707177600000.0
2024-02-07 00:00:00+00:00,0.0001,1707264000000.0
2024-02-08 00:00:00+00:00,0.0001,1707350400000.0
2024-02-09 00:00:00+00:00,0.0001,1707436800000.0
2024-02-10 00:00:00+00:00,0.0001,1707523200000.0
2024-02-11 00:00:00+00:00,0.0001,1707609600000.0
2024-02-12 00:00:00+00:00,0.0001,1707696000000.0
2024-02-13 00:00:00+00:00,0.0001,1707782400000.0
2024-02-14 00:00:00+00:00,0.0001,1707868800000.0
2024-02-15 00:00:00+00:00,0.00018968,1707955200000.0
2024-02-16 00:00:00+00:00,0.00016333,1708041600000.0
2024-02-17 00:00:00+00:00,0.00010734,1708128000000.0
2024-02-18 00:00:00+00:00,0.0001,1708214400000.0
2024-02-19 00:00:00+00:00,0.00026503,1708300800000.0
2024-02-20 00:00:00+00:00,0.00035676,1708387200000.0
2024-02-21 00:00:00+00:00,0.0001,1708473600000.0
2024-02-22 00:00:00+00:00,0.0001,1708560000000.0
2024-02-23 00:00:00+00:00,0.00012803,1708646400000.0
2024-02-24 00:00:00+00:00,0.0001,1708732800000.0
2024-02-25 00:00:00+00:00,0.0001705,1708819200000.0
2024-02-26 00:00:00+00:00,0.0003598,1708905600000.0
2024-02-27 00:00:00+00:00,0.00032784,1708992000000.0
2024-02-28 00:00:00+00:00,0.00030574,1709078400000.0
2024-02-29 00:00:00+00:00,0.0004044,1709164800000.0
2024-03-01 00:00:00+00:00,0.00059539,1709251200000.0
2024-03-02 00:00:00+00:00,0.00055854,1709337600000.0
2024-03-03 00:00:00+00:00,0.0005922,1709424000000.0
2024-03-04 00:00:00+00:00,0.0005652,1709510400000.0
2024-03-05 00:00:00+00:00,0.0007702,1709596800000.0
2024-03-06 00:00:00+00:00,0.00016001,1709683200000.0
2024-03-07 00:00:00+00:00,0.00026653,1709769600000.0
2024-03-08 00:00:00+00:00,0.0003823,1709856000000.0
2024-03-09 00:00:00+00:00,0.00029714,1709942400000.0
2024-03-10 00:00:00+00:00,0.00041534,1710028800000.0
2024-03-11 00:00:00+00:00,0.00026704,1710115200000.0
2024-03-12 00:00:00+00:00,0.0009078,1710201600000.0
2024-03-13 00:00:00+00:00,0.00039631,1710288000000.0
2024-03-14 00:00:00+00:00,0.00049708,1710374400000.0
2024-03-15 00:00:00+00:00,0.00064406,1710460800000.0
2024-03-16 00:00:00+00:00,0.0001,1710547200000.0
2024-03-17 00:00:00+00:00,0.0001,1710633600000.0
2024-03-18 00:00:00+00:00,0.0001,1710720000000.0
2024-03-19 00:00:00+00:00,0.0001,1710806400000.0
2024-03-20 00:00:00+00:00,0.0001,1710892800000.0
2024-03-21 00:00:00+00:00,0.0001,1710979200000.0
2024-03-22 00:00:00+00:00,0.0001,1711065600000.0
2024-03-23 00:00:00+00:00,0.0001,1711152000000.0
2024-03-24 00:00:00+00:00,0.0001,1711238400000.0
2024-03-25 00:00:00+00:00,0.0001,1711324800000.0
2024-03-26 00:00:00+00:00,0.00029882,1711411200000.0
2024-03-27 00:00:00+00:00,0.0003565,1711497600000.0
2024-03-28 00:00:00+00:00,0.00032171,1711584000000.0
2024-03-29 00:00:00+00:00,0.000386,1711670400000.0
2024-03-30 00:00:00+00:00,0.00050932,1711756800000.0
2024-03-31 00:00:00+00:00,0.00030711,1711843200000.0
2024-04-01 00:00:00+00:00,0.00074684,1711929600000.0
2024-04-02 00:00:00+00:00,0.00016492,1712016000000.0
2024-04-03 00:00:00+00:00,0.0001094,1712102400000.0
2024-04-04 00:00:00+00:00,0.0001,1712188800000.0
2024-04-05 00:00:00+00:00,0.0001,1712275200000.0
2024-04-06 00:00:00+00:00,0.00022721,1712361600000.0
2024-04-07 00:00:00+00:00,0.00015538,1712448000000.0
2024-04-08 00:00:00+00:00,0.00025922,1712534400000.0
2024-04-09 00:00:00+00:00,0.00022035,1712620800000.0
2024-04-10 00:00:00+00:00,0.00015721,1712707200000.0
2024-04-11 00:00:00+00:00,0.0001,1712793600000.0
2024-04-12 00:00:00+00:00,0.0001,1712880000000.0
2024-04-13 00:00:00+00:00,0.0001,1712966400000.0
2024-04-14 00:00:00+00:00,0.0001,1713052800000.0
2024-04-15 00:00:00+00:00,0.0001,1713139200000.0
2024-04-16 00:00:00+00:00,0.0001,1713225600000.0
2024-04-17 00:00:00+00:00,8.206e-05,1713312000000.0
2024-04-18 00:00:00+00:00,5.602e-05,1713398400000.0
2024-04-19 00:00:00+00:00,0.0001,1713484800000.0
2024-04-20 00:00:00+00:00,6.107e-05,1713571200000.0
2024-04-21 00:00:00+00:00,0.0001,1713657600000.0
2024-04-22 00:00:00+00:00,5.929e-05,1713744000000.0
2024-04-23 00:00:00+00:00,7.447e-05,1713830400000.0
2024-04-24 00:00:00+00:00,7.432e-05,1713916800000.0
2024-04-25 00:00:00+00:00,0.0001,1714003200000.0
2024-04-26 00:00:00+00:00,-4.521e-05,1714089600000.0
2024-04-27 00:00:00+00:00,3.333e-05,1714176000000.0
2024-04-28 00:00:00+00:00,7.914e-05,1714262400000.0
2024-04-29 00:00:00+00:00,5.009e-05,1714348800000.0
2024-04-30 00:00:00+00:00,0.0001,1714435200000.0
2024-05-01 00:00:00+00:00,9.044e-05,1714521600000.0
2024-05-02 00:00:00+00:00,3.976e-05,1714608000000.0
2024-05-03 00:00:00+00:00,0.0001,1714694400000.0
2024-05-04 00:00:00+00:00,1.553e-05,1714780800000.0
2024-05-05 00:00:00+00:00,-2.13e-06,1714867200000.0
2024-05-06 00:00:00+00:00,0.0001,1714953600000.0
2024-05-07 00:00:00+00:00,6.397e-05,1715040000000.0
2024-05-08 00:00:00+00:00,0.0001,1715126400000.0
2024-05-09 00:00:00+00:00,0.0001,1715212800000.0
2024-05-10 00:00:00+00:00,5.595e-05,1715299200000.0
2024-05-11 00:00:00+00:00,4.407e-05,1715385600000.0
2024-05-12 00:00:00+00:00,8.142e-05,1715472000000.0
2024-05-13 00:00:00+00:00,5.233e-05,1715558400000.0
2024-05-14 00:00:00+00:00,9.983e-05,1715644800000.0
2024-05-15 00:00:00+00:00,-4.131e-05,1715731200000.0
2024-05-16 00:00:00+00:00,4.453e-05,1715817600000.0
2024-05-17 00:00:00+00:00,0.0001,1715904000000.0
2024-05-18 00:00:00+00:00,0.0001,1715990400000.0
2024-05-19 00:00:00+00:00,0.0001,1716076800000.0
2024-05-20 00:00:00+00:00,0.0001,1716163200000.0
2024-05-21 00:00:00+00:00,0.0001,1716249600000.0
2024-05-22 00:00:00+00:00,0.0001,1716336000000.0
2024-05-23 00:00:00+00:00,0.0001,1716422400000.0
2024-05-24 00:00:00+00:00,0.0001,1716508800000.0
2024-05-25 00:00:00+00:00,0.0001,1716595200000.0
2024-05-26 00:00:00+00:00,0.0001,1716681600000.0
2024-05-27 00:00:00+00:00,0.0001,1716768000000.0
2024-05-28 00:00:00+00:00,0.0001,1716854400000.0
2024-05-29 00:00:00+00:00,0.0001,1716940800000.0
2024-05-30 00:00:00+00:00,0.0001,1717027200000.0
2024-05-31 00:00:00+00:00,0.0001,1717113600000.0
2024-06-01 00:00:00+00:00,0.0001,1717200000000.0
2024-06-02 00:00:00+00:00,0.0001,1717286400000.0
2024-06-03 00:00:00+00:00,0.0001,1717372800000.0
2024-06-04 00:00:00+00:00,0.0001,1717459200000.0
2024-06-05 00:00:00+00:00,0.0001,1717545600000.0
2024-06-06 00:00:00+00:00,0.0001,1717632000000.0
2024-06-07 00:00:00+00:00,0.0001,1717718400000.0
2024-06-08 00:00:00+00:00,0.0001,1717804800000.0
2024-06-09 00:00:00+00:00,0.0001,1717891200000.0
2024-06-10 00:00:00+00:00,0.0001,1717977600000.0
2024-06-11 00:00:00+00:00,0.0001,1718064000000.0
2024-06-12 00:00:00+00:00,0.0001,1718150400000.0
2024-06-13 00:00:00+00:00,0.0001,1718236800000.0
2024-06-14 00:00:00+00:00,3.981e-05,1718323200000.0
2024-06-15 00:00:00+00:00,0.0001,1718409600000.0
2024-06-16 00:00:00+00:00,-1.766e-05,1718496000000.0
2024-06-17 00:00:00+00:00,7.27e-05,1718582400000.0
2024-06-18 00:00:00+00:00,9.512e-05,1718668800000.0
2024-06-19 00:00:00+00:00,9.223e-05,1718755200000.0
2024-06-20 00:00:00+00:00,9.435e-05,1718841600000.0
2024-06-21 00:00:00+00:00,-3.535e-05,1718928000000.0
2024-06-22 00:00:00+00:00,7.384e-05,1719014400000.0
2024-06-23 00:00:00+00:00,0.0001,1719100800000.0
2024-06-24 00:00:00+00:00,9.448e-05,1719187200000.0
2024-06-25 00:00:00+00:00,3.039e-05,1719273600000.0
2024-06-26 00:00:00+00:00,4.508e-05,1719360000000.0
2024-06-27 00:00:00+00:00,-3.46e-05,1719446400000.0
2024-06-28 00:00:00+00:00,-2.622e-05,1719532800000.0
2024-06-29 00:00:00+00:00,6.8e-06,1719619200000.0
2024-06-30 00:00:00+00:00,1.055e-05,1719705600000.0
2024-07-01 00:00:00+00:00,-8.283e-05,1719792000000.0
2024-07-02 00:00:00+00:00,0.0001,1719878400000.0
2024-07-03 00:00:00+00:00,3.406e-05,1719964800000.0
2024-07-04 00:00:00+00:00,7.172e-05,1720051200000.0
2024-07-05 00:00:00+00:00,8.284e-05,1720137600000.0
2024-07-06 00:00:00+00:00,-3.571e-05,1720224000000.0
2024-07-07 00:00:00+00:00,-5.567e-05,1720310400000.0
2024-07-08 00:00:00+00:00,-4.054e-05,1720396800000.0
2024-07-09 00:00:00+00:00,-2.395e-05,1720483200000.0
2024-07-10 00:00:00+00:00,6.327e-05,1720569600000.0
2024-07-11 00:00:00+00:00,5.325e-05,1720656000000.0
2024-07-12 00:00:00+00:00,8.819e-05,1720742400000.0
2024-07-13 00:00:00+00:00,7.04e-06,1720828800000.0
2024-07-14 00:00:00+00:00,2.24e-06,1720915200000.0
2024-07-15 00:00:00+00:00,6.052e-05,1721001600000.0
2024-07-16 00:00:00+00:00,9.919e-05,1721088000000.0
2024-07-17 00:00:00+00:00,-4.156e-05,1721174400000.0
2024-07-18 00:00:00+00:00,0.0001,1721260800000.0
2024-07-19 00:00:00+00:00,6.855e-05,1721347200000.0
2024-07-20 00:00:00+00:00,1.87e-05,1721433600000.0
2024-07-21 00:00:00+00:00,8.778e-05,1721520000000.0
2024-07-22 00:00:00+00:00,0.0001,1721606400000.0
2024-07-23 00:00:00+00:00,0.0001,1721692800000.0
2024-07-24 00:00:00+00:00,0.0001,1721779200000.0
2024-07-25 00:00:00+00:00,0.0001,1721865600000.0
2024-07-26 00:00:00+00:00,0.0001,1721952000000.0
2024-07-27 00:00:00+00:00,0.0001,1722038400000.0
2024-07-28 00:00:00+00:00,6.022e-05,1722124800000.0
2024-07-29 00:00:00+00:00,0.0001,1722211200000.0
2024-07-30 00:00:00+00:00,8.67e-05,1722297600000.0
2024-07-31 00:00:00+00:00,0.0001,1722384000000.0
2024-08-01 00:00:00+00:00,0.0001,1722470400000.0
2024-08-02 00:00:00+00:00,-2.104e-05,1722556800000.0
2024-08-03 00:00:00+00:00,6.567e-05,1722643200000.0
2024-08-04 00:00:00+00:00,4.226e-05,1722729600000.0
2024-08-05 00:00:00+00:00,5.829e-05,1722816000000.0
2024-08-06 00:00:00+00:00,2.732e-05,1722902400000.0
2024-08-07 00:00:00+00:00,5.02e-05,1722988800000.0
2024-08-08 00:00:00+00:00,0.0001,1723075200000.0
2024-08-09 00:00:00+00:00,3.409e-05,1723161600000.0
2024-08-10 00:00:00+00:00,7.79e-05,1723248000000.0
2024-08-11 00:00:00+00:00,7.956e-05,1723334400000.0
2024-08-12 00:00:00+00:00,7.37e-06,1723420800000.0
2024-08-13 00:00:00+00:00,2.966e-05,1723507200000.0
2024-08-14 00:00:00+00:00,8.756e-05,1723593600000.0
2024-08-15 00:00:00+00:00,4.91e-05,1723680000000.0
2024-08-16 00:00:00+00:00,0.0001,1723766400000.0
2024-08-17 00:00:00+00:00,1.961e-05,1723852800000.0
2024-08-18 00:00:00+00:00,-4.708e-05,1723939200000.0
2024-08-19 00:00:00+00:00,-2.395e-05,1724025600000.0
2024-08-20 00:00:00+00:00,0.0001,1724112000000.0
2024-08-21 00:00:00+00:00,6.193e-05,1724198400000.0
2024-08-22 00:00:00+00:00,8.1e-05,1724284800000.0
2024-08-23 00:00:00+00:00,4.535e-05,1724371200000.0
2024-08-24 00:00:00+00:00,3.183e-05,1724457600000.0
2024-08-25 00:00:00+00:00,0.0001,1724544000000.0
2024-08-26 00:00:00+00:00,-2.464e-05,1724630400000.0
2024-08-27 00:00:00+00:00,2.079e-05,1724716800000.0
2024-08-28 00:00:00+00:00,-8.769e-05,1724803200000.0
2024-08-29 00:00:00+00:00,-1.275e-05,1724889600000.0
2024-08-30 00:00:00+00:00,-2.386e-05,1724976000000.0
2024-08-31 00:00:00+00:00,2.885e-05,1725062400000.0
2024-09-01 00:00:00+00:00,-8.7e-05,1725148800000.0
2024-09-02 00:00:00+00:00,-6.3e-06,1725235200000.0
2024-09-03 00:00:00+00:00,7.871e-05,1725321600000.0
2024-09-04 00:00:00+00:00,6.48e-05,1725408000000.0
2024-09-05 00:00:00+00:00,7.73e-06,1725494400000.0
2024-09-06 00:00:00+00:00,8.58e-06,1725580800000.0
2024-09-07 00:00:00+00:00,-4.145e-05,1725667200000.0
2024-09-08 00:00:00+00:00,-2.467e-05,1725753600000.0
2024-09-09 00:00:00+00:00,0.0001,1725840000000.0
2024-09-10 00:00:00+00:00,4.561e-05,1725926400000.0
2024-09-11 00:00:00+00:00,5.174e-05,1726012800000.0
2024-09-12 00:00:00+00:00,2.217e-05,1726099200000.0
2024-09-13 00:00:00+00:00,2.728e-05,1726185600000.0
2024-09-14 00:00:00+00:00,0.0001,1726272000000.0
2024-09-15 00:00:00+00:00,5.849e-05,1726358400000.0
2024-09-16 00:00:00+00:00,-9.25e-06,1726444800000.0
2024-09-17 00:00:00+00:00,7.91e-06,1726531200000.0
2024-09-18 00:00:00+00:00,-3.36e-06,1726617600000.0
2024-09-19 00:00:00+00:00,6.777e-05,1726704000000.0
2024-09-20 00:00:00+00:00,0.0001,1726790400000.0
2024-09-21 00:00:00+00:00,0.0001,1726876800000.0
2024-09-22 00:00:00+00:00,8.908e-05,1726963200000.0
2024-09-23 00:00:00+00:00,1.441e-05,1727049600000.0
2024-09-24 00:00:00+00:00,9.898e-05,1727136000000.0
2024-09-25 00:00:00+00:00,0.0001,1727222400000.0
2024-09-26 00:00:00+00:00,9.989e-05,1727308800000.0
2024-09-27 00:00:00+00:00,8.937e-05,1727395200000.0
2024-09-28 00:00:00+00:00,0.0001,1727481600000.0
2024-09-29 00:00:00+00:00,0.0001,1727568000000.0
2024-09-30 00:00:00+00:00,0.0001,1727654400000.0
2024-10-01 00:00:00+00:00,6.49e-05,1727740800000.0
2024-10-02 00:00:00+00:00,4.219e-05,1727827200000.0
2024-10-03 00:00:00+00:00,0.0001,1727913600000.0
2024-10-04 00:00:00+00:00,6.595e-05,1728000000000.0
2024-10-05 00:00:00+00:00,4.112e-05,1728086400000.0
2024-10-06 00:00:00+00:00,2.023e-05,1728172800000.0
2024-10-07 00:00:00+00:00,5.108e-05,1728259200000.0
2024-10-08 00:00:00+00:00,2.609e-05,1728345600000.0
2024-10-09 00:00:00+00:00,0.0001,1728432000000.0
2024-10-10 00:00:00+00:00,7.286e-05,1728518400000.0
2024-10-11 00:00:00+00:00,5.487e-05,1728604800000.0
2024-10-12 00:00:00+00:00,0.0001,1728691200000.0
2024-10-13 00:00:00+00:00,-1.031e-05,1728777600000.0
2024-10-14 00:00:00+00:00,0.0001,1728864000000.0
2024-10-15 00:00:00+00:00,0.0001,1728950400000.0
2024-10-16 00:00:00+00:00,0.0001,1729036800000.0
2024-10-17 00:00:00+00:00,0.0001,1729123200000.0
2024-10-18 00:00:00+00:00,0.0001,1729209600000.0
2024-10-19 00:00:00+00:00,8.18e-05,1729296000000.0
2024-10-20 00:00:00+00:00,2.159e-05,1729382400000.0
2024-10-21 00:00:00+00:00,5.046e-05,1729468800000.0
2024-10-22 00:00:00+00:00,0.0001,1729555200000.0
2024-10-23 00:00:00+00:00,0.0001,1729641600000.0
2024-10-24 00:00:00+00:00,0.0001,1729728000000.0
2024-10-25 00:00:00+00:00,0.0001,1729814400000.0
2024-10-26 00:00:00+00:00,0.0001,1729900800000.0
2024-10-27 00:00:00+00:00,0.0001,1729987200000.0
2024-10-28 00:00:00+00:00,0.0001,1730073600000.0
2024-10-29 00:00:00+00:00,0.0001,1730160000000.0
2024-10-30 00:00:00+00:00,0.0001,1730246400000.0
2024-10-31 00:00:00+00:00,0.0001,1730332800000.0
2024-11-01 00:00:00+00:00,0.0001,1730419200000.0
2024-11-02 00:00:00+00:00,0.0001,1730505600000.0
2024-11-03 00:00:00+00:00,0.0001,1730592000000.0
2024-11-04 00:00:00+00:00,0.0001,1730678400000.0
2024-11-05 00:00:00+00:00,6.163e-05,1730764800000.0
2024-11-06 00:00:00+00:00,0.0001,1730851200000.0
2024-11-07 00:00:00+00:00,0.0001,1730937600000.0
2024-11-08 00:00:00+00:00,0.0001,1731024000000.0
2024-11-09 00:00:00+00:00,0.0001,1731110400000.0
2024-11-10 00:00:00+00:00,0.0001,1731196800000.0
2024-11-11 00:00:00+00:00,0.0001,1731283200000.0
2024-11-12 00:00:00+00:00,0.00025485,1731369600000.0
2024-11-13 00:00:00+00:00,0.00018296,1731456000000.0
2024-11-14 00:00:00+00:00,0.0001,1731542400000.0
2024-11-15 00:00:00+00:00,0.0001,1731628800000.0
2024-11-16 00:00:00+00:00,0.0001,1731715200000.0
2024-11-17 00:00:00+00:00,0.00037881,1731801600000.0
2024-11-18 00:00:00+00:00,0.0001,1731888000000.0
2024-11-19 00:00:00+00:00,0.00024466,1731974400000.0
2024-11-20 00:00:00+00:00,0.00010502,1732060800000.0
2024-11-21 00:00:00+00:00,0.0001,1732147200000.0
2024-11-22 00:00:00+00:00,0.00025992,1732233600000.0
2024-11-23 00:00:00+00:00,0.00025958,1732320000000.0
2024-11-24 00:00:00+00:00,0.00015175,1732406400000.0
2024-11-25 00:00:00+00:00,0.00026306,1732492800000.0
2024-11-26 00:00:00+00:00,0.0001,1732579200000.0
2024-11-27 00:00:00+00:00,0.0001,1732665600000.0
2024-11-28 00:00:00+00:00,0.00036302,1732752000000.0
2024-11-29 00:00:00+00:00,0.00011559,1732838400000.0
2024-11-30 00:00:00+00:00,0.0003314,1732924800000.0
2024-12-01 00:00:00+00:00,0.0003095,1733011200000.0
2024-12-02 00:00:00+00:00,0.00062508,1733097600000.0
2024-12-03 00:00:00+00:00,0.00034492,1733184000000.0
2024-12-04 00:00:00+00:00,0.00041177,1733270400000.0
2024-12-05 00:00:00+00:00,0.00040357,1733356800000.0
2024-12-06 00:00:00+00:00,0.00051871,1733443200000.0
2024-12-07 00:00:00+00:00,0.00042827,1733529600000.0
2024-12-08 00:00:00+00:00,0.00022909,1733616000000.0
2024-12-09 00:00:00+00:00,0.00064912,1733702400000.0
2024-12-10 00:00:00+00:00,-0.00016212,1733788800000.0
2024-12-11 00:00:00+00:00,0.0001,1733875200000.0
2024-12-12 00:00:00+00:00,0.0001,1733961600000.0
2024-12-13 00:00:00+00:00,0.0001,1734048000000.0
2024-12-14 00:00:00+00:00,0.0001,1734134400000.0
2024-12-15 00:00:00+00:00,0.0001,1734220800000.0
2024-12-16 00:00:00+00:00,0.0001,1734307200000.0
2024-12-17 00:00:00+00:00,0.0001,1734393600000.0
2024-12-18 00:00:00+00:00,0.0001,1734480000000.0
2024-12-19 00:00:00+00:00,0.0001,1734566400000.0
2024-12-20 00:00:00+00:00,0.0001,1734652800000.0
2024-12-21 00:00:00+00:00,-7.93e-06,1734739200000.0
2024-12-22 00:00:00+00:00,-4.035e-05,1734825600000.0
2024-12-23 00:00:00+00:00,5.016e-05,1734912000000.0
2024-12-24 00:00:00+00:00,0.0001,1734998400000.0
2024-12-25 00:00:00+00:00,0.0001,1735084800000.0
2024-12-26 00:00:00+00:00,9.858e-05,1735171200000.0
2024-12-27 00:00:00+00:00,5.376e-05,1735257600000.0
2024-12-28 00:00:00+00:00,-5.189e-05,1735344000000.0
2024-12-29 00:00:00+00:00,-1.429e-05,1735430400000.0
2024-12-30 00:00:00+00:00,8.16e-05,1735516800000.0
2024-12-31 00:00:00+00:00,0.0001,1735603200000.0
2025-01-01 00:00:00+00:00,0.0001,1735689600000.0
2025-01-02 00:00:00+00:00,6.35e-05,1735776000000.0
2025-01-03 00:00:00+00:00,0.0001,1735862400000.0
2025-01-04 00:00:00+00:00,0.0001,1735948800000.0
2025-01-05 00:00:00+00:00,0.0001,1736035200000.0
2025-01-06 00:00:00+00:00,0.0001,1736121600000.0
2025-01-07 00:00:00+00:00,0.0001,1736208000000.0
2025-01-08 00:00:00+00:00,5.049e-05,1736294400000.0
2025-01-09 00:00:00+00:00,2.045e-05,1736380800000.0
2025-01-10 00:00:00+00:00,7.344e-05,1736467200000.0
2025-01-11 00:00:00+00:00,0.0001,1736553600000.0
2025-01-12 00:00:00+00:00,2.764e-05,1736640000000.0
2025-01-13 00:00:00+00:00,2.926e-05,1736726400000.0
2025-01-14 00:00:00+00:00,7.446e-05,1736812800000.0
2025-01-15 00:00:00+00:00,5.085e-05,1736899200000.0
2025-01-16 00:00:00+00:00,0.0001,1736985600000.0
2025-01-17 00:00:00+00:00,0.0001,1737072000000.0
2025-01-18 00:00:00+00:00,0.0001,1737158400000.0
2025-01-19 00:00:00+00:00,0.0001,1737244800000.0
2025-01-20 00:00:00+00:00,0.0001,1737331200000.0
2025-01-21 00:00:00+00:00,0.0001,1737417600000.0
2025-01-22 00:00:00+00:00,0.0001,1737504000000.0
2025-01-23 00:00:00+00:00,0.0001,1737590400000.0
2025-01-24 00:00:00+00:00,0.0001,1737676800000.0
2025-01-25 00:00:00+00:00,0.0001,1737763200000.0
2025-01-26 00:00:00+00:00,0.0001,1737849600000.0
2025-01-27 00:00:00+00:00,0.0001,1737936000000.0
2025-01-28 00:00:00+00:00,0.0001,1738022400000.0
2025-01-29 00:00:00+00:00,0.0001,1738108800000.0
2025-01-30 00:00:00+00:00,0.0001,1738195200000.0
2025-01-31 00:00:00+00:00,8.367e-05,1738281600000.0
2025-02-01 00:00:00+00:00,0.0001,1738368000000.0
2025-02-02 00:00:00+00:00,0.0001,1738454400000.0
2025-02-03 00:00:00+00:00,3.817e-05,1738540800000.0
2025-02-04 00:00:00+00:00,-3.381e-05,1738627200000.0
2025-02-05 00:00:00+00:00,-5.175e-05,1738713600000.0
2025-02-06 00:00:00+00:00,9.8e-06,1738800000000.0
2025-02-07 00:00:00+00:00,9.22e-06,1738886400000.0
2025-02-08 00:00:00+00:00,1.53e-06,1738972800000.0
2025-02-09 00:00:00+00:00,9.408e-05,1739059200000.0
2025-02-10 00:00:00+00:00,2.483e-05,1739145600000.0
2025-02-11 00:00:00+00:00,0.0001,1739232000000.0
2025-02-12 00:00:00+00:00,-8.289e-05,1739318400000.0
2025-02-13 00:00:00+00:00,2.45e-06,1739404800000.0
2025-02-14 00:00:00+00:00,-5.359e-05,1739491200000.0
2025-02-15 00:00:00+00:00,2.066e-05,1739577600000.0
2025-02-16 00:00:00+00:00,5.821e-05,1739664000000.0
2025-02-17 00:00:00+00:00,-3.505e-05,1739750400000.0
2025-02-18 00:00:00+00:00,4.312e-05,1739836800000.0
2025-02-19 00:00:00+00:00,0.0001,1739923200000.0
2025-02-20 00:00:00+00:00,-2.19e-05,1740009600000.0
2025-02-21 00:00:00+00:00,-4.05e-06,1740096000000.0
2025-02-22 00:00:00+00:00,-0.00015994,1740182400000.0
2025-02-23 00:00:00+00:00,0.0001,1740268800000.0
2025-02-24 00:00:00+00:00,0.0001,1740355200000.0
2025-02-25 00:00:00+00:00,0.0001,1740441600000.0
2025-02-26 00:00:00+00:00,0.0001,1740528000000.0
2025-02-27 00:00:00+00:00,0.0001,1740614400000.0
2025-02-28 00:00:00+00:00,0.0001,1740700800000.0
2025-03-01 00:00:00+00:00,9.988e-05,1740787200000.0
2025-03-02 00:00:00+00:00,0.0001,1740873600000.0
2025-03-03 00:00:00+00:00,0.0001,1740960000000.0
2025-03-04 00:00:00+00:00,1.62e-06,1741046400000.0
2025-03-05 00:00:00+00:00,-2.526e-05,1741132800000.0
2025-03-06 00:00:00+00:00,-2.251e-05,1741219200000.0
2025-03-07 00:00:00+00:00,1.326e-05,1741305600000.0
2025-03-08 00:00:00+00:00,-1.605e-05,1741392000000.0
2025-03-09 00:00:00+00:00,-3.08e-05,1741478400000.0
2025-03-10 00:00:00+00:00,-2.274e-05,1741564800000.0
2025-03-11 00:00:00+00:00,-4.694e-05,1741651200000.0
2025-03-12 00:00:00+00:00,-6.85e-06,1741737600000.0
2025-03-13 00:00:00+00:00,9.656e-05,1741824000000.0
2025-03-14 00:00:00+00:00,2.513e-05,1741910400000.0
2025-03-15 00:00:00+00:00,7.25e-05,1741996800000.0
2025-03-16 00:00:00+00:00,6.151e-05,1742083200000.0
2025-03-17 00:00:00+00:00,-1.068e-05,1742169600000.0
2025-03-18 00:00:00+00:00,-8.287e-05,1742256000000.0
2025-03-19 00:00:00+00:00,2.841e-05,1742342400000.0
2025-03-20 00:00:00+00:00,7.315e-05,1742428800000.0
2025-03-21 00:00:00+00:00,9.522e-05,1742515200000.0
2025-03-22 00:00:00+00:00,-0.00016407,1742601600000.0
2025-03-23 00:00:00+00:00,9.525e-05,1742688000000.0
2025-03-24 00:00:00+00:00,-7.052e-05,1742774400000.0
2025-03-25 00:00:00+00:00,0.0001,1742860800000.0
2025-03-26 00:00:00+00:00,0.0001,1742947200000.0
2025-03-27 00:00:00+00:00,-2.582e-05,1743033600000.0
2025-03-28 00:00:00+00:00,-3.434e-05,1743120000000.0
2025-03-29 00:00:00+00:00,-1.979e-05,1743206400000.0
2025-03-30 00:00:00+00:00,-1.896e-05,1743292800000.0
2025-03-31 00:00:00+00:00,4.558e-05,1743379200000.0
2025-04-01 00:00:00+00:00,2.16e-06,1743465600000.0
2025-04-02 00:00:00+00:00,8.721e-05,1743552000000.0
2025-04-03 00:00:00+00:00,-3.189e-05,1743638400000.0
2025-04-04 00:00:00+00:00,-1.058e-05,1743724800000.0
2025-04-05 00:00:00+00:00,9.66e-05,1743811200000.0
2025-04-06 00:00:00+00:00,2.056e-05,1743897600000.0
2025-04-07 00:00:00+00:00,-8.495e-05,1743984000000.0
2025-04-08 00:00:00+00:00,-1.15e-06,1744070400000.0
2025-04-09 00:00:00+00:00,1.516e-05,1744156800000.0
2025-04-10 00:00:00+00:00,9.589e-05,1744243200000.0
2025-04-11 00:00:00+00:00,4.95e-05,1744329600000.0
2025-04-12 00:00:00+00:00,1.19e-05,1744416000000.0
2025-04-13 00:00:00+00:00,0.0001,1744502400000.0
2025-04-14 00:00:00+00:00,7.24e-06,1744588800000.0
2025-04-15 00:00:00+00:00,-2.859e-05,1744675200000.0
2025-04-16 00:00:00+00:00,1.93e-06,1744761600000.0
2025-04-17 00:00:00+00:00,1.33e-05,1744848000000.0
2025-04-18 00:00:00+00:00,6.122e-05,1744934400000.0
2025-04-19 00:00:00+00:00,3.686e-05,1745020800000.0
2025-04-20 00:00:00+00:00,6.444e-05,1745107200000.0
2025-04-21 00:00:00+00:00,1.669e-05,1745193600000.0
2025-04-22 00:00:00+00:00,9.629e-05,1745280000000.0
2025-04-23 00:00:00+00:00,9.7e-06,1745366400000.0
2025-04-24 00:00:00+00:00,7.71e-06,1745452800000.0
2025-04-25 00:00:00+00:00,0.0001,1745539200000.0
2025-04-26 00:00:00+00:00,7.378e-05,1745625600000.0
2025-04-27 00:00:00+00:00,3.444e-05,1745712000000.0
2025-04-28 00:00:00+00:00,-2.531e-05,1745798400000.0
2025-04-29 00:00:00+00:00,-2.097e-05,1745884800000.0
2025-04-30 00:00:00+00:00,-5.302e-05,1745971200000.0
2025-05-01 00:00:00+00:00,5.025e-05,1746057600000.0
2025-05-02 00:00:00+00:00,8.325e-05,1746144000000.0
2025-05-03 00:00:00+00:00,0.0001,1746230400000.0
2025-05-04 00:00:00+00:00,5.226e-05,1746316800000.0
2025-05-05 00:00:00+00:00,5.84e-05,1746403200000.0
2025-05-06 00:00:00+00:00,-0.0001076,1746489600000.0
2025-05-07 00:00:00+00:00,-5.289e-05,1746576000000.0
2025-05-08 00:00:00+00:00,1.032e-05,1746662400000.0
2025-05-09 00:00:00+00:00,0.0001,1746748800000.0
2025-05-10 00:00:00+00:00,0.0001,1746835200000.0
2025-05-11 00:00:00+00:00,0.0001,1746921600000.0
2025-05-12 00:00:00+00:00,9.492e-05,1747008000000.0
2025-05-13 00:00:00+00:00,0.0001,1747094400000.0
2025-05-14 00:00:00+00:00,8.972e-05,1747180800000.0
2025-05-15 00:00:00+00:00,0.0001,1747267200000.0
2025-05-16 00:00:00+00:00,-7.985e-05,1747353600000.0
2025-05-17 00:00:00+00:00,0.0001,1747440000000.0
2025-05-18 00:00:00+00:00,-1.117e-05,1747526400000.0
2025-05-19 00:00:00+00:00,5.564e-05,1747612800000.0
2025-05-20 00:00:00+00:00,1.922e-05,1747699200000.0
2025-05-21 00:00:00+00:00,-3.902e-05,1747785600000.0
2025-05-22 00:00:00+00:00,0.0001,1747872000000.0
2025-05-23 00:00:00+00:00,0.0001,1747958400000.0
2025-05-24 00:00:00+00:00,0.0001,1748044800000.0
2025-05-25 00:00:00+00:00,0.0001,1748131200000.0
2025-05-26 00:00:00+00:00,0.0001,1748217600000.0
2025-05-27 00:00:00+00:00,0.0001,1748304000000.0
2025-05-28 00:00:00+00:00,0.0001,1748390400000.0
2025-05-29 00:00:00+00:00,3.577e-05,1748476800000.0
2025-05-30 00:00:00+00:00,1.819e-05,1748563200000.0
2025-05-31 00:00:00+00:00,-2.448e-05,1748649600000.0
2025-06-01 00:00:00+00:00,1.838e-05,1748736000000.0
2025-06-02 00:00:00+00:00,6.012e-05,1748822400000.0
2025-06-03 00:00:00+00:00,-3.76e-06,1748908800000.0
2025-06-04 00:00:00+00:00,1.013e-05,1748995200000.0
2025-06-05 00:00:00+00:00,-2.412e-05,1749081600000.0
2025-06-06 00:00:00+00:00,3.28e-05,1749168000000.0
2025-06-07 00:00:00+00:00,-1.669e-05,1749254400000.0
2025-06-08 00:00:00+00:00,-8.07e-06,1749340800000.0
2025-06-09 00:00:00+00:00,3.846e-05,1749427200000.0
2025-06-10 00:00:00+00:00,7.48e-05,1749513600000.0
2025-06-11 00:00:00+00:00,0.0001,1749600000000.0
2025-06-12 00:00:00+00:00,8.136e-05,1749686400000.0
2025-06-13 00:00:00+00:00,-2.61e-06,1749772800000.0
2025-06-14 00:00:00+00:00,-2.94e-05,1749859200000.0
2025-06-15 00:00:00+00:00,-2.392e-05,1749945600000.0
2025-06-16 00:00:00+00:00,3.265e-05,1750032000000.0
2025-06-17 00:00:00+00:00,2.046e-05,1750118400000.0
2025-06-18 00:00:00+00:00,4.379e-05,1750204800000.0
2025-06-19 00:00:00+00:00,-1.355e-05,1750291200000.0
2025-06-20 00:00:00+00:00,6.588e-05,1750377600000.0
2025-06-21 00:00:00+00:00,3.17e-06,1750464000000.0
2025-06-22 00:00:00+00:00,-9.86e-06,1750550400000.0
2025-06-23 00:00:00+00:00,-4.357e-05,1750636800000.0
2025-06-24 00:00:00+00:00,6.467e-05,1750723200000.0
2025-06-25 00:00:00+00:00,-3.582e-05,1750809600000.0
2025-06-26 00:00:00+00:00,-2.88e-06,1750896000000.0
2025-06-27 00:00:00+00:00,-2.557e-05,1750982400000.0
2025-06-28 00:00:00+00:00,-6.47e-06,1751068800000.0
2025-06-29 00:00:00+00:00,5.703e-05,1751155200000.0
2025-06-30 00:00:00+00:00,3.937e-05,1751241600000.0
2025-07-01 00:00:00+00:00,0.0001,1751328000000.0
2025-07-02 00:00:00+00:00,-8.199e-05,1751414400000.0
2025-07-03 00:00:00+00:00,0.0001,1751500800000.0
2025-07-04 00:00:00+00:00,0.0001,1751587200000.0
2025-07-05 00:00:00+00:00,0.0001,1751673600000.0
2025-07-06 00:00:00+00:00,-1e-07,1751760000000.0
2025-07-07 00:00:00+00:00,6.821e-05,1751846400000.0
2025-07-08 00:00:00+00:00,4.076e-05,1751932800000.0
2025-07-09 00:00:00+00:00,3.68e-06,1752019200000.0
2025-07-10 00:00:00+00:00,0.0001,1752105600000.0
2025-07-11 00:00:00+00:00,0.0001,1752192000000.0
2025-07-12 00:00:00+00:00,0.0001,1752278400000.0
2025-07-13 00:00:00+00:00,0.0001,1752364800000.0
2025-07-14 00:00:00+00:00,0.0001,1752451200000.0
2025-07-15 00:00:00+00:00,0.0001,1752537600000.0
2025-07-16 00:00:00+00:00,0.0001,1752624000000.0
2025-07-17 00:00:00+00:00,0.0001,1752710400000.0
2025-07-18 00:00:00+00:00,0.0001,1752796800000.0
2025-07-19 00:00:00+00:00,0.0001,1752883200000.0
2025-07-20 00:00:00+00:00,0.0001,1752969600000.0
2025-07-21 00:00:00+00:00,0.0001,1753056000000.0
2025-07-22 00:00:00+00:00,0.0001,1753142400000.0
2025-07-23 00:00:00+00:00,0.0001,1753228800000.0
2025-07-24 00:00:00+00:00,0.0001,1753315200000.0
2025-07-25 00:00:00+00:00,0.0001,1753401600000.0
2025-07-26 00:00:00+00:00,0.0001,1753488000000.0
2025-07-27 00:00:00+00:00,0.0001,1753574400000.0
2025-07-28 00:00:00+00:00,0.0001,1753660800000.0
2025-07-29 00:00:00+00:00,0.0001,1753747200000.0
2025-07-30 00:00:00+00:00,0.0001,1753833600000.0
2025-07-31 00:00:00+00:00,7.287e-05,1753920000000.0
2025-08-01 00:00:00+00:00,-3.679e-05,1754006400000.0
2025-08-02 00:00:00+00:00,-1.264e-05,1754092800000.0
2025-08-03 00:00:00+00:00,2.403e-05,1754179200000.0
2025-08-04 00:00:00+00:00,1.706e-05,1754265600000.0
2025-08-05 00:00:00+00:00,0.0001,1754352000000.0
2025-08-06 00:00:00+00:00,-1.115e-05,1754438400000.0
2025-08-07 00:00:00+00:00,7.536e-05,1754524800000.0
2025-08-08 00:00:00+00:00,0.0001,1754611200000.0
2025-08-09 00:00:00+00:00,0.0001,1754697600000.0
2025-08-10 00:00:00+00:00,0.0001,1754784000000.0
2025-08-11 00:00:00+00:00,0.0001,1754870400000.0
2025-08-12 00:00:00+00:00,-2.418e-05,1754956800000.0
2025-08-13 00:00:00+00:00,0.0001,1755043200000.0
2025-08-14 00:00:00+00:00,0.0001,1755129600000.0
2025-08-15 00:00:00+00:00,0.0001,1755216000000.0
2025-08-16 00:00:00+00:00,0.0001,1755302400000.0
2025-08-17 00:00:00+00:00,3.757e-05,1755388800000.0
2025-08-18 00:00:00+00:00,0.0001,1755475200000.0
2025-08-19 00:00:00+00:00,2.899e-05,1755561600000.0
2025-08-20 00:00:00+00:00,0.0001,1755648000000.0
2025-08-21 00:00:00+00:00,1.865e-05,1755734400000.0
2025-08-22 00:00:00+00:00,7.236e-05,1755820800000.0
2025-08-23 00:00:00+00:00,0.0001,1755907200000.0
2025-08-24 00:00:00+00:00,0.0001,1755993600000.0
2025-08-25 00:00:00+00:00,0.0001,1756080000000.0
2025-08-26 00:00:00+00:00,2.47e-05,1756166400000.0
2025-08-27 00:00:00+00:00,7.408e-05,1756252800000.0
2025-08-28 00:00:00+00:00,-1.618e-05,1756339200000.0
2025-08-29 00:00:00+00:00,8.897e-05,1756425600000.0
2025-08-30 00:00:00+00:00,9.388e-05,1756512000000.0
2025-08-31 00:00:00+00:00,6.593e-05,1756598400000.0
2025-09-01 00:00:00+00:00,0.0001,1756684800000.0
2025-09-02 00:00:00+00:00,0.0001,1756771200000.0
2025-09-03 00:00:00+00:00,2.378e-05,1756857600000.0
2025-09-04 00:00:00+00:00,0.0001,1756944000000.0
2025-09-05 00:00:00+00:00,-1.55e-05,1757030400000.0
2025-09-06 00:00:00+00:00,7.08e-06,1757116800000.0
2025-09-07 00:00:00+00:00,8.192e-05,1757203200000.0
2025-09-08 00:00:00+00:00,0.0001,1757289600000.0
2025-09-09 00:00:00+00:00,9.216e-05,1757376000000.0
2025-09-10 00:00:00+00:00,8.426e-05,1757462400000.0
2025-09-11 00:00:00+00:00,0.0001,1757548800000.0
2025-09-12 00:00:00+00:00,0.0001,1757635200000.0
2025-09-13 00:00:00+00:00,0.0001,1757721600000.0
2025-09-14 00:00:00+00:00,0.0001,1757808000000.0
2025-09-15 00:00:00+00:00,0.0001,1757894400000.0
2025-09-16 00:00:00+00:00,0.0001,1757980800000.0
2025-09-17 00:00:00+00:00,0.0001,1758067200000.0
2025-09-18 00:00:00+00:00,0.0001,1758153600000.0
2025-09-19 00:00:00+00:00,0.0001,1758240000000.0
2025-09-20 00:00:00+00:00,0.0001,1758326400000.0
2025-09-21 00:00:00+00:00,3.574e-05,1758412800000.0
2025-09-22 00:00:00+00:00,4.083e-05,1758499200000.0
2025-09-23 00:00:00+00:00,3.366e-05,1758585600000.0
2025-09-24 00:00:00+00:00,0.0001,1758672000000.0
2025-09-25 00:00:00+00:00,7.995e-05,1758758400000.0
2025-09-26 00:00:00+00:00,-2e-07,1758844800000.0
2025-09-27 00:00:00+00:00,-2.683e-05,1758931200000.0
2025-09-28 00:00:00+00:00,0.0001,1759017600000.0
2025-09-29 00:00:00+00:00,5.883e-05,1759104000000.0
2025-09-30 00:00:00+00:00,3.989e-05,1759190400000.0
2025-10-01 00:00:00+00:00,0.0001,1759276800000.0
2025-10-02 00:00:00+00:00,9.992e-05,1759363200000.0
2025-10-03 00:00:00+00:00,0.0001,1759449600000.0
2025-10-04 00:00:00+00:00,2.282e-05,1759536000000.0
2025-10-05 00:00:00+00:00,-2.179e-05,1759622400000.0
2025-10-06 00:00:00+00:00,0.0001,1759708800000.0
2025-10-07 00:00:00+00:00,4.759e-05,1759795200000.0
2025-10-08 00:00:00+00:00,0.0001,1759881600000.0
2025-10-09 00:00:00+00:00,0.0001,1759968000000.0
2025-10-10 00:00:00+00:00,0.0001,1760054400000.0
2025-10-11 00:00:00+00:00,-0.00233731,1760140800000.0
2025-10-12 00:00:00+00:00,0.0001,1760227200000.0
2025-10-13 00:00:00+00:00,9.92e-05,1760313600000.0
2025-10-14 00:00:00+00:00,6.147e-05,1760400000000.0
2025-10-15 00:00:00+00:00,-7.251e-05,1760486400000.0
2025-10-16 00:00:00+00:00,-1.503e-05,1760572800000.0
2025-10-17 00:00:00+00:00,7.556e-05,1760659200000.0
2025-10-18 00:00:00+00:00,-3.662e-05,1760745600000.0
2025-10-19 00:00:00+00:00,-5.603e-05,1760832000000.0
2025-10-20 00:00:00+00:00,-2.481e-05,1760918400000.0
2025-10-21 00:00:00+00:00,0.0001,1761004800000.0
2025-10-22 00:00:00+00:00,2.602e-05,1761091200000.0
2025-10-23 00:00:00+00:00,0.0001,1761177600000.0
2025-10-24 00:00:00+00:00,9.2e-06,1761264000000.0
2025-10-25 00:00:00+00:00,5.694e-05,1761350400000.0
2025-10-26 00:00:00+00:00,3.205e-05,1761436800000.0
2025-10-27 00:00:00+00:00,-4.78e-06,1761523200000.0
2025-10-28 00:00:00+00:00,0.0001,1761609600000.0
2025-10-29 00:00:00+00:00,-2.33e-05,1761696000000.0
2025-10-30 00:00:00+00:00,0.0001,1761782400000.0
2025-10-31 00:00:00+00:00,9.41e-06,1761868800000.0
2025-11-01 00:00:00+00:00,5.715e-05,1761955200000.0
2025-11-02 00:00:00+00:00,-9.69e-05,1762041600000.0
2025-11-03 00:00:00+00:00,-6.718e-05,1762128000000.0
2025-11-04 00:00:00+00:00,-7.484e-05,1762214400000.0
2025-11-05 00:00:00+00:00,4.248e-05,1762300800000.0
2025-11-06 00:00:00+00:00,-1.204e-05,1762387200000.0
2025-11-07 00:00:00+00:00,5.681e-05,1762473600000.0
2025-11-08 00:00:00+00:00,0.0001,1762560000000.0
2025-11-09 00:00:00+00:00,0.0001,1762646400000.0
2025-11-10 00:00:00+00:00,0.0001,1762732800000.0
2025-11-11 00:00:00+00:00,2.839e-05,1762819200000.0
2025-11-12 00:00:00+00:00,-7.82e-06,1762905600000.0
2025-11-13 00:00:00+00:00,7.309e-05,1762992000000.0
2025-11-14 00:00:00+00:00,7.83e-06,1763078400000.0
2025-11-15 00:00:00+00:00,5.765e-05,1763164800000.0
2025-11-16 00:00:00+00:00,-1.427e-05,1763251200000.0
2025-11-17 00:00:00+00:00,-7.472e-05,1763337600000.0
2025-11-18 00:00:00+00:00,-1.861e-05,1763424000000.0
2025-11-19 00:00:00+00:00,9.547e-05,1763510400000.0
2025-11-20 00:00:00+00:00,7.4e-06,1763596800000.0
2025-11-21 00:00:00+00:00,-2.255e-05,1763683200000.0
2025-11-22 00:00:00+00:00,-3.831e-05,1763769600000.0
2025-11-23 00:00:00+00:00,-2.528e-05,1763856000000.0
2025-11-24 00:00:00+00:00,-1.534e-05,1763942400000.0
2025-11-25 00:00:00+00:00,-1.8e-05,1764028800000.0
2025-11-26 00:00:00+00:00,0.0001,1764115200000.0
2025-11-27 00:00:00+00:00,0.0001,1764201600000.0
2025-11-28 00:00:00+00:00,-5.202e-05,1764288000000.0
2025-11-29 00:00:00+00:00,-4.56e-06,1764374400000.0
2025-11-30 00:00:00+00:00,-6.426e-05,1764460800000.0
2025-12-01 00:00:00+00:00,2.523e-05,1764547200000.0
2025-12-02 00:00:00+00:00,-9.702e-05,1764633600000.0
2025-12-03 00:00:00+00:00,-5.606e-05,1764720000000.0
2025-12-04 00:00:00+00:00,2.61e-06,1764806400000.0
2025-12-05 00:00:00+00:00,-7.618e-05,1764892800000.0
2025-12-06 00:00:00+00:00,1.835e-05,1764979200000.0
2025-12-07 00:00:00+00:00,-2.887e-05,1765065600000.0
2025-12-08 00:00:00+00:00,-8.07e-06,1765152000000.0
2025-12-09 00:00:00+00:00,9.87e-06,1765238400000.0
2025-12-10 00:00:00+00:00,4.44e-05,1765324800000.0
2025-12-11 00:00:00+00:00,8.287e-05,1765411200000.0
2025-12-12 00:00:00+00:00,8.962e-05,1765497600000.0
2025-12-13 00:00:00+00:00,-2.291e-05,1765584000000.0
2025-12-14 00:00:00+00:00,4.661e-05,1765670400000.0
2025-12-15 00:00:00+00:00,2.383e-05,1765756800000.0
2025-12-16 00:00:00+00:00,-2.401e-05,1765843200000.0
2025-12-17 00:00:00+00:00,4.84e-05,1765929600000.0
2025-12-18 00:00:00+00:00,-4.513e-05,1766016000000.0
2025-12-19 00:00:00+00:00,1.279e-05,1766102400000.0
2025-12-20 00:00:00+00:00,3.768e-05,1766188800000.0
2025-12-21 00:00:00+00:00,2.17e-05,1766275200000.0
2025-12-22 00:00:00+00:00,-1.66e-06,1766361600000.0
2025-12-23 00:00:00+00:00,8.646e-05,1766448000000.0
2025-12-24 00:00:00+00:00,2.855e-05,1766534400000.0
2025-12-25 00:00:00+00:00,6.751e-05,1766620800000.0
2025-12-26 00:00:00+00:00,-8.31e-06,1766707200000.0
2025-12-27 00:00:00+00:00,5.482e-05,1766793600000.0
2025-12-28 00:00:00+00:00,5.16e-05,1766880000000.0
2025-12-29 00:00:00+00:00,-4.477e-05,1766966400000.0
2025-12-30 00:00:00+00:00,2.392e-05,1767052800000.0
2025-12-31 00:00:00+00:00,4.934e-05,1767139200000.0
2026-01-01 00:00:00+00:00,0.0001,1767225600000.0
2026-01-02 00:00:00+00:00,0.0001,1767312000000.0
2026-01-03 00:00:00+00:00,0.0001,1767398400000.0
2026-01-04 00:00:00+00:00,0.0001,1767484800000.0
2026-01-05 00:00:00+00:00,5.016e-05,1767571200000.0
2026-01-06 00:00:00+00:00,0.0001,1767657600000.0
2026-01-07 00:00:00+00:00,0.0001,1767744000000.0
2026-01-08 00:00:00+00:00,3.661e-05,1767830400000.0
2026-01-09 00:00:00+00:00,-4.741e-05,1767916800000.0
2026-01-10 00:00:00+00:00,-3.47e-06,1768003200000.0
2026-01-11 00:00:00+00:00,3.859e-05,1768089600000.0
2026-01-12 00:00:00+00:00,0.0001,1768176000000.0
2026-01-13 00:00:00+00:00,0.0001,1768262400000.0
2026-01-14 00:00:00+00:00,0.0001,1768348800000.0
2026-01-15 00:00:00+00:00,0.0001,1768435200000.0
2026-01-16 00:00:00+00:00,-4.184e-05,1768521600000.0
2026-01-17 00:00:00+00:00,0.0001,1768608000000.0
2026-01-18 00:00:00+00:00,6.34e-05,1768694400000.0
2026-01-19 00:00:00+00:00,4.143e-05,1768780800000.0
2026-01-20 00:00:00+00:00,9.805e-05,1768867200000.0
2026-01-21 00:00:00+00:00,6.883e-05,1768953600000.0
2026-01-22 00:00:00+00:00,2.308e-05,1769040000000.0
2026-01-23 00:00:00+00:00,4.136e-05,1769126400000.0
2026-01-24 00:00:00+00:00,-0.00010497,1769212800000.0
2026-01-25 00:00:00+00:00,-1.603e-05,1769299200000.0
2026-01-26 00:00:00+00:00,4.581e-05,1769385600000.0
2026-01-27 00:00:00+00:00,1.735e-05,1769472000000.0
2026-01-28 00:00:00+00:00,-5.383e-05,1769558400000.0
2026-01-29 00:00:00+00:00,0.0001,1769644800000.0
2026-01-30 00:00:00+00:00,-6.004e-05,1769731200000.0
2026-01-31 00:00:00+00:00,-8.55e-06,1769817600000.0
2026-02-01 00:00:00+00:00,-0.00010022,1769904000000.0
2026-02-02 00:00:00+00:00,7.511e-05,1769990400000.0
2026-02-03 00:00:00+00:00,4.463e-05,1770076800000.0
2026-02-04 00:00:00+00:00,6.793e-05,1770163200000.0
2026-02-05 00:00:00+00:00,3e-08,1770249600000.0
2026-02-06 00:00:00+00:00,5.936e-05,1770336000000.0
2026-02-07 00:00:00+00:00,5.959e-05,1770422400000.0
2026-02-08 00:00:00+00:00,8.195e-05,1770508800000.0
2026-02-09 00:00:00+00:00,-4.47e-06,1770595200000.0
2026-02-10 00:00:00+00:00,2.871e-05,1770681600000.0
2026-02-11 00:00:00+00:00,-7.296e-05,1770768000000.0
2026-02-12 00:00:00+00:00,0.0001,1770854400000.0
2026-02-13 00:00:00+00:00,0.0001,1770940800000.0
2026-02-14 00:00:00+00:00,2.089e-05,1771027200000.0
2026-02-15 00:00:00+00:00,3.973e-05,1771113600000.0
2026-02-16 00:00:00+00:00,5.758e-05,1771200000000.0
2026-02-17 00:00:00+00:00,0.0001,1771286400000.0
2026-02-18 00:00:00+00:00,3.318e-05,1771372800000.0
2026-02-19 00:00:00+00:00,-5.533e-05,1771459200000.0
2026-02-20 00:00:00+00:00,-8.097e-05,1771545600000.0
2026-02-21 00:00:00+00:00,0.0001,1771632000000.0
2026-02-22 00:00:00+00:00,-0.00010534,1771718400000.0
2026-02-23 00:00:00+00:00,-1.43e-06,1771804800000.0
2026-02-24 00:00:00+00:00,-2.097e-05,1771891200000.0
2026-02-25 00:00:00+00:00,0.0001,1771977600000.0
2026-02-26 00:00:00+00:00,0.0001,1772064000000.0
2026-02-27 00:00:00+00:00,7.879e-05,1772150400000.0
2026-02-28 00:00:00+00:00,3.384e-05,1772236800000.0
2026-03-01 00:00:00+00:00,-6.043e-05,1772323200000.0
2026-03-02 00:00:00+00:00,7.433e-05,1772409600000.0
2026-03-03 00:00:00+00:00,0.0001,1772496000000.0
2026-03-04 00:00:00+00:00,-1.24e-05,1772582400000.0
2026-03-05 00:00:00+00:00,3.553e-05,1772668800000.0
2026-03-06 00:00:00+00:00,7.399e-05,1772755200000.0
2026-03-07 00:00:00+00:00,-8.262e-05,1772841600000.0
2026-03-08 00:00:00+00:00,-5.409e-05,1772928000000.0
2026-03-09 00:00:00+00:00,1.844e-05,1773014400000.0
2026-03-10 00:00:00+00:00,-5.722e-05,1773100800000.0
2026-03-11 00:00:00+00:00,-4.725e-05,1773187200000.0
2026-03-12 00:00:00+00:00,6.272e-05,1773273600000.0
2026-03-13 00:00:00+00:00,0.0001,1773360000000.0
2026-03-14 00:00:00+00:00,3.043e-05,1773446400000.0
2026-03-15 00:00:00+00:00,1.541e-05,1773532800000.0
2026-03-16 00:00:00+00:00,-3.606e-05,1773619200000.0
2026-03-17 00:00:00+00:00,4.299e-05,1773705600000.0
2026-03-18 00:00:00+00:00,-7.51e-06,1773792000000.0
2026-03-19 00:00:00+00:00,8.455e-05,1773878400000.0
2026-03-20 00:00:00+00:00,3.704e-05,1773964800000.0
2026-03-21 00:00:00+00:00,-4.2e-07,1774051200000.0
2026-03-22 00:00:00+00:00,1.263e-05,1774137600000.0
2026-03-23 00:00:00+00:00,2.066e-05,1774224000000.0
2026-03-24 00:00:00+00:00,0.0001,1774310400000.0
2026-03-25 00:00:00+00:00,-3.326e-05,1774396800000.0
2026-03-26 00:00:00+00:00,9.23e-06,1774483200000.0
2026-03-27 00:00:00+00:00,9.499e-05,1774569600000.0
2026-03-28 00:00:00+00:00,-2.287e-05,1774656000000.0
2026-03-29 00:00:00+00:00,0.0001,1774742400000.0
2026-03-30 00:00:00+00:00,7.16e-06,1774828800000.0
2026-03-31 00:00:00+00:00,0.0001,1774915200000.0
2026-04-01 00:00:00+00:00,0.0001,1775001600000.0
2026-04-02 00:00:00+00:00,4.303e-05,1775088000000.0
2026-04-03 00:00:00+00:00,2.59e-05,1775174400000.0
2026-04-04 00:00:00+00:00,2.07e-05,1775260800000.0
2026-04-05 00:00:00+00:00,-0.000165,1775347200000.0
2026-04-06 00:00:00+00:00,-1.382e-05,1775433600000.0
2026-04-07 00:00:00+00:00,-3.843e-05,1775520000000.0
2026-04-08 00:00:00+00:00,0.0001,1775606400000.0
2026-04-09 00:00:00+00:00,3.799e-05,1775692800000.0
2026-04-10 00:00:00+00:00,6.523e-05,1775779200000.0
2026-04-11 00:00:00+00:00,8.909e-05,1775865600000.0
2026-04-12 00:00:00+00:00,0.0001,1775952000000.0
2026-04-13 00:00:00+00:00,2.148e-05,1776038400000.0
2026-04-14 00:00:00+00:00,-2.519e-05,1776124800000.0
2026-04-15 00:00:00+00:00,0.0001,1776211200000.0
2026-04-16 00:00:00+00:00,0.0001,1776297600000.0
2026-04-17 00:00:00+00:00,4.879e-05,1776384000000.0
2026-04-18 00:00:00+00:00,-3.65e-05,1776470400000.0
2026-04-19 00:00:00+00:00,2.466e-05,1776556800000.0
2026-04-20 00:00:00+00:00,7.505e-05,1776643200000.0
2026-04-21 00:00:00+00:00,4.437e-05,1776729600000.0
2026-04-22 00:00:00+00:00,2.939e-05,1776816000000.0
2026-04-23 00:00:00+00:00,-3.148e-05,1776902400000.0
2026-04-24 00:00:00+00:00,9.082e-05,1776988800000.0
2026-04-25 00:00:00+00:00,1.649e-05,1777075200000.0
2026-04-26 00:00:00+00:00,7.791e-05,1777161600000.0
2026-04-27 00:00:00+00:00,7.413e-05,1777248000000.0
2026-04-28 00:00:00+00:00,-6.6e-05,1777334400000.0
2026-04-29 00:00:00+00:00,-3.742e-05,1777420800000.0
2026-04-30 00:00:00+00:00,-4.073e-05,1777507200000.0
2026-05-01 00:00:00+00:00,0.0001,1777593600000.0
2026-05-02 00:00:00+00:00,9.317e-05,1777680000000.0
2026-05-03 00:00:00+00:00,5.677e-05,1777766400000.0
2026-05-04 00:00:00+00:00,1.645e-05,1777852800000.0
2026-05-05 00:00:00+00:00,-9.7e-07,1777939200000.0
2026-05-06 00:00:00+00:00,0.0001,1778025600000.0
2026-05-07 00:00:00+00:00,3.032e-05,1778112000000.0
2026-05-08 00:00:00+00:00,-1.954e-05,1778198400000.0
2026-05-09 00:00:00+00:00,0.0001,1778284800000.0
2026-05-10 00:00:00+00:00,-8.712e-05,1778371200000.0
2026-05-11 00:00:00+00:00,-1.802e-05,1778457600000.0
2026-05-12 00:00:00+00:00,9.974e-05,1778544000000.0
2026-05-13 00:00:00+00:00,0.0001,1778630400000.0
2026-05-14 00:00:00+00:00,4.898e-05,1778716800000.0
2026-05-15 00:00:00+00:00,0.0001,1778803200000.0
2026-05-16 00:00:00+00:00,6.478e-05,1778889600000.0
2026-05-17 00:00:00+00:00,8.316e-05,1778976000000.0
2026-05-18 00:00:00+00:00,-1.733e-05,1779062400000.0
2026-05-19 00:00:00+00:00,9.589e-05,1779148800000.0
2026-05-20 00:00:00+00:00,0.0001,1779235200000.0
2026-05-21 00:00:00+00:00,0.0001,1779321600000.0
2026-05-22 00:00:00+00:00,0.0001,1779408000000.0
2026-05-23 00:00:00+00:00,3.144e-05,1779494400000.0
2026-05-24 00:00:00+00:00,0.0001,1779580800000.0
2026-05-25 00:00:00+00:00,1.113e-05,1779667200000.0
2026-05-26 00:00:00+00:00,-4.462e-05,1779753600000.0
2026-05-27 00:00:00+00:00,-4.943e-05,1779840000000.0
2026-05-28 00:00:00+00:00,3.531e-05,1779926400000.0
2026-05-29 00:00:00+00:00,0.0001,1780012800000.0
2026-05-30 00:00:00+00:00,0.0001,1780099200000.0
2026-05-31 00:00:00+00:00,-8.648e-05,1780185600000.0
2026-06-01 00:00:00+00:00,8.65e-05,1780272000000.0
2026-06-02 00:00:00+00:00,0.0001,1780358400000.0
2026-06-03 00:00:00+00:00,0.0001,1780444800000.0
2026-06-04 00:00:00+00:00,5.418e-05,1780531200000.0
2026-06-05 00:00:00+00:00,2.396e-05,1780617600000.0
2026-06-06 00:00:00+00:00,-7.862e-05,1780704000000.0
2026-06-07 00:00:00+00:00,-3.81e-06,1780790400000.0
2026-06-08 00:00:00+00:00,-3.22e-05,1780876800000.0
2026-06-09 00:00:00+00:00,4.657e-05,1780963200000.0
2026-06-10 00:00:00+00:00,0.0001,1781049600000.0
2026-06-11 00:00:00+00:00,-4.901e-05,1781136000000.0
2026-06-12 00:00:00+00:00,-5.85e-06,1781222400000.0
2026-06-13 00:00:00+00:00,8.327e-05,1781308800000.0
2026-06-14 00:00:00+00:00,2.924e-05,1781395200000.0
2026-06-15 00:00:00+00:00,9.3e-06,1781481600000.0
2026-06-16 00:00:00+00:00,0.0001,1781568000000.0
2026-06-17 00:00:00+00:00,6.831e-05,1781654400000.0
2026-06-18 00:00:00+00:00,4.584e-05,1781740800000.0
2026-06-19 00:00:00+00:00,8.779e-05,1781827200000.0
2026-06-20 00:00:00+00:00,6.692e-05,1781913600000.0
2026-06-21 00:00:00+00:00,8.353e-05,1782000000000.0
2026-06-22 00:00:00+00:00,8.96e-05,1782086400000.0
2026-06-23 00:00:00+00:00,-9.36e-05,1782172800000.0
2026-06-24 00:00:00+00:00,-5.676e-05,1782259200000.0
2026-06-25 00:00:00+00:00,-0.00013104,1782345600000.0
2026-06-26 00:00:00+00:00,6.367e-05,1782432000000.0
2026-06-27 00:00:00+00:00,-1.714e-05,1782518400000.0
2026-06-28 00:00:00+00:00,0.0001,1782604800000.0
2026-06-29 00:00:00+00:00,-1.491e-05,1782691200000.0
2026-06-30 00:00:00+00:00,0.0001,1782777600000.0
2026-07-01 00:00:00+00:00,6.106e-05,1782864000000.0
2026-07-02 00:00:00+00:00,0.0001,1782950400000.0
2026-07-03 00:00:00+00:00,9.748e-05,1783036800000.0
2026-07-04 00:00:00+00:00,6.902e-05,1783123200000.0
2026-07-05 00:00:00+00:00,2.444e-05,1783209600000.0
2026-07-06 00:00:00+00:00,5.516e-05,1783296000000.0
2026-07-07 00:00:00+00:00,0.0001,1783382400000.0
2026-07-08 00:00:00+00:00,-6.616e-05,1783468800000.0
2026-07-09 00:00:00+00:00,0.0001,1783555200000.0
2026-07-10 00:00:00+00:00,3.99e-05,1783641600000.0
2026-07-11 00:00:00+00:00,9.063e-05,1783728000000.0
2026-07-12 00:00:00+00:00,6.973e-05,1783814400000.0
2026-07-13 00:00:00+00:00,-8.661e-05,1783900800000.0
2026-07-14 00:00:00+00:00,9.02e-06,1783987200000.0
2026-07-15 00:00:00+00:00,-4.738e-05,1784073600000.0
2026-07-16 00:00:00+00:00,5.59e-05,1784160000000.0
2026-07-17 00:00:00+00:00,7.715e-05,1784246400000.0
2026-07-18 00:00:00+00:00,-9.5e-06,1784332800000.0
2026-07-19 00:00:00+00:00,-0.0001107,1784419200000.0
2026-07-20 00:00:00+00:00,-3.574e-05,1784505600000.0
2026-07-21 00:00:00+00:00,5.746e-05,1784592000000.0
2026-07-22 00:00:00+00:00,-0.00013688,1784678400000.0
2026-07-23 00:00:00+00:00,4.845e-05,1784764800000.0
2026-07-24 00:00:00+00:00,4.499e-05,1784851200000.0
2026-07-25 00:00:00+00:00,8.762e-05,1784937600000.0
2026-07-26 00:00:00+00:00,5.068e-05,1785024000000.0
2026-07-27 00:00:00+00:00,5.41e-06,1785110400000.0
2026-07-28 00:00:00+00:00,-0.00011306,1785196800000.0
2026-07-29 00:00:00+00:00,0.0001,1785283200000.0
2026-07-30 00:00:00+00:00,0.0001,1785369600000.0
2026-07-31 00:00:00+00:00,2.826e-05,1785456000000.0
2026-08-01 00:00:00+00:00,1.859e-05,1785542400000.0
2026-08-02 00:00:00+00:00,7.392e-05,1785628800000.0
2026-08-03 00:00:00+00:00,3.913e-05,1785715200000.0
2026-08-04 00:00:00+00:00,7.62e-06,1785801600000.0
2026-08-05 00:00:00+00:00,-9.219e-05,1785888000000.0
2026-08-06 00:00:00+00:00,2.517e-05,1785974400000.0
2026-08-07 00:00:00+00:00,2.137e-05,1786060800000.0
2026-08-08 00:00:00+00:00,-4.896e-05,1786147200000.0
2026-08-09 00:00:00+00:00,2.423e-05,1786233600000.0
2026-08-10 00:00:00+00:00,2.276e-05,1786320000000.0
2026-08-11 00:00:00+00:00,7.664e-05,1786406400000.0
2026-08-12 00:00:00+00:00,7.219e-05,1786492800000.0
2026-08-13 00:00:00+00:00,1.027e-05,1786579200000.0
2026-08-14 00:00:00+00:00,0.0001,1786665600000.0
2026-08-15 00:00:00+00:00,-0.00016418,1786752000000.0
2026-08-16 00:00:00+00:00,-2.828e-05,1786838400000.0
2026-08-17 00:00:00+00:00,5.498e-05,1786924800000.0
2026-08-18 00:00:00+00:00,4.061e-05,1787011200000.0
2026-08-19 00:00:00+00:00,0.0001,1787097600000.0
2026-08-20 00:00:00+00:00,0.0001,1787184000000.0
2026-08-21 00:00:00+00:00,0.0001,1787270400000.0
2026-08-22 00:00:00+00:00,0.0001,1787356800000.0
2026-08-23 00:00:00+00:00,0.0001,1787443200000.0
