date,funding_rate_last,funding_rate_mean,funding_rate_sum,event_count
2020-10-21 00:00:00+00:00,0.0001,0.0001,0.0002,2
2020-10-22 00:00:00+00:00,0.00071904,0.0006228833333333333,0.00186865,3
2020-10-23 00:00:00+00:00,0.00165795,0.0014501100000000001,0.00435033,3
2020-10-24 00:00:00+00:00,0.00122704,0.0014414533333333335,0.00432436,3
2020-10-25 00:00:00+00:00,0.00142318,0.0011821233333333334,0.00354637,3
2020-10-26 00:00:00+00:00,0.00149758,0.00129547,0.00388641,3
2020-10-27 00:00:00+00:00,0.00054035,0.0007031166666666668,0.0021093500000000003,3
2020-10-28 00:00:00+00:00,0.00053182,0.00062333,0.00186999,3
2020-10-29 00:00:00+00:00,0.00050749,0.00038632333333333337,0.00115897,3
2020-10-30 00:00:00+00:00,0.0001,0.00023688666666666668,0.00071066,3
2020-10-31 00:00:00+00:00,0.00060571,0.00037114666666666663,0.0011134399999999998,3
2020-11-01 00:00:00+00:00,0.00048914,0.0005870633333333333,0.0017611900000000002,3
2020-11-02 00:00:00+00:00,0.00010248,0.00031142999999999996,0.00093429,3
2020-11-03 00:00:00+00:00,0.0001,0.00026203000000000006,0.0007860900000000001,3
2020-11-04 00:00:00+00:00,0.0001,0.0001,0.00030000000000000003,3
2020-11-05 00:00:00+00:00,0.0001,0.0001,0.00030000000000000003,3
2020-11-06 00:00:00+00:00,0.00101207,0.0005380599999999999,0.0016141799999999998,3
2020-11-07 00:00:00+00:00,0.00085142,0.0008962966666666667,0.00268889,3
2020-11-08 00:00:00+00:00,0.0001,0.00036238,0.00108714,3
2020-11-09 00:00:00+00:00,0.0001,0.0001,0.00030000000000000003,3
2020-11-10 00:00:00+00:00,0.0001,0.0001,0.00030000000000000003,3
2020-11-11 00:00:00+00:00,0.0001,0.0001,0.00030000000000000003,3
2020-11-12 00:00:00+00:00,0.00038159,0.0005823733333333333,0.00174712,3
2020-11-13 00:00:00+00:00,0.00058272,0.00039082,0.00117246,3
2020-11-14 00:00:00+00:00,0.00060986,0.0005997866666666666,0.0017993599999999998,3
2020-11-15 00:00:00+00:00,0.0001,0.0001812566666666667,0.0005437700000000001,3
2020-11-16 00:00:00+00:00,0.00075677,0.00037393333333333333,0.0011218,3
2020-11-17 00:00:00+00:00,0.00139111,0.0014527166666666667,0.00435815,3
2020-11-18 00:00:00+00:00,0.00255095,0.0021641733333333333,0.00649252,3
2020-11-19 00:00:00+00:00,0.00056768,0.0013232933333333335,0.00396988,3
2020-11-20 00:00:00+00:00,0.00063055,0.00046559333333333336,0.00139678,3
2020-11-21 00:00:00+00:00,0.00125838,0.00111008,0.00333024,3
2020-11-22 00:00:00+00:00,0.00312619,0.002672016666666667,0.00801605,3
2020-11-23 00:00:00+00:00,0.00341362,0.0032049733333333334,0.00961492,3
2020-11-24 00:00:00+00:00,0.00237984,0.0027470466666666663,0.00824114,3
2020-11-25 00:00:00+00:00,0.00163869,0.0016627933333333332,0.00498838,3
2020-11-26 00:00:00+00:00,0.00052454,0.0009489333333333334,0.0028468,3
2020-11-27 00:00:00+00:00,0.0001,0.00017827,0.00053481,3
2020-11-28 00:00:00+00:00,0.0001,0.0001,0.00030000000000000003,3
2020-11-29 00:00:00+00:00,0.0001,0.0001,0.00030000000000000003,3
2020-11-30 00:00:00+00:00,0.0001,0.0001,0.00030000000000000003,3
2020-12-01 00:00:00+00:00,0.00117828,0.0007178933333333333,0.00215368,3
2020-12-02 00:00:00+00:00,0.00118989,0.0013226433333333332,0.00396793,3
2020-12-03 00:00:00+00:00,0.00112571,0.0010941500000000001,0.00328245,3
2020-12-04 00:00:00+00:00,0.00116648,0.00135139,0.00405417,3
2020-12-05 00:00:00+00:00,0.00035211,0.0006448466666666667,0.00193454,3
2020-12-06 00:00:00+00:00,0.00045204,0.00034187333333333335,0.00102562,3
2020-12-07 00:00:00+00:00,0.00051648,0.0005028466666666667,0.00150854,3
2020-12-08 00:00:00+00:00,0.00012325,0.00029081333333333333,0.00087244,3
2020-12-09 00:00:00+00:00,0.0001,0.0001,0.00030000000000000003,3
2020-12-10 00:00:00+00:00,0.0001,0.0001,0.00030000000000000003,3
2020-12-11 00:00:00+00:00,0.0001,0.0001,0.00030000000000000003,3
2020-12-12 00:00:00+00:00,0.0001,0.0001,0.00030000000000000003,3
2020-12-13 00:00:00+00:00,0.0001,0.0001,0.00030000000000000003,3
2020-12-14 00:00:00+00:00,0.0001,0.0001,0.00030000000000000003,3
2020-12-15 00:00:00+00:00,0.0001,0.0001,0.00030000000000000003,3
2020-12-16 00:00:00+00:00,0.0001,0.0001,0.00030000000000000003,3
2020-12-17 00:00:00+00:00,0.00099816,0.0007201566666666668,0.0021604700000000003,3
2020-12-18 00:00:00+00:00,0.0016235,0.0017374166666666666,0.00521225,3
2020-12-19 00:00:00+00:00,0.00142761,0.0014126733333333335,0.00423802,3
2020-12-20 00:00:00+00:00,0.0006817,0.00112163,0.00336489,3
2020-12-21 00:00:00+00:00,0.00080225,0.00100959,0.00302877,3
2020-12-22 00:00:00+00:00,0.00011796,0.00029517666666666666,0.00088553,3
2020-12-23 00:00:00+00:00,0.0001,0.0001,0.00030000000000000003,3
2020-12-24 00:00:00+00:00,0.0001,0.0001,0.00030000000000000003,3
2020-12-25 00:00:00+00:00,0.00024106,0.00019919666666666665,0.00059759,3
2020-12-26 00:00:00+00:00,0.00051251,0.00038890333333333333,0.00116671,3
2020-12-27 00:00:00+00:00,0.00063914,0.0005057999999999999,0.0015174,3
2020-12-28 00:00:00+00:00,0.00098268,0.0008662533333333335,0.0025987600000000003,3
2020-12-29 00:00:00+00:00,0.00096209,0.00110501,0.00331503,3
2020-12-30 00:00:00+00:00,0.00106724,0.00083137,0.00249411,3
2020-12-31 00:00:00+00:00,0.00104366,0.0009922266666666667,0.00297668,3
2021-01-01 00:00:00+00:00,0.0015579,0.0012243,0.0036728999999999998,3
2021-01-02 00:00:00+00:00,0.0013007,0.0015358066666666668,0.00460742,3
2021-01-03 00:00:00+00:00,0.00190142,0.0014956466666666667,0.00448694,3
2021-01-04 00:00:00+00:00,0.00375,0.00347316,0.01041948,3
2021-01-05 00:00:00+00:00,0.00225513,0.00240105,0.00720315,3
2021-01-06 00:00:00+00:00,0.00252508,0.00207999,0.006239969999999999,3
2021-01-07 00:00:00+00:00,0.00221507,0.0024086933333333335,0.00722608,3
2021-01-08 00:00:00+00:00,0.00151136,0.0021759366666666666,0.00652781,3
2021-01-09 00:00:00+00:00,0.0015619,0.0018124466666666666,0.00543734,3
2021-01-10 00:00:00+00:00,0.00375,0.00307053,0.00921159,3
2021-01-11 00:00:00+00:00,0.00127025,0.0022363866666666667,0.00670916,3
2021-01-12 00:00:00+00:00,0.00032972,0.00038888000000000003,0.00116664,3
2021-01-13 00:00:00+00:00,0.0001,0.00016394666666666666,0.00049184,3
2021-01-14 00:00:00+00:00,0.000838,0.0006349799999999999,0.00190494,3
2021-01-15 00:00:00+00:00,0.0016192,0.00147025,0.00441075,3
2021-01-16 00:00:00+00:00,0.00014256,0.0007954500000000001,0.00238635,3
2021-01-17 00:00:00+00:00,0.00110232,0.0009945733333333333,0.00298372,3
2021-01-18 00:00:00+00:00,0.00158026,0.0013280233333333334,0.00398407,3
2021-01-19 00:00:00+00:00,0.00238235,0.0020886733333333337,0.006266020000000001,3
2021-01-20 00:00:00+00:00,0.0015792,0.0020097733333333334,0.00602932,3
2021-01-21 00:00:00+00:00,0.00067284,0.0009749433333333333,0.00292483,3
2021-01-22 00:00:00+00:00,0.0001,0.00014926000000000002,0.00044778000000000005,3
2021-01-23 00:00:00+00:00,0.00010725,0.00012585666666666668,0.00037757000000000003,3
2021-01-24 00:00:00+00:00,0.00020495,0.00027443,0.00082329,3
2021-01-25 00:00:00+00:00,0.00099628,0.0006078033333333333,0.0018234100000000001,3
2021-01-26 00:00:00+00:00,0.00088876,0.00122701,0.00368103,3
2021-01-27 00:00:00+00:00,0.00030686,0.00033155000000000006,0.0009946500000000001,3
2021-01-28 00:00:00+00:00,0.0001,0.00011279999999999999,0.0003384,3
2021-01-29 00:00:00+00:00,0.00084973,0.0005416833333333333,0.00162505,3
2021-01-30 00:00:00+00:00,0.000675,0.0012699266666666667,0.00380978,3
2021-01-31 00:00:00+00:00,0.00099316,0.0006327966666666668,0.0018983900000000002,3
2021-02-01 00:00:00+00:00,0.00119539,0.0011778566666666667,0.0035335699999999998,3
2021-02-02 00:00:00+00:00,0.00159855,0.00157132,0.00471396,3
2021-02-03 00:00:00+00:00,0.00375,0.00340859,0.01022577,3
2021-02-04 00:00:00+00:00,0.00305972,0.0034505300000000003,0.01035159,3
2021-02-05 00:00:00+00:00,0.00231649,0.0022737833333333333,0.00682135,3
2021-02-06 00:00:00+00:00,0.00337407,0.003261723333333333,0.00978517,3
2021-02-07 00:00:00+00:00,0.00227797,0.0028318966666666667,0.00849569,3
2021-02-08 00:00:00+00:00,0.00107368,0.00134653,0.00403959,3
2021-02-09 00:00:00+00:00,0.00347263,0.0029129066666666666,0.00873872,3
2021-02-10 00:00:00+00:00,0.00358696,0.0030298900000000004,0.009089670000000001,3
2021-02-11 00:00:00+00:00,0.00164038,0.0025633066666666668,0.00768992,3
2021-02-12 00:00:00+00:00,0.002214,0.0021475966666666666,0.00644279,3
2021-02-13 00:00:00+00:00,0.00375,0.0036033666666666665,0.0108101,3
2021-02-14 00:00:00+00:00,0.00358444,0.003298926666666667,0.00989678,3
2021-02-15 00:00:00+00:00,0.0009019,0.0020981166666666664,0.00629435,3
2021-02-16 00:00:00+00:00,0.00134004,0.0009759366666666666,0.00292781,3
2021-02-17 00:00:00+00:00,0.00083776,0.00115871,0.00347613,3
2021-02-18 00:00:00+00:00,0.00308971,0.002627393333333333,0.007882179999999999,3
2021-02-19 00:00:00+00:00,0.00232969,0.0026689333333333332,0.0080068,3
2021-02-20 00:00:00+00:00,0.00260893,0.00311202,0.00933606,3
2021-02-21 00:00:00+00:00,0.00132931,0.0019005366666666667,0.00570161,3
2021-02-22 00:00:00+00:00,0.00092348,0.00110457,0.00331371,3
2021-02-23 00:00:00+00:00,0.0001,0.00024529333333333337,0.0007358800000000001,3
2021-02-24 00:00:00+00:00,0.0001,0.0001,0.00030000000000000003,3
2021-02-25 00:00:00+00:00,0.0001,0.00010522333333333333,0.00031567,3
2021-02-26 00:00:00+00:00,0.00012036,0.00028429999999999997,0.0008529,3
2021-02-27 00:00:00+00:00,0.00033669,0.00017889666666666667,0.00053669,3
2021-02-28 00:00:00+00:00,0.0001,0.00032039,0.00096117,3
2021-03-01 00:00:00+00:00,0.00044921,0.00031548,0.00094644,3
2021-03-02 00:00:00+00:00,0.00038568,0.00037663000000000003,0.0011298900000000001,3
2021-03-03 00:00:00+00:00,0.00033998,0.00061269,0.00183807,3
2021-03-04 00:00:00+00:00,0.00031589,0.00038362000000000004,0.00115086,3
2021-03-05 00:00:00+00:00,0.00024574,0.00037599666666666666,0.00112799,3
2021-03-06 00:00:00+00:00,0.00010497,0.00012874666666666667,0.00038624000000000004,3
2021-03-07 00:00:00+00:00,0.00081691,0.0005764233333333334,0.0017292700000000002,3
2021-03-08 00:00:00+00:00,0.00051785,0.0005525266666666667,0.00165758,3
2021-03-09 00:00:00+00:00,0.00140805,0.00097863,0.00293589,3
2021-03-10 00:00:00+00:00,0.00120386,0.0013137166666666667,0.00394115,3
2021-03-11 00:00:00+00:00,0.00174774,0.0015989566666666667,0.00479687,3
2021-03-12 00:00:00+00:00,0.00101696,0.0014324533333333334,0.00429736,3
2021-03-13 00:00:00+00:00,0.00021942,0.0002983633333333333,0.00089509,3
2021-03-14 00:00:00+00:00,0.00061015,0.0006139866666666666,0.00184196,3
2021-03-15 00:00:00+00:00,0.00096339,0.0009428,0.0028284,3
2021-03-16 00:00:00+00:00,0.00013155,0.0005133766666666667,0.00154013,3
2021-03-17 00:00:00+00:00,0.00067727,0.00041687999999999995,0.00125064,3
2021-03-18 00:00:00+00:00,0.00084399,0.0006544866666666668,0.00196346,3
2021-03-19 00:00:00+00:00,0.00057928,0.0008412266666666668,0.0025236800000000004,3
2021-03-20 00:00:00+00:00,0.0012844,0.0009296466666666668,0.00278894,3
2021-03-21 00:00:00+00:00,0.00077099,0.0011477466666666668,0.00344324,3
2021-03-22 00:00:00+00:00,0.00062638,0.0006210333333333333,0.0018631,3
2021-03-23 00:00:00+00:00,0.00017058,0.0003919666666666667,0.0011759000000000001,3
2021-03-24 00:00:00+00:00,0.0001809,0.00014838666666666667,0.00044516,3
2021-03-25 00:00:00+00:00,0.0001,0.00025704333333333336,0.0007711300000000001,3
2021-03-26 00:00:00+00:00,0.00019211,0.00013070333333333332,0.00039211,3
2021-03-27 00:00:00+00:00,0.00028586,0.00020808,0.00062424,3
2021-03-28 00:00:00+00:00,0.00043887,0.00028719000000000005,0.0008615700000000001,3
2021-03-29 00:00:00+00:00,0.00010556,0.00028441666666666665,0.00085325,3
2021-03-30 00:00:00+00:00,0.00140331,0.0007797866666666668,0.0023393600000000004,3
2021-03-31 00:00:00+00:00,0.00158421,0.0016399,0.0049197,3
2021-04-01 00:00:00+00:00,0.00177711,0.0013907700000000002,0.00417231,3
2021-04-02 00:00:00+00:00,0.00165097,0.0016512233333333334,0.00495367,3
2021-04-03 00:00:00+00:00,0.00286264,0.00233757,0.00701271,3
2021-04-04 00:00:00+00:00,0.00115546,0.0022152933333333333,0.00664588,3
2021-04-05 00:00:00+00:00,0.00179744,0.00118798,0.00356394,3
2021-04-06 00:00:00+00:00,0.00375,0.003110603333333333,0.00933181,3
2021-04-07 00:00:00+00:00,0.00120336,0.00188357,0.00565071,3
2021-04-08 00:00:00+00:00,0.0011756,0.0009718933333333333,0.00291568,3
2021-04-09 00:00:00+00:00,0.0009366,0.0011801566666666667,0.00354047,3
2021-04-10 00:00:00+00:00,0.00190269,0.0012236066666666667,0.00367082,3
2021-04-11 00:00:00+00:00,0.00169982,0.00182558,0.00547674,3
2021-04-12 00:00:00+00:00,0.00172691,0.00191891,0.00575673,3
2021-04-13 00:00:00+00:00,0.00309663,0.00218752,0.00656256,3
2021-04-14 00:00:00+00:00,0.00287599,0.00284999,0.00854997,3
2021-04-15 00:00:00+00:00,0.00318167,0.0025251433333333333,0.00757543,3
2021-04-16 00:00:00+00:00,0.00236087,0.0026666999999999997,0.0080001,3
2021-04-17 00:00:00+00:00,0.00126925,0.0014164233333333331,0.0042492699999999994,3
2021-04-18 00:00:00+00:00,0.00022802,0.0008764933333333334,0.00262948,3
2021-04-19 00:00:00+00:00,0.00011651,0.00010582666666666665,0.00031748,3
2021-04-20 00:00:00+00:00,0.0001,0.0001862966666666667,0.00055889,3
2021-04-21 00:00:00+00:00,0.00012457,0.00015426333333333334,0.00046279000000000003,3
2021-04-22 00:00:00+00:00,0.00012547,0.00018127,0.00054381,3
2021-04-23 00:00:00+00:00,0.0001,0.00010670333333333335,0.00032011,3
2021-04-24 00:00:00+00:00,0.0001,0.0001,0.00030000000000000003,3
2021-04-25 00:00:00+00:00,0.0001,0.0001,0.00030000000000000003,3
2021-04-26 00:00:00+00:00,0.0001,0.0001,0.00030000000000000003,3
2021-04-27 00:00:00+00:00,0.0001,0.00010030666666666667,0.00030092,3
2021-04-28 00:00:00+00:00,0.00014786,0.00015788,0.00047364,3
2021-04-29 00:00:00+00:00,0.00070354,0.00071617,0.00214851,3
2021-04-30 00:00:00+00:00,0.00080621,0.0008466866666666668,0.0025400600000000002,3
2021-05-01 00:00:00+00:00,0.00116874,0.00108539,0.00325617,3
2021-05-02 00:00:00+00:00,0.00060094,0.00078013,0.00234039,3
2021-05-03 00:00:00+00:00,0.00078111,0.0006774133333333335,0.0020322400000000003,3
2021-05-04 00:00:00+00:00,0.00101548,0.0011861933333333333,0.00355858,3
2021-05-05 00:00:00+00:00,0.00114049,0.0011325733333333334,0.00339772,3
2021-05-06 00:00:00+00:00,0.00308436,0.0022436966666666666,0.00673109,3
2021-05-07 00:00:00+00:00,0.0008503,0.0015604333333333333,0.0046813,3
2021-05-08 00:00:00+00:00,0.00119241,0.0013176166666666667,0.00395285,3
2021-05-09 00:00:00+00:00,0.00078839,0.0009506333333333334,0.0028519,3
2021-05-10 00:00:00+00:00,0.00087605,0.0006589933333333332,0.0019769799999999997,3
2021-05-11 00:00:00+00:00,0.00063617,0.00092525,0.00277575,3
2021-05-12 00:00:00+00:00,0.0008519,0.0006645,0.0019935,3
2021-05-13 00:00:00+00:00,0.0001,0.0003662133333333333,0.00109864,3
2021-05-14 00:00:00+00:00,0.00016387,0.00015234666666666665,0.00045704,3
2021-05-15 00:00:00+00:00,0.00072941,0.0005716800000000001,0.0017150400000000001,3
2021-05-16 00:00:00+00:00,0.00107945,0.0009641833333333332,0.00289255,3
2021-05-17 00:00:00+00:00,0.00042094,0.0007483733333333334,0.00224512,3
2021-05-18 00:00:00+00:00,0.0001,0.0003732333333333333,0.0011197,3
2021-05-19 00:00:00+00:00,0.00079561,0.0006782199999999999,0.0020346599999999998,3
2021-05-20 00:00:00+00:00,-0.00034226,-0.0020779933333333334,-0.00623398,3
2021-05-21 00:00:00+00:00,0.0001,0.0001,0.00030000000000000003,3
2021-05-22 00:00:00+00:00,0.0001,0.0001,0.00030000000000000003,3
2021-05-23 00:00:00+00:00,0.0001,0.0001,0.00030000000000000003,3
2021-05-24 00:00:00+00:00,0.0001,2.9143333333333336e-05,8.743000000000001e-05,3
2021-05-25 00:00:00+00:00,0.0001,0.0001,0.00030000000000000003,3
2021-05-26 00:00:00+00:00,0.0001,0.0001,0.00030000000000000003,3
2021-05-27 00:00:00+00:00,0.0001,0.0001,0.00030000000000000003,3
2021-05-28 00:00:00+00:00,0.0001,0.0001,0.00030000000000000003,3
2021-05-29 00:00:00+00:00,0.0001,0.0001,0.00030000000000000003,3
2021-05-30 00:00:00+00:00,9.74e-05,9.913333333333334e-05,0.0002974,3
2021-05-31 00:00:00+00:00,0.0001,0.0001,0.00030000000000000003,3
2021-06-01 00:00:00+00:00,0.0001,0.0001,0.00030000000000000003,3
2021-06-02 00:00:00+00:00,0.0001,0.0001,0.00030000000000000003,3
2021-06-03 00:00:00+00:00,0.0001,0.0001,0.00030000000000000003,3
2021-06-04 00:00:00+00:00,0.0001,0.0001,0.00030000000000000003,3
2021-06-05 00:00:00+00:00,0.0001,0.0001,0.00030000000000000003,3
2021-06-06 00:00:00+00:00,0.0001,0.0001,0.00030000000000000003,3
2021-06-07 00:00:00+00:00,0.0001,0.0001,0.00030000000000000003,3
2021-06-08 00:00:00+00:00,-7.354e-05,4.2153333333333335e-05,0.00012646,3
2021-06-09 00:00:00+00:00,-0.0001154,-9.964666666666666e-05,-0.00029894,3
2021-06-10 00:00:00+00:00,0.0001,-9.681333333333333e-05,-0.00029044,3
2021-06-11 00:00:00+00:00,0.0001,0.0001,0.00030000000000000003,3
2021-06-12 00:00:00+00:00,0.0001,0.0001,0.00030000000000000003,3
2021-06-13 00:00:00+00:00,0.0001,0.0001,0.00030000000000000003,3
2021-06-14 00:00:00+00:00,0.0001,9.528e-05,0.00028584,3
2021-06-15 00:00:00+00:00,0.0001,0.0001,0.00030000000000000003,3
2021-06-16 00:00:00+00:00,0.0001,0.0001,0.00030000000000000003,3
2021-06-17 00:00:00+00:00,7.225e-05,9.075000000000001e-05,0.00027225000000000003,3
2021-06-18 00:00:00+00:00,0.0001,0.0001,0.00030000000000000003,3
2021-06-19 00:00:00+00:00,-6.18e-06,3.169333333333334e-05,9.508e-05,3
2021-06-20 00:00:00+00:00,5.808e-05,8.602666666666666e-05,0.00025808,3
2021-06-21 00:00:00+00:00,0.0001,-7.394666666666667e-05,-0.00022184,3
2021-06-22 00:00:00+00:00,-5.52e-06,-9.906666666666664e-06,-2.9719999999999993e-05,3
2021-06-23 00:00:00+00:00,-0.00020805,-0.00017255333333333333,-0.00051766,3
2021-06-24 00:00:00+00:00,2.91e-05,-5.2976666666666664e-05,-0.00015893,3
2021-06-25 00:00:00+00:00,6.088e-05,1.745e-05,5.235e-05,3
2021-06-26 00:00:00+00:00,-0.00020499,-0.00011836000000000001,-0.00035508,3
2021-06-27 00:00:00+00:00,-0.00035749,-0.0004294466666666667,-0.00128834,3
2021-06-28 00:00:00+00:00,0.0001,-4.7913333333333334e-05,-0.00014374,3
2021-06-29 00:00:00+00:00,0.0001,0.0001,0.00030000000000000003,3
2021-06-30 00:00:00+00:00,0.0001,0.0001,0.00030000000000000003,3
2021-07-01 00:00:00+00:00,0.0001,0.0001,0.00030000000000000003,3
2021-07-02 00:00:00+00:00,4.442e-05,2.9403333333333334e-05,8.821e-05,3
2021-07-03 00:00:00+00:00,-7.507e-05,-7.926666666666666e-05,-0.0002378,3
2021-07-04 00:00:00+00:00,0.0001,3.05e-05,9.15e-05,3
2021-07-05 00:00:00+00:00,0.0001,0.0001,0.00030000000000000003,3
2021-07-06 00:00:00+00:00,-7.46e-05,-4.923666666666667e-05,-0.00014771,3
2021-07-07 00:00:00+00:00,0.0001,4.9699999999999995e-05,0.0001491,3
2021-07-08 00:00:00+00:00,6.437e-05,8.812333333333333e-05,0.00026437,3
2021-07-09 00:00:00+00:00,0.0001,4.288666666666667e-05,0.00012866,3
2021-07-10 00:00:00+00:00,3.453e-05,3.695e-05,0.00011085,3
2021-07-11 00:00:00+00:00,0.0001,8.058e-05,0.00024174,3
2021-07-12 00:00:00+00:00,0.0001,7.704666666666668e-05,0.00023114,3
2021-07-13 00:00:00+00:00,9.805e-05,9.177666666666666e-05,0.00027533,3
2021-07-14 00:00:00+00:00,2.326e-05,7.442e-05,0.00022326,3
2021-07-15 00:00:00+00:00,0.0001,-1.5666666666666596e-06,-4.699999999999979e-06,3
2021-07-16 00:00:00+00:00,0.0001,9.151000000000001e-05,0.00027453000000000004,3
2021-07-17 00:00:00+00:00,0.0001,9.923e-05,0.00029769,3
2021-07-18 00:00:00+00:00,5.685e-05,6.621666666666667e-05,0.00019865,3
2021-07-19 00:00:00+00:00,0.0001,6.473e-05,0.00019419,3
2021-07-20 00:00:00+00:00,-0.00019886,-0.00014565,-0.00043694999999999997,3
2021-07-21 00:00:00+00:00,-8.044e-05,-0.00010495666666666666,-0.00031486999999999997,3
2021-07-22 00:00:00+00:00,3.389e-05,-4.9340000000000005e-05,-0.00014802,3
2021-07-23 00:00:00+00:00,0.0001,7.256000000000001e-05,0.00021768000000000002,3
2021-07-24 00:00:00+00:00,0.0001,0.0001,0.00030000000000000003,3
2021-07-25 00:00:00+00:00,0.0001,5.5813333333333337e-05,0.00016744,3
2021-07-26 00:00:00+00:00,0.0001,0.0001,0.00030000000000000003,3
2021-07-27 00:00:00+00:00,0.0001,0.0001,0.00030000000000000003,3
2021-07-28 00:00:00+00:00,0.0001,0.0001,0.00030000000000000003,3
2021-07-29 00:00:00+00:00,0.0001,0.0001,0.00030000000000000003,3
2021-07-30 00:00:00+00:00,0.0001,0.0001,0.00030000000000000003,3
2021-07-31 00:00:00+00:00,0.0001,0.0001,0.00030000000000000003,3
2021-08-01 00:00:00+00:00,0.0001,0.0001,0.00030000000000000003,3
2021-08-02 00:00:00+00:00,0.0001,0.0001,0.00030000000000000003,3
2021-08-03 00:00:00+00:00,0.0001,0.0001,0.00030000000000000003,3
2021-08-04 00:00:00+00:00,0.0001,0.0001,0.00030000000000000003,3
2021-08-05 00:00:00+00:00,0.0001,0.0001,0.00030000000000000003,3
2021-08-06 00:00:00+00:00,0.0001,0.0001,0.00030000000000000003,3
2021-08-07 00:00:00+00:00,0.0001,0.0001,0.00030000000000000003,3
2021-08-08 00:00:00+00:00,0.0001,0.00012710333333333334,0.00038131,3
2021-08-09 00:00:00+00:00,0.0001,0.0001,0.00030000000000000003,3
2021-08-10 00:00:00+00:00,0.00028981,0.00016552000000000003,0.0004965600000000001,3
2021-08-11 00:00:00+00:00,0.00030137,0.0002994533333333333,0.00089836,3
2021-08-12 00:00:00+00:00,0.00050878,0.0004543266666666667,0.0013629800000000002,3
2021-08-13 00:00:00+00:00,0.0001,0.00021712666666666666,0.00065138,3
2021-08-14 00:00:00+00:00,0.0001,0.00014412333333333334,0.00043237,3
2021-08-15 00:00:00+00:00,0.00025986,0.0002360933333333333,0.0007082799999999999,3
2021-08-16 00:00:00+00:00,0.00046539,0.00031247666666666665,0.00093743,3
2021-08-17 00:00:00+00:00,0.00030787,0.0005207466666666666,0.00156224,3
2021-08-18 00:00:00+00:00,0.0001,0.00017077666666666665,0.00051233,3
2021-08-19 00:00:00+00:00,0.0001,0.0001,0.00030000000000000003,3
2021-08-20 00:00:00+00:00,0.00033973,0.00017991,0.00053973,3
2021-08-21 00:00:00+00:00,0.00078915,0.0005057166666666667,0.0015171499999999999,3
2021-08-22 00:00:00+00:00,0.00052897,0.0007603533333333333,0.00228106,3
2021-08-23 00:00:00+00:00,0.00078144,0.0006124233333333333,0.00183727,3
2021-08-24 00:00:00+00:00,0.00118718,0.0010736799999999998,0.0032210399999999997,3
2021-08-25 00:00:00+00:00,0.00023614,0.0005267633333333333,0.00158029,3
2021-08-26 00:00:00+00:00,0.0001,0.0001,0.00030000000000000003,3
2021-08-27 00:00:00+00:00,0.0001,0.0001,0.00030000000000000003,3
2021-08-28 00:00:00+00:00,0.00057136,0.00028128333333333333,0.00084385,3
2021-08-29 00:00:00+00:00,0.0002658,0.0003263133333333333,0.00097894,3
2021-08-30 00:00:00+00:00,0.00012878,0.00014487333333333333,0.00043462,3
2021-08-31 00:00:00+00:00,0.00025238,0.0003479033333333333,0.00104371,3
2021-09-01 00:00:00+00:00,0.00065804,0.00055869,0.00167607,3
2021-09-02 00:00:00+00:00,0.00082738,0.00093033,0.00279099,3
2021-09-03 00:00:00+00:00,0.00051939,0.0005001033333333333,0.00150031,3
2021-09-04 00:00:00+00:00,0.00068721,0.00071066,0.00213198,3
2021-09-05 00:00:00+00:00,0.0012512,0.0011670366666666667,0.00350111,3
2021-09-06 00:00:00+00:00,0.00084235,0.0007041333333333333,0.0021124,3
2021-09-07 00:00:00+00:00,0.00098576,0.0011510333333333332,0.0034530999999999997,3
2021-09-08 00:00:00+00:00,0.0001,8.477e-05,0.00025431,3
2021-09-09 00:00:00+00:00,0.0001,0.0001,0.00030000000000000003,3
2021-09-10 00:00:00+00:00,0.0001,0.0001,0.00030000000000000003,3
2021-09-11 00:00:00+00:00,0.0001,0.0001,0.00030000000000000003,3
2021-09-12 00:00:00+00:00,0.0001,0.0001,0.00030000000000000003,3
2021-09-13 00:00:00+00:00,0.0001,0.0001,0.00030000000000000003,3
2021-09-14 00:00:00+00:00,0.00016228,4.6186666666666676e-05,0.00013856000000000003,3
2021-09-15 00:00:00+00:00,0.0002812,0.00030616333333333335,0.00091849,3
2021-09-16 00:00:00+00:00,0.00020034,0.00013344666666666668,0.00040034,3
2021-09-17 00:00:00+00:00,0.00016089,0.00026859999999999997,0.0008058,3
2021-09-18 00:00:00+00:00,0.0001,0.0001,0.00030000000000000003,3
2021-09-19 00:00:00+00:00,0.00054248,0.0003990766666666667,0.00119723,3
2021-09-20 00:00:00+00:00,0.0001,0.00026879666666666666,0.00080639,3
2021-09-21 00:00:00+00:00,0.0001,0.0001,0.00030000000000000003,3
2021-09-22 00:00:00+00:00,0.0001,0.0001,0.00030000000000000003,3
2021-09-23 00:00:00+00:00,0.0001,9.653333333333333e-05,0.0002896,3
2021-09-24 00:00:00+00:00,0.0001,0.0001,0.00030000000000000003,3
2021-09-25 00:00:00+00:00,0.0001,0.0001,0.00030000000000000003,3
2021-09-26 00:00:00+00:00,0.0001,9.273333333333334e-05,0.00027820000000000004,3
2021-09-27 00:00:00+00:00,0.0001,0.0001,0.00030000000000000003,3
2021-09-28 00:00:00+00:00,0.0001,0.0001,0.00030000000000000003,3
2021-09-29 00:00:00+00:00,1.395e-05,7.131666666666667e-05,0.00021395000000000002,3
2021-09-30 00:00:00+00:00,6.153e-05,2.0196666666666666e-05,6.059e-05,3
2021-10-01 00:00:00+00:00,0.0001,0.0001,0.00030000000000000003,3
2021-10-02 00:00:00+00:00,0.0001,0.0001,0.00030000000000000003,3
2021-10-03 00:00:00+00:00,0.0001,0.0001,0.00030000000000000003,3
2021-10-04 00:00:00+00:00,0.0001,0.0001,0.00030000000000000003,3
2021-10-05 00:00:00+00:00,0.0001,0.0001,0.00030000000000000003,3
2021-10-06 00:00:00+00:00,0.0001,0.0001,0.00030000000000000003,3
2021-10-07 00:00:00+00:00,0.0006025,0.0004146833333333333,0.00124405,3
2021-10-08 00:00:00+00:00,0.00035464,0.0004369233333333333,0.00131077,3
2021-10-09 00:00:00+00:00,0.0001905,0.00030394,0.00091182,3
2021-10-10 00:00:00+00:00,0.00041598,0.00044495666666666663,0.00133487,3
2021-10-11 00:00:00+00:00,0.0001,0.00015292,0.00045876,3
2021-10-12 00:00:00+00:00,0.0001,0.00010004000000000001,0.00030012,3
2021-10-13 00:00:00+00:00,0.0001,0.0001,0.00030000000000000003,3
2021-10-14 00:00:00+00:00,0.0003219,0.00017396666666666668,0.0005219000000000001,3
2021-10-15 00:00:00+00:00,0.00081862,0.0007249066666666666,0.0021747199999999998,3
2021-10-16 00:00:00+00:00,0.00106612,0.0008684166666666666,0.00260525,3
2021-10-17 00:00:00+00:00,0.00075691,0.00097308,0.00291924,3
2021-10-18 00:00:00+00:00,0.00059115,0.00060835,0.00182505,3
2021-10-19 00:00:00+00:00,0.00021132,0.00017405666666666666,0.00052217,3
2021-10-20 00:00:00+00:00,0.00039032,0.0002744933333333333,0.00082348,3
2021-10-21 00:00:00+00:00,0.00083074,0.0007153,0.0021459,3
2021-10-22 00:00:00+00:00,0.00049314,0.0006252566666666667,0.0018757700000000001,3
2021-10-23 00:00:00+00:00,0.00035894,0.0005117633333333333,0.00153529,3
2021-10-24 00:00:00+00:00,0.00044433,0.0003482366666666666,0.00104471,3
2021-10-25 00:00:00+00:00,0.00072067,0.00066978,0.00200934,3
2021-10-26 00:00:00+00:00,0.00137687,0.0011643533333333333,0.00349306,3
2021-10-27 00:00:00+00:00,0.00064675,0.0010365033333333334,0.0031095100000000002,3
2021-10-28 00:00:00+00:00,0.0001,0.0001,0.00030000000000000003,3
2021-10-29 00:00:00+00:00,0.0001,0.0001,0.00030000000000000003,3
2021-10-30 00:00:00+00:00,0.00058333,0.0003143033333333333,0.0009429099999999999,3
2021-10-31 00:00:00+00:00,0.0004518,0.0005188866666666666,0.0015566599999999999,3
2021-11-01 00:00:00+00:00,0.00015699,0.00020434999999999998,0.00061305,3
2021-11-02 00:00:00+00:00,0.0006049,0.00036147666666666665,0.00108443,3
2021-11-03 00:00:00+00:00,0.0004882,0.0005926066666666667,0.00177782,3
2021-11-04 00:00:00+00:00,0.00099795,0.0007578066666666666,0.00227342,3
2021-11-05 00:00:00+00:00,0.00098486,0.0009521433333333334,0.00285643,3
2021-11-06 00:00:00+00:00,0.00084492,0.0008662333333333333,0.0025987,3
2021-11-07 00:00:00+00:00,0.00052132,0.00048427,0.0014528100000000001,3
2021-11-08 00:00:00+00:00,0.00116428,0.0009124100000000001,0.0027372300000000002,3
2021-11-09 00:00:00+00:00,0.00091757,0.0011875266666666667,0.00356258,3
2021-11-10 00:00:00+00:00,0.00019199,0.00017298000000000001,0.0005189400000000001,3
2021-11-11 00:00:00+00:00,0.0001,0.0001,0.00030000000000000003,3
2021-11-12 00:00:00+00:00,0.00013724,0.00011241333333333334,0.00033724000000000004,3
2021-11-13 00:00:00+00:00,0.00067593,0.0003366,0.0010098,3
2021-11-14 00:00:00+00:00,0.00053869,0.0006094833333333333,0.00182845,3
2021-11-15 00:00:00+00:00,0.00020014,0.00016586333333333333,0.00049759,3
2021-11-16 00:00:00+00:00,0.00016075,0.0002966666666666667,0.0008900000000000001,3
2021-11-17 00:00:00+00:00,0.0001,0.0001,0.00030000000000000003,3
2021-11-18 00:00:00+00:00,0.0001,0.0001,0.00030000000000000003,3
2021-11-19 00:00:00+00:00,0.0001,0.0001,0.00030000000000000003,3
2021-11-20 00:00:00+00:00,0.0001,0.0001,0.00030000000000000003,3
2021-11-21 00:00:00+00:00,0.0001,0.0001,0.00030000000000000003,3
2021-11-22 00:00:00+00:00,0.0001,0.0001,0.00030000000000000003,3
2021-11-23 00:00:00+00:00,0.0001,0.0001,0.00030000000000000003,3
2021-11-24 00:00:00+00:00,0.0001559,0.00011863333333333335,0.00035590000000000003,3
2021-11-25 00:00:00+00:00,0.00035687,0.0002659,0.0007977,3
2021-11-26 00:00:00+00:00,0.00025396,0.00038365,0.00115095,3
2021-11-27 00:00:00+00:00,0.0001,0.0001,0.00030000000000000003,3
2021-11-28 00:00:00+00:00,0.0001,0.0001,0.00030000000000000003,3
2021-11-29 00:00:00+00:00,0.0001,0.0001,0.00030000000000000003,3
2021-11-30 00:00:00+00:00,0.0001,0.0001,0.00030000000000000003,3
2021-12-01 00:00:00+00:00,0.0001,0.0001,0.00030000000000000003,3
2021-12-02 00:00:00+00:00,0.0001,0.0001,0.00030000000000000003,3
2021-12-03 00:00:00+00:00,0.0001,0.0001,0.00030000000000000003,3
2021-12-04 00:00:00+00:00,-0.0004037,-6.79e-05,-0.0002037,3
2021-12-05 00:00:00+00:00,0.0001,-1.8969999999999993e-05,-5.690999999999998e-05,3
2021-12-06 00:00:00+00:00,-5.767e-05,1.731e-05,5.193e-05,3
2021-12-07 00:00:00+00:00,3.732e-05,-0.00011485666666666667,-0.00034457,3
2021-12-08 00:00:00+00:00,6.908e-05,2.9299999999999997e-05,8.79e-05,3
2021-12-09 00:00:00+00:00,2.535e-05,4.6423333333333326e-05,0.00013926999999999999,3
2021-12-10 00:00:00+00:00,-2.418e-05,-2.3866666666666663e-05,-7.159999999999999e-05,3
2021-12-11 00:00:00+00:00,-8.3e-06,-3.036333333333333e-05,-9.109e-05,3
2021-12-12 00:00:00+00:00,3.803e-05,7.693333333333333e-06,2.308e-05,3
2021-12-13 00:00:00+00:00,-3.968e-05,-5.07e-06,-1.5209999999999998e-05,3
2021-12-14 00:00:00+00:00,-3.344e-05,-5.246666666666665e-06,-1.5739999999999995e-05,3
2021-12-15 00:00:00+00:00,-1.42e-05,2.5316666666666668e-05,7.595e-05,3
2021-12-16 00:00:00+00:00,0.0001,0.0001,0.00030000000000000003,3
2021-12-17 00:00:00+00:00,8.581e-05,9.527e-05,0.00028581,3
2021-12-18 00:00:00+00:00,6.333e-05,2.8393333333333335e-05,8.518000000000001e-05,3
2021-12-19 00:00:00+00:00,0.0001,9.732666666666666e-05,0.00029198,3
2021-12-20 00:00:00+00:00,0.0001,0.0001,0.00030000000000000003,3
2021-12-21 00:00:00+00:00,0.0001,0.0001,0.00030000000000000003,3
2021-12-22 00:00:00+00:00,0.0001,0.0001,0.00030000000000000003,3
2021-12-23 00:00:00+00:00,0.0001,0.0001,0.00030000000000000003,3
2021-12-24 00:00:00+00:00,0.0001,0.0001,0.00030000000000000003,3
2021-12-25 00:00:00+00:00,0.0001,0.0001,0.00030000000000000003,3
2021-12-26 00:00:00+00:00,0.0001,0.0001,0.00030000000000000003,3
2021-12-27 00:00:00+00:00,0.0001,0.0001,0.00030000000000000003,3
2021-12-28 00:00:00+00:00,0.0001,0.0001,0.00030000000000000003,3
2021-12-29 00:00:00+00:00,0.0001,0.0001,0.00030000000000000003,3
2021-12-30 00:00:00+00:00,0.0001,0.0001,0.00030000000000000003,3
2021-12-31 00:00:00+00:00,0.0001,0.0001,0.00030000000000000003,3
2022-01-01 00:00:00+00:00,0.0001,0.0001,0.00030000000000000003,3
2022-01-02 00:00:00+00:00,0.0001,0.0001,0.00030000000000000003,3
2022-01-03 00:00:00+00:00,0.0001,0.0001,0.00030000000000000003,3
2022-01-04 00:00:00+00:00,0.0001,0.0001,0.00030000000000000003,3
2022-01-05 00:00:00+00:00,0.0001,0.0001,0.00030000000000000003,3
2022-01-06 00:00:00+00:00,-1.205e-05,6.265e-05,0.00018795000000000001,3
2022-01-07 00:00:00+00:00,0.0001,8.258e-05,0.00024774,3
2022-01-08 00:00:00+00:00,0.0001,0.0001,0.00030000000000000003,3
2022-01-09 00:00:00+00:00,8.738e-05,9.579333333333333e-05,0.00028738,3
2022-01-10 00:00:00+00:00,0.0001,0.0001,0.00030000000000000003,3
2022-01-11 00:00:00+00:00,0.0001,0.0001,0.00030000000000000003,3
2022-01-12 00:00:00+00:00,0.0001,0.0001,0.00030000000000000003,3
2022-01-13 00:00:00+00:00,0.0001,0.0001,0.00030000000000000003,3
2022-01-14 00:00:00+00:00,0.0001,0.0001,0.00030000000000000003,3
2022-01-15 00:00:00+00:00,0.0001,0.0001,0.00030000000000000003,3
2022-01-16 00:00:00+00:00,0.0001,0.0001,0.00030000000000000003,3
2022-01-17 00:00:00+00:00,0.0001,0.0001,0.00030000000000000003,3
2022-01-18 00:00:00+00:00,0.0001,0.0001,0.00030000000000000003,3
2022-01-19 00:00:00+00:00,0.0001,0.0001,0.00030000000000000003,3
2022-01-20 00:00:00+00:00,0.0001,0.0001,0.00030000000000000003,3
2022-01-21 00:00:00+00:00,4.782e-05,8.260666666666667e-05,0.00024782,3
2022-01-22 00:00:00+00:00,-2.359e-05,-5.4566666666666655e-06,-1.6369999999999997e-05,3
2022-01-23 00:00:00+00:00,-0.00010265,-2.1859999999999997e-05,-6.557999999999999e-05,3
2022-01-24 00:00:00+00:00,3.84e-05,-5.150000000000003e-06,-1.545000000000001e-05,3
2022-01-25 00:00:00+00:00,0.0001,5.6013333333333335e-05,0.00016804,3
2022-01-26 00:00:00+00:00,-0.00010898,-4.187333333333334e-05,-0.00012562,3
2022-01-27 00:00:00+00:00,-8.259e-05,-5.102333333333333e-05,-0.00015307,3
2022-01-28 00:00:00+00:00,-2.848e-05,-3.339e-05,-0.00010017,3
2022-01-29 00:00:00+00:00,3.087e-05,7.695666666666667e-05,0.00023087000000000002,3
2022-01-30 00:00:00+00:00,0.0001,2.8006666666666667e-05,8.402e-05,3
2022-01-31 00:00:00+00:00,-0.00029058,-5.988333333333334e-05,-0.00017965000000000003,3
2022-02-01 00:00:00+00:00,5.4e-07,-0.00010692,-0.00032076,3
2022-02-02 00:00:00+00:00,3.701e-05,-1.5289999999999998e-05,-4.586999999999999e-05,3
2022-02-03 00:00:00+00:00,-0.00014144,-3.494e-05,-0.00010482,3
2022-02-04 00:00:00+00:00,-4.908e-05,5.030666666666668e-05,0.00015092000000000003,3
2022-02-05 00:00:00+00:00,0.0001,8.306333333333335e-05,0.00024919000000000005,3
2022-02-06 00:00:00+00:00,0.0001,0.0001,0.00030000000000000003,3
2022-02-07 00:00:00+00:00,0.0001,0.0001,0.00030000000000000003,3
2022-02-08 00:00:00+00:00,0.0001,0.0001,0.00030000000000000003,3
2022-02-09 00:00:00+00:00,4.006e-05,5.609666666666667e-05,0.00016829,3
2022-02-10 00:00:00+00:00,0.0001,9.673333333333333e-05,0.0002902,3
2022-02-11 00:00:00+00:00,0.0001,0.0001,0.00030000000000000003,3
2022-02-12 00:00:00+00:00,0.0001,9.750333333333334e-05,0.00029251,3
2022-02-13 00:00:00+00:00,0.0001,7.379e-05,0.00022137,3
2022-02-14 00:00:00+00:00,6.05e-06,6.868333333333334e-05,0.00020605000000000002,3
2022-02-15 00:00:00+00:00,-7.57e-05,4.1433333333333335e-05,0.0001243,3
2022-02-16 00:00:00+00:00,0.0001,3.0680000000000004e-05,9.204e-05,3
2022-02-17 00:00:00+00:00,7.718e-05,9.239333333333334e-05,0.00027718,3
2022-02-18 00:00:00+00:00,-7.162e-05,3.622e-05,0.00010866,3
2022-02-19 00:00:00+00:00,0.0001,5.284666666666667e-05,0.00015854,3
2022-02-20 00:00:00+00:00,-1.126e-05,3.336666666666667e-05,0.00010010000000000001,3
2022-02-21 00:00:00+00:00,0.0001,7.085333333333334e-05,0.00021256,3
2022-02-22 00:00:00+00:00,0.0001,5.593666666666667e-05,0.00016781,3
2022-02-23 00:00:00+00:00,-0.00012146,-4.5929999999999996e-05,-0.00013779,3
2022-02-24 00:00:00+00:00,2.831e-05,-4.431000000000001e-05,-0.00013293000000000002,3
2022-02-25 00:00:00+00:00,2.846e-05,-6.0033333333333366e-06,-1.801000000000001e-05,3
2022-02-26 00:00:00+00:00,0.0001,-3.5063333333333334e-05,-0.00010519,3
2022-02-27 00:00:00+00:00,-0.000187,-2.452666666666666e-05,-7.357999999999998e-05,3
2022-02-28 00:00:00+00:00,-0.00018684,-4.705999999999999e-05,-0.00014117999999999997,3
2022-03-01 00:00:00+00:00,0.0001,7.768e-05,0.00023304,3
2022-03-02 00:00:00+00:00,0.0001,0.0001,0.00030000000000000003,3
2022-03-03 00:00:00+00:00,5.175e-05,1.620666666666667e-05,4.8620000000000005e-05,3
2022-03-04 00:00:00+00:00,8.042e-05,-3.6193333333333324e-05,-0.00010857999999999998,3
2022-03-05 00:00:00+00:00,-0.00022241,-5.4493333333333336e-05,-0.00016348,3
2022-03-06 00:00:00+00:00,-0.00010057,-8.288333333333333e-05,-0.00024865,3
2022-03-07 00:00:00+00:00,-1.52e-05,-5.7079999999999996e-05,-0.00017124,3
2022-03-08 00:00:00+00:00,0.0001,8.532333333333333e-05,0.00025597,3
2022-03-09 00:00:00+00:00,-0.00023259,-1.0863333333333328e-05,-3.2589999999999984e-05,3
2022-03-10 00:00:00+00:00,-2.933e-05,5.6890000000000006e-05,0.00017067000000000002,3
2022-03-11 00:00:00+00:00,-0.00015746,-3.890000000000001e-06,-1.1670000000000002e-05,3
2022-03-12 00:00:00+00:00,0.0001,0.0001,0.00030000000000000003,3
2022-03-13 00:00:00+00:00,0.0001,0.0001,0.00030000000000000003,3
2022-03-14 00:00:00+00:00,0.0001,0.0001,0.00030000000000000003,3
2022-03-15 00:00:00+00:00,5.564e-05,5.449e-05,0.00016347,3
2022-03-16 00:00:00+00:00,5.936e-05,4.722666666666667e-05,0.00014168,3
2022-03-17 00:00:00+00:00,0.0001,0.0001,0.00030000000000000003,3
2022-03-18 00:00:00+00:00,0.0001,6.974666666666667e-05,0.00020924000000000002,3
2022-03-19 00:00:00+00:00,0.0001,-1.572666666666667e-05,-4.7180000000000006e-05,3
2022-03-20 00:00:00+00:00,0.0001,8.422333333333333e-05,0.00025267,3
2022-03-21 00:00:00+00:00,-9.542e-05,-6.316e-05,-0.00018948,3
2022-03-22 00:00:00+00:00,0.0001,0.0001,0.00030000000000000003,3
2022-03-23 00:00:00+00:00,0.0001,8.195000000000001e-05,0.00024585000000000004,3
2022-03-24 00:00:00+00:00,0.0001,0.0001,0.00030000000000000003,3
2022-03-25 00:00:00+00:00,0.0001,0.0001,0.00030000000000000003,3
2022-03-26 00:00:00+00:00,0.0001,0.0001,0.00030000000000000003,3
2022-03-27 00:00:00+00:00,0.0001,0.0001,0.00030000000000000003,3
2022-03-28 00:00:00+00:00,0.0001,0.0001,0.00030000000000000003,3
2022-03-29 00:00:00+00:00,0.0001,0.0001,0.00030000000000000003,3
2022-03-30 00:00:00+00:00,0.0001,0.0001,0.00030000000000000003,3
2022-03-31 00:00:00+00:00,0.0001,0.0001,0.00030000000000000003,3
2022-04-01 00:00:00+00:00,0.0001,0.0001,0.00030000000000000003,3
2022-04-02 00:00:00+00:00,0.0001,0.0001,0.00030000000000000003,3
2022-04-03 00:00:00+00:00,0.0001,0.0001,0.00030000000000000003,3
2022-04-04 00:00:00+00:00,0.0001,0.0001,0.00030000000000000003,3
2022-04-05 00:00:00+00:00,0.0001,0.0001,0.00030000000000000003,3
2022-04-06 00:00:00+00:00,0.0001,0.0001,0.00030000000000000003,3
2022-04-07 00:00:00+00:00,0.0001,8.935000000000002e-05,0.00026805000000000004,3
2022-04-08 00:00:00+00:00,0.0001,0.0001,0.00030000000000000003,3
2022-04-09 00:00:00+00:00,4.993e-05,4.4733333333333334e-05,0.0001342,3
2022-04-10 00:00:00+00:00,-1.944e-05,6.018666666666667e-05,0.00018056000000000002,3
2022-04-11 00:00:00+00:00,0.0001,9.746333333333333e-05,0.00029239,3
2022-04-12 00:00:00+00:00,0.0001,1.1116666666666666e-05,3.335e-05,3
2022-04-13 00:00:00+00:00,0.0001,2.9933333333333374e-06,8.980000000000012e-06,3
2022-04-14 00:00:00+00:00,0.0001,-2.8053333333333328e-05,-8.415999999999998e-05,3
2022-04-15 00:00:00+00:00,0.0001,0.0001,0.00030000000000000003,3
2022-04-16 00:00:00+00:00,6.887e-05,8.962333333333333e-05,0.00026887,3
2022-04-17 00:00:00+00:00,0.0001,9.963333333333333e-05,0.0002989,3
2022-04-18 00:00:00+00:00,0.0001,9.707666666666667e-05,0.00029123,3
2022-04-19 00:00:00+00:00,0.0001,9.575000000000001e-05,0.00028725,3
2022-04-20 00:00:00+00:00,0.0001,0.0001,0.00030000000000000003,3
2022-04-21 00:00:00+00:00,0.0001,0.0001,0.00030000000000000003,3
2022-04-22 00:00:00+00:00,0.0001,0.0001,0.00030000000000000003,3
2022-04-23 00:00:00+00:00,0.0001,0.0001,0.00030000000000000003,3
2022-04-24 00:00:00+00:00,0.0001,0.0001,0.00030000000000000003,3
2022-04-25 00:00:00+00:00,0.0001,0.0001,0.00030000000000000003,3
2022-04-26 00:00:00+00:00,0.0001,5.402666666666666e-05,0.00016208,3
2022-04-27 00:00:00+00:00,0.0001,0.0001,0.00030000000000000003,3
2022-04-28 00:00:00+00:00,0.0001,0.0001,0.00030000000000000003,3
2022-04-29 00:00:00+00:00,6.973e-05,3.4916666666666664e-05,0.00010475,3
2022-04-30 00:00:00+00:00,0.0001,0.0001,0.00030000000000000003,3
2022-05-01 00:00:00+00:00,7.352e-05,6.684e-05,0.00020052,3
2022-05-02 00:00:00+00:00,6.134e-05,-1.981333333333333e-05,-5.9439999999999987e-05,3
2022-05-03 00:00:00+00:00,8.23e-06,-9.34e-06,-2.802e-05,3
2022-05-04 00:00:00+00:00,7.276e-05,6.290333333333334e-05,0.00018871000000000003,3
2022-05-05 00:00:00+00:00,0.0001,4.13e-05,0.0001239,3
2022-05-06 00:00:00+00:00,0.0001,0.0001,0.00030000000000000003,3
2022-05-07 00:00:00+00:00,-0.00025062,-3.2943333333333334e-05,-9.883e-05,3
2022-05-08 00:00:00+00:00,0.0001,7.491000000000001e-05,0.00022473000000000003,3
2022-05-09 00:00:00+00:00,0.0001,0.0001,0.00030000000000000003,3
2022-05-10 00:00:00+00:00,0.0001,8.541e-05,0.00025623,3
2022-05-11 00:00:00+00:00,0.0001,8.648333333333335e-05,0.00025945000000000005,3
2022-05-12 00:00:00+00:00,-3.537e-05,-5.0566666666666665e-05,-0.0001517,3
2022-05-13 00:00:00+00:00,4.963e-05,-0.00012229000000000002,-0.00036687000000000004,3
2022-05-14 00:00:00+00:00,0.0001,0.0001,0.00030000000000000003,3
2022-05-15 00:00:00+00:00,0.0001,9.041666666666666e-05,0.00027125,3
2022-05-16 00:00:00+00:00,-0.00012796,2.401333333333334e-05,7.204000000000002e-05,3
2022-05-17 00:00:00+00:00,8.13e-05,9.376666666666666e-05,0.0002813,3
2022-05-18 00:00:00+00:00,9.364e-05,-1.7719999999999996e-05,-5.3159999999999986e-05,3
2022-05-19 00:00:00+00:00,0.0001,-1.0743333333333331e-05,-3.2229999999999995e-05,3
2022-05-20 00:00:00+00:00,8.774e-05,9.591333333333332e-05,0.00028774,3
2022-05-21 00:00:00+00:00,2.129e-05,5.8150000000000004e-05,0.00017445,3
2022-05-22 00:00:00+00:00,-7.52e-06,5.052e-05,0.00015156,3
2022-05-23 00:00:00+00:00,4.284e-05,3.279666666666667e-05,9.839000000000001e-05,3
2022-05-24 00:00:00+00:00,-0.00014684,-2.813e-05,-8.439e-05,3
2022-05-25 00:00:00+00:00,0.0001,5.314e-05,0.00015942000000000002,3
2022-05-26 00:00:00+00:00,6.776e-05,8.925333333333334e-05,0.00026776,3
2022-05-27 00:00:00+00:00,-9.662e-05,-2.262e-05,-6.786e-05,3
2022-05-28 00:00:00+00:00,0.0001,0.0001,0.00030000000000000003,3
2022-05-29 00:00:00+00:00,0.0001,8.490333333333333e-05,0.00025471,3
2022-05-30 00:00:00+00:00,0.0001,1.4283333333333333e-05,4.285e-05,3
2022-05-31 00:00:00+00:00,0.0001,0.0001,0.00030000000000000003,3
2022-06-01 00:00:00+00:00,-2.175e-05,5.9416666666666677e-05,0.00017825000000000002,3
2022-06-02 00:00:00+00:00,3.852e-05,7.950666666666668e-05,0.00023852,3
2022-06-03 00:00:00+00:00,3.007e-05,-5.809666666666667e-05,-0.00017429,3
2022-06-04 00:00:00+00:00,0.0001,3.1543333333333333e-05,9.463000000000001e-05,3
2022-06-05 00:00:00+00:00,-0.00015884,9.780000000000005e-06,2.9340000000000014e-05,3
2022-06-06 00:00:00+00:00,0.0001,6.703333333333334e-05,0.0002011,3
2022-06-07 00:00:00+00:00,0.0001,0.0001,0.00030000000000000003,3
2022-06-08 00:00:00+00:00,-8.86e-05,1.7133333333333361e-06,5.140000000000008e-06,3
2022-06-09 00:00:00+00:00,0.0001,-5.591333333333333e-05,-0.00016774,3
2022-06-10 00:00:00+00:00,-0.00010167,2.651666666666667e-05,7.955000000000001e-05,3
2022-06-11 00:00:00+00:00,3.558e-05,-6.939e-05,-0.00020816999999999998,3
2022-06-12 00:00:00+00:00,-0.00021311,-0.00012921000000000002,-0.00038763000000000003,3
2022-06-13 00:00:00+00:00,-8.573e-05,2.549666666666667e-05,7.649000000000001e-05,3
2022-06-14 00:00:00+00:00,5.169e-05,-0.00018422333333333334,-0.00055267,3
2022-06-15 00:00:00+00:00,-0.0001933,-4.532666666666667e-05,-0.00013598,3
2022-06-16 00:00:00+00:00,0.0001,0.0001,0.00030000000000000003,3
2022-06-17 00:00:00+00:00,8.862e-05,9.620666666666668e-05,0.00028862,3
2022-06-18 00:00:00+00:00,-9.194e-05,1.3850000000000003e-05,4.155000000000001e-05,3
2022-06-19 00:00:00+00:00,0.0001,0.0001,0.00030000000000000003,3
2022-06-20 00:00:00+00:00,0.0001,7.180333333333334e-05,0.00021541000000000003,3
2022-06-21 00:00:00+00:00,0.0001,0.0001,0.00030000000000000003,3
2022-06-22 00:00:00+00:00,0.0001,8.347333333333334e-05,0.00025042,3
2022-06-23 00:00:00+00:00,0.0001,0.0001,0.00030000000000000003,3
2022-06-24 00:00:00+00:00,0.0001,0.0001,0.00030000000000000003,3
2022-06-25 00:00:00+00:00,0.0001,0.0001,0.00030000000000000003,3
2022-06-26 00:00:00+00:00,5.534e-05,-4.339999999999998e-06,-1.3019999999999994e-05,3
2022-06-27 00:00:00+00:00,4.631e-05,-8.263333333333331e-06,-2.478999999999999e-05,3
2022-06-28 00:00:00+00:00,-6.27e-05,4.576666666666667e-05,0.0001373,3
2022-06-29 00:00:00+00:00,0.0001,2.8563333333333335e-05,8.569e-05,3
2022-06-30 00:00:00+00:00,-0.0001023,-4.771000000000001e-05,-0.00014313000000000002,3
2022-07-01 00:00:00+00:00,0.0001,-7.933333333333336e-06,-2.380000000000001e-05,3
2022-07-02 00:00:00+00:00,0.0001,5.764666666666667e-05,0.00017294,3
2022-07-03 00:00:00+00:00,0.0001,8.262666666666667e-05,0.00024788,3
2022-07-04 00:00:00+00:00,2.157e-05,5.666666666666669e-06,1.7000000000000007e-05,3
2022-07-05 00:00:00+00:00,4.402e-05,1.446e-05,4.338e-05,3
2022-07-06 00:00:00+00:00,-8.225e-05,-3.802999999999999e-05,-0.00011408999999999999,3
2022-07-07 00:00:00+00:00,0.0001,6.773e-05,0.00020319,3
2022-07-08 00:00:00+00:00,-5.886e-05,-2.4633333333333337e-05,-7.390000000000001e-05,3
2022-07-09 00:00:00+00:00,-2.605e-05,8.846666666666666e-06,2.654e-05,3
2022-07-10 00:00:00+00:00,-9.306e-05,7.3999999999999995e-06,2.2199999999999998e-05,3
2022-07-11 00:00:00+00:00,0.0001,7.807333333333333e-05,0.00023422,3
2022-07-12 00:00:00+00:00,0.0001,0.0001,0.00030000000000000003,3
2022-07-13 00:00:00+00:00,8.965e-05,8.620666666666666e-05,0.00025862,3
2022-07-14 00:00:00+00:00,0.0001,9.846333333333334e-05,0.00029539000000000003,3
2022-07-15 00:00:00+00:00,0.0001,0.0001,0.00030000000000000003,3
2022-07-16 00:00:00+00:00,0.0001,0.0001,0.00030000000000000003,3
2022-07-17 00:00:00+00:00,0.0001,0.0001,0.00030000000000000003,3
2022-07-18 00:00:00+00:00,0.0001,0.0001,0.00030000000000000003,3
2022-07-19 00:00:00+00:00,0.0001,0.0001,0.00030000000000000003,3
2022-07-20 00:00:00+00:00,0.0001,0.0001,0.00030000000000000003,3
2022-07-21 00:00:00+00:00,0.0001,0.0001,0.00030000000000000003,3
2022-07-22 00:00:00+00:00,0.0001,0.0001,0.00030000000000000003,3
2022-07-23 00:00:00+00:00,0.0001,0.0001,0.00030000000000000003,3
2022-07-24 00:00:00+00:00,0.0001,0.0001,0.00030000000000000003,3
2022-07-25 00:00:00+00:00,0.0001,0.0001,0.00030000000000000003,3
2022-07-26 00:00:00+00:00,0.0001,0.0001,0.00030000000000000003,3
2022-07-27 00:00:00+00:00,0.0001,0.0001,0.00030000000000000003,3
2022-07-28 00:00:00+00:00,0.0001,0.0001,0.00030000000000000003,3
2022-07-29 00:00:00+00:00,0.0001,0.0001,0.00030000000000000003,3
2022-07-30 00:00:00+00:00,0.0001,0.0001,0.00030000000000000003,3
2022-07-31 00:00:00+00:00,0.0001,0.0001,0.00030000000000000003,3
2022-08-01 00:00:00+00:00,0.0001,0.0001,0.00030000000000000003,3
2022-08-02 00:00:00+00:00,0.0001,0.0001,0.00030000000000000003,3
2022-08-03 00:00:00+00:00,9.39e-05,9.796666666666669e-05,0.00029390000000000004,3
2022-08-04 00:00:00+00:00,0.0001,7.776333333333334e-05,0.00023329,3
2022-08-05 00:00:00+00:00,0.0001,0.0001,0.00030000000000000003,3
2022-08-06 00:00:00+00:00,0.0001,0.0001,0.00030000000000000003,3
2022-08-07 00:00:00+00:00,0.0001,0.0001,0.00030000000000000003,3
2022-08-08 00:00:00+00:00,0.0001,0.0001,0.00030000000000000003,3
2022-08-09 00:00:00+00:00,0.0001,0.0001,0.00030000000000000003,3
2022-08-10 00:00:00+00:00,0.0001,0.0001,0.00030000000000000003,3
2022-08-11 00:00:00+00:00,0.0001,0.0001,0.00030000000000000003,3
2022-08-12 00:00:00+00:00,0.0001,0.0001,0.00030000000000000003,3
2022-08-13 00:00:00+00:00,0.0001,0.0001,0.00030000000000000003,3
2022-08-14 00:00:00+00:00,0.0001,0.0001,0.00030000000000000003,3
2022-08-15 00:00:00+00:00,0.0001,0.0001,0.00030000000000000003,3
2022-08-16 00:00:00+00:00,-0.00025262,-1.7539999999999998e-05,-5.2619999999999994e-05,3
2022-08-17 00:00:00+00:00,3.166e-05,-2.969e-05,-8.907e-05,3
2022-08-18 00:00:00+00:00,-8.82e-06,-4.139666666666666e-05,-0.00012419,3
2022-08-19 00:00:00+00:00,2.176e-05,-1.0826666666666667e-05,-3.248e-05,3
2022-08-20 00:00:00+00:00,-2.516e-05,-5.8266666666666676e-05,-0.00017480000000000002,3
2022-08-21 00:00:00+00:00,-3.101e-05,-1.6000000000000016e-06,-4.800000000000005e-06,3
2022-08-22 00:00:00+00:00,0.0001,8.616333333333333e-05,0.00025849,3
2022-08-23 00:00:00+00:00,0.0001,7.869000000000001e-05,0.00023607,3
2022-08-24 00:00:00+00:00,8.257e-05,9.419e-05,0.00028257,3
2022-08-25 00:00:00+00:00,0.0001,2.439666666666667e-05,7.319000000000001e-05,3
2022-08-26 00:00:00+00:00,5.95e-06,4.1053333333333336e-05,0.00012316,3
2022-08-27 00:00:00+00:00,-2.426e-05,-4.7953333333333334e-05,-0.00014386,3
2022-08-28 00:00:00+00:00,-6.93e-05,2.0663333333333333e-05,6.199e-05,3
2022-08-29 00:00:00+00:00,4.71e-06,-2.5010000000000003e-05,-7.503e-05,3
2022-08-30 00:00:00+00:00,0.0001,9.773333333333334e-05,0.0002932,3
2022-08-31 00:00:00+00:00,3.832e-05,7.802333333333334e-05,0.00023407000000000001,3
2022-09-01 00:00:00+00:00,1.131e-05,-1.028666666666667e-05,-3.0860000000000006e-05,3
2022-09-02 00:00:00+00:00,-0.0001416,-6.360333333333333e-05,-0.00019081,3
2022-09-03 00:00:00+00:00,-0.000227,-0.00017091333333333334,-0.00051274,3
2022-09-04 00:00:00+00:00,0.0001,-1.9459999999999997e-05,-5.837999999999999e-05,3
2022-09-05 00:00:00+00:00,0.0001,4.863e-05,0.00014589,3
2022-09-06 00:00:00+00:00,0.0001,0.0001,0.00030000000000000003,3
2022-09-07 00:00:00+00:00,0.0001,0.0001,0.00030000000000000003,3
2022-09-08 00:00:00+00:00,6.526e-05,-5.173333333333338e-06,-1.5520000000000014e-05,3
2022-09-09 00:00:00+00:00,0.0001,4.591e-05,0.00013773,3
2022-09-10 00:00:00+00:00,6.824e-05,4.072e-05,0.00012216,3
2022-09-11 00:00:00+00:00,0.0001,0.0001,0.00030000000000000003,3
2022-09-12 00:00:00+00:00,0.0001,0.0001,0.00030000000000000003,3
2022-09-13 00:00:00+00:00,1.143e-05,7.047666666666666e-05,0.00021143,3
2022-09-14 00:00:00+00:00,6.707e-05,8.902333333333334e-05,0.00026707,3
2022-09-15 00:00:00+00:00,7.166e-05,7.568666666666667e-05,0.00022706,3
2022-09-16 00:00:00+00:00,0.0001,6.868666666666667e-05,0.00020606000000000002,3
2022-09-17 00:00:00+00:00,-6.774e-05,-1.2756666666666666e-05,-3.827e-05,3
2022-09-18 00:00:00+00:00,1.581e-05,-3.8033333333333335e-06,-1.1410000000000001e-05,3
2022-09-19 00:00:00+00:00,7.378e-05,-4.483666666666667e-05,-0.00013451,3
2022-09-20 00:00:00+00:00,3.685e-05,7.243e-05,0.00021729,3
2022-09-21 00:00:00+00:00,-3.64e-06,-2.347e-05,-7.041e-05,3
2022-09-22 00:00:00+00:00,0.0001,1.1466666666666665e-05,3.4399999999999996e-05,3
2022-09-23 00:00:00+00:00,0.0001,0.0001,0.00030000000000000003,3
2022-09-24 00:00:00+00:00,-5.7e-05,4.6599999999999994e-05,0.00013979999999999998,3
2022-09-25 00:00:00+00:00,7.919e-05,7.475333333333333e-05,0.00022426,3
2022-09-26 00:00:00+00:00,0.0001,0.0001,0.00030000000000000003,3
2022-09-27 00:00:00+00:00,-7.795e-05,-5.126666666666664e-06,-1.537999999999999e-05,3
2022-09-28 00:00:00+00:00,-3.373e-05,5.321666666666667e-05,0.00015965,3
2022-09-29 00:00:00+00:00,0.0001,6.366666666666668e-06,1.9100000000000003e-05,3
2022-09-30 00:00:00+00:00,0.0001,0.0001,0.00030000000000000003,3
2022-10-01 00:00:00+00:00,3.679e-05,7.893e-05,0.00023679000000000001,3
2022-10-02 00:00:00+00:00,0.0001,0.0001,0.00030000000000000003,3
2022-10-03 00:00:00+00:00,5.23e-05,7.789333333333333e-05,0.00023368,3
2022-10-04 00:00:00+00:00,-2.22e-05,2.811e-05,8.433e-05,3
2022-10-05 00:00:00+00:00,0.0001,1.9013333333333337e-05,5.704000000000001e-05,3
2022-10-06 00:00:00+00:00,0.0001,6.688333333333334e-05,0.00020065000000000003,3
2022-10-07 00:00:00+00:00,7.811e-05,9.270333333333334e-05,0.00027811000000000003,3
2022-10-08 00:00:00+00:00,0.0001,0.0001,0.00030000000000000003,3
2022-10-09 00:00:00+00:00,0.0001,0.0001,0.00030000000000000003,3
2022-10-10 00:00:00+00:00,0.0001,0.0001,0.00030000000000000003,3
2022-10-11 00:00:00+00:00,0.0001,0.0001,0.00030000000000000003,3
2022-10-12 00:00:00+00:00,0.0001,6.371000000000001e-05,0.00019113000000000002,3
2022-10-13 00:00:00+00:00,0.0001,0.0001,0.00030000000000000003,3
2022-10-14 00:00:00+00:00,0.0001,7.250666666666667e-05,0.00021752000000000002,3
2022-10-15 00:00:00+00:00,-1.096e-05,3.758e-05,0.00011274000000000001,3
2022-10-16 00:00:00+00:00,0.0001,0.0001,0.00030000000000000003,3
2022-10-17 00:00:00+00:00,0.0001,0.0001,0.00030000000000000003,3
2022-10-18 00:00:00+00:00,8.103e-05,9.367666666666668e-05,0.00028103000000000004,3
2022-10-19 00:00:00+00:00,0.0001,9.706666666666668e-05,0.00029120000000000003,3
2022-10-20 00:00:00+00:00,6.941e-05,8.980333333333333e-05,0.00026941,3
2022-10-21 00:00:00+00:00,0.0001,8.864333333333333e-05,0.00026593,3
2022-10-22 00:00:00+00:00,0.0001,7.179e-05,0.00021537,3
2022-10-23 00:00:00+00:00,0.0001,0.0001,0.00030000000000000003,3
2022-10-24 00:00:00+00:00,0.0001,5.838e-05,0.00017514,3
2022-10-25 00:00:00+00:00,0.0001,0.0001,0.00030000000000000003,3
2022-10-26 00:00:00+00:00,-2.936e-05,2.0086666666666665e-05,6.0259999999999996e-05,3
2022-10-27 00:00:00+00:00,1.824e-05,6.963333333333334e-06,2.089e-05,3
2022-10-28 00:00:00+00:00,-5.3e-06,1.169e-05,3.507e-05,3
2022-10-29 00:00:00+00:00,0.0001,0.0001,0.00030000000000000003,3
2022-10-30 00:00:00+00:00,0.0001,8.825666666666667e-05,0.00026477,3
2022-10-31 00:00:00+00:00,0.0001,0.0001,0.00030000000000000003,3
2022-11-01 00:00:00+00:00,-5.32e-06,5.858333333333333e-05,0.00017575,3
2022-11-02 00:00:00+00:00,-0.00017234,-4.553333333333325e-06,-1.3659999999999974e-05,3
2022-11-03 00:00:00+00:00,0.0001,3.066666666666667e-05,9.200000000000001e-05,3
2022-11-04 00:00:00+00:00,0.0001,7.005000000000001e-05,0.00021015,3
2022-11-05 00:00:00+00:00,0.0001,0.0001,0.00030000000000000003,3
2022-11-06 00:00:00+00:00,-8.352e-05,-4.276666666666666e-06,-1.2829999999999997e-05,3
2022-11-07 00:00:00+00:00,0.0001,-4.0976666666666663e-05,-0.00012293,3
2022-11-08 00:00:00+00:00,8.031e-05,8.433333333333333e-05,0.00025299999999999997,3
2022-11-09 00:00:00+00:00,-6.92e-06,-0.00013271666666666668,-0.00039815,3
2022-11-10 00:00:00+00:00,1.243e-05,3.2400000000000024e-06,9.720000000000007e-06,3
2022-11-11 00:00:00+00:00,0.0001,0.0001,0.00030000000000000003,3
2022-11-12 00:00:00+00:00,6.496e-05,7.890000000000001e-05,0.0002367,3
2022-11-13 00:00:00+00:00,0.0001,8.157666666666667e-05,0.00024473,3
2022-11-14 00:00:00+00:00,0.0001,0.0001,0.00030000000000000003,3
2022-11-15 00:00:00+00:00,0.0001,0.0001,0.00030000000000000003,3
2022-11-16 00:00:00+00:00,0.0001,0.0001,0.00030000000000000003,3
2022-11-17 00:00:00+00:00,-8.13e-05,3.265e-05,9.795000000000001e-05,3
2022-11-18 00:00:00+00:00,-0.00030686,-0.00075523,-0.00226569,3
2022-11-19 00:00:00+00:00,-0.00036493,-0.00011742666666666666,-0.00035228,3
2022-11-20 00:00:00+00:00,0.0001,-0.00016299666666666666,-0.00048899,3
2022-11-21 00:00:00+00:00,-6.543e-05,3.845666666666667e-05,0.00011537,3
2022-11-22 00:00:00+00:00,-0.00079274,-0.00026967,-0.00080901,3
2022-11-23 00:00:00+00:00,-6.906e-05,-0.0002454066666666667,-0.00073622,3
2022-11-24 00:00:00+00:00,8.824e-05,9.608e-05,0.00028824,3
2022-11-25 00:00:00+00:00,-1.022e-05,-3.576666666666667e-05,-0.0001073,3
2022-11-26 00:00:00+00:00,9.535e-05,9.845e-05,0.00029535,3
2022-11-27 00:00:00+00:00,-3.41e-06,5.881666666666667e-05,0.00017645,3
2022-11-28 00:00:00+00:00,0.0001,0.0001,0.00030000000000000003,3
2022-11-29 00:00:00+00:00,-3.662e-05,5.446000000000001e-05,0.00016338000000000002,3
2022-11-30 00:00:00+00:00,0.0001,8.095666666666667e-05,0.00024287,3
2022-12-01 00:00:00+00:00,0.0001,0.0001,0.00030000000000000003,3
2022-12-02 00:00:00+00:00,0.0001,9.847333333333334e-05,0.00029542,3
2022-12-03 00:00:00+00:00,0.0001,7.028999999999999e-05,0.00021087,3
2022-12-04 00:00:00+00:00,0.0001,9.203333333333335e-05,0.00027610000000000004,3
2022-12-05 00:00:00+00:00,-0.00019704,-4.4773333333333334e-05,-0.00013432,3
2022-12-06 00:00:00+00:00,0.0001,0.0001,0.00030000000000000003,3
2022-12-07 00:00:00+00:00,0.0001,0.0001,0.00030000000000000003,3
2022-12-08 00:00:00+00:00,0.0001,9.76e-05,0.0002928,3
2022-12-09 00:00:00+00:00,0.0001,0.0001,0.00030000000000000003,3
2022-12-10 00:00:00+00:00,0.0001,0.0001,0.00030000000000000003,3
2022-12-11 00:00:00+00:00,5.103e-05,8.367666666666667e-05,0.00025103,3
2022-12-12 00:00:00+00:00,0.0001,0.0001,0.00030000000000000003,3
2022-12-13 00:00:00+00:00,3.405e-05,2.2000000000000003e-05,6.6e-05,3
2022-12-14 00:00:00+00:00,0.0001,0.0001,0.00030000000000000003,3
2022-12-15 00:00:00+00:00,0.0001,0.0001,0.00030000000000000003,3
2022-12-16 00:00:00+00:00,0.0001,0.0001,0.00030000000000000003,3
2022-12-17 00:00:00+00:00,0.0001,0.0001,0.00030000000000000003,3
2022-12-18 00:00:00+00:00,0.0001,0.0001,0.00030000000000000003,3
2022-12-19 00:00:00+00:00,0.0001,0.0001,0.00030000000000000003,3
2022-12-20 00:00:00+00:00,0.0001,0.0001,0.00030000000000000003,3
2022-12-21 00:00:00+00:00,0.0001,0.0001,0.00030000000000000003,3
2022-12-22 00:00:00+00:00,3.379e-05,7.793e-05,0.00023379,3
2022-12-23 00:00:00+00:00,0.0001,0.0001,0.00030000000000000003,3
2022-12-24 00:00:00+00:00,0.0001,0.0001,0.00030000000000000003,3
2022-12-25 00:00:00+00:00,6.264e-05,8.754666666666667e-05,0.00026264,3
2022-12-26 00:00:00+00:00,-0.00024715,-0.00018991333333333334,-0.00056974,3
2022-12-27 00:00:00+00:00,3.073e-05,-4.839666666666667e-05,-0.00014519,3
2022-12-28 00:00:00+00:00,0.0001,0.0001,0.00030000000000000003,3
2022-12-29 00:00:00+00:00,0.0001,0.0001,0.00030000000000000003,3
2022-12-30 00:00:00+00:00,0.0001,0.0001,0.00030000000000000003,3
2022-12-31 00:00:00+00:00,0.0001,0.0001,0.00030000000000000003,3
2023-01-01 00:00:00+00:00,0.0001,0.0001,0.00030000000000000003,3
2023-01-02 00:00:00+00:00,-6.324e-05,-1.164333333333333e-05,-3.492999999999999e-05,3
2023-01-03 00:00:00+00:00,0.0001,8.444000000000001e-05,0.00025332,3
2023-01-04 00:00:00+00:00,0.0001,0.0001,0.00030000000000000003,3
2023-01-05 00:00:00+00:00,0.0001,0.0001,0.00030000000000000003,3
2023-01-06 00:00:00+00:00,0.0001,0.0001,0.00030000000000000003,3
2023-01-07 00:00:00+00:00,0.0001,0.0001,0.00030000000000000003,3
2023-01-08 00:00:00+00:00,0.0001,0.0001,0.00030000000000000003,3
2023-01-09 00:00:00+00:00,0.0001,0.0001,0.00030000000000000003,3
2023-01-10 00:00:00+00:00,0.0001,0.0001,0.00030000000000000003,3
2023-01-11 00:00:00+00:00,0.0001,0.0001,0.00030000000000000003,3
2023-01-12 00:00:00+00:00,0.0001,0.0001,0.00030000000000000003,3
2023-01-13 00:00:00+00:00,0.0001,0.0001,0.00030000000000000003,3
2023-01-14 00:00:00+00:00,0.0001,0.0001,0.00030000000000000003,3
2023-01-15 00:00:00+00:00,0.0001,0.0001,0.00030000000000000003,3
2023-01-16 00:00:00+00:00,0.0001,0.0001,0.00030000000000000003,3
2023-01-17 00:00:00+00:00,0.0001,0.0001,0.00030000000000000003,3
2023-01-18 00:00:00+00:00,0.0001,0.0001,0.00030000000000000003,3
2023-01-19 00:00:00+00:00,0.0001,0.0001,0.00030000000000000003,3
2023-01-20 00:00:00+00:00,0.0001,0.0001,0.00030000000000000003,3
2023-01-21 00:00:00+00:00,0.0001,0.0001,0.00030000000000000003,3
2023-01-22 00:00:00+00:00,0.0001,0.0001,0.00030000000000000003,3
2023-01-23 00:00:00+00:00,0.0001,0.0001,0.00030000000000000003,3
2023-01-24 00:00:00+00:00,0.0001,0.0001,0.00030000000000000003,3
2023-01-25 00:00:00+00:00,0.0001,0.0001,0.00030000000000000003,3
2023-01-26 00:00:00+00:00,0.0001,0.0001,0.00030000000000000003,3
2023-01-27 00:00:00+00:00,0.0001,0.0001,0.00030000000000000003,3
2023-01-28 00:00:00+00:00,0.0001,0.0001,0.00030000000000000003,3
2023-01-29 00:00:00+00:00,0.0001,0.0001,0.00030000000000000003,3
2023-01-30 00:00:00+00:00,0.0001,0.0001,0.00030000000000000003,3
2023-01-31 00:00:00+00:00,0.0001,0.0001,0.00030000000000000003,3
2023-02-01 00:00:00+00:00,0.0001,9.61e-05,0.0002883,3
2023-02-02 00:00:00+00:00,0.0001,0.0001,0.00030000000000000003,3
2023-02-03 00:00:00+00:00,0.0001,0.0001,0.00030000000000000003,3
2023-02-04 00:00:00+00:00,0.0001,0.0001,0.00030000000000000003,3
2023-02-05 00:00:00+00:00,0.0001,0.0001,0.00030000000000000003,3
2023-02-06 00:00:00+00:00,0.0001,0.0001,0.00030000000000000003,3
2023-02-07 00:00:00+00:00,0.0001,0.0001,0.00030000000000000003,3
2023-02-08 00:00:00+00:00,0.0001,0.0001,0.00030000000000000003,3
2023-02-09 00:00:00+00:00,0.0001,0.0001,0.00030000000000000003,3
2023-02-10 00:00:00+00:00,0.0001,0.0001,0.00030000000000000003,3
2023-02-11 00:00:00+00:00,-8.088e-05,1.8313333333333336e-05,5.494000000000001e-05,3
2023-02-12 00:00:00+00:00,-3.444e-05,5.043333333333333e-06,1.5129999999999999e-05,3
2023-02-13 00:00:00+00:00,0.0001,3.4750000000000004e-05,0.00010425000000000001,3
2023-02-14 00:00:00+00:00,-1.96e-06,6.601333333333334e-05,0.00019804000000000002,3
2023-02-15 00:00:00+00:00,4.954e-05,-6.653666666666667e-05,-0.00019961,3
2023-02-16 00:00:00+00:00,0.0001,0.0001,0.00030000000000000003,3
2023-02-17 00:00:00+00:00,0.0001,0.0001,0.00030000000000000003,3
2023-02-18 00:00:00+00:00,0.0001,0.0001,0.00030000000000000003,3
2023-02-19 00:00:00+00:00,0.0001,0.0001,0.00030000000000000003,3
2023-02-20 00:00:00+00:00,0.0001,0.0001,0.00030000000000000003,3
2023-02-21 00:00:00+00:00,0.0001,0.0001,0.00030000000000000003,3
2023-02-22 00:00:00+00:00,0.0001,0.0001,0.00030000000000000003,3
2023-02-23 00:00:00+00:00,0.0001,0.0001,0.00030000000000000003,3
2023-02-24 00:00:00+00:00,0.0001,0.0001,0.00030000000000000003,3
2023-02-25 00:00:00+00:00,0.0001,0.0001,0.00030000000000000003,3
2023-02-26 00:00:00+00:00,0.0001,0.0001,0.00030000000000000003,3
2023-02-27 00:00:00+00:00,0.0001,0.0001,0.00030000000000000003,3
2023-02-28 00:00:00+00:00,0.0001,0.0001,0.00030000000000000003,3
2023-03-01 00:00:00+00:00,0.0001,0.0001,0.00030000000000000003,3
2023-03-02 00:00:00+00:00,0.0001,0.0001,0.00030000000000000003,3
2023-03-03 00:00:00+00:00,0.0001,0.0001,0.00030000000000000003,3
2023-03-04 00:00:00+00:00,0.0001,8.036666666666666e-05,0.0002411,3
2023-03-05 00:00:00+00:00,0.0001,0.0001,0.00030000000000000003,3
2023-03-06 00:00:00+00:00,0.0001,0.0001,0.00030000000000000003,3
2023-03-07 00:00:00+00:00,0.0001,0.0001,0.00030000000000000003,3
2023-03-08 00:00:00+00:00,0.0001,0.0001,0.00030000000000000003,3
2023-03-09 00:00:00+00:00,4.231e-05,7.712666666666666e-05,0.00023138,3
2023-03-10 00:00:00+00:00,0.0001,9.294333333333333e-05,0.00027883,3
2023-03-11 00:00:00+00:00,0.0001,0.0001,0.00030000000000000003,3
2023-03-12 00:00:00+00:00,0.0001,0.0001,0.00030000000000000003,3
2023-03-13 00:00:00+00:00,0.0001,0.0001,0.00030000000000000003,3
2023-03-14 00:00:00+00:00,0.0001,0.0001,0.00030000000000000003,3
2023-03-15 00:00:00+00:00,0.0001,0.0001,0.00030000000000000003,3
2023-03-16 00:00:00+00:00,0.0001,0.0001,0.00030000000000000003,3
2023-03-17 00:00:00+00:00,0.0001,0.0001,0.00030000000000000003,3
2023-03-18 00:00:00+00:00,0.0001,0.0001,0.00030000000000000003,3
2023-03-19 00:00:00+00:00,4.603e-05,-5.166666666666634e-07,-1.5499999999999902e-06,3
2023-03-20 00:00:00+00:00,0.0001,6.900666666666666e-05,0.00020702,3
2023-03-21 00:00:00+00:00,0.0001,7.028e-05,0.00021084,3
2023-03-22 00:00:00+00:00,0.0001,6.36e-05,0.0001908,3
2023-03-23 00:00:00+00:00,-0.00017117,-0.00018235666666666667,-0.00054707,3
2023-03-24 00:00:00+00:00,0.0001,0.0001,0.00030000000000000003,3
2023-03-25 00:00:00+00:00,0.0001,0.0001,0.00030000000000000003,3
2023-03-26 00:00:00+00:00,0.0001,0.0001,0.00030000000000000003,3
2023-03-27 00:00:00+00:00,0.0001,9.995333333333333e-05,0.00029986,3
2023-03-28 00:00:00+00:00,0.0001,0.0001,0.00030000000000000003,3
2023-03-29 00:00:00+00:00,0.0001,8.217333333333333e-05,0.00024652,3
2023-03-30 00:00:00+00:00,0.0001,0.0001,0.00030000000000000003,3
2023-03-31 00:00:00+00:00,0.0001,6.429e-05,0.00019287,3
2023-04-01 00:00:00+00:00,0.0001,0.0001,0.00030000000000000003,3
2023-04-02 00:00:00+00:00,0.0001,9.418000000000001e-05,0.00028254,3
2023-04-03 00:00:00+00:00,0.0001,0.0001,0.00030000000000000003,3
2023-04-04 00:00:00+00:00,0.0001,0.0001,0.00030000000000000003,3
2023-04-05 00:00:00+00:00,0.0001,0.0001,0.00030000000000000003,3
2023-04-06 00:00:00+00:00,0.0001,9.807333333333333e-05,0.00029422,3
2023-04-07 00:00:00+00:00,0.0001,0.0001,0.00030000000000000003,3
2023-04-08 00:00:00+00:00,0.0001,0.0001,0.00030000000000000003,3
2023-04-09 00:00:00+00:00,0.0001,0.0001,0.00030000000000000003,3
2023-04-10 00:00:00+00:00,0.0001,8.813333333333334e-05,0.00026440000000000003,3
2023-04-11 00:00:00+00:00,0.0001,0.0001,0.00030000000000000003,3
2023-04-12 00:00:00+00:00,0.0001,0.0001,0.00030000000000000003,3
2023-04-13 00:00:00+00:00,0.0001,0.0001,0.00030000000000000003,3
2023-04-14 00:00:00+00:00,0.0001,0.0001,0.00030000000000000003,3
2023-04-15 00:00:00+00:00,0.0001,0.0001,0.00030000000000000003,3
2023-04-16 00:00:00+00:00,0.0001,0.0001,0.00030000000000000003,3
2023-04-17 00:00:00+00:00,0.0001,0.0001,0.00030000000000000003,3
2023-04-18 00:00:00+00:00,0.00024042,0.00014680666666666667,0.00044042,3
2023-04-19 00:00:00+00:00,0.0001,0.00010087666666666667,0.00030263,3
2023-04-20 00:00:00+00:00,0.0001,0.0001,0.00030000000000000003,3
2023-04-21 00:00:00+00:00,0.0001,0.0001,0.00030000000000000003,3
2023-04-22 00:00:00+00:00,3.444e-05,7.814666666666668e-05,0.00023444,3
2023-04-23 00:00:00+00:00,9.718e-05,9.906e-05,0.00029718,3
2023-04-24 00:00:00+00:00,4.903e-05,4.5033333333333335e-05,0.0001351,3
2023-04-25 00:00:00+00:00,5.605e-05,8.535e-05,0.00025605,3
2023-04-26 00:00:00+00:00,0.0001,0.0001,0.00030000000000000003,3
2023-04-27 00:00:00+00:00,0.0001,0.0001,0.00030000000000000003,3
2023-04-28 00:00:00+00:00,0.0001,0.0001,0.00030000000000000003,3
2023-04-29 00:00:00+00:00,0.0001,0.0001,0.00030000000000000003,3
2023-04-30 00:00:00+00:00,0.0001,0.0001,0.00030000000000000003,3
2023-05-01 00:00:00+00:00,0.0001,0.0001,0.00030000000000000003,3
2023-05-02 00:00:00+00:00,0.0001,0.0001,0.00030000000000000003,3
2023-05-03 00:00:00+00:00,4.24e-05,8.08e-05,0.0002424,3
2023-05-04 00:00:00+00:00,0.0001,8.821000000000001e-05,0.00026463,3
2023-05-05 00:00:00+00:00,0.0001,9.611666666666668e-05,0.00028835000000000004,3
2023-05-06 00:00:00+00:00,0.0001,0.0001,0.00030000000000000003,3
2023-05-07 00:00:00+00:00,3.044e-05,4.989333333333334e-05,0.00014968000000000002,3
2023-05-08 00:00:00+00:00,0.0001,0.0001,0.00030000000000000003,3
2023-05-09 00:00:00+00:00,3.077e-05,5.685666666666666e-05,0.00017057,3
2023-05-10 00:00:00+00:00,4.585e-05,2.7656666666666666e-05,8.297e-05,3
2023-05-11 00:00:00+00:00,4.97e-05,4.626333333333334e-05,0.00013879000000000002,3
2023-05-12 00:00:00+00:00,6.156e-05,8.348666666666666e-05,0.00025046,3
2023-05-13 00:00:00+00:00,5.711e-05,5.6143333333333335e-05,0.00016843,3
2023-05-14 00:00:00+00:00,5.907e-05,8.378666666666667e-05,0.00025136,3
2023-05-15 00:00:00+00:00,2.498e-05,3.676666666666667e-05,0.0001103,3
2023-05-16 00:00:00+00:00,-1.89e-06,2.4540000000000002e-05,7.362e-05,3
2023-05-17 00:00:00+00:00,7.438e-05,4.1723333333333334e-05,0.00012517,3
2023-05-18 00:00:00+00:00,0.0001,7.952333333333334e-05,0.00023857000000000001,3
2023-05-19 00:00:00+00:00,8.688e-05,9.562666666666666e-05,0.00028688,3
2023-05-20 00:00:00+00:00,0.0001,0.0001,0.00030000000000000003,3
2023-05-21 00:00:00+00:00,9.861e-05,5.174000000000001e-05,0.00015522000000000002,3
2023-05-22 00:00:00+00:00,0.0001,8.203000000000001e-05,0.00024609,3
2023-05-23 00:00:00+00:00,0.0001,0.0001,0.00030000000000000003,3
2023-05-24 00:00:00+00:00,0.0001,0.0001,0.00030000000000000003,3
2023-05-25 00:00:00+00:00,0.0001,0.0001,0.00030000000000000003,3
2023-05-26 00:00:00+00:00,0.0001,0.0001,0.00030000000000000003,3
2023-05-27 00:00:00+00:00,0.0001,8.992333333333333e-05,0.00026977,3
2023-05-28 00:00:00+00:00,0.0001,0.0001,0.00030000000000000003,3
2023-05-29 00:00:00+00:00,0.0001,0.0001,0.00030000000000000003,3
2023-05-30 00:00:00+00:00,0.0001,0.0001,0.00030000000000000003,3
2023-05-31 00:00:00+00:00,0.0001,0.0001,0.00030000000000000003,3
2023-06-01 00:00:00+00:00,7.501e-05,7.855333333333334e-05,0.00023566,3
2023-06-02 00:00:00+00:00,0.0001,0.0001,0.00030000000000000003,3
2023-06-03 00:00:00+00:00,6.073e-05,7.855666666666667e-05,0.00023567,3
2023-06-04 00:00:00+00:00,5.734e-05,8.578e-05,0.00025734,3
2023-06-05 00:00:00+00:00,0.0001,0.0001,0.00030000000000000003,3
2023-06-06 00:00:00+00:00,2.888e-05,7.629333333333334e-05,0.00022888000000000002,3
2023-06-07 00:00:00+00:00,0.0001,0.0001,0.00030000000000000003,3
2023-06-08 00:00:00+00:00,0.0001,0.0001,0.00030000000000000003,3
2023-06-09 00:00:00+00:00,7.089e-05,9.029666666666666e-05,0.00027089,3
2023-06-10 00:00:00+00:00,0.0001,0.0001,0.00030000000000000003,3
2023-06-11 00:00:00+00:00,0.0001,4.7953333333333334e-05,0.00014386,3
2023-06-12 00:00:00+00:00,0.0001,8.286333333333334e-05,0.00024859000000000003,3
2023-06-13 00:00:00+00:00,0.0001,3.948666666666667e-05,0.00011846,3
2023-06-14 00:00:00+00:00,0.0001,9.336000000000001e-05,0.00028008000000000004,3
2023-06-15 00:00:00+00:00,8.622e-05,7.805e-05,0.00023415,3
2023-06-16 00:00:00+00:00,8.048e-05,9.349333333333333e-05,0.00028048,3
2023-06-17 00:00:00+00:00,9.875e-05,6.567e-05,0.00019701,3
2023-06-18 00:00:00+00:00,0.0001,7.397666666666667e-05,0.00022193,3
2023-06-19 00:00:00+00:00,0.0001,0.0001,0.00030000000000000003,3
2023-06-20 00:00:00+00:00,4.773e-05,2.6693333333333334e-05,8.008e-05,3
2023-06-21 00:00:00+00:00,0.0001,0.0001,0.00030000000000000003,3
2023-06-22 00:00:00+00:00,0.0001,9.051666666666667e-05,0.00027155,3
2023-06-23 00:00:00+00:00,0.0001,9.777000000000001e-05,0.00029331,3
2023-06-24 00:00:00+00:00,0.0001,0.0001,0.00030000000000000003,3
2023-06-25 00:00:00+00:00,0.0001,0.0001,0.00030000000000000003,3
2023-06-26 00:00:00+00:00,0.0001,0.0001,0.00030000000000000003,3
2023-06-27 00:00:00+00:00,0.0001,0.0001,0.00030000000000000003,3
2023-06-28 00:00:00+00:00,0.0001,0.0001,0.00030000000000000003,3
2023-06-29 00:00:00+00:00,0.0001,8.027e-05,0.00024081,3
2023-06-30 00:00:00+00:00,0.0001,0.0001,0.00030000000000000003,3
2023-07-01 00:00:00+00:00,0.0001,0.0001,0.00030000000000000003,3
2023-07-02 00:00:00+00:00,0.0001,0.0001,0.00030000000000000003,3
2023-07-03 00:00:00+00:00,0.0001,0.0001,0.00030000000000000003,3
2023-07-04 00:00:00+00:00,0.0001,0.0001,0.00030000000000000003,3
2023-07-05 00:00:00+00:00,0.0001,0.0001,0.00030000000000000003,3
2023-07-06 00:00:00+00:00,0.0001,0.0001,0.00030000000000000003,3
2023-07-07 00:00:00+00:00,9.043e-05,9.681e-05,0.00029043,3
2023-07-08 00:00:00+00:00,0.0001,8.722000000000001e-05,0.00026166000000000004,3
2023-07-09 00:00:00+00:00,0.0001,0.0001,0.00030000000000000003,3
2023-07-10 00:00:00+00:00,9.671e-05,9.890333333333333e-05,0.00029671,3
2023-07-11 00:00:00+00:00,0.0001,6.502333333333332e-05,0.00019507,3
2023-07-12 00:00:00+00:00,8.295e-05,9.431666666666668e-05,0.00028295,3
2023-07-13 00:00:00+00:00,0.0001,9.126666666666669e-05,0.00027380000000000004,3
2023-07-14 00:00:00+00:00,0.0001,0.0001,0.00030000000000000003,3
2023-07-15 00:00:00+00:00,0.0001,0.0001,0.00030000000000000003,3
2023-07-16 00:00:00+00:00,0.0001,0.0001,0.00030000000000000003,3
2023-07-17 00:00:00+00:00,0.0001,8.513333333333335e-05,0.00025540000000000003,3
2023-07-18 00:00:00+00:00,0.0001,9.712333333333333e-05,0.00029137,3
2023-07-19 00:00:00+00:00,-2.904e-05,5.606e-05,0.00016818,3
2023-07-20 00:00:00+00:00,4.943e-05,6.661e-05,0.00019983000000000002,3
2023-07-21 00:00:00+00:00,0.0001,9.093333333333334e-05,0.0002728,3
2023-07-22 00:00:00+00:00,7.521e-05,5.3463333333333334e-05,0.00016039,3
2023-07-23 00:00:00+00:00,0.0001,9.747e-05,0.00029241,3
2023-07-24 00:00:00+00:00,7.904e-05,3.6133333333333335e-05,0.0001084,3
2023-07-25 00:00:00+00:00,1.921e-05,5.737e-05,0.00017211,3
2023-07-26 00:00:00+00:00,6.576e-05,2.8826666666666666e-05,8.648e-05,3
2023-07-27 00:00:00+00:00,0.0001,7.4e-05,0.000222,3
2023-07-28 00:00:00+00:00,0.0001,8.957333333333334e-05,0.00026872,3
2023-07-29 00:00:00+00:00,8.838e-05,7.768333333333333e-05,0.00023305,3
2023-07-30 00:00:00+00:00,0.0001,8.132666666666667e-05,0.00024398,3
2023-07-31 00:00:00+00:00,5.913e-05,8.637666666666667e-05,0.00025913,3
2023-08-01 00:00:00+00:00,0.0001,0.0001,0.00030000000000000003,3
2023-08-02 00:00:00+00:00,-4.262e-05,-7.709999999999999e-06,-2.3129999999999997e-05,3
2023-08-03 00:00:00+00:00,0.0001,8.628e-05,0.00025884,3
2023-08-04 00:00:00+00:00,3.599e-05,6.388e-05,0.00019164,3
2023-08-05 00:00:00+00:00,0.0001,0.0001,0.00030000000000000003,3
2023-08-06 00:00:00+00:00,0.0001,9.455e-05,0.00028365,3
2023-08-07 00:00:00+00:00,0.0001,0.0001,0.00030000000000000003,3
2023-08-08 00:00:00+00:00,0.0001,0.0001,0.00030000000000000003,3
2023-08-09 00:00:00+00:00,0.0001,5.892333333333333e-05,0.00017677,3
2023-08-10 00:00:00+00:00,0.0001,8.069666666666667e-05,0.00024209,3
2023-08-11 00:00:00+00:00,1.886e-05,3.254666666666667e-05,9.764000000000001e-05,3
2023-08-12 00:00:00+00:00,0.0001,0.0001,0.00030000000000000003,3
2023-08-13 00:00:00+00:00,0.0001,0.0001,0.00030000000000000003,3
2023-08-14 00:00:00+00:00,0.0001,0.0001,0.00030000000000000003,3
2023-08-15 00:00:00+00:00,0.0001,0.0001,0.00030000000000000003,3
2023-08-16 00:00:00+00:00,9.893e-05,9.368333333333334e-05,0.00028105000000000003,3
2023-08-17 00:00:00+00:00,-2.36e-05,-1.8883333333333333e-05,-5.6649999999999995e-05,3
2023-08-18 00:00:00+00:00,-0.00010996,-0.00015819666666666666,-0.00047459,3
2023-08-19 00:00:00+00:00,-9.884e-05,-5.61e-05,-0.0001683,3
2023-08-20 00:00:00+00:00,-8.35e-06,-0.00014170333333333334,-0.00042511000000000003,3
2023-08-21 00:00:00+00:00,-3.86e-06,-3.066e-05,-9.198e-05,3
2023-08-22 00:00:00+00:00,-3.071e-05,-9.681666666666666e-05,-0.00029045,3
2023-08-23 00:00:00+00:00,-1.4e-07,3.7433333333333336e-06,1.1230000000000001e-05,3
2023-08-24 00:00:00+00:00,-7.255e-05,-5.181333333333334e-05,-0.00015544000000000002,3
2023-08-25 00:00:00+00:00,4.406e-05,3.3266666666666677e-06,9.980000000000003e-06,3
2023-08-26 00:00:00+00:00,0.0001,9.443333333333333e-05,0.0002833,3
2023-08-27 00:00:00+00:00,4.894e-05,5.356666666666667e-05,0.0001607,3
2023-08-28 00:00:00+00:00,4.177e-05,5.8809999999999994e-05,0.00017643,3
2023-08-29 00:00:00+00:00,0.0001,5.34e-05,0.0001602,3
2023-08-30 00:00:00+00:00,6.748e-05,1.1876666666666666e-05,3.5629999999999996e-05,3
2023-08-31 00:00:00+00:00,9.186e-05,6.732666666666667e-05,0.00020198,3
2023-09-01 00:00:00+00:00,-1.34e-05,1.3016666666666665e-05,3.9049999999999994e-05,3
2023-09-02 00:00:00+00:00,-3.286e-05,-8.156666666666668e-06,-2.447e-05,3
2023-09-03 00:00:00+00:00,1.022e-05,-1.231e-05,-3.693e-05,3
2023-09-04 00:00:00+00:00,5.157e-05,5.579333333333334e-05,0.00016738000000000001,3
2023-09-05 00:00:00+00:00,4.79e-05,7.868666666666667e-05,0.00023606,3
2023-09-06 00:00:00+00:00,5.52e-06,2.3749999999999998e-05,7.125e-05,3
2023-09-07 00:00:00+00:00,4.811e-05,3.580333333333334e-05,0.00010741,3
2023-09-08 00:00:00+00:00,-0.00016502,-2.4836666666666662e-05,-7.450999999999999e-05,3
2023-09-09 00:00:00+00:00,-1.716e-05,-6.912666666666667e-05,-0.00020738,3
2023-09-10 00:00:00+00:00,5.755e-05,3.5063333333333334e-05,0.00010519,3
2023-09-11 00:00:00+00:00,1.099e-05,-2.4599999999999997e-06,-7.379999999999999e-06,3
2023-09-12 00:00:00+00:00,6.107e-05,2.993333333333333e-05,8.979999999999999e-05,3
2023-09-13 00:00:00+00:00,-1.35e-06,-2.6666666666666664e-06,-8e-06,3
2023-09-14 00:00:00+00:00,6.366e-05,7.959333333333334e-05,0.00023878000000000001,3
2023-09-15 00:00:00+00:00,0.0001,8.380666666666667e-05,0.00025142000000000003,3
2023-09-16 00:00:00+00:00,3.031e-05,6.928666666666667e-05,0.00020786,3
2023-09-17 00:00:00+00:00,-4.447e-05,4.629e-05,0.00013887,3
2023-09-18 00:00:00+00:00,5.419e-05,3.871000000000001e-05,0.00011613000000000001,3
2023-09-19 00:00:00+00:00,8.16e-05,1.5116666666666669e-05,4.5350000000000005e-05,3
2023-09-20 00:00:00+00:00,0.0001,8.692e-05,0.00026076,3
2023-09-21 00:00:00+00:00,6.541e-05,3.448666666666667e-05,0.00010346,3
2023-09-22 00:00:00+00:00,4.052e-05,1.542333333333333e-05,4.626999999999999e-05,3
2023-09-23 00:00:00+00:00,1.928e-05,2.089333333333333e-05,6.267999999999999e-05,3
2023-09-24 00:00:00+00:00,-3.902e-05,-1.233333333333334e-06,-3.700000000000002e-06,3
2023-09-25 00:00:00+00:00,9.443e-05,8.737333333333334e-05,0.00026212,3
2023-09-26 00:00:00+00:00,9.858e-05,9.742666666666667e-05,0.00029228,3
2023-09-27 00:00:00+00:00,1.35e-05,3.910666666666666e-05,0.00011732,3
2023-09-28 00:00:00+00:00,4.803e-05,6.131000000000001e-05,0.00018393,3
2023-09-29 00:00:00+00:00,0.0001,8.136666666666666e-05,0.0002441,3
2023-09-30 00:00:00+00:00,0.0001,7.688e-05,0.00023064,3
2023-10-01 00:00:00+00:00,0.0001,0.0001,0.00030000000000000003,3
2023-10-02 00:00:00+00:00,2.11e-06,5.9506666666666664e-05,0.00017852,3
2023-10-03 00:00:00+00:00,1.809e-05,5.663333333333334e-05,0.0001699,3
2023-10-04 00:00:00+00:00,9.026e-05,5.1256666666666673e-05,0.00015377,3
2023-10-05 00:00:00+00:00,-4.147e-05,-2.2800000000000006e-06,-6.840000000000002e-06,3
2023-10-06 00:00:00+00:00,1.707e-05,1.7693333333333332e-05,5.308e-05,3
2023-10-07 00:00:00+00:00,5.01e-06,1.531666666666667e-05,4.5950000000000006e-05,3
2023-10-08 00:00:00+00:00,1.816e-05,-7.5766666666666656e-06,-2.2729999999999998e-05,3
2023-10-09 00:00:00+00:00,0.0001,1.1003333333333337e-05,3.301000000000001e-05,3
2023-10-10 00:00:00+00:00,7.548e-05,4.3440000000000004e-05,0.00013032,3
2023-10-11 00:00:00+00:00,0.0001,6.370333333333333e-05,0.00019111,3
2023-10-12 00:00:00+00:00,6.947e-05,7.898666666666667e-05,0.00023696,3
2023-10-13 00:00:00+00:00,1.536e-05,5.809e-05,0.00017427,3
2023-10-14 00:00:00+00:00,-6.72e-06,2.291e-05,6.873e-05,3
2023-10-15 00:00:00+00:00,4.054e-05,2.288666666666667e-05,6.866000000000001e-05,3
2023-10-16 00:00:00+00:00,3.601e-05,2.183e-05,6.549e-05,3
2023-10-17 00:00:00+00:00,8.545e-05,8.467666666666668e-05,0.00025403000000000003,3
2023-10-18 00:00:00+00:00,-1.33e-05,1.809e-05,5.427e-05,3
2023-10-19 00:00:00+00:00,-3.667e-05,5.4443333333333334e-05,0.00016333,3
2023-10-20 00:00:00+00:00,4.33e-06,-1.1899999999999998e-05,-3.5699999999999994e-05,3
2023-10-21 00:00:00+00:00,1.688e-05,2.3900000000000004e-06,7.170000000000001e-06,3
2023-10-22 00:00:00+00:00,6.58e-06,6.886e-05,0.00020658000000000002,3
2023-10-23 00:00:00+00:00,0.0001,9.687666666666667e-05,0.00029063,3
2023-10-24 00:00:00+00:00,0.0001,0.0001,0.00030000000000000003,3
2023-10-25 00:00:00+00:00,0.0001,0.0001,0.00030000000000000003,3
2023-10-26 00:00:00+00:00,0.0001,0.0001,0.00030000000000000003,3
2023-10-27 00:00:00+00:00,0.0001,0.0001,0.00030000000000000003,3
2023-10-28 00:00:00+00:00,0.0001,0.0001,0.00030000000000000003,3
2023-10-29 00:00:00+00:00,0.0001,0.0001,0.00030000000000000003,3
2023-10-30 00:00:00+00:00,0.0001,0.0001,0.00030000000000000003,3
2023-10-31 00:00:00+00:00,0.0001,0.0001,0.00030000000000000003,3
2023-11-01 00:00:00+00:00,0.0001,0.00010111,0.00030333,3
2023-11-02 00:00:00+00:00,0.00017727,0.00020051666666666664,0.00060155,3
2023-11-03 00:00:00+00:00,0.0001,0.0001,0.00030000000000000003,3
2023-11-04 00:00:00+00:00,0.0001,0.0001,0.00030000000000000003,3
2023-11-05 00:00:00+00:00,0.00017141,0.00012380333333333331,0.00037140999999999997,3
2023-11-06 00:00:00+00:00,0.00037145,0.00024683,0.00074049,3
2023-11-07 00:00:00+00:00,0.00010214,0.0002538766666666667,0.00076163,3
2023-11-08 00:00:00+00:00,0.00023687,0.00017496000000000002,0.00052488,3
2023-11-09 00:00:00+00:00,0.00042288,0.00031879,0.00095637,3
2023-11-10 00:00:00+00:00,0.00015278,0.00020043666666666666,0.00060131,3
2023-11-11 00:00:00+00:00,0.00032446,0.00024778,0.00074334,3
2023-11-12 00:00:00+00:00,0.00038211,0.0002946766666666667,0.0008840300000000001,3
2023-11-13 00:00:00+00:00,0.00034473,0.00036607666666666665,0.00109823,3
2023-11-14 00:00:00+00:00,0.00016989,0.0001530333333333333,0.00045909999999999994,3
2023-11-15 00:00:00+00:00,0.0001,0.0001,0.00030000000000000003,3
2023-11-16 00:00:00+00:00,0.000109,0.00014537666666666668,0.00043613,3
2023-11-17 00:00:00+00:00,0.0001,0.00014478666666666666,0.00043436,3
2023-11-18 00:00:00+00:00,0.0001,0.0001,0.00030000000000000003,3
2023-11-19 00:00:00+00:00,0.0001,0.0001,0.00030000000000000003,3
2023-11-20 00:00:00+00:00,0.0001,0.00011427666666666667,0.00034283,3
2023-11-21 00:00:00+00:00,0.00011714,0.00010571333333333334,0.00031714000000000004,3
2023-11-22 00:00:00+00:00,0.0001,0.0001,0.00030000000000000003,3
2023-11-23 00:00:00+00:00,0.0001,0.0001,0.00030000000000000003,3
2023-11-24 00:00:00+00:00,0.0001,0.0001,0.00030000000000000003,3
2023-11-25 00:00:00+00:00,0.0001,0.0001,0.00030000000000000003,3
2023-11-26 00:00:00+00:00,0.0001,0.0001,0.00030000000000000003,3
2023-11-27 00:00:00+00:00,0.0001,0.0001,0.00030000000000000003,3
2023-11-28 00:00:00+00:00,0.0001,0.0001,0.00030000000000000003,3
2023-11-29 00:00:00+00:00,0.0001,0.0001,0.00030000000000000003,3
2023-11-30 00:00:00+00:00,0.0001,0.0001,0.00030000000000000003,3
2023-12-01 00:00:00+00:00,0.0001,0.0001,0.00030000000000000003,3
2023-12-02 00:00:00+00:00,0.0001,0.0001,0.00030000000000000003,3
2023-12-03 00:00:00+00:00,0.00018606,0.00019046000000000002,0.00057138,3
2023-12-04 00:00:00+00:00,0.00018703,0.0002953466666666667,0.00088604,3
2023-12-05 00:00:00+00:00,0.00010143,0.00016003333333333334,0.0004801,3
2023-12-06 00:00:00+00:00,0.0002539,0.0002896333333333333,0.0008688999999999999,3
2023-12-07 00:00:00+00:00,0.00030095,0.00026265,0.00078795,3
2023-12-08 00:00:00+00:00,0.00027049,0.00032705999999999995,0.00098118,3
2023-12-09 00:00:00+00:00,0.00060204,0.0005265666666666667,0.0015797,3
2023-12-10 00:00:00+00:00,0.00035608,0.0004088233333333333,0.00122647,3
2023-12-11 00:00:00+00:00,0.0001,0.00018856000000000002,0.00056568,3
2023-12-12 00:00:00+00:00,0.00020616,0.00013538666666666668,0.00040616000000000003,3
2023-12-13 00:00:00+00:00,0.00013378,0.00013825333333333334,0.00041476,3
2023-12-14 00:00:00+00:00,0.00030256,0.00021375666666666667,0.00064127,3
2023-12-15 00:00:00+00:00,0.00022968,0.00033680666666666663,0.00101042,3
2023-12-16 00:00:00+00:00,0.00024252,0.00019734333333333335,0.00059203,3
2023-12-17 00:00:00+00:00,0.00021402,0.00018355666666666664,0.00055067,3
2023-12-18 00:00:00+00:00,0.0001416,0.00015454,0.00046362,3
2023-12-19 00:00:00+00:00,0.0001,0.00011772333333333333,0.00035317,3
2023-12-20 00:00:00+00:00,0.00021352,0.00013990333333333333,0.00041971,3
2023-12-21 00:00:00+00:00,0.00040205,0.00036020333333333334,0.00108061,3
2023-12-22 00:00:00+00:00,0.00058337,0.0005238900000000001,0.00157167,3
2023-12-23 00:00:00+00:00,0.00042563,0.0003230033333333333,0.00096901,3
2023-12-24 00:00:00+00:00,0.00038351,0.00035217666666666664,0.00105653,3
2023-12-25 00:00:00+00:00,0.00047871,0.00041883666666666665,0.00125651,3
2023-12-26 00:00:00+00:00,0.00056497,0.0005618166666666667,0.00168545,3
2023-12-27 00:00:00+00:00,0.00052764,0.00040072333333333334,0.00120217,3
2023-12-28 00:00:00+00:00,0.00065917,0.0005486333333333334,0.0016459,3
2023-12-29 00:00:00+00:00,0.00042995,0.00049049,0.00147147,3
2023-12-30 00:00:00+00:00,0.00033393,0.0003275566666666667,0.0009826700000000002,3
2023-12-31 00:00:00+00:00,0.00048885,0.00042918,0.00128754,3
2024-01-01 00:00:00+00:00,0.00033423,0.00028388333333333334,0.00085165,3
2024-01-02 00:00:00+00:00,0.0007118,0.0006204966666666666,0.00186149,3
2024-01-03 00:00:00+00:00,0.0001,0.00037618,0.00112854,3
2024-01-04 00:00:00+00:00,0.0001,0.0001,0.00030000000000000003,3
2024-01-05 00:00:00+00:00,0.0001,0.0001,0.00030000000000000003,3
2024-01-06 00:00:00+00:00,0.0001,0.0001,0.00030000000000000003,3
2024-01-07 00:00:00+00:00,0.0001,0.0001,0.00030000000000000003,3
2024-01-08 00:00:00+00:00,0.0001,0.0001,0.00030000000000000003,3
2024-01-09 00:00:00+00:00,0.0001,0.0001,0.00030000000000000003,3
2024-01-10 00:00:00+00:00,0.0001,0.0001,0.00030000000000000003,3
2024-01-11 00:00:00+00:00,0.0001,0.0001,0.00030000000000000003,3
2024-01-12 00:00:00+00:00,0.0001,0.0001,0.00030000000000000003,3
2024-01-13 00:00:00+00:00,0.0001,0.0001,0.00030000000000000003,3
2024-01-14 00:00:00+00:00,0.0001,0.0001,0.00030000000000000003,3
2024-01-15 00:00:00+00:00,0.0001,0.0001,0.00030000000000000003,3
2024-01-16 00:00:00+00:00,0.0001,0.0001,0.00030000000000000003,3
2024-01-17 00:00:00+00:00,0.0001,0.0001,0.00030000000000000003,3
2024-01-18 00:00:00+00:00,0.0001,0.0001,0.00030000000000000003,3
2024-01-19 00:00:00+00:00,0.0001,0.0001,0.00030000000000000003,3
2024-01-20 00:00:00+00:00,0.0001,0.0001,0.00030000000000000003,3
2024-01-21 00:00:00+00:00,0.0001,0.0001,0.00030000000000000003,3
2024-01-22 00:00:00+00:00,0.0001,0.0001,0.00030000000000000003,3
2024-01-23 00:00:00+00:00,0.0001,0.0001,0.00030000000000000003,3
2024-01-24 00:00:00+00:00,0.0001,0.0001,0.00030000000000000003,3
2024-01-25 00:00:00+00:00,0.0001,0.0001,0.00030000000000000003,3
2024-01-26 00:00:00+00:00,0.0001,0.0001,0.00030000000000000003,3
2024-01-27 00:00:00+00:00,0.0001,0.0001,0.00030000000000000003,3
2024-01-28 00:00:00+00:00,0.0001,0.0001,0.00030000000000000003,3
2024-01-29 00:00:00+00:00,0.0001,0.0001,0.00030000000000000003,3
2024-01-30 00:00:00+00:00,0.0001,0.0001,0.00030000000000000003,3
2024-01-31 00:00:00+00:00,0.0001,0.0001,0.00030000000000000003,3
2024-02-01 00:00:00+00:00,0.0001,0.0001,0.00030000000000000003,3
2024-02-02 00:00:00+00:00,0.0001,0.0001,0.00030000000000000003,3
2024-02-03 00:00:00+00:00,0.0001,0.0001,0.00030000000000000003,3
2024-02-04 00:00:00+00:00,0.0001,0.0001,0.00030000000000000003,3
2024-02-05 00:00:00+00:00,0.0001,0.0001,0.00030000000000000003,3
2024-02-06 00:00:00+00:00,0.0001,0.0001,0.00030000000000000003,3
2024-02-07 00:00:00+00:00,0.0001,0.0001,0.00030000000000000003,3
2024-02-08 00:00:00+00:00,0.0001,0.0001,0.00030000000000000003,3
2024-02-09 00:00:00+00:00,0.0001,0.0001,0.00030000000000000003,3
2024-02-10 00:00:00+00:00,0.0001,0.0001,0.00030000000000000003,3
2024-02-11 00:00:00+00:00,0.0001,0.0001,0.00030000000000000003,3
2024-02-12 00:00:00+00:00,0.0001,0.0001,0.00030000000000000003,3
2024-02-13 00:00:00+00:00,0.0001,0.00011208666666666667,0.00033626,3
2024-02-14 00:00:00+00:00,0.0001,0.0001,0.00030000000000000003,3
2024-02-15 00:00:00+00:00,0.00015685,0.00016362666666666666,0.00049088,3
2024-02-16 00:00:00+00:00,0.00018034,0.00018267333333333332,0.00054802,3
2024-02-17 00:00:00+00:00,0.00010193,0.00015238666666666666,0.00045715999999999997,3
2024-02-18 00:00:00+00:00,0.00018975,0.00012991666666666666,0.00038975,3
2024-02-19 00:00:00+00:00,0.00029913,0.0002790833333333333,0.0008372499999999999,3
2024-02-20 00:00:00+00:00,0.00021693,0.0002944833333333333,0.00088345,3
2024-02-21 00:00:00+00:00,0.0001,0.0001,0.00030000000000000003,3
2024-02-22 00:00:00+00:00,0.0001254,0.00010846666666666667,0.0003254,3
2024-02-23 00:00:00+00:00,0.0001,0.00010934333333333333,0.00032803,3
2024-02-24 00:00:00+00:00,0.0001502,0.00013162999999999998,0.00039488999999999995,3
2024-02-25 00:00:00+00:00,0.000247,0.00019399666666666666,0.00058199,3
2024-02-26 00:00:00+00:00,0.00028074,0.00030104666666666666,0.00090314,3
2024-02-27 00:00:00+00:00,0.00037131,0.00041328000000000003,0.00123984,3
2024-02-28 00:00:00+00:00,0.00054057,0.00042493666666666664,0.00127481,3
2024-02-29 00:00:00+00:00,0.00074037,0.0005961299999999999,0.00178839,3
2024-03-01 00:00:00+00:00,0.00058917,0.0005460433333333333,0.00163813,3
2024-03-02 00:00:00+00:00,0.00066403,0.0006720399999999999,0.0020161199999999997,3
2024-03-03 00:00:00+00:00,0.00042909,0.00052758,0.00158274,3
2024-03-04 00:00:00+00:00,0.00070346,0.00063358,0.0019007400000000002,3
2024-03-05 00:00:00+00:00,0.00099757,0.0009776733333333332,0.0029330199999999997,3
2024-03-06 00:00:00+00:00,0.00043011,0.00023004,0.00069012,3
2024-03-07 00:00:00+00:00,0.00049101,0.0003515433333333333,0.00105463,3
2024-03-08 00:00:00+00:00,0.00044979,0.00043800999999999996,0.0013140299999999999,3
2024-03-09 00:00:00+00:00,0.0004026,0.0003415466666666666,0.0010246399999999998,3
2024-03-10 00:00:00+00:00,0.0001603,0.0003962,0.0011886,3
2024-03-11 00:00:00+00:00,0.0004541,0.00035946666666666666,0.0010784,3
2024-03-12 00:00:00+00:00,0.00036111,0.0005993266666666666,0.0017979799999999998,3
2024-03-13 00:00:00+00:00,0.00060934,0.0005190666666666666,0.0015572,3
2024-03-14 00:00:00+00:00,0.00062762,0.0006174266666666667,0.00185228,3
2024-03-15 00:00:00+00:00,0.00017454,0.00038735,0.00116205,3
2024-03-16 00:00:00+00:00,0.0001,0.00011948666666666667,0.00035846,3
2024-03-17 00:00:00+00:00,0.00021535,0.00013845,0.00041535,3
2024-03-18 00:00:00+00:00,0.00010449,0.00012333,0.00036999,3
2024-03-19 00:00:00+00:00,0.0001,0.0001,0.00030000000000000003,3
2024-03-20 00:00:00+00:00,0.0001,0.0001,0.00030000000000000003,3
2024-03-21 00:00:00+00:00,0.0001,0.0001,0.00030000000000000003,3
2024-03-22 00:00:00+00:00,0.0001,0.0001,0.00030000000000000003,3
2024-03-23 00:00:00+00:00,0.0001,0.0001,0.00030000000000000003,3
2024-03-24 00:00:00+00:00,0.0001,0.0001,0.00030000000000000003,3
2024-03-25 00:00:00+00:00,0.00015939,0.00012849666666666667,0.00038549,3
2024-03-26 00:00:00+00:00,0.00026059,0.0002703266666666667,0.00081098,3
2024-03-27 00:00:00+00:00,0.0002792,0.00035918333333333333,0.00107755,3
2024-03-28 00:00:00+00:00,0.00048715,0.00038332,0.00114996,3
2024-03-29 00:00:00+00:00,0.00071892,0.0005270666666666667,0.0015812,3
2024-03-30 00:00:00+00:00,0.00056558,0.00048631,0.00145893,3
2024-03-31 00:00:00+00:00,0.00054608,0.00045893,0.0013767900000000001,3
2024-04-01 00:00:00+00:00,0.00023353,0.0004843566666666667,0.00145307,3
2024-04-02 00:00:00+00:00,0.0001,0.00012164000000000001,0.00036492,3
2024-04-03 00:00:00+00:00,0.0001,0.00010313333333333335,0.00030940000000000004,3
2024-04-04 00:00:00+00:00,0.0001,0.0001,0.00030000000000000003,3
2024-04-05 00:00:00+00:00,0.00013988,0.00012592666666666667,0.00037778,3
2024-04-06 00:00:00+00:00,0.0001,0.00016471,0.00049413,3
2024-04-07 00:00:00+00:00,0.00013807,0.00014228,0.00042684,3
2024-04-08 00:00:00+00:00,0.00025179,0.0002084033333333333,0.00062521,3
2024-04-09 00:00:00+00:00,0.00017548,0.00020077,0.00060231,3
2024-04-10 00:00:00+00:00,0.0001,0.00011907,0.00035721,3
2024-04-11 00:00:00+00:00,0.0001,0.0001,0.00030000000000000003,3
2024-04-12 00:00:00+00:00,0.0001,0.00010171666666666667,0.00030515,3
2024-04-13 00:00:00+00:00,0.0001,0.0001,0.00030000000000000003,3
2024-04-14 00:00:00+00:00,0.0001,0.0001,0.00030000000000000003,3
2024-04-15 00:00:00+00:00,9.957e-05,9.985666666666666e-05,0.00029957,3
2024-04-16 00:00:00+00:00,0.0001,7.074e-05,0.00021222,3
2024-04-17 00:00:00+00:00,4.123e-05,7.443e-05,0.00022329,3
2024-04-18 00:00:00+00:00,3.714e-05,5.8240000000000005e-05,0.00017472,3
2024-04-19 00:00:00+00:00,2.444e-05,7.481333333333334e-05,0.00022444,3
2024-04-20 00:00:00+00:00,9.281e-05,8.462666666666667e-05,0.00025388,3
2024-04-21 00:00:00+00:00,8.643e-05,9.547666666666667e-05,0.00028643,3
2024-04-22 00:00:00+00:00,3.571e-05,4.593666666666667e-05,0.00013781,3
2024-04-23 00:00:00+00:00,6.82e-06,6.0429999999999996e-05,0.00018129,3
2024-04-24 00:00:00+00:00,0.0001,4.5056666666666665e-05,0.00013517,3
2024-04-25 00:00:00+00:00,9.289e-05,7.401333333333333e-05,0.00022204,3
2024-04-26 00:00:00+00:00,6.097e-05,1.565333333333333e-05,4.696e-05,3
2024-04-27 00:00:00+00:00,0.0001,7.777666666666668e-05,0.00023333000000000002,3
2024-04-28 00:00:00+00:00,0.0001,9.304666666666666e-05,0.00027914,3
2024-04-29 00:00:00+00:00,0.0001,6.386e-05,0.00019158,3
2024-04-30 00:00:00+00:00,1.107e-05,7.035666666666667e-05,0.00021107,3
2024-05-01 00:00:00+00:00,5.885e-05,5.394333333333333e-05,0.00016183,3
2024-05-02 00:00:00+00:00,8.738e-05,7.571333333333333e-05,0.00022714,3
2024-05-03 00:00:00+00:00,2.725e-05,4.9743333333333335e-05,0.00014923,3
2024-05-04 00:00:00+00:00,6.545e-05,6.032666666666667e-05,0.00018098000000000002,3
2024-05-05 00:00:00+00:00,0.0001,6.595666666666667e-05,0.00019787,3
2024-05-06 00:00:00+00:00,0.0001,0.0001,0.00030000000000000003,3
2024-05-07 00:00:00+00:00,2.036e-05,6.144333333333334e-05,0.00018433000000000002,3
2024-05-08 00:00:00+00:00,5.043e-05,7.980333333333334e-05,0.00023941,3
2024-05-09 00:00:00+00:00,5.183e-05,8.394333333333333e-05,0.00025183,3
2024-05-10 00:00:00+00:00,0.0001,8.531666666666668e-05,0.00025595,3
2024-05-11 00:00:00+00:00,-2.504e-05,3.9676666666666666e-05,0.00011903,3
2024-05-12 00:00:00+00:00,2.775e-05,4.830333333333333e-05,0.00014491,3
2024-05-13 00:00:00+00:00,0.0001,8.113666666666667e-05,0.00024341,3
2024-05-14 00:00:00+00:00,7.058e-05,7.591666666666666e-05,0.00022775,3
2024-05-15 00:00:00+00:00,-1.019e-05,1.6166666666666665e-05,4.85e-05,3
2024-05-16 00:00:00+00:00,9.613e-05,8.022e-05,0.00024066000000000002,3
2024-05-17 00:00:00+00:00,0.0001,0.0001,0.00030000000000000003,3
2024-05-18 00:00:00+00:00,0.0001,0.0001,0.00030000000000000003,3
2024-05-19 00:00:00+00:00,0.0001,0.0001,0.00030000000000000003,3
2024-05-20 00:00:00+00:00,0.0001,0.0001,0.00030000000000000003,3
2024-05-21 00:00:00+00:00,0.0001,0.0001,0.00030000000000000003,3
2024-05-22 00:00:00+00:00,0.0001,0.0001,0.00030000000000000003,3
2024-05-23 00:00:00+00:00,0.0001,0.0001,0.00030000000000000003,3
2024-05-24 00:00:00+00:00,0.0001,0.0001,0.00030000000000000003,3
2024-05-25 00:00:00+00:00,0.0001,0.0001,0.00030000000000000003,3
2024-05-26 00:00:00+00:00,0.0001,0.0001,0.00030000000000000003,3
2024-05-27 00:00:00+00:00,0.0001,0.0001,0.00030000000000000003,3
2024-05-28 00:00:00+00:00,0.0001,0.0001,0.00030000000000000003,3
2024-05-29 00:00:00+00:00,0.0001,0.0001,0.00030000000000000003,3
2024-05-30 00:00:00+00:00,0.0001,0.0001,0.00030000000000000003,3
2024-05-31 00:00:00+00:00,0.0001,0.0001,0.00030000000000000003,3
2024-06-01 00:00:00+00:00,0.0001,0.0001,0.00030000000000000003,3
2024-06-02 00:00:00+00:00,0.0001,0.00010247333333333333,0.00030742,3
2024-06-03 00:00:00+00:00,0.0001,0.0001,0.00030000000000000003,3
2024-06-04 00:00:00+00:00,0.0001,0.0001,0.00030000000000000003,3
2024-06-05 00:00:00+00:00,0.0001,0.00014051333333333334,0.00042154,3
2024-06-06 00:00:00+00:00,0.0001,0.00011709999999999999,0.0003513,3
2024-06-07 00:00:00+00:00,0.00012837,0.00015256666666666667,0.0004577,3
2024-06-08 00:00:00+00:00,0.0001,0.0001,0.00030000000000000003,3
2024-06-09 00:00:00+00:00,0.0001,0.0001,0.00030000000000000003,3
2024-06-10 00:00:00+00:00,0.0001,0.0001,0.00030000000000000003,3
2024-06-11 00:00:00+00:00,0.0001,0.0001,0.00030000000000000003,3
2024-06-12 00:00:00+00:00,0.0001,0.0001,0.00030000000000000003,3
2024-06-13 00:00:00+00:00,0.0001,0.0001,0.00030000000000000003,3
2024-06-14 00:00:00+00:00,0.0001,7.993666666666667e-05,0.00023981000000000002,3
2024-06-15 00:00:00+00:00,9.907e-05,6.936666666666667e-05,0.00020810000000000002,3
2024-06-16 00:00:00+00:00,8.844e-05,2.491e-05,7.473e-05,3
2024-06-17 00:00:00+00:00,0.0001,7.912e-05,0.00023736,3
2024-06-18 00:00:00+00:00,3e-06,4.635333333333333e-05,0.00013906,3
2024-06-19 00:00:00+00:00,0.0001,9.740999999999999e-05,0.00029223,3
2024-06-20 00:00:00+00:00,9.131e-05,9.522000000000001e-05,0.00028566,3
2024-06-21 00:00:00+00:00,0.0001,4.674e-05,0.00014022,3
2024-06-22 00:00:00+00:00,0.0001,9.128000000000001e-05,0.00027384,3
2024-06-23 00:00:00+00:00,5.161e-05,8.285999999999999e-05,0.00024858,3
2024-06-24 00:00:00+00:00,1.182e-05,6.318e-05,0.00018954,3
2024-06-25 00:00:00+00:00,0.0001,4.176e-05,0.00012528,3
2024-06-26 00:00:00+00:00,6.638e-05,7.048666666666667e-05,0.00021146,3
2024-06-27 00:00:00+00:00,0.0001,5.5133333333333336e-05,0.0001654,3
2024-06-28 00:00:00+00:00,0.0001,8.723333333333333e-06,2.6170000000000002e-05,3
2024-06-29 00:00:00+00:00,4.667e-05,5.115666666666667e-05,0.00015347,3
2024-06-30 00:00:00+00:00,2.404e-05,2.45e-06,7.349999999999999e-06,3
2024-07-01 00:00:00+00:00,0.0001,3.534333333333333e-05,0.00010603,3
2024-07-02 00:00:00+00:00,9.461e-05,9.820333333333333e-05,0.00029461,3
2024-07-03 00:00:00+00:00,0.0001,7.802e-05,0.00023406000000000002,3
2024-07-04 00:00:00+00:00,0.0001,6.326333333333334e-05,0.00018979,3
2024-07-05 00:00:00+00:00,8.536e-05,3.9053333333333334e-05,0.00011716,3
2024-07-06 00:00:00+00:00,7.228e-05,4.060333333333333e-05,0.00012181,3
2024-07-07 00:00:00+00:00,6.945e-05,1.5066666666666664e-05,4.5199999999999994e-05,3
2024-07-08 00:00:00+00:00,9.991e-05,2.7469999999999996e-05,8.240999999999999e-05,3
2024-07-09 00:00:00+00:00,-8.84e-06,-3.111333333333333e-05,-9.334e-05,3
2024-07-10 00:00:00+00:00,6.859e-05,5.4403333333333335e-05,0.00016321,3
2024-07-11 00:00:00+00:00,8.118e-05,7.013333333333333e-05,0.00021040000000000002,3
2024-07-12 00:00:00+00:00,5.524e-05,4.2663333333333335e-05,0.00012799,3
2024-07-13 00:00:00+00:00,9.04e-06,-1.1496666666666666e-05,-3.449e-05,3
2024-07-14 00:00:00+00:00,-1.704e-05,1.633333333333334e-05,4.900000000000001e-05,3
2024-07-15 00:00:00+00:00,7.303e-05,6.942666666666666e-05,0.00020827999999999998,3
2024-07-16 00:00:00+00:00,0.0001,8.530333333333334e-05,0.00025591000000000004,3
2024-07-17 00:00:00+00:00,7.409e-05,4.417666666666667e-05,0.00013253,3
2024-07-18 00:00:00+00:00,3.625e-05,7.623000000000001e-05,0.00022869,3
2024-07-19 00:00:00+00:00,3.345e-05,5.258666666666667e-05,0.00015776,3
2024-07-20 00:00:00+00:00,1.174e-05,4.3480000000000004e-05,0.00013044,3
2024-07-21 00:00:00+00:00,6.664e-05,5.3740000000000004e-05,0.00016122,3
2024-07-22 00:00:00+00:00,0.0001,0.0001,0.00030000000000000003,3
2024-07-23 00:00:00+00:00,0.0001,0.0001,0.00030000000000000003,3
2024-07-24 00:00:00+00:00,0.0001,0.0001,0.00030000000000000003,3
2024-07-25 00:00:00+00:00,8.659e-05,9.552999999999999e-05,0.00028659,3
2024-07-26 00:00:00+00:00,9.89e-05,9.963333333333333e-05,0.0002989,3
2024-07-27 00:00:00+00:00,2.909e-05,2.4273333333333334e-05,7.282e-05,3
2024-07-28 00:00:00+00:00,0.0001,8.674000000000001e-05,0.00026022,3
2024-07-29 00:00:00+00:00,0.0001,5.149666666666667e-05,0.00015449000000000002,3
2024-07-30 00:00:00+00:00,9.139e-05,7.334000000000001e-05,0.00022002000000000002,3
2024-07-31 00:00:00+00:00,0.0001,0.0001,0.00030000000000000003,3
2024-08-01 00:00:00+00:00,6.626e-05,8.102666666666667e-05,0.00024308,3
2024-08-02 00:00:00+00:00,3.084e-05,3.533333333333356e-07,1.0600000000000068e-06,3
2024-08-03 00:00:00+00:00,7.116e-05,7.894333333333333e-05,0.00023683,3
2024-08-04 00:00:00+00:00,6.512e-05,8.176666666666667e-06,2.4530000000000004e-05,3
2024-08-05 00:00:00+00:00,7.636e-05,5.7963333333333335e-05,0.00017389,3
2024-08-06 00:00:00+00:00,5.377e-05,6.036333333333334e-05,0.00018109000000000002,3
2024-08-07 00:00:00+00:00,3.757e-05,6.259e-05,0.00018777,3
2024-08-08 00:00:00+00:00,-3.67e-05,5.173e-05,0.00015519,3
2024-08-09 00:00:00+00:00,1.426e-05,1.480000000000001e-06,4.440000000000003e-06,3
2024-08-10 00:00:00+00:00,-4.327e-05,1.609e-05,4.827e-05,3
2024-08-11 00:00:00+00:00,0.0001,7.064333333333334e-05,0.00021193,3
2024-08-12 00:00:00+00:00,-2.267e-05,-1.056e-05,-3.168e-05,3
2024-08-13 00:00:00+00:00,9.13e-05,3.961e-05,0.00011883,3
2024-08-14 00:00:00+00:00,6.515e-05,8.423666666666667e-05,0.00025271,3
2024-08-15 00:00:00+00:00,-5.085e-05,-8.853333333333334e-06,-2.6560000000000003e-05,3
2024-08-16 00:00:00+00:00,-1.622e-05,4.641333333333333e-05,0.00013924,3
2024-08-17 00:00:00+00:00,-6.46e-06,2.1496666666666667e-05,6.449e-05,3
2024-08-18 00:00:00+00:00,-3.044e-05,-2.4146666666666667e-05,-7.244e-05,3
2024-08-19 00:00:00+00:00,5.138e-05,4.2476666666666666e-05,0.00012743,3
2024-08-20 00:00:00+00:00,2.718e-05,7.572666666666667e-05,0.00022718,3
2024-08-21 00:00:00+00:00,6.145e-05,7.446e-05,0.00022338000000000002,3
2024-08-22 00:00:00+00:00,3.888e-05,4.7816666666666666e-05,0.00014345,3
2024-08-23 00:00:00+00:00,4.354e-05,5.169666666666666e-05,0.00015508999999999998,3
2024-08-24 00:00:00+00:00,0.0001,2.2190000000000003e-05,6.657000000000001e-05,3
2024-08-25 00:00:00+00:00,7.472e-05,7.221e-05,0.00021663,3
2024-08-26 00:00:00+00:00,1.348e-05,-3.076666666666667e-06,-9.230000000000001e-06,3
2024-08-27 00:00:00+00:00,4.666e-05,5.581666666666667e-05,0.00016745,3
2024-08-28 00:00:00+00:00,4.534e-05,-3.610333333333333e-05,-0.00010831,3
2024-08-29 00:00:00+00:00,9.605e-05,3.491333333333334e-05,0.00010474,3
2024-08-30 00:00:00+00:00,-1.795e-05,-9.03333333333332e-07,-2.709999999999996e-06,3
2024-08-31 00:00:00+00:00,-1.403e-05,-9.546666666666666e-06,-2.864e-05,3
2024-09-01 00:00:00+00:00,6.594e-05,2.6313333333333334e-05,7.894e-05,3
2024-09-02 00:00:00+00:00,-2.806e-05,-1.3773333333333332e-05,-4.132e-05,3
2024-09-03 00:00:00+00:00,-1.55e-06,3.0753333333333336e-05,9.226e-05,3
2024-09-04 00:00:00+00:00,8.533e-05,4.626e-05,0.00013878,3
2024-09-05 00:00:00+00:00,2.38e-05,2.7906666666666668e-05,8.372e-05,3
2024-09-06 00:00:00+00:00,-2.631e-05,-1.7000000000000007e-07,-5.100000000000002e-07,3
2024-09-07 00:00:00+00:00,1.099e-05,-1.8426666666666668e-05,-5.528e-05,3
2024-09-08 00:00:00+00:00,0.0001,5.844333333333334e-05,0.00017533000000000002,3
2024-09-09 00:00:00+00:00,3.998e-05,6.721666666666667e-05,0.00020165,3
2024-09-10 00:00:00+00:00,1.503e-05,3.963333333333333e-05,0.0001189,3
2024-09-11 00:00:00+00:00,5.984e-05,5.5410000000000007e-05,0.00016623,3
2024-09-12 00:00:00+00:00,4.88e-05,5.534e-05,0.00016602,3
2024-09-13 00:00:00+00:00,1.235e-05,1.6806666666666666e-05,5.042e-05,3
2024-09-14 00:00:00+00:00,6.88e-06,4.443666666666667e-05,0.00013331,3
2024-09-15 00:00:00+00:00,4.681e-05,5.9546666666666663e-05,0.00017863999999999998,3
2024-09-16 00:00:00+00:00,8.29e-06,4.163333333333334e-06,1.249e-05,3
2024-09-17 00:00:00+00:00,4.624e-05,8.086666666666667e-06,2.4259999999999998e-05,3
2024-09-18 00:00:00+00:00,1.161e-05,2.4176666666666665e-05,7.253e-05,3
2024-09-19 00:00:00+00:00,0.0001,8.925666666666667e-05,0.00026777,3
2024-09-20 00:00:00+00:00,6.261e-05,7.728666666666667e-05,0.00023186000000000002,3
2024-09-21 00:00:00+00:00,-2.875e-05,4.6399999999999996e-05,0.0001392,3
2024-09-22 00:00:00+00:00,3.42e-05,4.497333333333333e-05,0.00013492,3
2024-09-23 00:00:00+00:00,0.0001,5.3976666666666674e-05,0.00016193000000000002,3
2024-09-24 00:00:00+00:00,0.0001,9.966e-05,0.00029898,3
2024-09-25 00:00:00+00:00,9.773e-05,9.924333333333333e-05,0.00029773,3
2024-09-26 00:00:00+00:00,0.0001,9.996333333333334e-05,0.00029989000000000003,3
2024-09-27 00:00:00+00:00,0.0001,9.645666666666667e-05,0.00028937,3
2024-09-28 00:00:00+00:00,0.0001,0.0001,0.00030000000000000003,3
2024-09-29 00:00:00+00:00,0.0001,0.0001,0.00030000000000000003,3
2024-09-30 00:00:00+00:00,0.0001,0.0001,0.00030000000000000003,3
2024-10-01 00:00:00+00:00,0.0001,8.829999999999999e-05,0.0002649,3
2024-10-02 00:00:00+00:00,2.93e-05,5.7163333333333335e-05,0.00017149,3
2024-10-03 00:00:00+00:00,5.214e-05,8.213666666666667e-05,0.00024641,3
2024-10-04 00:00:00+00:00,9.634e-05,8.288333333333333e-05,0.00024865,3
2024-10-05 00:00:00+00:00,-2.836e-05,3.531333333333333e-05,0.00010594,3
2024-10-06 00:00:00+00:00,-2.42e-06,1.6216666666666667e-05,4.8650000000000003e-05,3
2024-10-07 00:00:00+00:00,0.0001,7.001e-05,0.00021003,3
2024-10-08 00:00:00+00:00,6.915e-05,5.559e-05,0.00016677,3
2024-10-09 00:00:00+00:00,8.251e-05,9.417000000000001e-05,0.00028251000000000003,3
2024-10-10 00:00:00+00:00,3.664e-05,3.1133333333333336e-05,9.340000000000001e-05,3
2024-10-11 00:00:00+00:00,5.745e-05,3.6616666666666664e-05,0.00010985,3
2024-10-12 00:00:00+00:00,1.928e-05,7.309333333333333e-05,0.00021928,3
2024-10-13 00:00:00+00:00,0.0001,4.073e-05,0.00012219,3
2024-10-14 00:00:00+00:00,0.0001,0.0001,0.00030000000000000003,3
2024-10-15 00:00:00+00:00,0.0001,0.0001,0.00030000000000000003,3
2024-10-16 00:00:00+00:00,0.0001,0.0001,0.00030000000000000003,3
2024-10-17 00:00:00+00:00,0.0001,0.0001,0.00030000000000000003,3
2024-10-18 00:00:00+00:00,7.059e-05,9.019666666666667e-05,0.00027059,3
2024-10-19 00:00:00+00:00,0.0001,9.393333333333334e-05,0.0002818,3
2024-10-20 00:00:00+00:00,3.775e-05,2.3983333333333335e-05,7.195e-05,3
2024-10-21 00:00:00+00:00,0.0001,8.348666666666666e-05,0.00025046,3
2024-10-22 00:00:00+00:00,0.0001,0.0001,0.00030000000000000003,3
2024-10-23 00:00:00+00:00,0.0001,0.0001,0.00030000000000000003,3
2024-10-24 00:00:00+00:00,0.0001,0.0001,0.00030000000000000003,3
2024-10-25 00:00:00+00:00,0.0001,0.0001,0.00030000000000000003,3
2024-10-26 00:00:00+00:00,0.0001,0.0001,0.00030000000000000003,3
2024-10-27 00:00:00+00:00,0.0001,0.0001,0.00030000000000000003,3
2024-10-28 00:00:00+00:00,0.0001,0.0001,0.00030000000000000003,3
2024-10-29 00:00:00+00:00,0.0001,0.0001,0.00030000000000000003,3
2024-10-30 00:00:00+00:00,0.0001,0.0001,0.00030000000000000003,3
2024-10-31 00:00:00+00:00,0.0001,0.0001,0.00030000000000000003,3
2024-11-01 00:00:00+00:00,0.0001,0.0001,0.00030000000000000003,3
2024-11-02 00:00:00+00:00,0.0001,0.0001,0.00030000000000000003,3
2024-11-03 00:00:00+00:00,0.0001,0.0001,0.00030000000000000003,3
2024-11-04 00:00:00+00:00,0.0001,0.0001,0.00030000000000000003,3
2024-11-05 00:00:00+00:00,0.0001,8.353333333333334e-05,0.0002506,3
2024-11-06 00:00:00+00:00,0.0001,0.0001,0.00030000000000000003,3
2024-11-07 00:00:00+00:00,0.0001,0.0001,0.00030000000000000003,3
2024-11-08 00:00:00+00:00,0.0001,0.0001,0.00030000000000000003,3
2024-11-09 00:00:00+00:00,0.0001,0.0001,0.00030000000000000003,3
2024-11-10 00:00:00+00:00,0.0001,0.0001,0.00030000000000000003,3
2024-11-11 00:00:00+00:00,0.0001,0.00012094666666666667,0.00036284,3
2024-11-12 00:00:00+00:00,0.00031946,0.00030714666666666664,0.0009214399999999999,3
2024-11-13 00:00:00+00:00,0.0001,0.00012765333333333333,0.00038296,3
2024-11-14 00:00:00+00:00,0.0001,0.0001,0.00030000000000000003,3
2024-11-15 00:00:00+00:00,0.0001,0.0001,0.00030000000000000003,3
2024-11-16 00:00:00+00:00,0.00024465,0.00014821666666666667,0.00044465,3
2024-11-17 00:00:00+00:00,0.00021809,0.00024606666666666667,0.0007381999999999999,3
2024-11-18 00:00:00+00:00,0.00019215,0.00017999666666666664,0.00053999,3
2024-11-19 00:00:00+00:00,0.00016822,0.00022325333333333335,0.00066976,3
2024-11-20 00:00:00+00:00,0.0001,0.00010167333333333335,0.00030502000000000003,3
2024-11-21 00:00:00+00:00,0.0001,0.0001,0.00030000000000000003,3
2024-11-22 00:00:00+00:00,0.00014579,0.00020204,0.00060612,3
2024-11-23 00:00:00+00:00,0.0005742,0.0004784766666666666,0.00143543,3
2024-11-24 00:00:00+00:00,0.0001,0.00018438000000000002,0.00055314,3
2024-11-25 00:00:00+00:00,0.00023071,0.00025108,0.00075324,3
2024-11-26 00:00:00+00:00,0.0001,0.00010187,0.00030561,3
2024-11-27 00:00:00+00:00,0.00027937,0.00020423666666666667,0.00061271,3
2024-11-28 00:00:00+00:00,0.00012501,0.00023767666666666665,0.0007130299999999999,3
2024-11-29 00:00:00+00:00,0.00020129,0.00018223,0.00054669,3
2024-11-30 00:00:00+00:00,0.00026852,0.0003171633333333333,0.0009514899999999999,3
2024-12-01 00:00:00+00:00,0.00038167,0.0003204733333333333,0.0009614199999999999,3
2024-12-02 00:00:00+00:00,0.0001,0.00027502666666666663,0.00082508,3
2024-12-03 00:00:00+00:00,0.0003543,0.00043436,0.00130308,3
2024-12-04 00:00:00+00:00,0.0004504,0.0004365366666666667,0.0013096100000000001,3
2024-12-05 00:00:00+00:00,0.0007733,0.0006673666666666667,0.0020021,3
2024-12-06 00:00:00+00:00,0.00028431,0.00044228333333333334,0.00132685,3
2024-12-07 00:00:00+00:00,0.00050165,0.0004509266666666667,0.00135278,3
2024-12-08 00:00:00+00:00,0.00035578,0.00024851333333333333,0.0007455399999999999,3
2024-12-09 00:00:00+00:00,0.0001,0.00035100333333333333,0.00105301,3
2024-12-10 00:00:00+00:00,0.0001,1.262666666666667e-05,3.788000000000001e-05,3
2024-12-11 00:00:00+00:00,0.0001,0.0001,0.00030000000000000003,3
2024-12-12 00:00:00+00:00,0.0001,0.0001,0.00030000000000000003,3
2024-12-13 00:00:00+00:00,0.0001,0.0001,0.00030000000000000003,3
2024-12-14 00:00:00+00:00,0.0001,0.0001,0.00030000000000000003,3
2024-12-15 00:00:00+00:00,0.0001,0.0001,0.00030000000000000003,3
2024-12-16 00:00:00+00:00,0.0001,0.0001,0.00030000000000000003,3
2024-12-17 00:00:00+00:00,0.0001,0.0001,0.00030000000000000003,3
2024-12-18 00:00:00+00:00,0.0001,0.0001,0.00030000000000000003,3
2024-12-19 00:00:00+00:00,0.0001,0.0001,0.00030000000000000003,3
2024-12-20 00:00:00+00:00,2.974e-05,7.658e-05,0.00022974,3
2024-12-21 00:00:00+00:00,5.229e-05,4.812e-05,0.00014436,3
2024-12-22 00:00:00+00:00,6.454e-05,4.139666666666667e-05,0.00012419000000000002,3
2024-12-23 00:00:00+00:00,0.0001,8.338666666666667e-05,0.00025016000000000003,3
2024-12-24 00:00:00+00:00,0.0001,0.0001,0.00030000000000000003,3
2024-12-25 00:00:00+00:00,5.23e-05,8.41e-05,0.0002523,3
2024-12-26 00:00:00+00:00,0.0001,9.952666666666666e-05,0.00029858,3
2024-12-27 00:00:00+00:00,0.0001,8.362e-05,0.00025086,3
2024-12-28 00:00:00+00:00,-7.02e-06,-1.3446666666666666e-05,-4.034e-05,3
2024-12-29 00:00:00+00:00,0.0001,5.92e-05,0.0001776,3
2024-12-30 00:00:00+00:00,0.0001,4.715333333333334e-05,0.00014146000000000002,3
2024-12-31 00:00:00+00:00,0.0001,0.0001,0.00030000000000000003,3
2025-01-01 00:00:00+00:00,6.979e-05,8.993e-05,0.00026979,3
2025-01-02 00:00:00+00:00,0.0001,8.783333333333333e-05,0.0002635,3
2025-01-03 00:00:00+00:00,0.0001,0.0001,0.00030000000000000003,3
2025-01-04 00:00:00+00:00,0.0001,0.0001,0.00030000000000000003,3
2025-01-05 00:00:00+00:00,0.0001,0.0001,0.00030000000000000003,3
2025-01-06 00:00:00+00:00,0.0001,0.0001,0.00030000000000000003,3
2025-01-07 00:00:00+00:00,0.0001,0.0001,0.00030000000000000003,3
2025-01-08 00:00:00+00:00,0.0001,5.4153333333333335e-05,0.00016246,3
2025-01-09 00:00:00+00:00,4.62e-06,2.0723333333333332e-05,6.217e-05,3
2025-01-10 00:00:00+00:00,0.0001,8.421666666666666e-05,0.00025265,3
2025-01-11 00:00:00+00:00,0.0001,9.82e-05,0.0002946,3
2025-01-12 00:00:00+00:00,0.0001,7.588e-05,0.00022764,3
2025-01-13 00:00:00+00:00,1.46e-05,3.0323333333333335e-05,9.097e-05,3
2025-01-14 00:00:00+00:00,1.87e-06,5.877666666666667e-05,0.00017633000000000001,3
2025-01-15 00:00:00+00:00,0.0001,8.361666666666666e-05,0.00025085,3
2025-01-16 00:00:00+00:00,0.0001,0.0001,0.00030000000000000003,3
2025-01-17 00:00:00+00:00,0.0001,0.0001,0.00030000000000000003,3
2025-01-18 00:00:00+00:00,0.0001,0.0001,0.00030000000000000003,3
2025-01-19 00:00:00+00:00,0.0001,0.0001,0.00030000000000000003,3
2025-01-20 00:00:00+00:00,0.0001,0.0001,0.00030000000000000003,3
2025-01-21 00:00:00+00:00,0.0001,0.0001,0.00030000000000000003,3
2025-01-22 00:00:00+00:00,0.0001,0.0001,0.00030000000000000003,3
2025-01-23 00:00:00+00:00,0.0001,0.0001,0.00030000000000000003,3
2025-01-24 00:00:00+00:00,0.0001,0.0001,0.00030000000000000003,3
2025-01-25 00:00:00+00:00,0.0001,0.0001,0.00030000000000000003,3
2025-01-26 00:00:00+00:00,0.0001,0.0001,0.00030000000000000003,3
2025-01-27 00:00:00+00:00,6.113e-05,8.704333333333335e-05,0.00026113000000000004,3
2025-01-28 00:00:00+00:00,0.0001,6.472666666666667e-05,0.00019418000000000001,3
2025-01-29 00:00:00+00:00,0.0001,9.395333333333333e-05,0.00028186,3
2025-01-30 00:00:00+00:00,0.0001,6.929333333333334e-05,0.00020788000000000002,3
2025-01-31 00:00:00+00:00,0.0001,9.455666666666668e-05,0.00028367,3
2025-02-01 00:00:00+00:00,0.0001,0.0001,0.00030000000000000003,3
2025-02-02 00:00:00+00:00,0.0001,0.0001,0.00030000000000000003,3
2025-02-03 00:00:00+00:00,4.497e-05,-1.6223333333333334e-05,-4.867000000000001e-05,3
2025-02-04 00:00:00+00:00,6.189e-05,2.856e-05,8.568e-05,3
2025-02-05 00:00:00+00:00,-4.775e-05,-2.9366666666666668e-05,-8.81e-05,3
2025-02-06 00:00:00+00:00,3.914e-05,2.2263333333333334e-05,6.679e-05,3
2025-02-07 00:00:00+00:00,9.521e-05,2.6203333333333337e-05,7.861000000000001e-05,3
2025-02-08 00:00:00+00:00,1.568e-05,6.989999999999999e-06,2.0969999999999997e-05,3
2025-02-09 00:00:00+00:00,0.0001,9.802666666666667e-05,0.00029408,3
2025-02-10 00:00:00+00:00,0.0001,4.649333333333334e-05,0.00013948,3
2025-02-11 00:00:00+00:00,4.659e-05,8.219666666666667e-05,0.00024659,3
2025-02-12 00:00:00+00:00,1.58e-05,-3.8016666666666665e-05,-0.00011405,3
2025-02-13 00:00:00+00:00,5.363e-05,5.1876666666666664e-05,0.00015563,3
2025-02-14 00:00:00+00:00,0.0001,2.3069999999999998e-05,6.921e-05,3
2025-02-15 00:00:00+00:00,0.0001,7.355333333333334e-05,0.00022066000000000002,3
2025-02-16 00:00:00+00:00,2.425e-05,5.4409999999999996e-05,0.00016323,3
2025-02-17 00:00:00+00:00,0.0001,1.6533333333333337e-05,4.9600000000000006e-05,3
2025-02-18 00:00:00+00:00,-3.692e-05,4.156666666666667e-06,1.2470000000000001e-05,3
2025-02-19 00:00:00+00:00,4.406e-05,6.815666666666667e-05,0.00020447,3
2025-02-20 00:00:00+00:00,-1.552e-05,3.606666666666666e-06,1.0819999999999998e-05,3
2025-02-21 00:00:00+00:00,7.447e-05,3.944333333333333e-05,0.00011832999999999999,3
2025-02-22 00:00:00+00:00,0.0001,1.335333333333334e-05,4.006000000000002e-05,3
2025-02-23 00:00:00+00:00,0.0001,0.0001,0.00030000000000000003,3
2025-02-24 00:00:00+00:00,0.0001,0.0001,0.00030000000000000003,3
2025-02-25 00:00:00+00:00,0.0001,0.0001,0.00030000000000000003,3
2025-02-26 00:00:00+00:00,0.0001,0.0001,0.00030000000000000003,3
2025-02-27 00:00:00+00:00,0.0001,0.0001,0.00030000000000000003,3
2025-02-28 00:00:00+00:00,7.067e-05,8.026000000000001e-05,0.00024078,3
2025-03-01 00:00:00+00:00,0.0001,9.996e-05,0.00029988,3
2025-03-02 00:00:00+00:00,0.0001,0.0001,0.00030000000000000003,3
2025-03-03 00:00:00+00:00,0.0001,0.0001,0.00030000000000000003,3
2025-03-04 00:00:00+00:00,6.12e-06,1.672e-05,5.016e-05,3
2025-03-05 00:00:00+00:00,-7.628e-05,-4.1956666666666664e-05,-0.00012586999999999999,3
2025-03-06 00:00:00+00:00,4.386e-05,3.1866666666666657e-06,9.559999999999997e-06,3
2025-03-07 00:00:00+00:00,0.0001,5.267666666666667e-05,0.00015803,3
2025-03-08 00:00:00+00:00,-9.14e-06,-2.8026666666666664e-05,-8.408e-05,3
2025-03-09 00:00:00+00:00,1.014e-05,-1.190000000000001e-06,-3.570000000000003e-06,3
2025-03-10 00:00:00+00:00,6.63e-05,4.785333333333333e-05,0.00014356,3
2025-03-11 00:00:00+00:00,5.424e-05,1.487e-05,4.461e-05,3
2025-03-12 00:00:00+00:00,3.756e-05,-7.4099999999999985e-06,-2.2229999999999996e-05,3
2025-03-13 00:00:00+00:00,9.201e-05,9.619e-05,0.00028857,3
2025-03-14 00:00:00+00:00,4.447e-05,4.120333333333333e-05,0.00012361,3
2025-03-15 00:00:00+00:00,8.738e-05,8.508e-05,0.00025524,3
2025-03-16 00:00:00+00:00,-9.157e-05,1.2009999999999997e-05,3.602999999999999e-05,3
2025-03-17 00:00:00+00:00,8.82e-06,2.956666666666667e-06,8.870000000000001e-06,3
2025-03-18 00:00:00+00:00,-4.913e-05,-7.225e-05,-0.00021674999999999998,3
2025-03-19 00:00:00+00:00,8.348e-05,6.553333333333333e-05,0.0001966,3
2025-03-20 00:00:00+00:00,5.111e-05,6.311999999999999e-05,0.00018936,3
2025-03-21 00:00:00+00:00,-3.493e-05,-4.153333333333336e-06,-1.2460000000000006e-05,3
2025-03-22 00:00:00+00:00,6.496e-05,-5.1243333333333324e-05,-0.00015372999999999998,3
2025-03-23 00:00:00+00:00,0.0001,9.841666666666667e-05,0.00029525,3
2025-03-24 00:00:00+00:00,0.0001,4.316000000000001e-05,0.00012948000000000001,3
2025-03-25 00:00:00+00:00,3.559e-05,4.878333333333334e-05,0.00014635,3
2025-03-26 00:00:00+00:00,6.634e-05,7.470000000000001e-05,0.00022410000000000003,3
2025-03-27 00:00:00+00:00,6.121e-05,4.428333333333334e-05,0.00013285,3
2025-03-28 00:00:00+00:00,-2.949e-05,-4.0169999999999997e-05,-0.00012051,3
2025-03-29 00:00:00+00:00,-7.311e-05,-4.977666666666666e-05,-0.00014932999999999998,3
2025-03-30 00:00:00+00:00,3.917e-05,4.609999999999999e-06,1.3829999999999998e-05,3
2025-03-31 00:00:00+00:00,-9.02e-06,1.794e-05,5.382e-05,3
2025-04-01 00:00:00+00:00,0.0001,6.738666666666666e-05,0.00020216,3
2025-04-02 00:00:00+00:00,7.12e-06,4.1586666666666666e-05,0.00012476,3
2025-04-03 00:00:00+00:00,-0.00011954,-6.308333333333333e-05,-0.00018925,3
2025-04-04 00:00:00+00:00,-2.46e-05,-2.1846666666666665e-05,-6.554e-05,3
2025-04-05 00:00:00+00:00,6.572e-05,8.289e-05,0.00024867,3
2025-04-06 00:00:00+00:00,-2.613e-05,-6.936666666666667e-06,-2.081e-05,3
2025-04-07 00:00:00+00:00,-2.746e-05,-6.245333333333334e-05,-0.00018736000000000002,3
2025-04-08 00:00:00+00:00,-9.11e-06,1.1646666666666666e-05,3.494e-05,3
2025-04-09 00:00:00+00:00,0.0001,6.492e-05,0.00019475999999999999,3
2025-04-10 00:00:00+00:00,1.4e-05,1.7570000000000003e-05,5.271000000000001e-05,3
2025-04-11 00:00:00+00:00,-7.55e-06,-2.976666666666668e-06,-8.930000000000004e-06,3
2025-04-12 00:00:00+00:00,3.426e-05,-1.1189999999999998e-05,-3.356999999999999e-05,3
2025-04-13 00:00:00+00:00,6.054e-05,5.6273333333333336e-05,0.00016882,3
2025-04-14 00:00:00+00:00,4.379e-05,-6.076666666666665e-06,-1.8229999999999993e-05,3
2025-04-15 00:00:00+00:00,0.0001,4.3303333333333336e-05,0.00012991,3
2025-04-16 00:00:00+00:00,-2.28e-05,9.890000000000002e-06,2.9670000000000006e-05,3
2025-04-17 00:00:00+00:00,6.715e-05,2.9990000000000003e-05,8.997000000000001e-05,3
2025-04-18 00:00:00+00:00,9.531e-05,6.734333333333333e-05,0.00020203,3
2025-04-19 00:00:00+00:00,-2.255e-05,2.293666666666667e-05,6.881000000000001e-05,3
2025-04-20 00:00:00+00:00,0.0001,8.814666666666667e-05,0.00026444,3
2025-04-21 00:00:00+00:00,6.609e-05,1.3756666666666668e-05,4.127e-05,3
2025-04-22 00:00:00+00:00,7.828e-05,6.839333333333334e-05,0.00020518,3
2025-04-23 00:00:00+00:00,6.364e-05,4.372666666666667e-05,0.00013118,3
2025-04-24 00:00:00+00:00,9.11e-05,3.714000000000001e-05,0.00011142000000000001,3
2025-04-25 00:00:00+00:00,0.0001,0.0001,0.00030000000000000003,3
2025-04-26 00:00:00+00:00,2e-05,4.357e-05,0.00013071,3
2025-04-27 00:00:00+00:00,-1.182e-05,2.3433333333333335e-06,7.0300000000000005e-06,3
2025-04-28 00:00:00+00:00,5.125e-05,2.5676666666666668e-05,7.703e-05,3
2025-04-29 00:00:00+00:00,5.708e-05,2.3910000000000003e-05,7.173e-05,3
2025-04-30 00:00:00+00:00,1.541e-05,-3.5413333333333335e-05,-0.00010624,3
2025-05-01 00:00:00+00:00,9.212e-05,5.795333333333334e-05,0.00017386000000000002,3
2025-05-02 00:00:00+00:00,-4.06e-06,4.198666666666666e-05,0.00012596,3
2025-05-03 00:00:00+00:00,7.545e-05,9.181666666666667e-05,0.00027545,3
2025-05-04 00:00:00+00:00,3.867e-05,5.1609999999999995e-05,0.00015482999999999998,3
2025-05-05 00:00:00+00:00,-1.422e-05,4.300000000000001e-05,0.00012900000000000002,3
2025-05-06 00:00:00+00:00,-1.46e-06,-2.9053333333333332e-05,-8.716e-05,3
2025-05-07 00:00:00+00:00,0.0001,4.903666666666667e-05,0.00014711000000000002,3
2025-05-08 00:00:00+00:00,8.596e-05,2.837e-05,8.511e-05,3
2025-05-09 00:00:00+00:00,0.0001,0.0001,0.00030000000000000003,3
2025-05-10 00:00:00+00:00,0.0001,0.0001,0.00030000000000000003,3
2025-05-11 00:00:00+00:00,4.21e-05,7.194e-05,0.00021582,3
2025-05-12 00:00:00+00:00,0.0001,9.830666666666667e-05,0.00029492,3
2025-05-13 00:00:00+00:00,8.254e-05,9.418000000000001e-05,0.00028254,3
2025-05-14 00:00:00+00:00,8.064e-05,9.012e-05,0.00027036,3
2025-05-15 00:00:00+00:00,-4.073e-05,5.309e-05,0.00015927,3
2025-05-16 00:00:00+00:00,8.603e-05,3.539333333333333e-05,0.00010618,3
2025-05-17 00:00:00+00:00,-3.116e-05,4.331333333333333e-05,0.00012994,3
2025-05-18 00:00:00+00:00,0.0001,5.2296666666666663e-05,0.00015689,3
2025-05-19 00:00:00+00:00,8.402e-05,3.9080000000000005e-05,0.00011724000000000001,3
2025-05-20 00:00:00+00:00,-8.006e-05,2.203333333333331e-06,6.609999999999993e-06,3
2025-05-21 00:00:00+00:00,0.0001,4.0743333333333333e-05,0.00012223,3
2025-05-22 00:00:00+00:00,0.0001,0.0001,0.00030000000000000003,3
2025-05-23 00:00:00+00:00,0.0001,0.0001,0.00030000000000000003,3
2025-05-24 00:00:00+00:00,0.0001,0.0001,0.00030000000000000003,3
2025-05-25 00:00:00+00:00,0.0001,0.0001,0.00030000000000000003,3
2025-05-26 00:00:00+00:00,0.0001,0.0001,0.00030000000000000003,3
2025-05-27 00:00:00+00:00,0.0001,0.0001,0.00030000000000000003,3
2025-05-28 00:00:00+00:00,0.0001,0.0001,0.00030000000000000003,3
2025-05-29 00:00:00+00:00,3.917e-05,5.8313333333333336e-05,0.00017494,3
2025-05-30 00:00:00+00:00,3.787e-05,1.6713333333333335e-05,5.0140000000000004e-05,3
2025-05-31 00:00:00+00:00,-8.11e-06,-3.8753333333333334e-05,-0.00011626,3
2025-06-01 00:00:00+00:00,-3.06e-05,-6.366666666666665e-06,-1.9099999999999997e-05,3
2025-06-02 00:00:00+00:00,-6.23e-06,3.180666666666667e-05,9.542e-05,3
2025-06-03 00:00:00+00:00,2.645e-05,9.703333333333334e-06,2.911e-05,3
2025-06-04 00:00:00+00:00,-6.6e-06,1.789e-05,5.367e-05,3
2025-06-05 00:00:00+00:00,1.315e-05,-5.8866666666666665e-06,-1.766e-05,3
2025-06-06 00:00:00+00:00,6.72e-06,3.801333333333333e-05,0.00011404,3
2025-06-07 00:00:00+00:00,6.68e-06,2.9323333333333328e-05,8.796999999999999e-05,3
2025-06-08 00:00:00+00:00,4.408e-05,1.3053333333333333e-05,3.916e-05,3
2025-06-09 00:00:00+00:00,0.0001,6.921000000000001e-05,0.00020763000000000002,3
2025-06-10 00:00:00+00:00,9.956e-05,7.468333333333334e-05,0.00022405,3
2025-06-11 00:00:00+00:00,9.157e-05,9.719e-05,0.00029157,3
2025-06-12 00:00:00+00:00,6.235e-05,6.503666666666666e-05,0.00019511,3
2025-06-13 00:00:00+00:00,2.39e-05,-1.408e-05,-4.224e-05,3
2025-06-14 00:00:00+00:00,5.643e-05,1.2463333333333333e-05,3.739e-05,3
2025-06-15 00:00:00+00:00,3.494e-05,9.09e-06,2.7269999999999998e-05,3
2025-06-16 00:00:00+00:00,-2.74e-05,8.803333333333334e-06,2.6410000000000003e-05,3
2025-06-17 00:00:00+00:00,8.935e-05,6.993666666666667e-05,0.00020981,3
2025-06-18 00:00:00+00:00,-6.535e-05,-1.3333333333333657e-07,-4.000000000000097e-07,3
2025-06-19 00:00:00+00:00,9.21e-06,1.77e-05,5.3099999999999996e-05,3
2025-06-20 00:00:00+00:00,-1.142e-05,4.9529999999999995e-05,0.00014858999999999999,3
2025-06-21 00:00:00+00:00,4.757e-05,2.857666666666667e-05,8.573000000000001e-05,3
2025-06-22 00:00:00+00:00,-3.509e-05,-1.2269999999999998e-05,-3.6809999999999995e-05,3
2025-06-23 00:00:00+00:00,5.486e-05,1.8796666666666666e-05,5.639e-05,3
2025-06-24 00:00:00+00:00,-5.91e-05,9.236666666666667e-06,2.7710000000000004e-05,3
2025-06-25 00:00:00+00:00,6.057e-05,-2.443333333333333e-06,-7.329999999999999e-06,3
2025-06-26 00:00:00+00:00,2.585e-05,2.2606666666666665e-05,6.782e-05,3
2025-06-27 00:00:00+00:00,-3.959e-05,-1.3363333333333335e-05,-4.0090000000000004e-05,3
2025-06-28 00:00:00+00:00,0.0001,2.4096666666666666e-05,7.229e-05,3
2025-06-29 00:00:00+00:00,-8.511e-05,-2.4373333333333336e-05,-7.312e-05,3
2025-06-30 00:00:00+00:00,0.0001,5.1899999999999994e-05,0.0001557,3
2025-07-01 00:00:00+00:00,2.652e-05,7.550666666666667e-05,0.00022652000000000002,3
2025-07-02 00:00:00+00:00,3.131e-05,-1.0000000000000004e-05,-3.000000000000001e-05,3
2025-07-03 00:00:00+00:00,0.0001,9.838666666666668e-05,0.00029516000000000004,3
2025-07-04 00:00:00+00:00,0.0001,0.0001,0.00030000000000000003,3
2025-07-05 00:00:00+00:00,0.0001,0.0001,0.00030000000000000003,3
2025-07-06 00:00:00+00:00,-1.203e-05,-8.313333333333334e-06,-2.4940000000000002e-05,3
2025-07-07 00:00:00+00:00,-4.348e-05,-6.666666666666603e-08,-1.9999999999999809e-07,3
2025-07-08 00:00:00+00:00,7.285e-05,7.120333333333334e-05,0.00021361,3
2025-07-09 00:00:00+00:00,0.0001,5.078e-05,0.00015234,3
2025-07-10 00:00:00+00:00,0.0001,0.0001,0.00030000000000000003,3
2025-07-11 00:00:00+00:00,0.0001,0.0001,0.00030000000000000003,3
2025-07-12 00:00:00+00:00,0.0001,0.0001,0.00030000000000000003,3
2025-07-13 00:00:00+00:00,0.0001,9.003333333333333e-05,0.0002701,3
2025-07-14 00:00:00+00:00,0.0001,0.0001,0.00030000000000000003,3
2025-07-15 00:00:00+00:00,0.0001,0.0001,0.00030000000000000003,3
2025-07-16 00:00:00+00:00,0.0001,0.0001,0.00030000000000000003,3
2025-07-17 00:00:00+00:00,0.0001,0.0001,0.00030000000000000003,3
2025-07-18 00:00:00+00:00,0.0001,0.00010919333333333333,0.00032758,3
2025-07-19 00:00:00+00:00,0.0001,0.0001,0.00030000000000000003,3
2025-07-20 00:00:00+00:00,0.0001,0.0001,0.00030000000000000003,3
2025-07-21 00:00:00+00:00,0.0001,0.0001,0.00030000000000000003,3
2025-07-22 00:00:00+00:00,0.0001,0.0001,0.00030000000000000003,3
2025-07-23 00:00:00+00:00,0.0001,0.0001,0.00030000000000000003,3
2025-07-24 00:00:00+00:00,0.0001,0.0001,0.00030000000000000003,3
2025-07-25 00:00:00+00:00,0.0001,0.0001,0.00030000000000000003,3
2025-07-26 00:00:00+00:00,0.0001,0.0001,0.00030000000000000003,3
2025-07-27 00:00:00+00:00,0.0001,0.0001,0.00030000000000000003,3
2025-07-28 00:00:00+00:00,0.0001,0.0001,0.00030000000000000003,3
2025-07-29 00:00:00+00:00,0.0001,0.0001,0.00030000000000000003,3
2025-07-30 00:00:00+00:00,7.168e-05,9.056e-05,0.00027168,3
2025-07-31 00:00:00+00:00,-1.48e-05,5.2690000000000005e-05,0.00015807,3
2025-08-01 00:00:00+00:00,0.0001,4.398666666666667e-05,0.00013196,3
2025-08-02 00:00:00+00:00,-4.523e-05,1.4043333333333335e-05,4.2130000000000005e-05,3
2025-08-03 00:00:00+00:00,0.0001,3.3220000000000004e-05,9.966e-05,3
2025-08-04 00:00:00+00:00,1.698e-05,9.999999999999995e-07,2.9999999999999984e-06,3
2025-08-05 00:00:00+00:00,0.0001,0.0001,0.00030000000000000003,3
2025-08-06 00:00:00+00:00,4.021e-05,4.146333333333333e-05,0.00012439,3
2025-08-07 00:00:00+00:00,0.0001,6.916666666666666e-05,0.0002075,3
2025-08-08 00:00:00+00:00,0.0001,0.0001,0.00030000000000000003,3
2025-08-09 00:00:00+00:00,0.0001,0.0001,0.00030000000000000003,3
2025-08-10 00:00:00+00:00,0.0001,0.0001,0.00030000000000000003,3
2025-08-11 00:00:00+00:00,0.0001,0.0001,0.00030000000000000003,3
2025-08-12 00:00:00+00:00,9.107e-05,2.2616666666666666e-05,6.785e-05,3
2025-08-13 00:00:00+00:00,0.0001,0.0001,0.00030000000000000003,3
2025-08-14 00:00:00+00:00,0.0001,0.0001,0.00030000000000000003,3
2025-08-15 00:00:00+00:00,5.8e-05,8.599999999999999e-05,0.000258,3
2025-08-16 00:00:00+00:00,-1.909e-05,5.1953333333333336e-05,0.00015586000000000002,3
2025-08-17 00:00:00+00:00,0.0001,7.909666666666667e-05,0.00023729000000000003,3
2025-08-18 00:00:00+00:00,1.652e-05,4.233333333333333e-05,0.000127,3
2025-08-19 00:00:00+00:00,2.15e-05,3.877333333333333e-05,0.00011632,3
2025-08-20 00:00:00+00:00,0.0001,0.0001,0.00030000000000000003,3
2025-08-21 00:00:00+00:00,-4.302e-05,-7.216666666666666e-06,-2.1649999999999998e-05,3
2025-08-22 00:00:00+00:00,0.0001,8.732333333333335e-05,0.00026197000000000004,3
2025-08-23 00:00:00+00:00,0.0001,0.0001,0.00030000000000000003,3
2025-08-24 00:00:00+00:00,0.0001,0.0001,0.00030000000000000003,3
2025-08-25 00:00:00+00:00,0.0001,0.0001,0.00030000000000000003,3
2025-08-26 00:00:00+00:00,6.302e-05,3.115333333333333e-05,9.346e-05,3
2025-08-27 00:00:00+00:00,-5e-05,3.628333333333333e-05,0.00010884999999999999,3
2025-08-28 00:00:00+00:00,8.501e-05,2.8643333333333334e-05,8.593e-05,3
2025-08-29 00:00:00+00:00,-4.123e-05,3.984e-05,0.00011952,3
2025-08-30 00:00:00+00:00,0.0001,9.796e-05,0.00029388,3
2025-08-31 00:00:00+00:00,0.0001,8.864333333333333e-05,0.00026593,3
2025-09-01 00:00:00+00:00,8.561e-05,9.208333333333334e-05,0.00027625,3
2025-09-02 00:00:00+00:00,8.629e-05,9.468333333333334e-05,0.00028405,3
2025-09-03 00:00:00+00:00,0.0001,7.459333333333333e-05,0.00022378,3
2025-09-04 00:00:00+00:00,1.343e-05,5.026e-05,0.00015078000000000002,3
2025-09-05 00:00:00+00:00,5.023e-05,4.491e-05,0.00013473,3
2025-09-06 00:00:00+00:00,-1.835e-05,-8.803333333333333e-06,-2.641e-05,3
2025-09-07 00:00:00+00:00,4.362e-05,7.518000000000001e-05,0.00022554,3
2025-09-08 00:00:00+00:00,9.603e-05,9.684e-05,0.00029052,3
2025-09-09 00:00:00+00:00,0.0001,9.738666666666667e-05,0.00029216,3
2025-09-10 00:00:00+00:00,0.0001,9.475333333333333e-05,0.00028426,3
2025-09-11 00:00:00+00:00,0.0001,0.0001,0.00030000000000000003,3
2025-09-12 00:00:00+00:00,0.0001,0.0001,0.00030000000000000003,3
2025-09-13 00:00:00+00:00,0.0001,0.0001,0.00030000000000000003,3
2025-09-14 00:00:00+00:00,0.0001,0.0001,0.00030000000000000003,3
2025-09-15 00:00:00+00:00,0.0001,0.0001,0.00030000000000000003,3
2025-09-16 00:00:00+00:00,0.0001,0.0001,0.00030000000000000003,3
2025-09-17 00:00:00+00:00,6.989e-05,7.372333333333333e-05,0.00022117,3
2025-09-18 00:00:00+00:00,0.0001,0.0001,0.00030000000000000003,3
2025-09-19 00:00:00+00:00,0.0001,0.0001,0.00030000000000000003,3
2025-09-20 00:00:00+00:00,4.221e-05,8.073666666666666e-05,0.00024221,3
2025-09-21 00:00:00+00:00,1.565e-05,5.0463333333333335e-05,0.00015139,3
2025-09-22 00:00:00+00:00,7.621e-05,4.694666666666666e-05,0.00014084,3
2025-09-23 00:00:00+00:00,0.0001,7.788666666666667e-05,0.00023366,3
2025-09-24 00:00:00+00:00,0.0001,0.0001,0.00030000000000000003,3
2025-09-25 00:00:00+00:00,5.237e-05,3.493e-05,0.00010479,3
2025-09-26 00:00:00+00:00,6.926e-05,3.019333333333333e-05,9.057999999999999e-05,3
2025-09-27 00:00:00+00:00,5.208e-05,3.873e-05,0.00011619,3
2025-09-28 00:00:00+00:00,4.832e-05,5.697666666666667e-05,0.00017093000000000002,3
2025-09-29 00:00:00+00:00,3.898e-05,2.8123333333333336e-05,8.437000000000001e-05,3
2025-09-30 00:00:00+00:00,7.9e-07,2.133333333333333e-05,6.4e-05,3
2025-10-01 00:00:00+00:00,-4.055e-05,3.595e-05,0.00010784999999999999,3
2025-10-02 00:00:00+00:00,0.0001,9.997333333333333e-05,0.00029992,3
2025-10-03 00:00:00+00:00,0.0001,0.0001,0.00030000000000000003,3
2025-10-04 00:00:00+00:00,5.125e-05,4.790333333333334e-05,0.00014371000000000002,3
2025-10-05 00:00:00+00:00,0.0001,5.940333333333334e-05,0.00017821000000000002,3
2025-10-06 00:00:00+00:00,0.0001,9.236e-05,0.00027708,3
2025-10-07 00:00:00+00:00,0.0001,7.216666666666667e-05,0.0002165,3
2025-10-08 00:00:00+00:00,0.0001,9.663e-05,0.00028989,3
2025-10-09 00:00:00+00:00,0.0001,0.0001,0.00030000000000000003,3
2025-10-10 00:00:00+00:00,0.0001,0.0001,0.00030000000000000003,3
2025-10-11 00:00:00+00:00,0.0001,-0.0007124366666666666,-0.00213731,3
2025-10-12 00:00:00+00:00,6.953e-05,8.033333333333334e-05,0.000241,3
2025-10-13 00:00:00+00:00,0.0001,8.858666666666666e-05,0.00026576,3
2025-10-14 00:00:00+00:00,-4.752e-05,-2.0576666666666666e-05,-6.173e-05,3
2025-10-15 00:00:00+00:00,-1.46e-06,-3.307e-05,-9.921e-05,3
2025-10-16 00:00:00+00:00,-1.88e-05,-7.94e-06,-2.382e-05,3
2025-10-17 00:00:00+00:00,0.0001,6.732666666666667e-05,0.00020198000000000001,3
2025-10-18 00:00:00+00:00,7.907e-05,3.7590000000000004e-05,0.00011277,3
2025-10-19 00:00:00+00:00,2.848e-05,-2.6719999999999998e-05,-8.015999999999999e-05,3
2025-10-20 00:00:00+00:00,4.48e-06,2.1733333333333326e-06,6.519999999999998e-06,3
2025-10-21 00:00:00+00:00,2.869e-05,3.15e-05,9.45e-05,3
2025-10-22 00:00:00+00:00,0.0001,3.9670000000000005e-05,0.00011901000000000001,3
2025-10-23 00:00:00+00:00,3.211e-05,7.353333333333334e-05,0.0002206,3
2025-10-24 00:00:00+00:00,-2.92e-05,-1.0906666666666667e-05,-3.272e-05,3
2025-10-25 00:00:00+00:00,-1.774e-05,-5.26e-06,-1.5779999999999998e-05,3
2025-10-26 00:00:00+00:00,0.0001,4.7333333333333336e-05,0.000142,3
2025-10-27 00:00:00+00:00,6.323e-05,3.615333333333333e-05,0.00010846,3
2025-10-28 00:00:00+00:00,-0.00011503,-6.886666666666665e-06,-2.0659999999999995e-05,3
2025-10-29 00:00:00+00:00,7.941e-05,3.407333333333333e-05,0.00010222,3
2025-10-30 00:00:00+00:00,0.0001,0.0001,0.00030000000000000003,3
2025-10-31 00:00:00+00:00,0.0001,4.056333333333334e-05,0.00012169000000000001,3
2025-11-01 00:00:00+00:00,2.848e-05,1.3839999999999998e-05,4.1519999999999995e-05,3
2025-11-02 00:00:00+00:00,-5.325e-05,-6.525333333333334e-05,-0.00019576,3
2025-11-03 00:00:00+00:00,-6.409e-05,-5.935333333333334e-05,-0.00017806,3
2025-11-04 00:00:00+00:00,0.0001,4.172000000000001e-05,0.00012516000000000003,3
2025-11-05 00:00:00+00:00,-2.229e-05,3.828e-05,0.00011484,3
2025-11-06 00:00:00+00:00,3.394e-05,2.6103333333333335e-05,7.831e-05,3
2025-11-07 00:00:00+00:00,5.625e-05,4.633666666666667e-05,0.00013901,3
2025-11-08 00:00:00+00:00,0.0001,0.0001,0.00030000000000000003,3
2025-11-09 00:00:00+00:00,0.0001,5.238e-05,0.00015714,3
2025-11-10 00:00:00+00:00,4.426e-05,6.658333333333333e-05,0.00019975,3
2025-11-11 00:00:00+00:00,8.331e-05,4.391e-05,0.00013173,3
2025-11-12 00:00:00+00:00,-4.354e-05,-1.4826666666666666e-05,-4.448e-05,3
2025-11-13 00:00:00+00:00,-2.731e-05,4.8593333333333335e-05,0.00014578,3
2025-11-14 00:00:00+00:00,0.0001,6.927666666666666e-05,0.00020783,3
2025-11-15 00:00:00+00:00,0.0001,8.588333333333334e-05,0.00025765,3
2025-11-16 00:00:00+00:00,-5.626e-05,-4.0333333333333454e-07,-1.2100000000000037e-06,3
2025-11-17 00:00:00+00:00,-3.49e-06,-5.095e-05,-0.00015285,3
2025-11-18 00:00:00+00:00,0.0001,5.735666666666667e-05,0.00017207000000000002,3
2025-11-19 00:00:00+00:00,0.0001,5.5580000000000007e-05,0.00016674000000000002,3
2025-11-20 00:00:00+00:00,0.0001,6.913333333333334e-05,0.0002074,3
2025-11-21 00:00:00+00:00,-3.704e-05,1.347e-05,4.041e-05,3
2025-11-22 00:00:00+00:00,-6.278e-05,-2.9250000000000003e-05,-8.775e-05,3
2025-11-23 00:00:00+00:00,3.14e-06,-2.895e-05,-8.685e-05,3
2025-11-24 00:00:00+00:00,9.29e-05,3.297e-05,9.891e-05,3
2025-11-25 00:00:00+00:00,2.698e-05,-4.936666666666667e-06,-1.4810000000000002e-05,3
2025-11-26 00:00:00+00:00,-2.259e-05,3.005666666666667e-05,9.017000000000001e-05,3
2025-11-27 00:00:00+00:00,-5.616e-05,2.326e-05,6.978e-05,3
2025-11-28 00:00:00+00:00,1.91e-05,-2.9873333333333334e-05,-8.962e-05,3
2025-11-29 00:00:00+00:00,1.147e-05,1.2933333333333334e-05,3.88e-05,3
2025-11-30 00:00:00+00:00,-4.3e-05,-4.7163333333333336e-05,-0.00014149,3
2025-12-01 00:00:00+00:00,3.311e-05,2.2200000000000003e-06,6.660000000000001e-06,3
2025-12-02 00:00:00+00:00,-8.69e-06,-2.4466666666666694e-06,-7.340000000000008e-06,3
2025-12-03 00:00:00+00:00,2.19e-05,-3.7233333333333342e-06,-1.1170000000000003e-05,3
2025-12-04 00:00:00+00:00,7.805e-05,9.739999999999998e-06,2.9219999999999995e-05,3
2025-12-05 00:00:00+00:00,2.838e-05,-3.899666666666667e-05,-0.00011699000000000002,3
2025-12-06 00:00:00+00:00,-1.986e-05,-5.826666666666667e-06,-1.7480000000000002e-05,3
2025-12-07 00:00:00+00:00,-1.332e-05,3.760000000000001e-06,1.1280000000000002e-05,3
2025-12-08 00:00:00+00:00,7.758e-05,4.5730000000000004e-05,0.00013719,3
2025-12-09 00:00:00+00:00,-3.106e-05,-3.316666666666666e-06,-9.949999999999998e-06,3
2025-12-10 00:00:00+00:00,-2.601e-05,2.9613333333333333e-05,8.884e-05,3
2025-12-11 00:00:00+00:00,-4.18e-05,-4.9166666666666665e-06,-1.475e-05,3
2025-12-12 00:00:00+00:00,3.01e-06,5.320333333333333e-05,0.00015961,3
2025-12-13 00:00:00+00:00,-2.174e-05,-8.05e-06,-2.4149999999999997e-05,3
2025-12-14 00:00:00+00:00,-3.642e-05,-7.546666666666667e-06,-2.264e-05,3
2025-12-15 00:00:00+00:00,3.764e-05,5.0429999999999997e-05,0.00015129,3
2025-12-16 00:00:00+00:00,3.37e-06,-2.2816666666666664e-05,-6.845e-05,3
2025-12-17 00:00:00+00:00,-1.552e-05,1.3443333333333332e-05,4.0329999999999995e-05,3
2025-12-18 00:00:00+00:00,-4.001e-05,-2.7833333333333333e-05,-8.35e-05,3
2025-12-19 00:00:00+00:00,3.262e-05,2.3686666666666668e-05,7.106e-05,3
2025-12-20 00:00:00+00:00,3.972e-05,-1.0266666666666681e-06,-3.0800000000000044e-06,3
2025-12-21 00:00:00+00:00,-6.159e-05,-3.191333333333333e-05,-9.574e-05,3
2025-12-22 00:00:00+00:00,8.899e-05,4.480333333333334e-05,0.00013441,3
2025-12-23 00:00:00+00:00,-1.465e-05,3.691e-05,0.00011072999999999999,3
2025-12-24 00:00:00+00:00,3.136e-05,1.528e-05,4.5839999999999995e-05,3
2025-12-25 00:00:00+00:00,8.042e-05,7.820666666666667e-05,0.00023462,3
2025-12-26 00:00:00+00:00,6.504e-05,5.0653333333333325e-05,0.00015195999999999997,3
2025-12-27 00:00:00+00:00,8.358e-05,7.464333333333333e-05,0.00022393,3
2025-12-28 00:00:00+00:00,-0.00011607,-4.248666666666667e-05,-0.00012746,3
2025-12-29 00:00:00+00:00,1.981e-05,-2.5866666666666667e-05,-7.76e-05,3
2025-12-30 00:00:00+00:00,2.839e-05,7.923333333333334e-06,2.377e-05,3
2025-12-31 00:00:00+00:00,5.154e-05,5.0679999999999996e-05,0.00015204,3
2026-01-01 00:00:00+00:00,0.0001,0.0001,0.00030000000000000003,3
2026-01-02 00:00:00+00:00,6.2e-05,7.052333333333334e-05,0.00021157,3
2026-01-03 00:00:00+00:00,-2.71e-05,3.160333333333333e-05,9.481e-05,3
2026-01-04 00:00:00+00:00,1.2e-07,6.670666666666666e-05,0.00020012,3
2026-01-05 00:00:00+00:00,7.716e-05,3.000666666666667e-05,9.002000000000001e-05,3
2026-01-06 00:00:00+00:00,6.136e-05,4.466e-05,0.00013398000000000001,3
2026-01-07 00:00:00+00:00,-1.86e-06,7.643333333333334e-06,2.293e-05,3
2026-01-08 00:00:00+00:00,8.291e-05,7.167666666666666e-05,0.00021503,3
2026-01-09 00:00:00+00:00,-1.416e-05,1.2810000000000001e-05,3.843e-05,3
2026-01-10 00:00:00+00:00,0.0001,2.3966666666666672e-05,7.190000000000001e-05,3
2026-01-11 00:00:00+00:00,0.0001,7.953e-05,0.00023859,3
2026-01-12 00:00:00+00:00,1.472e-05,7.157333333333333e-05,0.00021472,3
2026-01-13 00:00:00+00:00,0.0001,0.0001,0.00030000000000000003,3
2026-01-14 00:00:00+00:00,0.0001,0.0001,0.00030000000000000003,3
2026-01-15 00:00:00+00:00,-3.506e-05,9.143333333333336e-06,2.7430000000000007e-05,3
2026-01-16 00:00:00+00:00,-3.005e-05,-2.6656666666666665e-05,-7.997e-05,3
2026-01-17 00:00:00+00:00,4.945e-05,8.315e-05,0.00024945,3
2026-01-18 00:00:00+00:00,6.473e-05,4.281333333333334e-05,0.00012844,3
2026-01-19 00:00:00+00:00,-2.743e-05,-4.576333333333333e-05,-0.00013728999999999998,3
2026-01-20 00:00:00+00:00,5.385e-05,7.631333333333333e-05,0.00022894,3
2026-01-21 00:00:00+00:00,3.55e-05,4.2103333333333334e-05,0.00012631,3
2026-01-22 00:00:00+00:00,-2.591e-05,-5.366666666666677e-07,-1.6100000000000032e-06,3
2026-01-23 00:00:00+00:00,-9.267e-05,1.433333333333314e-07,4.299999999999942e-07,3
2026-01-24 00:00:00+00:00,-5.306e-05,-4.628666666666667e-05,-0.00013886,3
2026-01-25 00:00:00+00:00,-4.735e-05,-2.9380000000000003e-05,-8.814e-05,3
2026-01-26 00:00:00+00:00,5.928e-05,6.350333333333334e-05,0.00019051000000000002,3
2026-01-27 00:00:00+00:00,3.224e-05,4.5990000000000005e-05,0.00013797,3
2026-01-28 00:00:00+00:00,1.592e-05,-7.96e-06,-2.388e-05,3
2026-01-29 00:00:00+00:00,-1.34e-05,3.319e-05,9.957e-05,3
2026-01-30 00:00:00+00:00,-2.47e-05,-8.890000000000001e-06,-2.6670000000000004e-05,3
2026-01-31 00:00:00+00:00,-2.197e-05,-2.299999999999995e-07,-6.899999999999985e-07,3
2026-02-01 00:00:00+00:00,5.184e-05,5.3433333333333336e-06,1.603e-05,3
2026-02-02 00:00:00+00:00,3.975e-05,6.331333333333334e-05,0.00018994000000000001,3
2026-02-03 00:00:00+00:00,-3.238e-05,1.0173333333333333e-05,3.052e-05,3
2026-02-04 00:00:00+00:00,-6.926e-05,-4.856666666666668e-06,-1.4570000000000004e-05,3
2026-02-05 00:00:00+00:00,6.355e-05,5.452666666666667e-05,0.00016358,3
2026-02-06 00:00:00+00:00,4.375e-05,1.5403333333333332e-05,4.621e-05,3
2026-02-07 00:00:00+00:00,-1.698e-05,1.0499999999999995e-06,3.1499999999999986e-06,3
2026-02-08 00:00:00+00:00,-0.00016376,-5.537e-05,-0.00016611,3
2026-02-09 00:00:00+00:00,-5.567e-05,-1.4023333333333332e-05,-4.2069999999999995e-05,3
2026-02-10 00:00:00+00:00,-1.434e-05,3.8123333333333335e-05,0.00011437,3
2026-02-11 00:00:00+00:00,-5.306e-05,-6.388666666666667e-05,-0.00019166000000000002,3
2026-02-12 00:00:00+00:00,1.413e-05,7.137666666666667e-05,0.00021413,3
2026-02-13 00:00:00+00:00,-7.23e-06,6.201999999999999e-05,0.00018606,3
2026-02-14 00:00:00+00:00,1.884e-05,-3.4666666666666672e-06,-1.0400000000000002e-05,3
2026-02-15 00:00:00+00:00,6.456e-05,3.331333333333334e-05,9.994000000000001e-05,3
2026-02-16 00:00:00+00:00,2.131e-05,3.5023333333333334e-05,0.00010507,3
2026-02-17 00:00:00+00:00,5.882e-05,5.589e-05,0.00016767,3
2026-02-18 00:00:00+00:00,7.507e-05,2.8176666666666664e-05,8.452999999999999e-05,3
2026-02-19 00:00:00+00:00,-9.831e-05,-5.7190000000000006e-05,-0.00017157,3
2026-02-20 00:00:00+00:00,0.0001,2.1266666666666667e-05,6.38e-05,3
2026-02-21 00:00:00+00:00,-6.977e-05,1.9833333333333332e-05,5.9499999999999996e-05,3
2026-02-22 00:00:00+00:00,4.386e-05,-4.7990000000000006e-05,-0.00014397000000000002,3
2026-02-23 00:00:00+00:00,-8.116e-05,-3.91e-05,-0.0001173,3
2026-02-24 00:00:00+00:00,3.416e-05,-1.2396666666666668e-05,-3.719e-05,3
2026-02-25 00:00:00+00:00,0.0001,7.896666666666667e-05,0.0002369,3
2026-02-26 00:00:00+00:00,-4.83e-06,3.3763333333333336e-05,0.00010129,3
2026-02-27 00:00:00+00:00,-0.00010519,1.1999999999999999e-05,3.5999999999999994e-05,3
2026-02-28 00:00:00+00:00,-0.00010461,-3.2143333333333334e-05,-9.643e-05,3
2026-03-01 00:00:00+00:00,3.57e-06,-5.040000000000002e-06,-1.5120000000000006e-05,3
2026-03-02 00:00:00+00:00,4.284e-05,4.483666666666667e-05,0.00013451,3
2026-03-03 00:00:00+00:00,1.449e-05,2.797e-05,8.391e-05,3
2026-03-04 00:00:00+00:00,5.146e-05,3.605333333333333e-05,0.00010816,3
2026-03-05 00:00:00+00:00,-8.479e-05,1.4683333333333334e-05,4.405e-05,3
2026-03-06 00:00:00+00:00,-5.352e-05,-1.6263333333333334e-05,-4.879e-05,3
2026-03-07 00:00:00+00:00,-4.6e-05,-7.046666666666667e-05,-0.00021140000000000002,3
2026-03-08 00:00:00+00:00,-3.855e-05,-2.8166666666666666e-05,-8.45e-05,3
2026-03-09 00:00:00+00:00,5.02e-06,3.5646666666666665e-05,0.00010693999999999999,3
2026-03-10 00:00:00+00:00,7.324e-05,1.925333333333333e-05,5.7759999999999996e-05,3
2026-03-11 00:00:00+00:00,0.0001,9.92e-06,2.976e-05,3
2026-03-12 00:00:00+00:00,-6.464e-05,1.3809999999999997e-05,4.142999999999999e-05,3
2026-03-13 00:00:00+00:00,3.239e-05,5.9233333333333334e-05,0.0001777,3
2026-03-14 00:00:00+00:00,-0.00010135,-3.0133333333333335e-05,-9.04e-05,3
2026-03-15 00:00:00+00:00,3.22e-06,3.954333333333334e-05,0.00011863000000000001,3
2026-03-16 00:00:00+00:00,9.519e-05,4.275333333333333e-05,0.00012826,3
2026-03-17 00:00:00+00:00,-3.434e-05,-4.753333333333333e-06,-1.4259999999999999e-05,3
2026-03-18 00:00:00+00:00,7.191e-05,2.607333333333333e-05,7.821999999999999e-05,3
2026-03-19 00:00:00+00:00,8.294e-05,6.848333333333334e-05,0.00020545,3
2026-03-20 00:00:00+00:00,6e-06,2.5116666666666666e-05,7.535e-05,3
2026-03-21 00:00:00+00:00,-3.137e-05,-9.103333333333333e-06,-2.731e-05,3
2026-03-22 00:00:00+00:00,4.892e-05,3.2949999999999995e-05,9.884999999999999e-05,3
2026-03-23 00:00:00+00:00,2.093e-05,1.2263333333333333e-05,3.679e-05,3
2026-03-24 00:00:00+00:00,3.582e-05,7.248e-05,0.00021744,3
2026-03-25 00:00:00+00:00,0.0001,2.0806666666666672e-05,6.242000000000002e-05,3
2026-03-26 00:00:00+00:00,-1.793e-05,-2.26e-06,-6.7799999999999995e-06,3
2026-03-27 00:00:00+00:00,2.235e-05,7.244666666666667e-05,0.00021734,3
2026-03-28 00:00:00+00:00,2.341e-05,-1.6066666666666666e-05,-4.82e-05,3
2026-03-29 00:00:00+00:00,-2.783e-05,3.7720000000000005e-05,0.00011316000000000001,3
2026-03-30 00:00:00+00:00,9.478e-05,5.387e-05,0.00016161,3
2026-03-31 00:00:00+00:00,7.807e-05,9.269e-05,0.00027807,3
2026-04-01 00:00:00+00:00,2.308e-05,4.9596666666666666e-05,0.00014879,3
2026-04-02 00:00:00+00:00,-3.789e-05,-2.159333333333333e-05,-6.477999999999999e-05,3
2026-04-03 00:00:00+00:00,7.335e-05,6.588e-05,0.00019764,3
2026-04-04 00:00:00+00:00,4.08e-05,3.174e-05,9.522e-05,3
2026-04-05 00:00:00+00:00,4.405e-05,-6.264666666666666e-05,-0.00018794,3
2026-04-06 00:00:00+00:00,0.0001,6.206e-05,0.00018618,3
2026-04-07 00:00:00+00:00,1.288e-05,-1.87e-05,-5.61e-05,3
2026-04-08 00:00:00+00:00,-7.52e-05,4.16e-05,0.0001248,3
2026-04-09 00:00:00+00:00,-3.05e-06,3.52e-06,1.056e-05,3
2026-04-10 00:00:00+00:00,5.412e-05,3.3746666666666667e-05,0.00010124,3
2026-04-11 00:00:00+00:00,-4.064e-05,-1.6426666666666666e-05,-4.9279999999999996e-05,3
2026-04-12 00:00:00+00:00,-3.12e-05,2.5616666666666665e-05,7.685e-05,3
2026-04-13 00:00:00+00:00,-6.28e-05,-4.6766666666666645e-06,-1.4029999999999993e-05,3
2026-04-14 00:00:00+00:00,0.0001,5.827e-05,0.00017481000000000002,3
2026-04-15 00:00:00+00:00,0.0001,4.447333333333333e-05,0.00013342,3
2026-04-16 00:00:00+00:00,6.357e-05,3.714666666666667e-05,0.00011144,3
2026-04-17 00:00:00+00:00,5.888e-05,3.267333333333333e-05,9.802e-05,3
2026-04-18 00:00:00+00:00,-1.201e-05,-3.913e-05,-0.00011739,3
2026-04-19 00:00:00+00:00,5.74e-06,1.5756666666666668e-05,4.727e-05,3
2026-04-20 00:00:00+00:00,7.504e-05,7.853e-05,0.00023558999999999999,3
2026-04-21 00:00:00+00:00,-2.721e-05,1.05e-05,3.15e-05,3
2026-04-22 00:00:00+00:00,9.403e-05,6.175e-05,0.00018525,3
2026-04-23 00:00:00+00:00,1.925e-05,-3.028666666666666e-05,-9.085999999999998e-05,3
2026-04-24 00:00:00+00:00,1.808e-05,6.963333333333334e-05,0.0002089,3
2026-04-25 00:00:00+00:00,-5.783e-05,-2.526666666666666e-06,-7.579999999999999e-06,3
2026-04-26 00:00:00+00:00,-7.1e-07,-1.2099999999999996e-05,-3.629999999999999e-05,3
2026-04-27 00:00:00+00:00,-6.519e-05,-1.5110000000000003e-05,-4.533000000000001e-05,3
2026-04-28 00:00:00+00:00,9.004e-05,3.3549999999999996e-05,0.00010065,3
2026-04-29 00:00:00+00:00,2.924e-05,3.0606666666666666e-05,9.182e-05,3
2026-04-30 00:00:00+00:00,-6.61e-06,-1.0466666666666666e-05,-3.14e-05,3
2026-05-01 00:00:00+00:00,4.657e-05,6.236333333333333e-05,0.00018709,3
2026-05-02 00:00:00+00:00,2.949e-05,5.057e-05,0.00015171,3
2026-05-03 00:00:00+00:00,7.252e-05,3.028e-05,9.084e-05,3
2026-05-04 00:00:00+00:00,-9.681e-05,-6.116666666666671e-06,-1.8350000000000012e-05,3
2026-05-05 00:00:00+00:00,0.0001,2.9063333333333337e-05,8.719000000000001e-05,3
2026-05-06 00:00:00+00:00,8.14e-05,8.187666666666667e-05,0.00024563,3
2026-05-07 00:00:00+00:00,3.631e-05,2.321666666666667e-05,6.965000000000001e-05,3
2026-05-08 00:00:00+00:00,0.0001,4.084666666666667e-05,0.00012254,3
2026-05-09 00:00:00+00:00,3.4e-06,6.780000000000001e-05,0.0002034,3
2026-05-10 00:00:00+00:00,-3.02e-06,3.2866666666666664e-06,9.859999999999999e-06,3
2026-05-11 00:00:00+00:00,5.299e-05,1.129e-05,3.387e-05,3
2026-05-12 00:00:00+00:00,9.605e-05,3.5696666666666667e-05,0.00010709,3
2026-05-13 00:00:00+00:00,4.896e-05,8.298666666666666e-05,0.00024896,3
2026-05-14 00:00:00+00:00,0.0001,6.823666666666667e-05,0.00020471,3
2026-05-15 00:00:00+00:00,-0.00011396,6.466666666666662e-07,1.9399999999999984e-06,3
2026-05-16 00:00:00+00:00,-6.37e-06,1.4400000000000004e-06,4.320000000000001e-06,3
2026-05-17 00:00:00+00:00,5.369e-05,5.367666666666667e-05,0.00016103,3
2026-05-18 00:00:00+00:00,-2.4e-07,2.747666666666667e-05,8.243000000000001e-05,3
2026-05-19 00:00:00+00:00,4.312e-05,1.7633333333333336e-05,5.2900000000000005e-05,3
2026-05-20 00:00:00+00:00,0.0001,6.720333333333333e-05,0.00020161000000000002,3
2026-05-21 00:00:00+00:00,1.729e-05,7.243e-05,0.00021729,3
2026-05-22 00:00:00+00:00,8.395e-05,9.465e-05,0.00028395,3
2026-05-23 00:00:00+00:00,-3.5e-06,1.4119999999999999e-05,4.2359999999999994e-05,3
2026-05-24 00:00:00+00:00,3.041e-05,2.537e-05,7.611e-05,3
2026-05-25 00:00:00+00:00,7.861e-05,6.324666666666667e-05,0.00018973999999999998,3
2026-05-26 00:00:00+00:00,0.0001,2.34e-05,7.02e-05,3
2026-05-27 00:00:00+00:00,8.983e-05,1.1856666666666666e-05,3.557e-05,3
2026-05-28 00:00:00+00:00,4.867e-05,-1.4733333333333337e-05,-4.420000000000001e-05,3
2026-05-29 00:00:00+00:00,0.0001,0.0001,0.00030000000000000003,3
2026-05-30 00:00:00+00:00,9.832e-05,8.665666666666666e-05,0.00025997,3
2026-05-31 00:00:00+00:00,-2.486e-05,-6.193333333333333e-05,-0.0001858,3
2026-06-01 00:00:00+00:00,0.0001,9.55e-05,0.0002865,3
2026-06-02 00:00:00+00:00,-3.734e-05,3.096e-05,9.288e-05,3
2026-06-03 00:00:00+00:00,-6.295e-05,4.568333333333333e-05,0.00013705,3
2026-06-04 00:00:00+00:00,-9.986e-05,-4.694e-05,-0.00014082,3
2026-06-05 00:00:00+00:00,3.754e-05,1.4870000000000003e-05,4.461000000000001e-05,3
2026-06-06 00:00:00+00:00,2.875e-05,-1.398e-05,-4.194e-05,3
2026-06-07 00:00:00+00:00,-0.00017039,-5.6636666666666666e-05,-0.00016991,3
2026-06-08 00:00:00+00:00,3.93e-06,-1.1826666666666666e-05,-3.548e-05,3
2026-06-09 00:00:00+00:00,-4.079e-05,-2.5986666666666663e-05,-7.795999999999999e-05,3
2026-06-10 00:00:00+00:00,-7.51e-06,4.2176666666666665e-05,0.00012653,3
2026-06-11 00:00:00+00:00,6.92e-05,1.91e-05,5.7300000000000004e-05,3
2026-06-12 00:00:00+00:00,6.329e-05,-9.720000000000003e-06,-2.9160000000000012e-05,3
2026-06-13 00:00:00+00:00,-7.626e-05,3.5669999999999996e-05,0.00010701,3
2026-06-14 00:00:00+00:00,-9.518e-05,-4.127333333333333e-05,-0.00012382,3
2026-06-15 00:00:00+00:00,-2.246e-05,-1.3099999999999998e-05,-3.929999999999999e-05,3
2026-06-16 00:00:00+00:00,2.328e-05,4.0560000000000005e-05,0.00012168000000000001,3
2026-06-17 00:00:00+00:00,-1.94e-06,1.9973333333333334e-05,5.992e-05,3
2026-06-18 00:00:00+00:00,8.107e-05,2.942e-05,8.826e-05,3
2026-06-19 00:00:00+00:00,3.29e-06,1.3196666666666663e-05,3.958999999999999e-05,3
2026-06-20 00:00:00+00:00,1.141e-05,4.065e-05,0.00012195,3
2026-06-21 00:00:00+00:00,7.128e-05,3.356e-05,0.00010067999999999999,3
2026-06-22 00:00:00+00:00,1.636e-05,4.679e-05,0.00014036999999999999,3
2026-06-23 00:00:00+00:00,-6.94e-06,-3.078e-05,-9.234e-05,3
2026-06-24 00:00:00+00:00,2.485e-05,-2.188333333333333e-05,-6.565e-05,3
2026-06-25 00:00:00+00:00,1.404e-05,-4.940666666666666e-05,-0.00014822,3
2026-06-26 00:00:00+00:00,0.0001,5.1146666666666676e-05,0.00015344000000000002,3
2026-06-27 00:00:00+00:00,-1.41e-06,-8.046666666666667e-05,-0.00024139999999999999,3
2026-06-28 00:00:00+00:00,-1.2e-06,4.657333333333333e-05,0.00013972,3
2026-06-29 00:00:00+00:00,6.998e-05,5.121e-05,0.00015363,3
2026-06-30 00:00:00+00:00,0.0001,3.4433333333333335e-05,0.0001033,3
2026-07-01 00:00:00+00:00,0.0001,6.906e-05,0.00020718,3
2026-07-02 00:00:00+00:00,0.0001,8.687e-05,0.00026061,3
2026-07-03 00:00:00+00:00,0.0001,8.342333333333334e-05,0.00025027000000000003,3
2026-07-04 00:00:00+00:00,8.189e-05,6.743333333333334e-05,0.0002023,3
2026-07-05 00:00:00+00:00,3.134e-05,1.6823333333333335e-05,5.047e-05,3
2026-07-06 00:00:00+00:00,-4.102e-05,-2.9699999999999982e-06,-8.909999999999994e-06,3
2026-07-07 00:00:00+00:00,3.228e-05,1.9666666666666647e-07,5.899999999999994e-07,3
2026-07-08 00:00:00+00:00,7.031e-05,1.4256666666666663e-05,4.276999999999999e-05,3
2026-07-09 00:00:00+00:00,0.0001,0.0001,0.00030000000000000003,3
2026-07-10 00:00:00+00:00,0.0001,7.996666666666667e-05,0.0002399,3
2026-07-11 00:00:00+00:00,7.716e-05,7.873e-05,0.00023619,3
2026-07-12 00:00:00+00:00,4.343e-05,1.4930000000000001e-05,4.479e-05,3
2026-07-13 00:00:00+00:00,0.0001,2.0340000000000002e-05,6.102000000000001e-05,3
2026-07-14 00:00:00+00:00,-3.637e-05,1.5063333333333334e-05,4.519e-05,3
2026-07-15 00:00:00+00:00,-8.28e-06,-2.2993333333333332e-05,-6.898e-05,3
2026-07-16 00:00:00+00:00,7.778e-05,2.248333333333334e-05,6.745000000000001e-05,3
2026-07-17 00:00:00+00:00,8.432e-05,2.992e-05,8.976000000000001e-05,3
2026-07-18 00:00:00+00:00,2.391e-05,9.82e-06,2.946e-05,3
2026-07-19 00:00:00+00:00,9.674e-05,5.043333333333333e-06,1.5129999999999999e-05,3
2026-07-20 00:00:00+00:00,0.0001,4.368666666666667e-05,0.00013106,3
2026-07-21 00:00:00+00:00,-8.43e-06,-8.900000000000005e-07,-2.6700000000000015e-06,3
2026-07-22 00:00:00+00:00,7.123e-05,-1.5740000000000005e-05,-4.722000000000001e-05,3
2026-07-23 00:00:00+00:00,-5.517e-05,-1.356e-05,-4.0680000000000004e-05,3
2026-07-24 00:00:00+00:00,0.0001,5.345666666666667e-05,0.00016037,3
2026-07-25 00:00:00+00:00,5.875e-05,6.779333333333333e-05,0.00020338,3
2026-07-26 00:00:00+00:00,7.27e-06,2.7799999999999998e-05,8.34e-05,3
2026-07-27 00:00:00+00:00,-2.161e-05,1.580666666666667e-05,4.742e-05,3
2026-07-28 00:00:00+00:00,1.868e-05,-1.1776666666666667e-05,-3.533e-05,3
2026-07-29 00:00:00+00:00,5.373e-05,8.457666666666668e-05,0.00025373,3
2026-07-30 00:00:00+00:00,-6.302e-05,2.502333333333333e-05,7.507e-05,3
2026-07-31 00:00:00+00:00,-0.00012581,-1.3229999999999999e-05,-3.9689999999999994e-05,3
2026-08-01 00:00:00+00:00,4.617e-05,1.7453333333333335e-05,5.236e-05,3
2026-08-02 00:00:00+00:00,6.955e-05,7.655333333333333e-05,0.00022966,3
2026-08-03 00:00:00+00:00,0.0001,3.1893333333333335e-05,9.568e-05,3
2026-08-04 00:00:00+00:00,-3.704e-05,-1.2426666666666666e-05,-3.7279999999999995e-05,3
2026-08-05 00:00:00+00:00,0.0001,6.966666666666669e-06,2.0900000000000007e-05,3
2026-08-06 00:00:00+00:00,7.074e-05,4.9323333333333336e-05,0.00014797,3
2026-08-07 00:00:00+00:00,1.615e-05,3.849333333333333e-05,0.00011548,3
2026-08-08 00:00:00+00:00,-2.872e-05,-8.598666666666667e-05,-0.00025796,3
2026-08-09 00:00:00+00:00,-9.265e-05,-2.603333333333336e-06,-7.810000000000008e-06,3
2026-08-10 00:00:00+00:00,8.609e-05,5.6046666666666667e-05,0.00016814,3
2026-08-11 00:00:00+00:00,-2.948e-05,2.336666666666666e-06,7.009999999999999e-06,3
2026-08-12 00:00:00+00:00,7.2e-06,5.979666666666667e-05,0.00017939,3
2026-08-13 00:00:00+00:00,2.358e-05,-2.915e-05,-8.745e-05,3
2026-08-14 00:00:00+00:00,-0.00014722,-5.466666666666664e-06,-1.6399999999999992e-05,3
2026-08-15 00:00:00+00:00,4.116e-05,-6.496e-05,-0.00019488,3
2026-08-16 00:00:00+00:00,1.532e-05,-2.4243333333333336e-05,-7.273e-05,3
2026-08-17 00:00:00+00:00,0.0001,6.627e-05,0.00019881,3
2026-08-18 00:00:00+00:00,2.898e-05,5.653e-05,0.00016959,3
2026-08-19 00:00:00+00:00,0.0001,6.702666666666667e-05,0.00020108000000000002,3
2026-08-20 00:00:00+00:00,0.0001,7.074333333333333e-05,0.00021223,3
2026-08-21 00:00:00+00:00,0.0001,7.614333333333334e-05,0.00022843,3
2026-08-22 00:00:00+00:00,0.0001,0.0001,0.00030000000000000003,3
2026-08-23 00:00:00+00:00,0.0001,0.0001,0.00030000000000000003,3
2026-08-24 00:00:00+00:00,0.0001,0.0001,0.0001,1
