candle_time,event_time,funding_timestamp,funding_rate
2021-05-13 00:00:00+00:00,,,
2021-05-14 00:00:00+00:00,2021-05-14 00:00:00+00:00,1620950400000.0,0.0001
2021-05-15 00:00:00+00:00,2021-05-15 00:00:00+00:00,1621036800000.0,0.00023757
2021-05-16 00:00:00+00:00,2021-05-16 00:00:00+00:00,1621123200000.0,0.00061419
2021-05-17 00:00:00+00:00,2021-05-17 00:00:00+00:00,1621209600000.0,0.0010437
2021-05-18 00:00:00+00:00,2021-05-18 00:00:00+00:00,1621296000000.0,0.00040695
2021-05-19 00:00:00+00:00,2021-05-19 00:00:00+00:00,1621382400000.0,0.00098234
2021-05-20 00:00:00+00:00,2021-05-20 00:00:00+00:00,1621468800000.0,-0.00375
2021-05-21 00:00:00+00:00,2021-05-21 00:00:00+00:00,1621555200000.0,0.0001
2021-05-22 00:00:00+00:00,2021-05-22 00:00:00+00:00,1621641600000.0,0.0001
2021-05-23 00:00:00+00:00,2021-05-23 00:00:00+00:00,1621728000000.0,0.0001
2021-05-24 00:00:00+00:00,2021-05-24 00:00:00+00:00,1621814400000.0,-4.551e-05
2021-05-25 00:00:00+00:00,2021-05-25 00:00:00+00:00,1621900800000.0,0.0001
2021-05-26 00:00:00+00:00,2021-05-26 00:00:00+00:00,1621987200000.0,0.0001
2021-05-27 00:00:00+00:00,2021-05-27 00:00:00+00:00,1622073600000.0,0.00013006
2021-05-28 00:00:00+00:00,2021-05-28 00:00:00+00:00,1622160000000.0,0.0001
2021-05-29 00:00:00+00:00,2021-05-29 00:00:00+00:00,1622246400000.0,-6.17e-05
2021-05-30 00:00:00+00:00,2021-05-30 00:00:00+00:00,1622332800000.0,0.0001
2021-05-31 00:00:00+00:00,2021-05-31 00:00:00+00:00,1622419200000.0,0.0001
2021-06-01 00:00:00+00:00,2021-06-01 00:00:00+00:00,1622505600000.0,0.0001
2021-06-02 00:00:00+00:00,2021-06-02 00:00:00+00:00,1622592000000.0,0.0001
2021-06-03 00:00:00+00:00,2021-06-03 00:00:00+00:00,1622678400000.0,0.0001
2021-06-04 00:00:00+00:00,2021-06-04 00:00:00+00:00,1622764800000.0,0.00041636
2021-06-05 00:00:00+00:00,2021-06-05 00:00:00+00:00,1622851200000.0,0.0001
2021-06-06 00:00:00+00:00,2021-06-06 00:00:00+00:00,1622937600000.0,0.0001
2021-06-07 00:00:00+00:00,2021-06-07 00:00:00+00:00,1623024000000.0,0.0001
2021-06-08 00:00:00+00:00,2021-06-08 00:00:00+00:00,1623110400000.0,0.0001
2021-06-09 00:00:00+00:00,2021-06-09 00:00:00+00:00,1623196800000.0,0.0001
2021-06-10 00:00:00+00:00,2021-06-10 00:00:00+00:00,1623283200000.0,0.0001
2021-06-11 00:00:00+00:00,2021-06-11 00:00:00+00:00,1623369600000.0,0.0001
2021-06-12 00:00:00+00:00,2021-06-12 00:00:00+00:00,1623456000000.0,0.0001
2021-06-13 00:00:00+00:00,2021-06-13 00:00:00+00:00,1623542400000.0,0.0001
2021-06-14 00:00:00+00:00,2021-06-14 00:00:00+00:00,1623628800000.0,0.0001
2021-06-15 00:00:00+00:00,2021-06-15 00:00:00+00:00,1623715200000.0,0.0001
2021-06-16 00:00:00+00:00,2021-06-16 00:00:00+00:00,1623801600000.0,0.0001
2021-06-17 00:00:00+00:00,2021-06-17 00:00:00+00:00,1623888000000.0,0.0001
2021-06-18 00:00:00+00:00,2021-06-18 00:00:00+00:00,1623974400000.0,0.0001
2021-06-19 00:00:00+00:00,2021-06-19 00:00:00+00:00,1624060800000.0,0.0001
2021-06-20 00:00:00+00:00,2021-06-20 00:00:00+00:00,1624147200000.0,0.0001
2021-06-21 00:00:00+00:00,2021-06-21 00:00:00+00:00,1624233600000.0,0.0001
2021-06-22 00:00:00+00:00,2021-06-22 00:00:00+00:00,1624320000000.0,0.0001
2021-06-23 00:00:00+00:00,2021-06-23 00:00:00+00:00,1624406400000.0,-0.00040065
2021-06-24 00:00:00+00:00,2021-06-24 00:00:00+00:00,1624492800000.0,-8.692e-05
2021-06-25 00:00:00+00:00,2021-06-25 00:00:00+00:00,1624579200000.0,0.0001
2021-06-26 00:00:00+00:00,2021-06-26 00:00:00+00:00,1624665600000.0,1.405e-05
2021-06-27 00:00:00+00:00,2021-06-27 00:00:00+00:00,1624752000000.0,-0.00039627
2021-06-28 00:00:00+00:00,2021-06-28 00:00:00+00:00,1624838400000.0,0.0001
2021-06-29 00:00:00+00:00,2021-06-29 00:00:00+00:00,1624924800000.0,0.0001
2021-06-30 00:00:00+00:00,2021-06-30 00:00:00+00:00,1625011200000.0,0.0001
2021-07-01 00:00:00+00:00,2021-07-01 00:00:00+00:00,1625097600000.0,0.0001
2021-07-02 00:00:00+00:00,2021-07-02 00:00:00+00:00,1625184000000.0,0.0001
2021-07-03 00:00:00+00:00,2021-07-03 00:00:00+00:00,1625270400000.0,0.0001
2021-07-04 00:00:00+00:00,2021-07-04 00:00:00+00:00,1625356800000.0,0.0001
2021-07-05 00:00:00+00:00,2021-07-05 00:00:00+00:00,1625443200000.0,0.0001
2021-07-06 00:00:00+00:00,2021-07-06 00:00:00+00:00,1625529600000.0,0.0001
2021-07-07 00:00:00+00:00,2021-07-07 00:00:00+00:00,1625616000000.0,8.832e-05
2021-07-08 00:00:00+00:00,2021-07-08 00:00:00+00:00,1625702400000.0,0.0001
2021-07-09 00:00:00+00:00,2021-07-09 00:00:00+00:00,1625788800000.0,8.66e-05
2021-07-10 00:00:00+00:00,2021-07-10 00:00:00+00:00,1625875200000.0,7.767e-05
2021-07-11 00:00:00+00:00,2021-07-11 00:00:00+00:00,1625961600000.0,0.0001
2021-07-12 00:00:00+00:00,2021-07-12 00:00:00+00:00,1626048000000.0,0.0001
2021-07-13 00:00:00+00:00,2021-07-13 00:00:00+00:00,1626134400000.0,0.0001
2021-07-14 00:00:00+00:00,2021-07-14 00:00:00+00:00,1626220800000.0,0.0001
2021-07-15 00:00:00+00:00,2021-07-15 00:00:00+00:00,1626307200000.0,-1.679e-05
2021-07-16 00:00:00+00:00,2021-07-16 00:00:00+00:00,1626393600000.0,0.0001
2021-07-17 00:00:00+00:00,2021-07-17 00:00:00+00:00,1626480000000.0,0.0001
2021-07-18 00:00:00+00:00,2021-07-18 00:00:00+00:00,1626566400000.0,0.0001
2021-07-19 00:00:00+00:00,2021-07-19 00:00:00+00:00,1626652800000.0,0.0001
2021-07-20 00:00:00+00:00,2021-07-20 00:00:00+00:00,1626739200000.0,0.0001
2021-07-21 00:00:00+00:00,2021-07-21 00:00:00+00:00,1626825600000.0,-7.676e-05
2021-07-22 00:00:00+00:00,2021-07-22 00:00:00+00:00,1626912000000.0,-0.00045261
2021-07-23 00:00:00+00:00,2021-07-23 00:00:00+00:00,1626998400000.0,0.0001
2021-07-24 00:00:00+00:00,2021-07-24 00:00:00+00:00,1627084800000.0,0.0001
2021-07-25 00:00:00+00:00,2021-07-25 00:00:00+00:00,1627171200000.0,0.0001
2021-07-26 00:00:00+00:00,2021-07-26 00:00:00+00:00,1627257600000.0,0.0001
2021-07-27 00:00:00+00:00,2021-07-27 00:00:00+00:00,1627344000000.0,0.00010563
2021-07-28 00:00:00+00:00,2021-07-28 00:00:00+00:00,1627430400000.0,0.0001
2021-07-29 00:00:00+00:00,2021-07-29 00:00:00+00:00,1627516800000.0,0.0001
2021-07-30 00:00:00+00:00,2021-07-30 00:00:00+00:00,1627603200000.0,0.0001
2021-07-31 00:00:00+00:00,2021-07-31 00:00:00+00:00,1627689600000.0,0.0001
2021-08-01 00:00:00+00:00,2021-08-01 00:00:00+00:00,1627776000000.0,0.0001
2021-08-02 00:00:00+00:00,2021-08-02 00:00:00+00:00,1627862400000.0,0.00010225
2021-08-03 00:00:00+00:00,2021-08-03 00:00:00+00:00,1627948800000.0,0.0001
2021-08-04 00:00:00+00:00,2021-08-04 00:00:00+00:00,1628035200000.0,0.00028601
2021-08-05 00:00:00+00:00,2021-08-05 00:00:00+00:00,1628121600000.0,0.0001
2021-08-06 00:00:00+00:00,2021-08-06 00:00:00+00:00,1628208000000.0,0.0001
2021-08-07 00:00:00+00:00,2021-08-07 00:00:00+00:00,1628294400000.0,0.00012487
2021-08-08 00:00:00+00:00,2021-08-08 00:00:00+00:00,1628380800000.0,0.00013997
2021-08-09 00:00:00+00:00,2021-08-09 00:00:00+00:00,1628467200000.0,0.0007589
2021-08-10 00:00:00+00:00,2021-08-10 00:00:00+00:00,1628553600000.0,0.00018681
2021-08-11 00:00:00+00:00,2021-08-11 00:00:00+00:00,1628640000000.0,0.00032781
2021-08-12 00:00:00+00:00,2021-08-12 00:00:00+00:00,1628726400000.0,0.00048667
2021-08-13 00:00:00+00:00,2021-08-13 00:00:00+00:00,1628812800000.0,0.00053989
2021-08-14 00:00:00+00:00,2021-08-14 00:00:00+00:00,1628899200000.0,0.00064544
2021-08-15 00:00:00+00:00,2021-08-15 00:00:00+00:00,1628985600000.0,0.00101123
2021-08-16 00:00:00+00:00,2021-08-16 00:00:00+00:00,1629072000000.0,0.00060594
2021-08-17 00:00:00+00:00,2021-08-17 00:00:00+00:00,1629158400000.0,0.00145238
2021-08-18 00:00:00+00:00,2021-08-18 00:00:00+00:00,1629244800000.0,0.00043644
2021-08-19 00:00:00+00:00,2021-08-19 00:00:00+00:00,1629331200000.0,0.00022439
2021-08-20 00:00:00+00:00,2021-08-20 00:00:00+00:00,1629417600000.0,0.00054613
2021-08-21 00:00:00+00:00,2021-08-21 00:00:00+00:00,1629504000000.0,0.00081181
2021-08-22 00:00:00+00:00,2021-08-22 00:00:00+00:00,1629590400000.0,0.00114396
2021-08-23 00:00:00+00:00,2021-08-23 00:00:00+00:00,1629676800000.0,0.00093369
2021-08-24 00:00:00+00:00,2021-08-24 00:00:00+00:00,1629763200000.0,0.00096945
2021-08-25 00:00:00+00:00,2021-08-25 00:00:00+00:00,1629849600000.0,0.00119192
2021-08-26 00:00:00+00:00,2021-08-26 00:00:00+00:00,1629936000000.0,0.00018537
2021-08-27 00:00:00+00:00,2021-08-27 00:00:00+00:00,1630022400000.0,0.00055796
2021-08-28 00:00:00+00:00,2021-08-28 00:00:00+00:00,1630108800000.0,0.00015203
2021-08-29 00:00:00+00:00,2021-08-29 00:00:00+00:00,1630195200000.0,0.0006088
2021-08-30 00:00:00+00:00,2021-08-30 00:00:00+00:00,1630281600000.0,0.00045235
2021-08-31 00:00:00+00:00,2021-08-31 00:00:00+00:00,1630368000000.0,0.0011689
2021-09-01 00:00:00+00:00,2021-09-01 00:00:00+00:00,1630454400000.0,0.00038038
2021-09-02 00:00:00+00:00,2021-09-02 00:00:00+00:00,1630540800000.0,0.00040099
2021-09-03 00:00:00+00:00,2021-09-03 00:00:00+00:00,1630627200000.0,0.00128045
2021-09-04 00:00:00+00:00,2021-09-04 00:00:00+00:00,1630713600000.0,0.00088964
2021-09-05 00:00:00+00:00,2021-09-05 00:00:00+00:00,1630800000000.0,0.001503
2021-09-06 00:00:00+00:00,2021-09-06 00:00:00+00:00,1630886400000.0,0.00121172
2021-09-07 00:00:00+00:00,2021-09-07 00:00:00+00:00,1630972800000.0,0.0011632
2021-09-08 00:00:00+00:00,2021-09-08 00:00:00+00:00,1631059200000.0,0.000249
2021-09-09 00:00:00+00:00,2021-09-09 00:00:00+00:00,1631145600000.0,0.0001
2021-09-10 00:00:00+00:00,2021-09-10 00:00:00+00:00,1631232000000.0,0.0001
2021-09-11 00:00:00+00:00,2021-09-11 00:00:00+00:00,1631318400000.0,0.00045929
2021-09-12 00:00:00+00:00,2021-09-12 00:00:00+00:00,1631404800000.0,0.0001
2021-09-13 00:00:00+00:00,2021-09-13 00:00:00+00:00,1631491200000.0,0.0001
2021-09-14 00:00:00+00:00,2021-09-14 00:00:00+00:00,1631577600000.0,0.00039448
2021-09-15 00:00:00+00:00,2021-09-15 00:00:00+00:00,1631664000000.0,0.0001
2021-09-16 00:00:00+00:00,2021-09-16 00:00:00+00:00,1631750400000.0,0.0001
2021-09-17 00:00:00+00:00,2021-09-17 00:00:00+00:00,1631836800000.0,0.00016577
2021-09-18 00:00:00+00:00,2021-09-18 00:00:00+00:00,1631923200000.0,0.00049216
2021-09-19 00:00:00+00:00,2021-09-19 00:00:00+00:00,1632009600000.0,0.00020633
2021-09-20 00:00:00+00:00,2021-09-20 00:00:00+00:00,1632096000000.0,0.0001
2021-09-21 00:00:00+00:00,2021-09-21 00:00:00+00:00,1632182400000.0,-0.00012799
2021-09-22 00:00:00+00:00,2021-09-22 00:00:00+00:00,1632268800000.0,6.626e-05
2021-09-23 00:00:00+00:00,2021-09-23 00:00:00+00:00,1632355200000.0,-0.00011154
2021-09-24 00:00:00+00:00,2021-09-24 00:00:00+00:00,1632441600000.0,0.0001
2021-09-25 00:00:00+00:00,2021-09-25 00:00:00+00:00,1632528000000.0,0.0001
2021-09-26 00:00:00+00:00,2021-09-26 00:00:00+00:00,1632614400000.0,0.0001
2021-09-27 00:00:00+00:00,2021-09-27 00:00:00+00:00,1632700800000.0,0.0001
2021-09-28 00:00:00+00:00,2021-09-28 00:00:00+00:00,1632787200000.0,0.0001
2021-09-29 00:00:00+00:00,2021-09-29 00:00:00+00:00,1632873600000.0,0.0001
2021-09-30 00:00:00+00:00,2021-09-30 00:00:00+00:00,1632960000000.0,0.0001
2021-10-01 00:00:00+00:00,2021-10-01 00:00:00+00:00,1633046400000.0,0.0001
2021-10-02 00:00:00+00:00,2021-10-02 00:00:00+00:00,1633132800000.0,0.0001
2021-10-03 00:00:00+00:00,2021-10-03 00:00:00+00:00,1633219200000.0,0.00012685
2021-10-04 00:00:00+00:00,2021-10-04 00:00:00+00:00,1633305600000.0,0.0001
2021-10-05 00:00:00+00:00,2021-10-05 00:00:00+00:00,1633392000000.0,0.00013892
2021-10-06 00:00:00+00:00,2021-10-06 00:00:00+00:00,1633478400000.0,0.0002664
2021-10-07 00:00:00+00:00,2021-10-07 00:00:00+00:00,1633564800000.0,0.00049367
2021-10-08 00:00:00+00:00,2021-10-08 00:00:00+00:00,1633651200000.0,0.000626
2021-10-09 00:00:00+00:00,2021-10-09 00:00:00+00:00,1633737600000.0,0.00093745
2021-10-10 00:00:00+00:00,2021-10-10 00:00:00+00:00,1633824000000.0,0.00029763
2021-10-11 00:00:00+00:00,2021-10-11 00:00:00+00:00,1633910400000.0,0.0004348
2021-10-12 00:00:00+00:00,2021-10-12 00:00:00+00:00,1633996800000.0,0.0007515
2021-10-13 00:00:00+00:00,2021-10-13 00:00:00+00:00,1634083200000.0,0.0001
2021-10-14 00:00:00+00:00,2021-10-14 00:00:00+00:00,1634169600000.0,0.00044542
2021-10-15 00:00:00+00:00,2021-10-15 00:00:00+00:00,1634256000000.0,0.00067828
2021-10-16 00:00:00+00:00,2021-10-16 00:00:00+00:00,1634342400000.0,0.00098806
2021-10-17 00:00:00+00:00,2021-10-17 00:00:00+00:00,1634428800000.0,0.00109474
2021-10-18 00:00:00+00:00,2021-10-18 00:00:00+00:00,1634515200000.0,0.0011798
2021-10-19 00:00:00+00:00,2021-10-19 00:00:00+00:00,1634601600000.0,0.00037282
2021-10-20 00:00:00+00:00,2021-10-20 00:00:00+00:00,1634688000000.0,0.00064243
2021-10-21 00:00:00+00:00,2021-10-21 00:00:00+00:00,1634774400000.0,0.00101474
2021-10-22 00:00:00+00:00,2021-10-22 00:00:00+00:00,1634860800000.0,0.00184819
2021-10-23 00:00:00+00:00,2021-10-23 00:00:00+00:00,1634947200000.0,0.00094259
2021-10-24 00:00:00+00:00,2021-10-24 00:00:00+00:00,1635033600000.0,0.00080141
2021-10-25 00:00:00+00:00,2021-10-25 00:00:00+00:00,1635120000000.0,0.00129781
2021-10-26 00:00:00+00:00,2021-10-26 00:00:00+00:00,1635206400000.0,0.00093895
2021-10-27 00:00:00+00:00,2021-10-27 00:00:00+00:00,1635292800000.0,0.00134104
2021-10-28 00:00:00+00:00,2021-10-28 00:00:00+00:00,1635379200000.0,0.0001
2021-10-29 00:00:00+00:00,2021-10-29 00:00:00+00:00,1635465600000.0,0.0001
2021-10-30 00:00:00+00:00,2021-10-30 00:00:00+00:00,1635552000000.0,0.00043918
2021-10-31 00:00:00+00:00,2021-10-31 00:00:00+00:00,1635638400000.0,0.00024453
2021-11-01 00:00:00+00:00,2021-11-01 00:00:00+00:00,1635724800000.0,0.0002979
2021-11-02 00:00:00+00:00,2021-11-02 00:00:00+00:00,1635811200000.0,0.00095067
2021-11-03 00:00:00+00:00,2021-11-03 00:00:00+00:00,1635897600000.0,0.00094274
2021-11-04 00:00:00+00:00,2021-11-04 00:00:00+00:00,1635984000000.0,0.0006609
2021-11-05 00:00:00+00:00,2021-11-05 00:00:00+00:00,1636070400000.0,0.000907
2021-11-06 00:00:00+00:00,2021-11-06 00:00:00+00:00,1636156800000.0,0.00139918
2021-11-07 00:00:00+00:00,2021-11-07 00:00:00+00:00,1636243200000.0,0.00067056
2021-11-08 00:00:00+00:00,2021-11-08 00:00:00+00:00,1636329600000.0,0.00058351
2021-11-09 00:00:00+00:00,2021-11-09 00:00:00+00:00,1636416000000.0,0.0016796
2021-11-10 00:00:00+00:00,2021-11-10 00:00:00+00:00,1636502400000.0,0.00148662
2021-11-11 00:00:00+00:00,2021-11-11 00:00:00+00:00,1636588800000.0,0.00070654
2021-11-12 00:00:00+00:00,2021-11-12 00:00:00+00:00,1636675200000.0,0.0001
2021-11-13 00:00:00+00:00,2021-11-13 00:00:00+00:00,1636761600000.0,0.0001
2021-11-14 00:00:00+00:00,2021-11-14 00:00:00+00:00,1636848000000.0,0.00023157
2021-11-15 00:00:00+00:00,2021-11-15 00:00:00+00:00,1636934400000.0,0.00018437
2021-11-16 00:00:00+00:00,2021-11-16 00:00:00+00:00,1637020800000.0,0.00030969
2021-11-17 00:00:00+00:00,2021-11-17 00:00:00+00:00,1637107200000.0,0.0001
2021-11-18 00:00:00+00:00,2021-11-18 00:00:00+00:00,1637193600000.0,0.0001
2021-11-19 00:00:00+00:00,2021-11-19 00:00:00+00:00,1637280000000.0,0.0001
2021-11-20 00:00:00+00:00,2021-11-20 00:00:00+00:00,1637366400000.0,0.0001
2021-11-21 00:00:00+00:00,2021-11-21 00:00:00+00:00,1637452800000.0,0.00021963
2021-11-22 00:00:00+00:00,2021-11-22 00:00:00+00:00,1637539200000.0,0.00038959
2021-11-23 00:00:00+00:00,2021-11-23 00:00:00+00:00,1637625600000.0,0.00025314
2021-11-24 00:00:00+00:00,2021-11-24 00:00:00+00:00,1637712000000.0,0.00018168
2021-11-25 00:00:00+00:00,2021-11-25 00:00:00+00:00,1637798400000.0,0.00044556
2021-11-26 00:00:00+00:00,2021-11-26 00:00:00+00:00,1637884800000.0,0.00059246
2021-11-27 00:00:00+00:00,2021-11-27 00:00:00+00:00,1637971200000.0,0.0001
2021-11-28 00:00:00+00:00,2021-11-28 00:00:00+00:00,1638057600000.0,0.0001
2021-11-29 00:00:00+00:00,2021-11-29 00:00:00+00:00,1638144000000.0,0.0001
2021-11-30 00:00:00+00:00,2021-11-30 00:00:00+00:00,1638230400000.0,0.0001
2021-12-01 00:00:00+00:00,2021-12-01 00:00:00+00:00,1638316800000.0,0.0001
2021-12-02 00:00:00+00:00,2021-12-02 00:00:00+00:00,1638403200000.0,0.0001
2021-12-03 00:00:00+00:00,2021-12-03 00:00:00+00:00,1638489600000.0,0.0001
2021-12-04 00:00:00+00:00,2021-12-04 00:00:00+00:00,1638576000000.0,0.0001
2021-12-05 00:00:00+00:00,2021-12-05 00:00:00+00:00,1638662400000.0,-0.00050144
2021-12-06 00:00:00+00:00,2021-12-06 00:00:00+00:00,1638748800000.0,0.0001
2021-12-07 00:00:00+00:00,2021-12-07 00:00:00+00:00,1638835200000.0,0.0001
2021-12-08 00:00:00+00:00,2021-12-08 00:00:00+00:00,1638921600000.0,0.0001
2021-12-09 00:00:00+00:00,2021-12-09 00:00:00+00:00,1639008000000.0,0.0001
2021-12-10 00:00:00+00:00,2021-12-10 00:00:00+00:00,1639094400000.0,0.0001
2021-12-11 00:00:00+00:00,2021-12-11 00:00:00+00:00,1639180800000.0,0.0001
2021-12-12 00:00:00+00:00,2021-12-12 00:00:00+00:00,1639267200000.0,5.12e-06
2021-12-13 00:00:00+00:00,2021-12-13 00:00:00+00:00,1639353600000.0,0.0001
2021-12-14 00:00:00+00:00,2021-12-14 00:00:00+00:00,1639440000000.0,0.0001
2021-12-15 00:00:00+00:00,2021-12-15 00:00:00+00:00,1639526400000.0,0.0001
2021-12-16 00:00:00+00:00,2021-12-16 00:00:00+00:00,1639612800000.0,0.0001
2021-12-17 00:00:00+00:00,2021-12-17 00:00:00+00:00,1639699200000.0,0.0001
2021-12-18 00:00:00+00:00,2021-12-18 00:00:00+00:00,1639785600000.0,0.0001
2021-12-19 00:00:00+00:00,2021-12-19 00:00:00+00:00,1639872000000.0,0.0001
2021-12-20 00:00:00+00:00,2021-12-20 00:00:00+00:00,1639958400000.0,0.0001
2021-12-21 00:00:00+00:00,2021-12-21 00:00:00+00:00,1640044800000.0,0.0001
2021-12-22 00:00:00+00:00,2021-12-22 00:00:00+00:00,1640131200000.0,6.06e-06
2021-12-23 00:00:00+00:00,2021-12-23 00:00:00+00:00,1640217600000.0,-0.00034721
2021-12-24 00:00:00+00:00,2021-12-24 00:00:00+00:00,1640304000000.0,-0.00051165
2021-12-25 00:00:00+00:00,2021-12-25 00:00:00+00:00,1640390400000.0,-0.00185952
2021-12-26 00:00:00+00:00,2021-12-26 00:00:00+00:00,1640476800000.0,0.00030628
2021-12-27 00:00:00+00:00,2021-12-27 00:00:00+00:00,1640563200000.0,0.0001
2021-12-28 00:00:00+00:00,2021-12-28 00:00:00+00:00,1640649600000.0,0.00020196
2021-12-29 00:00:00+00:00,2021-12-29 00:00:00+00:00,1640736000000.0,0.0001
2021-12-30 00:00:00+00:00,2021-12-30 00:00:00+00:00,1640822400000.0,0.0001
2021-12-31 00:00:00+00:00,2021-12-31 00:00:00+00:00,1640908800000.0,0.0001
2022-01-01 00:00:00+00:00,2022-01-01 00:00:00+00:00,1640995200000.0,0.0001
2022-01-02 00:00:00+00:00,2022-01-02 00:00:00+00:00,1641081600000.0,0.0001
2022-01-03 00:00:00+00:00,2022-01-03 00:00:00+00:00,1641168000000.0,0.0001
2022-01-04 00:00:00+00:00,2022-01-04 00:00:00+00:00,1641254400000.0,0.0001
2022-01-05 00:00:00+00:00,2022-01-05 00:00:00+00:00,1641340800000.0,0.0001
2022-01-06 00:00:00+00:00,2022-01-06 00:00:00+00:00,1641427200000.0,0.0001
2022-01-07 00:00:00+00:00,2022-01-07 00:00:00+00:00,1641513600000.0,0.0001
2022-01-08 00:00:00+00:00,2022-01-08 00:00:00+00:00,1641600000000.0,0.0001
2022-01-09 00:00:00+00:00,2022-01-09 00:00:00+00:00,1641686400000.0,0.0001
2022-01-10 00:00:00+00:00,2022-01-10 00:00:00+00:00,1641772800000.0,6.047e-05
2022-01-11 00:00:00+00:00,2022-01-11 00:00:00+00:00,1641859200000.0,0.0001
2022-01-12 00:00:00+00:00,2022-01-12 00:00:00+00:00,1641945600000.0,-2.138e-05
2022-01-13 00:00:00+00:00,2022-01-13 00:00:00+00:00,1642032000000.0,8.379e-05
2022-01-14 00:00:00+00:00,2022-01-14 00:00:00+00:00,1642118400000.0,0.0001
2022-01-15 00:00:00+00:00,2022-01-15 00:00:00+00:00,1642204800000.0,0.0001
2022-01-16 00:00:00+00:00,2022-01-16 00:00:00+00:00,1642291200000.0,0.0001
2022-01-17 00:00:00+00:00,2022-01-17 00:00:00+00:00,1642377600000.0,0.0001
2022-01-18 00:00:00+00:00,2022-01-18 00:00:00+00:00,1642464000000.0,0.0001
2022-01-19 00:00:00+00:00,2022-01-19 00:00:00+00:00,1642550400000.0,0.0001
2022-01-20 00:00:00+00:00,2022-01-20 00:00:00+00:00,1642636800000.0,0.0001
2022-01-21 00:00:00+00:00,2022-01-21 00:00:00+00:00,1642723200000.0,0.0001
2022-01-22 00:00:00+00:00,2022-01-22 00:00:00+00:00,1642809600000.0,0.0001
2022-01-23 00:00:00+00:00,2022-01-23 00:00:00+00:00,1642896000000.0,-0.00029135
2022-01-24 00:00:00+00:00,2022-01-24 00:00:00+00:00,1642982400000.0,-0.0001398
2022-01-25 00:00:00+00:00,2022-01-25 00:00:00+00:00,1643068800000.0,0.0001
2022-01-26 00:00:00+00:00,2022-01-26 00:00:00+00:00,1643155200000.0,0.0001
2022-01-27 00:00:00+00:00,2022-01-27 00:00:00+00:00,1643241600000.0,0.0001
2022-01-28 00:00:00+00:00,2022-01-28 00:00:00+00:00,1643328000000.0,0.0001
2022-01-29 00:00:00+00:00,2022-01-29 00:00:00+00:00,1643414400000.0,0.0001
2022-01-30 00:00:00+00:00,2022-01-30 00:00:00+00:00,1643500800000.0,-4.666e-05
2022-01-31 00:00:00+00:00,2022-01-31 00:00:00+00:00,1643587200000.0,0.0001
2022-02-01 00:00:00+00:00,2022-02-01 00:00:00+00:00,1643673600000.0,0.0001
2022-02-02 00:00:00+00:00,2022-02-02 00:00:00+00:00,1643760000000.0,-0.00015047
2022-02-03 00:00:00+00:00,2022-02-03 00:00:00+00:00,1643846400000.0,0.0001
2022-02-04 00:00:00+00:00,2022-02-04 00:00:00+00:00,1643932800000.0,0.0001
2022-02-05 00:00:00+00:00,2022-02-05 00:00:00+00:00,1644019200000.0,0.0001
2022-02-06 00:00:00+00:00,2022-02-06 00:00:00+00:00,1644105600000.0,0.0001
2022-02-07 00:00:00+00:00,2022-02-07 00:00:00+00:00,1644192000000.0,0.0001
2022-02-08 00:00:00+00:00,2022-02-08 00:00:00+00:00,1644278400000.0,-0.00014782
2022-02-09 00:00:00+00:00,2022-02-09 00:00:00+00:00,1644364800000.0,0.0001
2022-02-10 00:00:00+00:00,2022-02-10 00:00:00+00:00,1644451200000.0,0.0001
2022-02-11 00:00:00+00:00,2022-02-11 00:00:00+00:00,1644537600000.0,0.0001
2022-02-12 00:00:00+00:00,2022-02-12 00:00:00+00:00,1644624000000.0,0.0001
2022-02-13 00:00:00+00:00,2022-02-13 00:00:00+00:00,1644710400000.0,0.0001
2022-02-14 00:00:00+00:00,2022-02-14 00:00:00+00:00,1644796800000.0,0.0001
2022-02-15 00:00:00+00:00,2022-02-15 00:00:00+00:00,1644883200000.0,0.0001
2022-02-16 00:00:00+00:00,2022-02-16 00:00:00+00:00,1644969600000.0,-7.662e-05
2022-02-17 00:00:00+00:00,2022-02-17 00:00:00+00:00,1645056000000.0,0.0001
2022-02-18 00:00:00+00:00,2022-02-18 00:00:00+00:00,1645142400000.0,0.0001
2022-02-19 00:00:00+00:00,2022-02-19 00:00:00+00:00,1645228800000.0,0.0001
2022-02-20 00:00:00+00:00,2022-02-20 00:00:00+00:00,1645315200000.0,0.0001
2022-02-21 00:00:00+00:00,2022-02-21 00:00:00+00:00,1645401600000.0,0.0001
2022-02-22 00:00:00+00:00,2022-02-22 00:00:00+00:00,1645488000000.0,0.0001
2022-02-23 00:00:00+00:00,2022-02-23 00:00:00+00:00,1645574400000.0,-0.00011759
2022-02-24 00:00:00+00:00,2022-02-24 00:00:00+00:00,1645660800000.0,-0.00034917
2022-02-25 00:00:00+00:00,2022-02-25 00:00:00+00:00,1645747200000.0,9.06e-06
2022-02-26 00:00:00+00:00,2022-02-26 00:00:00+00:00,1645833600000.0,2.345e-05
2022-02-27 00:00:00+00:00,2022-02-27 00:00:00+00:00,1645920000000.0,0.0001
2022-02-28 00:00:00+00:00,2022-02-28 00:00:00+00:00,1646006400000.0,8.46e-05
2022-03-01 00:00:00+00:00,2022-03-01 00:00:00+00:00,1646092800000.0,1.88e-05
2022-03-02 00:00:00+00:00,2022-03-02 00:00:00+00:00,1646179200000.0,0.0001
2022-03-03 00:00:00+00:00,2022-03-03 00:00:00+00:00,1646265600000.0,0.0001
2022-03-04 00:00:00+00:00,2022-03-04 00:00:00+00:00,1646352000000.0,0.0001
2022-03-05 00:00:00+00:00,2022-03-05 00:00:00+00:00,1646438400000.0,0.0001
2022-03-06 00:00:00+00:00,2022-03-06 00:00:00+00:00,1646524800000.0,-3.659e-05
2022-03-07 00:00:00+00:00,2022-03-07 00:00:00+00:00,1646611200000.0,0.0001
2022-03-08 00:00:00+00:00,2022-03-08 00:00:00+00:00,1646697600000.0,3.894e-05
2022-03-09 00:00:00+00:00,2022-03-09 00:00:00+00:00,1646784000000.0,0.0001
2022-03-10 00:00:00+00:00,2022-03-10 00:00:00+00:00,1646870400000.0,7.454e-05
2022-03-11 00:00:00+00:00,2022-03-11 00:00:00+00:00,1646956800000.0,0.0001
2022-03-12 00:00:00+00:00,2022-03-12 00:00:00+00:00,1647043200000.0,0.0001
2022-03-13 00:00:00+00:00,2022-03-13 00:00:00+00:00,1647129600000.0,0.0001
2022-03-14 00:00:00+00:00,2022-03-14 00:00:00+00:00,1647216000000.0,0.0001
2022-03-15 00:00:00+00:00,2022-03-15 00:00:00+00:00,1647302400000.0,0.0001
2022-03-16 00:00:00+00:00,2022-03-16 00:00:00+00:00,1647388800000.0,0.0001
2022-03-17 00:00:00+00:00,2022-03-17 00:00:00+00:00,1647475200000.0,0.0001
2022-03-18 00:00:00+00:00,2022-03-18 00:00:00+00:00,1647561600000.0,0.0001
2022-03-19 00:00:00+00:00,2022-03-19 00:00:00+00:00,1647648000000.0,0.0001
2022-03-20 00:00:00+00:00,2022-03-20 00:00:00+00:00,1647734400000.0,0.0001
2022-03-21 00:00:00+00:00,2022-03-21 00:00:00+00:00,1647820800000.0,0.0001
2022-03-22 00:00:00+00:00,2022-03-22 00:00:00+00:00,1647907200000.0,0.0001
2022-03-23 00:00:00+00:00,2022-03-23 00:00:00+00:00,1647993600000.0,0.0001
2022-03-24 00:00:00+00:00,2022-03-24 00:00:00+00:00,1648080000000.0,0.0001
2022-03-25 00:00:00+00:00,2022-03-25 00:00:00+00:00,1648166400000.0,0.0001
2022-03-26 00:00:00+00:00,2022-03-26 00:00:00+00:00,1648252800000.0,0.0001
2022-03-27 00:00:00+00:00,2022-03-27 00:00:00+00:00,1648339200000.0,0.0001
2022-03-28 00:00:00+00:00,2022-03-28 00:00:00+00:00,1648425600000.0,0.0001
2022-03-29 00:00:00+00:00,2022-03-29 00:00:00+00:00,1648512000000.0,0.0002266
2022-03-30 00:00:00+00:00,2022-03-30 00:00:00+00:00,1648598400000.0,0.00015503
2022-03-31 00:00:00+00:00,2022-03-31 00:00:00+00:00,1648684800000.0,0.00010271
2022-04-01 00:00:00+00:00,2022-04-01 00:00:00+00:00,1648771200000.0,0.00015355
2022-04-02 00:00:00+00:00,2022-04-02 00:00:00+00:00,1648857600000.0,0.0001
2022-04-03 00:00:00+00:00,2022-04-03 00:00:00+00:00,1648944000000.0,0.0001
2022-04-04 00:00:00+00:00,2022-04-04 00:00:00+00:00,1649030400000.0,0.0001
2022-04-05 00:00:00+00:00,2022-04-05 00:00:00+00:00,1649116800000.0,0.0001
2022-04-06 00:00:00+00:00,2022-04-06 00:00:00+00:00,1649203200000.0,0.0001
2022-04-07 00:00:00+00:00,2022-04-07 00:00:00+00:00,1649289600000.0,0.0001
2022-04-08 00:00:00+00:00,2022-04-08 00:00:00+00:00,1649376000000.0,0.0001
2022-04-09 00:00:00+00:00,2022-04-09 00:00:00+00:00,1649462400000.0,0.0001
2022-04-10 00:00:00+00:00,2022-04-10 00:00:00+00:00,1649548800000.0,0.0001
2022-04-11 00:00:00+00:00,2022-04-11 00:00:00+00:00,1649635200000.0,0.0001
2022-04-12 00:00:00+00:00,2022-04-12 00:00:00+00:00,1649721600000.0,-4.955e-05
2022-04-13 00:00:00+00:00,2022-04-13 00:00:00+00:00,1649808000000.0,-0.00010745
2022-04-14 00:00:00+00:00,2022-04-14 00:00:00+00:00,1649894400000.0,0.0001
2022-04-15 00:00:00+00:00,2022-04-15 00:00:00+00:00,1649980800000.0,0.0001
2022-04-16 00:00:00+00:00,2022-04-16 00:00:00+00:00,1650067200000.0,-4.33e-06
2022-04-17 00:00:00+00:00,2022-04-17 00:00:00+00:00,1650153600000.0,0.0001
2022-04-18 00:00:00+00:00,2022-04-18 00:00:00+00:00,1650240000000.0,1.45e-05
2022-04-19 00:00:00+00:00,2022-04-19 00:00:00+00:00,1650326400000.0,6.834e-05
2022-04-20 00:00:00+00:00,2022-04-20 00:00:00+00:00,1650412800000.0,0.0001
2022-04-21 00:00:00+00:00,2022-04-21 00:00:00+00:00,1650499200000.0,0.0001
2022-04-22 00:00:00+00:00,2022-04-22 00:00:00+00:00,1650585600000.0,0.0001
2022-04-23 00:00:00+00:00,2022-04-23 00:00:00+00:00,1650672000000.0,0.0001
2022-04-24 00:00:00+00:00,2022-04-24 00:00:00+00:00,1650758400000.0,0.0001
2022-04-25 00:00:00+00:00,2022-04-25 00:00:00+00:00,1650844800000.0,0.0001
2022-04-26 00:00:00+00:00,2022-04-26 00:00:00+00:00,1650931200000.0,0.0001
2022-04-27 00:00:00+00:00,2022-04-27 00:00:00+00:00,1651017600000.0,0.0001
2022-04-28 00:00:00+00:00,2022-04-28 00:00:00+00:00,1651104000000.0,0.0001
2022-04-29 00:00:00+00:00,2022-04-29 00:00:00+00:00,1651190400000.0,0.0001
2022-04-30 00:00:00+00:00,2022-04-30 00:00:00+00:00,1651276800000.0,0.0001
2022-05-01 00:00:00+00:00,2022-05-01 00:00:00+00:00,1651363200000.0,7.781e-05
2022-05-02 00:00:00+00:00,2022-05-02 00:00:00+00:00,1651449600000.0,5.56e-05
2022-05-03 00:00:00+00:00,2022-05-03 00:00:00+00:00,1651536000000.0,0.0001
2022-05-04 00:00:00+00:00,2022-05-04 00:00:00+00:00,1651622400000.0,0.0001
2022-05-05 00:00:00+00:00,2022-05-05 00:00:00+00:00,1651708800000.0,2.001e-05
2022-05-06 00:00:00+00:00,2022-05-06 00:00:00+00:00,1651795200000.0,0.0001
2022-05-07 00:00:00+00:00,2022-05-07 00:00:00+00:00,1651881600000.0,6.3e-07
2022-05-08 00:00:00+00:00,2022-05-08 00:00:00+00:00,1651968000000.0,0.0001
2022-05-09 00:00:00+00:00,2022-05-09 00:00:00+00:00,1652054400000.0,0.0001
2022-05-10 00:00:00+00:00,2022-05-10 00:00:00+00:00,1652140800000.0,-1.035e-05
2022-05-11 00:00:00+00:00,2022-05-11 00:00:00+00:00,1652227200000.0,2.811e-05
2022-05-12 00:00:00+00:00,2022-05-12 00:00:00+00:00,1652313600000.0,-6.997e-05
2022-05-13 00:00:00+00:00,2022-05-13 00:00:00+00:00,1652400000000.0,-0.00030202
2022-05-14 00:00:00+00:00,2022-05-14 00:00:00+00:00,1652486400000.0,0.0001
2022-05-15 00:00:00+00:00,2022-05-15 00:00:00+00:00,1652572800000.0,-9.096e-05
2022-05-16 00:00:00+00:00,2022-05-16 00:00:00+00:00,1652659200000.0,-9.925e-05
2022-05-17 00:00:00+00:00,2022-05-17 00:00:00+00:00,1652745600000.0,0.0001
2022-05-18 00:00:00+00:00,2022-05-18 00:00:00+00:00,1652832000000.0,-0.0002062
2022-05-19 00:00:00+00:00,2022-05-19 00:00:00+00:00,1652918400000.0,-9.837e-05
2022-05-20 00:00:00+00:00,2022-05-20 00:00:00+00:00,1653004800000.0,-8.85e-06
2022-05-21 00:00:00+00:00,2022-05-21 00:00:00+00:00,1653091200000.0,-3.605e-05
2022-05-22 00:00:00+00:00,2022-05-22 00:00:00+00:00,1653177600000.0,2.3e-06
2022-05-23 00:00:00+00:00,2022-05-23 00:00:00+00:00,1653264000000.0,1.275e-05
2022-05-24 00:00:00+00:00,2022-05-24 00:00:00+00:00,1653350400000.0,-6e-07
2022-05-25 00:00:00+00:00,2022-05-25 00:00:00+00:00,1653436800000.0,9.205e-05
2022-05-26 00:00:00+00:00,2022-05-26 00:00:00+00:00,1653523200000.0,0.0001
2022-05-27 00:00:00+00:00,2022-05-27 00:00:00+00:00,1653609600000.0,-0.00012895
2022-05-28 00:00:00+00:00,2022-05-28 00:00:00+00:00,1653696000000.0,6.265e-05
2022-05-29 00:00:00+00:00,2022-05-29 00:00:00+00:00,1653782400000.0,1.737e-05
2022-05-30 00:00:00+00:00,2022-05-30 00:00:00+00:00,1653868800000.0,3.339e-05
2022-05-31 00:00:00+00:00,2022-05-31 00:00:00+00:00,1653955200000.0,0.0001
2022-06-01 00:00:00+00:00,2022-06-01 00:00:00+00:00,1654041600000.0,0.0001
2022-06-02 00:00:00+00:00,2022-06-02 00:00:00+00:00,1654128000000.0,-5.59e-06
2022-06-03 00:00:00+00:00,2022-06-03 00:00:00+00:00,1654214400000.0,-3.619e-05
2022-06-04 00:00:00+00:00,2022-06-04 00:00:00+00:00,1654300800000.0,0.0001
2022-06-05 00:00:00+00:00,2022-06-05 00:00:00+00:00,1654387200000.0,7.881e-05
2022-06-06 00:00:00+00:00,2022-06-06 00:00:00+00:00,1654473600000.0,-2.08e-05
2022-06-07 00:00:00+00:00,2022-06-07 00:00:00+00:00,1654560000000.0,8.687e-05
2022-06-08 00:00:00+00:00,2022-06-08 00:00:00+00:00,1654646400000.0,-4.586e-05
2022-06-09 00:00:00+00:00,2022-06-09 00:00:00+00:00,1654732800000.0,0.0001
2022-06-10 00:00:00+00:00,2022-06-10 00:00:00+00:00,1654819200000.0,0.0001
2022-06-11 00:00:00+00:00,2022-06-11 00:00:00+00:00,1654905600000.0,0.0001
2022-06-12 00:00:00+00:00,2022-06-12 00:00:00+00:00,1654992000000.0,-5.775e-05
2022-06-13 00:00:00+00:00,2022-06-13 00:00:00+00:00,1655078400000.0,-4.06e-06
2022-06-14 00:00:00+00:00,2022-06-14 00:00:00+00:00,1655164800000.0,-0.00027512
2022-06-15 00:00:00+00:00,2022-06-15 00:00:00+00:00,1655251200000.0,-2.27e-06
2022-06-16 00:00:00+00:00,2022-06-16 00:00:00+00:00,1655337600000.0,-0.00015126
2022-06-17 00:00:00+00:00,2022-06-17 00:00:00+00:00,1655424000000.0,-1.083e-05
2022-06-18 00:00:00+00:00,2022-06-18 00:00:00+00:00,1655510400000.0,0.0001
2022-06-19 00:00:00+00:00,2022-06-19 00:00:00+00:00,1655596800000.0,0.0001
2022-06-20 00:00:00+00:00,2022-06-20 00:00:00+00:00,1655683200000.0,-0.00011233
2022-06-21 00:00:00+00:00,2022-06-21 00:00:00+00:00,1655769600000.0,0.0001
2022-06-22 00:00:00+00:00,2022-06-22 00:00:00+00:00,1655856000000.0,0.0001
2022-06-23 00:00:00+00:00,2022-06-23 00:00:00+00:00,1655942400000.0,-2.452e-05
2022-06-24 00:00:00+00:00,2022-06-24 00:00:00+00:00,1656028800000.0,-2.238e-05
2022-06-25 00:00:00+00:00,2022-06-25 00:00:00+00:00,1656115200000.0,0.0001
2022-06-26 00:00:00+00:00,2022-06-26 00:00:00+00:00,1656201600000.0,0.0001
2022-06-27 00:00:00+00:00,2022-06-27 00:00:00+00:00,1656288000000.0,0.0001
2022-06-28 00:00:00+00:00,2022-06-28 00:00:00+00:00,1656374400000.0,0.0001
2022-06-29 00:00:00+00:00,2022-06-29 00:00:00+00:00,1656460800000.0,1.762e-05
2022-06-30 00:00:00+00:00,2022-06-30 00:00:00+00:00,1656547200000.0,-0.00010699
2022-07-01 00:00:00+00:00,2022-07-01 00:00:00+00:00,1656633600000.0,-0.00031906
2022-07-02 00:00:00+00:00,2022-07-02 00:00:00+00:00,1656720000000.0,0.0001
2022-07-03 00:00:00+00:00,2022-07-03 00:00:00+00:00,1656806400000.0,9.144e-05
2022-07-04 00:00:00+00:00,2022-07-04 00:00:00+00:00,1656892800000.0,-0.00024675
2022-07-05 00:00:00+00:00,2022-07-05 00:00:00+00:00,1656979200000.0,2.362e-05
2022-07-06 00:00:00+00:00,2022-07-06 00:00:00+00:00,1657065600000.0,-0.00034812
2022-07-07 00:00:00+00:00,2022-07-07 00:00:00+00:00,1657152000000.0,-0.00013603
2022-07-08 00:00:00+00:00,2022-07-08 00:00:00+00:00,1657238400000.0,-0.00016486
2022-07-09 00:00:00+00:00,2022-07-09 00:00:00+00:00,1657324800000.0,0.0001
2022-07-10 00:00:00+00:00,2022-07-10 00:00:00+00:00,1657411200000.0,-5.677e-05
2022-07-11 00:00:00+00:00,2022-07-11 00:00:00+00:00,1657497600000.0,4.439e-05
2022-07-12 00:00:00+00:00,2022-07-12 00:00:00+00:00,1657584000000.0,0.0001
2022-07-13 00:00:00+00:00,2022-07-13 00:00:00+00:00,1657670400000.0,-2.282e-05
2022-07-14 00:00:00+00:00,2022-07-14 00:00:00+00:00,1657756800000.0,-0.00013321
2022-07-15 00:00:00+00:00,2022-07-15 00:00:00+00:00,1657843200000.0,-9.552e-05
2022-07-16 00:00:00+00:00,2022-07-16 00:00:00+00:00,1657929600000.0,9.668e-05
2022-07-17 00:00:00+00:00,2022-07-17 00:00:00+00:00,1658016000000.0,0.0001
2022-07-18 00:00:00+00:00,2022-07-18 00:00:00+00:00,1658102400000.0,3.7e-06
2022-07-19 00:00:00+00:00,2022-07-19 00:00:00+00:00,1658188800000.0,0.0001
2022-07-20 00:00:00+00:00,2022-07-20 00:00:00+00:00,1658275200000.0,-6.331e-05
2022-07-21 00:00:00+00:00,2022-07-21 00:00:00+00:00,1658361600000.0,-8.287e-05
2022-07-22 00:00:00+00:00,2022-07-22 00:00:00+00:00,1658448000000.0,-0.00017799
2022-07-23 00:00:00+00:00,2022-07-23 00:00:00+00:00,1658534400000.0,5.919e-05
2022-07-24 00:00:00+00:00,2022-07-24 00:00:00+00:00,1658620800000.0,0.0001
2022-07-25 00:00:00+00:00,2022-07-25 00:00:00+00:00,1658707200000.0,0.0001
2022-07-26 00:00:00+00:00,2022-07-26 00:00:00+00:00,1658793600000.0,0.0001
2022-07-27 00:00:00+00:00,2022-07-27 00:00:00+00:00,1658880000000.0,-0.00013419
2022-07-28 00:00:00+00:00,2022-07-28 00:00:00+00:00,1658966400000.0,-0.00013201
2022-07-29 00:00:00+00:00,2022-07-29 00:00:00+00:00,1659052800000.0,0.0001
2022-07-30 00:00:00+00:00,2022-07-30 00:00:00+00:00,1659139200000.0,0.0001
2022-07-31 00:00:00+00:00,2022-07-31 00:00:00+00:00,1659225600000.0,0.0001
2022-08-01 00:00:00+00:00,2022-08-01 00:00:00+00:00,1659312000000.0,0.0001
2022-08-02 00:00:00+00:00,2022-08-02 00:00:00+00:00,1659398400000.0,0.0001
2022-08-03 00:00:00+00:00,2022-08-03 00:00:00+00:00,1659484800000.0,0.0001
2022-08-04 00:00:00+00:00,2022-08-04 00:00:00+00:00,1659571200000.0,0.0001
2022-08-05 00:00:00+00:00,2022-08-05 00:00:00+00:00,1659657600000.0,0.0001
2022-08-06 00:00:00+00:00,2022-08-06 00:00:00+00:00,1659744000000.0,0.0001
2022-08-07 00:00:00+00:00,2022-08-07 00:00:00+00:00,1659830400000.0,0.0001
2022-08-08 00:00:00+00:00,2022-08-08 00:00:00+00:00,1659916800000.0,0.0001
2022-08-09 00:00:00+00:00,2022-08-09 00:00:00+00:00,1660003200000.0,0.0001
2022-08-10 00:00:00+00:00,2022-08-10 00:00:00+00:00,1660089600000.0,0.0001
2022-08-11 00:00:00+00:00,2022-08-11 00:00:00+00:00,1660176000000.0,0.0001
2022-08-12 00:00:00+00:00,2022-08-12 00:00:00+00:00,1660262400000.0,0.0001
2022-08-13 00:00:00+00:00,2022-08-13 00:00:00+00:00,1660348800000.0,0.0001
2022-08-14 00:00:00+00:00,2022-08-14 00:00:00+00:00,1660435200000.0,0.0001
2022-08-15 00:00:00+00:00,2022-08-15 00:00:00+00:00,1660521600000.0,0.0001
2022-08-16 00:00:00+00:00,2022-08-16 00:00:00+00:00,1660608000000.0,0.0001
2022-08-17 00:00:00+00:00,2022-08-17 00:00:00+00:00,1660694400000.0,0.0001
2022-08-18 00:00:00+00:00,2022-08-18 00:00:00+00:00,1660780800000.0,5.318e-05
2022-08-19 00:00:00+00:00,2022-08-19 00:00:00+00:00,1660867200000.0,1.8e-07
2022-08-20 00:00:00+00:00,2022-08-20 00:00:00+00:00,1660953600000.0,7.56e-05
2022-08-21 00:00:00+00:00,2022-08-21 00:00:00+00:00,1661040000000.0,5.03e-06
2022-08-22 00:00:00+00:00,2022-08-22 00:00:00+00:00,1661126400000.0,9.136e-05
2022-08-23 00:00:00+00:00,2022-08-23 00:00:00+00:00,1661212800000.0,2.41e-06
2022-08-24 00:00:00+00:00,2022-08-24 00:00:00+00:00,1661299200000.0,-9.151e-05
2022-08-25 00:00:00+00:00,2022-08-25 00:00:00+00:00,1661385600000.0,-0.00022588
2022-08-26 00:00:00+00:00,2022-08-26 00:00:00+00:00,1661472000000.0,-0.00011873
2022-08-27 00:00:00+00:00,2022-08-27 00:00:00+00:00,1661558400000.0,0.0001
2022-08-28 00:00:00+00:00,2022-08-28 00:00:00+00:00,1661644800000.0,0.0001
2022-08-29 00:00:00+00:00,2022-08-29 00:00:00+00:00,1661731200000.0,5.775e-05
2022-08-30 00:00:00+00:00,2022-08-30 00:00:00+00:00,1661817600000.0,-0.00019361
2022-08-31 00:00:00+00:00,2022-08-31 00:00:00+00:00,1661904000000.0,-0.00013391
2022-09-01 00:00:00+00:00,2022-09-01 00:00:00+00:00,1661990400000.0,-6.626e-05
2022-09-02 00:00:00+00:00,2022-09-02 00:00:00+00:00,1662076800000.0,-0.00022096
2022-09-03 00:00:00+00:00,2022-09-03 00:00:00+00:00,1662163200000.0,0.0001
2022-09-04 00:00:00+00:00,2022-09-04 00:00:00+00:00,1662249600000.0,0.0001
2022-09-05 00:00:00+00:00,2022-09-05 00:00:00+00:00,1662336000000.0,0.0001
2022-09-06 00:00:00+00:00,2022-09-06 00:00:00+00:00,1662422400000.0,-0.00024078
2022-09-07 00:00:00+00:00,2022-09-07 00:00:00+00:00,1662508800000.0,-1.8e-05
2022-09-08 00:00:00+00:00,2022-09-08 00:00:00+00:00,1662595200000.0,-0.00010193
2022-09-09 00:00:00+00:00,2022-09-09 00:00:00+00:00,1662681600000.0,-0.00012983
2022-09-10 00:00:00+00:00,2022-09-10 00:00:00+00:00,1662768000000.0,0.0001
2022-09-11 00:00:00+00:00,2022-09-11 00:00:00+00:00,1662854400000.0,1.406e-05
2022-09-12 00:00:00+00:00,2022-09-12 00:00:00+00:00,1662940800000.0,-2.71e-05
2022-09-13 00:00:00+00:00,2022-09-13 00:00:00+00:00,1663027200000.0,-0.00019192
2022-09-14 00:00:00+00:00,2022-09-14 00:00:00+00:00,1663113600000.0,-4.728e-05
2022-09-15 00:00:00+00:00,2022-09-15 00:00:00+00:00,1663200000000.0,-0.00011241
2022-09-16 00:00:00+00:00,2022-09-16 00:00:00+00:00,1663286400000.0,0.0001
2022-09-17 00:00:00+00:00,2022-09-17 00:00:00+00:00,1663372800000.0,-0.00022424
2022-09-18 00:00:00+00:00,2022-09-18 00:00:00+00:00,1663459200000.0,-0.00036476
2022-09-19 00:00:00+00:00,2022-09-19 00:00:00+00:00,1663545600000.0,-0.0003215
2022-09-20 00:00:00+00:00,2022-09-20 00:00:00+00:00,1663632000000.0,6.04e-06
2022-09-21 00:00:00+00:00,2022-09-21 00:00:00+00:00,1663718400000.0,-0.00011278
2022-09-22 00:00:00+00:00,2022-09-22 00:00:00+00:00,1663804800000.0,-8.946e-05
2022-09-23 00:00:00+00:00,2022-09-23 00:00:00+00:00,1663891200000.0,-0.00066823
2022-09-24 00:00:00+00:00,2022-09-24 00:00:00+00:00,1663977600000.0,6.038e-05
2022-09-25 00:00:00+00:00,2022-09-25 00:00:00+00:00,1664064000000.0,-2.75e-05
2022-09-26 00:00:00+00:00,2022-09-26 00:00:00+00:00,1664150400000.0,3.722e-05
2022-09-27 00:00:00+00:00,2022-09-27 00:00:00+00:00,1664236800000.0,0.0001
2022-09-28 00:00:00+00:00,2022-09-28 00:00:00+00:00,1664323200000.0,-3.293e-05
2022-09-29 00:00:00+00:00,2022-09-29 00:00:00+00:00,1664409600000.0,-4.503e-05
2022-09-30 00:00:00+00:00,2022-09-30 00:00:00+00:00,1664496000000.0,0.0001
2022-10-01 00:00:00+00:00,2022-10-01 00:00:00+00:00,1664582400000.0,0.0001
2022-10-02 00:00:00+00:00,2022-10-02 00:00:00+00:00,1664668800000.0,0.0001
2022-10-03 00:00:00+00:00,2022-10-03 00:00:00+00:00,1664755200000.0,0.0001
2022-10-04 00:00:00+00:00,2022-10-04 00:00:00+00:00,1664841600000.0,-3.342e-05
2022-10-05 00:00:00+00:00,2022-10-05 00:00:00+00:00,1664928000000.0,-4.42e-05
2022-10-06 00:00:00+00:00,2022-10-06 00:00:00+00:00,1665014400000.0,2.571e-05
2022-10-07 00:00:00+00:00,2022-10-07 00:00:00+00:00,1665100800000.0,-6.082e-05
2022-10-08 00:00:00+00:00,2022-10-08 00:00:00+00:00,1665187200000.0,5.853e-05
2022-10-09 00:00:00+00:00,2022-10-09 00:00:00+00:00,1665273600000.0,7.716e-05
2022-10-10 00:00:00+00:00,2022-10-10 00:00:00+00:00,1665360000000.0,-4.325e-05
2022-10-11 00:00:00+00:00,2022-10-11 00:00:00+00:00,1665446400000.0,4.127e-05
2022-10-12 00:00:00+00:00,2022-10-12 00:00:00+00:00,1665532800000.0,-2.6e-07
2022-10-13 00:00:00+00:00,2022-10-13 00:00:00+00:00,1665619200000.0,0.0001
2022-10-14 00:00:00+00:00,2022-10-14 00:00:00+00:00,1665705600000.0,-8.944e-05
2022-10-15 00:00:00+00:00,2022-10-15 00:00:00+00:00,1665792000000.0,0.0001
2022-10-16 00:00:00+00:00,2022-10-16 00:00:00+00:00,1665878400000.0,0.0001
2022-10-17 00:00:00+00:00,2022-10-17 00:00:00+00:00,1665964800000.0,0.0001
2022-10-18 00:00:00+00:00,2022-10-18 00:00:00+00:00,1666051200000.0,0.0001
2022-10-19 00:00:00+00:00,2022-10-19 00:00:00+00:00,1666137600000.0,0.0001
2022-10-20 00:00:00+00:00,2022-10-20 00:00:00+00:00,1666224000000.0,0.0001
2022-10-21 00:00:00+00:00,2022-10-21 00:00:00+00:00,1666310400000.0,-2.146e-05
2022-10-22 00:00:00+00:00,2022-10-22 00:00:00+00:00,1666396800000.0,-2.759e-05
2022-10-23 00:00:00+00:00,2022-10-23 00:00:00+00:00,1666483200000.0,0.0001
2022-10-24 00:00:00+00:00,2022-10-24 00:00:00+00:00,1666569600000.0,8.495e-05
2022-10-25 00:00:00+00:00,2022-10-25 00:00:00+00:00,1666656000000.0,0.0001
2022-10-26 00:00:00+00:00,2022-10-26 00:00:00+00:00,1666742400000.0,-1.248e-05
2022-10-27 00:00:00+00:00,2022-10-27 00:00:00+00:00,1666828800000.0,-5.624e-05
2022-10-28 00:00:00+00:00,2022-10-28 00:00:00+00:00,1666915200000.0,-4.431e-05
2022-10-29 00:00:00+00:00,2022-10-29 00:00:00+00:00,1667001600000.0,-5.9e-07
2022-10-30 00:00:00+00:00,2022-10-30 00:00:00+00:00,1667088000000.0,0.0001
2022-10-31 00:00:00+00:00,2022-10-31 00:00:00+00:00,1667174400000.0,0.0001
2022-11-01 00:00:00+00:00,2022-11-01 00:00:00+00:00,1667260800000.0,2.473e-05
2022-11-02 00:00:00+00:00,2022-11-02 00:00:00+00:00,1667347200000.0,-1.604e-05
2022-11-03 00:00:00+00:00,2022-11-03 00:00:00+00:00,1667433600000.0,-8.244e-05
2022-11-04 00:00:00+00:00,2022-11-04 00:00:00+00:00,1667520000000.0,-7.6e-06
2022-11-05 00:00:00+00:00,2022-11-05 00:00:00+00:00,1667606400000.0,5.909e-05
2022-11-06 00:00:00+00:00,2022-11-06 00:00:00+00:00,1667692800000.0,0.0001
2022-11-07 00:00:00+00:00,2022-11-07 00:00:00+00:00,1667779200000.0,0.0001
2022-11-08 00:00:00+00:00,2022-11-08 00:00:00+00:00,1667865600000.0,0.0001
2022-11-09 00:00:00+00:00,2022-11-09 00:00:00+00:00,1667952000000.0,-0.00093037
2022-11-10 00:00:00+00:00,2022-11-10 00:00:00+00:00,1668038400000.0,-0.00089037
2022-11-11 00:00:00+00:00,2022-11-11 00:00:00+00:00,1668124800000.0,-0.00033531
2022-11-12 00:00:00+00:00,2022-11-12 00:00:00+00:00,1668211200000.0,4.994e-05
2022-11-13 00:00:00+00:00,2022-11-13 00:00:00+00:00,1668297600000.0,0.0001
2022-11-14 00:00:00+00:00,2022-11-14 00:00:00+00:00,1668384000000.0,0.0001
2022-11-15 00:00:00+00:00,2022-11-15 00:00:00+00:00,1668470400000.0,8.48e-05
2022-11-16 00:00:00+00:00,2022-11-16 00:00:00+00:00,1668556800000.0,1.052e-05
2022-11-17 00:00:00+00:00,2022-11-17 00:00:00+00:00,1668643200000.0,0.0001
2022-11-18 00:00:00+00:00,2022-11-18 00:00:00+00:00,1668729600000.0,6.158e-05
2022-11-19 00:00:00+00:00,2022-11-19 00:00:00+00:00,1668816000000.0,0.0001
2022-11-20 00:00:00+00:00,2022-11-20 00:00:00+00:00,1668902400000.0,0.0001
2022-11-21 00:00:00+00:00,2022-11-21 00:00:00+00:00,1668988800000.0,0.0001
2022-11-22 00:00:00+00:00,2022-11-22 00:00:00+00:00,1669075200000.0,-0.00010316
2022-11-23 00:00:00+00:00,2022-11-23 00:00:00+00:00,1669161600000.0,-2.473e-05
2022-11-24 00:00:00+00:00,2022-11-24 00:00:00+00:00,1669248000000.0,0.0001
2022-11-25 00:00:00+00:00,2022-11-25 00:00:00+00:00,1669334400000.0,7.008e-05
2022-11-26 00:00:00+00:00,2022-11-26 00:00:00+00:00,1669420800000.0,0.0001
2022-11-27 00:00:00+00:00,2022-11-27 00:00:00+00:00,1669507200000.0,0.0001
2022-11-28 00:00:00+00:00,2022-11-28 00:00:00+00:00,1669593600000.0,2.831e-05
2022-11-29 00:00:00+00:00,2022-11-29 00:00:00+00:00,1669680000000.0,0.0001
2022-11-30 00:00:00+00:00,2022-11-30 00:00:00+00:00,1669766400000.0,0.0001
2022-12-01 00:00:00+00:00,2022-12-01 00:00:00+00:00,1669852800000.0,0.0001
2022-12-02 00:00:00+00:00,2022-12-02 00:00:00+00:00,1669939200000.0,0.0001
2022-12-03 00:00:00+00:00,2022-12-03 00:00:00+00:00,1670025600000.0,0.0001
2022-12-04 00:00:00+00:00,2022-12-04 00:00:00+00:00,1670112000000.0,0.0001
2022-12-05 00:00:00+00:00,2022-12-05 00:00:00+00:00,1670198400000.0,9.648e-05
2022-12-06 00:00:00+00:00,2022-12-06 00:00:00+00:00,1670284800000.0,0.0001
2022-12-07 00:00:00+00:00,2022-12-07 00:00:00+00:00,1670371200000.0,0.0001
2022-12-08 00:00:00+00:00,2022-12-08 00:00:00+00:00,1670457600000.0,-0.00025837
2022-12-09 00:00:00+00:00,2022-12-09 00:00:00+00:00,1670544000000.0,-1.692e-05
2022-12-10 00:00:00+00:00,2022-12-10 00:00:00+00:00,1670630400000.0,0.0001
2022-12-11 00:00:00+00:00,2022-12-11 00:00:00+00:00,1670716800000.0,9.005e-05
2022-12-12 00:00:00+00:00,2022-12-12 00:00:00+00:00,1670803200000.0,0.0001
2022-12-13 00:00:00+00:00,2022-12-13 00:00:00+00:00,1670889600000.0,-0.00019544
2022-12-14 00:00:00+00:00,2022-12-14 00:00:00+00:00,1670976000000.0,0.0001
2022-12-15 00:00:00+00:00,2022-12-15 00:00:00+00:00,1671062400000.0,0.0001
2022-12-16 00:00:00+00:00,2022-12-16 00:00:00+00:00,1671148800000.0,0.0001
2022-12-17 00:00:00+00:00,2022-12-17 00:00:00+00:00,1671235200000.0,-0.00022779
2022-12-18 00:00:00+00:00,2022-12-18 00:00:00+00:00,1671321600000.0,0.0001
2022-12-19 00:00:00+00:00,2022-12-19 00:00:00+00:00,1671408000000.0,0.0001
2022-12-20 00:00:00+00:00,2022-12-20 00:00:00+00:00,1671494400000.0,-0.00022106
2022-12-21 00:00:00+00:00,2022-12-21 00:00:00+00:00,1671580800000.0,-8.828e-05
2022-12-22 00:00:00+00:00,2022-12-22 00:00:00+00:00,1671667200000.0,3.303e-05
2022-12-23 00:00:00+00:00,2022-12-23 00:00:00+00:00,1671753600000.0,6.65e-05
2022-12-24 00:00:00+00:00,2022-12-24 00:00:00+00:00,1671840000000.0,0.0001
2022-12-25 00:00:00+00:00,2022-12-25 00:00:00+00:00,1671926400000.0,0.0001
2022-12-26 00:00:00+00:00,2022-12-26 00:00:00+00:00,1672012800000.0,0.0001
2022-12-27 00:00:00+00:00,2022-12-27 00:00:00+00:00,1672099200000.0,-0.00052719
2022-12-28 00:00:00+00:00,2022-12-28 00:00:00+00:00,1672185600000.0,-0.00038662
2022-12-29 00:00:00+00:00,2022-12-29 00:00:00+00:00,1672272000000.0,0.0001
2022-12-30 00:00:00+00:00,2022-12-30 00:00:00+00:00,1672358400000.0,0.0001
2022-12-31 00:00:00+00:00,2022-12-31 00:00:00+00:00,1672444800000.0,0.0001
2023-01-01 00:00:00+00:00,2023-01-01 00:00:00+00:00,1672531200000.0,0.0001
2023-01-02 00:00:00+00:00,2023-01-02 00:00:00+00:00,1672617600000.0,0.0001
2023-01-03 00:00:00+00:00,2023-01-03 00:00:00+00:00,1672704000000.0,-0.00031424
2023-01-04 00:00:00+00:00,2023-01-04 00:00:00+00:00,1672790400000.0,0.0001
2023-01-05 00:00:00+00:00,2023-01-05 00:00:00+00:00,1672876800000.0,-5.597e-05
2023-01-06 00:00:00+00:00,2023-01-06 00:00:00+00:00,1672963200000.0,0.0001
2023-01-07 00:00:00+00:00,2023-01-07 00:00:00+00:00,1673049600000.0,0.0001
2023-01-08 00:00:00+00:00,2023-01-08 00:00:00+00:00,1673136000000.0,0.0001
2023-01-09 00:00:00+00:00,2023-01-09 00:00:00+00:00,1673222400000.0,9.09e-05
2023-01-10 00:00:00+00:00,2023-01-10 00:00:00+00:00,1673308800000.0,0.0001
2023-01-11 00:00:00+00:00,2023-01-11 00:00:00+00:00,1673395200000.0,0.0001
2023-01-12 00:00:00+00:00,2023-01-12 00:00:00+00:00,1673481600000.0,0.0001
2023-01-13 00:00:00+00:00,2023-01-13 00:00:00+00:00,1673568000000.0,0.0001
2023-01-14 00:00:00+00:00,2023-01-14 00:00:00+00:00,1673654400000.0,0.0001
2023-01-15 00:00:00+00:00,2023-01-15 00:00:00+00:00,1673740800000.0,0.0001
2023-01-16 00:00:00+00:00,2023-01-16 00:00:00+00:00,1673827200000.0,0.0001
2023-01-17 00:00:00+00:00,2023-01-17 00:00:00+00:00,1673913600000.0,0.0001
2023-01-18 00:00:00+00:00,2023-01-18 00:00:00+00:00,1674000000000.0,0.0001
2023-01-19 00:00:00+00:00,2023-01-19 00:00:00+00:00,1674086400000.0,0.0001
2023-01-20 00:00:00+00:00,2023-01-20 00:00:00+00:00,1674172800000.0,0.0001
2023-01-21 00:00:00+00:00,2023-01-21 00:00:00+00:00,1674259200000.0,0.0001
2023-01-22 00:00:00+00:00,2023-01-22 00:00:00+00:00,1674345600000.0,0.0001
2023-01-23 00:00:00+00:00,2023-01-23 00:00:00+00:00,1674432000000.0,0.0001
2023-01-24 00:00:00+00:00,2023-01-24 00:00:00+00:00,1674518400000.0,0.0001
2023-01-25 00:00:00+00:00,2023-01-25 00:00:00+00:00,1674604800000.0,0.0001
2023-01-26 00:00:00+00:00,2023-01-26 00:00:00+00:00,1674691200000.0,0.0001
2023-01-27 00:00:00+00:00,2023-01-27 00:00:00+00:00,1674777600000.0,0.0001
2023-01-28 00:00:00+00:00,2023-01-28 00:00:00+00:00,1674864000000.0,0.0001
2023-01-29 00:00:00+00:00,2023-01-29 00:00:00+00:00,1674950400000.0,0.0001
2023-01-30 00:00:00+00:00,2023-01-30 00:00:00+00:00,1675036800000.0,0.0001
2023-01-31 00:00:00+00:00,2023-01-31 00:00:00+00:00,1675123200000.0,0.0001
2023-02-01 00:00:00+00:00,2023-02-01 00:00:00+00:00,1675209600000.0,0.0001
2023-02-02 00:00:00+00:00,2023-02-02 00:00:00+00:00,1675296000000.0,0.0001
2023-02-03 00:00:00+00:00,2023-02-03 00:00:00+00:00,1675382400000.0,0.00043132
2023-02-04 00:00:00+00:00,2023-02-04 00:00:00+00:00,1675468800000.0,0.0001
2023-02-05 00:00:00+00:00,2023-02-05 00:00:00+00:00,1675555200000.0,0.0001
2023-02-06 00:00:00+00:00,2023-02-06 00:00:00+00:00,1675641600000.0,0.0001
2023-02-07 00:00:00+00:00,2023-02-07 00:00:00+00:00,1675728000000.0,0.0001
2023-02-08 00:00:00+00:00,2023-02-08 00:00:00+00:00,1675814400000.0,0.0001
2023-02-09 00:00:00+00:00,2023-02-09 00:00:00+00:00,1675900800000.0,0.0001
2023-02-10 00:00:00+00:00,2023-02-10 00:00:00+00:00,1675987200000.0,0.0001
2023-02-11 00:00:00+00:00,2023-02-11 00:00:00+00:00,1676073600000.0,0.0001
2023-02-12 00:00:00+00:00,2023-02-12 00:00:00+00:00,1676160000000.0,0.0001
2023-02-13 00:00:00+00:00,2023-02-13 00:00:00+00:00,1676246400000.0,0.0001
2023-02-14 00:00:00+00:00,2023-02-14 00:00:00+00:00,1676332800000.0,0.0001
2023-02-15 00:00:00+00:00,2023-02-15 00:00:00+00:00,1676419200000.0,0.0001
2023-02-16 00:00:00+00:00,2023-02-16 00:00:00+00:00,1676505600000.0,0.0001
2023-02-17 00:00:00+00:00,2023-02-17 00:00:00+00:00,1676592000000.0,0.0001
2023-02-18 00:00:00+00:00,2023-02-18 00:00:00+00:00,1676678400000.0,0.0001
2023-02-19 00:00:00+00:00,2023-02-19 00:00:00+00:00,1676764800000.0,0.0001
2023-02-20 00:00:00+00:00,2023-02-20 00:00:00+00:00,1676851200000.0,0.0001
2023-02-21 00:00:00+00:00,2023-02-21 00:00:00+00:00,1676937600000.0,0.0001
2023-02-22 00:00:00+00:00,2023-02-22 00:00:00+00:00,1677024000000.0,0.0001
2023-02-23 00:00:00+00:00,2023-02-23 00:00:00+00:00,1677110400000.0,0.0001
2023-02-24 00:00:00+00:00,2023-02-24 00:00:00+00:00,1677196800000.0,0.0001
2023-02-25 00:00:00+00:00,2023-02-25 00:00:00+00:00,1677283200000.0,0.0001
2023-02-26 00:00:00+00:00,2023-02-26 00:00:00+00:00,1677369600000.0,0.0001
2023-02-27 00:00:00+00:00,2023-02-27 00:00:00+00:00,1677456000000.0,0.0001
2023-02-28 00:00:00+00:00,2023-02-28 00:00:00+00:00,1677542400000.0,0.0001
2023-03-01 00:00:00+00:00,2023-03-01 00:00:00+00:00,1677628800000.0,0.0001
2023-03-02 00:00:00+00:00,2023-03-02 00:00:00+00:00,1677715200000.0,0.0001
2023-03-03 00:00:00+00:00,2023-03-03 00:00:00+00:00,1677801600000.0,0.0001
2023-03-04 00:00:00+00:00,2023-03-04 00:00:00+00:00,1677888000000.0,0.0001
2023-03-05 00:00:00+00:00,2023-03-05 00:00:00+00:00,1677974400000.0,0.0001
2023-03-06 00:00:00+00:00,2023-03-06 00:00:00+00:00,1678060800000.0,0.0001
2023-03-07 00:00:00+00:00,2023-03-07 00:00:00+00:00,1678147200000.0,4.05e-05
2023-03-08 00:00:00+00:00,2023-03-08 00:00:00+00:00,1678233600000.0,1.711e-05
2023-03-09 00:00:00+00:00,2023-03-09 00:00:00+00:00,1678320000000.0,0.0001
2023-03-10 00:00:00+00:00,2023-03-10 00:00:00+00:00,1678406400000.0,0.0001
2023-03-11 00:00:00+00:00,2023-03-11 00:00:00+00:00,1678492800000.0,0.0001
2023-03-12 00:00:00+00:00,2023-03-12 00:00:00+00:00,1678579200000.0,0.0001
2023-03-13 00:00:00+00:00,2023-03-13 00:00:00+00:00,1678665600000.0,0.0001
2023-03-14 00:00:00+00:00,2023-03-14 00:00:00+00:00,1678752000000.0,0.0001
2023-03-15 00:00:00+00:00,2023-03-15 00:00:00+00:00,1678838400000.0,0.0001
2023-03-16 00:00:00+00:00,2023-03-16 00:00:00+00:00,1678924800000.0,0.0001
2023-03-17 00:00:00+00:00,2023-03-17 00:00:00+00:00,1679011200000.0,0.0001
2023-03-18 00:00:00+00:00,2023-03-18 00:00:00+00:00,1679097600000.0,0.0001
2023-03-19 00:00:00+00:00,2023-03-19 00:00:00+00:00,1679184000000.0,0.0001
2023-03-20 00:00:00+00:00,2023-03-20 00:00:00+00:00,1679270400000.0,0.0001
2023-03-21 00:00:00+00:00,2023-03-21 00:00:00+00:00,1679356800000.0,0.0001
2023-03-22 00:00:00+00:00,2023-03-22 00:00:00+00:00,1679443200000.0,0.0001
2023-03-23 00:00:00+00:00,2023-03-23 00:00:00+00:00,1679529600000.0,0.0001
2023-03-24 00:00:00+00:00,2023-03-24 00:00:00+00:00,1679616000000.0,0.0001
2023-03-25 00:00:00+00:00,2023-03-25 00:00:00+00:00,1679702400000.0,0.0001
2023-03-26 00:00:00+00:00,2023-03-26 00:00:00+00:00,1679788800000.0,0.0001
2023-03-27 00:00:00+00:00,2023-03-27 00:00:00+00:00,1679875200000.0,5.12e-05
2023-03-28 00:00:00+00:00,2023-03-28 00:00:00+00:00,1679961600000.0,-5.85e-06
2023-03-29 00:00:00+00:00,2023-03-29 00:00:00+00:00,1680048000000.0,-7.019e-05
2023-03-30 00:00:00+00:00,2023-03-30 00:00:00+00:00,1680134400000.0,9.179e-05
2023-03-31 00:00:00+00:00,2023-03-31 00:00:00+00:00,1680220800000.0,0.0001
2023-04-01 00:00:00+00:00,2023-04-01 00:00:00+00:00,1680307200000.0,0.0001
2023-04-02 00:00:00+00:00,2023-04-02 00:00:00+00:00,1680393600000.0,0.0001
2023-04-03 00:00:00+00:00,2023-04-03 00:00:00+00:00,1680480000000.0,0.0001
2023-04-04 00:00:00+00:00,2023-04-04 00:00:00+00:00,1680566400000.0,0.0001
2023-04-05 00:00:00+00:00,2023-04-05 00:00:00+00:00,1680652800000.0,4.827e-05
2023-04-06 00:00:00+00:00,2023-04-06 00:00:00+00:00,1680739200000.0,5.222e-05
2023-04-07 00:00:00+00:00,2023-04-07 00:00:00+00:00,1680825600000.0,0.0001
2023-04-08 00:00:00+00:00,2023-04-08 00:00:00+00:00,1680912000000.0,4.6e-05
2023-04-09 00:00:00+00:00,2023-04-09 00:00:00+00:00,1680998400000.0,0.0001
2023-04-10 00:00:00+00:00,2023-04-10 00:00:00+00:00,1681084800000.0,4.156e-05
2023-04-11 00:00:00+00:00,2023-04-11 00:00:00+00:00,1681171200000.0,-3.574e-05
2023-04-12 00:00:00+00:00,2023-04-12 00:00:00+00:00,1681257600000.0,0.0001
2023-04-13 00:00:00+00:00,2023-04-13 00:00:00+00:00,1681344000000.0,2.366e-05
2023-04-14 00:00:00+00:00,2023-04-14 00:00:00+00:00,1681430400000.0,0.0001
2023-04-15 00:00:00+00:00,2023-04-15 00:00:00+00:00,1681516800000.0,0.0001
2023-04-16 00:00:00+00:00,2023-04-16 00:00:00+00:00,1681603200000.0,0.0001
2023-04-17 00:00:00+00:00,2023-04-17 00:00:00+00:00,1681689600000.0,0.0001
2023-04-18 00:00:00+00:00,2023-04-18 00:00:00+00:00,1681776000000.0,0.0001
2023-04-19 00:00:00+00:00,2023-04-19 00:00:00+00:00,1681862400000.0,0.0001
2023-04-20 00:00:00+00:00,2023-04-20 00:00:00+00:00,1681948800000.0,4.1e-07
2023-04-21 00:00:00+00:00,2023-04-21 00:00:00+00:00,1682035200000.0,0.0001
2023-04-22 00:00:00+00:00,2023-04-22 00:00:00+00:00,1682121600000.0,-2.809e-05
2023-04-23 00:00:00+00:00,2023-04-23 00:00:00+00:00,1682208000000.0,0.0001
2023-04-24 00:00:00+00:00,2023-04-24 00:00:00+00:00,1682294400000.0,4.727e-05
2023-04-25 00:00:00+00:00,2023-04-25 00:00:00+00:00,1682380800000.0,-0.00010098
2023-04-26 00:00:00+00:00,2023-04-26 00:00:00+00:00,1682467200000.0,-0.00011242
2023-04-27 00:00:00+00:00,2023-04-27 00:00:00+00:00,1682553600000.0,-0.00012905
2023-04-28 00:00:00+00:00,2023-04-28 00:00:00+00:00,1682640000000.0,-0.00016919
2023-04-29 00:00:00+00:00,2023-04-29 00:00:00+00:00,1682726400000.0,-2.847e-05
2023-04-30 00:00:00+00:00,2023-04-30 00:00:00+00:00,1682812800000.0,0.0001
2023-05-01 00:00:00+00:00,2023-05-01 00:00:00+00:00,1682899200000.0,0.0001
2023-05-02 00:00:00+00:00,2023-05-02 00:00:00+00:00,1682985600000.0,-1.201e-05
2023-05-03 00:00:00+00:00,2023-05-03 00:00:00+00:00,1683072000000.0,-9.239e-05
2023-05-04 00:00:00+00:00,2023-05-04 00:00:00+00:00,1683158400000.0,-6.493e-05
2023-05-05 00:00:00+00:00,2023-05-05 00:00:00+00:00,1683244800000.0,0.0001
2023-05-06 00:00:00+00:00,2023-05-06 00:00:00+00:00,1683331200000.0,1.319e-05
2023-05-07 00:00:00+00:00,2023-05-07 00:00:00+00:00,1683417600000.0,0.0001
2023-05-08 00:00:00+00:00,2023-05-08 00:00:00+00:00,1683504000000.0,0.0001
2023-05-09 00:00:00+00:00,2023-05-09 00:00:00+00:00,1683590400000.0,-0.00019132
2023-05-10 00:00:00+00:00,2023-05-10 00:00:00+00:00,1683676800000.0,-0.00020222
2023-05-11 00:00:00+00:00,2023-05-11 00:00:00+00:00,1683763200000.0,2.23e-05
2023-05-12 00:00:00+00:00,2023-05-12 00:00:00+00:00,1683849600000.0,0.0001
2023-05-13 00:00:00+00:00,2023-05-13 00:00:00+00:00,1683936000000.0,6.198e-05
2023-05-14 00:00:00+00:00,2023-05-14 00:00:00+00:00,1684022400000.0,3.856e-05
2023-05-15 00:00:00+00:00,2023-05-15 00:00:00+00:00,1684108800000.0,1.52e-05
2023-05-16 00:00:00+00:00,2023-05-16 00:00:00+00:00,1684195200000.0,-0.00010333
2023-05-17 00:00:00+00:00,2023-05-17 00:00:00+00:00,1684281600000.0,-0.00014306
2023-05-18 00:00:00+00:00,2023-05-18 00:00:00+00:00,1684368000000.0,0.0001
2023-05-19 00:00:00+00:00,2023-05-19 00:00:00+00:00,1684454400000.0,0.0001
2023-05-20 00:00:00+00:00,2023-05-20 00:00:00+00:00,1684540800000.0,4.702e-05
2023-05-21 00:00:00+00:00,2023-05-21 00:00:00+00:00,1684627200000.0,0.0001
2023-05-22 00:00:00+00:00,2023-05-22 00:00:00+00:00,1684713600000.0,0.0001
2023-05-23 00:00:00+00:00,2023-05-23 00:00:00+00:00,1684800000000.0,-0.00015056
2023-05-24 00:00:00+00:00,2023-05-24 00:00:00+00:00,1684886400000.0,9.97e-06
2023-05-25 00:00:00+00:00,2023-05-25 00:00:00+00:00,1684972800000.0,4.721e-05
2023-05-26 00:00:00+00:00,2023-05-26 00:00:00+00:00,1685059200000.0,5.774e-05
2023-05-27 00:00:00+00:00,2023-05-27 00:00:00+00:00,1685145600000.0,6.31e-06
2023-05-28 00:00:00+00:00,2023-05-28 00:00:00+00:00,1685232000000.0,7.083e-05
2023-05-29 00:00:00+00:00,2023-05-29 00:00:00+00:00,1685318400000.0,0.0001
2023-05-30 00:00:00+00:00,2023-05-30 00:00:00+00:00,1685404800000.0,2.136e-05
2023-05-31 00:00:00+00:00,2023-05-31 00:00:00+00:00,1685491200000.0,9.86e-05
2023-06-01 00:00:00+00:00,2023-06-01 00:00:00+00:00,1685577600000.0,0.0001
2023-06-02 00:00:00+00:00,2023-06-02 00:00:00+00:00,1685664000000.0,0.0001
2023-06-03 00:00:00+00:00,2023-06-03 00:00:00+00:00,1685750400000.0,0.0001
2023-06-04 00:00:00+00:00,2023-06-04 00:00:00+00:00,1685836800000.0,0.0001
2023-06-05 00:00:00+00:00,2023-06-05 00:00:00+00:00,1685923200000.0,0.0001
2023-06-06 00:00:00+00:00,2023-06-06 00:00:00+00:00,1686009600000.0,0.0001
2023-06-07 00:00:00+00:00,2023-06-07 00:00:00+00:00,1686096000000.0,0.0001
2023-06-08 00:00:00+00:00,2023-06-08 00:00:00+00:00,1686182400000.0,0.0001
2023-06-09 00:00:00+00:00,2023-06-09 00:00:00+00:00,1686268800000.0,0.0001
2023-06-10 00:00:00+00:00,2023-06-10 00:00:00+00:00,1686355200000.0,0.0001
2023-06-11 00:00:00+00:00,2023-06-11 00:00:00+00:00,1686441600000.0,2.907e-05
2023-06-12 00:00:00+00:00,2023-06-12 00:00:00+00:00,1686528000000.0,7.229e-05
2023-06-13 00:00:00+00:00,2023-06-13 00:00:00+00:00,1686614400000.0,-3.2e-06
2023-06-14 00:00:00+00:00,2023-06-14 00:00:00+00:00,1686700800000.0,4.02e-06
2023-06-15 00:00:00+00:00,2023-06-15 00:00:00+00:00,1686787200000.0,3.583e-05
2023-06-16 00:00:00+00:00,2023-06-16 00:00:00+00:00,1686873600000.0,8.448e-05
2023-06-17 00:00:00+00:00,2023-06-17 00:00:00+00:00,1686960000000.0,-0.00010656
2023-06-18 00:00:00+00:00,2023-06-18 00:00:00+00:00,1687046400000.0,-1.905e-05
2023-06-19 00:00:00+00:00,2023-06-19 00:00:00+00:00,1687132800000.0,0.0001
2023-06-20 00:00:00+00:00,2023-06-20 00:00:00+00:00,1687219200000.0,-5.667e-05
2023-06-21 00:00:00+00:00,2023-06-21 00:00:00+00:00,1687305600000.0,-4.57e-06
2023-06-22 00:00:00+00:00,2023-06-22 00:00:00+00:00,1687392000000.0,0.0001
2023-06-23 00:00:00+00:00,2023-06-23 00:00:00+00:00,1687478400000.0,0.0001
2023-06-24 00:00:00+00:00,2023-06-24 00:00:00+00:00,1687564800000.0,0.0001
2023-06-25 00:00:00+00:00,2023-06-25 00:00:00+00:00,1687651200000.0,0.0001
2023-06-26 00:00:00+00:00,2023-06-26 00:00:00+00:00,1687737600000.0,0.0001
2023-06-27 00:00:00+00:00,2023-06-27 00:00:00+00:00,1687824000000.0,9.361e-05
2023-06-28 00:00:00+00:00,2023-06-28 00:00:00+00:00,1687910400000.0,0.0001
2023-06-29 00:00:00+00:00,2023-06-29 00:00:00+00:00,1687996800000.0,0.0001
2023-06-30 00:00:00+00:00,2023-06-30 00:00:00+00:00,1688083200000.0,1.489e-05
2023-07-01 00:00:00+00:00,2023-07-01 00:00:00+00:00,1688169600000.0,0.0001
2023-07-02 00:00:00+00:00,2023-07-02 00:00:00+00:00,1688256000000.0,0.0001
2023-07-03 00:00:00+00:00,2023-07-03 00:00:00+00:00,1688342400000.0,0.0001
2023-07-04 00:00:00+00:00,2023-07-04 00:00:00+00:00,1688428800000.0,0.0001
2023-07-05 00:00:00+00:00,2023-07-05 00:00:00+00:00,1688515200000.0,0.0001
2023-07-06 00:00:00+00:00,2023-07-06 00:00:00+00:00,1688601600000.0,0.0001
2023-07-07 00:00:00+00:00,2023-07-07 00:00:00+00:00,1688688000000.0,0.0001
2023-07-08 00:00:00+00:00,2023-07-08 00:00:00+00:00,1688774400000.0,0.0001
2023-07-09 00:00:00+00:00,2023-07-09 00:00:00+00:00,1688860800000.0,0.0001
2023-07-10 00:00:00+00:00,2023-07-10 00:00:00+00:00,1688947200000.0,0.0001
2023-07-11 00:00:00+00:00,2023-07-11 00:00:00+00:00,1689033600000.0,-6.437e-05
2023-07-12 00:00:00+00:00,2023-07-12 00:00:00+00:00,1689120000000.0,0.0001
2023-07-13 00:00:00+00:00,2023-07-13 00:00:00+00:00,1689206400000.0,0.0001
2023-07-14 00:00:00+00:00,2023-07-14 00:00:00+00:00,1689292800000.0,0.0001
2023-07-15 00:00:00+00:00,2023-07-15 00:00:00+00:00,1689379200000.0,0.0001
2023-07-16 00:00:00+00:00,2023-07-16 00:00:00+00:00,1689465600000.0,0.0001
2023-07-17 00:00:00+00:00,2023-07-17 00:00:00+00:00,1689552000000.0,0.0001
2023-07-18 00:00:00+00:00,2023-07-18 00:00:00+00:00,1689638400000.0,0.0001
2023-07-19 00:00:00+00:00,2023-07-19 00:00:00+00:00,1689724800000.0,0.0001
2023-07-20 00:00:00+00:00,2023-07-20 00:00:00+00:00,1689811200000.0,0.0001
2023-07-21 00:00:00+00:00,2023-07-21 00:00:00+00:00,1689897600000.0,0.0001
2023-07-22 00:00:00+00:00,2023-07-22 00:00:00+00:00,1689984000000.0,8.247e-05
2023-07-23 00:00:00+00:00,2023-07-23 00:00:00+00:00,1690070400000.0,0.0001
2023-07-24 00:00:00+00:00,2023-07-24 00:00:00+00:00,1690156800000.0,5.243e-05
2023-07-25 00:00:00+00:00,2023-07-25 00:00:00+00:00,1690243200000.0,5.704e-05
2023-07-26 00:00:00+00:00,2023-07-26 00:00:00+00:00,1690329600000.0,9.383e-05
2023-07-27 00:00:00+00:00,2023-07-27 00:00:00+00:00,1690416000000.0,-1.115e-05
2023-07-28 00:00:00+00:00,2023-07-28 00:00:00+00:00,1690502400000.0,9.63e-06
2023-07-29 00:00:00+00:00,2023-07-29 00:00:00+00:00,1690588800000.0,6.899e-05
2023-07-30 00:00:00+00:00,2023-07-30 00:00:00+00:00,1690675200000.0,0.0001
2023-07-31 00:00:00+00:00,2023-07-31 00:00:00+00:00,1690761600000.0,0.0001
2023-08-01 00:00:00+00:00,2023-08-01 00:00:00+00:00,1690848000000.0,-3.911e-05
2023-08-02 00:00:00+00:00,2023-08-02 00:00:00+00:00,1690934400000.0,6.442e-05
2023-08-03 00:00:00+00:00,2023-08-03 00:00:00+00:00,1691020800000.0,0.0001
2023-08-04 00:00:00+00:00,2023-08-04 00:00:00+00:00,1691107200000.0,0.0001
2023-08-05 00:00:00+00:00,2023-08-05 00:00:00+00:00,1691193600000.0,0.0001
2023-08-06 00:00:00+00:00,2023-08-06 00:00:00+00:00,1691280000000.0,0.0001
2023-08-07 00:00:00+00:00,2023-08-07 00:00:00+00:00,1691366400000.0,0.0001
2023-08-08 00:00:00+00:00,2023-08-08 00:00:00+00:00,1691452800000.0,0.0001
2023-08-09 00:00:00+00:00,2023-08-09 00:00:00+00:00,1691539200000.0,0.0001
2023-08-10 00:00:00+00:00,2023-08-10 00:00:00+00:00,1691625600000.0,0.0001
2023-08-11 00:00:00+00:00,2023-08-11 00:00:00+00:00,1691712000000.0,0.0001
2023-08-12 00:00:00+00:00,2023-08-12 00:00:00+00:00,1691798400000.0,0.0001
2023-08-13 00:00:00+00:00,2023-08-13 00:00:00+00:00,1691884800000.0,0.0001
2023-08-14 00:00:00+00:00,2023-08-14 00:00:00+00:00,1691971200000.0,0.0001
2023-08-15 00:00:00+00:00,2023-08-15 00:00:00+00:00,1692057600000.0,0.0001
2023-08-16 00:00:00+00:00,2023-08-16 00:00:00+00:00,1692144000000.0,0.0001
2023-08-17 00:00:00+00:00,2023-08-17 00:00:00+00:00,1692230400000.0,0.0001
2023-08-18 00:00:00+00:00,2023-08-18 00:00:00+00:00,1692316800000.0,-0.00041049
2023-08-19 00:00:00+00:00,2023-08-19 00:00:00+00:00,1692403200000.0,5.704e-05
2023-08-20 00:00:00+00:00,2023-08-20 00:00:00+00:00,1692489600000.0,8.85e-06
2023-08-21 00:00:00+00:00,2023-08-21 00:00:00+00:00,1692576000000.0,9.39e-06
2023-08-22 00:00:00+00:00,2023-08-22 00:00:00+00:00,1692662400000.0,-4.724e-05
2023-08-23 00:00:00+00:00,2023-08-23 00:00:00+00:00,1692748800000.0,2.212e-05
2023-08-24 00:00:00+00:00,2023-08-24 00:00:00+00:00,1692835200000.0,-6.587e-05
2023-08-25 00:00:00+00:00,2023-08-25 00:00:00+00:00,1692921600000.0,2.131e-05
2023-08-26 00:00:00+00:00,2023-08-26 00:00:00+00:00,1693008000000.0,7.82e-05
2023-08-27 00:00:00+00:00,2023-08-27 00:00:00+00:00,1693094400000.0,0.0001
2023-08-28 00:00:00+00:00,2023-08-28 00:00:00+00:00,1693180800000.0,5.387e-05
2023-08-29 00:00:00+00:00,2023-08-29 00:00:00+00:00,1693267200000.0,2.52e-05
2023-08-30 00:00:00+00:00,2023-08-30 00:00:00+00:00,1693353600000.0,-1.352e-05
2023-08-31 00:00:00+00:00,2023-08-31 00:00:00+00:00,1693440000000.0,3.696e-05
2023-09-01 00:00:00+00:00,2023-09-01 00:00:00+00:00,1693526400000.0,-1.87e-05
2023-09-02 00:00:00+00:00,2023-09-02 00:00:00+00:00,1693612800000.0,-5.402e-05
2023-09-03 00:00:00+00:00,2023-09-03 00:00:00+00:00,1693699200000.0,3.427e-05
2023-09-04 00:00:00+00:00,2023-09-04 00:00:00+00:00,1693785600000.0,0.0001
2023-09-05 00:00:00+00:00,2023-09-05 00:00:00+00:00,1693872000000.0,-4.468e-05
2023-09-06 00:00:00+00:00,2023-09-06 00:00:00+00:00,1693958400000.0,-6.624e-05
2023-09-07 00:00:00+00:00,2023-09-07 00:00:00+00:00,1694044800000.0,2.31e-06
2023-09-08 00:00:00+00:00,2023-09-08 00:00:00+00:00,1694131200000.0,1.446e-05
2023-09-09 00:00:00+00:00,2023-09-09 00:00:00+00:00,1694217600000.0,7.32e-06
2023-09-10 00:00:00+00:00,2023-09-10 00:00:00+00:00,1694304000000.0,-6.017e-05
2023-09-11 00:00:00+00:00,2023-09-11 00:00:00+00:00,1694390400000.0,3.602e-05
2023-09-12 00:00:00+00:00,2023-09-12 00:00:00+00:00,1694476800000.0,-7.417e-05
2023-09-13 00:00:00+00:00,2023-09-13 00:00:00+00:00,1694563200000.0,-7.761e-05
2023-09-14 00:00:00+00:00,2023-09-14 00:00:00+00:00,1694649600000.0,-4.929e-05
2023-09-15 00:00:00+00:00,2023-09-15 00:00:00+00:00,1694736000000.0,9.58e-06
2023-09-16 00:00:00+00:00,2023-09-16 00:00:00+00:00,1694822400000.0,-2.98e-06
2023-09-17 00:00:00+00:00,2023-09-17 00:00:00+00:00,1694908800000.0,0.0001
2023-09-18 00:00:00+00:00,2023-09-18 00:00:00+00:00,1694995200000.0,5.596e-05
2023-09-19 00:00:00+00:00,2023-09-19 00:00:00+00:00,1695081600000.0,-5.671e-05
2023-09-20 00:00:00+00:00,2023-09-20 00:00:00+00:00,1695168000000.0,-4.01e-05
2023-09-21 00:00:00+00:00,2023-09-21 00:00:00+00:00,1695254400000.0,1.104e-05
2023-09-22 00:00:00+00:00,2023-09-22 00:00:00+00:00,1695340800000.0,2.948e-05
2023-09-23 00:00:00+00:00,2023-09-23 00:00:00+00:00,1695427200000.0,-7.28e-05
2023-09-24 00:00:00+00:00,2023-09-24 00:00:00+00:00,1695513600000.0,0.0001
2023-09-25 00:00:00+00:00,2023-09-25 00:00:00+00:00,1695600000000.0,0.0001
2023-09-26 00:00:00+00:00,2023-09-26 00:00:00+00:00,1695686400000.0,-8.585e-05
2023-09-27 00:00:00+00:00,2023-09-27 00:00:00+00:00,1695772800000.0,-6.042e-05
2023-09-28 00:00:00+00:00,2023-09-28 00:00:00+00:00,1695859200000.0,0.0001
2023-09-29 00:00:00+00:00,2023-09-29 00:00:00+00:00,1695945600000.0,7.22e-06
2023-09-30 00:00:00+00:00,2023-09-30 00:00:00+00:00,1696032000000.0,7.117e-05
2023-10-01 00:00:00+00:00,2023-10-01 00:00:00+00:00,1696118400000.0,0.0001
2023-10-02 00:00:00+00:00,2023-10-02 00:00:00+00:00,1696204800000.0,0.0001
2023-10-03 00:00:00+00:00,2023-10-03 00:00:00+00:00,1696291200000.0,-2.511e-05
2023-10-04 00:00:00+00:00,2023-10-04 00:00:00+00:00,1696377600000.0,-2.232e-05
2023-10-05 00:00:00+00:00,2023-10-05 00:00:00+00:00,1696464000000.0,3.25e-06
2023-10-06 00:00:00+00:00,2023-10-06 00:00:00+00:00,1696550400000.0,-5.422e-05
2023-10-07 00:00:00+00:00,2023-10-07 00:00:00+00:00,1696636800000.0,-9.319e-05
2023-10-08 00:00:00+00:00,2023-10-08 00:00:00+00:00,1696723200000.0,0.0001
2023-10-09 00:00:00+00:00,2023-10-09 00:00:00+00:00,1696809600000.0,5.825e-05
2023-10-10 00:00:00+00:00,2023-10-10 00:00:00+00:00,1696896000000.0,-0.0001013
2023-10-11 00:00:00+00:00,2023-10-11 00:00:00+00:00,1696982400000.0,-6.026e-05
2023-10-12 00:00:00+00:00,2023-10-12 00:00:00+00:00,1697068800000.0,-6.883e-05
2023-10-13 00:00:00+00:00,2023-10-13 00:00:00+00:00,1697155200000.0,3.886e-05
2023-10-14 00:00:00+00:00,2023-10-14 00:00:00+00:00,1697241600000.0,-2.103e-05
2023-10-15 00:00:00+00:00,2023-10-15 00:00:00+00:00,1697328000000.0,0.0001
2023-10-16 00:00:00+00:00,2023-10-16 00:00:00+00:00,1697414400000.0,0.0001
2023-10-17 00:00:00+00:00,2023-10-17 00:00:00+00:00,1697500800000.0,0.0001
2023-10-18 00:00:00+00:00,2023-10-18 00:00:00+00:00,1697587200000.0,4.1e-07
2023-10-19 00:00:00+00:00,2023-10-19 00:00:00+00:00,1697673600000.0,-1.713e-05
2023-10-20 00:00:00+00:00,2023-10-20 00:00:00+00:00,1697760000000.0,-8.228e-05
2023-10-21 00:00:00+00:00,2023-10-21 00:00:00+00:00,1697846400000.0,5.126e-05
2023-10-22 00:00:00+00:00,2023-10-22 00:00:00+00:00,1697932800000.0,5.391e-05
2023-10-23 00:00:00+00:00,2023-10-23 00:00:00+00:00,1698019200000.0,0.0001
2023-10-24 00:00:00+00:00,2023-10-24 00:00:00+00:00,1698105600000.0,0.0001
2023-10-25 00:00:00+00:00,2023-10-25 00:00:00+00:00,1698192000000.0,0.0001
2023-10-26 00:00:00+00:00,2023-10-26 00:00:00+00:00,1698278400000.0,0.0001
2023-10-27 00:00:00+00:00,2023-10-27 00:00:00+00:00,1698364800000.0,0.0001
2023-10-28 00:00:00+00:00,2023-10-28 00:00:00+00:00,1698451200000.0,0.0001
2023-10-29 00:00:00+00:00,2023-10-29 00:00:00+00:00,1698537600000.0,0.0001
2023-10-30 00:00:00+00:00,2023-10-30 00:00:00+00:00,1698624000000.0,0.0001
2023-10-31 00:00:00+00:00,2023-10-31 00:00:00+00:00,1698710400000.0,0.00024878
2023-11-01 00:00:00+00:00,2023-11-01 00:00:00+00:00,1698796800000.0,0.0001
2023-11-02 00:00:00+00:00,2023-11-02 00:00:00+00:00,1698883200000.0,0.00027052
2023-11-03 00:00:00+00:00,2023-11-03 00:00:00+00:00,1698969600000.0,0.00010589
2023-11-04 00:00:00+00:00,2023-11-04 00:00:00+00:00,1699056000000.0,0.00010086
2023-11-05 00:00:00+00:00,2023-11-05 00:00:00+00:00,1699142400000.0,0.00012011
2023-11-06 00:00:00+00:00,2023-11-06 00:00:00+00:00,1699228800000.0,0.00029885
2023-11-07 00:00:00+00:00,2023-11-07 00:00:00+00:00,1699315200000.0,0.00023061
2023-11-08 00:00:00+00:00,2023-11-08 00:00:00+00:00,1699401600000.0,0.0001
2023-11-09 00:00:00+00:00,2023-11-09 00:00:00+00:00,1699488000000.0,0.00038701
2023-11-10 00:00:00+00:00,2023-11-10 00:00:00+00:00,1699574400000.0,0.00010608
2023-11-11 00:00:00+00:00,2023-11-11 00:00:00+00:00,1699660800000.0,0.00049624
2023-11-12 00:00:00+00:00,2023-11-12 00:00:00+00:00,1699747200000.0,0.00045447
2023-11-13 00:00:00+00:00,2023-11-13 00:00:00+00:00,1699833600000.0,0.00055348
2023-11-14 00:00:00+00:00,2023-11-14 00:00:00+00:00,1699920000000.0,0.00037999
2023-11-15 00:00:00+00:00,2023-11-15 00:00:00+00:00,1700006400000.0,0.0001
2023-11-16 00:00:00+00:00,2023-11-16 00:00:00+00:00,1700092800000.0,0.0001464
2023-11-17 00:00:00+00:00,2023-11-17 00:00:00+00:00,1700179200000.0,0.0001
2023-11-18 00:00:00+00:00,2023-11-18 00:00:00+00:00,1700265600000.0,0.0001
2023-11-19 00:00:00+00:00,2023-11-19 00:00:00+00:00,1700352000000.0,0.0001
2023-11-20 00:00:00+00:00,2023-11-20 00:00:00+00:00,1700438400000.0,0.0001
2023-11-21 00:00:00+00:00,2023-11-21 00:00:00+00:00,1700524800000.0,0.0001
2023-11-22 00:00:00+00:00,2023-11-22 00:00:00+00:00,1700611200000.0,0.0001
2023-11-23 00:00:00+00:00,2023-11-23 00:00:00+00:00,1700697600000.0,0.0001
2023-11-24 00:00:00+00:00,2023-11-24 00:00:00+00:00,1700784000000.0,0.0001
2023-11-25 00:00:00+00:00,2023-11-25 00:00:00+00:00,1700870400000.0,0.0001
2023-11-26 00:00:00+00:00,2023-11-26 00:00:00+00:00,1700956800000.0,0.0001
2023-11-27 00:00:00+00:00,2023-11-27 00:00:00+00:00,1701043200000.0,0.0001
2023-11-28 00:00:00+00:00,2023-11-28 00:00:00+00:00,1701129600000.0,0.0001
2023-11-29 00:00:00+00:00,2023-11-29 00:00:00+00:00,1701216000000.0,0.0001
2023-11-30 00:00:00+00:00,2023-11-30 00:00:00+00:00,1701302400000.0,0.0001
2023-12-01 00:00:00+00:00,2023-12-01 00:00:00+00:00,1701388800000.0,0.0001
2023-12-02 00:00:00+00:00,2023-12-02 00:00:00+00:00,1701475200000.0,0.00010423
2023-12-03 00:00:00+00:00,2023-12-03 00:00:00+00:00,1701561600000.0,0.00021385
2023-12-04 00:00:00+00:00,2023-12-04 00:00:00+00:00,1701648000000.0,0.00022441
2023-12-05 00:00:00+00:00,2023-12-05 00:00:00+00:00,1701734400000.0,0.00010561
2023-12-06 00:00:00+00:00,2023-12-06 00:00:00+00:00,1701820800000.0,0.00049277
2023-12-07 00:00:00+00:00,2023-12-07 00:00:00+00:00,1701907200000.0,0.00035668
2023-12-08 00:00:00+00:00,2023-12-08 00:00:00+00:00,1701993600000.0,0.00044722
2023-12-09 00:00:00+00:00,2023-12-09 00:00:00+00:00,1702080000000.0,0.00040505
2023-12-10 00:00:00+00:00,2023-12-10 00:00:00+00:00,1702166400000.0,0.00040474
2023-12-11 00:00:00+00:00,2023-12-11 00:00:00+00:00,1702252800000.0,0.00045832
2023-12-12 00:00:00+00:00,2023-12-12 00:00:00+00:00,1702339200000.0,0.0001
2023-12-13 00:00:00+00:00,2023-12-13 00:00:00+00:00,1702425600000.0,0.00030502
2023-12-14 00:00:00+00:00,2023-12-14 00:00:00+00:00,1702512000000.0,0.00016501
2023-12-15 00:00:00+00:00,2023-12-15 00:00:00+00:00,1702598400000.0,0.00035667
2023-12-16 00:00:00+00:00,2023-12-16 00:00:00+00:00,1702684800000.0,0.00019323
2023-12-17 00:00:00+00:00,2023-12-17 00:00:00+00:00,1702771200000.0,0.00024126
2023-12-18 00:00:00+00:00,2023-12-18 00:00:00+00:00,1702857600000.0,0.00027951
2023-12-19 00:00:00+00:00,2023-12-19 00:00:00+00:00,1702944000000.0,0.0001
2023-12-20 00:00:00+00:00,2023-12-20 00:00:00+00:00,1703030400000.0,0.00011748
2023-12-21 00:00:00+00:00,2023-12-21 00:00:00+00:00,1703116800000.0,0.00016716
2023-12-22 00:00:00+00:00,2023-12-22 00:00:00+00:00,1703203200000.0,0.00047011
2023-12-23 00:00:00+00:00,2023-12-23 00:00:00+00:00,1703289600000.0,0.00031299
2023-12-24 00:00:00+00:00,2023-12-24 00:00:00+00:00,1703376000000.0,0.00044451
2023-12-25 00:00:00+00:00,2023-12-25 00:00:00+00:00,1703462400000.0,0.00016401
2023-12-26 00:00:00+00:00,2023-12-26 00:00:00+00:00,1703548800000.0,0.00062637
2023-12-27 00:00:00+00:00,2023-12-27 00:00:00+00:00,1703635200000.0,0.0005103
2023-12-28 00:00:00+00:00,2023-12-28 00:00:00+00:00,1703721600000.0,0.00063232
2023-12-29 00:00:00+00:00,2023-12-29 00:00:00+00:00,1703808000000.0,0.00058454
2023-12-30 00:00:00+00:00,2023-12-30 00:00:00+00:00,1703894400000.0,0.0003059
2023-12-31 00:00:00+00:00,2023-12-31 00:00:00+00:00,1703980800000.0,0.00036972
2024-01-01 00:00:00+00:00,2024-01-01 00:00:00+00:00,1704067200000.0,0.00031399
2024-01-02 00:00:00+00:00,2024-01-02 00:00:00+00:00,1704153600000.0,0.00052285
2024-01-03 00:00:00+00:00,2024-01-03 00:00:00+00:00,1704240000000.0,0.00050334
2024-01-04 00:00:00+00:00,2024-01-04 00:00:00+00:00,1704326400000.0,0.0001
2024-01-05 00:00:00+00:00,2024-01-05 00:00:00+00:00,1704412800000.0,0.0001
2024-01-06 00:00:00+00:00,2024-01-06 00:00:00+00:00,1704499200000.0,0.0001
2024-01-07 00:00:00+00:00,2024-01-07 00:00:00+00:00,1704585600000.0,0.0001
2024-01-08 00:00:00+00:00,2024-01-08 00:00:00+00:00,1704672000000.0,0.0001
2024-01-09 00:00:00+00:00,2024-01-09 00:00:00+00:00,1704758400000.0,0.0001
2024-01-10 00:00:00+00:00,2024-01-10 00:00:00+00:00,1704844800000.0,0.0001
2024-01-11 00:00:00+00:00,2024-01-11 00:00:00+00:00,1704931200000.0,0.0001
2024-01-12 00:00:00+00:00,2024-01-12 00:00:00+00:00,1705017600000.0,0.0001
2024-01-13 00:00:00+00:00,2024-01-13 00:00:00+00:00,1705104000000.0,0.0001
2024-01-14 00:00:00+00:00,2024-01-14 00:00:00+00:00,1705190400000.0,0.0001
2024-01-15 00:00:00+00:00,2024-01-15 00:00:00+00:00,1705276800000.0,0.0001
2024-01-16 00:00:00+00:00,2024-01-16 00:00:00+00:00,1705363200000.0,0.0001
2024-01-17 00:00:00+00:00,2024-01-17 00:00:00+00:00,1705449600000.0,0.0001
2024-01-18 00:00:00+00:00,2024-01-18 00:00:00+00:00,1705536000000.0,0.0001
2024-01-19 00:00:00+00:00,2024-01-19 00:00:00+00:00,1705622400000.0,0.0001
2024-01-20 00:00:00+00:00,2024-01-20 00:00:00+00:00,1705708800000.0,0.0001
2024-01-21 00:00:00+00:00,2024-01-21 00:00:00+00:00,1705795200000.0,0.0001
2024-01-22 00:00:00+00:00,2024-01-22 00:00:00+00:00,1705881600000.0,0.0001
2024-01-23 00:00:00+00:00,2024-01-23 00:00:00+00:00,1705968000000.0,0.0001
2024-01-24 00:00:00+00:00,2024-01-24 00:00:00+00:00,1706054400000.0,0.0001
2024-01-25 00:00:00+00:00,2024-01-25 00:00:00+00:00,1706140800000.0,0.0001
2024-01-26 00:00:00+00:00,2024-01-26 00:00:00+00:00,1706227200000.0,0.0001
2024-01-27 00:00:00+00:00,2024-01-27 00:00:00+00:00,1706313600000.0,0.0001
2024-01-28 00:00:00+00:00,2024-01-28 00:00:00+00:00,1706400000000.0,0.0001
2024-01-29 00:00:00+00:00,2024-01-29 00:00:00+00:00,1706486400000.0,9.856e-05
2024-01-30 00:00:00+00:00,2024-01-30 00:00:00+00:00,1706572800000.0,0.0001
2024-01-31 00:00:00+00:00,2024-01-31 00:00:00+00:00,1706659200000.0,0.0001
2024-02-01 00:00:00+00:00,2024-02-01 00:00:00+00:00,1706745600000.0,0.0001
2024-02-02 00:00:00+00:00,2024-02-02 00:00:00+00:00,1706832000000.0,0.0001
2024-02-03 00:00:00+00:00,2024-02-03 00:00:00+00:00,1706918400000.0,0.0001
2024-02-04 00:00:00+00:00,2024-02-04 00:00:00+00:00,1707004800000.0,0.0001
2024-02-05 00:00:00+00:00,2024-02-05 00:00:00+00:00,1707091200000.0,3.861e-05
2024-02-06 00:00:00+00:00,2024-02-06 00:00:00+00:00,1707177600000.0,0.0001
2024-02-07 00:00:00+00:00,2024-02-07 00:00:00+00:00,1707264000000.0,0.0001
2024-02-08 00:00:00+00:00,2024-02-08 00:00:00+00:00,1707350400000.0,0.0001
2024-02-09 00:00:00+00:00,2024-02-09 00:00:00+00:00,1707436800000.0,0.0001
2024-02-10 00:00:00+00:00,2024-02-10 00:00:00+00:00,1707523200000.0,0.0001
2024-02-11 00:00:00+00:00,2024-02-11 00:00:00+00:00,1707609600000.0,0.0001
2024-02-12 00:00:00+00:00,2024-02-12 00:00:00+00:00,1707696000000.0,0.0001
2024-02-13 00:00:00+00:00,2024-02-13 00:00:00+00:00,1707782400000.0,0.0001
2024-02-14 00:00:00+00:00,2024-02-14 00:00:00+00:00,1707868800000.0,0.00010535
2024-02-15 00:00:00+00:00,2024-02-15 00:00:00+00:00,1707955200000.0,0.00020442
2024-02-16 00:00:00+00:00,2024-02-16 00:00:00+00:00,1708041600000.0,0.00021693
2024-02-17 00:00:00+00:00,2024-02-17 00:00:00+00:00,1708128000000.0,0.00019653
2024-02-18 00:00:00+00:00,2024-02-18 00:00:00+00:00,1708214400000.0,0.00013314
2024-02-19 00:00:00+00:00,2024-02-19 00:00:00+00:00,1708300800000.0,0.00027593
2024-02-20 00:00:00+00:00,2024-02-20 00:00:00+00:00,1708387200000.0,0.00039443
2024-02-21 00:00:00+00:00,2024-02-21 00:00:00+00:00,1708473600000.0,0.00024489
2024-02-22 00:00:00+00:00,2024-02-22 00:00:00+00:00,1708560000000.0,0.00018015
2024-02-23 00:00:00+00:00,2024-02-23 00:00:00+00:00,1708646400000.0,0.0002059
2024-02-24 00:00:00+00:00,2024-02-24 00:00:00+00:00,1708732800000.0,0.00010526
2024-02-25 00:00:00+00:00,2024-02-25 00:00:00+00:00,1708819200000.0,0.0001849
2024-02-26 00:00:00+00:00,2024-02-26 00:00:00+00:00,1708905600000.0,0.00049361
2024-02-27 00:00:00+00:00,2024-02-27 00:00:00+00:00,1708992000000.0,0.00022844
2024-02-28 00:00:00+00:00,2024-02-28 00:00:00+00:00,1709078400000.0,0.00026454
2024-02-29 00:00:00+00:00,2024-02-29 00:00:00+00:00,1709164800000.0,0.00039563
2024-03-01 00:00:00+00:00,2024-03-01 00:00:00+00:00,1709251200000.0,0.00062501
2024-03-02 00:00:00+00:00,2024-03-02 00:00:00+00:00,1709337600000.0,0.00072261
2024-03-03 00:00:00+00:00,2024-03-03 00:00:00+00:00,1709424000000.0,0.00060798
2024-03-04 00:00:00+00:00,2024-03-04 00:00:00+00:00,1709510400000.0,0.00057581
2024-03-05 00:00:00+00:00,2024-03-05 00:00:00+00:00,1709596800000.0,0.00078356
2024-03-06 00:00:00+00:00,2024-03-06 00:00:00+00:00,1709683200000.0,0.0001619
2024-03-07 00:00:00+00:00,2024-03-07 00:00:00+00:00,1709769600000.0,0.00028468
2024-03-08 00:00:00+00:00,2024-03-08 00:00:00+00:00,1709856000000.0,0.0004072
2024-03-09 00:00:00+00:00,2024-03-09 00:00:00+00:00,1709942400000.0,0.00039454
2024-03-10 00:00:00+00:00,2024-03-10 00:00:00+00:00,1710028800000.0,0.0005098
2024-03-11 00:00:00+00:00,2024-03-11 00:00:00+00:00,1710115200000.0,0.00051211
2024-03-12 00:00:00+00:00,2024-03-12 00:00:00+00:00,1710201600000.0,0.00094584
2024-03-13 00:00:00+00:00,2024-03-13 00:00:00+00:00,1710288000000.0,0.00055365
2024-03-14 00:00:00+00:00,2024-03-14 00:00:00+00:00,1710374400000.0,0.00076855
2024-03-15 00:00:00+00:00,2024-03-15 00:00:00+00:00,1710460800000.0,0.0007672
2024-03-16 00:00:00+00:00,2024-03-16 00:00:00+00:00,1710547200000.0,0.00022416
2024-03-17 00:00:00+00:00,2024-03-17 00:00:00+00:00,1710633600000.0,0.0001
2024-03-18 00:00:00+00:00,2024-03-18 00:00:00+00:00,1710720000000.0,0.0001
2024-03-19 00:00:00+00:00,2024-03-19 00:00:00+00:00,1710806400000.0,0.0001
2024-03-20 00:00:00+00:00,2024-03-20 00:00:00+00:00,1710892800000.0,0.0001
2024-03-21 00:00:00+00:00,2024-03-21 00:00:00+00:00,1710979200000.0,0.0001
2024-03-22 00:00:00+00:00,2024-03-22 00:00:00+00:00,1711065600000.0,0.0001847
2024-03-23 00:00:00+00:00,2024-03-23 00:00:00+00:00,1711152000000.0,0.0001
2024-03-24 00:00:00+00:00,2024-03-24 00:00:00+00:00,1711238400000.0,0.0001
2024-03-25 00:00:00+00:00,2024-03-25 00:00:00+00:00,1711324800000.0,0.00016121
2024-03-26 00:00:00+00:00,2024-03-26 00:00:00+00:00,1711411200000.0,0.00019352
2024-03-27 00:00:00+00:00,2024-03-27 00:00:00+00:00,1711497600000.0,0.00042109
2024-03-28 00:00:00+00:00,2024-03-28 00:00:00+00:00,1711584000000.0,0.00042437
2024-03-29 00:00:00+00:00,2024-03-29 00:00:00+00:00,1711670400000.0,0.0005592
2024-03-30 00:00:00+00:00,2024-03-30 00:00:00+00:00,1711756800000.0,0.00045628
2024-03-31 00:00:00+00:00,2024-03-31 00:00:00+00:00,1711843200000.0,0.00036557
2024-04-01 00:00:00+00:00,2024-04-01 00:00:00+00:00,1711929600000.0,0.00065928
2024-04-02 00:00:00+00:00,2024-04-02 00:00:00+00:00,1712016000000.0,0.00033974
2024-04-03 00:00:00+00:00,2024-04-03 00:00:00+00:00,1712102400000.0,0.0001
2024-04-04 00:00:00+00:00,2024-04-04 00:00:00+00:00,1712188800000.0,0.00013161
2024-04-05 00:00:00+00:00,2024-04-05 00:00:00+00:00,1712275200000.0,0.00013545
2024-04-06 00:00:00+00:00,2024-04-06 00:00:00+00:00,1712361600000.0,0.0001
2024-04-07 00:00:00+00:00,2024-04-07 00:00:00+00:00,1712448000000.0,0.0001
2024-04-08 00:00:00+00:00,2024-04-08 00:00:00+00:00,1712534400000.0,0.0001
2024-04-09 00:00:00+00:00,2024-04-09 00:00:00+00:00,1712620800000.0,0.00022589
2024-04-10 00:00:00+00:00,2024-04-10 00:00:00+00:00,1712707200000.0,0.00021485
2024-04-11 00:00:00+00:00,2024-04-11 00:00:00+00:00,1712793600000.0,0.0001
2024-04-12 00:00:00+00:00,2024-04-12 00:00:00+00:00,1712880000000.0,0.00010356
2024-04-13 00:00:00+00:00,2024-04-13 00:00:00+00:00,1712966400000.0,0.0001
2024-04-14 00:00:00+00:00,2024-04-14 00:00:00+00:00,1713052800000.0,-0.00039121
2024-04-15 00:00:00+00:00,2024-04-15 00:00:00+00:00,1713139200000.0,0.0001
2024-04-16 00:00:00+00:00,2024-04-16 00:00:00+00:00,1713225600000.0,9.292e-05
2024-04-17 00:00:00+00:00,2024-04-17 00:00:00+00:00,1713312000000.0,1.182e-05
2024-04-18 00:00:00+00:00,2024-04-18 00:00:00+00:00,1713398400000.0,-9.13e-06
2024-04-19 00:00:00+00:00,2024-04-19 00:00:00+00:00,1713484800000.0,-8.917e-05
2024-04-20 00:00:00+00:00,2024-04-20 00:00:00+00:00,1713571200000.0,5.315e-05
2024-04-21 00:00:00+00:00,2024-04-21 00:00:00+00:00,1713657600000.0,4.111e-05
2024-04-22 00:00:00+00:00,2024-04-22 00:00:00+00:00,1713744000000.0,4.166e-05
2024-04-23 00:00:00+00:00,2024-04-23 00:00:00+00:00,1713830400000.0,4.391e-05
2024-04-24 00:00:00+00:00,2024-04-24 00:00:00+00:00,1713916800000.0,0.0001
2024-04-25 00:00:00+00:00,2024-04-25 00:00:00+00:00,1714003200000.0,0.0001
2024-04-26 00:00:00+00:00,2024-04-26 00:00:00+00:00,1714089600000.0,2.502e-05
2024-04-27 00:00:00+00:00,2024-04-27 00:00:00+00:00,1714176000000.0,-5.076e-05
2024-04-28 00:00:00+00:00,2024-04-28 00:00:00+00:00,1714262400000.0,8.141e-05
2024-04-29 00:00:00+00:00,2024-04-29 00:00:00+00:00,1714348800000.0,3.149e-05
2024-04-30 00:00:00+00:00,2024-04-30 00:00:00+00:00,1714435200000.0,0.0001
2024-05-01 00:00:00+00:00,2024-05-01 00:00:00+00:00,1714521600000.0,3.893e-05
2024-05-02 00:00:00+00:00,2024-05-02 00:00:00+00:00,1714608000000.0,0.0001
2024-05-03 00:00:00+00:00,2024-05-03 00:00:00+00:00,1714694400000.0,-4.581e-05
2024-05-04 00:00:00+00:00,2024-05-04 00:00:00+00:00,1714780800000.0,4.437e-05
2024-05-05 00:00:00+00:00,2024-05-05 00:00:00+00:00,1714867200000.0,5.915e-05
2024-05-06 00:00:00+00:00,2024-05-06 00:00:00+00:00,1714953600000.0,9.745e-05
2024-05-07 00:00:00+00:00,2024-05-07 00:00:00+00:00,1715040000000.0,0.0001
2024-05-08 00:00:00+00:00,2024-05-08 00:00:00+00:00,1715126400000.0,0.0001
2024-05-09 00:00:00+00:00,2024-05-09 00:00:00+00:00,1715212800000.0,0.0001
2024-05-10 00:00:00+00:00,2024-05-10 00:00:00+00:00,1715299200000.0,0.0001
2024-05-11 00:00:00+00:00,2024-05-11 00:00:00+00:00,1715385600000.0,0.0001
2024-05-12 00:00:00+00:00,2024-05-12 00:00:00+00:00,1715472000000.0,9.646e-05
2024-05-13 00:00:00+00:00,2024-05-13 00:00:00+00:00,1715558400000.0,-1.912e-05
2024-05-14 00:00:00+00:00,2024-05-14 00:00:00+00:00,1715644800000.0,0.0001
2024-05-15 00:00:00+00:00,2024-05-15 00:00:00+00:00,1715731200000.0,0.0001
2024-05-16 00:00:00+00:00,2024-05-16 00:00:00+00:00,1715817600000.0,8.852e-05
2024-05-17 00:00:00+00:00,2024-05-17 00:00:00+00:00,1715904000000.0,0.0001
2024-05-18 00:00:00+00:00,2024-05-18 00:00:00+00:00,1715990400000.0,0.0001
2024-05-19 00:00:00+00:00,2024-05-19 00:00:00+00:00,1716076800000.0,0.0001
2024-05-20 00:00:00+00:00,2024-05-20 00:00:00+00:00,1716163200000.0,0.0001
2024-05-21 00:00:00+00:00,2024-05-21 00:00:00+00:00,1716249600000.0,0.0001
2024-05-22 00:00:00+00:00,2024-05-22 00:00:00+00:00,1716336000000.0,0.0001
2024-05-23 00:00:00+00:00,2024-05-23 00:00:00+00:00,1716422400000.0,0.0001
2024-05-24 00:00:00+00:00,2024-05-24 00:00:00+00:00,1716508800000.0,0.0001
2024-05-25 00:00:00+00:00,2024-05-25 00:00:00+00:00,1716595200000.0,0.0001
2024-05-26 00:00:00+00:00,2024-05-26 00:00:00+00:00,1716681600000.0,0.0001
2024-05-27 00:00:00+00:00,2024-05-27 00:00:00+00:00,1716768000000.0,0.0001
2024-05-28 00:00:00+00:00,2024-05-28 00:00:00+00:00,1716854400000.0,0.0001
2024-05-29 00:00:00+00:00,2024-05-29 00:00:00+00:00,1716940800000.0,0.0001
2024-05-30 00:00:00+00:00,2024-05-30 00:00:00+00:00,1717027200000.0,0.0001
2024-05-31 00:00:00+00:00,2024-05-31 00:00:00+00:00,1717113600000.0,0.0001
2024-06-01 00:00:00+00:00,2024-06-01 00:00:00+00:00,1717200000000.0,0.0001
2024-06-02 00:00:00+00:00,2024-06-02 00:00:00+00:00,1717286400000.0,0.0001
2024-06-03 00:00:00+00:00,2024-06-03 00:00:00+00:00,1717372800000.0,0.0001
2024-06-04 00:00:00+00:00,2024-06-04 00:00:00+00:00,1717459200000.0,0.0001
2024-06-05 00:00:00+00:00,2024-06-05 00:00:00+00:00,1717545600000.0,0.0001
2024-06-06 00:00:00+00:00,2024-06-06 00:00:00+00:00,1717632000000.0,0.00020207
2024-06-07 00:00:00+00:00,2024-06-07 00:00:00+00:00,1717718400000.0,0.0001
2024-06-08 00:00:00+00:00,2024-06-08 00:00:00+00:00,1717804800000.0,0.0001
2024-06-09 00:00:00+00:00,2024-06-09 00:00:00+00:00,1717891200000.0,0.0001
2024-06-10 00:00:00+00:00,2024-06-10 00:00:00+00:00,1717977600000.0,0.0001
2024-06-11 00:00:00+00:00,2024-06-11 00:00:00+00:00,1718064000000.0,0.0001
2024-06-12 00:00:00+00:00,2024-06-12 00:00:00+00:00,1718150400000.0,0.0001
2024-06-13 00:00:00+00:00,2024-06-13 00:00:00+00:00,1718236800000.0,0.0001
2024-06-14 00:00:00+00:00,2024-06-14 00:00:00+00:00,1718323200000.0,0.0001
2024-06-15 00:00:00+00:00,2024-06-15 00:00:00+00:00,1718409600000.0,0.0001
2024-06-16 00:00:00+00:00,2024-06-16 00:00:00+00:00,1718496000000.0,-7.787e-05
2024-06-17 00:00:00+00:00,2024-06-17 00:00:00+00:00,1718582400000.0,0.0001
2024-06-18 00:00:00+00:00,2024-06-18 00:00:00+00:00,1718668800000.0,0.0001
2024-06-19 00:00:00+00:00,2024-06-19 00:00:00+00:00,1718755200000.0,0.0001
2024-06-20 00:00:00+00:00,2024-06-20 00:00:00+00:00,1718841600000.0,0.0001
2024-06-21 00:00:00+00:00,2024-06-21 00:00:00+00:00,1718928000000.0,0.0001
2024-06-22 00:00:00+00:00,2024-06-22 00:00:00+00:00,1719014400000.0,8.09e-06
2024-06-23 00:00:00+00:00,2024-06-23 00:00:00+00:00,1719100800000.0,0.0001
2024-06-24 00:00:00+00:00,2024-06-24 00:00:00+00:00,1719187200000.0,6.241e-05
2024-06-25 00:00:00+00:00,2024-06-25 00:00:00+00:00,1719273600000.0,-2.818e-05
2024-06-26 00:00:00+00:00,2024-06-26 00:00:00+00:00,1719360000000.0,5.038e-05
2024-06-27 00:00:00+00:00,2024-06-27 00:00:00+00:00,1719446400000.0,8.478e-05
2024-06-28 00:00:00+00:00,2024-06-28 00:00:00+00:00,1719532800000.0,2.658e-05
2024-06-29 00:00:00+00:00,2024-06-29 00:00:00+00:00,1719619200000.0,0.0001
2024-06-30 00:00:00+00:00,2024-06-30 00:00:00+00:00,1719705600000.0,0.0001
2024-07-01 00:00:00+00:00,2024-07-01 00:00:00+00:00,1719792000000.0,3.751e-05
2024-07-02 00:00:00+00:00,2024-07-02 00:00:00+00:00,1719878400000.0,6.281e-05
2024-07-03 00:00:00+00:00,2024-07-03 00:00:00+00:00,1719964800000.0,0.0001
2024-07-04 00:00:00+00:00,2024-07-04 00:00:00+00:00,1720051200000.0,0.0001
2024-07-05 00:00:00+00:00,2024-07-05 00:00:00+00:00,1720137600000.0,4.536e-05
2024-07-06 00:00:00+00:00,2024-07-06 00:00:00+00:00,1720224000000.0,6.194e-05
2024-07-07 00:00:00+00:00,2024-07-07 00:00:00+00:00,1720310400000.0,-7.819e-05
2024-07-08 00:00:00+00:00,2024-07-08 00:00:00+00:00,1720396800000.0,-5.238e-05
2024-07-09 00:00:00+00:00,2024-07-09 00:00:00+00:00,1720483200000.0,4.407e-05
2024-07-10 00:00:00+00:00,2024-07-10 00:00:00+00:00,1720569600000.0,0.0001
2024-07-11 00:00:00+00:00,2024-07-11 00:00:00+00:00,1720656000000.0,0.0001
2024-07-12 00:00:00+00:00,2024-07-12 00:00:00+00:00,1720742400000.0,7.649e-05
2024-07-13 00:00:00+00:00,2024-07-13 00:00:00+00:00,1720828800000.0,-5.579e-05
2024-07-14 00:00:00+00:00,2024-07-14 00:00:00+00:00,1720915200000.0,0.0001
2024-07-15 00:00:00+00:00,2024-07-15 00:00:00+00:00,1721001600000.0,0.0001
2024-07-16 00:00:00+00:00,2024-07-16 00:00:00+00:00,1721088000000.0,0.0001
2024-07-17 00:00:00+00:00,2024-07-17 00:00:00+00:00,1721174400000.0,0.0001
2024-07-18 00:00:00+00:00,2024-07-18 00:00:00+00:00,1721260800000.0,0.0001
2024-07-19 00:00:00+00:00,2024-07-19 00:00:00+00:00,1721347200000.0,3.105e-05
2024-07-20 00:00:00+00:00,2024-07-20 00:00:00+00:00,1721433600000.0,0.0001
2024-07-21 00:00:00+00:00,2024-07-21 00:00:00+00:00,1721520000000.0,0.0001
2024-07-22 00:00:00+00:00,2024-07-22 00:00:00+00:00,1721606400000.0,0.0001
2024-07-23 00:00:00+00:00,2024-07-23 00:00:00+00:00,1721692800000.0,0.0001
2024-07-24 00:00:00+00:00,2024-07-24 00:00:00+00:00,1721779200000.0,0.0001
2024-07-25 00:00:00+00:00,2024-07-25 00:00:00+00:00,1721865600000.0,7.487e-05
2024-07-26 00:00:00+00:00,2024-07-26 00:00:00+00:00,1721952000000.0,3.4e-05
2024-07-27 00:00:00+00:00,2024-07-27 00:00:00+00:00,1722038400000.0,9.973e-05
2024-07-28 00:00:00+00:00,2024-07-28 00:00:00+00:00,1722124800000.0,0.0001
2024-07-29 00:00:00+00:00,2024-07-29 00:00:00+00:00,1722211200000.0,-2.478e-05
2024-07-30 00:00:00+00:00,2024-07-30 00:00:00+00:00,1722297600000.0,0.0001
2024-07-31 00:00:00+00:00,2024-07-31 00:00:00+00:00,1722384000000.0,0.0001
2024-08-01 00:00:00+00:00,2024-08-01 00:00:00+00:00,1722470400000.0,9.751e-05
2024-08-02 00:00:00+00:00,2024-08-02 00:00:00+00:00,1722556800000.0,-2.065e-05
2024-08-03 00:00:00+00:00,2024-08-03 00:00:00+00:00,1722643200000.0,0.0001
2024-08-04 00:00:00+00:00,2024-08-04 00:00:00+00:00,1722729600000.0,5.05e-06
2024-08-05 00:00:00+00:00,2024-08-05 00:00:00+00:00,1722816000000.0,8.063e-05
2024-08-06 00:00:00+00:00,2024-08-06 00:00:00+00:00,1722902400000.0,7.809e-05
2024-08-07 00:00:00+00:00,2024-08-07 00:00:00+00:00,1722988800000.0,-4.021e-05
2024-08-08 00:00:00+00:00,2024-08-08 00:00:00+00:00,1723075200000.0,-4.19e-06
2024-08-09 00:00:00+00:00,2024-08-09 00:00:00+00:00,1723161600000.0,2.164e-05
2024-08-10 00:00:00+00:00,2024-08-10 00:00:00+00:00,1723248000000.0,-2.724e-05
2024-08-11 00:00:00+00:00,2024-08-11 00:00:00+00:00,1723334400000.0,6.27e-05
2024-08-12 00:00:00+00:00,2024-08-12 00:00:00+00:00,1723420800000.0,-1.66e-06
2024-08-13 00:00:00+00:00,2024-08-13 00:00:00+00:00,1723507200000.0,-8.56e-06
2024-08-14 00:00:00+00:00,2024-08-14 00:00:00+00:00,1723593600000.0,-8.655e-05
2024-08-15 00:00:00+00:00,2024-08-15 00:00:00+00:00,1723680000000.0,6.935e-05
2024-08-16 00:00:00+00:00,2024-08-16 00:00:00+00:00,1723766400000.0,6.247e-05
2024-08-17 00:00:00+00:00,2024-08-17 00:00:00+00:00,1723852800000.0,4.394e-05
2024-08-18 00:00:00+00:00,2024-08-18 00:00:00+00:00,1723939200000.0,7.81e-06
2024-08-19 00:00:00+00:00,2024-08-19 00:00:00+00:00,1724025600000.0,4.02e-06
2024-08-20 00:00:00+00:00,2024-08-20 00:00:00+00:00,1724112000000.0,6.471e-05
2024-08-21 00:00:00+00:00,2024-08-21 00:00:00+00:00,1724198400000.0,-3.088e-05
2024-08-22 00:00:00+00:00,2024-08-22 00:00:00+00:00,1724284800000.0,8.487e-05
2024-08-23 00:00:00+00:00,2024-08-23 00:00:00+00:00,1724371200000.0,-5.265e-05
2024-08-24 00:00:00+00:00,2024-08-24 00:00:00+00:00,1724457600000.0,4.692e-05
2024-08-25 00:00:00+00:00,2024-08-25 00:00:00+00:00,1724544000000.0,4.01e-05
2024-08-26 00:00:00+00:00,2024-08-26 00:00:00+00:00,1724630400000.0,-2.131e-05
2024-08-27 00:00:00+00:00,2024-08-27 00:00:00+00:00,1724716800000.0,-3.636e-05
2024-08-28 00:00:00+00:00,2024-08-28 00:00:00+00:00,1724803200000.0,7.26e-06
2024-08-29 00:00:00+00:00,2024-08-29 00:00:00+00:00,1724889600000.0,-5.6e-06
2024-08-30 00:00:00+00:00,2024-08-30 00:00:00+00:00,1724976000000.0,2.048e-05
2024-08-31 00:00:00+00:00,2024-08-31 00:00:00+00:00,1725062400000.0,1.072e-05
2024-09-01 00:00:00+00:00,2024-09-01 00:00:00+00:00,1725148800000.0,5.702e-05
2024-09-02 00:00:00+00:00,2024-09-02 00:00:00+00:00,1725235200000.0,-1.065e-05
2024-09-03 00:00:00+00:00,2024-09-03 00:00:00+00:00,1725321600000.0,-4.73e-05
2024-09-04 00:00:00+00:00,2024-09-04 00:00:00+00:00,1725408000000.0,3.586e-05
2024-09-05 00:00:00+00:00,2024-09-05 00:00:00+00:00,1725494400000.0,2.5e-07
2024-09-06 00:00:00+00:00,2024-09-06 00:00:00+00:00,1725580800000.0,2.342e-05
2024-09-07 00:00:00+00:00,2024-09-07 00:00:00+00:00,1725667200000.0,-0.00012706
2024-09-08 00:00:00+00:00,2024-09-08 00:00:00+00:00,1725753600000.0,-2.933e-05
2024-09-09 00:00:00+00:00,2024-09-09 00:00:00+00:00,1725840000000.0,2.513e-05
2024-09-10 00:00:00+00:00,2024-09-10 00:00:00+00:00,1725926400000.0,4.46e-06
2024-09-11 00:00:00+00:00,2024-09-11 00:00:00+00:00,1726012800000.0,-4.98e-06
2024-09-12 00:00:00+00:00,2024-09-12 00:00:00+00:00,1726099200000.0,4.454e-05
2024-09-13 00:00:00+00:00,2024-09-13 00:00:00+00:00,1726185600000.0,-5.343e-05
2024-09-14 00:00:00+00:00,2024-09-14 00:00:00+00:00,1726272000000.0,-2.626e-05
2024-09-15 00:00:00+00:00,2024-09-15 00:00:00+00:00,1726358400000.0,6.531e-05
2024-09-16 00:00:00+00:00,2024-09-16 00:00:00+00:00,1726444800000.0,9.056e-05
2024-09-17 00:00:00+00:00,2024-09-17 00:00:00+00:00,1726531200000.0,2.8e-06
2024-09-18 00:00:00+00:00,2024-09-18 00:00:00+00:00,1726617600000.0,8.184e-05
2024-09-19 00:00:00+00:00,2024-09-19 00:00:00+00:00,1726704000000.0,1.914e-05
2024-09-20 00:00:00+00:00,2024-09-20 00:00:00+00:00,1726790400000.0,4.173e-05
2024-09-21 00:00:00+00:00,2024-09-21 00:00:00+00:00,1726876800000.0,-1.012e-05
2024-09-22 00:00:00+00:00,2024-09-22 00:00:00+00:00,1726963200000.0,5.292e-05
2024-09-23 00:00:00+00:00,2024-09-23 00:00:00+00:00,1727049600000.0,-7.2e-07
2024-09-24 00:00:00+00:00,2024-09-24 00:00:00+00:00,1727136000000.0,0.0001
2024-09-25 00:00:00+00:00,2024-09-25 00:00:00+00:00,1727222400000.0,0.0001
2024-09-26 00:00:00+00:00,2024-09-26 00:00:00+00:00,1727308800000.0,0.0001
2024-09-27 00:00:00+00:00,2024-09-27 00:00:00+00:00,1727395200000.0,0.0001
2024-09-28 00:00:00+00:00,2024-09-28 00:00:00+00:00,1727481600000.0,0.0001
2024-09-29 00:00:00+00:00,2024-09-29 00:00:00+00:00,1727568000000.0,0.0001
2024-09-30 00:00:00+00:00,2024-09-30 00:00:00+00:00,1727654400000.0,0.0001
2024-10-01 00:00:00+00:00,2024-10-01 00:00:00+00:00,1727740800000.0,0.0001
2024-10-02 00:00:00+00:00,2024-10-02 00:00:00+00:00,1727827200000.0,8.72e-06
2024-10-03 00:00:00+00:00,2024-10-03 00:00:00+00:00,1727913600000.0,3.927e-05
2024-10-04 00:00:00+00:00,2024-10-04 00:00:00+00:00,1728000000000.0,-7.102e-05
2024-10-05 00:00:00+00:00,2024-10-05 00:00:00+00:00,1728086400000.0,-7.894e-05
2024-10-06 00:00:00+00:00,2024-10-06 00:00:00+00:00,1728172800000.0,7.194e-05
2024-10-07 00:00:00+00:00,2024-10-07 00:00:00+00:00,1728259200000.0,-3.937e-05
2024-10-08 00:00:00+00:00,2024-10-08 00:00:00+00:00,1728345600000.0,8.777e-05
2024-10-09 00:00:00+00:00,2024-10-09 00:00:00+00:00,1728432000000.0,8.134e-05
2024-10-10 00:00:00+00:00,2024-10-10 00:00:00+00:00,1728518400000.0,0.0001
2024-10-11 00:00:00+00:00,2024-10-11 00:00:00+00:00,1728604800000.0,0.0001
2024-10-12 00:00:00+00:00,2024-10-12 00:00:00+00:00,1728691200000.0,0.0001
2024-10-13 00:00:00+00:00,2024-10-13 00:00:00+00:00,1728777600000.0,4.047e-05
2024-10-14 00:00:00+00:00,2024-10-14 00:00:00+00:00,1728864000000.0,3.236e-05
2024-10-15 00:00:00+00:00,2024-10-15 00:00:00+00:00,1728950400000.0,0.0001
2024-10-16 00:00:00+00:00,2024-10-16 00:00:00+00:00,1729036800000.0,0.0001
2024-10-17 00:00:00+00:00,2024-10-17 00:00:00+00:00,1729123200000.0,0.0001
2024-10-18 00:00:00+00:00,2024-10-18 00:00:00+00:00,1729209600000.0,0.0001
2024-10-19 00:00:00+00:00,2024-10-19 00:00:00+00:00,1729296000000.0,0.0001
2024-10-20 00:00:00+00:00,2024-10-20 00:00:00+00:00,1729382400000.0,0.0001
2024-10-21 00:00:00+00:00,2024-10-21 00:00:00+00:00,1729468800000.0,0.0001
2024-10-22 00:00:00+00:00,2024-10-22 00:00:00+00:00,1729555200000.0,0.0001
2024-10-23 00:00:00+00:00,2024-10-23 00:00:00+00:00,1729641600000.0,0.0001
2024-10-24 00:00:00+00:00,2024-10-24 00:00:00+00:00,1729728000000.0,0.0001
2024-10-25 00:00:00+00:00,2024-10-25 00:00:00+00:00,1729814400000.0,0.0001
2024-10-26 00:00:00+00:00,2024-10-26 00:00:00+00:00,1729900800000.0,0.0001
2024-10-27 00:00:00+00:00,2024-10-27 00:00:00+00:00,1729987200000.0,0.0001
2024-10-28 00:00:00+00:00,2024-10-28 00:00:00+00:00,1730073600000.0,0.0001
2024-10-29 00:00:00+00:00,2024-10-29 00:00:00+00:00,1730160000000.0,0.0001
2024-10-30 00:00:00+00:00,2024-10-30 00:00:00+00:00,1730246400000.0,0.0001
2024-10-31 00:00:00+00:00,2024-10-31 00:00:00+00:00,1730332800000.0,0.0001
2024-11-01 00:00:00+00:00,2024-11-01 00:00:00+00:00,1730419200000.0,0.0001
2024-11-02 00:00:00+00:00,2024-11-02 00:00:00+00:00,1730505600000.0,0.0001
2024-11-03 00:00:00+00:00,2024-11-03 00:00:00+00:00,1730592000000.0,0.0001
2024-11-04 00:00:00+00:00,2024-11-04 00:00:00+00:00,1730678400000.0,2.112e-05
2024-11-05 00:00:00+00:00,2024-11-05 00:00:00+00:00,1730764800000.0,0.0001
2024-11-06 00:00:00+00:00,2024-11-06 00:00:00+00:00,1730851200000.0,7.234e-05
2024-11-07 00:00:00+00:00,2024-11-07 00:00:00+00:00,1730937600000.0,0.0001
2024-11-08 00:00:00+00:00,2024-11-08 00:00:00+00:00,1731024000000.0,0.0001
2024-11-09 00:00:00+00:00,2024-11-09 00:00:00+00:00,1731110400000.0,0.0001
2024-11-10 00:00:00+00:00,2024-11-10 00:00:00+00:00,1731196800000.0,0.0001
2024-11-11 00:00:00+00:00,2024-11-11 00:00:00+00:00,1731283200000.0,0.0001
2024-11-12 00:00:00+00:00,2024-11-12 00:00:00+00:00,1731369600000.0,0.00039785
2024-11-13 00:00:00+00:00,2024-11-13 00:00:00+00:00,1731456000000.0,0.00023909
2024-11-14 00:00:00+00:00,2024-11-14 00:00:00+00:00,1731542400000.0,0.0001
2024-11-15 00:00:00+00:00,2024-11-15 00:00:00+00:00,1731628800000.0,0.0001
2024-11-16 00:00:00+00:00,2024-11-16 00:00:00+00:00,1731715200000.0,0.0001
2024-11-17 00:00:00+00:00,2024-11-17 00:00:00+00:00,1731801600000.0,0.00015512
2024-11-18 00:00:00+00:00,2024-11-18 00:00:00+00:00,1731888000000.0,0.00017329
2024-11-19 00:00:00+00:00,2024-11-19 00:00:00+00:00,1731974400000.0,0.00010084
2024-11-20 00:00:00+00:00,2024-11-20 00:00:00+00:00,1732060800000.0,0.00011558
2024-11-21 00:00:00+00:00,2024-11-21 00:00:00+00:00,1732147200000.0,0.0001
2024-11-22 00:00:00+00:00,2024-11-22 00:00:00+00:00,1732233600000.0,0.00032956
2024-11-23 00:00:00+00:00,2024-11-23 00:00:00+00:00,1732320000000.0,0.00017793
2024-11-24 00:00:00+00:00,2024-11-24 00:00:00+00:00,1732406400000.0,0.00020782
2024-11-25 00:00:00+00:00,2024-11-25 00:00:00+00:00,1732492800000.0,0.0001
2024-11-26 00:00:00+00:00,2024-11-26 00:00:00+00:00,1732579200000.0,0.0001
2024-11-27 00:00:00+00:00,2024-11-27 00:00:00+00:00,1732665600000.0,0.0001
2024-11-28 00:00:00+00:00,2024-11-28 00:00:00+00:00,1732752000000.0,0.0004537
2024-11-29 00:00:00+00:00,2024-11-29 00:00:00+00:00,1732838400000.0,0.0004311
2024-11-30 00:00:00+00:00,2024-11-30 00:00:00+00:00,1732924800000.0,0.00042038
2024-12-01 00:00:00+00:00,2024-12-01 00:00:00+00:00,1733011200000.0,0.000233
2024-12-02 00:00:00+00:00,2024-12-02 00:00:00+00:00,1733097600000.0,0.00044152
2024-12-03 00:00:00+00:00,2024-12-03 00:00:00+00:00,1733184000000.0,0.00016396
2024-12-04 00:00:00+00:00,2024-12-04 00:00:00+00:00,1733270400000.0,0.00021111
2024-12-05 00:00:00+00:00,2024-12-05 00:00:00+00:00,1733356800000.0,0.00068067
2024-12-06 00:00:00+00:00,2024-12-06 00:00:00+00:00,1733443200000.0,0.0005766
2024-12-07 00:00:00+00:00,2024-12-07 00:00:00+00:00,1733529600000.0,0.00056336
2024-12-08 00:00:00+00:00,2024-12-08 00:00:00+00:00,1733616000000.0,0.00058021
2024-12-09 00:00:00+00:00,2024-12-09 00:00:00+00:00,1733702400000.0,0.00027125
2024-12-10 00:00:00+00:00,2024-12-10 00:00:00+00:00,1733788800000.0,0.0001
2024-12-11 00:00:00+00:00,2024-12-11 00:00:00+00:00,1733875200000.0,0.0001
2024-12-12 00:00:00+00:00,2024-12-12 00:00:00+00:00,1733961600000.0,0.0001
2024-12-13 00:00:00+00:00,2024-12-13 00:00:00+00:00,1734048000000.0,0.0001
2024-12-14 00:00:00+00:00,2024-12-14 00:00:00+00:00,1734134400000.0,0.0001
2024-12-15 00:00:00+00:00,2024-12-15 00:00:00+00:00,1734220800000.0,0.0001
2024-12-16 00:00:00+00:00,2024-12-16 00:00:00+00:00,1734307200000.0,0.0001
2024-12-17 00:00:00+00:00,2024-12-17 00:00:00+00:00,1734393600000.0,0.0001
2024-12-18 00:00:00+00:00,2024-12-18 00:00:00+00:00,1734480000000.0,0.0001
2024-12-19 00:00:00+00:00,2024-12-19 00:00:00+00:00,1734566400000.0,-5.517e-05
2024-12-20 00:00:00+00:00,2024-12-20 00:00:00+00:00,1734652800000.0,9.874e-05
2024-12-21 00:00:00+00:00,2024-12-21 00:00:00+00:00,1734739200000.0,0.0001
2024-12-22 00:00:00+00:00,2024-12-22 00:00:00+00:00,1734825600000.0,9.896e-05
2024-12-23 00:00:00+00:00,2024-12-23 00:00:00+00:00,1734912000000.0,1.314e-05
2024-12-24 00:00:00+00:00,2024-12-24 00:00:00+00:00,1734998400000.0,0.0001
2024-12-25 00:00:00+00:00,2024-12-25 00:00:00+00:00,1735084800000.0,5.665e-05
2024-12-26 00:00:00+00:00,2024-12-26 00:00:00+00:00,1735171200000.0,0.0001
2024-12-27 00:00:00+00:00,2024-12-27 00:00:00+00:00,1735257600000.0,-1.12e-06
2024-12-28 00:00:00+00:00,2024-12-28 00:00:00+00:00,1735344000000.0,0.0001
2024-12-29 00:00:00+00:00,2024-12-29 00:00:00+00:00,1735430400000.0,0.0001
2024-12-30 00:00:00+00:00,2024-12-30 00:00:00+00:00,1735516800000.0,8.88e-06
2024-12-31 00:00:00+00:00,2024-12-31 00:00:00+00:00,1735603200000.0,4.316e-05
2025-01-01 00:00:00+00:00,2025-01-01 00:00:00+00:00,1735689600000.0,0.0001
2025-01-02 00:00:00+00:00,2025-01-02 00:00:00+00:00,1735776000000.0,0.0001
2025-01-03 00:00:00+00:00,2025-01-03 00:00:00+00:00,1735862400000.0,0.0001
2025-01-04 00:00:00+00:00,2025-01-04 00:00:00+00:00,1735948800000.0,0.0001
2025-01-05 00:00:00+00:00,2025-01-05 00:00:00+00:00,1736035200000.0,0.0001
2025-01-06 00:00:00+00:00,2025-01-06 00:00:00+00:00,1736121600000.0,6.926e-05
2025-01-07 00:00:00+00:00,2025-01-07 00:00:00+00:00,1736208000000.0,0.0001
2025-01-08 00:00:00+00:00,2025-01-08 00:00:00+00:00,1736294400000.0,-9.031e-05
2025-01-09 00:00:00+00:00,2025-01-09 00:00:00+00:00,1736380800000.0,8.772e-05
2025-01-10 00:00:00+00:00,2025-01-10 00:00:00+00:00,1736467200000.0,1.075e-05
2025-01-11 00:00:00+00:00,2025-01-11 00:00:00+00:00,1736553600000.0,0.0001
2025-01-12 00:00:00+00:00,2025-01-12 00:00:00+00:00,1736640000000.0,0.0001
2025-01-13 00:00:00+00:00,2025-01-13 00:00:00+00:00,1736726400000.0,4.787e-05
2025-01-14 00:00:00+00:00,2025-01-14 00:00:00+00:00,1736812800000.0,0.0001
2025-01-15 00:00:00+00:00,2025-01-15 00:00:00+00:00,1736899200000.0,0.0001
2025-01-16 00:00:00+00:00,2025-01-16 00:00:00+00:00,1736985600000.0,0.0001
2025-01-17 00:00:00+00:00,2025-01-17 00:00:00+00:00,1737072000000.0,0.0001
2025-01-18 00:00:00+00:00,2025-01-18 00:00:00+00:00,1737158400000.0,0.0001
2025-01-19 00:00:00+00:00,2025-01-19 00:00:00+00:00,1737244800000.0,0.0001
2025-01-20 00:00:00+00:00,2025-01-20 00:00:00+00:00,1737331200000.0,4.974e-05
2025-01-21 00:00:00+00:00,2025-01-21 00:00:00+00:00,1737417600000.0,0.0001
2025-01-22 00:00:00+00:00,2025-01-22 00:00:00+00:00,1737504000000.0,0.0001
2025-01-23 00:00:00+00:00,2025-01-23 00:00:00+00:00,1737590400000.0,0.0001
2025-01-24 00:00:00+00:00,2025-01-24 00:00:00+00:00,1737676800000.0,0.0001
2025-01-25 00:00:00+00:00,2025-01-25 00:00:00+00:00,1737763200000.0,0.0001
2025-01-26 00:00:00+00:00,2025-01-26 00:00:00+00:00,1737849600000.0,0.0001
2025-01-27 00:00:00+00:00,2025-01-27 00:00:00+00:00,1737936000000.0,0.0001
2025-01-28 00:00:00+00:00,2025-01-28 00:00:00+00:00,1738022400000.0,-4.96e-06
2025-01-29 00:00:00+00:00,2025-01-29 00:00:00+00:00,1738108800000.0,0.0001
2025-01-30 00:00:00+00:00,2025-01-30 00:00:00+00:00,1738195200000.0,9.1e-07
2025-01-31 00:00:00+00:00,2025-01-31 00:00:00+00:00,1738281600000.0,0.0001
2025-02-01 00:00:00+00:00,2025-02-01 00:00:00+00:00,1738368000000.0,-4.172e-05
2025-02-02 00:00:00+00:00,2025-02-02 00:00:00+00:00,1738454400000.0,3.204e-05
2025-02-03 00:00:00+00:00,2025-02-03 00:00:00+00:00,1738540800000.0,-3.514e-05
2025-02-04 00:00:00+00:00,2025-02-04 00:00:00+00:00,1738627200000.0,4.5e-06
2025-02-05 00:00:00+00:00,2025-02-05 00:00:00+00:00,1738713600000.0,-6.157e-05
2025-02-06 00:00:00+00:00,2025-02-06 00:00:00+00:00,1738800000000.0,8.181e-05
2025-02-07 00:00:00+00:00,2025-02-07 00:00:00+00:00,1738886400000.0,4.617e-05
2025-02-08 00:00:00+00:00,2025-02-08 00:00:00+00:00,1738972800000.0,0.0001
2025-02-09 00:00:00+00:00,2025-02-09 00:00:00+00:00,1739059200000.0,2.137e-05
2025-02-10 00:00:00+00:00,2025-02-10 00:00:00+00:00,1739145600000.0,5.74e-06
2025-02-11 00:00:00+00:00,2025-02-11 00:00:00+00:00,1739232000000.0,9.868e-05
2025-02-12 00:00:00+00:00,2025-02-12 00:00:00+00:00,1739318400000.0,1.68e-06
2025-02-13 00:00:00+00:00,2025-02-13 00:00:00+00:00,1739404800000.0,0.0001
2025-02-14 00:00:00+00:00,2025-02-14 00:00:00+00:00,1739491200000.0,5.188e-05
2025-02-15 00:00:00+00:00,2025-02-15 00:00:00+00:00,1739577600000.0,8.565e-05
2025-02-16 00:00:00+00:00,2025-02-16 00:00:00+00:00,1739664000000.0,4.519e-05
2025-02-17 00:00:00+00:00,2025-02-17 00:00:00+00:00,1739750400000.0,3.961e-05
2025-02-18 00:00:00+00:00,2025-02-18 00:00:00+00:00,1739836800000.0,4.812e-05
2025-02-19 00:00:00+00:00,2025-02-19 00:00:00+00:00,1739923200000.0,3.514e-05
2025-02-20 00:00:00+00:00,2025-02-20 00:00:00+00:00,1740009600000.0,-3.38e-05
2025-02-21 00:00:00+00:00,2025-02-21 00:00:00+00:00,1740096000000.0,-1.28e-05
2025-02-22 00:00:00+00:00,2025-02-22 00:00:00+00:00,1740182400000.0,0.00046101
2025-02-23 00:00:00+00:00,2025-02-23 00:00:00+00:00,1740268800000.0,0.0001
2025-02-24 00:00:00+00:00,2025-02-24 00:00:00+00:00,1740355200000.0,0.0001
2025-02-25 00:00:00+00:00,2025-02-25 00:00:00+00:00,1740441600000.0,0.0001
2025-02-26 00:00:00+00:00,2025-02-26 00:00:00+00:00,1740528000000.0,5.266e-05
2025-02-27 00:00:00+00:00,2025-02-27 00:00:00+00:00,1740614400000.0,0.0001
2025-02-28 00:00:00+00:00,2025-02-28 00:00:00+00:00,1740700800000.0,0.0001
2025-03-01 00:00:00+00:00,2025-03-01 00:00:00+00:00,1740787200000.0,0.0001
2025-03-02 00:00:00+00:00,2025-03-02 00:00:00+00:00,1740873600000.0,0.0001
2025-03-03 00:00:00+00:00,2025-03-03 00:00:00+00:00,1740960000000.0,0.0001
2025-03-04 00:00:00+00:00,2025-03-04 00:00:00+00:00,1741046400000.0,-6.554e-05
2025-03-05 00:00:00+00:00,2025-03-05 00:00:00+00:00,1741132800000.0,-2.99e-06
2025-03-06 00:00:00+00:00,2025-03-06 00:00:00+00:00,1741219200000.0,-4.872e-05
2025-03-07 00:00:00+00:00,2025-03-07 00:00:00+00:00,1741305600000.0,6.12e-06
2025-03-08 00:00:00+00:00,2025-03-08 00:00:00+00:00,1741392000000.0,-5.008e-05
2025-03-09 00:00:00+00:00,2025-03-09 00:00:00+00:00,1741478400000.0,-0.00010774
2025-03-10 00:00:00+00:00,2025-03-10 00:00:00+00:00,1741564800000.0,-7.763e-05
2025-03-11 00:00:00+00:00,2025-03-11 00:00:00+00:00,1741651200000.0,-0.00015518
2025-03-12 00:00:00+00:00,2025-03-12 00:00:00+00:00,1741737600000.0,-3.091e-05
2025-03-13 00:00:00+00:00,2025-03-13 00:00:00+00:00,1741824000000.0,1.734e-05
2025-03-14 00:00:00+00:00,2025-03-14 00:00:00+00:00,1741910400000.0,-0.00011917
2025-03-15 00:00:00+00:00,2025-03-15 00:00:00+00:00,1741996800000.0,-1.093e-05
2025-03-16 00:00:00+00:00,2025-03-16 00:00:00+00:00,1742083200000.0,-7.967e-05
2025-03-17 00:00:00+00:00,2025-03-17 00:00:00+00:00,1742169600000.0,-8.29e-06
2025-03-18 00:00:00+00:00,2025-03-18 00:00:00+00:00,1742256000000.0,3.901e-05
2025-03-19 00:00:00+00:00,2025-03-19 00:00:00+00:00,1742342400000.0,-1.618e-05
2025-03-20 00:00:00+00:00,2025-03-20 00:00:00+00:00,1742428800000.0,0.0001
2025-03-21 00:00:00+00:00,2025-03-21 00:00:00+00:00,1742515200000.0,6.544e-05
2025-03-22 00:00:00+00:00,2025-03-22 00:00:00+00:00,1742601600000.0,7.289e-05
2025-03-23 00:00:00+00:00,2025-03-23 00:00:00+00:00,1742688000000.0,-7.963e-05
2025-03-24 00:00:00+00:00,2025-03-24 00:00:00+00:00,1742774400000.0,-2.726e-05
2025-03-25 00:00:00+00:00,2025-03-25 00:00:00+00:00,1742860800000.0,0.0001
2025-03-26 00:00:00+00:00,2025-03-26 00:00:00+00:00,1742947200000.0,-2.159e-05
2025-03-27 00:00:00+00:00,2025-03-27 00:00:00+00:00,1743033600000.0,-7.791e-05
2025-03-28 00:00:00+00:00,2025-03-28 00:00:00+00:00,1743120000000.0,4.851e-05
2025-03-29 00:00:00+00:00,2025-03-29 00:00:00+00:00,1743206400000.0,-0.00013591
2025-03-30 00:00:00+00:00,2025-03-30 00:00:00+00:00,1743292800000.0,-6.584e-05
2025-03-31 00:00:00+00:00,2025-03-31 00:00:00+00:00,1743379200000.0,-9.258e-05
2025-04-01 00:00:00+00:00,2025-04-01 00:00:00+00:00,1743465600000.0,-0.00011837
2025-04-02 00:00:00+00:00,2025-04-02 00:00:00+00:00,1743552000000.0,6.92e-06
2025-04-03 00:00:00+00:00,2025-04-03 00:00:00+00:00,1743638400000.0,-0.00029968
2025-04-04 00:00:00+00:00,2025-04-04 00:00:00+00:00,1743724800000.0,-0.0002496
2025-04-05 00:00:00+00:00,2025-04-05 00:00:00+00:00,1743811200000.0,6.892e-05
2025-04-06 00:00:00+00:00,2025-04-06 00:00:00+00:00,1743897600000.0,8.34e-05
2025-04-07 00:00:00+00:00,2025-04-07 00:00:00+00:00,1743984000000.0,-5.456e-05
2025-04-08 00:00:00+00:00,2025-04-08 00:00:00+00:00,1744070400000.0,-0.00019553
2025-04-09 00:00:00+00:00,2025-04-09 00:00:00+00:00,1744156800000.0,8.484e-05
2025-04-10 00:00:00+00:00,2025-04-10 00:00:00+00:00,1744243200000.0,8.985e-05
2025-04-11 00:00:00+00:00,2025-04-11 00:00:00+00:00,1744329600000.0,-8.113e-05
2025-04-12 00:00:00+00:00,2025-04-12 00:00:00+00:00,1744416000000.0,7.005e-05
2025-04-13 00:00:00+00:00,2025-04-13 00:00:00+00:00,1744502400000.0,0.0001
2025-04-14 00:00:00+00:00,2025-04-14 00:00:00+00:00,1744588800000.0,4.016e-05
2025-04-15 00:00:00+00:00,2025-04-15 00:00:00+00:00,1744675200000.0,0.0001
2025-04-16 00:00:00+00:00,2025-04-16 00:00:00+00:00,1744761600000.0,-8.398e-05
2025-04-17 00:00:00+00:00,2025-04-17 00:00:00+00:00,1744848000000.0,9.459e-05
2025-04-18 00:00:00+00:00,2025-04-18 00:00:00+00:00,1744934400000.0,-3.248e-05
2025-04-19 00:00:00+00:00,2025-04-19 00:00:00+00:00,1745020800000.0,9.177e-05
2025-04-20 00:00:00+00:00,2025-04-20 00:00:00+00:00,1745107200000.0,7.344e-05
2025-04-21 00:00:00+00:00,2025-04-21 00:00:00+00:00,1745193600000.0,7.868e-05
2025-04-22 00:00:00+00:00,2025-04-22 00:00:00+00:00,1745280000000.0,1.004e-05
2025-04-23 00:00:00+00:00,2025-04-23 00:00:00+00:00,1745366400000.0,0.0001
2025-04-24 00:00:00+00:00,2025-04-24 00:00:00+00:00,1745452800000.0,0.0001
2025-04-25 00:00:00+00:00,2025-04-25 00:00:00+00:00,1745539200000.0,0.0001
2025-04-26 00:00:00+00:00,2025-04-26 00:00:00+00:00,1745625600000.0,2.044e-05
2025-04-27 00:00:00+00:00,2025-04-27 00:00:00+00:00,1745712000000.0,0.0001
2025-04-28 00:00:00+00:00,2025-04-28 00:00:00+00:00,1745798400000.0,0.0001
2025-04-29 00:00:00+00:00,2025-04-29 00:00:00+00:00,1745884800000.0,-6.37e-06
2025-04-30 00:00:00+00:00,2025-04-30 00:00:00+00:00,1745971200000.0,2.565e-05
2025-05-01 00:00:00+00:00,2025-05-01 00:00:00+00:00,1746057600000.0,1.851e-05
2025-05-02 00:00:00+00:00,2025-05-02 00:00:00+00:00,1746144000000.0,0.0001
2025-05-03 00:00:00+00:00,2025-05-03 00:00:00+00:00,1746230400000.0,9.05e-05
2025-05-04 00:00:00+00:00,2025-05-04 00:00:00+00:00,1746316800000.0,0.0001
2025-05-05 00:00:00+00:00,2025-05-05 00:00:00+00:00,1746403200000.0,6.649e-05
2025-05-06 00:00:00+00:00,2025-05-06 00:00:00+00:00,1746489600000.0,-8.04e-06
2025-05-07 00:00:00+00:00,2025-05-07 00:00:00+00:00,1746576000000.0,7.823e-05
2025-05-08 00:00:00+00:00,2025-05-08 00:00:00+00:00,1746662400000.0,7.939e-05
2025-05-09 00:00:00+00:00,2025-05-09 00:00:00+00:00,1746748800000.0,0.0001
2025-05-10 00:00:00+00:00,2025-05-10 00:00:00+00:00,1746835200000.0,0.0001
2025-05-11 00:00:00+00:00,2025-05-11 00:00:00+00:00,1746921600000.0,0.0001
2025-05-12 00:00:00+00:00,2025-05-12 00:00:00+00:00,1747008000000.0,0.0001
2025-05-13 00:00:00+00:00,2025-05-13 00:00:00+00:00,1747094400000.0,0.0001
2025-05-14 00:00:00+00:00,2025-05-14 00:00:00+00:00,1747180800000.0,0.0001
2025-05-15 00:00:00+00:00,2025-05-15 00:00:00+00:00,1747267200000.0,0.0001
2025-05-16 00:00:00+00:00,2025-05-16 00:00:00+00:00,1747353600000.0,-2.77e-06
2025-05-17 00:00:00+00:00,2025-05-17 00:00:00+00:00,1747440000000.0,9.876e-05
2025-05-18 00:00:00+00:00,2025-05-18 00:00:00+00:00,1747526400000.0,3.634e-05
2025-05-19 00:00:00+00:00,2025-05-19 00:00:00+00:00,1747612800000.0,2.055e-05
2025-05-20 00:00:00+00:00,2025-05-20 00:00:00+00:00,1747699200000.0,0.0001
2025-05-21 00:00:00+00:00,2025-05-21 00:00:00+00:00,1747785600000.0,-6.56e-06
2025-05-22 00:00:00+00:00,2025-05-22 00:00:00+00:00,1747872000000.0,0.0001
2025-05-23 00:00:00+00:00,2025-05-23 00:00:00+00:00,1747958400000.0,0.0001
2025-05-24 00:00:00+00:00,2025-05-24 00:00:00+00:00,1748044800000.0,-1.058e-05
2025-05-25 00:00:00+00:00,2025-05-25 00:00:00+00:00,1748131200000.0,0.0001
2025-05-26 00:00:00+00:00,2025-05-26 00:00:00+00:00,1748217600000.0,0.0001
2025-05-27 00:00:00+00:00,2025-05-27 00:00:00+00:00,1748304000000.0,9.588e-05
2025-05-28 00:00:00+00:00,2025-05-28 00:00:00+00:00,1748390400000.0,0.0001
2025-05-29 00:00:00+00:00,2025-05-29 00:00:00+00:00,1748476800000.0,4.592e-05
2025-05-30 00:00:00+00:00,2025-05-30 00:00:00+00:00,1748563200000.0,6.723e-05
2025-05-31 00:00:00+00:00,2025-05-31 00:00:00+00:00,1748649600000.0,2.686e-05
2025-06-01 00:00:00+00:00,2025-06-01 00:00:00+00:00,1748736000000.0,0.0001
2025-06-02 00:00:00+00:00,2025-06-02 00:00:00+00:00,1748822400000.0,4.55e-05
2025-06-03 00:00:00+00:00,2025-06-03 00:00:00+00:00,1748908800000.0,8.171e-05
2025-06-04 00:00:00+00:00,2025-06-04 00:00:00+00:00,1748995200000.0,5.87e-05
2025-06-05 00:00:00+00:00,2025-06-05 00:00:00+00:00,1749081600000.0,-2.998e-05
2025-06-06 00:00:00+00:00,2025-06-06 00:00:00+00:00,1749168000000.0,-7.202e-05
2025-06-07 00:00:00+00:00,2025-06-07 00:00:00+00:00,1749254400000.0,0.0001
2025-06-08 00:00:00+00:00,2025-06-08 00:00:00+00:00,1749340800000.0,0.0001
2025-06-09 00:00:00+00:00,2025-06-09 00:00:00+00:00,1749427200000.0,0.0001
2025-06-10 00:00:00+00:00,2025-06-10 00:00:00+00:00,1749513600000.0,0.0001
2025-06-11 00:00:00+00:00,2025-06-11 00:00:00+00:00,1749600000000.0,0.0001
2025-06-12 00:00:00+00:00,2025-06-12 00:00:00+00:00,1749686400000.0,8.13e-05
2025-06-13 00:00:00+00:00,2025-06-13 00:00:00+00:00,1749772800000.0,-3.556e-05
2025-06-14 00:00:00+00:00,2025-06-14 00:00:00+00:00,1749859200000.0,-3.727e-05
2025-06-15 00:00:00+00:00,2025-06-15 00:00:00+00:00,1749945600000.0,-3.396e-05
2025-06-16 00:00:00+00:00,2025-06-16 00:00:00+00:00,1750032000000.0,4.17e-06
2025-06-17 00:00:00+00:00,2025-06-17 00:00:00+00:00,1750118400000.0,0.0001
2025-06-18 00:00:00+00:00,2025-06-18 00:00:00+00:00,1750204800000.0,2.61e-05
2025-06-19 00:00:00+00:00,2025-06-19 00:00:00+00:00,1750291200000.0,5.096e-05
2025-06-20 00:00:00+00:00,2025-06-20 00:00:00+00:00,1750377600000.0,8.144e-05
2025-06-21 00:00:00+00:00,2025-06-21 00:00:00+00:00,1750464000000.0,5.465e-05
2025-06-22 00:00:00+00:00,2025-06-22 00:00:00+00:00,1750550400000.0,-8.96e-06
2025-06-23 00:00:00+00:00,2025-06-23 00:00:00+00:00,1750636800000.0,-0.00011161
2025-06-24 00:00:00+00:00,2025-06-24 00:00:00+00:00,1750723200000.0,-7.185e-05
2025-06-25 00:00:00+00:00,2025-06-25 00:00:00+00:00,1750809600000.0,4.158e-05
2025-06-26 00:00:00+00:00,2025-06-26 00:00:00+00:00,1750896000000.0,-1.95e-05
2025-06-27 00:00:00+00:00,2025-06-27 00:00:00+00:00,1750982400000.0,-4.66e-06
2025-06-28 00:00:00+00:00,2025-06-28 00:00:00+00:00,1751068800000.0,2.703e-05
2025-06-29 00:00:00+00:00,2025-06-29 00:00:00+00:00,1751155200000.0,0.0001
2025-06-30 00:00:00+00:00,2025-06-30 00:00:00+00:00,1751241600000.0,0.0001
2025-07-01 00:00:00+00:00,2025-07-01 00:00:00+00:00,1751328000000.0,0.0001
2025-07-02 00:00:00+00:00,2025-07-02 00:00:00+00:00,1751414400000.0,2.68e-06
2025-07-03 00:00:00+00:00,2025-07-03 00:00:00+00:00,1751500800000.0,0.0001
2025-07-04 00:00:00+00:00,2025-07-04 00:00:00+00:00,1751587200000.0,0.0001
2025-07-05 00:00:00+00:00,2025-07-05 00:00:00+00:00,1751673600000.0,-1.92e-05
2025-07-06 00:00:00+00:00,2025-07-06 00:00:00+00:00,1751760000000.0,-4.134e-05
2025-07-07 00:00:00+00:00,2025-07-07 00:00:00+00:00,1751846400000.0,0.0001
2025-07-08 00:00:00+00:00,2025-07-08 00:00:00+00:00,1751932800000.0,-1.65e-05
2025-07-09 00:00:00+00:00,2025-07-09 00:00:00+00:00,1752019200000.0,7.119e-05
2025-07-10 00:00:00+00:00,2025-07-10 00:00:00+00:00,1752105600000.0,0.0001
2025-07-11 00:00:00+00:00,2025-07-11 00:00:00+00:00,1752192000000.0,0.0001
2025-07-12 00:00:00+00:00,2025-07-12 00:00:00+00:00,1752278400000.0,0.0001
2025-07-13 00:00:00+00:00,2025-07-13 00:00:00+00:00,1752364800000.0,0.0001
2025-07-14 00:00:00+00:00,2025-07-14 00:00:00+00:00,1752451200000.0,0.0001
2025-07-15 00:00:00+00:00,2025-07-15 00:00:00+00:00,1752537600000.0,0.0001
2025-07-16 00:00:00+00:00,2025-07-16 00:00:00+00:00,1752624000000.0,0.0001
2025-07-17 00:00:00+00:00,2025-07-17 00:00:00+00:00,1752710400000.0,0.0001
2025-07-18 00:00:00+00:00,2025-07-18 00:00:00+00:00,1752796800000.0,0.00025477
2025-07-19 00:00:00+00:00,2025-07-19 00:00:00+00:00,1752883200000.0,0.0001
2025-07-20 00:00:00+00:00,2025-07-20 00:00:00+00:00,1752969600000.0,0.0001
2025-07-21 00:00:00+00:00,2025-07-21 00:00:00+00:00,1753056000000.0,0.0001
2025-07-22 00:00:00+00:00,2025-07-22 00:00:00+00:00,1753142400000.0,0.0001
2025-07-23 00:00:00+00:00,2025-07-23 00:00:00+00:00,1753228800000.0,0.00034033
2025-07-24 00:00:00+00:00,2025-07-24 00:00:00+00:00,1753315200000.0,0.0001
2025-07-25 00:00:00+00:00,2025-07-25 00:00:00+00:00,1753401600000.0,0.0001
2025-07-26 00:00:00+00:00,2025-07-26 00:00:00+00:00,1753488000000.0,0.0001
2025-07-27 00:00:00+00:00,2025-07-27 00:00:00+00:00,1753574400000.0,0.0001
2025-07-28 00:00:00+00:00,2025-07-28 00:00:00+00:00,1753660800000.0,0.0001
2025-07-29 00:00:00+00:00,2025-07-29 00:00:00+00:00,1753747200000.0,1.93e-06
2025-07-30 00:00:00+00:00,2025-07-30 00:00:00+00:00,1753833600000.0,0.0001
2025-07-31 00:00:00+00:00,2025-07-31 00:00:00+00:00,1753920000000.0,0.0001
2025-08-01 00:00:00+00:00,2025-08-01 00:00:00+00:00,1754006400000.0,-0.00010929
2025-08-02 00:00:00+00:00,2025-08-02 00:00:00+00:00,1754092800000.0,9.729e-05
2025-08-03 00:00:00+00:00,2025-08-03 00:00:00+00:00,1754179200000.0,6.438e-05
2025-08-04 00:00:00+00:00,2025-08-04 00:00:00+00:00,1754265600000.0,-3.112e-05
2025-08-05 00:00:00+00:00,2025-08-05 00:00:00+00:00,1754352000000.0,5.011e-05
2025-08-06 00:00:00+00:00,2025-08-06 00:00:00+00:00,1754438400000.0,0.0001
2025-08-07 00:00:00+00:00,2025-08-07 00:00:00+00:00,1754524800000.0,1.617e-05
2025-08-08 00:00:00+00:00,2025-08-08 00:00:00+00:00,1754611200000.0,0.0001
2025-08-09 00:00:00+00:00,2025-08-09 00:00:00+00:00,1754697600000.0,0.0001
2025-08-10 00:00:00+00:00,2025-08-10 00:00:00+00:00,1754784000000.0,0.0001
2025-08-11 00:00:00+00:00,2025-08-11 00:00:00+00:00,1754870400000.0,0.0001
2025-08-12 00:00:00+00:00,2025-08-12 00:00:00+00:00,1754956800000.0,0.0001
2025-08-13 00:00:00+00:00,2025-08-13 00:00:00+00:00,1755043200000.0,0.0001
2025-08-14 00:00:00+00:00,2025-08-14 00:00:00+00:00,1755129600000.0,0.0001
2025-08-15 00:00:00+00:00,2025-08-15 00:00:00+00:00,1755216000000.0,7.308e-05
2025-08-16 00:00:00+00:00,2025-08-16 00:00:00+00:00,1755302400000.0,0.0001
2025-08-17 00:00:00+00:00,2025-08-17 00:00:00+00:00,1755388800000.0,7.598e-05
2025-08-18 00:00:00+00:00,2025-08-18 00:00:00+00:00,1755475200000.0,2.796e-05
2025-08-19 00:00:00+00:00,2025-08-19 00:00:00+00:00,1755561600000.0,0.0001
2025-08-20 00:00:00+00:00,2025-08-20 00:00:00+00:00,1755648000000.0,6.663e-05
2025-08-21 00:00:00+00:00,2025-08-21 00:00:00+00:00,1755734400000.0,0.0001
2025-08-22 00:00:00+00:00,2025-08-22 00:00:00+00:00,1755820800000.0,8.82e-05
2025-08-23 00:00:00+00:00,2025-08-23 00:00:00+00:00,1755907200000.0,0.0001
2025-08-24 00:00:00+00:00,2025-08-24 00:00:00+00:00,1755993600000.0,0.0001
2025-08-25 00:00:00+00:00,2025-08-25 00:00:00+00:00,1756080000000.0,0.0001
2025-08-26 00:00:00+00:00,2025-08-26 00:00:00+00:00,1756166400000.0,-4.449e-05
2025-08-27 00:00:00+00:00,2025-08-27 00:00:00+00:00,1756252800000.0,0.0001
2025-08-28 00:00:00+00:00,2025-08-28 00:00:00+00:00,1756339200000.0,0.0001
2025-08-29 00:00:00+00:00,2025-08-29 00:00:00+00:00,1756425600000.0,0.0001
2025-08-30 00:00:00+00:00,2025-08-30 00:00:00+00:00,1756512000000.0,6.262e-05
2025-08-31 00:00:00+00:00,2025-08-31 00:00:00+00:00,1756598400000.0,9.448e-05
2025-09-01 00:00:00+00:00,2025-09-01 00:00:00+00:00,1756684800000.0,0.0001
2025-09-02 00:00:00+00:00,2025-09-02 00:00:00+00:00,1756771200000.0,2.809e-05
2025-09-03 00:00:00+00:00,2025-09-03 00:00:00+00:00,1756857600000.0,0.0001
2025-09-04 00:00:00+00:00,2025-09-04 00:00:00+00:00,1756944000000.0,6.314e-05
2025-09-05 00:00:00+00:00,2025-09-05 00:00:00+00:00,1757030400000.0,8.151e-05
2025-09-06 00:00:00+00:00,2025-09-06 00:00:00+00:00,1757116800000.0,7.192e-05
2025-09-07 00:00:00+00:00,2025-09-07 00:00:00+00:00,1757203200000.0,5.94e-06
2025-09-08 00:00:00+00:00,2025-09-08 00:00:00+00:00,1757289600000.0,5.245e-05
2025-09-09 00:00:00+00:00,2025-09-09 00:00:00+00:00,1757376000000.0,0.0001
2025-09-10 00:00:00+00:00,2025-09-10 00:00:00+00:00,1757462400000.0,7.298e-05
2025-09-11 00:00:00+00:00,2025-09-11 00:00:00+00:00,1757548800000.0,0.0001
2025-09-12 00:00:00+00:00,2025-09-12 00:00:00+00:00,1757635200000.0,0.0001
2025-09-13 00:00:00+00:00,2025-09-13 00:00:00+00:00,1757721600000.0,0.0001
2025-09-14 00:00:00+00:00,2025-09-14 00:00:00+00:00,1757808000000.0,0.0001
2025-09-15 00:00:00+00:00,2025-09-15 00:00:00+00:00,1757894400000.0,0.0001
2025-09-16 00:00:00+00:00,2025-09-16 00:00:00+00:00,1757980800000.0,8.565e-05
2025-09-17 00:00:00+00:00,2025-09-17 00:00:00+00:00,1758067200000.0,0.0001
2025-09-18 00:00:00+00:00,2025-09-18 00:00:00+00:00,1758153600000.0,0.0001
2025-09-19 00:00:00+00:00,2025-09-19 00:00:00+00:00,1758240000000.0,0.0001
2025-09-20 00:00:00+00:00,2025-09-20 00:00:00+00:00,1758326400000.0,0.0001
2025-09-21 00:00:00+00:00,2025-09-21 00:00:00+00:00,1758412800000.0,0.0001
2025-09-22 00:00:00+00:00,2025-09-22 00:00:00+00:00,1758499200000.0,0.0001
2025-09-23 00:00:00+00:00,2025-09-23 00:00:00+00:00,1758585600000.0,-6.144e-05
2025-09-24 00:00:00+00:00,2025-09-24 00:00:00+00:00,1758672000000.0,8.57e-05
2025-09-25 00:00:00+00:00,2025-09-25 00:00:00+00:00,1758758400000.0,0.0001
2025-09-26 00:00:00+00:00,2025-09-26 00:00:00+00:00,1758844800000.0,-0.00010443
2025-09-27 00:00:00+00:00,2025-09-27 00:00:00+00:00,1758931200000.0,0.0001
2025-09-28 00:00:00+00:00,2025-09-28 00:00:00+00:00,1759017600000.0,-4.102e-05
2025-09-29 00:00:00+00:00,2025-09-29 00:00:00+00:00,1759104000000.0,0.0001
2025-09-30 00:00:00+00:00,2025-09-30 00:00:00+00:00,1759190400000.0,0.0001
2025-10-01 00:00:00+00:00,2025-10-01 00:00:00+00:00,1759276800000.0,0.0001
2025-10-02 00:00:00+00:00,2025-10-02 00:00:00+00:00,1759363200000.0,0.0001
2025-10-03 00:00:00+00:00,2025-10-03 00:00:00+00:00,1759449600000.0,0.0001
2025-10-04 00:00:00+00:00,2025-10-04 00:00:00+00:00,1759536000000.0,0.0001
2025-10-05 00:00:00+00:00,2025-10-05 00:00:00+00:00,1759622400000.0,0.0001
2025-10-06 00:00:00+00:00,2025-10-06 00:00:00+00:00,1759708800000.0,0.0001
2025-10-07 00:00:00+00:00,2025-10-07 00:00:00+00:00,1759795200000.0,0.0001
2025-10-08 00:00:00+00:00,2025-10-08 00:00:00+00:00,1759881600000.0,9.94e-06
2025-10-09 00:00:00+00:00,2025-10-09 00:00:00+00:00,1759968000000.0,0.0001
2025-10-10 00:00:00+00:00,2025-10-10 00:00:00+00:00,1760054400000.0,6.768e-05
2025-10-11 00:00:00+00:00,2025-10-11 00:00:00+00:00,1760140800000.0,-0.0058
2025-10-12 00:00:00+00:00,2025-10-12 00:00:00+00:00,1760227200000.0,1.873e-05
2025-10-13 00:00:00+00:00,2025-10-13 00:00:00+00:00,1760313600000.0,7.411e-05
2025-10-14 00:00:00+00:00,2025-10-14 00:00:00+00:00,1760400000000.0,0.0001
2025-10-15 00:00:00+00:00,2025-10-15 00:00:00+00:00,1760486400000.0,-6.296e-05
2025-10-16 00:00:00+00:00,2025-10-16 00:00:00+00:00,1760572800000.0,-8.889e-05
2025-10-17 00:00:00+00:00,2025-10-17 00:00:00+00:00,1760659200000.0,5.441e-05
2025-10-18 00:00:00+00:00,2025-10-18 00:00:00+00:00,1760745600000.0,-2.004e-05
2025-10-19 00:00:00+00:00,2025-10-19 00:00:00+00:00,1760832000000.0,6.357e-05
2025-10-20 00:00:00+00:00,2025-10-20 00:00:00+00:00,1760918400000.0,-5.8e-07
2025-10-21 00:00:00+00:00,2025-10-21 00:00:00+00:00,1761004800000.0,7.513e-05
2025-10-22 00:00:00+00:00,2025-10-22 00:00:00+00:00,1761091200000.0,-3.456e-05
2025-10-23 00:00:00+00:00,2025-10-23 00:00:00+00:00,1761177600000.0,-1.403e-05
2025-10-24 00:00:00+00:00,2025-10-24 00:00:00+00:00,1761264000000.0,1.055e-05
2025-10-25 00:00:00+00:00,2025-10-25 00:00:00+00:00,1761350400000.0,7.802e-05
2025-10-26 00:00:00+00:00,2025-10-26 00:00:00+00:00,1761436800000.0,0.0001
2025-10-27 00:00:00+00:00,2025-10-27 00:00:00+00:00,1761523200000.0,0.0001
2025-10-28 00:00:00+00:00,2025-10-28 00:00:00+00:00,1761609600000.0,0.0001
2025-10-29 00:00:00+00:00,2025-10-29 00:00:00+00:00,1761696000000.0,-4.712e-05
2025-10-30 00:00:00+00:00,2025-10-30 00:00:00+00:00,1761782400000.0,2.59e-06
2025-10-31 00:00:00+00:00,2025-10-31 00:00:00+00:00,1761868800000.0,-5.847e-05
2025-11-01 00:00:00+00:00,2025-11-01 00:00:00+00:00,1761955200000.0,-1.103e-05
2025-11-02 00:00:00+00:00,2025-11-02 00:00:00+00:00,1762041600000.0,0.0001
2025-11-03 00:00:00+00:00,2025-11-03 00:00:00+00:00,1762128000000.0,2.059e-05
2025-11-04 00:00:00+00:00,2025-11-04 00:00:00+00:00,1762214400000.0,-5.471e-05
2025-11-05 00:00:00+00:00,2025-11-05 00:00:00+00:00,1762300800000.0,1.964e-05
2025-11-06 00:00:00+00:00,2025-11-06 00:00:00+00:00,1762387200000.0,5.64e-05
2025-11-07 00:00:00+00:00,2025-11-07 00:00:00+00:00,1762473600000.0,-6.369e-05
2025-11-08 00:00:00+00:00,2025-11-08 00:00:00+00:00,1762560000000.0,0.0001
2025-11-09 00:00:00+00:00,2025-11-09 00:00:00+00:00,1762646400000.0,-3.566e-05
2025-11-10 00:00:00+00:00,2025-11-10 00:00:00+00:00,1762732800000.0,0.0001
2025-11-11 00:00:00+00:00,2025-11-11 00:00:00+00:00,1762819200000.0,5.178e-05
2025-11-12 00:00:00+00:00,2025-11-12 00:00:00+00:00,1762905600000.0,-8.85e-06
2025-11-13 00:00:00+00:00,2025-11-13 00:00:00+00:00,1762992000000.0,-3.983e-05
2025-11-14 00:00:00+00:00,2025-11-14 00:00:00+00:00,1763078400000.0,-0.00010883
2025-11-15 00:00:00+00:00,2025-11-15 00:00:00+00:00,1763164800000.0,7.143e-05
2025-11-16 00:00:00+00:00,2025-11-16 00:00:00+00:00,1763251200000.0,-9.27e-06
2025-11-17 00:00:00+00:00,2025-11-17 00:00:00+00:00,1763337600000.0,8.463e-05
2025-11-18 00:00:00+00:00,2025-11-18 00:00:00+00:00,1763424000000.0,-1.47e-05
2025-11-19 00:00:00+00:00,2025-11-19 00:00:00+00:00,1763510400000.0,0.0001
2025-11-20 00:00:00+00:00,2025-11-20 00:00:00+00:00,1763596800000.0,-4.69e-05
2025-11-21 00:00:00+00:00,2025-11-21 00:00:00+00:00,1763683200000.0,-2.233e-05
2025-11-22 00:00:00+00:00,2025-11-22 00:00:00+00:00,1763769600000.0,-3.048e-05
2025-11-23 00:00:00+00:00,2025-11-23 00:00:00+00:00,1763856000000.0,-2.052e-05
2025-11-24 00:00:00+00:00,2025-11-24 00:00:00+00:00,1763942400000.0,-0.00011047
2025-11-25 00:00:00+00:00,2025-11-25 00:00:00+00:00,1764028800000.0,4.613e-05
2025-11-26 00:00:00+00:00,2025-11-26 00:00:00+00:00,1764115200000.0,6.596e-05
2025-11-27 00:00:00+00:00,2025-11-27 00:00:00+00:00,1764201600000.0,0.0001
2025-11-28 00:00:00+00:00,2025-11-28 00:00:00+00:00,1764288000000.0,0.0001
2025-11-29 00:00:00+00:00,2025-11-29 00:00:00+00:00,1764374400000.0,-1.081e-05
2025-11-30 00:00:00+00:00,2025-11-30 00:00:00+00:00,1764460800000.0,7.143e-05
2025-12-01 00:00:00+00:00,2025-12-01 00:00:00+00:00,1764547200000.0,-6.062e-05
2025-12-02 00:00:00+00:00,2025-12-02 00:00:00+00:00,1764633600000.0,0.0001
2025-12-03 00:00:00+00:00,2025-12-03 00:00:00+00:00,1764720000000.0,0.0001
2025-12-04 00:00:00+00:00,2025-12-04 00:00:00+00:00,1764806400000.0,6.702e-05
2025-12-05 00:00:00+00:00,2025-12-05 00:00:00+00:00,1764892800000.0,-3.198e-05
2025-12-06 00:00:00+00:00,2025-12-06 00:00:00+00:00,1764979200000.0,-1.085e-05
2025-12-07 00:00:00+00:00,2025-12-07 00:00:00+00:00,1765065600000.0,-6.228e-05
2025-12-08 00:00:00+00:00,2025-12-08 00:00:00+00:00,1765152000000.0,-3.06e-06
2025-12-09 00:00:00+00:00,2025-12-09 00:00:00+00:00,1765238400000.0,5.875e-05
2025-12-10 00:00:00+00:00,2025-12-10 00:00:00+00:00,1765324800000.0,0.0001
2025-12-11 00:00:00+00:00,2025-12-11 00:00:00+00:00,1765411200000.0,-4.219e-05
2025-12-12 00:00:00+00:00,2025-12-12 00:00:00+00:00,1765497600000.0,0.0001
2025-12-13 00:00:00+00:00,2025-12-13 00:00:00+00:00,1765584000000.0,-8.284e-05
2025-12-14 00:00:00+00:00,2025-12-14 00:00:00+00:00,1765670400000.0,2.69e-06
2025-12-15 00:00:00+00:00,2025-12-15 00:00:00+00:00,1765756800000.0,-6.134e-05
2025-12-16 00:00:00+00:00,2025-12-16 00:00:00+00:00,1765843200000.0,-0.00014637
2025-12-17 00:00:00+00:00,2025-12-17 00:00:00+00:00,1765929600000.0,-9.129e-05
2025-12-18 00:00:00+00:00,2025-12-18 00:00:00+00:00,1766016000000.0,-0.0001739
2025-12-19 00:00:00+00:00,2025-12-19 00:00:00+00:00,1766102400000.0,-2.672e-05
2025-12-20 00:00:00+00:00,2025-12-20 00:00:00+00:00,1766188800000.0,5.415e-05
2025-12-21 00:00:00+00:00,2025-12-21 00:00:00+00:00,1766275200000.0,-4.8e-07
2025-12-22 00:00:00+00:00,2025-12-22 00:00:00+00:00,1766361600000.0,-4.257e-05
2025-12-23 00:00:00+00:00,2025-12-23 00:00:00+00:00,1766448000000.0,-4.698e-05
2025-12-24 00:00:00+00:00,2025-12-24 00:00:00+00:00,1766534400000.0,6.321e-05
2025-12-25 00:00:00+00:00,2025-12-25 00:00:00+00:00,1766620800000.0,1.405e-05
2025-12-26 00:00:00+00:00,2025-12-26 00:00:00+00:00,1766707200000.0,-5.352e-05
2025-12-27 00:00:00+00:00,2025-12-27 00:00:00+00:00,1766793600000.0,5.417e-05
2025-12-28 00:00:00+00:00,2025-12-28 00:00:00+00:00,1766880000000.0,0.0001
2025-12-29 00:00:00+00:00,2025-12-29 00:00:00+00:00,1766966400000.0,3.565e-05
2025-12-30 00:00:00+00:00,2025-12-30 00:00:00+00:00,1767052800000.0,-7.366e-05
2025-12-31 00:00:00+00:00,2025-12-31 00:00:00+00:00,1767139200000.0,3.245e-05
2026-01-01 00:00:00+00:00,2026-01-01 00:00:00+00:00,1767225600000.0,-3.024e-05
2026-01-02 00:00:00+00:00,2026-01-02 00:00:00+00:00,1767312000000.0,8.412e-05
2026-01-03 00:00:00+00:00,2026-01-03 00:00:00+00:00,1767398400000.0,0.0001
2026-01-04 00:00:00+00:00,2026-01-04 00:00:00+00:00,1767484800000.0,-4.785e-05
2026-01-05 00:00:00+00:00,2026-01-05 00:00:00+00:00,1767571200000.0,2.557e-05
2026-01-06 00:00:00+00:00,2026-01-06 00:00:00+00:00,1767657600000.0,0.0001
2026-01-07 00:00:00+00:00,2026-01-07 00:00:00+00:00,1767744000000.0,2.619e-05
2026-01-08 00:00:00+00:00,2026-01-08 00:00:00+00:00,1767830400000.0,7.166e-05
2026-01-09 00:00:00+00:00,2026-01-09 00:00:00+00:00,1767916800000.0,-3.83e-05
2026-01-10 00:00:00+00:00,2026-01-10 00:00:00+00:00,1768003200000.0,-4.61e-06
2026-01-11 00:00:00+00:00,2026-01-11 00:00:00+00:00,1768089600000.0,4.498e-05
2026-01-12 00:00:00+00:00,2026-01-12 00:00:00+00:00,1768176000000.0,-5.214e-05
2026-01-13 00:00:00+00:00,2026-01-13 00:00:00+00:00,1768262400000.0,-4.326e-05
2026-01-14 00:00:00+00:00,2026-01-14 00:00:00+00:00,1768348800000.0,0.0001
2026-01-15 00:00:00+00:00,2026-01-15 00:00:00+00:00,1768435200000.0,7.199e-05
2026-01-16 00:00:00+00:00,2026-01-16 00:00:00+00:00,1768521600000.0,-2.215e-05
2026-01-17 00:00:00+00:00,2026-01-17 00:00:00+00:00,1768608000000.0,0.0001
2026-01-18 00:00:00+00:00,2026-01-18 00:00:00+00:00,1768694400000.0,0.0001
2026-01-19 00:00:00+00:00,2026-01-19 00:00:00+00:00,1768780800000.0,4.778e-05
2026-01-20 00:00:00+00:00,2026-01-20 00:00:00+00:00,1768867200000.0,0.0001
2026-01-21 00:00:00+00:00,2026-01-21 00:00:00+00:00,1768953600000.0,8.59e-06
2026-01-22 00:00:00+00:00,2026-01-22 00:00:00+00:00,1769040000000.0,0.0001
2026-01-23 00:00:00+00:00,2026-01-23 00:00:00+00:00,1769126400000.0,3.518e-05
2026-01-24 00:00:00+00:00,2026-01-24 00:00:00+00:00,1769212800000.0,0.0001
2026-01-25 00:00:00+00:00,2026-01-25 00:00:00+00:00,1769299200000.0,1.055e-05
2026-01-26 00:00:00+00:00,2026-01-26 00:00:00+00:00,1769385600000.0,-6.061e-05
2026-01-27 00:00:00+00:00,2026-01-27 00:00:00+00:00,1769472000000.0,2.681e-05
2026-01-28 00:00:00+00:00,2026-01-28 00:00:00+00:00,1769558400000.0,0.0001
2026-01-29 00:00:00+00:00,2026-01-29 00:00:00+00:00,1769644800000.0,4.837e-05
2026-01-30 00:00:00+00:00,2026-01-30 00:00:00+00:00,1769731200000.0,-8.563e-05
2026-01-31 00:00:00+00:00,2026-01-31 00:00:00+00:00,1769817600000.0,-9.125e-05
2026-02-01 00:00:00+00:00,2026-02-01 00:00:00+00:00,1769904000000.0,-5.923e-05
2026-02-02 00:00:00+00:00,2026-02-02 00:00:00+00:00,1769990400000.0,1.273e-05
2026-02-03 00:00:00+00:00,2026-02-03 00:00:00+00:00,1770076800000.0,-1.982e-05
2026-02-04 00:00:00+00:00,2026-02-04 00:00:00+00:00,1770163200000.0,9.369e-05
2026-02-05 00:00:00+00:00,2026-02-05 00:00:00+00:00,1770249600000.0,2e-07
2026-02-06 00:00:00+00:00,2026-02-06 00:00:00+00:00,1770336000000.0,-7.656e-05
2026-02-07 00:00:00+00:00,2026-02-07 00:00:00+00:00,1770422400000.0,-0.00018588
2026-02-08 00:00:00+00:00,2026-02-08 00:00:00+00:00,1770508800000.0,-2.812e-05
2026-02-09 00:00:00+00:00,2026-02-09 00:00:00+00:00,1770595200000.0,-0.0001535
2026-02-10 00:00:00+00:00,2026-02-10 00:00:00+00:00,1770681600000.0,-1.684e-05
2026-02-11 00:00:00+00:00,2026-02-11 00:00:00+00:00,1770768000000.0,-0.00011846
2026-02-12 00:00:00+00:00,2026-02-12 00:00:00+00:00,1770854400000.0,8.073e-05
2026-02-13 00:00:00+00:00,2026-02-13 00:00:00+00:00,1770940800000.0,-4.64e-06
2026-02-14 00:00:00+00:00,2026-02-14 00:00:00+00:00,1771027200000.0,-4.649e-05
2026-02-15 00:00:00+00:00,2026-02-15 00:00:00+00:00,1771113600000.0,-7.987e-05
2026-02-16 00:00:00+00:00,2026-02-16 00:00:00+00:00,1771200000000.0,-7.948e-05
2026-02-17 00:00:00+00:00,2026-02-17 00:00:00+00:00,1771286400000.0,-2.887e-05
2026-02-18 00:00:00+00:00,2026-02-18 00:00:00+00:00,1771372800000.0,-1.546e-05
2026-02-19 00:00:00+00:00,2026-02-19 00:00:00+00:00,1771459200000.0,1.364e-05
2026-02-20 00:00:00+00:00,2026-02-20 00:00:00+00:00,1771545600000.0,8.915e-05
2026-02-21 00:00:00+00:00,2026-02-21 00:00:00+00:00,1771632000000.0,1.93e-06
2026-02-22 00:00:00+00:00,2026-02-22 00:00:00+00:00,1771718400000.0,2.829e-05
2026-02-23 00:00:00+00:00,2026-02-23 00:00:00+00:00,1771804800000.0,-7.981e-05
2026-02-24 00:00:00+00:00,2026-02-24 00:00:00+00:00,1771891200000.0,-3.201e-05
2026-02-25 00:00:00+00:00,2026-02-25 00:00:00+00:00,1771977600000.0,3.16e-05
2026-02-26 00:00:00+00:00,2026-02-26 00:00:00+00:00,1772064000000.0,0.0001
2026-02-27 00:00:00+00:00,2026-02-27 00:00:00+00:00,1772150400000.0,-1.417e-05
2026-02-28 00:00:00+00:00,2026-02-28 00:00:00+00:00,1772236800000.0,-9.315e-05
2026-03-01 00:00:00+00:00,2026-03-01 00:00:00+00:00,1772323200000.0,-4.037e-05
2026-03-02 00:00:00+00:00,2026-03-02 00:00:00+00:00,1772409600000.0,-3.093e-05
2026-03-03 00:00:00+00:00,2026-03-03 00:00:00+00:00,1772496000000.0,1.221e-05
2026-03-04 00:00:00+00:00,2026-03-04 00:00:00+00:00,1772582400000.0,2.061e-05
2026-03-05 00:00:00+00:00,2026-03-05 00:00:00+00:00,1772668800000.0,0.0001
2026-03-06 00:00:00+00:00,2026-03-06 00:00:00+00:00,1772755200000.0,1.7e-06
2026-03-07 00:00:00+00:00,2026-03-07 00:00:00+00:00,1772841600000.0,-6.683e-05
2026-03-08 00:00:00+00:00,2026-03-08 00:00:00+00:00,1772928000000.0,-0.00010297
2026-03-09 00:00:00+00:00,2026-03-09 00:00:00+00:00,1773014400000.0,-8.532e-05
2026-03-10 00:00:00+00:00,2026-03-10 00:00:00+00:00,1773100800000.0,6.986e-05
2026-03-11 00:00:00+00:00,2026-03-11 00:00:00+00:00,1773187200000.0,-2.954e-05
2026-03-12 00:00:00+00:00,2026-03-12 00:00:00+00:00,1773273600000.0,6.971e-05
2026-03-13 00:00:00+00:00,2026-03-13 00:00:00+00:00,1773360000000.0,1.942e-05
2026-03-14 00:00:00+00:00,2026-03-14 00:00:00+00:00,1773446400000.0,-6.152e-05
2026-03-15 00:00:00+00:00,2026-03-15 00:00:00+00:00,1773532800000.0,-8.659e-05
2026-03-16 00:00:00+00:00,2026-03-16 00:00:00+00:00,1773619200000.0,0.0001
2026-03-17 00:00:00+00:00,2026-03-17 00:00:00+00:00,1773705600000.0,5.45e-06
2026-03-18 00:00:00+00:00,2026-03-18 00:00:00+00:00,1773792000000.0,3.659e-05
2026-03-19 00:00:00+00:00,2026-03-19 00:00:00+00:00,1773878400000.0,9.54e-06
2026-03-20 00:00:00+00:00,2026-03-20 00:00:00+00:00,1773964800000.0,-6.871e-05
2026-03-21 00:00:00+00:00,2026-03-21 00:00:00+00:00,1774051200000.0,9.705e-05
2026-03-22 00:00:00+00:00,2026-03-22 00:00:00+00:00,1774137600000.0,-7.815e-05
2026-03-23 00:00:00+00:00,2026-03-23 00:00:00+00:00,1774224000000.0,2.841e-05
2026-03-24 00:00:00+00:00,2026-03-24 00:00:00+00:00,1774310400000.0,9.093e-05
2026-03-25 00:00:00+00:00,2026-03-25 00:00:00+00:00,1774396800000.0,-6.812e-05
2026-03-26 00:00:00+00:00,2026-03-26 00:00:00+00:00,1774483200000.0,-1.041e-05
2026-03-27 00:00:00+00:00,2026-03-27 00:00:00+00:00,1774569600000.0,-4.411e-05
2026-03-28 00:00:00+00:00,2026-03-28 00:00:00+00:00,1774656000000.0,-4.704e-05
2026-03-29 00:00:00+00:00,2026-03-29 00:00:00+00:00,1774742400000.0,-5.7e-06
2026-03-30 00:00:00+00:00,2026-03-30 00:00:00+00:00,1774828800000.0,-6.763e-05
2026-03-31 00:00:00+00:00,2026-03-31 00:00:00+00:00,1774915200000.0,0.0001
2026-04-01 00:00:00+00:00,2026-04-01 00:00:00+00:00,1775001600000.0,4.553e-05
2026-04-02 00:00:00+00:00,2026-04-02 00:00:00+00:00,1775088000000.0,8.77e-05
2026-04-03 00:00:00+00:00,2026-04-03 00:00:00+00:00,1775174400000.0,-2.377e-05
2026-04-04 00:00:00+00:00,2026-04-04 00:00:00+00:00,1775260800000.0,1.948e-05
2026-04-05 00:00:00+00:00,2026-04-05 00:00:00+00:00,1775347200000.0,-4.95e-05
2026-04-06 00:00:00+00:00,2026-04-06 00:00:00+00:00,1775433600000.0,-2.661e-05
2026-04-07 00:00:00+00:00,2026-04-07 00:00:00+00:00,1775520000000.0,2.409e-05
2026-04-08 00:00:00+00:00,2026-04-08 00:00:00+00:00,1775606400000.0,7.614e-05
2026-04-09 00:00:00+00:00,2026-04-09 00:00:00+00:00,1775692800000.0,1.824e-05
2026-04-10 00:00:00+00:00,2026-04-10 00:00:00+00:00,1775779200000.0,6.43e-05
2026-04-11 00:00:00+00:00,2026-04-11 00:00:00+00:00,1775865600000.0,0.0001
2026-04-12 00:00:00+00:00,2026-04-12 00:00:00+00:00,1775952000000.0,0.0001
2026-04-13 00:00:00+00:00,2026-04-13 00:00:00+00:00,1776038400000.0,-5.221e-05
2026-04-14 00:00:00+00:00,2026-04-14 00:00:00+00:00,1776124800000.0,0.0001
2026-04-15 00:00:00+00:00,2026-04-15 00:00:00+00:00,1776211200000.0,-6.36e-06
2026-04-16 00:00:00+00:00,2026-04-16 00:00:00+00:00,1776297600000.0,0.0001
2026-04-17 00:00:00+00:00,2026-04-17 00:00:00+00:00,1776384000000.0,6.111e-05
2026-04-18 00:00:00+00:00,2026-04-18 00:00:00+00:00,1776470400000.0,1.713e-05
2026-04-19 00:00:00+00:00,2026-04-19 00:00:00+00:00,1776556800000.0,6.157e-05
2026-04-20 00:00:00+00:00,2026-04-20 00:00:00+00:00,1776643200000.0,1.62e-06
2026-04-21 00:00:00+00:00,2026-04-21 00:00:00+00:00,1776729600000.0,1.793e-05
2026-04-22 00:00:00+00:00,2026-04-22 00:00:00+00:00,1776816000000.0,5.732e-05
2026-04-23 00:00:00+00:00,2026-04-23 00:00:00+00:00,1776902400000.0,-1.299e-05
2026-04-24 00:00:00+00:00,2026-04-24 00:00:00+00:00,1776988800000.0,6.968e-05
2026-04-25 00:00:00+00:00,2026-04-25 00:00:00+00:00,1777075200000.0,7.868e-05
2026-04-26 00:00:00+00:00,2026-04-26 00:00:00+00:00,1777161600000.0,2.81e-05
2026-04-27 00:00:00+00:00,2026-04-27 00:00:00+00:00,1777248000000.0,2.877e-05
2026-04-28 00:00:00+00:00,2026-04-28 00:00:00+00:00,1777334400000.0,6.57e-05
2026-04-29 00:00:00+00:00,2026-04-29 00:00:00+00:00,1777420800000.0,3.865e-05
2026-04-30 00:00:00+00:00,2026-04-30 00:00:00+00:00,1777507200000.0,7.553e-05
2026-05-01 00:00:00+00:00,2026-05-01 00:00:00+00:00,1777593600000.0,2.368e-05
2026-05-02 00:00:00+00:00,2026-05-02 00:00:00+00:00,1777680000000.0,1.425e-05
2026-05-03 00:00:00+00:00,2026-05-03 00:00:00+00:00,1777766400000.0,-6.94e-06
2026-05-04 00:00:00+00:00,2026-05-04 00:00:00+00:00,1777852800000.0,3.6e-07
2026-05-05 00:00:00+00:00,2026-05-05 00:00:00+00:00,1777939200000.0,7.527e-05
2026-05-06 00:00:00+00:00,2026-05-06 00:00:00+00:00,1778025600000.0,9.649e-05
2026-05-07 00:00:00+00:00,2026-05-07 00:00:00+00:00,1778112000000.0,-0.00016653
2026-05-08 00:00:00+00:00,2026-05-08 00:00:00+00:00,1778198400000.0,-7.308e-05
2026-05-09 00:00:00+00:00,2026-05-09 00:00:00+00:00,1778284800000.0,8.166e-05
2026-05-10 00:00:00+00:00,2026-05-10 00:00:00+00:00,1778371200000.0,3.761e-05
2026-05-11 00:00:00+00:00,2026-05-11 00:00:00+00:00,1778457600000.0,0.0001
2026-05-12 00:00:00+00:00,2026-05-12 00:00:00+00:00,1778544000000.0,1.471e-05
2026-05-13 00:00:00+00:00,2026-05-13 00:00:00+00:00,1778630400000.0,-0.00012811
2026-05-14 00:00:00+00:00,2026-05-14 00:00:00+00:00,1778716800000.0,2.216e-05
2026-05-15 00:00:00+00:00,2026-05-15 00:00:00+00:00,1778803200000.0,0.0001
2026-05-16 00:00:00+00:00,2026-05-16 00:00:00+00:00,1778889600000.0,-7.745e-05
2026-05-17 00:00:00+00:00,2026-05-17 00:00:00+00:00,1778976000000.0,-5.983e-05
2026-05-18 00:00:00+00:00,2026-05-18 00:00:00+00:00,1779062400000.0,3.014e-05
2026-05-19 00:00:00+00:00,2026-05-19 00:00:00+00:00,1779148800000.0,8.067e-05
2026-05-20 00:00:00+00:00,2026-05-20 00:00:00+00:00,1779235200000.0,0.0001
2026-05-21 00:00:00+00:00,2026-05-21 00:00:00+00:00,1779321600000.0,1.862e-05
2026-05-22 00:00:00+00:00,2026-05-22 00:00:00+00:00,1779408000000.0,3.919e-05
2026-05-23 00:00:00+00:00,2026-05-23 00:00:00+00:00,1779494400000.0,3.778e-05
2026-05-24 00:00:00+00:00,2026-05-24 00:00:00+00:00,1779580800000.0,1.276e-05
2026-05-25 00:00:00+00:00,2026-05-25 00:00:00+00:00,1779667200000.0,-5.597e-05
2026-05-26 00:00:00+00:00,2026-05-26 00:00:00+00:00,1779753600000.0,2.447e-05
2026-05-27 00:00:00+00:00,2026-05-27 00:00:00+00:00,1779840000000.0,-0.00010234
2026-05-28 00:00:00+00:00,2026-05-28 00:00:00+00:00,1779926400000.0,-1.249e-05
2026-05-29 00:00:00+00:00,2026-05-29 00:00:00+00:00,1780012800000.0,4.02e-06
2026-05-30 00:00:00+00:00,2026-05-30 00:00:00+00:00,1780099200000.0,8.725e-05
2026-05-31 00:00:00+00:00,2026-05-31 00:00:00+00:00,1780185600000.0,2.915e-05
2026-06-01 00:00:00+00:00,2026-06-01 00:00:00+00:00,1780272000000.0,-6.316e-05
2026-06-02 00:00:00+00:00,2026-06-02 00:00:00+00:00,1780358400000.0,4.726e-05
2026-06-03 00:00:00+00:00,2026-06-03 00:00:00+00:00,1780444800000.0,-0.00016656
2026-06-04 00:00:00+00:00,2026-06-04 00:00:00+00:00,1780531200000.0,-3.341e-05
2026-06-05 00:00:00+00:00,2026-06-05 00:00:00+00:00,1780617600000.0,8.98e-06
2026-06-06 00:00:00+00:00,2026-06-06 00:00:00+00:00,1780704000000.0,-2.884e-05
2026-06-07 00:00:00+00:00,2026-06-07 00:00:00+00:00,1780790400000.0,-8.36e-05
2026-06-08 00:00:00+00:00,2026-06-08 00:00:00+00:00,1780876800000.0,-2.24e-05
2026-06-09 00:00:00+00:00,2026-06-09 00:00:00+00:00,1780963200000.0,-0.00012152
2026-06-10 00:00:00+00:00,2026-06-10 00:00:00+00:00,1781049600000.0,1.603e-05
2026-06-11 00:00:00+00:00,2026-06-11 00:00:00+00:00,1781136000000.0,-4.364e-05
2026-06-12 00:00:00+00:00,2026-06-12 00:00:00+00:00,1781222400000.0,2.381e-05
2026-06-13 00:00:00+00:00,2026-06-13 00:00:00+00:00,1781308800000.0,-9.071e-05
2026-06-14 00:00:00+00:00,2026-06-14 00:00:00+00:00,1781395200000.0,-0.00010851
2026-06-15 00:00:00+00:00,2026-06-15 00:00:00+00:00,1781481600000.0,-5.88e-06
2026-06-16 00:00:00+00:00,2026-06-16 00:00:00+00:00,1781568000000.0,5.609e-05
2026-06-17 00:00:00+00:00,2026-06-17 00:00:00+00:00,1781654400000.0,5.44e-05
2026-06-18 00:00:00+00:00,2026-06-18 00:00:00+00:00,1781740800000.0,-1.211e-05
2026-06-19 00:00:00+00:00,2026-06-19 00:00:00+00:00,1781827200000.0,6.979e-05
2026-06-20 00:00:00+00:00,2026-06-20 00:00:00+00:00,1781913600000.0,-1.5e-05
2026-06-21 00:00:00+00:00,2026-06-21 00:00:00+00:00,1782000000000.0,6.994e-05
2026-06-22 00:00:00+00:00,2026-06-22 00:00:00+00:00,1782086400000.0,-6.248e-05
2026-06-23 00:00:00+00:00,2026-06-23 00:00:00+00:00,1782172800000.0,-0.0001012
2026-06-24 00:00:00+00:00,2026-06-24 00:00:00+00:00,1782259200000.0,-3.987e-05
2026-06-25 00:00:00+00:00,2026-06-25 00:00:00+00:00,1782345600000.0,-0.00012203
2026-06-26 00:00:00+00:00,2026-06-26 00:00:00+00:00,1782432000000.0,-7.818e-05
2026-06-27 00:00:00+00:00,2026-06-27 00:00:00+00:00,1782518400000.0,6.07e-06
2026-06-28 00:00:00+00:00,2026-06-28 00:00:00+00:00,1782604800000.0,-0.00013292
2026-06-29 00:00:00+00:00,2026-06-29 00:00:00+00:00,1782691200000.0,-5.749e-05
2026-06-30 00:00:00+00:00,2026-06-30 00:00:00+00:00,1782777600000.0,-1.683e-05
2026-07-01 00:00:00+00:00,2026-07-01 00:00:00+00:00,1782864000000.0,0.0001
2026-07-02 00:00:00+00:00,2026-07-02 00:00:00+00:00,1782950400000.0,-2.058e-05
2026-07-03 00:00:00+00:00,2026-07-03 00:00:00+00:00,1783036800000.0,-8.019e-05
2026-07-04 00:00:00+00:00,2026-07-04 00:00:00+00:00,1783123200000.0,1.466e-05
2026-07-05 00:00:00+00:00,2026-07-05 00:00:00+00:00,1783209600000.0,5.079e-05
2026-07-06 00:00:00+00:00,2026-07-06 00:00:00+00:00,1783296000000.0,-2.502e-05
2026-07-07 00:00:00+00:00,2026-07-07 00:00:00+00:00,1783382400000.0,7.026e-05
2026-07-08 00:00:00+00:00,2026-07-08 00:00:00+00:00,1783468800000.0,-2.62e-06
2026-07-09 00:00:00+00:00,2026-07-09 00:00:00+00:00,1783555200000.0,6.637e-05
2026-07-10 00:00:00+00:00,2026-07-10 00:00:00+00:00,1783641600000.0,4.696e-05
2026-07-11 00:00:00+00:00,2026-07-11 00:00:00+00:00,1783728000000.0,0.0001
2026-07-12 00:00:00+00:00,2026-07-12 00:00:00+00:00,1783814400000.0,2.177e-05
2026-07-13 00:00:00+00:00,2026-07-13 00:00:00+00:00,1783900800000.0,-2.097e-05
2026-07-14 00:00:00+00:00,2026-07-14 00:00:00+00:00,1783987200000.0,-7.99e-05
2026-07-15 00:00:00+00:00,2026-07-15 00:00:00+00:00,1784073600000.0,0.0001
2026-07-16 00:00:00+00:00,2026-07-16 00:00:00+00:00,1784160000000.0,3.043e-05
2026-07-17 00:00:00+00:00,2026-07-17 00:00:00+00:00,1784246400000.0,-7.352e-05
2026-07-18 00:00:00+00:00,2026-07-18 00:00:00+00:00,1784332800000.0,-6.631e-05
2026-07-19 00:00:00+00:00,2026-07-19 00:00:00+00:00,1784419200000.0,-1.518e-05
2026-07-20 00:00:00+00:00,2026-07-20 00:00:00+00:00,1784505600000.0,1.701e-05
2026-07-21 00:00:00+00:00,2026-07-21 00:00:00+00:00,1784592000000.0,0.0001
2026-07-22 00:00:00+00:00,2026-07-22 00:00:00+00:00,1784678400000.0,0.0001
2026-07-23 00:00:00+00:00,2026-07-23 00:00:00+00:00,1784764800000.0,-6.174e-05
2026-07-24 00:00:00+00:00,2026-07-24 00:00:00+00:00,1784851200000.0,-5.059e-05
2026-07-25 00:00:00+00:00,2026-07-25 00:00:00+00:00,1784937600000.0,-0.00011139
2026-07-26 00:00:00+00:00,2026-07-26 00:00:00+00:00,1785024000000.0,2.183e-05
2026-07-27 00:00:00+00:00,2026-07-27 00:00:00+00:00,1785110400000.0,5.382e-05
2026-07-28 00:00:00+00:00,2026-07-28 00:00:00+00:00,1785196800000.0,-6.287e-05
2026-07-29 00:00:00+00:00,2026-07-29 00:00:00+00:00,1785283200000.0,-7.495e-05
2026-07-30 00:00:00+00:00,2026-07-30 00:00:00+00:00,1785369600000.0,0.0001
2026-07-31 00:00:00+00:00,2026-07-31 00:00:00+00:00,1785456000000.0,6.773e-05
2026-08-01 00:00:00+00:00,2026-08-01 00:00:00+00:00,1785542400000.0,-5.265e-05
2026-08-02 00:00:00+00:00,2026-08-02 00:00:00+00:00,1785628800000.0,-5.631e-05
2026-08-03 00:00:00+00:00,2026-08-03 00:00:00+00:00,1785715200000.0,0.0001
2026-08-04 00:00:00+00:00,2026-08-04 00:00:00+00:00,1785801600000.0,8.915e-05
2026-08-05 00:00:00+00:00,2026-08-05 00:00:00+00:00,1785888000000.0,-1.552e-05
2026-08-06 00:00:00+00:00,2026-08-06 00:00:00+00:00,1785974400000.0,-8.16e-06
2026-08-07 00:00:00+00:00,2026-08-07 00:00:00+00:00,1786060800000.0,-7.609e-05
2026-08-08 00:00:00+00:00,2026-08-08 00:00:00+00:00,1786147200000.0,-4.806e-05
2026-08-09 00:00:00+00:00,2026-08-09 00:00:00+00:00,1786233600000.0,7.644e-05
2026-08-10 00:00:00+00:00,2026-08-10 00:00:00+00:00,1786320000000.0,0.0001
2026-08-11 00:00:00+00:00,2026-08-11 00:00:00+00:00,1786406400000.0,-4.324e-05
2026-08-12 00:00:00+00:00,2026-08-12 00:00:00+00:00,1786492800000.0,0.0001
2026-08-13 00:00:00+00:00,2026-08-13 00:00:00+00:00,1786579200000.0,4.803e-05
2026-08-14 00:00:00+00:00,2026-08-14 00:00:00+00:00,1786665600000.0,4.895e-05
2026-08-15 00:00:00+00:00,2026-08-15 00:00:00+00:00,1786752000000.0,2.53e-06
2026-08-16 00:00:00+00:00,2026-08-16 00:00:00+00:00,1786838400000.0,1.692e-05
2026-08-17 00:00:00+00:00,2026-08-17 00:00:00+00:00,1786924800000.0,-1.463e-05
2026-08-18 00:00:00+00:00,2026-08-18 00:00:00+00:00,1787011200000.0,3.65e-05
2026-08-19 00:00:00+00:00,2026-08-19 00:00:00+00:00,1787097600000.0,5.07e-05
2026-08-20 00:00:00+00:00,2026-08-20 00:00:00+00:00,1787184000000.0,0.0001
2026-08-21 00:00:00+00:00,2026-08-21 00:00:00+00:00,1787270400000.0,0.0001
2026-08-22 00:00:00+00:00,2026-08-22 00:00:00+00:00,1787356800000.0,0.0001
2026-08-23 00:00:00+00:00,2026-08-23 00:00:00+00:00,1787443200000.0,0.0001
2026-08-24 00:00:00+00:00,2026-08-24 00:00:00+00:00,1787529600000.0,0.0001
