date,funding_rate_last,funding_rate_mean,funding_rate_sum,event_count
2021-05-13 00:00:00+00:00,0.0001,0.0001,0.0001,1
2021-05-14 00:00:00+00:00,0.0001,0.0001,0.00030000000000000003,3
2021-05-15 00:00:00+00:00,0.00020199,0.00017985333333333335,0.00053956,3
2021-05-16 00:00:00+00:00,0.00090232,0.0007123333333333334,0.002137,3
2021-05-17 00:00:00+00:00,0.00022636,0.0005870433333333334,0.00176113,3
2021-05-18 00:00:00+00:00,0.00062297,0.00052687,0.00158061,3
2021-05-19 00:00:00+00:00,0.00026522,0.0007033933333333333,0.00211018,3
2021-05-20 00:00:00+00:00,-0.00011322,-0.0014624233333333332,-0.0043872699999999995,3
2021-05-21 00:00:00+00:00,0.00014751,0.00011583666666666666,0.00034751,3
2021-05-22 00:00:00+00:00,0.0001,0.00017573333333333334,0.0005272,3
2021-05-23 00:00:00+00:00,0.0001,0.0001,0.00030000000000000003,3
2021-05-24 00:00:00+00:00,0.0001,-3.109666666666667e-05,-9.329000000000001e-05,3
2021-05-25 00:00:00+00:00,0.0001,0.0001,0.00030000000000000003,3
2021-05-26 00:00:00+00:00,0.0001,0.0001,0.00030000000000000003,3
2021-05-27 00:00:00+00:00,0.0001,0.00011002000000000001,0.00033006,3
2021-05-28 00:00:00+00:00,0.0001,0.00010104666666666668,0.00030314000000000003,3
2021-05-29 00:00:00+00:00,0.00032268,0.00012032666666666667,0.00036098,3
2021-05-30 00:00:00+00:00,6.279e-05,8.759666666666666e-05,0.00026279,3
2021-05-31 00:00:00+00:00,0.0001,0.0001,0.00030000000000000003,3
2021-06-01 00:00:00+00:00,0.0001,0.0001,0.00030000000000000003,3
2021-06-02 00:00:00+00:00,0.0001,0.0001,0.00030000000000000003,3
2021-06-03 00:00:00+00:00,0.00012453,0.00010817666666666667,0.00032453,3
2021-06-04 00:00:00+00:00,0.0001,0.00023035666666666667,0.00069107,3
2021-06-05 00:00:00+00:00,0.0001,0.0001,0.00030000000000000003,3
2021-06-06 00:00:00+00:00,0.0001,0.0001,0.00030000000000000003,3
2021-06-07 00:00:00+00:00,0.0001,0.0001,0.00030000000000000003,3
2021-06-08 00:00:00+00:00,-0.00011371,2.876333333333334e-05,8.629000000000002e-05,3
2021-06-09 00:00:00+00:00,-2.758e-05,5.747333333333334e-05,0.00017242,3
2021-06-10 00:00:00+00:00,0.00010906,0.00010302,0.00030906,3
2021-06-11 00:00:00+00:00,0.0001,0.0001,0.00030000000000000003,3
2021-06-12 00:00:00+00:00,0.0001,0.0001,0.00030000000000000003,3
2021-06-13 00:00:00+00:00,0.0001,0.0001,0.00030000000000000003,3
2021-06-14 00:00:00+00:00,0.0001,0.0001,0.00030000000000000003,3
2021-06-15 00:00:00+00:00,0.0001,0.0001,0.00030000000000000003,3
2021-06-16 00:00:00+00:00,0.0001,0.0001,0.00030000000000000003,3
2021-06-17 00:00:00+00:00,0.0001,0.0001,0.00030000000000000003,3
2021-06-18 00:00:00+00:00,0.0001,0.0001,0.00030000000000000003,3
2021-06-19 00:00:00+00:00,0.0001,0.0001,0.00030000000000000003,3
2021-06-20 00:00:00+00:00,1.25e-05,7.149666666666668e-05,0.00021449000000000001,3
2021-06-21 00:00:00+00:00,0.0001,0.0001,0.00030000000000000003,3
2021-06-22 00:00:00+00:00,-0.00037695,-5.898333333333332e-05,-0.00017694999999999996,3
2021-06-23 00:00:00+00:00,-0.0003464,-0.0003406866666666667,-0.00102206,3
2021-06-24 00:00:00+00:00,-0.00014509,-0.00020133,-0.00060399,3
2021-06-25 00:00:00+00:00,0.0001,0.0001,0.00030000000000000003,3
2021-06-26 00:00:00+00:00,9.444e-05,6.844e-05,0.00020532,3
2021-06-27 00:00:00+00:00,-7.443e-05,-0.00022534,-0.00067602,3
2021-06-28 00:00:00+00:00,0.0001,0.0001,0.00030000000000000003,3
2021-06-29 00:00:00+00:00,0.0001,0.0001,0.00030000000000000003,3
2021-06-30 00:00:00+00:00,0.0001,0.0001,0.00030000000000000003,3
2021-07-01 00:00:00+00:00,0.0001,0.0001,0.00030000000000000003,3
2021-07-02 00:00:00+00:00,0.0001,0.0001,0.00030000000000000003,3
2021-07-03 00:00:00+00:00,4.131e-05,8.043666666666667e-05,0.00024131,3
2021-07-04 00:00:00+00:00,0.0001,7.72e-05,0.00023160000000000002,3
2021-07-05 00:00:00+00:00,0.0001,0.0001,0.00030000000000000003,3
2021-07-06 00:00:00+00:00,-1.216e-05,6.261333333333334e-05,0.00018784000000000002,3
2021-07-07 00:00:00+00:00,0.0001,9.610666666666667e-05,0.00028832,3
2021-07-08 00:00:00+00:00,0.0001,0.0001,0.00030000000000000003,3
2021-07-09 00:00:00+00:00,2.17e-06,6.292333333333333e-05,0.00018877,3
2021-07-10 00:00:00+00:00,0.0001,9.255666666666667e-05,0.00027767,3
2021-07-11 00:00:00+00:00,0.0001,0.0001,0.00030000000000000003,3
2021-07-12 00:00:00+00:00,3.972e-05,7.990666666666667e-05,0.00023972000000000002,3
2021-07-13 00:00:00+00:00,0.0001,0.0001,0.00030000000000000003,3
2021-07-14 00:00:00+00:00,0.0001,0.0001,0.00030000000000000003,3
2021-07-15 00:00:00+00:00,0.0001,6.107e-05,0.00018321,3
2021-07-16 00:00:00+00:00,0.0001,0.0001,0.00030000000000000003,3
2021-07-17 00:00:00+00:00,0.0001,0.0001,0.00030000000000000003,3
2021-07-18 00:00:00+00:00,0.0001,0.0001,0.00030000000000000003,3
2021-07-19 00:00:00+00:00,0.0001,0.0001,0.00030000000000000003,3
2021-07-20 00:00:00+00:00,6.631e-05,8.877e-05,0.00026631,3
2021-07-21 00:00:00+00:00,-0.0003949,-0.00017876666666666666,-0.0005363,3
2021-07-22 00:00:00+00:00,0.0001,-0.00015287,-0.00045861,3
2021-07-23 00:00:00+00:00,0.0001,0.0001,0.00030000000000000003,3
2021-07-24 00:00:00+00:00,0.0001,0.0001,0.00030000000000000003,3
2021-07-25 00:00:00+00:00,0.0001,0.0001,0.00030000000000000003,3
2021-07-26 00:00:00+00:00,0.0001,0.0001,0.00030000000000000003,3
2021-07-27 00:00:00+00:00,0.0001,0.00010187666666666667,0.00030563,3
2021-07-28 00:00:00+00:00,0.0001,0.0001,0.00030000000000000003,3
2021-07-29 00:00:00+00:00,0.0001,0.0001,0.00030000000000000003,3
2021-07-30 00:00:00+00:00,0.0001,0.0001,0.00030000000000000003,3
2021-07-31 00:00:00+00:00,0.0001,0.0001,0.00030000000000000003,3
2021-08-01 00:00:00+00:00,0.0001,0.0001,0.00030000000000000003,3
2021-08-02 00:00:00+00:00,0.0001,0.00010075,0.00030225,3
2021-08-03 00:00:00+00:00,0.0001,0.0001,0.00030000000000000003,3
2021-08-04 00:00:00+00:00,0.0001,0.00016200333333333335,0.00048601000000000004,3
2021-08-05 00:00:00+00:00,0.0001,0.0001,0.00030000000000000003,3
2021-08-06 00:00:00+00:00,0.0001,0.0001,0.00030000000000000003,3
2021-08-07 00:00:00+00:00,0.00011199,0.00011228666666666667,0.00033686,3
2021-08-08 00:00:00+00:00,0.00020713,0.00014903333333333334,0.0004471,3
2021-08-09 00:00:00+00:00,0.00042771,0.0005717766666666666,0.00171533,3
2021-08-10 00:00:00+00:00,0.0002034,0.00016340333333333336,0.00049021,3
2021-08-11 00:00:00+00:00,0.00023501,0.00037181666666666666,0.00111545,3
2021-08-12 00:00:00+00:00,0.00095389,0.00092488,0.00277464,3
2021-08-13 00:00:00+00:00,0.00025419,0.0003268733333333333,0.00098062,3
2021-08-14 00:00:00+00:00,0.00079296,0.000607,0.001821,3
2021-08-15 00:00:00+00:00,0.00094426,0.0009779133333333333,0.00293374,3
2021-08-16 00:00:00+00:00,0.00099662,0.0007795833333333332,0.0023387499999999997,3
2021-08-17 00:00:00+00:00,0.00022293,0.0008068166666666668,0.00242045,3
2021-08-18 00:00:00+00:00,0.00023587,0.00043292,0.00129876,3
2021-08-19 00:00:00+00:00,0.00052992,0.00028585,0.00085755,3
2021-08-20 00:00:00+00:00,0.00052185,0.0004275433333333334,0.00128263,3
2021-08-21 00:00:00+00:00,0.00112384,0.0009244366666666667,0.00277331,3
2021-08-22 00:00:00+00:00,0.00069908,0.0008693966666666668,0.0026081900000000002,3
2021-08-23 00:00:00+00:00,0.00077748,0.00078351,0.00235053,3
2021-08-24 00:00:00+00:00,0.0009416,0.0009494133333333333,0.00284824,3
2021-08-25 00:00:00+00:00,0.00037508,0.0007284333333333333,0.0021853,3
2021-08-26 00:00:00+00:00,0.00031536,0.00023274000000000002,0.00069822,3
2021-08-27 00:00:00+00:00,0.00020248,0.00042860000000000006,0.0012858000000000001,3
2021-08-28 00:00:00+00:00,0.00067175,0.00033643333333333334,0.0010093,3
2021-08-29 00:00:00+00:00,0.00045146,0.0005171,0.0015513,3
2021-08-30 00:00:00+00:00,0.00069504,0.0004818233333333333,0.00144547,3
2021-08-31 00:00:00+00:00,0.00072891,0.0009833733333333334,0.00295012,3
2021-09-01 00:00:00+00:00,0.00045606,0.00039579000000000003,0.00118737,3
2021-09-02 00:00:00+00:00,0.00066794,0.00045217666666666663,0.0013565299999999999,3
2021-09-03 00:00:00+00:00,0.00118519,0.00135738,0.00407214,3
2021-09-04 00:00:00+00:00,0.00139465,0.0011134933333333335,0.0033404800000000003,3
2021-09-05 00:00:00+00:00,0.00142595,0.0014713800000000002,0.00441414,3
2021-09-06 00:00:00+00:00,0.00117166,0.0011554666666666665,0.0034663999999999997,3
2021-09-07 00:00:00+00:00,0.00097955,0.0009414200000000001,0.0028242600000000003,3
2021-09-08 00:00:00+00:00,0.0001,0.00014966666666666665,0.00044899999999999996,3
2021-09-09 00:00:00+00:00,0.0001,0.0001,0.00030000000000000003,3
2021-09-10 00:00:00+00:00,0.00011214,0.00010906333333333333,0.00032719,3
2021-09-11 00:00:00+00:00,0.0001,0.00023225666666666666,0.00069677,3
2021-09-12 00:00:00+00:00,0.0001,0.0001,0.00030000000000000003,3
2021-09-13 00:00:00+00:00,0.0001,-6.86333333333333e-06,-2.058999999999999e-05,3
2021-09-14 00:00:00+00:00,0.0001,0.00022262333333333332,0.00066787,3
2021-09-15 00:00:00+00:00,0.0001,0.0001,0.00030000000000000003,3
2021-09-16 00:00:00+00:00,0.0001,0.0001,0.00030000000000000003,3
2021-09-17 00:00:00+00:00,0.00053554,0.0003808,0.0011424,3
2021-09-18 00:00:00+00:00,0.00038988,0.0004523966666666666,0.0013571899999999999,3
2021-09-19 00:00:00+00:00,0.00026499,0.00023295666666666665,0.00069887,3
2021-09-20 00:00:00+00:00,0.0001,0.0001,0.00030000000000000003,3
2021-09-21 00:00:00+00:00,0.0001,-6.058e-05,-0.00018174,3
2021-09-22 00:00:00+00:00,0.0001,8.875333333333334e-05,0.00026626000000000004,3
2021-09-23 00:00:00+00:00,0.0001,-0.00015179666666666666,-0.00045539,3
2021-09-24 00:00:00+00:00,0.0001,0.0001,0.00030000000000000003,3
2021-09-25 00:00:00+00:00,0.0001,0.0001,0.00030000000000000003,3
2021-09-26 00:00:00+00:00,0.0001,0.0001,0.00030000000000000003,3
2021-09-27 00:00:00+00:00,0.0001,0.0001,0.00030000000000000003,3
2021-09-28 00:00:00+00:00,0.0001,0.0001,0.00030000000000000003,3
2021-09-29 00:00:00+00:00,0.0001,0.00013662,0.00040986,3
2021-09-30 00:00:00+00:00,0.0001,0.0001,0.00030000000000000003,3
2021-10-01 00:00:00+00:00,8.675e-05,9.558333333333333e-05,0.00028675,3
2021-10-02 00:00:00+00:00,0.0001,0.0001,0.00030000000000000003,3
2021-10-03 00:00:00+00:00,0.0001,0.00010895,0.00032685,3
2021-10-04 00:00:00+00:00,0.00034834,0.00019164,0.00057492,3
2021-10-05 00:00:00+00:00,0.00020081,0.00014657666666666666,0.00043973,3
2021-10-06 00:00:00+00:00,0.00049482,0.00035165,0.00105495,3
2021-10-07 00:00:00+00:00,0.00065385,0.0006959433333333332,0.0020878299999999997,3
2021-10-08 00:00:00+00:00,0.00073956,0.0007027366666666667,0.00210821,3
2021-10-09 00:00:00+00:00,0.00065665,0.00085269,0.00255807,3
2021-10-10 00:00:00+00:00,0.00039497,0.0003896433333333334,0.00116893,3
2021-10-11 00:00:00+00:00,0.00062832,0.00049188,0.00147564,3
2021-10-12 00:00:00+00:00,0.00043681,0.0007030166666666666,0.00210905,3
2021-10-13 00:00:00+00:00,0.00036733,0.0002452933333333333,0.00073588,3
2021-10-14 00:00:00+00:00,0.00034361,0.00036688,0.00110064,3
2021-10-15 00:00:00+00:00,0.00084051,0.0007672066666666666,0.00230162,3
2021-10-16 00:00:00+00:00,0.00129924,0.0011815133333333333,0.0035445399999999997,3
2021-10-17 00:00:00+00:00,0.00103779,0.0009746666666666666,0.002924,3
2021-10-18 00:00:00+00:00,0.00036182,0.0007723000000000001,0.0023169,3
2021-10-19 00:00:00+00:00,0.00046402,0.0004082266666666666,0.00122468,3
2021-10-20 00:00:00+00:00,0.00077683,0.0006725699999999999,0.00201771,3
2021-10-21 00:00:00+00:00,0.00157384,0.00130064,0.00390192,3
2021-10-22 00:00:00+00:00,0.00106617,0.00145638,0.00436914,3
2021-10-23 00:00:00+00:00,0.00118245,0.00109694,0.00329082,3
2021-10-24 00:00:00+00:00,0.00135756,0.00104384,0.00313152,3
2021-10-25 00:00:00+00:00,0.00055135,0.0008936033333333334,0.00268081,3
2021-10-26 00:00:00+00:00,0.0013622,0.0011743633333333333,0.00352309,3
2021-10-27 00:00:00+00:00,0.00089715,0.00105322,0.00315966,3
2021-10-28 00:00:00+00:00,0.0001,0.0001,0.00030000000000000003,3
2021-10-29 00:00:00+00:00,0.00025317,0.00015105666666666667,0.00045317,3
2021-10-30 00:00:00+00:00,0.0004266,0.00045033333333333335,0.001351,3
2021-10-31 00:00:00+00:00,0.0005515,0.00035600666666666666,0.00106802,3
2021-11-01 00:00:00+00:00,0.00055383,0.0003172433333333333,0.0009517299999999999,3
2021-11-02 00:00:00+00:00,0.00094368,0.0009188166666666667,0.00275645,3
2021-11-03 00:00:00+00:00,0.00071089,0.0007988066666666666,0.00239642,3
2021-11-04 00:00:00+00:00,0.00071866,0.0005738333333333333,0.0017215,3
2021-11-05 00:00:00+00:00,0.00097568,0.00093927,0.00281781,3
2021-11-06 00:00:00+00:00,0.00124712,0.00132146,0.00396438,3
2021-11-07 00:00:00+00:00,0.00057667,0.0005639,0.0016917,3
2021-11-08 00:00:00+00:00,0.00113759,0.0008473366666666666,0.00254201,3
2021-11-09 00:00:00+00:00,0.00164956,0.00153086,0.00459258,3
2021-11-10 00:00:00+00:00,0.00080561,0.0011677833333333333,0.0035033499999999997,3
2021-11-11 00:00:00+00:00,0.0001,0.0003308566666666666,0.00099257,3
2021-11-12 00:00:00+00:00,0.00011577,0.00010525666666666666,0.00031577,3
2021-11-13 00:00:00+00:00,0.00023267,0.00014475,0.00043425,3
2021-11-14 00:00:00+00:00,0.00041588,0.00026615,0.00079845,3
2021-11-15 00:00:00+00:00,0.00022355,0.00018619,0.00055857,3
2021-11-16 00:00:00+00:00,0.0001,0.00019318000000000002,0.00057954,3
2021-11-17 00:00:00+00:00,0.0001,0.0001,0.00030000000000000003,3
2021-11-18 00:00:00+00:00,0.0001,0.0001,0.00030000000000000003,3
2021-11-19 00:00:00+00:00,0.0001,0.0001,0.00030000000000000003,3
2021-11-20 00:00:00+00:00,0.0001,0.00010525333333333334,0.00031576,3
2021-11-21 00:00:00+00:00,0.00045615,0.0003303933333333333,0.00099118,3
2021-11-22 00:00:00+00:00,0.0002168,0.00030976666666666664,0.0009293,3
2021-11-23 00:00:00+00:00,0.0001,0.00020150666666666667,0.00060452,3
2021-11-24 00:00:00+00:00,0.0004761,0.0003025366666666667,0.0009076100000000001,3
2021-11-25 00:00:00+00:00,0.00066347,0.0005414,0.0016242000000000001,3
2021-11-26 00:00:00+00:00,0.0005286,0.0006325133333333333,0.0018975399999999999,3
2021-11-27 00:00:00+00:00,0.0001,0.0001,0.00030000000000000003,3
2021-11-28 00:00:00+00:00,0.0001,0.0001,0.00030000000000000003,3
2021-11-29 00:00:00+00:00,0.0001,0.0001,0.00030000000000000003,3
2021-11-30 00:00:00+00:00,0.0001,0.0001,0.00030000000000000003,3
2021-12-01 00:00:00+00:00,0.0001,0.0001,0.00030000000000000003,3
2021-12-02 00:00:00+00:00,0.0001,0.0001,0.00030000000000000003,3
2021-12-03 00:00:00+00:00,0.0001,0.0001,0.00030000000000000003,3
2021-12-04 00:00:00+00:00,-0.00103323,-0.0002777433333333333,-0.00083323,3
2021-12-05 00:00:00+00:00,0.0001,-0.00013447666666666669,-0.00040343000000000003,3
2021-12-06 00:00:00+00:00,5.668e-05,8.556e-05,0.00025668,3
2021-12-07 00:00:00+00:00,0.0001,9.690000000000001e-05,0.0002907,3
2021-12-08 00:00:00+00:00,0.0001,0.0001,0.00030000000000000003,3
2021-12-09 00:00:00+00:00,0.0001,0.0001,0.00030000000000000003,3
2021-12-10 00:00:00+00:00,0.0001,0.0001,0.00030000000000000003,3
2021-12-11 00:00:00+00:00,-7.482e-05,4.1726666666666675e-05,0.00012518000000000002,3
2021-12-12 00:00:00+00:00,0.0001,2.9923333333333335e-05,8.977e-05,3
2021-12-13 00:00:00+00:00,0.0001,0.0001,0.00030000000000000003,3
2021-12-14 00:00:00+00:00,2.367e-05,7.455666666666666e-05,0.00022367,3
2021-12-15 00:00:00+00:00,0.0001,0.0001,0.00030000000000000003,3
2021-12-16 00:00:00+00:00,0.0001,0.0001,0.00030000000000000003,3
2021-12-17 00:00:00+00:00,0.0001,0.0001,0.00030000000000000003,3
2021-12-18 00:00:00+00:00,0.0001,0.0001,0.00030000000000000003,3
2021-12-19 00:00:00+00:00,0.0001,0.0001,0.00030000000000000003,3
2021-12-20 00:00:00+00:00,-0.00012877,2.3743333333333337e-05,7.123000000000001e-05,3
2021-12-21 00:00:00+00:00,-2.65e-06,1.4340000000000002e-05,4.3020000000000005e-05,3
2021-12-22 00:00:00+00:00,-6.314e-05,-4.064999999999999e-05,-0.00012194999999999998,3
2021-12-23 00:00:00+00:00,-0.00021352,-0.0003051,-0.0009153,3
2021-12-24 00:00:00+00:00,-0.00080178,-0.0007355899999999999,-0.00220677,3
2021-12-25 00:00:00+00:00,0.0001,-0.0010066033333333334,-0.00301981,3
2021-12-26 00:00:00+00:00,0.0001,0.00016876,0.00050628,3
2021-12-27 00:00:00+00:00,0.0003856,0.0001952,0.0005856,3
2021-12-28 00:00:00+00:00,0.0001,0.00013398666666666667,0.00040196000000000003,3
2021-12-29 00:00:00+00:00,0.0001,0.0001,0.00030000000000000003,3
2021-12-30 00:00:00+00:00,0.0001,0.0001,0.00030000000000000003,3
2021-12-31 00:00:00+00:00,0.0001,0.0001,0.00030000000000000003,3
2022-01-01 00:00:00+00:00,0.0001,0.0001,0.00030000000000000003,3
2022-01-02 00:00:00+00:00,0.0001,0.0001,0.00030000000000000003,3
2022-01-03 00:00:00+00:00,0.0001,0.0001,0.00030000000000000003,3
2022-01-04 00:00:00+00:00,0.0001,0.0001,0.00030000000000000003,3
2022-01-05 00:00:00+00:00,0.0001,0.0001,0.00030000000000000003,3
2022-01-06 00:00:00+00:00,-0.00021066,-3.5533333333333274e-06,-1.0659999999999983e-05,3
2022-01-07 00:00:00+00:00,0.0001,6.312666666666667e-05,0.00018938,3
2022-01-08 00:00:00+00:00,0.0001,0.0001,0.00030000000000000003,3
2022-01-09 00:00:00+00:00,0.0001,0.0001,0.00030000000000000003,3
2022-01-10 00:00:00+00:00,-5.424e-05,-5.8030000000000005e-05,-0.00017409,3
2022-01-11 00:00:00+00:00,-0.00024913,-6.801333333333333e-05,-0.00020404,3
2022-01-12 00:00:00+00:00,0.0001,-2.449333333333333e-05,-7.348e-05,3
2022-01-13 00:00:00+00:00,0.0001,9.459666666666667e-05,0.00028379,3
2022-01-14 00:00:00+00:00,0.0001,0.0001,0.00030000000000000003,3
2022-01-15 00:00:00+00:00,0.0001,0.0001,0.00030000000000000003,3
2022-01-16 00:00:00+00:00,0.0001,0.0001,0.00030000000000000003,3
2022-01-17 00:00:00+00:00,0.0001,0.0001,0.00030000000000000003,3
2022-01-18 00:00:00+00:00,0.0001,0.0001,0.00030000000000000003,3
2022-01-19 00:00:00+00:00,0.0001,0.0001,0.00030000000000000003,3
2022-01-20 00:00:00+00:00,0.0001,0.0001,0.00030000000000000003,3
2022-01-21 00:00:00+00:00,0.0001,0.0001,0.00030000000000000003,3
2022-01-22 00:00:00+00:00,-0.00024933,-3.722333333333334e-05,-0.00011167000000000002,3
2022-01-23 00:00:00+00:00,-0.00028691,-0.00020700000000000002,-0.000621,3
2022-01-24 00:00:00+00:00,-9.002e-05,-5.3863333333333337e-05,-0.00016159,3
2022-01-25 00:00:00+00:00,3.677e-05,-8.469999999999997e-06,-2.540999999999999e-05,3
2022-01-26 00:00:00+00:00,-6.26e-05,-4.0283333333333334e-05,-0.00012085,3
2022-01-27 00:00:00+00:00,0.0001,0.0001,0.00030000000000000003,3
2022-01-28 00:00:00+00:00,0.0001,0.0001,0.00030000000000000003,3
2022-01-29 00:00:00+00:00,0.0001,0.0001,0.00030000000000000003,3
2022-01-30 00:00:00+00:00,0.0001,4.3230000000000005e-05,0.00012969000000000001,3
2022-01-31 00:00:00+00:00,0.0001,0.0001,0.00030000000000000003,3
2022-02-01 00:00:00+00:00,-8.96e-05,-2.7213333333333333e-05,-8.164e-05,3
2022-02-02 00:00:00+00:00,0.0001,1.6510000000000006e-05,4.953000000000002e-05,3
2022-02-03 00:00:00+00:00,0.0001,0.0001,0.00030000000000000003,3
2022-02-04 00:00:00+00:00,-2.98e-06,6.567333333333334e-05,0.00019702,3
2022-02-05 00:00:00+00:00,0.0001,-2.039666666666667e-05,-6.119000000000002e-05,3
2022-02-06 00:00:00+00:00,0.0001,8.954333333333334e-05,0.00026863,3
2022-02-07 00:00:00+00:00,-2.812e-05,4.452000000000001e-05,0.00013356000000000002,3
2022-02-08 00:00:00+00:00,-2.43e-06,-6.342666666666667e-05,-0.00019028,3
2022-02-09 00:00:00+00:00,0.0001,0.0001,0.00030000000000000003,3
2022-02-10 00:00:00+00:00,0.0001,0.0001,0.00030000000000000003,3
2022-02-11 00:00:00+00:00,0.0001,0.0001,0.00030000000000000003,3
2022-02-12 00:00:00+00:00,0.0001,0.0001,0.00030000000000000003,3
2022-02-13 00:00:00+00:00,0.0001,0.0001,0.00030000000000000003,3
2022-02-14 00:00:00+00:00,0.0001,0.0001,0.00030000000000000003,3
2022-02-15 00:00:00+00:00,8.825e-05,9.576666666666666e-05,0.0002873,3
2022-02-16 00:00:00+00:00,0.0001,3.5170000000000004e-05,0.00010551000000000001,3
2022-02-17 00:00:00+00:00,0.0001,0.0001,0.00030000000000000003,3
2022-02-18 00:00:00+00:00,-0.00026798,-2.2660000000000003e-05,-6.798000000000001e-05,3
2022-02-19 00:00:00+00:00,0.0001,0.0001,0.00030000000000000003,3
2022-02-20 00:00:00+00:00,0.0001,0.0001,0.00030000000000000003,3
2022-02-21 00:00:00+00:00,-5.958e-05,4.6806666666666674e-05,0.00014042000000000001,3
2022-02-22 00:00:00+00:00,-7.377e-05,4.207666666666667e-05,0.00012623000000000002,3
2022-02-23 00:00:00+00:00,-0.00011784,-0.00013323,-0.00039968999999999996,3
2022-02-24 00:00:00+00:00,-4.667e-05,-0.00010980666666666665,-0.00032942,3
2022-02-25 00:00:00+00:00,-6.042e-05,-4.307e-05,-0.00012921,3
2022-02-26 00:00:00+00:00,0.0001,1.1913333333333335e-05,3.574000000000001e-05,3
2022-02-27 00:00:00+00:00,0.0001,9.498666666666667e-05,0.00028496,3
2022-02-28 00:00:00+00:00,0.0001,9.486666666666666e-05,0.0002846,3
2022-03-01 00:00:00+00:00,0.0001,5.716666666666666e-05,0.0001715,3
2022-03-02 00:00:00+00:00,0.0001,0.0001,0.00030000000000000003,3
2022-03-03 00:00:00+00:00,0.0001,0.0001,0.00030000000000000003,3
2022-03-04 00:00:00+00:00,0.0001,0.0001,0.00030000000000000003,3
2022-03-05 00:00:00+00:00,-0.00022161,-7.203333333333326e-06,-2.1609999999999978e-05,3
2022-03-06 00:00:00+00:00,7.25e-05,3.688333333333333e-05,0.00011065,3
2022-03-07 00:00:00+00:00,0.0001,1.956333333333334e-05,5.869000000000002e-05,3
2022-03-08 00:00:00+00:00,0.0001,7.964666666666667e-05,0.00023894,3
2022-03-09 00:00:00+00:00,1.622e-05,7.072e-05,0.00021216,3
2022-03-10 00:00:00+00:00,0.0001,9.151333333333332e-05,0.00027454,3
2022-03-11 00:00:00+00:00,0.0001,0.0001,0.00030000000000000003,3
2022-03-12 00:00:00+00:00,0.0001,0.0001,0.00030000000000000003,3
2022-03-13 00:00:00+00:00,0.0001,0.0001,0.00030000000000000003,3
2022-03-14 00:00:00+00:00,0.0001,0.0001,0.00030000000000000003,3
2022-03-15 00:00:00+00:00,0.0001,0.0001,0.00030000000000000003,3
2022-03-16 00:00:00+00:00,0.0001,6.122666666666667e-05,0.00018368,3
2022-03-17 00:00:00+00:00,0.0001,0.0001,0.00030000000000000003,3
2022-03-18 00:00:00+00:00,0.0001,0.0001,0.00030000000000000003,3
2022-03-19 00:00:00+00:00,0.0001,6.980666666666667e-05,0.00020942,3
2022-03-20 00:00:00+00:00,0.0001,0.0001,0.00030000000000000003,3
2022-03-21 00:00:00+00:00,0.0001,0.0001,0.00030000000000000003,3
2022-03-22 00:00:00+00:00,0.0001,0.0001,0.00030000000000000003,3
2022-03-23 00:00:00+00:00,0.0001,0.0001,0.00030000000000000003,3
2022-03-24 00:00:00+00:00,0.0001,0.0001,0.00030000000000000003,3
2022-03-25 00:00:00+00:00,0.0001,0.0001,0.00030000000000000003,3
2022-03-26 00:00:00+00:00,0.0001,0.0001,0.00030000000000000003,3
2022-03-27 00:00:00+00:00,0.0001,0.0001,0.00030000000000000003,3
2022-03-28 00:00:00+00:00,0.0001,0.0001,0.00030000000000000003,3
2022-03-29 00:00:00+00:00,0.00012656,0.00015105333333333335,0.00045316000000000003,3
2022-03-30 00:00:00+00:00,0.0001,0.00011834333333333334,0.00035503,3
2022-03-31 00:00:00+00:00,0.00023788,0.00018332666666666668,0.00054998,3
2022-04-01 00:00:00+00:00,0.0001,0.00011785,0.00035355,3
2022-04-02 00:00:00+00:00,0.0001,0.0001,0.00030000000000000003,3
2022-04-03 00:00:00+00:00,0.0001,0.0001,0.00030000000000000003,3
2022-04-04 00:00:00+00:00,0.0001,0.0001,0.00030000000000000003,3
2022-04-05 00:00:00+00:00,0.00018781,0.00012927000000000001,0.00038781000000000004,3
2022-04-06 00:00:00+00:00,0.0001,0.0001,0.00030000000000000003,3
2022-04-07 00:00:00+00:00,0.0001,5.019666666666667e-05,0.00015059,3
2022-04-08 00:00:00+00:00,0.0001,0.0001,0.00030000000000000003,3
2022-04-09 00:00:00+00:00,0.0001,0.0001,0.00030000000000000003,3
2022-04-10 00:00:00+00:00,0.0001,0.0001,0.00030000000000000003,3
2022-04-11 00:00:00+00:00,0.0001,0.0001,0.00030000000000000003,3
2022-04-12 00:00:00+00:00,-5.916e-05,-8.550333333333333e-05,-0.00025651,3
2022-04-13 00:00:00+00:00,5.872e-05,-5.9513333333333325e-05,-0.00017853999999999998,3
2022-04-14 00:00:00+00:00,-4.621e-05,3.993333333333335e-06,1.1980000000000004e-05,3
2022-04-15 00:00:00+00:00,-7.497e-05,3.148666666666667e-05,9.446000000000001e-05,3
2022-04-16 00:00:00+00:00,-8.248e-05,-1.956e-05,-5.868e-05,3
2022-04-17 00:00:00+00:00,-9.479e-05,3.507e-05,0.00010521,3
2022-04-18 00:00:00+00:00,0.0001,7.15e-05,0.0002145,3
2022-04-19 00:00:00+00:00,4.55e-05,5.9766666666666665e-05,0.0001793,3
2022-04-20 00:00:00+00:00,1.458e-05,7.152666666666667e-05,0.00021458000000000002,3
2022-04-21 00:00:00+00:00,0.0001,0.0001,0.00030000000000000003,3
2022-04-22 00:00:00+00:00,0.0001,0.0001,0.00030000000000000003,3
2022-04-23 00:00:00+00:00,0.0001,0.0001,0.00030000000000000003,3
2022-04-24 00:00:00+00:00,0.0001,0.0001,0.00030000000000000003,3
2022-04-25 00:00:00+00:00,0.0001,0.0001,0.00030000000000000003,3
2022-04-26 00:00:00+00:00,0.0001,8.184e-05,0.00024552,3
2022-04-27 00:00:00+00:00,0.0001,6.0373333333333334e-05,0.00018112,3
2022-04-28 00:00:00+00:00,0.0001,0.0001,0.00030000000000000003,3
2022-04-29 00:00:00+00:00,0.0001,0.0001,0.00030000000000000003,3
2022-04-30 00:00:00+00:00,2.475e-05,7.491666666666667e-05,0.00022475000000000001,3
2022-05-01 00:00:00+00:00,3.523e-05,6.941666666666667e-05,0.00020825,3
2022-05-02 00:00:00+00:00,-9.404e-05,2.052e-05,6.156e-05,3
2022-05-03 00:00:00+00:00,5.566e-05,8.522e-05,0.00025566,3
2022-05-04 00:00:00+00:00,0.0001,0.0001,0.00030000000000000003,3
2022-05-05 00:00:00+00:00,0.0001,7.247333333333334e-05,0.00021742000000000002,3
2022-05-06 00:00:00+00:00,-3.41e-06,2.0880000000000003e-05,6.264000000000001e-05,3
2022-05-07 00:00:00+00:00,6.421e-05,5.494666666666667e-05,0.00016484,3
2022-05-08 00:00:00+00:00,-0.0001925,-6.378333333333333e-05,-0.00019135,3
2022-05-09 00:00:00+00:00,4.801e-05,3.633333333333333e-05,0.000109,3
2022-05-10 00:00:00+00:00,-4.115e-05,-0.00010311000000000001,-0.00030933,3
2022-05-11 00:00:00+00:00,8.721e-05,1.5759999999999998e-05,4.7279999999999995e-05,3
2022-05-12 00:00:00+00:00,-0.00087779,-0.0005212033333333333,-0.00156361,3
2022-05-13 00:00:00+00:00,-8.035e-05,-0.00019657666666666668,-0.00058973,3
2022-05-14 00:00:00+00:00,-0.00031342,-6.777333333333334e-05,-0.00020332,3
2022-05-15 00:00:00+00:00,-0.00027673,-0.00024926,-0.00074778,3
2022-05-16 00:00:00+00:00,-0.00010469,-6.712333333333333e-05,-0.00020137,3
2022-05-17 00:00:00+00:00,-0.00035184,-8.325333333333334e-05,-0.00024976,3
2022-05-18 00:00:00+00:00,-0.00012518,-0.00024089333333333335,-0.0007226800000000001,3
2022-05-19 00:00:00+00:00,7e-08,-0.00023802999999999997,-0.0007140899999999999,3
2022-05-20 00:00:00+00:00,2.722e-05,-9.773333333333332e-06,-2.9319999999999997e-05,3
2022-05-21 00:00:00+00:00,-1.279e-05,-1.4690000000000002e-05,-4.407e-05,3
2022-05-22 00:00:00+00:00,5.914e-05,-2.7626666666666664e-05,-8.287999999999999e-05,3
2022-05-23 00:00:00+00:00,8.026e-05,1.8829999999999998e-05,5.648999999999999e-05,3
2022-05-24 00:00:00+00:00,7.186e-05,3.1853333333333336e-05,9.556000000000001e-05,3
2022-05-25 00:00:00+00:00,-0.00017995,-3.7250000000000004e-05,-0.00011175,3
2022-05-26 00:00:00+00:00,4.998e-05,-7.1733333333333304e-06,-2.151999999999999e-05,3
2022-05-27 00:00:00+00:00,0.0001,-0.00010919666666666664,-0.00032758999999999995,3
2022-05-28 00:00:00+00:00,-0.000152,-4.941333333333334e-05,-0.00014824,3
2022-05-29 00:00:00+00:00,-0.0002028,-5.1309999999999995e-05,-0.00015392999999999998,3
2022-05-30 00:00:00+00:00,0.0001,7.779666666666667e-05,0.00023339,3
2022-05-31 00:00:00+00:00,0.0001,0.0001,0.00030000000000000003,3
2022-06-01 00:00:00+00:00,-1.925e-05,-1.2699999999999997e-06,-3.809999999999999e-06,3
2022-06-02 00:00:00+00:00,1.821e-05,8.21e-06,2.463e-05,3
2022-06-03 00:00:00+00:00,0.0001,-4.161666666666666e-05,-0.00012484999999999997,3
2022-06-04 00:00:00+00:00,-3.501e-05,5.499666666666667e-05,0.00016499,3
2022-06-05 00:00:00+00:00,-0.00013985,1.2986666666666664e-05,3.895999999999999e-05,3
2022-06-06 00:00:00+00:00,0.0001,4.384666666666666e-05,0.00013153999999999998,3
2022-06-07 00:00:00+00:00,9.459e-05,9.381999999999999e-05,0.00028146,3
2022-06-08 00:00:00+00:00,0.0001,-5.4863333333333334e-05,-0.00016459,3
2022-06-09 00:00:00+00:00,-5.879e-05,-1.2793333333333332e-05,-3.8379999999999995e-05,3
2022-06-10 00:00:00+00:00,4.182e-05,6.759333333333334e-05,0.00020278,3
2022-06-11 00:00:00+00:00,-2.372e-05,4.340666666666667e-05,0.00013022,3
2022-06-12 00:00:00+00:00,-0.00012128,-7.652666666666667e-05,-0.00022958,3
2022-06-13 00:00:00+00:00,-8.239e-05,-4.7119999999999996e-05,-0.00014136,3
2022-06-14 00:00:00+00:00,-0.00030618,-0.00025803333333333334,-0.0007741,3
2022-06-15 00:00:00+00:00,-0.00015585,-0.00017106666666666666,-0.0005132,3
2022-06-16 00:00:00+00:00,-2.883e-05,-0.00011069666666666667,-0.00033209,3
2022-06-17 00:00:00+00:00,-3.191e-05,-5.651666666666666e-05,-0.00016954999999999997,3
2022-06-18 00:00:00+00:00,0.0001,0.0001,0.00030000000000000003,3
2022-06-19 00:00:00+00:00,-0.00010792,-2.5299999999999995e-05,-7.589999999999999e-05,3
2022-06-20 00:00:00+00:00,-3.168e-05,-2.7103333333333332e-05,-8.130999999999999e-05,3
2022-06-21 00:00:00+00:00,3.624e-05,7.874666666666666e-05,0.00023624,3
2022-06-22 00:00:00+00:00,-0.00023885,-9.008666666666666e-05,-0.00027026,3
2022-06-23 00:00:00+00:00,-0.00033916,-0.00016569333333333333,-0.00049708,3
2022-06-24 00:00:00+00:00,0.0001,-5.346e-05,-0.00016038,3
2022-06-25 00:00:00+00:00,0.0001,0.0001,0.00030000000000000003,3
2022-06-26 00:00:00+00:00,5.985e-05,8.661666666666667e-05,0.00025985,3
2022-06-27 00:00:00+00:00,0.0001,8.915333333333334e-05,0.00026746,3
2022-06-28 00:00:00+00:00,-0.00015433,-2.156666666666661e-06,-6.469999999999984e-06,3
2022-06-29 00:00:00+00:00,-0.00012594,-5.017666666666667e-05,-0.00015053,3
2022-06-30 00:00:00+00:00,-0.00011594,-0.00015465666666666667,-0.00046397,3
2022-07-01 00:00:00+00:00,0.0001,-0.00011524333333333334,-0.00034573000000000004,3
2022-07-02 00:00:00+00:00,0.0001,6.297666666666667e-05,0.00018893000000000002,3
2022-07-03 00:00:00+00:00,-8.279e-05,1.474666666666667e-05,4.424000000000001e-05,3
2022-07-04 00:00:00+00:00,-9.828e-05,-0.00011612,-0.00034836000000000003,3
2022-07-05 00:00:00+00:00,-7.344e-05,6.579999999999999e-06,1.9739999999999997e-05,3
2022-07-06 00:00:00+00:00,-5.67e-06,-0.00014461333333333333,-0.00043384,3
2022-07-07 00:00:00+00:00,-2.758e-05,-8.929666666666668e-05,-0.00026789,3
2022-07-08 00:00:00+00:00,4.198e-05,-5.6819999999999995e-05,-0.00017046,3
2022-07-09 00:00:00+00:00,6.19e-06,6.873e-05,0.00020619,3
2022-07-10 00:00:00+00:00,0.0001,4.7743333333333334e-05,0.00014323,3
2022-07-11 00:00:00+00:00,0.0001,6.803666666666667e-05,0.00020411,3
2022-07-12 00:00:00+00:00,0.0001,4.809333333333333e-05,0.00014428,3
2022-07-13 00:00:00+00:00,-5.173e-05,-5.2463333333333336e-05,-0.00015739,3
2022-07-14 00:00:00+00:00,9.997e-05,-7.374333333333334e-05,-0.00022123,3
2022-07-15 00:00:00+00:00,0.0001,1.4206666666666669e-05,4.262000000000001e-05,3
2022-07-16 00:00:00+00:00,1.463e-05,-7.46e-06,-2.238e-05,3
2022-07-17 00:00:00+00:00,-6.48e-05,4.5066666666666667e-05,0.0001352,3
2022-07-18 00:00:00+00:00,0.0001,4.7243333333333336e-05,0.00014173,3
2022-07-19 00:00:00+00:00,0.0001,0.0001,0.00030000000000000003,3
2022-07-20 00:00:00+00:00,0.0001,4.556333333333334e-05,0.00013669000000000002,3
2022-07-21 00:00:00+00:00,7.074e-05,-3.9733333333333335e-05,-0.0001192,3
2022-07-22 00:00:00+00:00,0.0001,-1.1759999999999996e-05,-3.527999999999999e-05,3
2022-07-23 00:00:00+00:00,-7.38e-06,5.0603333333333344e-05,0.00015181000000000003,3
2022-07-24 00:00:00+00:00,0.0001,0.0001,0.00030000000000000003,3
2022-07-25 00:00:00+00:00,0.0001,0.0001,0.00030000000000000003,3
2022-07-26 00:00:00+00:00,6.508e-05,7.974e-05,0.00023922,3
2022-07-27 00:00:00+00:00,-0.00012111,-0.0001807633333333333,-0.00054229,3
2022-07-28 00:00:00+00:00,5.496e-05,-5.219e-05,-0.00015657,3
2022-07-29 00:00:00+00:00,0.0001,8.185e-05,0.00024555,3
2022-07-30 00:00:00+00:00,0.0001,0.0001,0.00030000000000000003,3
2022-07-31 00:00:00+00:00,0.0001,0.0001,0.00030000000000000003,3
2022-08-01 00:00:00+00:00,0.0001,0.0001,0.00030000000000000003,3
2022-08-02 00:00:00+00:00,0.0001,0.0001,0.00030000000000000003,3
2022-08-03 00:00:00+00:00,0.0001,0.0001,0.00030000000000000003,3
2022-08-04 00:00:00+00:00,0.0001,0.0001,0.00030000000000000003,3
2022-08-05 00:00:00+00:00,0.0001,0.0001,0.00030000000000000003,3
2022-08-06 00:00:00+00:00,0.0001,0.0001,0.00030000000000000003,3
2022-08-07 00:00:00+00:00,0.0001,0.0001,0.00030000000000000003,3
2022-08-08 00:00:00+00:00,0.0001,0.0001,0.00030000000000000003,3
2022-08-09 00:00:00+00:00,0.0001,0.0001,0.00030000000000000003,3
2022-08-10 00:00:00+00:00,0.0001,0.0001,0.00030000000000000003,3
2022-08-11 00:00:00+00:00,0.0001,0.0001,0.00030000000000000003,3
2022-08-12 00:00:00+00:00,0.0001,0.0001,0.00030000000000000003,3
2022-08-13 00:00:00+00:00,0.0001,0.0001,0.00030000000000000003,3
2022-08-14 00:00:00+00:00,0.0001,0.0001,0.00030000000000000003,3
2022-08-15 00:00:00+00:00,0.0001,0.0001,0.00030000000000000003,3
2022-08-16 00:00:00+00:00,0.0001,0.0001,0.00030000000000000003,3
2022-08-17 00:00:00+00:00,0.0001,0.0001,0.00030000000000000003,3
2022-08-18 00:00:00+00:00,0.0001,7.339333333333333e-05,0.00022018,3
2022-08-19 00:00:00+00:00,8.21e-05,2.7156666666666667e-05,8.147e-05,3
2022-08-20 00:00:00+00:00,-1.438e-05,-3.863333333333336e-06,-1.1590000000000008e-05,3
2022-08-21 00:00:00+00:00,4.968e-05,5.157e-05,0.00015471000000000001,3
2022-08-22 00:00:00+00:00,0.0001,9.712e-05,0.00029136,3
2022-08-23 00:00:00+00:00,-1.515e-05,2.9086666666666667e-05,8.726e-05,3
2022-08-24 00:00:00+00:00,1.152e-05,-2.389e-05,-7.167e-05,3
2022-08-25 00:00:00+00:00,-2.707e-05,-0.00016551333333333332,-0.00049654,3
2022-08-26 00:00:00+00:00,0.0001,-2.6426666666666662e-05,-7.927999999999999e-05,3
2022-08-27 00:00:00+00:00,1.988e-05,5.907000000000001e-05,0.00017721000000000002,3
2022-08-28 00:00:00+00:00,5.161e-05,8.387e-05,0.00025161,3
2022-08-29 00:00:00+00:00,-1.489e-05,1.4649999999999999e-05,4.395e-05,3
2022-08-30 00:00:00+00:00,0.0001,-3.597e-05,-0.00010791,3
2022-08-31 00:00:00+00:00,-4.206e-05,-0.00016185,-0.00048555,3
2022-09-01 00:00:00+00:00,2.243e-05,-3.757e-05,-0.00011271000000000001,3
2022-09-02 00:00:00+00:00,0.0001,-8.558333333333333e-05,-0.00025675,3
2022-09-03 00:00:00+00:00,7.428e-05,7.802666666666667e-05,0.00023408,3
2022-09-04 00:00:00+00:00,3.027e-05,1.2436666666666667e-05,3.731e-05,3
2022-09-05 00:00:00+00:00,0.0001,0.0001,0.00030000000000000003,3
2022-09-06 00:00:00+00:00,0.0001,-6.0146666666666665e-05,-0.00018044,3
2022-09-07 00:00:00+00:00,-3.368e-05,-1.2810000000000001e-05,-3.843e-05,3
2022-09-08 00:00:00+00:00,2.448e-05,-3.286333333333333e-05,-9.858999999999999e-05,3
2022-09-09 00:00:00+00:00,7.283e-05,-5.478666666666667e-05,-0.00016436,3
2022-09-10 00:00:00+00:00,6.56e-06,6.885333333333333e-05,0.00020656,3
2022-09-11 00:00:00+00:00,0.0001,2.213666666666667e-05,6.641000000000001e-05,3
2022-09-12 00:00:00+00:00,-1.377e-05,-6.551666666666667e-05,-0.00019655,3
2022-09-13 00:00:00+00:00,5.33e-06,-8.891e-05,-0.00026673,3
2022-09-14 00:00:00+00:00,-0.00013127,-0.00012173,-0.00036519,3
2022-09-15 00:00:00+00:00,0.0001,-2.5366666666666665e-05,-7.609999999999999e-05,3
2022-09-16 00:00:00+00:00,-0.0002844,-7.774999999999999e-05,-0.00023324999999999998,3
2022-09-17 00:00:00+00:00,-3.88e-05,-6.454333333333333e-05,-0.00019363,3
2022-09-18 00:00:00+00:00,-1.774e-05,-9.870666666666665e-05,-0.00029612,3
2022-09-19 00:00:00+00:00,0.0001,-4.05e-05,-0.0001215,3
2022-09-20 00:00:00+00:00,-8.055e-05,6.916666666666668e-06,2.0750000000000003e-05,3
2022-09-21 00:00:00+00:00,-3.68e-06,-1.6329999999999998e-05,-4.899e-05,3
2022-09-22 00:00:00+00:00,-0.00045613,-0.00024274,-0.00072822,3
2022-09-23 00:00:00+00:00,0.0001,-0.0003029033333333333,-0.00090871,3
2022-09-24 00:00:00+00:00,-9.649e-05,-2.4443333333333334e-05,-7.333e-05,3
2022-09-25 00:00:00+00:00,-5.16e-06,1.1316666666666666e-05,3.395e-05,3
2022-09-26 00:00:00+00:00,0.0001,4.201666666666667e-05,0.00012605,3
2022-09-27 00:00:00+00:00,0.0001,0.0001,0.00030000000000000003,3
2022-09-28 00:00:00+00:00,0.0001,5.5690000000000004e-05,0.00016707,3
2022-09-29 00:00:00+00:00,0.0001,1.686e-05,5.058000000000001e-05,3
2022-09-30 00:00:00+00:00,0.0001,0.0001,0.00030000000000000003,3
2022-10-01 00:00:00+00:00,0.0001,0.0001,0.00030000000000000003,3
2022-10-02 00:00:00+00:00,0.0001,0.0001,0.00030000000000000003,3
2022-10-03 00:00:00+00:00,0.0001,0.0001,0.00030000000000000003,3
2022-10-04 00:00:00+00:00,6.055e-05,4.237666666666667e-05,0.00012713,3
2022-10-05 00:00:00+00:00,5.059e-05,1.879e-05,5.6370000000000004e-05,3
2022-10-06 00:00:00+00:00,-4.513e-05,-8.333333333333335e-06,-2.5000000000000005e-05,3
2022-10-07 00:00:00+00:00,0.0001,1.0703333333333335e-05,3.211e-05,3
2022-10-08 00:00:00+00:00,8.887e-05,7.698e-05,0.00023094,3
2022-10-09 00:00:00+00:00,-7.465e-05,3.417e-05,0.00010251,3
2022-10-10 00:00:00+00:00,0.0001,5.225e-05,0.00015675000000000002,3
2022-10-11 00:00:00+00:00,5.852e-05,3.335666666666667e-05,0.00010007000000000001,3
2022-10-12 00:00:00+00:00,0.0001,6.658e-05,0.00019974,3
2022-10-13 00:00:00+00:00,4.837e-05,8.279000000000001e-05,0.00024837000000000004,3
2022-10-14 00:00:00+00:00,0.0001,1.6360000000000003e-05,4.9080000000000004e-05,3
2022-10-15 00:00:00+00:00,0.0001,0.0001,0.00030000000000000003,3
2022-10-16 00:00:00+00:00,0.0001,0.0001,0.00030000000000000003,3
2022-10-17 00:00:00+00:00,0.0001,0.0001,0.00030000000000000003,3
2022-10-18 00:00:00+00:00,0.0001,0.0001,0.00030000000000000003,3
2022-10-19 00:00:00+00:00,0.0001,0.0001,0.00030000000000000003,3
2022-10-20 00:00:00+00:00,0.0001,9.325e-05,0.00027975,3
2022-10-21 00:00:00+00:00,0.0001,4.558e-05,0.00013674,3
2022-10-22 00:00:00+00:00,4.066e-05,2.015e-05,6.045e-05,3
2022-10-23 00:00:00+00:00,0.0001,9.333333333333334e-05,0.00028000000000000003,3
2022-10-24 00:00:00+00:00,0.0001,9.498333333333334e-05,0.00028495,3
2022-10-25 00:00:00+00:00,0.0001,0.0001,0.00030000000000000003,3
2022-10-26 00:00:00+00:00,0.0001,6.250666666666667e-05,0.00018752,3
2022-10-27 00:00:00+00:00,0.0001,4.792000000000001e-05,0.00014376000000000002,3
2022-10-28 00:00:00+00:00,0.0001,7.6200000000000024e-06,2.2860000000000008e-05,3
2022-10-29 00:00:00+00:00,0.0001,6.647e-05,0.00019941000000000002,3
2022-10-30 00:00:00+00:00,1.559e-05,7.186333333333333e-05,0.00021559000000000001,3
2022-10-31 00:00:00+00:00,0.0001,0.0001,0.00030000000000000003,3
2022-11-01 00:00:00+00:00,0.0001,7.491000000000001e-05,0.00022473000000000003,3
2022-11-02 00:00:00+00:00,0.0001,6.132e-05,0.00018396,3
2022-11-03 00:00:00+00:00,8.67e-05,2.5863333333333337e-05,7.759000000000001e-05,3
2022-11-04 00:00:00+00:00,0.0001,6.413333333333334e-05,0.00019240000000000001,3
2022-11-05 00:00:00+00:00,0.0001,8.636333333333333e-05,0.00025909,3
2022-11-06 00:00:00+00:00,0.0001,0.0001,0.00030000000000000003,3
2022-11-07 00:00:00+00:00,0.0001,0.0001,0.00030000000000000003,3
2022-11-08 00:00:00+00:00,0.0001,0.0001,0.00030000000000000003,3
2022-11-09 00:00:00+00:00,-0.00029053,-0.0005224566666666667,-0.00156737,3
2022-11-10 00:00:00+00:00,-0.00030189,-0.0009245500000000001,-0.0027736500000000003,3
2022-11-11 00:00:00+00:00,0.0001,-0.00011303333333333333,-0.0003391,3
2022-11-12 00:00:00+00:00,4.749e-05,1.6613333333333336e-05,4.9840000000000004e-05,3
2022-11-13 00:00:00+00:00,0.0001,0.0001,0.00030000000000000003,3
2022-11-14 00:00:00+00:00,0.0001,0.0001,0.00030000000000000003,3
2022-11-15 00:00:00+00:00,0.0001,9.493333333333333e-05,0.0002848,3
2022-11-16 00:00:00+00:00,0.0001,6.219666666666667e-05,0.00018659,3
2022-11-17 00:00:00+00:00,0.0001,0.0001,0.00030000000000000003,3
2022-11-18 00:00:00+00:00,0.0001,8.719333333333334e-05,0.00026158,3
2022-11-19 00:00:00+00:00,0.0001,0.0001,0.00030000000000000003,3
2022-11-20 00:00:00+00:00,0.0001,0.0001,0.00030000000000000003,3
2022-11-21 00:00:00+00:00,0.0001,0.0001,0.00030000000000000003,3
2022-11-22 00:00:00+00:00,0.0001,3.228e-05,9.684000000000001e-05,3
2022-11-23 00:00:00+00:00,0.0001,5.8423333333333334e-05,0.00017527,3
2022-11-24 00:00:00+00:00,0.0001,0.0001,0.00030000000000000003,3
2022-11-25 00:00:00+00:00,0.0001,9.002666666666668e-05,0.00027008,3
2022-11-26 00:00:00+00:00,0.0001,0.0001,0.00030000000000000003,3
2022-11-27 00:00:00+00:00,8.183e-05,9.394333333333334e-05,0.00028183,3
2022-11-28 00:00:00+00:00,0.0001,7.610333333333333e-05,0.00022831000000000001,3
2022-11-29 00:00:00+00:00,0.0001,0.0001,0.00030000000000000003,3
2022-11-30 00:00:00+00:00,0.0001,0.0001,0.00030000000000000003,3
2022-12-01 00:00:00+00:00,0.0001,0.0001,0.00030000000000000003,3
2022-12-02 00:00:00+00:00,0.0001,0.0001,0.00030000000000000003,3
2022-12-03 00:00:00+00:00,0.0001,0.0001,0.00030000000000000003,3
2022-12-04 00:00:00+00:00,0.0001,0.0001,0.00030000000000000003,3
2022-12-05 00:00:00+00:00,0.0001,9.882666666666667e-05,0.00029648,3
2022-12-06 00:00:00+00:00,0.0001,0.0001,0.00030000000000000003,3
2022-12-07 00:00:00+00:00,0.0001,0.0001,0.00030000000000000003,3
2022-12-08 00:00:00+00:00,0.0001,-8.506000000000002e-05,-0.00025518000000000003,3
2022-12-09 00:00:00+00:00,0.0001,6.102666666666667e-05,0.00018308000000000002,3
2022-12-10 00:00:00+00:00,0.0001,0.0001,0.00030000000000000003,3
2022-12-11 00:00:00+00:00,0.0001,5.1433333333333334e-05,0.0001543,3
2022-12-12 00:00:00+00:00,0.0001,0.0001,0.00030000000000000003,3
2022-12-13 00:00:00+00:00,0.0001,1.519999999999999e-06,4.559999999999997e-06,3
2022-12-14 00:00:00+00:00,0.0001,0.0001,0.00030000000000000003,3
2022-12-15 00:00:00+00:00,0.0001,0.0001,0.00030000000000000003,3
2022-12-16 00:00:00+00:00,0.0001,0.0001,0.00030000000000000003,3
2022-12-17 00:00:00+00:00,0.0001,-9.263333333333335e-06,-2.7790000000000003e-05,3
2022-12-18 00:00:00+00:00,0.0001,0.0001,0.00030000000000000003,3
2022-12-19 00:00:00+00:00,0.0001,6.177666666666667e-05,0.00018533000000000002,3
2022-12-20 00:00:00+00:00,0.0001,-7.019999999999997e-06,-2.105999999999999e-05,3
2022-12-21 00:00:00+00:00,0.0001,3.724e-05,0.00011172000000000001,3
2022-12-22 00:00:00+00:00,0.0001,7.767666666666667e-05,0.00023303,3
2022-12-23 00:00:00+00:00,8.842e-05,7.296333333333333e-05,0.00021889,3
2022-12-24 00:00:00+00:00,0.0001,0.0001,0.00030000000000000003,3
2022-12-25 00:00:00+00:00,0.0001,0.0001,0.00030000000000000003,3
2022-12-26 00:00:00+00:00,-0.00025824,-0.00011449000000000001,-0.00034347,3
2022-12-27 00:00:00+00:00,4.086e-05,-0.00012877666666666666,-0.00038632999999999994,3
2022-12-28 00:00:00+00:00,0.0001,-6.220666666666666e-05,-0.00018662,3
2022-12-29 00:00:00+00:00,0.0001,0.0001,0.00030000000000000003,3
2022-12-30 00:00:00+00:00,0.0001,0.0001,0.00030000000000000003,3
2022-12-31 00:00:00+00:00,0.0001,0.0001,0.00030000000000000003,3
2023-01-01 00:00:00+00:00,0.0001,0.0001,0.00030000000000000003,3
2023-01-02 00:00:00+00:00,-5.114e-05,-2.6803333333333328e-05,-8.040999999999998e-05,3
2023-01-03 00:00:00+00:00,0.0001,-3.807999999999999e-05,-0.00011423999999999996,3
2023-01-04 00:00:00+00:00,0.0001,0.0001,0.00030000000000000003,3
2023-01-05 00:00:00+00:00,0.0001,4.801e-05,0.00014403000000000002,3
2023-01-06 00:00:00+00:00,0.0001,0.0001,0.00030000000000000003,3
2023-01-07 00:00:00+00:00,0.0001,0.0001,0.00030000000000000003,3
2023-01-08 00:00:00+00:00,0.0001,0.0001,0.00030000000000000003,3
2023-01-09 00:00:00+00:00,0.0001,9.696666666666667e-05,0.0002909,3
2023-01-10 00:00:00+00:00,0.0001,0.0001,0.00030000000000000003,3
2023-01-11 00:00:00+00:00,0.0001,0.0001,0.00030000000000000003,3
2023-01-12 00:00:00+00:00,0.0001,0.0001,0.00030000000000000003,3
2023-01-13 00:00:00+00:00,0.0001,0.0001,0.00030000000000000003,3
2023-01-14 00:00:00+00:00,0.0001,0.0001,0.00030000000000000003,3
2023-01-15 00:00:00+00:00,0.0001,0.0001,0.00030000000000000003,3
2023-01-16 00:00:00+00:00,0.0001,0.0001,0.00030000000000000003,3
2023-01-17 00:00:00+00:00,0.0001,0.0001,0.00030000000000000003,3
2023-01-18 00:00:00+00:00,0.0001,0.0001,0.00030000000000000003,3
2023-01-19 00:00:00+00:00,0.0001,0.0001,0.00030000000000000003,3
2023-01-20 00:00:00+00:00,0.0001,0.0001,0.00030000000000000003,3
2023-01-21 00:00:00+00:00,0.0001,0.0001,0.00030000000000000003,3
2023-01-22 00:00:00+00:00,0.0001,0.0001,0.00030000000000000003,3
2023-01-23 00:00:00+00:00,0.00017536,0.00012512000000000002,0.00037536000000000004,3
2023-01-24 00:00:00+00:00,0.0001,0.00012868,0.00038604,3
2023-01-25 00:00:00+00:00,0.0001,0.0001,0.00030000000000000003,3
2023-01-26 00:00:00+00:00,0.0001,0.00010423666666666666,0.00031271,3
2023-01-27 00:00:00+00:00,0.0001,0.0001,0.00030000000000000003,3
2023-01-28 00:00:00+00:00,0.0001,0.0001,0.00030000000000000003,3
2023-01-29 00:00:00+00:00,0.0001,0.0001,0.00030000000000000003,3
2023-01-30 00:00:00+00:00,0.0001,0.0001,0.00030000000000000003,3
2023-01-31 00:00:00+00:00,0.0001,0.0001,0.00030000000000000003,3
2023-02-01 00:00:00+00:00,0.0001,0.0001,0.00030000000000000003,3
2023-02-02 00:00:00+00:00,0.00022004,0.00014667666666666666,0.00044003,3
2023-02-03 00:00:00+00:00,0.0001,0.00021044,0.00063132,3
2023-02-04 00:00:00+00:00,0.0001,0.0001,0.00030000000000000003,3
2023-02-05 00:00:00+00:00,0.0001,0.0001,0.00030000000000000003,3
2023-02-06 00:00:00+00:00,0.0001,0.0001,0.00030000000000000003,3
2023-02-07 00:00:00+00:00,0.0001,0.0001,0.00030000000000000003,3
2023-02-08 00:00:00+00:00,0.0001,0.0001,0.00030000000000000003,3
2023-02-09 00:00:00+00:00,0.0001,0.0001,0.00030000000000000003,3
2023-02-10 00:00:00+00:00,0.0001,0.0001,0.00030000000000000003,3
2023-02-11 00:00:00+00:00,0.0001,0.0001,0.00030000000000000003,3
2023-02-12 00:00:00+00:00,6.232e-05,7.3e-05,0.000219,3
2023-02-13 00:00:00+00:00,0.0001,0.0001,0.00030000000000000003,3
2023-02-14 00:00:00+00:00,0.0001,0.0001,0.00030000000000000003,3
2023-02-15 00:00:00+00:00,7.993e-05,9.331e-05,0.00027993,3
2023-02-16 00:00:00+00:00,0.0001,0.0001,0.00030000000000000003,3
2023-02-17 00:00:00+00:00,0.0001,0.0001,0.00030000000000000003,3
2023-02-18 00:00:00+00:00,0.0001,0.0001,0.00030000000000000003,3
2023-02-19 00:00:00+00:00,0.0001,0.0001,0.00030000000000000003,3
2023-02-20 00:00:00+00:00,0.0001,0.0001,0.00030000000000000003,3
2023-02-21 00:00:00+00:00,0.0001,0.0001,0.00030000000000000003,3
2023-02-22 00:00:00+00:00,0.0001,0.0001,0.00030000000000000003,3
2023-02-23 00:00:00+00:00,0.0001,0.0001,0.00030000000000000003,3
2023-02-24 00:00:00+00:00,0.0001,0.0001,0.00030000000000000003,3
2023-02-25 00:00:00+00:00,0.0001,0.0001,0.00030000000000000003,3
2023-02-26 00:00:00+00:00,0.0001,8.199666666666667e-05,0.00024599,3
2023-02-27 00:00:00+00:00,0.0001,0.0001,0.00030000000000000003,3
2023-02-28 00:00:00+00:00,0.0001,0.0001,0.00030000000000000003,3
2023-03-01 00:00:00+00:00,0.0001,0.0001,0.00030000000000000003,3
2023-03-02 00:00:00+00:00,0.0001,0.0001,0.00030000000000000003,3
2023-03-03 00:00:00+00:00,0.0001,0.0001,0.00030000000000000003,3
2023-03-04 00:00:00+00:00,0.0001,0.0001,0.00030000000000000003,3
2023-03-05 00:00:00+00:00,0.0001,0.0001,0.00030000000000000003,3
2023-03-06 00:00:00+00:00,0.0001,0.0001,0.00030000000000000003,3
2023-03-07 00:00:00+00:00,0.0001,8.016666666666667e-05,0.00024050000000000002,3
2023-03-08 00:00:00+00:00,8.032e-05,6.581000000000001e-05,0.00019743,3
2023-03-09 00:00:00+00:00,0.0001,0.0001,0.00030000000000000003,3
2023-03-10 00:00:00+00:00,0.0001,0.0001,0.00030000000000000003,3
2023-03-11 00:00:00+00:00,0.0001,0.0001,0.00030000000000000003,3
2023-03-12 00:00:00+00:00,0.0001,0.0001,0.00030000000000000003,3
2023-03-13 00:00:00+00:00,0.0001,0.0001,0.00030000000000000003,3
2023-03-14 00:00:00+00:00,0.0001,0.0001,0.00030000000000000003,3
2023-03-15 00:00:00+00:00,0.0001,0.0001,0.00030000000000000003,3
2023-03-16 00:00:00+00:00,0.0001,0.0001,0.00030000000000000003,3
2023-03-17 00:00:00+00:00,0.0001,0.0001,0.00030000000000000003,3
2023-03-18 00:00:00+00:00,0.0001,0.0001,0.00030000000000000003,3
2023-03-19 00:00:00+00:00,0.0001,0.0001,0.00030000000000000003,3
2023-03-20 00:00:00+00:00,0.0001,0.0001,0.00030000000000000003,3
2023-03-21 00:00:00+00:00,0.0001,0.0001,0.00030000000000000003,3
2023-03-22 00:00:00+00:00,0.0001,0.0001,0.00030000000000000003,3
2023-03-23 00:00:00+00:00,0.0001,0.0001,0.00030000000000000003,3
2023-03-24 00:00:00+00:00,0.0001,0.0001,0.00030000000000000003,3
2023-03-25 00:00:00+00:00,0.0001,0.0001,0.00030000000000000003,3
2023-03-26 00:00:00+00:00,0.0001,0.0001,0.00030000000000000003,3
2023-03-27 00:00:00+00:00,0.0001,8.373333333333334e-05,0.00025120000000000003,3
2023-03-28 00:00:00+00:00,3.98e-06,8.103333333333333e-06,2.431e-05,3
2023-03-29 00:00:00+00:00,0.0001,4.0186666666666666e-05,0.00012056,3
2023-03-30 00:00:00+00:00,0.0001,9.726333333333333e-05,0.00029179,3
2023-03-31 00:00:00+00:00,0.0001,0.0001,0.00030000000000000003,3
2023-04-01 00:00:00+00:00,0.0001,0.0001,0.00030000000000000003,3
2023-04-02 00:00:00+00:00,0.0001,9.017e-05,0.00027051,3
2023-04-03 00:00:00+00:00,0.0001,0.0001,0.00030000000000000003,3
2023-04-04 00:00:00+00:00,0.0001,9.195333333333334e-05,0.00027586,3
2023-04-05 00:00:00+00:00,0.0001,8.275666666666666e-05,0.00024827,3
2023-04-06 00:00:00+00:00,0.0001,4.9653333333333335e-05,0.00014896,3
2023-04-07 00:00:00+00:00,0.0001,9.079333333333334e-05,0.00027238,3
2023-04-08 00:00:00+00:00,0.0001,8.2e-05,0.000246,3
2023-04-09 00:00:00+00:00,9.296e-05,9.765333333333333e-05,0.00029296,3
2023-04-10 00:00:00+00:00,0.0001,3.3203333333333334e-05,9.961e-05,3
2023-04-11 00:00:00+00:00,0.0001,5.4753333333333337e-05,0.00016426,3
2023-04-12 00:00:00+00:00,0.0001,0.0001,0.00030000000000000003,3
2023-04-13 00:00:00+00:00,0.0001,7.455333333333334e-05,0.00022366,3
2023-04-14 00:00:00+00:00,0.00019855,0.00013285,0.00039855,3
2023-04-15 00:00:00+00:00,0.0001,0.0001,0.00030000000000000003,3
2023-04-16 00:00:00+00:00,0.0001,0.0001,0.00030000000000000003,3
2023-04-17 00:00:00+00:00,0.0001,0.0001,0.00030000000000000003,3
2023-04-18 00:00:00+00:00,0.0001,0.0001,0.00030000000000000003,3
2023-04-19 00:00:00+00:00,0.0001,0.00014924666666666666,0.00044773999999999997,3
2023-04-20 00:00:00+00:00,0.0001,6.680333333333334e-05,0.00020041000000000001,3
2023-04-21 00:00:00+00:00,0.0001,5.9153333333333335e-05,0.00017746,3
2023-04-22 00:00:00+00:00,0.0001,2.866e-05,8.598e-05,3
2023-04-23 00:00:00+00:00,0.0001,0.0001,0.00030000000000000003,3
2023-04-24 00:00:00+00:00,0.0001,7.276333333333333e-05,0.00021829,3
2023-04-25 00:00:00+00:00,0.0001,2.3196666666666668e-05,6.959e-05,3
2023-04-26 00:00:00+00:00,0.0001,2.9193333333333337e-05,8.758000000000001e-05,3
2023-04-27 00:00:00+00:00,0.0001,4.316666666666672e-06,1.2950000000000017e-05,3
2023-04-28 00:00:00+00:00,0.0001,-1.0289999999999998e-05,-3.0869999999999994e-05,3
2023-04-29 00:00:00+00:00,0.0001,5.717666666666667e-05,0.00017153,3
2023-04-30 00:00:00+00:00,0.0001,0.0001,0.00030000000000000003,3
2023-05-01 00:00:00+00:00,7.474e-05,9.158e-05,0.00027474,3
2023-05-02 00:00:00+00:00,0.0001,4.938e-05,0.00014814,3
2023-05-03 00:00:00+00:00,0.0001,3.482e-05,0.00010446,3
2023-05-04 00:00:00+00:00,0.0001,4.502333333333333e-05,0.00013507,3
2023-05-05 00:00:00+00:00,0.0001,4.757666666666667e-05,0.00014273,3
2023-05-06 00:00:00+00:00,0.0001,7.106333333333334e-05,0.00021319,3
2023-05-07 00:00:00+00:00,4.041e-05,6.937333333333334e-05,0.00020812,3
2023-05-08 00:00:00+00:00,-4.08e-05,3.833333333333334e-06,1.1500000000000002e-05,3
2023-05-09 00:00:00+00:00,-7.112e-05,-8.599e-05,-0.00025797,3
2023-05-10 00:00:00+00:00,0.0001,-5.911e-05,-0.00017733,3
2023-05-11 00:00:00+00:00,0.0001,7.41e-05,0.0002223,3
2023-05-12 00:00:00+00:00,0.0001,8.436666666666668e-05,0.0002531,3
2023-05-13 00:00:00+00:00,1.742e-05,4.605666666666667e-05,0.00013817000000000001,3
2023-05-14 00:00:00+00:00,9.6e-06,3.616e-05,0.00010847999999999999,3
2023-05-15 00:00:00+00:00,8.432e-05,1.0770000000000002e-05,3.231000000000001e-05,3
2023-05-16 00:00:00+00:00,-2.861e-05,-8.770666666666666e-05,-0.00026312,3
2023-05-17 00:00:00+00:00,0.0001,1.311666666666667e-05,3.935000000000001e-05,3
2023-05-18 00:00:00+00:00,0.0001,9.198333333333334e-05,0.00027595,3
2023-05-19 00:00:00+00:00,9.102e-05,8.147333333333334e-05,0.00024442,3
2023-05-20 00:00:00+00:00,0.0001,8.234000000000001e-05,0.00024702000000000003,3
2023-05-21 00:00:00+00:00,0.0001,0.0001,0.00030000000000000003,3
2023-05-22 00:00:00+00:00,0.0001,7.568666666666667e-05,0.00022706,3
2023-05-23 00:00:00+00:00,0.0001,1.6480000000000005e-05,4.9440000000000015e-05,3
2023-05-24 00:00:00+00:00,0.0001,6.999000000000001e-05,0.00020997000000000002,3
2023-05-25 00:00:00+00:00,0.0001,7.566e-05,0.00022698,3
2023-05-26 00:00:00+00:00,0.0001,8.591333333333334e-05,0.00025774,3
2023-05-27 00:00:00+00:00,3.753e-05,6.393333333333333e-06,1.918e-05,3
2023-05-28 00:00:00+00:00,5.909e-05,7.664e-05,0.00022992,3
2023-05-29 00:00:00+00:00,0.0001,0.0001,0.00030000000000000003,3
2023-05-30 00:00:00+00:00,0.0001,7.378666666666667e-05,0.00022136,3
2023-05-31 00:00:00+00:00,0.0001,9.953333333333333e-05,0.0002986,3
2023-06-01 00:00:00+00:00,0.0001,0.0001,0.00030000000000000003,3
2023-06-02 00:00:00+00:00,0.0001,0.0001,0.00030000000000000003,3
2023-06-03 00:00:00+00:00,0.0001,0.0001,0.00030000000000000003,3
2023-06-04 00:00:00+00:00,0.0001,0.0001,0.00030000000000000003,3
2023-06-05 00:00:00+00:00,0.0001,0.0001,0.00030000000000000003,3
2023-06-06 00:00:00+00:00,0.0001,0.0001,0.00030000000000000003,3
2023-06-07 00:00:00+00:00,0.0001,0.0001,0.00030000000000000003,3
2023-06-08 00:00:00+00:00,0.0001,0.0001,0.00030000000000000003,3
2023-06-09 00:00:00+00:00,0.0001,0.0001,0.00030000000000000003,3
2023-06-10 00:00:00+00:00,0.0001,8.424e-05,0.00025272,3
2023-06-11 00:00:00+00:00,2.466e-05,1.8990000000000003e-05,5.6970000000000005e-05,3
2023-06-12 00:00:00+00:00,9.09e-05,8.773e-05,0.00026319,3
2023-06-13 00:00:00+00:00,0.0001,5.7663333333333334e-05,0.00017299,3
2023-06-14 00:00:00+00:00,5.932e-05,4.784333333333334e-05,0.00014353,3
2023-06-15 00:00:00+00:00,8.739e-05,4.478666666666667e-05,0.00013436,3
2023-06-16 00:00:00+00:00,5.83e-06,4.422666666666667e-05,0.00013268,3
2023-06-17 00:00:00+00:00,1.569e-05,-2.4669999999999996e-05,-7.400999999999999e-05,3
2023-06-18 00:00:00+00:00,-4.771e-05,-3.017e-05,-9.051e-05,3
2023-06-19 00:00:00+00:00,0.0001,5.005666666666667e-05,0.00015017,3
2023-06-20 00:00:00+00:00,0.0001,4.7776666666666666e-05,0.00014333,3
2023-06-21 00:00:00+00:00,0.0001,6.514333333333334e-05,0.00019543000000000002,3
2023-06-22 00:00:00+00:00,0.0001,0.0001,0.00030000000000000003,3
2023-06-23 00:00:00+00:00,0.0001,9.076e-05,0.00027228,3
2023-06-24 00:00:00+00:00,0.0001,0.0001,0.00030000000000000003,3
2023-06-25 00:00:00+00:00,0.0001,0.0001,0.00030000000000000003,3
2023-06-26 00:00:00+00:00,0.0001,0.0001,0.00030000000000000003,3
2023-06-27 00:00:00+00:00,0.0001,9.787000000000001e-05,0.00029361000000000003,3
2023-06-28 00:00:00+00:00,0.0001,0.0001,0.00030000000000000003,3
2023-06-29 00:00:00+00:00,0.0001,8.896666666666668e-05,0.00026690000000000004,3
2023-06-30 00:00:00+00:00,0.0001,7.163e-05,0.00021489000000000002,3
2023-07-01 00:00:00+00:00,0.0001,0.0001,0.00030000000000000003,3
2023-07-02 00:00:00+00:00,0.0001,0.0001,0.00030000000000000003,3
2023-07-03 00:00:00+00:00,0.0001,0.0001,0.00030000000000000003,3
2023-07-04 00:00:00+00:00,0.0001,0.0001,0.00030000000000000003,3
2023-07-05 00:00:00+00:00,0.0001,0.0001,0.00030000000000000003,3
2023-07-06 00:00:00+00:00,0.0001,0.0001,0.00030000000000000003,3
2023-07-07 00:00:00+00:00,0.0001,0.0001,0.00030000000000000003,3
2023-07-08 00:00:00+00:00,0.0001,0.0001,0.00030000000000000003,3
2023-07-09 00:00:00+00:00,0.0001,0.0001,0.00030000000000000003,3
2023-07-10 00:00:00+00:00,7.094e-05,9.031333333333333e-05,0.00027094,3
2023-07-11 00:00:00+00:00,0.0001,4.521000000000001e-05,0.00013563000000000003,3
2023-07-12 00:00:00+00:00,0.0001,8.557333333333334e-05,0.00025672,3
2023-07-13 00:00:00+00:00,0.0001,0.0001,0.00030000000000000003,3
2023-07-14 00:00:00+00:00,0.00035658,0.00019726666666666665,0.0005918,3
2023-07-15 00:00:00+00:00,0.0001,0.0001,0.00030000000000000003,3
2023-07-16 00:00:00+00:00,0.0001,0.0001,0.00030000000000000003,3
2023-07-17 00:00:00+00:00,0.0001,0.0001,0.00030000000000000003,3
2023-07-18 00:00:00+00:00,0.0001,0.0001,0.00030000000000000003,3
2023-07-19 00:00:00+00:00,0.0001,0.0001,0.00030000000000000003,3
2023-07-20 00:00:00+00:00,0.0001,0.0001,0.00030000000000000003,3
2023-07-21 00:00:00+00:00,0.0001,0.0001,0.00030000000000000003,3
2023-07-22 00:00:00+00:00,0.0001,9.415666666666667e-05,0.00028247,3
2023-07-23 00:00:00+00:00,7.098e-05,8.746333333333333e-05,0.00026239,3
2023-07-24 00:00:00+00:00,0.0001,8.414333333333333e-05,0.00025243,3
2023-07-25 00:00:00+00:00,-7.62e-06,4.980666666666667e-05,0.00014942000000000002,3
2023-07-26 00:00:00+00:00,0.0001,9.794333333333334e-05,0.00029383,3
2023-07-27 00:00:00+00:00,0.0001,6.295e-05,0.00018885,3
2023-07-28 00:00:00+00:00,0.0001,6.987666666666667e-05,0.00020963,3
2023-07-29 00:00:00+00:00,0.0001,8.966333333333333e-05,0.00026899,3
2023-07-30 00:00:00+00:00,0.0001,0.0001,0.00030000000000000003,3
2023-07-31 00:00:00+00:00,0.0001,0.0001,0.00030000000000000003,3
2023-08-01 00:00:00+00:00,0.0001,4.808666666666667e-05,0.00014426,3
2023-08-02 00:00:00+00:00,0.0001,8.814e-05,0.00026442,3
2023-08-03 00:00:00+00:00,0.0001,0.0001,0.00030000000000000003,3
2023-08-04 00:00:00+00:00,0.0001,0.0001,0.00030000000000000003,3
2023-08-05 00:00:00+00:00,0.0001,0.0001,0.00030000000000000003,3
2023-08-06 00:00:00+00:00,0.0001,0.0001,0.00030000000000000003,3
2023-08-07 00:00:00+00:00,0.0001,0.0001,0.00030000000000000003,3
2023-08-08 00:00:00+00:00,0.0001,0.0001,0.00030000000000000003,3
2023-08-09 00:00:00+00:00,0.0001,0.0001,0.00030000000000000003,3
2023-08-10 00:00:00+00:00,0.0001,0.0001,0.00030000000000000003,3
2023-08-11 00:00:00+00:00,0.0001,0.0001,0.00030000000000000003,3
2023-08-12 00:00:00+00:00,0.0001,0.0001,0.00030000000000000003,3
2023-08-13 00:00:00+00:00,0.0001,0.0001,0.00030000000000000003,3
2023-08-14 00:00:00+00:00,0.0001,0.0001,0.00030000000000000003,3
2023-08-15 00:00:00+00:00,0.0001,0.0001,0.00030000000000000003,3
2023-08-16 00:00:00+00:00,0.0001,0.0001,0.00030000000000000003,3
2023-08-17 00:00:00+00:00,0.0001,0.0001,0.00030000000000000003,3
2023-08-18 00:00:00+00:00,0.0001,-0.00010861666666666667,-0.00032585000000000003,3
2023-08-19 00:00:00+00:00,1.861e-05,2.7666666666666667e-05,8.3e-05,3
2023-08-20 00:00:00+00:00,7.862e-05,3.817e-05,0.00011451,3
2023-08-21 00:00:00+00:00,6.586e-05,5.8416666666666666e-05,0.00017525,3
2023-08-22 00:00:00+00:00,3.208e-05,1.1556666666666666e-05,3.467e-05,3
2023-08-23 00:00:00+00:00,5.148e-05,3.602e-05,0.00010805999999999999,3
2023-08-24 00:00:00+00:00,0.0001,1.948e-05,5.844e-05,3
2023-08-25 00:00:00+00:00,0.0001,5.287666666666666e-05,0.00015863,3
2023-08-26 00:00:00+00:00,7.25e-05,8.356666666666667e-05,0.0002507,3
2023-08-27 00:00:00+00:00,4.654e-05,8.218e-05,0.00024654,3
2023-08-28 00:00:00+00:00,0.0001,7.137666666666667e-05,0.00021413,3
2023-08-29 00:00:00+00:00,0.0001,6.456e-05,0.00019368,3
2023-08-30 00:00:00+00:00,0.0001,6.216e-05,0.00018648000000000002,3
2023-08-31 00:00:00+00:00,0.0001,7.898666666666667e-05,0.00023696,3
2023-09-01 00:00:00+00:00,3.666e-05,3.932e-05,0.00011796000000000002,3
2023-09-02 00:00:00+00:00,-5.162e-05,-1.0543333333333331e-05,-3.1629999999999994e-05,3
2023-09-03 00:00:00+00:00,0.0001,5.238333333333333e-05,0.00015715,3
2023-09-04 00:00:00+00:00,2.219e-05,5.282333333333333e-05,0.00015847,3
2023-09-05 00:00:00+00:00,7.126e-05,3.143e-05,9.429000000000001e-05,3
2023-09-06 00:00:00+00:00,0.0001,2.8336666666666666e-05,8.501e-05,3
2023-09-07 00:00:00+00:00,0.0001,6.743666666666666e-05,0.00020231,3
2023-09-08 00:00:00+00:00,2.738e-05,4.728e-05,0.00014184,3
2023-09-09 00:00:00+00:00,-6.4e-06,5.71e-06,1.713e-05,3
2023-09-10 00:00:00+00:00,0.0001,4.3629999999999994e-05,0.00013089,3
2023-09-11 00:00:00+00:00,-0.00012362,-1.9350000000000006e-05,-5.8050000000000015e-05,3
2023-09-12 00:00:00+00:00,-5.59e-05,-3.706e-05,-0.00011118,3
2023-09-13 00:00:00+00:00,2.877e-05,1.7053333333333335e-05,5.1160000000000005e-05,3
2023-09-14 00:00:00+00:00,0.0001,5.023666666666667e-05,0.00015071000000000003,3
2023-09-15 00:00:00+00:00,0.0001,5.980666666666667e-05,0.00017942,3
2023-09-16 00:00:00+00:00,6.05e-05,5.250666666666666e-05,0.00015752,3
2023-09-17 00:00:00+00:00,1.216e-05,5.522333333333334e-05,0.00016567,3
2023-09-18 00:00:00+00:00,3.995e-05,6.530333333333334e-05,0.00019591,3
2023-09-19 00:00:00+00:00,0.0001,4.0463333333333336e-05,0.00012139,3
2023-09-20 00:00:00+00:00,6.048e-05,3.689666666666666e-05,0.00011068999999999999,3
2023-09-21 00:00:00+00:00,0.0001,5.9273333333333334e-05,0.00017782,3
2023-09-22 00:00:00+00:00,4.483e-05,2.014e-05,6.042e-05,3
2023-09-23 00:00:00+00:00,7.14e-06,-2.7686666666666664e-05,-8.306e-05,3
2023-09-24 00:00:00+00:00,9.369e-05,9.275666666666667e-05,0.00027827,3
2023-09-25 00:00:00+00:00,2.4e-07,5.012666666666667e-05,0.00015038,3
2023-09-26 00:00:00+00:00,3.12e-05,-3.0213333333333334e-05,-9.064e-05,3
2023-09-27 00:00:00+00:00,0.0001,4.0533333333333334e-05,0.0001216,3
2023-09-28 00:00:00+00:00,8.535e-05,9.511666666666667e-05,0.00028535,3
2023-09-29 00:00:00+00:00,0.0001,6.006e-05,0.00018018,3
2023-09-30 00:00:00+00:00,0.0001,9.039e-05,0.00027117,3
2023-10-01 00:00:00+00:00,7.4e-05,9.133333333333334e-05,0.000274,3
2023-10-02 00:00:00+00:00,-7.3e-06,3.711666666666667e-05,0.00011135000000000001,3
2023-10-03 00:00:00+00:00,7.967e-05,9.890000000000002e-06,2.9670000000000006e-05,3
2023-10-04 00:00:00+00:00,0.0001,4.22e-05,0.00012660000000000001,3
2023-10-05 00:00:00+00:00,8.203e-05,4.184e-05,0.00012552,3
2023-10-06 00:00:00+00:00,0.0001,3.223e-05,9.669e-05,3
2023-10-07 00:00:00+00:00,0.0001,3.143666666666667e-05,9.431000000000001e-05,3
2023-10-08 00:00:00+00:00,0.0001,0.0001,0.00030000000000000003,3
2023-10-09 00:00:00+00:00,-4.989e-05,2.25e-05,6.75e-05,3
2023-10-10 00:00:00+00:00,0.0001,-3.516333333333333e-05,-0.00010549,3
2023-10-11 00:00:00+00:00,0.0001,4.6580000000000005e-05,0.00013974000000000001,3
2023-10-12 00:00:00+00:00,0.0001,3.358e-05,0.00010074,3
2023-10-13 00:00:00+00:00,9.674e-05,5.8693333333333336e-05,0.00017608,3
2023-10-14 00:00:00+00:00,0.0001,4.057666666666667e-05,0.00012173,3
2023-10-15 00:00:00+00:00,0.0001,0.0001,0.00030000000000000003,3
2023-10-16 00:00:00+00:00,8.435e-05,9.478333333333334e-05,0.00028435,3
2023-10-17 00:00:00+00:00,0.0001,0.0001,0.00030000000000000003,3
2023-10-18 00:00:00+00:00,7.559e-05,3.88e-05,0.0001164,3
2023-10-19 00:00:00+00:00,2.199e-05,6.413333333333333e-06,1.924e-05,3
2023-10-20 00:00:00+00:00,8.867e-05,2.3283333333333335e-05,6.985e-05,3
2023-10-21 00:00:00+00:00,0.0001,8.375333333333333e-05,0.00025126,3
2023-10-22 00:00:00+00:00,6.989e-05,7.460000000000001e-05,0.00022380000000000002,3
2023-10-23 00:00:00+00:00,0.0001,0.0001,0.00030000000000000003,3
2023-10-24 00:00:00+00:00,0.0001,0.0001,0.00030000000000000003,3
2023-10-25 00:00:00+00:00,0.0001,0.0001,0.00030000000000000003,3
2023-10-26 00:00:00+00:00,0.0001,0.0001,0.00030000000000000003,3
2023-10-27 00:00:00+00:00,0.00011325,0.00010441666666666667,0.00031325,3
2023-10-28 00:00:00+00:00,0.0001,0.0001,0.00030000000000000003,3
2023-10-29 00:00:00+00:00,0.0001,0.0001,0.00030000000000000003,3
2023-10-30 00:00:00+00:00,0.00020656,0.00013552,0.00040656000000000004,3
2023-10-31 00:00:00+00:00,0.00021196,0.0001889933333333333,0.0005669799999999999,3
2023-11-01 00:00:00+00:00,0.0001,0.0001,0.00030000000000000003,3
2023-11-02 00:00:00+00:00,0.00032759,0.0002990566666666667,0.0008971700000000001,3
2023-11-03 00:00:00+00:00,0.0002041,0.00013666333333333332,0.00040999,3
2023-11-04 00:00:00+00:00,0.00020564,0.00014945333333333331,0.00044835999999999997,3
2023-11-05 00:00:00+00:00,0.00044418,0.0003426733333333333,0.00102802,3
2023-11-06 00:00:00+00:00,0.00050738,0.0004148333333333333,0.0012445,3
2023-11-07 00:00:00+00:00,0.00027115,0.0002347833333333333,0.00070435,3
2023-11-08 00:00:00+00:00,0.00027868,0.0002107966666666667,0.00063239,3
2023-11-09 00:00:00+00:00,0.00050228,0.0004375833333333334,0.0013127500000000001,3
2023-11-10 00:00:00+00:00,0.00024087,0.0002839066666666667,0.00085172,3
2023-11-11 00:00:00+00:00,0.00046399,0.00037374666666666664,0.00112124,3
2023-11-12 00:00:00+00:00,0.00050983,0.0003921033333333333,0.0011763099999999999,3
2023-11-13 00:00:00+00:00,0.00041137,0.00048734666666666663,0.00146204,3
2023-11-14 00:00:00+00:00,0.0001,0.00025971333333333333,0.00077914,3
2023-11-15 00:00:00+00:00,0.0001,0.0001,0.00030000000000000003,3
2023-11-16 00:00:00+00:00,0.00014867,0.00021905666666666667,0.00065717,3
2023-11-17 00:00:00+00:00,0.0001,0.0001,0.00030000000000000003,3
2023-11-18 00:00:00+00:00,0.0001,0.0001,0.00030000000000000003,3
2023-11-19 00:00:00+00:00,0.0001,0.0001,0.00030000000000000003,3
2023-11-20 00:00:00+00:00,0.00015335,0.00014764,0.00044291999999999997,3
2023-11-21 00:00:00+00:00,0.00013871,0.00011290333333333333,0.00033871,3
2023-11-22 00:00:00+00:00,0.0001,0.0001,0.00030000000000000003,3
2023-11-23 00:00:00+00:00,0.00010002,0.00010000666666666667,0.00030002,3
2023-11-24 00:00:00+00:00,0.0001,0.0001,0.00030000000000000003,3
2023-11-25 00:00:00+00:00,0.0001,0.0001,0.00030000000000000003,3
2023-11-26 00:00:00+00:00,0.0001,0.00012388,0.00037164,3
2023-11-27 00:00:00+00:00,0.0001,0.0001,0.00030000000000000003,3
2023-11-28 00:00:00+00:00,0.0001,0.0001,0.00030000000000000003,3
2023-11-29 00:00:00+00:00,0.0001,0.0001,0.00030000000000000003,3
2023-11-30 00:00:00+00:00,0.00011231,0.00010410333333333334,0.00031231,3
2023-12-01 00:00:00+00:00,0.00012081,0.00010693666666666668,0.00032081000000000004,3
2023-12-02 00:00:00+00:00,0.00017615,0.00012754666666666667,0.00038264,3
2023-12-03 00:00:00+00:00,0.00037959,0.0003248666666666667,0.0009746,3
2023-12-04 00:00:00+00:00,0.00016662,0.00026371,0.00079113,3
2023-12-05 00:00:00+00:00,0.00023366,0.00016744,0.00050232,3
2023-12-06 00:00:00+00:00,0.00035686,0.0005023266666666666,0.00150698,3
2023-12-07 00:00:00+00:00,0.00027032,0.00031112,0.00093336,3
2023-12-08 00:00:00+00:00,0.00052573,0.0004648433333333333,0.00139453,3
2023-12-09 00:00:00+00:00,0.00066657,0.0006007033333333333,0.00180211,3
2023-12-10 00:00:00+00:00,0.00030511,0.00037318333333333334,0.00111955,3
2023-12-11 00:00:00+00:00,0.0001,0.00021944,0.00065832,3
2023-12-12 00:00:00+00:00,0.00036586,0.00022759000000000004,0.0006827700000000001,3
2023-12-13 00:00:00+00:00,0.00029813,0.00025357,0.0007607099999999999,3
2023-12-14 00:00:00+00:00,0.00034422,0.00022274666666666668,0.0006682400000000001,3
2023-12-15 00:00:00+00:00,0.00055174,0.00043683000000000003,0.00131049,3
2023-12-16 00:00:00+00:00,0.00037604,0.0003140733333333333,0.0009422199999999999,3
2023-12-17 00:00:00+00:00,0.00023328,0.00023388333333333334,0.0007016500000000001,3
2023-12-18 00:00:00+00:00,0.0001,0.00015983666666666667,0.00047951000000000005,3
2023-12-19 00:00:00+00:00,0.00011759,0.00010586333333333335,0.00031759000000000003,3
2023-12-20 00:00:00+00:00,0.00031135,0.00017627666666666667,0.00052883,3
2023-12-21 00:00:00+00:00,0.00044864,0.00030804,0.00092412,3
2023-12-22 00:00:00+00:00,0.00060892,0.0005194733333333334,0.00155842,3
2023-12-23 00:00:00+00:00,0.00049065,0.0003760466666666667,0.0011281400000000001,3
2023-12-24 00:00:00+00:00,0.00035152,0.00042159000000000006,0.0012647700000000001,3
2023-12-25 00:00:00+00:00,0.00048801,0.0002997,0.0008991,3
2023-12-26 00:00:00+00:00,0.00067009,0.0006283700000000001,0.0018851100000000002,3
2023-12-27 00:00:00+00:00,0.00063904,0.00051054,0.00153162,3
2023-12-28 00:00:00+00:00,0.00080019,0.0007102699999999999,0.00213081,3
2023-12-29 00:00:00+00:00,0.00057316,0.00055224,0.00165672,3
2023-12-30 00:00:00+00:00,0.00038653,0.00038553333333333334,0.0011566,3
2023-12-31 00:00:00+00:00,0.00043781,0.0003890566666666666,0.00116717,3
2024-01-01 00:00:00+00:00,0.00042097,0.00038218333333333334,0.00114655,3
2024-01-02 00:00:00+00:00,0.00075632,0.0006198233333333333,0.00185947,3
2024-01-03 00:00:00+00:00,0.0001,0.00037627,0.00112881,3
2024-01-04 00:00:00+00:00,0.0001,0.0001,0.00030000000000000003,3
2024-01-05 00:00:00+00:00,0.0001,0.0001,0.00030000000000000003,3
2024-01-06 00:00:00+00:00,0.0001,0.0001,0.00030000000000000003,3
2024-01-07 00:00:00+00:00,0.0001,0.0001,0.00030000000000000003,3
2024-01-08 00:00:00+00:00,0.0001,0.0001,0.00030000000000000003,3
2024-01-09 00:00:00+00:00,0.0001,0.0001,0.00030000000000000003,3
2024-01-10 00:00:00+00:00,0.0001,0.0001,0.00030000000000000003,3
2024-01-11 00:00:00+00:00,0.0001,0.0001,0.00030000000000000003,3
2024-01-12 00:00:00+00:00,0.0001,0.0001,0.00030000000000000003,3
2024-01-13 00:00:00+00:00,0.0001,0.0001,0.00030000000000000003,3
2024-01-14 00:00:00+00:00,0.0001,0.0001,0.00030000000000000003,3
2024-01-15 00:00:00+00:00,0.0001,0.0001,0.00030000000000000003,3
2024-01-16 00:00:00+00:00,0.0001,0.0001,0.00030000000000000003,3
2024-01-17 00:00:00+00:00,0.0001,0.0001,0.00030000000000000003,3
2024-01-18 00:00:00+00:00,0.0001,0.0001,0.00030000000000000003,3
2024-01-19 00:00:00+00:00,0.0001,0.0001,0.00030000000000000003,3
2024-01-20 00:00:00+00:00,0.0001,0.0001,0.00030000000000000003,3
2024-01-21 00:00:00+00:00,0.0001,0.0001,0.00030000000000000003,3
2024-01-22 00:00:00+00:00,0.0001,0.0001,0.00030000000000000003,3
2024-01-23 00:00:00+00:00,0.0001,0.0001,0.00030000000000000003,3
2024-01-24 00:00:00+00:00,0.0001,0.0001,0.00030000000000000003,3
2024-01-25 00:00:00+00:00,0.0001,0.0001,0.00030000000000000003,3
2024-01-26 00:00:00+00:00,0.0001,0.0001,0.00030000000000000003,3
2024-01-27 00:00:00+00:00,0.0001,0.0001,0.00030000000000000003,3
2024-01-28 00:00:00+00:00,0.0001,0.0001,0.00030000000000000003,3
2024-01-29 00:00:00+00:00,0.0001,9.302666666666667e-05,0.00027908,3
2024-01-30 00:00:00+00:00,0.0001,0.0001,0.00030000000000000003,3
2024-01-31 00:00:00+00:00,0.0001,0.0001,0.00030000000000000003,3
2024-02-01 00:00:00+00:00,0.0001,0.0001,0.00030000000000000003,3
2024-02-02 00:00:00+00:00,0.0001,0.0001,0.00030000000000000003,3
2024-02-03 00:00:00+00:00,0.0001,0.0001,0.00030000000000000003,3
2024-02-04 00:00:00+00:00,0.0001,0.0001,0.00030000000000000003,3
2024-02-05 00:00:00+00:00,0.0001,4.8990000000000004e-05,0.00014697,3
2024-02-06 00:00:00+00:00,0.0001,0.0001,0.00030000000000000003,3
2024-02-07 00:00:00+00:00,0.0001,0.0001,0.00030000000000000003,3
2024-02-08 00:00:00+00:00,0.0001,0.0001,0.00030000000000000003,3
2024-02-09 00:00:00+00:00,0.0001,0.0001,0.00030000000000000003,3
2024-02-10 00:00:00+00:00,0.0001,0.0001,0.00030000000000000003,3
2024-02-11 00:00:00+00:00,0.0001,0.0001,0.00030000000000000003,3
2024-02-12 00:00:00+00:00,0.0001,0.0001,0.00030000000000000003,3
2024-02-13 00:00:00+00:00,0.0001,0.0001,0.00030000000000000003,3
2024-02-14 00:00:00+00:00,0.00018577,0.00013675666666666667,0.00041027,3
2024-02-15 00:00:00+00:00,0.00038884,0.00030487,0.0009146099999999999,3
2024-02-16 00:00:00+00:00,0.000197,0.00022965,0.00068895,3
2024-02-17 00:00:00+00:00,0.00013306,0.00019755999999999997,0.0005926799999999999,3
2024-02-18 00:00:00+00:00,0.00020095,0.00014707666666666667,0.00044123,3
2024-02-19 00:00:00+00:00,0.00028198,0.0003165866666666667,0.00094976,3
2024-02-20 00:00:00+00:00,0.00027917,0.00032407000000000003,0.00097221,3
2024-02-21 00:00:00+00:00,0.0001,0.00017148,0.00051444,3
2024-02-22 00:00:00+00:00,0.00024056,0.00020251,0.00060753,3
2024-02-23 00:00:00+00:00,0.00020197,0.00020904333333333336,0.00062713,3
2024-02-24 00:00:00+00:00,0.00031926,0.00020876999999999997,0.0006263099999999999,3
2024-02-25 00:00:00+00:00,0.00038261,0.00025678666666666665,0.00077036,3
2024-02-26 00:00:00+00:00,0.00043246,0.0004460933333333334,0.00133828,3
2024-02-27 00:00:00+00:00,0.00041376,0.00036791666666666673,0.0011037500000000001,3
2024-02-28 00:00:00+00:00,0.00066042,0.00044450666666666664,0.00133352,3
2024-02-29 00:00:00+00:00,0.00094635,0.0007418433333333333,0.00222553,3
2024-03-01 00:00:00+00:00,0.00061221,0.0006204,0.0018612,3
2024-03-02 00:00:00+00:00,0.00073659,0.0007609066666666667,0.0022827200000000002,3
2024-03-03 00:00:00+00:00,0.00038215,0.00058332,0.00174996,3
2024-03-04 00:00:00+00:00,0.00068464,0.0006966933333333334,0.0020900800000000002,3
2024-03-05 00:00:00+00:00,0.00126547,0.00112036,0.00336108,3
2024-03-06 00:00:00+00:00,0.00042387,0.00022859,0.00068577,3
2024-03-07 00:00:00+00:00,0.00040286,0.00029778333333333335,0.00089335,3
2024-03-08 00:00:00+00:00,0.00053103,0.00043611999999999996,0.00130836,3
2024-03-09 00:00:00+00:00,0.00041679,0.0004564866666666666,0.0013694599999999999,3
2024-03-10 00:00:00+00:00,0.00034173,0.00052485,0.00157455,3
2024-03-11 00:00:00+00:00,0.00067297,0.0005773633333333333,0.00173209,3
2024-03-12 00:00:00+00:00,0.00055803,0.00075425,0.00226275,3
2024-03-13 00:00:00+00:00,0.00062565,0.00069221,0.00207663,3
2024-03-14 00:00:00+00:00,0.00075915,0.0008787833333333333,0.00263635,3
2024-03-15 00:00:00+00:00,0.0002152,0.0004613033333333333,0.00138391,3
2024-03-16 00:00:00+00:00,0.00013411,0.00020548666666666667,0.00061646,3
2024-03-17 00:00:00+00:00,0.0001994,0.00013313333333333333,0.0003994,3
2024-03-18 00:00:00+00:00,0.00023661,0.00018685999999999998,0.00056058,3
2024-03-19 00:00:00+00:00,0.0001,0.0001,0.00030000000000000003,3
2024-03-20 00:00:00+00:00,0.0001,0.0001,0.00030000000000000003,3
2024-03-21 00:00:00+00:00,0.0001,0.0001,0.00030000000000000003,3
2024-03-22 00:00:00+00:00,0.0001,0.00015156333333333333,0.00045469,3
2024-03-23 00:00:00+00:00,0.0001,0.0001,0.00030000000000000003,3
2024-03-24 00:00:00+00:00,0.00018927,0.0001297566666666667,0.00038927000000000005,3
2024-03-25 00:00:00+00:00,0.00020035,0.0002109,0.0006327,3
2024-03-26 00:00:00+00:00,0.00026912,0.00026041666666666666,0.00078125,3
2024-03-27 00:00:00+00:00,0.00026234,0.00032928,0.00098784,3
2024-03-28 00:00:00+00:00,0.00043124,0.0003895366666666667,0.00116861,3
2024-03-29 00:00:00+00:00,0.00047309,0.00053846,0.00161538,3
2024-03-30 00:00:00+00:00,0.00068289,0.0005311633333333333,0.00159349,3
2024-03-31 00:00:00+00:00,0.00073458,0.0005882600000000001,0.00176478,3
2024-04-01 00:00:00+00:00,0.00025193,0.00043016999999999996,0.00129051,3
2024-04-02 00:00:00+00:00,0.00017998,0.0002497233333333333,0.00074917,3
2024-04-03 00:00:00+00:00,0.00010258,0.00010381666666666666,0.00031145,3
2024-04-04 00:00:00+00:00,0.00018035,0.00017377666666666667,0.00052133,3
2024-04-05 00:00:00+00:00,0.0001,0.00014217333333333334,0.00042652,3
2024-04-06 00:00:00+00:00,0.0001,0.0001,0.00030000000000000003,3
2024-04-07 00:00:00+00:00,0.0001,0.0001,0.00030000000000000003,3
2024-04-08 00:00:00+00:00,0.0001,0.0001,0.00030000000000000003,3
2024-04-09 00:00:00+00:00,0.00020166,0.00022390666666666668,0.00067172,3
2024-04-10 00:00:00+00:00,0.00023822,0.00018902666666666666,0.00056708,3
2024-04-11 00:00:00+00:00,0.0001,0.0001,0.00030000000000000003,3
2024-04-12 00:00:00+00:00,0.0001,0.00010118666666666667,0.00030356000000000003,3
2024-04-13 00:00:00+00:00,0.0001,0.0001,0.00030000000000000003,3
2024-04-14 00:00:00+00:00,9.073e-05,-6.682666666666667e-05,-0.00020048,3
2024-04-15 00:00:00+00:00,-7.15e-06,6.233e-05,0.00018699,3
2024-04-16 00:00:00+00:00,-5.173e-05,4.7063333333333334e-05,0.00014119,3
2024-04-17 00:00:00+00:00,0.0001,5.8903333333333336e-05,0.00017671,3
2024-04-18 00:00:00+00:00,6.171e-05,4.859666666666667e-05,0.00014579,3
2024-04-19 00:00:00+00:00,8.512e-05,3.1983333333333336e-05,9.595e-05,3
2024-04-20 00:00:00+00:00,5.909e-05,6.366333333333332e-05,0.00019098999999999999,3
2024-04-21 00:00:00+00:00,6.516e-05,6.071666666666667e-05,0.00018215,3
2024-04-22 00:00:00+00:00,5.374e-05,1.0199999999999997e-05,3.059999999999999e-05,3
2024-04-23 00:00:00+00:00,0.0001,8.130333333333334e-05,0.00024391000000000001,3
2024-04-24 00:00:00+00:00,6.008e-05,8.018666666666668e-05,0.00024056000000000001,3
2024-04-25 00:00:00+00:00,7.772e-05,6.738333333333334e-05,0.00020215,3
2024-04-26 00:00:00+00:00,9.477e-05,2.2383333333333336e-05,6.715e-05,3
2024-04-27 00:00:00+00:00,5.764e-05,3.562666666666667e-05,0.00010688,3
2024-04-28 00:00:00+00:00,0.0001,9.380333333333333e-05,0.00028141,3
2024-04-29 00:00:00+00:00,6.276e-05,1.23e-06,3.6900000000000002e-06,3
2024-04-30 00:00:00+00:00,0.0001,9.051666666666667e-05,0.00027155,3
2024-05-01 00:00:00+00:00,4.728e-05,-5.7799999999999955e-06,-1.7339999999999986e-05,3
2024-05-02 00:00:00+00:00,5.302e-05,8.434000000000001e-05,0.00025302,3
2024-05-03 00:00:00+00:00,6.967e-05,-5.2999999999999975e-06,-1.5899999999999993e-05,3
2024-05-04 00:00:00+00:00,0.0001,8.133e-05,0.00024399,3
2024-05-05 00:00:00+00:00,4.289e-05,6.734666666666667e-05,0.00020204,3
2024-05-06 00:00:00+00:00,0.0001,6.619333333333334e-05,0.00019858,3
2024-05-07 00:00:00+00:00,0.0001,0.0001,0.00030000000000000003,3
2024-05-08 00:00:00+00:00,0.0001,0.0001,0.00030000000000000003,3
2024-05-09 00:00:00+00:00,0.0001,9.481333333333334e-05,0.00028444,3
2024-05-10 00:00:00+00:00,0.0001,0.0001,0.00030000000000000003,3
2024-05-11 00:00:00+00:00,3.447e-05,5.3910000000000004e-05,0.00016173,3
2024-05-12 00:00:00+00:00,5.396e-05,6.124666666666667e-05,0.00018374,3
2024-05-13 00:00:00+00:00,2.574e-05,-4.096666666666667e-06,-1.229e-05,3
2024-05-14 00:00:00+00:00,0.0001,0.0001,0.00030000000000000003,3
2024-05-15 00:00:00+00:00,-6.982e-05,4.339333333333334e-05,0.00013018,3
2024-05-16 00:00:00+00:00,0.0001,9.617333333333334e-05,0.00028852,3
2024-05-17 00:00:00+00:00,0.0001,0.0001,0.00030000000000000003,3
2024-05-18 00:00:00+00:00,0.0001,0.0001,0.00030000000000000003,3
2024-05-19 00:00:00+00:00,0.0001,0.0001,0.00030000000000000003,3
2024-05-20 00:00:00+00:00,6.026e-05,6.520333333333334e-05,0.00019561,3
2024-05-21 00:00:00+00:00,0.0001,0.0001,0.00030000000000000003,3
2024-05-22 00:00:00+00:00,0.0001,0.0001,0.00030000000000000003,3
2024-05-23 00:00:00+00:00,0.0001,0.0001,0.00030000000000000003,3
2024-05-24 00:00:00+00:00,0.0001,0.0001,0.00030000000000000003,3
2024-05-25 00:00:00+00:00,0.0001,0.0001,0.00030000000000000003,3
2024-05-26 00:00:00+00:00,0.0001,0.0001,0.00030000000000000003,3
2024-05-27 00:00:00+00:00,0.00013322,0.00011107333333333333,0.00033322,3
2024-05-28 00:00:00+00:00,0.00015077,0.00011692333333333334,0.00035077000000000003,3
2024-05-29 00:00:00+00:00,0.00015415,0.00011805000000000001,0.00035415,3
2024-05-30 00:00:00+00:00,0.0001,0.0001,0.00030000000000000003,3
2024-05-31 00:00:00+00:00,0.0001,0.0001,0.00030000000000000003,3
2024-06-01 00:00:00+00:00,0.0001,0.0001,0.00030000000000000003,3
2024-06-02 00:00:00+00:00,0.0001,0.0001,0.00030000000000000003,3
2024-06-03 00:00:00+00:00,0.0001,0.0001,0.00030000000000000003,3
2024-06-04 00:00:00+00:00,0.0001,0.0001,0.00030000000000000003,3
2024-06-05 00:00:00+00:00,0.00020197,0.00018925666666666667,0.00056777,3
2024-06-06 00:00:00+00:00,0.00022647,0.00023654666666666666,0.00070964,3
2024-06-07 00:00:00+00:00,0.0001281,0.00010936666666666666,0.0003281,3
2024-06-08 00:00:00+00:00,0.0001,0.0001,0.00030000000000000003,3
2024-06-09 00:00:00+00:00,0.0001,0.0001,0.00030000000000000003,3
2024-06-10 00:00:00+00:00,0.0001,0.0001,0.00030000000000000003,3
2024-06-11 00:00:00+00:00,0.0001,0.0001,0.00030000000000000003,3
2024-06-12 00:00:00+00:00,0.0001,0.0001,0.00030000000000000003,3
2024-06-13 00:00:00+00:00,0.0001,0.0001,0.00030000000000000003,3
2024-06-14 00:00:00+00:00,0.0001,0.0001,0.00030000000000000003,3
2024-06-15 00:00:00+00:00,0.0001,9.776333333333333e-05,0.00029329,3
2024-06-16 00:00:00+00:00,6.001e-05,-4.556666666666666e-06,-1.3669999999999996e-05,3
2024-06-17 00:00:00+00:00,4.432e-05,7.392666666666666e-05,0.00022178,3
2024-06-18 00:00:00+00:00,0.0001,0.0001,0.00030000000000000003,3
2024-06-19 00:00:00+00:00,0.0001,0.0001,0.00030000000000000003,3
2024-06-20 00:00:00+00:00,0.0001,5.911666666666667e-05,0.00017735,3
2024-06-21 00:00:00+00:00,0.0001,6.632333333333334e-05,0.00019897000000000003,3
2024-06-22 00:00:00+00:00,0.0001,6.936333333333334e-05,0.00020809000000000002,3
2024-06-23 00:00:00+00:00,5.225e-05,8.408333333333335e-05,0.00025225000000000003,3
2024-06-24 00:00:00+00:00,8.708e-05,3.2556666666666666e-05,9.766999999999999e-05,3
2024-06-25 00:00:00+00:00,0.0001,2.374e-05,7.122e-05,3
2024-06-26 00:00:00+00:00,0.0001,2.098666666666667e-05,6.296000000000001e-05,3
2024-06-27 00:00:00+00:00,4.408e-05,4.9603333333333327e-05,0.00014880999999999998,3
2024-06-28 00:00:00+00:00,0.0001,2.960333333333334e-05,8.881000000000001e-05,3
2024-06-29 00:00:00+00:00,0.0001,3.924333333333334e-05,0.00011773000000000001,3
2024-06-30 00:00:00+00:00,-1.617e-05,6.127666666666667e-05,0.00018383,3
2024-07-01 00:00:00+00:00,0.0001,2.7436666666666668e-05,8.231e-05,3
2024-07-02 00:00:00+00:00,0.0001,5.729000000000001e-05,0.00017187000000000002,3
2024-07-03 00:00:00+00:00,0.0001,0.0001,0.00030000000000000003,3
2024-07-04 00:00:00+00:00,3.819e-05,4.692666666666667e-05,0.00014078000000000002,3
2024-07-05 00:00:00+00:00,-4.334e-05,-3.5883333333333336e-05,-0.00010765,3
2024-07-06 00:00:00+00:00,6.294e-05,7.496e-05,0.00022488,3
2024-07-07 00:00:00+00:00,4.32e-06,8.710000000000003e-06,2.613000000000001e-05,3
2024-07-08 00:00:00+00:00,0.0001,9.540000000000002e-06,2.8620000000000007e-05,3
2024-07-09 00:00:00+00:00,9.611e-05,4.4380000000000005e-05,0.00013314000000000002,3
2024-07-10 00:00:00+00:00,0.0001,9.155666666666667e-05,0.00027467,3
2024-07-11 00:00:00+00:00,-3.276e-05,2.3960000000000004e-05,7.188000000000001e-05,3
2024-07-12 00:00:00+00:00,1.685e-05,-1.3653333333333339e-05,-4.0960000000000014e-05,3
2024-07-13 00:00:00+00:00,1.117e-05,9.983333333333333e-06,2.995e-05,3
2024-07-14 00:00:00+00:00,0.0001,0.0001,0.00030000000000000003,3
2024-07-15 00:00:00+00:00,-2.973e-05,5.675666666666667e-05,0.00017027,3
2024-07-16 00:00:00+00:00,0.0001,7.974e-05,0.00023922,3
2024-07-17 00:00:00+00:00,0.0001,9.039333333333333e-05,0.00027118,3
2024-07-18 00:00:00+00:00,8.292e-05,9.430666666666666e-05,0.00028292,3
2024-07-19 00:00:00+00:00,-2.833e-05,-1.8766666666666668e-05,-5.63e-05,3
2024-07-20 00:00:00+00:00,0.0001,0.0001,0.00030000000000000003,3
2024-07-21 00:00:00+00:00,5.083e-05,8.361000000000001e-05,0.00025083,3
2024-07-22 00:00:00+00:00,0.0001,0.0001,0.00030000000000000003,3
2024-07-23 00:00:00+00:00,0.0001,0.0001,0.00030000000000000003,3
2024-07-24 00:00:00+00:00,0.0001,0.0001,0.00030000000000000003,3
2024-07-25 00:00:00+00:00,0.0001,8.696333333333333e-05,0.00026089,3
2024-07-26 00:00:00+00:00,1.981e-05,5.1269999999999995e-05,0.00015381,3
2024-07-27 00:00:00+00:00,0.0001,9.991e-05,0.00029973,3
2024-07-28 00:00:00+00:00,0.0001,0.0001,0.00030000000000000003,3
2024-07-29 00:00:00+00:00,0.0001,5.840666666666667e-05,0.00017522000000000002,3
2024-07-30 00:00:00+00:00,-3.49e-05,1.1893333333333335e-05,3.5680000000000004e-05,3
2024-07-31 00:00:00+00:00,3.36e-05,3.394333333333333e-05,0.00010182999999999999,3
2024-08-01 00:00:00+00:00,8.854e-05,-1.6133333333333337e-06,-4.840000000000001e-06,3
2024-08-02 00:00:00+00:00,1.973e-05,-2.6666666666666673e-06,-8.000000000000001e-06,3
2024-08-03 00:00:00+00:00,-2.2e-06,3.252e-05,9.756000000000001e-05,3
2024-08-04 00:00:00+00:00,-2.086e-05,9.046666666666668e-06,2.714e-05,3
2024-08-05 00:00:00+00:00,-7.287e-05,-3.911e-05,-0.00011733,3
2024-08-06 00:00:00+00:00,2.897e-05,3.279666666666667e-05,9.839000000000001e-05,3
2024-08-07 00:00:00+00:00,-1.46e-05,-2.6283333333333336e-05,-7.885e-05,3
2024-08-08 00:00:00+00:00,5.858e-05,-1.599e-05,-4.797e-05,3
2024-08-09 00:00:00+00:00,1.624e-05,4.307333333333334e-05,0.00012922,3
2024-08-10 00:00:00+00:00,5.348e-05,3.317e-05,9.951e-05,3
2024-08-11 00:00:00+00:00,-0.00010421,1.2010000000000007e-05,3.603000000000002e-05,3
2024-08-12 00:00:00+00:00,0.0001,5.648333333333334e-05,0.00016945000000000003,3
2024-08-13 00:00:00+00:00,7.155e-05,5.433e-05,0.00016299,3
2024-08-14 00:00:00+00:00,5.108e-05,3.666666666666575e-08,1.0999999999999725e-07,3
2024-08-15 00:00:00+00:00,6.26e-06,3.269666666666667e-05,9.809e-05,3
2024-08-16 00:00:00+00:00,8.959e-05,6.599999999999999e-05,0.000198,3
2024-08-17 00:00:00+00:00,2.019e-05,8.78e-06,2.6340000000000002e-05,3
2024-08-18 00:00:00+00:00,-4.86e-05,-1.1276666666666668e-05,-3.3830000000000006e-05,3
2024-08-19 00:00:00+00:00,3.323e-05,-2.0966666666666676e-06,-6.2900000000000025e-06,3
2024-08-20 00:00:00+00:00,8.379e-05,6.469333333333333e-05,0.00019407999999999998,3
2024-08-21 00:00:00+00:00,5.923e-05,2.6293333333333335e-05,7.888e-05,3
2024-08-22 00:00:00+00:00,9.583e-05,8.711333333333332e-05,0.00026134,3
2024-08-23 00:00:00+00:00,3.717e-05,2.8173333333333337e-05,8.452000000000001e-05,3
2024-08-24 00:00:00+00:00,7.298e-05,7.329999999999999e-05,0.00021989999999999998,3
2024-08-25 00:00:00+00:00,-5.081e-05,-9.283333333333335e-06,-2.7850000000000003e-05,3
2024-08-26 00:00:00+00:00,0.0001,3.654333333333333e-05,0.00010963,3
2024-08-27 00:00:00+00:00,0.0001,3.158e-05,9.474e-05,3
2024-08-28 00:00:00+00:00,-1.716e-05,-5.1330000000000005e-05,-0.00015399,3
2024-08-29 00:00:00+00:00,-4.47e-05,3.673333333333333e-06,1.102e-05,3
2024-08-30 00:00:00+00:00,2.68e-05,4.909333333333334e-05,0.00014728,3
2024-08-31 00:00:00+00:00,-4.425e-05,-8.893333333333333e-06,-2.668e-05,3
2024-09-01 00:00:00+00:00,9.267e-05,6.061333333333334e-05,0.00018184,3
2024-09-02 00:00:00+00:00,1.069e-05,-1.8566666666666666e-05,-5.57e-05,3
2024-09-03 00:00:00+00:00,9.222e-05,1.1826666666666666e-05,3.548e-05,3
2024-09-04 00:00:00+00:00,5.785e-05,2.8823333333333336e-05,8.647e-05,3
2024-09-05 00:00:00+00:00,5.742e-05,4.369333333333333e-05,0.00013108,3
2024-09-06 00:00:00+00:00,3.962e-05,9.19e-06,2.757e-05,3
2024-09-07 00:00:00+00:00,-5.133e-05,-0.00010016666666666666,-0.0003005,3
2024-09-08 00:00:00+00:00,6.018e-05,2.2443333333333336e-05,6.733000000000001e-05,3
2024-09-09 00:00:00+00:00,7.77e-06,-1.0666666666666508e-07,-3.1999999999999524e-07,3
2024-09-10 00:00:00+00:00,5.91e-05,3.237e-05,9.711e-05,3
2024-09-11 00:00:00+00:00,-3.828e-05,-1.754e-05,-5.262e-05,3
2024-09-12 00:00:00+00:00,1.29e-06,8.956666666666665e-06,2.6869999999999995e-05,3
2024-09-13 00:00:00+00:00,0.0001,-6.533333333333334e-06,-1.9600000000000002e-05,3
2024-09-14 00:00:00+00:00,1.826e-05,2.6133333333333343e-06,7.840000000000003e-06,3
2024-09-15 00:00:00+00:00,6.748e-05,7.202666666666667e-05,0.00021608,3
2024-09-16 00:00:00+00:00,9.584e-05,7.045e-05,0.00021135000000000001,3
2024-09-17 00:00:00+00:00,7.298e-05,3.495e-05,0.00010485,3
2024-09-18 00:00:00+00:00,4.909e-05,3.5006666666666665e-05,0.00010502,3
2024-09-19 00:00:00+00:00,0.0001,7.304666666666666e-05,0.00021914,3
2024-09-20 00:00:00+00:00,8.797e-05,6.430666666666666e-05,0.00019292,3
2024-09-21 00:00:00+00:00,0.0001,6.329333333333334e-05,0.00018988000000000002,3
2024-09-22 00:00:00+00:00,-5.159e-05,1.983666666666667e-05,5.9510000000000005e-05,3
2024-09-23 00:00:00+00:00,7.255e-05,5.701e-05,0.00017103,3
2024-09-24 00:00:00+00:00,0.0001,0.0001,0.00030000000000000003,3
2024-09-25 00:00:00+00:00,0.0001,0.0001,0.00030000000000000003,3
2024-09-26 00:00:00+00:00,0.0001,0.0001,0.00030000000000000003,3
2024-09-27 00:00:00+00:00,0.0001,0.0001,0.00030000000000000003,3
2024-09-28 00:00:00+00:00,0.0001,0.0001,0.00030000000000000003,3
2024-09-29 00:00:00+00:00,0.0001,0.0001,0.00030000000000000003,3
2024-09-30 00:00:00+00:00,0.0001,0.0001,0.00030000000000000003,3
2024-10-01 00:00:00+00:00,3.8e-05,7.933333333333334e-05,0.000238,3
2024-10-02 00:00:00+00:00,-0.00010486,-3.412e-05,-0.00010235999999999999,3
2024-10-03 00:00:00+00:00,0.0001,7.975666666666667e-05,0.00023927,3
2024-10-04 00:00:00+00:00,1.101e-05,-3.8956666666666666e-05,-0.00011687,3
2024-10-05 00:00:00+00:00,0.0001,4.035333333333334e-05,0.00012106000000000001,3
2024-10-06 00:00:00+00:00,3.884e-05,7.026000000000001e-05,0.00021078,3
2024-10-07 00:00:00+00:00,5.031e-05,1.248e-05,3.744e-05,3
2024-10-08 00:00:00+00:00,5.871e-05,3.788e-05,0.00011364,3
2024-10-09 00:00:00+00:00,6.6e-07,2.085666666666667e-05,6.257e-05,3
2024-10-10 00:00:00+00:00,7.665e-05,2.5503333333333337e-05,7.651000000000001e-05,3
2024-10-11 00:00:00+00:00,0.0001,8.740333333333334e-05,0.00026221,3
2024-10-12 00:00:00+00:00,0.0001,0.0001,0.00030000000000000003,3
2024-10-13 00:00:00+00:00,-2.929e-05,3.706e-05,0.00011118,3
2024-10-14 00:00:00+00:00,0.0001,7.745333333333334e-05,0.00023236,3
2024-10-15 00:00:00+00:00,0.0001,0.0001,0.00030000000000000003,3
2024-10-16 00:00:00+00:00,0.0001,0.0001,0.00030000000000000003,3
2024-10-17 00:00:00+00:00,0.0001,0.0001,0.00030000000000000003,3
2024-10-18 00:00:00+00:00,0.0001,0.0001,0.00030000000000000003,3
2024-10-19 00:00:00+00:00,0.0001,0.0001,0.00030000000000000003,3
2024-10-20 00:00:00+00:00,0.0001,0.0001,0.00030000000000000003,3
2024-10-21 00:00:00+00:00,0.0001,0.0001,0.00030000000000000003,3
2024-10-22 00:00:00+00:00,0.0001,0.0001,0.00030000000000000003,3
2024-10-23 00:00:00+00:00,0.0001,0.0001,0.00030000000000000003,3
2024-10-24 00:00:00+00:00,0.0001,0.0001,0.00030000000000000003,3
2024-10-25 00:00:00+00:00,0.0001,0.0001,0.00030000000000000003,3
2024-10-26 00:00:00+00:00,0.0001,8.528666666666666e-05,0.00025586,3
2024-10-27 00:00:00+00:00,3.189e-05,7.729666666666667e-05,0.00023189,3
2024-10-28 00:00:00+00:00,0.0001,0.0001,0.00030000000000000003,3
2024-10-29 00:00:00+00:00,0.0001,0.0001,0.00030000000000000003,3
2024-10-30 00:00:00+00:00,0.0001,0.0001,0.00030000000000000003,3
2024-10-31 00:00:00+00:00,0.0001,0.0001,0.00030000000000000003,3
2024-11-01 00:00:00+00:00,0.0001,0.0001,0.00030000000000000003,3
2024-11-02 00:00:00+00:00,0.0001,0.0001,0.00030000000000000003,3
2024-11-03 00:00:00+00:00,-6.97e-06,6.434333333333334e-05,0.00019303000000000001,3
2024-11-04 00:00:00+00:00,0.0001,6.236666666666666e-05,0.0001871,3
2024-11-05 00:00:00+00:00,0.0001,0.0001,0.00030000000000000003,3
2024-11-06 00:00:00+00:00,0.0001,9.078000000000001e-05,0.00027234000000000004,3
2024-11-07 00:00:00+00:00,0.0001,0.0001,0.00030000000000000003,3
2024-11-08 00:00:00+00:00,0.0001,0.0001,0.00030000000000000003,3
2024-11-09 00:00:00+00:00,0.0001,0.0001,0.00030000000000000003,3
2024-11-10 00:00:00+00:00,0.00027864,0.00019732999999999998,0.0005919899999999999,3
2024-11-11 00:00:00+00:00,0.00027567,0.00021235999999999998,0.0006370799999999999,3
2024-11-12 00:00:00+00:00,0.00044627,0.0004908166666666667,0.00147245,3
2024-11-13 00:00:00+00:00,0.0001,0.00014636333333333334,0.00043909,3
2024-11-14 00:00:00+00:00,0.0001,0.0001,0.00030000000000000003,3
2024-11-15 00:00:00+00:00,0.0001,0.0001,0.00030000000000000003,3
2024-11-16 00:00:00+00:00,0.0001,0.0001,0.00030000000000000003,3
2024-11-17 00:00:00+00:00,0.00036727,0.00024707,0.00074121,3
2024-11-18 00:00:00+00:00,0.0002051,0.0002505433333333333,0.00075163,3
2024-11-19 00:00:00+00:00,0.00011979,0.00016084666666666667,0.00048254,3
2024-11-20 00:00:00+00:00,0.00015617,0.00012391666666666668,0.00037175,3
2024-11-21 00:00:00+00:00,0.00024527,0.00014842333333333333,0.00044527,3
2024-11-22 00:00:00+00:00,0.00012517,0.00028930666666666667,0.00086792,3
2024-11-23 00:00:00+00:00,0.00055962,0.0004419166666666667,0.00132575,3
2024-11-24 00:00:00+00:00,0.00017277,0.00028349999999999995,0.0008504999999999999,3
2024-11-25 00:00:00+00:00,0.00022166,0.00017231666666666666,0.00051695,3
2024-11-26 00:00:00+00:00,0.0001,0.0001,0.00030000000000000003,3
2024-11-27 00:00:00+00:00,0.00041154,0.00024055333333333336,0.00072166,3
2024-11-28 00:00:00+00:00,0.00017375,0.00037472666666666667,0.00112418,3
2024-11-29 00:00:00+00:00,0.00049887,0.00048033666666666663,0.00144101,3
2024-11-30 00:00:00+00:00,0.00011781,0.00024257,0.00072771,3
2024-12-01 00:00:00+00:00,0.00021014,0.00022891,0.00068673,3
2024-12-02 00:00:00+00:00,0.00021227,0.0003130433333333333,0.0009391299999999999,3
2024-12-03 00:00:00+00:00,0.00054158,0.00041988333333333334,0.00125965,3
2024-12-04 00:00:00+00:00,0.00047275,0.00038472,0.00115416,3
2024-12-05 00:00:00+00:00,0.00098584,0.0009383799999999999,0.00281514,3
2024-12-06 00:00:00+00:00,0.0003244,0.0005409566666666666,0.00162287,3
2024-12-07 00:00:00+00:00,0.00069927,0.00055778,0.00167334,3
2024-12-08 00:00:00+00:00,0.00035274,0.00046954,0.00140862,3
2024-12-09 00:00:00+00:00,0.0001,0.00025958,0.00077874,3
2024-12-10 00:00:00+00:00,0.0001,0.0001,0.00030000000000000003,3
2024-12-11 00:00:00+00:00,0.0001,0.0001,0.00030000000000000003,3
2024-12-12 00:00:00+00:00,0.0001,0.0001,0.00030000000000000003,3
2024-12-13 00:00:00+00:00,0.0001,0.0001,0.00030000000000000003,3
2024-12-14 00:00:00+00:00,0.0001,0.0001,0.00030000000000000003,3
2024-12-15 00:00:00+00:00,0.0001,0.0001,0.00030000000000000003,3
2024-12-16 00:00:00+00:00,0.0001,0.0001,0.00030000000000000003,3
2024-12-17 00:00:00+00:00,0.0001,0.0001,0.00030000000000000003,3
2024-12-18 00:00:00+00:00,0.0001,0.0001,0.00030000000000000003,3
2024-12-19 00:00:00+00:00,0.0001,4.827666666666667e-05,0.00014483,3
2024-12-20 00:00:00+00:00,5.777e-05,8.550333333333333e-05,0.00025651,3
2024-12-21 00:00:00+00:00,-1.865e-05,6.0450000000000006e-05,0.00018135000000000002,3
2024-12-22 00:00:00+00:00,7.549e-05,9.148333333333333e-05,0.00027445,3
2024-12-23 00:00:00+00:00,5.6e-07,2.439e-05,7.316999999999999e-05,3
2024-12-24 00:00:00+00:00,7.228e-05,9.076e-05,0.00027228,3
2024-12-25 00:00:00+00:00,6.216e-05,6.577666666666667e-05,0.00019733,3
2024-12-26 00:00:00+00:00,-1.894e-05,4.544333333333333e-05,0.00013633,3
2024-12-27 00:00:00+00:00,9.826e-05,4.230666666666666e-05,0.00012691999999999998,3
2024-12-28 00:00:00+00:00,0.0001,0.0001,0.00030000000000000003,3
2024-12-29 00:00:00+00:00,7.367e-05,9.122333333333334e-05,0.00027367,3
2024-12-30 00:00:00+00:00,7.392e-05,1.924e-05,5.7719999999999996e-05,3
2024-12-31 00:00:00+00:00,0.0001,6.219e-05,0.00018657,3
2025-01-01 00:00:00+00:00,6.689e-05,8.896333333333333e-05,0.00026689,3
2025-01-02 00:00:00+00:00,0.0001,0.0001,0.00030000000000000003,3
2025-01-03 00:00:00+00:00,0.0001,0.0001,0.00030000000000000003,3
2025-01-04 00:00:00+00:00,0.0001,0.0001,0.00030000000000000003,3
2025-01-05 00:00:00+00:00,0.0001,0.0001,0.00030000000000000003,3
2025-01-06 00:00:00+00:00,0.0001,8.975333333333334e-05,0.00026926,3
2025-01-07 00:00:00+00:00,0.0001,0.0001,0.00030000000000000003,3
2025-01-08 00:00:00+00:00,0.0001,2.596666666666667e-05,7.790000000000001e-05,3
2025-01-09 00:00:00+00:00,-1.365e-05,5.802333333333333e-05,0.00017407,3
2025-01-10 00:00:00+00:00,5.81e-06,2.891666666666667e-05,8.675000000000001e-05,3
2025-01-11 00:00:00+00:00,0.0001,0.0001,0.00030000000000000003,3
2025-01-12 00:00:00+00:00,7.816e-05,9.272e-05,0.00027816,3
2025-01-13 00:00:00+00:00,-5.8e-06,2.6633333333333335e-05,7.99e-05,3
2025-01-14 00:00:00+00:00,0.0001,0.0001,0.00030000000000000003,3
2025-01-15 00:00:00+00:00,0.0001,0.0001,0.00030000000000000003,3
2025-01-16 00:00:00+00:00,0.0001,0.0001,0.00030000000000000003,3
2025-01-17 00:00:00+00:00,0.0001,0.0001,0.00030000000000000003,3
2025-01-18 00:00:00+00:00,0.0001,0.0001,0.00030000000000000003,3
2025-01-19 00:00:00+00:00,0.0001,0.0001,0.00030000000000000003,3
2025-01-20 00:00:00+00:00,0.0001,8.324666666666668e-05,0.00024974000000000003,3
2025-01-21 00:00:00+00:00,0.0001,0.0001,0.00030000000000000003,3
2025-01-22 00:00:00+00:00,0.0001,0.0001,0.00030000000000000003,3
2025-01-23 00:00:00+00:00,0.0001,0.0001,0.00030000000000000003,3
2025-01-24 00:00:00+00:00,0.0001,0.0001,0.00030000000000000003,3
2025-01-25 00:00:00+00:00,0.0001,0.0001,0.00030000000000000003,3
2025-01-26 00:00:00+00:00,0.0001,0.0001,0.00030000000000000003,3
2025-01-27 00:00:00+00:00,-7.729e-05,4.090333333333333e-05,0.00012271,3
2025-01-28 00:00:00+00:00,0.0001,2.9670000000000002e-05,8.901e-05,3
2025-01-29 00:00:00+00:00,1.6e-07,5.314666666666667e-05,0.00015944,3
2025-01-30 00:00:00+00:00,9.52e-05,6.536999999999999e-05,0.00019611,3
2025-01-31 00:00:00+00:00,0.0001,0.0001,0.00030000000000000003,3
2025-02-01 00:00:00+00:00,-6.224e-05,-3.445e-05,-0.00010334999999999999,3
2025-02-02 00:00:00+00:00,7.343e-05,3.982e-05,0.00011946,3
2025-02-03 00:00:00+00:00,-0.00012025,-0.00014779666666666667,-0.00044339,3
2025-02-04 00:00:00+00:00,-2.04e-05,6.466666666666662e-07,1.9399999999999984e-06,3
2025-02-05 00:00:00+00:00,2.676e-05,-8.786666666666663e-06,-2.635999999999999e-05,3
2025-02-06 00:00:00+00:00,9.334e-05,5.89e-05,0.0001767,3
2025-02-07 00:00:00+00:00,1.044e-05,2.8829999999999997e-05,8.649e-05,3
2025-02-08 00:00:00+00:00,1.291e-05,5.0513333333333336e-05,0.00015154,3
2025-02-09 00:00:00+00:00,-3.084e-05,1.6446666666666666e-05,4.934e-05,3
2025-02-10 00:00:00+00:00,0.0001,6.764666666666666e-05,0.00020294,3
2025-02-11 00:00:00+00:00,0.0001,9.956e-05,0.00029868,3
2025-02-12 00:00:00+00:00,6.626e-05,2.9160000000000002e-05,8.748000000000001e-05,3
2025-02-13 00:00:00+00:00,2.481e-05,7.078333333333334e-05,0.00021235,3
2025-02-14 00:00:00+00:00,1.1e-05,4.812e-05,0.00014436,3
2025-02-15 00:00:00+00:00,8.444e-05,9.003e-05,0.00027009,3
2025-02-16 00:00:00+00:00,-7.61e-06,4.586e-05,0.00013758,3
2025-02-17 00:00:00+00:00,7.499e-05,4.019666666666667e-05,0.00012059000000000001,3
2025-02-18 00:00:00+00:00,0.0001,8.270666666666667e-05,0.00024812,3
2025-02-19 00:00:00+00:00,-7.329e-05,-2.8666666666666733e-07,-8.600000000000019e-07,3
2025-02-20 00:00:00+00:00,4.11e-05,3.576666666666667e-05,0.0001073,3
2025-02-21 00:00:00+00:00,-1.959e-05,9.76666666666667e-07,2.9300000000000007e-06,3
2025-02-22 00:00:00+00:00,0.0001,0.0003163866666666667,0.00094916,3
2025-02-23 00:00:00+00:00,0.0001,0.0001,0.00030000000000000003,3
2025-02-24 00:00:00+00:00,0.0001,0.0001,0.00030000000000000003,3
2025-02-25 00:00:00+00:00,0.0001,0.0001,0.00030000000000000003,3
2025-02-26 00:00:00+00:00,0.0001,8.422000000000002e-05,0.00025266000000000004,3
2025-02-27 00:00:00+00:00,9.735e-05,9.911666666666666e-05,0.00029735,3
2025-02-28 00:00:00+00:00,-5.477e-05,3.2953333333333335e-05,9.886000000000001e-05,3
2025-03-01 00:00:00+00:00,0.0001,0.0001,0.00030000000000000003,3
2025-03-02 00:00:00+00:00,0.0001,5.244333333333334e-05,0.00015733,3
2025-03-03 00:00:00+00:00,0.0001,0.0001,0.00030000000000000003,3
2025-03-04 00:00:00+00:00,-6.934e-05,-5.681e-05,-0.00017043,3
2025-03-05 00:00:00+00:00,-7.357e-05,-3.133e-05,-9.399e-05,3
2025-03-06 00:00:00+00:00,2.69e-06,-3.46e-05,-0.0001038,3
2025-03-07 00:00:00+00:00,3.705e-05,4.068e-05,0.00012203999999999999,3
2025-03-08 00:00:00+00:00,-0.00012146,-8.112666666666668e-05,-0.00024338000000000002,3
2025-03-09 00:00:00+00:00,2.86e-05,-1.1209999999999996e-05,-3.362999999999999e-05,3
2025-03-10 00:00:00+00:00,-0.00016199,-0.00012816666666666667,-0.0003845,3
2025-03-11 00:00:00+00:00,2.081e-05,-7.587333333333333e-05,-0.00022762,3
2025-03-12 00:00:00+00:00,-0.00011202,-5.506333333333334e-05,-0.00016519,3
2025-03-13 00:00:00+00:00,-3.253e-05,2.5733333333333334e-06,7.72e-06,3
2025-03-14 00:00:00+00:00,5.052e-05,-5.9906666666666674e-05,-0.00017972000000000002,3
2025-03-15 00:00:00+00:00,-0.00014261,-1.7846666666666663e-05,-5.353999999999999e-05,3
2025-03-16 00:00:00+00:00,7.721e-05,1.7373333333333335e-05,5.212e-05,3
2025-03-17 00:00:00+00:00,-0.00012372,-4.435333333333333e-05,-0.00013305999999999998,3
2025-03-18 00:00:00+00:00,-4.354e-05,-2.565333333333333e-05,-7.696e-05,3
2025-03-19 00:00:00+00:00,-5.571e-05,-5.943333333333332e-06,-1.7829999999999997e-05,3
2025-03-20 00:00:00+00:00,3.031e-05,7.677e-05,0.00023031,3
2025-03-21 00:00:00+00:00,7.357e-05,4.846666666666667e-05,0.0001454,3
2025-03-22 00:00:00+00:00,-0.00011469,7.1100000000000005e-06,2.133e-05,3
2025-03-23 00:00:00+00:00,3.02e-05,1.685666666666667e-05,5.057000000000001e-05,3
2025-03-24 00:00:00+00:00,4.208e-05,2.7516666666666667e-05,8.255e-05,3
2025-03-25 00:00:00+00:00,7.453e-05,6.711666666666667e-05,0.00020135000000000002,3
2025-03-26 00:00:00+00:00,1.234e-05,1.0883333333333333e-05,3.265e-05,3
2025-03-27 00:00:00+00:00,-0.00011836,-0.00010701333333333332,-0.00032104,3
2025-03-28 00:00:00+00:00,1.049e-05,2.6863333333333334e-05,8.059e-05,3
2025-03-29 00:00:00+00:00,-3.762e-05,-4.869666666666666e-05,-0.00014608999999999998,3
2025-03-30 00:00:00+00:00,-1.293e-05,-8.720333333333333e-05,-0.00026161,3
2025-03-31 00:00:00+00:00,-0.00014576,-0.00010965666666666666,-0.00032897,3
2025-04-01 00:00:00+00:00,-6.999e-05,-8.575333333333332e-05,-0.00025726,3
2025-04-02 00:00:00+00:00,8.563e-05,2.3936666666666667e-05,7.181e-05,3
2025-04-03 00:00:00+00:00,-0.00023301,-0.0002511533333333333,-0.00075346,3
2025-04-04 00:00:00+00:00,-6.351e-05,-0.00014484666666666666,-0.00043453999999999997,3
2025-04-05 00:00:00+00:00,0.0001,8.964e-05,0.00026892,3
2025-04-06 00:00:00+00:00,2.169e-05,4.7523333333333326e-05,0.00014256999999999999,3
2025-04-07 00:00:00+00:00,-0.00025285,-7.045666666666667e-05,-0.00021137,3
2025-04-08 00:00:00+00:00,-8.23e-05,-0.00014757666666666668,-0.00044273,3
2025-04-09 00:00:00+00:00,-1.811e-05,3.6833333333333304e-06,1.104999999999999e-05,3
2025-04-10 00:00:00+00:00,-0.00014357,-1.6416666666666668e-05,-4.9250000000000004e-05,3
2025-04-11 00:00:00+00:00,-2.267e-05,-2.5353333333333333e-05,-7.606e-05,3
2025-04-12 00:00:00+00:00,0.0001,9.001666666666665e-05,0.00027005,3
2025-04-13 00:00:00+00:00,6.54e-06,6.884666666666667e-05,0.00020654,3
2025-04-14 00:00:00+00:00,4.83e-05,3.9500000000000005e-05,0.00011850000000000001,3
2025-04-15 00:00:00+00:00,2.628e-05,7.542666666666667e-05,0.00022628,3
2025-04-16 00:00:00+00:00,-3.477e-05,-6.960333333333334e-05,-0.00020881,3
2025-04-17 00:00:00+00:00,5.807e-05,8.421999999999999e-05,0.00025266,3
2025-04-18 00:00:00+00:00,2.722e-05,-1.983e-05,-5.949e-05,3
2025-04-19 00:00:00+00:00,-3.374e-05,5.267666666666667e-05,0.00015803,3
2025-04-20 00:00:00+00:00,-0.0001317,-2.8630000000000002e-05,-8.589e-05,3
2025-04-21 00:00:00+00:00,7.963e-05,8.610333333333333e-05,0.00025831,3
2025-04-22 00:00:00+00:00,0.0001,7.001333333333334e-05,0.00021004000000000002,3
2025-04-23 00:00:00+00:00,0.0001,0.0001,0.00030000000000000003,3
2025-04-24 00:00:00+00:00,2.384e-05,7.461333333333333e-05,0.00022384,3
2025-04-25 00:00:00+00:00,0.0001,0.0001,0.00030000000000000003,3
2025-04-26 00:00:00+00:00,6.274e-05,6.106e-05,0.00018318000000000002,3
2025-04-27 00:00:00+00:00,9.775e-05,5.285333333333333e-05,0.00015856,3
2025-04-28 00:00:00+00:00,0.0001,0.0001,0.00030000000000000003,3
2025-04-29 00:00:00+00:00,-3.717e-05,-8.353333333333334e-06,-2.506e-05,3
2025-04-30 00:00:00+00:00,-5.536e-05,1.005e-05,3.015e-05,3
2025-05-01 00:00:00+00:00,0.0001,5.9883333333333337e-05,0.00017965,3
2025-05-02 00:00:00+00:00,0.0001,0.0001,0.00030000000000000003,3
2025-05-03 00:00:00+00:00,6.958e-05,8.669333333333333e-05,0.00026008,3
2025-05-04 00:00:00+00:00,7.459e-05,9.153e-05,0.00027459,3
2025-05-05 00:00:00+00:00,-1.63e-05,5.006333333333333e-05,0.00015019,3
2025-05-06 00:00:00+00:00,5.74e-06,-4.016666666666666e-06,-1.2049999999999998e-05,3
2025-05-07 00:00:00+00:00,4.243e-05,7.355333333333334e-05,0.00022066000000000002,3
2025-05-08 00:00:00+00:00,0.0001,9.313000000000001e-05,0.00027939,3
2025-05-09 00:00:00+00:00,0.0001,0.0001,0.00030000000000000003,3
2025-05-10 00:00:00+00:00,0.0001,0.0001,0.00030000000000000003,3
2025-05-11 00:00:00+00:00,7.453e-05,9.151000000000001e-05,0.00027453000000000004,3
2025-05-12 00:00:00+00:00,0.0001,0.0001,0.00030000000000000003,3
2025-05-13 00:00:00+00:00,0.0001,0.0001,0.00030000000000000003,3
2025-05-14 00:00:00+00:00,0.0001,0.0001,0.00030000000000000003,3
2025-05-15 00:00:00+00:00,-3.919e-05,2.906e-05,8.718e-05,3
2025-05-16 00:00:00+00:00,0.0001,5.3956666666666664e-05,0.00016187,3
2025-05-17 00:00:00+00:00,8.245e-05,8.202666666666666e-05,0.00024608,3
2025-05-18 00:00:00+00:00,1.873e-05,1.3843333333333332e-05,4.153e-05,3
2025-05-19 00:00:00+00:00,6.154e-05,2.1763333333333332e-05,6.528999999999999e-05,3
2025-05-20 00:00:00+00:00,3.637e-05,7.879000000000001e-05,0.00023637000000000002,3
2025-05-21 00:00:00+00:00,0.0001,3.984333333333333e-05,0.00011953,3
2025-05-22 00:00:00+00:00,0.0001,0.0001,0.00030000000000000003,3
2025-05-23 00:00:00+00:00,6.622e-05,8.874000000000001e-05,0.00026622,3
2025-05-24 00:00:00+00:00,0.0001,2.715e-05,8.145e-05,3
2025-05-25 00:00:00+00:00,1.871e-05,5.9130000000000005e-05,0.00017739,3
2025-05-26 00:00:00+00:00,0.0001,0.0001,0.00030000000000000003,3
2025-05-27 00:00:00+00:00,0.0001,9.452666666666668e-05,0.00028358,3
2025-05-28 00:00:00+00:00,-6.83e-06,6.439000000000001e-05,0.00019317000000000002,3
2025-05-29 00:00:00+00:00,0.0001,8.197333333333333e-05,0.00024592,3
2025-05-30 00:00:00+00:00,-3.353e-05,2.890666666666667e-05,8.672000000000001e-05,3
2025-05-31 00:00:00+00:00,-8.134e-05,-2.9693333333333336e-05,-8.908000000000001e-05,3
2025-06-01 00:00:00+00:00,-3.714e-05,6.113333333333335e-06,1.8340000000000004e-05,3
2025-06-02 00:00:00+00:00,5.145e-05,6.565e-05,0.00019695,3
2025-06-03 00:00:00+00:00,6.691e-05,8.287333333333334e-05,0.00024862,3
2025-06-04 00:00:00+00:00,0.0001,7.256333333333334e-05,0.00021769,3
2025-06-05 00:00:00+00:00,6.842e-05,1.7716666666666666e-05,5.315e-05,3
2025-06-06 00:00:00+00:00,2.523e-05,-2.346666666666669e-06,-7.040000000000007e-06,3
2025-06-07 00:00:00+00:00,6.276e-05,8.354333333333333e-05,0.00025063,3
2025-06-08 00:00:00+00:00,0.0001,0.0001,0.00030000000000000003,3
2025-06-09 00:00:00+00:00,5.349e-05,6.452666666666667e-05,0.00019358,3
2025-06-10 00:00:00+00:00,5.1e-05,8.366666666666668e-05,0.00025100000000000003,3
2025-06-11 00:00:00+00:00,0.0001,0.0001,0.00030000000000000003,3
2025-06-12 00:00:00+00:00,-1.21e-05,4.008666666666667e-05,0.00012026,3
2025-06-13 00:00:00+00:00,1.557e-05,-2.2073333333333334e-05,-6.622e-05,3
2025-06-14 00:00:00+00:00,-1.226e-05,-2.4943333333333332e-05,-7.483e-05,3
2025-06-15 00:00:00+00:00,1.504e-05,-1.3166666666666665e-05,-3.95e-05,3
2025-06-16 00:00:00+00:00,9.272e-05,6.563000000000001e-05,0.00019689000000000002,3
2025-06-17 00:00:00+00:00,-1.24e-06,5.002333333333333e-05,0.00015007,3
2025-06-18 00:00:00+00:00,-3.483e-05,2.8500000000000015e-06,8.550000000000005e-06,3
2025-06-19 00:00:00+00:00,1.876e-05,5.1983333333333334e-05,0.00015595,3
2025-06-20 00:00:00+00:00,-2.096e-05,3.1066666666666665e-05,9.32e-05,3
2025-06-21 00:00:00+00:00,3.764e-05,6.409666666666667e-05,0.00019229000000000002,3
2025-06-22 00:00:00+00:00,-6.4e-05,-6.556666666666667e-06,-1.967e-05,3
2025-06-23 00:00:00+00:00,-7.8e-05,-6.015333333333333e-05,-0.00018046,3
2025-06-24 00:00:00+00:00,6.41e-05,5.616666666666667e-06,1.6850000000000003e-05,3
2025-06-25 00:00:00+00:00,-4.58e-06,4.566666666666667e-05,0.000137,3
2025-06-26 00:00:00+00:00,6.025e-05,2.6273333333333335e-05,7.882000000000001e-05,3
2025-06-27 00:00:00+00:00,3.361e-05,1.6496666666666667e-05,4.949e-05,3
2025-06-28 00:00:00+00:00,0.0001,6.212e-05,0.00018636,3
2025-06-29 00:00:00+00:00,7.726e-05,7.253666666666667e-05,0.00021761,3
2025-06-30 00:00:00+00:00,4.423e-05,7.226333333333334e-05,0.00021679000000000002,3
2025-07-01 00:00:00+00:00,-3.977e-05,3.770666666666667e-05,0.00011312,3
2025-07-02 00:00:00+00:00,3.566e-05,5.4266666666666675e-06,1.6280000000000003e-05,3
2025-07-03 00:00:00+00:00,0.0001,0.0001,0.00030000000000000003,3
2025-07-04 00:00:00+00:00,8.307e-05,8.287000000000001e-05,0.00024861,3
2025-07-05 00:00:00+00:00,-3.421e-05,-1.2973333333333333e-05,-3.892e-05,3
2025-07-06 00:00:00+00:00,0.0001,4.2103333333333334e-05,0.00012631,3
2025-07-07 00:00:00+00:00,0.0001,0.0001,0.00030000000000000003,3
2025-07-08 00:00:00+00:00,0.0001,1.546e-05,4.6380000000000007e-05,3
2025-07-09 00:00:00+00:00,0.0001,9.039666666666667e-05,0.00027119000000000004,3
2025-07-10 00:00:00+00:00,0.0001,0.0001,0.00030000000000000003,3
2025-07-11 00:00:00+00:00,0.0001,0.0001,0.00030000000000000003,3
2025-07-12 00:00:00+00:00,0.0001,0.0001,0.00030000000000000003,3
2025-07-13 00:00:00+00:00,0.0001,0.0001,0.00030000000000000003,3
2025-07-14 00:00:00+00:00,0.0001,0.0001,0.00030000000000000003,3
2025-07-15 00:00:00+00:00,0.0001,0.0001,0.00030000000000000003,3
2025-07-16 00:00:00+00:00,0.0001,0.0001,0.00030000000000000003,3
2025-07-17 00:00:00+00:00,0.00012648,0.00010882666666666666,0.00032648,3
2025-07-18 00:00:00+00:00,0.0001,0.00024399666666666665,0.00073199,3
2025-07-19 00:00:00+00:00,0.0001,0.0001,0.00030000000000000003,3
2025-07-20 00:00:00+00:00,0.0001,0.00011840333333333333,0.00035521,3
2025-07-21 00:00:00+00:00,0.00041329,0.00022556,0.00067668,3
2025-07-22 00:00:00+00:00,0.0001,0.0001,0.00030000000000000003,3
2025-07-23 00:00:00+00:00,0.0001,0.00018756666666666668,0.0005627000000000001,3
2025-07-24 00:00:00+00:00,0.0001,0.0001,0.00030000000000000003,3
2025-07-25 00:00:00+00:00,0.0001,0.0001,0.00030000000000000003,3
2025-07-26 00:00:00+00:00,0.0001,0.0001,0.00030000000000000003,3
2025-07-27 00:00:00+00:00,0.0001,0.0001,0.00030000000000000003,3
2025-07-28 00:00:00+00:00,0.0001,0.0001,0.00030000000000000003,3
2025-07-29 00:00:00+00:00,2.258e-05,6.300000000000001e-06,1.8900000000000002e-05,3
2025-07-30 00:00:00+00:00,0.0001,0.0001,0.00030000000000000003,3
2025-07-31 00:00:00+00:00,0.0001,0.0001,0.00030000000000000003,3
2025-08-01 00:00:00+00:00,0.0001,-3.8033333333333335e-06,-1.1410000000000001e-05,3
2025-08-02 00:00:00+00:00,2.123e-05,7.284e-05,0.00021852,3
2025-08-03 00:00:00+00:00,3.271e-05,9.363333333333334e-06,2.8090000000000004e-05,3
2025-08-04 00:00:00+00:00,6.956e-05,4.614666666666667e-05,0.00013844,3
2025-08-05 00:00:00+00:00,0.0001,8.337e-05,0.00025011,3
2025-08-06 00:00:00+00:00,4.668e-05,8.222666666666666e-05,0.00024668,3
2025-08-07 00:00:00+00:00,0.0001,6.668333333333333e-05,0.00020005,3
2025-08-08 00:00:00+00:00,0.0001,0.0001,0.00030000000000000003,3
2025-08-09 00:00:00+00:00,0.0001,0.0001,0.00030000000000000003,3
2025-08-10 00:00:00+00:00,0.0001,0.0001,0.00030000000000000003,3
2025-08-11 00:00:00+00:00,0.0001,8.690666666666667e-05,0.00026072,3
2025-08-12 00:00:00+00:00,6.166e-05,8.249e-05,0.00024747,3
2025-08-13 00:00:00+00:00,0.0001,0.0001,0.00030000000000000003,3
2025-08-14 00:00:00+00:00,0.0001,0.0001,0.00030000000000000003,3
2025-08-15 00:00:00+00:00,0.0001,7.853666666666666e-05,0.00023561,3
2025-08-16 00:00:00+00:00,0.0001,0.0001,0.00030000000000000003,3
2025-08-17 00:00:00+00:00,0.0001,9.199333333333333e-05,0.00027598,3
2025-08-18 00:00:00+00:00,-9.016e-05,-5.238e-05,-0.00015714,3
2025-08-19 00:00:00+00:00,7.849e-05,9.283e-05,0.00027849,3
2025-08-20 00:00:00+00:00,6.968e-05,2.9719999999999997e-05,8.916e-05,3
2025-08-21 00:00:00+00:00,5.336e-05,8.445333333333333e-05,0.00025336,3
2025-08-22 00:00:00+00:00,4.982e-05,3.805e-05,0.00011415000000000001,3
2025-08-23 00:00:00+00:00,0.0001,0.0001,0.00030000000000000003,3
2025-08-24 00:00:00+00:00,0.0001,0.0001,0.00030000000000000003,3
2025-08-25 00:00:00+00:00,6.086e-05,8.695333333333334e-05,0.00026086,3
2025-08-26 00:00:00+00:00,8.674e-05,1.6749999999999997e-05,5.0249999999999995e-05,3
2025-08-27 00:00:00+00:00,0.0001,0.0001,0.00030000000000000003,3
2025-08-28 00:00:00+00:00,0.0001,0.0001,0.00030000000000000003,3
2025-08-29 00:00:00+00:00,8.354e-05,9.451333333333333e-05,0.00028354,3
2025-08-30 00:00:00+00:00,1.786e-05,4.495666666666666e-05,0.00013487,3
2025-08-31 00:00:00+00:00,0.0001,9.816000000000001e-05,0.00029448,3
2025-09-01 00:00:00+00:00,4.783e-05,7.959333333333334e-05,0.00023878000000000001,3
2025-09-02 00:00:00+00:00,0.0001,7.603e-05,0.00022809000000000002,3
2025-09-03 00:00:00+00:00,5.231e-05,8.398666666666667e-05,0.00025196,3
2025-09-04 00:00:00+00:00,5.776e-05,6.798666666666666e-05,0.00020396,3
2025-09-05 00:00:00+00:00,0.0001,9.012e-05,0.00027036,3
2025-09-06 00:00:00+00:00,1.129e-05,6.107e-05,0.00018321,3
2025-09-07 00:00:00+00:00,7.132e-05,4.541666666666667e-05,0.00013625,3
2025-09-08 00:00:00+00:00,0.0001,8.415e-05,0.00025245,3
2025-09-09 00:00:00+00:00,0.0001,0.0001,0.00030000000000000003,3
2025-09-10 00:00:00+00:00,0.0001,9.099333333333335e-05,0.00027298000000000003,3
2025-09-11 00:00:00+00:00,0.0001,0.0001,0.00030000000000000003,3
2025-09-12 00:00:00+00:00,0.0001,0.0001,0.00030000000000000003,3
2025-09-13 00:00:00+00:00,0.0001,0.0001,0.00030000000000000003,3
2025-09-14 00:00:00+00:00,0.0001,0.0001,0.00030000000000000003,3
2025-09-15 00:00:00+00:00,5.397e-05,8.465666666666667e-05,0.00025397,3
2025-09-16 00:00:00+00:00,7.703e-05,7.950666666666666e-05,0.00023851999999999999,3
2025-09-17 00:00:00+00:00,9.57e-06,6.985666666666667e-05,0.00020957000000000001,3
2025-09-18 00:00:00+00:00,0.0001,0.0001,0.00030000000000000003,3
2025-09-19 00:00:00+00:00,0.0001,0.0001,0.00030000000000000003,3
2025-09-20 00:00:00+00:00,0.0001,0.0001,0.00030000000000000003,3
2025-09-21 00:00:00+00:00,0.0001,0.0001,0.00030000000000000003,3
2025-09-22 00:00:00+00:00,-0.00011734,-4.276666666666666e-06,-1.2829999999999997e-05,3
2025-09-23 00:00:00+00:00,-5.124e-05,-3.950333333333333e-05,-0.00011850999999999999,3
2025-09-24 00:00:00+00:00,8.84e-05,8.275999999999999e-05,0.00024828,3
2025-09-25 00:00:00+00:00,-2.537e-05,3.1133333333333336e-05,9.340000000000001e-05,3
2025-09-26 00:00:00+00:00,7.402e-05,-9.546666666666666e-06,-2.8639999999999997e-05,3
2025-09-27 00:00:00+00:00,6.098e-05,8.699333333333333e-05,0.00026098,3
2025-09-28 00:00:00+00:00,8.952e-05,2.8210000000000003e-05,8.463000000000001e-05,3
2025-09-29 00:00:00+00:00,9.647e-05,9.882333333333333e-05,0.00029647,3
2025-09-30 00:00:00+00:00,2.705e-05,7.568333333333333e-05,0.00022705000000000002,3
2025-10-01 00:00:00+00:00,0.0001,0.0001,0.00030000000000000003,3
2025-10-02 00:00:00+00:00,0.0001,0.0001,0.00030000000000000003,3
2025-10-03 00:00:00+00:00,0.0001,0.0001,0.00030000000000000003,3
2025-10-04 00:00:00+00:00,0.0001,0.0001,0.00030000000000000003,3
2025-10-05 00:00:00+00:00,0.0001,0.0001,0.00030000000000000003,3
2025-10-06 00:00:00+00:00,0.0001,0.0001,0.00030000000000000003,3
2025-10-07 00:00:00+00:00,0.0001,0.0001,0.00030000000000000003,3
2025-10-08 00:00:00+00:00,5.534e-05,2.0456666666666667e-05,6.137e-05,3
2025-10-09 00:00:00+00:00,-4.73e-06,6.28e-05,0.0001884,3
2025-10-10 00:00:00+00:00,0.0001,8.922666666666667e-05,0.00026768,3
2025-10-11 00:00:00+00:00,-7.159e-05,-0.0019737599999999998,-0.005921279999999999,3
2025-10-12 00:00:00+00:00,-3.316e-05,5.1066666666666655e-06,1.5319999999999996e-05,3
2025-10-13 00:00:00+00:00,-3.86e-06,2.7003333333333333e-05,8.101e-05,3
2025-10-14 00:00:00+00:00,-3.914e-05,1.5240000000000001e-05,4.572e-05,3
2025-10-15 00:00:00+00:00,-3.45e-06,-1.4106666666666665e-05,-4.2319999999999995e-05,3
2025-10-16 00:00:00+00:00,-1.68e-05,-4.557333333333333e-05,-0.00013672,3
2025-10-17 00:00:00+00:00,2.157e-05,3.36e-05,0.0001008,3
2025-10-18 00:00:00+00:00,-8.91e-06,-7.073333333333333e-06,-2.122e-05,3
2025-10-19 00:00:00+00:00,3.614e-05,2.099333333333333e-05,6.298e-05,3
2025-10-20 00:00:00+00:00,-8.113e-05,-2.5163333333333334e-05,-7.549e-05,3
2025-10-21 00:00:00+00:00,4.61e-06,1.3576666666666663e-05,4.072999999999999e-05,3
2025-10-22 00:00:00+00:00,-1.92e-06,-1.4013333333333335e-05,-4.2040000000000004e-05,3
2025-10-23 00:00:00+00:00,9.186e-05,3.538333333333334e-05,0.00010615,3
2025-10-24 00:00:00+00:00,2.219e-05,4.265333333333333e-05,0.00012796,3
2025-10-25 00:00:00+00:00,0.0001,5.206666666666667e-05,0.0001562,3
2025-10-26 00:00:00+00:00,4.098e-05,6.32e-05,0.0001896,3
2025-10-27 00:00:00+00:00,0.0001,8.346333333333334e-05,0.00025039,3
2025-10-28 00:00:00+00:00,-5.92e-06,3.3940000000000004e-05,0.00010182000000000001,3
2025-10-29 00:00:00+00:00,5.235e-05,2.991666666666666e-05,8.974999999999999e-05,3
2025-10-30 00:00:00+00:00,-4.125e-05,-3.816666666666667e-06,-1.145e-05,3
2025-10-31 00:00:00+00:00,7.67e-06,-2.9016666666666666e-05,-8.705e-05,3
2025-11-01 00:00:00+00:00,2.405e-05,2.9633333333333326e-06,8.889999999999998e-06,3
2025-11-02 00:00:00+00:00,2.657e-05,7.552333333333334e-05,0.00022657000000000002,3
2025-11-03 00:00:00+00:00,-3.119e-05,-1.8883333333333333e-05,-5.6649999999999995e-05,3
2025-11-04 00:00:00+00:00,5.935e-05,2.4896666666666665e-05,7.468999999999999e-05,3
2025-11-05 00:00:00+00:00,-3.625e-05,-1.1323333333333334e-05,-3.397e-05,3
2025-11-06 00:00:00+00:00,4.536e-05,3.6893333333333335e-05,0.00011068,3
2025-11-07 00:00:00+00:00,2.041e-05,-1.2653333333333331e-05,-3.7959999999999996e-05,3
2025-11-08 00:00:00+00:00,4.825e-05,8.274999999999999e-05,0.00024825,3
2025-11-09 00:00:00+00:00,-2.476e-05,-1.8853333333333335e-05,-5.656e-05,3
2025-11-10 00:00:00+00:00,0.0001,0.0001,0.00030000000000000003,3
2025-11-11 00:00:00+00:00,-1.569e-05,2.895333333333333e-05,8.685999999999999e-05,3
2025-11-12 00:00:00+00:00,1.212e-05,-1.5479999999999997e-05,-4.6439999999999996e-05,3
2025-11-13 00:00:00+00:00,0.0001,5.339e-05,0.00016017,3
2025-11-14 00:00:00+00:00,5.722e-05,-2.700000000000002e-07,-8.100000000000007e-07,3
2025-11-15 00:00:00+00:00,3.04e-06,5.0180000000000004e-05,0.00015054,3
2025-11-16 00:00:00+00:00,-4.24e-05,3.8666666666666655e-06,1.1599999999999997e-05,3
2025-11-17 00:00:00+00:00,0.0001,9.487666666666667e-05,0.00028463,3
2025-11-18 00:00:00+00:00,0.0001,6.176666666666667e-05,0.0001853,3
2025-11-19 00:00:00+00:00,-4.585e-05,2.944666666666667e-05,8.834000000000001e-05,3
2025-11-20 00:00:00+00:00,0.0001,5.103333333333334e-05,0.0001531,3
2025-11-21 00:00:00+00:00,4.47e-05,3.815333333333333e-05,0.00011446,3
2025-11-22 00:00:00+00:00,1.797e-05,1.1616666666666667e-05,3.485e-05,3
2025-11-23 00:00:00+00:00,-9.066e-05,-1.6953333333333336e-05,-5.0860000000000004e-05,3
2025-11-24 00:00:00+00:00,2.219e-05,-5.389666666666667e-05,-0.00016169,3
2025-11-25 00:00:00+00:00,-3.216e-05,-3.352333333333333e-05,-0.00010057,3
2025-11-26 00:00:00+00:00,-1.29e-06,3.4909999999999996e-05,0.00010473,3
2025-11-27 00:00:00+00:00,-3.663e-05,4.431666666666667e-05,0.00013295,3
2025-11-28 00:00:00+00:00,-1.098e-05,6.300666666666667e-05,0.00018902,3
2025-11-29 00:00:00+00:00,0.0001,2.1426666666666666e-05,6.428e-05,3
2025-11-30 00:00:00+00:00,-7.25e-05,-9.04e-06,-2.7119999999999998e-05,3
2025-12-01 00:00:00+00:00,-1.166e-05,-4.254e-05,-0.00012762,3
2025-12-02 00:00:00+00:00,-2.759e-05,5.7470000000000004e-05,0.00017241,3
2025-12-03 00:00:00+00:00,0.0001,8.384333333333334e-05,0.00025153,3
2025-12-04 00:00:00+00:00,9.88e-06,5.896666666666667e-05,0.00017690000000000002,3
2025-12-05 00:00:00+00:00,-5.307e-05,-1.9583333333333336e-05,-5.8750000000000005e-05,3
2025-12-06 00:00:00+00:00,-0.00013198,-7.920666666666667e-05,-0.00023762,3
2025-12-07 00:00:00+00:00,-7.091e-05,-6.581333333333334e-05,-0.00019744,3
2025-12-08 00:00:00+00:00,0.0001,4.400333333333333e-05,0.00013201,3
2025-12-09 00:00:00+00:00,4.545e-05,3.992333333333333e-05,0.00011977,3
2025-12-10 00:00:00+00:00,-3.334e-05,8.390000000000001e-06,2.5170000000000005e-05,3
2025-12-11 00:00:00+00:00,-8.947e-05,-7.342e-05,-0.00022026,3
2025-12-12 00:00:00+00:00,2.98e-05,7.344e-05,0.00022032,3
2025-12-13 00:00:00+00:00,0.0001,3.663666666666667e-05,0.00010991000000000001,3
2025-12-14 00:00:00+00:00,-7.435e-05,-3.283666666666667e-05,-9.851e-05,3
2025-12-15 00:00:00+00:00,-3.97e-05,-4.259666666666667e-05,-0.00012779000000000002,3
2025-12-16 00:00:00+00:00,-8.364e-05,-8.784666666666667e-05,-0.00026354,3
2025-12-17 00:00:00+00:00,5.13e-05,-3.091e-05,-9.273e-05,3
2025-12-18 00:00:00+00:00,6.22e-06,-0.00010075666666666666,-0.00030227,3
2025-12-19 00:00:00+00:00,9.91e-05,1.2449999999999996e-05,3.7349999999999986e-05,3
2025-12-20 00:00:00+00:00,4.718e-05,1.9240000000000002e-05,5.772e-05,3
2025-12-21 00:00:00+00:00,-4.8e-05,-1.9256666666666668e-05,-5.7770000000000004e-05,3
2025-12-22 00:00:00+00:00,0.0001,3.250333333333334e-05,9.751e-05,3
2025-12-23 00:00:00+00:00,1.254e-05,-1.4156666666666666e-05,-4.247e-05,3
2025-12-24 00:00:00+00:00,-9.29e-06,8.87e-06,2.6609999999999998e-05,3
2025-12-25 00:00:00+00:00,1.008e-05,1.976e-05,5.928e-05,3
2025-12-26 00:00:00+00:00,-1.8e-05,9.493333333333334e-06,2.8480000000000002e-05,3
2025-12-27 00:00:00+00:00,2.441e-05,5.1743333333333337e-05,0.00015523000000000002,3
2025-12-28 00:00:00+00:00,0.0001,0.0001,0.00030000000000000003,3
2025-12-29 00:00:00+00:00,-1.293e-05,4.0906666666666666e-05,0.00012272,3
2025-12-30 00:00:00+00:00,2.515e-05,-4.940333333333333e-05,-0.00014821,3
2025-12-31 00:00:00+00:00,7.534e-05,5.0803333333333335e-05,0.00015241,3
2026-01-01 00:00:00+00:00,1.074e-05,-1.9379999999999997e-05,-5.8139999999999996e-05,3
2026-01-02 00:00:00+00:00,7.821e-05,8.744333333333334e-05,0.00026233,3
2026-01-03 00:00:00+00:00,-2.858e-05,5.568333333333334e-05,0.00016705000000000002,3
2026-01-04 00:00:00+00:00,3.034e-05,-1.116e-05,-3.348e-05,3
2026-01-05 00:00:00+00:00,7.753e-05,1.7406666666666667e-05,5.222e-05,3
2026-01-06 00:00:00+00:00,4.359e-05,8.119666666666667e-05,0.00024359000000000002,3
2026-01-07 00:00:00+00:00,8.378e-05,6.578999999999999e-05,0.00019737,3
2026-01-08 00:00:00+00:00,6.819e-05,6.248e-05,0.00018743999999999998,3
2026-01-09 00:00:00+00:00,2.149e-05,-1.000000000000013e-07,-3.000000000000039e-07,3
2026-01-10 00:00:00+00:00,-2.911e-05,-8.073333333333335e-06,-2.4220000000000002e-05,3
2026-01-11 00:00:00+00:00,-2.76e-05,2.846e-05,8.538e-05,3
2026-01-12 00:00:00+00:00,1.498e-05,6.2133333333333345e-06,1.8640000000000004e-05,3
2026-01-13 00:00:00+00:00,0.0001,5.224666666666666e-05,0.00015674,3
2026-01-14 00:00:00+00:00,8.318e-05,9.439333333333334e-05,0.00028318,3
2026-01-15 00:00:00+00:00,-3.444e-05,1.5919999999999997e-05,4.775999999999999e-05,3
2026-01-16 00:00:00+00:00,1.717e-05,-3.1233333333333332e-06,-9.37e-06,3
2026-01-17 00:00:00+00:00,-1.602e-05,6.132666666666667e-05,0.00018398,3
2026-01-18 00:00:00+00:00,1.169e-05,7.056333333333333e-05,0.00021169,3
2026-01-19 00:00:00+00:00,2.33e-06,2.2363333333333333e-05,6.709e-05,3
2026-01-20 00:00:00+00:00,5.103e-05,5.3543333333333326e-05,0.00016062999999999999,3
2026-01-21 00:00:00+00:00,4.322e-05,3.391666666666667e-05,0.00010175,3
2026-01-22 00:00:00+00:00,-3.816e-05,1.794666666666667e-05,5.3840000000000006e-05,3
2026-01-23 00:00:00+00:00,-1.852e-05,2.8863333333333332e-05,8.659e-05,3
2026-01-24 00:00:00+00:00,-2.067e-05,3.9080000000000005e-05,0.00011724000000000001,3
2026-01-25 00:00:00+00:00,2.45e-06,-1.1260000000000002e-05,-3.3780000000000005e-05,3
2026-01-26 00:00:00+00:00,4.311e-05,1.775e-05,5.325e-05,3
2026-01-27 00:00:00+00:00,-1.83e-05,-1.4566666666666674e-06,-4.370000000000002e-06,3
2026-01-28 00:00:00+00:00,6.568e-05,7.543333333333333e-05,0.0002263,3
2026-01-29 00:00:00+00:00,-8.941e-05,-1.94e-05,-5.82e-05,3
2026-01-30 00:00:00+00:00,-0.00015218,-0.00012835,-0.00038505,3
2026-01-31 00:00:00+00:00,2.637e-05,-5.8733333333333336e-05,-0.0001762,3
2026-02-01 00:00:00+00:00,7.091e-05,-1.5009999999999999e-05,-4.5029999999999994e-05,3
2026-02-02 00:00:00+00:00,1.7e-06,3.6586666666666666e-05,0.00010975999999999999,3
2026-02-03 00:00:00+00:00,-4.999e-05,-1.6303333333333334e-05,-4.8910000000000004e-05,3
2026-02-04 00:00:00+00:00,-2.31e-06,6.379333333333334e-05,0.00019138,3
2026-02-05 00:00:00+00:00,0.0001,6.673333333333333e-05,0.00020020000000000001,3
2026-02-06 00:00:00+00:00,-0.00038285,-0.00020757333333333333,-0.00062272,3
2026-02-07 00:00:00+00:00,6.668e-05,-5.377666666666667e-05,-0.00016133,3
2026-02-08 00:00:00+00:00,-0.00019044,-0.00010889333333333332,-0.00032668,3
2026-02-09 00:00:00+00:00,3.548e-05,-4.6066666666666664e-05,-0.0001382,3
2026-02-10 00:00:00+00:00,-0.00019003,-6.264666666666666e-05,-0.00018794,3
2026-02-11 00:00:00+00:00,-1.093e-05,-4.796666666666667e-05,-0.0001439,3
2026-02-12 00:00:00+00:00,1.018e-05,4.386333333333334e-05,0.00013159,3
2026-02-13 00:00:00+00:00,-1.032e-05,-4.236666666666666e-06,-1.2709999999999999e-05,3
2026-02-14 00:00:00+00:00,-0.00010651,-5.2459999999999996e-05,-0.00015738,3
2026-02-15 00:00:00+00:00,2.392e-05,-4.661000000000001e-05,-0.00013983000000000002,3
2026-02-16 00:00:00+00:00,-0.00013835,-0.00010517333333333334,-0.00031552,3
2026-02-17 00:00:00+00:00,7.65e-06,-4.852333333333334e-05,-0.00014557,3
2026-02-18 00:00:00+00:00,-4.878e-05,-1.517e-05,-4.551e-05,3
2026-02-19 00:00:00+00:00,5.562e-05,7.959999999999998e-06,2.3879999999999995e-05,3
2026-02-20 00:00:00+00:00,9.84e-06,3.447666666666667e-05,0.00010343,3
2026-02-21 00:00:00+00:00,-6.81e-06,2.5566666666666666e-06,7.67e-06,3
2026-02-22 00:00:00+00:00,-9.765e-05,-3.093333333333334e-05,-9.28e-05,3
2026-02-23 00:00:00+00:00,4.537e-05,-5.0213333333333336e-05,-0.00015064,3
2026-02-24 00:00:00+00:00,-4.338e-05,-7.109666666666667e-05,-0.00021329,3
2026-02-25 00:00:00+00:00,6.12e-05,2.2486666666666666e-05,6.746e-05,3
2026-02-26 00:00:00+00:00,1.014e-05,4.479333333333333e-05,0.00013438,3
2026-02-27 00:00:00+00:00,-0.00011857,-4.924333333333333e-05,-0.00014773,3
2026-02-28 00:00:00+00:00,-0.00013752,-0.00012893,-0.00038679000000000003,3
2026-03-01 00:00:00+00:00,-1.116e-05,1.1449999999999999e-05,3.4349999999999995e-05,3
2026-03-02 00:00:00+00:00,9.2e-07,-1.3276666666666666e-05,-3.9829999999999996e-05,3
2026-03-03 00:00:00+00:00,-0.00013643,-6.069333333333333e-05,-0.00018208,3
2026-03-04 00:00:00+00:00,0.0001,4.8780000000000004e-05,0.00014634,3
2026-03-05 00:00:00+00:00,-1.78e-05,2.816666666666667e-05,8.450000000000001e-05,3
2026-03-06 00:00:00+00:00,-0.00012583,-5.0633333333333335e-05,-0.0001519,3
2026-03-07 00:00:00+00:00,-0.00012369,-9.232666666666668e-05,-0.00027698,3
2026-03-08 00:00:00+00:00,-0.00013567,-0.00010687666666666668,-0.00032063,3
2026-03-09 00:00:00+00:00,5.471e-05,-1.2020000000000002e-05,-3.6060000000000004e-05,3
2026-03-10 00:00:00+00:00,0.0001,8.434000000000001e-05,0.00025302,3
2026-03-11 00:00:00+00:00,-2.249e-05,-4.2663333333333335e-05,-0.00012799,3
2026-03-12 00:00:00+00:00,-8.28e-06,-1.1800000000000004e-05,-3.5400000000000013e-05,3
2026-03-13 00:00:00+00:00,0.0001,7.314000000000001e-05,0.00021942,3
2026-03-14 00:00:00+00:00,-7.827e-05,-7.211333333333333e-05,-0.00021633999999999998,3
2026-03-15 00:00:00+00:00,0.0001,1.501666666666667e-05,4.505000000000001e-05,3
2026-03-16 00:00:00+00:00,0.0001,0.0001,0.00030000000000000003,3
2026-03-17 00:00:00+00:00,-6.089e-05,-7.0900000000000016e-06,-2.1270000000000005e-05,3
2026-03-18 00:00:00+00:00,-6.254e-05,-1.8596666666666664e-05,-5.578999999999999e-05,3
2026-03-19 00:00:00+00:00,-1.616e-05,1.3759999999999999e-05,4.128e-05,3
2026-03-20 00:00:00+00:00,-2.648e-05,-3.0266666666666666e-05,-9.08e-05,3
2026-03-21 00:00:00+00:00,-4.364e-05,2.63e-05,7.89e-05,3
2026-03-22 00:00:00+00:00,-2.908e-05,-2.117e-05,-6.351e-05,3
2026-03-23 00:00:00+00:00,4.722e-05,4.206333333333333e-05,0.00012618999999999998,3
2026-03-24 00:00:00+00:00,-3.852e-05,4.090333333333333e-05,0.00012271,3
2026-03-25 00:00:00+00:00,7.78e-06,7.066666666666633e-07,2.11999999999999e-06,3
2026-03-26 00:00:00+00:00,-0.00015043,-7.430333333333333e-05,-0.00022291,3
2026-03-27 00:00:00+00:00,-5.808e-05,-6.9100000000000025e-06,-2.0730000000000007e-05,3
2026-03-28 00:00:00+00:00,-5.162e-05,-6.038666666666666e-05,-0.00018115999999999998,3
2026-03-29 00:00:00+00:00,-0.00010118,-6.269333333333334e-05,-0.00018808,3
2026-03-30 00:00:00+00:00,0.0001,3.0296666666666667e-05,9.089e-05,3
2026-03-31 00:00:00+00:00,6.37e-06,3.036666666666667e-05,9.11e-05,3
2026-04-01 00:00:00+00:00,0.0001,8.184333333333333e-05,0.00024553,3
2026-04-02 00:00:00+00:00,-0.00010027,-2.764e-05,-8.292e-05,3
2026-04-03 00:00:00+00:00,6.844e-05,2.845e-05,8.535e-05,3
2026-04-04 00:00:00+00:00,-6.865e-05,-1.4520000000000002e-05,-4.356e-05,3
2026-04-05 00:00:00+00:00,-8.12e-05,-5.340999999999999e-05,-0.00016022999999999998,3
2026-04-06 00:00:00+00:00,0.0001,4.142666666666667e-05,0.00012428,3
2026-04-07 00:00:00+00:00,-9.703e-05,-3.566666666666667e-05,-0.000107,3
2026-04-08 00:00:00+00:00,7.17e-05,8.261333333333332e-05,0.00024784,3
2026-04-09 00:00:00+00:00,-4.23e-05,-1.9066666666666642e-06,-5.719999999999993e-06,3
2026-04-10 00:00:00+00:00,6.732e-05,5.378e-05,0.00016134,3
2026-04-11 00:00:00+00:00,-3.758e-05,2.817e-05,8.451e-05,3
2026-04-12 00:00:00+00:00,-6.851e-05,-1.6626666666666668e-05,-4.9880000000000004e-05,3
2026-04-13 00:00:00+00:00,3.213e-05,-7.526666666666668e-06,-2.2580000000000004e-05,3
2026-04-14 00:00:00+00:00,0.0001,0.0001,0.00030000000000000003,3
2026-04-15 00:00:00+00:00,0.0001,3.74e-05,0.0001122,3
2026-04-16 00:00:00+00:00,6.721e-05,8.907000000000001e-05,0.00026721000000000004,3
2026-04-17 00:00:00+00:00,6.343e-05,5.195333333333333e-05,0.00015586,3
2026-04-18 00:00:00+00:00,2.039e-05,1.2173333333333333e-05,3.6519999999999996e-05,3
2026-04-19 00:00:00+00:00,1.96e-05,3.367e-05,0.00010101,3
2026-04-20 00:00:00+00:00,9.09e-06,2.706666666666666e-06,8.119999999999998e-06,3
2026-04-21 00:00:00+00:00,2.588e-05,3.328e-05,9.983999999999999e-05,3
2026-04-22 00:00:00+00:00,6.591e-05,6.414e-05,0.00019242,3
2026-04-23 00:00:00+00:00,2.705e-05,-2.5656666666666664e-05,-7.696999999999999e-05,3
2026-04-24 00:00:00+00:00,-4.44e-06,1.6683333333333333e-05,5.005e-05,3
2026-04-25 00:00:00+00:00,2.276e-05,4.5963333333333334e-05,0.00013789,3
2026-04-26 00:00:00+00:00,2.019e-05,1.165e-05,3.495e-05,3
2026-04-27 00:00:00+00:00,-1.726e-05,-4.656666666666666e-06,-1.397e-05,3
2026-04-28 00:00:00+00:00,2.89e-06,2.3416666666666666e-05,7.025e-05,3
2026-04-29 00:00:00+00:00,-7.088e-05,-6.193333333333334e-06,-1.858e-05,3
2026-04-30 00:00:00+00:00,5.63e-06,2.5166666666666667e-05,7.55e-05,3
2026-05-01 00:00:00+00:00,2.866e-05,3.9026666666666663e-05,0.00011708,3
2026-05-02 00:00:00+00:00,8.04e-06,2.005e-05,6.015e-05,3
2026-05-03 00:00:00+00:00,-7.2e-06,-8.333333333333282e-08,-2.4999999999999845e-07,3
2026-05-04 00:00:00+00:00,-4.447e-05,1.8630000000000003e-05,5.589000000000001e-05,3
2026-05-05 00:00:00+00:00,9.495e-05,9.007333333333334e-05,0.00027022,3
2026-05-06 00:00:00+00:00,-3.281e-05,4.053e-05,0.00012159,3
2026-05-07 00:00:00+00:00,-0.0001042,-0.00012051999999999999,-0.00036156,3
2026-05-08 00:00:00+00:00,-7.79e-06,-1.4e-05,-4.2e-05,3
2026-05-09 00:00:00+00:00,1.371e-05,4.851333333333333e-05,0.00014554,3
2026-05-10 00:00:00+00:00,4.121e-05,2.4930000000000004e-05,7.479000000000001e-05,3
2026-05-11 00:00:00+00:00,-1.47e-05,5.3346666666666675e-05,0.00016004000000000002,3
2026-05-12 00:00:00+00:00,-9.32e-06,1.688e-05,5.064e-05,3
2026-05-13 00:00:00+00:00,-4.721e-05,-2.5106666666666658e-05,-7.531999999999998e-05,3
2026-05-14 00:00:00+00:00,0.0001,5.987666666666667e-05,0.00017963,3
2026-05-15 00:00:00+00:00,-0.00010641,-1.0133333333333327e-06,-3.039999999999998e-06,3
2026-05-16 00:00:00+00:00,-4.353e-05,-7.560666666666666e-05,-0.00022682,3
2026-05-17 00:00:00+00:00,-4.573e-05,-4.364666666666667e-05,-0.00013094000000000002,3
2026-05-18 00:00:00+00:00,-5.111e-05,8.320000000000002e-06,2.4960000000000005e-05,3
2026-05-19 00:00:00+00:00,3.156e-05,4.186666666666667e-05,0.00012560000000000002,3
2026-05-20 00:00:00+00:00,0.0001,0.0001,0.00030000000000000003,3
2026-05-21 00:00:00+00:00,-2.74e-06,3.862666666666667e-05,0.00011588000000000001,3
2026-05-22 00:00:00+00:00,-1.091e-05,1.953e-05,5.859e-05,3
2026-05-23 00:00:00+00:00,2.686e-05,-4.590000000000001e-06,-1.3770000000000002e-05,3
2026-05-24 00:00:00+00:00,2.077e-05,1.893e-05,5.6790000000000003e-05,3
2026-05-25 00:00:00+00:00,2.554e-05,2.1383333333333332e-05,6.415e-05,3
2026-05-26 00:00:00+00:00,7.246e-05,2.3293333333333333e-05,6.988e-05,3
2026-05-27 00:00:00+00:00,4.607e-05,-2.012e-05,-6.036e-05,3
2026-05-28 00:00:00+00:00,-9.89e-06,-5.9483333333333334e-05,-0.00017845,3
2026-05-29 00:00:00+00:00,-1.124e-05,1.3113333333333334e-05,3.934e-05,3
2026-05-30 00:00:00+00:00,3.538e-05,5.649e-05,0.00016947000000000002,3
2026-05-31 00:00:00+00:00,-7.04e-06,1.5116666666666669e-05,4.5350000000000005e-05,3
2026-06-01 00:00:00+00:00,1.08e-05,1.2223333333333335e-05,3.6670000000000006e-05,3
2026-06-02 00:00:00+00:00,-1.039e-05,-4.696666666666668e-06,-1.4090000000000002e-05,3
2026-06-03 00:00:00+00:00,6.361e-05,-2.705666666666667e-05,-8.117000000000001e-05,3
2026-06-04 00:00:00+00:00,-0.0001169,-4.408e-05,-0.00013224,3
2026-06-05 00:00:00+00:00,5.223e-05,-2.449666666666666e-05,-7.348999999999998e-05,3
2026-06-06 00:00:00+00:00,-3.25e-06,-1.0083333333333332e-05,-3.0249999999999997e-05,3
2026-06-07 00:00:00+00:00,-6.739e-05,-8.530666666666665e-05,-0.00025592,3
2026-06-08 00:00:00+00:00,-2.33e-06,-1.908e-05,-5.724e-05,3
2026-06-09 00:00:00+00:00,-4.578e-05,-6.0643333333333336e-05,-0.00018193000000000001,3
2026-06-10 00:00:00+00:00,1.205e-05,7.676666666666667e-06,2.303e-05,3
2026-06-11 00:00:00+00:00,4.085e-05,2.2539999999999998e-05,6.761999999999999e-05,3
2026-06-12 00:00:00+00:00,1.512e-05,9.003333333333334e-06,2.701e-05,3
2026-06-13 00:00:00+00:00,0.0001,-8.213333333333337e-06,-2.4640000000000008e-05,3
2026-06-14 00:00:00+00:00,-0.00012719,-0.00012114333333333332,-0.00036343,3
2026-06-15 00:00:00+00:00,-2.526e-05,-2.9089999999999998e-05,-8.727e-05,3
2026-06-16 00:00:00+00:00,1.922e-05,8.183333333333332e-06,2.4549999999999997e-05,3
2026-06-17 00:00:00+00:00,-5.939e-05,-2.1133333333333323e-06,-6.339999999999997e-06,3
2026-06-18 00:00:00+00:00,-5.986e-05,-4.077e-05,-0.00012230999999999999,3
2026-06-19 00:00:00+00:00,-3.608e-05,4.553333333333332e-06,1.3659999999999995e-05,3
2026-06-20 00:00:00+00:00,8.659e-05,-4.090000000000001e-06,-1.2270000000000003e-05,3
2026-06-21 00:00:00+00:00,1.585e-05,3.6706666666666665e-05,0.00011012,3
2026-06-22 00:00:00+00:00,-5.236e-05,-2.3789999999999998e-05,-7.136999999999999e-05,3
2026-06-23 00:00:00+00:00,-8.654e-05,-9.383333333333331e-05,-0.00028149999999999996,3
2026-06-24 00:00:00+00:00,-6.78e-05,-4.0596666666666664e-05,-0.00012179,3
2026-06-25 00:00:00+00:00,-0.00012983,-0.00012043666666666666,-0.00036131,3
2026-06-26 00:00:00+00:00,-6.502e-05,-3.6853333333333335e-05,-0.00011056,3
2026-06-27 00:00:00+00:00,-8.954e-05,-4.4523333333333335e-05,-0.00013357,3
2026-06-28 00:00:00+00:00,-9.11e-06,-8.379333333333334e-05,-0.00025138,3
2026-06-29 00:00:00+00:00,-2.88e-05,-2.169e-05,-6.507e-05,3
2026-06-30 00:00:00+00:00,5.354e-05,-3.169333333333334e-05,-9.508000000000002e-05,3
2026-07-01 00:00:00+00:00,-4.443e-05,8.616666666666668e-06,2.5850000000000005e-05,3
2026-07-02 00:00:00+00:00,-1.97e-06,-2.4119999999999996e-05,-7.235999999999999e-05,3
2026-07-03 00:00:00+00:00,3.699e-05,-4.012333333333333e-05,-0.00012036999999999999,3
2026-07-04 00:00:00+00:00,3.459e-05,1.2256666666666667e-05,3.677e-05,3
2026-07-05 00:00:00+00:00,-6.947e-05,-2.1866666666666665e-05,-6.56e-05,3
2026-07-06 00:00:00+00:00,1.096e-05,-1.1089999999999999e-05,-3.327e-05,3
2026-07-07 00:00:00+00:00,-3.131e-05,-5.063333333333334e-06,-1.5190000000000002e-05,3
2026-07-08 00:00:00+00:00,8.892e-05,1.3759999999999999e-05,4.128e-05,3
2026-07-09 00:00:00+00:00,4.251e-05,4.931666666666666e-05,0.00014795,3
2026-07-10 00:00:00+00:00,5.521e-05,3.673666666666666e-05,0.00011020999999999999,3
2026-07-11 00:00:00+00:00,-5.804e-05,1.1800000000000012e-06,3.5400000000000034e-06,3
2026-07-12 00:00:00+00:00,4.847e-05,7.3966666666666664e-06,2.219e-05,3
2026-07-13 00:00:00+00:00,-1.833e-05,-3.2953333333333335e-05,-9.886e-05,3
2026-07-14 00:00:00+00:00,5.882e-05,-7.793333333333334e-06,-2.3380000000000003e-05,3
2026-07-15 00:00:00+00:00,0.0001,7.857666666666667e-05,0.00023573000000000002,3
2026-07-16 00:00:00+00:00,0.0001,4.8836666666666666e-05,0.00014651,3
2026-07-17 00:00:00+00:00,-5.93e-05,-5.5593333333333335e-05,-0.00016678,3
2026-07-18 00:00:00+00:00,-1.752e-05,-4.226333333333333e-05,-0.00012679,3
2026-07-19 00:00:00+00:00,1.881e-05,-1.0499999999999995e-06,-3.1499999999999986e-06,3
2026-07-20 00:00:00+00:00,5.12e-05,2.0176666666666666e-05,6.053e-05,3
2026-07-21 00:00:00+00:00,4.856e-05,7.117e-05,0.00021351,3
2026-07-22 00:00:00+00:00,7.903e-05,9.300999999999999e-05,0.00027903,3
2026-07-23 00:00:00+00:00,2.64e-05,-2.4520000000000002e-05,-7.356000000000001e-05,3
2026-07-24 00:00:00+00:00,9.9e-06,-2.2060000000000002e-05,-6.618e-05,3
2026-07-25 00:00:00+00:00,-0.00013578,-8.981666666666668e-05,-0.00026945,3
2026-07-26 00:00:00+00:00,1.495e-05,3.149e-05,9.447e-05,3
2026-07-27 00:00:00+00:00,-2.69e-06,3.020666666666667e-05,9.062000000000001e-05,3
2026-07-28 00:00:00+00:00,-4.767e-05,-9.811e-05,-0.00029433,3
2026-07-29 00:00:00+00:00,3.972e-05,-1.0136666666666669e-05,-3.041000000000001e-05,3
2026-07-30 00:00:00+00:00,6.514e-05,8.838e-05,0.00026514,3
2026-07-31 00:00:00+00:00,-4.772e-05,8.370000000000003e-06,2.511000000000001e-05,3
2026-08-01 00:00:00+00:00,-1.656e-05,-1.6553333333333333e-05,-4.9659999999999995e-05,3
2026-08-02 00:00:00+00:00,0.0001,4.585333333333334e-05,0.00013756,3
2026-08-03 00:00:00+00:00,6.941e-05,8.833666666666666e-05,0.00026501,3
2026-08-04 00:00:00+00:00,2.036e-05,5.996333333333333e-05,0.00017989,3
2026-08-05 00:00:00+00:00,7.86e-06,-1.1783333333333335e-05,-3.5350000000000005e-05,3
2026-08-06 00:00:00+00:00,-5.788e-05,-3.4773333333333335e-05,-0.00010432,3
2026-08-07 00:00:00+00:00,3.254e-05,-2.4436666666666666e-05,-7.331e-05,3
2026-08-08 00:00:00+00:00,5.641e-05,1.9216666666666665e-05,5.765e-05,3
2026-08-09 00:00:00+00:00,0.0001,7.155e-05,0.00021465,3
2026-08-10 00:00:00+00:00,5.553e-05,7.574e-05,0.00022722,3
2026-08-11 00:00:00+00:00,-1.837e-05,7.746666666666668e-06,2.3240000000000004e-05,3
2026-08-12 00:00:00+00:00,2.965e-05,7.655e-05,0.00022965,3
2026-08-13 00:00:00+00:00,-2.596e-05,4.069e-05,0.00012207,3
2026-08-14 00:00:00+00:00,0.0001,7.257333333333333e-05,0.00021772,3
2026-08-15 00:00:00+00:00,1.74e-06,-1.2033333333333334e-05,-3.61e-05,3
2026-08-16 00:00:00+00:00,5.93e-05,1.6239999999999997e-05,4.8719999999999994e-05,3
2026-08-17 00:00:00+00:00,7.202e-05,5.0666666666666676e-06,1.5200000000000004e-05,3
2026-08-18 00:00:00+00:00,1.636e-05,9.023333333333334e-06,2.707e-05,3
2026-08-19 00:00:00+00:00,0.0001,8.103e-05,0.00024309,3
2026-08-20 00:00:00+00:00,0.0001,0.0001,0.00030000000000000003,3
2026-08-21 00:00:00+00:00,0.0001,9.384333333333334e-05,0.00028153,3
2026-08-22 00:00:00+00:00,0.0001,0.0001,0.00030000000000000003,3
2026-08-23 00:00:00+00:00,0.0001,0.0001,0.00030000000000000003,3
2026-08-24 00:00:00+00:00,0.0001,0.0001,0.0001,1
