candle_time,event_time,funding_timestamp,funding_rate
2020-03-25 00:00:00+00:00,,,
2020-03-26 00:00:00+00:00,2020-03-26 00:00:00+00:00,1585180800000.0,0.0001
2020-03-27 00:00:00+00:00,2020-03-27 00:00:00+00:00,1585267200000.0,0.0001
2020-03-28 00:00:00+00:00,2020-03-28 00:00:00+00:00,1585353600000.0,0.0001
2020-03-29 00:00:00+00:00,2020-03-29 00:00:00+00:00,1585440000000.0,0.0001
2020-03-30 00:00:00+00:00,2020-03-30 00:00:00+00:00,1585526400000.0,0.0001
2020-03-31 00:00:00+00:00,2020-03-31 00:00:00+00:00,1585612800000.0,0.0001
2020-04-01 00:00:00+00:00,2020-04-01 00:00:00+00:00,1585699200000.0,0.0001
2020-04-02 00:00:00+00:00,2020-04-02 00:00:00+00:00,1585785600000.0,-0.00065103
2020-04-03 00:00:00+00:00,2020-04-03 00:00:00+00:00,1585872000000.0,-0.00196465
2020-04-04 00:00:00+00:00,2020-04-04 00:00:00+00:00,1585958400000.0,-0.0007468
2020-04-05 00:00:00+00:00,2020-04-05 00:00:00+00:00,1586044800000.0,0.0001
2020-04-06 00:00:00+00:00,2020-04-06 00:00:00+00:00,1586131200000.0,0.0001
2020-04-07 00:00:00+00:00,2020-04-07 00:00:00+00:00,1586217600000.0,9.599e-05
2020-04-08 00:00:00+00:00,2020-04-08 00:00:00+00:00,1586304000000.0,0.0001
2020-04-09 00:00:00+00:00,2020-04-09 00:00:00+00:00,1586390400000.0,0.0001
2020-04-10 00:00:00+00:00,2020-04-10 00:00:00+00:00,1586476800000.0,6.698e-05
2020-04-11 00:00:00+00:00,2020-04-11 00:00:00+00:00,1586563200000.0,0.0001
2020-04-12 00:00:00+00:00,2020-04-12 00:00:00+00:00,1586649600000.0,0.0001
2020-04-13 00:00:00+00:00,2020-04-13 00:00:00+00:00,1586736000000.0,0.0001
2020-04-14 00:00:00+00:00,2020-04-14 00:00:00+00:00,1586822400000.0,-0.00029311
2020-04-15 00:00:00+00:00,2020-04-15 00:00:00+00:00,1586908800000.0,-0.00038444
2020-04-16 00:00:00+00:00,2020-04-16 00:00:00+00:00,1586995200000.0,-0.00044288
2020-04-17 00:00:00+00:00,2020-04-17 00:00:00+00:00,1587081600000.0,-0.00070903
2020-04-18 00:00:00+00:00,2020-04-18 00:00:00+00:00,1587168000000.0,-6.622e-05
2020-04-19 00:00:00+00:00,2020-04-19 00:00:00+00:00,1587254400000.0,-0.00027777
2020-04-20 00:00:00+00:00,2020-04-20 00:00:00+00:00,1587340800000.0,4.56e-06
2020-04-21 00:00:00+00:00,2020-04-21 00:00:00+00:00,1587427200000.0,3.59e-05
2020-04-22 00:00:00+00:00,2020-04-22 00:00:00+00:00,1587513600000.0,0.0001
2020-04-23 00:00:00+00:00,2020-04-23 00:00:00+00:00,1587600000000.0,-0.00025968
2020-04-24 00:00:00+00:00,2020-04-24 00:00:00+00:00,1587686400000.0,-0.00018968
2020-04-25 00:00:00+00:00,2020-04-25 00:00:00+00:00,1587772800000.0,0.0001
2020-04-26 00:00:00+00:00,2020-04-26 00:00:00+00:00,1587859200000.0,0.0001
2020-04-27 00:00:00+00:00,2020-04-27 00:00:00+00:00,1587945600000.0,0.0001
2020-04-28 00:00:00+00:00,2020-04-28 00:00:00+00:00,1588032000000.0,0.0001
2020-04-29 00:00:00+00:00,2020-04-29 00:00:00+00:00,1588118400000.0,0.0001
2020-04-30 00:00:00+00:00,2020-04-30 00:00:00+00:00,1588204800000.0,0.0001
2020-05-01 00:00:00+00:00,2020-05-01 00:00:00+00:00,1588291200000.0,0.0001
2020-05-02 00:00:00+00:00,2020-05-02 00:00:00+00:00,1588377600000.0,0.0001
2020-05-03 00:00:00+00:00,2020-05-03 00:00:00+00:00,1588464000000.0,0.0001
2020-05-04 00:00:00+00:00,2020-05-04 00:00:00+00:00,1588550400000.0,0.0001
2020-05-05 00:00:00+00:00,2020-05-05 00:00:00+00:00,1588636800000.0,0.0001
2020-05-06 00:00:00+00:00,2020-05-06 00:00:00+00:00,1588723200000.0,0.0001
2020-05-07 00:00:00+00:00,2020-05-07 00:00:00+00:00,1588809600000.0,0.0001
2020-05-08 00:00:00+00:00,2020-05-08 00:00:00+00:00,1588896000000.0,0.0001
2020-05-09 00:00:00+00:00,2020-05-09 00:00:00+00:00,1588982400000.0,0.0001
2020-05-10 00:00:00+00:00,2020-05-10 00:00:00+00:00,1589068800000.0,0.0001
2020-05-11 00:00:00+00:00,2020-05-11 00:00:00+00:00,1589155200000.0,0.0001
2020-05-12 00:00:00+00:00,2020-05-12 00:00:00+00:00,1589241600000.0,0.0001
2020-05-13 00:00:00+00:00,2020-05-13 00:00:00+00:00,1589328000000.0,0.0001
2020-05-14 00:00:00+00:00,2020-05-14 00:00:00+00:00,1589414400000.0,0.0001
2020-05-15 00:00:00+00:00,2020-05-15 00:00:00+00:00,1589500800000.0,0.0001
2020-05-16 00:00:00+00:00,2020-05-16 00:00:00+00:00,1589587200000.0,0.0001
2020-05-17 00:00:00+00:00,2020-05-17 00:00:00+00:00,1589673600000.0,0.0001
2020-05-18 00:00:00+00:00,2020-05-18 00:00:00+00:00,1589760000000.0,0.0001
2020-05-19 00:00:00+00:00,2020-05-19 00:00:00+00:00,1589846400000.0,0.0001
2020-05-20 00:00:00+00:00,2020-05-20 00:00:00+00:00,1589932800000.0,0.0001
2020-05-21 00:00:00+00:00,2020-05-21 00:00:00+00:00,1590019200000.0,0.0001
2020-05-22 00:00:00+00:00,2020-05-22 00:00:00+00:00,1590105600000.0,0.0001
2020-05-23 00:00:00+00:00,2020-05-23 00:00:00+00:00,1590192000000.0,0.0001
2020-05-24 00:00:00+00:00,2020-05-24 00:00:00+00:00,1590278400000.0,0.0001
2020-05-25 00:00:00+00:00,2020-05-25 00:00:00+00:00,1590364800000.0,0.0001
2020-05-26 00:00:00+00:00,2020-05-26 00:00:00+00:00,1590451200000.0,0.0001
2020-05-27 00:00:00+00:00,2020-05-27 00:00:00+00:00,1590537600000.0,0.0001
2020-05-28 00:00:00+00:00,2020-05-28 00:00:00+00:00,1590624000000.0,0.0001
2020-05-29 00:00:00+00:00,2020-05-29 00:00:00+00:00,1590710400000.0,9.316e-05
2020-05-30 00:00:00+00:00,2020-05-30 00:00:00+00:00,1590796800000.0,0.0001
2020-05-31 00:00:00+00:00,2020-05-31 00:00:00+00:00,1590883200000.0,0.0001
2020-06-01 00:00:00+00:00,2020-06-01 00:00:00+00:00,1590969600000.0,0.0001
2020-06-02 00:00:00+00:00,2020-06-02 00:00:00+00:00,1591056000000.0,0.0001
2020-06-03 00:00:00+00:00,2020-06-03 00:00:00+00:00,1591142400000.0,0.0001
2020-06-04 00:00:00+00:00,2020-06-04 00:00:00+00:00,1591228800000.0,0.0001
2020-06-05 00:00:00+00:00,2020-06-05 00:00:00+00:00,1591315200000.0,0.0001
2020-06-06 00:00:00+00:00,2020-06-06 00:00:00+00:00,1591401600000.0,0.0001
2020-06-07 00:00:00+00:00,2020-06-07 00:00:00+00:00,1591488000000.0,0.0001
2020-06-08 00:00:00+00:00,2020-06-08 00:00:00+00:00,1591574400000.0,0.0001
2020-06-09 00:00:00+00:00,2020-06-09 00:00:00+00:00,1591660800000.0,0.0001
2020-06-10 00:00:00+00:00,2020-06-10 00:00:00+00:00,1591747200000.0,0.0001
2020-06-11 00:00:00+00:00,2020-06-11 00:00:00+00:00,1591833600000.0,0.0001
2020-06-12 00:00:00+00:00,2020-06-12 00:00:00+00:00,1591920000000.0,0.0001
2020-06-13 00:00:00+00:00,2020-06-13 00:00:00+00:00,1592006400000.0,0.0001
2020-06-14 00:00:00+00:00,2020-06-14 00:00:00+00:00,1592092800000.0,0.0001
2020-06-15 00:00:00+00:00,2020-06-15 00:00:00+00:00,1592179200000.0,0.0001
2020-06-16 00:00:00+00:00,2020-06-16 00:00:00+00:00,1592265600000.0,0.0001
2020-06-17 00:00:00+00:00,2020-06-17 00:00:00+00:00,1592352000000.0,0.0001
2020-06-18 00:00:00+00:00,2020-06-18 00:00:00+00:00,1592438400000.0,0.0001
2020-06-19 00:00:00+00:00,2020-06-19 00:00:00+00:00,1592524800000.0,0.0001
2020-06-20 00:00:00+00:00,2020-06-20 00:00:00+00:00,1592611200000.0,0.0001
2020-06-21 00:00:00+00:00,2020-06-21 00:00:00+00:00,1592697600000.0,0.0001
2020-06-22 00:00:00+00:00,2020-06-22 00:00:00+00:00,1592784000000.0,0.0001
2020-06-23 00:00:00+00:00,2020-06-23 00:00:00+00:00,1592870400000.0,0.0001
2020-06-24 00:00:00+00:00,2020-06-24 00:00:00+00:00,1592956800000.0,0.0001
2020-06-25 00:00:00+00:00,2020-06-25 00:00:00+00:00,1593043200000.0,0.0001
2020-06-26 00:00:00+00:00,2020-06-26 00:00:00+00:00,1593129600000.0,0.0001
2020-06-27 00:00:00+00:00,2020-06-27 00:00:00+00:00,1593216000000.0,0.0001
2020-06-28 00:00:00+00:00,2020-06-28 00:00:00+00:00,1593302400000.0,0.0001
2020-06-29 00:00:00+00:00,2020-06-29 00:00:00+00:00,1593388800000.0,0.0001
2020-06-30 00:00:00+00:00,2020-06-30 00:00:00+00:00,1593475200000.0,0.0001
2020-07-01 00:00:00+00:00,2020-07-01 00:00:00+00:00,1593561600000.0,0.0001
2020-07-02 00:00:00+00:00,2020-07-02 00:00:00+00:00,1593648000000.0,0.0001
2020-07-03 00:00:00+00:00,2020-07-03 00:00:00+00:00,1593734400000.0,0.0001
2020-07-04 00:00:00+00:00,2020-07-04 00:00:00+00:00,1593820800000.0,0.0001
2020-07-05 00:00:00+00:00,2020-07-05 00:00:00+00:00,1593907200000.0,0.0001
2020-07-06 00:00:00+00:00,2020-07-06 00:00:00+00:00,1593993600000.0,0.0001
2020-07-07 00:00:00+00:00,2020-07-07 00:00:00+00:00,1594080000000.0,0.0001
2020-07-08 00:00:00+00:00,2020-07-08 00:00:00+00:00,1594166400000.0,0.0001
2020-07-09 00:00:00+00:00,2020-07-09 00:00:00+00:00,1594252800000.0,0.0001
2020-07-10 00:00:00+00:00,2020-07-10 00:00:00+00:00,1594339200000.0,0.0001
2020-07-11 00:00:00+00:00,2020-07-11 00:00:00+00:00,1594425600000.0,0.0001
2020-07-12 00:00:00+00:00,2020-07-12 00:00:00+00:00,1594512000000.0,0.0001
2020-07-13 00:00:00+00:00,2020-07-13 00:00:00+00:00,1594598400000.0,0.0001
2020-07-14 00:00:00+00:00,2020-07-14 00:00:00+00:00,1594684800000.0,0.0001
2020-07-15 00:00:00+00:00,2020-07-15 00:00:00+00:00,1594771200000.0,0.0001
2020-07-16 00:00:00+00:00,2020-07-16 00:00:00+00:00,1594857600000.0,9.621e-05
2020-07-17 00:00:00+00:00,2020-07-17 00:00:00+00:00,1594944000000.0,0.0001
2020-07-18 00:00:00+00:00,2020-07-18 00:00:00+00:00,1595030400000.0,0.0001
2020-07-19 00:00:00+00:00,2020-07-19 00:00:00+00:00,1595116800000.0,0.0001
2020-07-20 00:00:00+00:00,2020-07-20 00:00:00+00:00,1595203200000.0,0.0001
2020-07-21 00:00:00+00:00,2020-07-21 00:00:00+00:00,1595289600000.0,0.0001
2020-07-22 00:00:00+00:00,2020-07-22 00:00:00+00:00,1595376000000.0,0.0001
2020-07-23 00:00:00+00:00,2020-07-23 00:00:00+00:00,1595462400000.0,0.0001
2020-07-24 00:00:00+00:00,2020-07-24 00:00:00+00:00,1595548800000.0,-6.765e-05
2020-07-25 00:00:00+00:00,2020-07-25 00:00:00+00:00,1595635200000.0,0.0001
2020-07-26 00:00:00+00:00,2020-07-26 00:00:00+00:00,1595721600000.0,7.786e-05
2020-07-27 00:00:00+00:00,2020-07-27 00:00:00+00:00,1595808000000.0,0.0001
2020-07-28 00:00:00+00:00,2020-07-28 00:00:00+00:00,1595894400000.0,0.0001
2020-07-29 00:00:00+00:00,2020-07-29 00:00:00+00:00,1595980800000.0,0.0001
2020-07-30 00:00:00+00:00,2020-07-30 00:00:00+00:00,1596067200000.0,0.0001
2020-07-31 00:00:00+00:00,2020-07-31 00:00:00+00:00,1596153600000.0,0.0001
2020-08-01 00:00:00+00:00,2020-08-01 00:00:00+00:00,1596240000000.0,0.0001
2020-08-02 00:00:00+00:00,2020-08-02 00:00:00+00:00,1596326400000.0,0.0001
2020-08-03 00:00:00+00:00,2020-08-03 00:00:00+00:00,1596412800000.0,0.0001
2020-08-04 00:00:00+00:00,2020-08-04 00:00:00+00:00,1596499200000.0,0.0001
2020-08-05 00:00:00+00:00,2020-08-05 00:00:00+00:00,1596585600000.0,0.0001
2020-08-06 00:00:00+00:00,2020-08-06 00:00:00+00:00,1596672000000.0,0.0001
2020-08-07 00:00:00+00:00,2020-08-07 00:00:00+00:00,1596758400000.0,0.0001
2020-08-08 00:00:00+00:00,2020-08-08 00:00:00+00:00,1596844800000.0,0.0001
2020-08-09 00:00:00+00:00,2020-08-09 00:00:00+00:00,1596931200000.0,0.0001
2020-08-10 00:00:00+00:00,2020-08-10 00:00:00+00:00,1597017600000.0,0.0001
2020-08-11 00:00:00+00:00,2020-08-11 00:00:00+00:00,1597104000000.0,0.0001
2020-08-12 00:00:00+00:00,2020-08-12 00:00:00+00:00,1597190400000.0,0.00029662
2020-08-13 00:00:00+00:00,2020-08-13 00:00:00+00:00,1597276800000.0,0.0001
2020-08-14 00:00:00+00:00,2020-08-14 00:00:00+00:00,1597363200000.0,0.0001
2020-08-15 00:00:00+00:00,2020-08-15 00:00:00+00:00,1597449600000.0,0.00069388
2020-08-16 00:00:00+00:00,2020-08-16 00:00:00+00:00,1597536000000.0,0.0007076
2020-08-17 00:00:00+00:00,2020-08-17 00:00:00+00:00,1597622400000.0,0.00071684
2020-08-18 00:00:00+00:00,2020-08-18 00:00:00+00:00,1597708800000.0,0.00100541
2020-08-19 00:00:00+00:00,2020-08-19 00:00:00+00:00,1597795200000.0,0.00192101
2020-08-20 00:00:00+00:00,2020-08-20 00:00:00+00:00,1597881600000.0,0.00059939
2020-08-21 00:00:00+00:00,2020-08-21 00:00:00+00:00,1597968000000.0,0.00024206
2020-08-22 00:00:00+00:00,2020-08-22 00:00:00+00:00,1598054400000.0,0.0001
2020-08-23 00:00:00+00:00,2020-08-23 00:00:00+00:00,1598140800000.0,0.0001
2020-08-24 00:00:00+00:00,2020-08-24 00:00:00+00:00,1598227200000.0,0.0001
2020-08-25 00:00:00+00:00,2020-08-25 00:00:00+00:00,1598313600000.0,0.0001
2020-08-26 00:00:00+00:00,2020-08-26 00:00:00+00:00,1598400000000.0,0.00053705
2020-08-27 00:00:00+00:00,2020-08-27 00:00:00+00:00,1598486400000.0,0.0001
2020-08-28 00:00:00+00:00,2020-08-28 00:00:00+00:00,1598572800000.0,0.00010457
2020-08-29 00:00:00+00:00,2020-08-29 00:00:00+00:00,1598659200000.0,0.0001
2020-08-30 00:00:00+00:00,2020-08-30 00:00:00+00:00,1598745600000.0,0.0001
2020-08-31 00:00:00+00:00,2020-08-31 00:00:00+00:00,1598832000000.0,0.0001
2020-09-01 00:00:00+00:00,2020-09-01 00:00:00+00:00,1598918400000.0,0.00013918
2020-09-02 00:00:00+00:00,2020-09-02 00:00:00+00:00,1599004800000.0,0.00073262
2020-09-03 00:00:00+00:00,2020-09-03 00:00:00+00:00,1599091200000.0,0.00083047
2020-09-04 00:00:00+00:00,2020-09-04 00:00:00+00:00,1599177600000.0,0.00036114
2020-09-05 00:00:00+00:00,2020-09-05 00:00:00+00:00,1599264000000.0,0.0001
2020-09-06 00:00:00+00:00,2020-09-06 00:00:00+00:00,1599350400000.0,0.0001
2020-09-07 00:00:00+00:00,2020-09-07 00:00:00+00:00,1599436800000.0,0.0001
2020-09-08 00:00:00+00:00,2020-09-08 00:00:00+00:00,1599523200000.0,0.0001
2020-09-09 00:00:00+00:00,2020-09-09 00:00:00+00:00,1599609600000.0,0.0001
2020-09-10 00:00:00+00:00,2020-09-10 00:00:00+00:00,1599696000000.0,0.0001
2020-09-11 00:00:00+00:00,2020-09-11 00:00:00+00:00,1599782400000.0,0.0001
2020-09-12 00:00:00+00:00,2020-09-12 00:00:00+00:00,1599868800000.0,0.0001
2020-09-13 00:00:00+00:00,2020-09-13 00:00:00+00:00,1599955200000.0,0.0001
2020-09-14 00:00:00+00:00,2020-09-14 00:00:00+00:00,1600041600000.0,0.0001
2020-09-15 00:00:00+00:00,2020-09-15 00:00:00+00:00,1600128000000.0,0.0001
2020-09-16 00:00:00+00:00,2020-09-16 00:00:00+00:00,1600214400000.0,-8.49e-06
2020-09-17 00:00:00+00:00,2020-09-17 00:00:00+00:00,1600300800000.0,1.35e-05
2020-09-18 00:00:00+00:00,2020-09-18 00:00:00+00:00,1600387200000.0,0.0001
2020-09-19 00:00:00+00:00,2020-09-19 00:00:00+00:00,1600473600000.0,7.219e-05
2020-09-20 00:00:00+00:00,2020-09-20 00:00:00+00:00,1600560000000.0,-0.00013724
2020-09-21 00:00:00+00:00,2020-09-21 00:00:00+00:00,1600646400000.0,5.554e-05
2020-09-22 00:00:00+00:00,2020-09-22 00:00:00+00:00,1600732800000.0,0.0001
2020-09-23 00:00:00+00:00,2020-09-23 00:00:00+00:00,1600819200000.0,0.0001
2020-09-24 00:00:00+00:00,2020-09-24 00:00:00+00:00,1600905600000.0,0.0001
2020-09-25 00:00:00+00:00,2020-09-25 00:00:00+00:00,1600992000000.0,-3.3e-07
2020-09-26 00:00:00+00:00,2020-09-26 00:00:00+00:00,1601078400000.0,0.0001
2020-09-27 00:00:00+00:00,2020-09-27 00:00:00+00:00,1601164800000.0,0.0001
2020-09-28 00:00:00+00:00,2020-09-28 00:00:00+00:00,1601251200000.0,0.0001
2020-09-29 00:00:00+00:00,2020-09-29 00:00:00+00:00,1601337600000.0,0.0001
2020-09-30 00:00:00+00:00,2020-09-30 00:00:00+00:00,1601424000000.0,0.0001
2020-10-01 00:00:00+00:00,2020-10-01 00:00:00+00:00,1601510400000.0,0.0001
2020-10-02 00:00:00+00:00,2020-10-02 00:00:00+00:00,1601596800000.0,-0.00093048
2020-10-03 00:00:00+00:00,2020-10-03 00:00:00+00:00,1601683200000.0,0.00016047
2020-10-04 00:00:00+00:00,2020-10-04 00:00:00+00:00,1601769600000.0,0.0001
2020-10-05 00:00:00+00:00,2020-10-05 00:00:00+00:00,1601856000000.0,0.0001
2020-10-06 00:00:00+00:00,2020-10-06 00:00:00+00:00,1601942400000.0,-0.00058384
2020-10-07 00:00:00+00:00,2020-10-07 00:00:00+00:00,1602028800000.0,-0.00034888
2020-10-08 00:00:00+00:00,2020-10-08 00:00:00+00:00,1602115200000.0,0.0001
2020-10-09 00:00:00+00:00,2020-10-09 00:00:00+00:00,1602201600000.0,0.0001
2020-10-10 00:00:00+00:00,2020-10-10 00:00:00+00:00,1602288000000.0,-0.00043282
2020-10-11 00:00:00+00:00,2020-10-11 00:00:00+00:00,1602374400000.0,0.0001
2020-10-12 00:00:00+00:00,2020-10-12 00:00:00+00:00,1602460800000.0,0.0001
2020-10-13 00:00:00+00:00,2020-10-13 00:00:00+00:00,1602547200000.0,0.0002219
2020-10-14 00:00:00+00:00,2020-10-14 00:00:00+00:00,1602633600000.0,0.00026442
2020-10-15 00:00:00+00:00,2020-10-15 00:00:00+00:00,1602720000000.0,0.0001
2020-10-16 00:00:00+00:00,2020-10-16 00:00:00+00:00,1602806400000.0,0.0001
2020-10-17 00:00:00+00:00,2020-10-17 00:00:00+00:00,1602892800000.0,0.00015943
2020-10-18 00:00:00+00:00,2020-10-18 00:00:00+00:00,1602979200000.0,0.0001
2020-10-19 00:00:00+00:00,2020-10-19 00:00:00+00:00,1603065600000.0,8.694e-05
2020-10-20 00:00:00+00:00,2020-10-20 00:00:00+00:00,1603152000000.0,-0.00026851
2020-10-21 00:00:00+00:00,2020-10-21 00:00:00+00:00,1603238400000.0,-0.00042457
2020-10-22 00:00:00+00:00,2020-10-22 00:00:00+00:00,1603324800000.0,0.0001
2020-10-23 00:00:00+00:00,2020-10-23 00:00:00+00:00,1603411200000.0,0.00091297
2020-10-24 00:00:00+00:00,2020-10-24 00:00:00+00:00,1603497600000.0,0.00131645
2020-10-25 00:00:00+00:00,2020-10-25 00:00:00+00:00,1603584000000.0,0.00045744
2020-10-26 00:00:00+00:00,2020-10-26 00:00:00+00:00,1603670400000.0,0.00029351
2020-10-27 00:00:00+00:00,2020-10-27 00:00:00+00:00,1603756800000.0,0.00028336
2020-10-28 00:00:00+00:00,2020-10-28 00:00:00+00:00,1603843200000.0,0.0001
2020-10-29 00:00:00+00:00,2020-10-29 00:00:00+00:00,1603929600000.0,0.0001
2020-10-30 00:00:00+00:00,2020-10-30 00:00:00+00:00,1604016000000.0,0.0001
2020-10-31 00:00:00+00:00,2020-10-31 00:00:00+00:00,1604102400000.0,0.0001
2020-11-01 00:00:00+00:00,2020-11-01 00:00:00+00:00,1604188800000.0,0.0001
2020-11-02 00:00:00+00:00,2020-11-02 00:00:00+00:00,1604275200000.0,0.0001
2020-11-03 00:00:00+00:00,2020-11-03 00:00:00+00:00,1604361600000.0,0.00035507
2020-11-04 00:00:00+00:00,2020-11-04 00:00:00+00:00,1604448000000.0,0.0001
2020-11-05 00:00:00+00:00,2020-11-05 00:00:00+00:00,1604534400000.0,0.0001
2020-11-06 00:00:00+00:00,2020-11-06 00:00:00+00:00,1604620800000.0,0.00058679
2020-11-07 00:00:00+00:00,2020-11-07 00:00:00+00:00,1604707200000.0,0.00138461
2020-11-08 00:00:00+00:00,2020-11-08 00:00:00+00:00,1604793600000.0,0.00067098
2020-11-09 00:00:00+00:00,2020-11-09 00:00:00+00:00,1604880000000.0,0.00019638
2020-11-10 00:00:00+00:00,2020-11-10 00:00:00+00:00,1604966400000.0,0.00027116
2020-11-11 00:00:00+00:00,2020-11-11 00:00:00+00:00,1605052800000.0,0.00045395
2020-11-12 00:00:00+00:00,2020-11-12 00:00:00+00:00,1605139200000.0,0.00064728
2020-11-13 00:00:00+00:00,2020-11-13 00:00:00+00:00,1605225600000.0,0.00022457
2020-11-14 00:00:00+00:00,2020-11-14 00:00:00+00:00,1605312000000.0,0.00036852
2020-11-15 00:00:00+00:00,2020-11-15 00:00:00+00:00,1605398400000.0,0.0001
2020-11-16 00:00:00+00:00,2020-11-16 00:00:00+00:00,1605484800000.0,0.00010539
2020-11-17 00:00:00+00:00,2020-11-17 00:00:00+00:00,1605571200000.0,0.0001
2020-11-18 00:00:00+00:00,2020-11-18 00:00:00+00:00,1605657600000.0,0.0003622
2020-11-19 00:00:00+00:00,2020-11-19 00:00:00+00:00,1605744000000.0,0.00210333
2020-11-20 00:00:00+00:00,2020-11-20 00:00:00+00:00,1605830400000.0,0.00188435
2020-11-21 00:00:00+00:00,2020-11-21 00:00:00+00:00,1605916800000.0,0.00197875
2020-11-22 00:00:00+00:00,2020-11-22 00:00:00+00:00,1606003200000.0,0.00192912
2020-11-23 00:00:00+00:00,2020-11-23 00:00:00+00:00,1606089600000.0,0.0024164
2020-11-24 00:00:00+00:00,2020-11-24 00:00:00+00:00,1606176000000.0,0.0027572
2020-11-25 00:00:00+00:00,2020-11-25 00:00:00+00:00,1606262400000.0,0.0001
2020-11-26 00:00:00+00:00,2020-11-26 00:00:00+00:00,1606348800000.0,0.00055854
2020-11-27 00:00:00+00:00,2020-11-27 00:00:00+00:00,1606435200000.0,0.00022486
2020-11-28 00:00:00+00:00,2020-11-28 00:00:00+00:00,1606521600000.0,0.0001
2020-11-29 00:00:00+00:00,2020-11-29 00:00:00+00:00,1606608000000.0,0.0001
2020-11-30 00:00:00+00:00,2020-11-30 00:00:00+00:00,1606694400000.0,0.0001
2020-12-01 00:00:00+00:00,2020-12-01 00:00:00+00:00,1606780800000.0,0.0001
2020-12-02 00:00:00+00:00,2020-12-02 00:00:00+00:00,1606867200000.0,0.00035851
2020-12-03 00:00:00+00:00,2020-12-03 00:00:00+00:00,1606953600000.0,0.0001
2020-12-04 00:00:00+00:00,2020-12-04 00:00:00+00:00,1607040000000.0,0.0001092
2020-12-05 00:00:00+00:00,2020-12-05 00:00:00+00:00,1607126400000.0,0.0001
2020-12-06 00:00:00+00:00,2020-12-06 00:00:00+00:00,1607212800000.0,0.0001
2020-12-07 00:00:00+00:00,2020-12-07 00:00:00+00:00,1607299200000.0,0.0001
2020-12-08 00:00:00+00:00,2020-12-08 00:00:00+00:00,1607385600000.0,0.0001
2020-12-09 00:00:00+00:00,2020-12-09 00:00:00+00:00,1607472000000.0,0.0001
2020-12-10 00:00:00+00:00,2020-12-10 00:00:00+00:00,1607558400000.0,-0.00015843
2020-12-11 00:00:00+00:00,2020-12-11 00:00:00+00:00,1607644800000.0,0.0001
2020-12-12 00:00:00+00:00,2020-12-12 00:00:00+00:00,1607731200000.0,-5.515e-05
2020-12-13 00:00:00+00:00,2020-12-13 00:00:00+00:00,1607817600000.0,-0.00014002
2020-12-14 00:00:00+00:00,2020-12-14 00:00:00+00:00,1607904000000.0,0.0001
2020-12-15 00:00:00+00:00,2020-12-15 00:00:00+00:00,1607990400000.0,0.0001
2020-12-16 00:00:00+00:00,2020-12-16 00:00:00+00:00,1608076800000.0,0.0001
2020-12-17 00:00:00+00:00,2020-12-17 00:00:00+00:00,1608163200000.0,0.00022189
2020-12-18 00:00:00+00:00,2020-12-18 00:00:00+00:00,1608249600000.0,0.00119966
2020-12-19 00:00:00+00:00,2020-12-19 00:00:00+00:00,1608336000000.0,0.00042794
2020-12-20 00:00:00+00:00,2020-12-20 00:00:00+00:00,1608422400000.0,0.00065278
2020-12-21 00:00:00+00:00,2020-12-21 00:00:00+00:00,1608508800000.0,0.0001
2020-12-22 00:00:00+00:00,2020-12-22 00:00:00+00:00,1608595200000.0,0.0001
2020-12-23 00:00:00+00:00,2020-12-23 00:00:00+00:00,1608681600000.0,0.0001
2020-12-24 00:00:00+00:00,2020-12-24 00:00:00+00:00,1608768000000.0,0.0001
2020-12-25 00:00:00+00:00,2020-12-25 00:00:00+00:00,1608854400000.0,0.0001
2020-12-26 00:00:00+00:00,2020-12-26 00:00:00+00:00,1608940800000.0,0.00028507
2020-12-27 00:00:00+00:00,2020-12-27 00:00:00+00:00,1609027200000.0,0.0002087
2020-12-28 00:00:00+00:00,2020-12-28 00:00:00+00:00,1609113600000.0,0.00216814
2020-12-29 00:00:00+00:00,2020-12-29 00:00:00+00:00,1609200000000.0,0.00079075
2020-12-30 00:00:00+00:00,2020-12-30 00:00:00+00:00,1609286400000.0,0.00020143
2020-12-31 00:00:00+00:00,2020-12-31 00:00:00+00:00,1609372800000.0,0.00082486
2021-01-01 00:00:00+00:00,2021-01-01 00:00:00+00:00,1609459200000.0,0.00034729
2021-01-02 00:00:00+00:00,2021-01-02 00:00:00+00:00,1609545600000.0,0.0006425
2021-01-03 00:00:00+00:00,2021-01-03 00:00:00+00:00,1609632000000.0,0.00073898
2021-01-04 00:00:00+00:00,2021-01-04 00:00:00+00:00,1609718400000.0,0.00214106
2021-01-05 00:00:00+00:00,2021-01-05 00:00:00+00:00,1609804800000.0,0.00058171
2021-01-06 00:00:00+00:00,2021-01-06 00:00:00+00:00,1609891200000.0,0.0001
2021-01-07 00:00:00+00:00,2021-01-07 00:00:00+00:00,1609977600000.0,0.00277443
2021-01-08 00:00:00+00:00,2021-01-08 00:00:00+00:00,1610064000000.0,0.00197821
2021-01-09 00:00:00+00:00,2021-01-09 00:00:00+00:00,1610150400000.0,0.00106038
2021-01-10 00:00:00+00:00,2021-01-10 00:00:00+00:00,1610236800000.0,0.00192295
2021-01-11 00:00:00+00:00,2021-01-11 00:00:00+00:00,1610323200000.0,0.00127972
2021-01-12 00:00:00+00:00,2021-01-12 00:00:00+00:00,1610409600000.0,0.00037454
2021-01-13 00:00:00+00:00,2021-01-13 00:00:00+00:00,1610496000000.0,0.00023274
2021-01-14 00:00:00+00:00,2021-01-14 00:00:00+00:00,1610582400000.0,0.00038693
2021-01-15 00:00:00+00:00,2021-01-15 00:00:00+00:00,1610668800000.0,0.0005873
2021-01-16 00:00:00+00:00,2021-01-16 00:00:00+00:00,1610755200000.0,0.00093019
2021-01-17 00:00:00+00:00,2021-01-17 00:00:00+00:00,1610841600000.0,0.00037026
2021-01-18 00:00:00+00:00,2021-01-18 00:00:00+00:00,1610928000000.0,0.0001
2021-01-19 00:00:00+00:00,2021-01-19 00:00:00+00:00,1611014400000.0,0.00042837
2021-01-20 00:00:00+00:00,2021-01-20 00:00:00+00:00,1611100800000.0,0.00263702
2021-01-21 00:00:00+00:00,2021-01-21 00:00:00+00:00,1611187200000.0,0.00016627
2021-01-22 00:00:00+00:00,2021-01-22 00:00:00+00:00,1611273600000.0,0.0001
2021-01-23 00:00:00+00:00,2021-01-23 00:00:00+00:00,1611360000000.0,0.0001
2021-01-24 00:00:00+00:00,2021-01-24 00:00:00+00:00,1611446400000.0,0.0001
2021-01-25 00:00:00+00:00,2021-01-25 00:00:00+00:00,1611532800000.0,0.00018398
2021-01-26 00:00:00+00:00,2021-01-26 00:00:00+00:00,1611619200000.0,0.0001
2021-01-27 00:00:00+00:00,2021-01-27 00:00:00+00:00,1611705600000.0,0.0001
2021-01-28 00:00:00+00:00,2021-01-28 00:00:00+00:00,1611792000000.0,0.0001
2021-01-29 00:00:00+00:00,2021-01-29 00:00:00+00:00,1611878400000.0,0.0001
2021-01-30 00:00:00+00:00,2021-01-30 00:00:00+00:00,1611964800000.0,0.00207394
2021-01-31 00:00:00+00:00,2021-01-31 00:00:00+00:00,1612051200000.0,0.00019441
2021-02-01 00:00:00+00:00,2021-02-01 00:00:00+00:00,1612137600000.0,0.0006782
2021-02-02 00:00:00+00:00,2021-02-02 00:00:00+00:00,1612224000000.0,0.0005382
2021-02-03 00:00:00+00:00,2021-02-03 00:00:00+00:00,1612310400000.0,0.00129771
2021-02-04 00:00:00+00:00,2021-02-04 00:00:00+00:00,1612396800000.0,0.00128416
2021-02-05 00:00:00+00:00,2021-02-05 00:00:00+00:00,1612483200000.0,0.0007077
2021-02-06 00:00:00+00:00,2021-02-06 00:00:00+00:00,1612569600000.0,0.00062038
2021-02-07 00:00:00+00:00,2021-02-07 00:00:00+00:00,1612656000000.0,0.00017044
2021-02-08 00:00:00+00:00,2021-02-08 00:00:00+00:00,1612742400000.0,0.00144826
2021-02-09 00:00:00+00:00,2021-02-09 00:00:00+00:00,1612828800000.0,0.00176279
2021-02-10 00:00:00+00:00,2021-02-10 00:00:00+00:00,1612915200000.0,0.00316075
2021-02-11 00:00:00+00:00,2021-02-11 00:00:00+00:00,1613001600000.0,0.0028925
2021-02-12 00:00:00+00:00,2021-02-12 00:00:00+00:00,1613088000000.0,0.00137029
2021-02-13 00:00:00+00:00,2021-02-13 00:00:00+00:00,1613174400000.0,0.00218129
2021-02-14 00:00:00+00:00,2021-02-14 00:00:00+00:00,1613260800000.0,0.00141107
2021-02-15 00:00:00+00:00,2021-02-15 00:00:00+00:00,1613347200000.0,0.00209771
2021-02-16 00:00:00+00:00,2021-02-16 00:00:00+00:00,1613433600000.0,0.00090023
2021-02-17 00:00:00+00:00,2021-02-17 00:00:00+00:00,1613520000000.0,0.00194208
2021-02-18 00:00:00+00:00,2021-02-18 00:00:00+00:00,1613606400000.0,0.00131429
2021-02-19 00:00:00+00:00,2021-02-19 00:00:00+00:00,1613692800000.0,0.00274162
2021-02-20 00:00:00+00:00,2021-02-20 00:00:00+00:00,1613779200000.0,0.00073241
2021-02-21 00:00:00+00:00,2021-02-21 00:00:00+00:00,1613865600000.0,0.00152636
2021-02-22 00:00:00+00:00,2021-02-22 00:00:00+00:00,1613952000000.0,0.00116442
2021-02-23 00:00:00+00:00,2021-02-23 00:00:00+00:00,1614038400000.0,0.00204157
2021-02-24 00:00:00+00:00,2021-02-24 00:00:00+00:00,1614124800000.0,0.00012701
2021-02-25 00:00:00+00:00,2021-02-25 00:00:00+00:00,1614211200000.0,0.00022805
2021-02-26 00:00:00+00:00,2021-02-26 00:00:00+00:00,1614297600000.0,0.00021516
2021-02-27 00:00:00+00:00,2021-02-27 00:00:00+00:00,1614384000000.0,0.0001
2021-02-28 00:00:00+00:00,2021-02-28 00:00:00+00:00,1614470400000.0,0.00012481
2021-03-01 00:00:00+00:00,2021-03-01 00:00:00+00:00,1614556800000.0,0.00034122
2021-03-02 00:00:00+00:00,2021-03-02 00:00:00+00:00,1614643200000.0,0.0001
2021-03-03 00:00:00+00:00,2021-03-03 00:00:00+00:00,1614729600000.0,0.0001
2021-03-04 00:00:00+00:00,2021-03-04 00:00:00+00:00,1614816000000.0,0.0001
2021-03-05 00:00:00+00:00,2021-03-05 00:00:00+00:00,1614902400000.0,0.00037494
2021-03-06 00:00:00+00:00,2021-03-06 00:00:00+00:00,1614988800000.0,0.0001
2021-03-07 00:00:00+00:00,2021-03-07 00:00:00+00:00,1615075200000.0,0.00057734
2021-03-08 00:00:00+00:00,2021-03-08 00:00:00+00:00,1615161600000.0,0.00025651
2021-03-09 00:00:00+00:00,2021-03-09 00:00:00+00:00,1615248000000.0,0.0007559
2021-03-10 00:00:00+00:00,2021-03-10 00:00:00+00:00,1615334400000.0,0.00066839
2021-03-11 00:00:00+00:00,2021-03-11 00:00:00+00:00,1615420800000.0,0.00088895
2021-03-12 00:00:00+00:00,2021-03-12 00:00:00+00:00,1615507200000.0,0.00154035
2021-03-13 00:00:00+00:00,2021-03-13 00:00:00+00:00,1615593600000.0,0.00126643
2021-03-14 00:00:00+00:00,2021-03-14 00:00:00+00:00,1615680000000.0,0.00079477
2021-03-15 00:00:00+00:00,2021-03-15 00:00:00+00:00,1615766400000.0,0.0024382
2021-03-16 00:00:00+00:00,2021-03-16 00:00:00+00:00,1615852800000.0,0.0013392
2021-03-17 00:00:00+00:00,2021-03-17 00:00:00+00:00,1615939200000.0,0.0001
2021-03-18 00:00:00+00:00,2021-03-18 00:00:00+00:00,1616025600000.0,0.00014106
2021-03-19 00:00:00+00:00,2021-03-19 00:00:00+00:00,1616112000000.0,0.00053701
2021-03-20 00:00:00+00:00,2021-03-20 00:00:00+00:00,1616198400000.0,0.00013086
2021-03-21 00:00:00+00:00,2021-03-21 00:00:00+00:00,1616284800000.0,0.000499
2021-03-22 00:00:00+00:00,2021-03-22 00:00:00+00:00,1616371200000.0,0.00093116
2021-03-23 00:00:00+00:00,2021-03-23 00:00:00+00:00,1616457600000.0,0.00079745
2021-03-24 00:00:00+00:00,2021-03-24 00:00:00+00:00,1616544000000.0,0.0001
2021-03-25 00:00:00+00:00,2021-03-25 00:00:00+00:00,1616630400000.0,0.0001
2021-03-26 00:00:00+00:00,2021-03-26 00:00:00+00:00,1616716800000.0,0.0001
2021-03-27 00:00:00+00:00,2021-03-27 00:00:00+00:00,1616803200000.0,0.0001
2021-03-28 00:00:00+00:00,2021-03-28 00:00:00+00:00,1616889600000.0,0.0001
2021-03-29 00:00:00+00:00,2021-03-29 00:00:00+00:00,1616976000000.0,0.0001
2021-03-30 00:00:00+00:00,2021-03-30 00:00:00+00:00,1617062400000.0,0.0001
2021-03-31 00:00:00+00:00,2021-03-31 00:00:00+00:00,1617148800000.0,0.0013266
2021-04-01 00:00:00+00:00,2021-04-01 00:00:00+00:00,1617235200000.0,0.00085359
2021-04-02 00:00:00+00:00,2021-04-02 00:00:00+00:00,1617321600000.0,0.00101484
2021-04-03 00:00:00+00:00,2021-04-03 00:00:00+00:00,1617408000000.0,0.00220331
2021-04-04 00:00:00+00:00,2021-04-04 00:00:00+00:00,1617494400000.0,0.00118324
2021-04-05 00:00:00+00:00,2021-04-05 00:00:00+00:00,1617580800000.0,0.0001
2021-04-06 00:00:00+00:00,2021-04-06 00:00:00+00:00,1617667200000.0,0.00060209
2021-04-07 00:00:00+00:00,2021-04-07 00:00:00+00:00,1617753600000.0,0.00190543
2021-04-08 00:00:00+00:00,2021-04-08 00:00:00+00:00,1617840000000.0,0.00094684
2021-04-09 00:00:00+00:00,2021-04-09 00:00:00+00:00,1617926400000.0,0.0001
2021-04-10 00:00:00+00:00,2021-04-10 00:00:00+00:00,1618012800000.0,0.0001
2021-04-11 00:00:00+00:00,2021-04-11 00:00:00+00:00,1618099200000.0,0.00130924
2021-04-12 00:00:00+00:00,2021-04-12 00:00:00+00:00,1618185600000.0,0.00121195
2021-04-13 00:00:00+00:00,2021-04-13 00:00:00+00:00,1618272000000.0,0.00133181
2021-04-14 00:00:00+00:00,2021-04-14 00:00:00+00:00,1618358400000.0,0.00084073
2021-04-15 00:00:00+00:00,2021-04-15 00:00:00+00:00,1618444800000.0,0.00240831
2021-04-16 00:00:00+00:00,2021-04-16 00:00:00+00:00,1618531200000.0,0.00104972
2021-04-17 00:00:00+00:00,2021-04-17 00:00:00+00:00,1618617600000.0,0.00316833
2021-04-18 00:00:00+00:00,2021-04-18 00:00:00+00:00,1618704000000.0,0.00148701
2021-04-19 00:00:00+00:00,2021-04-19 00:00:00+00:00,1618790400000.0,0.0001
2021-04-20 00:00:00+00:00,2021-04-20 00:00:00+00:00,1618876800000.0,0.0001
2021-04-21 00:00:00+00:00,2021-04-21 00:00:00+00:00,1618963200000.0,0.0001
2021-04-22 00:00:00+00:00,2021-04-22 00:00:00+00:00,1619049600000.0,0.0001
2021-04-23 00:00:00+00:00,2021-04-23 00:00:00+00:00,1619136000000.0,0.0001
2021-04-24 00:00:00+00:00,2021-04-24 00:00:00+00:00,1619222400000.0,0.0001
2021-04-25 00:00:00+00:00,2021-04-25 00:00:00+00:00,1619308800000.0,0.0001
2021-04-26 00:00:00+00:00,2021-04-26 00:00:00+00:00,1619395200000.0,0.0001
2021-04-27 00:00:00+00:00,2021-04-27 00:00:00+00:00,1619481600000.0,-0.00016641
2021-04-28 00:00:00+00:00,2021-04-28 00:00:00+00:00,1619568000000.0,0.0001
2021-04-29 00:00:00+00:00,2021-04-29 00:00:00+00:00,1619654400000.0,0.0001
2021-04-30 00:00:00+00:00,2021-04-30 00:00:00+00:00,1619740800000.0,0.00045221
2021-05-01 00:00:00+00:00,2021-05-01 00:00:00+00:00,1619827200000.0,0.0001
2021-05-02 00:00:00+00:00,2021-05-02 00:00:00+00:00,1619913600000.0,0.00049913
2021-05-03 00:00:00+00:00,2021-05-03 00:00:00+00:00,1620000000000.0,0.00047935
2021-05-04 00:00:00+00:00,2021-05-04 00:00:00+00:00,1620086400000.0,0.00060556
2021-05-05 00:00:00+00:00,2021-05-05 00:00:00+00:00,1620172800000.0,0.00071057
2021-05-06 00:00:00+00:00,2021-05-06 00:00:00+00:00,1620259200000.0,0.0001
2021-05-07 00:00:00+00:00,2021-05-07 00:00:00+00:00,1620345600000.0,0.00112562
2021-05-08 00:00:00+00:00,2021-05-08 00:00:00+00:00,1620432000000.0,0.0001
2021-05-09 00:00:00+00:00,2021-05-09 00:00:00+00:00,1620518400000.0,0.00061293
2021-05-10 00:00:00+00:00,2021-05-10 00:00:00+00:00,1620604800000.0,0.00094243
2021-05-11 00:00:00+00:00,2021-05-11 00:00:00+00:00,1620691200000.0,0.00147131
2021-05-12 00:00:00+00:00,2021-05-12 00:00:00+00:00,1620777600000.0,0.00036738
2021-05-13 00:00:00+00:00,2021-05-13 00:00:00+00:00,1620864000000.0,0.00069602
2021-05-14 00:00:00+00:00,2021-05-14 00:00:00+00:00,1620950400000.0,0.00034033
2021-05-15 00:00:00+00:00,2021-05-15 00:00:00+00:00,1621036800000.0,0.00027201
2021-05-16 00:00:00+00:00,2021-05-16 00:00:00+00:00,1621123200000.0,0.0001
2021-05-17 00:00:00+00:00,2021-05-17 00:00:00+00:00,1621209600000.0,0.00037531
2021-05-18 00:00:00+00:00,2021-05-18 00:00:00+00:00,1621296000000.0,0.00020039
2021-05-19 00:00:00+00:00,2021-05-19 00:00:00+00:00,1621382400000.0,0.00027203
2021-05-20 00:00:00+00:00,2021-05-20 00:00:00+00:00,1621468800000.0,-0.00214698
2021-05-21 00:00:00+00:00,2021-05-21 00:00:00+00:00,1621555200000.0,0.0001
2021-05-22 00:00:00+00:00,2021-05-22 00:00:00+00:00,1621641600000.0,5.642e-05
2021-05-23 00:00:00+00:00,2021-05-23 00:00:00+00:00,1621728000000.0,0.0001
2021-05-24 00:00:00+00:00,2021-05-24 00:00:00+00:00,1621814400000.0,0.0001
2021-05-25 00:00:00+00:00,2021-05-25 00:00:00+00:00,1621900800000.0,9.298e-05
2021-05-26 00:00:00+00:00,2021-05-26 00:00:00+00:00,1621987200000.0,0.0001
2021-05-27 00:00:00+00:00,2021-05-27 00:00:00+00:00,1622073600000.0,0.000128
2021-05-28 00:00:00+00:00,2021-05-28 00:00:00+00:00,1622160000000.0,-0.00028991
2021-05-29 00:00:00+00:00,2021-05-29 00:00:00+00:00,1622246400000.0,0.0001
2021-05-30 00:00:00+00:00,2021-05-30 00:00:00+00:00,1622332800000.0,0.0001
2021-05-31 00:00:00+00:00,2021-05-31 00:00:00+00:00,1622419200000.0,-3.493e-05
2021-06-01 00:00:00+00:00,2021-06-01 00:00:00+00:00,1622505600000.0,-0.00058967
2021-06-02 00:00:00+00:00,2021-06-02 00:00:00+00:00,1622592000000.0,0.0001
2021-06-03 00:00:00+00:00,2021-06-03 00:00:00+00:00,1622678400000.0,0.0001
2021-06-04 00:00:00+00:00,2021-06-04 00:00:00+00:00,1622764800000.0,0.0001
2021-06-05 00:00:00+00:00,2021-06-05 00:00:00+00:00,1622851200000.0,0.0001
2021-06-06 00:00:00+00:00,2021-06-06 00:00:00+00:00,1622937600000.0,0.0001
2021-06-07 00:00:00+00:00,2021-06-07 00:00:00+00:00,1623024000000.0,0.0001
2021-06-08 00:00:00+00:00,2021-06-08 00:00:00+00:00,1623110400000.0,0.0001
2021-06-09 00:00:00+00:00,2021-06-09 00:00:00+00:00,1623196800000.0,-0.00027666
2021-06-10 00:00:00+00:00,2021-06-10 00:00:00+00:00,1623283200000.0,-0.00139131
2021-06-11 00:00:00+00:00,2021-06-11 00:00:00+00:00,1623369600000.0,0.0001
2021-06-12 00:00:00+00:00,2021-06-12 00:00:00+00:00,1623456000000.0,0.0001
2021-06-13 00:00:00+00:00,2021-06-13 00:00:00+00:00,1623542400000.0,0.0001
2021-06-14 00:00:00+00:00,2021-06-14 00:00:00+00:00,1623628800000.0,-0.0004321
2021-06-15 00:00:00+00:00,2021-06-15 00:00:00+00:00,1623715200000.0,0.0001
2021-06-16 00:00:00+00:00,2021-06-16 00:00:00+00:00,1623801600000.0,0.0001
2021-06-17 00:00:00+00:00,2021-06-17 00:00:00+00:00,1623888000000.0,0.0001
2021-06-18 00:00:00+00:00,2021-06-18 00:00:00+00:00,1623974400000.0,0.0001
2021-06-19 00:00:00+00:00,2021-06-19 00:00:00+00:00,1624060800000.0,0.0001
2021-06-20 00:00:00+00:00,2021-06-20 00:00:00+00:00,1624147200000.0,-9.787e-05
2021-06-21 00:00:00+00:00,2021-06-21 00:00:00+00:00,1624233600000.0,0.0001
2021-06-22 00:00:00+00:00,2021-06-22 00:00:00+00:00,1624320000000.0,7.007e-05
2021-06-23 00:00:00+00:00,2021-06-23 00:00:00+00:00,1624406400000.0,-3.456e-05
2021-06-24 00:00:00+00:00,2021-06-24 00:00:00+00:00,1624492800000.0,6.343e-05
2021-06-25 00:00:00+00:00,2021-06-25 00:00:00+00:00,1624579200000.0,-0.00037301
2021-06-26 00:00:00+00:00,2021-06-26 00:00:00+00:00,1624665600000.0,0.0001
2021-06-27 00:00:00+00:00,2021-06-27 00:00:00+00:00,1624752000000.0,-0.00029066
2021-06-28 00:00:00+00:00,2021-06-28 00:00:00+00:00,1624838400000.0,-0.00075042
2021-06-29 00:00:00+00:00,2021-06-29 00:00:00+00:00,1624924800000.0,0.0001
2021-06-30 00:00:00+00:00,2021-06-30 00:00:00+00:00,1625011200000.0,-5.206e-05
2021-07-01 00:00:00+00:00,2021-07-01 00:00:00+00:00,1625097600000.0,0.0001
2021-07-02 00:00:00+00:00,2021-07-02 00:00:00+00:00,1625184000000.0,-9.475e-05
2021-07-03 00:00:00+00:00,2021-07-03 00:00:00+00:00,1625270400000.0,0.0001
2021-07-04 00:00:00+00:00,2021-07-04 00:00:00+00:00,1625356800000.0,0.0001
2021-07-05 00:00:00+00:00,2021-07-05 00:00:00+00:00,1625443200000.0,-2.558e-05
2021-07-06 00:00:00+00:00,2021-07-06 00:00:00+00:00,1625529600000.0,0.0001
2021-07-07 00:00:00+00:00,2021-07-07 00:00:00+00:00,1625616000000.0,-2.917e-05
2021-07-08 00:00:00+00:00,2021-07-08 00:00:00+00:00,1625702400000.0,-0.0001164
2021-07-09 00:00:00+00:00,2021-07-09 00:00:00+00:00,1625788800000.0,-1.437e-05
2021-07-10 00:00:00+00:00,2021-07-10 00:00:00+00:00,1625875200000.0,-0.00020288
2021-07-11 00:00:00+00:00,2021-07-11 00:00:00+00:00,1625961600000.0,8.293e-05
2021-07-12 00:00:00+00:00,2021-07-12 00:00:00+00:00,1626048000000.0,-0.00019657
2021-07-13 00:00:00+00:00,2021-07-13 00:00:00+00:00,1626134400000.0,0.0001
2021-07-14 00:00:00+00:00,2021-07-14 00:00:00+00:00,1626220800000.0,0.0001
2021-07-15 00:00:00+00:00,2021-07-15 00:00:00+00:00,1626307200000.0,9.428e-05
2021-07-16 00:00:00+00:00,2021-07-16 00:00:00+00:00,1626393600000.0,0.0001
2021-07-17 00:00:00+00:00,2021-07-17 00:00:00+00:00,1626480000000.0,0.0001
2021-07-18 00:00:00+00:00,2021-07-18 00:00:00+00:00,1626566400000.0,0.0001
2021-07-19 00:00:00+00:00,2021-07-19 00:00:00+00:00,1626652800000.0,0.0001
2021-07-20 00:00:00+00:00,2021-07-20 00:00:00+00:00,1626739200000.0,0.0001
2021-07-21 00:00:00+00:00,2021-07-21 00:00:00+00:00,1626825600000.0,-0.00017541
2021-07-22 00:00:00+00:00,2021-07-22 00:00:00+00:00,1626912000000.0,-6.916e-05
2021-07-23 00:00:00+00:00,2021-07-23 00:00:00+00:00,1626998400000.0,-0.0002891
2021-07-24 00:00:00+00:00,2021-07-24 00:00:00+00:00,1627084800000.0,-3.931e-05
2021-07-25 00:00:00+00:00,2021-07-25 00:00:00+00:00,1627171200000.0,-0.00052115
2021-07-26 00:00:00+00:00,2021-07-26 00:00:00+00:00,1627257600000.0,-0.00045135
2021-07-27 00:00:00+00:00,2021-07-27 00:00:00+00:00,1627344000000.0,0.0001
2021-07-28 00:00:00+00:00,2021-07-28 00:00:00+00:00,1627430400000.0,0.0001
2021-07-29 00:00:00+00:00,2021-07-29 00:00:00+00:00,1627516800000.0,0.0001
2021-07-30 00:00:00+00:00,2021-07-30 00:00:00+00:00,1627603200000.0,0.0001
2021-07-31 00:00:00+00:00,2021-07-31 00:00:00+00:00,1627689600000.0,0.0001
2021-08-01 00:00:00+00:00,2021-08-01 00:00:00+00:00,1627776000000.0,0.0001
2021-08-02 00:00:00+00:00,2021-08-02 00:00:00+00:00,1627862400000.0,0.0001
2021-08-03 00:00:00+00:00,2021-08-03 00:00:00+00:00,1627948800000.0,0.0001
2021-08-04 00:00:00+00:00,2021-08-04 00:00:00+00:00,1628035200000.0,0.0001
2021-08-05 00:00:00+00:00,2021-08-05 00:00:00+00:00,1628121600000.0,0.0001
2021-08-06 00:00:00+00:00,2021-08-06 00:00:00+00:00,1628208000000.0,0.0001
2021-08-07 00:00:00+00:00,2021-08-07 00:00:00+00:00,1628294400000.0,0.0001
2021-08-08 00:00:00+00:00,2021-08-08 00:00:00+00:00,1628380800000.0,0.0001
2021-08-09 00:00:00+00:00,2021-08-09 00:00:00+00:00,1628467200000.0,0.0001
2021-08-10 00:00:00+00:00,2021-08-10 00:00:00+00:00,1628553600000.0,0.0001
2021-08-11 00:00:00+00:00,2021-08-11 00:00:00+00:00,1628640000000.0,0.00011678
2021-08-12 00:00:00+00:00,2021-08-12 00:00:00+00:00,1628726400000.0,0.0001
2021-08-13 00:00:00+00:00,2021-08-13 00:00:00+00:00,1628812800000.0,0.0001
2021-08-14 00:00:00+00:00,2021-08-14 00:00:00+00:00,1628899200000.0,-1.027e-05
2021-08-15 00:00:00+00:00,2021-08-15 00:00:00+00:00,1628985600000.0,0.00012532
2021-08-16 00:00:00+00:00,2021-08-16 00:00:00+00:00,1629072000000.0,0.0003562
2021-08-17 00:00:00+00:00,2021-08-17 00:00:00+00:00,1629158400000.0,0.0001
2021-08-18 00:00:00+00:00,2021-08-18 00:00:00+00:00,1629244800000.0,0.0001
2021-08-19 00:00:00+00:00,2021-08-19 00:00:00+00:00,1629331200000.0,0.0001
2021-08-20 00:00:00+00:00,2021-08-20 00:00:00+00:00,1629417600000.0,0.0001
2021-08-21 00:00:00+00:00,2021-08-21 00:00:00+00:00,1629504000000.0,0.0001
2021-08-22 00:00:00+00:00,2021-08-22 00:00:00+00:00,1629590400000.0,0.0001
2021-08-23 00:00:00+00:00,2021-08-23 00:00:00+00:00,1629676800000.0,0.0001
2021-08-24 00:00:00+00:00,2021-08-24 00:00:00+00:00,1629763200000.0,-0.00026691
2021-08-25 00:00:00+00:00,2021-08-25 00:00:00+00:00,1629849600000.0,0.00022975
2021-08-26 00:00:00+00:00,2021-08-26 00:00:00+00:00,1629936000000.0,0.00021644
2021-08-27 00:00:00+00:00,2021-08-27 00:00:00+00:00,1630022400000.0,0.00031777
2021-08-28 00:00:00+00:00,2021-08-28 00:00:00+00:00,1630108800000.0,0.0001
2021-08-29 00:00:00+00:00,2021-08-29 00:00:00+00:00,1630195200000.0,0.0001
2021-08-30 00:00:00+00:00,2021-08-30 00:00:00+00:00,1630281600000.0,0.00024224
2021-08-31 00:00:00+00:00,2021-08-31 00:00:00+00:00,1630368000000.0,0.00085102
2021-09-01 00:00:00+00:00,2021-09-01 00:00:00+00:00,1630454400000.0,0.0001
2021-09-02 00:00:00+00:00,2021-09-02 00:00:00+00:00,1630540800000.0,0.0001
2021-09-03 00:00:00+00:00,2021-09-03 00:00:00+00:00,1630627200000.0,0.0001
2021-09-04 00:00:00+00:00,2021-09-04 00:00:00+00:00,1630713600000.0,0.0001
2021-09-05 00:00:00+00:00,2021-09-05 00:00:00+00:00,1630800000000.0,0.00016378
2021-09-06 00:00:00+00:00,2021-09-06 00:00:00+00:00,1630886400000.0,0.0001
2021-09-07 00:00:00+00:00,2021-09-07 00:00:00+00:00,1630972800000.0,0.0001
2021-09-08 00:00:00+00:00,2021-09-08 00:00:00+00:00,1631059200000.0,0.00064835
2021-09-09 00:00:00+00:00,2021-09-09 00:00:00+00:00,1631145600000.0,0.0001
2021-09-10 00:00:00+00:00,2021-09-10 00:00:00+00:00,1631232000000.0,0.0001
2021-09-11 00:00:00+00:00,2021-09-11 00:00:00+00:00,1631318400000.0,0.0001
2021-09-12 00:00:00+00:00,2021-09-12 00:00:00+00:00,1631404800000.0,0.0001
2021-09-13 00:00:00+00:00,2021-09-13 00:00:00+00:00,1631491200000.0,0.0001
2021-09-14 00:00:00+00:00,2021-09-14 00:00:00+00:00,1631577600000.0,0.00027303
2021-09-15 00:00:00+00:00,2021-09-15 00:00:00+00:00,1631664000000.0,-8.282e-05
2021-09-16 00:00:00+00:00,2021-09-16 00:00:00+00:00,1631750400000.0,-0.00051931
2021-09-17 00:00:00+00:00,2021-09-17 00:00:00+00:00,1631836800000.0,0.0001
2021-09-18 00:00:00+00:00,2021-09-18 00:00:00+00:00,1631923200000.0,0.0001
2021-09-19 00:00:00+00:00,2021-09-19 00:00:00+00:00,1632009600000.0,-0.0002134
2021-09-20 00:00:00+00:00,2021-09-20 00:00:00+00:00,1632096000000.0,0.0001
2021-09-21 00:00:00+00:00,2021-09-21 00:00:00+00:00,1632182400000.0,0.0001
2021-09-22 00:00:00+00:00,2021-09-22 00:00:00+00:00,1632268800000.0,-0.00011803
2021-09-23 00:00:00+00:00,2021-09-23 00:00:00+00:00,1632355200000.0,-8.836e-05
2021-09-24 00:00:00+00:00,2021-09-24 00:00:00+00:00,1632441600000.0,-0.00029959
2021-09-25 00:00:00+00:00,2021-09-25 00:00:00+00:00,1632528000000.0,0.0001
2021-09-26 00:00:00+00:00,2021-09-26 00:00:00+00:00,1632614400000.0,0.0001
2021-09-27 00:00:00+00:00,2021-09-27 00:00:00+00:00,1632700800000.0,0.0001
2021-09-28 00:00:00+00:00,2021-09-28 00:00:00+00:00,1632787200000.0,0.0001
2021-09-29 00:00:00+00:00,2021-09-29 00:00:00+00:00,1632873600000.0,0.0001
2021-09-30 00:00:00+00:00,2021-09-30 00:00:00+00:00,1632960000000.0,-5.022e-05
2021-10-01 00:00:00+00:00,2021-10-01 00:00:00+00:00,1633046400000.0,-8.911e-05
2021-10-02 00:00:00+00:00,2021-10-02 00:00:00+00:00,1633132800000.0,-0.00014774
2021-10-03 00:00:00+00:00,2021-10-03 00:00:00+00:00,1633219200000.0,0.0001
2021-10-04 00:00:00+00:00,2021-10-04 00:00:00+00:00,1633305600000.0,0.0001
2021-10-05 00:00:00+00:00,2021-10-05 00:00:00+00:00,1633392000000.0,0.0001
2021-10-06 00:00:00+00:00,2021-10-06 00:00:00+00:00,1633478400000.0,-0.00040482
2021-10-07 00:00:00+00:00,2021-10-07 00:00:00+00:00,1633564800000.0,0.0001
2021-10-08 00:00:00+00:00,2021-10-08 00:00:00+00:00,1633651200000.0,0.00092483
2021-10-09 00:00:00+00:00,2021-10-09 00:00:00+00:00,1633737600000.0,0.00045667
2021-10-10 00:00:00+00:00,2021-10-10 00:00:00+00:00,1633824000000.0,0.0001371
2021-10-11 00:00:00+00:00,2021-10-11 00:00:00+00:00,1633910400000.0,0.00039246
2021-10-12 00:00:00+00:00,2021-10-12 00:00:00+00:00,1633996800000.0,0.0001
2021-10-13 00:00:00+00:00,2021-10-13 00:00:00+00:00,1634083200000.0,0.0001539
2021-10-14 00:00:00+00:00,2021-10-14 00:00:00+00:00,1634169600000.0,0.0001
2021-10-15 00:00:00+00:00,2021-10-15 00:00:00+00:00,1634256000000.0,0.00022649
2021-10-16 00:00:00+00:00,2021-10-16 00:00:00+00:00,1634342400000.0,0.0001
2021-10-17 00:00:00+00:00,2021-10-17 00:00:00+00:00,1634428800000.0,0.00112605
2021-10-18 00:00:00+00:00,2021-10-18 00:00:00+00:00,1634515200000.0,0.00076828
2021-10-19 00:00:00+00:00,2021-10-19 00:00:00+00:00,1634601600000.0,0.0001
2021-10-20 00:00:00+00:00,2021-10-20 00:00:00+00:00,1634688000000.0,0.00035308
2021-10-21 00:00:00+00:00,2021-10-21 00:00:00+00:00,1634774400000.0,0.00081846
2021-10-22 00:00:00+00:00,2021-10-22 00:00:00+00:00,1634860800000.0,0.00126606
2021-10-23 00:00:00+00:00,2021-10-23 00:00:00+00:00,1634947200000.0,0.00024024
2021-10-24 00:00:00+00:00,2021-10-24 00:00:00+00:00,1635033600000.0,0.00020347
2021-10-25 00:00:00+00:00,2021-10-25 00:00:00+00:00,1635120000000.0,0.0008474
2021-10-26 00:00:00+00:00,2021-10-26 00:00:00+00:00,1635206400000.0,0.0001
2021-10-27 00:00:00+00:00,2021-10-27 00:00:00+00:00,1635292800000.0,0.00058641
2021-10-28 00:00:00+00:00,2021-10-28 00:00:00+00:00,1635379200000.0,0.00078907
2021-10-29 00:00:00+00:00,2021-10-29 00:00:00+00:00,1635465600000.0,0.0001
2021-10-30 00:00:00+00:00,2021-10-30 00:00:00+00:00,1635552000000.0,0.00015068
2021-10-31 00:00:00+00:00,2021-10-31 00:00:00+00:00,1635638400000.0,0.00049816
2021-11-01 00:00:00+00:00,2021-11-01 00:00:00+00:00,1635724800000.0,0.00094655
2021-11-02 00:00:00+00:00,2021-11-02 00:00:00+00:00,1635811200000.0,0.00046992
2021-11-03 00:00:00+00:00,2021-11-03 00:00:00+00:00,1635897600000.0,0.00019522
2021-11-04 00:00:00+00:00,2021-11-04 00:00:00+00:00,1635984000000.0,0.00070594
2021-11-05 00:00:00+00:00,2021-11-05 00:00:00+00:00,1636070400000.0,0.00082663
2021-11-06 00:00:00+00:00,2021-11-06 00:00:00+00:00,1636156800000.0,0.00038392
2021-11-07 00:00:00+00:00,2021-11-07 00:00:00+00:00,1636243200000.0,0.0008972
2021-11-08 00:00:00+00:00,2021-11-08 00:00:00+00:00,1636329600000.0,0.00013249
2021-11-09 00:00:00+00:00,2021-11-09 00:00:00+00:00,1636416000000.0,0.0001
2021-11-10 00:00:00+00:00,2021-11-10 00:00:00+00:00,1636502400000.0,0.00043182
2021-11-11 00:00:00+00:00,2021-11-11 00:00:00+00:00,1636588800000.0,0.00068919
2021-11-12 00:00:00+00:00,2021-11-12 00:00:00+00:00,1636675200000.0,0.0001
2021-11-13 00:00:00+00:00,2021-11-13 00:00:00+00:00,1636761600000.0,0.00039226
2021-11-14 00:00:00+00:00,2021-11-14 00:00:00+00:00,1636848000000.0,0.00018784
2021-11-15 00:00:00+00:00,2021-11-15 00:00:00+00:00,1636934400000.0,0.0001
2021-11-16 00:00:00+00:00,2021-11-16 00:00:00+00:00,1637020800000.0,0.00025064
2021-11-17 00:00:00+00:00,2021-11-17 00:00:00+00:00,1637107200000.0,0.00046822
2021-11-18 00:00:00+00:00,2021-11-18 00:00:00+00:00,1637193600000.0,0.0001
2021-11-19 00:00:00+00:00,2021-11-19 00:00:00+00:00,1637280000000.0,0.00044016
2021-11-20 00:00:00+00:00,2021-11-20 00:00:00+00:00,1637366400000.0,0.00014983
2021-11-21 00:00:00+00:00,2021-11-21 00:00:00+00:00,1637452800000.0,0.00015243
2021-11-22 00:00:00+00:00,2021-11-22 00:00:00+00:00,1637539200000.0,0.00016162
2021-11-23 00:00:00+00:00,2021-11-23 00:00:00+00:00,1637625600000.0,0.00024461
2021-11-24 00:00:00+00:00,2021-11-24 00:00:00+00:00,1637712000000.0,0.0001
2021-11-25 00:00:00+00:00,2021-11-25 00:00:00+00:00,1637798400000.0,0.00030302
2021-11-26 00:00:00+00:00,2021-11-26 00:00:00+00:00,1637884800000.0,0.00022047
2021-11-27 00:00:00+00:00,2021-11-27 00:00:00+00:00,1637971200000.0,0.0006339
2021-11-28 00:00:00+00:00,2021-11-28 00:00:00+00:00,1638057600000.0,0.0001
2021-11-29 00:00:00+00:00,2021-11-29 00:00:00+00:00,1638144000000.0,0.0002569
2021-11-30 00:00:00+00:00,2021-11-30 00:00:00+00:00,1638230400000.0,0.0001
2021-12-01 00:00:00+00:00,2021-12-01 00:00:00+00:00,1638316800000.0,0.0001
2021-12-02 00:00:00+00:00,2021-12-02 00:00:00+00:00,1638403200000.0,0.00026917
2021-12-03 00:00:00+00:00,2021-12-03 00:00:00+00:00,1638489600000.0,0.00040548
2021-12-04 00:00:00+00:00,2021-12-04 00:00:00+00:00,1638576000000.0,0.00044607
2021-12-05 00:00:00+00:00,2021-12-05 00:00:00+00:00,1638662400000.0,0.0001
2021-12-06 00:00:00+00:00,2021-12-06 00:00:00+00:00,1638748800000.0,3.123e-05
2021-12-07 00:00:00+00:00,2021-12-07 00:00:00+00:00,1638835200000.0,0.0001
2021-12-08 00:00:00+00:00,2021-12-08 00:00:00+00:00,1638921600000.0,-6.741e-05
2021-12-09 00:00:00+00:00,2021-12-09 00:00:00+00:00,1639008000000.0,0.0001
2021-12-10 00:00:00+00:00,2021-12-10 00:00:00+00:00,1639094400000.0,0.0001
2021-12-11 00:00:00+00:00,2021-12-11 00:00:00+00:00,1639180800000.0,0.0001
2021-12-12 00:00:00+00:00,2021-12-12 00:00:00+00:00,1639267200000.0,0.0001
2021-12-13 00:00:00+00:00,2021-12-13 00:00:00+00:00,1639353600000.0,0.0001
2021-12-14 00:00:00+00:00,2021-12-14 00:00:00+00:00,1639440000000.0,0.0001
2021-12-15 00:00:00+00:00,2021-12-15 00:00:00+00:00,1639526400000.0,7.01e-05
2021-12-16 00:00:00+00:00,2021-12-16 00:00:00+00:00,1639612800000.0,0.0001
2021-12-17 00:00:00+00:00,2021-12-17 00:00:00+00:00,1639699200000.0,0.0001
2021-12-18 00:00:00+00:00,2021-12-18 00:00:00+00:00,1639785600000.0,0.0001
2021-12-19 00:00:00+00:00,2021-12-19 00:00:00+00:00,1639872000000.0,0.0001
2021-12-20 00:00:00+00:00,2021-12-20 00:00:00+00:00,1639958400000.0,0.0001
2021-12-21 00:00:00+00:00,2021-12-21 00:00:00+00:00,1640044800000.0,0.0001
2021-12-22 00:00:00+00:00,2021-12-22 00:00:00+00:00,1640131200000.0,0.0001
2021-12-23 00:00:00+00:00,2021-12-23 00:00:00+00:00,1640217600000.0,0.0001
2021-12-24 00:00:00+00:00,2021-12-24 00:00:00+00:00,1640304000000.0,0.0001
2021-12-25 00:00:00+00:00,2021-12-25 00:00:00+00:00,1640390400000.0,0.0001
2021-12-26 00:00:00+00:00,2021-12-26 00:00:00+00:00,1640476800000.0,0.0001
2021-12-27 00:00:00+00:00,2021-12-27 00:00:00+00:00,1640563200000.0,0.0001
2021-12-28 00:00:00+00:00,2021-12-28 00:00:00+00:00,1640649600000.0,0.0001
2021-12-29 00:00:00+00:00,2021-12-29 00:00:00+00:00,1640736000000.0,0.0001
2021-12-30 00:00:00+00:00,2021-12-30 00:00:00+00:00,1640822400000.0,0.0001
2021-12-31 00:00:00+00:00,2021-12-31 00:00:00+00:00,1640908800000.0,0.0001
2022-01-01 00:00:00+00:00,2022-01-01 00:00:00+00:00,1640995200000.0,0.0001
2022-01-02 00:00:00+00:00,2022-01-02 00:00:00+00:00,1641081600000.0,0.0001
2022-01-03 00:00:00+00:00,2022-01-03 00:00:00+00:00,1641168000000.0,0.0001
2022-01-04 00:00:00+00:00,2022-01-04 00:00:00+00:00,1641254400000.0,0.0001
2022-01-05 00:00:00+00:00,2022-01-05 00:00:00+00:00,1641340800000.0,0.0001
2022-01-06 00:00:00+00:00,2022-01-06 00:00:00+00:00,1641427200000.0,0.0001
2022-01-07 00:00:00+00:00,2022-01-07 00:00:00+00:00,1641513600000.0,0.0001
2022-01-08 00:00:00+00:00,2022-01-08 00:00:00+00:00,1641600000000.0,0.0001
2022-01-09 00:00:00+00:00,2022-01-09 00:00:00+00:00,1641686400000.0,0.0001
2022-01-10 00:00:00+00:00,2022-01-10 00:00:00+00:00,1641772800000.0,0.0001
2022-01-11 00:00:00+00:00,2022-01-11 00:00:00+00:00,1641859200000.0,0.0001
2022-01-12 00:00:00+00:00,2022-01-12 00:00:00+00:00,1641945600000.0,0.0001
2022-01-13 00:00:00+00:00,2022-01-13 00:00:00+00:00,1642032000000.0,-0.00014544
2022-01-14 00:00:00+00:00,2022-01-14 00:00:00+00:00,1642118400000.0,0.0001
2022-01-15 00:00:00+00:00,2022-01-15 00:00:00+00:00,1642204800000.0,0.0001
2022-01-16 00:00:00+00:00,2022-01-16 00:00:00+00:00,1642291200000.0,0.0001
2022-01-17 00:00:00+00:00,2022-01-17 00:00:00+00:00,1642377600000.0,0.0001
2022-01-18 00:00:00+00:00,2022-01-18 00:00:00+00:00,1642464000000.0,0.0001
2022-01-19 00:00:00+00:00,2022-01-19 00:00:00+00:00,1642550400000.0,0.0001
2022-01-20 00:00:00+00:00,2022-01-20 00:00:00+00:00,1642636800000.0,0.0001
2022-01-21 00:00:00+00:00,2022-01-21 00:00:00+00:00,1642723200000.0,0.0001
2022-01-22 00:00:00+00:00,2022-01-22 00:00:00+00:00,1642809600000.0,0.0001
2022-01-23 00:00:00+00:00,2022-01-23 00:00:00+00:00,1642896000000.0,-4.929e-05
2022-01-24 00:00:00+00:00,2022-01-24 00:00:00+00:00,1642982400000.0,6.391e-05
2022-01-25 00:00:00+00:00,2022-01-25 00:00:00+00:00,1643068800000.0,0.0001
2022-01-26 00:00:00+00:00,2022-01-26 00:00:00+00:00,1643155200000.0,-8.18e-05
2022-01-27 00:00:00+00:00,2022-01-27 00:00:00+00:00,1643241600000.0,-0.00016526
2022-01-28 00:00:00+00:00,2022-01-28 00:00:00+00:00,1643328000000.0,-4.744e-05
2022-01-29 00:00:00+00:00,2022-01-29 00:00:00+00:00,1643414400000.0,0.0001
2022-01-30 00:00:00+00:00,2022-01-30 00:00:00+00:00,1643500800000.0,-7.754e-05
2022-01-31 00:00:00+00:00,2022-01-31 00:00:00+00:00,1643587200000.0,6.852e-05
2022-02-01 00:00:00+00:00,2022-02-01 00:00:00+00:00,1643673600000.0,-0.0001987
2022-02-02 00:00:00+00:00,2022-02-02 00:00:00+00:00,1643760000000.0,1.556e-05
2022-02-03 00:00:00+00:00,2022-02-03 00:00:00+00:00,1643846400000.0,6.713e-05
2022-02-04 00:00:00+00:00,2022-02-04 00:00:00+00:00,1643932800000.0,-0.00016891
2022-02-05 00:00:00+00:00,2022-02-05 00:00:00+00:00,1644019200000.0,8.341e-05
2022-02-06 00:00:00+00:00,2022-02-06 00:00:00+00:00,1644105600000.0,3.038e-05
2022-02-07 00:00:00+00:00,2022-02-07 00:00:00+00:00,1644192000000.0,-7.551e-05
2022-02-08 00:00:00+00:00,2022-02-08 00:00:00+00:00,1644278400000.0,-5.259e-05
2022-02-09 00:00:00+00:00,2022-02-09 00:00:00+00:00,1644364800000.0,0.0001
2022-02-10 00:00:00+00:00,2022-02-10 00:00:00+00:00,1644451200000.0,0.0001
2022-02-11 00:00:00+00:00,2022-02-11 00:00:00+00:00,1644537600000.0,9.616e-05
2022-02-12 00:00:00+00:00,2022-02-12 00:00:00+00:00,1644624000000.0,-4.905e-05
2022-02-13 00:00:00+00:00,2022-02-13 00:00:00+00:00,1644710400000.0,0.0001
2022-02-14 00:00:00+00:00,2022-02-14 00:00:00+00:00,1644796800000.0,-6.325e-05
2022-02-15 00:00:00+00:00,2022-02-15 00:00:00+00:00,1644883200000.0,0.0001
2022-02-16 00:00:00+00:00,2022-02-16 00:00:00+00:00,1644969600000.0,0.0001
2022-02-17 00:00:00+00:00,2022-02-17 00:00:00+00:00,1645056000000.0,0.0001
2022-02-18 00:00:00+00:00,2022-02-18 00:00:00+00:00,1645142400000.0,0.0001
2022-02-19 00:00:00+00:00,2022-02-19 00:00:00+00:00,1645228800000.0,4.124e-05
2022-02-20 00:00:00+00:00,2022-02-20 00:00:00+00:00,1645315200000.0,0.0001
2022-02-21 00:00:00+00:00,2022-02-21 00:00:00+00:00,1645401600000.0,3.94e-06
2022-02-22 00:00:00+00:00,2022-02-22 00:00:00+00:00,1645488000000.0,-0.00016653
2022-02-23 00:00:00+00:00,2022-02-23 00:00:00+00:00,1645574400000.0,-0.00022392
2022-02-24 00:00:00+00:00,2022-02-24 00:00:00+00:00,1645660800000.0,-0.00016121
2022-02-25 00:00:00+00:00,2022-02-25 00:00:00+00:00,1645747200000.0,-3.408e-05
2022-02-26 00:00:00+00:00,2022-02-26 00:00:00+00:00,1645833600000.0,7.847e-05
2022-02-27 00:00:00+00:00,2022-02-27 00:00:00+00:00,1645920000000.0,-4.07e-05
2022-02-28 00:00:00+00:00,2022-02-28 00:00:00+00:00,1646006400000.0,-2.5e-06
2022-03-01 00:00:00+00:00,2022-03-01 00:00:00+00:00,1646092800000.0,-4.209e-05
2022-03-02 00:00:00+00:00,2022-03-02 00:00:00+00:00,1646179200000.0,8.333e-05
2022-03-03 00:00:00+00:00,2022-03-03 00:00:00+00:00,1646265600000.0,0.0001
2022-03-04 00:00:00+00:00,2022-03-04 00:00:00+00:00,1646352000000.0,0.0001
2022-03-05 00:00:00+00:00,2022-03-05 00:00:00+00:00,1646438400000.0,0.0001
2022-03-06 00:00:00+00:00,2022-03-06 00:00:00+00:00,1646524800000.0,-3.877e-05
2022-03-07 00:00:00+00:00,2022-03-07 00:00:00+00:00,1646611200000.0,9.72e-05
2022-03-08 00:00:00+00:00,2022-03-08 00:00:00+00:00,1646697600000.0,-0.00014639
2022-03-09 00:00:00+00:00,2022-03-09 00:00:00+00:00,1646784000000.0,0.0001
2022-03-10 00:00:00+00:00,2022-03-10 00:00:00+00:00,1646870400000.0,0.0001
2022-03-11 00:00:00+00:00,2022-03-11 00:00:00+00:00,1646956800000.0,-6.508e-05
2022-03-12 00:00:00+00:00,2022-03-12 00:00:00+00:00,1647043200000.0,6.418e-05
2022-03-13 00:00:00+00:00,2022-03-13 00:00:00+00:00,1647129600000.0,0.0001
2022-03-14 00:00:00+00:00,2022-03-14 00:00:00+00:00,1647216000000.0,0.0001
2022-03-15 00:00:00+00:00,2022-03-15 00:00:00+00:00,1647302400000.0,0.0001
2022-03-16 00:00:00+00:00,2022-03-16 00:00:00+00:00,1647388800000.0,3.34e-05
2022-03-17 00:00:00+00:00,2022-03-17 00:00:00+00:00,1647475200000.0,-2.098e-05
2022-03-18 00:00:00+00:00,2022-03-18 00:00:00+00:00,1647561600000.0,0.0001
2022-03-19 00:00:00+00:00,2022-03-19 00:00:00+00:00,1647648000000.0,0.0001
2022-03-20 00:00:00+00:00,2022-03-20 00:00:00+00:00,1647734400000.0,0.0001
2022-03-21 00:00:00+00:00,2022-03-21 00:00:00+00:00,1647820800000.0,0.0001
2022-03-22 00:00:00+00:00,2022-03-22 00:00:00+00:00,1647907200000.0,9.647e-05
2022-03-23 00:00:00+00:00,2022-03-23 00:00:00+00:00,1647993600000.0,6.31e-06
2022-03-24 00:00:00+00:00,2022-03-24 00:00:00+00:00,1648080000000.0,5.813e-05
2022-03-25 00:00:00+00:00,2022-03-25 00:00:00+00:00,1648166400000.0,1.617e-05
2022-03-26 00:00:00+00:00,2022-03-26 00:00:00+00:00,1648252800000.0,-0.00030076
2022-03-27 00:00:00+00:00,2022-03-27 00:00:00+00:00,1648339200000.0,0.0001
2022-03-28 00:00:00+00:00,2022-03-28 00:00:00+00:00,1648425600000.0,8.604e-05
2022-03-29 00:00:00+00:00,2022-03-29 00:00:00+00:00,1648512000000.0,-3.025e-05
2022-03-30 00:00:00+00:00,2022-03-30 00:00:00+00:00,1648598400000.0,-2.96e-05
2022-03-31 00:00:00+00:00,2022-03-31 00:00:00+00:00,1648684800000.0,0.0001
2022-04-01 00:00:00+00:00,2022-04-01 00:00:00+00:00,1648771200000.0,0.0001
2022-04-02 00:00:00+00:00,2022-04-02 00:00:00+00:00,1648857600000.0,2.256e-05
2022-04-03 00:00:00+00:00,2022-04-03 00:00:00+00:00,1648944000000.0,0.0001
2022-04-04 00:00:00+00:00,2022-04-04 00:00:00+00:00,1649030400000.0,0.0001
2022-04-05 00:00:00+00:00,2022-04-05 00:00:00+00:00,1649116800000.0,0.0001
2022-04-06 00:00:00+00:00,2022-04-06 00:00:00+00:00,1649203200000.0,0.0001
2022-04-07 00:00:00+00:00,2022-04-07 00:00:00+00:00,1649289600000.0,0.0001
2022-04-08 00:00:00+00:00,2022-04-08 00:00:00+00:00,1649376000000.0,0.0001
2022-04-09 00:00:00+00:00,2022-04-09 00:00:00+00:00,1649462400000.0,0.0001
2022-04-10 00:00:00+00:00,2022-04-10 00:00:00+00:00,1649548800000.0,0.0001
2022-04-11 00:00:00+00:00,2022-04-11 00:00:00+00:00,1649635200000.0,0.0001
2022-04-12 00:00:00+00:00,2022-04-12 00:00:00+00:00,1649721600000.0,0.0001
2022-04-13 00:00:00+00:00,2022-04-13 00:00:00+00:00,1649808000000.0,-4.979e-05
2022-04-14 00:00:00+00:00,2022-04-14 00:00:00+00:00,1649894400000.0,0.0001
2022-04-15 00:00:00+00:00,2022-04-15 00:00:00+00:00,1649980800000.0,0.0001
2022-04-16 00:00:00+00:00,2022-04-16 00:00:00+00:00,1650067200000.0,0.0001
2022-04-17 00:00:00+00:00,2022-04-17 00:00:00+00:00,1650153600000.0,6.507e-05
2022-04-18 00:00:00+00:00,2022-04-18 00:00:00+00:00,1650240000000.0,-5.359e-05
2022-04-19 00:00:00+00:00,2022-04-19 00:00:00+00:00,1650326400000.0,-4.291e-05
2022-04-20 00:00:00+00:00,2022-04-20 00:00:00+00:00,1650412800000.0,-2.955e-05
2022-04-21 00:00:00+00:00,2022-04-21 00:00:00+00:00,1650499200000.0,-2.6e-07
2022-04-22 00:00:00+00:00,2022-04-22 00:00:00+00:00,1650585600000.0,-0.00011077
2022-04-23 00:00:00+00:00,2022-04-23 00:00:00+00:00,1650672000000.0,0.0001
2022-04-24 00:00:00+00:00,2022-04-24 00:00:00+00:00,1650758400000.0,-5.571e-05
2022-04-25 00:00:00+00:00,2022-04-25 00:00:00+00:00,1650844800000.0,0.0001
2022-04-26 00:00:00+00:00,2022-04-26 00:00:00+00:00,1650931200000.0,3.481e-05
2022-04-27 00:00:00+00:00,2022-04-27 00:00:00+00:00,1651017600000.0,0.0001
2022-04-28 00:00:00+00:00,2022-04-28 00:00:00+00:00,1651104000000.0,-7.427e-05
2022-04-29 00:00:00+00:00,2022-04-29 00:00:00+00:00,1651190400000.0,0.0001
2022-04-30 00:00:00+00:00,2022-04-30 00:00:00+00:00,1651276800000.0,6.625e-05
2022-05-01 00:00:00+00:00,2022-05-01 00:00:00+00:00,1651363200000.0,0.0001
2022-05-02 00:00:00+00:00,2022-05-02 00:00:00+00:00,1651449600000.0,2.844e-05
2022-05-03 00:00:00+00:00,2022-05-03 00:00:00+00:00,1651536000000.0,0.0001
2022-05-04 00:00:00+00:00,2022-05-04 00:00:00+00:00,1651622400000.0,0.0001
2022-05-05 00:00:00+00:00,2022-05-05 00:00:00+00:00,1651708800000.0,5.653e-05
2022-05-06 00:00:00+00:00,2022-05-06 00:00:00+00:00,1651795200000.0,0.0001
2022-05-07 00:00:00+00:00,2022-05-07 00:00:00+00:00,1651881600000.0,8.05e-05
2022-05-08 00:00:00+00:00,2022-05-08 00:00:00+00:00,1651968000000.0,3.16e-05
2022-05-09 00:00:00+00:00,2022-05-09 00:00:00+00:00,1652054400000.0,0.0001
2022-05-10 00:00:00+00:00,2022-05-10 00:00:00+00:00,1652140800000.0,0.0001
2022-05-11 00:00:00+00:00,2022-05-11 00:00:00+00:00,1652227200000.0,0.0001
2022-05-12 00:00:00+00:00,2022-05-12 00:00:00+00:00,1652313600000.0,5.857e-05
2022-05-13 00:00:00+00:00,2022-05-13 00:00:00+00:00,1652400000000.0,-0.00049125
2022-05-14 00:00:00+00:00,2022-05-14 00:00:00+00:00,1652486400000.0,4.581e-05
2022-05-15 00:00:00+00:00,2022-05-15 00:00:00+00:00,1652572800000.0,3.655e-05
2022-05-16 00:00:00+00:00,2022-05-16 00:00:00+00:00,1652659200000.0,2.522e-05
2022-05-17 00:00:00+00:00,2022-05-17 00:00:00+00:00,1652745600000.0,-0.00012034
2022-05-18 00:00:00+00:00,2022-05-18 00:00:00+00:00,1652832000000.0,1.298e-05
2022-05-19 00:00:00+00:00,2022-05-19 00:00:00+00:00,1652918400000.0,-0.00015947
2022-05-20 00:00:00+00:00,2022-05-20 00:00:00+00:00,1653004800000.0,-0.00010743
2022-05-21 00:00:00+00:00,2022-05-21 00:00:00+00:00,1653091200000.0,0.0001
2022-05-22 00:00:00+00:00,2022-05-22 00:00:00+00:00,1653177600000.0,0.0001
2022-05-23 00:00:00+00:00,2022-05-23 00:00:00+00:00,1653264000000.0,0.0001
2022-05-24 00:00:00+00:00,2022-05-24 00:00:00+00:00,1653350400000.0,0.0001
2022-05-25 00:00:00+00:00,2022-05-25 00:00:00+00:00,1653436800000.0,9.211e-05
2022-05-26 00:00:00+00:00,2022-05-26 00:00:00+00:00,1653523200000.0,0.0001
2022-05-27 00:00:00+00:00,2022-05-27 00:00:00+00:00,1653609600000.0,0.0001
2022-05-28 00:00:00+00:00,2022-05-28 00:00:00+00:00,1653696000000.0,0.0001
2022-05-29 00:00:00+00:00,2022-05-29 00:00:00+00:00,1653782400000.0,0.0001
2022-05-30 00:00:00+00:00,2022-05-30 00:00:00+00:00,1653868800000.0,0.0001
2022-05-31 00:00:00+00:00,2022-05-31 00:00:00+00:00,1653955200000.0,0.0001
2022-06-01 00:00:00+00:00,2022-06-01 00:00:00+00:00,1654041600000.0,0.0001
2022-06-02 00:00:00+00:00,2022-06-02 00:00:00+00:00,1654128000000.0,0.0001
2022-06-03 00:00:00+00:00,2022-06-03 00:00:00+00:00,1654214400000.0,-0.00014957
2022-06-04 00:00:00+00:00,2022-06-04 00:00:00+00:00,1654300800000.0,0.0001
2022-06-05 00:00:00+00:00,2022-06-05 00:00:00+00:00,1654387200000.0,3.614e-05
2022-06-06 00:00:00+00:00,2022-06-06 00:00:00+00:00,1654473600000.0,5.579e-05
2022-06-07 00:00:00+00:00,2022-06-07 00:00:00+00:00,1654560000000.0,1.18e-05
2022-06-08 00:00:00+00:00,2022-06-08 00:00:00+00:00,1654646400000.0,-7.631e-05
2022-06-09 00:00:00+00:00,2022-06-09 00:00:00+00:00,1654732800000.0,0.0001
2022-06-10 00:00:00+00:00,2022-06-10 00:00:00+00:00,1654819200000.0,0.0001
2022-06-11 00:00:00+00:00,2022-06-11 00:00:00+00:00,1654905600000.0,7.236e-05
2022-06-12 00:00:00+00:00,2022-06-12 00:00:00+00:00,1654992000000.0,0.0001
2022-06-13 00:00:00+00:00,2022-06-13 00:00:00+00:00,1655078400000.0,8.506e-05
2022-06-14 00:00:00+00:00,2022-06-14 00:00:00+00:00,1655164800000.0,0.0001
2022-06-15 00:00:00+00:00,2022-06-15 00:00:00+00:00,1655251200000.0,0.0001
2022-06-16 00:00:00+00:00,2022-06-16 00:00:00+00:00,1655337600000.0,-0.0001
2022-06-17 00:00:00+00:00,2022-06-17 00:00:00+00:00,1655424000000.0,7.931e-05
2022-06-18 00:00:00+00:00,2022-06-18 00:00:00+00:00,1655510400000.0,0.0001
2022-06-19 00:00:00+00:00,2022-06-19 00:00:00+00:00,1655596800000.0,-0.00016071
2022-06-20 00:00:00+00:00,2022-06-20 00:00:00+00:00,1655683200000.0,-0.00011584
2022-06-21 00:00:00+00:00,2022-06-21 00:00:00+00:00,1655769600000.0,4.988e-05
2022-06-22 00:00:00+00:00,2022-06-22 00:00:00+00:00,1655856000000.0,-1.328e-05
2022-06-23 00:00:00+00:00,2022-06-23 00:00:00+00:00,1655942400000.0,-5.71e-06
2022-06-24 00:00:00+00:00,2022-06-24 00:00:00+00:00,1656028800000.0,-9.26e-06
2022-06-25 00:00:00+00:00,2022-06-25 00:00:00+00:00,1656115200000.0,0.0001
2022-06-26 00:00:00+00:00,2022-06-26 00:00:00+00:00,1656201600000.0,0.0001
2022-06-27 00:00:00+00:00,2022-06-27 00:00:00+00:00,1656288000000.0,6.795e-05
2022-06-28 00:00:00+00:00,2022-06-28 00:00:00+00:00,1656374400000.0,9.116e-05
2022-06-29 00:00:00+00:00,2022-06-29 00:00:00+00:00,1656460800000.0,6.508e-05
2022-06-30 00:00:00+00:00,2022-06-30 00:00:00+00:00,1656547200000.0,9.593e-05
2022-07-01 00:00:00+00:00,2022-07-01 00:00:00+00:00,1656633600000.0,-0.00021249
2022-07-02 00:00:00+00:00,2022-07-02 00:00:00+00:00,1656720000000.0,4.1e-06
2022-07-03 00:00:00+00:00,2022-07-03 00:00:00+00:00,1656806400000.0,-7.07e-06
2022-07-04 00:00:00+00:00,2022-07-04 00:00:00+00:00,1656892800000.0,4.263e-05
2022-07-05 00:00:00+00:00,2022-07-05 00:00:00+00:00,1656979200000.0,-3.649e-05
2022-07-06 00:00:00+00:00,2022-07-06 00:00:00+00:00,1657065600000.0,5.699e-05
2022-07-07 00:00:00+00:00,2022-07-07 00:00:00+00:00,1657152000000.0,4.184e-05
2022-07-08 00:00:00+00:00,2022-07-08 00:00:00+00:00,1657238400000.0,-0.00020743
2022-07-09 00:00:00+00:00,2022-07-09 00:00:00+00:00,1657324800000.0,0.0001
2022-07-10 00:00:00+00:00,2022-07-10 00:00:00+00:00,1657411200000.0,0.0001
2022-07-11 00:00:00+00:00,2022-07-11 00:00:00+00:00,1657497600000.0,0.0001
2022-07-12 00:00:00+00:00,2022-07-12 00:00:00+00:00,1657584000000.0,0.0001
2022-07-13 00:00:00+00:00,2022-07-13 00:00:00+00:00,1657670400000.0,7.023e-05
2022-07-14 00:00:00+00:00,2022-07-14 00:00:00+00:00,1657756800000.0,3.004e-05
2022-07-15 00:00:00+00:00,2022-07-15 00:00:00+00:00,1657843200000.0,4.145e-05
2022-07-16 00:00:00+00:00,2022-07-16 00:00:00+00:00,1657929600000.0,8.893e-05
2022-07-17 00:00:00+00:00,2022-07-17 00:00:00+00:00,1658016000000.0,0.0001
2022-07-18 00:00:00+00:00,2022-07-18 00:00:00+00:00,1658102400000.0,0.0001
2022-07-19 00:00:00+00:00,2022-07-19 00:00:00+00:00,1658188800000.0,0.0001
2022-07-20 00:00:00+00:00,2022-07-20 00:00:00+00:00,1658275200000.0,0.0001
2022-07-21 00:00:00+00:00,2022-07-21 00:00:00+00:00,1658361600000.0,0.0001
2022-07-22 00:00:00+00:00,2022-07-22 00:00:00+00:00,1658448000000.0,0.0001
2022-07-23 00:00:00+00:00,2022-07-23 00:00:00+00:00,1658534400000.0,0.0001
2022-07-24 00:00:00+00:00,2022-07-24 00:00:00+00:00,1658620800000.0,0.0001
2022-07-25 00:00:00+00:00,2022-07-25 00:00:00+00:00,1658707200000.0,0.0001
2022-07-26 00:00:00+00:00,2022-07-26 00:00:00+00:00,1658793600000.0,0.0001
2022-07-27 00:00:00+00:00,2022-07-27 00:00:00+00:00,1658880000000.0,5.271e-05
2022-07-28 00:00:00+00:00,2022-07-28 00:00:00+00:00,1658966400000.0,5.351e-05
2022-07-29 00:00:00+00:00,2022-07-29 00:00:00+00:00,1659052800000.0,0.0001
2022-07-30 00:00:00+00:00,2022-07-30 00:00:00+00:00,1659139200000.0,0.0001
2022-07-31 00:00:00+00:00,2022-07-31 00:00:00+00:00,1659225600000.0,0.0001
2022-08-01 00:00:00+00:00,2022-08-01 00:00:00+00:00,1659312000000.0,0.0001
2022-08-02 00:00:00+00:00,2022-08-02 00:00:00+00:00,1659398400000.0,0.0001
2022-08-03 00:00:00+00:00,2022-08-03 00:00:00+00:00,1659484800000.0,2.956e-05
2022-08-04 00:00:00+00:00,2022-08-04 00:00:00+00:00,1659571200000.0,-4.027e-05
2022-08-05 00:00:00+00:00,2022-08-05 00:00:00+00:00,1659657600000.0,4.211e-05
2022-08-06 00:00:00+00:00,2022-08-06 00:00:00+00:00,1659744000000.0,0.0001
2022-08-07 00:00:00+00:00,2022-08-07 00:00:00+00:00,1659830400000.0,0.0001
2022-08-08 00:00:00+00:00,2022-08-08 00:00:00+00:00,1659916800000.0,6.174e-05
2022-08-09 00:00:00+00:00,2022-08-09 00:00:00+00:00,1660003200000.0,0.0001
2022-08-10 00:00:00+00:00,2022-08-10 00:00:00+00:00,1660089600000.0,0.0001
2022-08-11 00:00:00+00:00,2022-08-11 00:00:00+00:00,1660176000000.0,0.0001
2022-08-12 00:00:00+00:00,2022-08-12 00:00:00+00:00,1660262400000.0,0.0001
2022-08-13 00:00:00+00:00,2022-08-13 00:00:00+00:00,1660348800000.0,0.0001
2022-08-14 00:00:00+00:00,2022-08-14 00:00:00+00:00,1660435200000.0,0.0001
2022-08-15 00:00:00+00:00,2022-08-15 00:00:00+00:00,1660521600000.0,0.0001
2022-08-16 00:00:00+00:00,2022-08-16 00:00:00+00:00,1660608000000.0,0.0001
2022-08-17 00:00:00+00:00,2022-08-17 00:00:00+00:00,1660694400000.0,0.0001
2022-08-18 00:00:00+00:00,2022-08-18 00:00:00+00:00,1660780800000.0,0.0001
2022-08-19 00:00:00+00:00,2022-08-19 00:00:00+00:00,1660867200000.0,0.0001
2022-08-20 00:00:00+00:00,2022-08-20 00:00:00+00:00,1660953600000.0,7.325e-05
2022-08-21 00:00:00+00:00,2022-08-21 00:00:00+00:00,1661040000000.0,-3.307e-05
2022-08-22 00:00:00+00:00,2022-08-22 00:00:00+00:00,1661126400000.0,-0.00012187
2022-08-23 00:00:00+00:00,2022-08-23 00:00:00+00:00,1661212800000.0,-3.888e-05
2022-08-24 00:00:00+00:00,2022-08-24 00:00:00+00:00,1661299200000.0,1.27e-05
2022-08-25 00:00:00+00:00,2022-08-25 00:00:00+00:00,1661385600000.0,-3.609e-05
2022-08-26 00:00:00+00:00,2022-08-26 00:00:00+00:00,1661472000000.0,7.881e-05
2022-08-27 00:00:00+00:00,2022-08-27 00:00:00+00:00,1661558400000.0,9.776e-05
2022-08-28 00:00:00+00:00,2022-08-28 00:00:00+00:00,1661644800000.0,7.514e-05
2022-08-29 00:00:00+00:00,2022-08-29 00:00:00+00:00,1661731200000.0,-2.107e-05
2022-08-30 00:00:00+00:00,2022-08-30 00:00:00+00:00,1661817600000.0,2.295e-05
2022-08-31 00:00:00+00:00,2022-08-31 00:00:00+00:00,1661904000000.0,7.635e-05
2022-09-01 00:00:00+00:00,2022-09-01 00:00:00+00:00,1661990400000.0,6.267e-05
2022-09-02 00:00:00+00:00,2022-09-02 00:00:00+00:00,1662076800000.0,0.0001
2022-09-03 00:00:00+00:00,2022-09-03 00:00:00+00:00,1662163200000.0,3.025e-05
2022-09-04 00:00:00+00:00,2022-09-04 00:00:00+00:00,1662249600000.0,0.0001
2022-09-05 00:00:00+00:00,2022-09-05 00:00:00+00:00,1662336000000.0,5.376e-05
2022-09-06 00:00:00+00:00,2022-09-06 00:00:00+00:00,1662422400000.0,0.0001
2022-09-07 00:00:00+00:00,2022-09-07 00:00:00+00:00,1662508800000.0,0.0001
2022-09-08 00:00:00+00:00,2022-09-08 00:00:00+00:00,1662595200000.0,-6.166e-05
2022-09-09 00:00:00+00:00,2022-09-09 00:00:00+00:00,1662681600000.0,4.587e-05
2022-09-10 00:00:00+00:00,2022-09-10 00:00:00+00:00,1662768000000.0,-8.964e-05
2022-09-11 00:00:00+00:00,2022-09-11 00:00:00+00:00,1662854400000.0,4.42e-06
2022-09-12 00:00:00+00:00,2022-09-12 00:00:00+00:00,1662940800000.0,-0.00012697
2022-09-13 00:00:00+00:00,2022-09-13 00:00:00+00:00,1663027200000.0,-3.721e-05
2022-09-14 00:00:00+00:00,2022-09-14 00:00:00+00:00,1663113600000.0,0.0001
2022-09-15 00:00:00+00:00,2022-09-15 00:00:00+00:00,1663200000000.0,3.868e-05
2022-09-16 00:00:00+00:00,2022-09-16 00:00:00+00:00,1663286400000.0,0.0001
2022-09-17 00:00:00+00:00,2022-09-17 00:00:00+00:00,1663372800000.0,6.904e-05
2022-09-18 00:00:00+00:00,2022-09-18 00:00:00+00:00,1663459200000.0,3.252e-05
2022-09-19 00:00:00+00:00,2022-09-19 00:00:00+00:00,1663545600000.0,0.0001
2022-09-20 00:00:00+00:00,2022-09-20 00:00:00+00:00,1663632000000.0,5.022e-05
2022-09-21 00:00:00+00:00,2022-09-21 00:00:00+00:00,1663718400000.0,0.0001
2022-09-22 00:00:00+00:00,2022-09-22 00:00:00+00:00,1663804800000.0,-4.847e-05
2022-09-23 00:00:00+00:00,2022-09-23 00:00:00+00:00,1663891200000.0,1.496e-05
2022-09-24 00:00:00+00:00,2022-09-24 00:00:00+00:00,1663977600000.0,1.908e-05
2022-09-25 00:00:00+00:00,2022-09-25 00:00:00+00:00,1664064000000.0,0.0001
2022-09-26 00:00:00+00:00,2022-09-26 00:00:00+00:00,1664150400000.0,3.519e-05
2022-09-27 00:00:00+00:00,2022-09-27 00:00:00+00:00,1664236800000.0,-2.284e-05
2022-09-28 00:00:00+00:00,2022-09-28 00:00:00+00:00,1664323200000.0,3.444e-05
2022-09-29 00:00:00+00:00,2022-09-29 00:00:00+00:00,1664409600000.0,-4.804e-05
2022-09-30 00:00:00+00:00,2022-09-30 00:00:00+00:00,1664496000000.0,3.601e-05
2022-10-01 00:00:00+00:00,2022-10-01 00:00:00+00:00,1664582400000.0,9.899e-05
2022-10-02 00:00:00+00:00,2022-10-02 00:00:00+00:00,1664668800000.0,0.0001
2022-10-03 00:00:00+00:00,2022-10-03 00:00:00+00:00,1664755200000.0,8.576e-05
2022-10-04 00:00:00+00:00,2022-10-04 00:00:00+00:00,1664841600000.0,1.215e-05
2022-10-05 00:00:00+00:00,2022-10-05 00:00:00+00:00,1664928000000.0,-6.701e-05
2022-10-06 00:00:00+00:00,2022-10-06 00:00:00+00:00,1665014400000.0,4.654e-05
2022-10-07 00:00:00+00:00,2022-10-07 00:00:00+00:00,1665100800000.0,0.0001
2022-10-08 00:00:00+00:00,2022-10-08 00:00:00+00:00,1665187200000.0,0.0001
2022-10-09 00:00:00+00:00,2022-10-09 00:00:00+00:00,1665273600000.0,8.493e-05
2022-10-10 00:00:00+00:00,2022-10-10 00:00:00+00:00,1665360000000.0,0.0001
2022-10-11 00:00:00+00:00,2022-10-11 00:00:00+00:00,1665446400000.0,0.0001
2022-10-12 00:00:00+00:00,2022-10-12 00:00:00+00:00,1665532800000.0,0.0001
2022-10-13 00:00:00+00:00,2022-10-13 00:00:00+00:00,1665619200000.0,7.248e-05
2022-10-14 00:00:00+00:00,2022-10-14 00:00:00+00:00,1665705600000.0,-2.655e-05
2022-10-15 00:00:00+00:00,2022-10-15 00:00:00+00:00,1665792000000.0,0.0001
2022-10-16 00:00:00+00:00,2022-10-16 00:00:00+00:00,1665878400000.0,8.867e-05
2022-10-17 00:00:00+00:00,2022-10-17 00:00:00+00:00,1665964800000.0,6.233e-05
2022-10-18 00:00:00+00:00,2022-10-18 00:00:00+00:00,1666051200000.0,4.257e-05
2022-10-19 00:00:00+00:00,2022-10-19 00:00:00+00:00,1666137600000.0,0.0001
2022-10-20 00:00:00+00:00,2022-10-20 00:00:00+00:00,1666224000000.0,0.0001
2022-10-21 00:00:00+00:00,2022-10-21 00:00:00+00:00,1666310400000.0,0.0001
2022-10-22 00:00:00+00:00,2022-10-22 00:00:00+00:00,1666396800000.0,4.43e-06
2022-10-23 00:00:00+00:00,2022-10-23 00:00:00+00:00,1666483200000.0,6.36e-06
2022-10-24 00:00:00+00:00,2022-10-24 00:00:00+00:00,1666569600000.0,-1.02e-05
2022-10-25 00:00:00+00:00,2022-10-25 00:00:00+00:00,1666656000000.0,2.585e-05
2022-10-26 00:00:00+00:00,2022-10-26 00:00:00+00:00,1666742400000.0,-0.0002228
2022-10-27 00:00:00+00:00,2022-10-27 00:00:00+00:00,1666828800000.0,-4.945e-05
2022-10-28 00:00:00+00:00,2022-10-28 00:00:00+00:00,1666915200000.0,-7.5e-07
2022-10-29 00:00:00+00:00,2022-10-29 00:00:00+00:00,1667001600000.0,4.921e-05
2022-10-30 00:00:00+00:00,2022-10-30 00:00:00+00:00,1667088000000.0,-3.045e-05
2022-10-31 00:00:00+00:00,2022-10-31 00:00:00+00:00,1667174400000.0,1.346e-05
2022-11-01 00:00:00+00:00,2022-11-01 00:00:00+00:00,1667260800000.0,6.1e-07
2022-11-02 00:00:00+00:00,2022-11-02 00:00:00+00:00,1667347200000.0,6.306e-05
2022-11-03 00:00:00+00:00,2022-11-03 00:00:00+00:00,1667433600000.0,7.337e-05
2022-11-04 00:00:00+00:00,2022-11-04 00:00:00+00:00,1667520000000.0,4.4e-05
2022-11-05 00:00:00+00:00,2022-11-05 00:00:00+00:00,1667606400000.0,-2.33e-05
2022-11-06 00:00:00+00:00,2022-11-06 00:00:00+00:00,1667692800000.0,-2.33e-05
2022-11-07 00:00:00+00:00,2022-11-07 00:00:00+00:00,1667779200000.0,9.657e-05
2022-11-08 00:00:00+00:00,2022-11-08 00:00:00+00:00,1667865600000.0,8.265e-05
2022-11-09 00:00:00+00:00,2022-11-09 00:00:00+00:00,1667952000000.0,-0.00013242
2022-11-10 00:00:00+00:00,2022-11-10 00:00:00+00:00,1668038400000.0,-0.00072479
2022-11-11 00:00:00+00:00,2022-11-11 00:00:00+00:00,1668124800000.0,-0.00045079
2022-11-12 00:00:00+00:00,2022-11-12 00:00:00+00:00,1668211200000.0,-6.05e-05
2022-11-13 00:00:00+00:00,2022-11-13 00:00:00+00:00,1668297600000.0,-0.00024885
2022-11-14 00:00:00+00:00,2022-11-14 00:00:00+00:00,1668384000000.0,0.0001
2022-11-15 00:00:00+00:00,2022-11-15 00:00:00+00:00,1668470400000.0,9.19e-06
2022-11-16 00:00:00+00:00,2022-11-16 00:00:00+00:00,1668556800000.0,-0.00049718
2022-11-17 00:00:00+00:00,2022-11-17 00:00:00+00:00,1668643200000.0,-0.00011015
2022-11-18 00:00:00+00:00,2022-11-18 00:00:00+00:00,1668729600000.0,-0.00078386
2022-11-19 00:00:00+00:00,2022-11-19 00:00:00+00:00,1668816000000.0,0.0001
2022-11-20 00:00:00+00:00,2022-11-20 00:00:00+00:00,1668902400000.0,-0.00011447
2022-11-21 00:00:00+00:00,2022-11-21 00:00:00+00:00,1668988800000.0,0.0001
2022-11-22 00:00:00+00:00,2022-11-22 00:00:00+00:00,1669075200000.0,-0.00012841
2022-11-23 00:00:00+00:00,2022-11-23 00:00:00+00:00,1669161600000.0,4.463e-05
2022-11-24 00:00:00+00:00,2022-11-24 00:00:00+00:00,1669248000000.0,-0.00010098
2022-11-25 00:00:00+00:00,2022-11-25 00:00:00+00:00,1669334400000.0,-0.00013314
2022-11-26 00:00:00+00:00,2022-11-26 00:00:00+00:00,1669420800000.0,-9.822e-05
2022-11-27 00:00:00+00:00,2022-11-27 00:00:00+00:00,1669507200000.0,4.987e-05
2022-11-28 00:00:00+00:00,2022-11-28 00:00:00+00:00,1669593600000.0,-9.912e-05
2022-11-29 00:00:00+00:00,2022-11-29 00:00:00+00:00,1669680000000.0,9.429e-05
2022-11-30 00:00:00+00:00,2022-11-30 00:00:00+00:00,1669766400000.0,1.048e-05
2022-12-01 00:00:00+00:00,2022-12-01 00:00:00+00:00,1669852800000.0,-0.00018601
2022-12-02 00:00:00+00:00,2022-12-02 00:00:00+00:00,1669939200000.0,0.0001
2022-12-03 00:00:00+00:00,2022-12-03 00:00:00+00:00,1670025600000.0,-0.00011683
2022-12-04 00:00:00+00:00,2022-12-04 00:00:00+00:00,1670112000000.0,0.0001
2022-12-05 00:00:00+00:00,2022-12-05 00:00:00+00:00,1670198400000.0,-0.00010183
2022-12-06 00:00:00+00:00,2022-12-06 00:00:00+00:00,1670284800000.0,0.0001
2022-12-07 00:00:00+00:00,2022-12-07 00:00:00+00:00,1670371200000.0,9.301e-05
2022-12-08 00:00:00+00:00,2022-12-08 00:00:00+00:00,1670457600000.0,-6.29e-06
2022-12-09 00:00:00+00:00,2022-12-09 00:00:00+00:00,1670544000000.0,-0.0003213
2022-12-10 00:00:00+00:00,2022-12-10 00:00:00+00:00,1670630400000.0,-3.7e-05
2022-12-11 00:00:00+00:00,2022-12-11 00:00:00+00:00,1670716800000.0,-0.00024822
2022-12-12 00:00:00+00:00,2022-12-12 00:00:00+00:00,1670803200000.0,1.826e-05
2022-12-13 00:00:00+00:00,2022-12-13 00:00:00+00:00,1670889600000.0,-0.0002016
2022-12-14 00:00:00+00:00,2022-12-14 00:00:00+00:00,1670976000000.0,-0.00032917
2022-12-15 00:00:00+00:00,2022-12-15 00:00:00+00:00,1671062400000.0,-0.0006066
2022-12-16 00:00:00+00:00,2022-12-16 00:00:00+00:00,1671148800000.0,0.0001
2022-12-17 00:00:00+00:00,2022-12-17 00:00:00+00:00,1671235200000.0,0.0001
2022-12-18 00:00:00+00:00,2022-12-18 00:00:00+00:00,1671321600000.0,9.656e-05
2022-12-19 00:00:00+00:00,2022-12-19 00:00:00+00:00,1671408000000.0,7.116e-05
2022-12-20 00:00:00+00:00,2022-12-20 00:00:00+00:00,1671494400000.0,0.0001
2022-12-21 00:00:00+00:00,2022-12-21 00:00:00+00:00,1671580800000.0,6.598e-05
2022-12-22 00:00:00+00:00,2022-12-22 00:00:00+00:00,1671667200000.0,0.0001
2022-12-23 00:00:00+00:00,2022-12-23 00:00:00+00:00,1671753600000.0,0.0001
2022-12-24 00:00:00+00:00,2022-12-24 00:00:00+00:00,1671840000000.0,0.0001
2022-12-25 00:00:00+00:00,2022-12-25 00:00:00+00:00,1671926400000.0,0.0001
2022-12-26 00:00:00+00:00,2022-12-26 00:00:00+00:00,1672012800000.0,0.0001
2022-12-27 00:00:00+00:00,2022-12-27 00:00:00+00:00,1672099200000.0,0.0001
2022-12-28 00:00:00+00:00,2022-12-28 00:00:00+00:00,1672185600000.0,0.0001
2022-12-29 00:00:00+00:00,2022-12-29 00:00:00+00:00,1672272000000.0,0.0001
2022-12-30 00:00:00+00:00,2022-12-30 00:00:00+00:00,1672358400000.0,0.0001
2022-12-31 00:00:00+00:00,2022-12-31 00:00:00+00:00,1672444800000.0,0.00014457
2023-01-01 00:00:00+00:00,2023-01-01 00:00:00+00:00,1672531200000.0,0.00024639
2023-01-02 00:00:00+00:00,2023-01-02 00:00:00+00:00,1672617600000.0,0.0001
2023-01-03 00:00:00+00:00,2023-01-03 00:00:00+00:00,1672704000000.0,0.0001
2023-01-04 00:00:00+00:00,2023-01-04 00:00:00+00:00,1672790400000.0,0.0001
2023-01-05 00:00:00+00:00,2023-01-05 00:00:00+00:00,1672876800000.0,6.612e-05
2023-01-06 00:00:00+00:00,2023-01-06 00:00:00+00:00,1672963200000.0,-3.394e-05
2023-01-07 00:00:00+00:00,2023-01-07 00:00:00+00:00,1673049600000.0,5.82e-06
2023-01-08 00:00:00+00:00,2023-01-08 00:00:00+00:00,1673136000000.0,0.0001
2023-01-09 00:00:00+00:00,2023-01-09 00:00:00+00:00,1673222400000.0,0.0001
2023-01-10 00:00:00+00:00,2023-01-10 00:00:00+00:00,1673308800000.0,-0.00015672
2023-01-11 00:00:00+00:00,2023-01-11 00:00:00+00:00,1673395200000.0,-0.0004199
2023-01-12 00:00:00+00:00,2023-01-12 00:00:00+00:00,1673481600000.0,-0.00025655
2023-01-13 00:00:00+00:00,2023-01-13 00:00:00+00:00,1673568000000.0,-0.00035608
2023-01-14 00:00:00+00:00,2023-01-14 00:00:00+00:00,1673654400000.0,-0.00045309
2023-01-15 00:00:00+00:00,2023-01-15 00:00:00+00:00,1673740800000.0,0.0001
2023-01-16 00:00:00+00:00,2023-01-16 00:00:00+00:00,1673827200000.0,0.0001
2023-01-17 00:00:00+00:00,2023-01-17 00:00:00+00:00,1673913600000.0,0.0001
2023-01-18 00:00:00+00:00,2023-01-18 00:00:00+00:00,1674000000000.0,-9.82e-05
2023-01-19 00:00:00+00:00,2023-01-19 00:00:00+00:00,1674086400000.0,0.0001
2023-01-20 00:00:00+00:00,2023-01-20 00:00:00+00:00,1674172800000.0,-0.00018378
2023-01-21 00:00:00+00:00,2023-01-21 00:00:00+00:00,1674259200000.0,9.66e-06
2023-01-22 00:00:00+00:00,2023-01-22 00:00:00+00:00,1674345600000.0,0.0001
2023-01-23 00:00:00+00:00,2023-01-23 00:00:00+00:00,1674432000000.0,0.0001
2023-01-24 00:00:00+00:00,2023-01-24 00:00:00+00:00,1674518400000.0,0.0001
2023-01-25 00:00:00+00:00,2023-01-25 00:00:00+00:00,1674604800000.0,0.0001
2023-01-26 00:00:00+00:00,2023-01-26 00:00:00+00:00,1674691200000.0,0.0001
2023-01-27 00:00:00+00:00,2023-01-27 00:00:00+00:00,1674777600000.0,0.0001
2023-01-28 00:00:00+00:00,2023-01-28 00:00:00+00:00,1674864000000.0,0.0001
2023-01-29 00:00:00+00:00,2023-01-29 00:00:00+00:00,1674950400000.0,0.0001
2023-01-30 00:00:00+00:00,2023-01-30 00:00:00+00:00,1675036800000.0,0.0001
2023-01-31 00:00:00+00:00,2023-01-31 00:00:00+00:00,1675123200000.0,0.0001
2023-02-01 00:00:00+00:00,2023-02-01 00:00:00+00:00,1675209600000.0,0.0001
2023-02-02 00:00:00+00:00,2023-02-02 00:00:00+00:00,1675296000000.0,0.0001
2023-02-03 00:00:00+00:00,2023-02-03 00:00:00+00:00,1675382400000.0,0.0001
2023-02-04 00:00:00+00:00,2023-02-04 00:00:00+00:00,1675468800000.0,0.0001
2023-02-05 00:00:00+00:00,2023-02-05 00:00:00+00:00,1675555200000.0,0.0001
2023-02-06 00:00:00+00:00,2023-02-06 00:00:00+00:00,1675641600000.0,0.0001
2023-02-07 00:00:00+00:00,2023-02-07 00:00:00+00:00,1675728000000.0,0.0001
2023-02-08 00:00:00+00:00,2023-02-08 00:00:00+00:00,1675814400000.0,0.0001
2023-02-09 00:00:00+00:00,2023-02-09 00:00:00+00:00,1675900800000.0,0.0001
2023-02-10 00:00:00+00:00,2023-02-10 00:00:00+00:00,1675987200000.0,0.0001
2023-02-11 00:00:00+00:00,2023-02-11 00:00:00+00:00,1676073600000.0,0.0001
2023-02-12 00:00:00+00:00,2023-02-12 00:00:00+00:00,1676160000000.0,0.0001
2023-02-13 00:00:00+00:00,2023-02-13 00:00:00+00:00,1676246400000.0,3.235e-05
2023-02-14 00:00:00+00:00,2023-02-14 00:00:00+00:00,1676332800000.0,0.0001
2023-02-15 00:00:00+00:00,2023-02-15 00:00:00+00:00,1676419200000.0,1.311e-05
2023-02-16 00:00:00+00:00,2023-02-16 00:00:00+00:00,1676505600000.0,0.0001
2023-02-17 00:00:00+00:00,2023-02-17 00:00:00+00:00,1676592000000.0,0.0001
2023-02-18 00:00:00+00:00,2023-02-18 00:00:00+00:00,1676678400000.0,0.0001
2023-02-19 00:00:00+00:00,2023-02-19 00:00:00+00:00,1676764800000.0,0.0001
2023-02-20 00:00:00+00:00,2023-02-20 00:00:00+00:00,1676851200000.0,0.0001
2023-02-21 00:00:00+00:00,2023-02-21 00:00:00+00:00,1676937600000.0,0.0001
2023-02-22 00:00:00+00:00,2023-02-22 00:00:00+00:00,1677024000000.0,0.0001
2023-02-23 00:00:00+00:00,2023-02-23 00:00:00+00:00,1677110400000.0,0.0001
2023-02-24 00:00:00+00:00,2023-02-24 00:00:00+00:00,1677196800000.0,0.0001
2023-02-25 00:00:00+00:00,2023-02-25 00:00:00+00:00,1677283200000.0,0.0001
2023-02-26 00:00:00+00:00,2023-02-26 00:00:00+00:00,1677369600000.0,0.0001
2023-02-27 00:00:00+00:00,2023-02-27 00:00:00+00:00,1677456000000.0,0.0001
2023-02-28 00:00:00+00:00,2023-02-28 00:00:00+00:00,1677542400000.0,0.0001
2023-03-01 00:00:00+00:00,2023-03-01 00:00:00+00:00,1677628800000.0,0.0001
2023-03-02 00:00:00+00:00,2023-03-02 00:00:00+00:00,1677715200000.0,0.0001
2023-03-03 00:00:00+00:00,2023-03-03 00:00:00+00:00,1677801600000.0,0.0001
2023-03-04 00:00:00+00:00,2023-03-04 00:00:00+00:00,1677888000000.0,0.0001
2023-03-05 00:00:00+00:00,2023-03-05 00:00:00+00:00,1677974400000.0,0.0001
2023-03-06 00:00:00+00:00,2023-03-06 00:00:00+00:00,1678060800000.0,3.621e-05
2023-03-07 00:00:00+00:00,2023-03-07 00:00:00+00:00,1678147200000.0,3.018e-05
2023-03-08 00:00:00+00:00,2023-03-08 00:00:00+00:00,1678233600000.0,0.0001
2023-03-09 00:00:00+00:00,2023-03-09 00:00:00+00:00,1678320000000.0,0.0001
2023-03-10 00:00:00+00:00,2023-03-10 00:00:00+00:00,1678406400000.0,0.0001
2023-03-11 00:00:00+00:00,2023-03-11 00:00:00+00:00,1678492800000.0,7.963e-05
2023-03-12 00:00:00+00:00,2023-03-12 00:00:00+00:00,1678579200000.0,0.0001
2023-03-13 00:00:00+00:00,2023-03-13 00:00:00+00:00,1678665600000.0,0.0001
2023-03-14 00:00:00+00:00,2023-03-14 00:00:00+00:00,1678752000000.0,0.00012226
2023-03-15 00:00:00+00:00,2023-03-15 00:00:00+00:00,1678838400000.0,0.0001
2023-03-16 00:00:00+00:00,2023-03-16 00:00:00+00:00,1678924800000.0,0.0001
2023-03-17 00:00:00+00:00,2023-03-17 00:00:00+00:00,1679011200000.0,0.0001
2023-03-18 00:00:00+00:00,2023-03-18 00:00:00+00:00,1679097600000.0,0.0001
2023-03-19 00:00:00+00:00,2023-03-19 00:00:00+00:00,1679184000000.0,0.0001
2023-03-20 00:00:00+00:00,2023-03-20 00:00:00+00:00,1679270400000.0,0.0001
2023-03-21 00:00:00+00:00,2023-03-21 00:00:00+00:00,1679356800000.0,0.0001
2023-03-22 00:00:00+00:00,2023-03-22 00:00:00+00:00,1679443200000.0,-7.95e-06
2023-03-23 00:00:00+00:00,2023-03-23 00:00:00+00:00,1679529600000.0,-8.95e-06
2023-03-24 00:00:00+00:00,2023-03-24 00:00:00+00:00,1679616000000.0,0.0001
2023-03-25 00:00:00+00:00,2023-03-25 00:00:00+00:00,1679702400000.0,0.0001
2023-03-26 00:00:00+00:00,2023-03-26 00:00:00+00:00,1679788800000.0,2.751e-05
2023-03-27 00:00:00+00:00,2023-03-27 00:00:00+00:00,1679875200000.0,7.762e-05
2023-03-28 00:00:00+00:00,2023-03-28 00:00:00+00:00,1679961600000.0,1.868e-05
2023-03-29 00:00:00+00:00,2023-03-29 00:00:00+00:00,1680048000000.0,-5.442e-05
2023-03-30 00:00:00+00:00,2023-03-30 00:00:00+00:00,1680134400000.0,0.0001
2023-03-31 00:00:00+00:00,2023-03-31 00:00:00+00:00,1680220800000.0,8.299e-05
2023-04-01 00:00:00+00:00,2023-04-01 00:00:00+00:00,1680307200000.0,1.2e-07
2023-04-02 00:00:00+00:00,2023-04-02 00:00:00+00:00,1680393600000.0,1.637e-05
2023-04-03 00:00:00+00:00,2023-04-03 00:00:00+00:00,1680480000000.0,9.336e-05
2023-04-04 00:00:00+00:00,2023-04-04 00:00:00+00:00,1680566400000.0,-5.31e-06
2023-04-05 00:00:00+00:00,2023-04-05 00:00:00+00:00,1680652800000.0,-8.251e-05
2023-04-06 00:00:00+00:00,2023-04-06 00:00:00+00:00,1680739200000.0,3.404e-05
2023-04-07 00:00:00+00:00,2023-04-07 00:00:00+00:00,1680825600000.0,7.384e-05
2023-04-08 00:00:00+00:00,2023-04-08 00:00:00+00:00,1680912000000.0,5.402e-05
2023-04-09 00:00:00+00:00,2023-04-09 00:00:00+00:00,1680998400000.0,8.156e-05
2023-04-10 00:00:00+00:00,2023-04-10 00:00:00+00:00,1681084800000.0,2.949e-05
2023-04-11 00:00:00+00:00,2023-04-11 00:00:00+00:00,1681171200000.0,-6.38e-06
2023-04-12 00:00:00+00:00,2023-04-12 00:00:00+00:00,1681257600000.0,0.0001
2023-04-13 00:00:00+00:00,2023-04-13 00:00:00+00:00,1681344000000.0,5.908e-05
2023-04-14 00:00:00+00:00,2023-04-14 00:00:00+00:00,1681430400000.0,0.0001
2023-04-15 00:00:00+00:00,2023-04-15 00:00:00+00:00,1681516800000.0,4.07e-06
2023-04-16 00:00:00+00:00,2023-04-16 00:00:00+00:00,1681603200000.0,0.0001
2023-04-17 00:00:00+00:00,2023-04-17 00:00:00+00:00,1681689600000.0,0.0001
2023-04-18 00:00:00+00:00,2023-04-18 00:00:00+00:00,1681776000000.0,0.0001
2023-04-19 00:00:00+00:00,2023-04-19 00:00:00+00:00,1681862400000.0,0.0001
2023-04-20 00:00:00+00:00,2023-04-20 00:00:00+00:00,1681948800000.0,0.0001
2023-04-21 00:00:00+00:00,2023-04-21 00:00:00+00:00,1682035200000.0,0.0001
2023-04-22 00:00:00+00:00,2023-04-22 00:00:00+00:00,1682121600000.0,0.0001
2023-04-23 00:00:00+00:00,2023-04-23 00:00:00+00:00,1682208000000.0,0.0001
2023-04-24 00:00:00+00:00,2023-04-24 00:00:00+00:00,1682294400000.0,0.0001
2023-04-25 00:00:00+00:00,2023-04-25 00:00:00+00:00,1682380800000.0,7.732e-05
2023-04-26 00:00:00+00:00,2023-04-26 00:00:00+00:00,1682467200000.0,-6.6e-07
2023-04-27 00:00:00+00:00,2023-04-27 00:00:00+00:00,1682553600000.0,0.0001
2023-04-28 00:00:00+00:00,2023-04-28 00:00:00+00:00,1682640000000.0,5.434e-05
2023-04-29 00:00:00+00:00,2023-04-29 00:00:00+00:00,1682726400000.0,6.136e-05
2023-04-30 00:00:00+00:00,2023-04-30 00:00:00+00:00,1682812800000.0,1.06e-06
2023-05-01 00:00:00+00:00,2023-05-01 00:00:00+00:00,1682899200000.0,8.58e-05
2023-05-02 00:00:00+00:00,2023-05-02 00:00:00+00:00,1682985600000.0,0.0001
2023-05-03 00:00:00+00:00,2023-05-03 00:00:00+00:00,1683072000000.0,-4.562e-05
2023-05-04 00:00:00+00:00,2023-05-04 00:00:00+00:00,1683158400000.0,0.0001
2023-05-05 00:00:00+00:00,2023-05-05 00:00:00+00:00,1683244800000.0,4.261e-05
2023-05-06 00:00:00+00:00,2023-05-06 00:00:00+00:00,1683331200000.0,0.0001
2023-05-07 00:00:00+00:00,2023-05-07 00:00:00+00:00,1683417600000.0,9.624e-05
2023-05-08 00:00:00+00:00,2023-05-08 00:00:00+00:00,1683504000000.0,8.703e-05
2023-05-09 00:00:00+00:00,2023-05-09 00:00:00+00:00,1683590400000.0,0.0001
2023-05-10 00:00:00+00:00,2023-05-10 00:00:00+00:00,1683676800000.0,7.871e-05
2023-05-11 00:00:00+00:00,2023-05-11 00:00:00+00:00,1683763200000.0,-1.436e-05
2023-05-12 00:00:00+00:00,2023-05-12 00:00:00+00:00,1683849600000.0,3.612e-05
2023-05-13 00:00:00+00:00,2023-05-13 00:00:00+00:00,1683936000000.0,3.724e-05
2023-05-14 00:00:00+00:00,2023-05-14 00:00:00+00:00,1684022400000.0,7.907e-05
2023-05-15 00:00:00+00:00,2023-05-15 00:00:00+00:00,1684108800000.0,7.979e-05
2023-05-16 00:00:00+00:00,2023-05-16 00:00:00+00:00,1684195200000.0,3.473e-05
2023-05-17 00:00:00+00:00,2023-05-17 00:00:00+00:00,1684281600000.0,0.0001
2023-05-18 00:00:00+00:00,2023-05-18 00:00:00+00:00,1684368000000.0,5.809e-05
2023-05-19 00:00:00+00:00,2023-05-19 00:00:00+00:00,1684454400000.0,7.105e-05
2023-05-20 00:00:00+00:00,2023-05-20 00:00:00+00:00,1684540800000.0,0.0001
2023-05-21 00:00:00+00:00,2023-05-21 00:00:00+00:00,1684627200000.0,-1.167e-05
2023-05-22 00:00:00+00:00,2023-05-22 00:00:00+00:00,1684713600000.0,0.0001
2023-05-23 00:00:00+00:00,2023-05-23 00:00:00+00:00,1684800000000.0,6.784e-05
2023-05-24 00:00:00+00:00,2023-05-24 00:00:00+00:00,1684886400000.0,0.0001
2023-05-25 00:00:00+00:00,2023-05-25 00:00:00+00:00,1684972800000.0,0.0001
2023-05-26 00:00:00+00:00,2023-05-26 00:00:00+00:00,1685059200000.0,3.485e-05
2023-05-27 00:00:00+00:00,2023-05-27 00:00:00+00:00,1685145600000.0,-1.856e-05
2023-05-28 00:00:00+00:00,2023-05-28 00:00:00+00:00,1685232000000.0,6.006e-05
2023-05-29 00:00:00+00:00,2023-05-29 00:00:00+00:00,1685318400000.0,3.516e-05
2023-05-30 00:00:00+00:00,2023-05-30 00:00:00+00:00,1685404800000.0,0.0001
2023-05-31 00:00:00+00:00,2023-05-31 00:00:00+00:00,1685491200000.0,0.0001
2023-06-01 00:00:00+00:00,2023-06-01 00:00:00+00:00,1685577600000.0,0.0001
2023-06-02 00:00:00+00:00,2023-06-02 00:00:00+00:00,1685664000000.0,0.0001
2023-06-03 00:00:00+00:00,2023-06-03 00:00:00+00:00,1685750400000.0,0.0001
2023-06-04 00:00:00+00:00,2023-06-04 00:00:00+00:00,1685836800000.0,0.0001
2023-06-05 00:00:00+00:00,2023-06-05 00:00:00+00:00,1685923200000.0,0.0001
2023-06-06 00:00:00+00:00,2023-06-06 00:00:00+00:00,1686009600000.0,0.0001
2023-06-07 00:00:00+00:00,2023-06-07 00:00:00+00:00,1686096000000.0,9.526e-05
2023-06-08 00:00:00+00:00,2023-06-08 00:00:00+00:00,1686182400000.0,5.74e-05
2023-06-09 00:00:00+00:00,2023-06-09 00:00:00+00:00,1686268800000.0,6.681e-05
2023-06-10 00:00:00+00:00,2023-06-10 00:00:00+00:00,1686355200000.0,8.18e-05
2023-06-11 00:00:00+00:00,2023-06-11 00:00:00+00:00,1686441600000.0,0.0001
2023-06-12 00:00:00+00:00,2023-06-12 00:00:00+00:00,1686528000000.0,0.0001
2023-06-13 00:00:00+00:00,2023-06-13 00:00:00+00:00,1686614400000.0,0.0001
2023-06-14 00:00:00+00:00,2023-06-14 00:00:00+00:00,1686700800000.0,3.376e-05
2023-06-15 00:00:00+00:00,2023-06-15 00:00:00+00:00,1686787200000.0,4.939e-05
2023-06-16 00:00:00+00:00,2023-06-16 00:00:00+00:00,1686873600000.0,0.0001
2023-06-17 00:00:00+00:00,2023-06-17 00:00:00+00:00,1686960000000.0,-3.008e-05
2023-06-18 00:00:00+00:00,2023-06-18 00:00:00+00:00,1687046400000.0,0.0001
2023-06-19 00:00:00+00:00,2023-06-19 00:00:00+00:00,1687132800000.0,8e-05
2023-06-20 00:00:00+00:00,2023-06-20 00:00:00+00:00,1687219200000.0,3.54e-05
2023-06-21 00:00:00+00:00,2023-06-21 00:00:00+00:00,1687305600000.0,-8.64e-05
2023-06-22 00:00:00+00:00,2023-06-22 00:00:00+00:00,1687392000000.0,0.0001
2023-06-23 00:00:00+00:00,2023-06-23 00:00:00+00:00,1687478400000.0,0.0001
2023-06-24 00:00:00+00:00,2023-06-24 00:00:00+00:00,1687564800000.0,0.0001
2023-06-25 00:00:00+00:00,2023-06-25 00:00:00+00:00,1687651200000.0,0.0001
2023-06-26 00:00:00+00:00,2023-06-26 00:00:00+00:00,1687737600000.0,0.0001
2023-06-27 00:00:00+00:00,2023-06-27 00:00:00+00:00,1687824000000.0,0.0001
2023-06-28 00:00:00+00:00,2023-06-28 00:00:00+00:00,1687910400000.0,6.62e-05
2023-06-29 00:00:00+00:00,2023-06-29 00:00:00+00:00,1687996800000.0,9.221e-05
2023-06-30 00:00:00+00:00,2023-06-30 00:00:00+00:00,1688083200000.0,0.0001
2023-07-01 00:00:00+00:00,2023-07-01 00:00:00+00:00,1688169600000.0,0.0001
2023-07-02 00:00:00+00:00,2023-07-02 00:00:00+00:00,1688256000000.0,0.0001
2023-07-03 00:00:00+00:00,2023-07-03 00:00:00+00:00,1688342400000.0,0.0001
2023-07-04 00:00:00+00:00,2023-07-04 00:00:00+00:00,1688428800000.0,0.0001
2023-07-05 00:00:00+00:00,2023-07-05 00:00:00+00:00,1688515200000.0,0.0001
2023-07-06 00:00:00+00:00,2023-07-06 00:00:00+00:00,1688601600000.0,4.675e-05
2023-07-07 00:00:00+00:00,2023-07-07 00:00:00+00:00,1688688000000.0,8.78e-05
2023-07-08 00:00:00+00:00,2023-07-08 00:00:00+00:00,1688774400000.0,-2.498e-05
2023-07-09 00:00:00+00:00,2023-07-09 00:00:00+00:00,1688860800000.0,5.799e-05
2023-07-10 00:00:00+00:00,2023-07-10 00:00:00+00:00,1688947200000.0,0.0001
2023-07-11 00:00:00+00:00,2023-07-11 00:00:00+00:00,1689033600000.0,1.659e-05
2023-07-12 00:00:00+00:00,2023-07-12 00:00:00+00:00,1689120000000.0,8.964e-05
2023-07-13 00:00:00+00:00,2023-07-13 00:00:00+00:00,1689206400000.0,4.083e-05
2023-07-14 00:00:00+00:00,2023-07-14 00:00:00+00:00,1689292800000.0,0.0001
2023-07-15 00:00:00+00:00,2023-07-15 00:00:00+00:00,1689379200000.0,9.997e-05
2023-07-16 00:00:00+00:00,2023-07-16 00:00:00+00:00,1689465600000.0,3.392e-05
2023-07-17 00:00:00+00:00,2023-07-17 00:00:00+00:00,1689552000000.0,0.0001
2023-07-18 00:00:00+00:00,2023-07-18 00:00:00+00:00,1689638400000.0,8.08e-06
2023-07-19 00:00:00+00:00,2023-07-19 00:00:00+00:00,1689724800000.0,7.668e-05
2023-07-20 00:00:00+00:00,2023-07-20 00:00:00+00:00,1689811200000.0,6.37e-06
2023-07-21 00:00:00+00:00,2023-07-21 00:00:00+00:00,1689897600000.0,1.987e-05
2023-07-22 00:00:00+00:00,2023-07-22 00:00:00+00:00,1689984000000.0,9.48e-06
2023-07-23 00:00:00+00:00,2023-07-23 00:00:00+00:00,1690070400000.0,9.174e-05
2023-07-24 00:00:00+00:00,2023-07-24 00:00:00+00:00,1690156800000.0,-1.27e-06
2023-07-25 00:00:00+00:00,2023-07-25 00:00:00+00:00,1690243200000.0,7.692e-05
2023-07-26 00:00:00+00:00,2023-07-26 00:00:00+00:00,1690329600000.0,3.565e-05
2023-07-27 00:00:00+00:00,2023-07-27 00:00:00+00:00,1690416000000.0,1.276e-05
2023-07-28 00:00:00+00:00,2023-07-28 00:00:00+00:00,1690502400000.0,4.497e-05
2023-07-29 00:00:00+00:00,2023-07-29 00:00:00+00:00,1690588800000.0,0.0001
2023-07-30 00:00:00+00:00,2023-07-30 00:00:00+00:00,1690675200000.0,5.174e-05
2023-07-31 00:00:00+00:00,2023-07-31 00:00:00+00:00,1690761600000.0,2.494e-05
2023-08-01 00:00:00+00:00,2023-08-01 00:00:00+00:00,1690848000000.0,0.0001
2023-08-02 00:00:00+00:00,2023-08-02 00:00:00+00:00,1690934400000.0,0.0001
2023-08-03 00:00:00+00:00,2023-08-03 00:00:00+00:00,1691020800000.0,0.0001
2023-08-04 00:00:00+00:00,2023-08-04 00:00:00+00:00,1691107200000.0,0.0001
2023-08-05 00:00:00+00:00,2023-08-05 00:00:00+00:00,1691193600000.0,0.0001
2023-08-06 00:00:00+00:00,2023-08-06 00:00:00+00:00,1691280000000.0,0.0001
2023-08-07 00:00:00+00:00,2023-08-07 00:00:00+00:00,1691366400000.0,0.0001
2023-08-08 00:00:00+00:00,2023-08-08 00:00:00+00:00,1691452800000.0,0.0001
2023-08-09 00:00:00+00:00,2023-08-09 00:00:00+00:00,1691539200000.0,6.33e-06
2023-08-10 00:00:00+00:00,2023-08-10 00:00:00+00:00,1691625600000.0,0.0001
2023-08-11 00:00:00+00:00,2023-08-11 00:00:00+00:00,1691712000000.0,0.0001
2023-08-12 00:00:00+00:00,2023-08-12 00:00:00+00:00,1691798400000.0,0.0001
2023-08-13 00:00:00+00:00,2023-08-13 00:00:00+00:00,1691884800000.0,0.0001
2023-08-14 00:00:00+00:00,2023-08-14 00:00:00+00:00,1691971200000.0,0.0001
2023-08-15 00:00:00+00:00,2023-08-15 00:00:00+00:00,1692057600000.0,0.0001
2023-08-16 00:00:00+00:00,2023-08-16 00:00:00+00:00,1692144000000.0,0.0001
2023-08-17 00:00:00+00:00,2023-08-17 00:00:00+00:00,1692230400000.0,0.0001
2023-08-18 00:00:00+00:00,2023-08-18 00:00:00+00:00,1692316800000.0,6.393e-05
2023-08-19 00:00:00+00:00,2023-08-19 00:00:00+00:00,1692403200000.0,-1.898e-05
2023-08-20 00:00:00+00:00,2023-08-20 00:00:00+00:00,1692489600000.0,5.549e-05
2023-08-21 00:00:00+00:00,2023-08-21 00:00:00+00:00,1692576000000.0,-4.073e-05
2023-08-22 00:00:00+00:00,2023-08-22 00:00:00+00:00,1692662400000.0,1e-05
2023-08-23 00:00:00+00:00,2023-08-23 00:00:00+00:00,1692748800000.0,5.461e-05
2023-08-24 00:00:00+00:00,2023-08-24 00:00:00+00:00,1692835200000.0,-1.954e-05
2023-08-25 00:00:00+00:00,2023-08-25 00:00:00+00:00,1692921600000.0,5.872e-05
2023-08-26 00:00:00+00:00,2023-08-26 00:00:00+00:00,1693008000000.0,8.77e-06
2023-08-27 00:00:00+00:00,2023-08-27 00:00:00+00:00,1693094400000.0,6.063e-05
2023-08-28 00:00:00+00:00,2023-08-28 00:00:00+00:00,1693180800000.0,5.189e-05
2023-08-29 00:00:00+00:00,2023-08-29 00:00:00+00:00,1693267200000.0,1.152e-05
2023-08-30 00:00:00+00:00,2023-08-30 00:00:00+00:00,1693353600000.0,4.032e-05
2023-08-31 00:00:00+00:00,2023-08-31 00:00:00+00:00,1693440000000.0,1.69e-05
2023-09-01 00:00:00+00:00,2023-09-01 00:00:00+00:00,1693526400000.0,2.115e-05
2023-09-02 00:00:00+00:00,2023-09-02 00:00:00+00:00,1693612800000.0,5.825e-05
2023-09-03 00:00:00+00:00,2023-09-03 00:00:00+00:00,1693699200000.0,0.0001
2023-09-04 00:00:00+00:00,2023-09-04 00:00:00+00:00,1693785600000.0,3.093e-05
2023-09-05 00:00:00+00:00,2023-09-05 00:00:00+00:00,1693872000000.0,2.449e-05
2023-09-06 00:00:00+00:00,2023-09-06 00:00:00+00:00,1693958400000.0,1.267e-05
2023-09-07 00:00:00+00:00,2023-09-07 00:00:00+00:00,1694044800000.0,3.892e-05
2023-09-08 00:00:00+00:00,2023-09-08 00:00:00+00:00,1694131200000.0,3.593e-05
2023-09-09 00:00:00+00:00,2023-09-09 00:00:00+00:00,1694217600000.0,4.74e-05
2023-09-10 00:00:00+00:00,2023-09-10 00:00:00+00:00,1694304000000.0,3.389e-05
2023-09-11 00:00:00+00:00,2023-09-11 00:00:00+00:00,1694390400000.0,7.35e-05
2023-09-12 00:00:00+00:00,2023-09-12 00:00:00+00:00,1694476800000.0,4.155e-05
2023-09-13 00:00:00+00:00,2023-09-13 00:00:00+00:00,1694563200000.0,2.247e-05
2023-09-14 00:00:00+00:00,2023-09-14 00:00:00+00:00,1694649600000.0,-2.862e-05
2023-09-15 00:00:00+00:00,2023-09-15 00:00:00+00:00,1694736000000.0,-1.362e-05
2023-09-16 00:00:00+00:00,2023-09-16 00:00:00+00:00,1694822400000.0,-5.021e-05
2023-09-17 00:00:00+00:00,2023-09-17 00:00:00+00:00,1694908800000.0,7.234e-05
2023-09-18 00:00:00+00:00,2023-09-18 00:00:00+00:00,1694995200000.0,1.53e-06
2023-09-19 00:00:00+00:00,2023-09-19 00:00:00+00:00,1695081600000.0,5.882e-05
2023-09-20 00:00:00+00:00,2023-09-20 00:00:00+00:00,1695168000000.0,5.883e-05
2023-09-21 00:00:00+00:00,2023-09-21 00:00:00+00:00,1695254400000.0,3.228e-05
2023-09-22 00:00:00+00:00,2023-09-22 00:00:00+00:00,1695340800000.0,-2.319e-05
2023-09-23 00:00:00+00:00,2023-09-23 00:00:00+00:00,1695427200000.0,2.088e-05
2023-09-24 00:00:00+00:00,2023-09-24 00:00:00+00:00,1695513600000.0,5.368e-05
2023-09-25 00:00:00+00:00,2023-09-25 00:00:00+00:00,1695600000000.0,1.607e-05
2023-09-26 00:00:00+00:00,2023-09-26 00:00:00+00:00,1695686400000.0,-5.563e-05
2023-09-27 00:00:00+00:00,2023-09-27 00:00:00+00:00,1695772800000.0,-2.91e-06
2023-09-28 00:00:00+00:00,2023-09-28 00:00:00+00:00,1695859200000.0,5.036e-05
2023-09-29 00:00:00+00:00,2023-09-29 00:00:00+00:00,1695945600000.0,-2.847e-05
2023-09-30 00:00:00+00:00,2023-09-30 00:00:00+00:00,1696032000000.0,0.0001
2023-10-01 00:00:00+00:00,2023-10-01 00:00:00+00:00,1696118400000.0,0.0001
2023-10-02 00:00:00+00:00,2023-10-02 00:00:00+00:00,1696204800000.0,3.324e-05
2023-10-03 00:00:00+00:00,2023-10-03 00:00:00+00:00,1696291200000.0,9.645e-05
2023-10-04 00:00:00+00:00,2023-10-04 00:00:00+00:00,1696377600000.0,0.0001
2023-10-05 00:00:00+00:00,2023-10-05 00:00:00+00:00,1696464000000.0,8.474e-05
2023-10-06 00:00:00+00:00,2023-10-06 00:00:00+00:00,1696550400000.0,5.881e-05
2023-10-07 00:00:00+00:00,2023-10-07 00:00:00+00:00,1696636800000.0,3.193e-05
2023-10-08 00:00:00+00:00,2023-10-08 00:00:00+00:00,1696723200000.0,-8.017e-05
2023-10-09 00:00:00+00:00,2023-10-09 00:00:00+00:00,1696809600000.0,-2.543e-05
2023-10-10 00:00:00+00:00,2023-10-10 00:00:00+00:00,1696896000000.0,9.735e-05
2023-10-11 00:00:00+00:00,2023-10-11 00:00:00+00:00,1696982400000.0,8.565e-05
2023-10-12 00:00:00+00:00,2023-10-12 00:00:00+00:00,1697068800000.0,0.0001
2023-10-13 00:00:00+00:00,2023-10-13 00:00:00+00:00,1697155200000.0,0.0001
2023-10-14 00:00:00+00:00,2023-10-14 00:00:00+00:00,1697241600000.0,0.0001
2023-10-15 00:00:00+00:00,2023-10-15 00:00:00+00:00,1697328000000.0,5.329e-05
2023-10-16 00:00:00+00:00,2023-10-16 00:00:00+00:00,1697414400000.0,1.139e-05
2023-10-17 00:00:00+00:00,2023-10-17 00:00:00+00:00,1697500800000.0,5.47e-05
2023-10-18 00:00:00+00:00,2023-10-18 00:00:00+00:00,1697587200000.0,-1.695e-05
2023-10-19 00:00:00+00:00,2023-10-19 00:00:00+00:00,1697673600000.0,4.369e-05
2023-10-20 00:00:00+00:00,2023-10-20 00:00:00+00:00,1697760000000.0,-1.658e-05
2023-10-21 00:00:00+00:00,2023-10-21 00:00:00+00:00,1697846400000.0,0.0001
2023-10-22 00:00:00+00:00,2023-10-22 00:00:00+00:00,1697932800000.0,3.98e-06
2023-10-23 00:00:00+00:00,2023-10-23 00:00:00+00:00,1698019200000.0,5.084e-05
2023-10-24 00:00:00+00:00,2023-10-24 00:00:00+00:00,1698105600000.0,0.0001
2023-10-25 00:00:00+00:00,2023-10-25 00:00:00+00:00,1698192000000.0,0.0001
2023-10-26 00:00:00+00:00,2023-10-26 00:00:00+00:00,1698278400000.0,0.0001
2023-10-27 00:00:00+00:00,2023-10-27 00:00:00+00:00,1698364800000.0,0.0001
2023-10-28 00:00:00+00:00,2023-10-28 00:00:00+00:00,1698451200000.0,0.0001
2023-10-29 00:00:00+00:00,2023-10-29 00:00:00+00:00,1698537600000.0,0.0001
2023-10-30 00:00:00+00:00,2023-10-30 00:00:00+00:00,1698624000000.0,0.0001
2023-10-31 00:00:00+00:00,2023-10-31 00:00:00+00:00,1698710400000.0,0.0001
2023-11-01 00:00:00+00:00,2023-11-01 00:00:00+00:00,1698796800000.0,0.0001
2023-11-02 00:00:00+00:00,2023-11-02 00:00:00+00:00,1698883200000.0,0.00014309
2023-11-03 00:00:00+00:00,2023-11-03 00:00:00+00:00,1698969600000.0,0.0001
2023-11-04 00:00:00+00:00,2023-11-04 00:00:00+00:00,1699056000000.0,0.0001
2023-11-05 00:00:00+00:00,2023-11-05 00:00:00+00:00,1699142400000.0,0.0001
2023-11-06 00:00:00+00:00,2023-11-06 00:00:00+00:00,1699228800000.0,0.00012243
2023-11-07 00:00:00+00:00,2023-11-07 00:00:00+00:00,1699315200000.0,0.0001
2023-11-08 00:00:00+00:00,2023-11-08 00:00:00+00:00,1699401600000.0,0.00011888
2023-11-09 00:00:00+00:00,2023-11-09 00:00:00+00:00,1699488000000.0,0.00013904
2023-11-10 00:00:00+00:00,2023-11-10 00:00:00+00:00,1699574400000.0,0.00018027
2023-11-11 00:00:00+00:00,2023-11-11 00:00:00+00:00,1699660800000.0,0.0002613
2023-11-12 00:00:00+00:00,2023-11-12 00:00:00+00:00,1699747200000.0,0.00019689
2023-11-13 00:00:00+00:00,2023-11-13 00:00:00+00:00,1699833600000.0,0.00031492
2023-11-14 00:00:00+00:00,2023-11-14 00:00:00+00:00,1699920000000.0,0.00014184
2023-11-15 00:00:00+00:00,2023-11-15 00:00:00+00:00,1700006400000.0,0.0001
2023-11-16 00:00:00+00:00,2023-11-16 00:00:00+00:00,1700092800000.0,0.0001
2023-11-17 00:00:00+00:00,2023-11-17 00:00:00+00:00,1700179200000.0,0.0001
2023-11-18 00:00:00+00:00,2023-11-18 00:00:00+00:00,1700265600000.0,0.0001
2023-11-19 00:00:00+00:00,2023-11-19 00:00:00+00:00,1700352000000.0,0.0001
2023-11-20 00:00:00+00:00,2023-11-20 00:00:00+00:00,1700438400000.0,0.0001
2023-11-21 00:00:00+00:00,2023-11-21 00:00:00+00:00,1700524800000.0,0.0001
2023-11-22 00:00:00+00:00,2023-11-22 00:00:00+00:00,1700611200000.0,0.0001
2023-11-23 00:00:00+00:00,2023-11-23 00:00:00+00:00,1700697600000.0,0.0001
2023-11-24 00:00:00+00:00,2023-11-24 00:00:00+00:00,1700784000000.0,0.0001
2023-11-25 00:00:00+00:00,2023-11-25 00:00:00+00:00,1700870400000.0,0.0001
2023-11-26 00:00:00+00:00,2023-11-26 00:00:00+00:00,1700956800000.0,0.0001
2023-11-27 00:00:00+00:00,2023-11-27 00:00:00+00:00,1701043200000.0,0.0001
2023-11-28 00:00:00+00:00,2023-11-28 00:00:00+00:00,1701129600000.0,0.0001
2023-11-29 00:00:00+00:00,2023-11-29 00:00:00+00:00,1701216000000.0,0.0001
2023-11-30 00:00:00+00:00,2023-11-30 00:00:00+00:00,1701302400000.0,0.0001
2023-12-01 00:00:00+00:00,2023-12-01 00:00:00+00:00,1701388800000.0,0.0001
2023-12-02 00:00:00+00:00,2023-12-02 00:00:00+00:00,1701475200000.0,0.0001
2023-12-03 00:00:00+00:00,2023-12-03 00:00:00+00:00,1701561600000.0,0.0001
2023-12-04 00:00:00+00:00,2023-12-04 00:00:00+00:00,1701648000000.0,0.0001
2023-12-05 00:00:00+00:00,2023-12-05 00:00:00+00:00,1701734400000.0,0.0001
2023-12-06 00:00:00+00:00,2023-12-06 00:00:00+00:00,1701820800000.0,0.0001
2023-12-07 00:00:00+00:00,2023-12-07 00:00:00+00:00,1701907200000.0,0.0001
2023-12-08 00:00:00+00:00,2023-12-08 00:00:00+00:00,1701993600000.0,0.00023913
2023-12-09 00:00:00+00:00,2023-12-09 00:00:00+00:00,1702080000000.0,0.00011864
2023-12-10 00:00:00+00:00,2023-12-10 00:00:00+00:00,1702166400000.0,0.00033498
2023-12-11 00:00:00+00:00,2023-12-11 00:00:00+00:00,1702252800000.0,0.00033285
2023-12-12 00:00:00+00:00,2023-12-12 00:00:00+00:00,1702339200000.0,0.00021542
2023-12-13 00:00:00+00:00,2023-12-13 00:00:00+00:00,1702425600000.0,0.00018236
2023-12-14 00:00:00+00:00,2023-12-14 00:00:00+00:00,1702512000000.0,0.00010146
2023-12-15 00:00:00+00:00,2023-12-15 00:00:00+00:00,1702598400000.0,0.00010466
2023-12-16 00:00:00+00:00,2023-12-16 00:00:00+00:00,1702684800000.0,0.0001
2023-12-17 00:00:00+00:00,2023-12-17 00:00:00+00:00,1702771200000.0,0.00017286
2023-12-18 00:00:00+00:00,2023-12-18 00:00:00+00:00,1702857600000.0,0.00013303
2023-12-19 00:00:00+00:00,2023-12-19 00:00:00+00:00,1702944000000.0,0.0001
2023-12-20 00:00:00+00:00,2023-12-20 00:00:00+00:00,1703030400000.0,0.0001
2023-12-21 00:00:00+00:00,2023-12-21 00:00:00+00:00,1703116800000.0,0.000152
2023-12-22 00:00:00+00:00,2023-12-22 00:00:00+00:00,1703203200000.0,0.00024215
2023-12-23 00:00:00+00:00,2023-12-23 00:00:00+00:00,1703289600000.0,0.00015263
2023-12-24 00:00:00+00:00,2023-12-24 00:00:00+00:00,1703376000000.0,0.0001
2023-12-25 00:00:00+00:00,2023-12-25 00:00:00+00:00,1703462400000.0,0.0001
2023-12-26 00:00:00+00:00,2023-12-26 00:00:00+00:00,1703548800000.0,0.0003048
2023-12-27 00:00:00+00:00,2023-12-27 00:00:00+00:00,1703635200000.0,0.00040735
2023-12-28 00:00:00+00:00,2023-12-28 00:00:00+00:00,1703721600000.0,0.00019269
2023-12-29 00:00:00+00:00,2023-12-29 00:00:00+00:00,1703808000000.0,0.00059775
2023-12-30 00:00:00+00:00,2023-12-30 00:00:00+00:00,1703894400000.0,0.00039208
2023-12-31 00:00:00+00:00,2023-12-31 00:00:00+00:00,1703980800000.0,0.00026419
2024-01-01 00:00:00+00:00,2024-01-01 00:00:00+00:00,1704067200000.0,0.00043294
2024-01-02 00:00:00+00:00,2024-01-02 00:00:00+00:00,1704153600000.0,0.00057167
2024-01-03 00:00:00+00:00,2024-01-03 00:00:00+00:00,1704240000000.0,0.00045739
2024-01-04 00:00:00+00:00,2024-01-04 00:00:00+00:00,1704326400000.0,0.0001
2024-01-05 00:00:00+00:00,2024-01-05 00:00:00+00:00,1704412800000.0,0.0001
2024-01-06 00:00:00+00:00,2024-01-06 00:00:00+00:00,1704499200000.0,0.0001
2024-01-07 00:00:00+00:00,2024-01-07 00:00:00+00:00,1704585600000.0,0.0001
2024-01-08 00:00:00+00:00,2024-01-08 00:00:00+00:00,1704672000000.0,0.0001
2024-01-09 00:00:00+00:00,2024-01-09 00:00:00+00:00,1704758400000.0,0.0001
2024-01-10 00:00:00+00:00,2024-01-10 00:00:00+00:00,1704844800000.0,0.0001
2024-01-11 00:00:00+00:00,2024-01-11 00:00:00+00:00,1704931200000.0,0.0001
2024-01-12 00:00:00+00:00,2024-01-12 00:00:00+00:00,1705017600000.0,0.0001
2024-01-13 00:00:00+00:00,2024-01-13 00:00:00+00:00,1705104000000.0,0.0001
2024-01-14 00:00:00+00:00,2024-01-14 00:00:00+00:00,1705190400000.0,0.0001
2024-01-15 00:00:00+00:00,2024-01-15 00:00:00+00:00,1705276800000.0,0.0001
2024-01-16 00:00:00+00:00,2024-01-16 00:00:00+00:00,1705363200000.0,0.0001
2024-01-17 00:00:00+00:00,2024-01-17 00:00:00+00:00,1705449600000.0,0.0001
2024-01-18 00:00:00+00:00,2024-01-18 00:00:00+00:00,1705536000000.0,0.0001
2024-01-19 00:00:00+00:00,2024-01-19 00:00:00+00:00,1705622400000.0,0.0001
2024-01-20 00:00:00+00:00,2024-01-20 00:00:00+00:00,1705708800000.0,0.0001
2024-01-21 00:00:00+00:00,2024-01-21 00:00:00+00:00,1705795200000.0,0.0001
2024-01-22 00:00:00+00:00,2024-01-22 00:00:00+00:00,1705881600000.0,0.0001
2024-01-23 00:00:00+00:00,2024-01-23 00:00:00+00:00,1705968000000.0,0.0001
2024-01-24 00:00:00+00:00,2024-01-24 00:00:00+00:00,1706054400000.0,0.0001
2024-01-25 00:00:00+00:00,2024-01-25 00:00:00+00:00,1706140800000.0,0.0001
2024-01-26 00:00:00+00:00,2024-01-26 00:00:00+00:00,1706227200000.0,0.0001
2024-01-27 00:00:00+00:00,2024-01-27 00:00:00+00:00,1706313600000.0,0.0001
2024-01-28 00:00:00+00:00,2024-01-28 00:00:00+00:00,1706400000000.0,6.78e-06
2024-01-29 00:00:00+00:00,2024-01-29 00:00:00+00:00,1706486400000.0,0.0001
2024-01-30 00:00:00+00:00,2024-01-30 00:00:00+00:00,1706572800000.0,8.201e-05
2024-01-31 00:00:00+00:00,2024-01-31 00:00:00+00:00,1706659200000.0,1.302e-05
2024-02-01 00:00:00+00:00,2024-02-01 00:00:00+00:00,1706745600000.0,5.432e-05
2024-02-02 00:00:00+00:00,2024-02-02 00:00:00+00:00,1706832000000.0,7.298e-05
2024-02-03 00:00:00+00:00,2024-02-03 00:00:00+00:00,1706918400000.0,8.511e-05
2024-02-04 00:00:00+00:00,2024-02-04 00:00:00+00:00,1707004800000.0,8.642e-05
2024-02-05 00:00:00+00:00,2024-02-05 00:00:00+00:00,1707091200000.0,8.355e-05
2024-02-06 00:00:00+00:00,2024-02-06 00:00:00+00:00,1707177600000.0,0.0001
2024-02-07 00:00:00+00:00,2024-02-07 00:00:00+00:00,1707264000000.0,5.488e-05
2024-02-08 00:00:00+00:00,2024-02-08 00:00:00+00:00,1707350400000.0,0.0001
2024-02-09 00:00:00+00:00,2024-02-09 00:00:00+00:00,1707436800000.0,-2.88e-05
2024-02-10 00:00:00+00:00,2024-02-10 00:00:00+00:00,1707523200000.0,0.0001
2024-02-11 00:00:00+00:00,2024-02-11 00:00:00+00:00,1707609600000.0,0.0001
2024-02-12 00:00:00+00:00,2024-02-12 00:00:00+00:00,1707696000000.0,0.0001
2024-02-13 00:00:00+00:00,2024-02-13 00:00:00+00:00,1707782400000.0,0.0001
2024-02-14 00:00:00+00:00,2024-02-14 00:00:00+00:00,1707868800000.0,0.0001
2024-02-15 00:00:00+00:00,2024-02-15 00:00:00+00:00,1707955200000.0,0.0001
2024-02-16 00:00:00+00:00,2024-02-16 00:00:00+00:00,1708041600000.0,0.0001
2024-02-17 00:00:00+00:00,2024-02-17 00:00:00+00:00,1708128000000.0,0.0001
2024-02-18 00:00:00+00:00,2024-02-18 00:00:00+00:00,1708214400000.0,0.00012154
2024-02-19 00:00:00+00:00,2024-02-19 00:00:00+00:00,1708300800000.0,0.00017748
2024-02-20 00:00:00+00:00,2024-02-20 00:00:00+00:00,1708387200000.0,0.0001
2024-02-21 00:00:00+00:00,2024-02-21 00:00:00+00:00,1708473600000.0,0.0001
2024-02-22 00:00:00+00:00,2024-02-22 00:00:00+00:00,1708560000000.0,0.0001
2024-02-23 00:00:00+00:00,2024-02-23 00:00:00+00:00,1708646400000.0,0.0001
2024-02-24 00:00:00+00:00,2024-02-24 00:00:00+00:00,1708732800000.0,0.0001
2024-02-25 00:00:00+00:00,2024-02-25 00:00:00+00:00,1708819200000.0,0.0001
2024-02-26 00:00:00+00:00,2024-02-26 00:00:00+00:00,1708905600000.0,0.0001
2024-02-27 00:00:00+00:00,2024-02-27 00:00:00+00:00,1708992000000.0,0.00026308
2024-02-28 00:00:00+00:00,2024-02-28 00:00:00+00:00,1709078400000.0,0.00023372
2024-02-29 00:00:00+00:00,2024-02-29 00:00:00+00:00,1709164800000.0,0.00061432
2024-03-01 00:00:00+00:00,2024-03-01 00:00:00+00:00,1709251200000.0,0.0003927
2024-03-02 00:00:00+00:00,2024-03-02 00:00:00+00:00,1709337600000.0,0.00013237
2024-03-03 00:00:00+00:00,2024-03-03 00:00:00+00:00,1709424000000.0,0.0005429
2024-03-04 00:00:00+00:00,2024-03-04 00:00:00+00:00,1709510400000.0,0.00045429
2024-03-05 00:00:00+00:00,2024-03-05 00:00:00+00:00,1709596800000.0,0.00080029
2024-03-06 00:00:00+00:00,2024-03-06 00:00:00+00:00,1709683200000.0,0.00028173
2024-03-07 00:00:00+00:00,2024-03-07 00:00:00+00:00,1709769600000.0,0.00027527
2024-03-08 00:00:00+00:00,2024-03-08 00:00:00+00:00,1709856000000.0,0.00035863
2024-03-09 00:00:00+00:00,2024-03-09 00:00:00+00:00,1709942400000.0,0.00023097
2024-03-10 00:00:00+00:00,2024-03-10 00:00:00+00:00,1710028800000.0,0.00033129
2024-03-11 00:00:00+00:00,2024-03-11 00:00:00+00:00,1710115200000.0,0.00041946
2024-03-12 00:00:00+00:00,2024-03-12 00:00:00+00:00,1710201600000.0,0.00049803
2024-03-13 00:00:00+00:00,2024-03-13 00:00:00+00:00,1710288000000.0,0.00034133
2024-03-14 00:00:00+00:00,2024-03-14 00:00:00+00:00,1710374400000.0,0.00028643
2024-03-15 00:00:00+00:00,2024-03-15 00:00:00+00:00,1710460800000.0,0.00050945
2024-03-16 00:00:00+00:00,2024-03-16 00:00:00+00:00,1710547200000.0,0.0001
2024-03-17 00:00:00+00:00,2024-03-17 00:00:00+00:00,1710633600000.0,0.0001
2024-03-18 00:00:00+00:00,2024-03-18 00:00:00+00:00,1710720000000.0,0.00013515
2024-03-19 00:00:00+00:00,2024-03-19 00:00:00+00:00,1710806400000.0,0.0001
2024-03-20 00:00:00+00:00,2024-03-20 00:00:00+00:00,1710892800000.0,0.0001
2024-03-21 00:00:00+00:00,2024-03-21 00:00:00+00:00,1710979200000.0,0.0001
2024-03-22 00:00:00+00:00,2024-03-22 00:00:00+00:00,1711065600000.0,0.0001
2024-03-23 00:00:00+00:00,2024-03-23 00:00:00+00:00,1711152000000.0,0.0001
2024-03-24 00:00:00+00:00,2024-03-24 00:00:00+00:00,1711238400000.0,0.0001
2024-03-25 00:00:00+00:00,2024-03-25 00:00:00+00:00,1711324800000.0,0.0001
2024-03-26 00:00:00+00:00,2024-03-26 00:00:00+00:00,1711411200000.0,0.00010181
2024-03-27 00:00:00+00:00,2024-03-27 00:00:00+00:00,1711497600000.0,0.00046291
2024-03-28 00:00:00+00:00,2024-03-28 00:00:00+00:00,1711584000000.0,0.00037678
2024-03-29 00:00:00+00:00,2024-03-29 00:00:00+00:00,1711670400000.0,0.00043346
2024-03-30 00:00:00+00:00,2024-03-30 00:00:00+00:00,1711756800000.0,0.00026099
2024-03-31 00:00:00+00:00,2024-03-31 00:00:00+00:00,1711843200000.0,0.0003051
2024-04-01 00:00:00+00:00,2024-04-01 00:00:00+00:00,1711929600000.0,0.00065297
2024-04-02 00:00:00+00:00,2024-04-02 00:00:00+00:00,1712016000000.0,0.00024486
2024-04-03 00:00:00+00:00,2024-04-03 00:00:00+00:00,1712102400000.0,0.0001
2024-04-04 00:00:00+00:00,2024-04-04 00:00:00+00:00,1712188800000.0,0.0001
2024-04-05 00:00:00+00:00,2024-04-05 00:00:00+00:00,1712275200000.0,0.0001
2024-04-06 00:00:00+00:00,2024-04-06 00:00:00+00:00,1712361600000.0,0.0001
2024-04-07 00:00:00+00:00,2024-04-07 00:00:00+00:00,1712448000000.0,0.0001
2024-04-08 00:00:00+00:00,2024-04-08 00:00:00+00:00,1712534400000.0,0.0001
2024-04-09 00:00:00+00:00,2024-04-09 00:00:00+00:00,1712620800000.0,0.00020982
2024-04-10 00:00:00+00:00,2024-04-10 00:00:00+00:00,1712707200000.0,0.00011987
2024-04-11 00:00:00+00:00,2024-04-11 00:00:00+00:00,1712793600000.0,0.0001
2024-04-12 00:00:00+00:00,2024-04-12 00:00:00+00:00,1712880000000.0,0.0001
2024-04-13 00:00:00+00:00,2024-04-13 00:00:00+00:00,1712966400000.0,0.0001
2024-04-14 00:00:00+00:00,2024-04-14 00:00:00+00:00,1713052800000.0,7.356e-05
2024-04-15 00:00:00+00:00,2024-04-15 00:00:00+00:00,1713139200000.0,8.288e-05
2024-04-16 00:00:00+00:00,2024-04-16 00:00:00+00:00,1713225600000.0,8.676e-05
2024-04-17 00:00:00+00:00,2024-04-17 00:00:00+00:00,1713312000000.0,3.688e-05
2024-04-18 00:00:00+00:00,2024-04-18 00:00:00+00:00,1713398400000.0,7.307e-05
2024-04-19 00:00:00+00:00,2024-04-19 00:00:00+00:00,1713484800000.0,-2.998e-05
2024-04-20 00:00:00+00:00,2024-04-20 00:00:00+00:00,1713571200000.0,3.58e-05
2024-04-21 00:00:00+00:00,2024-04-21 00:00:00+00:00,1713657600000.0,-1.858e-05
2024-04-22 00:00:00+00:00,2024-04-22 00:00:00+00:00,1713744000000.0,9.377e-05
2024-04-23 00:00:00+00:00,2024-04-23 00:00:00+00:00,1713830400000.0,-0.00015398
2024-04-24 00:00:00+00:00,2024-04-24 00:00:00+00:00,1713916800000.0,0.0001
2024-04-25 00:00:00+00:00,2024-04-25 00:00:00+00:00,1714003200000.0,0.0001
2024-04-26 00:00:00+00:00,2024-04-26 00:00:00+00:00,1714089600000.0,-1.077e-05
2024-04-27 00:00:00+00:00,2024-04-27 00:00:00+00:00,1714176000000.0,0.0001
2024-04-28 00:00:00+00:00,2024-04-28 00:00:00+00:00,1714262400000.0,4.02e-05
2024-04-29 00:00:00+00:00,2024-04-29 00:00:00+00:00,1714348800000.0,1.802e-05
2024-04-30 00:00:00+00:00,2024-04-30 00:00:00+00:00,1714435200000.0,1.43e-05
2024-05-01 00:00:00+00:00,2024-05-01 00:00:00+00:00,1714521600000.0,0.0001
2024-05-02 00:00:00+00:00,2024-05-02 00:00:00+00:00,1714608000000.0,1.443e-05
2024-05-03 00:00:00+00:00,2024-05-03 00:00:00+00:00,1714694400000.0,-9.395e-05
2024-05-04 00:00:00+00:00,2024-05-04 00:00:00+00:00,1714780800000.0,-9.541e-05
2024-05-05 00:00:00+00:00,2024-05-05 00:00:00+00:00,1714867200000.0,3.013e-05
2024-05-06 00:00:00+00:00,2024-05-06 00:00:00+00:00,1714953600000.0,4.545e-05
2024-05-07 00:00:00+00:00,2024-05-07 00:00:00+00:00,1715040000000.0,0.0001
2024-05-08 00:00:00+00:00,2024-05-08 00:00:00+00:00,1715126400000.0,0.0001
2024-05-09 00:00:00+00:00,2024-05-09 00:00:00+00:00,1715212800000.0,0.0001
2024-05-10 00:00:00+00:00,2024-05-10 00:00:00+00:00,1715299200000.0,2.72e-06
2024-05-11 00:00:00+00:00,2024-05-11 00:00:00+00:00,1715385600000.0,0.0001
2024-05-12 00:00:00+00:00,2024-05-12 00:00:00+00:00,1715472000000.0,0.0001
2024-05-13 00:00:00+00:00,2024-05-13 00:00:00+00:00,1715558400000.0,-1.44e-06
2024-05-14 00:00:00+00:00,2024-05-14 00:00:00+00:00,1715644800000.0,-2.451e-05
2024-05-15 00:00:00+00:00,2024-05-15 00:00:00+00:00,1715731200000.0,6.589e-05
2024-05-16 00:00:00+00:00,2024-05-16 00:00:00+00:00,1715817600000.0,3.295e-05
2024-05-17 00:00:00+00:00,2024-05-17 00:00:00+00:00,1715904000000.0,0.0001
2024-05-18 00:00:00+00:00,2024-05-18 00:00:00+00:00,1715990400000.0,2.216e-05
2024-05-19 00:00:00+00:00,2024-05-19 00:00:00+00:00,1716076800000.0,4.445e-05
2024-05-20 00:00:00+00:00,2024-05-20 00:00:00+00:00,1716163200000.0,1.894e-05
2024-05-21 00:00:00+00:00,2024-05-21 00:00:00+00:00,1716249600000.0,0.0001
2024-05-22 00:00:00+00:00,2024-05-22 00:00:00+00:00,1716336000000.0,0.0001
2024-05-23 00:00:00+00:00,2024-05-23 00:00:00+00:00,1716422400000.0,0.0001
2024-05-24 00:00:00+00:00,2024-05-24 00:00:00+00:00,1716508800000.0,0.0001
2024-05-25 00:00:00+00:00,2024-05-25 00:00:00+00:00,1716595200000.0,0.0001
2024-05-26 00:00:00+00:00,2024-05-26 00:00:00+00:00,1716681600000.0,0.0001
2024-05-27 00:00:00+00:00,2024-05-27 00:00:00+00:00,1716768000000.0,0.0001
2024-05-28 00:00:00+00:00,2024-05-28 00:00:00+00:00,1716854400000.0,0.0001
2024-05-29 00:00:00+00:00,2024-05-29 00:00:00+00:00,1716940800000.0,0.0001
2024-05-30 00:00:00+00:00,2024-05-30 00:00:00+00:00,1717027200000.0,0.0001
2024-05-31 00:00:00+00:00,2024-05-31 00:00:00+00:00,1717113600000.0,0.0001
2024-06-01 00:00:00+00:00,2024-06-01 00:00:00+00:00,1717200000000.0,0.0001
2024-06-02 00:00:00+00:00,2024-06-02 00:00:00+00:00,1717286400000.0,0.0001
2024-06-03 00:00:00+00:00,2024-06-03 00:00:00+00:00,1717372800000.0,0.0001
2024-06-04 00:00:00+00:00,2024-06-04 00:00:00+00:00,1717459200000.0,0.0001
2024-06-05 00:00:00+00:00,2024-06-05 00:00:00+00:00,1717545600000.0,0.0001
2024-06-06 00:00:00+00:00,2024-06-06 00:00:00+00:00,1717632000000.0,0.0001
2024-06-07 00:00:00+00:00,2024-06-07 00:00:00+00:00,1717718400000.0,0.0001
2024-06-08 00:00:00+00:00,2024-06-08 00:00:00+00:00,1717804800000.0,0.00015015
2024-06-09 00:00:00+00:00,2024-06-09 00:00:00+00:00,1717891200000.0,0.0001
2024-06-10 00:00:00+00:00,2024-06-10 00:00:00+00:00,1717977600000.0,0.0001
2024-06-11 00:00:00+00:00,2024-06-11 00:00:00+00:00,1718064000000.0,0.0001
2024-06-12 00:00:00+00:00,2024-06-12 00:00:00+00:00,1718150400000.0,2.722e-05
2024-06-13 00:00:00+00:00,2024-06-13 00:00:00+00:00,1718236800000.0,0.0001
2024-06-14 00:00:00+00:00,2024-06-14 00:00:00+00:00,1718323200000.0,2.162e-05
2024-06-15 00:00:00+00:00,2024-06-15 00:00:00+00:00,1718409600000.0,8.49e-06
2024-06-16 00:00:00+00:00,2024-06-16 00:00:00+00:00,1718496000000.0,1.204e-05
2024-06-17 00:00:00+00:00,2024-06-17 00:00:00+00:00,1718582400000.0,-2.987e-05
2024-06-18 00:00:00+00:00,2024-06-18 00:00:00+00:00,1718668800000.0,2.32e-06
2024-06-19 00:00:00+00:00,2024-06-19 00:00:00+00:00,1718755200000.0,0.0001
2024-06-20 00:00:00+00:00,2024-06-20 00:00:00+00:00,1718841600000.0,8.409e-05
2024-06-21 00:00:00+00:00,2024-06-21 00:00:00+00:00,1718928000000.0,7.6e-05
2024-06-22 00:00:00+00:00,2024-06-22 00:00:00+00:00,1719014400000.0,9.131e-05
2024-06-23 00:00:00+00:00,2024-06-23 00:00:00+00:00,1719100800000.0,1.361e-05
2024-06-24 00:00:00+00:00,2024-06-24 00:00:00+00:00,1719187200000.0,1.505e-05
2024-06-25 00:00:00+00:00,2024-06-25 00:00:00+00:00,1719273600000.0,-0.0001186
2024-06-26 00:00:00+00:00,2024-06-26 00:00:00+00:00,1719360000000.0,-0.00012635
2024-06-27 00:00:00+00:00,2024-06-27 00:00:00+00:00,1719446400000.0,-3.526e-05
2024-06-28 00:00:00+00:00,2024-06-28 00:00:00+00:00,1719532800000.0,3.226e-05
2024-06-29 00:00:00+00:00,2024-06-29 00:00:00+00:00,1719619200000.0,0.0001
2024-06-30 00:00:00+00:00,2024-06-30 00:00:00+00:00,1719705600000.0,-5.87e-05
2024-07-01 00:00:00+00:00,2024-07-01 00:00:00+00:00,1719792000000.0,-1.829e-05
2024-07-02 00:00:00+00:00,2024-07-02 00:00:00+00:00,1719878400000.0,-6.61e-05
2024-07-03 00:00:00+00:00,2024-07-03 00:00:00+00:00,1719964800000.0,4.183e-05
2024-07-04 00:00:00+00:00,2024-07-04 00:00:00+00:00,1720051200000.0,5.803e-05
2024-07-05 00:00:00+00:00,2024-07-05 00:00:00+00:00,1720137600000.0,4.545e-05
2024-07-06 00:00:00+00:00,2024-07-06 00:00:00+00:00,1720224000000.0,-1.215e-05
2024-07-07 00:00:00+00:00,2024-07-07 00:00:00+00:00,1720310400000.0,-5.467e-05
2024-07-08 00:00:00+00:00,2024-07-08 00:00:00+00:00,1720396800000.0,-2.263e-05
2024-07-09 00:00:00+00:00,2024-07-09 00:00:00+00:00,1720483200000.0,8.992e-05
2024-07-10 00:00:00+00:00,2024-07-10 00:00:00+00:00,1720569600000.0,0.0001
2024-07-11 00:00:00+00:00,2024-07-11 00:00:00+00:00,1720656000000.0,0.0001
2024-07-12 00:00:00+00:00,2024-07-12 00:00:00+00:00,1720742400000.0,0.0001
2024-07-13 00:00:00+00:00,2024-07-13 00:00:00+00:00,1720828800000.0,-1.64e-06
2024-07-14 00:00:00+00:00,2024-07-14 00:00:00+00:00,1720915200000.0,5.461e-05
2024-07-15 00:00:00+00:00,2024-07-15 00:00:00+00:00,1721001600000.0,1.34e-06
2024-07-16 00:00:00+00:00,2024-07-16 00:00:00+00:00,1721088000000.0,-4.633e-05
2024-07-17 00:00:00+00:00,2024-07-17 00:00:00+00:00,1721174400000.0,8.038e-05
2024-07-18 00:00:00+00:00,2024-07-18 00:00:00+00:00,1721260800000.0,2.66e-06
2024-07-19 00:00:00+00:00,2024-07-19 00:00:00+00:00,1721347200000.0,9.438e-05
2024-07-20 00:00:00+00:00,2024-07-20 00:00:00+00:00,1721433600000.0,9.501e-05
2024-07-21 00:00:00+00:00,2024-07-21 00:00:00+00:00,1721520000000.0,8.307e-05
2024-07-22 00:00:00+00:00,2024-07-22 00:00:00+00:00,1721606400000.0,0.0001
2024-07-23 00:00:00+00:00,2024-07-23 00:00:00+00:00,1721692800000.0,5.306e-05
2024-07-24 00:00:00+00:00,2024-07-24 00:00:00+00:00,1721779200000.0,0.0001
2024-07-25 00:00:00+00:00,2024-07-25 00:00:00+00:00,1721865600000.0,0.0001
2024-07-26 00:00:00+00:00,2024-07-26 00:00:00+00:00,1721952000000.0,2.176e-05
2024-07-27 00:00:00+00:00,2024-07-27 00:00:00+00:00,1722038400000.0,8.304e-05
2024-07-28 00:00:00+00:00,2024-07-28 00:00:00+00:00,1722124800000.0,0.0001
2024-07-29 00:00:00+00:00,2024-07-29 00:00:00+00:00,1722211200000.0,0.0001
2024-07-30 00:00:00+00:00,2024-07-30 00:00:00+00:00,1722297600000.0,0.0001
2024-07-31 00:00:00+00:00,2024-07-31 00:00:00+00:00,1722384000000.0,0.0001
2024-08-01 00:00:00+00:00,2024-08-01 00:00:00+00:00,1722470400000.0,9.544e-05
2024-08-02 00:00:00+00:00,2024-08-02 00:00:00+00:00,1722556800000.0,0.0001
2024-08-03 00:00:00+00:00,2024-08-03 00:00:00+00:00,1722643200000.0,2.23e-06
2024-08-04 00:00:00+00:00,2024-08-04 00:00:00+00:00,1722729600000.0,3.485e-05
2024-08-05 00:00:00+00:00,2024-08-05 00:00:00+00:00,1722816000000.0,1.975e-05
2024-08-06 00:00:00+00:00,2024-08-06 00:00:00+00:00,1722902400000.0,7.57e-06
2024-08-07 00:00:00+00:00,2024-08-07 00:00:00+00:00,1722988800000.0,2.722e-05
2024-08-08 00:00:00+00:00,2024-08-08 00:00:00+00:00,1723075200000.0,4.616e-05
2024-08-09 00:00:00+00:00,2024-08-09 00:00:00+00:00,1723161600000.0,-1.92e-05
2024-08-10 00:00:00+00:00,2024-08-10 00:00:00+00:00,1723248000000.0,4.448e-05
2024-08-11 00:00:00+00:00,2024-08-11 00:00:00+00:00,1723334400000.0,8.623e-05
2024-08-12 00:00:00+00:00,2024-08-12 00:00:00+00:00,1723420800000.0,0.0001
2024-08-13 00:00:00+00:00,2024-08-13 00:00:00+00:00,1723507200000.0,-1.23e-06
2024-08-14 00:00:00+00:00,2024-08-14 00:00:00+00:00,1723593600000.0,-1.85e-05
2024-08-15 00:00:00+00:00,2024-08-15 00:00:00+00:00,1723680000000.0,1.011e-05
2024-08-16 00:00:00+00:00,2024-08-16 00:00:00+00:00,1723766400000.0,3.989e-05
2024-08-17 00:00:00+00:00,2024-08-17 00:00:00+00:00,1723852800000.0,6.207e-05
2024-08-18 00:00:00+00:00,2024-08-18 00:00:00+00:00,1723939200000.0,7.872e-05
2024-08-19 00:00:00+00:00,2024-08-19 00:00:00+00:00,1724025600000.0,1.276e-05
2024-08-20 00:00:00+00:00,2024-08-20 00:00:00+00:00,1724112000000.0,-2.908e-05
2024-08-21 00:00:00+00:00,2024-08-21 00:00:00+00:00,1724198400000.0,-3.496e-05
2024-08-22 00:00:00+00:00,2024-08-22 00:00:00+00:00,1724284800000.0,-7.61e-06
2024-08-23 00:00:00+00:00,2024-08-23 00:00:00+00:00,1724371200000.0,0.0001
2024-08-24 00:00:00+00:00,2024-08-24 00:00:00+00:00,1724457600000.0,-2.164e-05
2024-08-25 00:00:00+00:00,2024-08-25 00:00:00+00:00,1724544000000.0,0.0001
2024-08-26 00:00:00+00:00,2024-08-26 00:00:00+00:00,1724630400000.0,8.24e-05
2024-08-27 00:00:00+00:00,2024-08-27 00:00:00+00:00,1724716800000.0,8.141e-05
2024-08-28 00:00:00+00:00,2024-08-28 00:00:00+00:00,1724803200000.0,-7.89e-06
2024-08-29 00:00:00+00:00,2024-08-29 00:00:00+00:00,1724889600000.0,1.018e-05
2024-08-30 00:00:00+00:00,2024-08-30 00:00:00+00:00,1724976000000.0,-0.0001219
2024-08-31 00:00:00+00:00,2024-08-31 00:00:00+00:00,1725062400000.0,3.389e-05
2024-09-01 00:00:00+00:00,2024-09-01 00:00:00+00:00,1725148800000.0,9.478e-05
2024-09-02 00:00:00+00:00,2024-09-02 00:00:00+00:00,1725235200000.0,-2.521e-05
2024-09-03 00:00:00+00:00,2024-09-03 00:00:00+00:00,1725321600000.0,2.799e-05
2024-09-04 00:00:00+00:00,2024-09-04 00:00:00+00:00,1725408000000.0,4.569e-05
2024-09-05 00:00:00+00:00,2024-09-05 00:00:00+00:00,1725494400000.0,-4.165e-05
2024-09-06 00:00:00+00:00,2024-09-06 00:00:00+00:00,1725580800000.0,-4.633e-05
2024-09-07 00:00:00+00:00,2024-09-07 00:00:00+00:00,1725667200000.0,2.842e-05
2024-09-08 00:00:00+00:00,2024-09-08 00:00:00+00:00,1725753600000.0,4.68e-05
2024-09-09 00:00:00+00:00,2024-09-09 00:00:00+00:00,1725840000000.0,9.883e-05
2024-09-10 00:00:00+00:00,2024-09-10 00:00:00+00:00,1725926400000.0,0.0001
2024-09-11 00:00:00+00:00,2024-09-11 00:00:00+00:00,1726012800000.0,4.027e-05
2024-09-12 00:00:00+00:00,2024-09-12 00:00:00+00:00,1726099200000.0,3.15e-06
2024-09-13 00:00:00+00:00,2024-09-13 00:00:00+00:00,1726185600000.0,3.154e-05
2024-09-14 00:00:00+00:00,2024-09-14 00:00:00+00:00,1726272000000.0,-1.724e-05
2024-09-15 00:00:00+00:00,2024-09-15 00:00:00+00:00,1726358400000.0,7.514e-05
2024-09-16 00:00:00+00:00,2024-09-16 00:00:00+00:00,1726444800000.0,3.377e-05
2024-09-17 00:00:00+00:00,2024-09-17 00:00:00+00:00,1726531200000.0,0.0001
2024-09-18 00:00:00+00:00,2024-09-18 00:00:00+00:00,1726617600000.0,6.48e-06
2024-09-19 00:00:00+00:00,2024-09-19 00:00:00+00:00,1726704000000.0,9.784e-05
2024-09-20 00:00:00+00:00,2024-09-20 00:00:00+00:00,1726790400000.0,3.807e-05
2024-09-21 00:00:00+00:00,2024-09-21 00:00:00+00:00,1726876800000.0,0.0
2024-09-22 00:00:00+00:00,2024-09-22 00:00:00+00:00,1726963200000.0,-5.58e-06
2024-09-23 00:00:00+00:00,2024-09-23 00:00:00+00:00,1727049600000.0,0.0001
2024-09-24 00:00:00+00:00,2024-09-24 00:00:00+00:00,1727136000000.0,8.154e-05
2024-09-25 00:00:00+00:00,2024-09-25 00:00:00+00:00,1727222400000.0,0.0001
2024-09-26 00:00:00+00:00,2024-09-26 00:00:00+00:00,1727308800000.0,0.0001
2024-09-27 00:00:00+00:00,2024-09-27 00:00:00+00:00,1727395200000.0,7.718e-05
2024-09-28 00:00:00+00:00,2024-09-28 00:00:00+00:00,1727481600000.0,4.588e-05
2024-09-29 00:00:00+00:00,2024-09-29 00:00:00+00:00,1727568000000.0,0.0001
2024-09-30 00:00:00+00:00,2024-09-30 00:00:00+00:00,1727654400000.0,0.0001
2024-10-01 00:00:00+00:00,2024-10-01 00:00:00+00:00,1727740800000.0,2.677e-05
2024-10-02 00:00:00+00:00,2024-10-02 00:00:00+00:00,1727827200000.0,0.0001
2024-10-03 00:00:00+00:00,2024-10-03 00:00:00+00:00,1727913600000.0,7.216e-05
2024-10-04 00:00:00+00:00,2024-10-04 00:00:00+00:00,1728000000000.0,0.0001
2024-10-05 00:00:00+00:00,2024-10-05 00:00:00+00:00,1728086400000.0,1.457e-05
2024-10-06 00:00:00+00:00,2024-10-06 00:00:00+00:00,1728172800000.0,0.0001
2024-10-07 00:00:00+00:00,2024-10-07 00:00:00+00:00,1728259200000.0,1.298e-05
2024-10-08 00:00:00+00:00,2024-10-08 00:00:00+00:00,1728345600000.0,-2.285e-05
2024-10-09 00:00:00+00:00,2024-10-09 00:00:00+00:00,1728432000000.0,2.239e-05
2024-10-10 00:00:00+00:00,2024-10-10 00:00:00+00:00,1728518400000.0,2.703e-05
2024-10-11 00:00:00+00:00,2024-10-11 00:00:00+00:00,1728604800000.0,7.44e-06
2024-10-12 00:00:00+00:00,2024-10-12 00:00:00+00:00,1728691200000.0,0.0001
2024-10-13 00:00:00+00:00,2024-10-13 00:00:00+00:00,1728777600000.0,9.18e-05
2024-10-14 00:00:00+00:00,2024-10-14 00:00:00+00:00,1728864000000.0,6.128e-05
2024-10-15 00:00:00+00:00,2024-10-15 00:00:00+00:00,1728950400000.0,0.0001
2024-10-16 00:00:00+00:00,2024-10-16 00:00:00+00:00,1729036800000.0,0.0001
2024-10-17 00:00:00+00:00,2024-10-17 00:00:00+00:00,1729123200000.0,0.0001
2024-10-18 00:00:00+00:00,2024-10-18 00:00:00+00:00,1729209600000.0,8.463e-05
2024-10-19 00:00:00+00:00,2024-10-19 00:00:00+00:00,1729296000000.0,0.0001
2024-10-20 00:00:00+00:00,2024-10-20 00:00:00+00:00,1729382400000.0,0.0001
2024-10-21 00:00:00+00:00,2024-10-21 00:00:00+00:00,1729468800000.0,0.0001
2024-10-22 00:00:00+00:00,2024-10-22 00:00:00+00:00,1729555200000.0,0.0001
2024-10-23 00:00:00+00:00,2024-10-23 00:00:00+00:00,1729641600000.0,0.0001
2024-10-24 00:00:00+00:00,2024-10-24 00:00:00+00:00,1729728000000.0,0.0001
2024-10-25 00:00:00+00:00,2024-10-25 00:00:00+00:00,1729814400000.0,0.0001
2024-10-26 00:00:00+00:00,2024-10-26 00:00:00+00:00,1729900800000.0,7.515e-05
2024-10-27 00:00:00+00:00,2024-10-27 00:00:00+00:00,1729987200000.0,8.659e-05
2024-10-28 00:00:00+00:00,2024-10-28 00:00:00+00:00,1730073600000.0,0.0001
2024-10-29 00:00:00+00:00,2024-10-29 00:00:00+00:00,1730160000000.0,0.0001
2024-10-30 00:00:00+00:00,2024-10-30 00:00:00+00:00,1730246400000.0,0.0001
2024-10-31 00:00:00+00:00,2024-10-31 00:00:00+00:00,1730332800000.0,0.0001
2024-11-01 00:00:00+00:00,2024-11-01 00:00:00+00:00,1730419200000.0,0.0001
2024-11-02 00:00:00+00:00,2024-11-02 00:00:00+00:00,1730505600000.0,0.0001
2024-11-03 00:00:00+00:00,2024-11-03 00:00:00+00:00,1730592000000.0,0.0001
2024-11-04 00:00:00+00:00,2024-11-04 00:00:00+00:00,1730678400000.0,0.0001
2024-11-05 00:00:00+00:00,2024-11-05 00:00:00+00:00,1730764800000.0,0.0001
2024-11-06 00:00:00+00:00,2024-11-06 00:00:00+00:00,1730851200000.0,7.377e-05
2024-11-07 00:00:00+00:00,2024-11-07 00:00:00+00:00,1730937600000.0,0.0001
2024-11-08 00:00:00+00:00,2024-11-08 00:00:00+00:00,1731024000000.0,0.0001
2024-11-09 00:00:00+00:00,2024-11-09 00:00:00+00:00,1731110400000.0,0.0001
2024-11-10 00:00:00+00:00,2024-11-10 00:00:00+00:00,1731196800000.0,0.0001
2024-11-11 00:00:00+00:00,2024-11-11 00:00:00+00:00,1731283200000.0,0.00039065
2024-11-12 00:00:00+00:00,2024-11-12 00:00:00+00:00,1731369600000.0,0.00038564
2024-11-13 00:00:00+00:00,2024-11-13 00:00:00+00:00,1731456000000.0,0.00014477
2024-11-14 00:00:00+00:00,2024-11-14 00:00:00+00:00,1731542400000.0,0.0001
2024-11-15 00:00:00+00:00,2024-11-15 00:00:00+00:00,1731628800000.0,0.0001
2024-11-16 00:00:00+00:00,2024-11-16 00:00:00+00:00,1731715200000.0,0.00019471
2024-11-17 00:00:00+00:00,2024-11-17 00:00:00+00:00,1731801600000.0,0.00029261
2024-11-18 00:00:00+00:00,2024-11-18 00:00:00+00:00,1731888000000.0,0.00021098
2024-11-19 00:00:00+00:00,2024-11-19 00:00:00+00:00,1731974400000.0,0.00031835
2024-11-20 00:00:00+00:00,2024-11-20 00:00:00+00:00,1732060800000.0,0.0001
2024-11-21 00:00:00+00:00,2024-11-21 00:00:00+00:00,1732147200000.0,0.0001
2024-11-22 00:00:00+00:00,2024-11-22 00:00:00+00:00,1732233600000.0,0.00015928
2024-11-23 00:00:00+00:00,2024-11-23 00:00:00+00:00,1732320000000.0,0.0001
2024-11-24 00:00:00+00:00,2024-11-24 00:00:00+00:00,1732406400000.0,0.00034942
2024-11-25 00:00:00+00:00,2024-11-25 00:00:00+00:00,1732492800000.0,0.00036288
2024-11-26 00:00:00+00:00,2024-11-26 00:00:00+00:00,1732579200000.0,0.0001
2024-11-27 00:00:00+00:00,2024-11-27 00:00:00+00:00,1732665600000.0,0.00023609
2024-11-28 00:00:00+00:00,2024-11-28 00:00:00+00:00,1732752000000.0,0.00019422
2024-11-29 00:00:00+00:00,2024-11-29 00:00:00+00:00,1732838400000.0,0.00030861
2024-11-30 00:00:00+00:00,2024-11-30 00:00:00+00:00,1732924800000.0,0.00016876
2024-12-01 00:00:00+00:00,2024-12-01 00:00:00+00:00,1733011200000.0,0.0001532
2024-12-02 00:00:00+00:00,2024-12-02 00:00:00+00:00,1733097600000.0,0.00015058
2024-12-03 00:00:00+00:00,2024-12-03 00:00:00+00:00,1733184000000.0,0.0001
2024-12-04 00:00:00+00:00,2024-12-04 00:00:00+00:00,1733270400000.0,0.00027771
2024-12-05 00:00:00+00:00,2024-12-05 00:00:00+00:00,1733356800000.0,0.00031187
2024-12-06 00:00:00+00:00,2024-12-06 00:00:00+00:00,1733443200000.0,0.00013466
2024-12-07 00:00:00+00:00,2024-12-07 00:00:00+00:00,1733529600000.0,0.00015125
2024-12-08 00:00:00+00:00,2024-12-08 00:00:00+00:00,1733616000000.0,0.00026121
2024-12-09 00:00:00+00:00,2024-12-09 00:00:00+00:00,1733702400000.0,0.00017858
2024-12-10 00:00:00+00:00,2024-12-10 00:00:00+00:00,1733788800000.0,0.0001
2024-12-11 00:00:00+00:00,2024-12-11 00:00:00+00:00,1733875200000.0,0.0001
2024-12-12 00:00:00+00:00,2024-12-12 00:00:00+00:00,1733961600000.0,0.0001
2024-12-13 00:00:00+00:00,2024-12-13 00:00:00+00:00,1734048000000.0,0.0001
2024-12-14 00:00:00+00:00,2024-12-14 00:00:00+00:00,1734134400000.0,0.0001
2024-12-15 00:00:00+00:00,2024-12-15 00:00:00+00:00,1734220800000.0,0.0001
2024-12-16 00:00:00+00:00,2024-12-16 00:00:00+00:00,1734307200000.0,0.0001
2024-12-17 00:00:00+00:00,2024-12-17 00:00:00+00:00,1734393600000.0,0.0001
2024-12-18 00:00:00+00:00,2024-12-18 00:00:00+00:00,1734480000000.0,0.0001
2024-12-19 00:00:00+00:00,2024-12-19 00:00:00+00:00,1734566400000.0,6.854e-05
2024-12-20 00:00:00+00:00,2024-12-20 00:00:00+00:00,1734652800000.0,-4.799e-05
2024-12-21 00:00:00+00:00,2024-12-21 00:00:00+00:00,1734739200000.0,-2.976e-05
2024-12-22 00:00:00+00:00,2024-12-22 00:00:00+00:00,1734825600000.0,1.532e-05
2024-12-23 00:00:00+00:00,2024-12-23 00:00:00+00:00,1734912000000.0,2.123e-05
2024-12-24 00:00:00+00:00,2024-12-24 00:00:00+00:00,1734998400000.0,4.98e-05
2024-12-25 00:00:00+00:00,2024-12-25 00:00:00+00:00,1735084800000.0,0.0001
2024-12-26 00:00:00+00:00,2024-12-26 00:00:00+00:00,1735171200000.0,0.0001
2024-12-27 00:00:00+00:00,2024-12-27 00:00:00+00:00,1735257600000.0,1.089e-05
2024-12-28 00:00:00+00:00,2024-12-28 00:00:00+00:00,1735344000000.0,6.93e-06
2024-12-29 00:00:00+00:00,2024-12-29 00:00:00+00:00,1735430400000.0,3.548e-05
2024-12-30 00:00:00+00:00,2024-12-30 00:00:00+00:00,1735516800000.0,-5.981e-05
2024-12-31 00:00:00+00:00,2024-12-31 00:00:00+00:00,1735603200000.0,8.65e-06
2025-01-01 00:00:00+00:00,2025-01-01 00:00:00+00:00,1735689600000.0,0.0001
2025-01-02 00:00:00+00:00,2025-01-02 00:00:00+00:00,1735776000000.0,0.0001
2025-01-03 00:00:00+00:00,2025-01-03 00:00:00+00:00,1735862400000.0,0.0001
2025-01-04 00:00:00+00:00,2025-01-04 00:00:00+00:00,1735948800000.0,3.779e-05
2025-01-05 00:00:00+00:00,2025-01-05 00:00:00+00:00,1736035200000.0,0.0001
2025-01-06 00:00:00+00:00,2025-01-06 00:00:00+00:00,1736121600000.0,0.0001
2025-01-07 00:00:00+00:00,2025-01-07 00:00:00+00:00,1736208000000.0,5.254e-05
2025-01-08 00:00:00+00:00,2025-01-08 00:00:00+00:00,1736294400000.0,8.585e-05
2025-01-09 00:00:00+00:00,2025-01-09 00:00:00+00:00,1736380800000.0,6.43e-05
2025-01-10 00:00:00+00:00,2025-01-10 00:00:00+00:00,1736467200000.0,6.938e-05
2025-01-11 00:00:00+00:00,2025-01-11 00:00:00+00:00,1736553600000.0,6.08e-05
2025-01-12 00:00:00+00:00,2025-01-12 00:00:00+00:00,1736640000000.0,8.31e-05
2025-01-13 00:00:00+00:00,2025-01-13 00:00:00+00:00,1736726400000.0,9.996e-05
2025-01-14 00:00:00+00:00,2025-01-14 00:00:00+00:00,1736812800000.0,0.0001
2025-01-15 00:00:00+00:00,2025-01-15 00:00:00+00:00,1736899200000.0,5.343e-05
2025-01-16 00:00:00+00:00,2025-01-16 00:00:00+00:00,1736985600000.0,5.755e-05
2025-01-17 00:00:00+00:00,2025-01-17 00:00:00+00:00,1737072000000.0,7.555e-05
2025-01-18 00:00:00+00:00,2025-01-18 00:00:00+00:00,1737158400000.0,9.347e-05
2025-01-19 00:00:00+00:00,2025-01-19 00:00:00+00:00,1737244800000.0,0.0001
2025-01-20 00:00:00+00:00,2025-01-20 00:00:00+00:00,1737331200000.0,0.0001
2025-01-21 00:00:00+00:00,2025-01-21 00:00:00+00:00,1737417600000.0,0.0001
2025-01-22 00:00:00+00:00,2025-01-22 00:00:00+00:00,1737504000000.0,0.0001
2025-01-23 00:00:00+00:00,2025-01-23 00:00:00+00:00,1737590400000.0,0.0001
2025-01-24 00:00:00+00:00,2025-01-24 00:00:00+00:00,1737676800000.0,4.386e-05
2025-01-25 00:00:00+00:00,2025-01-25 00:00:00+00:00,1737763200000.0,0.0001
2025-01-26 00:00:00+00:00,2025-01-26 00:00:00+00:00,1737849600000.0,0.0001
2025-01-27 00:00:00+00:00,2025-01-27 00:00:00+00:00,1737936000000.0,0.0001
2025-01-28 00:00:00+00:00,2025-01-28 00:00:00+00:00,1738022400000.0,5.81e-06
2025-01-29 00:00:00+00:00,2025-01-29 00:00:00+00:00,1738108800000.0,-2.196e-05
2025-01-30 00:00:00+00:00,2025-01-30 00:00:00+00:00,1738195200000.0,7.587e-05
2025-01-31 00:00:00+00:00,2025-01-31 00:00:00+00:00,1738281600000.0,1.241e-05
2025-02-01 00:00:00+00:00,2025-02-01 00:00:00+00:00,1738368000000.0,-0.00014857
2025-02-02 00:00:00+00:00,2025-02-02 00:00:00+00:00,1738454400000.0,-1.242e-05
2025-02-03 00:00:00+00:00,2025-02-03 00:00:00+00:00,1738540800000.0,6.421e-05
2025-02-04 00:00:00+00:00,2025-02-04 00:00:00+00:00,1738627200000.0,-1.274e-05
2025-02-05 00:00:00+00:00,2025-02-05 00:00:00+00:00,1738713600000.0,1.167e-05
2025-02-06 00:00:00+00:00,2025-02-06 00:00:00+00:00,1738800000000.0,6.568e-05
2025-02-07 00:00:00+00:00,2025-02-07 00:00:00+00:00,1738886400000.0,7.196e-05
2025-02-08 00:00:00+00:00,2025-02-08 00:00:00+00:00,1738972800000.0,-5.658e-05
2025-02-09 00:00:00+00:00,2025-02-09 00:00:00+00:00,1739059200000.0,2.052e-05
2025-02-10 00:00:00+00:00,2025-02-10 00:00:00+00:00,1739145600000.0,2.217e-05
2025-02-11 00:00:00+00:00,2025-02-11 00:00:00+00:00,1739232000000.0,7.625e-05
2025-02-12 00:00:00+00:00,2025-02-12 00:00:00+00:00,1739318400000.0,1.737e-05
2025-02-13 00:00:00+00:00,2025-02-13 00:00:00+00:00,1739404800000.0,9.802e-05
2025-02-14 00:00:00+00:00,2025-02-14 00:00:00+00:00,1739491200000.0,8.865e-05
2025-02-15 00:00:00+00:00,2025-02-15 00:00:00+00:00,1739577600000.0,3.027e-05
2025-02-16 00:00:00+00:00,2025-02-16 00:00:00+00:00,1739664000000.0,5.342e-05
2025-02-17 00:00:00+00:00,2025-02-17 00:00:00+00:00,1739750400000.0,9.39e-06
2025-02-18 00:00:00+00:00,2025-02-18 00:00:00+00:00,1739836800000.0,2.818e-05
2025-02-19 00:00:00+00:00,2025-02-19 00:00:00+00:00,1739923200000.0,9.711e-05
2025-02-20 00:00:00+00:00,2025-02-20 00:00:00+00:00,1740009600000.0,0.0001
2025-02-21 00:00:00+00:00,2025-02-21 00:00:00+00:00,1740096000000.0,1.268e-05
2025-02-22 00:00:00+00:00,2025-02-22 00:00:00+00:00,1740182400000.0,0.0005139
2025-02-23 00:00:00+00:00,2025-02-23 00:00:00+00:00,1740268800000.0,0.0001
2025-02-24 00:00:00+00:00,2025-02-24 00:00:00+00:00,1740355200000.0,0.0001
2025-02-25 00:00:00+00:00,2025-02-25 00:00:00+00:00,1740441600000.0,0.0001
2025-02-26 00:00:00+00:00,2025-02-26 00:00:00+00:00,1740528000000.0,0.0001
2025-02-27 00:00:00+00:00,2025-02-27 00:00:00+00:00,1740614400000.0,-0.00014527
2025-02-28 00:00:00+00:00,2025-02-28 00:00:00+00:00,1740700800000.0,0.0001
2025-03-01 00:00:00+00:00,2025-03-01 00:00:00+00:00,1740787200000.0,0.0001
2025-03-02 00:00:00+00:00,2025-03-02 00:00:00+00:00,1740873600000.0,7.239e-05
2025-03-03 00:00:00+00:00,2025-03-03 00:00:00+00:00,1740960000000.0,0.0001
2025-03-04 00:00:00+00:00,2025-03-04 00:00:00+00:00,1741046400000.0,-3.351e-05
2025-03-05 00:00:00+00:00,2025-03-05 00:00:00+00:00,1741132800000.0,0.0001
2025-03-06 00:00:00+00:00,2025-03-06 00:00:00+00:00,1741219200000.0,2.585e-05
2025-03-07 00:00:00+00:00,2025-03-07 00:00:00+00:00,1741305600000.0,1.342e-05
2025-03-08 00:00:00+00:00,2025-03-08 00:00:00+00:00,1741392000000.0,0.0001
2025-03-09 00:00:00+00:00,2025-03-09 00:00:00+00:00,1741478400000.0,3.824e-05
2025-03-10 00:00:00+00:00,2025-03-10 00:00:00+00:00,1741564800000.0,-0.00029357
2025-03-11 00:00:00+00:00,2025-03-11 00:00:00+00:00,1741651200000.0,8.32e-06
2025-03-12 00:00:00+00:00,2025-03-12 00:00:00+00:00,1741737600000.0,8.765e-05
2025-03-13 00:00:00+00:00,2025-03-13 00:00:00+00:00,1741824000000.0,5.496e-05
2025-03-14 00:00:00+00:00,2025-03-14 00:00:00+00:00,1741910400000.0,-0.00015919
2025-03-15 00:00:00+00:00,2025-03-15 00:00:00+00:00,1741996800000.0,0.0001
2025-03-16 00:00:00+00:00,2025-03-16 00:00:00+00:00,1742083200000.0,9.014e-05
2025-03-17 00:00:00+00:00,2025-03-17 00:00:00+00:00,1742169600000.0,-1.937e-05
2025-03-18 00:00:00+00:00,2025-03-18 00:00:00+00:00,1742256000000.0,-1.91e-05
2025-03-19 00:00:00+00:00,2025-03-19 00:00:00+00:00,1742342400000.0,-6.12e-05
2025-03-20 00:00:00+00:00,2025-03-20 00:00:00+00:00,1742428800000.0,1.139e-05
2025-03-21 00:00:00+00:00,2025-03-21 00:00:00+00:00,1742515200000.0,-1.414e-05
2025-03-22 00:00:00+00:00,2025-03-22 00:00:00+00:00,1742601600000.0,4.702e-05
2025-03-23 00:00:00+00:00,2025-03-23 00:00:00+00:00,1742688000000.0,-1.499e-05
2025-03-24 00:00:00+00:00,2025-03-24 00:00:00+00:00,1742774400000.0,1.997e-05
2025-03-25 00:00:00+00:00,2025-03-25 00:00:00+00:00,1742860800000.0,1.676e-05
2025-03-26 00:00:00+00:00,2025-03-26 00:00:00+00:00,1742947200000.0,-1.721e-05
2025-03-27 00:00:00+00:00,2025-03-27 00:00:00+00:00,1743033600000.0,-1.904e-05
2025-03-28 00:00:00+00:00,2025-03-28 00:00:00+00:00,1743120000000.0,-5.41e-06
2025-03-29 00:00:00+00:00,2025-03-29 00:00:00+00:00,1743206400000.0,3.739e-05
2025-03-30 00:00:00+00:00,2025-03-30 00:00:00+00:00,1743292800000.0,4.207e-05
2025-03-31 00:00:00+00:00,2025-03-31 00:00:00+00:00,1743379200000.0,-3.11e-06
2025-04-01 00:00:00+00:00,2025-04-01 00:00:00+00:00,1743465600000.0,-0.00011844
2025-04-02 00:00:00+00:00,2025-04-02 00:00:00+00:00,1743552000000.0,2.346e-05
2025-04-03 00:00:00+00:00,2025-04-03 00:00:00+00:00,1743638400000.0,-2.095e-05
2025-04-04 00:00:00+00:00,2025-04-04 00:00:00+00:00,1743724800000.0,0.0001
2025-04-05 00:00:00+00:00,2025-04-05 00:00:00+00:00,1743811200000.0,9.537e-05
2025-04-06 00:00:00+00:00,2025-04-06 00:00:00+00:00,1743897600000.0,9.173e-05
2025-04-07 00:00:00+00:00,2025-04-07 00:00:00+00:00,1743984000000.0,1.25e-06
2025-04-08 00:00:00+00:00,2025-04-08 00:00:00+00:00,1744070400000.0,9.02e-06
2025-04-09 00:00:00+00:00,2025-04-09 00:00:00+00:00,1744156800000.0,2.267e-05
2025-04-10 00:00:00+00:00,2025-04-10 00:00:00+00:00,1744243200000.0,9.218e-05
2025-04-11 00:00:00+00:00,2025-04-11 00:00:00+00:00,1744329600000.0,-3.007e-05
2025-04-12 00:00:00+00:00,2025-04-12 00:00:00+00:00,1744416000000.0,6.951e-05
2025-04-13 00:00:00+00:00,2025-04-13 00:00:00+00:00,1744502400000.0,7.698e-05
2025-04-14 00:00:00+00:00,2025-04-14 00:00:00+00:00,1744588800000.0,-3.415e-05
2025-04-15 00:00:00+00:00,2025-04-15 00:00:00+00:00,1744675200000.0,3.92e-06
2025-04-16 00:00:00+00:00,2025-04-16 00:00:00+00:00,1744761600000.0,-6.198e-05
2025-04-17 00:00:00+00:00,2025-04-17 00:00:00+00:00,1744848000000.0,-9.84e-06
2025-04-18 00:00:00+00:00,2025-04-18 00:00:00+00:00,1744934400000.0,3.447e-05
2025-04-19 00:00:00+00:00,2025-04-19 00:00:00+00:00,1745020800000.0,-1.215e-05
2025-04-20 00:00:00+00:00,2025-04-20 00:00:00+00:00,1745107200000.0,7.048e-05
2025-04-21 00:00:00+00:00,2025-04-21 00:00:00+00:00,1745193600000.0,1.937e-05
2025-04-22 00:00:00+00:00,2025-04-22 00:00:00+00:00,1745280000000.0,3.961e-05
2025-04-23 00:00:00+00:00,2025-04-23 00:00:00+00:00,1745366400000.0,-2.647e-05
2025-04-24 00:00:00+00:00,2025-04-24 00:00:00+00:00,1745452800000.0,-3.794e-05
2025-04-25 00:00:00+00:00,2025-04-25 00:00:00+00:00,1745539200000.0,8.908e-05
2025-04-26 00:00:00+00:00,2025-04-26 00:00:00+00:00,1745625600000.0,-7.485e-05
2025-04-27 00:00:00+00:00,2025-04-27 00:00:00+00:00,1745712000000.0,-6.573e-05
2025-04-28 00:00:00+00:00,2025-04-28 00:00:00+00:00,1745798400000.0,1.103e-05
2025-04-29 00:00:00+00:00,2025-04-29 00:00:00+00:00,1745884800000.0,-4.385e-05
2025-04-30 00:00:00+00:00,2025-04-30 00:00:00+00:00,1745971200000.0,-2.275e-05
2025-05-01 00:00:00+00:00,2025-05-01 00:00:00+00:00,1746057600000.0,-4.8e-07
2025-05-02 00:00:00+00:00,2025-05-02 00:00:00+00:00,1746144000000.0,-3.523e-05
2025-05-03 00:00:00+00:00,2025-05-03 00:00:00+00:00,1746230400000.0,-0.00011068
2025-05-04 00:00:00+00:00,2025-05-04 00:00:00+00:00,1746316800000.0,3.12e-06
2025-05-05 00:00:00+00:00,2025-05-05 00:00:00+00:00,1746403200000.0,-7.123e-05
2025-05-06 00:00:00+00:00,2025-05-06 00:00:00+00:00,1746489600000.0,-1.78e-05
2025-05-07 00:00:00+00:00,2025-05-07 00:00:00+00:00,1746576000000.0,1.728e-05
2025-05-08 00:00:00+00:00,2025-05-08 00:00:00+00:00,1746662400000.0,6.604e-05
2025-05-09 00:00:00+00:00,2025-05-09 00:00:00+00:00,1746748800000.0,0.0001
2025-05-10 00:00:00+00:00,2025-05-10 00:00:00+00:00,1746835200000.0,7.638e-05
2025-05-11 00:00:00+00:00,2025-05-11 00:00:00+00:00,1746921600000.0,8.081e-05
2025-05-12 00:00:00+00:00,2025-05-12 00:00:00+00:00,1747008000000.0,0.0001
2025-05-13 00:00:00+00:00,2025-05-13 00:00:00+00:00,1747094400000.0,6.072e-05
2025-05-14 00:00:00+00:00,2025-05-14 00:00:00+00:00,1747180800000.0,2.701e-05
2025-05-15 00:00:00+00:00,2025-05-15 00:00:00+00:00,1747267200000.0,-3.808e-05
2025-05-16 00:00:00+00:00,2025-05-16 00:00:00+00:00,1747353600000.0,-8.4e-06
2025-05-17 00:00:00+00:00,2025-05-17 00:00:00+00:00,1747440000000.0,-1.98e-06
2025-05-18 00:00:00+00:00,2025-05-18 00:00:00+00:00,1747526400000.0,6.156e-05
2025-05-19 00:00:00+00:00,2025-05-19 00:00:00+00:00,1747612800000.0,0.0001
2025-05-20 00:00:00+00:00,2025-05-20 00:00:00+00:00,1747699200000.0,5.531e-05
2025-05-21 00:00:00+00:00,2025-05-21 00:00:00+00:00,1747785600000.0,5.146e-05
2025-05-22 00:00:00+00:00,2025-05-22 00:00:00+00:00,1747872000000.0,7.967e-05
2025-05-23 00:00:00+00:00,2025-05-23 00:00:00+00:00,1747958400000.0,2.206e-05
2025-05-24 00:00:00+00:00,2025-05-24 00:00:00+00:00,1748044800000.0,2.203e-05
2025-05-25 00:00:00+00:00,2025-05-25 00:00:00+00:00,1748131200000.0,7.422e-05
2025-05-26 00:00:00+00:00,2025-05-26 00:00:00+00:00,1748217600000.0,0.0001
2025-05-27 00:00:00+00:00,2025-05-27 00:00:00+00:00,1748304000000.0,0.0001
2025-05-28 00:00:00+00:00,2025-05-28 00:00:00+00:00,1748390400000.0,-0.00015645
2025-05-29 00:00:00+00:00,2025-05-29 00:00:00+00:00,1748476800000.0,7.753e-05
2025-05-30 00:00:00+00:00,2025-05-30 00:00:00+00:00,1748563200000.0,0.0001
2025-05-31 00:00:00+00:00,2025-05-31 00:00:00+00:00,1748649600000.0,0.0001
2025-06-01 00:00:00+00:00,2025-06-01 00:00:00+00:00,1748736000000.0,0.0001
2025-06-02 00:00:00+00:00,2025-06-02 00:00:00+00:00,1748822400000.0,0.0001
2025-06-03 00:00:00+00:00,2025-06-03 00:00:00+00:00,1748908800000.0,2.472e-05
2025-06-04 00:00:00+00:00,2025-06-04 00:00:00+00:00,1748995200000.0,-5.82e-06
2025-06-05 00:00:00+00:00,2025-06-05 00:00:00+00:00,1749081600000.0,3.35e-06
2025-06-06 00:00:00+00:00,2025-06-06 00:00:00+00:00,1749168000000.0,6.6e-05
2025-06-07 00:00:00+00:00,2025-06-07 00:00:00+00:00,1749254400000.0,-5.637e-05
2025-06-08 00:00:00+00:00,2025-06-08 00:00:00+00:00,1749340800000.0,3.43e-05
2025-06-09 00:00:00+00:00,2025-06-09 00:00:00+00:00,1749427200000.0,-3.739e-05
2025-06-10 00:00:00+00:00,2025-06-10 00:00:00+00:00,1749513600000.0,8.11e-05
2025-06-11 00:00:00+00:00,2025-06-11 00:00:00+00:00,1749600000000.0,7.171e-05
2025-06-12 00:00:00+00:00,2025-06-12 00:00:00+00:00,1749686400000.0,5.521e-05
2025-06-13 00:00:00+00:00,2025-06-13 00:00:00+00:00,1749772800000.0,-1.155e-05
2025-06-14 00:00:00+00:00,2025-06-14 00:00:00+00:00,1749859200000.0,5.74e-06
2025-06-15 00:00:00+00:00,2025-06-15 00:00:00+00:00,1749945600000.0,7.299e-05
2025-06-16 00:00:00+00:00,2025-06-16 00:00:00+00:00,1750032000000.0,4.753e-05
2025-06-17 00:00:00+00:00,2025-06-17 00:00:00+00:00,1750118400000.0,3.074e-05
2025-06-18 00:00:00+00:00,2025-06-18 00:00:00+00:00,1750204800000.0,-1.427e-05
2025-06-19 00:00:00+00:00,2025-06-19 00:00:00+00:00,1750291200000.0,1.655e-05
2025-06-20 00:00:00+00:00,2025-06-20 00:00:00+00:00,1750377600000.0,7.635e-05
2025-06-21 00:00:00+00:00,2025-06-21 00:00:00+00:00,1750464000000.0,3.019e-05
2025-06-22 00:00:00+00:00,2025-06-22 00:00:00+00:00,1750550400000.0,-5.39e-06
2025-06-23 00:00:00+00:00,2025-06-23 00:00:00+00:00,1750636800000.0,-8.53e-06
2025-06-24 00:00:00+00:00,2025-06-24 00:00:00+00:00,1750723200000.0,3.432e-05
2025-06-25 00:00:00+00:00,2025-06-25 00:00:00+00:00,1750809600000.0,-2.753e-05
2025-06-26 00:00:00+00:00,2025-06-26 00:00:00+00:00,1750896000000.0,-7.601e-05
2025-06-27 00:00:00+00:00,2025-06-27 00:00:00+00:00,1750982400000.0,-1.85e-05
2025-06-28 00:00:00+00:00,2025-06-28 00:00:00+00:00,1751068800000.0,-4.711e-05
2025-06-29 00:00:00+00:00,2025-06-29 00:00:00+00:00,1751155200000.0,4.098e-05
2025-06-30 00:00:00+00:00,2025-06-30 00:00:00+00:00,1751241600000.0,1.024e-05
2025-07-01 00:00:00+00:00,2025-07-01 00:00:00+00:00,1751328000000.0,-3.21e-06
2025-07-02 00:00:00+00:00,2025-07-02 00:00:00+00:00,1751414400000.0,4.989e-05
2025-07-03 00:00:00+00:00,2025-07-03 00:00:00+00:00,1751500800000.0,5.264e-05
2025-07-04 00:00:00+00:00,2025-07-04 00:00:00+00:00,1751587200000.0,5.716e-05
2025-07-05 00:00:00+00:00,2025-07-05 00:00:00+00:00,1751673600000.0,0.0001
2025-07-06 00:00:00+00:00,2025-07-06 00:00:00+00:00,1751760000000.0,1.647e-05
2025-07-07 00:00:00+00:00,2025-07-07 00:00:00+00:00,1751846400000.0,8.67e-05
2025-07-08 00:00:00+00:00,2025-07-08 00:00:00+00:00,1751932800000.0,-5.019e-05
2025-07-09 00:00:00+00:00,2025-07-09 00:00:00+00:00,1752019200000.0,3.556e-05
2025-07-10 00:00:00+00:00,2025-07-10 00:00:00+00:00,1752105600000.0,8.704e-05
2025-07-11 00:00:00+00:00,2025-07-11 00:00:00+00:00,1752192000000.0,0.0001
2025-07-12 00:00:00+00:00,2025-07-12 00:00:00+00:00,1752278400000.0,0.0001
2025-07-13 00:00:00+00:00,2025-07-13 00:00:00+00:00,1752364800000.0,7.909e-05
2025-07-14 00:00:00+00:00,2025-07-14 00:00:00+00:00,1752451200000.0,6.157e-05
2025-07-15 00:00:00+00:00,2025-07-15 00:00:00+00:00,1752537600000.0,0.0001
2025-07-16 00:00:00+00:00,2025-07-16 00:00:00+00:00,1752624000000.0,0.0001
2025-07-17 00:00:00+00:00,2025-07-17 00:00:00+00:00,1752710400000.0,0.0001
2025-07-18 00:00:00+00:00,2025-07-18 00:00:00+00:00,1752796800000.0,0.0001
2025-07-19 00:00:00+00:00,2025-07-19 00:00:00+00:00,1752883200000.0,0.0001
2025-07-20 00:00:00+00:00,2025-07-20 00:00:00+00:00,1752969600000.0,0.0001
2025-07-21 00:00:00+00:00,2025-07-21 00:00:00+00:00,1753056000000.0,0.0001
2025-07-22 00:00:00+00:00,2025-07-22 00:00:00+00:00,1753142400000.0,0.0001
2025-07-23 00:00:00+00:00,2025-07-23 00:00:00+00:00,1753228800000.0,0.00011431
2025-07-24 00:00:00+00:00,2025-07-24 00:00:00+00:00,1753315200000.0,0.0001
2025-07-25 00:00:00+00:00,2025-07-25 00:00:00+00:00,1753401600000.0,0.0001
2025-07-26 00:00:00+00:00,2025-07-26 00:00:00+00:00,1753488000000.0,0.0001
2025-07-27 00:00:00+00:00,2025-07-27 00:00:00+00:00,1753574400000.0,0.0001
2025-07-28 00:00:00+00:00,2025-07-28 00:00:00+00:00,1753660800000.0,0.0001
2025-07-29 00:00:00+00:00,2025-07-29 00:00:00+00:00,1753747200000.0,0.0001
2025-07-30 00:00:00+00:00,2025-07-30 00:00:00+00:00,1753833600000.0,0.0001
2025-07-31 00:00:00+00:00,2025-07-31 00:00:00+00:00,1753920000000.0,0.0001
2025-08-01 00:00:00+00:00,2025-08-01 00:00:00+00:00,1754006400000.0,-1.656e-05
2025-08-02 00:00:00+00:00,2025-08-02 00:00:00+00:00,1754092800000.0,0.0001
2025-08-03 00:00:00+00:00,2025-08-03 00:00:00+00:00,1754179200000.0,0.0001
2025-08-04 00:00:00+00:00,2025-08-04 00:00:00+00:00,1754265600000.0,4.923e-05
2025-08-05 00:00:00+00:00,2025-08-05 00:00:00+00:00,1754352000000.0,7.602e-05
2025-08-06 00:00:00+00:00,2025-08-06 00:00:00+00:00,1754438400000.0,0.0001
2025-08-07 00:00:00+00:00,2025-08-07 00:00:00+00:00,1754524800000.0,7.728e-05
2025-08-08 00:00:00+00:00,2025-08-08 00:00:00+00:00,1754611200000.0,-3.108e-05
2025-08-09 00:00:00+00:00,2025-08-09 00:00:00+00:00,1754697600000.0,2.37e-06
2025-08-10 00:00:00+00:00,2025-08-10 00:00:00+00:00,1754784000000.0,1.96e-06
2025-08-11 00:00:00+00:00,2025-08-11 00:00:00+00:00,1754870400000.0,0.0001
2025-08-12 00:00:00+00:00,2025-08-12 00:00:00+00:00,1754956800000.0,0.0001
2025-08-13 00:00:00+00:00,2025-08-13 00:00:00+00:00,1755043200000.0,0.0001
2025-08-14 00:00:00+00:00,2025-08-14 00:00:00+00:00,1755129600000.0,0.0001
2025-08-15 00:00:00+00:00,2025-08-15 00:00:00+00:00,1755216000000.0,9.395e-05
2025-08-16 00:00:00+00:00,2025-08-16 00:00:00+00:00,1755302400000.0,3.229e-05
2025-08-17 00:00:00+00:00,2025-08-17 00:00:00+00:00,1755388800000.0,-7.25e-06
2025-08-18 00:00:00+00:00,2025-08-18 00:00:00+00:00,1755475200000.0,0.0001
2025-08-19 00:00:00+00:00,2025-08-19 00:00:00+00:00,1755561600000.0,5.472e-05
2025-08-20 00:00:00+00:00,2025-08-20 00:00:00+00:00,1755648000000.0,0.0001
2025-08-21 00:00:00+00:00,2025-08-21 00:00:00+00:00,1755734400000.0,8.933e-05
2025-08-22 00:00:00+00:00,2025-08-22 00:00:00+00:00,1755820800000.0,7.466e-05
2025-08-23 00:00:00+00:00,2025-08-23 00:00:00+00:00,1755907200000.0,0.0001
2025-08-24 00:00:00+00:00,2025-08-24 00:00:00+00:00,1755993600000.0,0.0001
2025-08-25 00:00:00+00:00,2025-08-25 00:00:00+00:00,1756080000000.0,0.0001
2025-08-26 00:00:00+00:00,2025-08-26 00:00:00+00:00,1756166400000.0,0.0001
2025-08-27 00:00:00+00:00,2025-08-27 00:00:00+00:00,1756252800000.0,0.0001
2025-08-28 00:00:00+00:00,2025-08-28 00:00:00+00:00,1756339200000.0,3.951e-05
2025-08-29 00:00:00+00:00,2025-08-29 00:00:00+00:00,1756425600000.0,4.099e-05
2025-08-30 00:00:00+00:00,2025-08-30 00:00:00+00:00,1756512000000.0,0.0001
2025-08-31 00:00:00+00:00,2025-08-31 00:00:00+00:00,1756598400000.0,0.0001
2025-09-01 00:00:00+00:00,2025-09-01 00:00:00+00:00,1756684800000.0,4.929e-05
2025-09-02 00:00:00+00:00,2025-09-02 00:00:00+00:00,1756771200000.0,0.0001
2025-09-03 00:00:00+00:00,2025-09-03 00:00:00+00:00,1756857600000.0,0.0001
2025-09-04 00:00:00+00:00,2025-09-04 00:00:00+00:00,1756944000000.0,9.011e-05
2025-09-05 00:00:00+00:00,2025-09-05 00:00:00+00:00,1757030400000.0,9.591e-05
2025-09-06 00:00:00+00:00,2025-09-06 00:00:00+00:00,1757116800000.0,8.521e-05
2025-09-07 00:00:00+00:00,2025-09-07 00:00:00+00:00,1757203200000.0,4.448e-05
2025-09-08 00:00:00+00:00,2025-09-08 00:00:00+00:00,1757289600000.0,0.0001
2025-09-09 00:00:00+00:00,2025-09-09 00:00:00+00:00,1757376000000.0,2.551e-05
2025-09-10 00:00:00+00:00,2025-09-10 00:00:00+00:00,1757462400000.0,3.935e-05
2025-09-11 00:00:00+00:00,2025-09-11 00:00:00+00:00,1757548800000.0,8.19e-06
2025-09-12 00:00:00+00:00,2025-09-12 00:00:00+00:00,1757635200000.0,9.416e-05
2025-09-13 00:00:00+00:00,2025-09-13 00:00:00+00:00,1757721600000.0,-3.243e-05
2025-09-14 00:00:00+00:00,2025-09-14 00:00:00+00:00,1757808000000.0,2.142e-05
2025-09-15 00:00:00+00:00,2025-09-15 00:00:00+00:00,1757894400000.0,7.622e-05
2025-09-16 00:00:00+00:00,2025-09-16 00:00:00+00:00,1757980800000.0,0.0001
2025-09-17 00:00:00+00:00,2025-09-17 00:00:00+00:00,1758067200000.0,8.059e-05
2025-09-18 00:00:00+00:00,2025-09-18 00:00:00+00:00,1758153600000.0,0.0001
2025-09-19 00:00:00+00:00,2025-09-19 00:00:00+00:00,1758240000000.0,6.74e-05
2025-09-20 00:00:00+00:00,2025-09-20 00:00:00+00:00,1758326400000.0,2.92e-05
2025-09-21 00:00:00+00:00,2025-09-21 00:00:00+00:00,1758412800000.0,6.911e-05
2025-09-22 00:00:00+00:00,2025-09-22 00:00:00+00:00,1758499200000.0,4.095e-05
2025-09-23 00:00:00+00:00,2025-09-23 00:00:00+00:00,1758585600000.0,3.469e-05
2025-09-24 00:00:00+00:00,2025-09-24 00:00:00+00:00,1758672000000.0,-2.517e-05
2025-09-25 00:00:00+00:00,2025-09-25 00:00:00+00:00,1758758400000.0,4.029e-05
2025-09-26 00:00:00+00:00,2025-09-26 00:00:00+00:00,1758844800000.0,5.93e-05
2025-09-27 00:00:00+00:00,2025-09-27 00:00:00+00:00,1758931200000.0,6.796e-05
2025-09-28 00:00:00+00:00,2025-09-28 00:00:00+00:00,1759017600000.0,0.0001
2025-09-29 00:00:00+00:00,2025-09-29 00:00:00+00:00,1759104000000.0,0.0001
2025-09-30 00:00:00+00:00,2025-09-30 00:00:00+00:00,1759190400000.0,6.638e-05
2025-10-01 00:00:00+00:00,2025-10-01 00:00:00+00:00,1759276800000.0,0.0001
2025-10-02 00:00:00+00:00,2025-10-02 00:00:00+00:00,1759363200000.0,4.183e-05
2025-10-03 00:00:00+00:00,2025-10-03 00:00:00+00:00,1759449600000.0,1.482e-05
2025-10-04 00:00:00+00:00,2025-10-04 00:00:00+00:00,1759536000000.0,8.84e-06
2025-10-05 00:00:00+00:00,2025-10-05 00:00:00+00:00,1759622400000.0,0.0001
2025-10-06 00:00:00+00:00,2025-10-06 00:00:00+00:00,1759708800000.0,9.618e-05
2025-10-07 00:00:00+00:00,2025-10-07 00:00:00+00:00,1759795200000.0,2.46e-06
2025-10-08 00:00:00+00:00,2025-10-08 00:00:00+00:00,1759881600000.0,0.0001
2025-10-09 00:00:00+00:00,2025-10-09 00:00:00+00:00,1759968000000.0,3.109e-05
2025-10-10 00:00:00+00:00,2025-10-10 00:00:00+00:00,1760054400000.0,0.0001
2025-10-11 00:00:00+00:00,2025-10-11 00:00:00+00:00,1760140800000.0,-0.00014131
2025-10-12 00:00:00+00:00,2025-10-12 00:00:00+00:00,1760227200000.0,-7.37e-06
2025-10-13 00:00:00+00:00,2025-10-13 00:00:00+00:00,1760313600000.0,0.0001
2025-10-14 00:00:00+00:00,2025-10-14 00:00:00+00:00,1760400000000.0,7.775e-05
2025-10-15 00:00:00+00:00,2025-10-15 00:00:00+00:00,1760486400000.0,9.62e-06
2025-10-16 00:00:00+00:00,2025-10-16 00:00:00+00:00,1760572800000.0,3.29e-06
2025-10-17 00:00:00+00:00,2025-10-17 00:00:00+00:00,1760659200000.0,9.25e-06
2025-10-18 00:00:00+00:00,2025-10-18 00:00:00+00:00,1760745600000.0,-2.473e-05
2025-10-19 00:00:00+00:00,2025-10-19 00:00:00+00:00,1760832000000.0,3.953e-05
2025-10-20 00:00:00+00:00,2025-10-20 00:00:00+00:00,1760918400000.0,5.677e-05
2025-10-21 00:00:00+00:00,2025-10-21 00:00:00+00:00,1761004800000.0,7.228e-05
2025-10-22 00:00:00+00:00,2025-10-22 00:00:00+00:00,1761091200000.0,2.025e-05
2025-10-23 00:00:00+00:00,2025-10-23 00:00:00+00:00,1761177600000.0,5.646e-05
2025-10-24 00:00:00+00:00,2025-10-24 00:00:00+00:00,1761264000000.0,-1.64e-06
2025-10-25 00:00:00+00:00,2025-10-25 00:00:00+00:00,1761350400000.0,3.168e-05
2025-10-26 00:00:00+00:00,2025-10-26 00:00:00+00:00,1761436800000.0,9.909e-05
2025-10-27 00:00:00+00:00,2025-10-27 00:00:00+00:00,1761523200000.0,0.0001
2025-10-28 00:00:00+00:00,2025-10-28 00:00:00+00:00,1761609600000.0,1.045e-05
2025-10-29 00:00:00+00:00,2025-10-29 00:00:00+00:00,1761696000000.0,-3.96e-06
2025-10-30 00:00:00+00:00,2025-10-30 00:00:00+00:00,1761782400000.0,2.081e-05
2025-10-31 00:00:00+00:00,2025-10-31 00:00:00+00:00,1761868800000.0,2.357e-05
2025-11-01 00:00:00+00:00,2025-11-01 00:00:00+00:00,1761955200000.0,2.475e-05
2025-11-02 00:00:00+00:00,2025-11-02 00:00:00+00:00,1762041600000.0,5.819e-05
2025-11-03 00:00:00+00:00,2025-11-03 00:00:00+00:00,1762128000000.0,2.067e-05
2025-11-04 00:00:00+00:00,2025-11-04 00:00:00+00:00,1762214400000.0,3.846e-05
2025-11-05 00:00:00+00:00,2025-11-05 00:00:00+00:00,1762300800000.0,4.865e-05
2025-11-06 00:00:00+00:00,2025-11-06 00:00:00+00:00,1762387200000.0,2.099e-05
2025-11-07 00:00:00+00:00,2025-11-07 00:00:00+00:00,1762473600000.0,-3.307e-05
2025-11-08 00:00:00+00:00,2025-11-08 00:00:00+00:00,1762560000000.0,7.924e-05
2025-11-09 00:00:00+00:00,2025-11-09 00:00:00+00:00,1762646400000.0,-1.71e-06
2025-11-10 00:00:00+00:00,2025-11-10 00:00:00+00:00,1762732800000.0,9.233e-05
2025-11-11 00:00:00+00:00,2025-11-11 00:00:00+00:00,1762819200000.0,1.35e-05
2025-11-12 00:00:00+00:00,2025-11-12 00:00:00+00:00,1762905600000.0,6.811e-05
2025-11-13 00:00:00+00:00,2025-11-13 00:00:00+00:00,1762992000000.0,-1.163e-05
2025-11-14 00:00:00+00:00,2025-11-14 00:00:00+00:00,1763078400000.0,-4.056e-05
2025-11-15 00:00:00+00:00,2025-11-15 00:00:00+00:00,1763164800000.0,4.552e-05
2025-11-16 00:00:00+00:00,2025-11-16 00:00:00+00:00,1763251200000.0,9.79e-06
2025-11-17 00:00:00+00:00,2025-11-17 00:00:00+00:00,1763337600000.0,5.953e-05
2025-11-18 00:00:00+00:00,2025-11-18 00:00:00+00:00,1763424000000.0,8.162e-05
2025-11-19 00:00:00+00:00,2025-11-19 00:00:00+00:00,1763510400000.0,4.908e-05
2025-11-20 00:00:00+00:00,2025-11-20 00:00:00+00:00,1763596800000.0,4.555e-05
2025-11-21 00:00:00+00:00,2025-11-21 00:00:00+00:00,1763683200000.0,-4.79e-06
2025-11-22 00:00:00+00:00,2025-11-22 00:00:00+00:00,1763769600000.0,3.39e-05
2025-11-23 00:00:00+00:00,2025-11-23 00:00:00+00:00,1763856000000.0,4.974e-05
2025-11-24 00:00:00+00:00,2025-11-24 00:00:00+00:00,1763942400000.0,-1.427e-05
2025-11-25 00:00:00+00:00,2025-11-25 00:00:00+00:00,1764028800000.0,-6.725e-05
2025-11-26 00:00:00+00:00,2025-11-26 00:00:00+00:00,1764115200000.0,-9.27e-06
2025-11-27 00:00:00+00:00,2025-11-27 00:00:00+00:00,1764201600000.0,3.41e-05
2025-11-28 00:00:00+00:00,2025-11-28 00:00:00+00:00,1764288000000.0,1.7e-06
2025-11-29 00:00:00+00:00,2025-11-29 00:00:00+00:00,1764374400000.0,-9.691e-05
2025-11-30 00:00:00+00:00,2025-11-30 00:00:00+00:00,1764460800000.0,7.307e-05
2025-12-01 00:00:00+00:00,2025-12-01 00:00:00+00:00,1764547200000.0,7.5e-06
2025-12-02 00:00:00+00:00,2025-12-02 00:00:00+00:00,1764633600000.0,-9.17e-06
2025-12-03 00:00:00+00:00,2025-12-03 00:00:00+00:00,1764720000000.0,9.24e-06
2025-12-04 00:00:00+00:00,2025-12-04 00:00:00+00:00,1764806400000.0,7.408e-05
2025-12-05 00:00:00+00:00,2025-12-05 00:00:00+00:00,1764892800000.0,1.741e-05
2025-12-06 00:00:00+00:00,2025-12-06 00:00:00+00:00,1764979200000.0,-5.86e-06
2025-12-07 00:00:00+00:00,2025-12-07 00:00:00+00:00,1765065600000.0,-8.28e-06
2025-12-08 00:00:00+00:00,2025-12-08 00:00:00+00:00,1765152000000.0,2.87e-05
2025-12-09 00:00:00+00:00,2025-12-09 00:00:00+00:00,1765238400000.0,-1.767e-05
2025-12-10 00:00:00+00:00,2025-12-10 00:00:00+00:00,1765324800000.0,3.203e-05
2025-12-11 00:00:00+00:00,2025-12-11 00:00:00+00:00,1765411200000.0,3.674e-05
2025-12-12 00:00:00+00:00,2025-12-12 00:00:00+00:00,1765497600000.0,8.389e-05
2025-12-13 00:00:00+00:00,2025-12-13 00:00:00+00:00,1765584000000.0,-3.41e-06
2025-12-14 00:00:00+00:00,2025-12-14 00:00:00+00:00,1765670400000.0,3.698e-05
2025-12-15 00:00:00+00:00,2025-12-15 00:00:00+00:00,1765756800000.0,4.88e-06
2025-12-16 00:00:00+00:00,2025-12-16 00:00:00+00:00,1765843200000.0,7.57e-06
2025-12-17 00:00:00+00:00,2025-12-17 00:00:00+00:00,1765929600000.0,4.598e-05
2025-12-18 00:00:00+00:00,2025-12-18 00:00:00+00:00,1766016000000.0,1.63e-06
2025-12-19 00:00:00+00:00,2025-12-19 00:00:00+00:00,1766102400000.0,-6.76e-06
2025-12-20 00:00:00+00:00,2025-12-20 00:00:00+00:00,1766188800000.0,3.18e-05
2025-12-21 00:00:00+00:00,2025-12-21 00:00:00+00:00,1766275200000.0,1.724e-05
2025-12-22 00:00:00+00:00,2025-12-22 00:00:00+00:00,1766361600000.0,5.372e-05
2025-12-23 00:00:00+00:00,2025-12-23 00:00:00+00:00,1766448000000.0,-2.911e-05
2025-12-24 00:00:00+00:00,2025-12-24 00:00:00+00:00,1766534400000.0,2.786e-05
2025-12-25 00:00:00+00:00,2025-12-25 00:00:00+00:00,1766620800000.0,9.492e-05
2025-12-26 00:00:00+00:00,2025-12-26 00:00:00+00:00,1766707200000.0,3.744e-05
2025-12-27 00:00:00+00:00,2025-12-27 00:00:00+00:00,1766793600000.0,3.048e-05
2025-12-28 00:00:00+00:00,2025-12-28 00:00:00+00:00,1766880000000.0,5.786e-05
2025-12-29 00:00:00+00:00,2025-12-29 00:00:00+00:00,1766966400000.0,3.373e-05
2025-12-30 00:00:00+00:00,2025-12-30 00:00:00+00:00,1767052800000.0,5.475e-05
2025-12-31 00:00:00+00:00,2025-12-31 00:00:00+00:00,1767139200000.0,3.257e-05
2026-01-01 00:00:00+00:00,2026-01-01 00:00:00+00:00,1767225600000.0,3.574e-05
2026-01-02 00:00:00+00:00,2026-01-02 00:00:00+00:00,1767312000000.0,0.0001
2026-01-03 00:00:00+00:00,2026-01-03 00:00:00+00:00,1767398400000.0,-2.524e-05
2026-01-04 00:00:00+00:00,2026-01-04 00:00:00+00:00,1767484800000.0,0.0001
2026-01-05 00:00:00+00:00,2026-01-05 00:00:00+00:00,1767571200000.0,-1.535e-05
2026-01-06 00:00:00+00:00,2026-01-06 00:00:00+00:00,1767657600000.0,-4.661e-05
2026-01-07 00:00:00+00:00,2026-01-07 00:00:00+00:00,1767744000000.0,9.017e-05
2026-01-08 00:00:00+00:00,2026-01-08 00:00:00+00:00,1767830400000.0,8.564e-05
2026-01-09 00:00:00+00:00,2026-01-09 00:00:00+00:00,1767916800000.0,2.24e-06
2026-01-10 00:00:00+00:00,2026-01-10 00:00:00+00:00,1768003200000.0,5.876e-05
2026-01-11 00:00:00+00:00,2026-01-11 00:00:00+00:00,1768089600000.0,4.147e-05
2026-01-12 00:00:00+00:00,2026-01-12 00:00:00+00:00,1768176000000.0,3.946e-05
2026-01-13 00:00:00+00:00,2026-01-13 00:00:00+00:00,1768262400000.0,2.203e-05
2026-01-14 00:00:00+00:00,2026-01-14 00:00:00+00:00,1768348800000.0,7.769e-05
2026-01-15 00:00:00+00:00,2026-01-15 00:00:00+00:00,1768435200000.0,-7.68e-06
2026-01-16 00:00:00+00:00,2026-01-16 00:00:00+00:00,1768521600000.0,-3.671e-05
2026-01-17 00:00:00+00:00,2026-01-17 00:00:00+00:00,1768608000000.0,6.897e-05
2026-01-18 00:00:00+00:00,2026-01-18 00:00:00+00:00,1768694400000.0,4.95e-06
2026-01-19 00:00:00+00:00,2026-01-19 00:00:00+00:00,1768780800000.0,-1.073e-05
2026-01-20 00:00:00+00:00,2026-01-20 00:00:00+00:00,1768867200000.0,3.081e-05
2026-01-21 00:00:00+00:00,2026-01-21 00:00:00+00:00,1768953600000.0,3.191e-05
2026-01-22 00:00:00+00:00,2026-01-22 00:00:00+00:00,1769040000000.0,5.715e-05
2026-01-23 00:00:00+00:00,2026-01-23 00:00:00+00:00,1769126400000.0,4.883e-05
2026-01-24 00:00:00+00:00,2026-01-24 00:00:00+00:00,1769212800000.0,-9.22e-06
2026-01-25 00:00:00+00:00,2026-01-25 00:00:00+00:00,1769299200000.0,-2.888e-05
2026-01-26 00:00:00+00:00,2026-01-26 00:00:00+00:00,1769385600000.0,-2.42e-06
2026-01-27 00:00:00+00:00,2026-01-27 00:00:00+00:00,1769472000000.0,3.771e-05
2026-01-28 00:00:00+00:00,2026-01-28 00:00:00+00:00,1769558400000.0,5.878e-05
2026-01-29 00:00:00+00:00,2026-01-29 00:00:00+00:00,1769644800000.0,2.277e-05
2026-01-30 00:00:00+00:00,2026-01-30 00:00:00+00:00,1769731200000.0,-1.576e-05
2026-01-31 00:00:00+00:00,2026-01-31 00:00:00+00:00,1769817600000.0,9.175e-05
2026-02-01 00:00:00+00:00,2026-02-01 00:00:00+00:00,1769904000000.0,8.18e-06
2026-02-02 00:00:00+00:00,2026-02-02 00:00:00+00:00,1769990400000.0,5.086e-05
2026-02-03 00:00:00+00:00,2026-02-03 00:00:00+00:00,1770076800000.0,-2.664e-05
2026-02-04 00:00:00+00:00,2026-02-04 00:00:00+00:00,1770163200000.0,2.78e-06
2026-02-05 00:00:00+00:00,2026-02-05 00:00:00+00:00,1770249600000.0,4.71e-05
2026-02-06 00:00:00+00:00,2026-02-06 00:00:00+00:00,1770336000000.0,8.72e-06
2026-02-07 00:00:00+00:00,2026-02-07 00:00:00+00:00,1770422400000.0,-6.377e-05
2026-02-08 00:00:00+00:00,2026-02-08 00:00:00+00:00,1770508800000.0,6.51e-06
2026-02-09 00:00:00+00:00,2026-02-09 00:00:00+00:00,1770595200000.0,1.522e-05
2026-02-10 00:00:00+00:00,2026-02-10 00:00:00+00:00,1770681600000.0,6.1e-05
2026-02-11 00:00:00+00:00,2026-02-11 00:00:00+00:00,1770768000000.0,-2.347e-05
2026-02-12 00:00:00+00:00,2026-02-12 00:00:00+00:00,1770854400000.0,9.04e-06
2026-02-13 00:00:00+00:00,2026-02-13 00:00:00+00:00,1770940800000.0,1.48e-06
2026-02-14 00:00:00+00:00,2026-02-14 00:00:00+00:00,1771027200000.0,-1.529e-05
2026-02-15 00:00:00+00:00,2026-02-15 00:00:00+00:00,1771113600000.0,6.207e-05
2026-02-16 00:00:00+00:00,2026-02-16 00:00:00+00:00,1771200000000.0,7.436e-05
2026-02-17 00:00:00+00:00,2026-02-17 00:00:00+00:00,1771286400000.0,3.206e-05
2026-02-18 00:00:00+00:00,2026-02-18 00:00:00+00:00,1771372800000.0,1.873e-05
2026-02-19 00:00:00+00:00,2026-02-19 00:00:00+00:00,1771459200000.0,-1.595e-05
2026-02-20 00:00:00+00:00,2026-02-20 00:00:00+00:00,1771545600000.0,0.0001
2026-02-21 00:00:00+00:00,2026-02-21 00:00:00+00:00,1771632000000.0,0.0001
2026-02-22 00:00:00+00:00,2026-02-22 00:00:00+00:00,1771718400000.0,1.996e-05
2026-02-23 00:00:00+00:00,2026-02-23 00:00:00+00:00,1771804800000.0,-2.32e-06
2026-02-24 00:00:00+00:00,2026-02-24 00:00:00+00:00,1771891200000.0,-4.456e-05
2026-02-25 00:00:00+00:00,2026-02-25 00:00:00+00:00,1771977600000.0,1.405e-05
2026-02-26 00:00:00+00:00,2026-02-26 00:00:00+00:00,1772064000000.0,3.563e-05
2026-02-27 00:00:00+00:00,2026-02-27 00:00:00+00:00,1772150400000.0,3.949e-05
2026-02-28 00:00:00+00:00,2026-02-28 00:00:00+00:00,1772236800000.0,-1.3e-05
2026-03-01 00:00:00+00:00,2026-03-01 00:00:00+00:00,1772323200000.0,2.72e-05
2026-03-02 00:00:00+00:00,2026-03-02 00:00:00+00:00,1772409600000.0,1.312e-05
2026-03-03 00:00:00+00:00,2026-03-03 00:00:00+00:00,1772496000000.0,1.835e-05
2026-03-04 00:00:00+00:00,2026-03-04 00:00:00+00:00,1772582400000.0,2.232e-05
2026-03-05 00:00:00+00:00,2026-03-05 00:00:00+00:00,1772668800000.0,-5.395e-05
2026-03-06 00:00:00+00:00,2026-03-06 00:00:00+00:00,1772755200000.0,-6.5e-06
2026-03-07 00:00:00+00:00,2026-03-07 00:00:00+00:00,1772841600000.0,-5.886e-05
2026-03-08 00:00:00+00:00,2026-03-08 00:00:00+00:00,1772928000000.0,-3.754e-05
2026-03-09 00:00:00+00:00,2026-03-09 00:00:00+00:00,1773014400000.0,-3.904e-05
2026-03-10 00:00:00+00:00,2026-03-10 00:00:00+00:00,1773100800000.0,-6.036e-05
2026-03-11 00:00:00+00:00,2026-03-11 00:00:00+00:00,1773187200000.0,-0.00010651
2026-03-12 00:00:00+00:00,2026-03-12 00:00:00+00:00,1773273600000.0,-6.084e-05
2026-03-13 00:00:00+00:00,2026-03-13 00:00:00+00:00,1773360000000.0,-4.285e-05
2026-03-14 00:00:00+00:00,2026-03-14 00:00:00+00:00,1773446400000.0,-6.159e-05
2026-03-15 00:00:00+00:00,2026-03-15 00:00:00+00:00,1773532800000.0,-5.834e-05
2026-03-16 00:00:00+00:00,2026-03-16 00:00:00+00:00,1773619200000.0,-1.303e-05
2026-03-17 00:00:00+00:00,2026-03-17 00:00:00+00:00,1773705600000.0,9.33e-05
2026-03-18 00:00:00+00:00,2026-03-18 00:00:00+00:00,1773792000000.0,4.29e-06
2026-03-19 00:00:00+00:00,2026-03-19 00:00:00+00:00,1773878400000.0,1.783e-05
2026-03-20 00:00:00+00:00,2026-03-20 00:00:00+00:00,1773964800000.0,5.293e-05
2026-03-21 00:00:00+00:00,2026-03-21 00:00:00+00:00,1774051200000.0,5.021e-05
2026-03-22 00:00:00+00:00,2026-03-22 00:00:00+00:00,1774137600000.0,-9.613e-05
2026-03-23 00:00:00+00:00,2026-03-23 00:00:00+00:00,1774224000000.0,-3.128e-05
2026-03-24 00:00:00+00:00,2026-03-24 00:00:00+00:00,1774310400000.0,3.782e-05
2026-03-25 00:00:00+00:00,2026-03-25 00:00:00+00:00,1774396800000.0,5.529e-05
2026-03-26 00:00:00+00:00,2026-03-26 00:00:00+00:00,1774483200000.0,8.72e-06
2026-03-27 00:00:00+00:00,2026-03-27 00:00:00+00:00,1774569600000.0,6.279e-05
2026-03-28 00:00:00+00:00,2026-03-28 00:00:00+00:00,1774656000000.0,6.645e-05
2026-03-29 00:00:00+00:00,2026-03-29 00:00:00+00:00,1774742400000.0,-1.612e-05
2026-03-30 00:00:00+00:00,2026-03-30 00:00:00+00:00,1774828800000.0,1.496e-05
2026-03-31 00:00:00+00:00,2026-03-31 00:00:00+00:00,1774915200000.0,-4.15e-05
2026-04-01 00:00:00+00:00,2026-04-01 00:00:00+00:00,1775001600000.0,1.245e-05
2026-04-02 00:00:00+00:00,2026-04-02 00:00:00+00:00,1775088000000.0,-5.38e-06
2026-04-03 00:00:00+00:00,2026-04-03 00:00:00+00:00,1775174400000.0,2.082e-05
2026-04-04 00:00:00+00:00,2026-04-04 00:00:00+00:00,1775260800000.0,4.64e-05
2026-04-05 00:00:00+00:00,2026-04-05 00:00:00+00:00,1775347200000.0,2.88e-06
2026-04-06 00:00:00+00:00,2026-04-06 00:00:00+00:00,1775433600000.0,4.917e-05
2026-04-07 00:00:00+00:00,2026-04-07 00:00:00+00:00,1775520000000.0,-6.556e-05
2026-04-08 00:00:00+00:00,2026-04-08 00:00:00+00:00,1775606400000.0,8.173e-05
2026-04-09 00:00:00+00:00,2026-04-09 00:00:00+00:00,1775692800000.0,1.289e-05
2026-04-10 00:00:00+00:00,2026-04-10 00:00:00+00:00,1775779200000.0,8.631e-05
2026-04-11 00:00:00+00:00,2026-04-11 00:00:00+00:00,1775865600000.0,-1.994e-05
2026-04-12 00:00:00+00:00,2026-04-12 00:00:00+00:00,1775952000000.0,3.126e-05
2026-04-13 00:00:00+00:00,2026-04-13 00:00:00+00:00,1776038400000.0,-3.174e-05
2026-04-14 00:00:00+00:00,2026-04-14 00:00:00+00:00,1776124800000.0,-2.325e-05
2026-04-15 00:00:00+00:00,2026-04-15 00:00:00+00:00,1776211200000.0,-0.00016192
2026-04-16 00:00:00+00:00,2026-04-16 00:00:00+00:00,1776297600000.0,-1.653e-05
2026-04-17 00:00:00+00:00,2026-04-17 00:00:00+00:00,1776384000000.0,1.867e-05
2026-04-18 00:00:00+00:00,2026-04-18 00:00:00+00:00,1776470400000.0,-8.918e-05
2026-04-19 00:00:00+00:00,2026-04-19 00:00:00+00:00,1776556800000.0,-2.841e-05
2026-04-20 00:00:00+00:00,2026-04-20 00:00:00+00:00,1776643200000.0,-1.423e-05
2026-04-21 00:00:00+00:00,2026-04-21 00:00:00+00:00,1776729600000.0,-8.607e-05
2026-04-22 00:00:00+00:00,2026-04-22 00:00:00+00:00,1776816000000.0,1.119e-05
2026-04-23 00:00:00+00:00,2026-04-23 00:00:00+00:00,1776902400000.0,-6.104e-05
2026-04-24 00:00:00+00:00,2026-04-24 00:00:00+00:00,1776988800000.0,-3.354e-05
2026-04-25 00:00:00+00:00,2026-04-25 00:00:00+00:00,1777075200000.0,-5.45e-06
2026-04-26 00:00:00+00:00,2026-04-26 00:00:00+00:00,1777161600000.0,1.835e-05
2026-04-27 00:00:00+00:00,2026-04-27 00:00:00+00:00,1777248000000.0,4.45e-06
2026-04-28 00:00:00+00:00,2026-04-28 00:00:00+00:00,1777334400000.0,1.46e-05
2026-04-29 00:00:00+00:00,2026-04-29 00:00:00+00:00,1777420800000.0,-1.99e-06
2026-04-30 00:00:00+00:00,2026-04-30 00:00:00+00:00,1777507200000.0,-3.31e-06
2026-05-01 00:00:00+00:00,2026-05-01 00:00:00+00:00,1777593600000.0,-5.18e-05
2026-05-02 00:00:00+00:00,2026-05-02 00:00:00+00:00,1777680000000.0,-7.815e-05
2026-05-03 00:00:00+00:00,2026-05-03 00:00:00+00:00,1777766400000.0,2.292e-05
2026-05-04 00:00:00+00:00,2026-05-04 00:00:00+00:00,1777852800000.0,6.88e-05
2026-05-05 00:00:00+00:00,2026-05-05 00:00:00+00:00,1777939200000.0,-6.316e-05
2026-05-06 00:00:00+00:00,2026-05-06 00:00:00+00:00,1778025600000.0,-9.189e-05
2026-05-07 00:00:00+00:00,2026-05-07 00:00:00+00:00,1778112000000.0,-2.988e-05
2026-05-08 00:00:00+00:00,2026-05-08 00:00:00+00:00,1778198400000.0,4.014e-05
2026-05-09 00:00:00+00:00,2026-05-09 00:00:00+00:00,1778284800000.0,2.557e-05
2026-05-10 00:00:00+00:00,2026-05-10 00:00:00+00:00,1778371200000.0,-3.074e-05
2026-05-11 00:00:00+00:00,2026-05-11 00:00:00+00:00,1778457600000.0,2.867e-05
2026-05-12 00:00:00+00:00,2026-05-12 00:00:00+00:00,1778544000000.0,1.583e-05
2026-05-13 00:00:00+00:00,2026-05-13 00:00:00+00:00,1778630400000.0,-7.54e-06
2026-05-14 00:00:00+00:00,2026-05-14 00:00:00+00:00,1778716800000.0,5.522e-05
2026-05-15 00:00:00+00:00,2026-05-15 00:00:00+00:00,1778803200000.0,-5.569e-05
2026-05-16 00:00:00+00:00,2026-05-16 00:00:00+00:00,1778889600000.0,-4.507e-05
2026-05-17 00:00:00+00:00,2026-05-17 00:00:00+00:00,1778976000000.0,4.075e-05
2026-05-18 00:00:00+00:00,2026-05-18 00:00:00+00:00,1779062400000.0,-1.269e-05
2026-05-19 00:00:00+00:00,2026-05-19 00:00:00+00:00,1779148800000.0,3.957e-05
2026-05-20 00:00:00+00:00,2026-05-20 00:00:00+00:00,1779235200000.0,0.0001
2026-05-21 00:00:00+00:00,2026-05-21 00:00:00+00:00,1779321600000.0,2.703e-05
2026-05-22 00:00:00+00:00,2026-05-22 00:00:00+00:00,1779408000000.0,6.411e-05
2026-05-23 00:00:00+00:00,2026-05-23 00:00:00+00:00,1779494400000.0,4.144e-05
2026-05-24 00:00:00+00:00,2026-05-24 00:00:00+00:00,1779580800000.0,4.057e-05
2026-05-25 00:00:00+00:00,2026-05-25 00:00:00+00:00,1779667200000.0,1.907e-05
2026-05-26 00:00:00+00:00,2026-05-26 00:00:00+00:00,1779753600000.0,4.014e-05
2026-05-27 00:00:00+00:00,2026-05-27 00:00:00+00:00,1779840000000.0,1.507e-05
2026-05-28 00:00:00+00:00,2026-05-28 00:00:00+00:00,1779926400000.0,3.609e-05
2026-05-29 00:00:00+00:00,2026-05-29 00:00:00+00:00,1780012800000.0,0.0001
2026-05-30 00:00:00+00:00,2026-05-30 00:00:00+00:00,1780099200000.0,6.986e-05
2026-05-31 00:00:00+00:00,2026-05-31 00:00:00+00:00,1780185600000.0,7.356e-05
2026-06-01 00:00:00+00:00,2026-06-01 00:00:00+00:00,1780272000000.0,4.369e-05
2026-06-02 00:00:00+00:00,2026-06-02 00:00:00+00:00,1780358400000.0,0.0001
2026-06-03 00:00:00+00:00,2026-06-03 00:00:00+00:00,1780444800000.0,6.68e-06
2026-06-04 00:00:00+00:00,2026-06-04 00:00:00+00:00,1780531200000.0,-4.52e-06
2026-06-05 00:00:00+00:00,2026-06-05 00:00:00+00:00,1780617600000.0,-2.403e-05
2026-06-06 00:00:00+00:00,2026-06-06 00:00:00+00:00,1780704000000.0,2.774e-05
2026-06-07 00:00:00+00:00,2026-06-07 00:00:00+00:00,1780790400000.0,-4.138e-05
2026-06-08 00:00:00+00:00,2026-06-08 00:00:00+00:00,1780876800000.0,8.39e-06
2026-06-09 00:00:00+00:00,2026-06-09 00:00:00+00:00,1780963200000.0,1.644e-05
2026-06-10 00:00:00+00:00,2026-06-10 00:00:00+00:00,1781049600000.0,4.476e-05
2026-06-11 00:00:00+00:00,2026-06-11 00:00:00+00:00,1781136000000.0,-8.13e-06
2026-06-12 00:00:00+00:00,2026-06-12 00:00:00+00:00,1781222400000.0,8.605e-05
2026-06-13 00:00:00+00:00,2026-06-13 00:00:00+00:00,1781308800000.0,2.88e-05
2026-06-14 00:00:00+00:00,2026-06-14 00:00:00+00:00,1781395200000.0,4.8e-06
2026-06-15 00:00:00+00:00,2026-06-15 00:00:00+00:00,1781481600000.0,2.186e-05
2026-06-16 00:00:00+00:00,2026-06-16 00:00:00+00:00,1781568000000.0,2.767e-05
2026-06-17 00:00:00+00:00,2026-06-17 00:00:00+00:00,1781654400000.0,5.459e-05
2026-06-18 00:00:00+00:00,2026-06-18 00:00:00+00:00,1781740800000.0,-3.27e-06
2026-06-19 00:00:00+00:00,2026-06-19 00:00:00+00:00,1781827200000.0,-4.69e-05
2026-06-20 00:00:00+00:00,2026-06-20 00:00:00+00:00,1781913600000.0,1.592e-05
2026-06-21 00:00:00+00:00,2026-06-21 00:00:00+00:00,1782000000000.0,1.095e-05
2026-06-22 00:00:00+00:00,2026-06-22 00:00:00+00:00,1782086400000.0,-1.456e-05
2026-06-23 00:00:00+00:00,2026-06-23 00:00:00+00:00,1782172800000.0,2.79e-06
2026-06-24 00:00:00+00:00,2026-06-24 00:00:00+00:00,1782259200000.0,-1.764e-05
2026-06-25 00:00:00+00:00,2026-06-25 00:00:00+00:00,1782345600000.0,-3.746e-05
2026-06-26 00:00:00+00:00,2026-06-26 00:00:00+00:00,1782432000000.0,2.172e-05
2026-06-27 00:00:00+00:00,2026-06-27 00:00:00+00:00,1782518400000.0,2.108e-05
2026-06-28 00:00:00+00:00,2026-06-28 00:00:00+00:00,1782604800000.0,-3.417e-05
2026-06-29 00:00:00+00:00,2026-06-29 00:00:00+00:00,1782691200000.0,1.585e-05
2026-06-30 00:00:00+00:00,2026-06-30 00:00:00+00:00,1782777600000.0,0.0001
2026-07-01 00:00:00+00:00,2026-07-01 00:00:00+00:00,1782864000000.0,4.036e-05
2026-07-02 00:00:00+00:00,2026-07-02 00:00:00+00:00,1782950400000.0,8.594e-05
2026-07-03 00:00:00+00:00,2026-07-03 00:00:00+00:00,1783036800000.0,5.107e-05
2026-07-04 00:00:00+00:00,2026-07-04 00:00:00+00:00,1783123200000.0,3.466e-05
2026-07-05 00:00:00+00:00,2026-07-05 00:00:00+00:00,1783209600000.0,3.282e-05
2026-07-06 00:00:00+00:00,2026-07-06 00:00:00+00:00,1783296000000.0,5.565e-05
2026-07-07 00:00:00+00:00,2026-07-07 00:00:00+00:00,1783382400000.0,0.0001
2026-07-08 00:00:00+00:00,2026-07-08 00:00:00+00:00,1783468800000.0,4.55e-05
2026-07-09 00:00:00+00:00,2026-07-09 00:00:00+00:00,1783555200000.0,8.991e-05
2026-07-10 00:00:00+00:00,2026-07-10 00:00:00+00:00,1783641600000.0,7.151e-05
2026-07-11 00:00:00+00:00,2026-07-11 00:00:00+00:00,1783728000000.0,0.0001
2026-07-12 00:00:00+00:00,2026-07-12 00:00:00+00:00,1783814400000.0,6.748e-05
2026-07-13 00:00:00+00:00,2026-07-13 00:00:00+00:00,1783900800000.0,2.717e-05
2026-07-14 00:00:00+00:00,2026-07-14 00:00:00+00:00,1783987200000.0,2.559e-05
2026-07-15 00:00:00+00:00,2026-07-15 00:00:00+00:00,1784073600000.0,0.0001
2026-07-16 00:00:00+00:00,2026-07-16 00:00:00+00:00,1784160000000.0,5.402e-05
2026-07-17 00:00:00+00:00,2026-07-17 00:00:00+00:00,1784246400000.0,1.171e-05
2026-07-18 00:00:00+00:00,2026-07-18 00:00:00+00:00,1784332800000.0,2.879e-05
2026-07-19 00:00:00+00:00,2026-07-19 00:00:00+00:00,1784419200000.0,2.913e-05
2026-07-20 00:00:00+00:00,2026-07-20 00:00:00+00:00,1784505600000.0,3.147e-05
2026-07-21 00:00:00+00:00,2026-07-21 00:00:00+00:00,1784592000000.0,3.242e-05
2026-07-22 00:00:00+00:00,2026-07-22 00:00:00+00:00,1784678400000.0,3.311e-05
2026-07-23 00:00:00+00:00,2026-07-23 00:00:00+00:00,1784764800000.0,-2.066e-05
2026-07-24 00:00:00+00:00,2026-07-24 00:00:00+00:00,1784851200000.0,1.704e-05
2026-07-25 00:00:00+00:00,2026-07-25 00:00:00+00:00,1784937600000.0,-1.854e-05
2026-07-26 00:00:00+00:00,2026-07-26 00:00:00+00:00,1785024000000.0,-1.212e-05
2026-07-27 00:00:00+00:00,2026-07-27 00:00:00+00:00,1785110400000.0,5.05e-05
2026-07-28 00:00:00+00:00,2026-07-28 00:00:00+00:00,1785196800000.0,1.305e-05
2026-07-29 00:00:00+00:00,2026-07-29 00:00:00+00:00,1785283200000.0,5.251e-05
2026-07-30 00:00:00+00:00,2026-07-30 00:00:00+00:00,1785369600000.0,4.388e-05
2026-07-31 00:00:00+00:00,2026-07-31 00:00:00+00:00,1785456000000.0,0.0001
2026-08-01 00:00:00+00:00,2026-08-01 00:00:00+00:00,1785542400000.0,2.84e-06
2026-08-02 00:00:00+00:00,2026-08-02 00:00:00+00:00,1785628800000.0,1.631e-05
2026-08-03 00:00:00+00:00,2026-08-03 00:00:00+00:00,1785715200000.0,4.142e-05
2026-08-04 00:00:00+00:00,2026-08-04 00:00:00+00:00,1785801600000.0,4.654e-05
2026-08-05 00:00:00+00:00,2026-08-05 00:00:00+00:00,1785888000000.0,3.783e-05
2026-08-06 00:00:00+00:00,2026-08-06 00:00:00+00:00,1785974400000.0,-4.88e-06
2026-08-07 00:00:00+00:00,2026-08-07 00:00:00+00:00,1786060800000.0,-2.858e-05
2026-08-08 00:00:00+00:00,2026-08-08 00:00:00+00:00,1786147200000.0,3.35e-06
2026-08-09 00:00:00+00:00,2026-08-09 00:00:00+00:00,1786233600000.0,-6.48e-06
2026-08-10 00:00:00+00:00,2026-08-10 00:00:00+00:00,1786320000000.0,9.822e-05
2026-08-11 00:00:00+00:00,2026-08-11 00:00:00+00:00,1786406400000.0,4.12e-05
2026-08-12 00:00:00+00:00,2026-08-12 00:00:00+00:00,1786492800000.0,2.343e-05
2026-08-13 00:00:00+00:00,2026-08-13 00:00:00+00:00,1786579200000.0,1.93e-05
2026-08-14 00:00:00+00:00,2026-08-14 00:00:00+00:00,1786665600000.0,5.514e-05
2026-08-15 00:00:00+00:00,2026-08-15 00:00:00+00:00,1786752000000.0,6.855e-05
2026-08-16 00:00:00+00:00,2026-08-16 00:00:00+00:00,1786838400000.0,3.01e-05
2026-08-17 00:00:00+00:00,2026-08-17 00:00:00+00:00,1786924800000.0,6.56e-06
2026-08-18 00:00:00+00:00,2026-08-18 00:00:00+00:00,1787011200000.0,7.87e-06
2026-08-19 00:00:00+00:00,2026-08-19 00:00:00+00:00,1787097600000.0,1.808e-05
2026-08-20 00:00:00+00:00,2026-08-20 00:00:00+00:00,1787184000000.0,6.707e-05
2026-08-21 00:00:00+00:00,2026-08-21 00:00:00+00:00,1787270400000.0,1.411e-05
2026-08-22 00:00:00+00:00,2026-08-22 00:00:00+00:00,1787356800000.0,0.0001
2026-08-23 00:00:00+00:00,2026-08-22 08:00:00+00:00,1787385600000.0,0.0001
