date,funding_rate_last,funding_rate_mean,funding_rate_sum,event_count
2020-03-25 00:00:00+00:00,0.0001,0.0001,0.0001,1
2020-03-26 00:00:00+00:00,0.0001,0.0001,0.00030000000000000003,3
2020-03-27 00:00:00+00:00,0.0001,0.0001,0.00030000000000000003,3
2020-03-28 00:00:00+00:00,0.0001,0.0001,0.00030000000000000003,3
2020-03-29 00:00:00+00:00,0.0001,0.0001,0.00030000000000000003,3
2020-03-30 00:00:00+00:00,0.0001,0.0001,0.00030000000000000003,3
2020-03-31 00:00:00+00:00,0.0001,0.0001,0.00030000000000000003,3
2020-04-01 00:00:00+00:00,-0.00024535,-1.5116666666666655e-05,-4.5349999999999964e-05,3
2020-04-02 00:00:00+00:00,-0.00063135,-0.0006821700000000001,-0.00204651,3
2020-04-03 00:00:00+00:00,-0.00198009,-0.0025649133333333334,-0.00769474,3
2020-04-04 00:00:00+00:00,9.922e-05,-0.00028637333333333335,-0.00085912,3
2020-04-05 00:00:00+00:00,0.0001,0.0001,0.00030000000000000003,3
2020-04-06 00:00:00+00:00,0.0001,0.0001,0.00030000000000000003,3
2020-04-07 00:00:00+00:00,-5.965e-05,-1.1353333333333337e-05,-3.406000000000001e-05,3
2020-04-08 00:00:00+00:00,0.0001,8.33e-05,0.0002499,3
2020-04-09 00:00:00+00:00,2.541e-05,7.513666666666666e-05,0.00022541,3
2020-04-10 00:00:00+00:00,0.0001,5.908333333333333e-05,0.00017725,3
2020-04-11 00:00:00+00:00,0.0001,0.0001,0.00030000000000000003,3
2020-04-12 00:00:00+00:00,0.0001,0.0001,0.00030000000000000003,3
2020-04-13 00:00:00+00:00,-0.00032819,-8.112333333333334e-05,-0.00024337000000000002,3
2020-04-14 00:00:00+00:00,-0.00025537,-0.00027688999999999996,-0.0008306699999999999,3
2020-04-15 00:00:00+00:00,-0.00049003,-0.00046835666666666665,-0.00140507,3
2020-04-16 00:00:00+00:00,-0.00094907,-0.00064882,-0.0019464600000000001,3
2020-04-17 00:00:00+00:00,-0.00014941,-0.0003954866666666667,-0.00118646,3
2020-04-18 00:00:00+00:00,-0.00018915,-0.00011528999999999999,-0.00034586999999999997,3
2020-04-19 00:00:00+00:00,-0.00025846,-0.0002965166666666667,-0.00088955,3
2020-04-20 00:00:00+00:00,-5.81e-06,-5.226666666666666e-06,-1.568e-05,3
2020-04-21 00:00:00+00:00,5.573e-05,4.294333333333333e-05,0.00012883,3
2020-04-22 00:00:00+00:00,-8.38e-06,6.387333333333334e-05,0.00019162,3
2020-04-23 00:00:00+00:00,-0.00029437,-0.0002980433333333333,-0.0008941299999999999,3
2020-04-24 00:00:00+00:00,0.0001,3.439999999999999e-06,1.0319999999999996e-05,3
2020-04-25 00:00:00+00:00,0.0001,0.0001,0.00030000000000000003,3
2020-04-26 00:00:00+00:00,0.0001,0.0001,0.00030000000000000003,3
2020-04-27 00:00:00+00:00,0.0001,0.0001,0.00030000000000000003,3
2020-04-28 00:00:00+00:00,0.0001,0.0001,0.00030000000000000003,3
2020-04-29 00:00:00+00:00,0.0001,0.0001,0.00030000000000000003,3
2020-04-30 00:00:00+00:00,0.0001,0.0001,0.00030000000000000003,3
2020-05-01 00:00:00+00:00,0.0001,0.0001,0.00030000000000000003,3
2020-05-02 00:00:00+00:00,0.0001,0.0001,0.00030000000000000003,3
2020-05-03 00:00:00+00:00,0.0001,0.0001,0.00030000000000000003,3
2020-05-04 00:00:00+00:00,0.0001,0.0001,0.00030000000000000003,3
2020-05-05 00:00:00+00:00,0.0001,0.0001,0.00030000000000000003,3
2020-05-06 00:00:00+00:00,0.0001,0.0001,0.00030000000000000003,3
2020-05-07 00:00:00+00:00,0.0001,0.0001,0.00030000000000000003,3
2020-05-08 00:00:00+00:00,0.0001,0.0001,0.00030000000000000003,3
2020-05-09 00:00:00+00:00,0.0001,0.0001,0.00030000000000000003,3
2020-05-10 00:00:00+00:00,0.0001,0.0001,0.00030000000000000003,3
2020-05-11 00:00:00+00:00,0.0001,0.0001,0.00030000000000000003,3
2020-05-12 00:00:00+00:00,0.0001,0.0001,0.00030000000000000003,3
2020-05-13 00:00:00+00:00,0.0001,0.0001,0.00030000000000000003,3
2020-05-14 00:00:00+00:00,0.0001,0.0001,0.00030000000000000003,3
2020-05-15 00:00:00+00:00,0.0001,0.0001,0.00030000000000000003,3
2020-05-16 00:00:00+00:00,0.0001,0.0001,0.00030000000000000003,3
2020-05-17 00:00:00+00:00,0.0001,0.0001,0.00030000000000000003,3
2020-05-18 00:00:00+00:00,0.0001,0.0001,0.00030000000000000003,3
2020-05-19 00:00:00+00:00,0.0001,0.0001,0.00030000000000000003,3
2020-05-20 00:00:00+00:00,0.0001,0.0001,0.00030000000000000003,3
2020-05-21 00:00:00+00:00,0.0001,0.0001,0.00030000000000000003,3
2020-05-22 00:00:00+00:00,0.0001,0.0001,0.00030000000000000003,3
2020-05-23 00:00:00+00:00,0.0001,0.0001,0.00030000000000000003,3
2020-05-24 00:00:00+00:00,0.0001,0.0001,0.00030000000000000003,3
2020-05-25 00:00:00+00:00,0.0001,0.0001,0.00030000000000000003,3
2020-05-26 00:00:00+00:00,0.0001,0.0001,0.00030000000000000003,3
2020-05-27 00:00:00+00:00,0.0001,0.0001,0.00030000000000000003,3
2020-05-28 00:00:00+00:00,0.0001,9.367e-05,0.00028101,3
2020-05-29 00:00:00+00:00,0.0001,9.771999999999999e-05,0.00029316,3
2020-05-30 00:00:00+00:00,0.0001,0.0001,0.00030000000000000003,3
2020-05-31 00:00:00+00:00,0.0001,0.0001,0.00030000000000000003,3
2020-06-01 00:00:00+00:00,3.059e-05,7.686333333333333e-05,0.00023059,3
2020-06-02 00:00:00+00:00,0.0001,0.0001,0.00030000000000000003,3
2020-06-03 00:00:00+00:00,0.0001,0.0001,0.00030000000000000003,3
2020-06-04 00:00:00+00:00,0.0001,0.0001,0.00030000000000000003,3
2020-06-05 00:00:00+00:00,0.0001,0.0001,0.00030000000000000003,3
2020-06-06 00:00:00+00:00,0.0001,0.0001,0.00030000000000000003,3
2020-06-07 00:00:00+00:00,0.0001,0.0001,0.00030000000000000003,3
2020-06-08 00:00:00+00:00,0.0001,0.0001,0.00030000000000000003,3
2020-06-09 00:00:00+00:00,0.0001,0.0001,0.00030000000000000003,3
2020-06-10 00:00:00+00:00,0.0001,0.0001,0.00030000000000000003,3
2020-06-11 00:00:00+00:00,0.0001,0.0001,0.00030000000000000003,3
2020-06-12 00:00:00+00:00,0.0001,0.0001,0.00030000000000000003,3
2020-06-13 00:00:00+00:00,0.0001,0.0001,0.00030000000000000003,3
2020-06-14 00:00:00+00:00,0.0001,0.0001,0.00030000000000000003,3
2020-06-15 00:00:00+00:00,0.0001,0.0001,0.00030000000000000003,3
2020-06-16 00:00:00+00:00,0.0001,9.866e-05,0.00029598,3
2020-06-17 00:00:00+00:00,0.0001,0.0001,0.00030000000000000003,3
2020-06-18 00:00:00+00:00,0.0001,0.0001,0.00030000000000000003,3
2020-06-19 00:00:00+00:00,0.0001,0.0001,0.00030000000000000003,3
2020-06-20 00:00:00+00:00,0.0001,0.0001,0.00030000000000000003,3
2020-06-21 00:00:00+00:00,0.0001,0.0001,0.00030000000000000003,3
2020-06-22 00:00:00+00:00,0.0001,0.0001,0.00030000000000000003,3
2020-06-23 00:00:00+00:00,0.0001,0.0001,0.00030000000000000003,3
2020-06-24 00:00:00+00:00,0.0001,0.0001,0.00030000000000000003,3
2020-06-25 00:00:00+00:00,0.0001,0.0001,0.00030000000000000003,3
2020-06-26 00:00:00+00:00,0.0001,0.0001,0.00030000000000000003,3
2020-06-27 00:00:00+00:00,0.0001,0.0001,0.00030000000000000003,3
2020-06-28 00:00:00+00:00,0.0001,0.0001,0.00030000000000000003,3
2020-06-29 00:00:00+00:00,0.0001,0.0001,0.00030000000000000003,3
2020-06-30 00:00:00+00:00,0.0001,0.0001,0.00030000000000000003,3
2020-07-01 00:00:00+00:00,0.0001,0.0001,0.00030000000000000003,3
2020-07-02 00:00:00+00:00,0.0001,0.0001,0.00030000000000000003,3
2020-07-03 00:00:00+00:00,0.0001,0.0001,0.00030000000000000003,3
2020-07-04 00:00:00+00:00,0.0001,0.0001,0.00030000000000000003,3
2020-07-05 00:00:00+00:00,0.0001,0.0001,0.00030000000000000003,3
2020-07-06 00:00:00+00:00,0.0001,0.0001,0.00030000000000000003,3
2020-07-07 00:00:00+00:00,0.0001,0.0001,0.00030000000000000003,3
2020-07-08 00:00:00+00:00,0.0001,0.0001,0.00030000000000000003,3
2020-07-09 00:00:00+00:00,0.0001,0.0001,0.00030000000000000003,3
2020-07-10 00:00:00+00:00,0.0001,0.0001,0.00030000000000000003,3
2020-07-11 00:00:00+00:00,2.124e-05,7.374666666666668e-05,0.00022124000000000002,3
2020-07-12 00:00:00+00:00,0.0001,0.0001,0.00030000000000000003,3
2020-07-13 00:00:00+00:00,0.0001,0.0001,0.00030000000000000003,3
2020-07-14 00:00:00+00:00,0.0001,0.0001,0.00030000000000000003,3
2020-07-15 00:00:00+00:00,0.0001,0.0001,0.00030000000000000003,3
2020-07-16 00:00:00+00:00,0.0001,9.873666666666667e-05,0.00029621,3
2020-07-17 00:00:00+00:00,0.0001,0.0001,0.00030000000000000003,3
2020-07-18 00:00:00+00:00,0.0001,8.514333333333334e-05,0.00025543,3
2020-07-19 00:00:00+00:00,0.0001,0.0001,0.00030000000000000003,3
2020-07-20 00:00:00+00:00,0.0001,0.0001,0.00030000000000000003,3
2020-07-21 00:00:00+00:00,7.691e-05,9.230333333333333e-05,0.00027691,3
2020-07-22 00:00:00+00:00,-0.00018507,-9.735333333333332e-05,-0.00029205999999999997,3
2020-07-23 00:00:00+00:00,9.443e-05,9.299e-05,0.00027897,3
2020-07-24 00:00:00+00:00,0.0001,2.7183333333333335e-05,8.155e-05,3
2020-07-25 00:00:00+00:00,0.0001,0.0001,0.00030000000000000003,3
2020-07-26 00:00:00+00:00,-0.00013979,-7.150666666666667e-05,-0.00021452,3
2020-07-27 00:00:00+00:00,0.0001,0.0001,0.00030000000000000003,3
2020-07-28 00:00:00+00:00,0.0001,0.0001,0.00030000000000000003,3
2020-07-29 00:00:00+00:00,0.0001,0.0001,0.00030000000000000003,3
2020-07-30 00:00:00+00:00,0.0001,0.0001,0.00030000000000000003,3
2020-07-31 00:00:00+00:00,0.0001,0.0001,0.00030000000000000003,3
2020-08-01 00:00:00+00:00,0.0001,0.0001,0.00030000000000000003,3
2020-08-02 00:00:00+00:00,0.0001,0.0001,0.00030000000000000003,3
2020-08-03 00:00:00+00:00,0.0001,0.0001,0.00030000000000000003,3
2020-08-04 00:00:00+00:00,0.0001,0.0001,0.00030000000000000003,3
2020-08-05 00:00:00+00:00,0.0001,0.0001,0.00030000000000000003,3
2020-08-06 00:00:00+00:00,0.0001,0.0001,0.00030000000000000003,3
2020-08-07 00:00:00+00:00,0.0001,0.0001,0.00030000000000000003,3
2020-08-08 00:00:00+00:00,0.0001,0.0001,0.00030000000000000003,3
2020-08-09 00:00:00+00:00,0.0001,0.0001,0.00030000000000000003,3
2020-08-10 00:00:00+00:00,0.00027192,0.00015730666666666668,0.00047192,3
2020-08-11 00:00:00+00:00,0.0001,0.0001,0.00030000000000000003,3
2020-08-12 00:00:00+00:00,0.0001,0.0002043,0.0006129,3
2020-08-13 00:00:00+00:00,0.0001,0.0001,0.00030000000000000003,3
2020-08-14 00:00:00+00:00,0.00044653,0.0002354766666666667,0.0007064300000000001,3
2020-08-15 00:00:00+00:00,0.0005648,0.0005899400000000001,0.00176982,3
2020-08-16 00:00:00+00:00,0.00044021,0.00054871,0.00164613,3
2020-08-17 00:00:00+00:00,0.00089891,0.0006967000000000001,0.0020901,3
2020-08-18 00:00:00+00:00,0.00192023,0.0016834366666666665,0.00505031,3
2020-08-19 00:00:00+00:00,0.00102092,0.00139314,0.00417942,3
2020-08-20 00:00:00+00:00,0.0001,0.00029800000000000003,0.000894,3
2020-08-21 00:00:00+00:00,0.0001,0.00014735333333333332,0.00044206,3
2020-08-22 00:00:00+00:00,0.00013721,0.00012359666666666666,0.00037078999999999997,3
2020-08-23 00:00:00+00:00,0.0001,0.0001,0.00030000000000000003,3
2020-08-24 00:00:00+00:00,0.0001,0.0001,0.00030000000000000003,3
2020-08-25 00:00:00+00:00,0.0001,0.00010055666666666666,0.00030167,3
2020-08-26 00:00:00+00:00,0.0001,0.0003995266666666666,0.0011985799999999999,3
2020-08-27 00:00:00+00:00,0.0001,0.0001,0.00030000000000000003,3
2020-08-28 00:00:00+00:00,0.0001,0.00010152333333333333,0.00030457,3
2020-08-29 00:00:00+00:00,0.0001,0.0001,0.00030000000000000003,3
2020-08-30 00:00:00+00:00,0.0001,0.0001,0.00030000000000000003,3
2020-08-31 00:00:00+00:00,0.0001,0.0001,0.00030000000000000003,3
2020-09-01 00:00:00+00:00,0.0001095,0.00013899333333333334,0.00041698,3
2020-09-02 00:00:00+00:00,0.0003955,0.0006354933333333333,0.00190648,3
2020-09-03 00:00:00+00:00,0.0001,0.0005341500000000001,0.00160245,3
2020-09-04 00:00:00+00:00,0.0001,0.00023523333333333332,0.0007057,3
2020-09-05 00:00:00+00:00,0.0001,0.0001,0.00030000000000000003,3
2020-09-06 00:00:00+00:00,0.0001,0.0001,0.00030000000000000003,3
2020-09-07 00:00:00+00:00,0.0001,0.0001,0.00030000000000000003,3
2020-09-08 00:00:00+00:00,0.0001,0.0001,0.00030000000000000003,3
2020-09-09 00:00:00+00:00,0.0001,0.0001,0.00030000000000000003,3
2020-09-10 00:00:00+00:00,0.0001,0.0001,0.00030000000000000003,3
2020-09-11 00:00:00+00:00,0.0001,0.0001,0.00030000000000000003,3
2020-09-12 00:00:00+00:00,0.0001,0.0001,0.00030000000000000003,3
2020-09-13 00:00:00+00:00,0.0001,0.0001,0.00030000000000000003,3
2020-09-14 00:00:00+00:00,7.039e-05,9.013e-05,0.00027039,3
2020-09-15 00:00:00+00:00,-0.0001474,-3.483e-05,-0.00010449,3
2020-09-16 00:00:00+00:00,-1.319e-05,-2.021e-05,-6.063e-05,3
2020-09-17 00:00:00+00:00,0.0001,4.304e-05,0.00012912,3
2020-09-18 00:00:00+00:00,-4.82e-05,2.546666666666667e-05,7.640000000000001e-05,3
2020-09-19 00:00:00+00:00,-0.00014331,-3.828333333333334e-05,-0.00011485000000000001,3
2020-09-20 00:00:00+00:00,4.69e-05,-4.1456666666666666e-05,-0.00012437,3
2020-09-21 00:00:00+00:00,-0.00014876,-8.703666666666667e-05,-0.00026111,3
2020-09-22 00:00:00+00:00,0.0001,0.0001,0.00030000000000000003,3
2020-09-23 00:00:00+00:00,0.0001,0.0001,0.00030000000000000003,3
2020-09-24 00:00:00+00:00,5.528e-05,8.509333333333333e-05,0.00025528,3
2020-09-25 00:00:00+00:00,-0.00015124,-9.492333333333333e-05,-0.00028477,3
2020-09-26 00:00:00+00:00,0.0001,0.0001,0.00030000000000000003,3
2020-09-27 00:00:00+00:00,0.0001,0.0001,0.00030000000000000003,3
2020-09-28 00:00:00+00:00,0.0001,0.0001,0.00030000000000000003,3
2020-09-29 00:00:00+00:00,0.0001,0.0001,0.00030000000000000003,3
2020-09-30 00:00:00+00:00,0.0001,0.0001,0.00030000000000000003,3
2020-10-01 00:00:00+00:00,-0.00022508,-8.36e-06,-2.5079999999999997e-05,3
2020-10-02 00:00:00+00:00,0.0001,-0.0003249466666666667,-0.00097484,3
2020-10-03 00:00:00+00:00,0.0001,0.00012015666666666666,0.00036047,3
2020-10-04 00:00:00+00:00,0.0001,0.0001,0.00030000000000000003,3
2020-10-05 00:00:00+00:00,-9.231e-05,2.8456666666666668e-05,8.537e-05,3
2020-10-06 00:00:00+00:00,-0.00082916,-0.0007657100000000001,-0.00229713,3
2020-10-07 00:00:00+00:00,0.0001,-7.217666666666666e-05,-0.00021653,3
2020-10-08 00:00:00+00:00,0.0001,8.062666666666666e-05,0.00024188,3
2020-10-09 00:00:00+00:00,-0.00050421,-0.00024775,-0.00074325,3
2020-10-10 00:00:00+00:00,0.0001,-0.00014814,-0.00044442,3
2020-10-11 00:00:00+00:00,0.0001,0.0001,0.00030000000000000003,3
2020-10-12 00:00:00+00:00,0.0001,0.0001,0.00030000000000000003,3
2020-10-13 00:00:00+00:00,0.00026756,0.0002088466666666667,0.0006265400000000001,3
2020-10-14 00:00:00+00:00,0.0001024,0.00021176,0.00063528,3
2020-10-15 00:00:00+00:00,0.0001,0.0001,0.00030000000000000003,3
2020-10-16 00:00:00+00:00,0.0001,0.0001,0.00030000000000000003,3
2020-10-17 00:00:00+00:00,0.0001,0.00011980999999999999,0.00035943,3
2020-10-18 00:00:00+00:00,0.0001,0.0001,0.00030000000000000003,3
2020-10-19 00:00:00+00:00,-0.00010762,-4.1503333333333326e-05,-0.00012450999999999999,3
2020-10-20 00:00:00+00:00,-0.00028066,-0.00024544000000000004,-0.00073632,3
2020-10-21 00:00:00+00:00,-0.00035301,-0.00031588,-0.00094764,3
2020-10-22 00:00:00+00:00,0.00109599,0.0005566766666666667,0.00167003,3
2020-10-23 00:00:00+00:00,0.00127125,0.00107013,0.00321039,3
2020-10-24 00:00:00+00:00,0.00064027,0.0009634233333333333,0.00289027,3
2020-10-25 00:00:00+00:00,0.00013399,0.0002585,0.0007754999999999999,3
2020-10-26 00:00:00+00:00,0.0001,0.00016450333333333333,0.00049351,3
2020-10-27 00:00:00+00:00,0.0001,0.00016112000000000003,0.00048336000000000006,3
2020-10-28 00:00:00+00:00,0.00020302,0.00013434000000000002,0.00040302000000000003,3
2020-10-29 00:00:00+00:00,0.0001,0.0001,0.00030000000000000003,3
2020-10-30 00:00:00+00:00,0.0001,0.0001,0.00030000000000000003,3
2020-10-31 00:00:00+00:00,0.0001,0.0001,0.00030000000000000003,3
2020-11-01 00:00:00+00:00,0.0001,0.0001,0.00030000000000000003,3
2020-11-02 00:00:00+00:00,0.0001,0.0001,0.00030000000000000003,3
2020-11-03 00:00:00+00:00,0.0001,0.00019314333333333335,0.00057943,3
2020-11-04 00:00:00+00:00,0.0001,0.0001,0.00030000000000000003,3
2020-11-05 00:00:00+00:00,0.0001,0.0001,0.00030000000000000003,3
2020-11-06 00:00:00+00:00,0.00100127,0.0007284166666666667,0.00218525,3
2020-11-07 00:00:00+00:00,0.00108949,0.0012112933333333334,0.00363388,3
2020-11-08 00:00:00+00:00,0.000448,0.00043321666666666663,0.0012996499999999999,3
2020-11-09 00:00:00+00:00,0.0001,0.00013212666666666666,0.00039638,3
2020-11-10 00:00:00+00:00,0.00011625,0.00016247,0.00048741,3
2020-11-11 00:00:00+00:00,0.00038524,0.00040645666666666667,0.00121937,3
2020-11-12 00:00:00+00:00,0.00033563,0.0005649866666666666,0.00169496,3
2020-11-13 00:00:00+00:00,0.0001,0.00014152333333333333,0.00042457,3
2020-11-14 00:00:00+00:00,0.00051889,0.00041106,0.00123318,3
2020-11-15 00:00:00+00:00,0.0001,0.0001,0.00030000000000000003,3
2020-11-16 00:00:00+00:00,0.00030183,0.00016907333333333335,0.0005072200000000001,3
2020-11-17 00:00:00+00:00,0.00042426,0.00020808666666666665,0.00062426,3
2020-11-18 00:00:00+00:00,0.00176313,0.00108043,0.00324129,3
2020-11-19 00:00:00+00:00,0.00268535,0.0024475833333333333,0.00734275,3
2020-11-20 00:00:00+00:00,0.00144492,0.0017451333333333332,0.005235399999999999,3
2020-11-21 00:00:00+00:00,0.00178236,0.00184356,0.00553068,3
2020-11-22 00:00:00+00:00,0.00282927,0.0024619266666666664,0.00738578,3
2020-11-23 00:00:00+00:00,0.00232583,0.00232387,0.00697161,3
2020-11-24 00:00:00+00:00,0.00129769,0.001995596666666667,0.0059867900000000005,3
2020-11-25 00:00:00+00:00,0.00045913,0.00021971,0.00065913,3
2020-11-26 00:00:00+00:00,0.00022962,0.0003387233333333333,0.0010161699999999998,3
2020-11-27 00:00:00+00:00,0.0001,0.00014162,0.00042486,3
2020-11-28 00:00:00+00:00,0.0001,0.0001,0.00030000000000000003,3
2020-11-29 00:00:00+00:00,0.0001,0.0001,0.00030000000000000003,3
2020-11-30 00:00:00+00:00,-0.00013278,2.2406666666666667e-05,6.722e-05,3
2020-12-01 00:00:00+00:00,0.00056768,0.0003583199999999999,0.0010749599999999998,3
2020-12-02 00:00:00+00:00,0.0001,0.00018617000000000001,0.00055851,3
2020-12-03 00:00:00+00:00,0.0001,0.0001,0.00030000000000000003,3
2020-12-04 00:00:00+00:00,0.0001,0.00010306666666666667,0.00030920000000000003,3
2020-12-05 00:00:00+00:00,0.0001,0.0001,0.00030000000000000003,3
2020-12-06 00:00:00+00:00,0.0001,0.0001,0.00030000000000000003,3
2020-12-07 00:00:00+00:00,0.0001,0.0001,0.00030000000000000003,3
2020-12-08 00:00:00+00:00,0.0001,0.0001,0.00030000000000000003,3
2020-12-09 00:00:00+00:00,-0.0003188,-3.9599999999999994e-05,-0.00011879999999999999,3
2020-12-10 00:00:00+00:00,0.0001,-1.5950000000000005e-05,-4.785000000000001e-05,3
2020-12-11 00:00:00+00:00,0.0001,0.0001,0.00030000000000000003,3
2020-12-12 00:00:00+00:00,-0.00034931,-0.00025549666666666666,-0.00076649,3
2020-12-13 00:00:00+00:00,-0.00033651,-0.00022237000000000003,-0.0006671100000000001,3
2020-12-14 00:00:00+00:00,0.0001,0.0001,0.00030000000000000003,3
2020-12-15 00:00:00+00:00,0.00017678,0.00012559333333333334,0.00037678,3
2020-12-16 00:00:00+00:00,7.125e-05,9.041666666666666e-05,0.00027125,3
2020-12-17 00:00:00+00:00,0.00078476,0.00038616,0.00115848,3
2020-12-18 00:00:00+00:00,0.00034136,0.0007217133333333333,0.00216514,3
2020-12-19 00:00:00+00:00,0.0003528,0.00029358000000000005,0.0008807400000000001,3
2020-12-20 00:00:00+00:00,0.00046977,0.0007994066666666667,0.00239822,3
2020-12-21 00:00:00+00:00,0.00016424,0.00032318666666666663,0.00096956,3
2020-12-22 00:00:00+00:00,0.0001,0.0001,0.00030000000000000003,3
2020-12-23 00:00:00+00:00,0.0001,0.0001,0.00030000000000000003,3
2020-12-24 00:00:00+00:00,0.0001,0.0001,0.00030000000000000003,3
2020-12-25 00:00:00+00:00,0.0001,0.0001,0.00030000000000000003,3
2020-12-26 00:00:00+00:00,0.00021823,0.00020109999999999998,0.0006033,3
2020-12-27 00:00:00+00:00,0.00153803,0.0008964766666666666,0.00268943,3
2020-12-28 00:00:00+00:00,0.00072647,0.0012989633333333331,0.0038968899999999996,3
2020-12-29 00:00:00+00:00,0.00067762,0.0008002333333333333,0.0024007,3
2020-12-30 00:00:00+00:00,0.00072623,0.0004055266666666667,0.00121658,3
2020-12-31 00:00:00+00:00,0.00107476,0.00096796,0.00290388,3
2021-01-01 00:00:00+00:00,0.0001,0.00018243,0.00054729,3
2021-01-02 00:00:00+00:00,0.0001,0.00031633,0.0009489899999999999,3
2021-01-03 00:00:00+00:00,0.00189752,0.0014731633333333334,0.00441949,3
2021-01-04 00:00:00+00:00,0.00162248,0.0017946833333333332,0.00538405,3
2021-01-05 00:00:00+00:00,0.00060075,0.0005342966666666667,0.00160289,3
2021-01-06 00:00:00+00:00,0.00140312,0.0006756266666666667,0.00202688,3
2021-01-07 00:00:00+00:00,0.00223631,0.0026269433333333332,0.00788083,3
2021-01-08 00:00:00+00:00,0.00094676,0.00222499,0.0066749700000000006,3
2021-01-09 00:00:00+00:00,0.00174097,0.0014379366666666669,0.00431381,3
2021-01-10 00:00:00+00:00,0.00194279,0.0018722666666666666,0.0056168,3
2021-01-11 00:00:00+00:00,0.00067179,0.0008933833333333334,0.00268015,3
2021-01-12 00:00:00+00:00,0.0001,0.00019320666666666666,0.00057962,3
2021-01-13 00:00:00+00:00,0.0001493,0.00016067999999999999,0.00048204,3
2021-01-14 00:00:00+00:00,0.00053564,0.0006185066666666666,0.0018555199999999998,3
2021-01-15 00:00:00+00:00,0.0009516,0.0008314433333333333,0.00249433,3
2021-01-16 00:00:00+00:00,0.0001,0.00037673000000000003,0.00113019,3
2021-01-17 00:00:00+00:00,0.00016663,0.00021229666666666667,0.00063689,3
2021-01-18 00:00:00+00:00,0.0001,0.0001,0.00030000000000000003,3
2021-01-19 00:00:00+00:00,0.00178678,0.00101872,0.00305616,3
2021-01-20 00:00:00+00:00,0.00110786,0.0019187066666666666,0.00575612,3
2021-01-21 00:00:00+00:00,0.0001,0.00012209000000000002,0.00036627000000000003,3
2021-01-22 00:00:00+00:00,0.0001,0.00014099333333333333,0.00042298,3
2021-01-23 00:00:00+00:00,0.0001,0.0001,0.00030000000000000003,3
2021-01-24 00:00:00+00:00,0.0001,0.0001,0.00030000000000000003,3
2021-01-25 00:00:00+00:00,0.0001,0.00012799333333333334,0.00038398,3
2021-01-26 00:00:00+00:00,0.0001079,0.00014801,0.00044403,3
2021-01-27 00:00:00+00:00,0.0001,0.0001,0.00030000000000000003,3
2021-01-28 00:00:00+00:00,0.0001,0.00012719333333333335,0.00038158,3
2021-01-29 00:00:00+00:00,0.0004581,0.00021936666666666667,0.0006581,3
2021-01-30 00:00:00+00:00,0.0002205,0.0011988766666666667,0.00359663,3
2021-01-31 00:00:00+00:00,0.00054286,0.00027909,0.00083727,3
2021-02-01 00:00:00+00:00,0.0001,0.00033121999999999996,0.00099366,3
2021-02-02 00:00:00+00:00,0.0003948,0.00034433333333333337,0.001033,3
2021-02-03 00:00:00+00:00,0.00086188,0.0011798533333333332,0.0035395599999999998,3
2021-02-04 00:00:00+00:00,0.00033167,0.0006268099999999999,0.0018804299999999998,3
2021-02-05 00:00:00+00:00,0.00031875,0.0005399433333333334,0.00161983,3
2021-02-06 00:00:00+00:00,0.0001,0.00031916333333333334,0.0009574900000000001,3
2021-02-07 00:00:00+00:00,0.00142823,0.00115439,0.00346317,3
2021-02-08 00:00:00+00:00,0.00070257,0.0010869,0.0032607,3
2021-02-09 00:00:00+00:00,0.00309625,0.002316986666666667,0.006950960000000001,3
2021-02-10 00:00:00+00:00,0.00201317,0.002455586666666667,0.00736676,3
2021-02-11 00:00:00+00:00,0.00141063,0.00217155,0.00651465,3
2021-02-12 00:00:00+00:00,0.0019353,0.0016976566666666668,0.0050929700000000005,3
2021-02-13 00:00:00+00:00,0.00159945,0.0017579966666666667,0.00527399,3
2021-02-14 00:00:00+00:00,0.00115163,0.001209,0.003627,3
2021-02-15 00:00:00+00:00,0.00233909,0.0022955533333333332,0.006886659999999999,3
2021-02-16 00:00:00+00:00,0.00135985,0.0009875933333333333,0.00296278,3
2021-02-17 00:00:00+00:00,0.00129746,0.0018450933333333333,0.00553528,3
2021-02-18 00:00:00+00:00,0.00228927,0.0016933733333333336,0.0050801200000000005,3
2021-02-19 00:00:00+00:00,0.00082548,0.0017763166666666665,0.00532895,3
2021-02-20 00:00:00+00:00,0.00099503,0.0010360666666666667,0.0031082,3
2021-02-21 00:00:00+00:00,0.00099991,0.0015762933333333333,0.0047288799999999995,3
2021-02-22 00:00:00+00:00,0.00191879,0.0014564900000000002,0.00436947,3
2021-02-23 00:00:00+00:00,0.00010078,0.0008499800000000001,0.00254994,3
2021-02-24 00:00:00+00:00,0.0001,0.00010900333333333332,0.00032701,3
2021-02-25 00:00:00+00:00,0.00020511,0.00025055666666666667,0.00075167,3
2021-02-26 00:00:00+00:00,0.00032398,0.00039323333333333337,0.0011797,3
2021-02-27 00:00:00+00:00,0.0001,0.00020803666666666665,0.00062411,3
2021-02-28 00:00:00+00:00,0.0001972,0.00014084666666666667,0.00042254,3
2021-03-01 00:00:00+00:00,0.0001,0.00018732000000000002,0.00056196,3
2021-03-02 00:00:00+00:00,0.00011317,0.00010439,0.00031317,3
2021-03-03 00:00:00+00:00,0.0001,0.0001,0.00030000000000000003,3
2021-03-04 00:00:00+00:00,0.00050407,0.0002889466666666667,0.00086684,3
2021-03-05 00:00:00+00:00,0.00030382,0.0003397066666666667,0.00101912,3
2021-03-06 00:00:00+00:00,0.0001,0.0001,0.00030000000000000003,3
2021-03-07 00:00:00+00:00,0.0001,0.0002591133333333333,0.00077734,3
2021-03-08 00:00:00+00:00,0.00068732,0.0004669033333333334,0.00140071,3
2021-03-09 00:00:00+00:00,0.0001,0.0004012966666666667,0.00120389,3
2021-03-10 00:00:00+00:00,0.00156327,0.0010714666666666666,0.0032144,3
2021-03-11 00:00:00+00:00,0.00121412,0.0009405166666666666,0.00282155,3
2021-03-12 00:00:00+00:00,0.00119438,0.00125946,0.00377838,3
2021-03-13 00:00:00+00:00,0.0001,0.00048881,0.0014664300000000001,3
2021-03-14 00:00:00+00:00,0.00219265,0.0015293,0.0045879,3
2021-03-15 00:00:00+00:00,0.00238273,0.002072636666666667,0.00621791,3
2021-03-16 00:00:00+00:00,0.00017457,0.0007399966666666668,0.0022199900000000002,3
2021-03-17 00:00:00+00:00,0.00048954,0.00023156,0.00069468,3
2021-03-18 00:00:00+00:00,0.0001423,0.00012778666666666668,0.00038336,3
2021-03-19 00:00:00+00:00,0.00025119,0.0003945233333333333,0.0011835699999999999,3
2021-03-20 00:00:00+00:00,0.00033519,0.00019490000000000002,0.0005847000000000001,3
2021-03-21 00:00:00+00:00,0.00148149,0.0009632566666666666,0.00288977,3
2021-03-22 00:00:00+00:00,0.00014209,0.00043372,0.00130116,3
2021-03-23 00:00:00+00:00,0.00043461,0.0007627233333333334,0.00228817,3
2021-03-24 00:00:00+00:00,0.00048855,0.0002387266666666667,0.0007161800000000001,3
2021-03-25 00:00:00+00:00,0.00011529,0.00013859999999999998,0.00041579999999999997,3
2021-03-26 00:00:00+00:00,0.0001,0.0001,0.00030000000000000003,3
2021-03-27 00:00:00+00:00,0.0001,9.643666666666666e-05,0.00028931,3
2021-03-28 00:00:00+00:00,0.0001,0.0001,0.00030000000000000003,3
2021-03-29 00:00:00+00:00,0.00012422,0.00010807333333333334,0.00032422,3
2021-03-30 00:00:00+00:00,0.00145824,0.0007727900000000001,0.00231837,3
2021-03-31 00:00:00+00:00,0.00113188,0.00124972,0.00374916,3
2021-04-01 00:00:00+00:00,0.00151269,0.00123547,0.00370641,3
2021-04-02 00:00:00+00:00,0.00122281,0.0009401866666666666,0.0028205599999999997,3
2021-04-03 00:00:00+00:00,0.00110637,0.0018765466666666667,0.00562964,3
2021-04-04 00:00:00+00:00,0.00125808,0.0012498033333333332,0.00374941,3
2021-04-05 00:00:00+00:00,0.00121909,0.00047303,0.00141909,3
2021-04-06 00:00:00+00:00,0.00098493,0.0006468466666666666,0.00194054,3
2021-04-07 00:00:00+00:00,0.00088002,0.0013711966666666668,0.00411359,3
2021-04-08 00:00:00+00:00,0.0001,0.00043027999999999995,0.00129084,3
2021-04-09 00:00:00+00:00,0.0001,0.0001,0.00030000000000000003,3
2021-04-10 00:00:00+00:00,0.00024632,0.00014877333333333334,0.00044632000000000005,3
2021-04-11 00:00:00+00:00,0.00082597,0.0012123366666666666,0.00363701,3
2021-04-12 00:00:00+00:00,0.00075963,0.00111981,0.00335943,3
2021-04-13 00:00:00+00:00,0.00070132,0.0011093799999999999,0.00332814,3
2021-04-14 00:00:00+00:00,0.00130419,0.00102342,0.00307026,3
2021-04-15 00:00:00+00:00,0.00086139,0.0018065933333333334,0.00541978,3
2021-04-16 00:00:00+00:00,0.00229683,0.001550526666666667,0.004651580000000001,3
2021-04-17 00:00:00+00:00,0.00024824,0.0014553833333333334,0.00436615,3
2021-04-18 00:00:00+00:00,0.00134703,0.0016542066666666666,0.00496262,3
2021-04-19 00:00:00+00:00,4.12e-05,8.04e-05,0.0002412,3
2021-04-20 00:00:00+00:00,0.0001,0.0001,0.00030000000000000003,3
2021-04-21 00:00:00+00:00,0.0001,0.0001,0.00030000000000000003,3
2021-04-22 00:00:00+00:00,0.0001,0.0001,0.00030000000000000003,3
2021-04-23 00:00:00+00:00,0.00071194,0.00041083333333333336,0.0012325,3
2021-04-24 00:00:00+00:00,0.0001,0.0001,0.00030000000000000003,3
2021-04-25 00:00:00+00:00,0.00026759,0.00015586333333333336,0.00046759000000000004,3
2021-04-26 00:00:00+00:00,-1.175e-05,6.275000000000001e-05,0.00018825000000000002,3
2021-04-27 00:00:00+00:00,0.0001,1.1196666666666669e-05,3.359000000000001e-05,3
2021-04-28 00:00:00+00:00,0.0001,9.323666666666667e-05,0.00027971,3
2021-04-29 00:00:00+00:00,0.0001,0.0001,0.00030000000000000003,3
2021-04-30 00:00:00+00:00,0.0001,0.00027990666666666665,0.00083972,3
2021-05-01 00:00:00+00:00,0.0001,0.0001,0.00030000000000000003,3
2021-05-02 00:00:00+00:00,0.00067149,0.0005570999999999999,0.0016713,3
2021-05-03 00:00:00+00:00,0.00011935,0.00031627,0.00094881,3
2021-05-04 00:00:00+00:00,0.00030831,0.0005890266666666666,0.0017670799999999999,3
2021-05-05 00:00:00+00:00,0.0005226,0.0005767233333333334,0.00173017,3
2021-05-06 00:00:00+00:00,0.00073245,0.00035139000000000004,0.00105417,3
2021-05-07 00:00:00+00:00,0.00023332,0.0007319700000000001,0.00219591,3
2021-05-08 00:00:00+00:00,0.00064811,0.00047372,0.00142116,3
2021-05-09 00:00:00+00:00,0.00039962,0.0004110633333333333,0.00123319,3
2021-05-10 00:00:00+00:00,0.00021739,0.0004961233333333333,0.00148837,3
2021-05-11 00:00:00+00:00,0.00010071,0.0009753533333333333,0.00292606,3
2021-05-12 00:00:00+00:00,0.0001,0.0001891266666666667,0.00056738,3
2021-05-13 00:00:00+00:00,0.0001,0.0005287933333333333,0.00158638,3
2021-05-14 00:00:00+00:00,0.00061105,0.00045696333333333333,0.00137089,3
2021-05-15 00:00:00+00:00,0.00029638,0.0002714133333333333,0.0008142399999999999,3
2021-05-16 00:00:00+00:00,0.00013743,0.00022053333333333335,0.0006616,3
2021-05-17 00:00:00+00:00,0.00040139,0.00038297,0.00114891,3
2021-05-18 00:00:00+00:00,0.0001,0.00016387,0.00049161,3
2021-05-19 00:00:00+00:00,0.00023685,0.00034872,0.00104616,3
2021-05-20 00:00:00+00:00,0.0001,-0.0006489933333333333,-0.00194698,3
2021-05-21 00:00:00+00:00,0.0001,0.0001,0.00030000000000000003,3
2021-05-22 00:00:00+00:00,0.0001,8.547333333333335e-05,0.00025642000000000004,3
2021-05-23 00:00:00+00:00,0.0001,0.0001,0.00030000000000000003,3
2021-05-24 00:00:00+00:00,-0.00017184,9.386666666666668e-06,2.816e-05,3
2021-05-25 00:00:00+00:00,0.0001,9.766e-05,0.00029298,3
2021-05-26 00:00:00+00:00,0.0001,0.0001,0.00030000000000000003,3
2021-05-27 00:00:00+00:00,0.0001,0.00010933333333333334,0.000328,3
2021-05-28 00:00:00+00:00,0.0001,-2.9969999999999996e-05,-8.990999999999998e-05,3
2021-05-29 00:00:00+00:00,0.0001,0.0001,0.00030000000000000003,3
2021-05-30 00:00:00+00:00,0.0001,0.0001,0.00030000000000000003,3
2021-05-31 00:00:00+00:00,0.0001,5.502333333333334e-05,0.00016507000000000002,3
2021-06-01 00:00:00+00:00,0.0001,-0.0004116766666666667,-0.00123503,3
2021-06-02 00:00:00+00:00,0.0001,0.0001,0.00030000000000000003,3
2021-06-03 00:00:00+00:00,0.0001,9.814666666666666e-05,0.00029444,3
2021-06-04 00:00:00+00:00,0.00031586,0.00017195333333333335,0.00051586,3
2021-06-05 00:00:00+00:00,-9.007e-05,3.6643333333333335e-05,0.00010993000000000001,3
2021-06-06 00:00:00+00:00,0.0001,0.0001,0.00030000000000000003,3
2021-06-07 00:00:00+00:00,9.052e-05,9.684e-05,0.00029052,3
2021-06-08 00:00:00+00:00,-0.0002769,-2.5633333333333334e-05,-7.69e-05,3
2021-06-09 00:00:00+00:00,-0.00080356,-0.0005301966666666667,-0.00159059,3
2021-06-10 00:00:00+00:00,0.0001,-0.0003971033333333333,-0.00119131,3
2021-06-11 00:00:00+00:00,0.0001,0.0001,0.00030000000000000003,3
2021-06-12 00:00:00+00:00,0.0001,8.950000000000001e-05,0.0002685,3
2021-06-13 00:00:00+00:00,-9.35e-06,-2.9876666666666665e-05,-8.963e-05,3
2021-06-14 00:00:00+00:00,0.0001,-7.736666666666666e-05,-0.00023209999999999998,3
2021-06-15 00:00:00+00:00,0.0001,0.0001,0.00030000000000000003,3
2021-06-16 00:00:00+00:00,6.654e-05,8.884666666666666e-05,0.00026654,3
2021-06-17 00:00:00+00:00,0.0001,0.0001,0.00030000000000000003,3
2021-06-18 00:00:00+00:00,0.0001,0.0001,0.00030000000000000003,3
2021-06-19 00:00:00+00:00,0.0001,0.0001,0.00030000000000000003,3
2021-06-20 00:00:00+00:00,0.0001,3.404333333333334e-05,0.00010213000000000001,3
2021-06-21 00:00:00+00:00,0.0001,0.0001,0.00030000000000000003,3
2021-06-22 00:00:00+00:00,8.113e-05,8.373333333333334e-05,0.00025120000000000003,3
2021-06-23 00:00:00+00:00,-3.63e-05,-0.00017449,-0.00052347,3
2021-06-24 00:00:00+00:00,0.0001,8.781e-05,0.00026343,3
2021-06-25 00:00:00+00:00,0.0001,-0.00019555333333333335,-0.00058666,3
2021-06-26 00:00:00+00:00,0.0001,0.0001,0.00030000000000000003,3
2021-06-27 00:00:00+00:00,-0.00066906,-0.0003047,-0.0009140999999999999,3
2021-06-28 00:00:00+00:00,-0.00010951,-0.0003608966666666667,-0.00108269,3
2021-06-29 00:00:00+00:00,0.0001,0.0001,0.00030000000000000003,3
2021-06-30 00:00:00+00:00,0.0001,4.9313333333333334e-05,0.00014794,3
2021-07-01 00:00:00+00:00,0.0001,0.0001,0.00030000000000000003,3
2021-07-02 00:00:00+00:00,5.762e-05,-2.4693333333333333e-05,-7.408e-05,3
2021-07-03 00:00:00+00:00,0.0001,8.339666666666667e-05,0.00025019,3
2021-07-04 00:00:00+00:00,-0.00046632,-0.00015216666666666666,-0.0004565,3
2021-07-05 00:00:00+00:00,0.0001,5.4646666666666666e-05,0.00016394,3
2021-07-06 00:00:00+00:00,2.487e-05,3.982e-05,0.00011946,3
2021-07-07 00:00:00+00:00,-0.00011344,-1.871e-05,-5.613e-05,3
2021-07-08 00:00:00+00:00,0.0001,2.7866666666666672e-05,8.360000000000001e-05,3
2021-07-09 00:00:00+00:00,-0.0001894,-4.280333333333333e-05,-0.00012841,3
2021-07-10 00:00:00+00:00,0.0001,-4.839666666666667e-05,-0.00014519,3
2021-07-11 00:00:00+00:00,0.0001,5.519333333333333e-05,0.00016558,3
2021-07-12 00:00:00+00:00,-0.00031673,-0.00038256333333333326,-0.0011476899999999998,3
2021-07-13 00:00:00+00:00,0.0001,0.00014965666666666666,0.00044897,3
2021-07-14 00:00:00+00:00,0.0001,0.0001,0.00030000000000000003,3
2021-07-15 00:00:00+00:00,0.0001,5.125333333333334e-05,0.00015376000000000002,3
2021-07-16 00:00:00+00:00,0.0001,0.0001,0.00030000000000000003,3
2021-07-17 00:00:00+00:00,0.0001,7.374333333333334e-05,0.00022123,3
2021-07-18 00:00:00+00:00,0.0001,0.0001,0.00030000000000000003,3
2021-07-19 00:00:00+00:00,-3.985e-05,5.338333333333334e-05,0.00016015000000000002,3
2021-07-20 00:00:00+00:00,0.0001,0.0001,0.00030000000000000003,3
2021-07-21 00:00:00+00:00,-0.00033553,-0.00015033666666666666,-0.00045101,3
2021-07-22 00:00:00+00:00,-0.00035493,-0.00017703333333333332,-0.0005311,3
2021-07-23 00:00:00+00:00,-0.00052079,-0.00031066333333333335,-0.00093199,3
2021-07-24 00:00:00+00:00,-0.00039369,-0.00018948333333333332,-0.00056845,3
2021-07-25 00:00:00+00:00,-0.00104019,-0.0007999033333333334,-0.00239971,3
2021-07-26 00:00:00+00:00,0.00010439,-0.00032861666666666664,-0.00098585,3
2021-07-27 00:00:00+00:00,0.0001,0.0001,0.00030000000000000003,3
2021-07-28 00:00:00+00:00,0.0001,8.223666666666667e-05,0.00024671000000000003,3
2021-07-29 00:00:00+00:00,9.118e-05,9.706000000000001e-05,0.00029118000000000004,3
2021-07-30 00:00:00+00:00,0.0001,0.0001,0.00030000000000000003,3
2021-07-31 00:00:00+00:00,0.0001,0.0001,0.00030000000000000003,3
2021-08-01 00:00:00+00:00,0.0001,0.0001,0.00030000000000000003,3
2021-08-02 00:00:00+00:00,0.0001,0.0001,0.00030000000000000003,3
2021-08-03 00:00:00+00:00,0.0001,0.0001,0.00030000000000000003,3
2021-08-04 00:00:00+00:00,0.0001,0.0001,0.00030000000000000003,3
2021-08-05 00:00:00+00:00,0.0001,4.081666666666667e-05,0.00012245000000000002,3
2021-08-06 00:00:00+00:00,0.0001,0.0001,0.00030000000000000003,3
2021-08-07 00:00:00+00:00,5.418e-05,8.472666666666667e-05,0.00025418,3
2021-08-08 00:00:00+00:00,0.0001,0.0001,0.00030000000000000003,3
2021-08-09 00:00:00+00:00,0.0001,0.0001,0.00030000000000000003,3
2021-08-10 00:00:00+00:00,0.0001,0.0001,0.00030000000000000003,3
2021-08-11 00:00:00+00:00,0.0001,0.00010559333333333334,0.00031678,3
2021-08-12 00:00:00+00:00,0.0001,0.0001,0.00030000000000000003,3
2021-08-13 00:00:00+00:00,0.0001,0.00014876666666666666,0.0004463,3
2021-08-14 00:00:00+00:00,0.0001,6.324333333333334e-05,0.00018973000000000001,3
2021-08-15 00:00:00+00:00,0.0001,0.00010844000000000001,0.00032532000000000004,3
2021-08-16 00:00:00+00:00,0.0001,0.00022159,0.00066477,3
2021-08-17 00:00:00+00:00,0.00010737,0.00016750999999999997,0.00050253,3
2021-08-18 00:00:00+00:00,0.00034051,0.00025592333333333334,0.00076777,3
2021-08-19 00:00:00+00:00,0.00021109,0.00013703,0.00041109,3
2021-08-20 00:00:00+00:00,0.0001,0.0001,0.00030000000000000003,3
2021-08-21 00:00:00+00:00,0.0001,0.0001,0.00030000000000000003,3
2021-08-22 00:00:00+00:00,0.0001,0.0001,0.00030000000000000003,3
2021-08-23 00:00:00+00:00,-0.00034776,-4.925333333333334e-05,-0.00014776,3
2021-08-24 00:00:00+00:00,0.0001,2.3986666666666675e-05,7.196000000000002e-05,3
2021-08-25 00:00:00+00:00,0.0006916,0.0005899066666666667,0.00176972,3
2021-08-26 00:00:00+00:00,0.0001,0.00013085,0.00039255000000000003,3
2021-08-27 00:00:00+00:00,0.0001273,0.0003328633333333334,0.0009985900000000002,3
2021-08-28 00:00:00+00:00,0.0001,0.0001,0.00030000000000000003,3
2021-08-29 00:00:00+00:00,0.00014431,0.00011477,0.00034431,3
2021-08-30 00:00:00+00:00,0.000257,0.00019974666666666666,0.00059924,3
2021-08-31 00:00:00+00:00,0.0008344,0.0007186233333333333,0.00215587,3
2021-09-01 00:00:00+00:00,0.00069875,0.0004940566666666667,0.00148217,3
2021-09-02 00:00:00+00:00,0.0001,0.0001,0.00030000000000000003,3
2021-09-03 00:00:00+00:00,0.00040884,0.00032743666666666665,0.00098231,3
2021-09-04 00:00:00+00:00,0.00012936,0.00010978666666666666,0.00032936,3
2021-09-05 00:00:00+00:00,0.00037759,0.00028068666666666663,0.0008420599999999999,3
2021-09-06 00:00:00+00:00,-0.00094679,-0.00040188666666666665,-0.0012056599999999999,3
2021-09-07 00:00:00+00:00,0.0001,0.0001,0.00030000000000000003,3
2021-09-08 00:00:00+00:00,0.0001,0.0002827833333333333,0.00084835,3
2021-09-09 00:00:00+00:00,0.0001,0.0001,0.00030000000000000003,3
2021-09-10 00:00:00+00:00,0.0001,0.0001,0.00030000000000000003,3
2021-09-11 00:00:00+00:00,0.0001,0.0001,0.00030000000000000003,3
2021-09-12 00:00:00+00:00,0.0001,0.0001,0.00030000000000000003,3
2021-09-13 00:00:00+00:00,0.00048167,0.00022722333333333332,0.00068167,3
2021-09-14 00:00:00+00:00,0.0001,0.00015767666666666668,0.00047303000000000004,3
2021-09-15 00:00:00+00:00,-0.00016216,-0.00016462333333333332,-0.00049387,3
2021-09-16 00:00:00+00:00,-0.0003025,-0.00038498666666666667,-0.00115496,3
2021-09-17 00:00:00+00:00,0.0001,0.0001,0.00030000000000000003,3
2021-09-18 00:00:00+00:00,-0.00013281,2.2396666666666672e-05,6.719000000000001e-05,3
2021-09-19 00:00:00+00:00,0.0001,-4.4666666666666665e-06,-1.34e-05,3
2021-09-20 00:00:00+00:00,0.0001,0.0001,0.00030000000000000003,3
2021-09-21 00:00:00+00:00,-0.00017869,7.103333333333333e-06,2.1309999999999998e-05,3
2021-09-22 00:00:00+00:00,-7.806e-05,-3.2029999999999997e-05,-9.609e-05,3
2021-09-23 00:00:00+00:00,3.415e-05,-9.006666666666667e-05,-0.0002702,3
2021-09-24 00:00:00+00:00,-0.00013683,-0.00024236333333333334,-0.00072709,3
2021-09-25 00:00:00+00:00,0.0001,0.0001,0.00030000000000000003,3
2021-09-26 00:00:00+00:00,0.0001,0.0001,0.00030000000000000003,3
2021-09-27 00:00:00+00:00,-0.0001172,2.285e-05,6.855e-05,3
2021-09-28 00:00:00+00:00,0.0001,0.0001,0.00030000000000000003,3
2021-09-29 00:00:00+00:00,1.754e-05,7.251333333333334e-05,0.00021754,3
2021-09-30 00:00:00+00:00,-0.00042866,-0.00012629333333333333,-0.00037887999999999995,3
2021-10-01 00:00:00+00:00,-0.00036276,-0.0001764366666666667,-0.0005293100000000001,3
2021-10-02 00:00:00+00:00,0.0001,-6.596666666666661e-06,-1.9789999999999985e-05,3
2021-10-03 00:00:00+00:00,0.0001,0.0001,0.00030000000000000003,3
2021-10-04 00:00:00+00:00,0.0001,0.0001,0.00030000000000000003,3
2021-10-05 00:00:00+00:00,-0.00040866,-0.00013765666666666667,-0.00041296999999999997,3
2021-10-06 00:00:00+00:00,0.0001,-0.00016612,-0.00049836,3
2021-10-07 00:00:00+00:00,0.00036266,0.00018755333333333332,0.00056266,3
2021-10-08 00:00:00+00:00,0.00061237,0.00078102,0.00234306,3
2021-10-09 00:00:00+00:00,0.0002588,0.00033946,0.00101838,3
2021-10-10 00:00:00+00:00,0.00017559,0.00013756333333333334,0.00041269,3
2021-10-11 00:00:00+00:00,0.0001,0.00021905333333333335,0.0006571600000000001,3
2021-10-12 00:00:00+00:00,0.0001,0.0001,0.00030000000000000003,3
2021-10-13 00:00:00+00:00,0.0001,0.00015819,0.00047457,3
2021-10-14 00:00:00+00:00,0.0001,0.0001,0.00030000000000000003,3
2021-10-15 00:00:00+00:00,0.0001,0.00017261666666666667,0.00051785,3
2021-10-16 00:00:00+00:00,0.00067696,0.00040458333333333335,0.00121375,3
2021-10-17 00:00:00+00:00,0.0008968,0.00096801,0.00290403,3
2021-10-18 00:00:00+00:00,0.0001,0.00048672999999999994,0.0014601899999999999,3
2021-10-19 00:00:00+00:00,0.00014249,0.00011416333333333333,0.00034249,3
2021-10-20 00:00:00+00:00,0.00020939,0.00022877666666666665,0.00068633,3
2021-10-21 00:00:00+00:00,0.00166962,0.0012950899999999998,0.0038852699999999997,3
2021-10-22 00:00:00+00:00,0.00080471,0.00098761,0.00296283,3
2021-10-23 00:00:00+00:00,0.00036422,0.0003585866666666667,0.00107576,3
2021-10-24 00:00:00+00:00,0.00074076,0.00042373000000000004,0.0012711900000000002,3
2021-10-25 00:00:00+00:00,0.00034959,0.0006130966666666667,0.00183929,3
2021-10-26 00:00:00+00:00,0.00050968,0.00027151666666666666,0.00081455,3
2021-10-27 00:00:00+00:00,0.00055144,0.0006106033333333334,0.0018318100000000001,3
2021-10-28 00:00:00+00:00,0.00044528,0.0006292466666666666,0.00188774,3
2021-10-29 00:00:00+00:00,0.00057802,0.00038148666666666664,0.00114446,3
2021-10-30 00:00:00+00:00,0.0004836,0.00024475999999999995,0.0007342799999999999,3
2021-10-31 00:00:00+00:00,0.00034263,0.00036389333333333333,0.00109168,3
2021-11-01 00:00:00+00:00,0.00030418,0.0006760666666666667,0.0020282,3
2021-11-02 00:00:00+00:00,0.00048203,0.00044596666666666665,0.0013379,3
2021-11-03 00:00:00+00:00,0.00083608,0.00057523,0.00172569,3
2021-11-04 00:00:00+00:00,0.00084095,0.0007437033333333333,0.00223111,3
2021-11-05 00:00:00+00:00,0.00028537,0.00060786,0.00182358,3
2021-11-06 00:00:00+00:00,0.00103039,0.0007883833333333333,0.00236515,3
2021-11-07 00:00:00+00:00,0.0001,0.00048197,0.0014459100000000001,3
2021-11-08 00:00:00+00:00,0.0001,0.00011083000000000001,0.00033249,3
2021-11-09 00:00:00+00:00,0.00024803,0.00014934333333333332,0.00044803,3
2021-11-10 00:00:00+00:00,0.00064863,0.0005233133333333333,0.0015699400000000001,3
2021-11-11 00:00:00+00:00,0.00017559,0.0003802433333333333,0.00114073,3
2021-11-12 00:00:00+00:00,0.00029265,0.00016421666666666666,0.00049265,3
2021-11-13 00:00:00+00:00,0.00018203,0.0002820566666666667,0.00084617,3
2021-11-14 00:00:00+00:00,0.0001,0.00012927999999999998,0.00038784,3
2021-11-15 00:00:00+00:00,0.0001,0.00012422333333333334,0.00037267,3
2021-11-16 00:00:00+00:00,0.00067888,0.00054642,0.00163926,3
2021-11-17 00:00:00+00:00,0.00020795,0.0002923966666666667,0.00087719,3
2021-11-18 00:00:00+00:00,0.0001,0.0001,0.00030000000000000003,3
2021-11-19 00:00:00+00:00,0.0004462,0.00048244333333333336,0.0014473300000000001,3
2021-11-20 00:00:00+00:00,0.0001,0.00011661,0.00034983,3
2021-11-21 00:00:00+00:00,0.00019204,0.00017659000000000002,0.00052977,3
2021-11-22 00:00:00+00:00,0.00018017,0.00014726333333333334,0.00044179,3
2021-11-23 00:00:00+00:00,0.0001,0.00014824333333333332,0.00044472999999999995,3
2021-11-24 00:00:00+00:00,0.0001,0.0001,0.00030000000000000003,3
2021-11-25 00:00:00+00:00,0.0002399,0.00026062666666666666,0.00078188,3
2021-11-26 00:00:00+00:00,0.00035864,0.0002304266666666667,0.0006912800000000001,3
2021-11-27 00:00:00+00:00,0.00045236,0.0006191166666666667,0.00185735,3
2021-11-28 00:00:00+00:00,0.00038515,0.00019505,0.00058515,3
2021-11-29 00:00:00+00:00,0.0001,0.00018059333333333334,0.0005417800000000001,3
2021-11-30 00:00:00+00:00,0.0001,0.0001,0.00030000000000000003,3
2021-12-01 00:00:00+00:00,0.00047503,0.00022501,0.00067503,3
2021-12-02 00:00:00+00:00,0.0001,0.00015638999999999998,0.00046917,3
2021-12-03 00:00:00+00:00,0.00031547,0.00027987333333333336,0.00083962,3
2021-12-04 00:00:00+00:00,0.0001,0.0002459366666666667,0.00073781,3
2021-12-05 00:00:00+00:00,4.989e-05,8.062333333333332e-05,0.00024187,3
2021-12-06 00:00:00+00:00,0.0001,7.707666666666667e-05,0.00023123000000000002,3
2021-12-07 00:00:00+00:00,2.962e-05,7.654000000000001e-05,0.00022962000000000001,3
2021-12-08 00:00:00+00:00,0.0001,4.419666666666668e-05,0.00013259000000000003,3
2021-12-09 00:00:00+00:00,0.0001,0.0001,0.00030000000000000003,3
2021-12-10 00:00:00+00:00,0.0001,0.0001,0.00030000000000000003,3
2021-12-11 00:00:00+00:00,0.0001,0.0001,0.00030000000000000003,3
2021-12-12 00:00:00+00:00,0.0001,0.0001,0.00030000000000000003,3
2021-12-13 00:00:00+00:00,8.1e-06,6.936666666666667e-05,0.00020810000000000002,3
2021-12-14 00:00:00+00:00,-3.646e-05,7.076666666666669e-06,2.1230000000000005e-05,3
2021-12-15 00:00:00+00:00,0.0001,9.003333333333333e-05,0.0002701,3
2021-12-16 00:00:00+00:00,0.0001,0.0001,0.00030000000000000003,3
2021-12-17 00:00:00+00:00,0.0001,0.0001,0.00030000000000000003,3
2021-12-18 00:00:00+00:00,0.0001,0.0001,0.00030000000000000003,3
2021-12-19 00:00:00+00:00,0.0001,0.0001,0.00030000000000000003,3
2021-12-20 00:00:00+00:00,0.0001,0.0001,0.00030000000000000003,3
2021-12-21 00:00:00+00:00,0.0001,0.0001,0.00030000000000000003,3
2021-12-22 00:00:00+00:00,0.0001,0.0001,0.00030000000000000003,3
2021-12-23 00:00:00+00:00,0.0001,0.0001,0.00030000000000000003,3
2021-12-24 00:00:00+00:00,0.0001,0.0001,0.00030000000000000003,3
2021-12-25 00:00:00+00:00,0.0001,0.0001,0.00030000000000000003,3
2021-12-26 00:00:00+00:00,0.0001,0.0001,0.00030000000000000003,3
2021-12-27 00:00:00+00:00,0.0001,0.0001,0.00030000000000000003,3
2021-12-28 00:00:00+00:00,0.0001,0.0001,0.00030000000000000003,3
2021-12-29 00:00:00+00:00,0.0001,0.0001,0.00030000000000000003,3
2021-12-30 00:00:00+00:00,0.0001,0.0001,0.00030000000000000003,3
2021-12-31 00:00:00+00:00,0.0001,0.0001,0.00030000000000000003,3
2022-01-01 00:00:00+00:00,0.0001,0.0001,0.00030000000000000003,3
2022-01-02 00:00:00+00:00,0.0001,0.0001,0.00030000000000000003,3
2022-01-03 00:00:00+00:00,0.0001,0.0001,0.00030000000000000003,3
2022-01-04 00:00:00+00:00,0.0001,0.0001,0.00030000000000000003,3
2022-01-05 00:00:00+00:00,0.0001,0.0001,0.00030000000000000003,3
2022-01-06 00:00:00+00:00,0.0001,0.0001,0.00030000000000000003,3
2022-01-07 00:00:00+00:00,0.0001,0.0001,0.00030000000000000003,3
2022-01-08 00:00:00+00:00,0.0001,0.0001,0.00030000000000000003,3
2022-01-09 00:00:00+00:00,0.0001,0.0001,0.00030000000000000003,3
2022-01-10 00:00:00+00:00,0.0001,0.0001,0.00030000000000000003,3
2022-01-11 00:00:00+00:00,8.221e-05,9.407000000000001e-05,0.00028221,3
2022-01-12 00:00:00+00:00,0.0001,5.685e-05,0.00017055,3
2022-01-13 00:00:00+00:00,0.0001,1.5243333333333337e-05,4.573000000000001e-05,3
2022-01-14 00:00:00+00:00,0.0001,0.0001,0.00030000000000000003,3
2022-01-15 00:00:00+00:00,0.0001,8.917666666666666e-05,0.00026753,3
2022-01-16 00:00:00+00:00,0.0001,8.09e-05,0.00024270000000000002,3
2022-01-17 00:00:00+00:00,0.0001,0.0001,0.00030000000000000003,3
2022-01-18 00:00:00+00:00,0.0001,0.0001,0.00030000000000000003,3
2022-01-19 00:00:00+00:00,0.0001,0.0001,0.00030000000000000003,3
2022-01-20 00:00:00+00:00,0.0001,0.0001,0.00030000000000000003,3
2022-01-21 00:00:00+00:00,0.0001,0.0001,0.00030000000000000003,3
2022-01-22 00:00:00+00:00,4.864e-05,8.288e-05,0.00024864,3
2022-01-23 00:00:00+00:00,6.928e-05,3.999666666666667e-05,0.00011999000000000001,3
2022-01-24 00:00:00+00:00,0.0001,8.797e-05,0.00026391,3
2022-01-25 00:00:00+00:00,0.0001,3.123333333333334e-05,9.370000000000001e-05,3
2022-01-26 00:00:00+00:00,-0.00011039,-0.00014838999999999998,-0.00044516999999999994,3
2022-01-27 00:00:00+00:00,-0.00019785,-0.00010639333333333334,-0.00031918,3
2022-01-28 00:00:00+00:00,-8.549e-05,-1.0976666666666664e-05,-3.292999999999999e-05,3
2022-01-29 00:00:00+00:00,4.215e-05,-5.9366666666666675e-05,-0.00017810000000000002,3
2022-01-30 00:00:00+00:00,4.287e-05,-5.360333333333334e-05,-0.00016081000000000003,3
2022-01-31 00:00:00+00:00,-6.998e-05,6.503333333333332e-06,1.9509999999999994e-05,3
2022-02-01 00:00:00+00:00,-1.712e-05,-0.0002701933333333333,-0.00081058,3
2022-02-02 00:00:00+00:00,0.0001,2.963e-05,8.889e-05,3
2022-02-03 00:00:00+00:00,2.5e-07,5.579333333333334e-05,0.00016738000000000001,3
2022-02-04 00:00:00+00:00,-0.00041531,-0.00016140666666666667,-0.00048422,3
2022-02-05 00:00:00+00:00,0.0001,4.294333333333333e-05,0.00012883,3
2022-02-06 00:00:00+00:00,-1.399e-05,-1.2360000000000002e-05,-3.7080000000000004e-05,3
2022-02-07 00:00:00+00:00,-0.0001405,-0.00012938666666666667,-0.00038816,3
2022-02-08 00:00:00+00:00,0.0001,3.064e-05,9.192e-05,3
2022-02-09 00:00:00+00:00,-3.932e-05,5.356e-05,0.00016068,3
2022-02-10 00:00:00+00:00,-0.00010229,-8.906666666666662e-06,-2.6719999999999988e-05,3
2022-02-11 00:00:00+00:00,0.0001,7.434666666666666e-05,0.00022304,3
2022-02-12 00:00:00+00:00,0.0001,5.031666666666667e-05,0.00015095,3
2022-02-13 00:00:00+00:00,0.0001,0.0001,0.00030000000000000003,3
2022-02-14 00:00:00+00:00,0.0001,4.558333333333333e-05,0.00013675,3
2022-02-15 00:00:00+00:00,-0.00014888,1.7040000000000003e-05,5.112000000000001e-05,3
2022-02-16 00:00:00+00:00,0.0001,0.0001,0.00030000000000000003,3
2022-02-17 00:00:00+00:00,0.0001,0.0001,0.00030000000000000003,3
2022-02-18 00:00:00+00:00,0.0001,0.0001,0.00030000000000000003,3
2022-02-19 00:00:00+00:00,0.0001,8.041333333333334e-05,0.00024124000000000001,3
2022-02-20 00:00:00+00:00,0.0001,0.0001,0.00030000000000000003,3
2022-02-21 00:00:00+00:00,8.298e-05,4.075333333333333e-05,0.00012225999999999998,3
2022-02-22 00:00:00+00:00,6.358e-05,-3.207e-05,-9.621e-05,3
2022-02-23 00:00:00+00:00,-7.834e-05,-0.00015575333333333333,-0.00046726,3
2022-02-24 00:00:00+00:00,-0.00027387,-0.00011169333333333334,-0.00033508,3
2022-02-25 00:00:00+00:00,6.724e-05,2.8623333333333334e-05,8.587e-05,3
2022-02-26 00:00:00+00:00,0.0001,3.8270000000000005e-05,0.00011481000000000001,3
2022-02-27 00:00:00+00:00,-2.734e-05,-4.4726666666666666e-05,-0.00013418,3
2022-02-28 00:00:00+00:00,-0.00013808,-0.00011865,-0.00035595,3
2022-03-01 00:00:00+00:00,0.0001,5.0849999999999996e-05,0.00015255,3
2022-03-02 00:00:00+00:00,0.0001,2.6323333333333336e-05,7.897000000000001e-05,3
2022-03-03 00:00:00+00:00,0.0001,9.483666666666668e-05,0.00028451,3
2022-03-04 00:00:00+00:00,0.0001,0.0001,0.00030000000000000003,3
2022-03-05 00:00:00+00:00,-2.498e-05,5.6023333333333336e-05,0.00016807,3
2022-03-06 00:00:00+00:00,-1.93e-06,-5.5310000000000004e-05,-0.00016593,3
2022-03-07 00:00:00+00:00,0.0001,9.906666666666667e-05,0.0002972,3
2022-03-08 00:00:00+00:00,0.0001,1.787e-05,5.361e-05,3
2022-03-09 00:00:00+00:00,-4.42e-06,6.519333333333334e-05,0.00019558000000000002,3
2022-03-10 00:00:00+00:00,0.0001,0.0001,0.00030000000000000003,3
2022-03-11 00:00:00+00:00,4.275e-05,-3.6933333333333295e-06,-1.1079999999999989e-05,3
2022-03-12 00:00:00+00:00,0.0001,8.806000000000001e-05,0.00026418000000000004,3
2022-03-13 00:00:00+00:00,-1.752e-05,1.5056666666666668e-05,4.517e-05,3
2022-03-14 00:00:00+00:00,0.0001,0.0001,0.00030000000000000003,3
2022-03-15 00:00:00+00:00,0.0001,0.0001,0.00030000000000000003,3
2022-03-16 00:00:00+00:00,-1.052e-05,4.096000000000001e-05,0.00012288000000000002,3
2022-03-17 00:00:00+00:00,0.0001,5.967333333333334e-05,0.00017902,3
2022-03-18 00:00:00+00:00,-0.00015262,1.5793333333333333e-05,4.738e-05,3
2022-03-19 00:00:00+00:00,0.0001,8.955999999999999e-05,0.00026868,3
2022-03-20 00:00:00+00:00,0.0001,7.081666666666668e-05,0.00021245000000000001,3
2022-03-21 00:00:00+00:00,0.0001,0.0001,0.00030000000000000003,3
2022-03-22 00:00:00+00:00,0.0001,5.588666666666667e-05,0.00016766,3
2022-03-23 00:00:00+00:00,9.503e-05,6.711333333333333e-05,0.00020134,3
2022-03-24 00:00:00+00:00,-0.00013062,-2.2099999999999995e-05,-6.629999999999999e-05,3
2022-03-25 00:00:00+00:00,2.951e-05,-3.905666666666666e-05,-0.00011716999999999999,3
2022-03-26 00:00:00+00:00,-0.00030897,-0.00016991,-0.00050973,3
2022-03-27 00:00:00+00:00,-0.00011119,-8.062666666666666e-05,-0.00024188,3
2022-03-28 00:00:00+00:00,0.0001,4.066e-05,0.00012198,3
2022-03-29 00:00:00+00:00,0.0001,4.159000000000001e-05,0.00012477,3
2022-03-30 00:00:00+00:00,0.0001,5.6800000000000005e-05,0.00017040000000000002,3
2022-03-31 00:00:00+00:00,0.0001,8.309333333333333e-05,0.00024928,3
2022-04-01 00:00:00+00:00,0.0001,0.0001,0.00030000000000000003,3
2022-04-02 00:00:00+00:00,0.0001,7.418666666666667e-05,0.00022256,3
2022-04-03 00:00:00+00:00,0.0001,0.0001,0.00030000000000000003,3
2022-04-04 00:00:00+00:00,0.0001,0.0001,0.00030000000000000003,3
2022-04-05 00:00:00+00:00,0.0001,0.0001,0.00030000000000000003,3
2022-04-06 00:00:00+00:00,0.0001,0.0001,0.00030000000000000003,3
2022-04-07 00:00:00+00:00,0.0001,0.0001,0.00030000000000000003,3
2022-04-08 00:00:00+00:00,0.0001,0.0001,0.00030000000000000003,3
2022-04-09 00:00:00+00:00,0.0001,0.0001,0.00030000000000000003,3
2022-04-10 00:00:00+00:00,-1.954e-05,6.015333333333334e-05,0.00018046000000000002,3
2022-04-11 00:00:00+00:00,0.0001,5.467333333333334e-05,0.00016402000000000002,3
2022-04-12 00:00:00+00:00,-0.00020802,-1.625666666666667e-05,-4.877000000000001e-05,3
2022-04-13 00:00:00+00:00,-0.00012295,-2.424666666666667e-05,-7.274000000000001e-05,3
2022-04-14 00:00:00+00:00,6.011e-05,8.651999999999999e-05,0.00025956,3
2022-04-15 00:00:00+00:00,-7.962e-05,1.7983333333333338e-05,5.395000000000001e-05,3
2022-04-16 00:00:00+00:00,1.418e-05,6.518666666666666e-05,0.00019556,3
2022-04-17 00:00:00+00:00,5.107e-05,7.204666666666666e-05,0.00021614,3
2022-04-18 00:00:00+00:00,-0.00017139,-4.166e-05,-0.00012497999999999999,3
2022-04-19 00:00:00+00:00,7.034e-05,4.2476666666666666e-05,0.00012743,3
2022-04-20 00:00:00+00:00,-1.088e-05,1.985666666666667e-05,5.957000000000001e-05,3
2022-04-21 00:00:00+00:00,-0.00014831,-1.6189999999999996e-05,-4.856999999999999e-05,3
2022-04-22 00:00:00+00:00,-0.00025078,-8.718333333333333e-05,-0.00026155,3
2022-04-23 00:00:00+00:00,-0.0001241,-4.506666666666669e-06,-1.3520000000000006e-05,3
2022-04-24 00:00:00+00:00,-0.00011916,-5.5780000000000005e-05,-0.00016734,3
2022-04-25 00:00:00+00:00,7.912e-05,2.801666666666667e-05,8.405000000000001e-05,3
2022-04-26 00:00:00+00:00,0.0001,7.827000000000001e-05,0.00023481,3
2022-04-27 00:00:00+00:00,-7e-07,4.701e-05,0.00014103,3
2022-04-28 00:00:00+00:00,-0.0001296,-3.462333333333334e-05,-0.00010387,3
2022-04-29 00:00:00+00:00,0.0001,0.0001,0.00030000000000000003,3
2022-04-30 00:00:00+00:00,-0.00013118,-4.4359999999999995e-05,-0.00013308,3
2022-05-01 00:00:00+00:00,7.556e-05,8.839e-05,0.00026517,3
2022-05-02 00:00:00+00:00,-4.916e-05,1.4683333333333334e-05,4.405e-05,3
2022-05-03 00:00:00+00:00,0.0001,0.0001,0.00030000000000000003,3
2022-05-04 00:00:00+00:00,8.784e-05,9.594666666666667e-05,0.00028784000000000004,3
2022-05-05 00:00:00+00:00,0.0001,8.551000000000001e-05,0.00025653000000000004,3
2022-05-06 00:00:00+00:00,4.57e-06,-3.116666666666663e-06,-9.349999999999988e-06,3
2022-05-07 00:00:00+00:00,8.675e-05,7.903666666666668e-05,0.00023711,3
2022-05-08 00:00:00+00:00,0.0001,7.72e-05,0.00023160000000000002,3
2022-05-09 00:00:00+00:00,0.0001,0.0001,0.00030000000000000003,3
2022-05-10 00:00:00+00:00,0.0001,0.0001,0.00030000000000000003,3
2022-05-11 00:00:00+00:00,0.0001,0.0001,0.00030000000000000003,3
2022-05-12 00:00:00+00:00,-0.00064305,-0.00018572333333333334,-0.0005571700000000001,3
2022-05-13 00:00:00+00:00,-0.00018196,-0.0002332966666666667,-0.0006998900000000001,3
2022-05-14 00:00:00+00:00,3.175e-05,2.999e-05,8.997e-05,3
2022-05-15 00:00:00+00:00,5.566e-05,6.046666666666667e-06,1.814e-05,3
2022-05-16 00:00:00+00:00,0.0001,7.507333333333334e-05,0.00022522000000000002,3
2022-05-17 00:00:00+00:00,-0.00015301,-5.778333333333334e-05,-0.00017335,3
2022-05-18 00:00:00+00:00,6.097e-05,-2.6463333333333328e-05,-7.938999999999998e-05,3
2022-05-19 00:00:00+00:00,-9.779e-05,-5.2853333333333324e-05,-0.00015855999999999997,3
2022-05-20 00:00:00+00:00,0.0001,3.0856666666666665e-05,9.257e-05,3
2022-05-21 00:00:00+00:00,-0.00011023,2.753333333333334e-05,8.260000000000002e-05,3
2022-05-22 00:00:00+00:00,-3.367e-05,1.8466666666666667e-05,5.5400000000000005e-05,3
2022-05-23 00:00:00+00:00,7.361e-05,8.780333333333333e-05,0.00026341,3
2022-05-24 00:00:00+00:00,-7.92e-06,6.402666666666667e-05,0.00019208000000000002,3
2022-05-25 00:00:00+00:00,7.881e-05,6.212999999999999e-05,0.00018638999999999998,3
2022-05-26 00:00:00+00:00,0.0001,0.0001,0.00030000000000000003,3
2022-05-27 00:00:00+00:00,0.0001,9.159333333333334e-05,0.00027478,3
2022-05-28 00:00:00+00:00,-2.573e-05,5.809000000000001e-05,0.00017427000000000002,3
2022-05-29 00:00:00+00:00,0.0001,8.694666666666667e-05,0.00026084000000000003,3
2022-05-30 00:00:00+00:00,-9.447e-05,3.517666666666667e-05,0.00010553000000000001,3
2022-05-31 00:00:00+00:00,0.0001,7.886333333333334e-05,0.00023659,3
2022-06-01 00:00:00+00:00,0.0001,0.0001,0.00030000000000000003,3
2022-06-02 00:00:00+00:00,-4.305e-05,4.6376666666666666e-05,0.00013913,3
2022-06-03 00:00:00+00:00,-7.9e-05,-7.141999999999999e-05,-0.00021425999999999997,3
2022-06-04 00:00:00+00:00,2.361e-05,6.875666666666666e-05,0.00020627,3
2022-06-05 00:00:00+00:00,0.0001,5.0450000000000007e-05,0.00015135000000000002,3
2022-06-06 00:00:00+00:00,-1.767e-05,1.9413333333333333e-05,5.824e-05,3
2022-06-07 00:00:00+00:00,9.565e-05,6.915e-05,0.00020745,3
2022-06-08 00:00:00+00:00,0.0001,4.123e-05,0.00012369,3
2022-06-09 00:00:00+00:00,0.0001,0.0001,0.00030000000000000003,3
2022-06-10 00:00:00+00:00,0.0001,0.0001,0.00030000000000000003,3
2022-06-11 00:00:00+00:00,-4.366e-05,4.2900000000000006e-05,0.0001287,3
2022-06-12 00:00:00+00:00,5.064e-05,8.354666666666667e-05,0.00025064,3
2022-06-13 00:00:00+00:00,-7.714e-05,3.597333333333334e-05,0.00010792000000000001,3
2022-06-14 00:00:00+00:00,-0.00014081,1.9730000000000003e-05,5.919000000000001e-05,3
2022-06-15 00:00:00+00:00,8.887e-05,5.2480000000000006e-05,0.00015744,3
2022-06-16 00:00:00+00:00,-0.00011241,-3.747e-05,-0.00011241,3
2022-06-17 00:00:00+00:00,-0.00011989,-1.6493333333333337e-05,-4.948000000000001e-05,3
2022-06-18 00:00:00+00:00,0.0001,0.0001,0.00030000000000000003,3
2022-06-19 00:00:00+00:00,-3.449e-05,-3.173333333333333e-05,-9.519999999999998e-05,3
2022-06-20 00:00:00+00:00,5.24e-05,1.2186666666666668e-05,3.656e-05,3
2022-06-21 00:00:00+00:00,0.0001,8.329333333333334e-05,0.00024988,3
2022-06-22 00:00:00+00:00,9.57e-05,6.080666666666667e-05,0.00018242,3
2022-06-23 00:00:00+00:00,-5.576e-05,-1.458e-05,-4.374e-05,3
2022-06-24 00:00:00+00:00,4.71e-05,4.5946666666666665e-05,0.00013784,3
2022-06-25 00:00:00+00:00,8.783e-05,8.051e-05,0.00024153,3
2022-06-26 00:00:00+00:00,7.86e-05,6.969666666666666e-05,0.00020909,3
2022-06-27 00:00:00+00:00,-2.459e-05,4.427666666666666e-05,0.00013283,3
2022-06-28 00:00:00+00:00,-9.09e-05,-2.544e-05,-7.632e-05,3
2022-06-29 00:00:00+00:00,0.0001,8.836e-05,0.00026508,3
2022-06-30 00:00:00+00:00,-2.749e-05,1.722333333333333e-05,5.167e-05,3
2022-07-01 00:00:00+00:00,-7.244e-05,-8.101333333333334e-05,-0.00024304,3
2022-07-02 00:00:00+00:00,0.0001,1.9526666666666667e-05,5.8580000000000005e-05,3
2022-07-03 00:00:00+00:00,6.808e-05,3.895333333333333e-05,0.00011686,3
2022-07-04 00:00:00+00:00,-0.00010662,1.2003333333333329e-05,3.600999999999999e-05,3
2022-07-05 00:00:00+00:00,0.0001,2.979666666666667e-05,8.939000000000001e-05,3
2022-07-06 00:00:00+00:00,0.0001,8.566333333333334e-05,0.00025699,3
2022-07-07 00:00:00+00:00,9.38e-05,7.854666666666667e-05,0.00023564000000000001,3
2022-07-08 00:00:00+00:00,0.0001,-2.4766666666666674e-06,-7.430000000000002e-06,3
2022-07-09 00:00:00+00:00,0.0001,0.0001,0.00030000000000000003,3
2022-07-10 00:00:00+00:00,0.0001,0.0001,0.00030000000000000003,3
2022-07-11 00:00:00+00:00,4.144e-05,8.048e-05,0.00024144000000000002,3
2022-07-12 00:00:00+00:00,0.0001,0.0001,0.00030000000000000003,3
2022-07-13 00:00:00+00:00,1.6e-06,9.496666666666665e-06,2.8489999999999993e-05,3
2022-07-14 00:00:00+00:00,0.0001,6.037e-05,0.00018111,3
2022-07-15 00:00:00+00:00,3.059e-05,4.105666666666667e-05,0.00012317,3
2022-07-16 00:00:00+00:00,9.035e-05,9.309333333333335e-05,0.00027928,3
2022-07-17 00:00:00+00:00,0.0001,0.0001,0.00030000000000000003,3
2022-07-18 00:00:00+00:00,0.0001,0.0001,0.00030000000000000003,3
2022-07-19 00:00:00+00:00,0.0001,0.0001,0.00030000000000000003,3
2022-07-20 00:00:00+00:00,0.0001,0.0001,0.00030000000000000003,3
2022-07-21 00:00:00+00:00,0.0001,0.0001,0.00030000000000000003,3
2022-07-22 00:00:00+00:00,8.25e-05,9.391333333333333e-05,0.00028174,3
2022-07-23 00:00:00+00:00,0.0001,8.809666666666667e-05,0.00026429000000000003,3
2022-07-24 00:00:00+00:00,0.0001,9.733666666666666e-05,0.00029201,3
2022-07-25 00:00:00+00:00,2.443e-05,7.481000000000001e-05,0.00022443000000000002,3
2022-07-26 00:00:00+00:00,0.0001,9.798000000000001e-05,0.00029394,3
2022-07-27 00:00:00+00:00,-1.336e-05,2.564666666666667e-05,7.694e-05,3
2022-07-28 00:00:00+00:00,0.0001,8.450333333333332e-05,0.00025351,3
2022-07-29 00:00:00+00:00,0.0001,0.0001,0.00030000000000000003,3
2022-07-30 00:00:00+00:00,7.52e-05,9.173333333333334e-05,0.0002752,3
2022-07-31 00:00:00+00:00,9.467e-05,9.822333333333335e-05,0.00029467,3
2022-08-01 00:00:00+00:00,5.215e-05,8.405000000000001e-05,0.00025215000000000003,3
2022-08-02 00:00:00+00:00,4.102e-05,8.033999999999999e-05,0.00024102,3
2022-08-03 00:00:00+00:00,-3.547e-05,-1.2529999999999999e-05,-3.759e-05,3
2022-08-04 00:00:00+00:00,0.0001,3.1633333333333354e-06,9.490000000000006e-06,3
2022-08-05 00:00:00+00:00,0.0001,4.3983333333333336e-05,0.00013195,3
2022-08-06 00:00:00+00:00,0.0001,8.059e-05,0.00024177,3
2022-08-07 00:00:00+00:00,4.166e-05,8.055333333333333e-05,0.00024166000000000001,3
2022-08-08 00:00:00+00:00,-1.892e-05,-1.4319999999999998e-05,-4.2959999999999995e-05,3
2022-08-09 00:00:00+00:00,0.0001,0.0001,0.00030000000000000003,3
2022-08-10 00:00:00+00:00,0.0001,0.0001,0.00030000000000000003,3
2022-08-11 00:00:00+00:00,0.0001,0.0001,0.00030000000000000003,3
2022-08-12 00:00:00+00:00,0.0001,0.0001,0.00030000000000000003,3
2022-08-13 00:00:00+00:00,0.0001,0.0001,0.00030000000000000003,3
2022-08-14 00:00:00+00:00,0.0001,0.0001,0.00030000000000000003,3
2022-08-15 00:00:00+00:00,0.0001,0.0001,0.00030000000000000003,3
2022-08-16 00:00:00+00:00,0.0001,0.0001,0.00030000000000000003,3
2022-08-17 00:00:00+00:00,0.0001,0.0001,0.00030000000000000003,3
2022-08-18 00:00:00+00:00,2.591e-05,7.530333333333334e-05,0.00022591,3
2022-08-19 00:00:00+00:00,1.981e-05,7.327e-05,0.00021981,3
2022-08-20 00:00:00+00:00,-8.407e-05,-3.763333333333333e-05,-0.00011289999999999999,3
2022-08-21 00:00:00+00:00,-7.817e-05,-6.611333333333334e-05,-0.00019834000000000003,3
2022-08-22 00:00:00+00:00,-1.974e-05,-5.565666666666667e-05,-0.00016697,3
2022-08-23 00:00:00+00:00,3.134e-05,-1.4166666666666666e-05,-4.2499999999999996e-05,3
2022-08-24 00:00:00+00:00,-8.491e-05,-3.3213333333333336e-05,-9.964e-05,3
2022-08-25 00:00:00+00:00,0.0001,1.6916666666666667e-05,5.075e-05,3
2022-08-26 00:00:00+00:00,0.0001,9.293666666666666e-05,0.00027881,3
2022-08-27 00:00:00+00:00,4.68e-05,3.8883333333333334e-05,0.00011665,3
2022-08-28 00:00:00+00:00,2.69e-05,4.0130000000000004e-05,0.00012039,3
2022-08-29 00:00:00+00:00,-0.00010156,-8.378333333333334e-05,-0.00025135,3
2022-08-30 00:00:00+00:00,7.029e-05,3.4126666666666666e-05,0.00010238,3
2022-08-31 00:00:00+00:00,2.156e-05,3.606e-05,0.00010818,3
2022-09-01 00:00:00+00:00,0.0001,7.678333333333333e-05,0.00023035,3
2022-09-02 00:00:00+00:00,2.906e-05,7.635333333333334e-05,0.00022906,3
2022-09-03 00:00:00+00:00,0.0001,7.675000000000001e-05,0.00023025,3
2022-09-04 00:00:00+00:00,0.0001,0.0001,0.00030000000000000003,3
2022-09-05 00:00:00+00:00,0.0001,8.458666666666667e-05,0.00025376,3
2022-09-06 00:00:00+00:00,6.524e-05,7.857333333333334e-05,0.00023572000000000003,3
2022-09-07 00:00:00+00:00,-3.055e-05,5.648333333333334e-05,0.00016945000000000003,3
2022-09-08 00:00:00+00:00,7.268e-05,3.1146666666666664e-05,9.344e-05,3
2022-09-09 00:00:00+00:00,-0.00015318,-7.252e-05,-0.00021756,3
2022-09-10 00:00:00+00:00,0.0001,4.066666666666684e-07,1.2200000000000053e-06,3
2022-09-11 00:00:00+00:00,-5.103e-05,-8.669999999999998e-06,-2.6009999999999997e-05,3
2022-09-12 00:00:00+00:00,-0.00010085,-8.956333333333334e-05,-0.00026869000000000003,3
2022-09-13 00:00:00+00:00,0.0001,3.510333333333333e-05,0.00010531,3
2022-09-14 00:00:00+00:00,-8.62e-06,4.8736666666666664e-05,0.00014621,3
2022-09-15 00:00:00+00:00,-1.653e-05,4.0696666666666666e-05,0.00012209,3
2022-09-16 00:00:00+00:00,3.118e-05,5.829333333333333e-05,0.00017488,3
2022-09-17 00:00:00+00:00,1.48e-05,2.7366666666666667e-05,8.21e-05,3
2022-09-18 00:00:00+00:00,0.0001,7.184333333333334e-05,0.00021553000000000002,3
2022-09-19 00:00:00+00:00,-7.589e-05,7.340000000000003e-06,2.202000000000001e-05,3
2022-09-20 00:00:00+00:00,9.431e-05,5.319666666666666e-05,0.00015958999999999998,3
2022-09-21 00:00:00+00:00,1.516e-05,6.374333333333334e-05,0.00019123,3
2022-09-22 00:00:00+00:00,1.717e-05,-4.196333333333333e-05,-0.00012589,3
2022-09-23 00:00:00+00:00,3.188e-05,3.1166666666666655e-06,9.349999999999997e-06,3
2022-09-24 00:00:00+00:00,5.797e-05,3.6603333333333336e-05,0.00010981000000000001,3
2022-09-25 00:00:00+00:00,2.898e-05,5.211666666666667e-05,0.00015635,3
2022-09-26 00:00:00+00:00,1.016e-05,4.804666666666666e-05,0.00014413999999999999,3
2022-09-27 00:00:00+00:00,-3.419e-05,-4.162333333333334e-05,-0.00012487000000000002,3
2022-09-28 00:00:00+00:00,2.074e-05,2.2810000000000004e-05,6.843000000000001e-05,3
2022-09-29 00:00:00+00:00,4.184e-05,-9.430000000000001e-06,-2.8290000000000002e-05,3
2022-09-30 00:00:00+00:00,1.95e-05,5.183666666666667e-05,0.00015551,3
2022-10-01 00:00:00+00:00,0.0001,9.966333333333333e-05,0.00029899,3
2022-10-02 00:00:00+00:00,0.0001,8.318000000000001e-05,0.00024954,3
2022-10-03 00:00:00+00:00,0.0001,9.525333333333334e-05,0.00028576000000000003,3
2022-10-04 00:00:00+00:00,-0.00012187,-3.832333333333333e-05,-0.00011496999999999999,3
2022-10-05 00:00:00+00:00,6.623e-05,4.643333333333333e-06,1.3929999999999997e-05,3
2022-10-06 00:00:00+00:00,0.0001,3.743333333333333e-05,0.0001123,3
2022-10-07 00:00:00+00:00,0.0001,0.0001,0.00030000000000000003,3
2022-10-08 00:00:00+00:00,0.0001,0.0001,0.00030000000000000003,3
2022-10-09 00:00:00+00:00,4.58e-06,4.831333333333334e-05,0.00014494,3
2022-10-10 00:00:00+00:00,0.0001,0.0001,0.00030000000000000003,3
2022-10-11 00:00:00+00:00,0.0001,0.0001,0.00030000000000000003,3
2022-10-12 00:00:00+00:00,0.0001,0.0001,0.00030000000000000003,3
2022-10-13 00:00:00+00:00,0.0001,9.082666666666667e-05,0.00027248,3
2022-10-14 00:00:00+00:00,3.467e-05,2.559999999999999e-06,7.679999999999998e-06,3
2022-10-15 00:00:00+00:00,7.789e-05,8.765e-05,0.00026295,3
2022-10-16 00:00:00+00:00,1.462e-05,5.283666666666667e-05,0.00015851,3
2022-10-17 00:00:00+00:00,-6.329e-05,3.301333333333333e-05,9.904e-05,3
2022-10-18 00:00:00+00:00,3.261e-05,3.592e-05,0.00010776000000000001,3
2022-10-19 00:00:00+00:00,0.0001,0.0001,0.00030000000000000003,3
2022-10-20 00:00:00+00:00,0.0001,0.0001,0.00030000000000000003,3
2022-10-21 00:00:00+00:00,0.0001,0.0001,0.00030000000000000003,3
2022-10-22 00:00:00+00:00,-5.909e-05,-2.0176666666666666e-05,-6.053e-05,3
2022-10-23 00:00:00+00:00,6.019e-05,1.4186666666666666e-05,4.256e-05,3
2022-10-24 00:00:00+00:00,4.289e-05,3.49e-05,0.0001047,3
2022-10-25 00:00:00+00:00,-8.074e-05,-1.519e-05,-4.557e-05,3
2022-10-26 00:00:00+00:00,-7.27e-06,-9.840333333333333e-05,-0.00029521,3
2022-10-27 00:00:00+00:00,1.722e-05,-3.681e-05,-0.00011043000000000001,3
2022-10-28 00:00:00+00:00,1.22e-05,1.423e-05,4.269e-05,3
2022-10-29 00:00:00+00:00,3.414e-05,3.743666666666667e-05,0.00011231,3
2022-10-30 00:00:00+00:00,-1.97e-06,-1.471e-05,-4.413e-05,3
2022-10-31 00:00:00+00:00,6.003e-05,3.989e-05,0.00011967,3
2022-11-01 00:00:00+00:00,3.047e-05,-1.3323333333333337e-05,-3.997000000000001e-05,3
2022-11-02 00:00:00+00:00,5.665e-05,4.794333333333334e-05,0.00014383,3
2022-11-03 00:00:00+00:00,6.498e-05,3.9353333333333335e-05,0.00011806,3
2022-11-04 00:00:00+00:00,-0.00011263,-5.508666666666667e-05,-0.00016526,3
2022-11-05 00:00:00+00:00,2.445e-05,-5.633666666666667e-05,-0.00016901,3
2022-11-06 00:00:00+00:00,5.65e-05,1.404e-05,4.2119999999999997e-05,3
2022-11-07 00:00:00+00:00,0.0001,9.885666666666667e-05,0.00029657,3
2022-11-08 00:00:00+00:00,8.632e-05,8.504e-05,0.00025512,3
2022-11-09 00:00:00+00:00,-0.00011464,-0.00010078666666666666,-0.00030236,3
2022-11-10 00:00:00+00:00,-0.0005293,-0.0007204566666666667,-0.00216137,3
2022-11-11 00:00:00+00:00,-0.00023126,-0.00030623333333333337,-0.0009187,3
2022-11-12 00:00:00+00:00,-0.00023166,-0.00012025000000000001,-0.00036075,3
2022-11-13 00:00:00+00:00,0.0001,-0.00019654666666666667,-0.00058964,3
2022-11-14 00:00:00+00:00,-8.397e-05,3.867666666666667e-05,0.00011603000000000001,3
2022-11-15 00:00:00+00:00,-0.00036679,-0.00024305,-0.00072915,3
2022-11-16 00:00:00+00:00,-3.357e-05,-0.0003056166666666667,-0.00091685,3
2022-11-17 00:00:00+00:00,-0.00043963,-0.00025545666666666663,-0.0007663699999999999,3
2022-11-18 00:00:00+00:00,0.0001,-0.00026693333333333333,-0.0008008000000000001,3
2022-11-19 00:00:00+00:00,2.644e-05,7.548e-05,0.00022644,3
2022-11-20 00:00:00+00:00,4.894e-05,-3.656333333333333e-05,-0.00010968999999999999,3
2022-11-21 00:00:00+00:00,0.0001,0.0001,0.00030000000000000003,3
2022-11-22 00:00:00+00:00,-4.299e-05,-2.38e-05,-7.14e-05,3
2022-11-23 00:00:00+00:00,-0.00041738,-0.00023039333333333334,-0.00069118,3
2022-11-24 00:00:00+00:00,-4.314e-05,-0.00015924333333333334,-0.00047773,3
2022-11-25 00:00:00+00:00,-0.00016923,-8.643333333333332e-05,-0.00025929999999999996,3
2022-11-26 00:00:00+00:00,-0.00016621,-0.00018411666666666665,-0.00055235,3
2022-11-27 00:00:00+00:00,-0.00014055,-5.9369999999999996e-05,-0.00017811,3
2022-11-28 00:00:00+00:00,-0.0001755,-5.8206666666666666e-05,-0.00017462,3
2022-11-29 00:00:00+00:00,-8.526e-05,1.5106666666666669e-05,4.5320000000000007e-05,3
2022-11-30 00:00:00+00:00,0.0001,3.4573333333333337e-05,0.00010372,3
2022-12-01 00:00:00+00:00,-9.57e-05,-0.00019611,-0.00058833,3
2022-12-02 00:00:00+00:00,4.769e-05,8.256333333333334e-05,0.00024769,3
2022-12-03 00:00:00+00:00,0.0001,-4.021333333333333e-05,-0.00012064,3
2022-12-04 00:00:00+00:00,6.685e-05,8.389e-05,0.00025167,3
2022-12-05 00:00:00+00:00,-0.00026486,-0.00022236666666666666,-0.0006671,3
2022-12-06 00:00:00+00:00,9.862e-05,9.954e-05,0.00029862,3
2022-12-07 00:00:00+00:00,0.0001,9.767e-05,0.00029301,3
2022-12-08 00:00:00+00:00,-2.65e-05,-3.932666666666667e-05,-0.00011798,3
2022-12-09 00:00:00+00:00,-7.354e-05,-0.00019674333333333333,-0.00059023,3
2022-12-10 00:00:00+00:00,-3.214e-05,-3.869666666666667e-05,-0.00011609000000000001,3
2022-12-11 00:00:00+00:00,-7.369e-05,-0.00013173666666666667,-0.00039521,3
2022-12-12 00:00:00+00:00,-5.78e-05,1.2926666666666666e-05,3.878e-05,3
2022-12-13 00:00:00+00:00,-0.00038555,-0.00027037666666666666,-0.00081113,3
2022-12-14 00:00:00+00:00,-0.00023733,-0.00017574666666666668,-0.00052724,3
2022-12-15 00:00:00+00:00,-6.123e-05,-0.00027110333333333334,-0.00081331,3
2022-12-16 00:00:00+00:00,-7.165e-05,-5.539333333333333e-05,-0.00016617999999999998,3
2022-12-17 00:00:00+00:00,9.731e-05,9.910333333333334e-05,0.00029731,3
2022-12-18 00:00:00+00:00,5.37e-06,5.237666666666667e-05,0.00015713,3
2022-12-19 00:00:00+00:00,3.085e-05,1.9213333333333335e-05,5.7640000000000004e-05,3
2022-12-20 00:00:00+00:00,6.004e-05,8.668e-05,0.00026004,3
2022-12-21 00:00:00+00:00,0.0001,8.866000000000001e-05,0.00026598,3
2022-12-22 00:00:00+00:00,0.0001,9.088333333333335e-05,0.00027265000000000004,3
2022-12-23 00:00:00+00:00,0.0001,0.0001,0.00030000000000000003,3
2022-12-24 00:00:00+00:00,0.0001,0.0001,0.00030000000000000003,3
2022-12-25 00:00:00+00:00,0.0001,0.0001,0.00030000000000000003,3
2022-12-26 00:00:00+00:00,9.139e-05,7.833333333333334e-05,0.00023500000000000002,3
2022-12-27 00:00:00+00:00,0.0001,9.452333333333334e-05,0.00028357,3
2022-12-28 00:00:00+00:00,0.0001,0.0001,0.00030000000000000003,3
2022-12-29 00:00:00+00:00,0.0001,0.0001,0.00030000000000000003,3
2022-12-30 00:00:00+00:00,0.0001,0.0001,0.00030000000000000003,3
2022-12-31 00:00:00+00:00,0.00035736,0.00029027666666666665,0.00087083,3
2023-01-01 00:00:00+00:00,0.00019145,0.00026738,0.00080214,3
2023-01-02 00:00:00+00:00,0.0001,0.0001,0.00030000000000000003,3
2023-01-03 00:00:00+00:00,0.0001,0.0001,0.00030000000000000003,3
2023-01-04 00:00:00+00:00,0.0001,0.0001,0.00030000000000000003,3
2023-01-05 00:00:00+00:00,0.0001,6.727e-05,0.00020181,3
2023-01-06 00:00:00+00:00,0.0001,4.9623333333333337e-05,0.00014887,3
2023-01-07 00:00:00+00:00,0.0001,4.397e-05,0.00013191,3
2023-01-08 00:00:00+00:00,0.0001,0.0001,0.00030000000000000003,3
2023-01-09 00:00:00+00:00,-0.00021,-7.465333333333333e-05,-0.00022396,3
2023-01-10 00:00:00+00:00,-0.00017739,-0.00010769333333333333,-0.00032308,3
2023-01-11 00:00:00+00:00,1.701e-05,-0.00018971333333333334,-0.00056914,3
2023-01-12 00:00:00+00:00,-1.809e-05,-0.00015508333333333333,-0.00046524999999999995,3
2023-01-13 00:00:00+00:00,-0.00029924,-0.00036084666666666665,-0.0010825399999999999,3
2023-01-14 00:00:00+00:00,0.0001,-8.436333333333333e-05,-0.00025309,3
2023-01-15 00:00:00+00:00,0.0001,0.0001,0.00030000000000000003,3
2023-01-16 00:00:00+00:00,0.0001,0.0001,0.00030000000000000003,3
2023-01-17 00:00:00+00:00,0.0001,0.0001,0.00030000000000000003,3
2023-01-18 00:00:00+00:00,1.262e-05,4.8066666666666675e-06,1.4420000000000003e-05,3
2023-01-19 00:00:00+00:00,-1.471e-05,6.176333333333333e-05,0.00018529,3
2023-01-20 00:00:00+00:00,9.14e-06,-6.233e-05,-0.00018699,3
2023-01-21 00:00:00+00:00,0.0001,6.988666666666667e-05,0.00020966000000000002,3
2023-01-22 00:00:00+00:00,0.0001,0.0001,0.00030000000000000003,3
2023-01-23 00:00:00+00:00,0.0001,0.0001,0.00030000000000000003,3
2023-01-24 00:00:00+00:00,0.0001,0.0001,0.00030000000000000003,3
2023-01-25 00:00:00+00:00,0.0001,0.0001,0.00030000000000000003,3
2023-01-26 00:00:00+00:00,0.0001,0.0001,0.00030000000000000003,3
2023-01-27 00:00:00+00:00,0.0001,0.0001,0.00030000000000000003,3
2023-01-28 00:00:00+00:00,0.0001,0.0001,0.00030000000000000003,3
2023-01-29 00:00:00+00:00,0.0001,0.0001,0.00030000000000000003,3
2023-01-30 00:00:00+00:00,0.0001,0.0001,0.00030000000000000003,3
2023-01-31 00:00:00+00:00,0.0001,0.0001,0.00030000000000000003,3
2023-02-01 00:00:00+00:00,0.0001,0.0001,0.00030000000000000003,3
2023-02-02 00:00:00+00:00,0.0001,0.0001,0.00030000000000000003,3
2023-02-03 00:00:00+00:00,0.0001,0.0001,0.00030000000000000003,3
2023-02-04 00:00:00+00:00,0.0001,0.0001,0.00030000000000000003,3
2023-02-05 00:00:00+00:00,0.0001,0.0001,0.00030000000000000003,3
2023-02-06 00:00:00+00:00,0.0001,0.0001,0.00030000000000000003,3
2023-02-07 00:00:00+00:00,0.0001,0.0001,0.00030000000000000003,3
2023-02-08 00:00:00+00:00,0.0001,0.0001,0.00030000000000000003,3
2023-02-09 00:00:00+00:00,5.169e-05,8.389666666666667e-05,0.00025169,3
2023-02-10 00:00:00+00:00,0.0001,0.0001,0.00030000000000000003,3
2023-02-11 00:00:00+00:00,0.0001,8.549333333333334e-05,0.00025648,3
2023-02-12 00:00:00+00:00,0.0001,0.0001,0.00030000000000000003,3
2023-02-13 00:00:00+00:00,0.0001,7.745e-05,0.00023235,3
2023-02-14 00:00:00+00:00,0.0001,0.0001,0.00030000000000000003,3
2023-02-15 00:00:00+00:00,7.91e-06,7.2e-06,2.16e-05,3
2023-02-16 00:00:00+00:00,0.00014868,0.00011622666666666666,0.00034868,3
2023-02-17 00:00:00+00:00,0.0001,0.0001,0.00030000000000000003,3
2023-02-18 00:00:00+00:00,0.0001,0.0001,0.00030000000000000003,3
2023-02-19 00:00:00+00:00,0.0001,0.0001,0.00030000000000000003,3
2023-02-20 00:00:00+00:00,0.0001,0.0001,0.00030000000000000003,3
2023-02-21 00:00:00+00:00,0.0001,0.0001,0.00030000000000000003,3
2023-02-22 00:00:00+00:00,0.0001,0.0001,0.00030000000000000003,3
2023-02-23 00:00:00+00:00,0.0001,0.0001,0.00030000000000000003,3
2023-02-24 00:00:00+00:00,0.0001,0.0001,0.00030000000000000003,3
2023-02-25 00:00:00+00:00,0.0001,0.0001,0.00030000000000000003,3
2023-02-26 00:00:00+00:00,0.0001,0.0001,0.00030000000000000003,3
2023-02-27 00:00:00+00:00,0.0001,0.0001,0.00030000000000000003,3
2023-02-28 00:00:00+00:00,0.0001,0.0001,0.00030000000000000003,3
2023-03-01 00:00:00+00:00,0.0001,0.0001,0.00030000000000000003,3
2023-03-02 00:00:00+00:00,0.0001,0.0001,0.00030000000000000003,3
2023-03-03 00:00:00+00:00,0.0001,0.0001,0.00030000000000000003,3
2023-03-04 00:00:00+00:00,2.137e-05,5.966e-05,0.00017898,3
2023-03-05 00:00:00+00:00,0.0001,7.966333333333333e-05,0.00023899000000000001,3
2023-03-06 00:00:00+00:00,3.329e-05,2.0323333333333332e-05,6.097e-05,3
2023-03-07 00:00:00+00:00,0.0001,5.5990000000000004e-05,0.00016797,3
2023-03-08 00:00:00+00:00,0.0001,8.606333333333333e-05,0.00025819,3
2023-03-09 00:00:00+00:00,0.0001,0.0001,0.00030000000000000003,3
2023-03-10 00:00:00+00:00,5.194e-05,5.795e-05,0.00017385,3
2023-03-11 00:00:00+00:00,0.0001,6.896666666666666e-05,0.0002069,3
2023-03-12 00:00:00+00:00,9.121e-05,9.707e-05,0.00029121,3
2023-03-13 00:00:00+00:00,0.0001,5.7300000000000004e-05,0.0001719,3
2023-03-14 00:00:00+00:00,0.0001,0.00010742,0.00032226,3
2023-03-15 00:00:00+00:00,0.0001,0.00012396666666666665,0.0003719,3
2023-03-16 00:00:00+00:00,0.0001,0.0001,0.00030000000000000003,3
2023-03-17 00:00:00+00:00,0.0001,0.0001,0.00030000000000000003,3
2023-03-18 00:00:00+00:00,0.0001,0.0001,0.00030000000000000003,3
2023-03-19 00:00:00+00:00,0.0001,0.0001,0.00030000000000000003,3
2023-03-20 00:00:00+00:00,0.0001,0.0001,0.00030000000000000003,3
2023-03-21 00:00:00+00:00,7.882e-05,6.989e-05,0.00020967,3
2023-03-22 00:00:00+00:00,6.755e-05,4.0379999999999996e-05,0.00012114,3
2023-03-23 00:00:00+00:00,0.0001,5.929e-05,0.00017787,3
2023-03-24 00:00:00+00:00,6.691e-05,8.897e-05,0.00026691,3
2023-03-25 00:00:00+00:00,3.954e-05,7.984666666666666e-05,0.00023954,3
2023-03-26 00:00:00+00:00,4.325e-05,9.586666666666667e-06,2.8760000000000002e-05,3
2023-03-27 00:00:00+00:00,4.464e-05,4.397e-05,0.00013191,3
2023-03-28 00:00:00+00:00,0.0001,6.643666666666667e-05,0.00019931000000000001,3
2023-03-29 00:00:00+00:00,0.0001,8.830000000000004e-06,2.6490000000000012e-05,3
2023-03-30 00:00:00+00:00,0.0001,0.0001,0.00030000000000000003,3
2023-03-31 00:00:00+00:00,-2.597e-05,3.0986666666666666e-05,9.296e-05,3
2023-04-01 00:00:00+00:00,1.4e-06,-4.9033333333333335e-06,-1.471e-05,3
2023-04-02 00:00:00+00:00,4.779e-05,3.5856666666666665e-05,0.00010757,3
2023-04-03 00:00:00+00:00,2.306e-05,5.3519999999999996e-05,0.00016056,3
2023-04-04 00:00:00+00:00,-1.772e-05,-1.0396666666666667e-05,-3.119e-05,3
2023-04-05 00:00:00+00:00,0.0001,3.916333333333334e-05,0.00011749000000000002,3
2023-04-06 00:00:00+00:00,-3.96e-06,1.378e-05,4.134e-05,3
2023-04-07 00:00:00+00:00,4.025e-05,6.869e-05,0.00020606999999999998,3
2023-04-08 00:00:00+00:00,5.449e-05,5.084e-05,0.00015252,3
2023-04-09 00:00:00+00:00,6.249e-05,5.2663333333333335e-05,0.00015799,3
2023-04-10 00:00:00+00:00,-2.71e-06,-8.176666666666667e-06,-2.453e-05,3
2023-04-11 00:00:00+00:00,0.0001,6.454e-05,0.00019362,3
2023-04-12 00:00:00+00:00,6.271e-05,8.756999999999999e-05,0.00026271,3
2023-04-13 00:00:00+00:00,0.0001,8.636e-05,0.00025908,3
2023-04-14 00:00:00+00:00,0.0001,0.0001,0.00030000000000000003,3
2023-04-15 00:00:00+00:00,0.0001,6.802333333333334e-05,0.00020407000000000002,3
2023-04-16 00:00:00+00:00,0.0001,0.0001,0.00030000000000000003,3
2023-04-17 00:00:00+00:00,0.0001,0.0001,0.00030000000000000003,3
2023-04-18 00:00:00+00:00,0.0001,0.0001,0.00030000000000000003,3
2023-04-19 00:00:00+00:00,0.0001,0.0001,0.00030000000000000003,3
2023-04-20 00:00:00+00:00,0.0001,0.0001,0.00030000000000000003,3
2023-04-21 00:00:00+00:00,0.0001,0.0001,0.00030000000000000003,3
2023-04-22 00:00:00+00:00,0.0001,0.0001,0.00030000000000000003,3
2023-04-23 00:00:00+00:00,8.685e-05,9.561666666666667e-05,0.00028685,3
2023-04-24 00:00:00+00:00,3.695e-05,7.898333333333333e-05,0.00023695,3
2023-04-25 00:00:00+00:00,7.472e-05,8.401333333333334e-05,0.00025204000000000003,3
2023-04-26 00:00:00+00:00,5.947e-05,2.4456666666666666e-05,7.337e-05,3
2023-04-27 00:00:00+00:00,5.14e-05,8.024e-05,0.00024072,3
2023-04-28 00:00:00+00:00,8.576e-05,8.003333333333333e-05,0.0002401,3
2023-04-29 00:00:00+00:00,1.043e-05,1.0079999999999998e-05,3.0239999999999995e-05,3
2023-04-30 00:00:00+00:00,-3.648e-05,-1.1216666666666669e-05,-3.3650000000000005e-05,3
2023-05-01 00:00:00+00:00,1.07e-06,4.650333333333333e-05,0.00013951,3
2023-05-02 00:00:00+00:00,4.872e-05,6.669333333333333e-05,0.00020008,3
2023-05-03 00:00:00+00:00,0.0001,5.1460000000000005e-05,0.00015438000000000002,3
2023-05-04 00:00:00+00:00,0.0001,0.0001,0.00030000000000000003,3
2023-05-05 00:00:00+00:00,0.0001,8.087e-05,0.00024261,3
2023-05-06 00:00:00+00:00,0.0001,0.0001,0.00030000000000000003,3
2023-05-07 00:00:00+00:00,3.148e-05,4.130666666666666e-05,0.00012392,3
2023-05-08 00:00:00+00:00,7.05e-05,8.219333333333332e-05,0.00024658,3
2023-05-09 00:00:00+00:00,8.356e-05,8.966000000000002e-05,0.00026898000000000004,3
2023-05-10 00:00:00+00:00,-1.589e-05,3.761666666666667e-05,0.00011285,3
2023-05-11 00:00:00+00:00,1.364e-05,1.116e-05,3.348e-05,3
2023-05-12 00:00:00+00:00,6.428e-05,5.587e-05,0.00016761,3
2023-05-13 00:00:00+00:00,3.553e-05,3.718666666666667e-05,0.00011156,3
2023-05-14 00:00:00+00:00,8.298e-05,7.000000000000001e-05,0.00021,3
2023-05-15 00:00:00+00:00,5.153e-05,5.016666666666667e-05,0.0001505,3
2023-05-16 00:00:00+00:00,8.434e-05,6.555e-05,0.00019664999999999998,3
2023-05-17 00:00:00+00:00,7.675e-05,9.224999999999999e-05,0.00027675,3
2023-05-18 00:00:00+00:00,0.0001,4.953e-05,0.00014859,3
2023-05-19 00:00:00+00:00,7.141e-05,7.875e-05,0.00023625,3
2023-05-20 00:00:00+00:00,2.041e-05,7.347e-05,0.00022041,3
2023-05-21 00:00:00+00:00,0.0001,6.277666666666666e-05,0.00018833,3
2023-05-22 00:00:00+00:00,0.0001,0.0001,0.00030000000000000003,3
2023-05-23 00:00:00+00:00,2.217e-05,4.424666666666667e-05,0.00013274,3
2023-05-24 00:00:00+00:00,0.0001,0.0001,0.00030000000000000003,3
2023-05-25 00:00:00+00:00,5.212e-05,6.990666666666666e-05,0.00020972,3
2023-05-26 00:00:00+00:00,0.0001,3.8583333333333334e-05,0.00011575000000000001,3
2023-05-27 00:00:00+00:00,8.723e-05,5.321000000000001e-05,0.00015963000000000001,3
2023-05-28 00:00:00+00:00,-3.221e-05,-9.176666666666668e-06,-2.7530000000000002e-05,3
2023-05-29 00:00:00+00:00,0.0001,7.614666666666667e-05,0.00022844,3
2023-05-30 00:00:00+00:00,0.0001,0.0001,0.00030000000000000003,3
2023-05-31 00:00:00+00:00,0.0001,0.0001,0.00030000000000000003,3
2023-06-01 00:00:00+00:00,0.0001,0.0001,0.00030000000000000003,3
2023-06-02 00:00:00+00:00,0.0001,0.0001,0.00030000000000000003,3
2023-06-03 00:00:00+00:00,0.0001,0.0001,0.00030000000000000003,3
2023-06-04 00:00:00+00:00,0.0001,0.0001,0.00030000000000000003,3
2023-06-05 00:00:00+00:00,0.0001,0.0001,0.00030000000000000003,3
2023-06-06 00:00:00+00:00,0.0001,8.289e-05,0.00024867,3
2023-06-07 00:00:00+00:00,0.0001,9.842e-05,0.00029526,3
2023-06-08 00:00:00+00:00,6.353e-05,4.804e-05,0.00014412,3
2023-06-09 00:00:00+00:00,3.707e-05,3.618666666666667e-05,0.00010856,3
2023-06-10 00:00:00+00:00,0.0001,9.393333333333334e-05,0.0002818,3
2023-06-11 00:00:00+00:00,0.0001,9.681333333333333e-05,0.00029044,3
2023-06-12 00:00:00+00:00,6.05e-05,8.02e-05,0.0002406,3
2023-06-13 00:00:00+00:00,8.05e-06,5.472e-05,0.00016416,3
2023-06-14 00:00:00+00:00,-1.58e-05,1.4163333333333334e-05,4.249e-05,3
2023-06-15 00:00:00+00:00,0.0001,8.313e-05,0.00024939,3
2023-06-16 00:00:00+00:00,7.284e-05,9.094666666666666e-05,0.00027284,3
2023-06-17 00:00:00+00:00,0.0001,4.827e-05,0.00014481,3
2023-06-18 00:00:00+00:00,4.409e-05,5.984333333333334e-05,0.00017953,3
2023-06-19 00:00:00+00:00,9.362e-05,9.120666666666668e-05,0.00027362,3
2023-06-20 00:00:00+00:00,4.621e-05,1.8856666666666665e-05,5.6569999999999995e-05,3
2023-06-21 00:00:00+00:00,1.5e-07,-2.749e-05,-8.247e-05,3
2023-06-22 00:00:00+00:00,0.0001,9.943e-05,0.00029829,3
2023-06-23 00:00:00+00:00,0.0001,0.0001,0.00030000000000000003,3
2023-06-24 00:00:00+00:00,0.0001,0.0001,0.00030000000000000003,3
2023-06-25 00:00:00+00:00,0.0001,0.0001,0.00030000000000000003,3
2023-06-26 00:00:00+00:00,0.0001,0.0001,0.00030000000000000003,3
2023-06-27 00:00:00+00:00,0.0001,0.0001,0.00030000000000000003,3
2023-06-28 00:00:00+00:00,5.861e-05,7.154e-05,0.00021462,3
2023-06-29 00:00:00+00:00,0.0001,8.462666666666667e-05,0.00025388,3
2023-06-30 00:00:00+00:00,-3.168e-05,5.610666666666667e-05,0.00016832000000000001,3
2023-07-01 00:00:00+00:00,0.0001,0.0001,0.00030000000000000003,3
2023-07-02 00:00:00+00:00,0.0001,0.0001,0.00030000000000000003,3
2023-07-03 00:00:00+00:00,9.481e-05,9.827e-05,0.00029481,3
2023-07-04 00:00:00+00:00,0.0001,0.0001,0.00030000000000000003,3
2023-07-05 00:00:00+00:00,7.615e-05,9.205e-05,0.00027615,3
2023-07-06 00:00:00+00:00,4.427e-05,5.3519999999999996e-05,0.00016056,3
2023-07-07 00:00:00+00:00,1.305e-05,6.695e-05,0.00020085,3
2023-07-08 00:00:00+00:00,8.567e-05,5.3563333333333336e-05,0.00016069,3
2023-07-09 00:00:00+00:00,0.0001,8.599666666666668e-05,0.00025799000000000004,3
2023-07-10 00:00:00+00:00,7.674e-05,9.224666666666668e-05,0.00027674000000000004,3
2023-07-11 00:00:00+00:00,0.0001,5.658333333333334e-05,0.00016975,3
2023-07-12 00:00:00+00:00,4.64e-06,5.7323333333333334e-05,0.00017197,3
2023-07-13 00:00:00+00:00,-9.45e-06,3.082666666666667e-05,9.248e-05,3
2023-07-14 00:00:00+00:00,0.0001,0.0001,0.00030000000000000003,3
2023-07-15 00:00:00+00:00,4.004e-05,5.277666666666667e-05,0.00015833,3
2023-07-16 00:00:00+00:00,8.931e-05,7.441e-05,0.00022323,3
2023-07-17 00:00:00+00:00,7.613e-05,8.017e-05,0.00024051,3
2023-07-18 00:00:00+00:00,6.215e-05,1.2546666666666671e-05,3.764000000000001e-05,3
2023-07-19 00:00:00+00:00,6.233e-05,7.967e-05,0.00023901,3
2023-07-20 00:00:00+00:00,5.461e-05,5.156666666666666e-05,0.0001547,3
2023-07-21 00:00:00+00:00,-9.73e-06,1.6063333333333333e-05,4.819e-05,3
2023-07-22 00:00:00+00:00,6.647e-05,5.7703333333333334e-05,0.00017311,3
2023-07-23 00:00:00+00:00,4.184e-05,4.540666666666667e-05,0.00013622,3
2023-07-24 00:00:00+00:00,5.623e-05,3.803666666666667e-05,0.00011411,3
2023-07-25 00:00:00+00:00,-9.7e-06,2.037e-05,6.111e-05,3
2023-07-26 00:00:00+00:00,1.48e-05,4.628333333333333e-05,0.00013885,3
2023-07-27 00:00:00+00:00,3.725e-05,3.132e-05,9.396e-05,3
2023-07-28 00:00:00+00:00,3.948e-05,3.410666666666666e-05,0.00010232,3
2023-07-29 00:00:00+00:00,7.558e-05,7.989666666666666e-05,0.00023969,3
2023-07-30 00:00:00+00:00,6.935e-05,5.1296666666666666e-05,0.00015389,3
2023-07-31 00:00:00+00:00,1.912e-05,2.2836666666666668e-05,6.851e-05,3
2023-08-01 00:00:00+00:00,0.0001,0.0001,0.00030000000000000003,3
2023-08-02 00:00:00+00:00,0.0001,0.0001,0.00030000000000000003,3
2023-08-03 00:00:00+00:00,0.0001,0.0001,0.00030000000000000003,3
2023-08-04 00:00:00+00:00,0.0001,0.0001,0.00030000000000000003,3
2023-08-05 00:00:00+00:00,0.0001,9.474e-05,0.00028422,3
2023-08-06 00:00:00+00:00,0.0001,0.0001,0.00030000000000000003,3
2023-08-07 00:00:00+00:00,0.0001,9.558666666666667e-05,0.00028676,3
2023-08-08 00:00:00+00:00,-1.053e-05,3.7816666666666667e-05,0.00011345,3
2023-08-09 00:00:00+00:00,0.0001,6.144000000000001e-05,0.00018432000000000002,3
2023-08-10 00:00:00+00:00,0.0001,0.0001,0.00030000000000000003,3
2023-08-11 00:00:00+00:00,6.988e-05,8.996e-05,0.00026988,3
2023-08-12 00:00:00+00:00,0.0001,0.0001,0.00030000000000000003,3
2023-08-13 00:00:00+00:00,0.0001,0.0001,0.00030000000000000003,3
2023-08-14 00:00:00+00:00,0.0001,0.0001,0.00030000000000000003,3
2023-08-15 00:00:00+00:00,0.0001,0.0001,0.00030000000000000003,3
2023-08-16 00:00:00+00:00,0.0001,0.0001,0.00030000000000000003,3
2023-08-17 00:00:00+00:00,0.0001,0.0001,0.00030000000000000003,3
2023-08-18 00:00:00+00:00,-6.2e-07,1.9463333333333337e-05,5.839000000000001e-05,3
2023-08-19 00:00:00+00:00,8.78e-06,-5.773333333333334e-06,-1.732e-05,3
2023-08-20 00:00:00+00:00,1.83e-05,4.2636666666666664e-05,0.00012791,3
2023-08-21 00:00:00+00:00,1.392e-05,-1.729e-05,-5.1869999999999996e-05,3
2023-08-22 00:00:00+00:00,-3.76e-06,-1.6246666666666665e-05,-4.874e-05,3
2023-08-23 00:00:00+00:00,1.921e-05,4.368666666666667e-05,0.00013106,3
2023-08-24 00:00:00+00:00,8.403e-05,2.8633333333333332e-05,8.59e-05,3
2023-08-25 00:00:00+00:00,5.08e-06,1.676e-05,5.028e-05,3
2023-08-26 00:00:00+00:00,2.24e-06,-6.786666666666667e-06,-2.036e-05,3
2023-08-27 00:00:00+00:00,3.66e-05,2.4406666666666668e-05,7.322000000000001e-05,3
2023-08-28 00:00:00+00:00,2.413e-05,5.838e-05,0.00017514,3
2023-08-29 00:00:00+00:00,7.3e-05,2.4039999999999997e-05,7.212e-05,3
2023-08-30 00:00:00+00:00,0.0001,6.719e-05,0.00020156999999999998,3
2023-08-31 00:00:00+00:00,8.82e-06,2.7273333333333332e-05,8.182e-05,3
2023-09-01 00:00:00+00:00,1.638e-05,1.884e-05,5.6519999999999994e-05,3
2023-09-02 00:00:00+00:00,2.341e-05,3.660666666666667e-05,0.00010982,3
2023-09-03 00:00:00+00:00,3.99e-06,4.4966666666666664e-05,0.0001349,3
2023-09-04 00:00:00+00:00,8.406e-05,4.834333333333333e-05,0.00014502999999999999,3
2023-09-05 00:00:00+00:00,1.126e-05,1.46e-05,4.38e-05,3
2023-09-06 00:00:00+00:00,6.336e-05,2.748333333333333e-05,8.245e-05,3
2023-09-07 00:00:00+00:00,2.06e-05,5.317333333333334e-05,0.00015952000000000002,3
2023-09-08 00:00:00+00:00,4.996e-05,4.8593333333333335e-05,0.00014578,3
2023-09-09 00:00:00+00:00,1.661e-05,2.2753333333333335e-05,6.826e-05,3
2023-09-10 00:00:00+00:00,9.439e-05,6.477e-05,0.00019431,3
2023-09-11 00:00:00+00:00,-4.52e-06,3.064333333333333e-05,9.193e-05,3
2023-09-12 00:00:00+00:00,6.583e-05,5.248333333333333e-05,0.00015745,3
2023-09-13 00:00:00+00:00,3.77e-06,-4.4766666666666664e-06,-1.3429999999999998e-05,3
2023-09-14 00:00:00+00:00,1.107e-05,-7.146666666666666e-06,-2.1439999999999998e-05,3
2023-09-15 00:00:00+00:00,7.45e-05,2.513333333333333e-05,7.539999999999999e-05,3
2023-09-16 00:00:00+00:00,5.574e-05,-1.4933333333333348e-06,-4.4800000000000045e-06,3
2023-09-17 00:00:00+00:00,2.862e-05,4.607666666666667e-05,0.00013823,3
2023-09-18 00:00:00+00:00,4.192e-05,4.7816666666666666e-05,0.00014345,3
2023-09-19 00:00:00+00:00,8.455e-05,6.462666666666667e-05,0.00019388,3
2023-09-20 00:00:00+00:00,2.605e-05,3.866666666666667e-05,0.000116,3
2023-09-21 00:00:00+00:00,2.769e-05,3.953e-05,0.00011859,3
2023-09-22 00:00:00+00:00,2.708e-05,1.850000000000001e-06,5.550000000000003e-06,3
2023-09-23 00:00:00+00:00,2.647e-05,1.0146666666666667e-05,3.044e-05,3
2023-09-24 00:00:00+00:00,6.269e-05,5.0963333333333334e-05,0.00015289,3
2023-09-25 00:00:00+00:00,1.864e-05,9.443333333333333e-06,2.833e-05,3
2023-09-26 00:00:00+00:00,4.889e-05,4.246666666666668e-06,1.2740000000000003e-05,3
2023-09-27 00:00:00+00:00,-5.203e-05,-1.0596666666666668e-05,-3.1790000000000006e-05,3
2023-09-28 00:00:00+00:00,-3.652e-05,1.4699999999999978e-06,4.409999999999993e-06,3
2023-09-29 00:00:00+00:00,2.607e-05,3.926666666666667e-06,1.1779999999999999e-05,3
2023-09-30 00:00:00+00:00,0.0001,8.472666666666667e-05,0.00025418,3
2023-10-01 00:00:00+00:00,5.051e-05,8.08e-05,0.0002424,3
2023-10-02 00:00:00+00:00,-3.239e-05,-1.5949999999999998e-05,-4.785e-05,3
2023-10-03 00:00:00+00:00,6.702e-05,8.782333333333334e-05,0.00026347,3
2023-10-04 00:00:00+00:00,9.079e-05,8.795666666666668e-05,0.00026387000000000003,3
2023-10-05 00:00:00+00:00,1.476e-05,5.8970000000000006e-05,0.00017691,3
2023-10-06 00:00:00+00:00,4.57e-06,3.845e-05,0.00011535,3
2023-10-07 00:00:00+00:00,-3.952e-05,1.2166666666666667e-05,3.65e-05,3
2023-10-08 00:00:00+00:00,3.078e-05,-2.225e-05,-6.675e-05,3
2023-10-09 00:00:00+00:00,-1.275e-05,-1.7696666666666666e-05,-5.3089999999999995e-05,3
2023-10-10 00:00:00+00:00,3.746e-05,5.2946666666666666e-05,0.00015884,3
2023-10-11 00:00:00+00:00,0.0001,8.574666666666667e-05,0.00025724,3
2023-10-12 00:00:00+00:00,0.0001,9.782e-05,0.00029346,3
2023-10-13 00:00:00+00:00,0.0001,9.348e-05,0.00028044,3
2023-10-14 00:00:00+00:00,0.0001,9.916333333333335e-05,0.00029749,3
2023-10-15 00:00:00+00:00,8.953e-05,7.070333333333334e-05,0.00021211,3
2023-10-16 00:00:00+00:00,5.177e-05,1.3883333333333335e-05,4.165e-05,3
2023-10-17 00:00:00+00:00,5.1e-05,5.510333333333333e-05,0.00016531,3
2023-10-18 00:00:00+00:00,2.251e-05,1.8523333333333333e-05,5.557e-05,3
2023-10-19 00:00:00+00:00,1.257e-05,1.7843333333333332e-05,5.353e-05,3
2023-10-20 00:00:00+00:00,8.577e-05,4.125666666666666e-05,0.00012377,3
2023-10-21 00:00:00+00:00,2.99e-06,6.766333333333334e-05,0.00020299,3
2023-10-22 00:00:00+00:00,5.399e-05,2.3646666666666665e-05,7.094e-05,3
2023-10-23 00:00:00+00:00,0.0001,8.361333333333333e-05,0.00025084,3
2023-10-24 00:00:00+00:00,0.0001,0.0001,0.00030000000000000003,3
2023-10-25 00:00:00+00:00,0.0001,0.0001,0.00030000000000000003,3
2023-10-26 00:00:00+00:00,0.0001,0.0001,0.00030000000000000003,3
2023-10-27 00:00:00+00:00,0.0001,0.0001,0.00030000000000000003,3
2023-10-28 00:00:00+00:00,0.0001,0.00012625333333333335,0.00037876,3
2023-10-29 00:00:00+00:00,0.0001,0.0001,0.00030000000000000003,3
2023-10-30 00:00:00+00:00,0.0001,0.0001,0.00030000000000000003,3
2023-10-31 00:00:00+00:00,0.00010516,0.00010172000000000001,0.00030516,3
2023-11-01 00:00:00+00:00,0.0001,0.00010643333333333334,0.0003193,3
2023-11-02 00:00:00+00:00,0.00011649,0.00014832999999999998,0.00044499,3
2023-11-03 00:00:00+00:00,0.0001,0.0001,0.00030000000000000003,3
2023-11-04 00:00:00+00:00,0.0001,0.0001,0.00030000000000000003,3
2023-11-05 00:00:00+00:00,0.0001,0.0001,0.00030000000000000003,3
2023-11-06 00:00:00+00:00,0.00026302,0.00016181666666666668,0.00048545,3
2023-11-07 00:00:00+00:00,0.00010434,0.00010144666666666667,0.00030434,3
2023-11-08 00:00:00+00:00,0.000157,0.00017810000000000002,0.0005343,3
2023-11-09 00:00:00+00:00,0.0004003,0.00024781333333333337,0.00074344,3
2023-11-10 00:00:00+00:00,0.0002972,0.0003102066666666667,0.0009306200000000001,3
2023-11-11 00:00:00+00:00,0.00025548,0.00025220666666666663,0.00075662,3
2023-11-12 00:00:00+00:00,0.0002686,0.00022431333333333334,0.00067294,3
2023-11-13 00:00:00+00:00,0.00037847,0.00033915333333333334,0.00101746,3
2023-11-14 00:00:00+00:00,0.00011821,0.00014350666666666667,0.00043052,3
2023-11-15 00:00:00+00:00,0.0001,0.0001,0.00030000000000000003,3
2023-11-16 00:00:00+00:00,0.00014161,0.00014776,0.00044328,3
2023-11-17 00:00:00+00:00,0.0001,0.0001,0.00030000000000000003,3
2023-11-18 00:00:00+00:00,0.0001,0.0001,0.00030000000000000003,3
2023-11-19 00:00:00+00:00,0.0001,0.0001,0.00030000000000000003,3
2023-11-20 00:00:00+00:00,0.00015534,0.00011844666666666667,0.00035534,3
2023-11-21 00:00:00+00:00,0.0001,0.0001,0.00030000000000000003,3
2023-11-22 00:00:00+00:00,0.0001,0.0001,0.00030000000000000003,3
2023-11-23 00:00:00+00:00,0.0001,0.0001,0.00030000000000000003,3
2023-11-24 00:00:00+00:00,0.0001,0.0001,0.00030000000000000003,3
2023-11-25 00:00:00+00:00,0.0001,0.0001,0.00030000000000000003,3
2023-11-26 00:00:00+00:00,0.0001,0.0001,0.00030000000000000003,3
2023-11-27 00:00:00+00:00,0.0001,0.0001,0.00030000000000000003,3
2023-11-28 00:00:00+00:00,0.0001,0.0001,0.00030000000000000003,3
2023-11-29 00:00:00+00:00,0.0001,0.0001,0.00030000000000000003,3
2023-11-30 00:00:00+00:00,0.0001,0.0001,0.00030000000000000003,3
2023-12-01 00:00:00+00:00,0.0001,0.0001,0.00030000000000000003,3
2023-12-02 00:00:00+00:00,0.0001,0.0001,0.00030000000000000003,3
2023-12-03 00:00:00+00:00,0.0001,0.0001,0.00030000000000000003,3
2023-12-04 00:00:00+00:00,0.0001,0.0001974866666666667,0.0005924600000000001,3
2023-12-05 00:00:00+00:00,0.0001,0.0001,0.00030000000000000003,3
2023-12-06 00:00:00+00:00,0.0001,0.0001,0.00030000000000000003,3
2023-12-07 00:00:00+00:00,0.00016767,0.00012496,0.00037488,3
2023-12-08 00:00:00+00:00,0.00034051,0.00034001666666666665,0.00102005,3
2023-12-09 00:00:00+00:00,0.00032929,0.00031359333333333335,0.00094078,3
2023-12-10 00:00:00+00:00,0.00039354,0.00034607333333333334,0.00103822,3
2023-12-11 00:00:00+00:00,0.0001,0.00019744333333333332,0.00059233,3
2023-12-12 00:00:00+00:00,0.0001,0.00016029,0.00048087,3
2023-12-13 00:00:00+00:00,0.00016232,0.00016653333333333333,0.0004996,3
2023-12-14 00:00:00+00:00,0.00011106,0.00011194666666666667,0.00033584,3
2023-12-15 00:00:00+00:00,0.00013415,0.00013078333333333333,0.00039235,3
2023-12-16 00:00:00+00:00,0.00017406,0.00017271333333333336,0.00051814,3
2023-12-17 00:00:00+00:00,0.0001,0.00012428666666666668,0.00037286000000000003,3
2023-12-18 00:00:00+00:00,0.00010731,0.00011344666666666667,0.00034034,3
2023-12-19 00:00:00+00:00,0.00013946,0.00013890999999999998,0.00041673,3
2023-12-20 00:00:00+00:00,0.00018725,0.00012908333333333334,0.00038725,3
2023-12-21 00:00:00+00:00,0.00033844,0.00023849333333333334,0.00071548,3
2023-12-22 00:00:00+00:00,0.00020031,0.00024963,0.00074889,3
2023-12-23 00:00:00+00:00,0.0001,0.00011754333333333334,0.00035263000000000004,3
2023-12-24 00:00:00+00:00,0.0001,0.00015065666666666666,0.00045197,3
2023-12-25 00:00:00+00:00,0.00018708,0.0001290266666666667,0.00038708000000000004,3
2023-12-26 00:00:00+00:00,0.00032104,0.00030167666666666666,0.00090503,3
2023-12-27 00:00:00+00:00,0.0005221,0.00045056666666666665,0.0013517,3
2023-12-28 00:00:00+00:00,0.00057322,0.00038481666666666665,0.00115445,3
2023-12-29 00:00:00+00:00,0.000435,0.00049092,0.00147276,3
2023-12-30 00:00:00+00:00,0.00024277,0.0003346933333333334,0.00100408,3
2023-12-31 00:00:00+00:00,0.00044151,0.00036906,0.00110718,3
2024-01-01 00:00:00+00:00,0.00037274,0.00043507666666666665,0.0013052299999999999,3
2024-01-02 00:00:00+00:00,0.00066228,0.0005778433333333334,0.00173353,3
2024-01-03 00:00:00+00:00,0.0001,0.00030389333333333333,0.00091168,3
2024-01-04 00:00:00+00:00,0.0001,0.0001,0.00030000000000000003,3
2024-01-05 00:00:00+00:00,0.0001,0.0001,0.00030000000000000003,3
2024-01-06 00:00:00+00:00,0.0001,0.0001,0.00030000000000000003,3
2024-01-07 00:00:00+00:00,0.0001,0.0001,0.00030000000000000003,3
2024-01-08 00:00:00+00:00,0.0001,0.0001,0.00030000000000000003,3
2024-01-09 00:00:00+00:00,0.0001,0.0001,0.00030000000000000003,3
2024-01-10 00:00:00+00:00,0.0001,0.0001,0.00030000000000000003,3
2024-01-11 00:00:00+00:00,0.0001,0.0001,0.00030000000000000003,3
2024-01-12 00:00:00+00:00,0.0001,0.0001,0.00030000000000000003,3
2024-01-13 00:00:00+00:00,0.0001,0.0001,0.00030000000000000003,3
2024-01-14 00:00:00+00:00,0.0001,0.0001,0.00030000000000000003,3
2024-01-15 00:00:00+00:00,0.0001,0.0001,0.00030000000000000003,3
2024-01-16 00:00:00+00:00,0.0001,0.0001,0.00030000000000000003,3
2024-01-17 00:00:00+00:00,0.0001,0.0001,0.00030000000000000003,3
2024-01-18 00:00:00+00:00,0.0001,0.0001,0.00030000000000000003,3
2024-01-19 00:00:00+00:00,0.0001,0.0001,0.00030000000000000003,3
2024-01-20 00:00:00+00:00,0.0001,0.0001,0.00030000000000000003,3
2024-01-21 00:00:00+00:00,0.0001,0.0001,0.00030000000000000003,3
2024-01-22 00:00:00+00:00,0.0001,0.0001,0.00030000000000000003,3
2024-01-23 00:00:00+00:00,0.0001,0.0001,0.00030000000000000003,3
2024-01-24 00:00:00+00:00,0.0001,0.0001,0.00030000000000000003,3
2024-01-25 00:00:00+00:00,0.0001,0.0001,0.00030000000000000003,3
2024-01-26 00:00:00+00:00,0.0001,0.0001,0.00030000000000000003,3
2024-01-27 00:00:00+00:00,0.0001,0.0001,0.00030000000000000003,3
2024-01-28 00:00:00+00:00,0.0001,3.7403333333333335e-05,0.00011221000000000001,3
2024-01-29 00:00:00+00:00,0.0001,0.0001,0.00030000000000000003,3
2024-01-30 00:00:00+00:00,0.0001,9.400333333333334e-05,0.00028201,3
2024-01-31 00:00:00+00:00,0.0001,7.100666666666667e-05,0.00021302000000000002,3
2024-02-01 00:00:00+00:00,0.0001,8.477333333333334e-05,0.00025432000000000005,3
2024-02-02 00:00:00+00:00,0.0001,9.099333333333335e-05,0.00027298000000000003,3
2024-02-03 00:00:00+00:00,0.0001,7.748666666666666e-05,0.00023246,3
2024-02-04 00:00:00+00:00,0.0001,9.547333333333333e-05,0.00028642,3
2024-02-05 00:00:00+00:00,0.0001,9.451666666666668e-05,0.00028355000000000003,3
2024-02-06 00:00:00+00:00,0.0001,0.0001,0.00030000000000000003,3
2024-02-07 00:00:00+00:00,0.0001,8.496000000000001e-05,0.00025488,3
2024-02-08 00:00:00+00:00,3.61e-06,5.5480000000000004e-05,0.00016644,3
2024-02-09 00:00:00+00:00,0.0001,5.7066666666666674e-05,0.00017120000000000001,3
2024-02-10 00:00:00+00:00,0.0001,0.0001,0.00030000000000000003,3
2024-02-11 00:00:00+00:00,0.0001,0.0001,0.00030000000000000003,3
2024-02-12 00:00:00+00:00,0.0001,0.0001,0.00030000000000000003,3
2024-02-13 00:00:00+00:00,0.0001,0.0001,0.00030000000000000003,3
2024-02-14 00:00:00+00:00,0.00011153,0.00010384333333333334,0.00031153,3
2024-02-15 00:00:00+00:00,0.00010861,0.00011861,0.00035583,3
2024-02-16 00:00:00+00:00,0.0001,0.0001,0.00030000000000000003,3
2024-02-17 00:00:00+00:00,0.0001,0.0001,0.00030000000000000003,3
2024-02-18 00:00:00+00:00,0.0001,0.00010718000000000001,0.00032154000000000004,3
2024-02-19 00:00:00+00:00,0.00019352,0.00016732666666666664,0.00050198,3
2024-02-20 00:00:00+00:00,0.0001,0.0001,0.00030000000000000003,3
2024-02-21 00:00:00+00:00,0.0001,0.0001,0.00030000000000000003,3
2024-02-22 00:00:00+00:00,0.0001,0.0001,0.00030000000000000003,3
2024-02-23 00:00:00+00:00,0.0001,0.0001,0.00030000000000000003,3
2024-02-24 00:00:00+00:00,0.00010658,0.00010219333333333332,0.00030658,3
2024-02-25 00:00:00+00:00,0.0001,0.0001,0.00030000000000000003,3
2024-02-26 00:00:00+00:00,0.0001,0.0001,0.00030000000000000003,3
2024-02-27 00:00:00+00:00,0.00030171,0.00041222,0.0012366599999999999,3
2024-02-28 00:00:00+00:00,0.0005031,0.0003096466666666667,0.0009289400000000001,3
2024-02-29 00:00:00+00:00,0.00069292,0.0006773399999999999,0.00203202,3
2024-03-01 00:00:00+00:00,0.00040755,0.0003968233333333333,0.00119047,3
2024-03-02 00:00:00+00:00,0.00059366,0.00032147333333333334,0.00096442,3
2024-03-03 00:00:00+00:00,0.00048175,0.00047901,0.00143703,3
2024-03-04 00:00:00+00:00,0.00082996,0.00065468,0.0019640400000000002,3
2024-03-05 00:00:00+00:00,0.0009208,0.0009496566666666668,0.00284897,3
2024-03-06 00:00:00+00:00,0.00047896,0.0003342766666666667,0.0010028300000000001,3
2024-03-07 00:00:00+00:00,0.00050302,0.00033945666666666667,0.00101837,3
2024-03-08 00:00:00+00:00,0.00072305,0.00049672,0.00149016,3
2024-03-09 00:00:00+00:00,0.00028422,0.0002586966666666667,0.00077609,3
2024-03-10 00:00:00+00:00,0.00065671,0.0005253266666666666,0.0015759799999999998,3
2024-03-11 00:00:00+00:00,0.00074316,0.0006471033333333333,0.00194131,3
2024-03-12 00:00:00+00:00,0.00055529,0.0005242233333333334,0.00157267,3
2024-03-13 00:00:00+00:00,0.0004918,0.0005363433333333334,0.00160903,3
2024-03-14 00:00:00+00:00,0.00049306,0.00042293666666666665,0.00126881,3
2024-03-15 00:00:00+00:00,0.0001,0.00023648333333333335,0.00070945,3
2024-03-16 00:00:00+00:00,0.0001,0.0001,0.00030000000000000003,3
2024-03-17 00:00:00+00:00,0.00019339,0.00013113,0.00039338999999999997,3
2024-03-18 00:00:00+00:00,0.0001,0.00017919666666666668,0.00053759,3
2024-03-19 00:00:00+00:00,0.00011542,0.00010514,0.00031542,3
2024-03-20 00:00:00+00:00,0.0001,0.0001,0.00030000000000000003,3
2024-03-21 00:00:00+00:00,0.0001,0.0001,0.00030000000000000003,3
2024-03-22 00:00:00+00:00,0.0001,0.0001,0.00030000000000000003,3
2024-03-23 00:00:00+00:00,0.0001,0.0001,0.00030000000000000003,3
2024-03-24 00:00:00+00:00,0.0001,0.0001,0.00030000000000000003,3
2024-03-25 00:00:00+00:00,0.00025614,0.0001520466666666667,0.00045614000000000006,3
2024-03-26 00:00:00+00:00,0.00032273,0.00021864333333333332,0.00065593,3
2024-03-27 00:00:00+00:00,0.00042313,0.00040379,0.00121137,3
2024-03-28 00:00:00+00:00,0.00047308,0.0004594566666666667,0.00137837,3
2024-03-29 00:00:00+00:00,0.00037754,0.0003798,0.0011394,3
2024-03-30 00:00:00+00:00,0.00035292,0.00034917,0.00104751,3
2024-03-31 00:00:00+00:00,0.00049276,0.0004148633333333333,0.0012445899999999998,3
2024-04-01 00:00:00+00:00,0.00024903,0.00039942,0.00119826,3
2024-04-02 00:00:00+00:00,0.0001,0.0001482866666666667,0.00044486000000000005,3
2024-04-03 00:00:00+00:00,0.0001,0.0001,0.00030000000000000003,3
2024-04-04 00:00:00+00:00,0.0001,0.0001,0.00030000000000000003,3
2024-04-05 00:00:00+00:00,0.0001,0.0001,0.00030000000000000003,3
2024-04-06 00:00:00+00:00,0.0001,0.0001,0.00030000000000000003,3
2024-04-07 00:00:00+00:00,0.0001,0.0001,0.00030000000000000003,3
2024-04-08 00:00:00+00:00,0.00021323,0.00013774333333333333,0.00041323,3
2024-04-09 00:00:00+00:00,0.00016704,0.00017764333333333335,0.00053293,3
2024-04-10 00:00:00+00:00,0.0001,0.00010662333333333333,0.00031987,3
2024-04-11 00:00:00+00:00,0.0001,0.0001,0.00030000000000000003,3
2024-04-12 00:00:00+00:00,0.0001,0.0001,0.00030000000000000003,3
2024-04-13 00:00:00+00:00,0.0001,0.0001,0.00030000000000000003,3
2024-04-14 00:00:00+00:00,0.0001,9.118666666666667e-05,0.00027356,3
2024-04-15 00:00:00+00:00,5.41e-06,1.66e-05,4.9800000000000004e-05,3
2024-04-16 00:00:00+00:00,6.552e-05,7.149666666666668e-05,0.00021449000000000001,3
2024-04-17 00:00:00+00:00,4.406e-05,2.919e-05,8.757e-05,3
2024-04-18 00:00:00+00:00,-5.366e-05,-7.1533333333333315e-06,-2.1459999999999994e-05,3
2024-04-19 00:00:00+00:00,5.565e-05,4.1889999999999994e-05,0.00012566999999999998,3
2024-04-20 00:00:00+00:00,-6.986e-05,-8.21e-06,-2.463e-05,3
2024-04-21 00:00:00+00:00,5.023e-05,2.6660000000000002e-05,7.998e-05,3
2024-04-22 00:00:00+00:00,-7.379e-05,3.9993333333333336e-05,0.00011998000000000001,3
2024-04-23 00:00:00+00:00,7.572e-05,-3.19e-05,-9.570000000000001e-05,3
2024-04-24 00:00:00+00:00,4.93e-05,8.31e-05,0.0002493,3
2024-04-25 00:00:00+00:00,2.499e-05,3.709333333333333e-05,0.00011128,3
2024-04-26 00:00:00+00:00,6.161e-05,5.543333333333334e-06,1.6630000000000002e-05,3
2024-04-27 00:00:00+00:00,0.0001,0.0001,0.00030000000000000003,3
2024-04-28 00:00:00+00:00,7.9e-05,6.613333333333333e-05,0.0001984,3
2024-04-29 00:00:00+00:00,0.0001,2.006666666666667e-05,6.0200000000000006e-05,3
2024-04-30 00:00:00+00:00,8.364e-05,3.4773333333333335e-05,0.00010432,3
2024-05-01 00:00:00+00:00,5.046e-05,8.348666666666666e-05,0.00025046,3
2024-05-02 00:00:00+00:00,-0.0001045,3.3099999999999984e-06,9.929999999999995e-06,3
2024-05-03 00:00:00+00:00,-8.669e-05,-7.743333333333332e-05,-0.00023229999999999998,3
2024-05-04 00:00:00+00:00,-2.317e-05,-3.3629999999999995e-05,-0.00010088999999999999,3
2024-05-05 00:00:00+00:00,0.0001,6.715333333333333e-05,0.00020145999999999999,3
2024-05-06 00:00:00+00:00,8.717e-05,6.829333333333334e-05,0.00020488,3
2024-05-07 00:00:00+00:00,0.0001,0.0001,0.00030000000000000003,3
2024-05-08 00:00:00+00:00,0.0001,0.0001,0.00030000000000000003,3
2024-05-09 00:00:00+00:00,8.999e-05,7.877666666666667e-05,0.00023633,3
2024-05-10 00:00:00+00:00,0.0001,3.8056666666666664e-05,0.00011417,3
2024-05-11 00:00:00+00:00,0.0001,0.0001,0.00030000000000000003,3
2024-05-12 00:00:00+00:00,0.0001,8.551333333333333e-05,0.00025654,3
2024-05-13 00:00:00+00:00,9.59e-06,3.282666666666666e-05,9.847999999999999e-05,3
2024-05-14 00:00:00+00:00,9.399e-05,5.649333333333334e-05,0.00016948,3
2024-05-15 00:00:00+00:00,-6.766e-05,1.1403333333333328e-05,3.4209999999999986e-05,3
2024-05-16 00:00:00+00:00,2.947e-05,4.2666666666666676e-05,0.00012800000000000002,3
2024-05-17 00:00:00+00:00,0.0001,0.0001,0.00030000000000000003,3
2024-05-18 00:00:00+00:00,1.546e-05,3.870333333333334e-05,0.00011611000000000001,3
2024-05-19 00:00:00+00:00,7.228e-05,6.926000000000001e-05,0.00020778000000000002,3
2024-05-20 00:00:00+00:00,6.146e-05,6.013333333333333e-05,0.0001804,3
2024-05-21 00:00:00+00:00,0.0001,0.0001,0.00030000000000000003,3
2024-05-22 00:00:00+00:00,0.0001,0.0001,0.00030000000000000003,3
2024-05-23 00:00:00+00:00,0.00010356,0.00011870666666666665,0.00035611999999999997,3
2024-05-24 00:00:00+00:00,0.0001,0.0001,0.00030000000000000003,3
2024-05-25 00:00:00+00:00,0.0001,0.0001,0.00030000000000000003,3
2024-05-26 00:00:00+00:00,0.0001,0.0001,0.00030000000000000003,3
2024-05-27 00:00:00+00:00,0.0001,0.0001,0.00030000000000000003,3
2024-05-28 00:00:00+00:00,0.0001,0.0001,0.00030000000000000003,3
2024-05-29 00:00:00+00:00,0.0001,0.00010229,0.00030687,3
2024-05-30 00:00:00+00:00,0.0001,0.0001,0.00030000000000000003,3
2024-05-31 00:00:00+00:00,0.0001,0.0001,0.00030000000000000003,3
2024-06-01 00:00:00+00:00,0.0001,0.0001,0.00030000000000000003,3
2024-06-02 00:00:00+00:00,0.0001,0.0001,0.00030000000000000003,3
2024-06-03 00:00:00+00:00,0.0001,0.0001,0.00030000000000000003,3
2024-06-04 00:00:00+00:00,0.0001,0.00012083666666666666,0.00036250999999999997,3
2024-06-05 00:00:00+00:00,0.0001,0.00010346666666666667,0.0003104,3
2024-06-06 00:00:00+00:00,0.0001,0.0001,0.00030000000000000003,3
2024-06-07 00:00:00+00:00,0.00014636,0.00011545333333333333,0.00034636,3
2024-06-08 00:00:00+00:00,0.0001,0.00011671666666666668,0.00035015000000000003,3
2024-06-09 00:00:00+00:00,0.0001,0.0001,0.00030000000000000003,3
2024-06-10 00:00:00+00:00,0.0001,0.0001,0.00030000000000000003,3
2024-06-11 00:00:00+00:00,0.0001,0.0001,0.00030000000000000003,3
2024-06-12 00:00:00+00:00,2.555e-05,2.2683333333333334e-05,6.805e-05,3
2024-06-13 00:00:00+00:00,4.705e-05,6.410333333333334e-05,0.00019231,3
2024-06-14 00:00:00+00:00,4.866e-05,5.676e-05,0.00017028,3
2024-06-15 00:00:00+00:00,2.833e-05,4.231666666666667e-05,0.00012695,3
2024-06-16 00:00:00+00:00,-2.464e-05,-1.076e-05,-3.228e-05,3
2024-06-17 00:00:00+00:00,-9.86e-06,-1.1876666666666668e-05,-3.563e-05,3
2024-06-18 00:00:00+00:00,6.445e-05,5.559e-05,0.00016677,3
2024-06-19 00:00:00+00:00,1.73e-06,6.055333333333334e-05,0.00018166000000000002,3
2024-06-20 00:00:00+00:00,0.0001,9.469666666666667e-05,0.00028409,3
2024-06-21 00:00:00+00:00,-3.133e-05,1.4366666666666667e-05,4.3100000000000004e-05,3
2024-06-22 00:00:00+00:00,1.375e-05,9.310000000000002e-06,2.7930000000000005e-05,3
2024-06-23 00:00:00+00:00,3.299e-05,5.823333333333333e-06,1.747e-05,3
2024-06-24 00:00:00+00:00,-0.0001414,-6.537333333333333e-05,-0.00019611999999999999,3
2024-06-25 00:00:00+00:00,-2.683e-05,-7.609666666666667e-05,-0.00022829,3
2024-06-26 00:00:00+00:00,-6.612e-05,-9.537666666666667e-05,-0.00028613,3
2024-06-27 00:00:00+00:00,8.267e-05,3.2143333333333334e-05,9.643000000000001e-05,3
2024-06-28 00:00:00+00:00,-2.545e-05,1.0453333333333332e-05,3.136e-05,3
2024-06-29 00:00:00+00:00,5.126e-05,6.20000000000002e-07,1.860000000000006e-06,3
2024-06-30 00:00:00+00:00,-0.00014348,-8.850999999999999e-05,-0.00026553,3
2024-07-01 00:00:00+00:00,-3.625e-05,-5.77e-05,-0.0001731,3
2024-07-02 00:00:00+00:00,5.178e-05,-6.709999999999998e-06,-2.0129999999999992e-05,3
2024-07-03 00:00:00+00:00,-2.314e-05,1.7356666666666666e-05,5.207e-05,3
2024-07-04 00:00:00+00:00,-2.617e-05,2.1456666666666664e-05,6.437e-05,3
2024-07-05 00:00:00+00:00,1.577e-05,5.3740000000000004e-05,0.00016122,3
2024-07-06 00:00:00+00:00,5.275e-05,3.8820000000000004e-05,0.00011646,3
2024-07-07 00:00:00+00:00,5.711e-05,3.414666666666667e-05,0.00010244,3
2024-07-08 00:00:00+00:00,0.0001,5.482666666666667e-05,0.00016448,3
2024-07-09 00:00:00+00:00,0.0001,9.664000000000001e-05,0.00028992000000000004,3
2024-07-10 00:00:00+00:00,0.0001,7.972e-05,0.00023916,3
2024-07-11 00:00:00+00:00,7.84e-06,4.971333333333333e-05,0.00014914,3
2024-07-12 00:00:00+00:00,-3.418e-05,3.7516666666666666e-05,0.00011255,3
2024-07-13 00:00:00+00:00,7.82e-05,2.5846666666666668e-05,7.754e-05,3
2024-07-14 00:00:00+00:00,2.743e-05,6.068e-05,0.00018204,3
2024-07-15 00:00:00+00:00,0.0001,3.213666666666667e-05,9.641000000000001e-05,3
2024-07-16 00:00:00+00:00,0.0001,5.1223333333333335e-05,0.00015367,3
2024-07-17 00:00:00+00:00,-1.974e-05,5.354666666666667e-05,0.00016064,3
2024-07-18 00:00:00+00:00,1.33e-05,2.2270000000000002e-05,6.681e-05,3
2024-07-19 00:00:00+00:00,0.0001,9.812666666666667e-05,0.00029438,3
2024-07-20 00:00:00+00:00,3.897e-05,6.116e-05,0.00018348,3
2024-07-21 00:00:00+00:00,0.0001,8.343666666666667e-05,0.00025031,3
2024-07-22 00:00:00+00:00,0.0001,0.0001,0.00030000000000000003,3
2024-07-23 00:00:00+00:00,3.978e-05,6.428e-05,0.00019284,3
2024-07-24 00:00:00+00:00,0.0001,0.0001,0.00030000000000000003,3
2024-07-25 00:00:00+00:00,0.0001,0.0001,0.00030000000000000003,3
2024-07-26 00:00:00+00:00,5.936e-05,4.771999999999999e-05,0.00014315999999999998,3
2024-07-27 00:00:00+00:00,0.0001,9.434666666666668e-05,0.00028304000000000003,3
2024-07-28 00:00:00+00:00,0.0001,0.0001,0.00030000000000000003,3
2024-07-29 00:00:00+00:00,0.0001,0.0001,0.00030000000000000003,3
2024-07-30 00:00:00+00:00,7.656e-05,2.0963333333333333e-05,6.289e-05,3
2024-07-31 00:00:00+00:00,4.863e-05,8.287666666666667e-05,0.00024863,3
2024-08-01 00:00:00+00:00,3.459e-05,6.712666666666666e-05,0.00020138,3
2024-08-02 00:00:00+00:00,2.532e-05,7.510666666666668e-05,0.00022532000000000002,3
2024-08-03 00:00:00+00:00,7.3e-07,-1.7616666666666667e-05,-5.2850000000000004e-05,3
2024-08-04 00:00:00+00:00,5.03e-06,2.6553333333333335e-05,7.966e-05,3
2024-08-05 00:00:00+00:00,-5.066e-05,-1.2276666666666665e-05,-3.683e-05,3
2024-08-06 00:00:00+00:00,0.0001,4.207666666666667e-05,0.00012623000000000002,3
2024-08-07 00:00:00+00:00,0.0001,6.496333333333333e-05,0.00019489,3
2024-08-08 00:00:00+00:00,-2.911e-05,3.698e-05,0.00011094,3
2024-08-09 00:00:00+00:00,-1.845e-05,-3.986666666666667e-06,-1.196e-05,3
2024-08-10 00:00:00+00:00,5.312e-05,6.586666666666666e-05,0.0001976,3
2024-08-11 00:00:00+00:00,-2.976e-05,3.1406666666666665e-05,9.422e-05,3
2024-08-12 00:00:00+00:00,2.174e-05,7.391333333333333e-05,0.00022174,3
2024-08-13 00:00:00+00:00,4.726e-05,4.867666666666667e-05,0.00014603,3
2024-08-14 00:00:00+00:00,-1.699e-05,-1.2883333333333334e-05,-3.8650000000000004e-05,3
2024-08-15 00:00:00+00:00,5.472e-05,2.8009999999999998e-05,8.403e-05,3
2024-08-16 00:00:00+00:00,3.934e-05,4.2663333333333335e-05,0.00012799,3
2024-08-17 00:00:00+00:00,8.377e-05,6.978333333333333e-05,0.00020935,3
2024-08-18 00:00:00+00:00,1.326e-05,2.962e-05,8.886e-05,3
2024-08-19 00:00:00+00:00,4.69e-06,3.566666666666669e-07,1.0700000000000008e-06,3
2024-08-20 00:00:00+00:00,1.082e-05,1.6953333333333336e-05,5.0860000000000004e-05,3
2024-08-21 00:00:00+00:00,9.6e-07,-2.041e-05,-6.123e-05,3
2024-08-22 00:00:00+00:00,6.23e-05,3.338666666666666e-05,0.00010015999999999999,3
2024-08-23 00:00:00+00:00,2.511e-05,6.690666666666667e-05,0.00020072000000000002,3
2024-08-24 00:00:00+00:00,9.036e-05,5.193666666666666e-05,0.00015581,3
2024-08-25 00:00:00+00:00,0.0001,7.985e-05,0.00023955,3
2024-08-26 00:00:00+00:00,6.223e-05,4.9476666666666674e-05,0.00014843000000000001,3
2024-08-27 00:00:00+00:00,0.0001,8.498e-05,0.00025494,3
2024-08-28 00:00:00+00:00,-3.24e-05,-1.5366666666666666e-05,-4.61e-05,3
2024-08-29 00:00:00+00:00,6.16e-06,1.7116666666666668e-05,5.135e-05,3
2024-08-30 00:00:00+00:00,1.815e-05,-2.879333333333333e-05,-8.638e-05,3
2024-08-31 00:00:00+00:00,4.759e-05,5.092e-05,0.00015276,3
2024-09-01 00:00:00+00:00,-9.28e-06,4.3996666666666665e-05,0.00013199,3
2024-09-02 00:00:00+00:00,3.884e-05,-9.673333333333333e-06,-2.9019999999999997e-05,3
2024-09-03 00:00:00+00:00,7.738e-05,4.303e-05,0.00012909,3
2024-09-04 00:00:00+00:00,-2.771e-05,7.186666666666666e-06,2.1559999999999997e-05,3
2024-09-05 00:00:00+00:00,8.48e-06,-1.1853333333333336e-05,-3.5560000000000005e-05,3
2024-09-06 00:00:00+00:00,1.86e-06,-2.0356666666666664e-05,-6.107e-05,3
2024-09-07 00:00:00+00:00,3.364e-05,2.878666666666667e-05,8.636e-05,3
2024-09-08 00:00:00+00:00,3.261e-05,3.230666666666667e-05,9.692e-05,3
2024-09-09 00:00:00+00:00,-3.54e-05,5.155333333333334e-05,0.00015466,3
2024-09-10 00:00:00+00:00,9.95e-06,4.090333333333333e-05,0.00012271,3
2024-09-11 00:00:00+00:00,9.155e-05,4.9699999999999995e-05,0.0001491,3
2024-09-12 00:00:00+00:00,2.538e-05,3.159e-05,9.477e-05,3
2024-09-13 00:00:00+00:00,1.552e-05,1.320000000000001e-06,3.960000000000003e-06,3
2024-09-14 00:00:00+00:00,-2.375e-05,-1.6313333333333335e-05,-4.894e-05,3
2024-09-15 00:00:00+00:00,7.324e-05,5.015333333333333e-05,0.00015046,3
2024-09-16 00:00:00+00:00,4.538e-05,3.384666666666667e-05,0.00010154000000000001,3
2024-09-17 00:00:00+00:00,2.251e-05,6.639e-05,0.00019917,3
2024-09-18 00:00:00+00:00,8.846e-05,5.014333333333334e-05,0.00015043,3
2024-09-19 00:00:00+00:00,5.137e-05,7.174666666666667e-05,0.00021524,3
2024-09-20 00:00:00+00:00,0.0001,4.064e-05,0.00012192,3
2024-09-21 00:00:00+00:00,-1.119e-05,-5.5299999999999996e-06,-1.659e-05,3
2024-09-22 00:00:00+00:00,5.468e-05,1.7866666666666676e-06,5.360000000000003e-06,3
2024-09-23 00:00:00+00:00,4.386e-05,4.42e-05,0.0001326,3
2024-09-24 00:00:00+00:00,2.404e-05,6.147e-05,0.00018441,3
2024-09-25 00:00:00+00:00,0.0001,0.0001,0.00030000000000000003,3
2024-09-26 00:00:00+00:00,9.007e-05,9.669000000000001e-05,0.00029007,3
2024-09-27 00:00:00+00:00,3.78e-05,6.725999999999999e-05,0.00020177999999999998,3
2024-09-28 00:00:00+00:00,6.532e-05,7.04e-05,0.0002112,3
2024-09-29 00:00:00+00:00,0.0001,0.0001,0.00030000000000000003,3
2024-09-30 00:00:00+00:00,0.0001,0.0001,0.00030000000000000003,3
2024-10-01 00:00:00+00:00,5.26e-05,2.715e-05,8.145e-05,3
2024-10-02 00:00:00+00:00,-9.13e-06,6.050333333333334e-05,0.00018151000000000002,3
2024-10-03 00:00:00+00:00,7.355e-05,8.190333333333334e-05,0.00024571,3
2024-10-04 00:00:00+00:00,6.585e-05,5.821e-05,0.00017463,3
2024-10-05 00:00:00+00:00,7.081e-05,4.084666666666667e-05,0.00012254,3
2024-10-06 00:00:00+00:00,4.254e-05,8.084666666666667e-05,0.00024254000000000002,3
2024-10-07 00:00:00+00:00,8.184e-05,3.197e-05,9.591e-05,3
2024-10-08 00:00:00+00:00,6e-07,-9.546666666666666e-06,-2.864e-05,3
2024-10-09 00:00:00+00:00,8.869e-05,6.500333333333333e-05,0.00019501000000000002,3
2024-10-10 00:00:00+00:00,6.638e-05,4.81e-05,0.00014429999999999998,3
2024-10-11 00:00:00+00:00,0.0001,5.1519999999999995e-05,0.00015455999999999998,3
2024-10-12 00:00:00+00:00,6.714e-05,8.904666666666667e-05,0.00026714,3
2024-10-13 00:00:00+00:00,6.966e-05,7.347333333333333e-05,0.00022041999999999998,3
2024-10-14 00:00:00+00:00,0.0001,8.709333333333334e-05,0.00026128,3
2024-10-15 00:00:00+00:00,0.0001,0.0001,0.00030000000000000003,3
2024-10-16 00:00:00+00:00,0.0001,0.0001,0.00030000000000000003,3
2024-10-17 00:00:00+00:00,0.0001,0.0001,0.00030000000000000003,3
2024-10-18 00:00:00+00:00,0.0001,9.487666666666667e-05,0.00028463,3
2024-10-19 00:00:00+00:00,0.0001,0.0001,0.00030000000000000003,3
2024-10-20 00:00:00+00:00,0.0001,0.0001,0.00030000000000000003,3
2024-10-21 00:00:00+00:00,0.0001,0.0001,0.00030000000000000003,3
2024-10-22 00:00:00+00:00,0.0001,0.0001,0.00030000000000000003,3
2024-10-23 00:00:00+00:00,0.0001,0.0001,0.00030000000000000003,3
2024-10-24 00:00:00+00:00,0.0001,0.0001,0.00030000000000000003,3
2024-10-25 00:00:00+00:00,0.0001,9.032333333333334e-05,0.00027097000000000004,3
2024-10-26 00:00:00+00:00,8.614e-05,8.709666666666668e-05,0.00026129,3
2024-10-27 00:00:00+00:00,9.734e-05,9.464333333333333e-05,0.00028393,3
2024-10-28 00:00:00+00:00,0.0001,0.0001,0.00030000000000000003,3
2024-10-29 00:00:00+00:00,0.0001,0.0001,0.00030000000000000003,3
2024-10-30 00:00:00+00:00,0.0001,0.0001,0.00030000000000000003,3
2024-10-31 00:00:00+00:00,0.0001,0.0001,0.00030000000000000003,3
2024-11-01 00:00:00+00:00,0.0001,0.0001,0.00030000000000000003,3
2024-11-02 00:00:00+00:00,0.0001,0.0001,0.00030000000000000003,3
2024-11-03 00:00:00+00:00,0.0001,0.0001,0.00030000000000000003,3
2024-11-04 00:00:00+00:00,0.0001,0.0001,0.00030000000000000003,3
2024-11-05 00:00:00+00:00,0.0001,0.0001,0.00030000000000000003,3
2024-11-06 00:00:00+00:00,0.0001,9.125666666666666e-05,0.00027377,3
2024-11-07 00:00:00+00:00,0.0001,0.00010400333333333335,0.00031201000000000004,3
2024-11-08 00:00:00+00:00,0.0001,0.0001,0.00030000000000000003,3
2024-11-09 00:00:00+00:00,0.0001,0.0001,0.00030000000000000003,3
2024-11-10 00:00:00+00:00,0.00018979,0.00020590333333333336,0.00061771,3
2024-11-11 00:00:00+00:00,0.0001,0.00022353333333333334,0.0006706,3
2024-11-12 00:00:00+00:00,0.00050342,0.0005025,0.0015075000000000002,3
2024-11-13 00:00:00+00:00,0.00035174,0.00019883666666666665,0.00059651,3
2024-11-14 00:00:00+00:00,0.00012832,0.00013126999999999998,0.00039380999999999997,3
2024-11-15 00:00:00+00:00,0.0001,0.0001,0.00030000000000000003,3
2024-11-16 00:00:00+00:00,0.00025031,0.0002789166666666667,0.00083675,3
2024-11-17 00:00:00+00:00,0.00035655,0.0003190033333333333,0.00095701,3
2024-11-18 00:00:00+00:00,0.00033111,0.0003603966666666667,0.00108119,3
2024-11-19 00:00:00+00:00,0.00024229,0.00031998666666666666,0.00095996,3
2024-11-20 00:00:00+00:00,0.00016424,0.00012627333333333334,0.00037882000000000004,3
2024-11-21 00:00:00+00:00,0.00017392,0.00013860333333333332,0.00041580999999999996,3
2024-11-22 00:00:00+00:00,0.00023833,0.00022908,0.00068724,3
2024-11-23 00:00:00+00:00,0.00025348,0.00017577999999999997,0.00052734,3
2024-11-24 00:00:00+00:00,0.00029092,0.0003214066666666667,0.00096422,3
2024-11-25 00:00:00+00:00,0.00034875,0.0003545833333333333,0.00106375,3
2024-11-26 00:00:00+00:00,0.0001,0.00010916333333333333,0.00032749,3
2024-11-27 00:00:00+00:00,0.00027093,0.00024643666666666664,0.00073931,3
2024-11-28 00:00:00+00:00,0.00023188,0.00020834666666666666,0.00062504,3
2024-11-29 00:00:00+00:00,0.00035268,0.0003051966666666667,0.00091559,3
2024-11-30 00:00:00+00:00,0.00015012,0.00020025666666666667,0.00060077,3
2024-12-01 00:00:00+00:00,0.00016625,0.00021685,0.0006505500000000001,3
2024-12-02 00:00:00+00:00,0.0001,0.00013090666666666666,0.00039272,3
2024-12-03 00:00:00+00:00,0.00012348,0.00015817,0.00047451000000000004,3
2024-12-04 00:00:00+00:00,0.00036313,0.0003555733333333333,0.00106672,3
2024-12-05 00:00:00+00:00,0.00064806,0.0006818166666666667,0.00204545,3
2024-12-06 00:00:00+00:00,0.0001,0.00011155333333333333,0.00033465999999999997,3
2024-12-07 00:00:00+00:00,0.0001,0.00011708333333333334,0.00035125,3
2024-12-08 00:00:00+00:00,0.00029123,0.00026710666666666667,0.00080132,3
2024-12-09 00:00:00+00:00,0.00015788,0.00014548666666666668,0.00043646,3
2024-12-10 00:00:00+00:00,0.0001,0.0001,0.00030000000000000003,3
2024-12-11 00:00:00+00:00,0.0001,0.0001,0.00030000000000000003,3
2024-12-12 00:00:00+00:00,0.0001,0.0001,0.00030000000000000003,3
2024-12-13 00:00:00+00:00,0.0001,0.0001,0.00030000000000000003,3
2024-12-14 00:00:00+00:00,0.0001,0.0001,0.00030000000000000003,3
2024-12-15 00:00:00+00:00,0.0001,0.0001,0.00030000000000000003,3
2024-12-16 00:00:00+00:00,0.0001,0.0001,0.00030000000000000003,3
2024-12-17 00:00:00+00:00,0.0001,0.0001,0.00030000000000000003,3
2024-12-18 00:00:00+00:00,0.0001,9.777333333333333e-05,0.00029332,3
2024-12-19 00:00:00+00:00,-2.748e-05,-1.416666666666665e-06,-4.249999999999995e-06,3
2024-12-20 00:00:00+00:00,9.101e-05,2.3586666666666666e-05,7.076e-05,3
2024-12-21 00:00:00+00:00,-1.912e-05,-2.871666666666667e-05,-8.615000000000001e-05,3
2024-12-22 00:00:00+00:00,2.233e-05,2.7749999999999997e-05,8.324999999999999e-05,3
2024-12-23 00:00:00+00:00,3.701e-05,2.086333333333333e-05,6.259e-05,3
2024-12-24 00:00:00+00:00,8.079e-05,6.098666666666666e-05,0.00018296,3
2024-12-25 00:00:00+00:00,0.0001,0.0001,0.00030000000000000003,3
2024-12-26 00:00:00+00:00,4.138e-05,7.042333333333333e-05,0.00021127,3
2024-12-27 00:00:00+00:00,3.27e-06,2.2263333333333334e-05,6.679e-05,3
2024-12-28 00:00:00+00:00,5.77e-06,-6.8366666666666676e-06,-2.0510000000000002e-05,3
2024-12-29 00:00:00+00:00,3.159e-05,2.255666666666667e-05,6.767000000000001e-05,3
2024-12-30 00:00:00+00:00,-2.975e-05,-3.572333333333333e-05,-0.00010716999999999999,3
2024-12-31 00:00:00+00:00,0.0001,3.5583333333333335e-05,0.00010675,3
2025-01-01 00:00:00+00:00,6.921e-05,8.002e-05,0.00024006,3
2025-01-02 00:00:00+00:00,0.0001,0.0001,0.00030000000000000003,3
2025-01-03 00:00:00+00:00,0.0001,9.671666666666665e-05,0.00029015,3
2025-01-04 00:00:00+00:00,5.258e-05,6.298666666666666e-05,0.00018896,3
2025-01-05 00:00:00+00:00,7.478e-05,9.159333333333334e-05,0.00027478,3
2025-01-06 00:00:00+00:00,0.0001,0.0001,0.00030000000000000003,3
2025-01-07 00:00:00+00:00,0.0001,6.051e-05,0.00018153,3
2025-01-08 00:00:00+00:00,9.631e-05,7.717333333333334e-05,0.00023152,3
2025-01-09 00:00:00+00:00,-8.46e-06,3.5673333333333336e-05,0.00010702,3
2025-01-10 00:00:00+00:00,7.043e-05,4.961000000000001e-05,0.00014883000000000002,3
2025-01-11 00:00:00+00:00,4.981e-05,5.919333333333333e-05,0.00017758,3
2025-01-12 00:00:00+00:00,8.847e-05,7.730333333333334e-05,0.00023191,3
2025-01-13 00:00:00+00:00,6.61e-06,6.006e-05,0.00018018,3
2025-01-14 00:00:00+00:00,0.0001,0.0001,0.00030000000000000003,3
2025-01-15 00:00:00+00:00,0.0001,7.458333333333333e-05,0.00022375000000000002,3
2025-01-16 00:00:00+00:00,0.0001,8.585e-05,0.00025755,3
2025-01-17 00:00:00+00:00,0.0001,9.185e-05,0.00027555,3
2025-01-18 00:00:00+00:00,0.0001,9.782333333333334e-05,0.00029347,3
2025-01-19 00:00:00+00:00,0.0001,0.0001,0.00030000000000000003,3
2025-01-20 00:00:00+00:00,0.0001,0.0001,0.00030000000000000003,3
2025-01-21 00:00:00+00:00,0.0001,0.0001,0.00030000000000000003,3
2025-01-22 00:00:00+00:00,0.0001,0.0001,0.00030000000000000003,3
2025-01-23 00:00:00+00:00,0.0001,0.0001,0.00030000000000000003,3
2025-01-24 00:00:00+00:00,0.0001,7.949666666666667e-05,0.00023849,3
2025-01-25 00:00:00+00:00,5.217e-05,7.562999999999999e-05,0.00022689,3
2025-01-26 00:00:00+00:00,0.0001,0.0001,0.00030000000000000003,3
2025-01-27 00:00:00+00:00,1.349e-05,3.8673333333333335e-05,0.00011602,3
2025-01-28 00:00:00+00:00,6.59e-06,2.1603333333333334e-05,6.481e-05,3
2025-01-29 00:00:00+00:00,6.486e-05,2.0273333333333335e-05,6.0820000000000004e-05,3
2025-01-30 00:00:00+00:00,0.0001,9.195666666666667e-05,0.00027587,3
2025-01-31 00:00:00+00:00,2.658e-05,2.406e-05,7.218e-05,3
2025-02-01 00:00:00+00:00,-2.399e-05,-9.745e-05,-0.00029235,3
2025-02-02 00:00:00+00:00,-2.013e-05,-1.659e-05,-4.977e-05,3
2025-02-03 00:00:00+00:00,-5.11e-05,8.459999999999997e-06,2.537999999999999e-05,3
2025-02-04 00:00:00+00:00,7.932e-05,5.5526666666666665e-05,0.00016658,3
2025-02-05 00:00:00+00:00,0.0001,4.6e-05,0.000138,3
2025-02-06 00:00:00+00:00,6.781e-05,7.119666666666667e-05,0.00021359,3
2025-02-07 00:00:00+00:00,8.283e-05,6.309000000000001e-05,0.00018927,3
2025-02-08 00:00:00+00:00,6.56e-06,-1.1053333333333331e-05,-3.3159999999999994e-05,3
2025-02-09 00:00:00+00:00,3.139e-05,2.0393333333333337e-05,6.118000000000001e-05,3
2025-02-10 00:00:00+00:00,9.182e-05,6.656333333333333e-05,0.00019968999999999998,3
2025-02-11 00:00:00+00:00,-1.778e-05,3.8083333333333335e-05,0.00011425,3
2025-02-12 00:00:00+00:00,5.23e-06,1.8290000000000003e-05,5.487000000000001e-05,3
2025-02-13 00:00:00+00:00,4.455e-05,6.901333333333333e-05,0.00020704,3
2025-02-14 00:00:00+00:00,0.0001,9.621666666666667e-05,0.00028865,3
2025-02-15 00:00:00+00:00,5.122e-05,2.737e-05,8.211e-05,3
2025-02-16 00:00:00+00:00,3.3e-06,1.3766666666666666e-05,4.13e-05,3
2025-02-17 00:00:00+00:00,4.1e-07,1.3633333333333332e-05,4.09e-05,3
2025-02-18 00:00:00+00:00,9.433e-05,4.589333333333333e-05,0.00013768,3
2025-02-19 00:00:00+00:00,0.0001,9.903666666666667e-05,0.00029711,3
2025-02-20 00:00:00+00:00,7.78e-05,9.260000000000001e-05,0.00027780000000000003,3
2025-02-21 00:00:00+00:00,3.323e-05,4.212333333333333e-05,0.00012637,3
2025-02-22 00:00:00+00:00,0.0001,0.0002881133333333333,0.00086434,3
2025-02-23 00:00:00+00:00,0.0001,0.0001,0.00030000000000000003,3
2025-02-24 00:00:00+00:00,0.0001,0.0001,0.00030000000000000003,3
2025-02-25 00:00:00+00:00,0.0001,0.0001,0.00030000000000000003,3
2025-02-26 00:00:00+00:00,9.698e-05,9.899333333333334e-05,0.00029698,3
2025-02-27 00:00:00+00:00,8.877e-05,-5.0673333333333335e-05,-0.00015202,3
2025-02-28 00:00:00+00:00,-0.00014671,-6.870000000000003e-06,-2.0610000000000008e-05,3
2025-03-01 00:00:00+00:00,9.17e-06,5.1500000000000005e-05,0.00015450000000000001,3
2025-03-02 00:00:00+00:00,6.936e-05,8.058333333333333e-05,0.00024175,3
2025-03-03 00:00:00+00:00,0.0001,0.0001,0.00030000000000000003,3
2025-03-04 00:00:00+00:00,1.23e-05,-6.083333333333334e-06,-1.8250000000000003e-05,3
2025-03-05 00:00:00+00:00,0.0001,0.0001,0.00030000000000000003,3
2025-03-06 00:00:00+00:00,1.038e-05,4.541000000000001e-05,0.00013623000000000002,3
2025-03-07 00:00:00+00:00,0.0001,6.460666666666667e-05,0.00019382,3
2025-03-08 00:00:00+00:00,1.288e-05,5.909333333333334e-05,0.00017728,3
2025-03-09 00:00:00+00:00,-3.2e-05,1.8239999999999998e-05,5.472e-05,3
2025-03-10 00:00:00+00:00,-8.207e-05,-0.00014946333333333334,-0.00044839,3
2025-03-11 00:00:00+00:00,6.844e-05,2.0283333333333333e-05,6.085e-05,3
2025-03-12 00:00:00+00:00,4.824e-05,7.179333333333333e-05,0.00021538,3
2025-03-13 00:00:00+00:00,-1.285e-05,4.229333333333334e-05,0.00012688,3
2025-03-14 00:00:00+00:00,0.0001,-4.809999999999999e-06,-1.4429999999999996e-05,3
2025-03-15 00:00:00+00:00,2.487e-05,7.495666666666667e-05,0.00022487,3
2025-03-16 00:00:00+00:00,-6.539e-05,1.7320000000000004e-05,5.196000000000001e-05,3
2025-03-17 00:00:00+00:00,-7.12e-06,1.3320000000000001e-05,3.9960000000000004e-05,3
2025-03-18 00:00:00+00:00,8.4e-07,-8.33333333333338e-08,-2.500000000000014e-07,3
2025-03-19 00:00:00+00:00,7.731e-05,3.063333333333334e-05,9.190000000000001e-05,3
2025-03-20 00:00:00+00:00,-9.81e-06,2.4323333333333335e-05,7.297e-05,3
2025-03-21 00:00:00+00:00,-5.34e-06,4.666666666666667e-07,1.4000000000000001e-06,3
2025-03-22 00:00:00+00:00,2.95e-06,2.6233333333333335e-05,7.87e-05,3
2025-03-23 00:00:00+00:00,-3.516e-05,-1.1353333333333334e-05,-3.406e-05,3
2025-03-24 00:00:00+00:00,2.952e-05,4.6876666666666665e-05,0.00014063,3
2025-03-25 00:00:00+00:00,7.84e-06,6.706666666666665e-06,2.0119999999999997e-05,3
2025-03-26 00:00:00+00:00,-4.927e-05,1.6166666666666652e-06,4.849999999999996e-06,3
2025-03-27 00:00:00+00:00,-3.998e-05,-4.0066666666666676e-06,-1.2020000000000004e-05,3
2025-03-28 00:00:00+00:00,3.856e-05,8.696666666666666e-06,2.6089999999999996e-05,3
2025-03-29 00:00:00+00:00,6.68e-06,9.05e-06,2.715e-05,3
2025-03-30 00:00:00+00:00,4.13e-06,9.566666666666673e-07,2.870000000000002e-06,3
2025-03-31 00:00:00+00:00,-3.19e-06,6.943333333333334e-06,2.0830000000000002e-05,3
2025-04-01 00:00:00+00:00,1.751e-05,-2.4626666666666662e-05,-7.387999999999999e-05,3
2025-04-02 00:00:00+00:00,-2.791e-05,-9.926666666666666e-06,-2.978e-05,3
2025-04-03 00:00:00+00:00,-8.99e-06,-5.393333333333334e-06,-1.618e-05,3
2025-04-04 00:00:00+00:00,3.029e-05,7.445333333333333e-05,0.00022336,3
2025-04-05 00:00:00+00:00,3.366e-05,7.547333333333333e-05,0.00022642000000000002,3
2025-04-06 00:00:00+00:00,3.77e-06,6.481333333333334e-05,0.00019444000000000002,3
2025-04-07 00:00:00+00:00,3.657e-05,1.9333333333333328e-06,5.799999999999999e-06,3
2025-04-08 00:00:00+00:00,3.545e-05,3.8973333333333335e-05,0.00011692000000000001,3
2025-04-09 00:00:00+00:00,0.0001,3.3996666666666666e-05,0.00010199,3
2025-04-10 00:00:00+00:00,4.691e-05,7.969666666666667e-05,0.00023909000000000002,3
2025-04-11 00:00:00+00:00,0.0001,3.994e-05,0.00011982,3
2025-04-12 00:00:00+00:00,1.472e-05,2.5056666666666667e-05,7.517e-05,3
2025-04-13 00:00:00+00:00,-3.89e-06,2.8409999999999997e-05,8.523e-05,3
2025-04-14 00:00:00+00:00,3.854e-05,1.867e-05,5.6009999999999994e-05,3
2025-04-15 00:00:00+00:00,7.167e-05,5.853e-05,0.00017559,3
2025-04-16 00:00:00+00:00,-1.926e-05,-5.7256666666666663e-05,-0.00017177,3
2025-04-17 00:00:00+00:00,-1.058e-05,-4.1000000000000006e-06,-1.23e-05,3
2025-04-18 00:00:00+00:00,-5.146e-05,-4.676666666666666e-06,-1.403e-05,3
2025-04-19 00:00:00+00:00,0.0001,5.217333333333333e-05,0.00015652,3
2025-04-20 00:00:00+00:00,-7.66e-05,-8.063333333333335e-06,-2.4190000000000004e-05,3
2025-04-21 00:00:00+00:00,9.109e-05,7.015333333333332e-05,0.00021046,3
2025-04-22 00:00:00+00:00,-1.936e-05,2.021e-05,6.063000000000001e-05,3
2025-04-23 00:00:00+00:00,2.238e-05,1.8553333333333334e-05,5.5660000000000006e-05,3
2025-04-24 00:00:00+00:00,-6.18e-06,-9.74e-06,-2.922e-05,3
2025-04-25 00:00:00+00:00,4.921e-05,5.6913333333333336e-05,0.00017074,3
2025-04-26 00:00:00+00:00,4.978e-05,-3.493333333333334e-06,-1.0480000000000001e-05,3
2025-04-27 00:00:00+00:00,-3.295e-05,-3.872333333333333e-05,-0.00011617,3
2025-04-28 00:00:00+00:00,5.89e-06,2.4376666666666666e-05,7.313e-05,3
2025-04-29 00:00:00+00:00,1.268e-05,2.516666666666667e-06,7.5500000000000006e-06,3
2025-04-30 00:00:00+00:00,2.9e-07,2.317e-05,6.951e-05,3
2025-05-01 00:00:00+00:00,3.782e-05,2.996333333333333e-05,8.989e-05,3
2025-05-02 00:00:00+00:00,-3.03e-05,-1.2319999999999999e-05,-3.696e-05,3
2025-05-03 00:00:00+00:00,-6.553e-05,-6.368333333333334e-05,-0.00019105,3
2025-05-04 00:00:00+00:00,3.498e-05,2.8086666666666667e-05,8.426e-05,3
2025-05-05 00:00:00+00:00,2.175e-05,5.986666666666671e-06,1.796000000000001e-05,3
2025-05-06 00:00:00+00:00,2.767e-05,1.0133333333333337e-06,3.0400000000000014e-06,3
2025-05-07 00:00:00+00:00,1.529e-05,4.058666666666667e-05,0.00012176,3
2025-05-08 00:00:00+00:00,0.0001,8.868e-05,0.00026604,3
2025-05-09 00:00:00+00:00,5.521e-05,8.253e-05,0.00024759,3
2025-05-10 00:00:00+00:00,0.0001,9.212666666666667e-05,0.00027638,3
2025-05-11 00:00:00+00:00,0.0001,9.360333333333333e-05,0.00028081,3
2025-05-12 00:00:00+00:00,7.469e-05,9.156333333333334e-05,0.00027469,3
2025-05-13 00:00:00+00:00,1.231e-05,3.825e-05,0.00011475,3
2025-05-14 00:00:00+00:00,-1.591e-05,2.296e-05,6.888e-05,3
2025-05-15 00:00:00+00:00,3.38e-05,-1.0843333333333333e-05,-3.253e-05,3
2025-05-16 00:00:00+00:00,1.606e-05,1.2726666666666666e-05,3.818e-05,3
2025-05-17 00:00:00+00:00,2.515e-05,1.3466666666666666e-05,4.04e-05,3
2025-05-18 00:00:00+00:00,0.0001,6.671333333333334e-05,0.00020014000000000002,3
2025-05-19 00:00:00+00:00,5.514e-05,5.553333333333334e-05,0.0001666,3
2025-05-20 00:00:00+00:00,4.4e-06,4.355666666666666e-05,0.00013067,3
2025-05-21 00:00:00+00:00,4.226e-05,5.7759999999999996e-05,0.00017328,3
2025-05-22 00:00:00+00:00,9.599e-05,9.188666666666666e-05,0.00027566,3
2025-05-23 00:00:00+00:00,6.534e-05,4.701333333333333e-05,0.00014104,3
2025-05-24 00:00:00+00:00,4.126e-05,3.2550000000000005e-05,9.765000000000002e-05,3
2025-05-25 00:00:00+00:00,5.451e-05,7.624333333333334e-05,0.00022873000000000001,3
2025-05-26 00:00:00+00:00,9.627e-05,9.875666666666667e-05,0.00029627,3
2025-05-27 00:00:00+00:00,2.161e-05,5.136e-05,0.00015408000000000002,3
2025-05-28 00:00:00+00:00,3.181e-05,-7.33e-05,-0.0002199,3
2025-05-29 00:00:00+00:00,-1.219e-05,4.169333333333333e-05,0.00012508,3
2025-05-30 00:00:00+00:00,0.0001,9.844e-05,0.00029532,3
2025-05-31 00:00:00+00:00,0.0001,0.0001,0.00030000000000000003,3
2025-06-01 00:00:00+00:00,7.421e-05,8.937333333333333e-05,0.00026812,3
2025-06-02 00:00:00+00:00,5.94e-06,5.7426666666666663e-05,0.00017228,3
2025-06-03 00:00:00+00:00,5.591e-05,2.154e-05,6.462e-05,3
2025-06-04 00:00:00+00:00,3.102e-05,-7.796666666666668e-06,-2.3390000000000005e-05,3
2025-06-05 00:00:00+00:00,1.778e-05,6.296666666666667e-06,1.889e-05,3
2025-06-06 00:00:00+00:00,1.407e-05,2.8273333333333336e-05,8.482e-05,3
2025-06-07 00:00:00+00:00,1.688e-05,2.0170000000000002e-05,6.051000000000001e-05,3
2025-06-08 00:00:00+00:00,-2.669e-05,-3.2733333333333335e-06,-9.820000000000001e-06,3
2025-06-09 00:00:00+00:00,0.0001,2.8416666666666672e-05,8.525000000000001e-05,3
2025-06-10 00:00:00+00:00,0.0001,8.843e-05,0.00026529,3
2025-06-11 00:00:00+00:00,5.768e-05,5.816e-05,0.00017448,3
2025-06-12 00:00:00+00:00,4.748e-05,5.9420000000000004e-05,0.00017826000000000002,3
2025-06-13 00:00:00+00:00,4.363e-05,3.2720000000000005e-05,9.816000000000001e-05,3
2025-06-14 00:00:00+00:00,-2.466e-05,-1.1676666666666668e-05,-3.503e-05,3
2025-06-15 00:00:00+00:00,0.0001,8.156333333333333e-05,0.00024469,3
2025-06-16 00:00:00+00:00,4.729e-05,6.494e-05,0.00019482,3
2025-06-17 00:00:00+00:00,3.008e-05,4.266666666666666e-05,0.000128,3
2025-06-18 00:00:00+00:00,2.945e-05,5.8700000000000005e-06,1.7610000000000002e-05,3
2025-06-19 00:00:00+00:00,-9.7e-07,9.586666666666666e-06,2.876e-05,3
2025-06-20 00:00:00+00:00,7.09e-06,4.9229999999999995e-05,0.00014769,3
2025-06-21 00:00:00+00:00,3.388e-05,1.2950000000000001e-05,3.885e-05,3
2025-06-22 00:00:00+00:00,6.17e-06,2.3773333333333335e-05,7.132e-05,3
2025-06-23 00:00:00+00:00,-3.379e-05,-7.48e-06,-2.2440000000000002e-05,3
2025-06-24 00:00:00+00:00,6.19e-06,3.261666666666666e-05,9.784999999999999e-05,3
2025-06-25 00:00:00+00:00,-2.087e-05,-1.8666666666666487e-07,-5.599999999999946e-07,3
2025-06-26 00:00:00+00:00,-6.6e-07,-2.3273333333333336e-05,-6.982e-05,3
2025-06-27 00:00:00+00:00,3.673e-05,1.1036666666666667e-05,3.311e-05,3
2025-06-28 00:00:00+00:00,6.048e-05,8.586666666666665e-06,2.5759999999999997e-05,3
2025-06-29 00:00:00+00:00,8.52e-06,2.1309999999999998e-05,6.392999999999999e-05,3
2025-06-30 00:00:00+00:00,-9.29e-06,1.6843333333333332e-05,5.053e-05,3
2025-07-01 00:00:00+00:00,1.879e-05,-2.086666666666667e-06,-6.260000000000001e-06,3
2025-07-02 00:00:00+00:00,5.727e-05,5.7373333333333335e-05,0.00017212,3
2025-07-03 00:00:00+00:00,7.064e-05,6.058333333333333e-05,0.00018175,3
2025-07-04 00:00:00+00:00,2.892e-05,3.6343333333333335e-05,0.00010903,3
2025-07-05 00:00:00+00:00,6.102e-05,7.579666666666667e-05,0.00022739,3
2025-07-06 00:00:00+00:00,4.813e-05,2.1913333333333336e-05,6.574e-05,3
2025-07-07 00:00:00+00:00,2.928e-05,6.246333333333334e-05,0.00018739,3
2025-07-08 00:00:00+00:00,3.93e-05,7.746666666666666e-06,2.324e-05,3
2025-07-09 00:00:00+00:00,6.67e-05,5.011666666666667e-05,0.00015035,3
2025-07-10 00:00:00+00:00,7.94e-05,7.581333333333333e-05,0.00022744,3
2025-07-11 00:00:00+00:00,0.0001,0.0001,0.00030000000000000003,3
2025-07-12 00:00:00+00:00,0.0001,0.0001,0.00030000000000000003,3
2025-07-13 00:00:00+00:00,9.26e-05,8.681333333333334e-05,0.00026044,3
2025-07-14 00:00:00+00:00,0.0001,8.719000000000001e-05,0.00026157000000000003,3
2025-07-15 00:00:00+00:00,0.0001,0.0001,0.00030000000000000003,3
2025-07-16 00:00:00+00:00,0.0001,0.0001,0.00030000000000000003,3
2025-07-17 00:00:00+00:00,0.0001,0.0001,0.00030000000000000003,3
2025-07-18 00:00:00+00:00,0.0001,0.0001,0.00030000000000000003,3
2025-07-19 00:00:00+00:00,0.0001,0.0001,0.00030000000000000003,3
2025-07-20 00:00:00+00:00,0.0001,0.0001,0.00030000000000000003,3
2025-07-21 00:00:00+00:00,0.0001,0.0001,0.00030000000000000003,3
2025-07-22 00:00:00+00:00,0.0001,0.0001,0.00030000000000000003,3
2025-07-23 00:00:00+00:00,0.0001,0.00010477,0.00031431,3
2025-07-24 00:00:00+00:00,0.0001,0.0001,0.00030000000000000003,3
2025-07-25 00:00:00+00:00,0.0001,0.0001,0.00030000000000000003,3
2025-07-26 00:00:00+00:00,0.0001,0.0001,0.00030000000000000003,3
2025-07-27 00:00:00+00:00,0.0001,0.0001,0.00030000000000000003,3
2025-07-28 00:00:00+00:00,0.0001,0.0001,0.00030000000000000003,3
2025-07-29 00:00:00+00:00,0.0001,0.0001,0.00030000000000000003,3
2025-07-30 00:00:00+00:00,0.0001,0.0001,0.00030000000000000003,3
2025-07-31 00:00:00+00:00,0.0001,0.0001,0.00030000000000000003,3
2025-08-01 00:00:00+00:00,3.78e-05,-1.4013333333333337e-05,-4.204000000000001e-05,3
2025-08-02 00:00:00+00:00,0.0001,0.0001,0.00030000000000000003,3
2025-08-03 00:00:00+00:00,7.948e-05,9.316000000000001e-05,0.00027948000000000003,3
2025-08-04 00:00:00+00:00,1.817e-05,4.1666666666666665e-05,0.000125,3
2025-08-05 00:00:00+00:00,4.579e-05,7.393666666666666e-05,0.00022181,3
2025-08-06 00:00:00+00:00,8.685e-05,9.561666666666667e-05,0.00028685,3
2025-08-07 00:00:00+00:00,1.388e-05,6.096333333333333e-05,0.00018289,3
2025-08-08 00:00:00+00:00,8.916e-05,3.105333333333333e-05,9.316e-05,3
2025-08-09 00:00:00+00:00,-3.166e-05,1.553666666666667e-05,4.661000000000001e-05,3
2025-08-10 00:00:00+00:00,0.0001,6.732e-05,0.00020196,3
2025-08-11 00:00:00+00:00,0.0001,0.0001,0.00030000000000000003,3
2025-08-12 00:00:00+00:00,3.101e-05,7.700333333333334e-05,0.00023101000000000003,3
2025-08-13 00:00:00+00:00,0.0001,0.0001,0.00030000000000000003,3
2025-08-14 00:00:00+00:00,0.0001,0.0001,0.00030000000000000003,3
2025-08-15 00:00:00+00:00,0.0001,9.798333333333333e-05,0.00029395,3
2025-08-16 00:00:00+00:00,5.028e-05,4.591666666666666e-05,0.00013775,3
2025-08-17 00:00:00+00:00,6.233e-05,4.069e-05,0.00012206999999999999,3
2025-08-18 00:00:00+00:00,2.41e-05,7.229333333333333e-05,0.00021688,3
2025-08-19 00:00:00+00:00,2.078e-05,2.1933333333333332e-05,6.58e-05,3
2025-08-20 00:00:00+00:00,0.0001,0.0001,0.00030000000000000003,3
2025-08-21 00:00:00+00:00,0.0001,9.644333333333335e-05,0.00028933,3
2025-08-22 00:00:00+00:00,7.665e-05,8.377e-05,0.00025131000000000003,3
2025-08-23 00:00:00+00:00,0.0001,0.0001,0.00030000000000000003,3
2025-08-24 00:00:00+00:00,0.0001,0.0001,0.00030000000000000003,3
2025-08-25 00:00:00+00:00,0.0001,0.0001,0.00030000000000000003,3
2025-08-26 00:00:00+00:00,0.0001,0.0001,0.00030000000000000003,3
2025-08-27 00:00:00+00:00,4.016e-05,8.005333333333333e-05,0.00024016,3
2025-08-28 00:00:00+00:00,7.6e-05,6.788e-05,0.00020364,3
2025-08-29 00:00:00+00:00,4.476e-05,3.942e-05,0.00011826,3
2025-08-30 00:00:00+00:00,0.0001,0.0001,0.00030000000000000003,3
2025-08-31 00:00:00+00:00,5.329e-05,6.345e-05,0.00019035,3
2025-09-01 00:00:00+00:00,0.0001,8.309666666666666e-05,0.00024929,3
2025-09-02 00:00:00+00:00,0.0001,0.0001,0.00030000000000000003,3
2025-09-03 00:00:00+00:00,0.0001,0.0001,0.00030000000000000003,3
2025-09-04 00:00:00+00:00,5.321e-05,6.587333333333333e-05,0.00019762,3
2025-09-05 00:00:00+00:00,9.934e-05,9.841666666666667e-05,0.00029525,3
2025-09-06 00:00:00+00:00,-8.97e-06,4.086333333333333e-05,0.00012259,3
2025-09-07 00:00:00+00:00,7.039e-05,7.162333333333334e-05,0.00021487,3
2025-09-08 00:00:00+00:00,7.948e-05,6.935e-05,0.00020805000000000002,3
2025-09-09 00:00:00+00:00,1.388e-05,1.847666666666667e-05,5.543e-05,3
2025-09-10 00:00:00+00:00,7.774e-05,7.236333333333335e-05,0.00021709000000000002,3
2025-09-11 00:00:00+00:00,0.0001,5.1936666666666674e-05,0.00015581000000000001,3
2025-09-12 00:00:00+00:00,9.896e-05,8.479666666666667e-05,0.00025439,3
2025-09-13 00:00:00+00:00,6.08e-05,1.995e-05,5.985e-05,3
2025-09-14 00:00:00+00:00,5.701e-05,1.9683333333333332e-05,5.905e-05,3
2025-09-15 00:00:00+00:00,7.98e-05,8.534e-05,0.00025602000000000003,3
2025-09-16 00:00:00+00:00,3.464e-05,7.821333333333334e-05,0.00023464000000000002,3
2025-09-17 00:00:00+00:00,4.605e-05,5.748333333333333e-05,0.00017245,3
2025-09-18 00:00:00+00:00,8.669e-05,9.556333333333334e-05,0.00028669000000000004,3
2025-09-19 00:00:00+00:00,3.193e-05,5.562333333333333e-05,0.00016687,3
2025-09-20 00:00:00+00:00,0.0001,7.255e-05,0.00021765,3
2025-09-21 00:00:00+00:00,8.065e-05,8.325333333333334e-05,0.00024976,3
2025-09-22 00:00:00+00:00,8.6e-07,4.1689999999999996e-05,0.00012507,3
2025-09-23 00:00:00+00:00,-2.302e-05,-1.5966666666666667e-06,-4.79e-06,3
2025-09-24 00:00:00+00:00,6.94e-05,1.809e-05,5.427000000000001e-05,3
2025-09-25 00:00:00+00:00,-2.638e-05,3.3899999999999997e-06,1.017e-05,3
2025-09-26 00:00:00+00:00,7.381e-05,5.443e-05,0.00016329,3
2025-09-27 00:00:00+00:00,6.911e-05,6.719e-05,0.00020156999999999998,3
2025-09-28 00:00:00+00:00,5.984e-05,5.809000000000001e-05,0.00017427000000000002,3
2025-09-29 00:00:00+00:00,0.0001,8.862000000000002e-05,0.00026586000000000003,3
2025-09-30 00:00:00+00:00,1.288e-05,5.345666666666667e-05,0.00016037,3
2025-10-01 00:00:00+00:00,2.801e-05,7.600333333333333e-05,0.00022801,3
2025-10-02 00:00:00+00:00,9.106e-05,6.700333333333333e-05,0.00020101,3
2025-10-03 00:00:00+00:00,1.396e-05,9.813333333333335e-06,2.9440000000000003e-05,3
2025-10-04 00:00:00+00:00,4.757e-05,3.877333333333333e-05,0.00011632,3
2025-10-05 00:00:00+00:00,7.664e-05,9.221333333333333e-05,0.00027664,3
2025-10-06 00:00:00+00:00,7.58e-05,9.066e-05,0.00027198,3
2025-10-07 00:00:00+00:00,0.0001,2.453e-05,7.359e-05,3
2025-10-08 00:00:00+00:00,0.0001,0.0001,0.00030000000000000003,3
2025-10-09 00:00:00+00:00,5.581e-05,4.132e-05,0.00012396,3
2025-10-10 00:00:00+00:00,4.578e-05,8.192666666666667e-05,0.00024578,3
2025-10-11 00:00:00+00:00,0.0001,1.956333333333334e-05,5.869000000000002e-05,3
2025-10-12 00:00:00+00:00,6.092e-05,2.7316666666666665e-05,8.195e-05,3
2025-10-13 00:00:00+00:00,4.824e-05,8.274666666666666e-05,0.00024824,3
2025-10-14 00:00:00+00:00,3e-07,1.848666666666667e-05,5.546000000000001e-05,3
2025-10-15 00:00:00+00:00,-1.58e-06,1.0096666666666666e-05,3.029e-05,3
2025-10-16 00:00:00+00:00,-3.787e-05,-1.3110000000000002e-05,-3.9330000000000005e-05,3
2025-10-17 00:00:00+00:00,1.371e-05,4.683333333333333e-06,1.405e-05,3
2025-10-18 00:00:00+00:00,5.928e-05,7.220000000000002e-06,2.1660000000000006e-05,3
2025-10-19 00:00:00+00:00,0.0001,5.905e-05,0.00017715,3
2025-10-20 00:00:00+00:00,0.0001,8.559000000000001e-05,0.00025677,3
2025-10-21 00:00:00+00:00,8.799e-05,5.966000000000001e-05,0.00017898000000000002,3
2025-10-22 00:00:00+00:00,5.5e-05,4.057333333333333e-05,0.00012172000000000001,3
2025-10-23 00:00:00+00:00,6.755e-05,7.467e-05,0.00022401000000000002,3
2025-10-24 00:00:00+00:00,4.654e-05,4.83e-05,0.0001449,3
2025-10-25 00:00:00+00:00,0.0001,7.722666666666666e-05,0.00023168,3
2025-10-26 00:00:00+00:00,0.0001,8.495666666666667e-05,0.00025487000000000003,3
2025-10-27 00:00:00+00:00,5.882e-05,8.627333333333333e-05,0.00025882,3
2025-10-28 00:00:00+00:00,8.991e-05,4.5313333333333325e-05,0.00013593999999999998,3
2025-10-29 00:00:00+00:00,1.663e-05,9.533333333333334e-06,2.86e-05,3
2025-10-30 00:00:00+00:00,-2.633e-05,1.0226666666666666e-05,3.068e-05,3
2025-10-31 00:00:00+00:00,5.658e-05,6.0049999999999996e-05,0.00018015,3
2025-11-01 00:00:00+00:00,6.744e-05,3.883666666666667e-05,0.00011651000000000001,3
2025-11-02 00:00:00+00:00,1.946e-05,4.174999999999999e-05,0.00012524999999999998,3
2025-11-03 00:00:00+00:00,5.29e-05,8.829999999999998e-06,2.6489999999999995e-05,3
2025-11-04 00:00:00+00:00,4.548e-05,2.3923333333333332e-05,7.177e-05,3
2025-11-05 00:00:00+00:00,-1.14e-05,1.6896666666666667e-05,5.069e-05,3
2025-11-06 00:00:00+00:00,4.827e-05,3.405666666666667e-05,0.00010217,3
2025-11-07 00:00:00+00:00,2.52e-05,1.0473333333333332e-05,3.1419999999999994e-05,3
2025-11-08 00:00:00+00:00,-7.44e-06,2.6756666666666664e-05,8.026999999999999e-05,3
2025-11-09 00:00:00+00:00,7.699e-05,3.757666666666667e-05,0.00011273000000000001,3
2025-11-10 00:00:00+00:00,4.716e-05,7.339e-05,0.00022017,3
2025-11-11 00:00:00+00:00,5.706e-05,7.236666666666667e-06,2.171e-05,3
2025-11-12 00:00:00+00:00,9.323e-05,6.506666666666667e-05,0.0001952,3
2025-11-13 00:00:00+00:00,2.564e-05,9.426666666666667e-06,2.828e-05,3
2025-11-14 00:00:00+00:00,5.789e-05,1.0096666666666668e-05,3.0290000000000003e-05,3
2025-11-15 00:00:00+00:00,4.47e-05,5.380666666666667e-05,0.00016142,3
2025-11-16 00:00:00+00:00,4.955e-05,3.229333333333334e-05,9.688000000000001e-05,3
2025-11-17 00:00:00+00:00,7.101e-05,7.684666666666667e-05,0.00023054,3
2025-11-18 00:00:00+00:00,0.0001,7.490666666666667e-05,0.00022472,3
2025-11-19 00:00:00+00:00,-9.81e-06,1.1643333333333333e-05,3.493e-05,3
2025-11-20 00:00:00+00:00,1.338e-05,5.2976666666666664e-05,0.00015893,3
2025-11-21 00:00:00+00:00,5.602e-05,1.4656666666666666e-05,4.397e-05,3
2025-11-22 00:00:00+00:00,6.123e-05,3.924e-05,0.00011771999999999999,3
2025-11-23 00:00:00+00:00,9.31e-06,3.424333333333333e-05,0.00010273,3
2025-11-24 00:00:00+00:00,-1.6e-07,-1.5516666666666663e-05,-4.654999999999999e-05,3
2025-11-25 00:00:00+00:00,-4.901e-05,-4.013333333333333e-05,-0.0001204,3
2025-11-26 00:00:00+00:00,1.62e-06,-3.443333333333333e-06,-1.033e-05,3
2025-11-27 00:00:00+00:00,-8.01e-06,7.686666666666667e-06,2.3060000000000003e-05,3
2025-11-28 00:00:00+00:00,-7.46e-06,-3.18e-06,-9.54e-06,3
2025-11-29 00:00:00+00:00,1.029e-05,-3.212666666666667e-05,-9.638000000000001e-05,3
2025-11-30 00:00:00+00:00,1.622e-05,4.722333333333334e-05,0.00014167000000000002,3
2025-12-01 00:00:00+00:00,-1.07e-06,1.2666666666666687e-07,3.800000000000006e-07,3
2025-12-02 00:00:00+00:00,1.79e-05,1.9016666666666667e-05,5.705e-05,3
2025-12-03 00:00:00+00:00,3.174e-05,2.2759999999999996e-05,6.827999999999999e-05,3
2025-12-04 00:00:00+00:00,-8.57e-06,3.202666666666667e-05,9.608e-05,3
2025-12-05 00:00:00+00:00,-8.68e-06,1.7703333333333334e-05,5.311e-05,3
2025-12-06 00:00:00+00:00,-4.707e-05,-2.8676666666666666e-05,-8.603e-05,3
2025-12-07 00:00:00+00:00,2.284e-05,9.633333333333338e-07,2.890000000000001e-06,3
2025-12-08 00:00:00+00:00,3.817e-05,5.0136666666666664e-05,0.00015041,3
2025-12-09 00:00:00+00:00,1.324e-05,2.8533333333333337e-06,8.560000000000001e-06,3
2025-12-10 00:00:00+00:00,1.461e-05,2.0696666666666664e-05,6.209e-05,3
2025-12-11 00:00:00+00:00,3.62e-05,1.579e-05,4.7369999999999995e-05,3
2025-12-12 00:00:00+00:00,2.758e-05,6.984333333333334e-05,0.00020953,3
2025-12-13 00:00:00+00:00,3.709e-05,1.035e-05,3.1049999999999996e-05,3
2025-12-14 00:00:00+00:00,-7.81e-06,1.354e-05,4.062e-05,3
2025-12-15 00:00:00+00:00,3.887e-05,2.414e-05,7.242e-05,3
2025-12-16 00:00:00+00:00,5.556e-05,1.654e-05,4.962e-05,3
2025-12-17 00:00:00+00:00,8.443e-05,4.726e-05,0.00014178,3
2025-12-18 00:00:00+00:00,0.0001,5.900666666666667e-05,0.00017702,3
2025-12-19 00:00:00+00:00,7.296e-05,2.7763333333333336e-05,8.329000000000001e-05,3
2025-12-20 00:00:00+00:00,-3.557e-05,-3.623333333333333e-06,-1.087e-05,3
2025-12-21 00:00:00+00:00,-1.499e-05,-1.0400000000000002e-06,-3.1200000000000006e-06,3
2025-12-22 00:00:00+00:00,6.76e-05,5.872333333333334e-05,0.00017617000000000002,3
2025-12-23 00:00:00+00:00,1.491e-05,-1.0310000000000001e-05,-3.0930000000000004e-05,3
2025-12-24 00:00:00+00:00,4.572e-05,1.762e-05,5.2860000000000006e-05,3
2025-12-25 00:00:00+00:00,5.249e-05,7.400333333333334e-05,0.00022201,3
2025-12-26 00:00:00+00:00,0.0001,7.914666666666667e-05,0.00023744,3
2025-12-27 00:00:00+00:00,6.103e-05,3.863e-05,0.00011589,3
2025-12-28 00:00:00+00:00,9.813e-05,8.533e-05,0.00025599,3
2025-12-29 00:00:00+00:00,-2.482e-05,3.6303333333333335e-05,0.00010891,3
2025-12-30 00:00:00+00:00,6.054e-05,2.6206666666666668e-05,7.862e-05,3
2025-12-31 00:00:00+00:00,0.0001,7.573666666666666e-05,0.00022721,3
2026-01-01 00:00:00+00:00,9.47e-06,4.342666666666667e-05,0.00013028,3
2026-01-02 00:00:00+00:00,5.313e-05,8.437666666666667e-05,0.00025313,3
2026-01-03 00:00:00+00:00,5.118e-05,1.5633333333333335e-05,4.69e-05,3
2026-01-04 00:00:00+00:00,-7.9e-07,5.324333333333334e-05,0.00015973000000000002,3
2026-01-05 00:00:00+00:00,4.996e-05,2.860666666666667e-05,8.582e-05,3
2026-01-06 00:00:00+00:00,4.68e-05,-7.336666666666667e-06,-2.201e-05,3
2026-01-07 00:00:00+00:00,2.304e-05,6.965333333333334e-05,0.00020896,3
2026-01-08 00:00:00+00:00,5.29e-05,4.158e-05,0.00012474,3
2026-01-09 00:00:00+00:00,1.388e-05,2.3526666666666663e-05,7.057999999999999e-05,3
2026-01-10 00:00:00+00:00,8.103e-05,7.993e-05,0.00023979,3
2026-01-11 00:00:00+00:00,4.794e-05,6.171666666666667e-05,0.00018515,3
2026-01-12 00:00:00+00:00,5.58e-06,2.3863333333333332e-05,7.159e-05,3
2026-01-13 00:00:00+00:00,8.533e-05,6.912e-05,0.00020736000000000002,3
2026-01-14 00:00:00+00:00,0.0001,9.256333333333335e-05,0.00027769000000000003,3
2026-01-15 00:00:00+00:00,-4.41e-06,-3.3866666666666663e-06,-1.016e-05,3
2026-01-16 00:00:00+00:00,3.96e-06,5.8766666666666674e-06,1.7630000000000002e-05,3
2026-01-17 00:00:00+00:00,4.64e-06,3.052333333333333e-05,9.156999999999999e-05,3
2026-01-18 00:00:00+00:00,1.662e-05,2.344666666666667e-05,7.034000000000001e-05,3
2026-01-19 00:00:00+00:00,2.1e-05,-5.816666666666667e-06,-1.745e-05,3
2026-01-20 00:00:00+00:00,-1.241e-05,8.433333333333331e-07,2.5299999999999995e-06,3
2026-01-21 00:00:00+00:00,4.007e-05,2.5093333333333333e-05,7.528e-05,3
2026-01-22 00:00:00+00:00,4.6e-07,2.936e-05,8.808e-05,3
2026-01-23 00:00:00+00:00,-3.242e-05,1.4223333333333332e-05,4.2669999999999996e-05,3
2026-01-24 00:00:00+00:00,-2.308e-05,-1.9336666666666664e-05,-5.8009999999999995e-05,3
2026-01-25 00:00:00+00:00,3.977e-05,1.8883333333333333e-05,5.665e-05,3
2026-01-26 00:00:00+00:00,3.7e-05,2.6516666666666666e-05,7.955e-05,3
2026-01-27 00:00:00+00:00,-3.249e-05,5.85e-06,1.755e-05,3
2026-01-28 00:00:00+00:00,4.604e-05,5.872666666666667e-05,0.00017618,3
2026-01-29 00:00:00+00:00,-6.85e-06,1.0823333333333334e-05,3.247e-05,3
2026-01-30 00:00:00+00:00,-4.013e-05,-4.1513333333333335e-05,-0.00012454,3
2026-01-31 00:00:00+00:00,2.269e-05,5.340333333333333e-05,0.00016020999999999999,3
2026-02-01 00:00:00+00:00,1.922e-05,3.2099999999999993e-06,9.629999999999998e-06,3
2026-02-02 00:00:00+00:00,-2.239e-05,1.06e-05,3.18e-05,3
2026-02-03 00:00:00+00:00,-4.127e-05,-1.2740000000000002e-05,-3.822e-05,3
2026-02-04 00:00:00+00:00,4.301e-05,4.5459999999999995e-05,0.00013638,3
2026-02-05 00:00:00+00:00,2.066e-05,3.093e-05,9.279e-05,3
2026-02-06 00:00:00+00:00,-9.333e-05,-3.0816666666666666e-05,-9.245e-05,3
2026-02-07 00:00:00+00:00,2.463e-05,-8.583333333333331e-06,-2.5749999999999996e-05,3
2026-02-08 00:00:00+00:00,-9.66e-06,-1.6266666666666665e-05,-4.8799999999999994e-05,3
2026-02-09 00:00:00+00:00,-3.862e-05,-1.379e-05,-4.137e-05,3
2026-02-10 00:00:00+00:00,-5.877e-05,-1.3656666666666667e-05,-4.097e-05,3
2026-02-11 00:00:00+00:00,-8.41e-06,-3.1406666666666665e-05,-9.422e-05,3
2026-02-12 00:00:00+00:00,0.0001,6.036333333333334e-05,0.00018109000000000002,3
2026-02-13 00:00:00+00:00,3.088e-05,2.3089999999999997e-05,6.926999999999999e-05,3
2026-02-14 00:00:00+00:00,8.737e-05,1.8993333333333333e-05,5.698e-05,3
2026-02-15 00:00:00+00:00,2.12e-05,3.87e-05,0.0001161,3
2026-02-16 00:00:00+00:00,-2.246e-05,2.9043333333333334e-05,8.713e-05,3
2026-02-17 00:00:00+00:00,-1.232e-05,1.2943333333333334e-05,3.883e-05,3
2026-02-18 00:00:00+00:00,4.04e-06,7.0233333333333336e-06,2.107e-05,3
2026-02-19 00:00:00+00:00,9.29e-06,1.5113333333333331e-05,4.5339999999999996e-05,3
2026-02-20 00:00:00+00:00,7.455e-05,9.151666666666668e-05,0.00027455000000000003,3
2026-02-21 00:00:00+00:00,8.445e-05,9.415999999999999e-05,0.00028248,3
2026-02-22 00:00:00+00:00,-7.55e-06,-4.653333333333334e-06,-1.3960000000000002e-05,3
2026-02-23 00:00:00+00:00,1.294e-05,-1.6553333333333333e-05,-4.9659999999999995e-05,3
2026-02-24 00:00:00+00:00,2.037e-05,-3.603e-05,-0.00010809,3
2026-02-25 00:00:00+00:00,5.544e-05,5.649666666666667e-05,0.00016949,3
2026-02-26 00:00:00+00:00,4.048e-05,5.870333333333334e-05,0.00017611000000000002,3
2026-02-27 00:00:00+00:00,-1.23e-06,1.0520000000000001e-05,3.156e-05,3
2026-02-28 00:00:00+00:00,-2.304e-05,-2.7196666666666667e-05,-8.159e-05,3
2026-03-01 00:00:00+00:00,6.513e-05,6.160333333333333e-05,0.00018481,3
2026-03-02 00:00:00+00:00,2.662e-05,2.326e-05,6.978e-05,3
2026-03-03 00:00:00+00:00,7.04e-06,1.2516666666666667e-05,3.755e-05,3
2026-03-04 00:00:00+00:00,3.549e-05,1.7493333333333334e-05,5.248e-05,3
2026-03-05 00:00:00+00:00,-4.675e-05,-4.715666666666666e-05,-0.00014146999999999999,3
2026-03-06 00:00:00+00:00,-3.68e-06,-2.8266666666666666e-06,-8.48e-06,3
2026-03-07 00:00:00+00:00,-1.84e-05,-3.56e-05,-0.0001068,3
2026-03-08 00:00:00+00:00,-3.147e-05,-3.7353333333333334e-05,-0.00011206000000000001,3
2026-03-09 00:00:00+00:00,-4.027e-05,-3.633333333333333e-05,-0.00010899999999999999,3
2026-03-10 00:00:00+00:00,3.653e-05,8.9e-06,2.67e-05,3
2026-03-11 00:00:00+00:00,-3.643e-05,-6.272666666666666e-05,-0.00018818,3
2026-03-12 00:00:00+00:00,-3.673e-05,-5.2323333333333334e-05,-0.00015697,3
2026-03-13 00:00:00+00:00,8.1e-07,2.7133333333333333e-06,8.14e-06,3
2026-03-14 00:00:00+00:00,-8.727e-05,-6.109666666666667e-05,-0.00018329,3
2026-03-15 00:00:00+00:00,3.891e-05,-4.830000000000002e-06,-1.4490000000000005e-05,3
2026-03-16 00:00:00+00:00,-9.1e-07,1.720333333333333e-05,5.160999999999999e-05,3
2026-03-17 00:00:00+00:00,-3.818e-05,3.286666666666667e-05,9.860000000000001e-05,3
2026-03-18 00:00:00+00:00,-3.817e-05,-7.653333333333335e-06,-2.2960000000000004e-05,3
2026-03-19 00:00:00+00:00,2.36e-06,1.318e-05,3.954e-05,3
2026-03-20 00:00:00+00:00,1.439e-05,3.6003333333333335e-05,0.00010801,3
2026-03-21 00:00:00+00:00,-2.305e-05,2.1943333333333334e-05,6.583e-05,3
2026-03-22 00:00:00+00:00,-1.448e-05,-5.698666666666667e-05,-0.00017096,3
2026-03-23 00:00:00+00:00,5.61e-05,1.1600000000000002e-05,3.4800000000000006e-05,3
2026-03-24 00:00:00+00:00,5.202e-05,3.659666666666667e-05,0.00010979,3
2026-03-25 00:00:00+00:00,-5.1e-07,5.159333333333333e-05,0.00015478,3
2026-03-26 00:00:00+00:00,7.21e-06,3.0399999999999997e-06,9.119999999999999e-06,3
2026-03-27 00:00:00+00:00,-4.22e-05,1.048e-05,3.144e-05,3
2026-03-28 00:00:00+00:00,-3.452e-05,4.183333333333334e-06,1.255e-05,3
2026-03-29 00:00:00+00:00,1.795e-05,-7.946666666666668e-06,-2.3840000000000002e-05,3
2026-03-30 00:00:00+00:00,-6.93e-06,-1.466666666666664e-07,-4.399999999999992e-07,3
2026-03-31 00:00:00+00:00,2.679e-05,5.11e-06,1.533e-05,3
2026-04-01 00:00:00+00:00,2.341e-05,3.891e-05,0.00011673,3
2026-04-02 00:00:00+00:00,-5.711e-05,-3.862666666666667e-05,-0.00011588000000000001,3
2026-04-03 00:00:00+00:00,1.606e-05,5.05e-06,1.5149999999999999e-05,3
2026-04-04 00:00:00+00:00,1.429e-05,3.0513333333333335e-05,9.154000000000001e-05,3
2026-04-05 00:00:00+00:00,1.708e-05,-3.606666666666667e-06,-1.0820000000000001e-05,3
2026-04-06 00:00:00+00:00,-1.085e-05,3.511333333333333e-05,0.00010533999999999999,3
2026-04-07 00:00:00+00:00,3.37e-06,-2.900333333333333e-05,-8.701e-05,3
2026-04-08 00:00:00+00:00,3.729e-05,6.502e-05,0.00019506,3
2026-04-09 00:00:00+00:00,6.094e-05,3.2170000000000005e-05,9.651000000000001e-05,3
2026-04-10 00:00:00+00:00,5.532e-05,8.054333333333334e-05,0.00024163,3
2026-04-11 00:00:00+00:00,3.19e-06,-1.6143333333333335e-05,-4.843e-05,3
2026-04-12 00:00:00+00:00,1.26e-06,6.44e-06,1.932e-05,3
2026-04-13 00:00:00+00:00,-5.728e-05,-2.1816666666666664e-05,-6.544999999999999e-05,3
2026-04-14 00:00:00+00:00,-5.4e-07,1.8316666666666667e-05,5.495e-05,3
2026-04-15 00:00:00+00:00,-7.156e-05,-0.00010334666666666666,-0.00031004,3
2026-04-16 00:00:00+00:00,-8.038e-05,-4.3836666666666667e-05,-0.00013151,3
2026-04-17 00:00:00+00:00,-1.54e-06,2.2333333333333247e-07,6.699999999999974e-07,3
2026-04-18 00:00:00+00:00,-9.15e-05,-8.617666666666666e-05,-0.00025853,3
2026-04-19 00:00:00+00:00,5.26e-06,-1.4013333333333335e-05,-4.2040000000000004e-05,3
2026-04-20 00:00:00+00:00,-6.7e-07,-9.7e-06,-2.91e-05,3
2026-04-21 00:00:00+00:00,-3.805e-05,-6.338333333333333e-05,-0.00019015,3
2026-04-22 00:00:00+00:00,-5.123e-05,-4.123333333333335e-06,-1.2370000000000005e-05,3
2026-04-23 00:00:00+00:00,2.2e-07,-3.802e-05,-0.00011406,3
2026-04-24 00:00:00+00:00,-4.07e-05,-1.5536666666666666e-05,-4.661e-05,3
2026-04-25 00:00:00+00:00,-3.09e-05,-1.3046666666666667e-05,-3.914e-05,3
2026-04-26 00:00:00+00:00,8.89e-06,1.8553333333333334e-05,5.566e-05,3
2026-04-27 00:00:00+00:00,-1.593e-05,6.096666666666666e-06,1.829e-05,3
2026-04-28 00:00:00+00:00,-8.35e-06,-2.1999999999999996e-05,-6.599999999999999e-05,3
2026-04-29 00:00:00+00:00,-5.871e-05,-3.8763333333333335e-05,-0.00011629,3
2026-04-30 00:00:00+00:00,-4.675e-05,-2.6186666666666668e-05,-7.856000000000001e-05,3
2026-05-01 00:00:00+00:00,-2.639e-05,-3.391e-05,-0.00010173,3
2026-05-02 00:00:00+00:00,-3.682e-05,-5.309666666666667e-05,-0.00015929,3
2026-05-03 00:00:00+00:00,6.191e-05,1.8069999999999998e-05,5.421e-05,3
2026-05-04 00:00:00+00:00,-3.68e-05,2.1983333333333333e-05,6.595e-05,3
2026-05-05 00:00:00+00:00,-2.771e-05,-2.9713333333333336e-05,-8.914e-05,3
2026-05-06 00:00:00+00:00,2.016e-05,-3.404666666666667e-05,-0.00010214,3
2026-05-07 00:00:00+00:00,4.301e-05,7.4333333333333356e-06,2.2300000000000007e-05,3
2026-05-08 00:00:00+00:00,2.934e-05,3.590333333333333e-05,0.00010771,3
2026-05-09 00:00:00+00:00,2.584e-05,1.1743333333333333e-05,3.523e-05,3
2026-05-10 00:00:00+00:00,3.436e-05,3.1400000000000004e-06,9.420000000000001e-06,3
2026-05-11 00:00:00+00:00,1.899e-05,3.2663333333333336e-05,9.799e-05,3
2026-05-12 00:00:00+00:00,1.992e-05,3.5966666666666655e-06,1.0789999999999997e-05,3
2026-05-13 00:00:00+00:00,-1.024e-05,1.0866666666666669e-05,3.2600000000000006e-05,3
2026-05-14 00:00:00+00:00,-7e-08,2.6346666666666666e-05,7.904e-05,3
2026-05-15 00:00:00+00:00,-1.843e-05,-3.086333333333333e-05,-9.259e-05,3
2026-05-16 00:00:00+00:00,2.209e-05,-1.3856666666666666e-05,-4.157e-05,3
2026-05-17 00:00:00+00:00,2.6e-07,1.7666666666666668e-05,5.3e-05,3
2026-05-18 00:00:00+00:00,5.491e-05,3.4716666666666666e-05,0.00010415,3
2026-05-19 00:00:00+00:00,7.452e-05,5.381666666666666e-05,0.00016145,3
2026-05-20 00:00:00+00:00,8.696e-05,9.251333333333333e-05,0.00027754,3
2026-05-21 00:00:00+00:00,4.854e-05,4.1773333333333335e-05,0.00012532,3
2026-05-22 00:00:00+00:00,7.855e-05,5.2e-05,0.000156,3
2026-05-23 00:00:00+00:00,7.53e-06,1.4526666666666666e-05,4.358e-05,3
2026-05-24 00:00:00+00:00,1.515e-05,4.6666666666666665e-05,0.00014,3
2026-05-25 00:00:00+00:00,7.338e-05,5.8173333333333334e-05,0.00017452,3
2026-05-26 00:00:00+00:00,5.99e-06,1.2486666666666665e-05,3.746e-05,3
2026-05-27 00:00:00+00:00,-5.58e-06,-2.7153333333333333e-05,-8.146e-05,3
2026-05-28 00:00:00+00:00,8.955e-05,4.558666666666666e-05,0.00013675999999999998,3
2026-05-29 00:00:00+00:00,2.605e-05,5.586666666666667e-05,0.0001676,3
2026-05-30 00:00:00+00:00,3.917e-05,4.3956666666666665e-05,0.00013187,3
2026-05-31 00:00:00+00:00,6.798e-05,6.43e-05,0.0001929,3
2026-06-01 00:00:00+00:00,7.23e-05,3.753666666666666e-05,0.00011261,3
2026-06-02 00:00:00+00:00,9.202e-05,9.734000000000001e-05,0.00029202000000000004,3
2026-06-03 00:00:00+00:00,8.14e-05,4.3790000000000006e-05,0.00013137,3
2026-06-04 00:00:00+00:00,-1.17e-06,8.216666666666667e-06,2.465e-05,3
2026-06-05 00:00:00+00:00,-2.692e-05,-2.8943333333333335e-05,-8.683000000000001e-05,3
2026-06-06 00:00:00+00:00,-4.06e-06,2.057666666666667e-05,6.173000000000001e-05,3
2026-06-07 00:00:00+00:00,1.038e-05,-1.672e-05,-5.016e-05,3
2026-06-08 00:00:00+00:00,3.697e-05,2.3423333333333333e-05,7.027e-05,3
2026-06-09 00:00:00+00:00,1.714e-05,2.3566666666666666e-05,7.07e-05,3
2026-06-10 00:00:00+00:00,3.639e-05,1.199e-05,3.597e-05,3
2026-06-11 00:00:00+00:00,6.345e-05,5.031e-05,0.00015093,3
2026-06-12 00:00:00+00:00,5.088e-05,5.397e-05,0.00016191,3
2026-06-13 00:00:00+00:00,1.254e-05,1.8296666666666667e-05,5.489e-05,3
2026-06-14 00:00:00+00:00,1.454e-05,8.553333333333333e-06,2.5659999999999998e-05,3
2026-06-15 00:00:00+00:00,-1.115e-05,7.316666666666667e-06,2.195e-05,3
2026-06-16 00:00:00+00:00,4.902e-05,9.913333333333334e-06,2.974e-05,3
2026-06-17 00:00:00+00:00,3.6e-06,2.462e-05,7.386e-05,3
2026-06-18 00:00:00+00:00,-2.986e-05,-1.5366666666666666e-05,-4.6099999999999996e-05,3
2026-06-19 00:00:00+00:00,-5.782e-05,-4.6536666666666664e-05,-0.00013961,3
2026-06-20 00:00:00+00:00,4.672e-05,2.1556666666666666e-05,6.467e-05,3
2026-06-21 00:00:00+00:00,-3.646e-05,-9.363333333333334e-06,-2.809e-05,3
2026-06-22 00:00:00+00:00,4.573e-05,1.6146666666666666e-05,4.844e-05,3
2026-06-23 00:00:00+00:00,-2.607e-05,-3.9e-06,-1.17e-05,3
2026-06-24 00:00:00+00:00,-5.744e-05,-1.3803333333333332e-05,-4.141e-05,3
2026-06-25 00:00:00+00:00,-7.541e-05,-4.427333333333333e-05,-0.00013282,3
2026-06-26 00:00:00+00:00,3.099e-05,1.292e-05,3.876e-05,3
2026-06-27 00:00:00+00:00,-8.89e-06,6.4000000000000006e-06,1.9200000000000003e-05,3
2026-06-28 00:00:00+00:00,2.349e-05,-7.13e-06,-2.139e-05,3
2026-06-29 00:00:00+00:00,7.079e-05,3.448e-05,0.00010344,3
2026-06-30 00:00:00+00:00,3.036e-05,3.9880000000000004e-05,0.00011964000000000001,3
2026-07-01 00:00:00+00:00,8.186e-05,7.1e-05,0.000213,3
2026-07-02 00:00:00+00:00,5.972e-05,8.188666666666666e-05,0.00024566,3
2026-07-03 00:00:00+00:00,2.602e-05,5.046e-05,0.00015138,3
2026-07-04 00:00:00+00:00,5.205e-05,5.402666666666666e-05,0.00016208,3
2026-07-05 00:00:00+00:00,3.106e-05,3.3690000000000004e-05,0.00010107,3
2026-07-06 00:00:00+00:00,9.435e-05,4.748333333333333e-05,0.00014245,3
2026-07-07 00:00:00+00:00,0.0001,7.74e-05,0.0002322,3
2026-07-08 00:00:00+00:00,6.329e-05,4.804333333333333e-05,0.00014413,3
2026-07-09 00:00:00+00:00,5.343e-05,6.628666666666666e-05,0.00019886,3
2026-07-10 00:00:00+00:00,0.0001,9.050333333333333e-05,0.00027151,3
2026-07-11 00:00:00+00:00,8.697e-05,8.659666666666666e-05,0.00025979,3
2026-07-12 00:00:00+00:00,4.795e-05,4.2663333333333335e-05,0.00012799,3
2026-07-13 00:00:00+00:00,3.144e-05,5.336666666666666e-06,1.6009999999999997e-05,3
2026-07-14 00:00:00+00:00,0.0001,6.492666666666668e-05,0.00019478000000000003,3
2026-07-15 00:00:00+00:00,3.971e-05,7.990333333333334e-05,0.00023971000000000002,3
2026-07-16 00:00:00+00:00,3.123e-05,4.1116666666666665e-05,0.00012335,3
2026-07-17 00:00:00+00:00,3.69e-05,1.2256666666666667e-05,3.677e-05,3
2026-07-18 00:00:00+00:00,-6.26e-06,1.7316666666666666e-05,5.195e-05,3
2026-07-19 00:00:00+00:00,6.601e-05,6.504666666666667e-05,0.00019514,3
2026-07-20 00:00:00+00:00,3.778e-05,2.6853333333333333e-05,8.056e-05,3
2026-07-21 00:00:00+00:00,4.234e-05,4.8106666666666665e-05,0.00014432,3
2026-07-22 00:00:00+00:00,-2.153e-05,9.636666666666667e-06,2.891e-05,3
2026-07-23 00:00:00+00:00,7.74e-06,-1.5839999999999997e-05,-4.751999999999999e-05,3
2026-07-24 00:00:00+00:00,-1.06e-05,1.7286666666666668e-05,5.186e-05,3
2026-07-25 00:00:00+00:00,-4.668e-05,-3.0646666666666666e-05,-9.194e-05,3
2026-07-26 00:00:00+00:00,1.413e-05,4.66e-06,1.3980000000000002e-05,3
2026-07-27 00:00:00+00:00,3.134e-05,4.7350000000000006e-05,0.00014205,3
2026-07-28 00:00:00+00:00,2.835e-05,-1.5466666666666665e-06,-4.64e-06,3
2026-07-29 00:00:00+00:00,9.584e-05,6.391666666666667e-05,0.00019175,3
2026-07-30 00:00:00+00:00,7.271e-05,7.051333333333333e-05,0.00021154,3
2026-07-31 00:00:00+00:00,1.642e-05,3.4813333333333334e-05,0.00010444,3
2026-08-01 00:00:00+00:00,4.871e-05,1.3629999999999998e-05,4.0889999999999996e-05,3
2026-08-02 00:00:00+00:00,8e-08,3.879666666666667e-05,0.00011639,3
2026-08-03 00:00:00+00:00,4.861e-05,3.308e-05,9.924e-05,3
2026-08-04 00:00:00+00:00,6.252e-05,6.968666666666666e-05,0.00020906,3
2026-08-05 00:00:00+00:00,3.528e-05,4.409666666666667e-05,0.00013229,3
2026-08-06 00:00:00+00:00,2.237e-05,1.255e-05,3.765e-05,3
2026-08-07 00:00:00+00:00,7.867e-05,1.322e-05,3.966e-05,3
2026-08-08 00:00:00+00:00,2.947e-05,2.3909999999999996e-05,7.172999999999999e-05,3
2026-08-09 00:00:00+00:00,7.877e-05,2.7316666666666672e-05,8.195000000000001e-05,3
2026-08-10 00:00:00+00:00,3.57e-05,6.343666666666668e-05,0.00019031,3
2026-08-11 00:00:00+00:00,3.597e-05,3.5516666666666665e-05,0.00010655,3
2026-08-12 00:00:00+00:00,4.054e-05,4.623333333333334e-05,0.0001387,3
2026-08-13 00:00:00+00:00,5.862e-05,4.919333333333333e-05,0.00014758,3
2026-08-14 00:00:00+00:00,2.82e-06,2.1766666666666666e-05,6.53e-05,3
2026-08-15 00:00:00+00:00,4.403e-05,5.331666666666667e-05,0.00015995,3
2026-08-16 00:00:00+00:00,3.034e-05,2.4086666666666668e-05,7.226e-05,3
2026-08-17 00:00:00+00:00,5.373e-05,4.093e-05,0.00012279,3
2026-08-18 00:00:00+00:00,3.259e-05,2.745333333333333e-05,8.235999999999999e-05,3
2026-08-19 00:00:00+00:00,9.074e-05,4.361666666666667e-05,0.00013085,3
2026-08-20 00:00:00+00:00,1.028e-05,5.911666666666667e-05,0.00017735,3
2026-08-21 00:00:00+00:00,0.0001,7.137e-05,0.00021411,3
2026-08-22 00:00:00+00:00,0.0001,0.0001,0.0002,2
