date,funding_rate_last,funding_rate_mean,funding_rate_sum,event_count
2021-03-18 00:00:00+00:00,0.0001,0.0001,0.0002,2
2021-03-19 00:00:00+00:00,0.0012924,0.00170983,0.0051294900000000004,3
2021-03-20 00:00:00+00:00,0.00199279,0.0017522400000000002,0.00525672,3
2021-03-21 00:00:00+00:00,0.00113074,0.0019171966666666667,0.00575159,3
2021-03-22 00:00:00+00:00,0.00101432,0.0010546633333333333,0.00316399,3
2021-03-23 00:00:00+00:00,0.00052399,0.0008565399999999999,0.00256962,3
2021-03-24 00:00:00+00:00,0.00069731,0.0005904933333333334,0.0017714800000000002,3
2021-03-25 00:00:00+00:00,0.0002472,0.0006056766666666667,0.00181703,3
2021-03-26 00:00:00+00:00,0.00092649,0.0008273,0.0024819,3
2021-03-27 00:00:00+00:00,0.00093056,0.0009627066666666667,0.00288812,3
2021-03-28 00:00:00+00:00,0.00113707,0.0013411066666666669,0.00402332,3
2021-03-29 00:00:00+00:00,0.00136463,0.0013144033333333334,0.00394321,3
2021-03-30 00:00:00+00:00,0.00195233,0.0017052533333333333,0.00511576,3
2021-03-31 00:00:00+00:00,0.00297863,0.0025514233333333333,0.0076542699999999995,3
2021-04-01 00:00:00+00:00,0.00186651,0.0016916400000000001,0.00507492,3
2021-04-02 00:00:00+00:00,0.00257523,0.0025621199999999998,0.00768636,3
2021-04-03 00:00:00+00:00,0.00375,0.00375,0.01125,3
2021-04-04 00:00:00+00:00,0.0014473,0.0021853233333333335,0.00655597,3
2021-04-05 00:00:00+00:00,0.00187184,0.00153569,0.00460707,3
2021-04-06 00:00:00+00:00,0.00284715,0.0026133633333333336,0.007840090000000001,3
2021-04-07 00:00:00+00:00,0.00302555,0.0035081933333333333,0.01052458,3
2021-04-08 00:00:00+00:00,0.00094611,0.0012489299999999999,0.00374679,3
2021-04-09 00:00:00+00:00,0.00086963,0.0008225266666666667,0.00246758,3
2021-04-10 00:00:00+00:00,0.00250646,0.0016708399999999998,0.0050125199999999995,3
2021-04-11 00:00:00+00:00,0.00193352,0.002388753333333333,0.00716626,3
2021-04-12 00:00:00+00:00,0.00226382,0.0025433133333333333,0.00762994,3
2021-04-13 00:00:00+00:00,0.00314253,0.002789303333333333,0.00836791,3
2021-04-14 00:00:00+00:00,0.00375,0.00375,0.01125,3
2021-04-15 00:00:00+00:00,0.00375,0.0036370499999999997,0.01091115,3
2021-04-16 00:00:00+00:00,0.00327569,0.0034156499999999997,0.01024695,3
2021-04-17 00:00:00+00:00,0.0016276,0.00182709,0.00548127,3
2021-04-18 00:00:00+00:00,0.00080096,0.0014839800000000002,0.004451940000000001,3
2021-04-19 00:00:00+00:00,0.0001,-7.985666666666668e-05,-0.00023957000000000004,3
2021-04-20 00:00:00+00:00,7.554e-05,9.184666666666667e-05,0.00027554,3
2021-04-21 00:00:00+00:00,0.0001,0.0001,0.00030000000000000003,3
2021-04-22 00:00:00+00:00,0.00019294,0.00013098000000000002,0.00039294000000000004,3
2021-04-23 00:00:00+00:00,0.0001,0.00058641,0.0017592299999999999,3
2021-04-24 00:00:00+00:00,-4.583e-05,-0.0001224,-0.0003672,3
2021-04-25 00:00:00+00:00,0.0001,0.0001,0.00030000000000000003,3
2021-04-26 00:00:00+00:00,0.0001,0.0001,0.00030000000000000003,3
2021-04-27 00:00:00+00:00,0.0001,0.0001,0.00030000000000000003,3
2021-04-28 00:00:00+00:00,0.00025924,0.0003921266666666667,0.00117638,3
2021-04-29 00:00:00+00:00,0.00015425,0.00020147333333333335,0.00060442,3
2021-04-30 00:00:00+00:00,0.0005066,0.00076791,0.00230373,3
2021-05-01 00:00:00+00:00,0.00106869,0.0009144233333333333,0.00274327,3
2021-05-02 00:00:00+00:00,0.0010963,0.0012426499999999999,0.00372795,3
2021-05-03 00:00:00+00:00,0.00116216,0.00089835,0.00269505,3
2021-05-04 00:00:00+00:00,0.0005897,0.0012065966666666666,0.00361979,3
2021-05-05 00:00:00+00:00,0.00119739,0.0010010566666666667,0.00300317,3
2021-05-06 00:00:00+00:00,0.0024857,0.0019507366666666668,0.00585221,3
2021-05-07 00:00:00+00:00,0.00141887,0.0026749400000000002,0.00802482,3
2021-05-08 00:00:00+00:00,0.000899,0.00090955,0.00272865,3
2021-05-09 00:00:00+00:00,0.00077769,0.00091111,0.00273333,3
2021-05-10 00:00:00+00:00,0.00045004,0.0003384633333333334,0.0010153900000000001,3
2021-05-11 00:00:00+00:00,0.00034803,0.0010337833333333333,0.0031013499999999997,3
2021-05-12 00:00:00+00:00,0.00011612,0.00015453000000000003,0.00046359000000000005,3
2021-05-13 00:00:00+00:00,0.0001,0.0004025466666666667,0.00120764,3
2021-05-14 00:00:00+00:00,0.00032144,0.00021919,0.00065757,3
2021-05-15 00:00:00+00:00,0.00078143,0.0005558866666666667,0.00166766,3
2021-05-16 00:00:00+00:00,0.0001,0.00026976666666666665,0.0008093,3
2021-05-17 00:00:00+00:00,0.00111011,0.00094195,0.00282585,3
2021-05-18 00:00:00+00:00,0.00030195,0.0005435966666666667,0.00163079,3
2021-05-19 00:00:00+00:00,0.00040177,0.0009161966666666666,0.00274859,3
2021-05-20 00:00:00+00:00,-0.00069569,-0.0008823533333333334,-0.00264706,3
2021-05-21 00:00:00+00:00,-5.962e-05,-0.00025837,-0.0007751100000000001,3
2021-05-22 00:00:00+00:00,0.0001,9.070999999999999e-05,0.00027213,3
2021-05-23 00:00:00+00:00,-6.93e-06,6.435666666666667e-05,0.00019307000000000002,3
2021-05-24 00:00:00+00:00,-0.00060262,-0.00060214,-0.00180642,3
2021-05-25 00:00:00+00:00,0.0001,-5.8670000000000006e-05,-0.00017601000000000002,3
2021-05-26 00:00:00+00:00,0.0001,0.0001,0.00030000000000000003,3
2021-05-27 00:00:00+00:00,0.0001,0.00013656,0.00040968000000000005,3
2021-05-28 00:00:00+00:00,0.0001,0.00022615333333333334,0.00067846,3
2021-05-29 00:00:00+00:00,0.00087738,0.00047981666666666663,0.0014394499999999999,3
2021-05-30 00:00:00+00:00,0.0001,0.0002722033333333333,0.00081661,3
2021-05-31 00:00:00+00:00,0.0001,0.0003202533333333334,0.0009607600000000001,3
2021-06-01 00:00:00+00:00,0.0001,0.00012261666666666665,0.00036784999999999997,3
2021-06-02 00:00:00+00:00,0.0001,0.0001,0.00030000000000000003,3
2021-06-03 00:00:00+00:00,0.0001,5.964e-05,0.00017892,3
2021-06-04 00:00:00+00:00,0.0001,0.0001,0.00030000000000000003,3
2021-06-05 00:00:00+00:00,0.0001,0.0001,0.00030000000000000003,3
2021-06-06 00:00:00+00:00,0.0001,0.0001,0.00030000000000000003,3
2021-06-07 00:00:00+00:00,0.0001,0.0001,0.00030000000000000003,3
2021-06-08 00:00:00+00:00,-5.088e-05,4.970666666666667e-05,0.00014912,3
2021-06-09 00:00:00+00:00,-2.147e-05,-3.676666666666667e-05,-0.0001103,3
2021-06-10 00:00:00+00:00,0.0001,-3.420333333333333e-05,-0.00010261,3
2021-06-11 00:00:00+00:00,0.0001,0.0001,0.00030000000000000003,3
2021-06-12 00:00:00+00:00,0.0001,0.0001,0.00030000000000000003,3
2021-06-13 00:00:00+00:00,0.0001,4.3213333333333335e-05,0.00012964,3
2021-06-14 00:00:00+00:00,0.0001,8.236e-05,0.00024708,3
2021-06-15 00:00:00+00:00,0.0001,0.0001,0.00030000000000000003,3
2021-06-16 00:00:00+00:00,0.0001,0.0001,0.00030000000000000003,3
2021-06-17 00:00:00+00:00,0.0001,0.0001,0.00030000000000000003,3
2021-06-18 00:00:00+00:00,0.0001,0.0001,0.00030000000000000003,3
2021-06-19 00:00:00+00:00,0.0001,0.0001,0.00030000000000000003,3
2021-06-20 00:00:00+00:00,0.0001,0.0001,0.00030000000000000003,3
2021-06-21 00:00:00+00:00,0.0001,9.878333333333334e-05,0.00029635,3
2021-06-22 00:00:00+00:00,-8.41e-05,-0.00014788666666666665,-0.00044365999999999996,3
2021-06-23 00:00:00+00:00,-0.00051992,-0.00042038,-0.00126114,3
2021-06-24 00:00:00+00:00,-0.00064118,-0.00048051999999999996,-0.00144156,3
2021-06-25 00:00:00+00:00,-0.00029364,-0.0004834433333333333,-0.00145033,3
2021-06-26 00:00:00+00:00,8.71e-05,4.1686666666666675e-05,0.00012506000000000003,3
2021-06-27 00:00:00+00:00,-0.00013724,-0.00017496666666666667,-0.0005249,3
2021-06-28 00:00:00+00:00,0.0001,-6.284666666666667e-05,-0.00018854,3
2021-06-29 00:00:00+00:00,0.0001,0.0001,0.00030000000000000003,3
2021-06-30 00:00:00+00:00,0.0001,0.0001,0.00030000000000000003,3
2021-07-01 00:00:00+00:00,0.0001,0.0001,0.00030000000000000003,3
2021-07-02 00:00:00+00:00,9.113e-05,7.296666666666667e-05,0.0002189,3
2021-07-03 00:00:00+00:00,8.373e-05,1.0503333333333333e-05,3.151e-05,3
2021-07-04 00:00:00+00:00,0.0001,0.0001,0.00030000000000000003,3
2021-07-05 00:00:00+00:00,0.0001,0.0001,0.00030000000000000003,3
2021-07-06 00:00:00+00:00,1.632e-05,2.932e-05,8.796e-05,3
2021-07-07 00:00:00+00:00,5.833e-05,6.283333333333335e-06,1.8850000000000004e-05,3
2021-07-08 00:00:00+00:00,0.0001,0.0001,0.00030000000000000003,3
2021-07-09 00:00:00+00:00,-3.14e-06,6.562e-05,0.00019686,3
2021-07-10 00:00:00+00:00,7.214e-05,2.078e-05,6.234e-05,3
2021-07-11 00:00:00+00:00,0.0001,8.698e-05,0.00026094,3
2021-07-12 00:00:00+00:00,7.39e-06,1.453e-05,4.359e-05,3
2021-07-13 00:00:00+00:00,0.0001,0.0001,0.00030000000000000003,3
2021-07-14 00:00:00+00:00,9.751e-05,9.917e-05,0.00029751,3
2021-07-15 00:00:00+00:00,0.0001,6.0046666666666676e-05,0.00018014000000000002,3
2021-07-16 00:00:00+00:00,0.0001,0.0001,0.00030000000000000003,3
2021-07-17 00:00:00+00:00,0.0001,0.0001,0.00030000000000000003,3
2021-07-18 00:00:00+00:00,0.0001,0.0001,0.00030000000000000003,3
2021-07-19 00:00:00+00:00,-1.698e-05,3.5696666666666667e-05,0.00010709,3
2021-07-20 00:00:00+00:00,-0.00011821,1.146666666666667e-05,3.440000000000001e-05,3
2021-07-21 00:00:00+00:00,-0.00043831,-0.00038675666666666673,-0.0011602700000000001,3
2021-07-22 00:00:00+00:00,8.342e-05,-0.0002827333333333333,-0.0008481999999999999,3
2021-07-23 00:00:00+00:00,0.0001,9.680333333333334e-05,0.00029041,3
2021-07-24 00:00:00+00:00,0.0001,0.0001,0.00030000000000000003,3
2021-07-25 00:00:00+00:00,0.0001,0.0001,0.00030000000000000003,3
2021-07-26 00:00:00+00:00,0.0001,0.0001,0.00030000000000000003,3
2021-07-27 00:00:00+00:00,0.0001,0.00012292,0.00036876,3
2021-07-28 00:00:00+00:00,0.0001,0.0001,0.00030000000000000003,3
2021-07-29 00:00:00+00:00,0.00020661,0.00013553666666666668,0.00040661,3
2021-07-30 00:00:00+00:00,0.0001,0.00011279,0.00033837,3
2021-07-31 00:00:00+00:00,0.0001,0.0001,0.00030000000000000003,3
2021-08-01 00:00:00+00:00,0.0001,0.0001,0.00030000000000000003,3
2021-08-02 00:00:00+00:00,0.0001,0.00016739999999999998,0.0005022,3
2021-08-03 00:00:00+00:00,0.0001,0.0001,0.00030000000000000003,3
2021-08-04 00:00:00+00:00,0.0001,0.0001,0.00030000000000000003,3
2021-08-05 00:00:00+00:00,0.0001,0.0001,0.00030000000000000003,3
2021-08-06 00:00:00+00:00,0.00027156,0.00015718666666666666,0.00047156,3
2021-08-07 00:00:00+00:00,0.00093998,0.0006431399999999999,0.0019294199999999998,3
2021-08-08 00:00:00+00:00,0.0001,0.0002917966666666667,0.00087539,3
2021-08-09 00:00:00+00:00,0.0001,0.0001,0.00030000000000000003,3
2021-08-10 00:00:00+00:00,0.000836,0.00041979666666666664,0.00125939,3
2021-08-11 00:00:00+00:00,0.00081716,0.0012062733333333333,0.00361882,3
2021-08-12 00:00:00+00:00,0.00039827,0.00037084000000000005,0.00111252,3
2021-08-13 00:00:00+00:00,0.0001,0.00018112,0.00054336,3
2021-08-14 00:00:00+00:00,0.00022388,0.0001487,0.0004461,3
2021-08-15 00:00:00+00:00,0.00041582,0.00032011333333333334,0.0009603400000000001,3
2021-08-16 00:00:00+00:00,0.00055535,0.0004389766666666667,0.00131693,3
2021-08-17 00:00:00+00:00,0.0001,0.00032623000000000005,0.0009786900000000002,3
2021-08-18 00:00:00+00:00,0.0001,0.00011572333333333334,0.00034717,3
2021-08-19 00:00:00+00:00,0.00091083,0.0005753533333333333,0.00172606,3
2021-08-20 00:00:00+00:00,0.00333999,0.002373946666666667,0.00712184,3
2021-08-21 00:00:00+00:00,0.00050854,0.0012190766666666667,0.00365723,3
2021-08-22 00:00:00+00:00,0.00060548,0.00041616333333333337,0.00124849,3
2021-08-23 00:00:00+00:00,0.00077849,0.0007005533333333333,0.00210166,3
2021-08-24 00:00:00+00:00,0.00162134,0.0011437666666666666,0.0034313,3
2021-08-25 00:00:00+00:00,0.00052328,0.0011979100000000002,0.0035937300000000003,3
2021-08-26 00:00:00+00:00,0.00081985,0.00038905999999999994,0.0011671799999999999,3
2021-08-27 00:00:00+00:00,0.0001,0.00042708333333333335,0.00128125,3
2021-08-28 00:00:00+00:00,0.00054463,0.00024930000000000004,0.0007479000000000001,3
2021-08-29 00:00:00+00:00,0.00046198,0.0006254,0.0018762,3
2021-08-30 00:00:00+00:00,0.0001,0.0002348933333333333,0.00070468,3
2021-08-31 00:00:00+00:00,0.00149147,0.00111395,0.00334185,3
2021-09-01 00:00:00+00:00,0.00017723,0.00046643666666666667,0.00139931,3
2021-09-02 00:00:00+00:00,0.0025066,0.0015660366666666668,0.00469811,3
2021-09-03 00:00:00+00:00,0.00149079,0.00162607,0.00487821,3
2021-09-04 00:00:00+00:00,0.00188542,0.00173847,0.00521541,3
2021-09-05 00:00:00+00:00,0.00083552,0.0013599333333333332,0.0040798,3
2021-09-06 00:00:00+00:00,0.00207203,0.0017314499999999998,0.0051943499999999995,3
2021-09-07 00:00:00+00:00,0.00201194,0.002004483333333333,0.00601345,3
2021-09-08 00:00:00+00:00,-6.722e-05,-6.945000000000001e-05,-0.00020835000000000002,3
2021-09-09 00:00:00+00:00,0.0001,-1.2543333333333334e-05,-3.7630000000000004e-05,3
2021-09-10 00:00:00+00:00,0.0001,0.0001,0.00030000000000000003,3
2021-09-11 00:00:00+00:00,0.0001,0.0001,0.00030000000000000003,3
2021-09-12 00:00:00+00:00,0.0001,0.0001,0.00030000000000000003,3
2021-09-13 00:00:00+00:00,0.0001,0.0001,0.00030000000000000003,3
2021-09-14 00:00:00+00:00,0.0001,0.0001,0.00030000000000000003,3
2021-09-15 00:00:00+00:00,0.0001,0.0001,0.00030000000000000003,3
2021-09-16 00:00:00+00:00,0.0001,0.0001,0.00030000000000000003,3
2021-09-17 00:00:00+00:00,0.0005049,0.00029848,0.00089544,3
2021-09-18 00:00:00+00:00,0.00055276,0.0005585966666666666,0.00167579,3
2021-09-19 00:00:00+00:00,0.0001,0.00028512333333333335,0.00085537,3
2021-09-20 00:00:00+00:00,7.365e-05,9.121666666666667e-05,0.00027365,3
2021-09-21 00:00:00+00:00,0.0001,-0.0002246333333333333,-0.0006739,3
2021-09-22 00:00:00+00:00,-2.144e-05,5.952e-05,0.00017856,3
2021-09-23 00:00:00+00:00,5.135e-05,6.077e-05,0.00018231,3
2021-09-24 00:00:00+00:00,4.711e-05,3.1566666666666676e-06,9.470000000000003e-06,3
2021-09-25 00:00:00+00:00,0.0001,0.0001,0.00030000000000000003,3
2021-09-26 00:00:00+00:00,0.0001,0.0001,0.00030000000000000003,3
2021-09-27 00:00:00+00:00,0.0001,0.0001,0.00030000000000000003,3
2021-09-28 00:00:00+00:00,0.0001,0.0001,0.00030000000000000003,3
2021-09-29 00:00:00+00:00,0.0001,0.0001,0.00030000000000000003,3
2021-09-30 00:00:00+00:00,0.0001,0.0001,0.00030000000000000003,3
2021-10-01 00:00:00+00:00,0.0001,0.0001,0.00030000000000000003,3
2021-10-02 00:00:00+00:00,0.0004277,0.00020923333333333334,0.0006277,3
2021-10-03 00:00:00+00:00,0.00027597,0.0004228333333333334,0.0012685,3
2021-10-04 00:00:00+00:00,0.00044904,0.0005903833333333334,0.00177115,3
2021-10-05 00:00:00+00:00,0.00013751,0.00024418666666666666,0.00073256,3
2021-10-06 00:00:00+00:00,0.0006956,0.0006204033333333333,0.00186121,3
2021-10-07 00:00:00+00:00,0.00068719,0.00057902,0.00173706,3
2021-10-08 00:00:00+00:00,0.00081313,0.0012234533333333334,0.00367036,3
2021-10-09 00:00:00+00:00,0.0003108,0.0006435933333333333,0.00193078,3
2021-10-10 00:00:00+00:00,0.00078931,0.0007274,0.0021822,3
2021-10-11 00:00:00+00:00,0.0006796,0.0007814833333333334,0.00234445,3
2021-10-12 00:00:00+00:00,0.0001,0.00031640333333333336,0.00094921,3
2021-10-13 00:00:00+00:00,0.00011164,0.00010390999999999999,0.00031172999999999997,3
2021-10-14 00:00:00+00:00,0.00053177,0.0003751333333333333,0.0011254,3
2021-10-15 00:00:00+00:00,0.00121122,0.0009560033333333332,0.00286801,3
2021-10-16 00:00:00+00:00,0.00142942,0.0013985133333333335,0.00419554,3
2021-10-17 00:00:00+00:00,0.00075859,0.0010218199999999999,0.00306546,3
2021-10-18 00:00:00+00:00,0.00107931,0.0011308233333333334,0.00339247,3
2021-10-19 00:00:00+00:00,0.00072418,0.0007097200000000001,0.00212916,3
2021-10-20 00:00:00+00:00,0.00122439,0.0010228833333333334,0.00306865,3
2021-10-21 00:00:00+00:00,0.00138992,0.0012251233333333332,0.00367537,3
2021-10-22 00:00:00+00:00,0.0001,0.00074487,0.00223461,3
2021-10-23 00:00:00+00:00,0.00086135,0.0007312033333333333,0.00219361,3
2021-10-24 00:00:00+00:00,0.00126727,0.0010660966666666669,0.0031982900000000003,3
2021-10-25 00:00:00+00:00,0.00085598,0.00103841,0.00311523,3
2021-10-26 00:00:00+00:00,0.00137498,0.0011985066666666668,0.00359552,3
2021-10-27 00:00:00+00:00,0.00154735,0.0012246566666666667,0.0036739700000000004,3
2021-10-28 00:00:00+00:00,0.0001,0.0001,0.00030000000000000003,3
2021-10-29 00:00:00+00:00,0.00025452,0.00015150666666666668,0.00045452000000000003,3
2021-10-30 00:00:00+00:00,0.00075653,0.00047702000000000004,0.00143106,3
2021-10-31 00:00:00+00:00,0.00079206,0.0007183066666666668,0.0021549200000000003,3
2021-11-01 00:00:00+00:00,0.00062384,0.0006849333333333332,0.0020548,3
2021-11-02 00:00:00+00:00,0.00105911,0.0008169566666666666,0.00245087,3
2021-11-03 00:00:00+00:00,0.00066734,0.00094661,0.00283983,3
2021-11-04 00:00:00+00:00,0.00138665,0.0008707133333333332,0.0026121399999999998,3
2021-11-05 00:00:00+00:00,0.00095576,0.0011828399999999999,0.00354852,3
2021-11-06 00:00:00+00:00,0.00089875,0.0010133533333333332,0.00304006,3
2021-11-07 00:00:00+00:00,0.00095892,0.00075561,0.00226683,3
2021-11-08 00:00:00+00:00,0.00102865,0.0009322666666666668,0.0027968000000000003,3
2021-11-09 00:00:00+00:00,0.00098512,0.0011836166666666667,0.00355085,3
2021-11-10 00:00:00+00:00,0.00043467,0.0005965066666666667,0.00178952,3
2021-11-11 00:00:00+00:00,0.0001,0.00019360000000000002,0.0005808,3
2021-11-12 00:00:00+00:00,0.0001,0.0001,0.00030000000000000003,3
2021-11-13 00:00:00+00:00,0.00026931,0.00018889666666666667,0.00056669,3
2021-11-14 00:00:00+00:00,0.0003665,0.00036143,0.00108429,3
2021-11-15 00:00:00+00:00,0.00077397,0.00063004,0.00189012,3
2021-11-16 00:00:00+00:00,0.0001,0.00046036,0.00138108,3
2021-11-17 00:00:00+00:00,-0.00019233,-4.4023333333333336e-05,-0.00013207,3
2021-11-18 00:00:00+00:00,0.0001,-0.00012766666666666666,-0.000383,3
2021-11-19 00:00:00+00:00,0.00021222,0.0001374066666666667,0.00041222000000000003,3
2021-11-20 00:00:00+00:00,0.00012427,0.00010808999999999999,0.00032427,3
2021-11-21 00:00:00+00:00,0.0001,0.0001,0.00030000000000000003,3
2021-11-22 00:00:00+00:00,0.00024962,0.0003135733333333333,0.0009407199999999999,3
2021-11-23 00:00:00+00:00,0.0001,0.0001,0.00030000000000000003,3
2021-11-24 00:00:00+00:00,0.00043173,0.0004890133333333334,0.0014670400000000002,3
2021-11-25 00:00:00+00:00,0.0001,0.0001,0.00030000000000000003,3
2021-11-26 00:00:00+00:00,0.00028965,0.00023392666666666664,0.0007017799999999999,3
2021-11-27 00:00:00+00:00,0.0001,0.0001,0.00030000000000000003,3
2021-11-28 00:00:00+00:00,0.0001,0.0001,0.00030000000000000003,3
2021-11-29 00:00:00+00:00,0.0001,0.0001,0.00030000000000000003,3
2021-11-30 00:00:00+00:00,0.0001,0.0001,0.00030000000000000003,3
2021-12-01 00:00:00+00:00,0.0001,0.0001,0.00030000000000000003,3
2021-12-02 00:00:00+00:00,0.0001,0.0001,0.00030000000000000003,3
2021-12-03 00:00:00+00:00,0.0001,0.0001,0.00030000000000000003,3
2021-12-04 00:00:00+00:00,-0.00064884,-0.00014961333333333334,-0.00044884000000000005,3
2021-12-05 00:00:00+00:00,0.0001,-9.413e-05,-0.00028239,3
2021-12-06 00:00:00+00:00,0.0001,8.852333333333334e-05,0.00026557,3
2021-12-07 00:00:00+00:00,0.0001,2.837666666666667e-05,8.513e-05,3
2021-12-08 00:00:00+00:00,0.0001,0.0001,0.00030000000000000003,3
2021-12-09 00:00:00+00:00,0.0001,0.0001,0.00030000000000000003,3
2021-12-10 00:00:00+00:00,0.0001,0.0001,0.00030000000000000003,3
2021-12-11 00:00:00+00:00,-1.22e-05,6.26e-05,0.0001878,3
2021-12-12 00:00:00+00:00,0.0001,-1.6656666666666666e-05,-4.997e-05,3
2021-12-13 00:00:00+00:00,0.0001,0.0001,0.00030000000000000003,3
2021-12-14 00:00:00+00:00,0.0001,8.481000000000001e-05,0.00025443000000000004,3
2021-12-15 00:00:00+00:00,0.0001,0.0001,0.00030000000000000003,3
2021-12-16 00:00:00+00:00,0.0001,0.0001,0.00030000000000000003,3
2021-12-17 00:00:00+00:00,0.0001,0.0001,0.00030000000000000003,3
2021-12-18 00:00:00+00:00,0.0001,0.0001,0.00030000000000000003,3
2021-12-19 00:00:00+00:00,0.0001,0.0001,0.00030000000000000003,3
2021-12-20 00:00:00+00:00,0.0001,0.0001,0.00030000000000000003,3
2021-12-21 00:00:00+00:00,0.0001,0.0001,0.00030000000000000003,3
2021-12-22 00:00:00+00:00,0.0001,0.0001,0.00030000000000000003,3
2021-12-23 00:00:00+00:00,0.0001,0.0001,0.00030000000000000003,3
2021-12-24 00:00:00+00:00,0.0001,0.0001,0.00030000000000000003,3
2021-12-25 00:00:00+00:00,0.0001,0.0001,0.00030000000000000003,3
2021-12-26 00:00:00+00:00,0.0001,0.0001,0.00030000000000000003,3
2021-12-27 00:00:00+00:00,0.0001,0.0001,0.00030000000000000003,3
2021-12-28 00:00:00+00:00,0.0001,0.0001,0.00030000000000000003,3
2021-12-29 00:00:00+00:00,0.0001,0.0001,0.00030000000000000003,3
2021-12-30 00:00:00+00:00,-2.266e-05,4.393e-05,0.00013179,3
2021-12-31 00:00:00+00:00,0.0001,5.0003333333333336e-05,0.00015001,3
2022-01-01 00:00:00+00:00,0.0001,0.0001,0.00030000000000000003,3
2022-01-02 00:00:00+00:00,0.0001,0.0001,0.00030000000000000003,3
2022-01-03 00:00:00+00:00,0.0001,0.0001,0.00030000000000000003,3
2022-01-04 00:00:00+00:00,0.0001,0.0001,0.00030000000000000003,3
2022-01-05 00:00:00+00:00,0.0001,0.0001,0.00030000000000000003,3
2022-01-06 00:00:00+00:00,0.0001,0.0001,0.00030000000000000003,3
2022-01-07 00:00:00+00:00,0.0001,0.0001,0.00030000000000000003,3
2022-01-08 00:00:00+00:00,0.0001,0.0001,0.00030000000000000003,3
2022-01-09 00:00:00+00:00,0.0001,7.833e-05,0.00023499000000000003,3
2022-01-10 00:00:00+00:00,0.0001,8.615666666666667e-05,0.00025847,3
2022-01-11 00:00:00+00:00,5.51e-06,-1.003333333333331e-06,-3.009999999999993e-06,3
2022-01-12 00:00:00+00:00,2.29e-06,-1.3833333333333334e-05,-4.15e-05,3
2022-01-13 00:00:00+00:00,0.0001,1.1503333333333336e-05,3.451000000000001e-05,3
2022-01-14 00:00:00+00:00,0.0001,0.0001,0.00030000000000000003,3
2022-01-15 00:00:00+00:00,0.0001,0.0001,0.00030000000000000003,3
2022-01-16 00:00:00+00:00,0.0001,0.0001,0.00030000000000000003,3
2022-01-17 00:00:00+00:00,0.0001,0.0001,0.00030000000000000003,3
2022-01-18 00:00:00+00:00,-5.69e-05,-4.083e-05,-0.00012249,3
2022-01-19 00:00:00+00:00,0.0001,0.0001,0.00030000000000000003,3
2022-01-20 00:00:00+00:00,0.0001,0.0001,0.00030000000000000003,3
2022-01-21 00:00:00+00:00,0.0001,0.0001,0.00030000000000000003,3
2022-01-22 00:00:00+00:00,0.0001,0.0001,0.00030000000000000003,3
2022-01-23 00:00:00+00:00,-0.00010854,-0.00017639,-0.00052917,3
2022-01-24 00:00:00+00:00,0.0001,-5.8e-05,-0.000174,3
2022-01-25 00:00:00+00:00,-0.00012546,-7.171e-05,-0.00021513,3
2022-01-26 00:00:00+00:00,0.0001,-1.701333333333334e-05,-5.104000000000001e-05,3
2022-01-27 00:00:00+00:00,-0.00013432,6.63e-06,1.989e-05,3
2022-01-28 00:00:00+00:00,0.0001,-1.3159999999999998e-05,-3.9479999999999995e-05,3
2022-01-29 00:00:00+00:00,0.0001,0.0001,0.00030000000000000003,3
2022-01-30 00:00:00+00:00,0.0001,0.0001,0.00030000000000000003,3
2022-01-31 00:00:00+00:00,-6.601e-05,4.4663333333333337e-05,0.00013399,3
2022-02-01 00:00:00+00:00,0.0001,9.241666666666666e-05,0.00027725,3
2022-02-02 00:00:00+00:00,0.0001,0.0001,0.00030000000000000003,3
2022-02-03 00:00:00+00:00,0.0001,7.047666666666668e-05,0.00021143000000000003,3
2022-02-04 00:00:00+00:00,0.0001,0.0001,0.00030000000000000003,3
2022-02-05 00:00:00+00:00,0.0001,8.465666666666667e-05,0.00025397,3
2022-02-06 00:00:00+00:00,0.0001,0.0001,0.00030000000000000003,3
2022-02-07 00:00:00+00:00,0.0001,8.913333333333334e-05,0.0002674,3
2022-02-08 00:00:00+00:00,0.0001,0.0001,0.00030000000000000003,3
2022-02-09 00:00:00+00:00,0.0001,0.0001,0.00030000000000000003,3
2022-02-10 00:00:00+00:00,0.0001,0.0001,0.00030000000000000003,3
2022-02-11 00:00:00+00:00,-2.06e-05,4.480000000000002e-06,1.3440000000000007e-05,3
2022-02-12 00:00:00+00:00,-9.818e-05,-9.323333333333331e-06,-2.796999999999999e-05,3
2022-02-13 00:00:00+00:00,0.0001,-8.853333333333334e-06,-2.6560000000000003e-05,3
2022-02-14 00:00:00+00:00,1.665e-05,-6.736e-05,-0.00020208000000000002,3
2022-02-15 00:00:00+00:00,0.0001,0.0001,0.00030000000000000003,3
2022-02-16 00:00:00+00:00,0.0001,0.0001,0.00030000000000000003,3
2022-02-17 00:00:00+00:00,0.0001,0.0001,0.00030000000000000003,3
2022-02-18 00:00:00+00:00,0.0001,0.0001,0.00030000000000000003,3
2022-02-19 00:00:00+00:00,0.0001,0.0001,0.00030000000000000003,3
2022-02-20 00:00:00+00:00,-0.00011453,1.750666666666667e-05,5.2520000000000005e-05,3
2022-02-21 00:00:00+00:00,-0.00015808,-0.00013643666666666667,-0.00040931,3
2022-02-22 00:00:00+00:00,2.202e-05,-0.00010844,-0.00032532,3
2022-02-23 00:00:00+00:00,-0.00021329,-0.00039931,-0.00119793,3
2022-02-24 00:00:00+00:00,-0.00045279,-0.00030378333333333334,-0.00091135,3
2022-02-25 00:00:00+00:00,0.0001,-0.00017025333333333333,-0.00051076,3
2022-02-26 00:00:00+00:00,0.0001,7.703666666666667e-05,0.00023111,3
2022-02-27 00:00:00+00:00,-0.00011857,-1.777333333333333e-05,-5.332e-05,3
2022-02-28 00:00:00+00:00,4.299e-05,5.3156666666666665e-05,0.00015947,3
2022-03-01 00:00:00+00:00,0.0001,7.616666666666667e-05,0.00022850000000000002,3
2022-03-02 00:00:00+00:00,3.776e-05,5.419e-05,0.00016257,3
2022-03-03 00:00:00+00:00,7.848e-05,-3.382e-05,-0.00010146,3
2022-03-04 00:00:00+00:00,-7.992e-05,-8.868e-05,-0.00026604,3
2022-03-05 00:00:00+00:00,-0.00028754,-0.00013622666666666665,-0.00040867999999999997,3
2022-03-06 00:00:00+00:00,-9.614e-05,-8.377e-05,-0.00025131000000000003,3
2022-03-07 00:00:00+00:00,-0.00027807,-0.00023324333333333332,-0.00069973,3
2022-03-08 00:00:00+00:00,-5.02e-06,7.449999999999999e-06,2.2349999999999998e-05,3
2022-03-09 00:00:00+00:00,6.017e-05,-1.2659999999999999e-05,-3.798e-05,3
2022-03-10 00:00:00+00:00,3.945e-05,7.624666666666667e-05,0.00022874,3
2022-03-11 00:00:00+00:00,-8.311e-05,-6.427333333333333e-05,-0.00019282000000000001,3
2022-03-12 00:00:00+00:00,0.0001,0.0001,0.00030000000000000003,3
2022-03-13 00:00:00+00:00,0.0001,0.0001,0.00030000000000000003,3
2022-03-14 00:00:00+00:00,-0.0001371,5.140000000000004e-06,1.542000000000001e-05,3
2022-03-15 00:00:00+00:00,0.0001,0.0001,0.00030000000000000003,3
2022-03-16 00:00:00+00:00,0.0001,8.075666666666667e-05,0.00024227,3
2022-03-17 00:00:00+00:00,0.0001,0.0001,0.00030000000000000003,3
2022-03-18 00:00:00+00:00,0.0001,0.0001,0.00030000000000000003,3
2022-03-19 00:00:00+00:00,0.0001,-3.5733333333333306e-06,-1.0719999999999992e-05,3
2022-03-20 00:00:00+00:00,0.0001,3.0040000000000004e-05,9.012000000000001e-05,3
2022-03-21 00:00:00+00:00,5.767e-05,2.7286666666666667e-05,8.186e-05,3
2022-03-22 00:00:00+00:00,-0.00027982,-0.00018258666666666666,-0.00054776,3
2022-03-23 00:00:00+00:00,-9.077e-05,-8.570000000000001e-05,-0.0002571,3
2022-03-24 00:00:00+00:00,1.507e-05,-0.00013855,-0.00041565,3
2022-03-25 00:00:00+00:00,0.0001,-7.097666666666665e-05,-0.00021292999999999996,3
2022-03-26 00:00:00+00:00,0.0001,0.0001,0.00030000000000000003,3
2022-03-27 00:00:00+00:00,0.0001,0.0001,0.00030000000000000003,3
2022-03-28 00:00:00+00:00,0.0001,0.0001,0.00030000000000000003,3
2022-03-29 00:00:00+00:00,0.0001,0.0001,0.00030000000000000003,3
2022-03-30 00:00:00+00:00,0.0001,0.0001,0.00030000000000000003,3
2022-03-31 00:00:00+00:00,0.00010705,0.00010235000000000001,0.00030705,3
2022-04-01 00:00:00+00:00,0.0001,0.00014789666666666668,0.00044369,3
2022-04-02 00:00:00+00:00,0.0001,0.0001,0.00030000000000000003,3
2022-04-03 00:00:00+00:00,0.0001,0.0001,0.00030000000000000003,3
2022-04-04 00:00:00+00:00,0.0001,0.0001,0.00030000000000000003,3
2022-04-05 00:00:00+00:00,0.0001,0.0001,0.00030000000000000003,3
2022-04-06 00:00:00+00:00,0.0001,0.0001,0.00030000000000000003,3
2022-04-07 00:00:00+00:00,0.0001,-2.9496666666666675e-05,-8.849000000000003e-05,3
2022-04-08 00:00:00+00:00,8.264e-05,9.421333333333333e-05,0.00028264,3
2022-04-09 00:00:00+00:00,8.07e-05,9.356666666666666e-05,0.0002807,3
2022-04-10 00:00:00+00:00,0.0001,0.0001,0.00030000000000000003,3
2022-04-11 00:00:00+00:00,-6.17e-06,3.3866666666666693e-06,1.0160000000000008e-05,3
2022-04-12 00:00:00+00:00,1.633e-05,-9.136666666666666e-05,-0.0002741,3
2022-04-13 00:00:00+00:00,1.091e-05,-8.210333333333334e-05,-0.00024631,3
2022-04-14 00:00:00+00:00,-9.243e-05,-9.423333333333332e-05,-0.0002827,3
2022-04-15 00:00:00+00:00,0.0001,-1.4373333333333332e-05,-4.3119999999999994e-05,3
2022-04-16 00:00:00+00:00,0.0001,3.4693333333333335e-05,0.00010408,3
2022-04-17 00:00:00+00:00,0.0001,6.521666666666668e-05,0.00019565,3
2022-04-18 00:00:00+00:00,-2.978e-05,5.674e-05,0.00017022,3
2022-04-19 00:00:00+00:00,0.0001,-6.538666666666667e-05,-0.00019616,3
2022-04-20 00:00:00+00:00,0.0001,0.0001,0.00030000000000000003,3
2022-04-21 00:00:00+00:00,0.0001,0.0001,0.00030000000000000003,3
2022-04-22 00:00:00+00:00,0.0001,0.0001,0.00030000000000000003,3
2022-04-23 00:00:00+00:00,0.0001,0.0001,0.00030000000000000003,3
2022-04-24 00:00:00+00:00,0.0001,0.0001,0.00030000000000000003,3
2022-04-25 00:00:00+00:00,0.0001,0.0001,0.00030000000000000003,3
2022-04-26 00:00:00+00:00,0.0001,7.746333333333333e-05,0.00023239000000000002,3
2022-04-27 00:00:00+00:00,0.0001,0.0001,0.00030000000000000003,3
2022-04-28 00:00:00+00:00,0.0001,0.0001,0.00030000000000000003,3
2022-04-29 00:00:00+00:00,0.0001,0.0001,0.00030000000000000003,3
2022-04-30 00:00:00+00:00,0.0001,8.531666666666668e-05,0.00025595,3
2022-05-01 00:00:00+00:00,-0.00030572,-0.00014227666666666666,-0.00042683,3
2022-05-02 00:00:00+00:00,-1.482e-05,-8.604333333333334e-05,-0.00025813,3
2022-05-03 00:00:00+00:00,0.0001,-4.2663333333333335e-05,-0.00012799,3
2022-05-04 00:00:00+00:00,-0.00010574,-8.600666666666666e-05,-0.00025801999999999997,3
2022-05-05 00:00:00+00:00,0.0001,-1.3076666666666658e-05,-3.9229999999999975e-05,3
2022-05-06 00:00:00+00:00,5.81e-06,3.8513333333333336e-05,0.00011554000000000001,3
2022-05-07 00:00:00+00:00,-2.653e-05,-9.433333333333332e-06,-2.8299999999999997e-05,3
2022-05-08 00:00:00+00:00,-1.541e-05,5.2696666666666666e-05,0.00015809,3
2022-05-09 00:00:00+00:00,-0.00019727,-6.056333333333332e-05,-0.00018168999999999998,3
2022-05-10 00:00:00+00:00,-0.0001925,-0.00029288333333333334,-0.00087865,3
2022-05-11 00:00:00+00:00,-9.825e-05,-3.764333333333333e-05,-0.00011293,3
2022-05-12 00:00:00+00:00,-0.00100983,-0.0005030299999999999,-0.0015090899999999998,3
2022-05-13 00:00:00+00:00,5.037e-05,-0.0003012833333333333,-0.0009038499999999999,3
2022-05-14 00:00:00+00:00,-3.771e-05,-7.425e-05,-0.00022275,3
2022-05-15 00:00:00+00:00,-0.00026233,-9.500000000000002e-05,-0.00028500000000000004,3
2022-05-16 00:00:00+00:00,-0.00026225,-0.00017834666666666668,-0.0005350400000000001,3
2022-05-17 00:00:00+00:00,-0.00018877,-0.00016804333333333334,-0.00050413,3
2022-05-18 00:00:00+00:00,-0.00016728,-0.00018648666666666667,-0.00055946,3
2022-05-19 00:00:00+00:00,-0.00023881,-0.00017690000000000002,-0.0005307,3
2022-05-20 00:00:00+00:00,-0.00025427,-0.00015132,-0.00045396,3
2022-05-21 00:00:00+00:00,-0.00013126,-0.00013599333333333332,-0.00040797999999999995,3
2022-05-22 00:00:00+00:00,-9.636e-05,-3.8060000000000005e-05,-0.00011418000000000001,3
2022-05-23 00:00:00+00:00,0.0001,3.3186666666666665e-05,9.956e-05,3
2022-05-24 00:00:00+00:00,-8.064e-05,-4.37e-05,-0.0001311,3
2022-05-25 00:00:00+00:00,0.0001,2.1999999999999993e-06,6.599999999999998e-06,3
2022-05-26 00:00:00+00:00,2.551e-05,-3.0196666666666665e-05,-9.059e-05,3
2022-05-27 00:00:00+00:00,-0.00019016,-0.00015780333333333333,-0.00047341,3
2022-05-28 00:00:00+00:00,-8.417e-05,-3.5906666666666666e-05,-0.00010772,3
2022-05-29 00:00:00+00:00,-0.00023671,-0.00014965333333333332,-0.00044896,3
2022-05-30 00:00:00+00:00,-8.339e-05,-0.00014615,-0.00043845,3
2022-05-31 00:00:00+00:00,8.297e-05,2.0003333333333336e-05,6.001e-05,3
2022-06-01 00:00:00+00:00,0.0001,0.0001,0.00030000000000000003,3
2022-06-02 00:00:00+00:00,0.0001,-2.4863333333333333e-05,-7.459e-05,3
2022-06-03 00:00:00+00:00,2e-07,4.580000000000001e-06,1.3740000000000002e-05,3
2022-06-04 00:00:00+00:00,1.579e-05,-5.851333333333333e-05,-0.00017554,3
2022-06-05 00:00:00+00:00,-1.739e-05,-3.688666666666667e-05,-0.00011066,3
2022-06-06 00:00:00+00:00,4.017e-05,-4.0563333333333325e-05,-0.00012168999999999998,3
2022-06-07 00:00:00+00:00,3.356e-05,7.785333333333334e-05,0.00023356,3
2022-06-08 00:00:00+00:00,0.0001,3.9790000000000004e-05,0.00011937,3
2022-06-09 00:00:00+00:00,-3.319e-05,1.4723333333333335e-05,4.4170000000000006e-05,3
2022-06-10 00:00:00+00:00,0.0001,8.912333333333334e-05,0.00026737,3
2022-06-11 00:00:00+00:00,-0.00029043,-0.00023812666666666669,-0.00071438,3
2022-06-12 00:00:00+00:00,-0.00016816,-0.00023897333333333334,-0.00071692,3
2022-06-13 00:00:00+00:00,-0.00100448,-0.00048143,-0.00144429,3
2022-06-14 00:00:00+00:00,-9.519e-05,-0.00031110333333333334,-0.00093331,3
2022-06-15 00:00:00+00:00,-0.0001945,-0.00013188333333333333,-0.00039565,3
2022-06-16 00:00:00+00:00,3.323e-05,-9.639666666666666e-05,-0.00028919,3
2022-06-17 00:00:00+00:00,-0.00023259,-0.00014102666666666666,-0.00042308,3
2022-06-18 00:00:00+00:00,-9.436e-05,9.623333333333338e-06,2.8870000000000013e-05,3
2022-06-19 00:00:00+00:00,-0.00026829,-0.00023954666666666665,-0.00071864,3
2022-06-20 00:00:00+00:00,-9.745e-05,-0.00012305666666666666,-0.00036917,3
2022-06-21 00:00:00+00:00,3.804e-05,-1.1106666666666665e-05,-3.331999999999999e-05,3
2022-06-22 00:00:00+00:00,7.732e-05,-0.00013301666666666666,-0.00039904999999999997,3
2022-06-23 00:00:00+00:00,-0.0001493,-0.00014934,-0.00044802,3
2022-06-24 00:00:00+00:00,0.0001,-9.445333333333332e-05,-0.00028335999999999997,3
2022-06-25 00:00:00+00:00,0.0001,0.0001,0.00030000000000000003,3
2022-06-26 00:00:00+00:00,0.0001,3.4173333333333334e-05,0.00010252,3
2022-06-27 00:00:00+00:00,-3.254e-05,5.582000000000001e-05,0.00016746000000000003,3
2022-06-28 00:00:00+00:00,-0.00012581,-0.00014554333333333333,-0.00043662999999999997,3
2022-06-29 00:00:00+00:00,-7.006e-05,-9.34e-06,-2.802e-05,3
2022-06-30 00:00:00+00:00,-0.00022397,-0.00017219000000000002,-0.00051657,3
2022-07-01 00:00:00+00:00,-0.00021372,-0.00024143666666666668,-0.00072431,3
2022-07-02 00:00:00+00:00,-1.039e-05,-8.025e-05,-0.00024075,3
2022-07-03 00:00:00+00:00,-6.272e-05,1.0110000000000001e-05,3.0330000000000003e-05,3
2022-07-04 00:00:00+00:00,-6.287e-05,-1.8313333333333333e-05,-5.494e-05,3
2022-07-05 00:00:00+00:00,2.955e-05,3.5323333333333335e-05,0.00010597,3
2022-07-06 00:00:00+00:00,9.652e-05,-5.298999999999999e-05,-0.00015896999999999998,3
2022-07-07 00:00:00+00:00,0.0001,0.0001,0.00030000000000000003,3
2022-07-08 00:00:00+00:00,2.454e-05,7.484666666666668e-05,0.00022454000000000002,3
2022-07-09 00:00:00+00:00,0.0001,9.936666666666668e-05,0.00029810000000000004,3
2022-07-10 00:00:00+00:00,6.966e-05,6.650666666666667e-05,0.00019952000000000001,3
2022-07-11 00:00:00+00:00,-0.00019687,-0.00015280666666666668,-0.00045842,3
2022-07-12 00:00:00+00:00,-0.00018742,-0.00023895666666666666,-0.00071687,3
2022-07-13 00:00:00+00:00,-0.00023759,-0.00022320666666666666,-0.00066962,3
2022-07-14 00:00:00+00:00,-0.00021602,-0.0001796866666666667,-0.0005390600000000001,3
2022-07-15 00:00:00+00:00,-9.42e-05,-4.101333333333333e-05,-0.00012304,3
2022-07-16 00:00:00+00:00,-5.63e-05,-2.1926666666666665e-05,-6.578e-05,3
2022-07-17 00:00:00+00:00,1.548e-05,7.182666666666667e-05,0.00021548000000000002,3
2022-07-18 00:00:00+00:00,0.0001,8.902333333333334e-05,0.00026707,3
2022-07-19 00:00:00+00:00,0.0001,0.0001,0.00030000000000000003,3
2022-07-20 00:00:00+00:00,0.0001,0.0001,0.00030000000000000003,3
2022-07-21 00:00:00+00:00,0.0001,0.0001,0.00030000000000000003,3
2022-07-22 00:00:00+00:00,0.0001,0.0001,0.00030000000000000003,3
2022-07-23 00:00:00+00:00,0.0001,0.0001,0.00030000000000000003,3
2022-07-24 00:00:00+00:00,0.0001,0.0001,0.00030000000000000003,3
2022-07-25 00:00:00+00:00,0.0001,0.0001,0.00030000000000000003,3
2022-07-26 00:00:00+00:00,9.18e-05,9.726666666666667e-05,0.0002918,3
2022-07-27 00:00:00+00:00,0.0001,5.6386666666666673e-05,0.00016916,3
2022-07-28 00:00:00+00:00,0.0001,0.0001,0.00030000000000000003,3
2022-07-29 00:00:00+00:00,0.0001,0.0001,0.00030000000000000003,3
2022-07-30 00:00:00+00:00,0.0001,0.0001,0.00030000000000000003,3
2022-07-31 00:00:00+00:00,0.0001,0.0001,0.00030000000000000003,3
2022-08-01 00:00:00+00:00,0.0001,0.0001,0.00030000000000000003,3
2022-08-02 00:00:00+00:00,0.0001,0.0001,0.00030000000000000003,3
2022-08-03 00:00:00+00:00,0.0001,0.0001,0.00030000000000000003,3
2022-08-04 00:00:00+00:00,0.0001,0.0001,0.00030000000000000003,3
2022-08-05 00:00:00+00:00,0.0001,0.0001,0.00030000000000000003,3
2022-08-06 00:00:00+00:00,0.0001,0.0001,0.00030000000000000003,3
2022-08-07 00:00:00+00:00,0.0001,0.0001,0.00030000000000000003,3
2022-08-08 00:00:00+00:00,0.0001,0.0001,0.00030000000000000003,3
2022-08-09 00:00:00+00:00,0.0001,0.0001,0.00030000000000000003,3
2022-08-10 00:00:00+00:00,0.0001,0.0001,0.00030000000000000003,3
2022-08-11 00:00:00+00:00,0.0001,0.0001,0.00030000000000000003,3
2022-08-12 00:00:00+00:00,0.0001,0.0001,0.00030000000000000003,3
2022-08-13 00:00:00+00:00,0.0001,0.0001,0.00030000000000000003,3
2022-08-14 00:00:00+00:00,0.0001,0.0001,0.00030000000000000003,3
2022-08-15 00:00:00+00:00,0.0001,0.0001,0.00030000000000000003,3
2022-08-16 00:00:00+00:00,0.0001,0.0001,0.00030000000000000003,3
2022-08-17 00:00:00+00:00,0.0001,0.0001,0.00030000000000000003,3
2022-08-18 00:00:00+00:00,0.0001,0.0001,0.00030000000000000003,3
2022-08-19 00:00:00+00:00,-0.0001078,-4.339e-05,-0.00013017,3
2022-08-20 00:00:00+00:00,-0.00030638,-0.00020087,-0.00060261,3
2022-08-21 00:00:00+00:00,-0.00034022,-0.0003548833333333333,-0.0010646499999999999,3
2022-08-22 00:00:00+00:00,-5.96e-05,-0.00013323333333333334,-0.0003997,3
2022-08-23 00:00:00+00:00,4.741e-05,-7.089666666666666e-05,-0.00021269,3
2022-08-24 00:00:00+00:00,-0.00014569,-0.00011321333333333334,-0.00033964,3
2022-08-25 00:00:00+00:00,-1.221e-05,-7.796e-05,-0.00023388,3
2022-08-26 00:00:00+00:00,0.0001,0.0001,0.00030000000000000003,3
2022-08-27 00:00:00+00:00,-0.00049589,-0.00025917666666666665,-0.00077753,3
2022-08-28 00:00:00+00:00,-0.00018225,-0.00020039666666666665,-0.0006011899999999999,3
2022-08-29 00:00:00+00:00,-0.00012389,-9.179333333333333e-05,-0.00027538,3
2022-08-30 00:00:00+00:00,-5.411e-05,-5.8903333333333336e-05,-0.00017671,3
2022-08-31 00:00:00+00:00,2.509e-05,-7.77e-06,-2.331e-05,3
2022-09-01 00:00:00+00:00,8.74e-06,6.938e-05,0.00020814,3
2022-09-02 00:00:00+00:00,0.0001,2.1233333333333336e-05,6.37e-05,3
2022-09-03 00:00:00+00:00,9.138e-05,1.931e-05,5.7929999999999996e-05,3
2022-09-04 00:00:00+00:00,-0.00042686,-0.00039859666666666667,-0.00119579,3
2022-09-05 00:00:00+00:00,0.0001,5.6413333333333344e-05,0.00016924000000000003,3
2022-09-06 00:00:00+00:00,0.0001,0.0001,0.00030000000000000003,3
2022-09-07 00:00:00+00:00,5.8e-05,8.599999999999999e-05,0.000258,3
2022-09-08 00:00:00+00:00,8.33e-06,-1.9096666666666666e-05,-5.729e-05,3
2022-09-09 00:00:00+00:00,0.0001,0.0001,0.00030000000000000003,3
2022-09-10 00:00:00+00:00,9.808e-05,9.936e-05,0.00029808,3
2022-09-11 00:00:00+00:00,0.0001,8.443666666666667e-05,0.00025331,3
2022-09-12 00:00:00+00:00,9.556e-05,5.782333333333333e-05,0.00017347,3
2022-09-13 00:00:00+00:00,1.629e-05,7.209666666666666e-05,0.00021629,3
2022-09-14 00:00:00+00:00,-9.56e-06,-0.00010652666666666666,-0.00031957999999999997,3
2022-09-15 00:00:00+00:00,-0.00013031,-4.7063333333333334e-05,-0.00014119,3
2022-09-16 00:00:00+00:00,1.664e-05,-3.6966666666666666e-05,-0.0001109,3
2022-09-17 00:00:00+00:00,0.0001,2.2666666666666676e-07,6.800000000000003e-07,3
2022-09-18 00:00:00+00:00,0.0001,3.7153333333333336e-05,0.00011146000000000001,3
2022-09-19 00:00:00+00:00,-0.00044587,-0.0004518766666666667,-0.00135563,3
2022-09-20 00:00:00+00:00,-0.00026338,-6.154000000000001e-05,-0.00018462000000000003,3
2022-09-21 00:00:00+00:00,7.728e-05,-1.215333333333333e-05,-3.6459999999999986e-05,3
2022-09-22 00:00:00+00:00,2.994e-05,-0.00013146666666666667,-0.00039440000000000005,3
2022-09-23 00:00:00+00:00,0.0001,0.0001,0.00030000000000000003,3
2022-09-24 00:00:00+00:00,0.0001,0.0001,0.00030000000000000003,3
2022-09-25 00:00:00+00:00,0.0001,0.0001,0.00030000000000000003,3
2022-09-26 00:00:00+00:00,-0.00011433,4.45e-06,1.335e-05,3
2022-09-27 00:00:00+00:00,0.0001,4.361e-05,0.00013083,3
2022-09-28 00:00:00+00:00,6.562e-05,-4.117666666666667e-05,-0.00012353,3
2022-09-29 00:00:00+00:00,0.0001,6.967666666666667e-05,0.00020903000000000002,3
2022-09-30 00:00:00+00:00,0.0001,7.195666666666667e-05,0.00021587,3
2022-10-01 00:00:00+00:00,0.0001,0.0001,0.00030000000000000003,3
2022-10-02 00:00:00+00:00,0.0001,0.0001,0.00030000000000000003,3
2022-10-03 00:00:00+00:00,8.065e-05,7.016e-05,0.00021048,3
2022-10-04 00:00:00+00:00,-2.476e-05,-4.913333333333333e-05,-0.0001474,3
2022-10-05 00:00:00+00:00,0.0001,2.4733333333333333e-05,7.42e-05,3
2022-10-06 00:00:00+00:00,8.602e-05,1.8800000000000023e-06,5.640000000000007e-06,3
2022-10-07 00:00:00+00:00,4.081e-05,-2.811e-05,-8.433e-05,3
2022-10-08 00:00:00+00:00,0.0001,7.312333333333333e-05,0.00021937,3
2022-10-09 00:00:00+00:00,0.0001,8.789000000000001e-05,0.00026367000000000003,3
2022-10-10 00:00:00+00:00,0.0001,9.944666666666668e-05,0.00029834,3
2022-10-11 00:00:00+00:00,4.959e-05,-6.945000000000001e-05,-0.00020835000000000002,3
2022-10-12 00:00:00+00:00,1.31e-06,4.598000000000001e-05,0.00013794000000000002,3
2022-10-13 00:00:00+00:00,-0.00055118,-0.00034928999999999993,-0.0010478699999999998,3
2022-10-14 00:00:00+00:00,-1.336e-05,1.936666666666666e-06,5.809999999999999e-06,3
2022-10-15 00:00:00+00:00,-1.018e-05,-0.00011993666666666667,-0.00035981,3
2022-10-16 00:00:00+00:00,2.047e-05,-4.664e-05,-0.00013992,3
2022-10-17 00:00:00+00:00,-2.713e-05,-3.325e-05,-9.975e-05,3
2022-10-18 00:00:00+00:00,-0.00020704,-0.00024323000000000001,-0.0007296900000000001,3
2022-10-19 00:00:00+00:00,-4.024e-05,-0.00010986333333333334,-0.00032959,3
2022-10-20 00:00:00+00:00,-7.684e-05,-6.967e-05,-0.00020901,3
2022-10-21 00:00:00+00:00,-4.13e-05,-2.8553333333333333e-05,-8.566e-05,3
2022-10-22 00:00:00+00:00,-0.00023519,-0.00021543666666666667,-0.00064631,3
2022-10-23 00:00:00+00:00,-0.00013191,-9.781666666666667e-05,-0.00029345,3
2022-10-24 00:00:00+00:00,-0.00010281,-0.00016854,-0.00050562,3
2022-10-25 00:00:00+00:00,4.69e-05,-4.3673333333333334e-05,-0.00013102,3
2022-10-26 00:00:00+00:00,1.978e-05,-7.902e-05,-0.00023705999999999998,3
2022-10-27 00:00:00+00:00,0.0001,8.010000000000001e-05,0.0002403,3
2022-10-28 00:00:00+00:00,7.817e-05,6.416000000000001e-05,0.00019248000000000003,3
2022-10-29 00:00:00+00:00,6.539e-05,8.200666666666667e-05,0.00024602,3
2022-10-30 00:00:00+00:00,0.0001,8.736333333333333e-05,0.00026209,3
2022-10-31 00:00:00+00:00,0.0001,0.0001,0.00030000000000000003,3
2022-11-01 00:00:00+00:00,3.403e-05,3.0200000000000002e-05,9.06e-05,3
2022-11-02 00:00:00+00:00,3.77e-05,6.456e-05,0.00019368,3
2022-11-03 00:00:00+00:00,-4.309e-05,-1.8463333333333333e-05,-5.539e-05,3
2022-11-04 00:00:00+00:00,2.795e-05,3.342333333333333e-05,0.00010026999999999999,3
2022-11-05 00:00:00+00:00,0.0001,0.0001,0.00030000000000000003,3
2022-11-06 00:00:00+00:00,0.0001,8.284333333333334e-05,0.00024853,3
2022-11-07 00:00:00+00:00,0.0001,9.245666666666667e-05,0.00027737,3
2022-11-08 00:00:00+00:00,0.0001,0.0001,0.00030000000000000003,3
2022-11-09 00:00:00+00:00,-1.3e-05,-0.00017171666666666668,-0.00051515,3
2022-11-10 00:00:00+00:00,0.0001,-0.00017484,-0.00052452,3
2022-11-11 00:00:00+00:00,0.0001,0.0001,0.00030000000000000003,3
2022-11-12 00:00:00+00:00,0.0001,0.0001,0.00030000000000000003,3
2022-11-13 00:00:00+00:00,0.0001,0.0001,0.00030000000000000003,3
2022-11-14 00:00:00+00:00,0.0001,0.0001,0.00030000000000000003,3
2022-11-15 00:00:00+00:00,0.0001,0.0001,0.00030000000000000003,3
2022-11-16 00:00:00+00:00,0.0001,0.0001,0.00030000000000000003,3
2022-11-17 00:00:00+00:00,0.0001,0.0001,0.00030000000000000003,3
2022-11-18 00:00:00+00:00,0.0001,0.0001,0.00030000000000000003,3
2022-11-19 00:00:00+00:00,0.0001,0.0001,0.00030000000000000003,3
2022-11-20 00:00:00+00:00,0.0001,0.0001,0.00030000000000000003,3
2022-11-21 00:00:00+00:00,0.0001,0.0001,0.00030000000000000003,3
2022-11-22 00:00:00+00:00,0.0001,0.0001,0.00030000000000000003,3
2022-11-23 00:00:00+00:00,0.0001,0.0001,0.00030000000000000003,3
2022-11-24 00:00:00+00:00,0.0001,0.0001,0.00030000000000000003,3
2022-11-25 00:00:00+00:00,0.0001,0.0001,0.00030000000000000003,3
2022-11-26 00:00:00+00:00,0.0001,0.0001,0.00030000000000000003,3
2022-11-27 00:00:00+00:00,0.0001,0.0001,0.00030000000000000003,3
2022-11-28 00:00:00+00:00,0.0001,0.0001,0.00030000000000000003,3
2022-11-29 00:00:00+00:00,0.0001,0.0001,0.00030000000000000003,3
2022-11-30 00:00:00+00:00,0.0001,0.0001,0.00030000000000000003,3
2022-12-01 00:00:00+00:00,0.0001,0.0001,0.00030000000000000003,3
2022-12-02 00:00:00+00:00,0.0001,0.0001,0.00030000000000000003,3
2022-12-03 00:00:00+00:00,0.0001,0.0001,0.00030000000000000003,3
2022-12-04 00:00:00+00:00,0.0001,0.0001,0.00030000000000000003,3
2022-12-05 00:00:00+00:00,8.069e-05,9.356333333333333e-05,0.00028069,3
2022-12-06 00:00:00+00:00,0.0001,0.0001,0.00030000000000000003,3
2022-12-07 00:00:00+00:00,0.0001,0.0001,0.00030000000000000003,3
2022-12-08 00:00:00+00:00,0.0001,0.0001,0.00030000000000000003,3
2022-12-09 00:00:00+00:00,0.0001,0.0001,0.00030000000000000003,3
2022-12-10 00:00:00+00:00,0.0001,0.0001,0.00030000000000000003,3
2022-12-11 00:00:00+00:00,0.0001,0.0001,0.00030000000000000003,3
2022-12-12 00:00:00+00:00,0.0001,0.0001,0.00030000000000000003,3
2022-12-13 00:00:00+00:00,0.0001,0.0001,0.00030000000000000003,3
2022-12-14 00:00:00+00:00,0.0001,0.0001,0.00030000000000000003,3
2022-12-15 00:00:00+00:00,0.0001,0.0001,0.00030000000000000003,3
2022-12-16 00:00:00+00:00,8.24e-05,9.413333333333335e-05,0.00028240000000000003,3
2022-12-17 00:00:00+00:00,6.004e-05,8.668e-05,0.00026004,3
2022-12-18 00:00:00+00:00,0.0001,4.9900000000000005e-06,1.497e-05,3
2022-12-19 00:00:00+00:00,0.0001,0.0001,0.00030000000000000003,3
2022-12-20 00:00:00+00:00,0.0001,0.0001,0.00030000000000000003,3
2022-12-21 00:00:00+00:00,0.0001,5.614000000000001e-05,0.00016842000000000002,3
2022-12-22 00:00:00+00:00,0.0001,0.0001,0.00030000000000000003,3
2022-12-23 00:00:00+00:00,0.0001,0.0001,0.00030000000000000003,3
2022-12-24 00:00:00+00:00,0.0001,0.0001,0.00030000000000000003,3
2022-12-25 00:00:00+00:00,0.0001,0.0001,0.00030000000000000003,3
2022-12-26 00:00:00+00:00,0.0001,0.0001,0.00030000000000000003,3
2022-12-27 00:00:00+00:00,0.0001,0.0001,0.00030000000000000003,3
2022-12-28 00:00:00+00:00,0.0001,0.0001,0.00030000000000000003,3
2022-12-29 00:00:00+00:00,-4.084e-05,5.3053333333333336e-05,0.00015916000000000001,3
2022-12-30 00:00:00+00:00,0.0001,-1.4596666666666662e-05,-4.3789999999999986e-05,3
2022-12-31 00:00:00+00:00,0.0001,0.0001,0.00030000000000000003,3
2023-01-01 00:00:00+00:00,0.0001,0.0001,0.00030000000000000003,3
2023-01-02 00:00:00+00:00,0.0001,0.0001,0.00030000000000000003,3
2023-01-03 00:00:00+00:00,0.0001,0.0001,0.00030000000000000003,3
2023-01-04 00:00:00+00:00,7.193e-05,9.064333333333333e-05,0.00027193,3
2023-01-05 00:00:00+00:00,0.0001,7.99e-05,0.00023970000000000003,3
2023-01-06 00:00:00+00:00,0.0001,0.0001,0.00030000000000000003,3
2023-01-07 00:00:00+00:00,0.0001,7.551e-05,0.00022653000000000001,3
2023-01-08 00:00:00+00:00,-6.696e-05,3.1433333333333336e-05,9.430000000000002e-05,3
2023-01-09 00:00:00+00:00,0.0001,6.689666666666667e-05,0.00020069,3
2023-01-10 00:00:00+00:00,0.0001,0.0001,0.00030000000000000003,3
2023-01-11 00:00:00+00:00,0.0001,0.0001,0.00030000000000000003,3
2023-01-12 00:00:00+00:00,0.0001,0.0001,0.00030000000000000003,3
2023-01-13 00:00:00+00:00,0.0001,0.0001,0.00030000000000000003,3
2023-01-14 00:00:00+00:00,0.0001,0.0001,0.00030000000000000003,3
2023-01-15 00:00:00+00:00,0.0001,0.0001,0.00030000000000000003,3
2023-01-16 00:00:00+00:00,0.0001,0.0001,0.00030000000000000003,3
2023-01-17 00:00:00+00:00,0.0001,0.0001,0.00030000000000000003,3
2023-01-18 00:00:00+00:00,0.0001,0.0001,0.00030000000000000003,3
2023-01-19 00:00:00+00:00,0.0001,0.0001,0.00030000000000000003,3
2023-01-20 00:00:00+00:00,0.0001,0.0001,0.00030000000000000003,3
2023-01-21 00:00:00+00:00,0.0001,0.0001,0.00030000000000000003,3
2023-01-22 00:00:00+00:00,0.0001,0.0001,0.00030000000000000003,3
2023-01-23 00:00:00+00:00,0.0001,0.0001,0.00030000000000000003,3
2023-01-24 00:00:00+00:00,0.0001,0.0001,0.00030000000000000003,3
2023-01-25 00:00:00+00:00,0.0001,0.0001,0.00030000000000000003,3
2023-01-26 00:00:00+00:00,0.0001,0.0001,0.00030000000000000003,3
2023-01-27 00:00:00+00:00,0.0001,0.0001,0.00030000000000000003,3
2023-01-28 00:00:00+00:00,0.0001,0.0001,0.00030000000000000003,3
2023-01-29 00:00:00+00:00,0.0001,0.0001,0.00030000000000000003,3
2023-01-30 00:00:00+00:00,0.0001,0.0001,0.00030000000000000003,3
2023-01-31 00:00:00+00:00,1.18e-05,7.06e-05,0.0002118,3
2023-02-01 00:00:00+00:00,0.0001,0.0001,0.00030000000000000003,3
2023-02-02 00:00:00+00:00,0.0001,0.0001,0.00030000000000000003,3
2023-02-03 00:00:00+00:00,0.0001,0.0001,0.00030000000000000003,3
2023-02-04 00:00:00+00:00,0.0001,0.0001,0.00030000000000000003,3
2023-02-05 00:00:00+00:00,0.0001,0.0001,0.00030000000000000003,3
2023-02-06 00:00:00+00:00,0.0001,0.0001,0.00030000000000000003,3
2023-02-07 00:00:00+00:00,0.0001,0.0001,0.00030000000000000003,3
2023-02-08 00:00:00+00:00,0.0001,0.0001,0.00030000000000000003,3
2023-02-09 00:00:00+00:00,0.0001,0.0001,0.00030000000000000003,3
2023-02-10 00:00:00+00:00,0.0001,0.0001,0.00030000000000000003,3
2023-02-11 00:00:00+00:00,7.29e-05,9.096666666666668e-05,0.0002729,3
2023-02-12 00:00:00+00:00,1.946e-05,2.068e-05,6.204e-05,3
2023-02-13 00:00:00+00:00,0.0001,4.669666666666666e-05,0.00014009,3
2023-02-14 00:00:00+00:00,-0.00016729,1.0903333333333335e-05,3.2710000000000004e-05,3
2023-02-15 00:00:00+00:00,0.0001,0.0001,0.00030000000000000003,3
2023-02-16 00:00:00+00:00,0.0001,0.0001,0.00030000000000000003,3
2023-02-17 00:00:00+00:00,0.0001,0.0001,0.00030000000000000003,3
2023-02-18 00:00:00+00:00,0.0001,0.0001,0.00030000000000000003,3
2023-02-19 00:00:00+00:00,0.0001,0.0001,0.00030000000000000003,3
2023-02-20 00:00:00+00:00,0.0001,0.0001,0.00030000000000000003,3
2023-02-21 00:00:00+00:00,0.0001,0.0001,0.00030000000000000003,3
2023-02-22 00:00:00+00:00,0.0001,0.0001,0.00030000000000000003,3
2023-02-23 00:00:00+00:00,0.0001,0.0001,0.00030000000000000003,3
2023-02-24 00:00:00+00:00,0.0001,0.0001,0.00030000000000000003,3
2023-02-25 00:00:00+00:00,0.0001,0.0001,0.00030000000000000003,3
2023-02-26 00:00:00+00:00,0.0001,0.0001,0.00030000000000000003,3
2023-02-27 00:00:00+00:00,0.0001,0.0001,0.00030000000000000003,3
2023-02-28 00:00:00+00:00,0.0001,9.110333333333335e-05,0.00027331,3
2023-03-01 00:00:00+00:00,0.0001,0.0001,0.00030000000000000003,3
2023-03-02 00:00:00+00:00,0.0001,0.0001,0.00030000000000000003,3
2023-03-03 00:00:00+00:00,0.0001,6.646333333333334e-05,0.00019939000000000003,3
2023-03-04 00:00:00+00:00,0.0001,0.0001,0.00030000000000000003,3
2023-03-05 00:00:00+00:00,0.0001,0.0001,0.00030000000000000003,3
2023-03-06 00:00:00+00:00,0.0001,0.0001,0.00030000000000000003,3
2023-03-07 00:00:00+00:00,6.798e-05,8.788666666666666e-05,0.00026366,3
2023-03-08 00:00:00+00:00,0.0001,0.0001,0.00030000000000000003,3
2023-03-09 00:00:00+00:00,0.0001,0.0001,0.00030000000000000003,3
2023-03-10 00:00:00+00:00,0.0001,-9.203333333333329e-06,-2.7609999999999988e-05,3
2023-03-11 00:00:00+00:00,0.0001,9.661666666666668e-05,0.00028985,3
2023-03-12 00:00:00+00:00,0.0001,0.0001,0.00030000000000000003,3
2023-03-13 00:00:00+00:00,0.0001,0.0001,0.00030000000000000003,3
2023-03-14 00:00:00+00:00,0.0001,0.0001,0.00030000000000000003,3
2023-03-15 00:00:00+00:00,0.0001,0.0001,0.00030000000000000003,3
2023-03-16 00:00:00+00:00,0.0001,0.0001,0.00030000000000000003,3
2023-03-17 00:00:00+00:00,0.0001,0.0001,0.00030000000000000003,3
2023-03-18 00:00:00+00:00,0.0001,0.0001,0.00030000000000000003,3
2023-03-19 00:00:00+00:00,0.0001,0.0001,0.00030000000000000003,3
2023-03-20 00:00:00+00:00,0.0001,0.0001,0.00030000000000000003,3
2023-03-21 00:00:00+00:00,0.0001,0.0001,0.00030000000000000003,3
2023-03-22 00:00:00+00:00,0.0001,0.0001,0.00030000000000000003,3
2023-03-23 00:00:00+00:00,0.0001,0.0001,0.00030000000000000003,3
2023-03-24 00:00:00+00:00,0.0001,0.0001,0.00030000000000000003,3
2023-03-25 00:00:00+00:00,0.0001,0.0001,0.00030000000000000003,3
2023-03-26 00:00:00+00:00,9.085e-05,9.695e-05,0.00029085,3
2023-03-27 00:00:00+00:00,2.161e-05,4.892666666666667e-05,0.00014678,3
2023-03-28 00:00:00+00:00,0.0001,6.0866666666666664e-05,0.0001826,3
2023-03-29 00:00:00+00:00,0.0001,9.294666666666668e-05,0.00027884000000000003,3
2023-03-30 00:00:00+00:00,0.0001,0.0001,0.00030000000000000003,3
2023-03-31 00:00:00+00:00,0.0001,0.0001,0.00030000000000000003,3
2023-04-01 00:00:00+00:00,0.0001,0.0001,0.00030000000000000003,3
2023-04-02 00:00:00+00:00,0.0001,0.0001,0.00030000000000000003,3
2023-04-03 00:00:00+00:00,0.0001,0.0001,0.00030000000000000003,3
2023-04-04 00:00:00+00:00,0.0001,0.0001,0.00030000000000000003,3
2023-04-05 00:00:00+00:00,0.0001,0.0001,0.00030000000000000003,3
2023-04-06 00:00:00+00:00,0.0001,0.0001,0.00030000000000000003,3
2023-04-07 00:00:00+00:00,0.0001,9.054e-05,0.00027162,3
2023-04-08 00:00:00+00:00,0.0001,0.0001,0.00030000000000000003,3
2023-04-09 00:00:00+00:00,0.0001,0.0001,0.00030000000000000003,3
2023-04-10 00:00:00+00:00,7.79e-05,9.263333333333333e-05,0.0002779,3
2023-04-11 00:00:00+00:00,0.0001,0.0001,0.00030000000000000003,3
2023-04-12 00:00:00+00:00,0.0001,0.0001,0.00030000000000000003,3
2023-04-13 00:00:00+00:00,0.0001,0.0001,0.00030000000000000003,3
2023-04-14 00:00:00+00:00,0.0001,0.0001,0.00030000000000000003,3
2023-04-15 00:00:00+00:00,0.0001,0.0001,0.00030000000000000003,3
2023-04-16 00:00:00+00:00,0.0001,0.0001,0.00030000000000000003,3
2023-04-17 00:00:00+00:00,0.0001,0.0001,0.00030000000000000003,3
2023-04-18 00:00:00+00:00,0.00025962,0.00015320666666666666,0.00045962,3
2023-04-19 00:00:00+00:00,0.0001,0.0001,0.00030000000000000003,3
2023-04-20 00:00:00+00:00,0.0001,0.0001,0.00030000000000000003,3
2023-04-21 00:00:00+00:00,0.0001,0.0001,0.00030000000000000003,3
2023-04-22 00:00:00+00:00,0.0001,9.818000000000001e-05,0.00029454000000000004,3
2023-04-23 00:00:00+00:00,0.0001,0.0001,0.00030000000000000003,3
2023-04-24 00:00:00+00:00,0.0001,0.0001,0.00030000000000000003,3
2023-04-25 00:00:00+00:00,0.0001,7.875666666666667e-05,0.00023627,3
2023-04-26 00:00:00+00:00,0.0001,7.228e-05,0.00021684000000000002,3
2023-04-27 00:00:00+00:00,0.0001,8.582666666666668e-05,0.00025748000000000004,3
2023-04-28 00:00:00+00:00,0.0001,0.0001,0.00030000000000000003,3
2023-04-29 00:00:00+00:00,0.0001,0.0001,0.00030000000000000003,3
2023-04-30 00:00:00+00:00,0.0001,0.0001,0.00030000000000000003,3
2023-05-01 00:00:00+00:00,0.0001,0.0001,0.00030000000000000003,3
2023-05-02 00:00:00+00:00,0.0001,0.0001,0.00030000000000000003,3
2023-05-03 00:00:00+00:00,0.0001,0.0001,0.00030000000000000003,3
2023-05-04 00:00:00+00:00,0.0001,9.747333333333333e-05,0.00029242,3
2023-05-05 00:00:00+00:00,0.0001,9.919333333333333e-05,0.00029758,3
2023-05-06 00:00:00+00:00,1.78e-05,7.26e-05,0.0002178,3
2023-05-07 00:00:00+00:00,0.0001,2.7926666666666668e-05,8.378e-05,3
2023-05-08 00:00:00+00:00,7.753e-05,5.867e-05,0.00017601,3
2023-05-09 00:00:00+00:00,-1.17e-06,7.2666666666666685e-06,2.1800000000000005e-05,3
2023-05-10 00:00:00+00:00,-5.609e-05,9.560000000000002e-06,2.8680000000000003e-05,3
2023-05-11 00:00:00+00:00,1.79e-05,3.341666666666667e-05,0.00010025000000000001,3
2023-05-12 00:00:00+00:00,0.0001,1.1460000000000002e-05,3.4380000000000006e-05,3
2023-05-13 00:00:00+00:00,8.544e-05,6.863666666666667e-05,0.00020591,3
2023-05-14 00:00:00+00:00,0.0001,7.505333333333334e-05,0.00022516000000000002,3
2023-05-15 00:00:00+00:00,0.0001,8.148666666666667e-05,0.00024446,3
2023-05-16 00:00:00+00:00,0.0001,4.1540000000000005e-05,0.00012462,3
2023-05-17 00:00:00+00:00,6.206e-05,7.725333333333333e-05,0.00023176000000000002,3
2023-05-18 00:00:00+00:00,9.667e-05,8.972e-05,0.00026916,3
2023-05-19 00:00:00+00:00,-9.64e-06,6.345333333333334e-05,0.00019036000000000001,3
2023-05-20 00:00:00+00:00,7.85e-06,-4.443333333333334e-06,-1.3330000000000001e-05,3
2023-05-21 00:00:00+00:00,8.76e-06,1.1433333333333333e-05,3.43e-05,3
2023-05-22 00:00:00+00:00,0.0001,3.563e-05,0.00010689,3
2023-05-23 00:00:00+00:00,0.0001,0.0001,0.00030000000000000003,3
2023-05-24 00:00:00+00:00,0.0001,0.0001,0.00030000000000000003,3
2023-05-25 00:00:00+00:00,3.799e-05,7.933e-05,0.00023799000000000002,3
2023-05-26 00:00:00+00:00,0.0001,7.427333333333333e-05,0.00022282,3
2023-05-27 00:00:00+00:00,0.0001,0.0001,0.00030000000000000003,3
2023-05-28 00:00:00+00:00,0.0001,0.0001,0.00030000000000000003,3
2023-05-29 00:00:00+00:00,0.0001,9.76e-05,0.0002928,3
2023-05-30 00:00:00+00:00,0.0001,0.0001,0.00030000000000000003,3
2023-05-31 00:00:00+00:00,0.0001,0.0001,0.00030000000000000003,3
2023-06-01 00:00:00+00:00,0.0001,0.0001,0.00030000000000000003,3
2023-06-02 00:00:00+00:00,0.0001,6.352333333333334e-05,0.00019057,3
2023-06-03 00:00:00+00:00,0.0001,0.0001,0.00030000000000000003,3
2023-06-04 00:00:00+00:00,0.0001,0.0001,0.00030000000000000003,3
2023-06-05 00:00:00+00:00,0.0001,0.0001,0.00030000000000000003,3
2023-06-06 00:00:00+00:00,3.626e-05,5.291333333333333e-05,0.00015874,3
2023-06-07 00:00:00+00:00,0.0001,0.0001,0.00030000000000000003,3
2023-06-08 00:00:00+00:00,0.0001,0.0001,0.00030000000000000003,3
2023-06-09 00:00:00+00:00,0.0001,0.0001,0.00030000000000000003,3
2023-06-10 00:00:00+00:00,-0.00078734,-0.00044623,-0.00133869,3
2023-06-11 00:00:00+00:00,-0.00048459,-0.00039327,-0.0011798099999999999,3
2023-06-12 00:00:00+00:00,2.173e-05,-0.00015705333333333334,-0.00047116000000000004,3
2023-06-13 00:00:00+00:00,5.249e-05,1.967e-05,5.901e-05,3
2023-06-14 00:00:00+00:00,9.442e-05,1.2853333333333333e-05,3.856e-05,3
2023-06-15 00:00:00+00:00,9.001e-05,7.704e-05,0.00023112,3
2023-06-16 00:00:00+00:00,-4.198e-05,-7.587666666666666e-05,-0.00022763,3
2023-06-17 00:00:00+00:00,0.0001,1.9323333333333335e-05,5.797000000000001e-05,3
2023-06-18 00:00:00+00:00,7.641e-05,5.134333333333333e-05,0.00015403,3
2023-06-19 00:00:00+00:00,-0.00014207,-2.761333333333333e-05,-8.283999999999999e-05,3
2023-06-20 00:00:00+00:00,-9.25e-05,-6.840999999999999e-05,-0.00020522999999999998,3
2023-06-21 00:00:00+00:00,2.331e-05,3.924333333333333e-05,0.00011773,3
2023-06-22 00:00:00+00:00,8.159e-05,3.8906666666666665e-05,0.00011672,3
2023-06-23 00:00:00+00:00,-0.00011605,-3.326666666666665e-06,-9.979999999999996e-06,3
2023-06-24 00:00:00+00:00,-0.00030801,-0.00025526333333333336,-0.00076579,3
2023-06-25 00:00:00+00:00,2.236e-05,-8.071666666666667e-05,-0.00024215,3
2023-06-26 00:00:00+00:00,-4.861e-05,-0.00012088333333333334,-0.00036265,3
2023-06-27 00:00:00+00:00,-0.00016261,-0.00016855333333333334,-0.00050566,3
2023-06-28 00:00:00+00:00,2.379e-05,7.459666666666667e-05,0.00022379000000000002,3
2023-06-29 00:00:00+00:00,-7e-08,4.956e-05,0.00014868,3
2023-06-30 00:00:00+00:00,3.639e-05,6.412333333333333e-05,0.00019237,3
2023-07-01 00:00:00+00:00,8.028e-05,7.373333333333333e-06,2.2119999999999998e-05,3
2023-07-02 00:00:00+00:00,0.0001,9.959333333333334e-05,0.00029878,3
2023-07-03 00:00:00+00:00,0.0001,0.0001,0.00030000000000000003,3
2023-07-04 00:00:00+00:00,0.0001,0.0001,0.00030000000000000003,3
2023-07-05 00:00:00+00:00,0.0001,0.0001,0.00030000000000000003,3
2023-07-06 00:00:00+00:00,6.976e-05,5.261e-05,0.00015783,3
2023-07-07 00:00:00+00:00,-9.188e-05,-1.0566666666666617e-06,-3.169999999999985e-06,3
2023-07-08 00:00:00+00:00,3.583e-05,-2.9703333333333334e-05,-8.911e-05,3
2023-07-09 00:00:00+00:00,4.281e-05,5.864666666666667e-05,0.00017594,3
2023-07-10 00:00:00+00:00,5.292e-05,-2.4283333333333335e-05,-7.285000000000001e-05,3
2023-07-11 00:00:00+00:00,0.0001,0.0001,0.00030000000000000003,3
2023-07-12 00:00:00+00:00,0.0001,0.0001,0.00030000000000000003,3
2023-07-13 00:00:00+00:00,0.0001,0.0001,0.00030000000000000003,3
2023-07-14 00:00:00+00:00,0.0001,0.0001,0.00030000000000000003,3
2023-07-15 00:00:00+00:00,0.0001,0.0001,0.00030000000000000003,3
2023-07-16 00:00:00+00:00,0.0001,0.0001,0.00030000000000000003,3
2023-07-17 00:00:00+00:00,0.0001,0.0001,0.00030000000000000003,3
2023-07-18 00:00:00+00:00,0.0001,0.0001,0.00030000000000000003,3
2023-07-19 00:00:00+00:00,0.0001,0.0001,0.00030000000000000003,3
2023-07-20 00:00:00+00:00,0.0001,0.0001,0.00030000000000000003,3
2023-07-21 00:00:00+00:00,0.0001,0.0001,0.00030000000000000003,3
2023-07-22 00:00:00+00:00,0.0001,0.0001,0.00030000000000000003,3
2023-07-23 00:00:00+00:00,0.0001,0.0001,0.00030000000000000003,3
2023-07-24 00:00:00+00:00,0.0001,0.0001,0.00030000000000000003,3
2023-07-25 00:00:00+00:00,0.0001,0.0001,0.00030000000000000003,3
2023-07-26 00:00:00+00:00,0.0001,0.0001,0.00030000000000000003,3
2023-07-27 00:00:00+00:00,0.0001,0.0001,0.00030000000000000003,3
2023-07-28 00:00:00+00:00,4.096e-05,8.032e-05,0.00024096000000000002,3
2023-07-29 00:00:00+00:00,0.0001,0.0001,0.00030000000000000003,3
2023-07-30 00:00:00+00:00,0.0001,0.0001,0.00030000000000000003,3
2023-07-31 00:00:00+00:00,0.0001,0.0001,0.00030000000000000003,3
2023-08-01 00:00:00+00:00,0.0001,0.0001,0.00030000000000000003,3
2023-08-02 00:00:00+00:00,0.0001,0.0001,0.00030000000000000003,3
2023-08-03 00:00:00+00:00,0.0001,0.0001,0.00030000000000000003,3
2023-08-04 00:00:00+00:00,0.0001,0.0001,0.00030000000000000003,3
2023-08-05 00:00:00+00:00,0.0001,0.0001,0.00030000000000000003,3
2023-08-06 00:00:00+00:00,0.0001,0.0001,0.00030000000000000003,3
2023-08-07 00:00:00+00:00,0.0001,0.0001,0.00030000000000000003,3
2023-08-08 00:00:00+00:00,0.0001,9.177000000000001e-05,0.00027531,3
2023-08-09 00:00:00+00:00,0.0001,0.0001,0.00030000000000000003,3
2023-08-10 00:00:00+00:00,0.0001,0.0001,0.00030000000000000003,3
2023-08-11 00:00:00+00:00,0.0001,0.0001,0.00030000000000000003,3
2023-08-12 00:00:00+00:00,0.0001,0.0001,0.00030000000000000003,3
2023-08-13 00:00:00+00:00,0.0001,0.0001,0.00030000000000000003,3
2023-08-14 00:00:00+00:00,0.0001,0.0001,0.00030000000000000003,3
2023-08-15 00:00:00+00:00,0.0001,0.0001,0.00030000000000000003,3
2023-08-16 00:00:00+00:00,0.0001,4.291333333333334e-05,0.00012874000000000002,3
2023-08-17 00:00:00+00:00,0.0001,-8.793333333333334e-06,-2.638e-05,3
2023-08-18 00:00:00+00:00,-4.386e-05,-0.00025435999999999997,-0.00076308,3
2023-08-19 00:00:00+00:00,-6.97e-05,9.133333333333335e-06,2.7400000000000002e-05,3
2023-08-20 00:00:00+00:00,-6.05e-06,9.36e-06,2.8080000000000002e-05,3
2023-08-21 00:00:00+00:00,3.571e-05,6.677666666666667e-05,0.00020033,3
2023-08-22 00:00:00+00:00,-0.0001135,-9.006333333333334e-05,-0.00027019,3
2023-08-23 00:00:00+00:00,3.458e-05,-4.201333333333333e-05,-0.00012604,3
2023-08-24 00:00:00+00:00,7.103e-05,2.3333333333333357e-06,7.0000000000000075e-06,3
2023-08-25 00:00:00+00:00,7.971e-05,7.751e-05,0.00023253,3
2023-08-26 00:00:00+00:00,-2.801e-05,-2.8623333333333334e-05,-8.587e-05,3
2023-08-27 00:00:00+00:00,0.0001,8.311666666666668e-05,0.00024935,3
2023-08-28 00:00:00+00:00,5.583e-05,4.035333333333333e-05,0.00012106,3
2023-08-29 00:00:00+00:00,0.0001,8.85e-05,0.0002655,3
2023-08-30 00:00:00+00:00,-5.05e-06,6.498333333333335e-05,0.00019495000000000002,3
2023-08-31 00:00:00+00:00,1.214e-05,4.064e-05,0.00012192,3
2023-09-01 00:00:00+00:00,4.454e-05,-9.066e-05,-0.00027198,3
2023-09-02 00:00:00+00:00,-3.255e-05,-5.5286666666666674e-05,-0.00016586000000000001,3
2023-09-03 00:00:00+00:00,-0.00020001,-0.00014957333333333333,-0.00044872,3
2023-09-04 00:00:00+00:00,-1.865e-05,-4.023333333333333e-05,-0.0001207,3
2023-09-05 00:00:00+00:00,-2.221e-05,-3.403666666666667e-05,-0.00010211000000000001,3
2023-09-06 00:00:00+00:00,-1.574e-05,-1.6993333333333332e-05,-5.0979999999999996e-05,3
2023-09-07 00:00:00+00:00,0.0001,0.0001,0.00030000000000000003,3
2023-09-08 00:00:00+00:00,0.0001,7.205666666666667e-05,0.00021617,3
2023-09-09 00:00:00+00:00,0.0001,6.468666666666668e-05,0.00019406000000000002,3
2023-09-10 00:00:00+00:00,-6.16e-05,-9.2e-05,-0.000276,3
2023-09-11 00:00:00+00:00,1.92e-06,-3.301333333333333e-05,-9.904e-05,3
2023-09-12 00:00:00+00:00,-2.006e-05,-3.192333333333333e-05,-9.577e-05,3
2023-09-13 00:00:00+00:00,5.888e-05,4.429333333333333e-05,0.00013288,3
2023-09-14 00:00:00+00:00,7.2e-07,3.556333333333334e-05,0.00010669000000000001,3
2023-09-15 00:00:00+00:00,0.0001,3.4433333333333335e-05,0.0001033,3
2023-09-16 00:00:00+00:00,7.014e-05,8.822e-05,0.00026466,3
2023-09-17 00:00:00+00:00,-5.586e-05,-5.733333333333332e-06,-1.7199999999999998e-05,3
2023-09-18 00:00:00+00:00,0.0001,2.3143333333333336e-05,6.943e-05,3
2023-09-19 00:00:00+00:00,8.818e-05,9.185666666666666e-05,0.00027557,3
2023-09-20 00:00:00+00:00,4.344e-05,8.114666666666667e-05,0.00024344000000000001,3
2023-09-21 00:00:00+00:00,0.0001,6.0173333333333335e-05,0.00018052,3
2023-09-22 00:00:00+00:00,0.0001,0.0001,0.00030000000000000003,3
2023-09-23 00:00:00+00:00,0.0001,0.0001,0.00030000000000000003,3
2023-09-24 00:00:00+00:00,0.0001,0.0001,0.00030000000000000003,3
2023-09-25 00:00:00+00:00,0.0001,0.0001,0.00030000000000000003,3
2023-09-26 00:00:00+00:00,-7.055e-05,5.010000000000004e-06,1.503000000000001e-05,3
2023-09-27 00:00:00+00:00,7.382e-05,7.773666666666667e-05,0.00023321,3
2023-09-28 00:00:00+00:00,4.538e-05,-9.770000000000001e-06,-2.9310000000000002e-05,3
2023-09-29 00:00:00+00:00,-1.816e-05,2.9216666666666668e-05,8.765e-05,3
2023-09-30 00:00:00+00:00,6.267e-05,6.734e-05,0.00020202,3
2023-10-01 00:00:00+00:00,8.742e-05,4.0023333333333334e-05,0.00012007000000000001,3
2023-10-02 00:00:00+00:00,-7.957e-05,4.014333333333334e-05,0.00012043000000000001,3
2023-10-03 00:00:00+00:00,0.0001,0.0001,0.00030000000000000003,3
2023-10-04 00:00:00+00:00,-2.617e-05,5.794333333333334e-05,0.00017383,3
2023-10-05 00:00:00+00:00,2.727e-05,5.549666666666666e-05,0.00016649,3
2023-10-06 00:00:00+00:00,7.82e-06,1.0406666666666668e-05,3.122e-05,3
2023-10-07 00:00:00+00:00,0.0001,6.296666666666667e-05,0.0001889,3
2023-10-08 00:00:00+00:00,0.0001,0.0001,0.00030000000000000003,3
2023-10-09 00:00:00+00:00,5.624e-05,7.262333333333333e-05,0.00021787,3
2023-10-10 00:00:00+00:00,5.618e-05,4.874e-05,0.00014622,3
2023-10-11 00:00:00+00:00,3.913e-05,7.971e-05,0.00023913,3
2023-10-12 00:00:00+00:00,1.215e-05,5.437333333333333e-05,0.00016312,3
2023-10-13 00:00:00+00:00,6.45e-05,3.445e-05,0.00010334999999999999,3
2023-10-14 00:00:00+00:00,-8.36e-06,-0.00012684,-0.00038052,3
2023-10-15 00:00:00+00:00,0.0001,5.0883333333333335e-05,0.00015265,3
2023-10-16 00:00:00+00:00,5.976e-05,5.6626666666666664e-05,0.00016988,3
2023-10-17 00:00:00+00:00,9.062e-05,7.747666666666667e-05,0.00023243,3
2023-10-18 00:00:00+00:00,8.96e-06,5.124333333333334e-05,0.00015373,3
2023-10-19 00:00:00+00:00,-2.925e-05,-0.00012200666666666667,-0.00036602,3
2023-10-20 00:00:00+00:00,0.0001,0.0001,0.00030000000000000003,3
2023-10-21 00:00:00+00:00,0.0001,3.85e-05,0.0001155,3
2023-10-22 00:00:00+00:00,0.0001,0.0001,0.00030000000000000003,3
2023-10-23 00:00:00+00:00,0.0001,0.0001,0.00030000000000000003,3
2023-10-24 00:00:00+00:00,0.0001,0.0001,0.00030000000000000003,3
2023-10-25 00:00:00+00:00,0.0001,0.0001,0.00030000000000000003,3
2023-10-26 00:00:00+00:00,0.0001,0.0001,0.00030000000000000003,3
2023-10-27 00:00:00+00:00,0.0001,0.0001,0.00030000000000000003,3
2023-10-28 00:00:00+00:00,0.0001,0.0001,0.00030000000000000003,3
2023-10-29 00:00:00+00:00,0.0001,0.0001,0.00030000000000000003,3
2023-10-30 00:00:00+00:00,0.0001,0.0001,0.00030000000000000003,3
2023-10-31 00:00:00+00:00,0.0001,0.0001,0.00030000000000000003,3
2023-11-01 00:00:00+00:00,0.0001,0.0001,0.00030000000000000003,3
2023-11-02 00:00:00+00:00,0.0001,0.00023273333333333332,0.0006982,3
2023-11-03 00:00:00+00:00,0.0001,0.0001,0.00030000000000000003,3
2023-11-04 00:00:00+00:00,0.0001,0.0001,0.00030000000000000003,3
2023-11-05 00:00:00+00:00,0.0001,0.0001,0.00030000000000000003,3
2023-11-06 00:00:00+00:00,0.00019902,0.00014285,0.00042855,3
2023-11-07 00:00:00+00:00,0.0001,0.00021145666666666667,0.00063437,3
2023-11-08 00:00:00+00:00,0.00029543,0.00016514333333333335,0.00049543,3
2023-11-09 00:00:00+00:00,0.00041936,0.00028872,0.00086616,3
2023-11-10 00:00:00+00:00,0.00030038,0.00021653333333333333,0.0006496,3
2023-11-11 00:00:00+00:00,0.00057011,0.00035661666666666667,0.00106985,3
2023-11-12 00:00:00+00:00,0.00035313,0.0003041466666666667,0.00091244,3
2023-11-13 00:00:00+00:00,0.00026894,0.00036951999999999997,0.00110856,3
2023-11-14 00:00:00+00:00,0.00013374,0.00013535666666666666,0.00040607,3
2023-11-15 00:00:00+00:00,0.00025168,0.00015884333333333333,0.00047653,3
2023-11-16 00:00:00+00:00,0.00028701,0.00026627666666666666,0.0007988299999999999,3
2023-11-17 00:00:00+00:00,0.0001,0.0001,0.00030000000000000003,3
2023-11-18 00:00:00+00:00,0.0001,0.0001,0.00030000000000000003,3
2023-11-19 00:00:00+00:00,0.0001,0.0001,0.00030000000000000003,3
2023-11-20 00:00:00+00:00,0.0001,0.0001,0.00030000000000000003,3
2023-11-21 00:00:00+00:00,0.0001,0.0001,0.00030000000000000003,3
2023-11-22 00:00:00+00:00,0.0001,0.0001,0.00030000000000000003,3
2023-11-23 00:00:00+00:00,0.0001,0.0001,0.00030000000000000003,3
2023-11-24 00:00:00+00:00,0.0001,0.0001,0.00030000000000000003,3
2023-11-25 00:00:00+00:00,0.0001,0.0001,0.00030000000000000003,3
2023-11-26 00:00:00+00:00,0.0001,0.0001,0.00030000000000000003,3
2023-11-27 00:00:00+00:00,0.0001,0.0001,0.00030000000000000003,3
2023-11-28 00:00:00+00:00,0.0001,0.0001,0.00030000000000000003,3
2023-11-29 00:00:00+00:00,0.0001,0.0001,0.00030000000000000003,3
2023-11-30 00:00:00+00:00,0.0001,0.0001,0.00030000000000000003,3
2023-12-01 00:00:00+00:00,0.0001,0.0001,0.00030000000000000003,3
2023-12-02 00:00:00+00:00,0.0001,0.0001,0.00030000000000000003,3
2023-12-03 00:00:00+00:00,0.00032733,0.00031723,0.00095169,3
2023-12-04 00:00:00+00:00,0.00025175,0.00028709,0.00086127,3
2023-12-05 00:00:00+00:00,0.00018808,0.00019817,0.00059451,3
2023-12-06 00:00:00+00:00,0.0001,0.0002550366666666667,0.00076511,3
2023-12-07 00:00:00+00:00,0.00030046,0.00018601,0.0005580299999999999,3
2023-12-08 00:00:00+00:00,0.00031848,0.00034565,0.00103695,3
2023-12-09 00:00:00+00:00,0.00057214,0.0004565966666666666,0.0013697899999999999,3
2023-12-10 00:00:00+00:00,0.00030102,0.00035562,0.00106686,3
2023-12-11 00:00:00+00:00,0.0001,0.00014551,0.00043653,3
2023-12-12 00:00:00+00:00,0.00028615,0.00016582999999999998,0.00049749,3
2023-12-13 00:00:00+00:00,0.00019846,0.00016373333333333335,0.0004912,3
2023-12-14 00:00:00+00:00,0.00021208,0.00023662666666666665,0.00070988,3
2023-12-15 00:00:00+00:00,0.00023921,0.00015310333333333332,0.00045931,3
2023-12-16 00:00:00+00:00,0.0001,0.00016694666666666668,0.00050084,3
2023-12-17 00:00:00+00:00,0.0002216,0.00017640333333333335,0.00052921,3
2023-12-18 00:00:00+00:00,0.0001,0.00016072333333333333,0.00048216999999999997,3
2023-12-19 00:00:00+00:00,0.0001,0.0001,0.00030000000000000003,3
2023-12-20 00:00:00+00:00,0.0001,0.0001,0.00030000000000000003,3
2023-12-21 00:00:00+00:00,0.0003326,0.00017787666666666666,0.00053363,3
2023-12-22 00:00:00+00:00,0.0004564,0.00044931,0.00134793,3
2023-12-23 00:00:00+00:00,0.00025496,0.0002526,0.0007578,3
2023-12-24 00:00:00+00:00,0.00034527,0.00034572000000000004,0.00103716,3
2023-12-25 00:00:00+00:00,0.00058171,0.0003556866666666667,0.00106706,3
2023-12-26 00:00:00+00:00,0.000588,0.0006991366666666667,0.00209741,3
2023-12-27 00:00:00+00:00,0.00063559,0.0003490333333333333,0.0010471,3
2023-12-28 00:00:00+00:00,0.0006826,0.0007870266666666666,0.0023610799999999998,3
2023-12-29 00:00:00+00:00,0.00054466,0.00048197666666666665,0.00144593,3
2023-12-30 00:00:00+00:00,0.00025813,0.0002497933333333333,0.00074938,3
2023-12-31 00:00:00+00:00,0.00052659,0.0004019433333333333,0.00120583,3
2024-01-01 00:00:00+00:00,0.00042057,0.00027715666666666667,0.00083147,3
2024-01-02 00:00:00+00:00,0.00073495,0.00071638,0.00214914,3
2024-01-03 00:00:00+00:00,0.0001,0.00033911000000000005,0.00101733,3
2024-01-04 00:00:00+00:00,0.0001,0.0001,0.00030000000000000003,3
2024-01-05 00:00:00+00:00,0.0001,0.0001,0.00030000000000000003,3
2024-01-06 00:00:00+00:00,0.0001,0.0001,0.00030000000000000003,3
2024-01-07 00:00:00+00:00,0.0001,0.0001,0.00030000000000000003,3
2024-01-08 00:00:00+00:00,0.0001,0.0001,0.00030000000000000003,3
2024-01-09 00:00:00+00:00,0.0001,0.0001,0.00030000000000000003,3
2024-01-10 00:00:00+00:00,0.0001,0.0001,0.00030000000000000003,3
2024-01-11 00:00:00+00:00,0.0001,0.0001,0.00030000000000000003,3
2024-01-12 00:00:00+00:00,0.0001,0.0001,0.00030000000000000003,3
2024-01-13 00:00:00+00:00,0.0001,0.0001,0.00030000000000000003,3
2024-01-14 00:00:00+00:00,0.0001,0.0001,0.00030000000000000003,3
2024-01-15 00:00:00+00:00,0.0001,0.0001,0.00030000000000000003,3
2024-01-16 00:00:00+00:00,0.0001,0.0001,0.00030000000000000003,3
2024-01-17 00:00:00+00:00,0.0001,0.0001,0.00030000000000000003,3
2024-01-18 00:00:00+00:00,0.0001,0.0001,0.00030000000000000003,3
2024-01-19 00:00:00+00:00,0.0001,0.0001,0.00030000000000000003,3
2024-01-20 00:00:00+00:00,0.0001,0.0001,0.00030000000000000003,3
2024-01-21 00:00:00+00:00,0.0001,0.0001,0.00030000000000000003,3
2024-01-22 00:00:00+00:00,0.0001,0.0001,0.00030000000000000003,3
2024-01-23 00:00:00+00:00,0.0001,0.0001,0.00030000000000000003,3
2024-01-24 00:00:00+00:00,0.0001,0.0001,0.00030000000000000003,3
2024-01-25 00:00:00+00:00,0.0001,0.0001,0.00030000000000000003,3
2024-01-26 00:00:00+00:00,0.0001,0.0001,0.00030000000000000003,3
2024-01-27 00:00:00+00:00,0.0001,0.0001,0.00030000000000000003,3
2024-01-28 00:00:00+00:00,0.0001,0.0001,0.00030000000000000003,3
2024-01-29 00:00:00+00:00,0.0001,0.0001,0.00030000000000000003,3
2024-01-30 00:00:00+00:00,0.0001,0.0001,0.00030000000000000003,3
2024-01-31 00:00:00+00:00,0.0001,0.0001,0.00030000000000000003,3
2024-02-01 00:00:00+00:00,0.0001,0.0001,0.00030000000000000003,3
2024-02-02 00:00:00+00:00,0.0001,0.0001,0.00030000000000000003,3
2024-02-03 00:00:00+00:00,0.0001,0.0001,0.00030000000000000003,3
2024-02-04 00:00:00+00:00,0.0001,0.0001,0.00030000000000000003,3
2024-02-05 00:00:00+00:00,0.0001,0.0001,0.00030000000000000003,3
2024-02-06 00:00:00+00:00,0.0001,0.0001,0.00030000000000000003,3
2024-02-07 00:00:00+00:00,0.0001,0.0001,0.00030000000000000003,3
2024-02-08 00:00:00+00:00,0.0001,0.0001,0.00030000000000000003,3
2024-02-09 00:00:00+00:00,0.0001,0.0001,0.00030000000000000003,3
2024-02-10 00:00:00+00:00,0.0001,0.0001,0.00030000000000000003,3
2024-02-11 00:00:00+00:00,0.0001,0.0001,0.00030000000000000003,3
2024-02-12 00:00:00+00:00,0.0001,0.0001,0.00030000000000000003,3
2024-02-13 00:00:00+00:00,0.0001,0.0001,0.00030000000000000003,3
2024-02-14 00:00:00+00:00,0.00019194,0.00013064666666666666,0.00039194,3
2024-02-15 00:00:00+00:00,0.00011931,0.00017688,0.00053064,3
2024-02-16 00:00:00+00:00,0.0001,0.00016117666666666668,0.00048353000000000003,3
2024-02-17 00:00:00+00:00,0.00013854,0.00013900000000000002,0.00041700000000000005,3
2024-02-18 00:00:00+00:00,0.00018391,0.00020266999999999998,0.00060801,3
2024-02-19 00:00:00+00:00,0.00018545,0.00019333333333333333,0.00058,3
2024-02-20 00:00:00+00:00,0.00019592,0.0002245966666666667,0.0006737900000000001,3
2024-02-21 00:00:00+00:00,0.0001,0.0001,0.00030000000000000003,3
2024-02-22 00:00:00+00:00,0.0001,0.0001,0.00030000000000000003,3
2024-02-23 00:00:00+00:00,0.0001,0.00010039333333333333,0.00030118,3
2024-02-24 00:00:00+00:00,0.00015268,0.00012251666666666667,0.00036755,3
2024-02-25 00:00:00+00:00,0.00020853,0.00026253,0.00078759,3
2024-02-26 00:00:00+00:00,0.00031012,0.00031489,0.00094467,3
2024-02-27 00:00:00+00:00,0.00026778,0.0004471233333333334,0.0013413700000000001,3
2024-02-28 00:00:00+00:00,0.00055493,0.00039035666666666666,0.00117107,3
2024-02-29 00:00:00+00:00,0.00095057,0.0007905466666666667,0.00237164,3
2024-03-01 00:00:00+00:00,0.00043851,0.0004333866666666666,0.0013001599999999999,3
2024-03-02 00:00:00+00:00,0.0005443,0.0007200166666666667,0.00216005,3
2024-03-03 00:00:00+00:00,0.00056873,0.0005365133333333333,0.00160954,3
2024-03-04 00:00:00+00:00,0.00068165,0.0006749766666666667,0.0020249300000000003,3
2024-03-05 00:00:00+00:00,0.00110687,0.0009345299999999999,0.00280359,3
2024-03-06 00:00:00+00:00,0.00029072,0.00016357333333333335,0.00049072,3
2024-03-07 00:00:00+00:00,0.00043129,0.0003312433333333333,0.00099373,3
2024-03-08 00:00:00+00:00,0.00052338,0.0005637033333333333,0.00169111,3
2024-03-09 00:00:00+00:00,0.00067097,0.0005469733333333333,0.00164092,3
2024-03-10 00:00:00+00:00,0.00030113,0.0006290566666666667,0.00188717,3
2024-03-11 00:00:00+00:00,0.00067662,0.0004978666666666667,0.0014935999999999999,3
2024-03-12 00:00:00+00:00,0.00051468,0.00067093,0.00201279,3
2024-03-13 00:00:00+00:00,0.00056306,0.0005558766666666666,0.0016676299999999998,3
2024-03-14 00:00:00+00:00,0.00071699,0.0006239833333333333,0.00187195,3
2024-03-15 00:00:00+00:00,0.0001,0.00027987,0.00083961,3
2024-03-16 00:00:00+00:00,0.0001,0.00014634333333333333,0.00043903,3
2024-03-17 00:00:00+00:00,0.00016398,0.00012132666666666668,0.00036398,3
2024-03-18 00:00:00+00:00,0.0001,0.00011062333333333334,0.00033187,3
2024-03-19 00:00:00+00:00,0.0001,0.0001,0.00030000000000000003,3
2024-03-20 00:00:00+00:00,0.0001,0.0001,0.00030000000000000003,3
2024-03-21 00:00:00+00:00,0.0001,0.0001,0.00030000000000000003,3
2024-03-22 00:00:00+00:00,0.0001,0.0001,0.00030000000000000003,3
2024-03-23 00:00:00+00:00,0.00019807,0.00013269,0.00039807000000000004,3
2024-03-24 00:00:00+00:00,0.00014688,0.00014843666666666667,0.00044531,3
2024-03-25 00:00:00+00:00,0.00022978,0.00017237,0.00051711,3
2024-03-26 00:00:00+00:00,0.00044539,0.00039109666666666665,0.00117329,3
2024-03-27 00:00:00+00:00,0.00039483,0.0004539433333333334,0.00136183,3
2024-03-28 00:00:00+00:00,0.0004935,0.0004003666666666667,0.0012011,3
2024-03-29 00:00:00+00:00,0.000503,0.00048876,0.00146628,3
2024-03-30 00:00:00+00:00,0.00051306,0.00042381999999999994,0.0012714599999999999,3
2024-03-31 00:00:00+00:00,0.00069077,0.0005212133333333332,0.0015636399999999998,3
2024-04-01 00:00:00+00:00,0.00022223,0.00041108999999999997,0.0012332699999999999,3
2024-04-02 00:00:00+00:00,0.0001,0.00013022333333333332,0.00039066999999999997,3
2024-04-03 00:00:00+00:00,0.0001,0.0001,0.00030000000000000003,3
2024-04-04 00:00:00+00:00,0.0001,0.0001,0.00030000000000000003,3
2024-04-05 00:00:00+00:00,0.0001056,0.00012102,0.00036306,3
2024-04-06 00:00:00+00:00,0.0001,0.00011581333333333332,0.00034743999999999997,3
2024-04-07 00:00:00+00:00,0.00018427,0.00016382,0.00049146,3
2024-04-08 00:00:00+00:00,0.00029872,0.00021824666666666668,0.00065474,3
2024-04-09 00:00:00+00:00,0.00010996,0.00024683333333333333,0.0007405000000000001,3
2024-04-10 00:00:00+00:00,0.0001,0.00014201,0.00042603,3
2024-04-11 00:00:00+00:00,0.00013149,0.00012228,0.00036684,3
2024-04-12 00:00:00+00:00,0.00012719,0.00013470333333333334,0.00040411,3
2024-04-13 00:00:00+00:00,0.0001,0.0001,0.00030000000000000003,3
2024-04-14 00:00:00+00:00,0.0001,4.327333333333333e-05,0.00012982,3
2024-04-15 00:00:00+00:00,0.0001,0.0001,0.00030000000000000003,3
2024-04-16 00:00:00+00:00,0.0001,8.906333333333333e-05,0.00026719,3
2024-04-17 00:00:00+00:00,3.328e-05,5.509666666666667e-05,0.00016529,3
2024-04-18 00:00:00+00:00,4.284e-05,5.786e-05,0.00017358,3
2024-04-19 00:00:00+00:00,0.0001,7.484000000000001e-05,0.00022452000000000003,3
2024-04-20 00:00:00+00:00,7.69e-06,2.6513333333333332e-05,7.954e-05,3
2024-04-21 00:00:00+00:00,0.0001,0.0001,0.00030000000000000003,3
2024-04-22 00:00:00+00:00,5.652e-05,7.370666666666667e-05,0.00022112,3
2024-04-23 00:00:00+00:00,0.0001,0.0001,0.00030000000000000003,3
2024-04-24 00:00:00+00:00,8.511e-05,6.517e-05,0.00019551,3
2024-04-25 00:00:00+00:00,0.0001,4.466e-05,0.00013398000000000001,3
2024-04-26 00:00:00+00:00,3.29e-05,5.064333333333333e-05,0.00015193,3
2024-04-27 00:00:00+00:00,6.798e-05,6.572e-05,0.00019716,3
2024-04-28 00:00:00+00:00,0.0001,1.5740000000000002e-05,4.7220000000000005e-05,3
2024-04-29 00:00:00+00:00,0.0001,6.480666666666667e-05,0.00019442,3
2024-04-30 00:00:00+00:00,1.342e-05,4.405666666666667e-05,0.00013217,3
2024-05-01 00:00:00+00:00,8.615e-05,9.538333333333333e-05,0.00028615,3
2024-05-02 00:00:00+00:00,6.737e-05,6.178e-05,0.00018533999999999998,3
2024-05-03 00:00:00+00:00,5.68e-05,5.163e-05,0.00015489,3
2024-05-04 00:00:00+00:00,0.0001,9.771e-05,0.00029313,3
2024-05-05 00:00:00+00:00,0.0001,9.690666666666666e-05,0.00029072,3
2024-05-06 00:00:00+00:00,0.0001,0.0001,0.00030000000000000003,3
2024-05-07 00:00:00+00:00,0.0001,0.0001,0.00030000000000000003,3
2024-05-08 00:00:00+00:00,-5.227e-05,3.001666666666667e-05,9.005000000000001e-05,3
2024-05-09 00:00:00+00:00,0.0001,0.0001,0.00030000000000000003,3
2024-05-10 00:00:00+00:00,0.0001,0.0001,0.00030000000000000003,3
2024-05-11 00:00:00+00:00,3.236e-05,5.329e-05,0.00015987,3
2024-05-12 00:00:00+00:00,0.0001,8.082333333333333e-05,0.00024247,3
2024-05-13 00:00:00+00:00,7.172e-05,6.606333333333333e-05,0.00019819,3
2024-05-14 00:00:00+00:00,7.429e-05,6.656e-05,0.00019967999999999999,3
2024-05-15 00:00:00+00:00,1.93e-05,5.490333333333334e-05,0.00016471000000000001,3
2024-05-16 00:00:00+00:00,0.0001,0.0001,0.00030000000000000003,3
2024-05-17 00:00:00+00:00,0.0001,0.0001,0.00030000000000000003,3
2024-05-18 00:00:00+00:00,0.0001,0.0001,0.00030000000000000003,3
2024-05-19 00:00:00+00:00,0.0001,0.0001,0.00030000000000000003,3
2024-05-20 00:00:00+00:00,0.0001,0.0001,0.00030000000000000003,3
2024-05-21 00:00:00+00:00,0.0001,0.0001,0.00030000000000000003,3
2024-05-22 00:00:00+00:00,0.0001,0.00012594666666666666,0.00037784,3
2024-05-23 00:00:00+00:00,0.0001,0.00011620333333333333,0.00034861,3
2024-05-24 00:00:00+00:00,0.0001,0.0001,0.00030000000000000003,3
2024-05-25 00:00:00+00:00,0.0001,0.0001,0.00030000000000000003,3
2024-05-26 00:00:00+00:00,0.0001,0.0001,0.00030000000000000003,3
2024-05-27 00:00:00+00:00,0.00010687,0.00010229,0.00030687,3
2024-05-28 00:00:00+00:00,0.0001,0.00011733000000000002,0.00035199000000000005,3
2024-05-29 00:00:00+00:00,0.0001,0.0001,0.00030000000000000003,3
2024-05-30 00:00:00+00:00,0.0001,0.0001,0.00030000000000000003,3
2024-05-31 00:00:00+00:00,0.0001,0.0001,0.00030000000000000003,3
2024-06-01 00:00:00+00:00,0.0001,0.0001,0.00030000000000000003,3
2024-06-02 00:00:00+00:00,0.0001,0.0001,0.00030000000000000003,3
2024-06-03 00:00:00+00:00,0.0001,0.0001,0.00030000000000000003,3
2024-06-04 00:00:00+00:00,0.0001,0.00010807666666666667,0.00032423,3
2024-06-05 00:00:00+00:00,0.0001,0.00012593666666666666,0.00037781,3
2024-06-06 00:00:00+00:00,0.00018521,0.00014126,0.00042378,3
2024-06-07 00:00:00+00:00,0.00010961,0.00010320333333333333,0.00030961,3
2024-06-08 00:00:00+00:00,0.0001,0.0001,0.00030000000000000003,3
2024-06-09 00:00:00+00:00,0.0001,0.0001,0.00030000000000000003,3
2024-06-10 00:00:00+00:00,0.0001,0.0001,0.00030000000000000003,3
2024-06-11 00:00:00+00:00,0.0001,0.0001,0.00030000000000000003,3
2024-06-12 00:00:00+00:00,0.0001,0.0001,0.00030000000000000003,3
2024-06-13 00:00:00+00:00,0.0001,0.0001,0.00030000000000000003,3
2024-06-14 00:00:00+00:00,0.0001,0.0001,0.00030000000000000003,3
2024-06-15 00:00:00+00:00,0.0001,7.793666666666668e-05,0.00023381,3
2024-06-16 00:00:00+00:00,0.0001,6.656333333333334e-05,0.00019969,3
2024-06-17 00:00:00+00:00,0.0001,8.845333333333334e-05,0.00026536,3
2024-06-18 00:00:00+00:00,-5.895e-05,2.6006666666666666e-05,7.802e-05,3
2024-06-19 00:00:00+00:00,0.0001,2.6056666666666667e-05,7.817e-05,3
2024-06-20 00:00:00+00:00,0.0001,9.782999999999999e-05,0.00029349,3
2024-06-21 00:00:00+00:00,0.0001,6.048333333333333e-05,0.00018145,3
2024-06-22 00:00:00+00:00,1.025e-05,7.008333333333333e-05,0.00021025000000000001,3
2024-06-23 00:00:00+00:00,0.0001,0.0001,0.00030000000000000003,3
2024-06-24 00:00:00+00:00,0.0001,8.619666666666667e-05,0.00025859,3
2024-06-25 00:00:00+00:00,0.0001,0.0001,0.00030000000000000003,3
2024-06-26 00:00:00+00:00,0.0001,9.213333333333333e-05,0.0002764,3
2024-06-27 00:00:00+00:00,8.507e-05,9.068666666666666e-05,0.00027205999999999997,3
2024-06-28 00:00:00+00:00,0.0001,0.0001,0.00030000000000000003,3
2024-06-29 00:00:00+00:00,0.0001,0.0001,0.00030000000000000003,3
2024-06-30 00:00:00+00:00,0.0001,0.0001,0.00030000000000000003,3
2024-07-01 00:00:00+00:00,0.0001,7.242e-05,0.00021726,3
2024-07-02 00:00:00+00:00,0.0001,6.008333333333334e-05,0.00018025000000000002,3
2024-07-03 00:00:00+00:00,0.0001,9.44e-05,0.0002832,3
2024-07-04 00:00:00+00:00,5.157e-05,8.004333333333334e-05,0.00024013000000000002,3
2024-07-05 00:00:00+00:00,-3.773e-05,-5.792000000000001e-05,-0.00017376000000000002,3
2024-07-06 00:00:00+00:00,1.815e-05,6.719666666666667e-05,0.00020159,3
2024-07-07 00:00:00+00:00,3.85e-05,4.492333333333333e-05,0.00013476999999999999,3
2024-07-08 00:00:00+00:00,0.0001,8.465666666666667e-05,0.00025397,3
2024-07-09 00:00:00+00:00,7.478e-05,6.684666666666667e-05,0.00020054,3
2024-07-10 00:00:00+00:00,0.0001,0.0001,0.00030000000000000003,3
2024-07-11 00:00:00+00:00,-1.558e-05,2.2936666666666667e-05,6.881e-05,3
2024-07-12 00:00:00+00:00,-5.151e-05,-1.336666666666668e-06,-4.010000000000004e-06,3
2024-07-13 00:00:00+00:00,-2.717e-05,-1.226e-05,-3.678e-05,3
2024-07-14 00:00:00+00:00,7.511e-05,6.136000000000001e-05,0.00018408,3
2024-07-15 00:00:00+00:00,6.146e-05,8.337333333333334e-05,0.00025012,3
2024-07-16 00:00:00+00:00,0.0001,7.834666666666667e-05,0.00023504,3
2024-07-17 00:00:00+00:00,0.0001,7.894666666666667e-05,0.00023684000000000002,3
2024-07-18 00:00:00+00:00,8.093e-05,8.565333333333332e-05,0.00025696,3
2024-07-19 00:00:00+00:00,0.0001,8.165333333333333e-05,0.00024496,3
2024-07-20 00:00:00+00:00,-6.08e-06,6.464e-05,0.00019392000000000001,3
2024-07-21 00:00:00+00:00,0.0001,0.0001,0.00030000000000000003,3
2024-07-22 00:00:00+00:00,0.0001,4.0650000000000006e-05,0.00012195000000000001,3
2024-07-23 00:00:00+00:00,9.728e-05,5.2293333333333336e-05,0.00015688,3
2024-07-24 00:00:00+00:00,0.0001,7.492666666666666e-05,0.00022478,3
2024-07-25 00:00:00+00:00,9.32e-06,6.977333333333333e-05,0.00020932,3
2024-07-26 00:00:00+00:00,0.0001,5.644e-05,0.00016932,3
2024-07-27 00:00:00+00:00,0.0001,0.0001,0.00030000000000000003,3
2024-07-28 00:00:00+00:00,2.334e-05,7.444666666666667e-05,0.00022334,3
2024-07-29 00:00:00+00:00,0.0001,0.0001,0.00030000000000000003,3
2024-07-30 00:00:00+00:00,2.172e-05,3.361e-05,0.00010083,3
2024-07-31 00:00:00+00:00,5.533e-05,3.685666666666667e-05,0.00011057000000000001,3
2024-08-01 00:00:00+00:00,6.27e-05,-2.1579999999999993e-05,-6.473999999999998e-05,3
2024-08-02 00:00:00+00:00,-7.37e-06,5.101000000000001e-05,0.00015303000000000002,3
2024-08-03 00:00:00+00:00,3.339e-05,1.3383333333333333e-05,4.015e-05,3
2024-08-04 00:00:00+00:00,-6.25e-06,-1.255e-05,-3.765e-05,3
2024-08-05 00:00:00+00:00,1.004e-05,-4.984333333333333e-05,-0.00014952999999999999,3
2024-08-06 00:00:00+00:00,0.0001,8.089666666666666e-05,0.00024269,3
2024-08-07 00:00:00+00:00,0.0001,2.928e-05,8.784e-05,3
2024-08-08 00:00:00+00:00,7.82e-05,9.228666666666666e-05,0.00027686,3
2024-08-09 00:00:00+00:00,-3.029e-05,-2.6436666666666667e-05,-7.931e-05,3
2024-08-10 00:00:00+00:00,-3.616e-05,3.625000000000001e-05,0.00010875000000000001,3
2024-08-11 00:00:00+00:00,-6.662e-05,2.377666666666667e-05,7.133000000000001e-05,3
2024-08-12 00:00:00+00:00,5.385e-05,1.647e-05,4.941e-05,3
2024-08-13 00:00:00+00:00,4.926e-05,3.299999999999999e-06,9.899999999999997e-06,3
2024-08-14 00:00:00+00:00,7.194e-05,7.953333333333333e-05,0.0002386,3
2024-08-15 00:00:00+00:00,0.0001,5.357e-05,0.00016071,3
2024-08-16 00:00:00+00:00,-0.00010952,-5.9279999999999995e-05,-0.00017784,3
2024-08-17 00:00:00+00:00,9.134e-05,7.691000000000001e-05,0.00023073,3
2024-08-18 00:00:00+00:00,0.0001,9.276e-05,0.00027828,3
2024-08-19 00:00:00+00:00,9.73e-06,1.5473333333333333e-05,4.642e-05,3
2024-08-20 00:00:00+00:00,3.982e-05,5.346666666666667e-05,0.0001604,3
2024-08-21 00:00:00+00:00,3.789e-05,6.490000000000003e-06,1.947000000000001e-05,3
2024-08-22 00:00:00+00:00,0.0001,8.486666666666667e-05,0.0002546,3
2024-08-23 00:00:00+00:00,1.646e-05,3.42e-05,0.0001026,3
2024-08-24 00:00:00+00:00,0.0001,8.667000000000001e-05,0.00026001,3
2024-08-25 00:00:00+00:00,5.214e-05,6.369333333333334e-05,0.00019108,3
2024-08-26 00:00:00+00:00,9.549e-05,4.8156666666666666e-05,0.00014447,3
2024-08-27 00:00:00+00:00,0.0001,-1.8133333333333328e-05,-5.439999999999998e-05,3
2024-08-28 00:00:00+00:00,1.536e-05,-8.996666666666668e-06,-2.6990000000000004e-05,3
2024-08-29 00:00:00+00:00,8.678e-05,3.636666666666667e-05,0.00010910000000000001,3
2024-08-30 00:00:00+00:00,-7.02e-06,5.8150000000000004e-05,0.00017445,3
2024-08-31 00:00:00+00:00,3.384e-05,2.44e-05,7.32e-05,3
2024-09-01 00:00:00+00:00,4.087e-05,2.773333333333333e-05,8.319999999999999e-05,3
2024-09-02 00:00:00+00:00,-4.859e-05,-5.114e-05,-0.00015342,3
2024-09-03 00:00:00+00:00,-6.667e-05,-5.181666666666666e-05,-0.00015544999999999998,3
2024-09-04 00:00:00+00:00,3.928e-05,5.056333333333334e-05,0.00015169,3
2024-09-05 00:00:00+00:00,-7.469e-05,2.0836666666666667e-05,6.251e-05,3
2024-09-06 00:00:00+00:00,2.736e-05,7.578666666666668e-05,0.00022736000000000002,3
2024-09-07 00:00:00+00:00,0.0001,-1.0133333333333332e-05,-3.0399999999999994e-05,3
2024-09-08 00:00:00+00:00,-6.478e-05,-2.6013333333333334e-05,-7.804e-05,3
2024-09-09 00:00:00+00:00,8.084e-05,7.044666666666668e-05,0.00021134000000000002,3
2024-09-10 00:00:00+00:00,7.381e-05,9.127e-05,0.00027381,3
2024-09-11 00:00:00+00:00,7.539e-05,7.184e-05,0.00021552,3
2024-09-12 00:00:00+00:00,8.873e-05,8.434000000000001e-05,0.00025302,3
2024-09-13 00:00:00+00:00,0.0001,8.383666666666668e-05,0.00025151000000000004,3
2024-09-14 00:00:00+00:00,7.279e-05,-1.2020000000000002e-05,-3.6060000000000004e-05,3
2024-09-15 00:00:00+00:00,5.7e-05,5.5123333333333335e-05,0.00016537,3
2024-09-16 00:00:00+00:00,2.884e-05,-3.740666666666666e-05,-0.00011221999999999999,3
2024-09-17 00:00:00+00:00,6.67e-05,4.521e-05,0.00013563,3
2024-09-18 00:00:00+00:00,-3.014e-05,1.918e-05,5.754e-05,3
2024-09-19 00:00:00+00:00,0.0001,0.0001,0.00030000000000000003,3
2024-09-20 00:00:00+00:00,0.0001,0.0001,0.00030000000000000003,3
2024-09-21 00:00:00+00:00,0.0001,8.907666666666668e-05,0.00026723000000000003,3
2024-09-22 00:00:00+00:00,0.0001,8.138333333333334e-05,0.00024415,3
2024-09-23 00:00:00+00:00,0.0001,7.742e-05,0.00023226,3
2024-09-24 00:00:00+00:00,0.0001,0.0001,0.00030000000000000003,3
2024-09-25 00:00:00+00:00,0.0001,8.969e-05,0.00026907,3
2024-09-26 00:00:00+00:00,0.0001,0.0001,0.00030000000000000003,3
2024-09-27 00:00:00+00:00,5.762e-05,8.587333333333334e-05,0.00025762,3
2024-09-28 00:00:00+00:00,0.0001,0.0001,0.00030000000000000003,3
2024-09-29 00:00:00+00:00,0.0001,0.0001,0.00030000000000000003,3
2024-09-30 00:00:00+00:00,0.0001,0.0001,0.00030000000000000003,3
2024-10-01 00:00:00+00:00,-2.981e-05,1.4943333333333335e-05,4.483e-05,3
2024-10-02 00:00:00+00:00,7.197e-05,5.6160000000000004e-05,0.00016848,3
2024-10-03 00:00:00+00:00,-4.647e-05,-2.7043333333333336e-05,-8.113e-05,3
2024-10-04 00:00:00+00:00,7.848e-05,2.2153333333333327e-05,6.645999999999998e-05,3
2024-10-05 00:00:00+00:00,6.895e-05,7.537333333333333e-05,0.00022612,3
2024-10-06 00:00:00+00:00,8.697e-05,4.5169999999999996e-05,0.00013550999999999998,3
2024-10-07 00:00:00+00:00,4.162e-05,7.086e-05,0.00021258,3
2024-10-08 00:00:00+00:00,0.0001,4.766666666666683e-07,1.430000000000005e-06,3
2024-10-09 00:00:00+00:00,0.0001,8.912e-05,0.00026736,3
2024-10-10 00:00:00+00:00,5.633e-05,7.162333333333332e-05,0.00021486999999999998,3
2024-10-11 00:00:00+00:00,2.959e-05,5.6773333333333334e-05,0.00017032,3
2024-10-12 00:00:00+00:00,0.0001,0.0001,0.00030000000000000003,3
2024-10-13 00:00:00+00:00,0.0001,0.0001,0.00030000000000000003,3
2024-10-14 00:00:00+00:00,0.0001,9.39e-05,0.0002817,3
2024-10-15 00:00:00+00:00,0.0001,0.0001,0.00030000000000000003,3
2024-10-16 00:00:00+00:00,0.0001,0.0001,0.00030000000000000003,3
2024-10-17 00:00:00+00:00,0.0001,0.0001,0.00030000000000000003,3
2024-10-18 00:00:00+00:00,0.0001,0.0001,0.00030000000000000003,3
2024-10-19 00:00:00+00:00,0.0001,0.0001,0.00030000000000000003,3
2024-10-20 00:00:00+00:00,0.0001,0.0001,0.00030000000000000003,3
2024-10-21 00:00:00+00:00,0.0001,0.0001,0.00030000000000000003,3
2024-10-22 00:00:00+00:00,0.0001,0.0001,0.00030000000000000003,3
2024-10-23 00:00:00+00:00,0.0001,0.0001,0.00030000000000000003,3
2024-10-24 00:00:00+00:00,0.0001,0.0001,0.00030000000000000003,3
2024-10-25 00:00:00+00:00,0.0001,0.0001,0.00030000000000000003,3
2024-10-26 00:00:00+00:00,0.0001,5.3916666666666665e-05,0.00016175,3
2024-10-27 00:00:00+00:00,0.0001,0.0001,0.00030000000000000003,3
2024-10-28 00:00:00+00:00,-3.64e-05,-1.6043333333333333e-05,-4.8129999999999995e-05,3
2024-10-29 00:00:00+00:00,0.0001,0.0001,0.00030000000000000003,3
2024-10-30 00:00:00+00:00,0.0001,0.0001,0.00030000000000000003,3
2024-10-31 00:00:00+00:00,0.0001,0.0001,0.00030000000000000003,3
2024-11-01 00:00:00+00:00,0.0001,0.0001,0.00030000000000000003,3
2024-11-02 00:00:00+00:00,0.0001,0.0001,0.00030000000000000003,3
2024-11-03 00:00:00+00:00,-4.26e-05,1.9800000000000026e-06,5.9400000000000075e-06,3
2024-11-04 00:00:00+00:00,0.0001,3.236666666666671e-06,9.710000000000014e-06,3
2024-11-05 00:00:00+00:00,0.0001,4.701333333333334e-05,0.00014104000000000002,3
2024-11-06 00:00:00+00:00,0.0001,0.0001,0.00030000000000000003,3
2024-11-07 00:00:00+00:00,0.0001,0.0001,0.00030000000000000003,3
2024-11-08 00:00:00+00:00,0.0001,0.0001,0.00030000000000000003,3
2024-11-09 00:00:00+00:00,0.0001,0.0001,0.00030000000000000003,3
2024-11-10 00:00:00+00:00,0.00029591,0.00019892999999999997,0.0005967899999999999,3
2024-11-11 00:00:00+00:00,0.0001,0.00013573,0.00040719,3
2024-11-12 00:00:00+00:00,0.00046743,0.00039156,0.00117468,3
2024-11-13 00:00:00+00:00,0.0001,0.00014003666666666668,0.00042011,3
2024-11-14 00:00:00+00:00,0.0001,0.0001,0.00030000000000000003,3
2024-11-15 00:00:00+00:00,0.0001,0.0001,0.00030000000000000003,3
2024-11-16 00:00:00+00:00,0.0001,0.0001,0.00030000000000000003,3
2024-11-17 00:00:00+00:00,0.00023824,0.00021347333333333334,0.00064042,3
2024-11-18 00:00:00+00:00,0.00013682,0.00020233666666666665,0.00060701,3
2024-11-19 00:00:00+00:00,0.0002214,0.00026084999999999997,0.0007825499999999999,3
2024-11-20 00:00:00+00:00,0.0001,0.00011534666666666668,0.00034604000000000004,3
2024-11-21 00:00:00+00:00,0.0001,0.0001,0.00030000000000000003,3
2024-11-22 00:00:00+00:00,0.00017796,0.0002743766666666667,0.00082313,3
2024-11-23 00:00:00+00:00,0.00057837,0.00046063000000000007,0.0013818900000000002,3
2024-11-24 00:00:00+00:00,0.00040175,0.00030795333333333334,0.00092386,3
2024-11-25 00:00:00+00:00,0.00023471,0.00018055666666666665,0.00054167,3
2024-11-26 00:00:00+00:00,0.0001,0.00014129,0.00042387,3
2024-11-27 00:00:00+00:00,0.0001,0.00012333666666666665,0.00037001,3
2024-11-28 00:00:00+00:00,0.0003389,0.0003566733333333334,0.00107002,3
2024-11-29 00:00:00+00:00,0.00032068,0.00040420666666666664,0.00121262,3
2024-11-30 00:00:00+00:00,0.0002836,0.00031806,0.00095418,3
2024-12-01 00:00:00+00:00,0.00042772,0.0003051033333333333,0.0009153099999999999,3
2024-12-02 00:00:00+00:00,0.00015633,0.0004365033333333333,0.0013095099999999998,3
2024-12-03 00:00:00+00:00,0.00023497,0.0003738533333333333,0.00112156,3
2024-12-04 00:00:00+00:00,0.00055901,0.00041419666666666667,0.00124259,3
2024-12-05 00:00:00+00:00,0.00089539,0.0007905299999999999,0.00237159,3
2024-12-06 00:00:00+00:00,0.00029592,0.00047744333333333335,0.00143233,3
2024-12-07 00:00:00+00:00,0.00061696,0.00059352,0.00178056,3
2024-12-08 00:00:00+00:00,0.00043023,0.00047938,0.00143814,3
2024-12-09 00:00:00+00:00,0.00015718,0.0003352633333333333,0.00100579,3
2024-12-10 00:00:00+00:00,0.0001,0.0001,0.00030000000000000003,3
2024-12-11 00:00:00+00:00,0.0001,0.0001,0.00030000000000000003,3
2024-12-12 00:00:00+00:00,0.0001,0.0001,0.00030000000000000003,3
2024-12-13 00:00:00+00:00,0.0001,0.0001,0.00030000000000000003,3
2024-12-14 00:00:00+00:00,0.0001,0.0001,0.00030000000000000003,3
2024-12-15 00:00:00+00:00,0.0001,0.0001,0.00030000000000000003,3
2024-12-16 00:00:00+00:00,0.0001,0.0001,0.00030000000000000003,3
2024-12-17 00:00:00+00:00,0.0001,0.0001,0.00030000000000000003,3
2024-12-18 00:00:00+00:00,0.0001,0.0001,0.00030000000000000003,3
2024-12-19 00:00:00+00:00,0.0001,9.854666666666667e-05,0.00029564,3
2024-12-20 00:00:00+00:00,1.619e-05,-2.439999999999999e-06,-7.319999999999998e-06,3
2024-12-21 00:00:00+00:00,0.0001,7.626333333333333e-05,0.00022879,3
2024-12-22 00:00:00+00:00,0.0001,0.0001,0.00030000000000000003,3
2024-12-23 00:00:00+00:00,0.0001,8.434000000000001e-05,0.00025302,3
2024-12-24 00:00:00+00:00,0.0001,0.0001,0.00030000000000000003,3
2024-12-25 00:00:00+00:00,0.0001,0.0001,0.00030000000000000003,3
2024-12-26 00:00:00+00:00,-7.276e-05,4.2413333333333336e-05,0.00012724,3
2024-12-27 00:00:00+00:00,0.0001,8.007e-05,0.00024021,3
2024-12-28 00:00:00+00:00,0.0001,0.0001,0.00030000000000000003,3
2024-12-29 00:00:00+00:00,0.0001,0.0001,0.00030000000000000003,3
2024-12-30 00:00:00+00:00,2.385e-05,-1.574e-05,-4.721999999999999e-05,3
2024-12-31 00:00:00+00:00,0.0001,6.526333333333334e-05,0.00019579,3
2025-01-01 00:00:00+00:00,0.0001,7.965e-05,0.00023895,3
2025-01-02 00:00:00+00:00,0.0001,0.0001,0.00030000000000000003,3
2025-01-03 00:00:00+00:00,0.0001,0.0001,0.00030000000000000003,3
2025-01-04 00:00:00+00:00,0.0001,0.0001,0.00030000000000000003,3
2025-01-05 00:00:00+00:00,0.0001,0.0001,0.00030000000000000003,3
2025-01-06 00:00:00+00:00,0.0001,0.0001,0.00030000000000000003,3
2025-01-07 00:00:00+00:00,0.0001,0.0001,0.00030000000000000003,3
2025-01-08 00:00:00+00:00,0.0001,0.0001,0.00030000000000000003,3
2025-01-09 00:00:00+00:00,7.974e-05,9.023e-05,0.00027068999999999997,3
2025-01-10 00:00:00+00:00,6.587e-05,3.390333333333333e-05,0.00010171,3
2025-01-11 00:00:00+00:00,4.98e-05,3.11e-05,9.329999999999999e-05,3
2025-01-12 00:00:00+00:00,0.0001,8.344e-05,0.00025032,3
2025-01-13 00:00:00+00:00,2.438e-05,6.918999999999999e-05,0.00020757,3
2025-01-14 00:00:00+00:00,6.729e-05,1.9790000000000002e-05,5.937e-05,3
2025-01-15 00:00:00+00:00,0.0001,0.0001,0.00030000000000000003,3
2025-01-16 00:00:00+00:00,0.0001,0.0001,0.00030000000000000003,3
2025-01-17 00:00:00+00:00,0.0001,0.0001,0.00030000000000000003,3
2025-01-18 00:00:00+00:00,0.0001,0.0001,0.00030000000000000003,3
2025-01-19 00:00:00+00:00,0.0001,0.0001,0.00030000000000000003,3
2025-01-20 00:00:00+00:00,0.0001,0.0001,0.00030000000000000003,3
2025-01-21 00:00:00+00:00,0.0001,0.0001,0.00030000000000000003,3
2025-01-22 00:00:00+00:00,0.0001,0.0001,0.00030000000000000003,3
2025-01-23 00:00:00+00:00,0.0001,0.0001,0.00030000000000000003,3
2025-01-24 00:00:00+00:00,0.0001,0.0001,0.00030000000000000003,3
2025-01-25 00:00:00+00:00,0.0001,0.0001,0.00030000000000000003,3
2025-01-26 00:00:00+00:00,0.0001,0.0001,0.00030000000000000003,3
2025-01-27 00:00:00+00:00,-4.435e-05,3.452e-05,0.00010356,3
2025-01-28 00:00:00+00:00,0.0001,6.525666666666667e-05,0.00019577,3
2025-01-29 00:00:00+00:00,0.0001,8.933666666666667e-05,0.00026801,3
2025-01-30 00:00:00+00:00,0.0001,9.784666666666667e-05,0.00029354,3
2025-01-31 00:00:00+00:00,0.0001,6.482666666666667e-05,0.00019448000000000002,3
2025-02-01 00:00:00+00:00,0.0001,0.0001,0.00030000000000000003,3
2025-02-02 00:00:00+00:00,7.337e-05,3.3346666666666664e-05,0.00010004,3
2025-02-03 00:00:00+00:00,-0.00010608,-0.00017989999999999998,-0.0005396999999999999,3
2025-02-04 00:00:00+00:00,-0.0001274,-1.949666666666667e-05,-5.8490000000000004e-05,3
2025-02-05 00:00:00+00:00,-1e-08,-3.833333333333333e-06,-1.1499999999999998e-05,3
2025-02-06 00:00:00+00:00,3.553e-05,4.363666666666667e-05,0.00013091,3
2025-02-07 00:00:00+00:00,0.0001,2.4953333333333337e-05,7.486000000000001e-05,3
2025-02-08 00:00:00+00:00,-0.00011917,-5.293e-05,-0.00015879000000000002,3
2025-02-09 00:00:00+00:00,-9.56e-06,2.3963333333333335e-05,7.189e-05,3
2025-02-10 00:00:00+00:00,0.0001,3.628666666666667e-05,0.00010886000000000001,3
2025-02-11 00:00:00+00:00,9.537e-05,7.482e-05,0.00022446,3
2025-02-12 00:00:00+00:00,5.701e-05,5.371e-05,0.00016113,3
2025-02-13 00:00:00+00:00,3.779e-05,7.926333333333334e-05,0.00023779,3
2025-02-14 00:00:00+00:00,-5.777e-05,1.0386666666666668e-05,3.1160000000000007e-05,3
2025-02-15 00:00:00+00:00,5.223e-05,1.8936666666666668e-05,5.681e-05,3
2025-02-16 00:00:00+00:00,-4.05e-05,-1.7330000000000002e-05,-5.199000000000001e-05,3
2025-02-17 00:00:00+00:00,0.0001,3.061333333333334e-05,9.184000000000002e-05,3
2025-02-18 00:00:00+00:00,3.629e-05,5.1590000000000006e-05,0.00015477,3
2025-02-19 00:00:00+00:00,9.03e-05,9.666666666666667e-06,2.9e-05,3
2025-02-20 00:00:00+00:00,9.214e-05,8.529666666666666e-05,0.00025589,3
2025-02-21 00:00:00+00:00,8.262e-05,9.420666666666668e-05,0.00028262000000000003,3
2025-02-22 00:00:00+00:00,0.0001,0.00021220333333333335,0.00063661,3
2025-02-23 00:00:00+00:00,0.0001,0.0001,0.00030000000000000003,3
2025-02-24 00:00:00+00:00,0.0001,0.0001,0.00030000000000000003,3
2025-02-25 00:00:00+00:00,0.0001,0.0001,0.00030000000000000003,3
2025-02-26 00:00:00+00:00,0.0001,0.0001,0.00030000000000000003,3
2025-02-27 00:00:00+00:00,0.0001,9.437666666666667e-05,0.00028313000000000004,3
2025-02-28 00:00:00+00:00,-3.088e-05,5.637333333333334e-05,0.00016912,3
2025-03-01 00:00:00+00:00,0.0001,0.0001,0.00030000000000000003,3
2025-03-02 00:00:00+00:00,4.088e-05,8.029333333333333e-05,0.00024088,3
2025-03-03 00:00:00+00:00,0.0001,0.0001,0.00030000000000000003,3
2025-03-04 00:00:00+00:00,-0.00027262,-0.00018872666666666662,-0.0005661799999999999,3
2025-03-05 00:00:00+00:00,2.816e-05,4.516666666666667e-06,1.355e-05,3
2025-03-06 00:00:00+00:00,-0.0001135,-4.408333333333333e-05,-0.00013225,3
2025-03-07 00:00:00+00:00,-0.0002148,-0.00018733666666666664,-0.0005620099999999999,3
2025-03-08 00:00:00+00:00,-9.807e-05,-7.819666666666668e-05,-0.00023459000000000002,3
2025-03-09 00:00:00+00:00,5.785e-05,-1.3020000000000002e-05,-3.906000000000001e-05,3
2025-03-10 00:00:00+00:00,4.723e-05,-1.3896666666666665e-05,-4.1689999999999996e-05,3
2025-03-11 00:00:00+00:00,7.719e-05,-3.6333333333333313e-06,-1.0899999999999994e-05,3
2025-03-12 00:00:00+00:00,-9.909e-05,-0.00011321000000000002,-0.00033963000000000005,3
2025-03-13 00:00:00+00:00,-0.00010022,-0.00010046000000000001,-0.00030138,3
2025-03-14 00:00:00+00:00,6.827e-05,-1.285e-05,-3.855e-05,3
2025-03-15 00:00:00+00:00,7.622e-05,9.207333333333333e-05,0.00027622,3
2025-03-16 00:00:00+00:00,-9.34e-05,1.8800000000000023e-06,5.640000000000007e-06,3
2025-03-17 00:00:00+00:00,6.364e-05,-2.440000000000006e-06,-7.320000000000018e-06,3
2025-03-18 00:00:00+00:00,-9.406e-05,-7.969e-05,-0.00023907,3
2025-03-19 00:00:00+00:00,9.384e-05,-8.42333333333334e-06,-2.527000000000002e-05,3
2025-03-20 00:00:00+00:00,0.0001,7.944666666666668e-05,0.00023834000000000003,3
2025-03-21 00:00:00+00:00,-8.142e-05,-8.055666666666667e-05,-0.00024167,3
2025-03-22 00:00:00+00:00,-5.065e-05,-3.4636666666666667e-05,-0.00010391,3
2025-03-23 00:00:00+00:00,1.781e-05,2.951666666666667e-05,8.855000000000001e-05,3
2025-03-24 00:00:00+00:00,0.0001,6.344666666666667e-05,0.00019034,3
2025-03-25 00:00:00+00:00,4.82e-06,6.827333333333334e-05,0.00020482,3
2025-03-26 00:00:00+00:00,8.543e-05,-3.2866666666666634e-06,-9.85999999999999e-06,3
2025-03-27 00:00:00+00:00,-9.15e-06,1.571e-05,4.713e-05,3
2025-03-28 00:00:00+00:00,-0.00015945,-6.362e-05,-0.00019086,3
2025-03-29 00:00:00+00:00,-0.0001848,-0.00015845333333333332,-0.00047536,3
2025-03-30 00:00:00+00:00,-7.428e-05,-0.00013674666666666665,-0.00041024,3
2025-03-31 00:00:00+00:00,-0.0002338,-0.00014152333333333333,-0.00042457,3
2025-04-01 00:00:00+00:00,4.68e-06,-7.545666666666667e-05,-0.00022637000000000002,3
2025-04-02 00:00:00+00:00,8.098e-05,9.366000000000001e-05,0.00028098,3
2025-04-03 00:00:00+00:00,-0.00015607,-5.144e-05,-0.00015432,3
2025-04-04 00:00:00+00:00,-2.737e-05,-5.142e-05,-0.00015426,3
2025-04-05 00:00:00+00:00,1.685e-05,5.678666666666667e-05,0.00017036000000000002,3
2025-04-06 00:00:00+00:00,3.648e-05,7.241333333333333e-05,0.00021724,3
2025-04-07 00:00:00+00:00,-9.092e-05,-5.419e-05,-0.00016257,3
2025-04-08 00:00:00+00:00,3.7e-07,-5.3979999999999995e-05,-0.00016193999999999998,3
2025-04-09 00:00:00+00:00,2.391e-05,-4.7266666666666674e-06,-1.4180000000000003e-05,3
2025-04-10 00:00:00+00:00,-6.08e-06,5.0190000000000006e-05,0.00015057000000000002,3
2025-04-11 00:00:00+00:00,2.691e-05,2.3433333333333335e-05,7.03e-05,3
2025-04-12 00:00:00+00:00,0.0001,7.762666666666667e-05,0.00023288,3
2025-04-13 00:00:00+00:00,-1.546e-05,-1.304333333333333e-05,-3.9129999999999986e-05,3
2025-04-14 00:00:00+00:00,5.336e-05,1.9303333333333332e-05,5.790999999999999e-05,3
2025-04-15 00:00:00+00:00,-8.61e-05,3.6800000000000008e-06,1.1040000000000003e-05,3
2025-04-16 00:00:00+00:00,-5.391e-05,-5.1246666666666665e-05,-0.00015374,3
2025-04-17 00:00:00+00:00,0.0001,5.968333333333334e-05,0.00017905000000000002,3
2025-04-18 00:00:00+00:00,1.994e-05,3.541666666666667e-05,0.00010625000000000001,3
2025-04-19 00:00:00+00:00,0.0001,0.0001,0.00030000000000000003,3
2025-04-20 00:00:00+00:00,-7.316e-05,3.762e-05,0.00011286000000000001,3
2025-04-21 00:00:00+00:00,0.0001,7.837333333333334e-05,0.00023512,3
2025-04-22 00:00:00+00:00,0.0001,7.773666666666667e-05,0.00023321,3
2025-04-23 00:00:00+00:00,0.0001,0.0001,0.00030000000000000003,3
2025-04-24 00:00:00+00:00,0.0001,8.402666666666667e-05,0.00025208,3
2025-04-25 00:00:00+00:00,-7.03e-06,6.432333333333333e-05,0.00019297000000000002,3
2025-04-26 00:00:00+00:00,1.25e-06,5.666333333333333e-05,0.00016999,3
2025-04-27 00:00:00+00:00,5.095e-05,7.233333333333333e-05,0.000217,3
2025-04-28 00:00:00+00:00,9.04e-05,9.680000000000001e-05,0.0002904,3
2025-04-29 00:00:00+00:00,9.967e-05,5.0423333333333336e-05,0.00015127,3
2025-04-30 00:00:00+00:00,-8.405e-05,-2.680333333333333e-05,-8.041e-05,3
2025-05-01 00:00:00+00:00,9.547e-05,-6.459999999999998e-06,-1.9379999999999994e-05,3
2025-05-02 00:00:00+00:00,0.0001,0.0001,0.00030000000000000003,3
2025-05-03 00:00:00+00:00,0.0001,5.394666666666667e-05,0.00016184,3
2025-05-04 00:00:00+00:00,-8.531e-05,-3.9733333333333335e-05,-0.0001192,3
2025-05-05 00:00:00+00:00,-0.00010652,-3.462333333333334e-05,-0.00010387,3
2025-05-06 00:00:00+00:00,4.108e-05,-6.6500000000000016e-06,-1.9950000000000004e-05,3
2025-05-07 00:00:00+00:00,4.083e-05,3.383e-05,0.00010149,3
2025-05-08 00:00:00+00:00,0.0001,9.534333333333333e-05,0.00028603,3
2025-05-09 00:00:00+00:00,0.0001,0.0001,0.00030000000000000003,3
2025-05-10 00:00:00+00:00,0.0001,0.0001,0.00030000000000000003,3
2025-05-11 00:00:00+00:00,0.0001,0.0001,0.00030000000000000003,3
2025-05-12 00:00:00+00:00,0.0001,0.0001,0.00030000000000000003,3
2025-05-13 00:00:00+00:00,0.0001,0.0001,0.00030000000000000003,3
2025-05-14 00:00:00+00:00,0.0001,0.0001,0.00030000000000000003,3
2025-05-15 00:00:00+00:00,2.971e-05,7.084666666666666e-05,0.00021254,3
2025-05-16 00:00:00+00:00,0.0001,9.932333333333333e-05,0.00029797,3
2025-05-17 00:00:00+00:00,5.163e-05,7.125333333333334e-05,0.00021376,3
2025-05-18 00:00:00+00:00,0.0001,8.251999999999999e-05,0.00024755999999999997,3
2025-05-19 00:00:00+00:00,5.537e-05,-4.499999999999998e-06,-1.3499999999999996e-05,3
2025-05-20 00:00:00+00:00,4.18e-06,6.806000000000001e-05,0.00020418000000000001,3
2025-05-21 00:00:00+00:00,0.0001,8.707666666666666e-05,0.00026123,3
2025-05-22 00:00:00+00:00,0.0001,0.0001,0.00030000000000000003,3
2025-05-23 00:00:00+00:00,0.0001,0.0001,0.00030000000000000003,3
2025-05-24 00:00:00+00:00,0.0001,0.0001,0.00030000000000000003,3
2025-05-25 00:00:00+00:00,0.0001,7.919333333333333e-05,0.00023758,3
2025-05-26 00:00:00+00:00,0.0001,8.724333333333334e-05,0.00026173,3
2025-05-27 00:00:00+00:00,0.0001,6.301666666666668e-05,0.00018905000000000001,3
2025-05-28 00:00:00+00:00,6.222e-05,3.291333333333333e-05,9.873999999999999e-05,3
2025-05-29 00:00:00+00:00,0.0001,6.373333333333334e-05,0.0001912,3
2025-05-30 00:00:00+00:00,6.745e-05,2.8833333333333334e-05,8.65e-05,3
2025-05-31 00:00:00+00:00,-8.186e-05,-6.644666666666666e-05,-0.00019934,3
2025-06-01 00:00:00+00:00,3.3e-06,1.6683333333333333e-05,5.005e-05,3
2025-06-02 00:00:00+00:00,0.0001,7.864e-05,0.00023592,3
2025-06-03 00:00:00+00:00,0.0001,6.879333333333334e-05,0.00020638,3
2025-06-04 00:00:00+00:00,-4.67e-06,1.5563333333333334e-05,4.669e-05,3
2025-06-05 00:00:00+00:00,6.63e-05,6.541e-05,0.00019622999999999998,3
2025-06-06 00:00:00+00:00,1.988e-05,-5.174333333333333e-05,-0.00015523,3
2025-06-07 00:00:00+00:00,6.12e-05,6.329e-05,0.00018987,3
2025-06-08 00:00:00+00:00,5.052e-05,8.350666666666666e-05,0.00025052,3
2025-06-09 00:00:00+00:00,0.0001,6.113e-05,0.00018339000000000002,3
2025-06-10 00:00:00+00:00,0.0001,8.862000000000002e-05,0.00026586000000000003,3
2025-06-11 00:00:00+00:00,0.0001,0.0001,0.00030000000000000003,3
2025-06-12 00:00:00+00:00,7.141e-05,8.76e-05,0.0002628,3
2025-06-13 00:00:00+00:00,2.66e-06,-6.887e-05,-0.00020660999999999998,3
2025-06-14 00:00:00+00:00,-8.09e-06,3.837e-05,0.00011511,3
2025-06-15 00:00:00+00:00,3.087e-05,1.7056666666666665e-05,5.117e-05,3
2025-06-16 00:00:00+00:00,0.0001,7.630666666666668e-05,0.00022892000000000002,3
2025-06-17 00:00:00+00:00,4.69e-06,6.823e-05,0.00020469000000000002,3
2025-06-18 00:00:00+00:00,2.964e-05,4.0180000000000005e-05,0.00012054000000000001,3
2025-06-19 00:00:00+00:00,3.411e-05,6.282e-05,0.00018846,3
2025-06-20 00:00:00+00:00,2.03e-06,6.511e-05,0.00019533000000000002,3
2025-06-21 00:00:00+00:00,7.061e-05,6.430333333333333e-05,0.00019291,3
2025-06-22 00:00:00+00:00,-2.051e-05,1.4206666666666667e-05,4.262e-05,3
2025-06-23 00:00:00+00:00,-9.24e-06,-2.7403333333333332e-05,-8.221e-05,3
2025-06-24 00:00:00+00:00,1.513e-05,1.898e-05,5.694e-05,3
2025-06-25 00:00:00+00:00,9.35e-05,7.176666666666667e-05,0.0002153,3
2025-06-26 00:00:00+00:00,9.504e-05,6.615333333333334e-05,0.00019846000000000002,3
2025-06-27 00:00:00+00:00,-1.81e-06,2.5943333333333336e-05,7.783e-05,3
2025-06-28 00:00:00+00:00,-5.139e-05,-1.987e-05,-5.961e-05,3
2025-06-29 00:00:00+00:00,7.926e-05,9.301666666666666e-05,0.00027905,3
2025-06-30 00:00:00+00:00,1.84e-06,3.733e-05,0.00011198999999999999,3
2025-07-01 00:00:00+00:00,-9.888e-05,-1.2016666666666665e-05,-3.6049999999999995e-05,3
2025-07-02 00:00:00+00:00,7.797e-05,-4.529e-05,-0.00013587,3
2025-07-03 00:00:00+00:00,7.044e-05,9.014666666666667e-05,0.00027044,3
2025-07-04 00:00:00+00:00,2.199e-05,3.2516666666666666e-05,9.755e-05,3
2025-07-05 00:00:00+00:00,3.033e-05,-1.1479999999999997e-05,-3.443999999999999e-05,3
2025-07-06 00:00:00+00:00,0.0001,1.635666666666667e-05,4.907e-05,3
2025-07-07 00:00:00+00:00,4.787e-05,7.285666666666668e-05,0.00021857000000000002,3
2025-07-08 00:00:00+00:00,3.365e-05,3.688e-05,0.00011064,3
2025-07-09 00:00:00+00:00,7.128e-05,6.0419999999999994e-05,0.00018125999999999998,3
2025-07-10 00:00:00+00:00,5.736e-05,8.578666666666666e-05,0.00025736,3
2025-07-11 00:00:00+00:00,0.0001,0.0001,0.00030000000000000003,3
2025-07-12 00:00:00+00:00,0.0001,0.0001,0.00030000000000000003,3
2025-07-13 00:00:00+00:00,0.0001,0.0001,0.00030000000000000003,3
2025-07-14 00:00:00+00:00,0.0001,0.0001,0.00030000000000000003,3
2025-07-15 00:00:00+00:00,0.0001,0.0001,0.00030000000000000003,3
2025-07-16 00:00:00+00:00,0.0001,0.0001,0.00030000000000000003,3
2025-07-17 00:00:00+00:00,0.0001,0.0001,0.00030000000000000003,3
2025-07-18 00:00:00+00:00,0.0001,0.0001,0.00030000000000000003,3
2025-07-19 00:00:00+00:00,0.0001,0.0001,0.00030000000000000003,3
2025-07-20 00:00:00+00:00,0.0001,0.0001,0.00030000000000000003,3
2025-07-21 00:00:00+00:00,0.00023367,0.00014455666666666667,0.00043367000000000004,3
2025-07-22 00:00:00+00:00,0.0001,0.0001,0.00030000000000000003,3
2025-07-23 00:00:00+00:00,0.0001,0.0001,0.00030000000000000003,3
2025-07-24 00:00:00+00:00,0.0001,0.0001,0.00030000000000000003,3
2025-07-25 00:00:00+00:00,0.0001,0.0001,0.00030000000000000003,3
2025-07-26 00:00:00+00:00,0.0001,0.0001,0.00030000000000000003,3
2025-07-27 00:00:00+00:00,0.0001,0.0001,0.00030000000000000003,3
2025-07-28 00:00:00+00:00,0.0001,0.0001,0.00030000000000000003,3
2025-07-29 00:00:00+00:00,0.0001,0.0001,0.00030000000000000003,3
2025-07-30 00:00:00+00:00,0.0001,0.0001,0.00030000000000000003,3
2025-07-31 00:00:00+00:00,0.0001,0.0001,0.00030000000000000003,3
2025-08-01 00:00:00+00:00,7.614e-05,5.0203333333333334e-05,0.00015061,3
2025-08-02 00:00:00+00:00,-1.159e-05,3.755e-05,0.00011265,3
2025-08-03 00:00:00+00:00,-3.37e-05,-5.680000000000002e-06,-1.7040000000000006e-05,3
2025-08-04 00:00:00+00:00,-5.26e-06,5.576e-05,0.00016728,3
2025-08-05 00:00:00+00:00,9.5e-05,6.943333333333333e-05,0.0002083,3
2025-08-06 00:00:00+00:00,5.931e-05,3.6903333333333336e-05,0.00011071,3
2025-08-07 00:00:00+00:00,0.0001,8.982333333333333e-05,0.00026947,3
2025-08-08 00:00:00+00:00,0.0001,0.0001,0.00030000000000000003,3
2025-08-09 00:00:00+00:00,0.0001,0.0001,0.00030000000000000003,3
2025-08-10 00:00:00+00:00,0.0001,0.0001,0.00030000000000000003,3
2025-08-11 00:00:00+00:00,-5.286e-05,4.9046666666666666e-05,0.00014714,3
2025-08-12 00:00:00+00:00,-1.466e-05,1.9250000000000004e-05,5.775000000000001e-05,3
2025-08-13 00:00:00+00:00,0.0001,0.0001,0.00030000000000000003,3
2025-08-14 00:00:00+00:00,0.0001,0.0001,0.00030000000000000003,3
2025-08-15 00:00:00+00:00,0.0001,0.0001,0.00030000000000000003,3
2025-08-16 00:00:00+00:00,-7.61e-06,6.413000000000001e-05,0.00019239000000000002,3
2025-08-17 00:00:00+00:00,0.0001,7.836333333333333e-05,0.00023509,3
2025-08-18 00:00:00+00:00,-7.73e-06,3.083e-05,9.249e-05,3
2025-08-19 00:00:00+00:00,-1.473e-05,6.0870000000000005e-05,0.00018261000000000002,3
2025-08-20 00:00:00+00:00,0.0001,-7.926666666666665e-06,-2.3779999999999993e-05,3
2025-08-21 00:00:00+00:00,4.6e-05,3.829666666666667e-05,0.00011489,3
2025-08-22 00:00:00+00:00,1.06e-06,3.362666666666667e-05,0.00010088,3
2025-08-23 00:00:00+00:00,0.0001,0.0001,0.00030000000000000003,3
2025-08-24 00:00:00+00:00,0.0001,0.0001,0.00030000000000000003,3
2025-08-25 00:00:00+00:00,-4.304e-05,4.910666666666666e-05,0.00014732,3
2025-08-26 00:00:00+00:00,1.426e-05,-5.2436666666666665e-05,-0.00015731,3
2025-08-27 00:00:00+00:00,6.906e-05,8.968666666666666e-05,0.00026906,3
2025-08-28 00:00:00+00:00,9.696e-05,6.417666666666667e-05,0.00019253,3
2025-08-29 00:00:00+00:00,2.565e-05,5.006333333333333e-05,0.00015019,3
2025-08-30 00:00:00+00:00,-4.229e-05,3.355e-05,0.00010065000000000001,3
2025-08-31 00:00:00+00:00,2.183e-05,4.093e-05,0.00012279,3
2025-09-01 00:00:00+00:00,0.0001,6.580333333333334e-05,0.00019741000000000002,3
2025-09-02 00:00:00+00:00,0.0001,4.454333333333334e-05,0.00013363,3
2025-09-03 00:00:00+00:00,6.497e-05,5.137999999999999e-05,0.00015413999999999998,3
2025-09-04 00:00:00+00:00,1.49e-05,7.163333333333334e-05,0.00021490000000000002,3
2025-09-05 00:00:00+00:00,0.0001,7.07e-05,0.0002121,3
2025-09-06 00:00:00+00:00,4.159e-05,4.9476666666666674e-05,0.00014843000000000001,3
2025-09-07 00:00:00+00:00,6.804e-05,6.761333333333334e-05,0.00020284000000000003,3
2025-09-08 00:00:00+00:00,0.0001,0.0001,0.00030000000000000003,3
2025-09-09 00:00:00+00:00,0.0001,0.0001,0.00030000000000000003,3
2025-09-10 00:00:00+00:00,0.0001,0.0001,0.00030000000000000003,3
2025-09-11 00:00:00+00:00,0.0001,0.0001,0.00030000000000000003,3
2025-09-12 00:00:00+00:00,0.0001,0.0001,0.00030000000000000003,3
2025-09-13 00:00:00+00:00,0.0001,0.0001,0.00030000000000000003,3
2025-09-14 00:00:00+00:00,0.0001,0.0001,0.00030000000000000003,3
2025-09-15 00:00:00+00:00,8.48e-05,9.493333333333333e-05,0.0002848,3
2025-09-16 00:00:00+00:00,0.0001,8.699666666666667e-05,0.00026099,3
2025-09-17 00:00:00+00:00,1.49e-05,2.876e-05,8.628e-05,3
2025-09-18 00:00:00+00:00,0.0001,0.0001,0.00030000000000000003,3
2025-09-19 00:00:00+00:00,0.0001,0.0001,0.00030000000000000003,3
2025-09-20 00:00:00+00:00,0.0001,0.0001,0.00030000000000000003,3
2025-09-21 00:00:00+00:00,0.0001,0.0001,0.00030000000000000003,3
2025-09-22 00:00:00+00:00,3.721e-05,1.8206666666666666e-05,5.4619999999999995e-05,3
2025-09-23 00:00:00+00:00,2.472e-05,-1.6296666666666666e-05,-4.889e-05,3
2025-09-24 00:00:00+00:00,0.0001,8.584333333333333e-05,0.00025753,3
2025-09-25 00:00:00+00:00,3.388e-05,4.186e-05,0.00012558,3
2025-09-26 00:00:00+00:00,7.2e-06,5.666333333333334e-05,0.00016999000000000002,3
2025-09-27 00:00:00+00:00,2.518e-05,5.2136666666666665e-05,0.00015641,3
2025-09-28 00:00:00+00:00,3.035e-05,4.9489999999999995e-05,0.00014847,3
2025-09-29 00:00:00+00:00,-8.29e-06,4.3179999999999997e-05,0.00012953999999999998,3
2025-09-30 00:00:00+00:00,4.962e-05,7.304666666666666e-05,0.00021914,3
2025-10-01 00:00:00+00:00,7.54e-06,5.288666666666667e-05,0.00015866,3
2025-10-02 00:00:00+00:00,8.321e-05,6.922333333333333e-05,0.00020767,3
2025-10-03 00:00:00+00:00,9.304e-05,9.768e-05,0.00029304,3
2025-10-04 00:00:00+00:00,7.143e-05,6.834333333333334e-05,0.00020503,3
2025-10-05 00:00:00+00:00,0.0001,0.0001,0.00030000000000000003,3
2025-10-06 00:00:00+00:00,0.0001,7.293666666666666e-05,0.00021881,3
2025-10-07 00:00:00+00:00,0.0001,0.0001,0.00030000000000000003,3
2025-10-08 00:00:00+00:00,5.806e-05,5.428e-05,0.00016284,3
2025-10-09 00:00:00+00:00,7.15e-05,9.050000000000002e-05,0.00027150000000000004,3
2025-10-10 00:00:00+00:00,0.0001,0.0001,0.00030000000000000003,3
2025-10-11 00:00:00+00:00,-0.00011725,-0.0019141033333333333,-0.00574231,3
2025-10-12 00:00:00+00:00,3e-08,-3.586333333333333e-05,-0.00010758999999999999,3
2025-10-13 00:00:00+00:00,0.0001,2.6903333333333334e-05,8.071e-05,3
2025-10-14 00:00:00+00:00,-5.024e-05,3.5073333333333335e-05,0.00010522,3
2025-10-15 00:00:00+00:00,1.416e-05,6.153333333333332e-06,1.8459999999999996e-05,3
2025-10-16 00:00:00+00:00,-9.34e-06,-4.181e-05,-0.00012543,3
2025-10-17 00:00:00+00:00,4.232e-05,2.6076666666666667e-05,7.823e-05,3
2025-10-18 00:00:00+00:00,-2.408e-05,-1.8543333333333333e-05,-5.5629999999999994e-05,3
2025-10-19 00:00:00+00:00,-0.0001045,-2.4436666666666673e-05,-7.331000000000001e-05,3
2025-10-20 00:00:00+00:00,0.0001,5.0986666666666664e-05,0.00015296,3
2025-10-21 00:00:00+00:00,8.811e-05,8.393666666666666e-05,0.00025181,3
2025-10-22 00:00:00+00:00,1.884e-05,1.1786666666666667e-05,3.536e-05,3
2025-10-23 00:00:00+00:00,9.004e-05,6.0236666666666665e-05,0.00018071,3
2025-10-24 00:00:00+00:00,-1.667e-05,5.149e-05,0.00015447,3
2025-10-25 00:00:00+00:00,8.233e-05,1.9116666666666666e-05,5.735e-05,3
2025-10-26 00:00:00+00:00,-1.38e-06,3.924333333333334e-05,0.00011773000000000001,3
2025-10-27 00:00:00+00:00,0.0001,4.211000000000001e-05,0.00012633000000000002,3
2025-10-28 00:00:00+00:00,2.78e-06,4.771666666666667e-05,0.00014315,3
2025-10-29 00:00:00+00:00,9.297e-05,-2.0183333333333337e-05,-6.055000000000001e-05,3
2025-10-30 00:00:00+00:00,-2.069e-05,2.195666666666667e-05,6.587e-05,3
2025-10-31 00:00:00+00:00,-1.707e-05,-6.803999999999999e-05,-0.00020412,3
2025-11-01 00:00:00+00:00,5.109e-05,3.383666666666667e-05,0.00010151,3
2025-11-02 00:00:00+00:00,-6.71e-05,-1.1680000000000002e-05,-3.504e-05,3
2025-11-03 00:00:00+00:00,2.859e-05,-4.049e-05,-0.00012147,3
2025-11-04 00:00:00+00:00,4.927e-05,4.644e-05,0.00013932000000000001,3
2025-11-05 00:00:00+00:00,0.0001,0.0001,0.00030000000000000003,3
2025-11-06 00:00:00+00:00,-8.76e-06,3.015e-05,9.045e-05,3
2025-11-07 00:00:00+00:00,-2.15e-05,5.917333333333333e-05,0.00017752,3
2025-11-08 00:00:00+00:00,5.479e-05,4.276e-05,0.00012827999999999998,3
2025-11-09 00:00:00+00:00,-2.088e-05,-4.551666666666667e-05,-0.00013655,3
2025-11-10 00:00:00+00:00,1.95e-05,3.084666666666667e-05,9.254e-05,3
2025-11-11 00:00:00+00:00,4.562e-05,5.426666666666667e-06,1.628e-05,3
2025-11-12 00:00:00+00:00,0.0001,7.500000000000002e-06,2.2500000000000005e-05,3
2025-11-13 00:00:00+00:00,0.0001,3.192333333333334e-05,9.577000000000001e-05,3
2025-11-14 00:00:00+00:00,0.0001,2.5673333333333334e-05,7.702e-05,3
2025-11-15 00:00:00+00:00,0.0001,4.9086666666666665e-05,0.00014726,3
2025-11-16 00:00:00+00:00,2.741e-05,1.84e-05,5.52e-05,3
2025-11-17 00:00:00+00:00,0.0001,8.340666666666666e-05,0.00025022,3
2025-11-18 00:00:00+00:00,0.0001,0.0001,0.00030000000000000003,3
2025-11-19 00:00:00+00:00,-4.2e-05,1.1903333333333333e-05,3.571e-05,3
2025-11-20 00:00:00+00:00,0.0001,0.0001,0.00030000000000000003,3
2025-11-21 00:00:00+00:00,4.176e-05,4.588000000000001e-05,0.00013764000000000002,3
2025-11-22 00:00:00+00:00,-1.538e-05,-1.2643333333333333e-05,-3.793e-05,3
2025-11-23 00:00:00+00:00,-4.758e-05,1.5703333333333333e-05,4.711e-05,3
2025-11-24 00:00:00+00:00,4.767e-05,-2.5553333333333328e-05,-7.665999999999999e-05,3
2025-11-25 00:00:00+00:00,9.67e-06,3.146e-05,9.438e-05,3
2025-11-26 00:00:00+00:00,2.01e-06,6.733666666666666e-05,0.00020201,3
2025-11-27 00:00:00+00:00,-2.276e-05,3.994e-05,0.00011982,3
2025-11-28 00:00:00+00:00,1.015e-05,-2.2176666666666664e-05,-6.652999999999999e-05,3
2025-11-29 00:00:00+00:00,1.861e-05,-6.11e-06,-1.833e-05,3
2025-11-30 00:00:00+00:00,0.0001,3.4773333333333335e-05,0.00010432,3
2025-12-01 00:00:00+00:00,-2.207e-05,-4.207666666666666e-05,-0.00012623,3
2025-12-02 00:00:00+00:00,-1.234e-05,-5.3070000000000005e-05,-0.00015921000000000002,3
2025-12-03 00:00:00+00:00,-2.25e-06,6.591666666666667e-05,0.00019775,3
2025-12-04 00:00:00+00:00,2.264e-05,4.2159999999999996e-05,0.00012648,3
2025-12-05 00:00:00+00:00,-2.492e-05,2.7743333333333333e-05,8.323e-05,3
2025-12-06 00:00:00+00:00,1.987e-05,-1.732e-05,-5.196e-05,3
2025-12-07 00:00:00+00:00,-6.647e-05,1.9733333333333333e-05,5.92e-05,3
2025-12-08 00:00:00+00:00,0.0001,4.9693333333333334e-05,0.00014908,3
2025-12-09 00:00:00+00:00,-4.421e-05,-6.99e-06,-2.097e-05,3
2025-12-10 00:00:00+00:00,-0.00013692,-5.474666666666667e-05,-0.00016424,3
2025-12-11 00:00:00+00:00,-1.08e-05,1.3786666666666668e-05,4.1360000000000004e-05,3
2025-12-12 00:00:00+00:00,1.482e-05,-1.700666666666667e-05,-5.102000000000001e-05,3
2025-12-13 00:00:00+00:00,0.0001,5.577333333333333e-05,0.00016732,3
2025-12-14 00:00:00+00:00,6.302e-05,4.2199999999999996e-05,0.0001266,3
2025-12-15 00:00:00+00:00,5.745e-05,1.9703333333333335e-05,5.911e-05,3
2025-12-16 00:00:00+00:00,-3.849e-05,-5.618e-05,-0.00016854,3
2025-12-17 00:00:00+00:00,4.822e-05,3.933e-05,0.00011799,3
2025-12-18 00:00:00+00:00,0.0001,6.783333333333336e-06,2.0350000000000007e-05,3
2025-12-19 00:00:00+00:00,4.674e-05,2.979666666666667e-05,8.939000000000001e-05,3
2025-12-20 00:00:00+00:00,5.007e-05,5.586666666666667e-05,0.0001676,3
2025-12-21 00:00:00+00:00,-0.00014386,-7.262e-05,-0.00021786,3
2025-12-22 00:00:00+00:00,1.751e-05,7.963333333333334e-06,2.389e-05,3
2025-12-23 00:00:00+00:00,4.706e-05,2.5933333333333324e-06,7.779999999999997e-06,3
2025-12-24 00:00:00+00:00,-7.836e-05,-1.2063333333333332e-05,-3.619e-05,3
2025-12-25 00:00:00+00:00,-4.202e-05,-1.4546666666666666e-05,-4.3639999999999996e-05,3
2025-12-26 00:00:00+00:00,8.924e-05,6.614666666666668e-05,0.00019844000000000003,3
2025-12-27 00:00:00+00:00,9.113e-05,8.547333333333333e-05,0.00025642,3
2025-12-28 00:00:00+00:00,5.354e-05,2.3903333333333335e-05,7.171e-05,3
2025-12-29 00:00:00+00:00,5.543e-05,7.931666666666667e-05,0.00023795,3
2025-12-30 00:00:00+00:00,4.699e-05,5.730333333333333e-05,0.00017191,3
2025-12-31 00:00:00+00:00,8.342e-05,6.466666666666666e-05,0.000194,3
2026-01-01 00:00:00+00:00,8.771e-05,4.3580000000000006e-05,0.00013074,3
2026-01-02 00:00:00+00:00,0.0001,8.007666666666668e-05,0.00024023000000000002,3
2026-01-03 00:00:00+00:00,0.0001,0.0001,0.00030000000000000003,3
2026-01-04 00:00:00+00:00,9.161e-05,6.0333333333333334e-05,0.000181,3
2026-01-05 00:00:00+00:00,0.0001,5.751e-05,0.00017253,3
2026-01-06 00:00:00+00:00,-5.74e-06,-2.002666666666667e-05,-6.008000000000001e-05,3
2026-01-07 00:00:00+00:00,-0.00010166,3.278e-05,9.834000000000001e-05,3
2026-01-08 00:00:00+00:00,0.0001,8.580000000000001e-05,0.0002574,3
2026-01-09 00:00:00+00:00,1.251e-05,4.473333333333333e-06,1.342e-05,3
2026-01-10 00:00:00+00:00,0.0001,1.9316666666666668e-05,5.7950000000000006e-05,3
2026-01-11 00:00:00+00:00,0.0001,6.174666666666667e-05,0.00018524,3
2026-01-12 00:00:00+00:00,8.401e-05,-2.2376666666666662e-05,-6.712999999999999e-05,3
2026-01-13 00:00:00+00:00,0.0001,2.7756666666666668e-05,8.327000000000001e-05,3
2026-01-14 00:00:00+00:00,0.0001,0.0001,0.00030000000000000003,3
2026-01-15 00:00:00+00:00,-7.51e-06,-2.521666666666667e-05,-7.565000000000001e-05,3
2026-01-16 00:00:00+00:00,-5.714e-05,-9.623333333333333e-06,-2.887e-05,3
2026-01-17 00:00:00+00:00,4.989e-05,8.329666666666666e-05,0.00024989,3
2026-01-18 00:00:00+00:00,-5.237e-05,-1.3713333333333335e-05,-4.114e-05,3
2026-01-19 00:00:00+00:00,3.567e-05,-1.0210000000000004e-05,-3.063000000000001e-05,3
2026-01-20 00:00:00+00:00,2.341e-05,3.551e-05,0.00010653,3
2026-01-21 00:00:00+00:00,3.563e-05,2.539e-05,7.617e-05,3
2026-01-22 00:00:00+00:00,-8.592e-05,2.398666666666667e-05,7.196000000000001e-05,3
2026-01-23 00:00:00+00:00,4.72e-06,-6.196666666666669e-06,-1.8590000000000007e-05,3
2026-01-24 00:00:00+00:00,6.371e-05,5.797333333333333e-05,0.00017392,3
2026-01-25 00:00:00+00:00,-0.00013039,-3.6866666666666643e-06,-1.1059999999999992e-05,3
2026-01-26 00:00:00+00:00,8.041e-05,2.6783333333333335e-05,8.035e-05,3
2026-01-27 00:00:00+00:00,1.209e-05,6.264999999999999e-05,0.00018795,3
2026-01-28 00:00:00+00:00,0.0001,0.0001,0.00030000000000000003,3
2026-01-29 00:00:00+00:00,-0.00011622,-4.656666666666663e-06,-1.396999999999999e-05,3
2026-01-30 00:00:00+00:00,5.023e-05,-1.2780000000000001e-05,-3.834e-05,3
2026-01-31 00:00:00+00:00,-3.51e-05,5.496666666666666e-05,0.0001649,3
2026-02-01 00:00:00+00:00,5.33e-06,-6.997333333333334e-05,-0.00020992000000000002,3
2026-02-02 00:00:00+00:00,-0.00014293,-2.1306666666666667e-05,-6.392e-05,3
2026-02-03 00:00:00+00:00,-7.262e-05,-9.106333333333334e-05,-0.00027319000000000003,3
2026-02-04 00:00:00+00:00,7.74e-06,6.107e-05,0.00018321,3
2026-02-05 00:00:00+00:00,6.613e-05,3.52666666666667e-06,1.058000000000001e-05,3
2026-02-06 00:00:00+00:00,-4.123e-05,-8.882666666666667e-05,-0.00026648000000000004,3
2026-02-07 00:00:00+00:00,7.323e-05,-7.5833333333333324e-06,-2.2749999999999997e-05,3
2026-02-08 00:00:00+00:00,-1.762e-05,7.126666666666668e-06,2.1380000000000005e-05,3
2026-02-09 00:00:00+00:00,-0.00010586,-0.00010740333333333334,-0.00032221,3
2026-02-10 00:00:00+00:00,-8.965e-05,1.567e-05,4.701e-05,3
2026-02-11 00:00:00+00:00,-4.825e-05,-5.400333333333333e-05,-0.00016201,3
2026-02-12 00:00:00+00:00,0.0001,0.0001,0.00030000000000000003,3
2026-02-13 00:00:00+00:00,1.955e-05,1.7266666666666671e-06,5.180000000000001e-06,3
2026-02-14 00:00:00+00:00,0.0001,0.0001,0.00030000000000000003,3
2026-02-15 00:00:00+00:00,-8.068e-05,6.320000000000003e-06,1.8960000000000008e-05,3
2026-02-16 00:00:00+00:00,-0.00015353,-2.9506666666666667e-05,-8.852e-05,3
2026-02-17 00:00:00+00:00,-5.407e-05,-1.7683333333333334e-05,-5.305e-05,3
2026-02-18 00:00:00+00:00,-0.00011111,-6.339333333333333e-05,-0.00019018,3
2026-02-19 00:00:00+00:00,-9.352e-05,8.066666666666691e-07,2.4200000000000073e-06,3
2026-02-20 00:00:00+00:00,0.0001,5.6093333333333334e-05,0.00016828,3
2026-02-21 00:00:00+00:00,-4.481e-05,1.730000000000001e-06,5.190000000000003e-06,3
2026-02-22 00:00:00+00:00,-8.032e-05,-0.0001168,-0.0003504,3
2026-02-23 00:00:00+00:00,7.94e-05,-2.7049999999999997e-05,-8.115e-05,3
2026-02-24 00:00:00+00:00,5.148e-05,3.840333333333333e-05,0.00011521,3
2026-02-25 00:00:00+00:00,0.0001,5.809333333333334e-05,0.00017428000000000002,3
2026-02-26 00:00:00+00:00,1.414e-05,2.634e-05,7.902e-05,3
2026-02-27 00:00:00+00:00,-0.00013099,-1.406666666666661e-06,-4.219999999999983e-06,3
2026-02-28 00:00:00+00:00,5.18e-06,-1.4210000000000001e-05,-4.2630000000000004e-05,3
2026-03-01 00:00:00+00:00,3.358e-05,5.731e-05,0.00017193,3
2026-03-02 00:00:00+00:00,5.127e-05,8.375666666666667e-05,0.00025127,3
2026-03-03 00:00:00+00:00,-1.417e-05,-5.6206666666666665e-05,-0.00016862,3
2026-03-04 00:00:00+00:00,0.0001,-2.9436666666666665e-05,-8.831e-05,3
2026-03-05 00:00:00+00:00,9.016e-05,9.672000000000001e-05,0.00029016000000000003,3
2026-03-06 00:00:00+00:00,-0.00023433,-3.252666666666667e-05,-9.758e-05,3
2026-03-07 00:00:00+00:00,-0.00020944,-0.00011363666666666666,-0.00034091,3
2026-03-08 00:00:00+00:00,-8.903e-05,-7.575333333333334e-05,-0.00022726000000000002,3
2026-03-09 00:00:00+00:00,9.111e-05,3.6616666666666664e-05,0.00010985,3
2026-03-10 00:00:00+00:00,0.0001,6.154666666666668e-05,0.00018464000000000002,3
2026-03-11 00:00:00+00:00,8.64e-05,1.8176666666666665e-05,5.4529999999999995e-05,3
2026-03-12 00:00:00+00:00,8.081e-05,2.8756666666666665e-05,8.627e-05,3
2026-03-13 00:00:00+00:00,0.0001,7.458333333333333e-05,0.00022375000000000002,3
2026-03-14 00:00:00+00:00,-0.00016814,-5.767e-05,-0.00017301,3
2026-03-15 00:00:00+00:00,9.695e-05,5.253666666666666e-05,0.00015760999999999998,3
2026-03-16 00:00:00+00:00,0.0001,7.203e-05,0.00021609,3
2026-03-17 00:00:00+00:00,6.163e-05,2.8646666666666668e-05,8.594000000000001e-05,3
2026-03-18 00:00:00+00:00,-8.913e-05,-5.202333333333333e-05,-0.00015607,3
2026-03-19 00:00:00+00:00,-0.0001104,-7.973666666666667e-05,-0.00023921,3
2026-03-20 00:00:00+00:00,9.31e-06,1.7693333333333332e-05,5.308e-05,3
2026-03-21 00:00:00+00:00,-1.287e-05,4.1893333333333334e-05,0.00012568,3
2026-03-22 00:00:00+00:00,-0.00023653,-0.00013176,-0.00039528,3
2026-03-23 00:00:00+00:00,7.602e-05,2.5213333333333335e-05,7.564e-05,3
2026-03-24 00:00:00+00:00,4.13e-05,5.889e-05,0.00017667,3
2026-03-25 00:00:00+00:00,0.0001,7.033333333333334e-05,0.000211,3
2026-03-26 00:00:00+00:00,-6.952e-05,2.2793333333333334e-05,6.838e-05,3
2026-03-27 00:00:00+00:00,-9.008e-05,2.5966666666666683e-06,7.790000000000005e-06,3
2026-03-28 00:00:00+00:00,-4.216e-05,-5.3506666666666674e-05,-0.00016052000000000001,3
2026-03-29 00:00:00+00:00,6.001e-05,4.971666666666667e-05,0.00014915000000000002,3
2026-03-30 00:00:00+00:00,6.786e-05,1.0796666666666666e-05,3.239e-05,3
2026-03-31 00:00:00+00:00,-2.768e-05,-9.146666666666665e-06,-2.7439999999999995e-05,3
2026-04-01 00:00:00+00:00,0.0001,-5.303333333333334e-06,-1.5910000000000002e-05,3
2026-04-02 00:00:00+00:00,-8.573e-05,-5.849e-05,-0.00017547,3
2026-04-03 00:00:00+00:00,0.0001,6.677333333333334e-05,0.00020032,3
2026-04-04 00:00:00+00:00,0.0001,0.0001,0.00030000000000000003,3
2026-04-05 00:00:00+00:00,6.036e-05,3.288666666666667e-05,9.866000000000001e-05,3
2026-04-06 00:00:00+00:00,0.0001,0.0001,0.00030000000000000003,3
2026-04-07 00:00:00+00:00,-0.00022736,-5.8683333333333334e-05,-0.00017605,3
2026-04-08 00:00:00+00:00,0.0001,0.0001,0.00030000000000000003,3
2026-04-09 00:00:00+00:00,8.23e-05,5.618e-05,0.00016854,3
2026-04-10 00:00:00+00:00,0.0001,5.654333333333334e-05,0.00016963000000000001,3
2026-04-11 00:00:00+00:00,-4.26e-05,3.247666666666667e-05,9.743000000000001e-05,3
2026-04-12 00:00:00+00:00,3.233e-05,-2.2333333333333333e-06,-6.7e-06,3
2026-04-13 00:00:00+00:00,-5.479e-05,3.533333333333331e-06,1.0599999999999993e-05,3
2026-04-14 00:00:00+00:00,0.0001,0.0001,0.00030000000000000003,3
2026-04-15 00:00:00+00:00,0.0001,-3.576e-05,-0.00010728,3
2026-04-16 00:00:00+00:00,0.0001,0.0001,0.00030000000000000003,3
2026-04-17 00:00:00+00:00,0.0001,7.753666666666667e-05,0.00023261,3
2026-04-18 00:00:00+00:00,-7.603e-05,-2.6856666666666666e-05,-8.057e-05,3
2026-04-19 00:00:00+00:00,8.051e-05,-5.475333333333332e-05,-0.00016425999999999998,3
2026-04-20 00:00:00+00:00,0.0001,-2.4366666666666652e-06,-7.309999999999996e-06,3
2026-04-21 00:00:00+00:00,0.0001,9.529666666666667e-05,0.00028589,3
2026-04-22 00:00:00+00:00,0.0001,7.515333333333334e-05,0.00022546000000000003,3
2026-04-23 00:00:00+00:00,0.0001,1.563333333333334e-05,4.6900000000000015e-05,3
2026-04-24 00:00:00+00:00,0.0001,9.106666666666668e-05,0.0002732,3
2026-04-25 00:00:00+00:00,-7.484e-05,-3.488e-05,-0.00010464,3
2026-04-26 00:00:00+00:00,3.834e-05,-8.803333333333333e-06,-2.641e-05,3
2026-04-27 00:00:00+00:00,-6.393e-05,-6.25e-05,-0.0001875,3
2026-04-28 00:00:00+00:00,2.422e-05,3.3333333333333335e-05,0.0001,3
2026-04-29 00:00:00+00:00,4.727e-05,6.585e-05,0.00019755,3
2026-04-30 00:00:00+00:00,0.0001,3.070000000000001e-05,9.210000000000002e-05,3
2026-05-01 00:00:00+00:00,0.0001,0.0001,0.00030000000000000003,3
2026-05-02 00:00:00+00:00,0.0001,7.19e-05,0.0002157,3
2026-05-03 00:00:00+00:00,0.0001,2.0736666666666667e-05,6.221e-05,3
2026-05-04 00:00:00+00:00,0.0001,8.265333333333333e-05,0.00024796,3
2026-05-05 00:00:00+00:00,4.646e-05,5.477333333333333e-05,0.00016432,3
2026-05-06 00:00:00+00:00,-0.00011145,-2.17e-05,-6.51e-05,3
2026-05-07 00:00:00+00:00,-3.331e-05,-3.661333333333333e-05,-0.00010983999999999999,3
2026-05-08 00:00:00+00:00,0.0001,9.931333333333334e-05,0.00029794,3
2026-05-09 00:00:00+00:00,5.968e-05,5.904333333333334e-05,0.00017713,3
2026-05-10 00:00:00+00:00,5.46e-06,1.609e-05,4.8270000000000004e-05,3
2026-05-11 00:00:00+00:00,1.29e-05,2.3153333333333334e-05,6.946e-05,3
2026-05-12 00:00:00+00:00,-4.447e-05,1.7930000000000003e-05,5.379000000000001e-05,3
2026-05-13 00:00:00+00:00,-5.572e-05,-1.0133333333333327e-06,-3.039999999999998e-06,3
2026-05-14 00:00:00+00:00,7.793e-05,7.104333333333334e-05,0.00021313000000000001,3
2026-05-15 00:00:00+00:00,-0.00010752,4.6333333333333285e-07,1.3899999999999986e-06,3
2026-05-16 00:00:00+00:00,2.316e-05,2.0100000000000015e-06,6.030000000000005e-06,3
2026-05-17 00:00:00+00:00,-5.064e-05,1.8213333333333334e-05,5.4640000000000005e-05,3
2026-05-18 00:00:00+00:00,4.03e-05,2.6046666666666666e-05,7.814e-05,3
2026-05-19 00:00:00+00:00,7.873e-05,7.067333333333333e-05,0.00021202,3
2026-05-20 00:00:00+00:00,0.0001,0.0001,0.00030000000000000003,3
2026-05-21 00:00:00+00:00,-7.093e-05,-1.2993333333333335e-05,-3.898e-05,3
2026-05-22 00:00:00+00:00,4.273e-05,6.715666666666667e-05,0.00020147,3
2026-05-23 00:00:00+00:00,-0.00028432,-0.00010559333333333334,-0.00031678,3
2026-05-24 00:00:00+00:00,-7.143e-05,4.083e-05,0.00012249,3
2026-05-25 00:00:00+00:00,0.0001,1.5586666666666668e-05,4.6760000000000006e-05,3
2026-05-26 00:00:00+00:00,0.0001,8.134666666666667e-05,0.00024404,3
2026-05-27 00:00:00+00:00,7.53e-05,-1.4056666666666662e-05,-4.2169999999999984e-05,3
2026-05-28 00:00:00+00:00,8.066e-05,-3.0289999999999993e-05,-9.086999999999998e-05,3
2026-05-29 00:00:00+00:00,-3.486e-05,4.868666666666666e-05,0.00014606,3
2026-05-30 00:00:00+00:00,-0.00012563,-0.00011228333333333333,-0.00033685,3
2026-05-31 00:00:00+00:00,5.01e-05,1.7733333333333322e-06,5.3199999999999965e-06,3
2026-06-01 00:00:00+00:00,1.72e-05,2.8830000000000003e-05,8.649000000000001e-05,3
2026-06-02 00:00:00+00:00,-0.00012235,-3.874333333333333e-05,-0.00011622999999999999,3
2026-06-03 00:00:00+00:00,0.0001,5.5066666666666666e-05,0.0001652,3
2026-06-04 00:00:00+00:00,-9.3e-05,-7.215666666666666e-05,-0.00021647,3
2026-06-05 00:00:00+00:00,-0.00013197,-6.211666666666667e-05,-0.00018635,3
2026-06-06 00:00:00+00:00,-6.864e-05,-8.844333333333333e-05,-0.00026533,3
2026-06-07 00:00:00+00:00,9.547e-05,-2.1806666666666666e-05,-6.542e-05,3
2026-06-08 00:00:00+00:00,0.0001,0.0001,0.00030000000000000003,3
2026-06-09 00:00:00+00:00,6.562e-05,9.143333333333333e-06,2.743e-05,3
2026-06-10 00:00:00+00:00,-8.102e-05,9.220000000000005e-06,2.7660000000000016e-05,3
2026-06-11 00:00:00+00:00,6.872e-05,4.517e-05,0.00013551,3
2026-06-12 00:00:00+00:00,2.656e-05,7.552e-05,0.00022656,3
2026-06-13 00:00:00+00:00,2.819e-05,2.5996666666666668e-05,7.799e-05,3
2026-06-14 00:00:00+00:00,6.77e-06,1.8439999999999996e-05,5.531999999999999e-05,3
2026-06-15 00:00:00+00:00,3.777e-05,3.6836666666666666e-05,0.00011051,3
2026-06-16 00:00:00+00:00,-3.258e-05,-1.2336666666666667e-05,-3.701e-05,3
2026-06-17 00:00:00+00:00,7.351e-05,3.737e-05,0.00011211000000000001,3
2026-06-18 00:00:00+00:00,-2.623e-05,-7.728333333333333e-05,-0.00023185,3
2026-06-19 00:00:00+00:00,-3.963e-05,-8.409999999999996e-06,-2.5229999999999987e-05,3
2026-06-20 00:00:00+00:00,2.934e-05,2.2913333333333333e-05,6.874e-05,3
2026-06-21 00:00:00+00:00,1.273e-05,-6.916666666666665e-06,-2.0749999999999996e-05,3
2026-06-22 00:00:00+00:00,-6.154e-05,-1.662e-05,-4.986e-05,3
2026-06-23 00:00:00+00:00,0.0001,-7.394e-05,-0.00022182000000000001,3
2026-06-24 00:00:00+00:00,1.071e-05,-1.1466666666666663e-06,-3.4399999999999993e-06,3
2026-06-25 00:00:00+00:00,2.574e-05,-0.00011487,-0.00034461,3
2026-06-26 00:00:00+00:00,5.346e-05,1.2556666666666666e-05,3.767e-05,3
2026-06-27 00:00:00+00:00,-2.432e-05,2.9446666666666667e-05,8.834e-05,3
2026-06-28 00:00:00+00:00,-3.363e-05,-9.846333333333333e-05,-0.00029539,3
2026-06-29 00:00:00+00:00,9.607e-05,2.2339999999999996e-05,6.701999999999999e-05,3
2026-06-30 00:00:00+00:00,4.43e-06,3.941333333333334e-05,0.00011824,3
2026-07-01 00:00:00+00:00,5.312e-05,4.6836666666666665e-05,0.00014051,3
2026-07-02 00:00:00+00:00,0.0001,2.159e-05,6.477e-05,3
2026-07-03 00:00:00+00:00,8.978e-05,9.659333333333334e-05,0.00028978,3
2026-07-04 00:00:00+00:00,0.0001,0.0001,0.00030000000000000003,3
2026-07-05 00:00:00+00:00,0.0001,9.380333333333333e-05,0.00028141,3
2026-07-06 00:00:00+00:00,0.0001,6.399333333333334e-05,0.00019198000000000002,3
2026-07-07 00:00:00+00:00,0.0001,6.435333333333333e-05,0.00019306,3
2026-07-08 00:00:00+00:00,-2.651e-05,3.332333333333333e-05,9.996999999999999e-05,3
2026-07-09 00:00:00+00:00,-2.765e-05,-5.98e-06,-1.794e-05,3
2026-07-10 00:00:00+00:00,-0.00023171,-1.1843333333333327e-05,-3.552999999999998e-05,3
2026-07-11 00:00:00+00:00,-4.181e-05,6.909999999999997e-06,2.0729999999999993e-05,3
2026-07-12 00:00:00+00:00,-7.776e-05,-7.777e-05,-0.00023331,3
2026-07-13 00:00:00+00:00,4.527e-05,2.915e-05,8.745e-05,3
2026-07-14 00:00:00+00:00,-8.073e-05,-2.1949999999999995e-05,-6.584999999999999e-05,3
2026-07-15 00:00:00+00:00,-2.999e-05,2.5896666666666665e-05,7.769e-05,3
2026-07-16 00:00:00+00:00,0.0001,7.926666666666668e-06,2.3780000000000006e-05,3
2026-07-17 00:00:00+00:00,0.0001,7.378333333333334e-05,0.00022135,3
2026-07-18 00:00:00+00:00,0.0001,0.0001,0.00030000000000000003,3
2026-07-19 00:00:00+00:00,0.0001,0.0001,0.00030000000000000003,3
2026-07-20 00:00:00+00:00,9.6e-05,6.146666666666667e-05,0.0001844,3
2026-07-21 00:00:00+00:00,8.282e-05,7.209000000000001e-05,0.00021627000000000001,3
2026-07-22 00:00:00+00:00,6.198e-05,4.829000000000001e-05,0.00014487000000000001,3
2026-07-23 00:00:00+00:00,-1.25e-06,-3.1916666666666665e-05,-9.575e-05,3
2026-07-24 00:00:00+00:00,-0.00015616,-5.833e-05,-0.00017499,3
2026-07-25 00:00:00+00:00,-9.04e-05,-0.00010904666666666665,-0.00032713999999999996,3
2026-07-26 00:00:00+00:00,-0.0001358,-5.993333333333329e-06,-1.7979999999999987e-05,3
2026-07-27 00:00:00+00:00,-0.0001485,-5.982333333333333e-05,-0.00017947,3
2026-07-28 00:00:00+00:00,0.0001,3.6999999999999815e-07,1.1099999999999945e-06,3
2026-07-29 00:00:00+00:00,8.27e-05,8.093666666666667e-05,0.00024281000000000001,3
2026-07-30 00:00:00+00:00,0.0001,8.573666666666668e-05,0.00025721,3
2026-07-31 00:00:00+00:00,0.0001,8.273333333333334e-05,0.0002482,3
2026-08-01 00:00:00+00:00,0.0001,1.9170000000000005e-05,5.751000000000001e-05,3
2026-08-02 00:00:00+00:00,0.0001,0.0001,0.00030000000000000003,3
2026-08-03 00:00:00+00:00,0.0001,0.0001,0.00030000000000000003,3
2026-08-04 00:00:00+00:00,1.232e-05,9.363333333333334e-06,2.809e-05,3
2026-08-05 00:00:00+00:00,-3.457e-05,4.566666666666667e-05,0.000137,3
2026-08-06 00:00:00+00:00,-8.94e-06,2.263666666666667e-05,6.791e-05,3
2026-08-07 00:00:00+00:00,-0.00016023,-0.00010917666666666668,-0.00032753000000000003,3
2026-08-08 00:00:00+00:00,-8.496e-05,-2.8566666666666646e-06,-8.569999999999994e-06,3
2026-08-09 00:00:00+00:00,0.0001,8.935000000000002e-05,0.00026805000000000004,3
2026-08-10 00:00:00+00:00,0.0001,0.0001,0.00030000000000000003,3
2026-08-11 00:00:00+00:00,0.0001,0.0001,0.00030000000000000003,3
2026-08-12 00:00:00+00:00,-5.95e-05,3.9620000000000004e-05,0.00011886000000000001,3
2026-08-13 00:00:00+00:00,4.457e-05,6.572666666666667e-05,0.00019718,3
2026-08-14 00:00:00+00:00,0.0001,8.130666666666667e-05,0.00024392,3
2026-08-15 00:00:00+00:00,-0.0001309,2.3033333333333332e-05,6.91e-05,3
2026-08-16 00:00:00+00:00,-2.443e-05,-2.3276666666666667e-05,-6.983e-05,3
2026-08-17 00:00:00+00:00,7.446e-05,-2.5629999999999997e-05,-7.688999999999999e-05,3
2026-08-18 00:00:00+00:00,0.0001,8.996666666666667e-05,0.0002699,3
2026-08-19 00:00:00+00:00,-9.017e-05,2.9760000000000003e-05,8.928000000000001e-05,3
2026-08-20 00:00:00+00:00,0.0001,0.0001,0.00030000000000000003,3
2026-08-21 00:00:00+00:00,0.0001,0.0001,0.00030000000000000003,3
2026-08-22 00:00:00+00:00,0.0001,0.0001,0.00030000000000000003,3
2026-08-23 00:00:00+00:00,0.0001,0.0001,0.00030000000000000003,3
2026-08-24 00:00:00+00:00,0.0001,0.0001,0.0001,1
