candle_time,funding_rate,funding_timestamp
2021-03-18 04:00:00+00:00,,
2021-03-18 08:00:00+00:00,0.0001,1616054400000.0
2021-03-18 12:00:00+00:00,0.0001,1616054400000.0
2021-03-18 16:00:00+00:00,0.0001,1616083200000.0
2021-03-18 20:00:00+00:00,0.0001,1616083200000.0
2021-03-19 00:00:00+00:00,0.00206339,1616112000000.0
2021-03-19 04:00:00+00:00,0.00206339,1616112000000.0
2021-03-19 08:00:00+00:00,0.0017737,1616140800000.0
2021-03-19 12:00:00+00:00,0.0017737,1616140800000.0
2021-03-19 16:00:00+00:00,0.0012924,1616169600000.0
2021-03-19 20:00:00+00:00,0.0012924,1616169600000.0
2021-03-20 00:00:00+00:00,0.00153767,1616198400000.0
2021-03-20 04:00:00+00:00,0.00153767,1616198400000.0
2021-03-20 08:00:00+00:00,0.00172626,1616227200000.0
2021-03-20 12:00:00+00:00,0.00172626,1616227200000.0
2021-03-20 16:00:00+00:00,0.00199279,1616256000000.0
2021-03-20 20:00:00+00:00,0.00199279,1616256000000.0
2021-03-21 00:00:00+00:00,0.00279917,1616284800000.0
2021-03-21 04:00:00+00:00,0.00279917,1616284800000.0
2021-03-21 08:00:00+00:00,0.00182168,1616313600000.0
2021-03-21 12:00:00+00:00,0.00182168,1616313600000.0
2021-03-21 16:00:00+00:00,0.00113074,1616342400000.0
2021-03-21 20:00:00+00:00,0.00113074,1616342400000.0
2021-03-22 00:00:00+00:00,0.00093353,1616371200000.0
2021-03-22 04:00:00+00:00,0.00093353,1616371200000.0
2021-03-22 08:00:00+00:00,0.00121614,1616400000000.0
2021-03-22 12:00:00+00:00,0.00121614,1616400000000.0
2021-03-22 16:00:00+00:00,0.00101432,1616428800000.0
2021-03-22 20:00:00+00:00,0.00101432,1616428800000.0
2021-03-23 00:00:00+00:00,0.00121415,1616457600000.0
2021-03-23 04:00:00+00:00,0.00121415,1616457600000.0
2021-03-23 08:00:00+00:00,0.00083148,1616486400000.0
2021-03-23 12:00:00+00:00,0.00083148,1616486400000.0
2021-03-23 16:00:00+00:00,0.00052399,1616515200000.0
2021-03-23 20:00:00+00:00,0.00052399,1616515200000.0
2021-03-24 00:00:00+00:00,0.00039254,1616544000000.0
2021-03-24 04:00:00+00:00,0.00039254,1616544000000.0
2021-03-24 08:00:00+00:00,0.00068163,1616572800000.0
2021-03-24 12:00:00+00:00,0.00068163,1616572800000.0
2021-03-24 16:00:00+00:00,0.00069731,1616601600000.0
2021-03-24 20:00:00+00:00,0.00069731,1616601600000.0
2021-03-25 00:00:00+00:00,0.00087842,1616630400000.0
2021-03-25 04:00:00+00:00,0.00087842,1616630400000.0
2021-03-25 08:00:00+00:00,0.00069141,1616659200000.0
2021-03-25 12:00:00+00:00,0.00069141,1616659200000.0
2021-03-25 16:00:00+00:00,0.0002472,1616688000000.0
2021-03-25 20:00:00+00:00,0.0002472,1616688000000.0
2021-03-26 00:00:00+00:00,0.00048105,1616716800000.0
2021-03-26 04:00:00+00:00,0.00048105,1616716800000.0
2021-03-26 08:00:00+00:00,0.00107436,1616745600000.0
2021-03-26 12:00:00+00:00,0.00107436,1616745600000.0
2021-03-26 16:00:00+00:00,0.00092649,1616774400000.0
2021-03-26 20:00:00+00:00,0.00092649,1616774400000.0
2021-03-27 00:00:00+00:00,0.00083056,1616803200000.0
2021-03-27 04:00:00+00:00,0.00083056,1616803200000.0
2021-03-27 08:00:00+00:00,0.001127,1616832000000.0
2021-03-27 12:00:00+00:00,0.001127,1616832000000.0
2021-03-27 16:00:00+00:00,0.00093056,1616860800000.0
2021-03-27 20:00:00+00:00,0.00093056,1616860800000.0
2021-03-28 00:00:00+00:00,0.00117394,1616889600000.0
2021-03-28 04:00:00+00:00,0.00117394,1616889600000.0
2021-03-28 08:00:00+00:00,0.00171231,1616918400000.0
2021-03-28 12:00:00+00:00,0.00171231,1616918400000.0
2021-03-28 16:00:00+00:00,0.00113707,1616947200000.0
2021-03-28 20:00:00+00:00,0.00113707,1616947200000.0
2021-03-29 00:00:00+00:00,0.00131793,1616976000000.0
2021-03-29 04:00:00+00:00,0.00131793,1616976000000.0
2021-03-29 08:00:00+00:00,0.00126065,1617004800000.0
2021-03-29 12:00:00+00:00,0.00126065,1617004800000.0
2021-03-29 16:00:00+00:00,0.00136463,1617033600000.0
2021-03-29 20:00:00+00:00,0.00136463,1617033600000.0
2021-03-30 00:00:00+00:00,0.00129325,1617062400000.0
2021-03-30 04:00:00+00:00,0.00129325,1617062400000.0
2021-03-30 08:00:00+00:00,0.00187018,1617091200000.0
2021-03-30 12:00:00+00:00,0.00187018,1617091200000.0
2021-03-30 16:00:00+00:00,0.00195233,1617120000000.0
2021-03-30 20:00:00+00:00,0.00195233,1617120000000.0
2021-03-31 00:00:00+00:00,0.00189269,1617148800000.0
2021-03-31 04:00:00+00:00,0.00189269,1617148800000.0
2021-03-31 08:00:00+00:00,0.00278295,1617177600000.0
2021-03-31 12:00:00+00:00,0.00278295,1617177600000.0
2021-03-31 16:00:00+00:00,0.00297863,1617206400000.0
2021-03-31 20:00:00+00:00,0.00297863,1617206400000.0
2021-04-01 00:00:00+00:00,0.00163633,1617235200000.0
2021-04-01 04:00:00+00:00,0.00163633,1617235200000.0
2021-04-01 08:00:00+00:00,0.00157208,1617264000000.0
2021-04-01 12:00:00+00:00,0.00157208,1617264000000.0
2021-04-01 16:00:00+00:00,0.00186651,1617292800000.0
2021-04-01 20:00:00+00:00,0.00186651,1617292800000.0
2021-04-02 00:00:00+00:00,0.00254774,1617321600000.0
2021-04-02 04:00:00+00:00,0.00254774,1617321600000.0
2021-04-02 08:00:00+00:00,0.00256339,1617350400000.0
2021-04-02 12:00:00+00:00,0.00256339,1617350400000.0
2021-04-02 16:00:00+00:00,0.00257523,1617379200000.0
2021-04-02 20:00:00+00:00,0.00257523,1617379200000.0
2021-04-03 00:00:00+00:00,0.00375,1617408000000.0
2021-04-03 04:00:00+00:00,0.00375,1617408000000.0
2021-04-03 08:00:00+00:00,0.00375,1617436800000.0
2021-04-03 12:00:00+00:00,0.00375,1617436800000.0
2021-04-03 16:00:00+00:00,0.00375,1617465600000.0
2021-04-03 20:00:00+00:00,0.00375,1617465600000.0
2021-04-04 00:00:00+00:00,0.00342573,1617494400000.0
2021-04-04 04:00:00+00:00,0.00342573,1617494400000.0
2021-04-04 08:00:00+00:00,0.00168294,1617523200000.0
2021-04-04 12:00:00+00:00,0.00168294,1617523200000.0
2021-04-04 16:00:00+00:00,0.0014473,1617552000000.0
2021-04-04 20:00:00+00:00,0.0014473,1617552000000.0
2021-04-05 00:00:00+00:00,0.00137447,1617580800000.0
2021-04-05 04:00:00+00:00,0.00137447,1617580800000.0
2021-04-05 08:00:00+00:00,0.00136076,1617609600000.0
2021-04-05 12:00:00+00:00,0.00136076,1617609600000.0
2021-04-05 16:00:00+00:00,0.00187184,1617638400000.0
2021-04-05 20:00:00+00:00,0.00187184,1617638400000.0
2021-04-06 00:00:00+00:00,0.00243318,1617667200000.0
2021-04-06 04:00:00+00:00,0.00243318,1617667200000.0
2021-04-06 08:00:00+00:00,0.00255976,1617696000000.0
2021-04-06 12:00:00+00:00,0.00255976,1617696000000.0
2021-04-06 16:00:00+00:00,0.00284715,1617724800000.0
2021-04-06 20:00:00+00:00,0.00284715,1617724800000.0
2021-04-07 00:00:00+00:00,0.00375,1617753600000.0
2021-04-07 04:00:00+00:00,0.00375,1617753600000.0
2021-04-07 08:00:00+00:00,0.00374903,1617782400000.0
2021-04-07 12:00:00+00:00,0.00374903,1617782400000.0
2021-04-07 16:00:00+00:00,0.00302555,1617811200000.0
2021-04-07 20:00:00+00:00,0.00302555,1617811200000.0
2021-04-08 00:00:00+00:00,0.00167614,1617840000000.0
2021-04-08 04:00:00+00:00,0.00167614,1617840000000.0
2021-04-08 08:00:00+00:00,0.00112454,1617868800000.0
2021-04-08 12:00:00+00:00,0.00112454,1617868800000.0
2021-04-08 16:00:00+00:00,0.00094611,1617897600000.0
2021-04-08 20:00:00+00:00,0.00094611,1617897600000.0
2021-04-09 00:00:00+00:00,0.00082626,1617926400000.0
2021-04-09 04:00:00+00:00,0.00082626,1617926400000.0
2021-04-09 08:00:00+00:00,0.00077169,1617955200000.0
2021-04-09 12:00:00+00:00,0.00077169,1617955200000.0
2021-04-09 16:00:00+00:00,0.00086963,1617984000000.0
2021-04-09 20:00:00+00:00,0.00086963,1617984000000.0
2021-04-10 00:00:00+00:00,0.00105345,1618012800000.0
2021-04-10 04:00:00+00:00,0.00105345,1618012800000.0
2021-04-10 08:00:00+00:00,0.00145261,1618041600000.0
2021-04-10 12:00:00+00:00,0.00145261,1618041600000.0
2021-04-10 16:00:00+00:00,0.00250646,1618070400000.0
2021-04-10 20:00:00+00:00,0.00250646,1618070400000.0
2021-04-11 00:00:00+00:00,0.00327074,1618099200000.0
2021-04-11 04:00:00+00:00,0.00327074,1618099200000.0
2021-04-11 08:00:00+00:00,0.001962,1618128000000.0
2021-04-11 12:00:00+00:00,0.001962,1618128000000.0
2021-04-11 16:00:00+00:00,0.00193352,1618156800000.0
2021-04-11 20:00:00+00:00,0.00193352,1618156800000.0
2021-04-12 00:00:00+00:00,0.00294557,1618185600000.0
2021-04-12 04:00:00+00:00,0.00294557,1618185600000.0
2021-04-12 08:00:00+00:00,0.00242055,1618214400000.0
2021-04-12 12:00:00+00:00,0.00242055,1618214400000.0
2021-04-12 16:00:00+00:00,0.00226382,1618243200000.0
2021-04-12 20:00:00+00:00,0.00226382,1618243200000.0
2021-04-13 00:00:00+00:00,0.00256091,1618272000000.0
2021-04-13 04:00:00+00:00,0.00256091,1618272000000.0
2021-04-13 08:00:00+00:00,0.00266447,1618300800000.0
2021-04-13 12:00:00+00:00,0.00266447,1618300800000.0
2021-04-13 16:00:00+00:00,0.00314253,1618329600000.0
2021-04-13 20:00:00+00:00,0.00314253,1618329600000.0
2021-04-14 00:00:00+00:00,0.00375,1618358400000.0
2021-04-14 04:00:00+00:00,0.00375,1618358400000.0
2021-04-14 08:00:00+00:00,0.00375,1618387200000.0
2021-04-14 12:00:00+00:00,0.00375,1618387200000.0
2021-04-14 16:00:00+00:00,0.00375,1618416000000.0
2021-04-14 20:00:00+00:00,0.00375,1618416000000.0
2021-04-15 00:00:00+00:00,0.00375,1618444800000.0
2021-04-15 04:00:00+00:00,0.00375,1618444800000.0
2021-04-15 08:00:00+00:00,0.00341115,1618473600000.0
2021-04-15 12:00:00+00:00,0.00341115,1618473600000.0
2021-04-15 16:00:00+00:00,0.00375,1618502400000.0
2021-04-15 20:00:00+00:00,0.00375,1618502400000.0
2021-04-16 00:00:00+00:00,0.00375,1618531200000.0
2021-04-16 04:00:00+00:00,0.00375,1618531200000.0
2021-04-16 08:00:00+00:00,0.00322126,1618560000000.0
2021-04-16 12:00:00+00:00,0.00322126,1618560000000.0
2021-04-16 16:00:00+00:00,0.00327569,1618588800000.0
2021-04-16 20:00:00+00:00,0.00327569,1618588800000.0
2021-04-17 00:00:00+00:00,0.00207489,1618617600000.0
2021-04-17 04:00:00+00:00,0.00207489,1618617600000.0
2021-04-17 08:00:00+00:00,0.00177878,1618646400000.0
2021-04-17 12:00:00+00:00,0.00177878,1618646400000.0
2021-04-17 16:00:00+00:00,0.0016276,1618675200000.0
2021-04-17 20:00:00+00:00,0.0016276,1618675200000.0
2021-04-18 00:00:00+00:00,0.00139502,1618704000000.0
2021-04-18 04:00:00+00:00,0.00139502,1618704000000.0
2021-04-18 08:00:00+00:00,0.00225596,1618732800000.0
2021-04-18 12:00:00+00:00,0.00225596,1618732800000.0
2021-04-18 16:00:00+00:00,0.00080096,1618761600000.0
2021-04-18 20:00:00+00:00,0.00080096,1618761600000.0
2021-04-19 00:00:00+00:00,0.0001,1618790400000.0
2021-04-19 04:00:00+00:00,0.0001,1618790400000.0
2021-04-19 08:00:00+00:00,-0.00043957,1618819200000.0
2021-04-19 12:00:00+00:00,-0.00043957,1618819200000.0
2021-04-19 16:00:00+00:00,0.0001,1618848000000.0
2021-04-19 20:00:00+00:00,0.0001,1618848000000.0
2021-04-20 00:00:00+00:00,0.0001,1618876800000.0
2021-04-20 04:00:00+00:00,0.0001,1618876800000.0
2021-04-20 08:00:00+00:00,0.0001,1618905600000.0
2021-04-20 12:00:00+00:00,0.0001,1618905600000.0
2021-04-20 16:00:00+00:00,7.554e-05,1618934400000.0
2021-04-20 20:00:00+00:00,7.554e-05,1618934400000.0
2021-04-21 00:00:00+00:00,0.0001,1618963200000.0
2021-04-21 04:00:00+00:00,0.0001,1618963200000.0
2021-04-21 08:00:00+00:00,0.0001,1618992000000.0
2021-04-21 12:00:00+00:00,0.0001,1618992000000.0
2021-04-21 16:00:00+00:00,0.0001,1619020800000.0
2021-04-21 20:00:00+00:00,0.0001,1619020800000.0
2021-04-22 00:00:00+00:00,0.0001,1619049600000.0
2021-04-22 04:00:00+00:00,0.0001,1619049600000.0
2021-04-22 08:00:00+00:00,0.0001,1619078400000.0
2021-04-22 12:00:00+00:00,0.0001,1619078400000.0
2021-04-22 16:00:00+00:00,0.00019294,1619107200000.0
2021-04-22 20:00:00+00:00,0.00019294,1619107200000.0
2021-04-23 00:00:00+00:00,0.00088786,1619136000000.0
2021-04-23 04:00:00+00:00,0.00088786,1619136000000.0
2021-04-23 08:00:00+00:00,0.00077137,1619164800000.0
2021-04-23 12:00:00+00:00,0.00077137,1619164800000.0
2021-04-23 16:00:00+00:00,0.0001,1619193600000.0
2021-04-23 20:00:00+00:00,0.0001,1619193600000.0
2021-04-24 00:00:00+00:00,-0.00038108,1619222400000.0
2021-04-24 04:00:00+00:00,-0.00038108,1619222400000.0
2021-04-24 08:00:00+00:00,5.971e-05,1619251200000.0
2021-04-24 12:00:00+00:00,5.971e-05,1619251200000.0
2021-04-24 16:00:00+00:00,-4.583e-05,1619280000000.0
2021-04-24 20:00:00+00:00,-4.583e-05,1619280000000.0
2021-04-25 00:00:00+00:00,0.0001,1619308800000.0
2021-04-25 04:00:00+00:00,0.0001,1619308800000.0
2021-04-25 08:00:00+00:00,0.0001,1619337600000.0
2021-04-25 12:00:00+00:00,0.0001,1619337600000.0
2021-04-25 16:00:00+00:00,0.0001,1619366400000.0
2021-04-25 20:00:00+00:00,0.0001,1619366400000.0
2021-04-26 00:00:00+00:00,0.0001,1619395200000.0
2021-04-26 04:00:00+00:00,0.0001,1619395200000.0
2021-04-26 08:00:00+00:00,0.0001,1619424000000.0
2021-04-26 12:00:00+00:00,0.0001,1619424000000.0
2021-04-26 16:00:00+00:00,0.0001,1619452800000.0
2021-04-26 20:00:00+00:00,0.0001,1619452800000.0
2021-04-27 00:00:00+00:00,0.0001,1619481600000.0
2021-04-27 04:00:00+00:00,0.0001,1619481600000.0
2021-04-27 08:00:00+00:00,0.0001,1619510400000.0
2021-04-27 12:00:00+00:00,0.0001,1619510400000.0
2021-04-27 16:00:00+00:00,0.0001,1619539200000.0
2021-04-27 20:00:00+00:00,0.0001,1619539200000.0
2021-04-28 00:00:00+00:00,0.00044019,1619568000000.0
2021-04-28 04:00:00+00:00,0.00044019,1619568000000.0
2021-04-28 08:00:00+00:00,0.00047695,1619596800000.0
2021-04-28 12:00:00+00:00,0.00047695,1619596800000.0
2021-04-28 16:00:00+00:00,0.00025924,1619625600000.0
2021-04-28 20:00:00+00:00,0.00025924,1619625600000.0
2021-04-29 00:00:00+00:00,0.0001963,1619654400000.0
2021-04-29 04:00:00+00:00,0.0001963,1619654400000.0
2021-04-29 08:00:00+00:00,0.00025387,1619683200000.0
2021-04-29 12:00:00+00:00,0.00025387,1619683200000.0
2021-04-29 16:00:00+00:00,0.00015425,1619712000000.0
2021-04-29 20:00:00+00:00,0.00015425,1619712000000.0
2021-04-30 00:00:00+00:00,0.00084005,1619740800000.0
2021-04-30 04:00:00+00:00,0.00084005,1619740800000.0
2021-04-30 08:00:00+00:00,0.00095708,1619769600000.0
2021-04-30 12:00:00+00:00,0.00095708,1619769600000.0
2021-04-30 16:00:00+00:00,0.0005066,1619798400000.0
2021-04-30 20:00:00+00:00,0.0005066,1619798400000.0
2021-05-01 00:00:00+00:00,0.0008163,1619827200000.0
2021-05-01 04:00:00+00:00,0.0008163,1619827200000.0
2021-05-01 08:00:00+00:00,0.00085828,1619856000000.0
2021-05-01 12:00:00+00:00,0.00085828,1619856000000.0
2021-05-01 16:00:00+00:00,0.00106869,1619884800000.0
2021-05-01 20:00:00+00:00,0.00106869,1619884800000.0
2021-05-02 00:00:00+00:00,0.00119674,1619913600000.0
2021-05-02 04:00:00+00:00,0.00119674,1619913600000.0
2021-05-02 08:00:00+00:00,0.00143491,1619942400000.0
2021-05-02 12:00:00+00:00,0.00143491,1619942400000.0
2021-05-02 16:00:00+00:00,0.0010963,1619971200000.0
2021-05-02 20:00:00+00:00,0.0010963,1619971200000.0
2021-05-03 00:00:00+00:00,0.0007637,1620000000000.0
2021-05-03 04:00:00+00:00,0.0007637,1620000000000.0
2021-05-03 08:00:00+00:00,0.00076919,1620028800000.0
2021-05-03 12:00:00+00:00,0.00076919,1620028800000.0
2021-05-03 16:00:00+00:00,0.00116216,1620057600000.0
2021-05-03 20:00:00+00:00,0.00116216,1620057600000.0
2021-05-04 00:00:00+00:00,0.0017588,1620086400000.0
2021-05-04 04:00:00+00:00,0.0017588,1620086400000.0
2021-05-04 08:00:00+00:00,0.00127129,1620115200000.0
2021-05-04 12:00:00+00:00,0.00127129,1620115200000.0
2021-05-04 16:00:00+00:00,0.0005897,1620144000000.0
2021-05-04 20:00:00+00:00,0.0005897,1620144000000.0
2021-05-05 00:00:00+00:00,0.00070442,1620172800000.0
2021-05-05 04:00:00+00:00,0.00070442,1620172800000.0
2021-05-05 08:00:00+00:00,0.00110136,1620201600000.0
2021-05-05 12:00:00+00:00,0.00110136,1620201600000.0
2021-05-05 16:00:00+00:00,0.00119739,1620230400000.0
2021-05-05 20:00:00+00:00,0.00119739,1620230400000.0
2021-05-06 00:00:00+00:00,0.00123201,1620259200000.0
2021-05-06 04:00:00+00:00,0.00123201,1620259200000.0
2021-05-06 08:00:00+00:00,0.0021345,1620288000000.0
2021-05-06 12:00:00+00:00,0.0021345,1620288000000.0
2021-05-06 16:00:00+00:00,0.0024857,1620316800000.0
2021-05-06 20:00:00+00:00,0.0024857,1620316800000.0
2021-05-07 00:00:00+00:00,0.00351012,1620345600000.0
2021-05-07 04:00:00+00:00,0.00351012,1620345600000.0
2021-05-07 08:00:00+00:00,0.00309583,1620374400000.0
2021-05-07 12:00:00+00:00,0.00309583,1620374400000.0
2021-05-07 16:00:00+00:00,0.00141887,1620403200000.0
2021-05-07 20:00:00+00:00,0.00141887,1620403200000.0
2021-05-08 00:00:00+00:00,0.00105047,1620432000000.0
2021-05-08 04:00:00+00:00,0.00105047,1620432000000.0
2021-05-08 08:00:00+00:00,0.00077918,1620460800000.0
2021-05-08 12:00:00+00:00,0.00077918,1620460800000.0
2021-05-08 16:00:00+00:00,0.000899,1620489600000.0
2021-05-08 20:00:00+00:00,0.000899,1620489600000.0
2021-05-09 00:00:00+00:00,0.00084506,1620518400000.0
2021-05-09 04:00:00+00:00,0.00084506,1620518400000.0
2021-05-09 08:00:00+00:00,0.00111058,1620547200000.0
2021-05-09 12:00:00+00:00,0.00111058,1620547200000.0
2021-05-09 16:00:00+00:00,0.00077769,1620576000000.0
2021-05-09 20:00:00+00:00,0.00077769,1620576000000.0
2021-05-10 00:00:00+00:00,0.00041093,1620604800000.0
2021-05-10 04:00:00+00:00,0.00041093,1620604800000.0
2021-05-10 08:00:00+00:00,0.00015442,1620633600000.0
2021-05-10 12:00:00+00:00,0.00015442,1620633600000.0
2021-05-10 16:00:00+00:00,0.00045004,1620662400000.0
2021-05-10 20:00:00+00:00,0.00045004,1620662400000.0
2021-05-11 00:00:00+00:00,0.00167458,1620691200000.0
2021-05-11 04:00:00+00:00,0.00167458,1620691200000.0
2021-05-11 08:00:00+00:00,0.00107874,1620720000000.0
2021-05-11 12:00:00+00:00,0.00107874,1620720000000.0
2021-05-11 16:00:00+00:00,0.00034803,1620748800000.0
2021-05-11 20:00:00+00:00,0.00034803,1620748800000.0
2021-05-12 00:00:00+00:00,0.00024747,1620777600000.0
2021-05-12 04:00:00+00:00,0.00024747,1620777600000.0
2021-05-12 08:00:00+00:00,0.0001,1620806400000.0
2021-05-12 12:00:00+00:00,0.0001,1620806400000.0
2021-05-12 16:00:00+00:00,0.00011612,1620835200000.0
2021-05-12 20:00:00+00:00,0.00011612,1620835200000.0
2021-05-13 00:00:00+00:00,0.00058277,1620864000000.0
2021-05-13 04:00:00+00:00,0.00058277,1620864000000.0
2021-05-13 08:00:00+00:00,0.00052487,1620892800000.0
2021-05-13 12:00:00+00:00,0.00052487,1620892800000.0
2021-05-13 16:00:00+00:00,0.0001,1620921600000.0
2021-05-13 20:00:00+00:00,0.0001,1620921600000.0
2021-05-14 00:00:00+00:00,0.00022269,1620950400000.0
2021-05-14 04:00:00+00:00,0.00022269,1620950400000.0
2021-05-14 08:00:00+00:00,0.00011344,1620979200000.0
2021-05-14 12:00:00+00:00,0.00011344,1620979200000.0
2021-05-14 16:00:00+00:00,0.00032144,1621008000000.0
2021-05-14 20:00:00+00:00,0.00032144,1621008000000.0
2021-05-15 00:00:00+00:00,0.00046459,1621036800000.0
2021-05-15 04:00:00+00:00,0.00046459,1621036800000.0
2021-05-15 08:00:00+00:00,0.00042164,1621065600000.0
2021-05-15 12:00:00+00:00,0.00042164,1621065600000.0
2021-05-15 16:00:00+00:00,0.00078143,1621094400000.0
2021-05-15 20:00:00+00:00,0.00078143,1621094400000.0
2021-05-16 00:00:00+00:00,0.0006093,1621123200000.0
2021-05-16 04:00:00+00:00,0.0006093,1621123200000.0
2021-05-16 08:00:00+00:00,0.0001,1621152000000.0
2021-05-16 12:00:00+00:00,0.0001,1621152000000.0
2021-05-16 16:00:00+00:00,0.0001,1621180800000.0
2021-05-16 20:00:00+00:00,0.0001,1621180800000.0
2021-05-17 00:00:00+00:00,0.00048026,1621209600000.0
2021-05-17 04:00:00+00:00,0.00048026,1621209600000.0
2021-05-17 08:00:00+00:00,0.00123548,1621238400000.0
2021-05-17 12:00:00+00:00,0.00123548,1621238400000.0
2021-05-17 16:00:00+00:00,0.00111011,1621267200000.0
2021-05-17 20:00:00+00:00,0.00111011,1621267200000.0
2021-05-18 00:00:00+00:00,0.00097434,1621296000000.0
2021-05-18 04:00:00+00:00,0.00097434,1621296000000.0
2021-05-18 08:00:00+00:00,0.0003545,1621324800000.0
2021-05-18 12:00:00+00:00,0.0003545,1621324800000.0
2021-05-18 16:00:00+00:00,0.00030195,1621353600000.0
2021-05-18 20:00:00+00:00,0.00030195,1621353600000.0
2021-05-19 00:00:00+00:00,0.00122415,1621382400000.0
2021-05-19 04:00:00+00:00,0.00122415,1621382400000.0
2021-05-19 08:00:00+00:00,0.00112267,1621411200000.0
2021-05-19 12:00:00+00:00,0.00112267,1621411200000.0
2021-05-19 16:00:00+00:00,0.00040177,1621440000000.0
2021-05-19 20:00:00+00:00,0.00040177,1621440000000.0
2021-05-20 00:00:00+00:00,-0.00061249,1621468800000.0
2021-05-20 04:00:00+00:00,-0.00061249,1621468800000.0
2021-05-20 08:00:00+00:00,-0.00133888,1621497600000.0
2021-05-20 12:00:00+00:00,-0.00133888,1621497600000.0
2021-05-20 16:00:00+00:00,-0.00069569,1621526400000.0
2021-05-20 20:00:00+00:00,-0.00069569,1621526400000.0
2021-05-21 00:00:00+00:00,-0.00057337,1621555200000.0
2021-05-21 04:00:00+00:00,-0.00057337,1621555200000.0
2021-05-21 08:00:00+00:00,-0.00014212,1621584000000.0
2021-05-21 12:00:00+00:00,-0.00014212,1621584000000.0
2021-05-21 16:00:00+00:00,-5.962e-05,1621612800000.0
2021-05-21 20:00:00+00:00,-5.962e-05,1621612800000.0
2021-05-22 00:00:00+00:00,7.213e-05,1621641600000.0
2021-05-22 04:00:00+00:00,7.213e-05,1621641600000.0
2021-05-22 08:00:00+00:00,0.0001,1621670400000.0
2021-05-22 12:00:00+00:00,0.0001,1621670400000.0
2021-05-22 16:00:00+00:00,0.0001,1621699200000.0
2021-05-22 20:00:00+00:00,0.0001,1621699200000.0
2021-05-23 00:00:00+00:00,0.0001,1621728000000.0
2021-05-23 04:00:00+00:00,0.0001,1621728000000.0
2021-05-23 08:00:00+00:00,0.0001,1621756800000.0
2021-05-23 12:00:00+00:00,0.0001,1621756800000.0
2021-05-23 16:00:00+00:00,-6.93e-06,1621785600000.0
2021-05-23 20:00:00+00:00,-6.93e-06,1621785600000.0
2021-05-24 00:00:00+00:00,-0.0001663,1621814400000.0
2021-05-24 04:00:00+00:00,-0.0001663,1621814400000.0
2021-05-24 08:00:00+00:00,-0.0010375,1621843200000.0
2021-05-24 12:00:00+00:00,-0.0010375,1621843200000.0
2021-05-24 16:00:00+00:00,-0.00060262,1621872000000.0
2021-05-24 20:00:00+00:00,-0.00060262,1621872000000.0
2021-05-25 00:00:00+00:00,-0.00037601,1621900800000.0
2021-05-25 04:00:00+00:00,-0.00037601,1621900800000.0
2021-05-25 08:00:00+00:00,0.0001,1621929600000.0
2021-05-25 12:00:00+00:00,0.0001,1621929600000.0
2021-05-25 16:00:00+00:00,0.0001,1621958400000.0
2021-05-25 20:00:00+00:00,0.0001,1621958400000.0
2021-05-26 00:00:00+00:00,0.0001,1621987200000.0
2021-05-26 04:00:00+00:00,0.0001,1621987200000.0
2021-05-26 08:00:00+00:00,0.0001,1622016000000.0
2021-05-26 12:00:00+00:00,0.0001,1622016000000.0
2021-05-26 16:00:00+00:00,0.0001,1622044800000.0
2021-05-26 20:00:00+00:00,0.0001,1622044800000.0
2021-05-27 00:00:00+00:00,0.00020968,1622073600000.0
2021-05-27 04:00:00+00:00,0.00020968,1622073600000.0
2021-05-27 08:00:00+00:00,0.0001,1622102400000.0
2021-05-27 12:00:00+00:00,0.0001,1622102400000.0
2021-05-27 16:00:00+00:00,0.0001,1622131200000.0
2021-05-27 20:00:00+00:00,0.0001,1622131200000.0
2021-05-28 00:00:00+00:00,0.0001,1622160000000.0
2021-05-28 04:00:00+00:00,0.0001,1622160000000.0
2021-05-28 08:00:00+00:00,0.00047846,1622188800000.0
2021-05-28 12:00:00+00:00,0.00047846,1622188800000.0
2021-05-28 16:00:00+00:00,0.0001,1622217600000.0
2021-05-28 20:00:00+00:00,0.0001,1622217600000.0
2021-05-29 00:00:00+00:00,0.00016199,1622246400000.0
2021-05-29 04:00:00+00:00,0.00016199,1622246400000.0
2021-05-29 08:00:00+00:00,0.00040008,1622275200000.0
2021-05-29 12:00:00+00:00,0.00040008,1622275200000.0
2021-05-29 16:00:00+00:00,0.00087738,1622304000000.0
2021-05-29 20:00:00+00:00,0.00087738,1622304000000.0
2021-05-30 00:00:00+00:00,0.00061661,1622332800000.0
2021-05-30 04:00:00+00:00,0.00061661,1622332800000.0
2021-05-30 08:00:00+00:00,0.0001,1622361600000.0
2021-05-30 12:00:00+00:00,0.0001,1622361600000.0
2021-05-30 16:00:00+00:00,0.0001,1622390400000.0
2021-05-30 20:00:00+00:00,0.0001,1622390400000.0
2021-05-31 00:00:00+00:00,0.00035252,1622419200000.0
2021-05-31 04:00:00+00:00,0.00035252,1622419200000.0
2021-05-31 08:00:00+00:00,0.00050824,1622448000000.0
2021-05-31 12:00:00+00:00,0.00050824,1622448000000.0
2021-05-31 16:00:00+00:00,0.0001,1622476800000.0
2021-05-31 20:00:00+00:00,0.0001,1622476800000.0
2021-06-01 00:00:00+00:00,0.0001,1622505600000.0
2021-06-01 04:00:00+00:00,0.0001,1622505600000.0
2021-06-01 08:00:00+00:00,0.00016785,1622534400000.0
2021-06-01 12:00:00+00:00,0.00016785,1622534400000.0
2021-06-01 16:00:00+00:00,0.0001,1622563200000.0
2021-06-01 20:00:00+00:00,0.0001,1622563200000.0
2021-06-02 00:00:00+00:00,0.0001,1622592000000.0
2021-06-02 04:00:00+00:00,0.0001,1622592000000.0
2021-06-02 08:00:00+00:00,0.0001,1622620800000.0
2021-06-02 12:00:00+00:00,0.0001,1622620800000.0
2021-06-02 16:00:00+00:00,0.0001,1622649600000.0
2021-06-02 20:00:00+00:00,0.0001,1622649600000.0
2021-06-03 00:00:00+00:00,-2.108e-05,1622678400000.0
2021-06-03 04:00:00+00:00,-2.108e-05,1622678400000.0
2021-06-03 08:00:00+00:00,0.0001,1622707200000.0
2021-06-03 12:00:00+00:00,0.0001,1622707200000.0
2021-06-03 16:00:00+00:00,0.0001,1622736000000.0
2021-06-03 20:00:00+00:00,0.0001,1622736000000.0
2021-06-04 00:00:00+00:00,0.0001,1622764800000.0
2021-06-04 04:00:00+00:00,0.0001,1622764800000.0
2021-06-04 08:00:00+00:00,0.0001,1622793600000.0
2021-06-04 12:00:00+00:00,0.0001,1622793600000.0
2021-06-04 16:00:00+00:00,0.0001,1622822400000.0
2021-06-04 20:00:00+00:00,0.0001,1622822400000.0
2021-06-05 00:00:00+00:00,0.0001,1622851200000.0
2021-06-05 04:00:00+00:00,0.0001,1622851200000.0
2021-06-05 08:00:00+00:00,0.0001,1622880000000.0
2021-06-05 12:00:00+00:00,0.0001,1622880000000.0
2021-06-05 16:00:00+00:00,0.0001,1622908800000.0
2021-06-05 20:00:00+00:00,0.0001,1622908800000.0
2021-06-06 00:00:00+00:00,0.0001,1622937600000.0
2021-06-06 04:00:00+00:00,0.0001,1622937600000.0
2021-06-06 08:00:00+00:00,0.0001,1622966400000.0
2021-06-06 12:00:00+00:00,0.0001,1622966400000.0
2021-06-06 16:00:00+00:00,0.0001,1622995200000.0
2021-06-06 20:00:00+00:00,0.0001,1622995200000.0
2021-06-07 00:00:00+00:00,0.0001,1623024000000.0
2021-06-07 04:00:00+00:00,0.0001,1623024000000.0
2021-06-07 08:00:00+00:00,0.0001,1623052800000.0
2021-06-07 12:00:00+00:00,0.0001,1623052800000.0
2021-06-07 16:00:00+00:00,0.0001,1623081600000.0
2021-06-07 20:00:00+00:00,0.0001,1623081600000.0
2021-06-08 00:00:00+00:00,0.0001,1623110400000.0
2021-06-08 04:00:00+00:00,0.0001,1623110400000.0
2021-06-08 08:00:00+00:00,0.0001,1623139200000.0
2021-06-08 12:00:00+00:00,0.0001,1623139200000.0
2021-06-08 16:00:00+00:00,-5.088e-05,1623168000000.0
2021-06-08 20:00:00+00:00,-5.088e-05,1623168000000.0
2021-06-09 00:00:00+00:00,1.582e-05,1623196800000.0
2021-06-09 04:00:00+00:00,1.582e-05,1623196800000.0
2021-06-09 08:00:00+00:00,-0.00010465,1623225600000.0
2021-06-09 12:00:00+00:00,-0.00010465,1623225600000.0
2021-06-09 16:00:00+00:00,-2.147e-05,1623254400000.0
2021-06-09 20:00:00+00:00,-2.147e-05,1623254400000.0
2021-06-10 00:00:00+00:00,-0.00019642,1623283200000.0
2021-06-10 04:00:00+00:00,-0.00019642,1623283200000.0
2021-06-10 08:00:00+00:00,-6.19e-06,1623312000000.0
2021-06-10 12:00:00+00:00,-6.19e-06,1623312000000.0
2021-06-10 16:00:00+00:00,0.0001,1623340800000.0
2021-06-10 20:00:00+00:00,0.0001,1623340800000.0
2021-06-11 00:00:00+00:00,0.0001,1623369600000.0
2021-06-11 04:00:00+00:00,0.0001,1623369600000.0
2021-06-11 08:00:00+00:00,0.0001,1623398400000.0
2021-06-11 12:00:00+00:00,0.0001,1623398400000.0
2021-06-11 16:00:00+00:00,0.0001,1623427200000.0
2021-06-11 20:00:00+00:00,0.0001,1623427200000.0
2021-06-12 00:00:00+00:00,0.0001,1623456000000.0
2021-06-12 04:00:00+00:00,0.0001,1623456000000.0
2021-06-12 08:00:00+00:00,0.0001,1623484800000.0
2021-06-12 12:00:00+00:00,0.0001,1623484800000.0
2021-06-12 16:00:00+00:00,0.0001,1623513600000.0
2021-06-12 20:00:00+00:00,0.0001,1623513600000.0
2021-06-13 00:00:00+00:00,0.0001,1623542400000.0
2021-06-13 04:00:00+00:00,0.0001,1623542400000.0
2021-06-13 08:00:00+00:00,-7.036e-05,1623571200000.0
2021-06-13 12:00:00+00:00,-7.036e-05,1623571200000.0
2021-06-13 16:00:00+00:00,0.0001,1623600000000.0
2021-06-13 20:00:00+00:00,0.0001,1623600000000.0
2021-06-14 00:00:00+00:00,0.0001,1623628800000.0
2021-06-14 04:00:00+00:00,0.0001,1623628800000.0
2021-06-14 08:00:00+00:00,4.708e-05,1623657600000.0
2021-06-14 12:00:00+00:00,4.708e-05,1623657600000.0
2021-06-14 16:00:00+00:00,0.0001,1623686400000.0
2021-06-14 20:00:00+00:00,0.0001,1623686400000.0
2021-06-15 00:00:00+00:00,0.0001,1623715200000.0
2021-06-15 04:00:00+00:00,0.0001,1623715200000.0
2021-06-15 08:00:00+00:00,0.0001,1623744000000.0
2021-06-15 12:00:00+00:00,0.0001,1623744000000.0
2021-06-15 16:00:00+00:00,0.0001,1623772800000.0
2021-06-15 20:00:00+00:00,0.0001,1623772800000.0
2021-06-16 00:00:00+00:00,0.0001,1623801600000.0
2021-06-16 04:00:00+00:00,0.0001,1623801600000.0
2021-06-16 08:00:00+00:00,0.0001,1623830400000.0
2021-06-16 12:00:00+00:00,0.0001,1623830400000.0
2021-06-16 16:00:00+00:00,0.0001,1623859200000.0
2021-06-16 20:00:00+00:00,0.0001,1623859200000.0
2021-06-17 00:00:00+00:00,0.0001,1623888000000.0
2021-06-17 04:00:00+00:00,0.0001,1623888000000.0
2021-06-17 08:00:00+00:00,0.0001,1623916800000.0
2021-06-17 12:00:00+00:00,0.0001,1623916800000.0
2021-06-17 16:00:00+00:00,0.0001,1623945600000.0
2021-06-17 20:00:00+00:00,0.0001,1623945600000.0
2021-06-18 00:00:00+00:00,0.0001,1623974400000.0
2021-06-18 04:00:00+00:00,0.0001,1623974400000.0
2021-06-18 08:00:00+00:00,0.0001,1624003200000.0
2021-06-18 12:00:00+00:00,0.0001,1624003200000.0
2021-06-18 16:00:00+00:00,0.0001,1624032000000.0
2021-06-18 20:00:00+00:00,0.0001,1624032000000.0
2021-06-19 00:00:00+00:00,0.0001,1624060800000.0
2021-06-19 04:00:00+00:00,0.0001,1624060800000.0
2021-06-19 08:00:00+00:00,0.0001,1624089600000.0
2021-06-19 12:00:00+00:00,0.0001,1624089600000.0
2021-06-19 16:00:00+00:00,0.0001,1624118400000.0
2021-06-19 20:00:00+00:00,0.0001,1624118400000.0
2021-06-20 00:00:00+00:00,0.0001,1624147200000.0
2021-06-20 04:00:00+00:00,0.0001,1624147200000.0
2021-06-20 08:00:00+00:00,0.0001,1624176000000.0
2021-06-20 12:00:00+00:00,0.0001,1624176000000.0
2021-06-20 16:00:00+00:00,0.0001,1624204800000.0
2021-06-20 20:00:00+00:00,0.0001,1624204800000.0
2021-06-21 00:00:00+00:00,9.635e-05,1624233600000.0
2021-06-21 04:00:00+00:00,9.635e-05,1624233600000.0
2021-06-21 08:00:00+00:00,0.0001,1624262400000.0
2021-06-21 12:00:00+00:00,0.0001,1624262400000.0
2021-06-21 16:00:00+00:00,0.0001,1624291200000.0
2021-06-21 20:00:00+00:00,0.0001,1624291200000.0
2021-06-22 00:00:00+00:00,-0.00028784,1624320000000.0
2021-06-22 04:00:00+00:00,-0.00028784,1624320000000.0
2021-06-22 08:00:00+00:00,-7.172e-05,1624348800000.0
2021-06-22 12:00:00+00:00,-7.172e-05,1624348800000.0
2021-06-22 16:00:00+00:00,-8.41e-05,1624377600000.0
2021-06-22 20:00:00+00:00,-8.41e-05,1624377600000.0
2021-06-23 00:00:00+00:00,-0.00036947,1624406400000.0
2021-06-23 04:00:00+00:00,-0.00036947,1624406400000.0
2021-06-23 08:00:00+00:00,-0.00037175,1624435200000.0
2021-06-23 12:00:00+00:00,-0.00037175,1624435200000.0
2021-06-23 16:00:00+00:00,-0.00051992,1624464000000.0
2021-06-23 20:00:00+00:00,-0.00051992,1624464000000.0
2021-06-24 00:00:00+00:00,-0.00042959,1624492800000.0
2021-06-24 04:00:00+00:00,-0.00042959,1624492800000.0
2021-06-24 08:00:00+00:00,-0.00037079,1624521600000.0
2021-06-24 12:00:00+00:00,-0.00037079,1624521600000.0
2021-06-24 16:00:00+00:00,-0.00064118,1624550400000.0
2021-06-24 20:00:00+00:00,-0.00064118,1624550400000.0
2021-06-25 00:00:00+00:00,-0.0005162,1624579200000.0
2021-06-25 04:00:00+00:00,-0.0005162,1624579200000.0
2021-06-25 08:00:00+00:00,-0.00064049,1624608000000.0
2021-06-25 12:00:00+00:00,-0.00064049,1624608000000.0
2021-06-25 16:00:00+00:00,-0.00029364,1624636800000.0
2021-06-25 20:00:00+00:00,-0.00029364,1624636800000.0
2021-06-26 00:00:00+00:00,-6.204e-05,1624665600000.0
2021-06-26 04:00:00+00:00,-6.204e-05,1624665600000.0
2021-06-26 08:00:00+00:00,0.0001,1624694400000.0
2021-06-26 12:00:00+00:00,0.0001,1624694400000.0
2021-06-26 16:00:00+00:00,8.71e-05,1624723200000.0
2021-06-26 20:00:00+00:00,8.71e-05,1624723200000.0
2021-06-27 00:00:00+00:00,-0.00018777,1624752000000.0
2021-06-27 04:00:00+00:00,-0.00018777,1624752000000.0
2021-06-27 08:00:00+00:00,-0.00019989,1624780800000.0
2021-06-27 12:00:00+00:00,-0.00019989,1624780800000.0
2021-06-27 16:00:00+00:00,-0.00013724,1624809600000.0
2021-06-27 20:00:00+00:00,-0.00013724,1624809600000.0
2021-06-28 00:00:00+00:00,-0.00015015,1624838400000.0
2021-06-28 04:00:00+00:00,-0.00015015,1624838400000.0
2021-06-28 08:00:00+00:00,-0.00013839,1624867200000.0
2021-06-28 12:00:00+00:00,-0.00013839,1624867200000.0
2021-06-28 16:00:00+00:00,0.0001,1624896000000.0
2021-06-28 20:00:00+00:00,0.0001,1624896000000.0
2021-06-29 00:00:00+00:00,0.0001,1624924800000.0
2021-06-29 04:00:00+00:00,0.0001,1624924800000.0
2021-06-29 08:00:00+00:00,0.0001,1624953600000.0
2021-06-29 12:00:00+00:00,0.0001,1624953600000.0
2021-06-29 16:00:00+00:00,0.0001,1624982400000.0
2021-06-29 20:00:00+00:00,0.0001,1624982400000.0
2021-06-30 00:00:00+00:00,0.0001,1625011200000.0
2021-06-30 04:00:00+00:00,0.0001,1625011200000.0
2021-06-30 08:00:00+00:00,0.0001,1625040000000.0
2021-06-30 12:00:00+00:00,0.0001,1625040000000.0
2021-06-30 16:00:00+00:00,0.0001,1625068800000.0
2021-06-30 20:00:00+00:00,0.0001,1625068800000.0
2021-07-01 00:00:00+00:00,0.0001,1625097600000.0
2021-07-01 04:00:00+00:00,0.0001,1625097600000.0
2021-07-01 08:00:00+00:00,0.0001,1625126400000.0
2021-07-01 12:00:00+00:00,0.0001,1625126400000.0
2021-07-01 16:00:00+00:00,0.0001,1625155200000.0
2021-07-01 20:00:00+00:00,0.0001,1625155200000.0
2021-07-02 00:00:00+00:00,2.777e-05,1625184000000.0
2021-07-02 04:00:00+00:00,2.777e-05,1625184000000.0
2021-07-02 08:00:00+00:00,0.0001,1625212800000.0
2021-07-02 12:00:00+00:00,0.0001,1625212800000.0
2021-07-02 16:00:00+00:00,9.113e-05,1625241600000.0
2021-07-02 20:00:00+00:00,9.113e-05,1625241600000.0
2021-07-03 00:00:00+00:00,-4.531e-05,1625270400000.0
2021-07-03 04:00:00+00:00,-4.531e-05,1625270400000.0
2021-07-03 08:00:00+00:00,-6.91e-06,1625299200000.0
2021-07-03 12:00:00+00:00,-6.91e-06,1625299200000.0
2021-07-03 16:00:00+00:00,8.373e-05,1625328000000.0
2021-07-03 20:00:00+00:00,8.373e-05,1625328000000.0
2021-07-04 00:00:00+00:00,0.0001,1625356800000.0
2021-07-04 04:00:00+00:00,0.0001,1625356800000.0
2021-07-04 08:00:00+00:00,0.0001,1625385600000.0
2021-07-04 12:00:00+00:00,0.0001,1625385600000.0
2021-07-04 16:00:00+00:00,0.0001,1625414400000.0
2021-07-04 20:00:00+00:00,0.0001,1625414400000.0
2021-07-05 00:00:00+00:00,0.0001,1625443200000.0
2021-07-05 04:00:00+00:00,0.0001,1625443200000.0
2021-07-05 08:00:00+00:00,0.0001,1625472000000.0
2021-07-05 12:00:00+00:00,0.0001,1625472000000.0
2021-07-05 16:00:00+00:00,0.0001,1625500800000.0
2021-07-05 20:00:00+00:00,0.0001,1625500800000.0
2021-07-06 00:00:00+00:00,0.0001,1625529600000.0
2021-07-06 04:00:00+00:00,0.0001,1625529600000.0
2021-07-06 08:00:00+00:00,-2.836e-05,1625558400000.0
2021-07-06 12:00:00+00:00,-2.836e-05,1625558400000.0
2021-07-06 16:00:00+00:00,1.632e-05,1625587200000.0
2021-07-06 20:00:00+00:00,1.632e-05,1625587200000.0
2021-07-07 00:00:00+00:00,5.49e-06,1625616000000.0
2021-07-07 04:00:00+00:00,5.49e-06,1625616000000.0
2021-07-07 08:00:00+00:00,-4.497e-05,1625644800000.0
2021-07-07 12:00:00+00:00,-4.497e-05,1625644800000.0
2021-07-07 16:00:00+00:00,5.833e-05,1625673600000.0
2021-07-07 20:00:00+00:00,5.833e-05,1625673600000.0
2021-07-08 00:00:00+00:00,0.0001,1625702400000.0
2021-07-08 04:00:00+00:00,0.0001,1625702400000.0
2021-07-08 08:00:00+00:00,0.0001,1625731200000.0
2021-07-08 12:00:00+00:00,0.0001,1625731200000.0
2021-07-08 16:00:00+00:00,0.0001,1625760000000.0
2021-07-08 20:00:00+00:00,0.0001,1625760000000.0
2021-07-09 00:00:00+00:00,0.0001,1625788800000.0
2021-07-09 04:00:00+00:00,0.0001,1625788800000.0
2021-07-09 08:00:00+00:00,0.0001,1625817600000.0
2021-07-09 12:00:00+00:00,0.0001,1625817600000.0
2021-07-09 16:00:00+00:00,-3.14e-06,1625846400000.0
2021-07-09 20:00:00+00:00,-3.14e-06,1625846400000.0
2021-07-10 00:00:00+00:00,-5.67e-05,1625875200000.0
2021-07-10 04:00:00+00:00,-5.67e-05,1625875200000.0
2021-07-10 08:00:00+00:00,4.69e-05,1625904000000.0
2021-07-10 12:00:00+00:00,4.69e-05,1625904000000.0
2021-07-10 16:00:00+00:00,7.214e-05,1625932800000.0
2021-07-10 20:00:00+00:00,7.214e-05,1625932800000.0
2021-07-11 00:00:00+00:00,0.0001,1625961600000.0
2021-07-11 04:00:00+00:00,0.0001,1625961600000.0
2021-07-11 08:00:00+00:00,6.094e-05,1625990400000.0
2021-07-11 12:00:00+00:00,6.094e-05,1625990400000.0
2021-07-11 16:00:00+00:00,0.0001,1626019200000.0
2021-07-11 20:00:00+00:00,0.0001,1626019200000.0
2021-07-12 00:00:00+00:00,8.23e-06,1626048000000.0
2021-07-12 04:00:00+00:00,8.23e-06,1626048000000.0
2021-07-12 08:00:00+00:00,2.797e-05,1626076800000.0
2021-07-12 12:00:00+00:00,2.797e-05,1626076800000.0
2021-07-12 16:00:00+00:00,7.39e-06,1626105600000.0
2021-07-12 20:00:00+00:00,7.39e-06,1626105600000.0
2021-07-13 00:00:00+00:00,0.0001,1626134400000.0
2021-07-13 04:00:00+00:00,0.0001,1626134400000.0
2021-07-13 08:00:00+00:00,0.0001,1626163200000.0
2021-07-13 12:00:00+00:00,0.0001,1626163200000.0
2021-07-13 16:00:00+00:00,0.0001,1626192000000.0
2021-07-13 20:00:00+00:00,0.0001,1626192000000.0
2021-07-14 00:00:00+00:00,0.0001,1626220800000.0
2021-07-14 04:00:00+00:00,0.0001,1626220800000.0
2021-07-14 08:00:00+00:00,0.0001,1626249600000.0
2021-07-14 12:00:00+00:00,0.0001,1626249600000.0
2021-07-14 16:00:00+00:00,9.751e-05,1626278400000.0
2021-07-14 20:00:00+00:00,9.751e-05,1626278400000.0
2021-07-15 00:00:00+00:00,-1.986e-05,1626307200000.0
2021-07-15 04:00:00+00:00,-1.986e-05,1626307200000.0
2021-07-15 08:00:00+00:00,0.0001,1626336000000.0
2021-07-15 12:00:00+00:00,0.0001,1626336000000.0
2021-07-15 16:00:00+00:00,0.0001,1626364800000.0
2021-07-15 20:00:00+00:00,0.0001,1626364800000.0
2021-07-16 00:00:00+00:00,0.0001,1626393600000.0
2021-07-16 04:00:00+00:00,0.0001,1626393600000.0
2021-07-16 08:00:00+00:00,0.0001,1626422400000.0
2021-07-16 12:00:00+00:00,0.0001,1626422400000.0
2021-07-16 16:00:00+00:00,0.0001,1626451200000.0
2021-07-16 20:00:00+00:00,0.0001,1626451200000.0
2021-07-17 00:00:00+00:00,0.0001,1626480000000.0
2021-07-17 04:00:00+00:00,0.0001,1626480000000.0
2021-07-17 08:00:00+00:00,0.0001,1626508800000.0
2021-07-17 12:00:00+00:00,0.0001,1626508800000.0
2021-07-17 16:00:00+00:00,0.0001,1626537600000.0
2021-07-17 20:00:00+00:00,0.0001,1626537600000.0
2021-07-18 00:00:00+00:00,0.0001,1626566400000.0
2021-07-18 04:00:00+00:00,0.0001,1626566400000.0
2021-07-18 08:00:00+00:00,0.0001,1626595200000.0
2021-07-18 12:00:00+00:00,0.0001,1626595200000.0
2021-07-18 16:00:00+00:00,0.0001,1626624000000.0
2021-07-18 20:00:00+00:00,0.0001,1626624000000.0
2021-07-19 00:00:00+00:00,0.0001,1626652800000.0
2021-07-19 04:00:00+00:00,0.0001,1626652800000.0
2021-07-19 08:00:00+00:00,2.407e-05,1626681600000.0
2021-07-19 12:00:00+00:00,2.407e-05,1626681600000.0
2021-07-19 16:00:00+00:00,-1.698e-05,1626710400000.0
2021-07-19 20:00:00+00:00,-1.698e-05,1626710400000.0
2021-07-20 00:00:00+00:00,0.0001,1626739200000.0
2021-07-20 04:00:00+00:00,0.0001,1626739200000.0
2021-07-20 08:00:00+00:00,5.261e-05,1626768000000.0
2021-07-20 12:00:00+00:00,5.261e-05,1626768000000.0
2021-07-20 16:00:00+00:00,-0.00011821,1626796800000.0
2021-07-20 20:00:00+00:00,-0.00011821,1626796800000.0
2021-07-21 00:00:00+00:00,-0.00026985,1626825600000.0
2021-07-21 04:00:00+00:00,-0.00026985,1626825600000.0
2021-07-21 08:00:00+00:00,-0.00045211,1626854400000.0
2021-07-21 12:00:00+00:00,-0.00045211,1626854400000.0
2021-07-21 16:00:00+00:00,-0.00043831,1626883200000.0
2021-07-21 20:00:00+00:00,-0.00043831,1626883200000.0
2021-07-22 00:00:00+00:00,-0.00071934,1626912000000.0
2021-07-22 04:00:00+00:00,-0.00071934,1626912000000.0
2021-07-22 08:00:00+00:00,-0.00021228,1626940800000.0
2021-07-22 12:00:00+00:00,-0.00021228,1626940800000.0
2021-07-22 16:00:00+00:00,8.342e-05,1626969600000.0
2021-07-22 20:00:00+00:00,8.342e-05,1626969600000.0
2021-07-23 00:00:00+00:00,9.041e-05,1626998400000.0
2021-07-23 04:00:00+00:00,9.041e-05,1626998400000.0
2021-07-23 08:00:00+00:00,0.0001,1627027200000.0
2021-07-23 12:00:00+00:00,0.0001,1627027200000.0
2021-07-23 16:00:00+00:00,0.0001,1627056000000.0
2021-07-23 20:00:00+00:00,0.0001,1627056000000.0
2021-07-24 00:00:00+00:00,0.0001,1627084800000.0
2021-07-24 04:00:00+00:00,0.0001,1627084800000.0
2021-07-24 08:00:00+00:00,0.0001,1627113600000.0
2021-07-24 12:00:00+00:00,0.0001,1627113600000.0
2021-07-24 16:00:00+00:00,0.0001,1627142400000.0
2021-07-24 20:00:00+00:00,0.0001,1627142400000.0
2021-07-25 00:00:00+00:00,0.0001,1627171200000.0
2021-07-25 04:00:00+00:00,0.0001,1627171200000.0
2021-07-25 08:00:00+00:00,0.0001,1627200000000.0
2021-07-25 12:00:00+00:00,0.0001,1627200000000.0
2021-07-25 16:00:00+00:00,0.0001,1627228800000.0
2021-07-25 20:00:00+00:00,0.0001,1627228800000.0
2021-07-26 00:00:00+00:00,0.0001,1627257600000.0
2021-07-26 04:00:00+00:00,0.0001,1627257600000.0
2021-07-26 08:00:00+00:00,0.0001,1627286400000.0
2021-07-26 12:00:00+00:00,0.0001,1627286400000.0
2021-07-26 16:00:00+00:00,0.0001,1627315200000.0
2021-07-26 20:00:00+00:00,0.0001,1627315200000.0
2021-07-27 00:00:00+00:00,0.00016876,1627344000000.0
2021-07-27 04:00:00+00:00,0.00016876,1627344000000.0
2021-07-27 08:00:00+00:00,0.0001,1627372800000.0
2021-07-27 12:00:00+00:00,0.0001,1627372800000.0
2021-07-27 16:00:00+00:00,0.0001,1627401600000.0
2021-07-27 20:00:00+00:00,0.0001,1627401600000.0
2021-07-28 00:00:00+00:00,0.0001,1627430400000.0
2021-07-28 04:00:00+00:00,0.0001,1627430400000.0
2021-07-28 08:00:00+00:00,0.0001,1627459200000.0
2021-07-28 12:00:00+00:00,0.0001,1627459200000.0
2021-07-28 16:00:00+00:00,0.0001,1627488000000.0
2021-07-28 20:00:00+00:00,0.0001,1627488000000.0
2021-07-29 00:00:00+00:00,0.0001,1627516800000.0
2021-07-29 04:00:00+00:00,0.0001,1627516800000.0
2021-07-29 08:00:00+00:00,0.0001,1627545600000.0
2021-07-29 12:00:00+00:00,0.0001,1627545600000.0
2021-07-29 16:00:00+00:00,0.00020661,1627574400000.0
2021-07-29 20:00:00+00:00,0.00020661,1627574400000.0
2021-07-30 00:00:00+00:00,0.00013837,1627603200000.0
2021-07-30 04:00:00+00:00,0.00013837,1627603200000.0
2021-07-30 08:00:00+00:00,0.0001,1627632000000.0
2021-07-30 12:00:00+00:00,0.0001,1627632000000.0
2021-07-30 16:00:00+00:00,0.0001,1627660800000.0
2021-07-30 20:00:00+00:00,0.0001,1627660800000.0
2021-07-31 00:00:00+00:00,0.0001,1627689600000.0
2021-07-31 04:00:00+00:00,0.0001,1627689600000.0
2021-07-31 08:00:00+00:00,0.0001,1627718400000.0
2021-07-31 12:00:00+00:00,0.0001,1627718400000.0
2021-07-31 16:00:00+00:00,0.0001,1627747200000.0
2021-07-31 20:00:00+00:00,0.0001,1627747200000.0
2021-08-01 00:00:00+00:00,0.0001,1627776000000.0
2021-08-01 04:00:00+00:00,0.0001,1627776000000.0
2021-08-01 08:00:00+00:00,0.0001,1627804800000.0
2021-08-01 12:00:00+00:00,0.0001,1627804800000.0
2021-08-01 16:00:00+00:00,0.0001,1627833600000.0
2021-08-01 20:00:00+00:00,0.0001,1627833600000.0
2021-08-02 00:00:00+00:00,0.00024053,1627862400000.0
2021-08-02 04:00:00+00:00,0.00024053,1627862400000.0
2021-08-02 08:00:00+00:00,0.00016167,1627891200000.0
2021-08-02 12:00:00+00:00,0.00016167,1627891200000.0
2021-08-02 16:00:00+00:00,0.0001,1627920000000.0
2021-08-02 20:00:00+00:00,0.0001,1627920000000.0
2021-08-03 00:00:00+00:00,0.0001,1627948800000.0
2021-08-03 04:00:00+00:00,0.0001,1627948800000.0
2021-08-03 08:00:00+00:00,0.0001,1627977600000.0
2021-08-03 12:00:00+00:00,0.0001,1627977600000.0
2021-08-03 16:00:00+00:00,0.0001,1628006400000.0
2021-08-03 20:00:00+00:00,0.0001,1628006400000.0
2021-08-04 00:00:00+00:00,0.0001,1628035200000.0
2021-08-04 04:00:00+00:00,0.0001,1628035200000.0
2021-08-04 08:00:00+00:00,0.0001,1628064000000.0
2021-08-04 12:00:00+00:00,0.0001,1628064000000.0
2021-08-04 16:00:00+00:00,0.0001,1628092800000.0
2021-08-04 20:00:00+00:00,0.0001,1628092800000.0
2021-08-05 00:00:00+00:00,0.0001,1628121600000.0
2021-08-05 04:00:00+00:00,0.0001,1628121600000.0
2021-08-05 08:00:00+00:00,0.0001,1628150400000.0
2021-08-05 12:00:00+00:00,0.0001,1628150400000.0
2021-08-05 16:00:00+00:00,0.0001,1628179200000.0
2021-08-05 20:00:00+00:00,0.0001,1628179200000.0
2021-08-06 00:00:00+00:00,0.0001,1628208000000.0
2021-08-06 04:00:00+00:00,0.0001,1628208000000.0
2021-08-06 08:00:00+00:00,0.0001,1628236800000.0
2021-08-06 12:00:00+00:00,0.0001,1628236800000.0
2021-08-06 16:00:00+00:00,0.00027156,1628265600000.0
2021-08-06 20:00:00+00:00,0.00027156,1628265600000.0
2021-08-07 00:00:00+00:00,0.00040034,1628294400000.0
2021-08-07 04:00:00+00:00,0.00040034,1628294400000.0
2021-08-07 08:00:00+00:00,0.0005891,1628323200000.0
2021-08-07 12:00:00+00:00,0.0005891,1628323200000.0
2021-08-07 16:00:00+00:00,0.00093998,1628352000000.0
2021-08-07 20:00:00+00:00,0.00093998,1628352000000.0
2021-08-08 00:00:00+00:00,0.00062257,1628380800000.0
2021-08-08 04:00:00+00:00,0.00062257,1628380800000.0
2021-08-08 08:00:00+00:00,0.00015282,1628409600000.0
2021-08-08 12:00:00+00:00,0.00015282,1628409600000.0
2021-08-08 16:00:00+00:00,0.0001,1628438400000.0
2021-08-08 20:00:00+00:00,0.0001,1628438400000.0
2021-08-09 00:00:00+00:00,0.0001,1628467200000.0
2021-08-09 04:00:00+00:00,0.0001,1628467200000.0
2021-08-09 08:00:00+00:00,0.0001,1628496000000.0
2021-08-09 12:00:00+00:00,0.0001,1628496000000.0
2021-08-09 16:00:00+00:00,0.0001,1628524800000.0
2021-08-09 20:00:00+00:00,0.0001,1628524800000.0
2021-08-10 00:00:00+00:00,0.0001,1628553600000.0
2021-08-10 04:00:00+00:00,0.0001,1628553600000.0
2021-08-10 08:00:00+00:00,0.00032339,1628582400000.0
2021-08-10 12:00:00+00:00,0.00032339,1628582400000.0
2021-08-10 16:00:00+00:00,0.000836,1628611200000.0
2021-08-10 20:00:00+00:00,0.000836,1628611200000.0
2021-08-11 00:00:00+00:00,0.00152899,1628640000000.0
2021-08-11 04:00:00+00:00,0.00152899,1628640000000.0
2021-08-11 08:00:00+00:00,0.00127267,1628668800000.0
2021-08-11 12:00:00+00:00,0.00127267,1628668800000.0
2021-08-11 16:00:00+00:00,0.00081716,1628697600000.0
2021-08-11 20:00:00+00:00,0.00081716,1628697600000.0
2021-08-12 00:00:00+00:00,0.00038382,1628726400000.0
2021-08-12 04:00:00+00:00,0.00038382,1628726400000.0
2021-08-12 08:00:00+00:00,0.00033043,1628755200000.0
2021-08-12 12:00:00+00:00,0.00033043,1628755200000.0
2021-08-12 16:00:00+00:00,0.00039827,1628784000000.0
2021-08-12 20:00:00+00:00,0.00039827,1628784000000.0
2021-08-13 00:00:00+00:00,0.00034336,1628812800000.0
2021-08-13 04:00:00+00:00,0.00034336,1628812800000.0
2021-08-13 08:00:00+00:00,0.0001,1628841600000.0
2021-08-13 12:00:00+00:00,0.0001,1628841600000.0
2021-08-13 16:00:00+00:00,0.0001,1628870400000.0
2021-08-13 20:00:00+00:00,0.0001,1628870400000.0
2021-08-14 00:00:00+00:00,0.00012222,1628899200000.0
2021-08-14 04:00:00+00:00,0.00012222,1628899200000.0
2021-08-14 08:00:00+00:00,0.0001,1628928000000.0
2021-08-14 12:00:00+00:00,0.0001,1628928000000.0
2021-08-14 16:00:00+00:00,0.00022388,1628956800000.0
2021-08-14 20:00:00+00:00,0.00022388,1628956800000.0
2021-08-15 00:00:00+00:00,0.00024833,1628985600000.0
2021-08-15 04:00:00+00:00,0.00024833,1628985600000.0
2021-08-15 08:00:00+00:00,0.00029619,1629014400000.0
2021-08-15 12:00:00+00:00,0.00029619,1629014400000.0
2021-08-15 16:00:00+00:00,0.00041582,1629043200000.0
2021-08-15 20:00:00+00:00,0.00041582,1629043200000.0
2021-08-16 00:00:00+00:00,0.0004167,1629072000000.0
2021-08-16 04:00:00+00:00,0.0004167,1629072000000.0
2021-08-16 08:00:00+00:00,0.00034488,1629100800000.0
2021-08-16 12:00:00+00:00,0.00034488,1629100800000.0
2021-08-16 16:00:00+00:00,0.00055535,1629129600000.0
2021-08-16 20:00:00+00:00,0.00055535,1629129600000.0
2021-08-17 00:00:00+00:00,0.00066388,1629158400000.0
2021-08-17 04:00:00+00:00,0.00066388,1629158400000.0
2021-08-17 08:00:00+00:00,0.00021481,1629187200000.0
2021-08-17 12:00:00+00:00,0.00021481,1629187200000.0
2021-08-17 16:00:00+00:00,0.0001,1629216000000.0
2021-08-17 20:00:00+00:00,0.0001,1629216000000.0
2021-08-18 00:00:00+00:00,0.00014057,1629244800000.0
2021-08-18 04:00:00+00:00,0.00014057,1629244800000.0
2021-08-18 08:00:00+00:00,0.0001066,1629273600000.0
2021-08-18 12:00:00+00:00,0.0001066,1629273600000.0
2021-08-18 16:00:00+00:00,0.0001,1629302400000.0
2021-08-18 20:00:00+00:00,0.0001,1629302400000.0
2021-08-19 00:00:00+00:00,0.00035435,1629331200000.0
2021-08-19 04:00:00+00:00,0.00035435,1629331200000.0
2021-08-19 08:00:00+00:00,0.00046088,1629360000000.0
2021-08-19 12:00:00+00:00,0.00046088,1629360000000.0
2021-08-19 16:00:00+00:00,0.00091083,1629388800000.0
2021-08-19 20:00:00+00:00,0.00091083,1629388800000.0
2021-08-20 00:00:00+00:00,0.00120682,1629417600000.0
2021-08-20 04:00:00+00:00,0.00120682,1629417600000.0
2021-08-20 08:00:00+00:00,0.00257503,1629446400000.0
2021-08-20 12:00:00+00:00,0.00257503,1629446400000.0
2021-08-20 16:00:00+00:00,0.00333999,1629475200000.0
2021-08-20 20:00:00+00:00,0.00333999,1629475200000.0
2021-08-21 00:00:00+00:00,0.00237922,1629504000000.0
2021-08-21 04:00:00+00:00,0.00237922,1629504000000.0
2021-08-21 08:00:00+00:00,0.00076947,1629532800000.0
2021-08-21 12:00:00+00:00,0.00076947,1629532800000.0
2021-08-21 16:00:00+00:00,0.00050854,1629561600000.0
2021-08-21 20:00:00+00:00,0.00050854,1629561600000.0
2021-08-22 00:00:00+00:00,0.00048233,1629590400000.0
2021-08-22 04:00:00+00:00,0.00048233,1629590400000.0
2021-08-22 08:00:00+00:00,0.00016068,1629619200000.0
2021-08-22 12:00:00+00:00,0.00016068,1629619200000.0
2021-08-22 16:00:00+00:00,0.00060548,1629648000000.0
2021-08-22 20:00:00+00:00,0.00060548,1629648000000.0
2021-08-23 00:00:00+00:00,0.00089827,1629676800000.0
2021-08-23 04:00:00+00:00,0.00089827,1629676800000.0
2021-08-23 08:00:00+00:00,0.0004249,1629705600000.0
2021-08-23 12:00:00+00:00,0.0004249,1629705600000.0
2021-08-23 16:00:00+00:00,0.00077849,1629734400000.0
2021-08-23 20:00:00+00:00,0.00077849,1629734400000.0
2021-08-24 00:00:00+00:00,0.00085204,1629763200000.0
2021-08-24 04:00:00+00:00,0.00085204,1629763200000.0
2021-08-24 08:00:00+00:00,0.00095792,1629792000000.0
2021-08-24 12:00:00+00:00,0.00095792,1629792000000.0
2021-08-24 16:00:00+00:00,0.00162134,1629820800000.0
2021-08-24 20:00:00+00:00,0.00162134,1629820800000.0
2021-08-25 00:00:00+00:00,0.00195501,1629849600000.0
2021-08-25 04:00:00+00:00,0.00195501,1629849600000.0
2021-08-25 08:00:00+00:00,0.00111544,1629878400000.0
2021-08-25 12:00:00+00:00,0.00111544,1629878400000.0
2021-08-25 16:00:00+00:00,0.00052328,1629907200000.0
2021-08-25 20:00:00+00:00,0.00052328,1629907200000.0
2021-08-26 00:00:00+00:00,0.0001,1629936000000.0
2021-08-26 04:00:00+00:00,0.0001,1629936000000.0
2021-08-26 08:00:00+00:00,0.00024733,1629964800000.0
2021-08-26 12:00:00+00:00,0.00024733,1629964800000.0
2021-08-26 16:00:00+00:00,0.00081985,1629993600000.0
2021-08-26 20:00:00+00:00,0.00081985,1629993600000.0
2021-08-27 00:00:00+00:00,0.00076258,1630022400000.0
2021-08-27 04:00:00+00:00,0.00076258,1630022400000.0
2021-08-27 08:00:00+00:00,0.00041867,1630051200000.0
2021-08-27 12:00:00+00:00,0.00041867,1630051200000.0
2021-08-27 16:00:00+00:00,0.0001,1630080000000.0
2021-08-27 20:00:00+00:00,0.0001,1630080000000.0
2021-08-28 00:00:00+00:00,0.0001,1630108800000.0
2021-08-28 04:00:00+00:00,0.0001,1630108800000.0
2021-08-28 08:00:00+00:00,0.00010327,1630137600000.0
2021-08-28 12:00:00+00:00,0.00010327,1630137600000.0
2021-08-28 16:00:00+00:00,0.00054463,1630166400000.0
2021-08-28 20:00:00+00:00,0.00054463,1630166400000.0
2021-08-29 00:00:00+00:00,0.00069419,1630195200000.0
2021-08-29 04:00:00+00:00,0.00069419,1630195200000.0
2021-08-29 08:00:00+00:00,0.00072003,1630224000000.0
2021-08-29 12:00:00+00:00,0.00072003,1630224000000.0
2021-08-29 16:00:00+00:00,0.00046198,1630252800000.0
2021-08-29 20:00:00+00:00,0.00046198,1630252800000.0
2021-08-30 00:00:00+00:00,0.00036329,1630281600000.0
2021-08-30 04:00:00+00:00,0.00036329,1630281600000.0
2021-08-30 08:00:00+00:00,0.00024139,1630310400000.0
2021-08-30 12:00:00+00:00,0.00024139,1630310400000.0
2021-08-30 16:00:00+00:00,0.0001,1630339200000.0
2021-08-30 20:00:00+00:00,0.0001,1630339200000.0
2021-08-31 00:00:00+00:00,0.00043865,1630368000000.0
2021-08-31 04:00:00+00:00,0.00043865,1630368000000.0
2021-08-31 08:00:00+00:00,0.00141173,1630396800000.0
2021-08-31 12:00:00+00:00,0.00141173,1630396800000.0
2021-08-31 16:00:00+00:00,0.00149147,1630425600000.0
2021-08-31 20:00:00+00:00,0.00149147,1630425600000.0
2021-09-01 00:00:00+00:00,0.00093877,1630454400000.0
2021-09-01 04:00:00+00:00,0.00093877,1630454400000.0
2021-09-01 08:00:00+00:00,0.00028331,1630483200000.0
2021-09-01 12:00:00+00:00,0.00028331,1630483200000.0
2021-09-01 16:00:00+00:00,0.00017723,1630512000000.0
2021-09-01 20:00:00+00:00,0.00017723,1630512000000.0
2021-09-02 00:00:00+00:00,0.00072882,1630540800000.0
2021-09-02 04:00:00+00:00,0.00072882,1630540800000.0
2021-09-02 08:00:00+00:00,0.00146269,1630569600000.0
2021-09-02 12:00:00+00:00,0.00146269,1630569600000.0
2021-09-02 16:00:00+00:00,0.0025066,1630598400000.0
2021-09-02 20:00:00+00:00,0.0025066,1630598400000.0
2021-09-03 00:00:00+00:00,0.00226271,1630627200000.0
2021-09-03 04:00:00+00:00,0.00226271,1630627200000.0
2021-09-03 08:00:00+00:00,0.00112471,1630656000000.0
2021-09-03 12:00:00+00:00,0.00112471,1630656000000.0
2021-09-03 16:00:00+00:00,0.00149079,1630684800000.0
2021-09-03 20:00:00+00:00,0.00149079,1630684800000.0
2021-09-04 00:00:00+00:00,0.001709,1630713600000.0
2021-09-04 04:00:00+00:00,0.001709,1630713600000.0
2021-09-04 08:00:00+00:00,0.00162099,1630742400000.0
2021-09-04 12:00:00+00:00,0.00162099,1630742400000.0
2021-09-04 16:00:00+00:00,0.00188542,1630771200000.0
2021-09-04 20:00:00+00:00,0.00188542,1630771200000.0
2021-09-05 00:00:00+00:00,0.00195113,1630800000000.0
2021-09-05 04:00:00+00:00,0.00195113,1630800000000.0
2021-09-05 08:00:00+00:00,0.00129315,1630828800000.0
2021-09-05 12:00:00+00:00,0.00129315,1630828800000.0
2021-09-05 16:00:00+00:00,0.00083552,1630857600000.0
2021-09-05 20:00:00+00:00,0.00083552,1630857600000.0
2021-09-06 00:00:00+00:00,0.00138895,1630886400000.0
2021-09-06 04:00:00+00:00,0.00138895,1630886400000.0
2021-09-06 08:00:00+00:00,0.00173337,1630915200000.0
2021-09-06 12:00:00+00:00,0.00173337,1630915200000.0
2021-09-06 16:00:00+00:00,0.00207203,1630944000000.0
2021-09-06 20:00:00+00:00,0.00207203,1630944000000.0
2021-09-07 00:00:00+00:00,0.00192881,1630972800000.0
2021-09-07 04:00:00+00:00,0.00192881,1630972800000.0
2021-09-07 08:00:00+00:00,0.0020727,1631001600000.0
2021-09-07 12:00:00+00:00,0.0020727,1631001600000.0
2021-09-07 16:00:00+00:00,0.00201194,1631030400000.0
2021-09-07 20:00:00+00:00,0.00201194,1631030400000.0
2021-09-08 00:00:00+00:00,0.00014329,1631059200000.0
2021-09-08 04:00:00+00:00,0.00014329,1631059200000.0
2021-09-08 08:00:00+00:00,-0.00028442,1631088000000.0
2021-09-08 12:00:00+00:00,-0.00028442,1631088000000.0
2021-09-08 16:00:00+00:00,-6.722e-05,1631116800000.0
2021-09-08 20:00:00+00:00,-6.722e-05,1631116800000.0
2021-09-09 00:00:00+00:00,-4.636e-05,1631145600000.0
2021-09-09 04:00:00+00:00,-4.636e-05,1631145600000.0
2021-09-09 08:00:00+00:00,-9.127e-05,1631174400000.0
2021-09-09 12:00:00+00:00,-9.127e-05,1631174400000.0
2021-09-09 16:00:00+00:00,0.0001,1631203200000.0
2021-09-09 20:00:00+00:00,0.0001,1631203200000.0
2021-09-10 00:00:00+00:00,0.0001,1631232000000.0
2021-09-10 04:00:00+00:00,0.0001,1631232000000.0
2021-09-10 08:00:00+00:00,0.0001,1631260800000.0
2021-09-10 12:00:00+00:00,0.0001,1631260800000.0
2021-09-10 16:00:00+00:00,0.0001,1631289600000.0
2021-09-10 20:00:00+00:00,0.0001,1631289600000.0
2021-09-11 00:00:00+00:00,0.0001,1631318400000.0
2021-09-11 04:00:00+00:00,0.0001,1631318400000.0
2021-09-11 08:00:00+00:00,0.0001,1631347200000.0
2021-09-11 12:00:00+00:00,0.0001,1631347200000.0
2021-09-11 16:00:00+00:00,0.0001,1631376000000.0
2021-09-11 20:00:00+00:00,0.0001,1631376000000.0
2021-09-12 00:00:00+00:00,0.0001,1631404800000.0
2021-09-12 04:00:00+00:00,0.0001,1631404800000.0
2021-09-12 08:00:00+00:00,0.0001,1631433600000.0
2021-09-12 12:00:00+00:00,0.0001,1631433600000.0
2021-09-12 16:00:00+00:00,0.0001,1631462400000.0
2021-09-12 20:00:00+00:00,0.0001,1631462400000.0
2021-09-13 00:00:00+00:00,0.0001,1631491200000.0
2021-09-13 04:00:00+00:00,0.0001,1631491200000.0
2021-09-13 08:00:00+00:00,0.0001,1631520000000.0
2021-09-13 12:00:00+00:00,0.0001,1631520000000.0
2021-09-13 16:00:00+00:00,0.0001,1631548800000.0
2021-09-13 20:00:00+00:00,0.0001,1631548800000.0
2021-09-14 00:00:00+00:00,0.0001,1631577600000.0
2021-09-14 04:00:00+00:00,0.0001,1631577600000.0
2021-09-14 08:00:00+00:00,0.0001,1631606400000.0
2021-09-14 12:00:00+00:00,0.0001,1631606400000.0
2021-09-14 16:00:00+00:00,0.0001,1631635200000.0
2021-09-14 20:00:00+00:00,0.0001,1631635200000.0
2021-09-15 00:00:00+00:00,0.0001,1631664000000.0
2021-09-15 04:00:00+00:00,0.0001,1631664000000.0
2021-09-15 08:00:00+00:00,0.0001,1631692800000.0
2021-09-15 12:00:00+00:00,0.0001,1631692800000.0
2021-09-15 16:00:00+00:00,0.0001,1631721600000.0
2021-09-15 20:00:00+00:00,0.0001,1631721600000.0
2021-09-16 00:00:00+00:00,0.0001,1631750400000.0
2021-09-16 04:00:00+00:00,0.0001,1631750400000.0
2021-09-16 08:00:00+00:00,0.0001,1631779200000.0
2021-09-16 12:00:00+00:00,0.0001,1631779200000.0
2021-09-16 16:00:00+00:00,0.0001,1631808000000.0
2021-09-16 20:00:00+00:00,0.0001,1631808000000.0
2021-09-17 00:00:00+00:00,0.0001,1631836800000.0
2021-09-17 04:00:00+00:00,0.0001,1631836800000.0
2021-09-17 08:00:00+00:00,0.00029054,1631865600000.0
2021-09-17 12:00:00+00:00,0.00029054,1631865600000.0
2021-09-17 16:00:00+00:00,0.0005049,1631894400000.0
2021-09-17 20:00:00+00:00,0.0005049,1631894400000.0
2021-09-18 00:00:00+00:00,0.00050648,1631923200000.0
2021-09-18 04:00:00+00:00,0.00050648,1631923200000.0
2021-09-18 08:00:00+00:00,0.00061655,1631952000000.0
2021-09-18 12:00:00+00:00,0.00061655,1631952000000.0
2021-09-18 16:00:00+00:00,0.00055276,1631980800000.0
2021-09-18 20:00:00+00:00,0.00055276,1631980800000.0
2021-09-19 00:00:00+00:00,0.00057813,1632009600000.0
2021-09-19 04:00:00+00:00,0.00057813,1632009600000.0
2021-09-19 08:00:00+00:00,0.00017724,1632038400000.0
2021-09-19 12:00:00+00:00,0.00017724,1632038400000.0
2021-09-19 16:00:00+00:00,0.0001,1632067200000.0
2021-09-19 20:00:00+00:00,0.0001,1632067200000.0
2021-09-20 00:00:00+00:00,0.0001,1632096000000.0
2021-09-20 04:00:00+00:00,0.0001,1632096000000.0
2021-09-20 08:00:00+00:00,0.0001,1632124800000.0
2021-09-20 12:00:00+00:00,0.0001,1632124800000.0
2021-09-20 16:00:00+00:00,7.365e-05,1632153600000.0
2021-09-20 20:00:00+00:00,7.365e-05,1632153600000.0
2021-09-21 00:00:00+00:00,-0.00045612,1632182400000.0
2021-09-21 04:00:00+00:00,-0.00045612,1632182400000.0
2021-09-21 08:00:00+00:00,-0.00031778,1632211200000.0
2021-09-21 12:00:00+00:00,-0.00031778,1632211200000.0
2021-09-21 16:00:00+00:00,0.0001,1632240000000.0
2021-09-21 20:00:00+00:00,0.0001,1632240000000.0
2021-09-22 00:00:00+00:00,0.0001,1632268800000.0
2021-09-22 04:00:00+00:00,0.0001,1632268800000.0
2021-09-22 08:00:00+00:00,0.0001,1632297600000.0
2021-09-22 12:00:00+00:00,0.0001,1632297600000.0
2021-09-22 16:00:00+00:00,-2.144e-05,1632326400000.0
2021-09-22 20:00:00+00:00,-2.144e-05,1632326400000.0
2021-09-23 00:00:00+00:00,0.0001,1632355200000.0
2021-09-23 04:00:00+00:00,0.0001,1632355200000.0
2021-09-23 08:00:00+00:00,3.096e-05,1632384000000.0
2021-09-23 12:00:00+00:00,3.096e-05,1632384000000.0
2021-09-23 16:00:00+00:00,5.135e-05,1632412800000.0
2021-09-23 20:00:00+00:00,5.135e-05,1632412800000.0
2021-09-24 00:00:00+00:00,2.308e-05,1632441600000.0
2021-09-24 04:00:00+00:00,2.308e-05,1632441600000.0
2021-09-24 08:00:00+00:00,-6.072e-05,1632470400000.0
2021-09-24 12:00:00+00:00,-6.072e-05,1632470400000.0
2021-09-24 16:00:00+00:00,4.711e-05,1632499200000.0
2021-09-24 20:00:00+00:00,4.711e-05,1632499200000.0
2021-09-25 00:00:00+00:00,0.0001,1632528000000.0
2021-09-25 04:00:00+00:00,0.0001,1632528000000.0
2021-09-25 08:00:00+00:00,0.0001,1632556800000.0
2021-09-25 12:00:00+00:00,0.0001,1632556800000.0
2021-09-25 16:00:00+00:00,0.0001,1632585600000.0
2021-09-25 20:00:00+00:00,0.0001,1632585600000.0
2021-09-26 00:00:00+00:00,0.0001,1632614400000.0
2021-09-26 04:00:00+00:00,0.0001,1632614400000.0
2021-09-26 08:00:00+00:00,0.0001,1632643200000.0
2021-09-26 12:00:00+00:00,0.0001,1632643200000.0
2021-09-26 16:00:00+00:00,0.0001,1632672000000.0
2021-09-26 20:00:00+00:00,0.0001,1632672000000.0
2021-09-27 00:00:00+00:00,0.0001,1632700800000.0
2021-09-27 04:00:00+00:00,0.0001,1632700800000.0
2021-09-27 08:00:00+00:00,0.0001,1632729600000.0
2021-09-27 12:00:00+00:00,0.0001,1632729600000.0
2021-09-27 16:00:00+00:00,0.0001,1632758400000.0
2021-09-27 20:00:00+00:00,0.0001,1632758400000.0
2021-09-28 00:00:00+00:00,0.0001,1632787200000.0
2021-09-28 04:00:00+00:00,0.0001,1632787200000.0
2021-09-28 08:00:00+00:00,0.0001,1632816000000.0
2021-09-28 12:00:00+00:00,0.0001,1632816000000.0
2021-09-28 16:00:00+00:00,0.0001,1632844800000.0
2021-09-28 20:00:00+00:00,0.0001,1632844800000.0
2021-09-29 00:00:00+00:00,0.0001,1632873600000.0
2021-09-29 04:00:00+00:00,0.0001,1632873600000.0
2021-09-29 08:00:00+00:00,0.0001,1632902400000.0
2021-09-29 12:00:00+00:00,0.0001,1632902400000.0
2021-09-29 16:00:00+00:00,0.0001,1632931200000.0
2021-09-29 20:00:00+00:00,0.0001,1632931200000.0
2021-09-30 00:00:00+00:00,0.0001,1632960000000.0
2021-09-30 04:00:00+00:00,0.0001,1632960000000.0
2021-09-30 08:00:00+00:00,0.0001,1632988800000.0
2021-09-30 12:00:00+00:00,0.0001,1632988800000.0
2021-09-30 16:00:00+00:00,0.0001,1633017600000.0
2021-09-30 20:00:00+00:00,0.0001,1633017600000.0
2021-10-01 00:00:00+00:00,0.0001,1633046400000.0
2021-10-01 04:00:00+00:00,0.0001,1633046400000.0
2021-10-01 08:00:00+00:00,0.0001,1633075200000.0
2021-10-01 12:00:00+00:00,0.0001,1633075200000.0
2021-10-01 16:00:00+00:00,0.0001,1633104000000.0
2021-10-01 20:00:00+00:00,0.0001,1633104000000.0
2021-10-02 00:00:00+00:00,0.0001,1633132800000.0
2021-10-02 04:00:00+00:00,0.0001,1633132800000.0
2021-10-02 08:00:00+00:00,0.0001,1633161600000.0
2021-10-02 12:00:00+00:00,0.0001,1633161600000.0
2021-10-02 16:00:00+00:00,0.0004277,1633190400000.0
2021-10-02 20:00:00+00:00,0.0004277,1633190400000.0
2021-10-03 00:00:00+00:00,0.00055104,1633219200000.0
2021-10-03 04:00:00+00:00,0.00055104,1633219200000.0
2021-10-03 08:00:00+00:00,0.00044149,1633248000000.0
2021-10-03 12:00:00+00:00,0.00044149,1633248000000.0
2021-10-03 16:00:00+00:00,0.00027597,1633276800000.0
2021-10-03 20:00:00+00:00,0.00027597,1633276800000.0
2021-10-04 00:00:00+00:00,0.00066209,1633305600000.0
2021-10-04 04:00:00+00:00,0.00066209,1633305600000.0
2021-10-04 08:00:00+00:00,0.00066002,1633334400000.0
2021-10-04 12:00:00+00:00,0.00066002,1633334400000.0
2021-10-04 16:00:00+00:00,0.00044904,1633363200000.0
2021-10-04 20:00:00+00:00,0.00044904,1633363200000.0
2021-10-05 00:00:00+00:00,0.0003483,1633392000000.0
2021-10-05 04:00:00+00:00,0.0003483,1633392000000.0
2021-10-05 08:00:00+00:00,0.00024675,1633420800000.0
2021-10-05 12:00:00+00:00,0.00024675,1633420800000.0
2021-10-05 16:00:00+00:00,0.00013751,1633449600000.0
2021-10-05 20:00:00+00:00,0.00013751,1633449600000.0
2021-10-06 00:00:00+00:00,0.00028026,1633478400000.0
2021-10-06 04:00:00+00:00,0.00028026,1633478400000.0
2021-10-06 08:00:00+00:00,0.00088535,1633507200000.0
2021-10-06 12:00:00+00:00,0.00088535,1633507200000.0
2021-10-06 16:00:00+00:00,0.0006956,1633536000000.0
2021-10-06 20:00:00+00:00,0.0006956,1633536000000.0
2021-10-07 00:00:00+00:00,0.00030246,1633564800000.0
2021-10-07 04:00:00+00:00,0.00030246,1633564800000.0
2021-10-07 08:00:00+00:00,0.00074741,1633593600000.0
2021-10-07 12:00:00+00:00,0.00074741,1633593600000.0
2021-10-07 16:00:00+00:00,0.00068719,1633622400000.0
2021-10-07 20:00:00+00:00,0.00068719,1633622400000.0
2021-10-08 00:00:00+00:00,0.00148228,1633651200000.0
2021-10-08 04:00:00+00:00,0.00148228,1633651200000.0
2021-10-08 08:00:00+00:00,0.00137495,1633680000000.0
2021-10-08 12:00:00+00:00,0.00137495,1633680000000.0
2021-10-08 16:00:00+00:00,0.00081313,1633708800000.0
2021-10-08 20:00:00+00:00,0.00081313,1633708800000.0
2021-10-09 00:00:00+00:00,0.00076893,1633737600000.0
2021-10-09 04:00:00+00:00,0.00076893,1633737600000.0
2021-10-09 08:00:00+00:00,0.00085105,1633766400000.0
2021-10-09 12:00:00+00:00,0.00085105,1633766400000.0
2021-10-09 16:00:00+00:00,0.0003108,1633795200000.0
2021-10-09 20:00:00+00:00,0.0003108,1633795200000.0
2021-10-10 00:00:00+00:00,0.00056532,1633824000000.0
2021-10-10 04:00:00+00:00,0.00056532,1633824000000.0
2021-10-10 08:00:00+00:00,0.00082757,1633852800000.0
2021-10-10 12:00:00+00:00,0.00082757,1633852800000.0
2021-10-10 16:00:00+00:00,0.00078931,1633881600000.0
2021-10-10 20:00:00+00:00,0.00078931,1633881600000.0
2021-10-11 00:00:00+00:00,0.00093927,1633910400000.0
2021-10-11 04:00:00+00:00,0.00093927,1633910400000.0
2021-10-11 08:00:00+00:00,0.00072558,1633939200000.0
2021-10-11 12:00:00+00:00,0.00072558,1633939200000.0
2021-10-11 16:00:00+00:00,0.0006796,1633968000000.0
2021-10-11 20:00:00+00:00,0.0006796,1633968000000.0
2021-10-12 00:00:00+00:00,0.00074921,1633996800000.0
2021-10-12 04:00:00+00:00,0.00074921,1633996800000.0
2021-10-12 08:00:00+00:00,0.0001,1634025600000.0
2021-10-12 12:00:00+00:00,0.0001,1634025600000.0
2021-10-12 16:00:00+00:00,0.0001,1634054400000.0
2021-10-12 20:00:00+00:00,0.0001,1634054400000.0
2021-10-13 00:00:00+00:00,0.0001,1634083200000.0
2021-10-13 04:00:00+00:00,0.0001,1634083200000.0
2021-10-13 08:00:00+00:00,0.00010009,1634112000000.0
2021-10-13 12:00:00+00:00,0.00010009,1634112000000.0
2021-10-13 16:00:00+00:00,0.00011164,1634140800000.0
2021-10-13 20:00:00+00:00,0.00011164,1634140800000.0
2021-10-14 00:00:00+00:00,0.00012402,1634169600000.0
2021-10-14 04:00:00+00:00,0.00012402,1634169600000.0
2021-10-14 08:00:00+00:00,0.00046961,1634198400000.0
2021-10-14 12:00:00+00:00,0.00046961,1634198400000.0
2021-10-14 16:00:00+00:00,0.00053177,1634227200000.0
2021-10-14 20:00:00+00:00,0.00053177,1634227200000.0
2021-10-15 00:00:00+00:00,0.00078336,1634256000000.0
2021-10-15 04:00:00+00:00,0.00078336,1634256000000.0
2021-10-15 08:00:00+00:00,0.00087343,1634284800000.0
2021-10-15 12:00:00+00:00,0.00087343,1634284800000.0
2021-10-15 16:00:00+00:00,0.00121122,1634313600000.0
2021-10-15 20:00:00+00:00,0.00121122,1634313600000.0
2021-10-16 00:00:00+00:00,0.00140117,1634342400000.0
2021-10-16 04:00:00+00:00,0.00140117,1634342400000.0
2021-10-16 08:00:00+00:00,0.00136495,1634371200000.0
2021-10-16 12:00:00+00:00,0.00136495,1634371200000.0
2021-10-16 16:00:00+00:00,0.00142942,1634400000000.0
2021-10-16 20:00:00+00:00,0.00142942,1634400000000.0
2021-10-17 00:00:00+00:00,0.00139913,1634428800000.0
2021-10-17 04:00:00+00:00,0.00139913,1634428800000.0
2021-10-17 08:00:00+00:00,0.00090774,1634457600000.0
2021-10-17 12:00:00+00:00,0.00090774,1634457600000.0
2021-10-17 16:00:00+00:00,0.00075859,1634486400000.0
2021-10-17 20:00:00+00:00,0.00075859,1634486400000.0
2021-10-18 00:00:00+00:00,0.00121789,1634515200000.0
2021-10-18 04:00:00+00:00,0.00121789,1634515200000.0
2021-10-18 08:00:00+00:00,0.00109527,1634544000000.0
2021-10-18 12:00:00+00:00,0.00109527,1634544000000.0
2021-10-18 16:00:00+00:00,0.00107931,1634572800000.0
2021-10-18 20:00:00+00:00,0.00107931,1634572800000.0
2021-10-19 00:00:00+00:00,0.00086555,1634601600000.0
2021-10-19 04:00:00+00:00,0.00086555,1634601600000.0
2021-10-19 08:00:00+00:00,0.00053943,1634630400000.0
2021-10-19 12:00:00+00:00,0.00053943,1634630400000.0
2021-10-19 16:00:00+00:00,0.00072418,1634659200000.0
2021-10-19 20:00:00+00:00,0.00072418,1634659200000.0
2021-10-20 00:00:00+00:00,0.00084908,1634688000000.0
2021-10-20 04:00:00+00:00,0.00084908,1634688000000.0
2021-10-20 08:00:00+00:00,0.00099518,1634716800000.0
2021-10-20 12:00:00+00:00,0.00099518,1634716800000.0
2021-10-20 16:00:00+00:00,0.00122439,1634745600000.0
2021-10-20 20:00:00+00:00,0.00122439,1634745600000.0
2021-10-21 00:00:00+00:00,0.00106091,1634774400000.0
2021-10-21 04:00:00+00:00,0.00106091,1634774400000.0
2021-10-21 08:00:00+00:00,0.00122454,1634803200000.0
2021-10-21 12:00:00+00:00,0.00122454,1634803200000.0
2021-10-21 16:00:00+00:00,0.00138992,1634832000000.0
2021-10-21 20:00:00+00:00,0.00138992,1634832000000.0
2021-10-22 00:00:00+00:00,0.00142857,1634860800000.0
2021-10-22 04:00:00+00:00,0.00142857,1634860800000.0
2021-10-22 08:00:00+00:00,0.00070604,1634889600000.0
2021-10-22 12:00:00+00:00,0.00070604,1634889600000.0
2021-10-22 16:00:00+00:00,0.0001,1634918400000.0
2021-10-22 20:00:00+00:00,0.0001,1634918400000.0
2021-10-23 00:00:00+00:00,0.00058727,1634947200000.0
2021-10-23 04:00:00+00:00,0.00058727,1634947200000.0
2021-10-23 08:00:00+00:00,0.00074499,1634976000000.0
2021-10-23 12:00:00+00:00,0.00074499,1634976000000.0
2021-10-23 16:00:00+00:00,0.00086135,1635004800000.0
2021-10-23 20:00:00+00:00,0.00086135,1635004800000.0
2021-10-24 00:00:00+00:00,0.00090447,1635033600000.0
2021-10-24 04:00:00+00:00,0.00090447,1635033600000.0
2021-10-24 08:00:00+00:00,0.00102655,1635062400000.0
2021-10-24 12:00:00+00:00,0.00102655,1635062400000.0
2021-10-24 16:00:00+00:00,0.00126727,1635091200000.0
2021-10-24 20:00:00+00:00,0.00126727,1635091200000.0
2021-10-25 00:00:00+00:00,0.00136986,1635120000000.0
2021-10-25 04:00:00+00:00,0.00136986,1635120000000.0
2021-10-25 08:00:00+00:00,0.00088939,1635148800000.0
2021-10-25 12:00:00+00:00,0.00088939,1635148800000.0
2021-10-25 16:00:00+00:00,0.00085598,1635177600000.0
2021-10-25 20:00:00+00:00,0.00085598,1635177600000.0
2021-10-26 00:00:00+00:00,0.00103589,1635206400000.0
2021-10-26 04:00:00+00:00,0.00103589,1635206400000.0
2021-10-26 08:00:00+00:00,0.00118465,1635235200000.0
2021-10-26 12:00:00+00:00,0.00118465,1635235200000.0
2021-10-26 16:00:00+00:00,0.00137498,1635264000000.0
2021-10-26 20:00:00+00:00,0.00137498,1635264000000.0
2021-10-27 00:00:00+00:00,0.00113309,1635292800000.0
2021-10-27 04:00:00+00:00,0.00113309,1635292800000.0
2021-10-27 08:00:00+00:00,0.00099353,1635321600000.0
2021-10-27 12:00:00+00:00,0.00099353,1635321600000.0
2021-10-27 16:00:00+00:00,0.00154735,1635350400000.0
2021-10-27 20:00:00+00:00,0.00154735,1635350400000.0
2021-10-28 00:00:00+00:00,0.0001,1635379200000.0
2021-10-28 04:00:00+00:00,0.0001,1635379200000.0
2021-10-28 08:00:00+00:00,0.0001,1635408000000.0
2021-10-28 12:00:00+00:00,0.0001,1635408000000.0
2021-10-28 16:00:00+00:00,0.0001,1635436800000.0
2021-10-28 20:00:00+00:00,0.0001,1635436800000.0
2021-10-29 00:00:00+00:00,0.0001,1635465600000.0
2021-10-29 04:00:00+00:00,0.0001,1635465600000.0
2021-10-29 08:00:00+00:00,0.0001,1635494400000.0
2021-10-29 12:00:00+00:00,0.0001,1635494400000.0
2021-10-29 16:00:00+00:00,0.00025452,1635523200000.0
2021-10-29 20:00:00+00:00,0.00025452,1635523200000.0
2021-10-30 00:00:00+00:00,0.00017319,1635552000000.0
2021-10-30 04:00:00+00:00,0.00017319,1635552000000.0
2021-10-30 08:00:00+00:00,0.00050134,1635580800000.0
2021-10-30 12:00:00+00:00,0.00050134,1635580800000.0
2021-10-30 16:00:00+00:00,0.00075653,1635609600000.0
2021-10-30 20:00:00+00:00,0.00075653,1635609600000.0
2021-10-31 00:00:00+00:00,0.00071905,1635638400000.0
2021-10-31 04:00:00+00:00,0.00071905,1635638400000.0
2021-10-31 08:00:00+00:00,0.00064381,1635667200000.0
2021-10-31 12:00:00+00:00,0.00064381,1635667200000.0
2021-10-31 16:00:00+00:00,0.00079206,1635696000000.0
2021-10-31 20:00:00+00:00,0.00079206,1635696000000.0
2021-11-01 00:00:00+00:00,0.00083918,1635724800000.0
2021-11-01 04:00:00+00:00,0.00083918,1635724800000.0
2021-11-01 08:00:00+00:00,0.00059178,1635753600000.0
2021-11-01 12:00:00+00:00,0.00059178,1635753600000.0
2021-11-01 16:00:00+00:00,0.00062384,1635782400000.0
2021-11-01 20:00:00+00:00,0.00062384,1635782400000.0
2021-11-02 00:00:00+00:00,0.00071487,1635811200000.0
2021-11-02 04:00:00+00:00,0.00071487,1635811200000.0
2021-11-02 08:00:00+00:00,0.00067689,1635840000000.0
2021-11-02 12:00:00+00:00,0.00067689,1635840000000.0
2021-11-02 16:00:00+00:00,0.00105911,1635868800000.0
2021-11-02 20:00:00+00:00,0.00105911,1635868800000.0
2021-11-03 00:00:00+00:00,0.00111284,1635897600000.0
2021-11-03 04:00:00+00:00,0.00111284,1635897600000.0
2021-11-03 08:00:00+00:00,0.00105965,1635926400000.0
2021-11-03 12:00:00+00:00,0.00105965,1635926400000.0
2021-11-03 16:00:00+00:00,0.00066734,1635955200000.0
2021-11-03 20:00:00+00:00,0.00066734,1635955200000.0
2021-11-04 00:00:00+00:00,0.00049566,1635984000000.0
2021-11-04 04:00:00+00:00,0.00049566,1635984000000.0
2021-11-04 08:00:00+00:00,0.00072983,1636012800000.0
2021-11-04 12:00:00+00:00,0.00072983,1636012800000.0
2021-11-04 16:00:00+00:00,0.00138665,1636041600000.0
2021-11-04 20:00:00+00:00,0.00138665,1636041600000.0
2021-11-05 00:00:00+00:00,0.00137942,1636070400000.0
2021-11-05 04:00:00+00:00,0.00137942,1636070400000.0
2021-11-05 08:00:00+00:00,0.00121334,1636099200000.0
2021-11-05 12:00:00+00:00,0.00121334,1636099200000.0
2021-11-05 16:00:00+00:00,0.00095576,1636128000000.0
2021-11-05 20:00:00+00:00,0.00095576,1636128000000.0
2021-11-06 00:00:00+00:00,0.00111525,1636156800000.0
2021-11-06 04:00:00+00:00,0.00111525,1636156800000.0
2021-11-06 08:00:00+00:00,0.00102606,1636185600000.0
2021-11-06 12:00:00+00:00,0.00102606,1636185600000.0
2021-11-06 16:00:00+00:00,0.00089875,1636214400000.0
2021-11-06 20:00:00+00:00,0.00089875,1636214400000.0
2021-11-07 00:00:00+00:00,0.00075006,1636243200000.0
2021-11-07 04:00:00+00:00,0.00075006,1636243200000.0
2021-11-07 08:00:00+00:00,0.00055785,1636272000000.0
2021-11-07 12:00:00+00:00,0.00055785,1636272000000.0
2021-11-07 16:00:00+00:00,0.00095892,1636300800000.0
2021-11-07 20:00:00+00:00,0.00095892,1636300800000.0
2021-11-08 00:00:00+00:00,0.0009516,1636329600000.0
2021-11-08 04:00:00+00:00,0.0009516,1636329600000.0
2021-11-08 08:00:00+00:00,0.00081655,1636358400000.0
2021-11-08 12:00:00+00:00,0.00081655,1636358400000.0
2021-11-08 16:00:00+00:00,0.00102865,1636387200000.0
2021-11-08 20:00:00+00:00,0.00102865,1636387200000.0
2021-11-09 00:00:00+00:00,0.0014353,1636416000000.0
2021-11-09 04:00:00+00:00,0.0014353,1636416000000.0
2021-11-09 08:00:00+00:00,0.00113043,1636444800000.0
2021-11-09 12:00:00+00:00,0.00113043,1636444800000.0
2021-11-09 16:00:00+00:00,0.00098512,1636473600000.0
2021-11-09 20:00:00+00:00,0.00098512,1636473600000.0
2021-11-10 00:00:00+00:00,0.00077887,1636502400000.0
2021-11-10 04:00:00+00:00,0.00077887,1636502400000.0
2021-11-10 08:00:00+00:00,0.00057598,1636531200000.0
2021-11-10 12:00:00+00:00,0.00057598,1636531200000.0
2021-11-10 16:00:00+00:00,0.00043467,1636560000000.0
2021-11-10 20:00:00+00:00,0.00043467,1636560000000.0
2021-11-11 00:00:00+00:00,0.0003808,1636588800000.0
2021-11-11 04:00:00+00:00,0.0003808,1636588800000.0
2021-11-11 08:00:00+00:00,0.0001,1636617600000.0
2021-11-11 12:00:00+00:00,0.0001,1636617600000.0
2021-11-11 16:00:00+00:00,0.0001,1636646400000.0
2021-11-11 20:00:00+00:00,0.0001,1636646400000.0
2021-11-12 00:00:00+00:00,0.0001,1636675200000.0
2021-11-12 04:00:00+00:00,0.0001,1636675200000.0
2021-11-12 08:00:00+00:00,0.0001,1636704000000.0
2021-11-12 12:00:00+00:00,0.0001,1636704000000.0
2021-11-12 16:00:00+00:00,0.0001,1636732800000.0
2021-11-12 20:00:00+00:00,0.0001,1636732800000.0
2021-11-13 00:00:00+00:00,0.00017495,1636761600000.0
2021-11-13 04:00:00+00:00,0.00017495,1636761600000.0
2021-11-13 08:00:00+00:00,0.00012243,1636790400000.0
2021-11-13 12:00:00+00:00,0.00012243,1636790400000.0
2021-11-13 16:00:00+00:00,0.00026931,1636819200000.0
2021-11-13 20:00:00+00:00,0.00026931,1636819200000.0
2021-11-14 00:00:00+00:00,0.00033413,1636848000000.0
2021-11-14 04:00:00+00:00,0.00033413,1636848000000.0
2021-11-14 08:00:00+00:00,0.00038366,1636876800000.0
2021-11-14 12:00:00+00:00,0.00038366,1636876800000.0
2021-11-14 16:00:00+00:00,0.0003665,1636905600000.0
2021-11-14 20:00:00+00:00,0.0003665,1636905600000.0
2021-11-15 00:00:00+00:00,0.00049663,1636934400000.0
2021-11-15 04:00:00+00:00,0.00049663,1636934400000.0
2021-11-15 08:00:00+00:00,0.00061952,1636963200000.0
2021-11-15 12:00:00+00:00,0.00061952,1636963200000.0
2021-11-15 16:00:00+00:00,0.00077397,1636992000000.0
2021-11-15 20:00:00+00:00,0.00077397,1636992000000.0
2021-11-16 00:00:00+00:00,0.00072813,1637020800000.0
2021-11-16 04:00:00+00:00,0.00072813,1637020800000.0
2021-11-16 08:00:00+00:00,0.00055295,1637049600000.0
2021-11-16 12:00:00+00:00,0.00055295,1637049600000.0
2021-11-16 16:00:00+00:00,0.0001,1637078400000.0
2021-11-16 20:00:00+00:00,0.0001,1637078400000.0
2021-11-17 00:00:00+00:00,0.0001,1637107200000.0
2021-11-17 04:00:00+00:00,0.0001,1637107200000.0
2021-11-17 08:00:00+00:00,-3.974e-05,1637136000000.0
2021-11-17 12:00:00+00:00,-3.974e-05,1637136000000.0
2021-11-17 16:00:00+00:00,-0.00019233,1637164800000.0
2021-11-17 20:00:00+00:00,-0.00019233,1637164800000.0
2021-11-18 00:00:00+00:00,-0.0003778,1637193600000.0
2021-11-18 04:00:00+00:00,-0.0003778,1637193600000.0
2021-11-18 08:00:00+00:00,-0.0001052,1637222400000.0
2021-11-18 12:00:00+00:00,-0.0001052,1637222400000.0
2021-11-18 16:00:00+00:00,0.0001,1637251200000.0
2021-11-18 20:00:00+00:00,0.0001,1637251200000.0
2021-11-19 00:00:00+00:00,0.0001,1637280000000.0
2021-11-19 04:00:00+00:00,0.0001,1637280000000.0
2021-11-19 08:00:00+00:00,0.0001,1637308800000.0
2021-11-19 12:00:00+00:00,0.0001,1637308800000.0
2021-11-19 16:00:00+00:00,0.00021222,1637337600000.0
2021-11-19 20:00:00+00:00,0.00021222,1637337600000.0
2021-11-20 00:00:00+00:00,0.0001,1637366400000.0
2021-11-20 04:00:00+00:00,0.0001,1637366400000.0
2021-11-20 08:00:00+00:00,0.0001,1637395200000.0
2021-11-20 12:00:00+00:00,0.0001,1637395200000.0
2021-11-20 16:00:00+00:00,0.00012427,1637424000000.0
2021-11-20 20:00:00+00:00,0.00012427,1637424000000.0
2021-11-21 00:00:00+00:00,0.0001,1637452800000.0
2021-11-21 04:00:00+00:00,0.0001,1637452800000.0
2021-11-21 08:00:00+00:00,0.0001,1637481600000.0
2021-11-21 12:00:00+00:00,0.0001,1637481600000.0
2021-11-21 16:00:00+00:00,0.0001,1637510400000.0
2021-11-21 20:00:00+00:00,0.0001,1637510400000.0
2021-11-22 00:00:00+00:00,0.00018399,1637539200000.0
2021-11-22 04:00:00+00:00,0.00018399,1637539200000.0
2021-11-22 08:00:00+00:00,0.00050711,1637568000000.0
2021-11-22 12:00:00+00:00,0.00050711,1637568000000.0
2021-11-22 16:00:00+00:00,0.00024962,1637596800000.0
2021-11-22 20:00:00+00:00,0.00024962,1637596800000.0
2021-11-23 00:00:00+00:00,0.0001,1637625600000.0
2021-11-23 04:00:00+00:00,0.0001,1637625600000.0
2021-11-23 08:00:00+00:00,0.0001,1637654400000.0
2021-11-23 12:00:00+00:00,0.0001,1637654400000.0
2021-11-23 16:00:00+00:00,0.0001,1637683200000.0
2021-11-23 20:00:00+00:00,0.0001,1637683200000.0
2021-11-24 00:00:00+00:00,0.00028409,1637712000000.0
2021-11-24 04:00:00+00:00,0.00028409,1637712000000.0
2021-11-24 08:00:00+00:00,0.00075122,1637740800000.0
2021-11-24 12:00:00+00:00,0.00075122,1637740800000.0
2021-11-24 16:00:00+00:00,0.00043173,1637769600000.0
2021-11-24 20:00:00+00:00,0.00043173,1637769600000.0
2021-11-25 00:00:00+00:00,0.0001,1637798400000.0
2021-11-25 04:00:00+00:00,0.0001,1637798400000.0
2021-11-25 08:00:00+00:00,0.0001,1637827200000.0
2021-11-25 12:00:00+00:00,0.0001,1637827200000.0
2021-11-25 16:00:00+00:00,0.0001,1637856000000.0
2021-11-25 20:00:00+00:00,0.0001,1637856000000.0
2021-11-26 00:00:00+00:00,0.0001,1637884800000.0
2021-11-26 04:00:00+00:00,0.0001,1637884800000.0
2021-11-26 08:00:00+00:00,0.00031213,1637913600000.0
2021-11-26 12:00:00+00:00,0.00031213,1637913600000.0
2021-11-26 16:00:00+00:00,0.00028965,1637942400000.0
2021-11-26 20:00:00+00:00,0.00028965,1637942400000.0
2021-11-27 00:00:00+00:00,0.0001,1637971200000.0
2021-11-27 04:00:00+00:00,0.0001,1637971200000.0
2021-11-27 08:00:00+00:00,0.0001,1638000000000.0
2021-11-27 12:00:00+00:00,0.0001,1638000000000.0
2021-11-27 16:00:00+00:00,0.0001,1638028800000.0
2021-11-27 20:00:00+00:00,0.0001,1638028800000.0
2021-11-28 00:00:00+00:00,0.0001,1638057600000.0
2021-11-28 04:00:00+00:00,0.0001,1638057600000.0
2021-11-28 08:00:00+00:00,0.0001,1638086400000.0
2021-11-28 12:00:00+00:00,0.0001,1638086400000.0
2021-11-28 16:00:00+00:00,0.0001,1638115200000.0
2021-11-28 20:00:00+00:00,0.0001,1638115200000.0
2021-11-29 00:00:00+00:00,0.0001,1638144000000.0
2021-11-29 04:00:00+00:00,0.0001,1638144000000.0
2021-11-29 08:00:00+00:00,0.0001,1638172800000.0
2021-11-29 12:00:00+00:00,0.0001,1638172800000.0
2021-11-29 16:00:00+00:00,0.0001,1638201600000.0
2021-11-29 20:00:00+00:00,0.0001,1638201600000.0
2021-11-30 00:00:00+00:00,0.0001,1638230400000.0
2021-11-30 04:00:00+00:00,0.0001,1638230400000.0
2021-11-30 08:00:00+00:00,0.0001,1638259200000.0
2021-11-30 12:00:00+00:00,0.0001,1638259200000.0
2021-11-30 16:00:00+00:00,0.0001,1638288000000.0
2021-11-30 20:00:00+00:00,0.0001,1638288000000.0
2021-12-01 00:00:00+00:00,0.0001,1638316800000.0
2021-12-01 04:00:00+00:00,0.0001,1638316800000.0
2021-12-01 08:00:00+00:00,0.0001,1638345600000.0
2021-12-01 12:00:00+00:00,0.0001,1638345600000.0
2021-12-01 16:00:00+00:00,0.0001,1638374400000.0
2021-12-01 20:00:00+00:00,0.0001,1638374400000.0
2021-12-02 00:00:00+00:00,0.0001,1638403200000.0
2021-12-02 04:00:00+00:00,0.0001,1638403200000.0
2021-12-02 08:00:00+00:00,0.0001,1638432000000.0
2021-12-02 12:00:00+00:00,0.0001,1638432000000.0
2021-12-02 16:00:00+00:00,0.0001,1638460800000.0
2021-12-02 20:00:00+00:00,0.0001,1638460800000.0
2021-12-03 00:00:00+00:00,0.0001,1638489600000.0
2021-12-03 04:00:00+00:00,0.0001,1638489600000.0
2021-12-03 08:00:00+00:00,0.0001,1638518400000.0
2021-12-03 12:00:00+00:00,0.0001,1638518400000.0
2021-12-03 16:00:00+00:00,0.0001,1638547200000.0
2021-12-03 20:00:00+00:00,0.0001,1638547200000.0
2021-12-04 00:00:00+00:00,0.0001,1638576000000.0
2021-12-04 04:00:00+00:00,0.0001,1638576000000.0
2021-12-04 08:00:00+00:00,0.0001,1638604800000.0
2021-12-04 12:00:00+00:00,0.0001,1638604800000.0
2021-12-04 16:00:00+00:00,-0.00064884,1638633600000.0
2021-12-04 20:00:00+00:00,-0.00064884,1638633600000.0
2021-12-05 00:00:00+00:00,-0.00048239,1638662400000.0
2021-12-05 04:00:00+00:00,-0.00048239,1638662400000.0
2021-12-05 08:00:00+00:00,0.0001,1638691200000.0
2021-12-05 12:00:00+00:00,0.0001,1638691200000.0
2021-12-05 16:00:00+00:00,0.0001,1638720000000.0
2021-12-05 20:00:00+00:00,0.0001,1638720000000.0
2021-12-06 00:00:00+00:00,0.0001,1638748800000.0
2021-12-06 04:00:00+00:00,0.0001,1638748800000.0
2021-12-06 08:00:00+00:00,6.557e-05,1638777600000.0
2021-12-06 12:00:00+00:00,6.557e-05,1638777600000.0
2021-12-06 16:00:00+00:00,0.0001,1638806400000.0
2021-12-06 20:00:00+00:00,0.0001,1638806400000.0
2021-12-07 00:00:00+00:00,2.96e-05,1638835200000.0
2021-12-07 04:00:00+00:00,2.96e-05,1638835200000.0
2021-12-07 08:00:00+00:00,-4.447e-05,1638864000000.0
2021-12-07 12:00:00+00:00,-4.447e-05,1638864000000.0
2021-12-07 16:00:00+00:00,0.0001,1638892800000.0
2021-12-07 20:00:00+00:00,0.0001,1638892800000.0
2021-12-08 00:00:00+00:00,0.0001,1638921600000.0
2021-12-08 04:00:00+00:00,0.0001,1638921600000.0
2021-12-08 08:00:00+00:00,0.0001,1638950400000.0
2021-12-08 12:00:00+00:00,0.0001,1638950400000.0
2021-12-08 16:00:00+00:00,0.0001,1638979200000.0
2021-12-08 20:00:00+00:00,0.0001,1638979200000.0
2021-12-09 00:00:00+00:00,0.0001,1639008000000.0
2021-12-09 04:00:00+00:00,0.0001,1639008000000.0
2021-12-09 08:00:00+00:00,0.0001,1639036800000.0
2021-12-09 12:00:00+00:00,0.0001,1639036800000.0
2021-12-09 16:00:00+00:00,0.0001,1639065600000.0
2021-12-09 20:00:00+00:00,0.0001,1639065600000.0
2021-12-10 00:00:00+00:00,0.0001,1639094400000.0
2021-12-10 04:00:00+00:00,0.0001,1639094400000.0
2021-12-10 08:00:00+00:00,0.0001,1639123200000.0
2021-12-10 12:00:00+00:00,0.0001,1639123200000.0
2021-12-10 16:00:00+00:00,0.0001,1639152000000.0
2021-12-10 20:00:00+00:00,0.0001,1639152000000.0
2021-12-11 00:00:00+00:00,0.0001,1639180800000.0
2021-12-11 04:00:00+00:00,0.0001,1639180800000.0
2021-12-11 08:00:00+00:00,0.0001,1639209600000.0
2021-12-11 12:00:00+00:00,0.0001,1639209600000.0
2021-12-11 16:00:00+00:00,-1.22e-05,1639238400000.0
2021-12-11 20:00:00+00:00,-1.22e-05,1639238400000.0
2021-12-12 00:00:00+00:00,-3.674e-05,1639267200000.0
2021-12-12 04:00:00+00:00,-3.674e-05,1639267200000.0
2021-12-12 08:00:00+00:00,-0.00011323,1639296000000.0
2021-12-12 12:00:00+00:00,-0.00011323,1639296000000.0
2021-12-12 16:00:00+00:00,0.0001,1639324800000.0
2021-12-12 20:00:00+00:00,0.0001,1639324800000.0
2021-12-13 00:00:00+00:00,0.0001,1639353600000.0
2021-12-13 04:00:00+00:00,0.0001,1639353600000.0
2021-12-13 08:00:00+00:00,0.0001,1639382400000.0
2021-12-13 12:00:00+00:00,0.0001,1639382400000.0
2021-12-13 16:00:00+00:00,0.0001,1639411200000.0
2021-12-13 20:00:00+00:00,0.0001,1639411200000.0
2021-12-14 00:00:00+00:00,0.0001,1639440000000.0
2021-12-14 04:00:00+00:00,0.0001,1639440000000.0
2021-12-14 08:00:00+00:00,5.443e-05,1639468800000.0
2021-12-14 12:00:00+00:00,5.443e-05,1639468800000.0
2021-12-14 16:00:00+00:00,0.0001,1639497600000.0
2021-12-14 20:00:00+00:00,0.0001,1639497600000.0
2021-12-15 00:00:00+00:00,0.0001,1639526400000.0
2021-12-15 04:00:00+00:00,0.0001,1639526400000.0
2021-12-15 08:00:00+00:00,0.0001,1639555200000.0
2021-12-15 12:00:00+00:00,0.0001,1639555200000.0
2021-12-15 16:00:00+00:00,0.0001,1639584000000.0
2021-12-15 20:00:00+00:00,0.0001,1639584000000.0
2021-12-16 00:00:00+00:00,0.0001,1639612800000.0
2021-12-16 04:00:00+00:00,0.0001,1639612800000.0
2021-12-16 08:00:00+00:00,0.0001,1639641600000.0
2021-12-16 12:00:00+00:00,0.0001,1639641600000.0
2021-12-16 16:00:00+00:00,0.0001,1639670400000.0
2021-12-16 20:00:00+00:00,0.0001,1639670400000.0
2021-12-17 00:00:00+00:00,0.0001,1639699200000.0
2021-12-17 04:00:00+00:00,0.0001,1639699200000.0
2021-12-17 08:00:00+00:00,0.0001,1639728000000.0
2021-12-17 12:00:00+00:00,0.0001,1639728000000.0
2021-12-17 16:00:00+00:00,0.0001,1639756800000.0
2021-12-17 20:00:00+00:00,0.0001,1639756800000.0
2021-12-18 00:00:00+00:00,0.0001,1639785600000.0
2021-12-18 04:00:00+00:00,0.0001,1639785600000.0
2021-12-18 08:00:00+00:00,0.0001,1639814400000.0
2021-12-18 12:00:00+00:00,0.0001,1639814400000.0
2021-12-18 16:00:00+00:00,0.0001,1639843200000.0
2021-12-18 20:00:00+00:00,0.0001,1639843200000.0
2021-12-19 00:00:00+00:00,0.0001,1639872000000.0
2021-12-19 04:00:00+00:00,0.0001,1639872000000.0
2021-12-19 08:00:00+00:00,0.0001,1639900800000.0
2021-12-19 12:00:00+00:00,0.0001,1639900800000.0
2021-12-19 16:00:00+00:00,0.0001,1639929600000.0
2021-12-19 20:00:00+00:00,0.0001,1639929600000.0
2021-12-20 00:00:00+00:00,0.0001,1639958400000.0
2021-12-20 04:00:00+00:00,0.0001,1639958400000.0
2021-12-20 08:00:00+00:00,0.0001,1639987200000.0
2021-12-20 12:00:00+00:00,0.0001,1639987200000.0
2021-12-20 16:00:00+00:00,0.0001,1640016000000.0
2021-12-20 20:00:00+00:00,0.0001,1640016000000.0
2021-12-21 00:00:00+00:00,0.0001,1640044800000.0
2021-12-21 04:00:00+00:00,0.0001,1640044800000.0
2021-12-21 08:00:00+00:00,0.0001,1640073600000.0
2021-12-21 12:00:00+00:00,0.0001,1640073600000.0
2021-12-21 16:00:00+00:00,0.0001,1640102400000.0
2021-12-21 20:00:00+00:00,0.0001,1640102400000.0
2021-12-22 00:00:00+00:00,0.0001,1640131200000.0
2021-12-22 04:00:00+00:00,0.0001,1640131200000.0
2021-12-22 08:00:00+00:00,0.0001,1640160000000.0
2021-12-22 12:00:00+00:00,0.0001,1640160000000.0
2021-12-22 16:00:00+00:00,0.0001,1640188800000.0
2021-12-22 20:00:00+00:00,0.0001,1640188800000.0
2021-12-23 00:00:00+00:00,0.0001,1640217600000.0
2021-12-23 04:00:00+00:00,0.0001,1640217600000.0
2021-12-23 08:00:00+00:00,0.0001,1640246400000.0
2021-12-23 12:00:00+00:00,0.0001,1640246400000.0
2021-12-23 16:00:00+00:00,0.0001,1640275200000.0
2021-12-23 20:00:00+00:00,0.0001,1640275200000.0
2021-12-24 00:00:00+00:00,0.0001,1640304000000.0
2021-12-24 04:00:00+00:00,0.0001,1640304000000.0
2021-12-24 08:00:00+00:00,0.0001,1640332800000.0
2021-12-24 12:00:00+00:00,0.0001,1640332800000.0
2021-12-24 16:00:00+00:00,0.0001,1640361600000.0
2021-12-24 20:00:00+00:00,0.0001,1640361600000.0
2021-12-25 00:00:00+00:00,0.0001,1640390400000.0
2021-12-25 04:00:00+00:00,0.0001,1640390400000.0
2021-12-25 08:00:00+00:00,0.0001,1640419200000.0
2021-12-25 12:00:00+00:00,0.0001,1640419200000.0
2021-12-25 16:00:00+00:00,0.0001,1640448000000.0
2021-12-25 20:00:00+00:00,0.0001,1640448000000.0
2021-12-26 00:00:00+00:00,0.0001,1640476800000.0
2021-12-26 04:00:00+00:00,0.0001,1640476800000.0
2021-12-26 08:00:00+00:00,0.0001,1640505600000.0
2021-12-26 12:00:00+00:00,0.0001,1640505600000.0
2021-12-26 16:00:00+00:00,0.0001,1640534400000.0
2021-12-26 20:00:00+00:00,0.0001,1640534400000.0
2021-12-27 00:00:00+00:00,0.0001,1640563200000.0
2021-12-27 04:00:00+00:00,0.0001,1640563200000.0
2021-12-27 08:00:00+00:00,0.0001,1640592000000.0
2021-12-27 12:00:00+00:00,0.0001,1640592000000.0
2021-12-27 16:00:00+00:00,0.0001,1640620800000.0
2021-12-27 20:00:00+00:00,0.0001,1640620800000.0
2021-12-28 00:00:00+00:00,0.0001,1640649600000.0
2021-12-28 04:00:00+00:00,0.0001,1640649600000.0
2021-12-28 08:00:00+00:00,0.0001,1640678400000.0
2021-12-28 12:00:00+00:00,0.0001,1640678400000.0
2021-12-28 16:00:00+00:00,0.0001,1640707200000.0
2021-12-28 20:00:00+00:00,0.0001,1640707200000.0
2021-12-29 00:00:00+00:00,0.0001,1640736000000.0
2021-12-29 04:00:00+00:00,0.0001,1640736000000.0
2021-12-29 08:00:00+00:00,0.0001,1640764800000.0
2021-12-29 12:00:00+00:00,0.0001,1640764800000.0
2021-12-29 16:00:00+00:00,0.0001,1640793600000.0
2021-12-29 20:00:00+00:00,0.0001,1640793600000.0
2021-12-30 00:00:00+00:00,0.0001,1640822400000.0
2021-12-30 04:00:00+00:00,0.0001,1640822400000.0
2021-12-30 08:00:00+00:00,5.445e-05,1640851200000.0
2021-12-30 12:00:00+00:00,5.445e-05,1640851200000.0
2021-12-30 16:00:00+00:00,-2.266e-05,1640880000000.0
2021-12-30 20:00:00+00:00,-2.266e-05,1640880000000.0
2021-12-31 00:00:00+00:00,7.76e-06,1640908800000.0
2021-12-31 04:00:00+00:00,7.76e-06,1640908800000.0
2021-12-31 08:00:00+00:00,4.225e-05,1640937600000.0
2021-12-31 12:00:00+00:00,4.225e-05,1640937600000.0
2021-12-31 16:00:00+00:00,0.0001,1640966400000.0
2021-12-31 20:00:00+00:00,0.0001,1640966400000.0
2022-01-01 00:00:00+00:00,0.0001,1640995200000.0
2022-01-01 04:00:00+00:00,0.0001,1640995200000.0
2022-01-01 08:00:00+00:00,0.0001,1641024000000.0
2022-01-01 12:00:00+00:00,0.0001,1641024000000.0
2022-01-01 16:00:00+00:00,0.0001,1641052800000.0
2022-01-01 20:00:00+00:00,0.0001,1641052800000.0
2022-01-02 00:00:00+00:00,0.0001,1641081600000.0
2022-01-02 04:00:00+00:00,0.0001,1641081600000.0
2022-01-02 08:00:00+00:00,0.0001,1641110400000.0
2022-01-02 12:00:00+00:00,0.0001,1641110400000.0
2022-01-02 16:00:00+00:00,0.0001,1641139200000.0
2022-01-02 20:00:00+00:00,0.0001,1641139200000.0
2022-01-03 00:00:00+00:00,0.0001,1641168000000.0
2022-01-03 04:00:00+00:00,0.0001,1641168000000.0
2022-01-03 08:00:00+00:00,0.0001,1641196800000.0
2022-01-03 12:00:00+00:00,0.0001,1641196800000.0
2022-01-03 16:00:00+00:00,0.0001,1641225600000.0
2022-01-03 20:00:00+00:00,0.0001,1641225600000.0
2022-01-04 00:00:00+00:00,0.0001,1641254400000.0
2022-01-04 04:00:00+00:00,0.0001,1641254400000.0
2022-01-04 08:00:00+00:00,0.0001,1641283200000.0
2022-01-04 12:00:00+00:00,0.0001,1641283200000.0
2022-01-04 16:00:00+00:00,0.0001,1641312000000.0
2022-01-04 20:00:00+00:00,0.0001,1641312000000.0
2022-01-05 00:00:00+00:00,0.0001,1641340800000.0
2022-01-05 04:00:00+00:00,0.0001,1641340800000.0
2022-01-05 08:00:00+00:00,0.0001,1641369600000.0
2022-01-05 12:00:00+00:00,0.0001,1641369600000.0
2022-01-05 16:00:00+00:00,0.0001,1641398400000.0
2022-01-05 20:00:00+00:00,0.0001,1641398400000.0
2022-01-06 00:00:00+00:00,0.0001,1641427200000.0
2022-01-06 04:00:00+00:00,0.0001,1641427200000.0
2022-01-06 08:00:00+00:00,0.0001,1641456000000.0
2022-01-06 12:00:00+00:00,0.0001,1641456000000.0
2022-01-06 16:00:00+00:00,0.0001,1641484800000.0
2022-01-06 20:00:00+00:00,0.0001,1641484800000.0
2022-01-07 00:00:00+00:00,0.0001,1641513600000.0
2022-01-07 04:00:00+00:00,0.0001,1641513600000.0
2022-01-07 08:00:00+00:00,0.0001,1641542400000.0
2022-01-07 12:00:00+00:00,0.0001,1641542400000.0
2022-01-07 16:00:00+00:00,0.0001,1641571200000.0
2022-01-07 20:00:00+00:00,0.0001,1641571200000.0
2022-01-08 00:00:00+00:00,0.0001,1641600000000.0
2022-01-08 04:00:00+00:00,0.0001,1641600000000.0
2022-01-08 08:00:00+00:00,0.0001,1641628800000.0
2022-01-08 12:00:00+00:00,0.0001,1641628800000.0
2022-01-08 16:00:00+00:00,0.0001,1641657600000.0
2022-01-08 20:00:00+00:00,0.0001,1641657600000.0
2022-01-09 00:00:00+00:00,0.0001,1641686400000.0
2022-01-09 04:00:00+00:00,0.0001,1641686400000.0
2022-01-09 08:00:00+00:00,3.499e-05,1641715200000.0
2022-01-09 12:00:00+00:00,3.499e-05,1641715200000.0
2022-01-09 16:00:00+00:00,0.0001,1641744000000.0
2022-01-09 20:00:00+00:00,0.0001,1641744000000.0
2022-01-10 00:00:00+00:00,0.0001,1641772800000.0
2022-01-10 04:00:00+00:00,0.0001,1641772800000.0
2022-01-10 08:00:00+00:00,5.847e-05,1641801600000.0
2022-01-10 12:00:00+00:00,5.847e-05,1641801600000.0
2022-01-10 16:00:00+00:00,0.0001,1641830400000.0
2022-01-10 20:00:00+00:00,0.0001,1641830400000.0
2022-01-11 00:00:00+00:00,0.0001,1641859200000.0
2022-01-11 04:00:00+00:00,0.0001,1641859200000.0
2022-01-11 08:00:00+00:00,-0.00010852,1641888000000.0
2022-01-11 12:00:00+00:00,-0.00010852,1641888000000.0
2022-01-11 16:00:00+00:00,5.51e-06,1641916800000.0
2022-01-11 20:00:00+00:00,5.51e-06,1641916800000.0
2022-01-12 00:00:00+00:00,0.0001,1641945600000.0
2022-01-12 04:00:00+00:00,0.0001,1641945600000.0
2022-01-12 08:00:00+00:00,-0.00014379,1641974400000.0
2022-01-12 12:00:00+00:00,-0.00014379,1641974400000.0
2022-01-12 16:00:00+00:00,2.29e-06,1642003200000.0
2022-01-12 20:00:00+00:00,2.29e-06,1642003200000.0
2022-01-13 00:00:00+00:00,-0.00010098,1642032000000.0
2022-01-13 04:00:00+00:00,-0.00010098,1642032000000.0
2022-01-13 08:00:00+00:00,3.549e-05,1642060800000.0
2022-01-13 12:00:00+00:00,3.549e-05,1642060800000.0
2022-01-13 16:00:00+00:00,0.0001,1642089600000.0
2022-01-13 20:00:00+00:00,0.0001,1642089600000.0
2022-01-14 00:00:00+00:00,0.0001,1642118400000.0
2022-01-14 04:00:00+00:00,0.0001,1642118400000.0
2022-01-14 08:00:00+00:00,0.0001,1642147200000.0
2022-01-14 12:00:00+00:00,0.0001,1642147200000.0
2022-01-14 16:00:00+00:00,0.0001,1642176000000.0
2022-01-14 20:00:00+00:00,0.0001,1642176000000.0
2022-01-15 00:00:00+00:00,0.0001,1642204800000.0
2022-01-15 04:00:00+00:00,0.0001,1642204800000.0
2022-01-15 08:00:00+00:00,0.0001,1642233600000.0
2022-01-15 12:00:00+00:00,0.0001,1642233600000.0
2022-01-15 16:00:00+00:00,0.0001,1642262400000.0
2022-01-15 20:00:00+00:00,0.0001,1642262400000.0
2022-01-16 00:00:00+00:00,0.0001,1642291200000.0
2022-01-16 04:00:00+00:00,0.0001,1642291200000.0
2022-01-16 08:00:00+00:00,0.0001,1642320000000.0
2022-01-16 12:00:00+00:00,0.0001,1642320000000.0
2022-01-16 16:00:00+00:00,0.0001,1642348800000.0
2022-01-16 20:00:00+00:00,0.0001,1642348800000.0
2022-01-17 00:00:00+00:00,0.0001,1642377600000.0
2022-01-17 04:00:00+00:00,0.0001,1642377600000.0
2022-01-17 08:00:00+00:00,0.0001,1642406400000.0
2022-01-17 12:00:00+00:00,0.0001,1642406400000.0
2022-01-17 16:00:00+00:00,0.0001,1642435200000.0
2022-01-17 20:00:00+00:00,0.0001,1642435200000.0
2022-01-18 00:00:00+00:00,-5.967e-05,1642464000000.0
2022-01-18 04:00:00+00:00,-5.967e-05,1642464000000.0
2022-01-18 08:00:00+00:00,-5.92e-06,1642492800000.0
2022-01-18 12:00:00+00:00,-5.92e-06,1642492800000.0
2022-01-18 16:00:00+00:00,-5.69e-05,1642521600000.0
2022-01-18 20:00:00+00:00,-5.69e-05,1642521600000.0
2022-01-19 00:00:00+00:00,0.0001,1642550400000.0
2022-01-19 04:00:00+00:00,0.0001,1642550400000.0
2022-01-19 08:00:00+00:00,0.0001,1642579200000.0
2022-01-19 12:00:00+00:00,0.0001,1642579200000.0
2022-01-19 16:00:00+00:00,0.0001,1642608000000.0
2022-01-19 20:00:00+00:00,0.0001,1642608000000.0
2022-01-20 00:00:00+00:00,0.0001,1642636800000.0
2022-01-20 04:00:00+00:00,0.0001,1642636800000.0
2022-01-20 08:00:00+00:00,0.0001,1642665600000.0
2022-01-20 12:00:00+00:00,0.0001,1642665600000.0
2022-01-20 16:00:00+00:00,0.0001,1642694400000.0
2022-01-20 20:00:00+00:00,0.0001,1642694400000.0
2022-01-21 00:00:00+00:00,0.0001,1642723200000.0
2022-01-21 04:00:00+00:00,0.0001,1642723200000.0
2022-01-21 08:00:00+00:00,0.0001,1642752000000.0
2022-01-21 12:00:00+00:00,0.0001,1642752000000.0
2022-01-21 16:00:00+00:00,0.0001,1642780800000.0
2022-01-21 20:00:00+00:00,0.0001,1642780800000.0
2022-01-22 00:00:00+00:00,0.0001,1642809600000.0
2022-01-22 04:00:00+00:00,0.0001,1642809600000.0
2022-01-22 08:00:00+00:00,0.0001,1642838400000.0
2022-01-22 12:00:00+00:00,0.0001,1642838400000.0
2022-01-22 16:00:00+00:00,0.0001,1642867200000.0
2022-01-22 20:00:00+00:00,0.0001,1642867200000.0
2022-01-23 00:00:00+00:00,-0.00040793,1642896000000.0
2022-01-23 04:00:00+00:00,-0.00040793,1642896000000.0
2022-01-23 08:00:00+00:00,-1.27e-05,1642924800000.0
2022-01-23 12:00:00+00:00,-1.27e-05,1642924800000.0
2022-01-23 16:00:00+00:00,-0.00010854,1642953600000.0
2022-01-23 20:00:00+00:00,-0.00010854,1642953600000.0
2022-01-24 00:00:00+00:00,-0.00028776,1642982400000.0
2022-01-24 04:00:00+00:00,-0.00028776,1642982400000.0
2022-01-24 08:00:00+00:00,1.376e-05,1643011200000.0
2022-01-24 12:00:00+00:00,1.376e-05,1643011200000.0
2022-01-24 16:00:00+00:00,0.0001,1643040000000.0
2022-01-24 20:00:00+00:00,0.0001,1643040000000.0
2022-01-25 00:00:00+00:00,0.0001,1643068800000.0
2022-01-25 04:00:00+00:00,0.0001,1643068800000.0
2022-01-25 08:00:00+00:00,-0.00018967,1643097600000.0
2022-01-25 12:00:00+00:00,-0.00018967,1643097600000.0
2022-01-25 16:00:00+00:00,-0.00012546,1643126400000.0
2022-01-25 20:00:00+00:00,-0.00012546,1643126400000.0
2022-01-26 00:00:00+00:00,0.0001,1643155200000.0
2022-01-26 04:00:00+00:00,0.0001,1643155200000.0
2022-01-26 08:00:00+00:00,-0.00025104,1643184000000.0
2022-01-26 12:00:00+00:00,-0.00025104,1643184000000.0
2022-01-26 16:00:00+00:00,0.0001,1643212800000.0
2022-01-26 20:00:00+00:00,0.0001,1643212800000.0
2022-01-27 00:00:00+00:00,0.0001,1643241600000.0
2022-01-27 04:00:00+00:00,0.0001,1643241600000.0
2022-01-27 08:00:00+00:00,5.421e-05,1643270400000.0
2022-01-27 12:00:00+00:00,5.421e-05,1643270400000.0
2022-01-27 16:00:00+00:00,-0.00013432,1643299200000.0
2022-01-27 20:00:00+00:00,-0.00013432,1643299200000.0
2022-01-28 00:00:00+00:00,-0.00023948,1643328000000.0
2022-01-28 04:00:00+00:00,-0.00023948,1643328000000.0
2022-01-28 08:00:00+00:00,0.0001,1643356800000.0
2022-01-28 12:00:00+00:00,0.0001,1643356800000.0
2022-01-28 16:00:00+00:00,0.0001,1643385600000.0
2022-01-28 20:00:00+00:00,0.0001,1643385600000.0
2022-01-29 00:00:00+00:00,0.0001,1643414400000.0
2022-01-29 04:00:00+00:00,0.0001,1643414400000.0
2022-01-29 08:00:00+00:00,0.0001,1643443200000.0
2022-01-29 12:00:00+00:00,0.0001,1643443200000.0
2022-01-29 16:00:00+00:00,0.0001,1643472000000.0
2022-01-29 20:00:00+00:00,0.0001,1643472000000.0
2022-01-30 00:00:00+00:00,0.0001,1643500800000.0
2022-01-30 04:00:00+00:00,0.0001,1643500800000.0
2022-01-30 08:00:00+00:00,0.0001,1643529600000.0
2022-01-30 12:00:00+00:00,0.0001,1643529600000.0
2022-01-30 16:00:00+00:00,0.0001,1643558400000.0
2022-01-30 20:00:00+00:00,0.0001,1643558400000.0
2022-01-31 00:00:00+00:00,0.0001,1643587200000.0
2022-01-31 04:00:00+00:00,0.0001,1643587200000.0
2022-01-31 08:00:00+00:00,0.0001,1643616000000.0
2022-01-31 12:00:00+00:00,0.0001,1643616000000.0
2022-01-31 16:00:00+00:00,-6.601e-05,1643644800000.0
2022-01-31 20:00:00+00:00,-6.601e-05,1643644800000.0
2022-02-01 00:00:00+00:00,7.725e-05,1643673600000.0
2022-02-01 04:00:00+00:00,7.725e-05,1643673600000.0
2022-02-01 08:00:00+00:00,0.0001,1643702400000.0
2022-02-01 12:00:00+00:00,0.0001,1643702400000.0
2022-02-01 16:00:00+00:00,0.0001,1643731200000.0
2022-02-01 20:00:00+00:00,0.0001,1643731200000.0
2022-02-02 00:00:00+00:00,0.0001,1643760000000.0
2022-02-02 04:00:00+00:00,0.0001,1643760000000.0
2022-02-02 08:00:00+00:00,0.0001,1643788800000.0
2022-02-02 12:00:00+00:00,0.0001,1643788800000.0
2022-02-02 16:00:00+00:00,0.0001,1643817600000.0
2022-02-02 20:00:00+00:00,0.0001,1643817600000.0
2022-02-03 00:00:00+00:00,0.0001,1643846400000.0
2022-02-03 04:00:00+00:00,0.0001,1643846400000.0
2022-02-03 08:00:00+00:00,1.143e-05,1643875200000.0
2022-02-03 12:00:00+00:00,1.143e-05,1643875200000.0
2022-02-03 16:00:00+00:00,0.0001,1643904000000.0
2022-02-03 20:00:00+00:00,0.0001,1643904000000.0
2022-02-04 00:00:00+00:00,0.0001,1643932800000.0
2022-02-04 04:00:00+00:00,0.0001,1643932800000.0
2022-02-04 08:00:00+00:00,0.0001,1643961600000.0
2022-02-04 12:00:00+00:00,0.0001,1643961600000.0
2022-02-04 16:00:00+00:00,0.0001,1643990400000.0
2022-02-04 20:00:00+00:00,0.0001,1643990400000.0
2022-02-05 00:00:00+00:00,0.0001,1644019200000.0
2022-02-05 04:00:00+00:00,0.0001,1644019200000.0
2022-02-05 08:00:00+00:00,5.397e-05,1644048000000.0
2022-02-05 12:00:00+00:00,5.397e-05,1644048000000.0
2022-02-05 16:00:00+00:00,0.0001,1644076800000.0
2022-02-05 20:00:00+00:00,0.0001,1644076800000.0
2022-02-06 00:00:00+00:00,0.0001,1644105600000.0
2022-02-06 04:00:00+00:00,0.0001,1644105600000.0
2022-02-06 08:00:00+00:00,0.0001,1644134400000.0
2022-02-06 12:00:00+00:00,0.0001,1644134400000.0
2022-02-06 16:00:00+00:00,0.0001,1644163200000.0
2022-02-06 20:00:00+00:00,0.0001,1644163200000.0
2022-02-07 00:00:00+00:00,0.0001,1644192000000.0
2022-02-07 04:00:00+00:00,0.0001,1644192000000.0
2022-02-07 08:00:00+00:00,6.74e-05,1644220800000.0
2022-02-07 12:00:00+00:00,6.74e-05,1644220800000.0
2022-02-07 16:00:00+00:00,0.0001,1644249600000.0
2022-02-07 20:00:00+00:00,0.0001,1644249600000.0
2022-02-08 00:00:00+00:00,0.0001,1644278400000.0
2022-02-08 04:00:00+00:00,0.0001,1644278400000.0
2022-02-08 08:00:00+00:00,0.0001,1644307200000.0
2022-02-08 12:00:00+00:00,0.0001,1644307200000.0
2022-02-08 16:00:00+00:00,0.0001,1644336000000.0
2022-02-08 20:00:00+00:00,0.0001,1644336000000.0
2022-02-09 00:00:00+00:00,0.0001,1644364800000.0
2022-02-09 04:00:00+00:00,0.0001,1644364800000.0
2022-02-09 08:00:00+00:00,0.0001,1644393600000.0
2022-02-09 12:00:00+00:00,0.0001,1644393600000.0
2022-02-09 16:00:00+00:00,0.0001,1644422400000.0
2022-02-09 20:00:00+00:00,0.0001,1644422400000.0
2022-02-10 00:00:00+00:00,0.0001,1644451200000.0
2022-02-10 04:00:00+00:00,0.0001,1644451200000.0
2022-02-10 08:00:00+00:00,0.0001,1644480000000.0
2022-02-10 12:00:00+00:00,0.0001,1644480000000.0
2022-02-10 16:00:00+00:00,0.0001,1644508800000.0
2022-02-10 20:00:00+00:00,0.0001,1644508800000.0
2022-02-11 00:00:00+00:00,0.0001,1644537600000.0
2022-02-11 04:00:00+00:00,0.0001,1644537600000.0
2022-02-11 08:00:00+00:00,-6.596e-05,1644566400000.0
2022-02-11 12:00:00+00:00,-6.596e-05,1644566400000.0
2022-02-11 16:00:00+00:00,-2.06e-05,1644595200000.0
2022-02-11 20:00:00+00:00,-2.06e-05,1644595200000.0
2022-02-12 00:00:00+00:00,3.867e-05,1644624000000.0
2022-02-12 04:00:00+00:00,3.867e-05,1644624000000.0
2022-02-12 08:00:00+00:00,3.154e-05,1644652800000.0
2022-02-12 12:00:00+00:00,3.154e-05,1644652800000.0
2022-02-12 16:00:00+00:00,-9.818e-05,1644681600000.0
2022-02-12 20:00:00+00:00,-9.818e-05,1644681600000.0
2022-02-13 00:00:00+00:00,4.702e-05,1644710400000.0
2022-02-13 04:00:00+00:00,4.702e-05,1644710400000.0
2022-02-13 08:00:00+00:00,-0.00017358,1644739200000.0
2022-02-13 12:00:00+00:00,-0.00017358,1644739200000.0
2022-02-13 16:00:00+00:00,0.0001,1644768000000.0
2022-02-13 20:00:00+00:00,0.0001,1644768000000.0
2022-02-14 00:00:00+00:00,-5.306e-05,1644796800000.0
2022-02-14 04:00:00+00:00,-5.306e-05,1644796800000.0
2022-02-14 08:00:00+00:00,-0.00016567,1644825600000.0
2022-02-14 12:00:00+00:00,-0.00016567,1644825600000.0
2022-02-14 16:00:00+00:00,1.665e-05,1644854400000.0
2022-02-14 20:00:00+00:00,1.665e-05,1644854400000.0
2022-02-15 00:00:00+00:00,0.0001,1644883200000.0
2022-02-15 04:00:00+00:00,0.0001,1644883200000.0
2022-02-15 08:00:00+00:00,0.0001,1644912000000.0
2022-02-15 12:00:00+00:00,0.0001,1644912000000.0
2022-02-15 16:00:00+00:00,0.0001,1644940800000.0
2022-02-15 20:00:00+00:00,0.0001,1644940800000.0
2022-02-16 00:00:00+00:00,0.0001,1644969600000.0
2022-02-16 04:00:00+00:00,0.0001,1644969600000.0
2022-02-16 08:00:00+00:00,0.0001,1644998400000.0
2022-02-16 12:00:00+00:00,0.0001,1644998400000.0
2022-02-16 16:00:00+00:00,0.0001,1645027200000.0
2022-02-16 20:00:00+00:00,0.0001,1645027200000.0
2022-02-17 00:00:00+00:00,0.0001,1645056000000.0
2022-02-17 04:00:00+00:00,0.0001,1645056000000.0
2022-02-17 08:00:00+00:00,0.0001,1645084800000.0
2022-02-17 12:00:00+00:00,0.0001,1645084800000.0
2022-02-17 16:00:00+00:00,0.0001,1645113600000.0
2022-02-17 20:00:00+00:00,0.0001,1645113600000.0
2022-02-18 00:00:00+00:00,0.0001,1645142400000.0
2022-02-18 04:00:00+00:00,0.0001,1645142400000.0
2022-02-18 08:00:00+00:00,0.0001,1645171200000.0
2022-02-18 12:00:00+00:00,0.0001,1645171200000.0
2022-02-18 16:00:00+00:00,0.0001,1645200000000.0
2022-02-18 20:00:00+00:00,0.0001,1645200000000.0
2022-02-19 00:00:00+00:00,0.0001,1645228800000.0
2022-02-19 04:00:00+00:00,0.0001,1645228800000.0
2022-02-19 08:00:00+00:00,0.0001,1645257600000.0
2022-02-19 12:00:00+00:00,0.0001,1645257600000.0
2022-02-19 16:00:00+00:00,0.0001,1645286400000.0
2022-02-19 20:00:00+00:00,0.0001,1645286400000.0
2022-02-20 00:00:00+00:00,6.705e-05,1645315200000.0
2022-02-20 04:00:00+00:00,6.705e-05,1645315200000.0
2022-02-20 08:00:00+00:00,0.0001,1645344000000.0
2022-02-20 12:00:00+00:00,0.0001,1645344000000.0
2022-02-20 16:00:00+00:00,-0.00011453,1645372800000.0
2022-02-20 20:00:00+00:00,-0.00011453,1645372800000.0
2022-02-21 00:00:00+00:00,3.946e-05,1645401600000.0
2022-02-21 04:00:00+00:00,3.946e-05,1645401600000.0
2022-02-21 08:00:00+00:00,-0.00029069,1645430400000.0
2022-02-21 12:00:00+00:00,-0.00029069,1645430400000.0
2022-02-21 16:00:00+00:00,-0.00015808,1645459200000.0
2022-02-21 20:00:00+00:00,-0.00015808,1645459200000.0
2022-02-22 00:00:00+00:00,-0.00011757,1645488000000.0
2022-02-22 04:00:00+00:00,-0.00011757,1645488000000.0
2022-02-22 08:00:00+00:00,-0.00022977,1645516800000.0
2022-02-22 12:00:00+00:00,-0.00022977,1645516800000.0
2022-02-22 16:00:00+00:00,2.202e-05,1645545600000.0
2022-02-22 20:00:00+00:00,2.202e-05,1645545600000.0
2022-02-23 00:00:00+00:00,-0.00057755,1645574400000.0
2022-02-23 04:00:00+00:00,-0.00057755,1645574400000.0
2022-02-23 08:00:00+00:00,-0.00040709,1645603200000.0
2022-02-23 12:00:00+00:00,-0.00040709,1645603200000.0
2022-02-23 16:00:00+00:00,-0.00021329,1645632000000.0
2022-02-23 20:00:00+00:00,-0.00021329,1645632000000.0
2022-02-24 00:00:00+00:00,-0.00040754,1645660800000.0
2022-02-24 04:00:00+00:00,-0.00040754,1645660800000.0
2022-02-24 08:00:00+00:00,-5.102e-05,1645689600000.0
2022-02-24 12:00:00+00:00,-5.102e-05,1645689600000.0
2022-02-24 16:00:00+00:00,-0.00045279,1645718400000.0
2022-02-24 20:00:00+00:00,-0.00045279,1645718400000.0
2022-02-25 00:00:00+00:00,-0.00042774,1645747200000.0
2022-02-25 04:00:00+00:00,-0.00042774,1645747200000.0
2022-02-25 08:00:00+00:00,-0.00018302,1645776000000.0
2022-02-25 12:00:00+00:00,-0.00018302,1645776000000.0
2022-02-25 16:00:00+00:00,0.0001,1645804800000.0
2022-02-25 20:00:00+00:00,0.0001,1645804800000.0
2022-02-26 00:00:00+00:00,0.0001,1645833600000.0
2022-02-26 04:00:00+00:00,0.0001,1645833600000.0
2022-02-26 08:00:00+00:00,3.111e-05,1645862400000.0
2022-02-26 12:00:00+00:00,3.111e-05,1645862400000.0
2022-02-26 16:00:00+00:00,0.0001,1645891200000.0
2022-02-26 20:00:00+00:00,0.0001,1645891200000.0
2022-02-27 00:00:00+00:00,3.522e-05,1645920000000.0
2022-02-27 04:00:00+00:00,3.522e-05,1645920000000.0
2022-02-27 08:00:00+00:00,3.003e-05,1645948800000.0
2022-02-27 12:00:00+00:00,3.003e-05,1645948800000.0
2022-02-27 16:00:00+00:00,-0.00011857,1645977600000.0
2022-02-27 20:00:00+00:00,-0.00011857,1645977600000.0
2022-02-28 00:00:00+00:00,0.0001,1646006400000.0
2022-02-28 04:00:00+00:00,0.0001,1646006400000.0
2022-02-28 08:00:00+00:00,1.648e-05,1646035200000.0
2022-02-28 12:00:00+00:00,1.648e-05,1646035200000.0
2022-02-28 16:00:00+00:00,4.299e-05,1646064000000.0
2022-02-28 20:00:00+00:00,4.299e-05,1646064000000.0
2022-03-01 00:00:00+00:00,4.522e-05,1646092800000.0
2022-03-01 04:00:00+00:00,4.522e-05,1646092800000.0
2022-03-01 08:00:00+00:00,8.328e-05,1646121600000.0
2022-03-01 12:00:00+00:00,8.328e-05,1646121600000.0
2022-03-01 16:00:00+00:00,0.0001,1646150400000.0
2022-03-01 20:00:00+00:00,0.0001,1646150400000.0
2022-03-02 00:00:00+00:00,0.0001,1646179200000.0
2022-03-02 04:00:00+00:00,0.0001,1646179200000.0
2022-03-02 08:00:00+00:00,2.481e-05,1646208000000.0
2022-03-02 12:00:00+00:00,2.481e-05,1646208000000.0
2022-03-02 16:00:00+00:00,3.776e-05,1646236800000.0
2022-03-02 20:00:00+00:00,3.776e-05,1646236800000.0
2022-03-03 00:00:00+00:00,1.691e-05,1646265600000.0
2022-03-03 04:00:00+00:00,1.691e-05,1646265600000.0
2022-03-03 08:00:00+00:00,-0.00019685,1646294400000.0
2022-03-03 12:00:00+00:00,-0.00019685,1646294400000.0
2022-03-03 16:00:00+00:00,7.848e-05,1646323200000.0
2022-03-03 20:00:00+00:00,7.848e-05,1646323200000.0
2022-03-04 00:00:00+00:00,2.27e-06,1646352000000.0
2022-03-04 04:00:00+00:00,2.27e-06,1646352000000.0
2022-03-04 08:00:00+00:00,-0.00018839,1646380800000.0
2022-03-04 12:00:00+00:00,-0.00018839,1646380800000.0
2022-03-04 16:00:00+00:00,-7.992e-05,1646409600000.0
2022-03-04 20:00:00+00:00,-7.992e-05,1646409600000.0
2022-03-05 00:00:00+00:00,4.689e-05,1646438400000.0
2022-03-05 04:00:00+00:00,4.689e-05,1646438400000.0
2022-03-05 08:00:00+00:00,-0.00016803,1646467200000.0
2022-03-05 12:00:00+00:00,-0.00016803,1646467200000.0
2022-03-05 16:00:00+00:00,-0.00028754,1646496000000.0
2022-03-05 20:00:00+00:00,-0.00028754,1646496000000.0
2022-03-06 00:00:00+00:00,-0.00012909,1646524800000.0
2022-03-06 04:00:00+00:00,-0.00012909,1646524800000.0
2022-03-06 08:00:00+00:00,-2.608e-05,1646553600000.0
2022-03-06 12:00:00+00:00,-2.608e-05,1646553600000.0
2022-03-06 16:00:00+00:00,-9.614e-05,1646582400000.0
2022-03-06 20:00:00+00:00,-9.614e-05,1646582400000.0
2022-03-07 00:00:00+00:00,-0.00014371,1646611200000.0
2022-03-07 04:00:00+00:00,-0.00014371,1646611200000.0
2022-03-07 08:00:00+00:00,-0.00027795,1646640000000.0
2022-03-07 12:00:00+00:00,-0.00027795,1646640000000.0
2022-03-07 16:00:00+00:00,-0.00027807,1646668800000.0
2022-03-07 20:00:00+00:00,-0.00027807,1646668800000.0
2022-03-08 00:00:00+00:00,3.971e-05,1646697600000.0
2022-03-08 04:00:00+00:00,3.971e-05,1646697600000.0
2022-03-08 08:00:00+00:00,-1.234e-05,1646726400000.0
2022-03-08 12:00:00+00:00,-1.234e-05,1646726400000.0
2022-03-08 16:00:00+00:00,-5.02e-06,1646755200000.0
2022-03-08 20:00:00+00:00,-5.02e-06,1646755200000.0
2022-03-09 00:00:00+00:00,-2.38e-05,1646784000000.0
2022-03-09 04:00:00+00:00,-2.38e-05,1646784000000.0
2022-03-09 08:00:00+00:00,-7.435e-05,1646812800000.0
2022-03-09 12:00:00+00:00,-7.435e-05,1646812800000.0
2022-03-09 16:00:00+00:00,6.017e-05,1646841600000.0
2022-03-09 20:00:00+00:00,6.017e-05,1646841600000.0
2022-03-10 00:00:00+00:00,8.929e-05,1646870400000.0
2022-03-10 04:00:00+00:00,8.929e-05,1646870400000.0
2022-03-10 08:00:00+00:00,0.0001,1646899200000.0
2022-03-10 12:00:00+00:00,0.0001,1646899200000.0
2022-03-10 16:00:00+00:00,3.945e-05,1646928000000.0
2022-03-10 20:00:00+00:00,3.945e-05,1646928000000.0
2022-03-11 00:00:00+00:00,-0.00011102,1646956800000.0
2022-03-11 04:00:00+00:00,-0.00011102,1646956800000.0
2022-03-11 08:00:00+00:00,1.31e-06,1646985600000.0
2022-03-11 12:00:00+00:00,1.31e-06,1646985600000.0
2022-03-11 16:00:00+00:00,-8.311e-05,1647014400000.0
2022-03-11 20:00:00+00:00,-8.311e-05,1647014400000.0
2022-03-12 00:00:00+00:00,0.0001,1647043200000.0
2022-03-12 04:00:00+00:00,0.0001,1647043200000.0
2022-03-12 08:00:00+00:00,0.0001,1647072000000.0
2022-03-12 12:00:00+00:00,0.0001,1647072000000.0
2022-03-12 16:00:00+00:00,0.0001,1647100800000.0
2022-03-12 20:00:00+00:00,0.0001,1647100800000.0
2022-03-13 00:00:00+00:00,0.0001,1647129600000.0
2022-03-13 04:00:00+00:00,0.0001,1647129600000.0
2022-03-13 08:00:00+00:00,0.0001,1647158400000.0
2022-03-13 12:00:00+00:00,0.0001,1647158400000.0
2022-03-13 16:00:00+00:00,0.0001,1647187200000.0
2022-03-13 20:00:00+00:00,0.0001,1647187200000.0
2022-03-14 00:00:00+00:00,0.0001,1647216000000.0
2022-03-14 04:00:00+00:00,0.0001,1647216000000.0
2022-03-14 08:00:00+00:00,5.252e-05,1647244800000.0
2022-03-14 12:00:00+00:00,5.252e-05,1647244800000.0
2022-03-14 16:00:00+00:00,-0.0001371,1647273600000.0
2022-03-14 20:00:00+00:00,-0.0001371,1647273600000.0
2022-03-15 00:00:00+00:00,0.0001,1647302400000.0
2022-03-15 04:00:00+00:00,0.0001,1647302400000.0
2022-03-15 08:00:00+00:00,0.0001,1647331200000.0
2022-03-15 12:00:00+00:00,0.0001,1647331200000.0
2022-03-15 16:00:00+00:00,0.0001,1647360000000.0
2022-03-15 20:00:00+00:00,0.0001,1647360000000.0
2022-03-16 00:00:00+00:00,4.227e-05,1647388800000.0
2022-03-16 04:00:00+00:00,4.227e-05,1647388800000.0
2022-03-16 08:00:00+00:00,0.0001,1647417600000.0
2022-03-16 12:00:00+00:00,0.0001,1647417600000.0
2022-03-16 16:00:00+00:00,0.0001,1647446400000.0
2022-03-16 20:00:00+00:00,0.0001,1647446400000.0
2022-03-17 00:00:00+00:00,0.0001,1647475200000.0
2022-03-17 04:00:00+00:00,0.0001,1647475200000.0
2022-03-17 08:00:00+00:00,0.0001,1647504000000.0
2022-03-17 12:00:00+00:00,0.0001,1647504000000.0
2022-03-17 16:00:00+00:00,0.0001,1647532800000.0
2022-03-17 20:00:00+00:00,0.0001,1647532800000.0
2022-03-18 00:00:00+00:00,0.0001,1647561600000.0
2022-03-18 04:00:00+00:00,0.0001,1647561600000.0
2022-03-18 08:00:00+00:00,0.0001,1647590400000.0
2022-03-18 12:00:00+00:00,0.0001,1647590400000.0
2022-03-18 16:00:00+00:00,0.0001,1647619200000.0
2022-03-18 20:00:00+00:00,0.0001,1647619200000.0
2022-03-19 00:00:00+00:00,-3.07e-06,1647648000000.0
2022-03-19 04:00:00+00:00,-3.07e-06,1647648000000.0
2022-03-19 08:00:00+00:00,-0.00010765,1647676800000.0
2022-03-19 12:00:00+00:00,-0.00010765,1647676800000.0
2022-03-19 16:00:00+00:00,0.0001,1647705600000.0
2022-03-19 20:00:00+00:00,0.0001,1647705600000.0
2022-03-20 00:00:00+00:00,0.0001,1647734400000.0
2022-03-20 04:00:00+00:00,0.0001,1647734400000.0
2022-03-20 08:00:00+00:00,-0.00010988,1647763200000.0
2022-03-20 12:00:00+00:00,-0.00010988,1647763200000.0
2022-03-20 16:00:00+00:00,0.0001,1647792000000.0
2022-03-20 20:00:00+00:00,0.0001,1647792000000.0
2022-03-21 00:00:00+00:00,0.0001,1647820800000.0
2022-03-21 04:00:00+00:00,0.0001,1647820800000.0
2022-03-21 08:00:00+00:00,-7.581e-05,1647849600000.0
2022-03-21 12:00:00+00:00,-7.581e-05,1647849600000.0
2022-03-21 16:00:00+00:00,5.767e-05,1647878400000.0
2022-03-21 20:00:00+00:00,5.767e-05,1647878400000.0
2022-03-22 00:00:00+00:00,-0.00021681,1647907200000.0
2022-03-22 04:00:00+00:00,-0.00021681,1647907200000.0
2022-03-22 08:00:00+00:00,-5.113e-05,1647936000000.0
2022-03-22 12:00:00+00:00,-5.113e-05,1647936000000.0
2022-03-22 16:00:00+00:00,-0.00027982,1647964800000.0
2022-03-22 20:00:00+00:00,-0.00027982,1647964800000.0
2022-03-23 00:00:00+00:00,-1.587e-05,1647993600000.0
2022-03-23 04:00:00+00:00,-1.587e-05,1647993600000.0
2022-03-23 08:00:00+00:00,-0.00015046,1648022400000.0
2022-03-23 12:00:00+00:00,-0.00015046,1648022400000.0
2022-03-23 16:00:00+00:00,-9.077e-05,1648051200000.0
2022-03-23 20:00:00+00:00,-9.077e-05,1648051200000.0
2022-03-24 00:00:00+00:00,-0.0002627,1648080000000.0
2022-03-24 04:00:00+00:00,-0.0002627,1648080000000.0
2022-03-24 08:00:00+00:00,-0.00016802,1648108800000.0
2022-03-24 12:00:00+00:00,-0.00016802,1648108800000.0
2022-03-24 16:00:00+00:00,1.507e-05,1648137600000.0
2022-03-24 20:00:00+00:00,1.507e-05,1648137600000.0
2022-03-25 00:00:00+00:00,-0.0003714,1648166400000.0
2022-03-25 04:00:00+00:00,-0.0003714,1648166400000.0
2022-03-25 08:00:00+00:00,5.847e-05,1648195200000.0
2022-03-25 12:00:00+00:00,5.847e-05,1648195200000.0
2022-03-25 16:00:00+00:00,0.0001,1648224000000.0
2022-03-25 20:00:00+00:00,0.0001,1648224000000.0
2022-03-26 00:00:00+00:00,0.0001,1648252800000.0
2022-03-26 04:00:00+00:00,0.0001,1648252800000.0
2022-03-26 08:00:00+00:00,0.0001,1648281600000.0
2022-03-26 12:00:00+00:00,0.0001,1648281600000.0
2022-03-26 16:00:00+00:00,0.0001,1648310400000.0
2022-03-26 20:00:00+00:00,0.0001,1648310400000.0
2022-03-27 00:00:00+00:00,0.0001,1648339200000.0
2022-03-27 04:00:00+00:00,0.0001,1648339200000.0
2022-03-27 08:00:00+00:00,0.0001,1648368000000.0
2022-03-27 12:00:00+00:00,0.0001,1648368000000.0
2022-03-27 16:00:00+00:00,0.0001,1648396800000.0
2022-03-27 20:00:00+00:00,0.0001,1648396800000.0
2022-03-28 00:00:00+00:00,0.0001,1648425600000.0
2022-03-28 04:00:00+00:00,0.0001,1648425600000.0
2022-03-28 08:00:00+00:00,0.0001,1648454400000.0
2022-03-28 12:00:00+00:00,0.0001,1648454400000.0
2022-03-28 16:00:00+00:00,0.0001,1648483200000.0
2022-03-28 20:00:00+00:00,0.0001,1648483200000.0
2022-03-29 00:00:00+00:00,0.0001,1648512000000.0
2022-03-29 04:00:00+00:00,0.0001,1648512000000.0
2022-03-29 08:00:00+00:00,0.0001,1648540800000.0
2022-03-29 12:00:00+00:00,0.0001,1648540800000.0
2022-03-29 16:00:00+00:00,0.0001,1648569600000.0
2022-03-29 20:00:00+00:00,0.0001,1648569600000.0
2022-03-30 00:00:00+00:00,0.0001,1648598400000.0
2022-03-30 04:00:00+00:00,0.0001,1648598400000.0
2022-03-30 08:00:00+00:00,0.0001,1648627200000.0
2022-03-30 12:00:00+00:00,0.0001,1648627200000.0
2022-03-30 16:00:00+00:00,0.0001,1648656000000.0
2022-03-30 20:00:00+00:00,0.0001,1648656000000.0
2022-03-31 00:00:00+00:00,0.0001,1648684800000.0
2022-03-31 04:00:00+00:00,0.0001,1648684800000.0
2022-03-31 08:00:00+00:00,0.0001,1648713600000.0
2022-03-31 12:00:00+00:00,0.0001,1648713600000.0
2022-03-31 16:00:00+00:00,0.00010705,1648742400000.0
2022-03-31 20:00:00+00:00,0.00010705,1648742400000.0
2022-04-01 00:00:00+00:00,0.00024369,1648771200000.0
2022-04-01 04:00:00+00:00,0.00024369,1648771200000.0
2022-04-01 08:00:00+00:00,0.0001,1648800000000.0
2022-04-01 12:00:00+00:00,0.0001,1648800000000.0
2022-04-01 16:00:00+00:00,0.0001,1648828800000.0
2022-04-01 20:00:00+00:00,0.0001,1648828800000.0
2022-04-02 00:00:00+00:00,0.0001,1648857600000.0
2022-04-02 04:00:00+00:00,0.0001,1648857600000.0
2022-04-02 08:00:00+00:00,0.0001,1648886400000.0
2022-04-02 12:00:00+00:00,0.0001,1648886400000.0
2022-04-02 16:00:00+00:00,0.0001,1648915200000.0
2022-04-02 20:00:00+00:00,0.0001,1648915200000.0
2022-04-03 00:00:00+00:00,0.0001,1648944000000.0
2022-04-03 04:00:00+00:00,0.0001,1648944000000.0
2022-04-03 08:00:00+00:00,0.0001,1648972800000.0
2022-04-03 12:00:00+00:00,0.0001,1648972800000.0
2022-04-03 16:00:00+00:00,0.0001,1649001600000.0
2022-04-03 20:00:00+00:00,0.0001,1649001600000.0
2022-04-04 00:00:00+00:00,0.0001,1649030400000.0
2022-04-04 04:00:00+00:00,0.0001,1649030400000.0
2022-04-04 08:00:00+00:00,0.0001,1649059200000.0
2022-04-04 12:00:00+00:00,0.0001,1649059200000.0
2022-04-04 16:00:00+00:00,0.0001,1649088000000.0
2022-04-04 20:00:00+00:00,0.0001,1649088000000.0
2022-04-05 00:00:00+00:00,0.0001,1649116800000.0
2022-04-05 04:00:00+00:00,0.0001,1649116800000.0
2022-04-05 08:00:00+00:00,0.0001,1649145600000.0
2022-04-05 12:00:00+00:00,0.0001,1649145600000.0
2022-04-05 16:00:00+00:00,0.0001,1649174400000.0
2022-04-05 20:00:00+00:00,0.0001,1649174400000.0
2022-04-06 00:00:00+00:00,0.0001,1649203200000.0
2022-04-06 04:00:00+00:00,0.0001,1649203200000.0
2022-04-06 08:00:00+00:00,0.0001,1649232000000.0
2022-04-06 12:00:00+00:00,0.0001,1649232000000.0
2022-04-06 16:00:00+00:00,0.0001,1649260800000.0
2022-04-06 20:00:00+00:00,0.0001,1649260800000.0
2022-04-07 00:00:00+00:00,0.0001,1649289600000.0
2022-04-07 04:00:00+00:00,0.0001,1649289600000.0
2022-04-07 08:00:00+00:00,-0.00028849,1649318400000.0
2022-04-07 12:00:00+00:00,-0.00028849,1649318400000.0
2022-04-07 16:00:00+00:00,0.0001,1649347200000.0
2022-04-07 20:00:00+00:00,0.0001,1649347200000.0
2022-04-08 00:00:00+00:00,0.0001,1649376000000.0
2022-04-08 04:00:00+00:00,0.0001,1649376000000.0
2022-04-08 08:00:00+00:00,0.0001,1649404800000.0
2022-04-08 12:00:00+00:00,0.0001,1649404800000.0
2022-04-08 16:00:00+00:00,8.264e-05,1649433600000.0
2022-04-08 20:00:00+00:00,8.264e-05,1649433600000.0
2022-04-09 00:00:00+00:00,0.0001,1649462400000.0
2022-04-09 04:00:00+00:00,0.0001,1649462400000.0
2022-04-09 08:00:00+00:00,0.0001,1649491200000.0
2022-04-09 12:00:00+00:00,0.0001,1649491200000.0
2022-04-09 16:00:00+00:00,8.07e-05,1649520000000.0
2022-04-09 20:00:00+00:00,8.07e-05,1649520000000.0
2022-04-10 00:00:00+00:00,0.0001,1649548800000.0
2022-04-10 04:00:00+00:00,0.0001,1649548800000.0
2022-04-10 08:00:00+00:00,0.0001,1649577600000.0
2022-04-10 12:00:00+00:00,0.0001,1649577600000.0
2022-04-10 16:00:00+00:00,0.0001,1649606400000.0
2022-04-10 20:00:00+00:00,0.0001,1649606400000.0
2022-04-11 00:00:00+00:00,7.071e-05,1649635200000.0
2022-04-11 04:00:00+00:00,7.071e-05,1649635200000.0
2022-04-11 08:00:00+00:00,-5.438e-05,1649664000000.0
2022-04-11 12:00:00+00:00,-5.438e-05,1649664000000.0
2022-04-11 16:00:00+00:00,-6.17e-06,1649692800000.0
2022-04-11 20:00:00+00:00,-6.17e-06,1649692800000.0
2022-04-12 00:00:00+00:00,-0.0002175,1649721600000.0
2022-04-12 04:00:00+00:00,-0.0002175,1649721600000.0
2022-04-12 08:00:00+00:00,-7.293e-05,1649750400000.0
2022-04-12 12:00:00+00:00,-7.293e-05,1649750400000.0
2022-04-12 16:00:00+00:00,1.633e-05,1649779200000.0
2022-04-12 20:00:00+00:00,1.633e-05,1649779200000.0
2022-04-13 00:00:00+00:00,-0.00022389,1649808000000.0
2022-04-13 04:00:00+00:00,-0.00022389,1649808000000.0
2022-04-13 08:00:00+00:00,-3.333e-05,1649836800000.0
2022-04-13 12:00:00+00:00,-3.333e-05,1649836800000.0
2022-04-13 16:00:00+00:00,1.091e-05,1649865600000.0
2022-04-13 20:00:00+00:00,1.091e-05,1649865600000.0
2022-04-14 00:00:00+00:00,-0.0001613,1649894400000.0
2022-04-14 04:00:00+00:00,-0.0001613,1649894400000.0
2022-04-14 08:00:00+00:00,-2.897e-05,1649923200000.0
2022-04-14 12:00:00+00:00,-2.897e-05,1649923200000.0
2022-04-14 16:00:00+00:00,-9.243e-05,1649952000000.0
2022-04-14 20:00:00+00:00,-9.243e-05,1649952000000.0
2022-04-15 00:00:00+00:00,-5.193e-05,1649980800000.0
2022-04-15 04:00:00+00:00,-5.193e-05,1649980800000.0
2022-04-15 08:00:00+00:00,-9.119e-05,1650009600000.0
2022-04-15 12:00:00+00:00,-9.119e-05,1650009600000.0
2022-04-15 16:00:00+00:00,0.0001,1650038400000.0
2022-04-15 20:00:00+00:00,0.0001,1650038400000.0
2022-04-16 00:00:00+00:00,-2.037e-05,1650067200000.0
2022-04-16 04:00:00+00:00,-2.037e-05,1650067200000.0
2022-04-16 08:00:00+00:00,2.445e-05,1650096000000.0
2022-04-16 12:00:00+00:00,2.445e-05,1650096000000.0
2022-04-16 16:00:00+00:00,0.0001,1650124800000.0
2022-04-16 20:00:00+00:00,0.0001,1650124800000.0
2022-04-17 00:00:00+00:00,3.978e-05,1650153600000.0
2022-04-17 04:00:00+00:00,3.978e-05,1650153600000.0
2022-04-17 08:00:00+00:00,5.587e-05,1650182400000.0
2022-04-17 12:00:00+00:00,5.587e-05,1650182400000.0
2022-04-17 16:00:00+00:00,0.0001,1650211200000.0
2022-04-17 20:00:00+00:00,0.0001,1650211200000.0
2022-04-18 00:00:00+00:00,0.0001,1650240000000.0
2022-04-18 04:00:00+00:00,0.0001,1650240000000.0
2022-04-18 08:00:00+00:00,0.0001,1650268800000.0
2022-04-18 12:00:00+00:00,0.0001,1650268800000.0
2022-04-18 16:00:00+00:00,-2.978e-05,1650297600000.0
2022-04-18 20:00:00+00:00,-2.978e-05,1650297600000.0
2022-04-19 00:00:00+00:00,-0.00039616,1650326400000.0
2022-04-19 04:00:00+00:00,-0.00039616,1650326400000.0
2022-04-19 08:00:00+00:00,0.0001,1650355200000.0
2022-04-19 12:00:00+00:00,0.0001,1650355200000.0
2022-04-19 16:00:00+00:00,0.0001,1650384000000.0
2022-04-19 20:00:00+00:00,0.0001,1650384000000.0
2022-04-20 00:00:00+00:00,0.0001,1650412800000.0
2022-04-20 04:00:00+00:00,0.0001,1650412800000.0
2022-04-20 08:00:00+00:00,0.0001,1650441600000.0
2022-04-20 12:00:00+00:00,0.0001,1650441600000.0
2022-04-20 16:00:00+00:00,0.0001,1650470400000.0
2022-04-20 20:00:00+00:00,0.0001,1650470400000.0
2022-04-21 00:00:00+00:00,0.0001,1650499200000.0
2022-04-21 04:00:00+00:00,0.0001,1650499200000.0
2022-04-21 08:00:00+00:00,0.0001,1650528000000.0
2022-04-21 12:00:00+00:00,0.0001,1650528000000.0
2022-04-21 16:00:00+00:00,0.0001,1650556800000.0
2022-04-21 20:00:00+00:00,0.0001,1650556800000.0
2022-04-22 00:00:00+00:00,0.0001,1650585600000.0
2022-04-22 04:00:00+00:00,0.0001,1650585600000.0
2022-04-22 08:00:00+00:00,0.0001,1650614400000.0
2022-04-22 12:00:00+00:00,0.0001,1650614400000.0
2022-04-22 16:00:00+00:00,0.0001,1650643200000.0
2022-04-22 20:00:00+00:00,0.0001,1650643200000.0
2022-04-23 00:00:00+00:00,0.0001,1650672000000.0
2022-04-23 04:00:00+00:00,0.0001,1650672000000.0
2022-04-23 08:00:00+00:00,0.0001,1650700800000.0
2022-04-23 12:00:00+00:00,0.0001,1650700800000.0
2022-04-23 16:00:00+00:00,0.0001,1650729600000.0
2022-04-23 20:00:00+00:00,0.0001,1650729600000.0
2022-04-24 00:00:00+00:00,0.0001,1650758400000.0
2022-04-24 04:00:00+00:00,0.0001,1650758400000.0
2022-04-24 08:00:00+00:00,0.0001,1650787200000.0
2022-04-24 12:00:00+00:00,0.0001,1650787200000.0
2022-04-24 16:00:00+00:00,0.0001,1650816000000.0
2022-04-24 20:00:00+00:00,0.0001,1650816000000.0
2022-04-25 00:00:00+00:00,0.0001,1650844800000.0
2022-04-25 04:00:00+00:00,0.0001,1650844800000.0
2022-04-25 08:00:00+00:00,0.0001,1650873600000.0
2022-04-25 12:00:00+00:00,0.0001,1650873600000.0
2022-04-25 16:00:00+00:00,0.0001,1650902400000.0
2022-04-25 20:00:00+00:00,0.0001,1650902400000.0
2022-04-26 00:00:00+00:00,3.239e-05,1650931200000.0
2022-04-26 04:00:00+00:00,3.239e-05,1650931200000.0
2022-04-26 08:00:00+00:00,0.0001,1650960000000.0
2022-04-26 12:00:00+00:00,0.0001,1650960000000.0
2022-04-26 16:00:00+00:00,0.0001,1650988800000.0
2022-04-26 20:00:00+00:00,0.0001,1650988800000.0
2022-04-27 00:00:00+00:00,0.0001,1651017600000.0
2022-04-27 04:00:00+00:00,0.0001,1651017600000.0
2022-04-27 08:00:00+00:00,0.0001,1651046400000.0
2022-04-27 12:00:00+00:00,0.0001,1651046400000.0
2022-04-27 16:00:00+00:00,0.0001,1651075200000.0
2022-04-27 20:00:00+00:00,0.0001,1651075200000.0
2022-04-28 00:00:00+00:00,0.0001,1651104000000.0
2022-04-28 04:00:00+00:00,0.0001,1651104000000.0
2022-04-28 08:00:00+00:00,0.0001,1651132800000.0
2022-04-28 12:00:00+00:00,0.0001,1651132800000.0
2022-04-28 16:00:00+00:00,0.0001,1651161600000.0
2022-04-28 20:00:00+00:00,0.0001,1651161600000.0
2022-04-29 00:00:00+00:00,0.0001,1651190400000.0
2022-04-29 04:00:00+00:00,0.0001,1651190400000.0
2022-04-29 08:00:00+00:00,0.0001,1651219200000.0
2022-04-29 12:00:00+00:00,0.0001,1651219200000.0
2022-04-29 16:00:00+00:00,0.0001,1651248000000.0
2022-04-29 20:00:00+00:00,0.0001,1651248000000.0
2022-04-30 00:00:00+00:00,8.559e-05,1651276800000.0
2022-04-30 04:00:00+00:00,8.559e-05,1651276800000.0
2022-04-30 08:00:00+00:00,7.036e-05,1651305600000.0
2022-04-30 12:00:00+00:00,7.036e-05,1651305600000.0
2022-04-30 16:00:00+00:00,0.0001,1651334400000.0
2022-04-30 20:00:00+00:00,0.0001,1651334400000.0
2022-05-01 00:00:00+00:00,3.829e-05,1651363200000.0
2022-05-01 04:00:00+00:00,3.829e-05,1651363200000.0
2022-05-01 08:00:00+00:00,-0.0001594,1651392000000.0
2022-05-01 12:00:00+00:00,-0.0001594,1651392000000.0
2022-05-01 16:00:00+00:00,-0.00030572,1651420800000.0
2022-05-01 20:00:00+00:00,-0.00030572,1651420800000.0
2022-05-02 00:00:00+00:00,-7.094e-05,1651449600000.0
2022-05-02 04:00:00+00:00,-7.094e-05,1651449600000.0
2022-05-02 08:00:00+00:00,-0.00017237,1651478400000.0
2022-05-02 12:00:00+00:00,-0.00017237,1651478400000.0
2022-05-02 16:00:00+00:00,-1.482e-05,1651507200000.0
2022-05-02 20:00:00+00:00,-1.482e-05,1651507200000.0
2022-05-03 00:00:00+00:00,-0.00015149,1651536000000.0
2022-05-03 04:00:00+00:00,-0.00015149,1651536000000.0
2022-05-03 08:00:00+00:00,-7.65e-05,1651564800000.0
2022-05-03 12:00:00+00:00,-7.65e-05,1651564800000.0
2022-05-03 16:00:00+00:00,0.0001,1651593600000.0
2022-05-03 20:00:00+00:00,0.0001,1651593600000.0
2022-05-04 00:00:00+00:00,6.5e-06,1651622400000.0
2022-05-04 04:00:00+00:00,6.5e-06,1651622400000.0
2022-05-04 08:00:00+00:00,-0.00015878,1651651200000.0
2022-05-04 12:00:00+00:00,-0.00015878,1651651200000.0
2022-05-04 16:00:00+00:00,-0.00010574,1651680000000.0
2022-05-04 20:00:00+00:00,-0.00010574,1651680000000.0
2022-05-05 00:00:00+00:00,1.872e-05,1651708800000.0
2022-05-05 04:00:00+00:00,1.872e-05,1651708800000.0
2022-05-05 08:00:00+00:00,-0.00015795,1651737600000.0
2022-05-05 12:00:00+00:00,-0.00015795,1651737600000.0
2022-05-05 16:00:00+00:00,0.0001,1651766400000.0
2022-05-05 20:00:00+00:00,0.0001,1651766400000.0
2022-05-06 00:00:00+00:00,0.0001,1651795200000.0
2022-05-06 04:00:00+00:00,0.0001,1651795200000.0
2022-05-06 08:00:00+00:00,9.73e-06,1651824000000.0
2022-05-06 12:00:00+00:00,9.73e-06,1651824000000.0
2022-05-06 16:00:00+00:00,5.81e-06,1651852800000.0
2022-05-06 20:00:00+00:00,5.81e-06,1651852800000.0
2022-05-07 00:00:00+00:00,-4e-07,1651881600000.0
2022-05-07 04:00:00+00:00,-4e-07,1651881600000.0
2022-05-07 08:00:00+00:00,-1.37e-06,1651910400000.0
2022-05-07 12:00:00+00:00,-1.37e-06,1651910400000.0
2022-05-07 16:00:00+00:00,-2.653e-05,1651939200000.0
2022-05-07 20:00:00+00:00,-2.653e-05,1651939200000.0
2022-05-08 00:00:00+00:00,7.35e-05,1651968000000.0
2022-05-08 04:00:00+00:00,7.35e-05,1651968000000.0
2022-05-08 08:00:00+00:00,0.0001,1651996800000.0
2022-05-08 12:00:00+00:00,0.0001,1651996800000.0
2022-05-08 16:00:00+00:00,-1.541e-05,1652025600000.0
2022-05-08 20:00:00+00:00,-1.541e-05,1652025600000.0
2022-05-09 00:00:00+00:00,-2.501e-05,1652054400000.0
2022-05-09 04:00:00+00:00,-2.501e-05,1652054400000.0
2022-05-09 08:00:00+00:00,4.059e-05,1652083200000.0
2022-05-09 12:00:00+00:00,4.059e-05,1652083200000.0
2022-05-09 16:00:00+00:00,-0.00019727,1652112000000.0
2022-05-09 20:00:00+00:00,-0.00019727,1652112000000.0
2022-05-10 00:00:00+00:00,-0.00060324,1652140800000.0
2022-05-10 04:00:00+00:00,-0.00060324,1652140800000.0
2022-05-10 08:00:00+00:00,-8.291e-05,1652169600000.0
2022-05-10 12:00:00+00:00,-8.291e-05,1652169600000.0
2022-05-10 16:00:00+00:00,-0.0001925,1652198400000.0
2022-05-10 20:00:00+00:00,-0.0001925,1652198400000.0
2022-05-11 00:00:00+00:00,8.065e-05,1652227200000.0
2022-05-11 04:00:00+00:00,8.065e-05,1652227200000.0
2022-05-11 08:00:00+00:00,-9.533e-05,1652256000000.0
2022-05-11 12:00:00+00:00,-9.533e-05,1652256000000.0
2022-05-11 16:00:00+00:00,-9.825e-05,1652284800000.0
2022-05-11 20:00:00+00:00,-9.825e-05,1652284800000.0
2022-05-12 00:00:00+00:00,-0.00020987,1652313600000.0
2022-05-12 04:00:00+00:00,-0.00020987,1652313600000.0
2022-05-12 08:00:00+00:00,-0.00028939,1652342400000.0
2022-05-12 12:00:00+00:00,-0.00028939,1652342400000.0
2022-05-12 16:00:00+00:00,-0.00100983,1652371200000.0
2022-05-12 20:00:00+00:00,-0.00100983,1652371200000.0
2022-05-13 00:00:00+00:00,-0.00062125,1652400000000.0
2022-05-13 04:00:00+00:00,-0.00062125,1652400000000.0
2022-05-13 08:00:00+00:00,-0.00033297,1652428800000.0
2022-05-13 12:00:00+00:00,-0.00033297,1652428800000.0
2022-05-13 16:00:00+00:00,5.037e-05,1652457600000.0
2022-05-13 20:00:00+00:00,5.037e-05,1652457600000.0
2022-05-14 00:00:00+00:00,-0.00012826,1652486400000.0
2022-05-14 04:00:00+00:00,-0.00012826,1652486400000.0
2022-05-14 08:00:00+00:00,-5.678e-05,1652515200000.0
2022-05-14 12:00:00+00:00,-5.678e-05,1652515200000.0
2022-05-14 16:00:00+00:00,-3.771e-05,1652544000000.0
2022-05-14 20:00:00+00:00,-3.771e-05,1652544000000.0
2022-05-15 00:00:00+00:00,-7.974e-05,1652572800000.0
2022-05-15 04:00:00+00:00,-7.974e-05,1652572800000.0
2022-05-15 08:00:00+00:00,5.707e-05,1652601600000.0
2022-05-15 12:00:00+00:00,5.707e-05,1652601600000.0
2022-05-15 16:00:00+00:00,-0.00026233,1652630400000.0
2022-05-15 20:00:00+00:00,-0.00026233,1652630400000.0
2022-05-16 00:00:00+00:00,5.6e-07,1652659200000.0
2022-05-16 04:00:00+00:00,5.6e-07,1652659200000.0
2022-05-16 08:00:00+00:00,-0.00027335,1652688000000.0
2022-05-16 12:00:00+00:00,-0.00027335,1652688000000.0
2022-05-16 16:00:00+00:00,-0.00026225,1652716800000.0
2022-05-16 20:00:00+00:00,-0.00026225,1652716800000.0
2022-05-17 00:00:00+00:00,-0.00020298,1652745600000.0
2022-05-17 04:00:00+00:00,-0.00020298,1652745600000.0
2022-05-17 08:00:00+00:00,-0.00011238,1652774400000.0
2022-05-17 12:00:00+00:00,-0.00011238,1652774400000.0
2022-05-17 16:00:00+00:00,-0.00018877,1652803200000.0
2022-05-17 20:00:00+00:00,-0.00018877,1652803200000.0
2022-05-18 00:00:00+00:00,-8.714e-05,1652832000000.0
2022-05-18 04:00:00+00:00,-8.714e-05,1652832000000.0
2022-05-18 08:00:00+00:00,-0.00030504,1652860800000.0
2022-05-18 12:00:00+00:00,-0.00030504,1652860800000.0
2022-05-18 16:00:00+00:00,-0.00016728,1652889600000.0
2022-05-18 20:00:00+00:00,-0.00016728,1652889600000.0
2022-05-19 00:00:00+00:00,-0.00020349,1652918400000.0
2022-05-19 04:00:00+00:00,-0.00020349,1652918400000.0
2022-05-19 08:00:00+00:00,-8.84e-05,1652947200000.0
2022-05-19 12:00:00+00:00,-8.84e-05,1652947200000.0
2022-05-19 16:00:00+00:00,-0.00023881,1652976000000.0
2022-05-19 20:00:00+00:00,-0.00023881,1652976000000.0
2022-05-20 00:00:00+00:00,-6.01e-05,1653004800000.0
2022-05-20 04:00:00+00:00,-6.01e-05,1653004800000.0
2022-05-20 08:00:00+00:00,-0.00013959,1653033600000.0
2022-05-20 12:00:00+00:00,-0.00013959,1653033600000.0
2022-05-20 16:00:00+00:00,-0.00025427,1653062400000.0
2022-05-20 20:00:00+00:00,-0.00025427,1653062400000.0
2022-05-21 00:00:00+00:00,-0.00017779,1653091200000.0
2022-05-21 04:00:00+00:00,-0.00017779,1653091200000.0
2022-05-21 08:00:00+00:00,-9.893e-05,1653120000000.0
2022-05-21 12:00:00+00:00,-9.893e-05,1653120000000.0
2022-05-21 16:00:00+00:00,-0.00013126,1653148800000.0
2022-05-21 20:00:00+00:00,-0.00013126,1653148800000.0
2022-05-22 00:00:00+00:00,-3.909e-05,1653177600000.0
2022-05-22 04:00:00+00:00,-3.909e-05,1653177600000.0
2022-05-22 08:00:00+00:00,2.127e-05,1653206400000.0
2022-05-22 12:00:00+00:00,2.127e-05,1653206400000.0
2022-05-22 16:00:00+00:00,-9.636e-05,1653235200000.0
2022-05-22 20:00:00+00:00,-9.636e-05,1653235200000.0
2022-05-23 00:00:00+00:00,-6.36e-06,1653264000000.0
2022-05-23 04:00:00+00:00,-6.36e-06,1653264000000.0
2022-05-23 08:00:00+00:00,5.92e-06,1653292800000.0
2022-05-23 12:00:00+00:00,5.92e-06,1653292800000.0
2022-05-23 16:00:00+00:00,0.0001,1653321600000.0
2022-05-23 20:00:00+00:00,0.0001,1653321600000.0
2022-05-24 00:00:00+00:00,6.059e-05,1653350400000.0
2022-05-24 04:00:00+00:00,6.059e-05,1653350400000.0
2022-05-24 08:00:00+00:00,-0.00011105,1653379200000.0
2022-05-24 12:00:00+00:00,-0.00011105,1653379200000.0
2022-05-24 16:00:00+00:00,-8.064e-05,1653408000000.0
2022-05-24 20:00:00+00:00,-8.064e-05,1653408000000.0
2022-05-25 00:00:00+00:00,-0.0001934,1653436800000.0
2022-05-25 04:00:00+00:00,-0.0001934,1653436800000.0
2022-05-25 08:00:00+00:00,0.0001,1653465600000.0
2022-05-25 12:00:00+00:00,0.0001,1653465600000.0
2022-05-25 16:00:00+00:00,0.0001,1653494400000.0
2022-05-25 20:00:00+00:00,0.0001,1653494400000.0
2022-05-26 00:00:00+00:00,-5.08e-05,1653523200000.0
2022-05-26 04:00:00+00:00,-5.08e-05,1653523200000.0
2022-05-26 08:00:00+00:00,-6.53e-05,1653552000000.0
2022-05-26 12:00:00+00:00,-6.53e-05,1653552000000.0
2022-05-26 16:00:00+00:00,2.551e-05,1653580800000.0
2022-05-26 20:00:00+00:00,2.551e-05,1653580800000.0
2022-05-27 00:00:00+00:00,-0.00017817,1653609600000.0
2022-05-27 04:00:00+00:00,-0.00017817,1653609600000.0
2022-05-27 08:00:00+00:00,-0.00010508,1653638400000.0
2022-05-27 12:00:00+00:00,-0.00010508,1653638400000.0
2022-05-27 16:00:00+00:00,-0.00019016,1653667200000.0
2022-05-27 20:00:00+00:00,-0.00019016,1653667200000.0
2022-05-28 00:00:00+00:00,8.79e-06,1653696000000.0
2022-05-28 04:00:00+00:00,8.79e-06,1653696000000.0
2022-05-28 08:00:00+00:00,-3.234e-05,1653724800000.0
2022-05-28 12:00:00+00:00,-3.234e-05,1653724800000.0
2022-05-28 16:00:00+00:00,-8.417e-05,1653753600000.0
2022-05-28 20:00:00+00:00,-8.417e-05,1653753600000.0
2022-05-29 00:00:00+00:00,-0.0002089,1653782400000.0
2022-05-29 04:00:00+00:00,-0.0002089,1653782400000.0
2022-05-29 08:00:00+00:00,-3.35e-06,1653811200000.0
2022-05-29 12:00:00+00:00,-3.35e-06,1653811200000.0
2022-05-29 16:00:00+00:00,-0.00023671,1653840000000.0
2022-05-29 20:00:00+00:00,-0.00023671,1653840000000.0
2022-05-30 00:00:00+00:00,-0.0002559,1653868800000.0
2022-05-30 04:00:00+00:00,-0.0002559,1653868800000.0
2022-05-30 08:00:00+00:00,-9.916e-05,1653897600000.0
2022-05-30 12:00:00+00:00,-9.916e-05,1653897600000.0
2022-05-30 16:00:00+00:00,-8.339e-05,1653926400000.0
2022-05-30 20:00:00+00:00,-8.339e-05,1653926400000.0
2022-05-31 00:00:00+00:00,-2.084e-05,1653955200000.0
2022-05-31 04:00:00+00:00,-2.084e-05,1653955200000.0
2022-05-31 08:00:00+00:00,-2.12e-06,1653984000000.0
2022-05-31 12:00:00+00:00,-2.12e-06,1653984000000.0
2022-05-31 16:00:00+00:00,8.297e-05,1654012800000.0
2022-05-31 20:00:00+00:00,8.297e-05,1654012800000.0
2022-06-01 00:00:00+00:00,0.0001,1654041600000.0
2022-06-01 04:00:00+00:00,0.0001,1654041600000.0
2022-06-01 08:00:00+00:00,0.0001,1654070400000.0
2022-06-01 12:00:00+00:00,0.0001,1654070400000.0
2022-06-01 16:00:00+00:00,0.0001,1654099200000.0
2022-06-01 20:00:00+00:00,0.0001,1654099200000.0
2022-06-02 00:00:00+00:00,-0.00027459,1654128000000.0
2022-06-02 04:00:00+00:00,-0.00027459,1654128000000.0
2022-06-02 08:00:00+00:00,0.0001,1654156800000.0
2022-06-02 12:00:00+00:00,0.0001,1654156800000.0
2022-06-02 16:00:00+00:00,0.0001,1654185600000.0
2022-06-02 20:00:00+00:00,0.0001,1654185600000.0
2022-06-03 00:00:00+00:00,-2.335e-05,1654214400000.0
2022-06-03 04:00:00+00:00,-2.335e-05,1654214400000.0
2022-06-03 08:00:00+00:00,3.689e-05,1654243200000.0
2022-06-03 12:00:00+00:00,3.689e-05,1654243200000.0
2022-06-03 16:00:00+00:00,2e-07,1654272000000.0
2022-06-03 20:00:00+00:00,2e-07,1654272000000.0
2022-06-04 00:00:00+00:00,-0.00012301,1654300800000.0
2022-06-04 04:00:00+00:00,-0.00012301,1654300800000.0
2022-06-04 08:00:00+00:00,-6.832e-05,1654329600000.0
2022-06-04 12:00:00+00:00,-6.832e-05,1654329600000.0
2022-06-04 16:00:00+00:00,1.579e-05,1654358400000.0
2022-06-04 20:00:00+00:00,1.579e-05,1654358400000.0
2022-06-05 00:00:00+00:00,-7.9e-07,1654387200000.0
2022-06-05 04:00:00+00:00,-7.9e-07,1654387200000.0
2022-06-05 08:00:00+00:00,-9.248e-05,1654416000000.0
2022-06-05 12:00:00+00:00,-9.248e-05,1654416000000.0
2022-06-05 16:00:00+00:00,-1.739e-05,1654444800000.0
2022-06-05 20:00:00+00:00,-1.739e-05,1654444800000.0
2022-06-06 00:00:00+00:00,-0.00026186,1654473600000.0
2022-06-06 04:00:00+00:00,-0.00026186,1654473600000.0
2022-06-06 08:00:00+00:00,0.0001,1654502400000.0
2022-06-06 12:00:00+00:00,0.0001,1654502400000.0
2022-06-06 16:00:00+00:00,4.017e-05,1654531200000.0
2022-06-06 20:00:00+00:00,4.017e-05,1654531200000.0
2022-06-07 00:00:00+00:00,0.0001,1654560000000.0
2022-06-07 04:00:00+00:00,0.0001,1654560000000.0
2022-06-07 08:00:00+00:00,0.0001,1654588800000.0
2022-06-07 12:00:00+00:00,0.0001,1654588800000.0
2022-06-07 16:00:00+00:00,3.356e-05,1654617600000.0
2022-06-07 20:00:00+00:00,3.356e-05,1654617600000.0
2022-06-08 00:00:00+00:00,-1.5e-07,1654646400000.0
2022-06-08 04:00:00+00:00,-1.5e-07,1654646400000.0
2022-06-08 08:00:00+00:00,1.952e-05,1654675200000.0
2022-06-08 12:00:00+00:00,1.952e-05,1654675200000.0
2022-06-08 16:00:00+00:00,0.0001,1654704000000.0
2022-06-08 20:00:00+00:00,0.0001,1654704000000.0
2022-06-09 00:00:00+00:00,0.0001,1654732800000.0
2022-06-09 04:00:00+00:00,0.0001,1654732800000.0
2022-06-09 08:00:00+00:00,-2.264e-05,1654761600000.0
2022-06-09 12:00:00+00:00,-2.264e-05,1654761600000.0
2022-06-09 16:00:00+00:00,-3.319e-05,1654790400000.0
2022-06-09 20:00:00+00:00,-3.319e-05,1654790400000.0
2022-06-10 00:00:00+00:00,0.0001,1654819200000.0
2022-06-10 04:00:00+00:00,0.0001,1654819200000.0
2022-06-10 08:00:00+00:00,6.737e-05,1654848000000.0
2022-06-10 12:00:00+00:00,6.737e-05,1654848000000.0
2022-06-10 16:00:00+00:00,0.0001,1654876800000.0
2022-06-10 20:00:00+00:00,0.0001,1654876800000.0
2022-06-11 00:00:00+00:00,-0.00013111,1654905600000.0
2022-06-11 04:00:00+00:00,-0.00013111,1654905600000.0
2022-06-11 08:00:00+00:00,-0.00029284,1654934400000.0
2022-06-11 12:00:00+00:00,-0.00029284,1654934400000.0
2022-06-11 16:00:00+00:00,-0.00029043,1654963200000.0
2022-06-11 20:00:00+00:00,-0.00029043,1654963200000.0
2022-06-12 00:00:00+00:00,-5.214e-05,1654992000000.0
2022-06-12 04:00:00+00:00,-5.214e-05,1654992000000.0
2022-06-12 08:00:00+00:00,-0.00049662,1655020800000.0
2022-06-12 12:00:00+00:00,-0.00049662,1655020800000.0
2022-06-12 16:00:00+00:00,-0.00016816,1655049600000.0
2022-06-12 20:00:00+00:00,-0.00016816,1655049600000.0
2022-06-13 00:00:00+00:00,-0.00035268,1655078400000.0
2022-06-13 04:00:00+00:00,-0.00035268,1655078400000.0
2022-06-13 08:00:00+00:00,-8.713e-05,1655107200000.0
2022-06-13 12:00:00+00:00,-8.713e-05,1655107200000.0
2022-06-13 16:00:00+00:00,-0.00100448,1655136000000.0
2022-06-13 20:00:00+00:00,-0.00100448,1655136000000.0
2022-06-14 00:00:00+00:00,-0.00043449,1655164800000.0
2022-06-14 04:00:00+00:00,-0.00043449,1655164800000.0
2022-06-14 08:00:00+00:00,-0.00040363,1655193600000.0
2022-06-14 12:00:00+00:00,-0.00040363,1655193600000.0
2022-06-14 16:00:00+00:00,-9.519e-05,1655222400000.0
2022-06-14 20:00:00+00:00,-9.519e-05,1655222400000.0
2022-06-15 00:00:00+00:00,-0.00019542,1655251200000.0
2022-06-15 04:00:00+00:00,-0.00019542,1655251200000.0
2022-06-15 08:00:00+00:00,-5.73e-06,1655280000000.0
2022-06-15 12:00:00+00:00,-5.73e-06,1655280000000.0
2022-06-15 16:00:00+00:00,-0.0001945,1655308800000.0
2022-06-15 20:00:00+00:00,-0.0001945,1655308800000.0
2022-06-16 00:00:00+00:00,-0.00018636,1655337600000.0
2022-06-16 04:00:00+00:00,-0.00018636,1655337600000.0
2022-06-16 08:00:00+00:00,-0.00013606,1655366400000.0
2022-06-16 12:00:00+00:00,-0.00013606,1655366400000.0
2022-06-16 16:00:00+00:00,3.323e-05,1655395200000.0
2022-06-16 20:00:00+00:00,3.323e-05,1655395200000.0
2022-06-17 00:00:00+00:00,-0.00021445,1655424000000.0
2022-06-17 04:00:00+00:00,-0.00021445,1655424000000.0
2022-06-17 08:00:00+00:00,2.396e-05,1655452800000.0
2022-06-17 12:00:00+00:00,2.396e-05,1655452800000.0
2022-06-17 16:00:00+00:00,-0.00023259,1655481600000.0
2022-06-17 20:00:00+00:00,-0.00023259,1655481600000.0
2022-06-18 00:00:00+00:00,2.323e-05,1655510400000.0
2022-06-18 04:00:00+00:00,2.323e-05,1655510400000.0
2022-06-18 08:00:00+00:00,0.0001,1655539200000.0
2022-06-18 12:00:00+00:00,0.0001,1655539200000.0
2022-06-18 16:00:00+00:00,-9.436e-05,1655568000000.0
2022-06-18 20:00:00+00:00,-9.436e-05,1655568000000.0
2022-06-19 00:00:00+00:00,-0.00019137,1655596800000.0
2022-06-19 04:00:00+00:00,-0.00019137,1655596800000.0
2022-06-19 08:00:00+00:00,-0.00025898,1655625600000.0
2022-06-19 12:00:00+00:00,-0.00025898,1655625600000.0
2022-06-19 16:00:00+00:00,-0.00026829,1655654400000.0
2022-06-19 20:00:00+00:00,-0.00026829,1655654400000.0
2022-06-20 00:00:00+00:00,-0.00012731,1655683200000.0
2022-06-20 04:00:00+00:00,-0.00012731,1655683200000.0
2022-06-20 08:00:00+00:00,-0.00014441,1655712000000.0
2022-06-20 12:00:00+00:00,-0.00014441,1655712000000.0
2022-06-20 16:00:00+00:00,-9.745e-05,1655740800000.0
2022-06-20 20:00:00+00:00,-9.745e-05,1655740800000.0
2022-06-21 00:00:00+00:00,-9.955e-05,1655769600000.0
2022-06-21 04:00:00+00:00,-9.955e-05,1655769600000.0
2022-06-21 08:00:00+00:00,2.819e-05,1655798400000.0
2022-06-21 12:00:00+00:00,2.819e-05,1655798400000.0
2022-06-21 16:00:00+00:00,3.804e-05,1655827200000.0
2022-06-21 20:00:00+00:00,3.804e-05,1655827200000.0
2022-06-22 00:00:00+00:00,6.572e-05,1655856000000.0
2022-06-22 04:00:00+00:00,6.572e-05,1655856000000.0
2022-06-22 08:00:00+00:00,-0.00054209,1655884800000.0
2022-06-22 12:00:00+00:00,-0.00054209,1655884800000.0
2022-06-22 16:00:00+00:00,7.732e-05,1655913600000.0
2022-06-22 20:00:00+00:00,7.732e-05,1655913600000.0
2022-06-23 00:00:00+00:00,0.0001,1655942400000.0
2022-06-23 04:00:00+00:00,0.0001,1655942400000.0
2022-06-23 08:00:00+00:00,-0.00039872,1655971200000.0
2022-06-23 12:00:00+00:00,-0.00039872,1655971200000.0
2022-06-23 16:00:00+00:00,-0.0001493,1656000000000.0
2022-06-23 20:00:00+00:00,-0.0001493,1656000000000.0
2022-06-24 00:00:00+00:00,-0.00034093,1656028800000.0
2022-06-24 04:00:00+00:00,-0.00034093,1656028800000.0
2022-06-24 08:00:00+00:00,-4.243e-05,1656057600000.0
2022-06-24 12:00:00+00:00,-4.243e-05,1656057600000.0
2022-06-24 16:00:00+00:00,0.0001,1656086400000.0
2022-06-24 20:00:00+00:00,0.0001,1656086400000.0
2022-06-25 00:00:00+00:00,0.0001,1656115200000.0
2022-06-25 04:00:00+00:00,0.0001,1656115200000.0
2022-06-25 08:00:00+00:00,0.0001,1656144000000.0
2022-06-25 12:00:00+00:00,0.0001,1656144000000.0
2022-06-25 16:00:00+00:00,0.0001,1656172800000.0
2022-06-25 20:00:00+00:00,0.0001,1656172800000.0
2022-06-26 00:00:00+00:00,5.4e-05,1656201600000.0
2022-06-26 04:00:00+00:00,5.4e-05,1656201600000.0
2022-06-26 08:00:00+00:00,-5.148e-05,1656230400000.0
2022-06-26 12:00:00+00:00,-5.148e-05,1656230400000.0
2022-06-26 16:00:00+00:00,0.0001,1656259200000.0
2022-06-26 20:00:00+00:00,0.0001,1656259200000.0
2022-06-27 00:00:00+00:00,0.0001,1656288000000.0
2022-06-27 04:00:00+00:00,0.0001,1656288000000.0
2022-06-27 08:00:00+00:00,0.0001,1656316800000.0
2022-06-27 12:00:00+00:00,0.0001,1656316800000.0
2022-06-27 16:00:00+00:00,-3.254e-05,1656345600000.0
2022-06-27 20:00:00+00:00,-3.254e-05,1656345600000.0
2022-06-28 00:00:00+00:00,-0.00010659,1656374400000.0
2022-06-28 04:00:00+00:00,-0.00010659,1656374400000.0
2022-06-28 08:00:00+00:00,-0.00020423,1656403200000.0
2022-06-28 12:00:00+00:00,-0.00020423,1656403200000.0
2022-06-28 16:00:00+00:00,-0.00012581,1656432000000.0
2022-06-28 20:00:00+00:00,-0.00012581,1656432000000.0
2022-06-29 00:00:00+00:00,0.0001,1656460800000.0
2022-06-29 04:00:00+00:00,0.0001,1656460800000.0
2022-06-29 08:00:00+00:00,-5.796e-05,1656489600000.0
2022-06-29 12:00:00+00:00,-5.796e-05,1656489600000.0
2022-06-29 16:00:00+00:00,-7.006e-05,1656518400000.0
2022-06-29 20:00:00+00:00,-7.006e-05,1656518400000.0
2022-06-30 00:00:00+00:00,-6.124e-05,1656547200000.0
2022-06-30 04:00:00+00:00,-6.124e-05,1656547200000.0
2022-06-30 08:00:00+00:00,-0.00023136,1656576000000.0
2022-06-30 12:00:00+00:00,-0.00023136,1656576000000.0
2022-06-30 16:00:00+00:00,-0.00022397,1656604800000.0
2022-06-30 20:00:00+00:00,-0.00022397,1656604800000.0
2022-07-01 00:00:00+00:00,-0.00019111,1656633600000.0
2022-07-01 04:00:00+00:00,-0.00019111,1656633600000.0
2022-07-01 08:00:00+00:00,-0.00031948,1656662400000.0
2022-07-01 12:00:00+00:00,-0.00031948,1656662400000.0
2022-07-01 16:00:00+00:00,-0.00021372,1656691200000.0
2022-07-01 20:00:00+00:00,-0.00021372,1656691200000.0
2022-07-02 00:00:00+00:00,-0.00019692,1656720000000.0
2022-07-02 04:00:00+00:00,-0.00019692,1656720000000.0
2022-07-02 08:00:00+00:00,-3.344e-05,1656748800000.0
2022-07-02 12:00:00+00:00,-3.344e-05,1656748800000.0
2022-07-02 16:00:00+00:00,-1.039e-05,1656777600000.0
2022-07-02 20:00:00+00:00,-1.039e-05,1656777600000.0
2022-07-03 00:00:00+00:00,-6.95e-06,1656806400000.0
2022-07-03 04:00:00+00:00,-6.95e-06,1656806400000.0
2022-07-03 08:00:00+00:00,0.0001,1656835200000.0
2022-07-03 12:00:00+00:00,0.0001,1656835200000.0
2022-07-03 16:00:00+00:00,-6.272e-05,1656864000000.0
2022-07-03 20:00:00+00:00,-6.272e-05,1656864000000.0
2022-07-04 00:00:00+00:00,-2.001e-05,1656892800000.0
2022-07-04 04:00:00+00:00,-2.001e-05,1656892800000.0
2022-07-04 08:00:00+00:00,2.794e-05,1656921600000.0
2022-07-04 12:00:00+00:00,2.794e-05,1656921600000.0
2022-07-04 16:00:00+00:00,-6.287e-05,1656950400000.0
2022-07-04 20:00:00+00:00,-6.287e-05,1656950400000.0
2022-07-05 00:00:00+00:00,3.711e-05,1656979200000.0
2022-07-05 04:00:00+00:00,3.711e-05,1656979200000.0
2022-07-05 08:00:00+00:00,3.931e-05,1657008000000.0
2022-07-05 12:00:00+00:00,3.931e-05,1657008000000.0
2022-07-05 16:00:00+00:00,2.955e-05,1657036800000.0
2022-07-05 20:00:00+00:00,2.955e-05,1657036800000.0
2022-07-06 00:00:00+00:00,-0.00020772,1657065600000.0
2022-07-06 04:00:00+00:00,-0.00020772,1657065600000.0
2022-07-06 08:00:00+00:00,-4.777e-05,1657094400000.0
2022-07-06 12:00:00+00:00,-4.777e-05,1657094400000.0
2022-07-06 16:00:00+00:00,9.652e-05,1657123200000.0
2022-07-06 20:00:00+00:00,9.652e-05,1657123200000.0
2022-07-07 00:00:00+00:00,0.0001,1657152000000.0
2022-07-07 04:00:00+00:00,0.0001,1657152000000.0
2022-07-07 08:00:00+00:00,0.0001,1657180800000.0
2022-07-07 12:00:00+00:00,0.0001,1657180800000.0
2022-07-07 16:00:00+00:00,0.0001,1657209600000.0
2022-07-07 20:00:00+00:00,0.0001,1657209600000.0
2022-07-08 00:00:00+00:00,0.0001,1657238400000.0
2022-07-08 04:00:00+00:00,0.0001,1657238400000.0
2022-07-08 08:00:00+00:00,0.0001,1657267200000.0
2022-07-08 12:00:00+00:00,0.0001,1657267200000.0
2022-07-08 16:00:00+00:00,2.454e-05,1657296000000.0
2022-07-08 20:00:00+00:00,2.454e-05,1657296000000.0
2022-07-09 00:00:00+00:00,9.81e-05,1657324800000.0
2022-07-09 04:00:00+00:00,9.81e-05,1657324800000.0
2022-07-09 08:00:00+00:00,0.0001,1657353600000.0
2022-07-09 12:00:00+00:00,0.0001,1657353600000.0
2022-07-09 16:00:00+00:00,0.0001,1657382400000.0
2022-07-09 20:00:00+00:00,0.0001,1657382400000.0
2022-07-10 00:00:00+00:00,0.0001,1657411200000.0
2022-07-10 04:00:00+00:00,0.0001,1657411200000.0
2022-07-10 08:00:00+00:00,2.986e-05,1657440000000.0
2022-07-10 12:00:00+00:00,2.986e-05,1657440000000.0
2022-07-10 16:00:00+00:00,6.966e-05,1657468800000.0
2022-07-10 20:00:00+00:00,6.966e-05,1657468800000.0
2022-07-11 00:00:00+00:00,-0.00016673,1657497600000.0
2022-07-11 04:00:00+00:00,-0.00016673,1657497600000.0
2022-07-11 08:00:00+00:00,-9.482e-05,1657526400000.0
2022-07-11 12:00:00+00:00,-9.482e-05,1657526400000.0
2022-07-11 16:00:00+00:00,-0.00019687,1657555200000.0
2022-07-11 20:00:00+00:00,-0.00019687,1657555200000.0
2022-07-12 00:00:00+00:00,-0.00047296,1657584000000.0
2022-07-12 04:00:00+00:00,-0.00047296,1657584000000.0
2022-07-12 08:00:00+00:00,-5.649e-05,1657612800000.0
2022-07-12 12:00:00+00:00,-5.649e-05,1657612800000.0
2022-07-12 16:00:00+00:00,-0.00018742,1657641600000.0
2022-07-12 20:00:00+00:00,-0.00018742,1657641600000.0
2022-07-13 00:00:00+00:00,-0.00021607,1657670400000.0
2022-07-13 04:00:00+00:00,-0.00021607,1657670400000.0
2022-07-13 08:00:00+00:00,-0.00021596,1657699200000.0
2022-07-13 12:00:00+00:00,-0.00021596,1657699200000.0
2022-07-13 16:00:00+00:00,-0.00023759,1657728000000.0
2022-07-13 20:00:00+00:00,-0.00023759,1657728000000.0
2022-07-14 00:00:00+00:00,-0.00027139,1657756800000.0
2022-07-14 04:00:00+00:00,-0.00027139,1657756800000.0
2022-07-14 08:00:00+00:00,-5.165e-05,1657785600000.0
2022-07-14 12:00:00+00:00,-5.165e-05,1657785600000.0
2022-07-14 16:00:00+00:00,-0.00021602,1657814400000.0
2022-07-14 20:00:00+00:00,-0.00021602,1657814400000.0
2022-07-15 00:00:00+00:00,-4.64e-05,1657843200000.0
2022-07-15 04:00:00+00:00,-4.64e-05,1657843200000.0
2022-07-15 08:00:00+00:00,1.756e-05,1657872000000.0
2022-07-15 12:00:00+00:00,1.756e-05,1657872000000.0
2022-07-15 16:00:00+00:00,-9.42e-05,1657900800000.0
2022-07-15 20:00:00+00:00,-9.42e-05,1657900800000.0
2022-07-16 00:00:00+00:00,-7.48e-06,1657929600000.0
2022-07-16 04:00:00+00:00,-7.48e-06,1657929600000.0
2022-07-16 08:00:00+00:00,-2e-06,1657958400000.0
2022-07-16 12:00:00+00:00,-2e-06,1657958400000.0
2022-07-16 16:00:00+00:00,-5.63e-05,1657987200000.0
2022-07-16 20:00:00+00:00,-5.63e-05,1657987200000.0
2022-07-17 00:00:00+00:00,0.0001,1658016000000.0
2022-07-17 04:00:00+00:00,0.0001,1658016000000.0
2022-07-17 08:00:00+00:00,0.0001,1658044800000.0
2022-07-17 12:00:00+00:00,0.0001,1658044800000.0
2022-07-17 16:00:00+00:00,1.548e-05,1658073600000.0
2022-07-17 20:00:00+00:00,1.548e-05,1658073600000.0
2022-07-18 00:00:00+00:00,6.707e-05,1658102400000.0
2022-07-18 04:00:00+00:00,6.707e-05,1658102400000.0
2022-07-18 08:00:00+00:00,0.0001,1658131200000.0
2022-07-18 12:00:00+00:00,0.0001,1658131200000.0
2022-07-18 16:00:00+00:00,0.0001,1658160000000.0
2022-07-18 20:00:00+00:00,0.0001,1658160000000.0
2022-07-19 00:00:00+00:00,0.0001,1658188800000.0
2022-07-19 04:00:00+00:00,0.0001,1658188800000.0
2022-07-19 08:00:00+00:00,0.0001,1658217600000.0
2022-07-19 12:00:00+00:00,0.0001,1658217600000.0
2022-07-19 16:00:00+00:00,0.0001,1658246400000.0
2022-07-19 20:00:00+00:00,0.0001,1658246400000.0
2022-07-20 00:00:00+00:00,0.0001,1658275200000.0
2022-07-20 04:00:00+00:00,0.0001,1658275200000.0
2022-07-20 08:00:00+00:00,0.0001,1658304000000.0
2022-07-20 12:00:00+00:00,0.0001,1658304000000.0
2022-07-20 16:00:00+00:00,0.0001,1658332800000.0
2022-07-20 20:00:00+00:00,0.0001,1658332800000.0
2022-07-21 00:00:00+00:00,0.0001,1658361600000.0
2022-07-21 04:00:00+00:00,0.0001,1658361600000.0
2022-07-21 08:00:00+00:00,0.0001,1658390400000.0
2022-07-21 12:00:00+00:00,0.0001,1658390400000.0
2022-07-21 16:00:00+00:00,0.0001,1658419200000.0
2022-07-21 20:00:00+00:00,0.0001,1658419200000.0
2022-07-22 00:00:00+00:00,0.0001,1658448000000.0
2022-07-22 04:00:00+00:00,0.0001,1658448000000.0
2022-07-22 08:00:00+00:00,0.0001,1658476800000.0
2022-07-22 12:00:00+00:00,0.0001,1658476800000.0
2022-07-22 16:00:00+00:00,0.0001,1658505600000.0
2022-07-22 20:00:00+00:00,0.0001,1658505600000.0
2022-07-23 00:00:00+00:00,0.0001,1658534400000.0
2022-07-23 04:00:00+00:00,0.0001,1658534400000.0
2022-07-23 08:00:00+00:00,0.0001,1658563200000.0
2022-07-23 12:00:00+00:00,0.0001,1658563200000.0
2022-07-23 16:00:00+00:00,0.0001,1658592000000.0
2022-07-23 20:00:00+00:00,0.0001,1658592000000.0
2022-07-24 00:00:00+00:00,0.0001,1658620800000.0
2022-07-24 04:00:00+00:00,0.0001,1658620800000.0
2022-07-24 08:00:00+00:00,0.0001,1658649600000.0
2022-07-24 12:00:00+00:00,0.0001,1658649600000.0
2022-07-24 16:00:00+00:00,0.0001,1658678400000.0
2022-07-24 20:00:00+00:00,0.0001,1658678400000.0
2022-07-25 00:00:00+00:00,0.0001,1658707200000.0
2022-07-25 04:00:00+00:00,0.0001,1658707200000.0
2022-07-25 08:00:00+00:00,0.0001,1658736000000.0
2022-07-25 12:00:00+00:00,0.0001,1658736000000.0
2022-07-25 16:00:00+00:00,0.0001,1658764800000.0
2022-07-25 20:00:00+00:00,0.0001,1658764800000.0
2022-07-26 00:00:00+00:00,0.0001,1658793600000.0
2022-07-26 04:00:00+00:00,0.0001,1658793600000.0
2022-07-26 08:00:00+00:00,0.0001,1658822400000.0
2022-07-26 12:00:00+00:00,0.0001,1658822400000.0
2022-07-26 16:00:00+00:00,9.18e-05,1658851200000.0
2022-07-26 20:00:00+00:00,9.18e-05,1658851200000.0
2022-07-27 00:00:00+00:00,4.28e-06,1658880000000.0
2022-07-27 04:00:00+00:00,4.28e-06,1658880000000.0
2022-07-27 08:00:00+00:00,6.488e-05,1658908800000.0
2022-07-27 12:00:00+00:00,6.488e-05,1658908800000.0
2022-07-27 16:00:00+00:00,0.0001,1658937600000.0
2022-07-27 20:00:00+00:00,0.0001,1658937600000.0
2022-07-28 00:00:00+00:00,0.0001,1658966400000.0
2022-07-28 04:00:00+00:00,0.0001,1658966400000.0
2022-07-28 08:00:00+00:00,0.0001,1658995200000.0
2022-07-28 12:00:00+00:00,0.0001,1658995200000.0
2022-07-28 16:00:00+00:00,0.0001,1659024000000.0
2022-07-28 20:00:00+00:00,0.0001,1659024000000.0
2022-07-29 00:00:00+00:00,0.0001,1659052800000.0
2022-07-29 04:00:00+00:00,0.0001,1659052800000.0
2022-07-29 08:00:00+00:00,0.0001,1659081600000.0
2022-07-29 12:00:00+00:00,0.0001,1659081600000.0
2022-07-29 16:00:00+00:00,0.0001,1659110400000.0
2022-07-29 20:00:00+00:00,0.0001,1659110400000.0
2022-07-30 00:00:00+00:00,0.0001,1659139200000.0
2022-07-30 04:00:00+00:00,0.0001,1659139200000.0
2022-07-30 08:00:00+00:00,0.0001,1659168000000.0
2022-07-30 12:00:00+00:00,0.0001,1659168000000.0
2022-07-30 16:00:00+00:00,0.0001,1659196800000.0
2022-07-30 20:00:00+00:00,0.0001,1659196800000.0
2022-07-31 00:00:00+00:00,0.0001,1659225600000.0
2022-07-31 04:00:00+00:00,0.0001,1659225600000.0
2022-07-31 08:00:00+00:00,0.0001,1659254400000.0
2022-07-31 12:00:00+00:00,0.0001,1659254400000.0
2022-07-31 16:00:00+00:00,0.0001,1659283200000.0
2022-07-31 20:00:00+00:00,0.0001,1659283200000.0
2022-08-01 00:00:00+00:00,0.0001,1659312000000.0
2022-08-01 04:00:00+00:00,0.0001,1659312000000.0
2022-08-01 08:00:00+00:00,0.0001,1659340800000.0
2022-08-01 12:00:00+00:00,0.0001,1659340800000.0
2022-08-01 16:00:00+00:00,0.0001,1659369600000.0
2022-08-01 20:00:00+00:00,0.0001,1659369600000.0
2022-08-02 00:00:00+00:00,0.0001,1659398400000.0
2022-08-02 04:00:00+00:00,0.0001,1659398400000.0
2022-08-02 08:00:00+00:00,0.0001,1659427200000.0
2022-08-02 12:00:00+00:00,0.0001,1659427200000.0
2022-08-02 16:00:00+00:00,0.0001,1659456000000.0
2022-08-02 20:00:00+00:00,0.0001,1659456000000.0
2022-08-03 00:00:00+00:00,0.0001,1659484800000.0
2022-08-03 04:00:00+00:00,0.0001,1659484800000.0
2022-08-03 08:00:00+00:00,0.0001,1659513600000.0
2022-08-03 12:00:00+00:00,0.0001,1659513600000.0
2022-08-03 16:00:00+00:00,0.0001,1659542400000.0
2022-08-03 20:00:00+00:00,0.0001,1659542400000.0
2022-08-04 00:00:00+00:00,0.0001,1659571200000.0
2022-08-04 04:00:00+00:00,0.0001,1659571200000.0
2022-08-04 08:00:00+00:00,0.0001,1659600000000.0
2022-08-04 12:00:00+00:00,0.0001,1659600000000.0
2022-08-04 16:00:00+00:00,0.0001,1659628800000.0
2022-08-04 20:00:00+00:00,0.0001,1659628800000.0
2022-08-05 00:00:00+00:00,0.0001,1659657600000.0
2022-08-05 04:00:00+00:00,0.0001,1659657600000.0
2022-08-05 08:00:00+00:00,0.0001,1659686400000.0
2022-08-05 12:00:00+00:00,0.0001,1659686400000.0
2022-08-05 16:00:00+00:00,0.0001,1659715200000.0
2022-08-05 20:00:00+00:00,0.0001,1659715200000.0
2022-08-06 00:00:00+00:00,0.0001,1659744000000.0
2022-08-06 04:00:00+00:00,0.0001,1659744000000.0
2022-08-06 08:00:00+00:00,0.0001,1659772800000.0
2022-08-06 12:00:00+00:00,0.0001,1659772800000.0
2022-08-06 16:00:00+00:00,0.0001,1659801600000.0
2022-08-06 20:00:00+00:00,0.0001,1659801600000.0
2022-08-07 00:00:00+00:00,0.0001,1659830400000.0
2022-08-07 04:00:00+00:00,0.0001,1659830400000.0
2022-08-07 08:00:00+00:00,0.0001,1659859200000.0
2022-08-07 12:00:00+00:00,0.0001,1659859200000.0
2022-08-07 16:00:00+00:00,0.0001,1659888000000.0
2022-08-07 20:00:00+00:00,0.0001,1659888000000.0
2022-08-08 00:00:00+00:00,0.0001,1659916800000.0
2022-08-08 04:00:00+00:00,0.0001,1659916800000.0
2022-08-08 08:00:00+00:00,0.0001,1659945600000.0
2022-08-08 12:00:00+00:00,0.0001,1659945600000.0
2022-08-08 16:00:00+00:00,0.0001,1659974400000.0
2022-08-08 20:00:00+00:00,0.0001,1659974400000.0
2022-08-09 00:00:00+00:00,0.0001,1660003200000.0
2022-08-09 04:00:00+00:00,0.0001,1660003200000.0
2022-08-09 08:00:00+00:00,0.0001,1660032000000.0
2022-08-09 12:00:00+00:00,0.0001,1660032000000.0
2022-08-09 16:00:00+00:00,0.0001,1660060800000.0
2022-08-09 20:00:00+00:00,0.0001,1660060800000.0
2022-08-10 00:00:00+00:00,0.0001,1660089600000.0
2022-08-10 04:00:00+00:00,0.0001,1660089600000.0
2022-08-10 08:00:00+00:00,0.0001,1660118400000.0
2022-08-10 12:00:00+00:00,0.0001,1660118400000.0
2022-08-10 16:00:00+00:00,0.0001,1660147200000.0
2022-08-10 20:00:00+00:00,0.0001,1660147200000.0
2022-08-11 00:00:00+00:00,0.0001,1660176000000.0
2022-08-11 04:00:00+00:00,0.0001,1660176000000.0
2022-08-11 08:00:00+00:00,0.0001,1660204800000.0
2022-08-11 12:00:00+00:00,0.0001,1660204800000.0
2022-08-11 16:00:00+00:00,0.0001,1660233600000.0
2022-08-11 20:00:00+00:00,0.0001,1660233600000.0
2022-08-12 00:00:00+00:00,0.0001,1660262400000.0
2022-08-12 04:00:00+00:00,0.0001,1660262400000.0
2022-08-12 08:00:00+00:00,0.0001,1660291200000.0
2022-08-12 12:00:00+00:00,0.0001,1660291200000.0
2022-08-12 16:00:00+00:00,0.0001,1660320000000.0
2022-08-12 20:00:00+00:00,0.0001,1660320000000.0
2022-08-13 00:00:00+00:00,0.0001,1660348800000.0
2022-08-13 04:00:00+00:00,0.0001,1660348800000.0
2022-08-13 08:00:00+00:00,0.0001,1660377600000.0
2022-08-13 12:00:00+00:00,0.0001,1660377600000.0
2022-08-13 16:00:00+00:00,0.0001,1660406400000.0
2022-08-13 20:00:00+00:00,0.0001,1660406400000.0
2022-08-14 00:00:00+00:00,0.0001,1660435200000.0
2022-08-14 04:00:00+00:00,0.0001,1660435200000.0
2022-08-14 08:00:00+00:00,0.0001,1660464000000.0
2022-08-14 12:00:00+00:00,0.0001,1660464000000.0
2022-08-14 16:00:00+00:00,0.0001,1660492800000.0
2022-08-14 20:00:00+00:00,0.0001,1660492800000.0
2022-08-15 00:00:00+00:00,0.0001,1660521600000.0
2022-08-15 04:00:00+00:00,0.0001,1660521600000.0
2022-08-15 08:00:00+00:00,0.0001,1660550400000.0
2022-08-15 12:00:00+00:00,0.0001,1660550400000.0
2022-08-15 16:00:00+00:00,0.0001,1660579200000.0
2022-08-15 20:00:00+00:00,0.0001,1660579200000.0
2022-08-16 00:00:00+00:00,0.0001,1660608000000.0
2022-08-16 04:00:00+00:00,0.0001,1660608000000.0
2022-08-16 08:00:00+00:00,0.0001,1660636800000.0
2022-08-16 12:00:00+00:00,0.0001,1660636800000.0
2022-08-16 16:00:00+00:00,0.0001,1660665600000.0
2022-08-16 20:00:00+00:00,0.0001,1660665600000.0
2022-08-17 00:00:00+00:00,0.0001,1660694400000.0
2022-08-17 04:00:00+00:00,0.0001,1660694400000.0
2022-08-17 08:00:00+00:00,0.0001,1660723200000.0
2022-08-17 12:00:00+00:00,0.0001,1660723200000.0
2022-08-17 16:00:00+00:00,0.0001,1660752000000.0
2022-08-17 20:00:00+00:00,0.0001,1660752000000.0
2022-08-18 00:00:00+00:00,0.0001,1660780800000.0
2022-08-18 04:00:00+00:00,0.0001,1660780800000.0
2022-08-18 08:00:00+00:00,0.0001,1660809600000.0
2022-08-18 12:00:00+00:00,0.0001,1660809600000.0
2022-08-18 16:00:00+00:00,0.0001,1660838400000.0
2022-08-18 20:00:00+00:00,0.0001,1660838400000.0
2022-08-19 00:00:00+00:00,0.0001,1660867200000.0
2022-08-19 04:00:00+00:00,0.0001,1660867200000.0
2022-08-19 08:00:00+00:00,-0.00012237,1660896000000.0
2022-08-19 12:00:00+00:00,-0.00012237,1660896000000.0
2022-08-19 16:00:00+00:00,-0.0001078,1660924800000.0
2022-08-19 20:00:00+00:00,-0.0001078,1660924800000.0
2022-08-20 00:00:00+00:00,-0.00010381,1660953600000.0
2022-08-20 04:00:00+00:00,-0.00010381,1660953600000.0
2022-08-20 08:00:00+00:00,-0.00019242,1660982400000.0
2022-08-20 12:00:00+00:00,-0.00019242,1660982400000.0
2022-08-20 16:00:00+00:00,-0.00030638,1661011200000.0
2022-08-20 20:00:00+00:00,-0.00030638,1661011200000.0
2022-08-21 00:00:00+00:00,-0.00028303,1661040000000.0
2022-08-21 04:00:00+00:00,-0.00028303,1661040000000.0
2022-08-21 08:00:00+00:00,-0.0004414,1661068800000.0
2022-08-21 12:00:00+00:00,-0.0004414,1661068800000.0
2022-08-21 16:00:00+00:00,-0.00034022,1661097600000.0
2022-08-21 20:00:00+00:00,-0.00034022,1661097600000.0
2022-08-22 00:00:00+00:00,-0.0003077,1661126400000.0
2022-08-22 04:00:00+00:00,-0.0003077,1661126400000.0
2022-08-22 08:00:00+00:00,-3.24e-05,1661155200000.0
2022-08-22 12:00:00+00:00,-3.24e-05,1661155200000.0
2022-08-22 16:00:00+00:00,-5.96e-05,1661184000000.0
2022-08-22 20:00:00+00:00,-5.96e-05,1661184000000.0
2022-08-23 00:00:00+00:00,-0.00011563,1661212800000.0
2022-08-23 04:00:00+00:00,-0.00011563,1661212800000.0
2022-08-23 08:00:00+00:00,-0.00014447,1661241600000.0
2022-08-23 12:00:00+00:00,-0.00014447,1661241600000.0
2022-08-23 16:00:00+00:00,4.741e-05,1661270400000.0
2022-08-23 20:00:00+00:00,4.741e-05,1661270400000.0
2022-08-24 00:00:00+00:00,-5.113e-05,1661299200000.0
2022-08-24 04:00:00+00:00,-5.113e-05,1661299200000.0
2022-08-24 08:00:00+00:00,-0.00014282,1661328000000.0
2022-08-24 12:00:00+00:00,-0.00014282,1661328000000.0
2022-08-24 16:00:00+00:00,-0.00014569,1661356800000.0
2022-08-24 20:00:00+00:00,-0.00014569,1661356800000.0
2022-08-25 00:00:00+00:00,-0.00015595,1661385600000.0
2022-08-25 04:00:00+00:00,-0.00015595,1661385600000.0
2022-08-25 08:00:00+00:00,-6.572e-05,1661414400000.0
2022-08-25 12:00:00+00:00,-6.572e-05,1661414400000.0
2022-08-25 16:00:00+00:00,-1.221e-05,1661443200000.0
2022-08-25 20:00:00+00:00,-1.221e-05,1661443200000.0
2022-08-26 00:00:00+00:00,0.0001,1661472000000.0
2022-08-26 04:00:00+00:00,0.0001,1661472000000.0
2022-08-26 08:00:00+00:00,0.0001,1661500800000.0
2022-08-26 12:00:00+00:00,0.0001,1661500800000.0
2022-08-26 16:00:00+00:00,0.0001,1661529600000.0
2022-08-26 20:00:00+00:00,0.0001,1661529600000.0
2022-08-27 00:00:00+00:00,5.29e-05,1661558400000.0
2022-08-27 04:00:00+00:00,5.29e-05,1661558400000.0
2022-08-27 08:00:00+00:00,-0.00033454,1661587200000.0
2022-08-27 12:00:00+00:00,-0.00033454,1661587200000.0
2022-08-27 16:00:00+00:00,-0.00049589,1661616000000.0
2022-08-27 20:00:00+00:00,-0.00049589,1661616000000.0
2022-08-28 00:00:00+00:00,-0.00029832,1661644800000.0
2022-08-28 04:00:00+00:00,-0.00029832,1661644800000.0
2022-08-28 08:00:00+00:00,-0.00012062,1661673600000.0
2022-08-28 12:00:00+00:00,-0.00012062,1661673600000.0
2022-08-28 16:00:00+00:00,-0.00018225,1661702400000.0
2022-08-28 20:00:00+00:00,-0.00018225,1661702400000.0
2022-08-29 00:00:00+00:00,-9.308e-05,1661731200000.0
2022-08-29 04:00:00+00:00,-9.308e-05,1661731200000.0
2022-08-29 08:00:00+00:00,-5.841e-05,1661760000000.0
2022-08-29 12:00:00+00:00,-5.841e-05,1661760000000.0
2022-08-29 16:00:00+00:00,-0.00012389,1661788800000.0
2022-08-29 20:00:00+00:00,-0.00012389,1661788800000.0
2022-08-30 00:00:00+00:00,-7.359e-05,1661817600000.0
2022-08-30 04:00:00+00:00,-7.359e-05,1661817600000.0
2022-08-30 08:00:00+00:00,-4.901e-05,1661846400000.0
2022-08-30 12:00:00+00:00,-4.901e-05,1661846400000.0
2022-08-30 16:00:00+00:00,-5.411e-05,1661875200000.0
2022-08-30 20:00:00+00:00,-5.411e-05,1661875200000.0
2022-08-31 00:00:00+00:00,-7.45e-06,1661904000000.0
2022-08-31 04:00:00+00:00,-7.45e-06,1661904000000.0
2022-08-31 08:00:00+00:00,-4.095e-05,1661932800000.0
2022-08-31 12:00:00+00:00,-4.095e-05,1661932800000.0
2022-08-31 16:00:00+00:00,2.509e-05,1661961600000.0
2022-08-31 20:00:00+00:00,2.509e-05,1661961600000.0
2022-09-01 00:00:00+00:00,0.0001,1661990400000.0
2022-09-01 04:00:00+00:00,0.0001,1661990400000.0
2022-09-01 08:00:00+00:00,9.94e-05,1662019200000.0
2022-09-01 12:00:00+00:00,9.94e-05,1662019200000.0
2022-09-01 16:00:00+00:00,8.74e-06,1662048000000.0
2022-09-01 20:00:00+00:00,8.74e-06,1662048000000.0
2022-09-02 00:00:00+00:00,-2.902e-05,1662076800000.0
2022-09-02 04:00:00+00:00,-2.902e-05,1662076800000.0
2022-09-02 08:00:00+00:00,-7.28e-06,1662105600000.0
2022-09-02 12:00:00+00:00,-7.28e-06,1662105600000.0
2022-09-02 16:00:00+00:00,0.0001,1662134400000.0
2022-09-02 20:00:00+00:00,0.0001,1662134400000.0
2022-09-03 00:00:00+00:00,-5.628e-05,1662163200000.0
2022-09-03 04:00:00+00:00,-5.628e-05,1662163200000.0
2022-09-03 08:00:00+00:00,2.283e-05,1662192000000.0
2022-09-03 12:00:00+00:00,2.283e-05,1662192000000.0
2022-09-03 16:00:00+00:00,9.138e-05,1662220800000.0
2022-09-03 20:00:00+00:00,9.138e-05,1662220800000.0
2022-09-04 00:00:00+00:00,-0.00024568,1662249600000.0
2022-09-04 04:00:00+00:00,-0.00024568,1662249600000.0
2022-09-04 08:00:00+00:00,-0.00052325,1662278400000.0
2022-09-04 12:00:00+00:00,-0.00052325,1662278400000.0
2022-09-04 16:00:00+00:00,-0.00042686,1662307200000.0
2022-09-04 20:00:00+00:00,-0.00042686,1662307200000.0
2022-09-05 00:00:00+00:00,-3.076e-05,1662336000000.0
2022-09-05 04:00:00+00:00,-3.076e-05,1662336000000.0
2022-09-05 08:00:00+00:00,0.0001,1662364800000.0
2022-09-05 12:00:00+00:00,0.0001,1662364800000.0
2022-09-05 16:00:00+00:00,0.0001,1662393600000.0
2022-09-05 20:00:00+00:00,0.0001,1662393600000.0
2022-09-06 00:00:00+00:00,0.0001,1662422400000.0
2022-09-06 04:00:00+00:00,0.0001,1662422400000.0
2022-09-06 08:00:00+00:00,0.0001,1662451200000.0
2022-09-06 12:00:00+00:00,0.0001,1662451200000.0
2022-09-06 16:00:00+00:00,0.0001,1662480000000.0
2022-09-06 20:00:00+00:00,0.0001,1662480000000.0
2022-09-07 00:00:00+00:00,0.0001,1662508800000.0
2022-09-07 04:00:00+00:00,0.0001,1662508800000.0
2022-09-07 08:00:00+00:00,0.0001,1662537600000.0
2022-09-07 12:00:00+00:00,0.0001,1662537600000.0
2022-09-07 16:00:00+00:00,5.8e-05,1662566400000.0
2022-09-07 20:00:00+00:00,5.8e-05,1662566400000.0
2022-09-08 00:00:00+00:00,-7.006e-05,1662595200000.0
2022-09-08 04:00:00+00:00,-7.006e-05,1662595200000.0
2022-09-08 08:00:00+00:00,4.44e-06,1662624000000.0
2022-09-08 12:00:00+00:00,4.44e-06,1662624000000.0
2022-09-08 16:00:00+00:00,8.33e-06,1662652800000.0
2022-09-08 20:00:00+00:00,8.33e-06,1662652800000.0
2022-09-09 00:00:00+00:00,0.0001,1662681600000.0
2022-09-09 04:00:00+00:00,0.0001,1662681600000.0
2022-09-09 08:00:00+00:00,0.0001,1662710400000.0
2022-09-09 12:00:00+00:00,0.0001,1662710400000.0
2022-09-09 16:00:00+00:00,0.0001,1662739200000.0
2022-09-09 20:00:00+00:00,0.0001,1662739200000.0
2022-09-10 00:00:00+00:00,0.0001,1662768000000.0
2022-09-10 04:00:00+00:00,0.0001,1662768000000.0
2022-09-10 08:00:00+00:00,0.0001,1662796800000.0
2022-09-10 12:00:00+00:00,0.0001,1662796800000.0
2022-09-10 16:00:00+00:00,9.808e-05,1662825600000.0
2022-09-10 20:00:00+00:00,9.808e-05,1662825600000.0
2022-09-11 00:00:00+00:00,0.0001,1662854400000.0
2022-09-11 04:00:00+00:00,0.0001,1662854400000.0
2022-09-11 08:00:00+00:00,5.331e-05,1662883200000.0
2022-09-11 12:00:00+00:00,5.331e-05,1662883200000.0
2022-09-11 16:00:00+00:00,0.0001,1662912000000.0
2022-09-11 20:00:00+00:00,0.0001,1662912000000.0
2022-09-12 00:00:00+00:00,6.834e-05,1662940800000.0
2022-09-12 04:00:00+00:00,6.834e-05,1662940800000.0
2022-09-12 08:00:00+00:00,9.57e-06,1662969600000.0
2022-09-12 12:00:00+00:00,9.57e-06,1662969600000.0
2022-09-12 16:00:00+00:00,9.556e-05,1662998400000.0
2022-09-12 20:00:00+00:00,9.556e-05,1662998400000.0
2022-09-13 00:00:00+00:00,0.0001,1663027200000.0
2022-09-13 04:00:00+00:00,0.0001,1663027200000.0
2022-09-13 08:00:00+00:00,0.0001,1663056000000.0
2022-09-13 12:00:00+00:00,0.0001,1663056000000.0
2022-09-13 16:00:00+00:00,1.629e-05,1663084800000.0
2022-09-13 20:00:00+00:00,1.629e-05,1663084800000.0
2022-09-14 00:00:00+00:00,-0.00014398,1663113600000.0
2022-09-14 04:00:00+00:00,-0.00014398,1663113600000.0
2022-09-14 08:00:00+00:00,-0.00016604,1663142400000.0
2022-09-14 12:00:00+00:00,-0.00016604,1663142400000.0
2022-09-14 16:00:00+00:00,-9.56e-06,1663171200000.0
2022-09-14 20:00:00+00:00,-9.56e-06,1663171200000.0
2022-09-15 00:00:00+00:00,1.615e-05,1663200000000.0
2022-09-15 04:00:00+00:00,1.615e-05,1663200000000.0
2022-09-15 08:00:00+00:00,-2.703e-05,1663228800000.0
2022-09-15 12:00:00+00:00,-2.703e-05,1663228800000.0
2022-09-15 16:00:00+00:00,-0.00013031,1663257600000.0
2022-09-15 20:00:00+00:00,-0.00013031,1663257600000.0
2022-09-16 00:00:00+00:00,-6.874e-05,1663286400000.0
2022-09-16 04:00:00+00:00,-6.874e-05,1663286400000.0
2022-09-16 08:00:00+00:00,-5.88e-05,1663315200000.0
2022-09-16 12:00:00+00:00,-5.88e-05,1663315200000.0
2022-09-16 16:00:00+00:00,1.664e-05,1663344000000.0
2022-09-16 20:00:00+00:00,1.664e-05,1663344000000.0
2022-09-17 00:00:00+00:00,-2.803e-05,1663372800000.0
2022-09-17 04:00:00+00:00,-2.803e-05,1663372800000.0
2022-09-17 08:00:00+00:00,-7.129e-05,1663401600000.0
2022-09-17 12:00:00+00:00,-7.129e-05,1663401600000.0
2022-09-17 16:00:00+00:00,0.0001,1663430400000.0
2022-09-17 20:00:00+00:00,0.0001,1663430400000.0
2022-09-18 00:00:00+00:00,-8.688e-05,1663459200000.0
2022-09-18 04:00:00+00:00,-8.688e-05,1663459200000.0
2022-09-18 08:00:00+00:00,9.834e-05,1663488000000.0
2022-09-18 12:00:00+00:00,9.834e-05,1663488000000.0
2022-09-18 16:00:00+00:00,0.0001,1663516800000.0
2022-09-18 20:00:00+00:00,0.0001,1663516800000.0
2022-09-19 00:00:00+00:00,-0.0001608,1663545600000.0
2022-09-19 04:00:00+00:00,-0.0001608,1663545600000.0
2022-09-19 08:00:00+00:00,-0.00074896,1663574400000.0
2022-09-19 12:00:00+00:00,-0.00074896,1663574400000.0
2022-09-19 16:00:00+00:00,-0.00044587,1663603200000.0
2022-09-19 20:00:00+00:00,-0.00044587,1663603200000.0
2022-09-20 00:00:00+00:00,4.06e-06,1663632000000.0
2022-09-20 04:00:00+00:00,4.06e-06,1663632000000.0
2022-09-20 08:00:00+00:00,7.47e-05,1663660800000.0
2022-09-20 12:00:00+00:00,7.47e-05,1663660800000.0
2022-09-20 16:00:00+00:00,-0.00026338,1663689600000.0
2022-09-20 20:00:00+00:00,-0.00026338,1663689600000.0
2022-09-21 00:00:00+00:00,-0.00021374,1663718400000.0
2022-09-21 04:00:00+00:00,-0.00021374,1663718400000.0
2022-09-21 08:00:00+00:00,0.0001,1663747200000.0
2022-09-21 12:00:00+00:00,0.0001,1663747200000.0
2022-09-21 16:00:00+00:00,7.728e-05,1663776000000.0
2022-09-21 20:00:00+00:00,7.728e-05,1663776000000.0
2022-09-22 00:00:00+00:00,-0.00023758,1663804800000.0
2022-09-22 04:00:00+00:00,-0.00023758,1663804800000.0
2022-09-22 08:00:00+00:00,-0.00018676,1663833600000.0
2022-09-22 12:00:00+00:00,-0.00018676,1663833600000.0
2022-09-22 16:00:00+00:00,2.994e-05,1663862400000.0
2022-09-22 20:00:00+00:00,2.994e-05,1663862400000.0
2022-09-23 00:00:00+00:00,0.0001,1663891200000.0
2022-09-23 04:00:00+00:00,0.0001,1663891200000.0
2022-09-23 08:00:00+00:00,0.0001,1663920000000.0
2022-09-23 12:00:00+00:00,0.0001,1663920000000.0
2022-09-23 16:00:00+00:00,0.0001,1663948800000.0
2022-09-23 20:00:00+00:00,0.0001,1663948800000.0
2022-09-24 00:00:00+00:00,0.0001,1663977600000.0
2022-09-24 04:00:00+00:00,0.0001,1663977600000.0
2022-09-24 08:00:00+00:00,0.0001,1664006400000.0
2022-09-24 12:00:00+00:00,0.0001,1664006400000.0
2022-09-24 16:00:00+00:00,0.0001,1664035200000.0
2022-09-24 20:00:00+00:00,0.0001,1664035200000.0
2022-09-25 00:00:00+00:00,0.0001,1664064000000.0
2022-09-25 04:00:00+00:00,0.0001,1664064000000.0
2022-09-25 08:00:00+00:00,0.0001,1664092800000.0
2022-09-25 12:00:00+00:00,0.0001,1664092800000.0
2022-09-25 16:00:00+00:00,0.0001,1664121600000.0
2022-09-25 20:00:00+00:00,0.0001,1664121600000.0
2022-09-26 00:00:00+00:00,7.696e-05,1664150400000.0
2022-09-26 04:00:00+00:00,7.696e-05,1664150400000.0
2022-09-26 08:00:00+00:00,5.072e-05,1664179200000.0
2022-09-26 12:00:00+00:00,5.072e-05,1664179200000.0
2022-09-26 16:00:00+00:00,-0.00011433,1664208000000.0
2022-09-26 20:00:00+00:00,-0.00011433,1664208000000.0
2022-09-27 00:00:00+00:00,6.607e-05,1664236800000.0
2022-09-27 04:00:00+00:00,6.607e-05,1664236800000.0
2022-09-27 08:00:00+00:00,-3.524e-05,1664265600000.0
2022-09-27 12:00:00+00:00,-3.524e-05,1664265600000.0
2022-09-27 16:00:00+00:00,0.0001,1664294400000.0
2022-09-27 20:00:00+00:00,0.0001,1664294400000.0
2022-09-28 00:00:00+00:00,1.962e-05,1664323200000.0
2022-09-28 04:00:00+00:00,1.962e-05,1664323200000.0
2022-09-28 08:00:00+00:00,-0.00020877,1664352000000.0
2022-09-28 12:00:00+00:00,-0.00020877,1664352000000.0
2022-09-28 16:00:00+00:00,6.562e-05,1664380800000.0
2022-09-28 20:00:00+00:00,6.562e-05,1664380800000.0
2022-09-29 00:00:00+00:00,7.388e-05,1664409600000.0
2022-09-29 04:00:00+00:00,7.388e-05,1664409600000.0
2022-09-29 08:00:00+00:00,3.515e-05,1664438400000.0
2022-09-29 12:00:00+00:00,3.515e-05,1664438400000.0
2022-09-29 16:00:00+00:00,0.0001,1664467200000.0
2022-09-29 20:00:00+00:00,0.0001,1664467200000.0
2022-09-30 00:00:00+00:00,1.587e-05,1664496000000.0
2022-09-30 04:00:00+00:00,1.587e-05,1664496000000.0
2022-09-30 08:00:00+00:00,0.0001,1664524800000.0
2022-09-30 12:00:00+00:00,0.0001,1664524800000.0
2022-09-30 16:00:00+00:00,0.0001,1664553600000.0
2022-09-30 20:00:00+00:00,0.0001,1664553600000.0
2022-10-01 00:00:00+00:00,0.0001,1664582400000.0
2022-10-01 04:00:00+00:00,0.0001,1664582400000.0
2022-10-01 08:00:00+00:00,0.0001,1664611200000.0
2022-10-01 12:00:00+00:00,0.0001,1664611200000.0
2022-10-01 16:00:00+00:00,0.0001,1664640000000.0
2022-10-01 20:00:00+00:00,0.0001,1664640000000.0
2022-10-02 00:00:00+00:00,0.0001,1664668800000.0
2022-10-02 04:00:00+00:00,0.0001,1664668800000.0
2022-10-02 08:00:00+00:00,0.0001,1664697600000.0
2022-10-02 12:00:00+00:00,0.0001,1664697600000.0
2022-10-02 16:00:00+00:00,0.0001,1664726400000.0
2022-10-02 20:00:00+00:00,0.0001,1664726400000.0
2022-10-03 00:00:00+00:00,2.983e-05,1664755200000.0
2022-10-03 04:00:00+00:00,2.983e-05,1664755200000.0
2022-10-03 08:00:00+00:00,0.0001,1664784000000.0
2022-10-03 12:00:00+00:00,0.0001,1664784000000.0
2022-10-03 16:00:00+00:00,8.065e-05,1664812800000.0
2022-10-03 20:00:00+00:00,8.065e-05,1664812800000.0
2022-10-04 00:00:00+00:00,-4.616e-05,1664841600000.0
2022-10-04 04:00:00+00:00,-4.616e-05,1664841600000.0
2022-10-04 08:00:00+00:00,-7.648e-05,1664870400000.0
2022-10-04 12:00:00+00:00,-7.648e-05,1664870400000.0
2022-10-04 16:00:00+00:00,-2.476e-05,1664899200000.0
2022-10-04 20:00:00+00:00,-2.476e-05,1664899200000.0
2022-10-05 00:00:00+00:00,-5.191e-05,1664928000000.0
2022-10-05 04:00:00+00:00,-5.191e-05,1664928000000.0
2022-10-05 08:00:00+00:00,2.611e-05,1664956800000.0
2022-10-05 12:00:00+00:00,2.611e-05,1664956800000.0
2022-10-05 16:00:00+00:00,0.0001,1664985600000.0
2022-10-05 20:00:00+00:00,0.0001,1664985600000.0
2022-10-06 00:00:00+00:00,8.06e-06,1665014400000.0
2022-10-06 04:00:00+00:00,8.06e-06,1665014400000.0
2022-10-06 08:00:00+00:00,-8.844e-05,1665043200000.0
2022-10-06 12:00:00+00:00,-8.844e-05,1665043200000.0
2022-10-06 16:00:00+00:00,8.602e-05,1665072000000.0
2022-10-06 20:00:00+00:00,8.602e-05,1665072000000.0
2022-10-07 00:00:00+00:00,-0.00012466,1665100800000.0
2022-10-07 04:00:00+00:00,-0.00012466,1665100800000.0
2022-10-07 08:00:00+00:00,-4.8e-07,1665129600000.0
2022-10-07 12:00:00+00:00,-4.8e-07,1665129600000.0
2022-10-07 16:00:00+00:00,4.081e-05,1665158400000.0
2022-10-07 20:00:00+00:00,4.081e-05,1665158400000.0
2022-10-08 00:00:00+00:00,1.937e-05,1665187200000.0
2022-10-08 04:00:00+00:00,1.937e-05,1665187200000.0
2022-10-08 08:00:00+00:00,0.0001,1665216000000.0
2022-10-08 12:00:00+00:00,0.0001,1665216000000.0
2022-10-08 16:00:00+00:00,0.0001,1665244800000.0
2022-10-08 20:00:00+00:00,0.0001,1665244800000.0
2022-10-09 00:00:00+00:00,6.367e-05,1665273600000.0
2022-10-09 04:00:00+00:00,6.367e-05,1665273600000.0
2022-10-09 08:00:00+00:00,0.0001,1665302400000.0
2022-10-09 12:00:00+00:00,0.0001,1665302400000.0
2022-10-09 16:00:00+00:00,0.0001,1665331200000.0
2022-10-09 20:00:00+00:00,0.0001,1665331200000.0
2022-10-10 00:00:00+00:00,9.834e-05,1665360000000.0
2022-10-10 04:00:00+00:00,9.834e-05,1665360000000.0
2022-10-10 08:00:00+00:00,0.0001,1665388800000.0
2022-10-10 12:00:00+00:00,0.0001,1665388800000.0
2022-10-10 16:00:00+00:00,0.0001,1665417600000.0
2022-10-10 20:00:00+00:00,0.0001,1665417600000.0
2022-10-11 00:00:00+00:00,0.0001,1665446400000.0
2022-10-11 04:00:00+00:00,0.0001,1665446400000.0
2022-10-11 08:00:00+00:00,-0.00035794,1665475200000.0
2022-10-11 12:00:00+00:00,-0.00035794,1665475200000.0
2022-10-11 16:00:00+00:00,4.959e-05,1665504000000.0
2022-10-11 20:00:00+00:00,4.959e-05,1665504000000.0
2022-10-12 00:00:00+00:00,6.995e-05,1665532800000.0
2022-10-12 04:00:00+00:00,6.995e-05,1665532800000.0
2022-10-12 08:00:00+00:00,6.668e-05,1665561600000.0
2022-10-12 12:00:00+00:00,6.668e-05,1665561600000.0
2022-10-12 16:00:00+00:00,1.31e-06,1665590400000.0
2022-10-12 20:00:00+00:00,1.31e-06,1665590400000.0
2022-10-13 00:00:00+00:00,-0.00018293,1665619200000.0
2022-10-13 04:00:00+00:00,-0.00018293,1665619200000.0
2022-10-13 08:00:00+00:00,-0.00031376,1665648000000.0
2022-10-13 12:00:00+00:00,-0.00031376,1665648000000.0
2022-10-13 16:00:00+00:00,-0.00055118,1665676800000.0
2022-10-13 20:00:00+00:00,-0.00055118,1665676800000.0
2022-10-14 00:00:00+00:00,4.59e-06,1665705600000.0
2022-10-14 04:00:00+00:00,4.59e-06,1665705600000.0
2022-10-14 08:00:00+00:00,1.458e-05,1665734400000.0
2022-10-14 12:00:00+00:00,1.458e-05,1665734400000.0
2022-10-14 16:00:00+00:00,-1.336e-05,1665763200000.0
2022-10-14 20:00:00+00:00,-1.336e-05,1665763200000.0
2022-10-15 00:00:00+00:00,-0.0001458,1665792000000.0
2022-10-15 04:00:00+00:00,-0.0001458,1665792000000.0
2022-10-15 08:00:00+00:00,-0.00020383,1665820800000.0
2022-10-15 12:00:00+00:00,-0.00020383,1665820800000.0
2022-10-15 16:00:00+00:00,-1.018e-05,1665849600000.0
2022-10-15 20:00:00+00:00,-1.018e-05,1665849600000.0
2022-10-16 00:00:00+00:00,-4.318e-05,1665878400000.0
2022-10-16 04:00:00+00:00,-4.318e-05,1665878400000.0
2022-10-16 08:00:00+00:00,-0.00011721,1665907200000.0
2022-10-16 12:00:00+00:00,-0.00011721,1665907200000.0
2022-10-16 16:00:00+00:00,2.047e-05,1665936000000.0
2022-10-16 20:00:00+00:00,2.047e-05,1665936000000.0
2022-10-17 00:00:00+00:00,-3.818e-05,1665964800000.0
2022-10-17 04:00:00+00:00,-3.818e-05,1665964800000.0
2022-10-17 08:00:00+00:00,-3.444e-05,1665993600000.0
2022-10-17 12:00:00+00:00,-3.444e-05,1665993600000.0
2022-10-17 16:00:00+00:00,-2.713e-05,1666022400000.0
2022-10-17 20:00:00+00:00,-2.713e-05,1666022400000.0
2022-10-18 00:00:00+00:00,-0.00018391,1666051200000.0
2022-10-18 04:00:00+00:00,-0.00018391,1666051200000.0
2022-10-18 08:00:00+00:00,-0.00033874,1666080000000.0
2022-10-18 12:00:00+00:00,-0.00033874,1666080000000.0
2022-10-18 16:00:00+00:00,-0.00020704,1666108800000.0
2022-10-18 20:00:00+00:00,-0.00020704,1666108800000.0
2022-10-19 00:00:00+00:00,-0.00011464,1666137600000.0
2022-10-19 04:00:00+00:00,-0.00011464,1666137600000.0
2022-10-19 08:00:00+00:00,-0.00017471,1666166400000.0
2022-10-19 12:00:00+00:00,-0.00017471,1666166400000.0
2022-10-19 16:00:00+00:00,-4.024e-05,1666195200000.0
2022-10-19 20:00:00+00:00,-4.024e-05,1666195200000.0
2022-10-20 00:00:00+00:00,-2.39e-05,1666224000000.0
2022-10-20 04:00:00+00:00,-2.39e-05,1666224000000.0
2022-10-20 08:00:00+00:00,-0.00010827,1666252800000.0
2022-10-20 12:00:00+00:00,-0.00010827,1666252800000.0
2022-10-20 16:00:00+00:00,-7.684e-05,1666281600000.0
2022-10-20 20:00:00+00:00,-7.684e-05,1666281600000.0
2022-10-21 00:00:00+00:00,5.633e-05,1666310400000.0
2022-10-21 04:00:00+00:00,5.633e-05,1666310400000.0
2022-10-21 08:00:00+00:00,-0.00010069,1666339200000.0
2022-10-21 12:00:00+00:00,-0.00010069,1666339200000.0
2022-10-21 16:00:00+00:00,-4.13e-05,1666368000000.0
2022-10-21 20:00:00+00:00,-4.13e-05,1666368000000.0
2022-10-22 00:00:00+00:00,-0.00026654,1666396800000.0
2022-10-22 04:00:00+00:00,-0.00026654,1666396800000.0
2022-10-22 08:00:00+00:00,-0.00014458,1666425600000.0
2022-10-22 12:00:00+00:00,-0.00014458,1666425600000.0
2022-10-22 16:00:00+00:00,-0.00023519,1666454400000.0
2022-10-22 20:00:00+00:00,-0.00023519,1666454400000.0
2022-10-23 00:00:00+00:00,-3.284e-05,1666483200000.0
2022-10-23 04:00:00+00:00,-3.284e-05,1666483200000.0
2022-10-23 08:00:00+00:00,-0.0001287,1666512000000.0
2022-10-23 12:00:00+00:00,-0.0001287,1666512000000.0
2022-10-23 16:00:00+00:00,-0.00013191,1666540800000.0
2022-10-23 20:00:00+00:00,-0.00013191,1666540800000.0
2022-10-24 00:00:00+00:00,-0.00022267,1666569600000.0
2022-10-24 04:00:00+00:00,-0.00022267,1666569600000.0
2022-10-24 08:00:00+00:00,-0.00018014,1666598400000.0
2022-10-24 12:00:00+00:00,-0.00018014,1666598400000.0
2022-10-24 16:00:00+00:00,-0.00010281,1666627200000.0
2022-10-24 20:00:00+00:00,-0.00010281,1666627200000.0
2022-10-25 00:00:00+00:00,-0.00016848,1666656000000.0
2022-10-25 04:00:00+00:00,-0.00016848,1666656000000.0
2022-10-25 08:00:00+00:00,-9.44e-06,1666684800000.0
2022-10-25 12:00:00+00:00,-9.44e-06,1666684800000.0
2022-10-25 16:00:00+00:00,4.69e-05,1666713600000.0
2022-10-25 20:00:00+00:00,4.69e-05,1666713600000.0
2022-10-26 00:00:00+00:00,-0.00035684,1666742400000.0
2022-10-26 04:00:00+00:00,-0.00035684,1666742400000.0
2022-10-26 08:00:00+00:00,0.0001,1666771200000.0
2022-10-26 12:00:00+00:00,0.0001,1666771200000.0
2022-10-26 16:00:00+00:00,1.978e-05,1666800000000.0
2022-10-26 20:00:00+00:00,1.978e-05,1666800000000.0
2022-10-27 00:00:00+00:00,4.03e-05,1666828800000.0
2022-10-27 04:00:00+00:00,4.03e-05,1666828800000.0
2022-10-27 08:00:00+00:00,0.0001,1666857600000.0
2022-10-27 12:00:00+00:00,0.0001,1666857600000.0
2022-10-27 16:00:00+00:00,0.0001,1666886400000.0
2022-10-27 20:00:00+00:00,0.0001,1666886400000.0
2022-10-28 00:00:00+00:00,7.537e-05,1666915200000.0
2022-10-28 04:00:00+00:00,7.537e-05,1666915200000.0
2022-10-28 08:00:00+00:00,3.894e-05,1666944000000.0
2022-10-28 12:00:00+00:00,3.894e-05,1666944000000.0
2022-10-28 16:00:00+00:00,7.817e-05,1666972800000.0
2022-10-28 20:00:00+00:00,7.817e-05,1666972800000.0
2022-10-29 00:00:00+00:00,8.063e-05,1667001600000.0
2022-10-29 04:00:00+00:00,8.063e-05,1667001600000.0
2022-10-29 08:00:00+00:00,0.0001,1667030400000.0
2022-10-29 12:00:00+00:00,0.0001,1667030400000.0
2022-10-29 16:00:00+00:00,6.539e-05,1667059200000.0
2022-10-29 20:00:00+00:00,6.539e-05,1667059200000.0
2022-10-30 00:00:00+00:00,6.209e-05,1667088000000.0
2022-10-30 04:00:00+00:00,6.209e-05,1667088000000.0
2022-10-30 08:00:00+00:00,0.0001,1667116800000.0
2022-10-30 12:00:00+00:00,0.0001,1667116800000.0
2022-10-30 16:00:00+00:00,0.0001,1667145600000.0
2022-10-30 20:00:00+00:00,0.0001,1667145600000.0
2022-10-31 00:00:00+00:00,0.0001,1667174400000.0
2022-10-31 04:00:00+00:00,0.0001,1667174400000.0
2022-10-31 08:00:00+00:00,0.0001,1667203200000.0
2022-10-31 12:00:00+00:00,0.0001,1667203200000.0
2022-10-31 16:00:00+00:00,0.0001,1667232000000.0
2022-10-31 20:00:00+00:00,0.0001,1667232000000.0
2022-11-01 00:00:00+00:00,-4.343e-05,1667260800000.0
2022-11-01 04:00:00+00:00,-4.343e-05,1667260800000.0
2022-11-01 08:00:00+00:00,0.0001,1667289600000.0
2022-11-01 12:00:00+00:00,0.0001,1667289600000.0
2022-11-01 16:00:00+00:00,3.403e-05,1667318400000.0
2022-11-01 20:00:00+00:00,3.403e-05,1667318400000.0
2022-11-02 00:00:00+00:00,5.598e-05,1667347200000.0
2022-11-02 04:00:00+00:00,5.598e-05,1667347200000.0
2022-11-02 08:00:00+00:00,0.0001,1667376000000.0
2022-11-02 12:00:00+00:00,0.0001,1667376000000.0
2022-11-02 16:00:00+00:00,3.77e-05,1667404800000.0
2022-11-02 20:00:00+00:00,3.77e-05,1667404800000.0
2022-11-03 00:00:00+00:00,-7.84e-06,1667433600000.0
2022-11-03 04:00:00+00:00,-7.84e-06,1667433600000.0
2022-11-03 08:00:00+00:00,-4.46e-06,1667462400000.0
2022-11-03 12:00:00+00:00,-4.46e-06,1667462400000.0
2022-11-03 16:00:00+00:00,-4.309e-05,1667491200000.0
2022-11-03 20:00:00+00:00,-4.309e-05,1667491200000.0
2022-11-04 00:00:00+00:00,-2.019e-05,1667520000000.0
2022-11-04 04:00:00+00:00,-2.019e-05,1667520000000.0
2022-11-04 08:00:00+00:00,9.251e-05,1667548800000.0
2022-11-04 12:00:00+00:00,9.251e-05,1667548800000.0
2022-11-04 16:00:00+00:00,2.795e-05,1667577600000.0
2022-11-04 20:00:00+00:00,2.795e-05,1667577600000.0
2022-11-05 00:00:00+00:00,0.0001,1667606400000.0
2022-11-05 04:00:00+00:00,0.0001,1667606400000.0
2022-11-05 08:00:00+00:00,0.0001,1667635200000.0
2022-11-05 12:00:00+00:00,0.0001,1667635200000.0
2022-11-05 16:00:00+00:00,0.0001,1667664000000.0
2022-11-05 20:00:00+00:00,0.0001,1667664000000.0
2022-11-06 00:00:00+00:00,9.095e-05,1667692800000.0
2022-11-06 04:00:00+00:00,9.095e-05,1667692800000.0
2022-11-06 08:00:00+00:00,5.758e-05,1667721600000.0
2022-11-06 12:00:00+00:00,5.758e-05,1667721600000.0
2022-11-06 16:00:00+00:00,0.0001,1667750400000.0
2022-11-06 20:00:00+00:00,0.0001,1667750400000.0
2022-11-07 00:00:00+00:00,7.737e-05,1667779200000.0
2022-11-07 04:00:00+00:00,7.737e-05,1667779200000.0
2022-11-07 08:00:00+00:00,0.0001,1667808000000.0
2022-11-07 12:00:00+00:00,0.0001,1667808000000.0
2022-11-07 16:00:00+00:00,0.0001,1667836800000.0
2022-11-07 20:00:00+00:00,0.0001,1667836800000.0
2022-11-08 00:00:00+00:00,0.0001,1667865600000.0
2022-11-08 04:00:00+00:00,0.0001,1667865600000.0
2022-11-08 08:00:00+00:00,0.0001,1667894400000.0
2022-11-08 12:00:00+00:00,0.0001,1667894400000.0
2022-11-08 16:00:00+00:00,0.0001,1667923200000.0
2022-11-08 20:00:00+00:00,0.0001,1667923200000.0
2022-11-09 00:00:00+00:00,-0.00042018,1667952000000.0
2022-11-09 04:00:00+00:00,-0.00042018,1667952000000.0
2022-11-09 08:00:00+00:00,-8.197e-05,1667980800000.0
2022-11-09 12:00:00+00:00,-8.197e-05,1667980800000.0
2022-11-09 16:00:00+00:00,-1.3e-05,1668009600000.0
2022-11-09 20:00:00+00:00,-1.3e-05,1668009600000.0
2022-11-10 00:00:00+00:00,-0.00023546,1668038400000.0
2022-11-10 04:00:00+00:00,-0.00023546,1668038400000.0
2022-11-10 08:00:00+00:00,-0.00038906,1668067200000.0
2022-11-10 12:00:00+00:00,-0.00038906,1668067200000.0
2022-11-10 16:00:00+00:00,0.0001,1668096000000.0
2022-11-10 20:00:00+00:00,0.0001,1668096000000.0
2022-11-11 00:00:00+00:00,0.0001,1668124800000.0
2022-11-11 04:00:00+00:00,0.0001,1668124800000.0
2022-11-11 08:00:00+00:00,0.0001,1668153600000.0
2022-11-11 12:00:00+00:00,0.0001,1668153600000.0
2022-11-11 16:00:00+00:00,0.0001,1668182400000.0
2022-11-11 20:00:00+00:00,0.0001,1668182400000.0
2022-11-12 00:00:00+00:00,0.0001,1668211200000.0
2022-11-12 04:00:00+00:00,0.0001,1668211200000.0
2022-11-12 08:00:00+00:00,0.0001,1668240000000.0
2022-11-12 12:00:00+00:00,0.0001,1668240000000.0
2022-11-12 16:00:00+00:00,0.0001,1668268800000.0
2022-11-12 20:00:00+00:00,0.0001,1668268800000.0
2022-11-13 00:00:00+00:00,0.0001,1668297600000.0
2022-11-13 04:00:00+00:00,0.0001,1668297600000.0
2022-11-13 08:00:00+00:00,0.0001,1668326400000.0
2022-11-13 12:00:00+00:00,0.0001,1668326400000.0
2022-11-13 16:00:00+00:00,0.0001,1668355200000.0
2022-11-13 20:00:00+00:00,0.0001,1668355200000.0
2022-11-14 00:00:00+00:00,0.0001,1668384000000.0
2022-11-14 04:00:00+00:00,0.0001,1668384000000.0
2022-11-14 08:00:00+00:00,0.0001,1668412800000.0
2022-11-14 12:00:00+00:00,0.0001,1668412800000.0
2022-11-14 16:00:00+00:00,0.0001,1668441600000.0
2022-11-14 20:00:00+00:00,0.0001,1668441600000.0
2022-11-15 00:00:00+00:00,0.0001,1668470400000.0
2022-11-15 04:00:00+00:00,0.0001,1668470400000.0
2022-11-15 08:00:00+00:00,0.0001,1668499200000.0
2022-11-15 12:00:00+00:00,0.0001,1668499200000.0
2022-11-15 16:00:00+00:00,0.0001,1668528000000.0
2022-11-15 20:00:00+00:00,0.0001,1668528000000.0
2022-11-16 00:00:00+00:00,0.0001,1668556800000.0
2022-11-16 04:00:00+00:00,0.0001,1668556800000.0
2022-11-16 08:00:00+00:00,0.0001,1668585600000.0
2022-11-16 12:00:00+00:00,0.0001,1668585600000.0
2022-11-16 16:00:00+00:00,0.0001,1668614400000.0
2022-11-16 20:00:00+00:00,0.0001,1668614400000.0
2022-11-17 00:00:00+00:00,0.0001,1668643200000.0
2022-11-17 04:00:00+00:00,0.0001,1668643200000.0
2022-11-17 08:00:00+00:00,0.0001,1668672000000.0
2022-11-17 12:00:00+00:00,0.0001,1668672000000.0
2022-11-17 16:00:00+00:00,0.0001,1668700800000.0
2022-11-17 20:00:00+00:00,0.0001,1668700800000.0
2022-11-18 00:00:00+00:00,0.0001,1668729600000.0
2022-11-18 04:00:00+00:00,0.0001,1668729600000.0
2022-11-18 08:00:00+00:00,0.0001,1668758400000.0
2022-11-18 12:00:00+00:00,0.0001,1668758400000.0
2022-11-18 16:00:00+00:00,0.0001,1668787200000.0
2022-11-18 20:00:00+00:00,0.0001,1668787200000.0
2022-11-19 00:00:00+00:00,0.0001,1668816000000.0
2022-11-19 04:00:00+00:00,0.0001,1668816000000.0
2022-11-19 08:00:00+00:00,0.0001,1668844800000.0
2022-11-19 12:00:00+00:00,0.0001,1668844800000.0
2022-11-19 16:00:00+00:00,0.0001,1668873600000.0
2022-11-19 20:00:00+00:00,0.0001,1668873600000.0
2022-11-20 00:00:00+00:00,0.0001,1668902400000.0
2022-11-20 04:00:00+00:00,0.0001,1668902400000.0
2022-11-20 08:00:00+00:00,0.0001,1668931200000.0
2022-11-20 12:00:00+00:00,0.0001,1668931200000.0
2022-11-20 16:00:00+00:00,0.0001,1668960000000.0
2022-11-20 20:00:00+00:00,0.0001,1668960000000.0
2022-11-21 00:00:00+00:00,0.0001,1668988800000.0
2022-11-21 04:00:00+00:00,0.0001,1668988800000.0
2022-11-21 08:00:00+00:00,0.0001,1669017600000.0
2022-11-21 12:00:00+00:00,0.0001,1669017600000.0
2022-11-21 16:00:00+00:00,0.0001,1669046400000.0
2022-11-21 20:00:00+00:00,0.0001,1669046400000.0
2022-11-22 00:00:00+00:00,0.0001,1669075200000.0
2022-11-22 04:00:00+00:00,0.0001,1669075200000.0
2022-11-22 08:00:00+00:00,0.0001,1669104000000.0
2022-11-22 12:00:00+00:00,0.0001,1669104000000.0
2022-11-22 16:00:00+00:00,0.0001,1669132800000.0
2022-11-22 20:00:00+00:00,0.0001,1669132800000.0
2022-11-23 00:00:00+00:00,0.0001,1669161600000.0
2022-11-23 04:00:00+00:00,0.0001,1669161600000.0
2022-11-23 08:00:00+00:00,0.0001,1669190400000.0
2022-11-23 12:00:00+00:00,0.0001,1669190400000.0
2022-11-23 16:00:00+00:00,0.0001,1669219200000.0
2022-11-23 20:00:00+00:00,0.0001,1669219200000.0
2022-11-24 00:00:00+00:00,0.0001,1669248000000.0
2022-11-24 04:00:00+00:00,0.0001,1669248000000.0
2022-11-24 08:00:00+00:00,0.0001,1669276800000.0
2022-11-24 12:00:00+00:00,0.0001,1669276800000.0
2022-11-24 16:00:00+00:00,0.0001,1669305600000.0
2022-11-24 20:00:00+00:00,0.0001,1669305600000.0
2022-11-25 00:00:00+00:00,0.0001,1669334400000.0
2022-11-25 04:00:00+00:00,0.0001,1669334400000.0
2022-11-25 08:00:00+00:00,0.0001,1669363200000.0
2022-11-25 12:00:00+00:00,0.0001,1669363200000.0
2022-11-25 16:00:00+00:00,0.0001,1669392000000.0
2022-11-25 20:00:00+00:00,0.0001,1669392000000.0
2022-11-26 00:00:00+00:00,0.0001,1669420800000.0
2022-11-26 04:00:00+00:00,0.0001,1669420800000.0
2022-11-26 08:00:00+00:00,0.0001,1669449600000.0
2022-11-26 12:00:00+00:00,0.0001,1669449600000.0
2022-11-26 16:00:00+00:00,0.0001,1669478400000.0
2022-11-26 20:00:00+00:00,0.0001,1669478400000.0
2022-11-27 00:00:00+00:00,0.0001,1669507200000.0
2022-11-27 04:00:00+00:00,0.0001,1669507200000.0
2022-11-27 08:00:00+00:00,0.0001,1669536000000.0
2022-11-27 12:00:00+00:00,0.0001,1669536000000.0
2022-11-27 16:00:00+00:00,0.0001,1669564800000.0
2022-11-27 20:00:00+00:00,0.0001,1669564800000.0
2022-11-28 00:00:00+00:00,0.0001,1669593600000.0
2022-11-28 04:00:00+00:00,0.0001,1669593600000.0
2022-11-28 08:00:00+00:00,0.0001,1669622400000.0
2022-11-28 12:00:00+00:00,0.0001,1669622400000.0
2022-11-28 16:00:00+00:00,0.0001,1669651200000.0
2022-11-28 20:00:00+00:00,0.0001,1669651200000.0
2022-11-29 00:00:00+00:00,0.0001,1669680000000.0
2022-11-29 04:00:00+00:00,0.0001,1669680000000.0
2022-11-29 08:00:00+00:00,0.0001,1669708800000.0
2022-11-29 12:00:00+00:00,0.0001,1669708800000.0
2022-11-29 16:00:00+00:00,0.0001,1669737600000.0
2022-11-29 20:00:00+00:00,0.0001,1669737600000.0
2022-11-30 00:00:00+00:00,0.0001,1669766400000.0
2022-11-30 04:00:00+00:00,0.0001,1669766400000.0
2022-11-30 08:00:00+00:00,0.0001,1669795200000.0
2022-11-30 12:00:00+00:00,0.0001,1669795200000.0
2022-11-30 16:00:00+00:00,0.0001,1669824000000.0
2022-11-30 20:00:00+00:00,0.0001,1669824000000.0
2022-12-01 00:00:00+00:00,0.0001,1669852800000.0
2022-12-01 04:00:00+00:00,0.0001,1669852800000.0
2022-12-01 08:00:00+00:00,0.0001,1669881600000.0
2022-12-01 12:00:00+00:00,0.0001,1669881600000.0
2022-12-01 16:00:00+00:00,0.0001,1669910400000.0
2022-12-01 20:00:00+00:00,0.0001,1669910400000.0
2022-12-02 00:00:00+00:00,0.0001,1669939200000.0
2022-12-02 04:00:00+00:00,0.0001,1669939200000.0
2022-12-02 08:00:00+00:00,0.0001,1669968000000.0
2022-12-02 12:00:00+00:00,0.0001,1669968000000.0
2022-12-02 16:00:00+00:00,0.0001,1669996800000.0
2022-12-02 20:00:00+00:00,0.0001,1669996800000.0
2022-12-03 00:00:00+00:00,0.0001,1670025600000.0
2022-12-03 04:00:00+00:00,0.0001,1670025600000.0
2022-12-03 08:00:00+00:00,0.0001,1670054400000.0
2022-12-03 12:00:00+00:00,0.0001,1670054400000.0
2022-12-03 16:00:00+00:00,0.0001,1670083200000.0
2022-12-03 20:00:00+00:00,0.0001,1670083200000.0
2022-12-04 00:00:00+00:00,0.0001,1670112000000.0
2022-12-04 04:00:00+00:00,0.0001,1670112000000.0
2022-12-04 08:00:00+00:00,0.0001,1670140800000.0
2022-12-04 12:00:00+00:00,0.0001,1670140800000.0
2022-12-04 16:00:00+00:00,0.0001,1670169600000.0
2022-12-04 20:00:00+00:00,0.0001,1670169600000.0
2022-12-05 00:00:00+00:00,0.0001,1670198400000.0
2022-12-05 04:00:00+00:00,0.0001,1670198400000.0
2022-12-05 08:00:00+00:00,0.0001,1670227200000.0
2022-12-05 12:00:00+00:00,0.0001,1670227200000.0
2022-12-05 16:00:00+00:00,8.069e-05,1670256000000.0
2022-12-05 20:00:00+00:00,8.069e-05,1670256000000.0
2022-12-06 00:00:00+00:00,0.0001,1670284800000.0
2022-12-06 04:00:00+00:00,0.0001,1670284800000.0
2022-12-06 08:00:00+00:00,0.0001,1670313600000.0
2022-12-06 12:00:00+00:00,0.0001,1670313600000.0
2022-12-06 16:00:00+00:00,0.0001,1670342400000.0
2022-12-06 20:00:00+00:00,0.0001,1670342400000.0
2022-12-07 00:00:00+00:00,0.0001,1670371200000.0
2022-12-07 04:00:00+00:00,0.0001,1670371200000.0
2022-12-07 08:00:00+00:00,0.0001,1670400000000.0
2022-12-07 12:00:00+00:00,0.0001,1670400000000.0
2022-12-07 16:00:00+00:00,0.0001,1670428800000.0
2022-12-07 20:00:00+00:00,0.0001,1670428800000.0
2022-12-08 00:00:00+00:00,0.0001,1670457600000.0
2022-12-08 04:00:00+00:00,0.0001,1670457600000.0
2022-12-08 08:00:00+00:00,0.0001,1670486400000.0
2022-12-08 12:00:00+00:00,0.0001,1670486400000.0
2022-12-08 16:00:00+00:00,0.0001,1670515200000.0
2022-12-08 20:00:00+00:00,0.0001,1670515200000.0
2022-12-09 00:00:00+00:00,0.0001,1670544000000.0
2022-12-09 04:00:00+00:00,0.0001,1670544000000.0
2022-12-09 08:00:00+00:00,0.0001,1670572800000.0
2022-12-09 12:00:00+00:00,0.0001,1670572800000.0
2022-12-09 16:00:00+00:00,0.0001,1670601600000.0
2022-12-09 20:00:00+00:00,0.0001,1670601600000.0
2022-12-10 00:00:00+00:00,0.0001,1670630400000.0
2022-12-10 04:00:00+00:00,0.0001,1670630400000.0
2022-12-10 08:00:00+00:00,0.0001,1670659200000.0
2022-12-10 12:00:00+00:00,0.0001,1670659200000.0
2022-12-10 16:00:00+00:00,0.0001,1670688000000.0
2022-12-10 20:00:00+00:00,0.0001,1670688000000.0
2022-12-11 00:00:00+00:00,0.0001,1670716800000.0
2022-12-11 04:00:00+00:00,0.0001,1670716800000.0
2022-12-11 08:00:00+00:00,0.0001,1670745600000.0
2022-12-11 12:00:00+00:00,0.0001,1670745600000.0
2022-12-11 16:00:00+00:00,0.0001,1670774400000.0
2022-12-11 20:00:00+00:00,0.0001,1670774400000.0
2022-12-12 00:00:00+00:00,0.0001,1670803200000.0
2022-12-12 04:00:00+00:00,0.0001,1670803200000.0
2022-12-12 08:00:00+00:00,0.0001,1670832000000.0
2022-12-12 12:00:00+00:00,0.0001,1670832000000.0
2022-12-12 16:00:00+00:00,0.0001,1670860800000.0
2022-12-12 20:00:00+00:00,0.0001,1670860800000.0
2022-12-13 00:00:00+00:00,0.0001,1670889600000.0
2022-12-13 04:00:00+00:00,0.0001,1670889600000.0
2022-12-13 08:00:00+00:00,0.0001,1670918400000.0
2022-12-13 12:00:00+00:00,0.0001,1670918400000.0
2022-12-13 16:00:00+00:00,0.0001,1670947200000.0
2022-12-13 20:00:00+00:00,0.0001,1670947200000.0
2022-12-14 00:00:00+00:00,0.0001,1670976000000.0
2022-12-14 04:00:00+00:00,0.0001,1670976000000.0
2022-12-14 08:00:00+00:00,0.0001,1671004800000.0
2022-12-14 12:00:00+00:00,0.0001,1671004800000.0
2022-12-14 16:00:00+00:00,0.0001,1671033600000.0
2022-12-14 20:00:00+00:00,0.0001,1671033600000.0
2022-12-15 00:00:00+00:00,0.0001,1671062400000.0
2022-12-15 04:00:00+00:00,0.0001,1671062400000.0
2022-12-15 08:00:00+00:00,0.0001,1671091200000.0
2022-12-15 12:00:00+00:00,0.0001,1671091200000.0
2022-12-15 16:00:00+00:00,0.0001,1671120000000.0
2022-12-15 20:00:00+00:00,0.0001,1671120000000.0
2022-12-16 00:00:00+00:00,0.0001,1671148800000.0
2022-12-16 04:00:00+00:00,0.0001,1671148800000.0
2022-12-16 08:00:00+00:00,0.0001,1671177600000.0
2022-12-16 12:00:00+00:00,0.0001,1671177600000.0
2022-12-16 16:00:00+00:00,8.24e-05,1671206400000.0
2022-12-16 20:00:00+00:00,8.24e-05,1671206400000.0
2022-12-17 00:00:00+00:00,0.0001,1671235200000.0
2022-12-17 04:00:00+00:00,0.0001,1671235200000.0
2022-12-17 08:00:00+00:00,0.0001,1671264000000.0
2022-12-17 12:00:00+00:00,0.0001,1671264000000.0
2022-12-17 16:00:00+00:00,6.004e-05,1671292800000.0
2022-12-17 20:00:00+00:00,6.004e-05,1671292800000.0
2022-12-18 00:00:00+00:00,-9.246e-05,1671321600000.0
2022-12-18 04:00:00+00:00,-9.246e-05,1671321600000.0
2022-12-18 08:00:00+00:00,7.43e-06,1671350400000.0
2022-12-18 12:00:00+00:00,7.43e-06,1671350400000.0
2022-12-18 16:00:00+00:00,0.0001,1671379200000.0
2022-12-18 20:00:00+00:00,0.0001,1671379200000.0
2022-12-19 00:00:00+00:00,0.0001,1671408000000.0
2022-12-19 04:00:00+00:00,0.0001,1671408000000.0
2022-12-19 08:00:00+00:00,0.0001,1671436800000.0
2022-12-19 12:00:00+00:00,0.0001,1671436800000.0
2022-12-19 16:00:00+00:00,0.0001,1671465600000.0
2022-12-19 20:00:00+00:00,0.0001,1671465600000.0
2022-12-20 00:00:00+00:00,0.0001,1671494400000.0
2022-12-20 04:00:00+00:00,0.0001,1671494400000.0
2022-12-20 08:00:00+00:00,0.0001,1671523200000.0
2022-12-20 12:00:00+00:00,0.0001,1671523200000.0
2022-12-20 16:00:00+00:00,0.0001,1671552000000.0
2022-12-20 20:00:00+00:00,0.0001,1671552000000.0
2022-12-21 00:00:00+00:00,0.0001,1671580800000.0
2022-12-21 04:00:00+00:00,0.0001,1671580800000.0
2022-12-21 08:00:00+00:00,-3.158e-05,1671609600000.0
2022-12-21 12:00:00+00:00,-3.158e-05,1671609600000.0
2022-12-21 16:00:00+00:00,0.0001,1671638400000.0
2022-12-21 20:00:00+00:00,0.0001,1671638400000.0
2022-12-22 00:00:00+00:00,0.0001,1671667200000.0
2022-12-22 04:00:00+00:00,0.0001,1671667200000.0
2022-12-22 08:00:00+00:00,0.0001,1671696000000.0
2022-12-22 12:00:00+00:00,0.0001,1671696000000.0
2022-12-22 16:00:00+00:00,0.0001,1671724800000.0
2022-12-22 20:00:00+00:00,0.0001,1671724800000.0
2022-12-23 00:00:00+00:00,0.0001,1671753600000.0
2022-12-23 04:00:00+00:00,0.0001,1671753600000.0
2022-12-23 08:00:00+00:00,0.0001,1671782400000.0
2022-12-23 12:00:00+00:00,0.0001,1671782400000.0
2022-12-23 16:00:00+00:00,0.0001,1671811200000.0
2022-12-23 20:00:00+00:00,0.0001,1671811200000.0
2022-12-24 00:00:00+00:00,0.0001,1671840000000.0
2022-12-24 04:00:00+00:00,0.0001,1671840000000.0
2022-12-24 08:00:00+00:00,0.0001,1671868800000.0
2022-12-24 12:00:00+00:00,0.0001,1671868800000.0
2022-12-24 16:00:00+00:00,0.0001,1671897600000.0
2022-12-24 20:00:00+00:00,0.0001,1671897600000.0
2022-12-25 00:00:00+00:00,0.0001,1671926400000.0
2022-12-25 04:00:00+00:00,0.0001,1671926400000.0
2022-12-25 08:00:00+00:00,0.0001,1671955200000.0
2022-12-25 12:00:00+00:00,0.0001,1671955200000.0
2022-12-25 16:00:00+00:00,0.0001,1671984000000.0
2022-12-25 20:00:00+00:00,0.0001,1671984000000.0
2022-12-26 00:00:00+00:00,0.0001,1672012800000.0
2022-12-26 04:00:00+00:00,0.0001,1672012800000.0
2022-12-26 08:00:00+00:00,0.0001,1672041600000.0
2022-12-26 12:00:00+00:00,0.0001,1672041600000.0
2022-12-26 16:00:00+00:00,0.0001,1672070400000.0
2022-12-26 20:00:00+00:00,0.0001,1672070400000.0
2022-12-27 00:00:00+00:00,0.0001,1672099200000.0
2022-12-27 04:00:00+00:00,0.0001,1672099200000.0
2022-12-27 08:00:00+00:00,0.0001,1672128000000.0
2022-12-27 12:00:00+00:00,0.0001,1672128000000.0
2022-12-27 16:00:00+00:00,0.0001,1672156800000.0
2022-12-27 20:00:00+00:00,0.0001,1672156800000.0
2022-12-28 00:00:00+00:00,0.0001,1672185600000.0
2022-12-28 04:00:00+00:00,0.0001,1672185600000.0
2022-12-28 08:00:00+00:00,0.0001,1672214400000.0
2022-12-28 12:00:00+00:00,0.0001,1672214400000.0
2022-12-28 16:00:00+00:00,0.0001,1672243200000.0
2022-12-28 20:00:00+00:00,0.0001,1672243200000.0
2022-12-29 00:00:00+00:00,0.0001,1672272000000.0
2022-12-29 04:00:00+00:00,0.0001,1672272000000.0
2022-12-29 08:00:00+00:00,0.0001,1672300800000.0
2022-12-29 12:00:00+00:00,0.0001,1672300800000.0
2022-12-29 16:00:00+00:00,-4.084e-05,1672329600000.0
2022-12-29 20:00:00+00:00,-4.084e-05,1672329600000.0
2022-12-30 00:00:00+00:00,-0.00010227,1672358400000.0
2022-12-30 04:00:00+00:00,-0.00010227,1672358400000.0
2022-12-30 08:00:00+00:00,-4.152e-05,1672387200000.0
2022-12-30 12:00:00+00:00,-4.152e-05,1672387200000.0
2022-12-30 16:00:00+00:00,0.0001,1672416000000.0
2022-12-30 20:00:00+00:00,0.0001,1672416000000.0
2022-12-31 00:00:00+00:00,0.0001,1672444800000.0
2022-12-31 04:00:00+00:00,0.0001,1672444800000.0
2022-12-31 08:00:00+00:00,0.0001,1672473600000.0
2022-12-31 12:00:00+00:00,0.0001,1672473600000.0
2022-12-31 16:00:00+00:00,0.0001,1672502400000.0
2022-12-31 20:00:00+00:00,0.0001,1672502400000.0
2023-01-01 00:00:00+00:00,0.0001,1672531200000.0
2023-01-01 04:00:00+00:00,0.0001,1672531200000.0
2023-01-01 08:00:00+00:00,0.0001,1672560000000.0
2023-01-01 12:00:00+00:00,0.0001,1672560000000.0
2023-01-01 16:00:00+00:00,0.0001,1672588800000.0
2023-01-01 20:00:00+00:00,0.0001,1672588800000.0
2023-01-02 00:00:00+00:00,0.0001,1672617600000.0
2023-01-02 04:00:00+00:00,0.0001,1672617600000.0
2023-01-02 08:00:00+00:00,0.0001,1672646400000.0
2023-01-02 12:00:00+00:00,0.0001,1672646400000.0
2023-01-02 16:00:00+00:00,0.0001,1672675200000.0
2023-01-02 20:00:00+00:00,0.0001,1672675200000.0
2023-01-03 00:00:00+00:00,0.0001,1672704000000.0
2023-01-03 04:00:00+00:00,0.0001,1672704000000.0
2023-01-03 08:00:00+00:00,0.0001,1672732800000.0
2023-01-03 12:00:00+00:00,0.0001,1672732800000.0
2023-01-03 16:00:00+00:00,0.0001,1672761600000.0
2023-01-03 20:00:00+00:00,0.0001,1672761600000.0
2023-01-04 00:00:00+00:00,0.0001,1672790400000.0
2023-01-04 04:00:00+00:00,0.0001,1672790400000.0
2023-01-04 08:00:00+00:00,0.0001,1672819200000.0
2023-01-04 12:00:00+00:00,0.0001,1672819200000.0
2023-01-04 16:00:00+00:00,7.193e-05,1672848000000.0
2023-01-04 20:00:00+00:00,7.193e-05,1672848000000.0
2023-01-05 00:00:00+00:00,3.97e-05,1672876800000.0
2023-01-05 04:00:00+00:00,3.97e-05,1672876800000.0
2023-01-05 08:00:00+00:00,0.0001,1672905600000.0
2023-01-05 12:00:00+00:00,0.0001,1672905600000.0
2023-01-05 16:00:00+00:00,0.0001,1672934400000.0
2023-01-05 20:00:00+00:00,0.0001,1672934400000.0
2023-01-06 00:00:00+00:00,0.0001,1672963200000.0
2023-01-06 04:00:00+00:00,0.0001,1672963200000.0
2023-01-06 08:00:00+00:00,0.0001,1672992000000.0
2023-01-06 12:00:00+00:00,0.0001,1672992000000.0
2023-01-06 16:00:00+00:00,0.0001,1673020800000.0
2023-01-06 20:00:00+00:00,0.0001,1673020800000.0
2023-01-07 00:00:00+00:00,0.0001,1673049600000.0
2023-01-07 04:00:00+00:00,0.0001,1673049600000.0
2023-01-07 08:00:00+00:00,2.653e-05,1673078400000.0
2023-01-07 12:00:00+00:00,2.653e-05,1673078400000.0
2023-01-07 16:00:00+00:00,0.0001,1673107200000.0
2023-01-07 20:00:00+00:00,0.0001,1673107200000.0
2023-01-08 00:00:00+00:00,6.126e-05,1673136000000.0
2023-01-08 04:00:00+00:00,6.126e-05,1673136000000.0
2023-01-08 08:00:00+00:00,0.0001,1673164800000.0
2023-01-08 12:00:00+00:00,0.0001,1673164800000.0
2023-01-08 16:00:00+00:00,-6.696e-05,1673193600000.0
2023-01-08 20:00:00+00:00,-6.696e-05,1673193600000.0
2023-01-09 00:00:00+00:00,6.9e-07,1673222400000.0
2023-01-09 04:00:00+00:00,6.9e-07,1673222400000.0
2023-01-09 08:00:00+00:00,0.0001,1673251200000.0
2023-01-09 12:00:00+00:00,0.0001,1673251200000.0
2023-01-09 16:00:00+00:00,0.0001,1673280000000.0
2023-01-09 20:00:00+00:00,0.0001,1673280000000.0
2023-01-10 00:00:00+00:00,0.0001,1673308800000.0
2023-01-10 04:00:00+00:00,0.0001,1673308800000.0
2023-01-10 08:00:00+00:00,0.0001,1673337600000.0
2023-01-10 12:00:00+00:00,0.0001,1673337600000.0
2023-01-10 16:00:00+00:00,0.0001,1673366400000.0
2023-01-10 20:00:00+00:00,0.0001,1673366400000.0
2023-01-11 00:00:00+00:00,0.0001,1673395200000.0
2023-01-11 04:00:00+00:00,0.0001,1673395200000.0
2023-01-11 08:00:00+00:00,0.0001,1673424000000.0
2023-01-11 12:00:00+00:00,0.0001,1673424000000.0
2023-01-11 16:00:00+00:00,0.0001,1673452800000.0
2023-01-11 20:00:00+00:00,0.0001,1673452800000.0
2023-01-12 00:00:00+00:00,0.0001,1673481600000.0
2023-01-12 04:00:00+00:00,0.0001,1673481600000.0
2023-01-12 08:00:00+00:00,0.0001,1673510400000.0
2023-01-12 12:00:00+00:00,0.0001,1673510400000.0
2023-01-12 16:00:00+00:00,0.0001,1673539200000.0
2023-01-12 20:00:00+00:00,0.0001,1673539200000.0
2023-01-13 00:00:00+00:00,0.0001,1673568000000.0
2023-01-13 04:00:00+00:00,0.0001,1673568000000.0
2023-01-13 08:00:00+00:00,0.0001,1673596800000.0
2023-01-13 12:00:00+00:00,0.0001,1673596800000.0
2023-01-13 16:00:00+00:00,0.0001,1673625600000.0
2023-01-13 20:00:00+00:00,0.0001,1673625600000.0
2023-01-14 00:00:00+00:00,0.0001,1673654400000.0
2023-01-14 04:00:00+00:00,0.0001,1673654400000.0
2023-01-14 08:00:00+00:00,0.0001,1673683200000.0
2023-01-14 12:00:00+00:00,0.0001,1673683200000.0
2023-01-14 16:00:00+00:00,0.0001,1673712000000.0
2023-01-14 20:00:00+00:00,0.0001,1673712000000.0
2023-01-15 00:00:00+00:00,0.0001,1673740800000.0
2023-01-15 04:00:00+00:00,0.0001,1673740800000.0
2023-01-15 08:00:00+00:00,0.0001,1673769600000.0
2023-01-15 12:00:00+00:00,0.0001,1673769600000.0
2023-01-15 16:00:00+00:00,0.0001,1673798400000.0
2023-01-15 20:00:00+00:00,0.0001,1673798400000.0
2023-01-16 00:00:00+00:00,0.0001,1673827200000.0
2023-01-16 04:00:00+00:00,0.0001,1673827200000.0
2023-01-16 08:00:00+00:00,0.0001,1673856000000.0
2023-01-16 12:00:00+00:00,0.0001,1673856000000.0
2023-01-16 16:00:00+00:00,0.0001,1673884800000.0
2023-01-16 20:00:00+00:00,0.0001,1673884800000.0
2023-01-17 00:00:00+00:00,0.0001,1673913600000.0
2023-01-17 04:00:00+00:00,0.0001,1673913600000.0
2023-01-17 08:00:00+00:00,0.0001,1673942400000.0
2023-01-17 12:00:00+00:00,0.0001,1673942400000.0
2023-01-17 16:00:00+00:00,0.0001,1673971200000.0
2023-01-17 20:00:00+00:00,0.0001,1673971200000.0
2023-01-18 00:00:00+00:00,0.0001,1674000000000.0
2023-01-18 04:00:00+00:00,0.0001,1674000000000.0
2023-01-18 08:00:00+00:00,0.0001,1674028800000.0
2023-01-18 12:00:00+00:00,0.0001,1674028800000.0
2023-01-18 16:00:00+00:00,0.0001,1674057600000.0
2023-01-18 20:00:00+00:00,0.0001,1674057600000.0
2023-01-19 00:00:00+00:00,0.0001,1674086400000.0
2023-01-19 04:00:00+00:00,0.0001,1674086400000.0
2023-01-19 08:00:00+00:00,0.0001,1674115200000.0
2023-01-19 12:00:00+00:00,0.0001,1674115200000.0
2023-01-19 16:00:00+00:00,0.0001,1674144000000.0
2023-01-19 20:00:00+00:00,0.0001,1674144000000.0
2023-01-20 00:00:00+00:00,0.0001,1674172800000.0
2023-01-20 04:00:00+00:00,0.0001,1674172800000.0
2023-01-20 08:00:00+00:00,0.0001,1674201600000.0
2023-01-20 12:00:00+00:00,0.0001,1674201600000.0
2023-01-20 16:00:00+00:00,0.0001,1674230400000.0
2023-01-20 20:00:00+00:00,0.0001,1674230400000.0
2023-01-21 00:00:00+00:00,0.0001,1674259200000.0
2023-01-21 04:00:00+00:00,0.0001,1674259200000.0
2023-01-21 08:00:00+00:00,0.0001,1674288000000.0
2023-01-21 12:00:00+00:00,0.0001,1674288000000.0
2023-01-21 16:00:00+00:00,0.0001,1674316800000.0
2023-01-21 20:00:00+00:00,0.0001,1674316800000.0
2023-01-22 00:00:00+00:00,0.0001,1674345600000.0
2023-01-22 04:00:00+00:00,0.0001,1674345600000.0
2023-01-22 08:00:00+00:00,0.0001,1674374400000.0
2023-01-22 12:00:00+00:00,0.0001,1674374400000.0
2023-01-22 16:00:00+00:00,0.0001,1674403200000.0
2023-01-22 20:00:00+00:00,0.0001,1674403200000.0
2023-01-23 00:00:00+00:00,0.0001,1674432000000.0
2023-01-23 04:00:00+00:00,0.0001,1674432000000.0
2023-01-23 08:00:00+00:00,0.0001,1674460800000.0
2023-01-23 12:00:00+00:00,0.0001,1674460800000.0
2023-01-23 16:00:00+00:00,0.0001,1674489600000.0
2023-01-23 20:00:00+00:00,0.0001,1674489600000.0
2023-01-24 00:00:00+00:00,0.0001,1674518400000.0
2023-01-24 04:00:00+00:00,0.0001,1674518400000.0
2023-01-24 08:00:00+00:00,0.0001,1674547200000.0
2023-01-24 12:00:00+00:00,0.0001,1674547200000.0
2023-01-24 16:00:00+00:00,0.0001,1674576000000.0
2023-01-24 20:00:00+00:00,0.0001,1674576000000.0
2023-01-25 00:00:00+00:00,0.0001,1674604800000.0
2023-01-25 04:00:00+00:00,0.0001,1674604800000.0
2023-01-25 08:00:00+00:00,0.0001,1674633600000.0
2023-01-25 12:00:00+00:00,0.0001,1674633600000.0
2023-01-25 16:00:00+00:00,0.0001,1674662400000.0
2023-01-25 20:00:00+00:00,0.0001,1674662400000.0
2023-01-26 00:00:00+00:00,0.0001,1674691200000.0
2023-01-26 04:00:00+00:00,0.0001,1674691200000.0
2023-01-26 08:00:00+00:00,0.0001,1674720000000.0
2023-01-26 12:00:00+00:00,0.0001,1674720000000.0
2023-01-26 16:00:00+00:00,0.0001,1674748800000.0
2023-01-26 20:00:00+00:00,0.0001,1674748800000.0
2023-01-27 00:00:00+00:00,0.0001,1674777600000.0
2023-01-27 04:00:00+00:00,0.0001,1674777600000.0
2023-01-27 08:00:00+00:00,0.0001,1674806400000.0
2023-01-27 12:00:00+00:00,0.0001,1674806400000.0
2023-01-27 16:00:00+00:00,0.0001,1674835200000.0
2023-01-27 20:00:00+00:00,0.0001,1674835200000.0
2023-01-28 00:00:00+00:00,0.0001,1674864000000.0
2023-01-28 04:00:00+00:00,0.0001,1674864000000.0
2023-01-28 08:00:00+00:00,0.0001,1674892800000.0
2023-01-28 12:00:00+00:00,0.0001,1674892800000.0
2023-01-28 16:00:00+00:00,0.0001,1674921600000.0
2023-01-28 20:00:00+00:00,0.0001,1674921600000.0
2023-01-29 00:00:00+00:00,0.0001,1674950400000.0
2023-01-29 04:00:00+00:00,0.0001,1674950400000.0
2023-01-29 08:00:00+00:00,0.0001,1674979200000.0
2023-01-29 12:00:00+00:00,0.0001,1674979200000.0
2023-01-29 16:00:00+00:00,0.0001,1675008000000.0
2023-01-29 20:00:00+00:00,0.0001,1675008000000.0
2023-01-30 00:00:00+00:00,0.0001,1675036800000.0
2023-01-30 04:00:00+00:00,0.0001,1675036800000.0
2023-01-30 08:00:00+00:00,0.0001,1675065600000.0
2023-01-30 12:00:00+00:00,0.0001,1675065600000.0
2023-01-30 16:00:00+00:00,0.0001,1675094400000.0
2023-01-30 20:00:00+00:00,0.0001,1675094400000.0
2023-01-31 00:00:00+00:00,0.0001,1675123200000.0
2023-01-31 04:00:00+00:00,0.0001,1675123200000.0
2023-01-31 08:00:00+00:00,0.0001,1675152000000.0
2023-01-31 12:00:00+00:00,0.0001,1675152000000.0
2023-01-31 16:00:00+00:00,1.18e-05,1675180800000.0
2023-01-31 20:00:00+00:00,1.18e-05,1675180800000.0
2023-02-01 00:00:00+00:00,0.0001,1675209600000.0
2023-02-01 04:00:00+00:00,0.0001,1675209600000.0
2023-02-01 08:00:00+00:00,0.0001,1675238400000.0
2023-02-01 12:00:00+00:00,0.0001,1675238400000.0
2023-02-01 16:00:00+00:00,0.0001,1675267200000.0
2023-02-01 20:00:00+00:00,0.0001,1675267200000.0
2023-02-02 00:00:00+00:00,0.0001,1675296000000.0
2023-02-02 04:00:00+00:00,0.0001,1675296000000.0
2023-02-02 08:00:00+00:00,0.0001,1675324800000.0
2023-02-02 12:00:00+00:00,0.0001,1675324800000.0
2023-02-02 16:00:00+00:00,0.0001,1675353600000.0
2023-02-02 20:00:00+00:00,0.0001,1675353600000.0
2023-02-03 00:00:00+00:00,0.0001,1675382400000.0
2023-02-03 04:00:00+00:00,0.0001,1675382400000.0
2023-02-03 08:00:00+00:00,0.0001,1675411200000.0
2023-02-03 12:00:00+00:00,0.0001,1675411200000.0
2023-02-03 16:00:00+00:00,0.0001,1675440000000.0
2023-02-03 20:00:00+00:00,0.0001,1675440000000.0
2023-02-04 00:00:00+00:00,0.0001,1675468800000.0
2023-02-04 04:00:00+00:00,0.0001,1675468800000.0
2023-02-04 08:00:00+00:00,0.0001,1675497600000.0
2023-02-04 12:00:00+00:00,0.0001,1675497600000.0
2023-02-04 16:00:00+00:00,0.0001,1675526400000.0
2023-02-04 20:00:00+00:00,0.0001,1675526400000.0
2023-02-05 00:00:00+00:00,0.0001,1675555200000.0
2023-02-05 04:00:00+00:00,0.0001,1675555200000.0
2023-02-05 08:00:00+00:00,0.0001,1675584000000.0
2023-02-05 12:00:00+00:00,0.0001,1675584000000.0
2023-02-05 16:00:00+00:00,0.0001,1675612800000.0
2023-02-05 20:00:00+00:00,0.0001,1675612800000.0
2023-02-06 00:00:00+00:00,0.0001,1675641600000.0
2023-02-06 04:00:00+00:00,0.0001,1675641600000.0
2023-02-06 08:00:00+00:00,0.0001,1675670400000.0
2023-02-06 12:00:00+00:00,0.0001,1675670400000.0
2023-02-06 16:00:00+00:00,0.0001,1675699200000.0
2023-02-06 20:00:00+00:00,0.0001,1675699200000.0
2023-02-07 00:00:00+00:00,0.0001,1675728000000.0
2023-02-07 04:00:00+00:00,0.0001,1675728000000.0
2023-02-07 08:00:00+00:00,0.0001,1675756800000.0
2023-02-07 12:00:00+00:00,0.0001,1675756800000.0
2023-02-07 16:00:00+00:00,0.0001,1675785600000.0
2023-02-07 20:00:00+00:00,0.0001,1675785600000.0
2023-02-08 00:00:00+00:00,0.0001,1675814400000.0
2023-02-08 04:00:00+00:00,0.0001,1675814400000.0
2023-02-08 08:00:00+00:00,0.0001,1675843200000.0
2023-02-08 12:00:00+00:00,0.0001,1675843200000.0
2023-02-08 16:00:00+00:00,0.0001,1675872000000.0
2023-02-08 20:00:00+00:00,0.0001,1675872000000.0
2023-02-09 00:00:00+00:00,0.0001,1675900800000.0
2023-02-09 04:00:00+00:00,0.0001,1675900800000.0
2023-02-09 08:00:00+00:00,0.0001,1675929600000.0
2023-02-09 12:00:00+00:00,0.0001,1675929600000.0
2023-02-09 16:00:00+00:00,0.0001,1675958400000.0
2023-02-09 20:00:00+00:00,0.0001,1675958400000.0
2023-02-10 00:00:00+00:00,0.0001,1675987200000.0
2023-02-10 04:00:00+00:00,0.0001,1675987200000.0
2023-02-10 08:00:00+00:00,0.0001,1676016000000.0
2023-02-10 12:00:00+00:00,0.0001,1676016000000.0
2023-02-10 16:00:00+00:00,0.0001,1676044800000.0
2023-02-10 20:00:00+00:00,0.0001,1676044800000.0
2023-02-11 00:00:00+00:00,0.0001,1676073600000.0
2023-02-11 04:00:00+00:00,0.0001,1676073600000.0
2023-02-11 08:00:00+00:00,0.0001,1676102400000.0
2023-02-11 12:00:00+00:00,0.0001,1676102400000.0
2023-02-11 16:00:00+00:00,7.29e-05,1676131200000.0
2023-02-11 20:00:00+00:00,7.29e-05,1676131200000.0
2023-02-12 00:00:00+00:00,-5.742e-05,1676160000000.0
2023-02-12 04:00:00+00:00,-5.742e-05,1676160000000.0
2023-02-12 08:00:00+00:00,0.0001,1676188800000.0
2023-02-12 12:00:00+00:00,0.0001,1676188800000.0
2023-02-12 16:00:00+00:00,1.946e-05,1676217600000.0
2023-02-12 20:00:00+00:00,1.946e-05,1676217600000.0
2023-02-13 00:00:00+00:00,-5.991e-05,1676246400000.0
2023-02-13 04:00:00+00:00,-5.991e-05,1676246400000.0
2023-02-13 08:00:00+00:00,0.0001,1676275200000.0
2023-02-13 12:00:00+00:00,0.0001,1676275200000.0
2023-02-13 16:00:00+00:00,0.0001,1676304000000.0
2023-02-13 20:00:00+00:00,0.0001,1676304000000.0
2023-02-14 00:00:00+00:00,0.0001,1676332800000.0
2023-02-14 04:00:00+00:00,0.0001,1676332800000.0
2023-02-14 08:00:00+00:00,0.0001,1676361600000.0
2023-02-14 12:00:00+00:00,0.0001,1676361600000.0
2023-02-14 16:00:00+00:00,-0.00016729,1676390400000.0
2023-02-14 20:00:00+00:00,-0.00016729,1676390400000.0
2023-02-15 00:00:00+00:00,0.0001,1676419200000.0
2023-02-15 04:00:00+00:00,0.0001,1676419200000.0
2023-02-15 08:00:00+00:00,0.0001,1676448000000.0
2023-02-15 12:00:00+00:00,0.0001,1676448000000.0
2023-02-15 16:00:00+00:00,0.0001,1676476800000.0
2023-02-15 20:00:00+00:00,0.0001,1676476800000.0
2023-02-16 00:00:00+00:00,0.0001,1676505600000.0
2023-02-16 04:00:00+00:00,0.0001,1676505600000.0
2023-02-16 08:00:00+00:00,0.0001,1676534400000.0
2023-02-16 12:00:00+00:00,0.0001,1676534400000.0
2023-02-16 16:00:00+00:00,0.0001,1676563200000.0
2023-02-16 20:00:00+00:00,0.0001,1676563200000.0
2023-02-17 00:00:00+00:00,0.0001,1676592000000.0
2023-02-17 04:00:00+00:00,0.0001,1676592000000.0
2023-02-17 08:00:00+00:00,0.0001,1676620800000.0
2023-02-17 12:00:00+00:00,0.0001,1676620800000.0
2023-02-17 16:00:00+00:00,0.0001,1676649600000.0
2023-02-17 20:00:00+00:00,0.0001,1676649600000.0
2023-02-18 00:00:00+00:00,0.0001,1676678400000.0
2023-02-18 04:00:00+00:00,0.0001,1676678400000.0
2023-02-18 08:00:00+00:00,0.0001,1676707200000.0
2023-02-18 12:00:00+00:00,0.0001,1676707200000.0
2023-02-18 16:00:00+00:00,0.0001,1676736000000.0
2023-02-18 20:00:00+00:00,0.0001,1676736000000.0
2023-02-19 00:00:00+00:00,0.0001,1676764800000.0
2023-02-19 04:00:00+00:00,0.0001,1676764800000.0
2023-02-19 08:00:00+00:00,0.0001,1676793600000.0
2023-02-19 12:00:00+00:00,0.0001,1676793600000.0
2023-02-19 16:00:00+00:00,0.0001,1676822400000.0
2023-02-19 20:00:00+00:00,0.0001,1676822400000.0
2023-02-20 00:00:00+00:00,0.0001,1676851200000.0
2023-02-20 04:00:00+00:00,0.0001,1676851200000.0
2023-02-20 08:00:00+00:00,0.0001,1676880000000.0
2023-02-20 12:00:00+00:00,0.0001,1676880000000.0
2023-02-20 16:00:00+00:00,0.0001,1676908800000.0
2023-02-20 20:00:00+00:00,0.0001,1676908800000.0
2023-02-21 00:00:00+00:00,0.0001,1676937600000.0
2023-02-21 04:00:00+00:00,0.0001,1676937600000.0
2023-02-21 08:00:00+00:00,0.0001,1676966400000.0
2023-02-21 12:00:00+00:00,0.0001,1676966400000.0
2023-02-21 16:00:00+00:00,0.0001,1676995200000.0
2023-02-21 20:00:00+00:00,0.0001,1676995200000.0
2023-02-22 00:00:00+00:00,0.0001,1677024000000.0
2023-02-22 04:00:00+00:00,0.0001,1677024000000.0
2023-02-22 08:00:00+00:00,0.0001,1677052800000.0
2023-02-22 12:00:00+00:00,0.0001,1677052800000.0
2023-02-22 16:00:00+00:00,0.0001,1677081600000.0
2023-02-22 20:00:00+00:00,0.0001,1677081600000.0
2023-02-23 00:00:00+00:00,0.0001,1677110400000.0
2023-02-23 04:00:00+00:00,0.0001,1677110400000.0
2023-02-23 08:00:00+00:00,0.0001,1677139200000.0
2023-02-23 12:00:00+00:00,0.0001,1677139200000.0
2023-02-23 16:00:00+00:00,0.0001,1677168000000.0
2023-02-23 20:00:00+00:00,0.0001,1677168000000.0
2023-02-24 00:00:00+00:00,0.0001,1677196800000.0
2023-02-24 04:00:00+00:00,0.0001,1677196800000.0
2023-02-24 08:00:00+00:00,0.0001,1677225600000.0
2023-02-24 12:00:00+00:00,0.0001,1677225600000.0
2023-02-24 16:00:00+00:00,0.0001,1677254400000.0
2023-02-24 20:00:00+00:00,0.0001,1677254400000.0
2023-02-25 00:00:00+00:00,0.0001,1677283200000.0
2023-02-25 04:00:00+00:00,0.0001,1677283200000.0
2023-02-25 08:00:00+00:00,0.0001,1677312000000.0
2023-02-25 12:00:00+00:00,0.0001,1677312000000.0
2023-02-25 16:00:00+00:00,0.0001,1677340800000.0
2023-02-25 20:00:00+00:00,0.0001,1677340800000.0
2023-02-26 00:00:00+00:00,0.0001,1677369600000.0
2023-02-26 04:00:00+00:00,0.0001,1677369600000.0
2023-02-26 08:00:00+00:00,0.0001,1677398400000.0
2023-02-26 12:00:00+00:00,0.0001,1677398400000.0
2023-02-26 16:00:00+00:00,0.0001,1677427200000.0
2023-02-26 20:00:00+00:00,0.0001,1677427200000.0
2023-02-27 00:00:00+00:00,0.0001,1677456000000.0
2023-02-27 04:00:00+00:00,0.0001,1677456000000.0
2023-02-27 08:00:00+00:00,0.0001,1677484800000.0
2023-02-27 12:00:00+00:00,0.0001,1677484800000.0
2023-02-27 16:00:00+00:00,0.0001,1677513600000.0
2023-02-27 20:00:00+00:00,0.0001,1677513600000.0
2023-02-28 00:00:00+00:00,7.331e-05,1677542400000.0
2023-02-28 04:00:00+00:00,7.331e-05,1677542400000.0
2023-02-28 08:00:00+00:00,0.0001,1677571200000.0
2023-02-28 12:00:00+00:00,0.0001,1677571200000.0
2023-02-28 16:00:00+00:00,0.0001,1677600000000.0
2023-02-28 20:00:00+00:00,0.0001,1677600000000.0
2023-03-01 00:00:00+00:00,0.0001,1677628800000.0
2023-03-01 04:00:00+00:00,0.0001,1677628800000.0
2023-03-01 08:00:00+00:00,0.0001,1677657600000.0
2023-03-01 12:00:00+00:00,0.0001,1677657600000.0
2023-03-01 16:00:00+00:00,0.0001,1677686400000.0
2023-03-01 20:00:00+00:00,0.0001,1677686400000.0
2023-03-02 00:00:00+00:00,0.0001,1677715200000.0
2023-03-02 04:00:00+00:00,0.0001,1677715200000.0
2023-03-02 08:00:00+00:00,0.0001,1677744000000.0
2023-03-02 12:00:00+00:00,0.0001,1677744000000.0
2023-03-02 16:00:00+00:00,0.0001,1677772800000.0
2023-03-02 20:00:00+00:00,0.0001,1677772800000.0
2023-03-03 00:00:00+00:00,0.0001,1677801600000.0
2023-03-03 04:00:00+00:00,0.0001,1677801600000.0
2023-03-03 08:00:00+00:00,-6.1e-07,1677830400000.0
2023-03-03 12:00:00+00:00,-6.1e-07,1677830400000.0
2023-03-03 16:00:00+00:00,0.0001,1677859200000.0
2023-03-03 20:00:00+00:00,0.0001,1677859200000.0
2023-03-04 00:00:00+00:00,0.0001,1677888000000.0
2023-03-04 04:00:00+00:00,0.0001,1677888000000.0
2023-03-04 08:00:00+00:00,0.0001,1677916800000.0
2023-03-04 12:00:00+00:00,0.0001,1677916800000.0
2023-03-04 16:00:00+00:00,0.0001,1677945600000.0
2023-03-04 20:00:00+00:00,0.0001,1677945600000.0
2023-03-05 00:00:00+00:00,0.0001,1677974400000.0
2023-03-05 04:00:00+00:00,0.0001,1677974400000.0
2023-03-05 08:00:00+00:00,0.0001,1678003200000.0
2023-03-05 12:00:00+00:00,0.0001,1678003200000.0
2023-03-05 16:00:00+00:00,0.0001,1678032000000.0
2023-03-05 20:00:00+00:00,0.0001,1678032000000.0
2023-03-06 00:00:00+00:00,0.0001,1678060800000.0
2023-03-06 04:00:00+00:00,0.0001,1678060800000.0
2023-03-06 08:00:00+00:00,0.0001,1678089600000.0
2023-03-06 12:00:00+00:00,0.0001,1678089600000.0
2023-03-06 16:00:00+00:00,0.0001,1678118400000.0
2023-03-06 20:00:00+00:00,0.0001,1678118400000.0
2023-03-07 00:00:00+00:00,0.0001,1678147200000.0
2023-03-07 04:00:00+00:00,0.0001,1678147200000.0
2023-03-07 08:00:00+00:00,9.568e-05,1678176000000.0
2023-03-07 12:00:00+00:00,9.568e-05,1678176000000.0
2023-03-07 16:00:00+00:00,6.798e-05,1678204800000.0
2023-03-07 20:00:00+00:00,6.798e-05,1678204800000.0
2023-03-08 00:00:00+00:00,0.0001,1678233600000.0
2023-03-08 04:00:00+00:00,0.0001,1678233600000.0
2023-03-08 08:00:00+00:00,0.0001,1678262400000.0
2023-03-08 12:00:00+00:00,0.0001,1678262400000.0
2023-03-08 16:00:00+00:00,0.0001,1678291200000.0
2023-03-08 20:00:00+00:00,0.0001,1678291200000.0
2023-03-09 00:00:00+00:00,0.0001,1678320000000.0
2023-03-09 04:00:00+00:00,0.0001,1678320000000.0
2023-03-09 08:00:00+00:00,0.0001,1678348800000.0
2023-03-09 12:00:00+00:00,0.0001,1678348800000.0
2023-03-09 16:00:00+00:00,0.0001,1678377600000.0
2023-03-09 20:00:00+00:00,0.0001,1678377600000.0
2023-03-10 00:00:00+00:00,-0.00019967,1678406400000.0
2023-03-10 04:00:00+00:00,-0.00019967,1678406400000.0
2023-03-10 08:00:00+00:00,7.206e-05,1678435200000.0
2023-03-10 12:00:00+00:00,7.206e-05,1678435200000.0
2023-03-10 16:00:00+00:00,0.0001,1678464000000.0
2023-03-10 20:00:00+00:00,0.0001,1678464000000.0
2023-03-11 00:00:00+00:00,0.0001,1678492800000.0
2023-03-11 04:00:00+00:00,0.0001,1678492800000.0
2023-03-11 08:00:00+00:00,8.985e-05,1678521600000.0
2023-03-11 12:00:00+00:00,8.985e-05,1678521600000.0
2023-03-11 16:00:00+00:00,0.0001,1678550400000.0
2023-03-11 20:00:00+00:00,0.0001,1678550400000.0
2023-03-12 00:00:00+00:00,0.0001,1678579200000.0
2023-03-12 04:00:00+00:00,0.0001,1678579200000.0
2023-03-12 08:00:00+00:00,0.0001,1678608000000.0
2023-03-12 12:00:00+00:00,0.0001,1678608000000.0
2023-03-12 16:00:00+00:00,0.0001,1678636800000.0
2023-03-12 20:00:00+00:00,0.0001,1678636800000.0
2023-03-13 00:00:00+00:00,0.0001,1678665600000.0
2023-03-13 04:00:00+00:00,0.0001,1678665600000.0
2023-03-13 08:00:00+00:00,0.0001,1678694400000.0
2023-03-13 12:00:00+00:00,0.0001,1678694400000.0
2023-03-13 16:00:00+00:00,0.0001,1678723200000.0
2023-03-13 20:00:00+00:00,0.0001,1678723200000.0
2023-03-14 00:00:00+00:00,0.0001,1678752000000.0
2023-03-14 04:00:00+00:00,0.0001,1678752000000.0
2023-03-14 08:00:00+00:00,0.0001,1678780800000.0
2023-03-14 12:00:00+00:00,0.0001,1678780800000.0
2023-03-14 16:00:00+00:00,0.0001,1678809600000.0
2023-03-14 20:00:00+00:00,0.0001,1678809600000.0
2023-03-15 00:00:00+00:00,0.0001,1678838400000.0
2023-03-15 04:00:00+00:00,0.0001,1678838400000.0
2023-03-15 08:00:00+00:00,0.0001,1678867200000.0
2023-03-15 12:00:00+00:00,0.0001,1678867200000.0
2023-03-15 16:00:00+00:00,0.0001,1678896000000.0
2023-03-15 20:00:00+00:00,0.0001,1678896000000.0
2023-03-16 00:00:00+00:00,0.0001,1678924800000.0
2023-03-16 04:00:00+00:00,0.0001,1678924800000.0
2023-03-16 08:00:00+00:00,0.0001,1678953600000.0
2023-03-16 12:00:00+00:00,0.0001,1678953600000.0
2023-03-16 16:00:00+00:00,0.0001,1678982400000.0
2023-03-16 20:00:00+00:00,0.0001,1678982400000.0
2023-03-17 00:00:00+00:00,0.0001,1679011200000.0
2023-03-17 04:00:00+00:00,0.0001,1679011200000.0
2023-03-17 08:00:00+00:00,0.0001,1679040000000.0
2023-03-17 12:00:00+00:00,0.0001,1679040000000.0
2023-03-17 16:00:00+00:00,0.0001,1679068800000.0
2023-03-17 20:00:00+00:00,0.0001,1679068800000.0
2023-03-18 00:00:00+00:00,0.0001,1679097600000.0
2023-03-18 04:00:00+00:00,0.0001,1679097600000.0
2023-03-18 08:00:00+00:00,0.0001,1679126400000.0
2023-03-18 12:00:00+00:00,0.0001,1679126400000.0
2023-03-18 16:00:00+00:00,0.0001,1679155200000.0
2023-03-18 20:00:00+00:00,0.0001,1679155200000.0
2023-03-19 00:00:00+00:00,0.0001,1679184000000.0
2023-03-19 04:00:00+00:00,0.0001,1679184000000.0
2023-03-19 08:00:00+00:00,0.0001,1679212800000.0
2023-03-19 12:00:00+00:00,0.0001,1679212800000.0
2023-03-19 16:00:00+00:00,0.0001,1679241600000.0
2023-03-19 20:00:00+00:00,0.0001,1679241600000.0
2023-03-20 00:00:00+00:00,0.0001,1679270400000.0
2023-03-20 04:00:00+00:00,0.0001,1679270400000.0
2023-03-20 08:00:00+00:00,0.0001,1679299200000.0
2023-03-20 12:00:00+00:00,0.0001,1679299200000.0
2023-03-20 16:00:00+00:00,0.0001,1679328000000.0
2023-03-20 20:00:00+00:00,0.0001,1679328000000.0
2023-03-21 00:00:00+00:00,0.0001,1679356800000.0
2023-03-21 04:00:00+00:00,0.0001,1679356800000.0
2023-03-21 08:00:00+00:00,0.0001,1679385600000.0
2023-03-21 12:00:00+00:00,0.0001,1679385600000.0
2023-03-21 16:00:00+00:00,0.0001,1679414400000.0
2023-03-21 20:00:00+00:00,0.0001,1679414400000.0
2023-03-22 00:00:00+00:00,0.0001,1679443200000.0
2023-03-22 04:00:00+00:00,0.0001,1679443200000.0
2023-03-22 08:00:00+00:00,0.0001,1679472000000.0
2023-03-22 12:00:00+00:00,0.0001,1679472000000.0
2023-03-22 16:00:00+00:00,0.0001,1679500800000.0
2023-03-22 20:00:00+00:00,0.0001,1679500800000.0
2023-03-23 00:00:00+00:00,0.0001,1679529600000.0
2023-03-23 04:00:00+00:00,0.0001,1679529600000.0
2023-03-23 08:00:00+00:00,0.0001,1679558400000.0
2023-03-23 12:00:00+00:00,0.0001,1679558400000.0
2023-03-23 16:00:00+00:00,0.0001,1679587200000.0
2023-03-23 20:00:00+00:00,0.0001,1679587200000.0
2023-03-24 00:00:00+00:00,0.0001,1679616000000.0
2023-03-24 04:00:00+00:00,0.0001,1679616000000.0
2023-03-24 08:00:00+00:00,0.0001,1679644800000.0
2023-03-24 12:00:00+00:00,0.0001,1679644800000.0
2023-03-24 16:00:00+00:00,0.0001,1679673600000.0
2023-03-24 20:00:00+00:00,0.0001,1679673600000.0
2023-03-25 00:00:00+00:00,0.0001,1679702400000.0
2023-03-25 04:00:00+00:00,0.0001,1679702400000.0
2023-03-25 08:00:00+00:00,0.0001,1679731200000.0
2023-03-25 12:00:00+00:00,0.0001,1679731200000.0
2023-03-25 16:00:00+00:00,0.0001,1679760000000.0
2023-03-25 20:00:00+00:00,0.0001,1679760000000.0
2023-03-26 00:00:00+00:00,0.0001,1679788800000.0
2023-03-26 04:00:00+00:00,0.0001,1679788800000.0
2023-03-26 08:00:00+00:00,0.0001,1679817600000.0
2023-03-26 12:00:00+00:00,0.0001,1679817600000.0
2023-03-26 16:00:00+00:00,9.085e-05,1679846400000.0
2023-03-26 20:00:00+00:00,9.085e-05,1679846400000.0
2023-03-27 00:00:00+00:00,0.0001,1679875200000.0
2023-03-27 04:00:00+00:00,0.0001,1679875200000.0
2023-03-27 08:00:00+00:00,2.517e-05,1679904000000.0
2023-03-27 12:00:00+00:00,2.517e-05,1679904000000.0
2023-03-27 16:00:00+00:00,2.161e-05,1679932800000.0
2023-03-27 20:00:00+00:00,2.161e-05,1679932800000.0
2023-03-28 00:00:00+00:00,5.19e-06,1679961600000.0
2023-03-28 04:00:00+00:00,5.19e-06,1679961600000.0
2023-03-28 08:00:00+00:00,7.741e-05,1679990400000.0
2023-03-28 12:00:00+00:00,7.741e-05,1679990400000.0
2023-03-28 16:00:00+00:00,0.0001,1680019200000.0
2023-03-28 20:00:00+00:00,0.0001,1680019200000.0
2023-03-29 00:00:00+00:00,7.884e-05,1680048000000.0
2023-03-29 04:00:00+00:00,7.884e-05,1680048000000.0
2023-03-29 08:00:00+00:00,0.0001,1680076800000.0
2023-03-29 12:00:00+00:00,0.0001,1680076800000.0
2023-03-29 16:00:00+00:00,0.0001,1680105600000.0
2023-03-29 20:00:00+00:00,0.0001,1680105600000.0
2023-03-30 00:00:00+00:00,0.0001,1680134400000.0
2023-03-30 04:00:00+00:00,0.0001,1680134400000.0
2023-03-30 08:00:00+00:00,0.0001,1680163200000.0
2023-03-30 12:00:00+00:00,0.0001,1680163200000.0
2023-03-30 16:00:00+00:00,0.0001,1680192000000.0
2023-03-30 20:00:00+00:00,0.0001,1680192000000.0
2023-03-31 00:00:00+00:00,0.0001,1680220800000.0
2023-03-31 04:00:00+00:00,0.0001,1680220800000.0
2023-03-31 08:00:00+00:00,0.0001,1680249600000.0
2023-03-31 12:00:00+00:00,0.0001,1680249600000.0
2023-03-31 16:00:00+00:00,0.0001,1680278400000.0
2023-03-31 20:00:00+00:00,0.0001,1680278400000.0
2023-04-01 00:00:00+00:00,0.0001,1680307200000.0
2023-04-01 04:00:00+00:00,0.0001,1680307200000.0
2023-04-01 08:00:00+00:00,0.0001,1680336000000.0
2023-04-01 12:00:00+00:00,0.0001,1680336000000.0
2023-04-01 16:00:00+00:00,0.0001,1680364800000.0
2023-04-01 20:00:00+00:00,0.0001,1680364800000.0
2023-04-02 00:00:00+00:00,0.0001,1680393600000.0
2023-04-02 04:00:00+00:00,0.0001,1680393600000.0
2023-04-02 08:00:00+00:00,0.0001,1680422400000.0
2023-04-02 12:00:00+00:00,0.0001,1680422400000.0
2023-04-02 16:00:00+00:00,0.0001,1680451200000.0
2023-04-02 20:00:00+00:00,0.0001,1680451200000.0
2023-04-03 00:00:00+00:00,0.0001,1680480000000.0
2023-04-03 04:00:00+00:00,0.0001,1680480000000.0
2023-04-03 08:00:00+00:00,0.0001,1680508800000.0
2023-04-03 12:00:00+00:00,0.0001,1680508800000.0
2023-04-03 16:00:00+00:00,0.0001,1680537600000.0
2023-04-03 20:00:00+00:00,0.0001,1680537600000.0
2023-04-04 00:00:00+00:00,0.0001,1680566400000.0
2023-04-04 04:00:00+00:00,0.0001,1680566400000.0
2023-04-04 08:00:00+00:00,0.0001,1680595200000.0
2023-04-04 12:00:00+00:00,0.0001,1680595200000.0
2023-04-04 16:00:00+00:00,0.0001,1680624000000.0
2023-04-04 20:00:00+00:00,0.0001,1680624000000.0
2023-04-05 00:00:00+00:00,0.0001,1680652800000.0
2023-04-05 04:00:00+00:00,0.0001,1680652800000.0
2023-04-05 08:00:00+00:00,0.0001,1680681600000.0
2023-04-05 12:00:00+00:00,0.0001,1680681600000.0
2023-04-05 16:00:00+00:00,0.0001,1680710400000.0
2023-04-05 20:00:00+00:00,0.0001,1680710400000.0
2023-04-06 00:00:00+00:00,0.0001,1680739200000.0
2023-04-06 04:00:00+00:00,0.0001,1680739200000.0
2023-04-06 08:00:00+00:00,0.0001,1680768000000.0
2023-04-06 12:00:00+00:00,0.0001,1680768000000.0
2023-04-06 16:00:00+00:00,0.0001,1680796800000.0
2023-04-06 20:00:00+00:00,0.0001,1680796800000.0
2023-04-07 00:00:00+00:00,7.162e-05,1680825600000.0
2023-04-07 04:00:00+00:00,7.162e-05,1680825600000.0
2023-04-07 08:00:00+00:00,0.0001,1680854400000.0
2023-04-07 12:00:00+00:00,0.0001,1680854400000.0
2023-04-07 16:00:00+00:00,0.0001,1680883200000.0
2023-04-07 20:00:00+00:00,0.0001,1680883200000.0
2023-04-08 00:00:00+00:00,0.0001,1680912000000.0
2023-04-08 04:00:00+00:00,0.0001,1680912000000.0
2023-04-08 08:00:00+00:00,0.0001,1680940800000.0
2023-04-08 12:00:00+00:00,0.0001,1680940800000.0
2023-04-08 16:00:00+00:00,0.0001,1680969600000.0
2023-04-08 20:00:00+00:00,0.0001,1680969600000.0
2023-04-09 00:00:00+00:00,0.0001,1680998400000.0
2023-04-09 04:00:00+00:00,0.0001,1680998400000.0
2023-04-09 08:00:00+00:00,0.0001,1681027200000.0
2023-04-09 12:00:00+00:00,0.0001,1681027200000.0
2023-04-09 16:00:00+00:00,0.0001,1681056000000.0
2023-04-09 20:00:00+00:00,0.0001,1681056000000.0
2023-04-10 00:00:00+00:00,0.0001,1681084800000.0
2023-04-10 04:00:00+00:00,0.0001,1681084800000.0
2023-04-10 08:00:00+00:00,0.0001,1681113600000.0
2023-04-10 12:00:00+00:00,0.0001,1681113600000.0
2023-04-10 16:00:00+00:00,7.79e-05,1681142400000.0
2023-04-10 20:00:00+00:00,7.79e-05,1681142400000.0
2023-04-11 00:00:00+00:00,0.0001,1681171200000.0
2023-04-11 04:00:00+00:00,0.0001,1681171200000.0
2023-04-11 08:00:00+00:00,0.0001,1681200000000.0
2023-04-11 12:00:00+00:00,0.0001,1681200000000.0
2023-04-11 16:00:00+00:00,0.0001,1681228800000.0
2023-04-11 20:00:00+00:00,0.0001,1681228800000.0
2023-04-12 00:00:00+00:00,0.0001,1681257600000.0
2023-04-12 04:00:00+00:00,0.0001,1681257600000.0
2023-04-12 08:00:00+00:00,0.0001,1681286400000.0
2023-04-12 12:00:00+00:00,0.0001,1681286400000.0
2023-04-12 16:00:00+00:00,0.0001,1681315200000.0
2023-04-12 20:00:00+00:00,0.0001,1681315200000.0
2023-04-13 00:00:00+00:00,0.0001,1681344000000.0
2023-04-13 04:00:00+00:00,0.0001,1681344000000.0
2023-04-13 08:00:00+00:00,0.0001,1681372800000.0
2023-04-13 12:00:00+00:00,0.0001,1681372800000.0
2023-04-13 16:00:00+00:00,0.0001,1681401600000.0
2023-04-13 20:00:00+00:00,0.0001,1681401600000.0
2023-04-14 00:00:00+00:00,0.0001,1681430400000.0
2023-04-14 04:00:00+00:00,0.0001,1681430400000.0
2023-04-14 08:00:00+00:00,0.0001,1681459200000.0
2023-04-14 12:00:00+00:00,0.0001,1681459200000.0
2023-04-14 16:00:00+00:00,0.0001,1681488000000.0
2023-04-14 20:00:00+00:00,0.0001,1681488000000.0
2023-04-15 00:00:00+00:00,0.0001,1681516800000.0
2023-04-15 04:00:00+00:00,0.0001,1681516800000.0
2023-04-15 08:00:00+00:00,0.0001,1681545600000.0
2023-04-15 12:00:00+00:00,0.0001,1681545600000.0
2023-04-15 16:00:00+00:00,0.0001,1681574400000.0
2023-04-15 20:00:00+00:00,0.0001,1681574400000.0
2023-04-16 00:00:00+00:00,0.0001,1681603200000.0
2023-04-16 04:00:00+00:00,0.0001,1681603200000.0
2023-04-16 08:00:00+00:00,0.0001,1681632000000.0
2023-04-16 12:00:00+00:00,0.0001,1681632000000.0
2023-04-16 16:00:00+00:00,0.0001,1681660800000.0
2023-04-16 20:00:00+00:00,0.0001,1681660800000.0
2023-04-17 00:00:00+00:00,0.0001,1681689600000.0
2023-04-17 04:00:00+00:00,0.0001,1681689600000.0
2023-04-17 08:00:00+00:00,0.0001,1681718400000.0
2023-04-17 12:00:00+00:00,0.0001,1681718400000.0
2023-04-17 16:00:00+00:00,0.0001,1681747200000.0
2023-04-17 20:00:00+00:00,0.0001,1681747200000.0
2023-04-18 00:00:00+00:00,0.0001,1681776000000.0
2023-04-18 04:00:00+00:00,0.0001,1681776000000.0
2023-04-18 08:00:00+00:00,0.0001,1681804800000.0
2023-04-18 12:00:00+00:00,0.0001,1681804800000.0
2023-04-18 16:00:00+00:00,0.00025962,1681833600000.0
2023-04-18 20:00:00+00:00,0.00025962,1681833600000.0
2023-04-19 00:00:00+00:00,0.0001,1681862400000.0
2023-04-19 04:00:00+00:00,0.0001,1681862400000.0
2023-04-19 08:00:00+00:00,0.0001,1681891200000.0
2023-04-19 12:00:00+00:00,0.0001,1681891200000.0
2023-04-19 16:00:00+00:00,0.0001,1681920000000.0
2023-04-19 20:00:00+00:00,0.0001,1681920000000.0
2023-04-20 00:00:00+00:00,0.0001,1681948800000.0
2023-04-20 04:00:00+00:00,0.0001,1681948800000.0
2023-04-20 08:00:00+00:00,0.0001,1681977600000.0
2023-04-20 12:00:00+00:00,0.0001,1681977600000.0
2023-04-20 16:00:00+00:00,0.0001,1682006400000.0
2023-04-20 20:00:00+00:00,0.0001,1682006400000.0
2023-04-21 00:00:00+00:00,0.0001,1682035200000.0
2023-04-21 04:00:00+00:00,0.0001,1682035200000.0
2023-04-21 08:00:00+00:00,0.0001,1682064000000.0
2023-04-21 12:00:00+00:00,0.0001,1682064000000.0
2023-04-21 16:00:00+00:00,0.0001,1682092800000.0
2023-04-21 20:00:00+00:00,0.0001,1682092800000.0
2023-04-22 00:00:00+00:00,0.0001,1682121600000.0
2023-04-22 04:00:00+00:00,0.0001,1682121600000.0
2023-04-22 08:00:00+00:00,9.454e-05,1682150400000.0
2023-04-22 12:00:00+00:00,9.454e-05,1682150400000.0
2023-04-22 16:00:00+00:00,0.0001,1682179200000.0
2023-04-22 20:00:00+00:00,0.0001,1682179200000.0
2023-04-23 00:00:00+00:00,0.0001,1682208000000.0
2023-04-23 04:00:00+00:00,0.0001,1682208000000.0
2023-04-23 08:00:00+00:00,0.0001,1682236800000.0
2023-04-23 12:00:00+00:00,0.0001,1682236800000.0
2023-04-23 16:00:00+00:00,0.0001,1682265600000.0
2023-04-23 20:00:00+00:00,0.0001,1682265600000.0
2023-04-24 00:00:00+00:00,0.0001,1682294400000.0
2023-04-24 04:00:00+00:00,0.0001,1682294400000.0
2023-04-24 08:00:00+00:00,0.0001,1682323200000.0
2023-04-24 12:00:00+00:00,0.0001,1682323200000.0
2023-04-24 16:00:00+00:00,0.0001,1682352000000.0
2023-04-24 20:00:00+00:00,0.0001,1682352000000.0
2023-04-25 00:00:00+00:00,0.0001,1682380800000.0
2023-04-25 04:00:00+00:00,0.0001,1682380800000.0
2023-04-25 08:00:00+00:00,3.627e-05,1682409600000.0
2023-04-25 12:00:00+00:00,3.627e-05,1682409600000.0
2023-04-25 16:00:00+00:00,0.0001,1682438400000.0
2023-04-25 20:00:00+00:00,0.0001,1682438400000.0
2023-04-26 00:00:00+00:00,0.0001,1682467200000.0
2023-04-26 04:00:00+00:00,0.0001,1682467200000.0
2023-04-26 08:00:00+00:00,1.684e-05,1682496000000.0
2023-04-26 12:00:00+00:00,1.684e-05,1682496000000.0
2023-04-26 16:00:00+00:00,0.0001,1682524800000.0
2023-04-26 20:00:00+00:00,0.0001,1682524800000.0
2023-04-27 00:00:00+00:00,6.609e-05,1682553600000.0
2023-04-27 04:00:00+00:00,6.609e-05,1682553600000.0
2023-04-27 08:00:00+00:00,9.139e-05,1682582400000.0
2023-04-27 12:00:00+00:00,9.139e-05,1682582400000.0
2023-04-27 16:00:00+00:00,0.0001,1682611200000.0
2023-04-27 20:00:00+00:00,0.0001,1682611200000.0
2023-04-28 00:00:00+00:00,0.0001,1682640000000.0
2023-04-28 04:00:00+00:00,0.0001,1682640000000.0
2023-04-28 08:00:00+00:00,0.0001,1682668800000.0
2023-04-28 12:00:00+00:00,0.0001,1682668800000.0
2023-04-28 16:00:00+00:00,0.0001,1682697600000.0
2023-04-28 20:00:00+00:00,0.0001,1682697600000.0
2023-04-29 00:00:00+00:00,0.0001,1682726400000.0
2023-04-29 04:00:00+00:00,0.0001,1682726400000.0
2023-04-29 08:00:00+00:00,0.0001,1682755200000.0
2023-04-29 12:00:00+00:00,0.0001,1682755200000.0
2023-04-29 16:00:00+00:00,0.0001,1682784000000.0
2023-04-29 20:00:00+00:00,0.0001,1682784000000.0
2023-04-30 00:00:00+00:00,0.0001,1682812800000.0
2023-04-30 04:00:00+00:00,0.0001,1682812800000.0
2023-04-30 08:00:00+00:00,0.0001,1682841600000.0
2023-04-30 12:00:00+00:00,0.0001,1682841600000.0
2023-04-30 16:00:00+00:00,0.0001,1682870400000.0
2023-04-30 20:00:00+00:00,0.0001,1682870400000.0
2023-05-01 00:00:00+00:00,0.0001,1682899200000.0
2023-05-01 04:00:00+00:00,0.0001,1682899200000.0
2023-05-01 08:00:00+00:00,0.0001,1682928000000.0
2023-05-01 12:00:00+00:00,0.0001,1682928000000.0
2023-05-01 16:00:00+00:00,0.0001,1682956800000.0
2023-05-01 20:00:00+00:00,0.0001,1682956800000.0
2023-05-02 00:00:00+00:00,0.0001,1682985600000.0
2023-05-02 04:00:00+00:00,0.0001,1682985600000.0
2023-05-02 08:00:00+00:00,0.0001,1683014400000.0
2023-05-02 12:00:00+00:00,0.0001,1683014400000.0
2023-05-02 16:00:00+00:00,0.0001,1683043200000.0
2023-05-02 20:00:00+00:00,0.0001,1683043200000.0
2023-05-03 00:00:00+00:00,0.0001,1683072000000.0
2023-05-03 04:00:00+00:00,0.0001,1683072000000.0
2023-05-03 08:00:00+00:00,0.0001,1683100800000.0
2023-05-03 12:00:00+00:00,0.0001,1683100800000.0
2023-05-03 16:00:00+00:00,0.0001,1683129600000.0
2023-05-03 20:00:00+00:00,0.0001,1683129600000.0
2023-05-04 00:00:00+00:00,9.242e-05,1683158400000.0
2023-05-04 04:00:00+00:00,9.242e-05,1683158400000.0
2023-05-04 08:00:00+00:00,0.0001,1683187200000.0
2023-05-04 12:00:00+00:00,0.0001,1683187200000.0
2023-05-04 16:00:00+00:00,0.0001,1683216000000.0
2023-05-04 20:00:00+00:00,0.0001,1683216000000.0
2023-05-05 00:00:00+00:00,0.0001,1683244800000.0
2023-05-05 04:00:00+00:00,0.0001,1683244800000.0
2023-05-05 08:00:00+00:00,9.758e-05,1683273600000.0
2023-05-05 12:00:00+00:00,9.758e-05,1683273600000.0
2023-05-05 16:00:00+00:00,0.0001,1683302400000.0
2023-05-05 20:00:00+00:00,0.0001,1683302400000.0
2023-05-06 00:00:00+00:00,0.0001,1683331200000.0
2023-05-06 04:00:00+00:00,0.0001,1683331200000.0
2023-05-06 08:00:00+00:00,0.0001,1683360000000.0
2023-05-06 12:00:00+00:00,0.0001,1683360000000.0
2023-05-06 16:00:00+00:00,1.78e-05,1683388800000.0
2023-05-06 20:00:00+00:00,1.78e-05,1683388800000.0
2023-05-07 00:00:00+00:00,-2.25e-06,1683417600000.0
2023-05-07 04:00:00+00:00,-2.25e-06,1683417600000.0
2023-05-07 08:00:00+00:00,-1.397e-05,1683446400000.0
2023-05-07 12:00:00+00:00,-1.397e-05,1683446400000.0
2023-05-07 16:00:00+00:00,0.0001,1683475200000.0
2023-05-07 20:00:00+00:00,0.0001,1683475200000.0
2023-05-08 00:00:00+00:00,0.0001,1683504000000.0
2023-05-08 04:00:00+00:00,0.0001,1683504000000.0
2023-05-08 08:00:00+00:00,-1.52e-06,1683532800000.0
2023-05-08 12:00:00+00:00,-1.52e-06,1683532800000.0
2023-05-08 16:00:00+00:00,7.753e-05,1683561600000.0
2023-05-08 20:00:00+00:00,7.753e-05,1683561600000.0
2023-05-09 00:00:00+00:00,-3.848e-05,1683590400000.0
2023-05-09 04:00:00+00:00,-3.848e-05,1683590400000.0
2023-05-09 08:00:00+00:00,6.145e-05,1683619200000.0
2023-05-09 12:00:00+00:00,6.145e-05,1683619200000.0
2023-05-09 16:00:00+00:00,-1.17e-06,1683648000000.0
2023-05-09 20:00:00+00:00,-1.17e-06,1683648000000.0
2023-05-10 00:00:00+00:00,5.636e-05,1683676800000.0
2023-05-10 04:00:00+00:00,5.636e-05,1683676800000.0
2023-05-10 08:00:00+00:00,2.841e-05,1683705600000.0
2023-05-10 12:00:00+00:00,2.841e-05,1683705600000.0
2023-05-10 16:00:00+00:00,-5.609e-05,1683734400000.0
2023-05-10 20:00:00+00:00,-5.609e-05,1683734400000.0
2023-05-11 00:00:00+00:00,-1.765e-05,1683763200000.0
2023-05-11 04:00:00+00:00,-1.765e-05,1683763200000.0
2023-05-11 08:00:00+00:00,0.0001,1683792000000.0
2023-05-11 12:00:00+00:00,0.0001,1683792000000.0
2023-05-11 16:00:00+00:00,1.79e-05,1683820800000.0
2023-05-11 20:00:00+00:00,1.79e-05,1683820800000.0
2023-05-12 00:00:00+00:00,-5.5e-05,1683849600000.0
2023-05-12 04:00:00+00:00,-5.5e-05,1683849600000.0
2023-05-12 08:00:00+00:00,-1.062e-05,1683878400000.0
2023-05-12 12:00:00+00:00,-1.062e-05,1683878400000.0
2023-05-12 16:00:00+00:00,0.0001,1683907200000.0
2023-05-12 20:00:00+00:00,0.0001,1683907200000.0
2023-05-13 00:00:00+00:00,2.047e-05,1683936000000.0
2023-05-13 04:00:00+00:00,2.047e-05,1683936000000.0
2023-05-13 08:00:00+00:00,0.0001,1683964800000.0
2023-05-13 12:00:00+00:00,0.0001,1683964800000.0
2023-05-13 16:00:00+00:00,8.544e-05,1683993600000.0
2023-05-13 20:00:00+00:00,8.544e-05,1683993600000.0
2023-05-14 00:00:00+00:00,0.0001,1684022400000.0
2023-05-14 04:00:00+00:00,0.0001,1684022400000.0
2023-05-14 08:00:00+00:00,2.516e-05,1684051200000.0
2023-05-14 12:00:00+00:00,2.516e-05,1684051200000.0
2023-05-14 16:00:00+00:00,0.0001,1684080000000.0
2023-05-14 20:00:00+00:00,0.0001,1684080000000.0
2023-05-15 00:00:00+00:00,0.0001,1684108800000.0
2023-05-15 04:00:00+00:00,0.0001,1684108800000.0
2023-05-15 08:00:00+00:00,4.446e-05,1684137600000.0
2023-05-15 12:00:00+00:00,4.446e-05,1684137600000.0
2023-05-15 16:00:00+00:00,0.0001,1684166400000.0
2023-05-15 20:00:00+00:00,0.0001,1684166400000.0
2023-05-16 00:00:00+00:00,1.656e-05,1684195200000.0
2023-05-16 04:00:00+00:00,1.656e-05,1684195200000.0
2023-05-16 08:00:00+00:00,8.06e-06,1684224000000.0
2023-05-16 12:00:00+00:00,8.06e-06,1684224000000.0
2023-05-16 16:00:00+00:00,0.0001,1684252800000.0
2023-05-16 20:00:00+00:00,0.0001,1684252800000.0
2023-05-17 00:00:00+00:00,6.97e-05,1684281600000.0
2023-05-17 04:00:00+00:00,6.97e-05,1684281600000.0
2023-05-17 08:00:00+00:00,0.0001,1684310400000.0
2023-05-17 12:00:00+00:00,0.0001,1684310400000.0
2023-05-17 16:00:00+00:00,6.206e-05,1684339200000.0
2023-05-17 20:00:00+00:00,6.206e-05,1684339200000.0
2023-05-18 00:00:00+00:00,7.249e-05,1684368000000.0
2023-05-18 04:00:00+00:00,7.249e-05,1684368000000.0
2023-05-18 08:00:00+00:00,0.0001,1684396800000.0
2023-05-18 12:00:00+00:00,0.0001,1684396800000.0
2023-05-18 16:00:00+00:00,9.667e-05,1684425600000.0
2023-05-18 20:00:00+00:00,9.667e-05,1684425600000.0
2023-05-19 00:00:00+00:00,0.0001,1684454400000.0
2023-05-19 04:00:00+00:00,0.0001,1684454400000.0
2023-05-19 08:00:00+00:00,0.0001,1684483200000.0
2023-05-19 12:00:00+00:00,0.0001,1684483200000.0
2023-05-19 16:00:00+00:00,-9.64e-06,1684512000000.0
2023-05-19 20:00:00+00:00,-9.64e-06,1684512000000.0
2023-05-20 00:00:00+00:00,5.73e-06,1684540800000.0
2023-05-20 04:00:00+00:00,5.73e-06,1684540800000.0
2023-05-20 08:00:00+00:00,-2.691e-05,1684569600000.0
2023-05-20 12:00:00+00:00,-2.691e-05,1684569600000.0
2023-05-20 16:00:00+00:00,7.85e-06,1684598400000.0
2023-05-20 20:00:00+00:00,7.85e-06,1684598400000.0
2023-05-21 00:00:00+00:00,2.263e-05,1684627200000.0
2023-05-21 04:00:00+00:00,2.263e-05,1684627200000.0
2023-05-21 08:00:00+00:00,2.91e-06,1684656000000.0
2023-05-21 12:00:00+00:00,2.91e-06,1684656000000.0
2023-05-21 16:00:00+00:00,8.76e-06,1684684800000.0
2023-05-21 20:00:00+00:00,8.76e-06,1684684800000.0
2023-05-22 00:00:00+00:00,-1.8e-05,1684713600000.0
2023-05-22 04:00:00+00:00,-1.8e-05,1684713600000.0
2023-05-22 08:00:00+00:00,2.489e-05,1684742400000.0
2023-05-22 12:00:00+00:00,2.489e-05,1684742400000.0
2023-05-22 16:00:00+00:00,0.0001,1684771200000.0
2023-05-22 20:00:00+00:00,0.0001,1684771200000.0
2023-05-23 00:00:00+00:00,0.0001,1684800000000.0
2023-05-23 04:00:00+00:00,0.0001,1684800000000.0
2023-05-23 08:00:00+00:00,0.0001,1684828800000.0
2023-05-23 12:00:00+00:00,0.0001,1684828800000.0
2023-05-23 16:00:00+00:00,0.0001,1684857600000.0
2023-05-23 20:00:00+00:00,0.0001,1684857600000.0
2023-05-24 00:00:00+00:00,0.0001,1684886400000.0
2023-05-24 04:00:00+00:00,0.0001,1684886400000.0
2023-05-24 08:00:00+00:00,0.0001,1684915200000.0
2023-05-24 12:00:00+00:00,0.0001,1684915200000.0
2023-05-24 16:00:00+00:00,0.0001,1684944000000.0
2023-05-24 20:00:00+00:00,0.0001,1684944000000.0
2023-05-25 00:00:00+00:00,0.0001,1684972800000.0
2023-05-25 04:00:00+00:00,0.0001,1684972800000.0
2023-05-25 08:00:00+00:00,0.0001,1685001600000.0
2023-05-25 12:00:00+00:00,0.0001,1685001600000.0
2023-05-25 16:00:00+00:00,3.799e-05,1685030400000.0
2023-05-25 20:00:00+00:00,3.799e-05,1685030400000.0
2023-05-26 00:00:00+00:00,2.282e-05,1685059200000.0
2023-05-26 04:00:00+00:00,2.282e-05,1685059200000.0
2023-05-26 08:00:00+00:00,0.0001,1685088000000.0
2023-05-26 12:00:00+00:00,0.0001,1685088000000.0
2023-05-26 16:00:00+00:00,0.0001,1685116800000.0
2023-05-26 20:00:00+00:00,0.0001,1685116800000.0
2023-05-27 00:00:00+00:00,0.0001,1685145600000.0
2023-05-27 04:00:00+00:00,0.0001,1685145600000.0
2023-05-27 08:00:00+00:00,0.0001,1685174400000.0
2023-05-27 12:00:00+00:00,0.0001,1685174400000.0
2023-05-27 16:00:00+00:00,0.0001,1685203200000.0
2023-05-27 20:00:00+00:00,0.0001,1685203200000.0
2023-05-28 00:00:00+00:00,0.0001,1685232000000.0
2023-05-28 04:00:00+00:00,0.0001,1685232000000.0
2023-05-28 08:00:00+00:00,0.0001,1685260800000.0
2023-05-28 12:00:00+00:00,0.0001,1685260800000.0
2023-05-28 16:00:00+00:00,0.0001,1685289600000.0
2023-05-28 20:00:00+00:00,0.0001,1685289600000.0
2023-05-29 00:00:00+00:00,9.28e-05,1685318400000.0
2023-05-29 04:00:00+00:00,9.28e-05,1685318400000.0
2023-05-29 08:00:00+00:00,0.0001,1685347200000.0
2023-05-29 12:00:00+00:00,0.0001,1685347200000.0
2023-05-29 16:00:00+00:00,0.0001,1685376000000.0
2023-05-29 20:00:00+00:00,0.0001,1685376000000.0
2023-05-30 00:00:00+00:00,0.0001,1685404800000.0
2023-05-30 04:00:00+00:00,0.0001,1685404800000.0
2023-05-30 08:00:00+00:00,0.0001,1685433600000.0
2023-05-30 12:00:00+00:00,0.0001,1685433600000.0
2023-05-30 16:00:00+00:00,0.0001,1685462400000.0
2023-05-30 20:00:00+00:00,0.0001,1685462400000.0
2023-05-31 00:00:00+00:00,0.0001,1685491200000.0
2023-05-31 04:00:00+00:00,0.0001,1685491200000.0
2023-05-31 08:00:00+00:00,0.0001,1685520000000.0
2023-05-31 12:00:00+00:00,0.0001,1685520000000.0
2023-05-31 16:00:00+00:00,0.0001,1685548800000.0
2023-05-31 20:00:00+00:00,0.0001,1685548800000.0
2023-06-01 00:00:00+00:00,0.0001,1685577600000.0
2023-06-01 04:00:00+00:00,0.0001,1685577600000.0
2023-06-01 08:00:00+00:00,0.0001,1685606400000.0
2023-06-01 12:00:00+00:00,0.0001,1685606400000.0
2023-06-01 16:00:00+00:00,0.0001,1685635200000.0
2023-06-01 20:00:00+00:00,0.0001,1685635200000.0
2023-06-02 00:00:00+00:00,-9.43e-06,1685664000000.0
2023-06-02 04:00:00+00:00,-9.43e-06,1685664000000.0
2023-06-02 08:00:00+00:00,0.0001,1685692800000.0
2023-06-02 12:00:00+00:00,0.0001,1685692800000.0
2023-06-02 16:00:00+00:00,0.0001,1685721600000.0
2023-06-02 20:00:00+00:00,0.0001,1685721600000.0
2023-06-03 00:00:00+00:00,0.0001,1685750400000.0
2023-06-03 04:00:00+00:00,0.0001,1685750400000.0
2023-06-03 08:00:00+00:00,0.0001,1685779200000.0
2023-06-03 12:00:00+00:00,0.0001,1685779200000.0
2023-06-03 16:00:00+00:00,0.0001,1685808000000.0
2023-06-03 20:00:00+00:00,0.0001,1685808000000.0
2023-06-04 00:00:00+00:00,0.0001,1685836800000.0
2023-06-04 04:00:00+00:00,0.0001,1685836800000.0
2023-06-04 08:00:00+00:00,0.0001,1685865600000.0
2023-06-04 12:00:00+00:00,0.0001,1685865600000.0
2023-06-04 16:00:00+00:00,0.0001,1685894400000.0
2023-06-04 20:00:00+00:00,0.0001,1685894400000.0
2023-06-05 00:00:00+00:00,0.0001,1685923200000.0
2023-06-05 04:00:00+00:00,0.0001,1685923200000.0
2023-06-05 08:00:00+00:00,0.0001,1685952000000.0
2023-06-05 12:00:00+00:00,0.0001,1685952000000.0
2023-06-05 16:00:00+00:00,0.0001,1685980800000.0
2023-06-05 20:00:00+00:00,0.0001,1685980800000.0
2023-06-06 00:00:00+00:00,5.154e-05,1686009600000.0
2023-06-06 04:00:00+00:00,5.154e-05,1686009600000.0
2023-06-06 08:00:00+00:00,7.094e-05,1686038400000.0
2023-06-06 12:00:00+00:00,7.094e-05,1686038400000.0
2023-06-06 16:00:00+00:00,3.626e-05,1686067200000.0
2023-06-06 20:00:00+00:00,3.626e-05,1686067200000.0
2023-06-07 00:00:00+00:00,0.0001,1686096000000.0
2023-06-07 04:00:00+00:00,0.0001,1686096000000.0
2023-06-07 08:00:00+00:00,0.0001,1686124800000.0
2023-06-07 12:00:00+00:00,0.0001,1686124800000.0
2023-06-07 16:00:00+00:00,0.0001,1686153600000.0
2023-06-07 20:00:00+00:00,0.0001,1686153600000.0
2023-06-08 00:00:00+00:00,0.0001,1686182400000.0
2023-06-08 04:00:00+00:00,0.0001,1686182400000.0
2023-06-08 08:00:00+00:00,0.0001,1686211200000.0
2023-06-08 12:00:00+00:00,0.0001,1686211200000.0
2023-06-08 16:00:00+00:00,0.0001,1686240000000.0
2023-06-08 20:00:00+00:00,0.0001,1686240000000.0
2023-06-09 00:00:00+00:00,0.0001,1686268800000.0
2023-06-09 04:00:00+00:00,0.0001,1686268800000.0
2023-06-09 08:00:00+00:00,0.0001,1686297600000.0
2023-06-09 12:00:00+00:00,0.0001,1686297600000.0
2023-06-09 16:00:00+00:00,0.0001,1686326400000.0
2023-06-09 20:00:00+00:00,0.0001,1686326400000.0
2023-06-10 00:00:00+00:00,0.0001,1686355200000.0
2023-06-10 04:00:00+00:00,0.0001,1686355200000.0
2023-06-10 08:00:00+00:00,-0.00065135,1686384000000.0
2023-06-10 12:00:00+00:00,-0.00065135,1686384000000.0
2023-06-10 16:00:00+00:00,-0.00078734,1686412800000.0
2023-06-10 20:00:00+00:00,-0.00078734,1686412800000.0
2023-06-11 00:00:00+00:00,-0.00055134,1686441600000.0
2023-06-11 04:00:00+00:00,-0.00055134,1686441600000.0
2023-06-11 08:00:00+00:00,-0.00014388,1686470400000.0
2023-06-11 12:00:00+00:00,-0.00014388,1686470400000.0
2023-06-11 16:00:00+00:00,-0.00048459,1686499200000.0
2023-06-11 20:00:00+00:00,-0.00048459,1686499200000.0
2023-06-12 00:00:00+00:00,-0.00035068,1686528000000.0
2023-06-12 04:00:00+00:00,-0.00035068,1686528000000.0
2023-06-12 08:00:00+00:00,-0.00014221,1686556800000.0
2023-06-12 12:00:00+00:00,-0.00014221,1686556800000.0
2023-06-12 16:00:00+00:00,2.173e-05,1686585600000.0
2023-06-12 20:00:00+00:00,2.173e-05,1686585600000.0
2023-06-13 00:00:00+00:00,0.0001,1686614400000.0
2023-06-13 04:00:00+00:00,0.0001,1686614400000.0
2023-06-13 08:00:00+00:00,-9.348e-05,1686643200000.0
2023-06-13 12:00:00+00:00,-9.348e-05,1686643200000.0
2023-06-13 16:00:00+00:00,5.249e-05,1686672000000.0
2023-06-13 20:00:00+00:00,5.249e-05,1686672000000.0
2023-06-14 00:00:00+00:00,2.507e-05,1686700800000.0
2023-06-14 04:00:00+00:00,2.507e-05,1686700800000.0
2023-06-14 08:00:00+00:00,-8.093e-05,1686729600000.0
2023-06-14 12:00:00+00:00,-8.093e-05,1686729600000.0
2023-06-14 16:00:00+00:00,9.442e-05,1686758400000.0
2023-06-14 20:00:00+00:00,9.442e-05,1686758400000.0
2023-06-15 00:00:00+00:00,4.111e-05,1686787200000.0
2023-06-15 04:00:00+00:00,4.111e-05,1686787200000.0
2023-06-15 08:00:00+00:00,0.0001,1686816000000.0
2023-06-15 12:00:00+00:00,0.0001,1686816000000.0
2023-06-15 16:00:00+00:00,9.001e-05,1686844800000.0
2023-06-15 20:00:00+00:00,9.001e-05,1686844800000.0
2023-06-16 00:00:00+00:00,-0.00011458,1686873600000.0
2023-06-16 04:00:00+00:00,-0.00011458,1686873600000.0
2023-06-16 08:00:00+00:00,-7.107e-05,1686902400000.0
2023-06-16 12:00:00+00:00,-7.107e-05,1686902400000.0
2023-06-16 16:00:00+00:00,-4.198e-05,1686931200000.0
2023-06-16 20:00:00+00:00,-4.198e-05,1686931200000.0
2023-06-17 00:00:00+00:00,-7.829e-05,1686960000000.0
2023-06-17 04:00:00+00:00,-7.829e-05,1686960000000.0
2023-06-17 08:00:00+00:00,3.626e-05,1686988800000.0
2023-06-17 12:00:00+00:00,3.626e-05,1686988800000.0
2023-06-17 16:00:00+00:00,0.0001,1687017600000.0
2023-06-17 20:00:00+00:00,0.0001,1687017600000.0
2023-06-18 00:00:00+00:00,9.572e-05,1687046400000.0
2023-06-18 04:00:00+00:00,9.572e-05,1687046400000.0
2023-06-18 08:00:00+00:00,-1.81e-05,1687075200000.0
2023-06-18 12:00:00+00:00,-1.81e-05,1687075200000.0
2023-06-18 16:00:00+00:00,7.641e-05,1687104000000.0
2023-06-18 20:00:00+00:00,7.641e-05,1687104000000.0
2023-06-19 00:00:00+00:00,0.0001,1687132800000.0
2023-06-19 04:00:00+00:00,0.0001,1687132800000.0
2023-06-19 08:00:00+00:00,-4.077e-05,1687161600000.0
2023-06-19 12:00:00+00:00,-4.077e-05,1687161600000.0
2023-06-19 16:00:00+00:00,-0.00014207,1687190400000.0
2023-06-19 20:00:00+00:00,-0.00014207,1687190400000.0
2023-06-20 00:00:00+00:00,-7.533e-05,1687219200000.0
2023-06-20 04:00:00+00:00,-7.533e-05,1687219200000.0
2023-06-20 08:00:00+00:00,-3.74e-05,1687248000000.0
2023-06-20 12:00:00+00:00,-3.74e-05,1687248000000.0
2023-06-20 16:00:00+00:00,-9.25e-05,1687276800000.0
2023-06-20 20:00:00+00:00,-9.25e-05,1687276800000.0
2023-06-21 00:00:00+00:00,8.479e-05,1687305600000.0
2023-06-21 04:00:00+00:00,8.479e-05,1687305600000.0
2023-06-21 08:00:00+00:00,9.63e-06,1687334400000.0
2023-06-21 12:00:00+00:00,9.63e-06,1687334400000.0
2023-06-21 16:00:00+00:00,2.331e-05,1687363200000.0
2023-06-21 20:00:00+00:00,2.331e-05,1687363200000.0
2023-06-22 00:00:00+00:00,-2.172e-05,1687392000000.0
2023-06-22 04:00:00+00:00,-2.172e-05,1687392000000.0
2023-06-22 08:00:00+00:00,5.685e-05,1687420800000.0
2023-06-22 12:00:00+00:00,5.685e-05,1687420800000.0
2023-06-22 16:00:00+00:00,8.159e-05,1687449600000.0
2023-06-22 20:00:00+00:00,8.159e-05,1687449600000.0
2023-06-23 00:00:00+00:00,6.07e-06,1687478400000.0
2023-06-23 04:00:00+00:00,6.07e-06,1687478400000.0
2023-06-23 08:00:00+00:00,0.0001,1687507200000.0
2023-06-23 12:00:00+00:00,0.0001,1687507200000.0
2023-06-23 16:00:00+00:00,-0.00011605,1687536000000.0
2023-06-23 20:00:00+00:00,-0.00011605,1687536000000.0
2023-06-24 00:00:00+00:00,-0.0002501,1687564800000.0
2023-06-24 04:00:00+00:00,-0.0002501,1687564800000.0
2023-06-24 08:00:00+00:00,-0.00020768,1687593600000.0
2023-06-24 12:00:00+00:00,-0.00020768,1687593600000.0
2023-06-24 16:00:00+00:00,-0.00030801,1687622400000.0
2023-06-24 20:00:00+00:00,-0.00030801,1687622400000.0
2023-06-25 00:00:00+00:00,-0.00020906,1687651200000.0
2023-06-25 04:00:00+00:00,-0.00020906,1687651200000.0
2023-06-25 08:00:00+00:00,-5.545e-05,1687680000000.0
2023-06-25 12:00:00+00:00,-5.545e-05,1687680000000.0
2023-06-25 16:00:00+00:00,2.236e-05,1687708800000.0
2023-06-25 20:00:00+00:00,2.236e-05,1687708800000.0
2023-06-26 00:00:00+00:00,-8.673e-05,1687737600000.0
2023-06-26 04:00:00+00:00,-8.673e-05,1687737600000.0
2023-06-26 08:00:00+00:00,-0.00022731,1687766400000.0
2023-06-26 12:00:00+00:00,-0.00022731,1687766400000.0
2023-06-26 16:00:00+00:00,-4.861e-05,1687795200000.0
2023-06-26 20:00:00+00:00,-4.861e-05,1687795200000.0
2023-06-27 00:00:00+00:00,-0.00014173,1687824000000.0
2023-06-27 04:00:00+00:00,-0.00014173,1687824000000.0
2023-06-27 08:00:00+00:00,-0.00020132,1687852800000.0
2023-06-27 12:00:00+00:00,-0.00020132,1687852800000.0
2023-06-27 16:00:00+00:00,-0.00016261,1687881600000.0
2023-06-27 20:00:00+00:00,-0.00016261,1687881600000.0
2023-06-28 00:00:00+00:00,0.0001,1687910400000.0
2023-06-28 04:00:00+00:00,0.0001,1687910400000.0
2023-06-28 08:00:00+00:00,0.0001,1687939200000.0
2023-06-28 12:00:00+00:00,0.0001,1687939200000.0
2023-06-28 16:00:00+00:00,2.379e-05,1687968000000.0
2023-06-28 20:00:00+00:00,2.379e-05,1687968000000.0
2023-06-29 00:00:00+00:00,7.803e-05,1687996800000.0
2023-06-29 04:00:00+00:00,7.803e-05,1687996800000.0
2023-06-29 08:00:00+00:00,7.072e-05,1688025600000.0
2023-06-29 12:00:00+00:00,7.072e-05,1688025600000.0
2023-06-29 16:00:00+00:00,-7e-08,1688054400000.0
2023-06-29 20:00:00+00:00,-7e-08,1688054400000.0
2023-06-30 00:00:00+00:00,5.598e-05,1688083200000.0
2023-06-30 04:00:00+00:00,5.598e-05,1688083200000.0
2023-06-30 08:00:00+00:00,0.0001,1688112000000.0
2023-06-30 12:00:00+00:00,0.0001,1688112000000.0
2023-06-30 16:00:00+00:00,3.639e-05,1688140800000.0
2023-06-30 20:00:00+00:00,3.639e-05,1688140800000.0
2023-07-01 00:00:00+00:00,-8.43e-06,1688169600000.0
2023-07-01 04:00:00+00:00,-8.43e-06,1688169600000.0
2023-07-01 08:00:00+00:00,-4.973e-05,1688198400000.0
2023-07-01 12:00:00+00:00,-4.973e-05,1688198400000.0
2023-07-01 16:00:00+00:00,8.028e-05,1688227200000.0
2023-07-01 20:00:00+00:00,8.028e-05,1688227200000.0
2023-07-02 00:00:00+00:00,9.878e-05,1688256000000.0
2023-07-02 04:00:00+00:00,9.878e-05,1688256000000.0
2023-07-02 08:00:00+00:00,0.0001,1688284800000.0
2023-07-02 12:00:00+00:00,0.0001,1688284800000.0
2023-07-02 16:00:00+00:00,0.0001,1688313600000.0
2023-07-02 20:00:00+00:00,0.0001,1688313600000.0
2023-07-03 00:00:00+00:00,0.0001,1688342400000.0
2023-07-03 04:00:00+00:00,0.0001,1688342400000.0
2023-07-03 08:00:00+00:00,0.0001,1688371200000.0
2023-07-03 12:00:00+00:00,0.0001,1688371200000.0
2023-07-03 16:00:00+00:00,0.0001,1688400000000.0
2023-07-03 20:00:00+00:00,0.0001,1688400000000.0
2023-07-04 00:00:00+00:00,0.0001,1688428800000.0
2023-07-04 04:00:00+00:00,0.0001,1688428800000.0
2023-07-04 08:00:00+00:00,0.0001,1688457600000.0
2023-07-04 12:00:00+00:00,0.0001,1688457600000.0
2023-07-04 16:00:00+00:00,0.0001,1688486400000.0
2023-07-04 20:00:00+00:00,0.0001,1688486400000.0
2023-07-05 00:00:00+00:00,0.0001,1688515200000.0
2023-07-05 04:00:00+00:00,0.0001,1688515200000.0
2023-07-05 08:00:00+00:00,0.0001,1688544000000.0
2023-07-05 12:00:00+00:00,0.0001,1688544000000.0
2023-07-05 16:00:00+00:00,0.0001,1688572800000.0
2023-07-05 20:00:00+00:00,0.0001,1688572800000.0
2023-07-06 00:00:00+00:00,-1.193e-05,1688601600000.0
2023-07-06 04:00:00+00:00,-1.193e-05,1688601600000.0
2023-07-06 08:00:00+00:00,0.0001,1688630400000.0
2023-07-06 12:00:00+00:00,0.0001,1688630400000.0
2023-07-06 16:00:00+00:00,6.976e-05,1688659200000.0
2023-07-06 20:00:00+00:00,6.976e-05,1688659200000.0
2023-07-07 00:00:00+00:00,-1.129e-05,1688688000000.0
2023-07-07 04:00:00+00:00,-1.129e-05,1688688000000.0
2023-07-07 08:00:00+00:00,0.0001,1688716800000.0
2023-07-07 12:00:00+00:00,0.0001,1688716800000.0
2023-07-07 16:00:00+00:00,-9.188e-05,1688745600000.0
2023-07-07 20:00:00+00:00,-9.188e-05,1688745600000.0
2023-07-08 00:00:00+00:00,-2.387e-05,1688774400000.0
2023-07-08 04:00:00+00:00,-2.387e-05,1688774400000.0
2023-07-08 08:00:00+00:00,-0.00010107,1688803200000.0
2023-07-08 12:00:00+00:00,-0.00010107,1688803200000.0
2023-07-08 16:00:00+00:00,3.583e-05,1688832000000.0
2023-07-08 20:00:00+00:00,3.583e-05,1688832000000.0
2023-07-09 00:00:00+00:00,3.313e-05,1688860800000.0
2023-07-09 04:00:00+00:00,3.313e-05,1688860800000.0
2023-07-09 08:00:00+00:00,0.0001,1688889600000.0
2023-07-09 12:00:00+00:00,0.0001,1688889600000.0
2023-07-09 16:00:00+00:00,4.281e-05,1688918400000.0
2023-07-09 20:00:00+00:00,4.281e-05,1688918400000.0
2023-07-10 00:00:00+00:00,4.88e-06,1688947200000.0
2023-07-10 04:00:00+00:00,4.88e-06,1688947200000.0
2023-07-10 08:00:00+00:00,-0.00013065,1688976000000.0
2023-07-10 12:00:00+00:00,-0.00013065,1688976000000.0
2023-07-10 16:00:00+00:00,5.292e-05,1689004800000.0
2023-07-10 20:00:00+00:00,5.292e-05,1689004800000.0
2023-07-11 00:00:00+00:00,0.0001,1689033600000.0
2023-07-11 04:00:00+00:00,0.0001,1689033600000.0
2023-07-11 08:00:00+00:00,0.0001,1689062400000.0
2023-07-11 12:00:00+00:00,0.0001,1689062400000.0
2023-07-11 16:00:00+00:00,0.0001,1689091200000.0
2023-07-11 20:00:00+00:00,0.0001,1689091200000.0
2023-07-12 00:00:00+00:00,0.0001,1689120000000.0
2023-07-12 04:00:00+00:00,0.0001,1689120000000.0
2023-07-12 08:00:00+00:00,0.0001,1689148800000.0
2023-07-12 12:00:00+00:00,0.0001,1689148800000.0
2023-07-12 16:00:00+00:00,0.0001,1689177600000.0
2023-07-12 20:00:00+00:00,0.0001,1689177600000.0
2023-07-13 00:00:00+00:00,0.0001,1689206400000.0
2023-07-13 04:00:00+00:00,0.0001,1689206400000.0
2023-07-13 08:00:00+00:00,0.0001,1689235200000.0
2023-07-13 12:00:00+00:00,0.0001,1689235200000.0
2023-07-13 16:00:00+00:00,0.0001,1689264000000.0
2023-07-13 20:00:00+00:00,0.0001,1689264000000.0
2023-07-14 00:00:00+00:00,0.0001,1689292800000.0
2023-07-14 04:00:00+00:00,0.0001,1689292800000.0
2023-07-14 08:00:00+00:00,0.0001,1689321600000.0
2023-07-14 12:00:00+00:00,0.0001,1689321600000.0
2023-07-14 16:00:00+00:00,0.0001,1689350400000.0
2023-07-14 20:00:00+00:00,0.0001,1689350400000.0
2023-07-15 00:00:00+00:00,0.0001,1689379200000.0
2023-07-15 04:00:00+00:00,0.0001,1689379200000.0
2023-07-15 08:00:00+00:00,0.0001,1689408000000.0
2023-07-15 12:00:00+00:00,0.0001,1689408000000.0
2023-07-15 16:00:00+00:00,0.0001,1689436800000.0
2023-07-15 20:00:00+00:00,0.0001,1689436800000.0
2023-07-16 00:00:00+00:00,0.0001,1689465600000.0
2023-07-16 04:00:00+00:00,0.0001,1689465600000.0
2023-07-16 08:00:00+00:00,0.0001,1689494400000.0
2023-07-16 12:00:00+00:00,0.0001,1689494400000.0
2023-07-16 16:00:00+00:00,0.0001,1689523200000.0
2023-07-16 20:00:00+00:00,0.0001,1689523200000.0
2023-07-17 00:00:00+00:00,0.0001,1689552000000.0
2023-07-17 04:00:00+00:00,0.0001,1689552000000.0
2023-07-17 08:00:00+00:00,0.0001,1689580800000.0
2023-07-17 12:00:00+00:00,0.0001,1689580800000.0
2023-07-17 16:00:00+00:00,0.0001,1689609600000.0
2023-07-17 20:00:00+00:00,0.0001,1689609600000.0
2023-07-18 00:00:00+00:00,0.0001,1689638400000.0
2023-07-18 04:00:00+00:00,0.0001,1689638400000.0
2023-07-18 08:00:00+00:00,0.0001,1689667200000.0
2023-07-18 12:00:00+00:00,0.0001,1689667200000.0
2023-07-18 16:00:00+00:00,0.0001,1689696000000.0
2023-07-18 20:00:00+00:00,0.0001,1689696000000.0
2023-07-19 00:00:00+00:00,0.0001,1689724800000.0
2023-07-19 04:00:00+00:00,0.0001,1689724800000.0
2023-07-19 08:00:00+00:00,0.0001,1689753600000.0
2023-07-19 12:00:00+00:00,0.0001,1689753600000.0
2023-07-19 16:00:00+00:00,0.0001,1689782400000.0
2023-07-19 20:00:00+00:00,0.0001,1689782400000.0
2023-07-20 00:00:00+00:00,0.0001,1689811200000.0
2023-07-20 04:00:00+00:00,0.0001,1689811200000.0
2023-07-20 08:00:00+00:00,0.0001,1689840000000.0
2023-07-20 12:00:00+00:00,0.0001,1689840000000.0
2023-07-20 16:00:00+00:00,0.0001,1689868800000.0
2023-07-20 20:00:00+00:00,0.0001,1689868800000.0
2023-07-21 00:00:00+00:00,0.0001,1689897600000.0
2023-07-21 04:00:00+00:00,0.0001,1689897600000.0
2023-07-21 08:00:00+00:00,0.0001,1689926400000.0
2023-07-21 12:00:00+00:00,0.0001,1689926400000.0
2023-07-21 16:00:00+00:00,0.0001,1689955200000.0
2023-07-21 20:00:00+00:00,0.0001,1689955200000.0
2023-07-22 00:00:00+00:00,0.0001,1689984000000.0
2023-07-22 04:00:00+00:00,0.0001,1689984000000.0
2023-07-22 08:00:00+00:00,0.0001,1690012800000.0
2023-07-22 12:00:00+00:00,0.0001,1690012800000.0
2023-07-22 16:00:00+00:00,0.0001,1690041600000.0
2023-07-22 20:00:00+00:00,0.0001,1690041600000.0
2023-07-23 00:00:00+00:00,0.0001,1690070400000.0
2023-07-23 04:00:00+00:00,0.0001,1690070400000.0
2023-07-23 08:00:00+00:00,0.0001,1690099200000.0
2023-07-23 12:00:00+00:00,0.0001,1690099200000.0
2023-07-23 16:00:00+00:00,0.0001,1690128000000.0
2023-07-23 20:00:00+00:00,0.0001,1690128000000.0
2023-07-24 00:00:00+00:00,0.0001,1690156800000.0
2023-07-24 04:00:00+00:00,0.0001,1690156800000.0
2023-07-24 08:00:00+00:00,0.0001,1690185600000.0
2023-07-24 12:00:00+00:00,0.0001,1690185600000.0
2023-07-24 16:00:00+00:00,0.0001,1690214400000.0
2023-07-24 20:00:00+00:00,0.0001,1690214400000.0
2023-07-25 00:00:00+00:00,0.0001,1690243200000.0
2023-07-25 04:00:00+00:00,0.0001,1690243200000.0
2023-07-25 08:00:00+00:00,0.0001,1690272000000.0
2023-07-25 12:00:00+00:00,0.0001,1690272000000.0
2023-07-25 16:00:00+00:00,0.0001,1690300800000.0
2023-07-25 20:00:00+00:00,0.0001,1690300800000.0
2023-07-26 00:00:00+00:00,0.0001,1690329600000.0
2023-07-26 04:00:00+00:00,0.0001,1690329600000.0
2023-07-26 08:00:00+00:00,0.0001,1690358400000.0
2023-07-26 12:00:00+00:00,0.0001,1690358400000.0
2023-07-26 16:00:00+00:00,0.0001,1690387200000.0
2023-07-26 20:00:00+00:00,0.0001,1690387200000.0
2023-07-27 00:00:00+00:00,0.0001,1690416000000.0
2023-07-27 04:00:00+00:00,0.0001,1690416000000.0
2023-07-27 08:00:00+00:00,0.0001,1690444800000.0
2023-07-27 12:00:00+00:00,0.0001,1690444800000.0
2023-07-27 16:00:00+00:00,0.0001,1690473600000.0
2023-07-27 20:00:00+00:00,0.0001,1690473600000.0
2023-07-28 00:00:00+00:00,0.0001,1690502400000.0
2023-07-28 04:00:00+00:00,0.0001,1690502400000.0
2023-07-28 08:00:00+00:00,0.0001,1690531200000.0
2023-07-28 12:00:00+00:00,0.0001,1690531200000.0
2023-07-28 16:00:00+00:00,4.096e-05,1690560000000.0
2023-07-28 20:00:00+00:00,4.096e-05,1690560000000.0
2023-07-29 00:00:00+00:00,0.0001,1690588800000.0
2023-07-29 04:00:00+00:00,0.0001,1690588800000.0
2023-07-29 08:00:00+00:00,0.0001,1690617600000.0
2023-07-29 12:00:00+00:00,0.0001,1690617600000.0
2023-07-29 16:00:00+00:00,0.0001,1690646400000.0
2023-07-29 20:00:00+00:00,0.0001,1690646400000.0
2023-07-30 00:00:00+00:00,0.0001,1690675200000.0
2023-07-30 04:00:00+00:00,0.0001,1690675200000.0
2023-07-30 08:00:00+00:00,0.0001,1690704000000.0
2023-07-30 12:00:00+00:00,0.0001,1690704000000.0
2023-07-30 16:00:00+00:00,0.0001,1690732800000.0
2023-07-30 20:00:00+00:00,0.0001,1690732800000.0
2023-07-31 00:00:00+00:00,0.0001,1690761600000.0
2023-07-31 04:00:00+00:00,0.0001,1690761600000.0
2023-07-31 08:00:00+00:00,0.0001,1690790400000.0
2023-07-31 12:00:00+00:00,0.0001,1690790400000.0
2023-07-31 16:00:00+00:00,0.0001,1690819200000.0
2023-07-31 20:00:00+00:00,0.0001,1690819200000.0
2023-08-01 00:00:00+00:00,0.0001,1690848000000.0
2023-08-01 04:00:00+00:00,0.0001,1690848000000.0
2023-08-01 08:00:00+00:00,0.0001,1690876800000.0
2023-08-01 12:00:00+00:00,0.0001,1690876800000.0
2023-08-01 16:00:00+00:00,0.0001,1690905600000.0
2023-08-01 20:00:00+00:00,0.0001,1690905600000.0
2023-08-02 00:00:00+00:00,0.0001,1690934400000.0
2023-08-02 04:00:00+00:00,0.0001,1690934400000.0
2023-08-02 08:00:00+00:00,0.0001,1690963200000.0
2023-08-02 12:00:00+00:00,0.0001,1690963200000.0
2023-08-02 16:00:00+00:00,0.0001,1690992000000.0
2023-08-02 20:00:00+00:00,0.0001,1690992000000.0
2023-08-03 00:00:00+00:00,0.0001,1691020800000.0
2023-08-03 04:00:00+00:00,0.0001,1691020800000.0
2023-08-03 08:00:00+00:00,0.0001,1691049600000.0
2023-08-03 12:00:00+00:00,0.0001,1691049600000.0
2023-08-03 16:00:00+00:00,0.0001,1691078400000.0
2023-08-03 20:00:00+00:00,0.0001,1691078400000.0
2023-08-04 00:00:00+00:00,0.0001,1691107200000.0
2023-08-04 04:00:00+00:00,0.0001,1691107200000.0
2023-08-04 08:00:00+00:00,0.0001,1691136000000.0
2023-08-04 12:00:00+00:00,0.0001,1691136000000.0
2023-08-04 16:00:00+00:00,0.0001,1691164800000.0
2023-08-04 20:00:00+00:00,0.0001,1691164800000.0
2023-08-05 00:00:00+00:00,0.0001,1691193600000.0
2023-08-05 04:00:00+00:00,0.0001,1691193600000.0
2023-08-05 08:00:00+00:00,0.0001,1691222400000.0
2023-08-05 12:00:00+00:00,0.0001,1691222400000.0
2023-08-05 16:00:00+00:00,0.0001,1691251200000.0
2023-08-05 20:00:00+00:00,0.0001,1691251200000.0
2023-08-06 00:00:00+00:00,0.0001,1691280000000.0
2023-08-06 04:00:00+00:00,0.0001,1691280000000.0
2023-08-06 08:00:00+00:00,0.0001,1691308800000.0
2023-08-06 12:00:00+00:00,0.0001,1691308800000.0
2023-08-06 16:00:00+00:00,0.0001,1691337600000.0
2023-08-06 20:00:00+00:00,0.0001,1691337600000.0
2023-08-07 00:00:00+00:00,0.0001,1691366400000.0
2023-08-07 04:00:00+00:00,0.0001,1691366400000.0
2023-08-07 08:00:00+00:00,0.0001,1691395200000.0
2023-08-07 12:00:00+00:00,0.0001,1691395200000.0
2023-08-07 16:00:00+00:00,0.0001,1691424000000.0
2023-08-07 20:00:00+00:00,0.0001,1691424000000.0
2023-08-08 00:00:00+00:00,0.0001,1691452800000.0
2023-08-08 04:00:00+00:00,0.0001,1691452800000.0
2023-08-08 08:00:00+00:00,7.531e-05,1691481600000.0
2023-08-08 12:00:00+00:00,7.531e-05,1691481600000.0
2023-08-08 16:00:00+00:00,0.0001,1691510400000.0
2023-08-08 20:00:00+00:00,0.0001,1691510400000.0
2023-08-09 00:00:00+00:00,0.0001,1691539200000.0
2023-08-09 04:00:00+00:00,0.0001,1691539200000.0
2023-08-09 08:00:00+00:00,0.0001,1691568000000.0
2023-08-09 12:00:00+00:00,0.0001,1691568000000.0
2023-08-09 16:00:00+00:00,0.0001,1691596800000.0
2023-08-09 20:00:00+00:00,0.0001,1691596800000.0
2023-08-10 00:00:00+00:00,0.0001,1691625600000.0
2023-08-10 04:00:00+00:00,0.0001,1691625600000.0
2023-08-10 08:00:00+00:00,0.0001,1691654400000.0
2023-08-10 12:00:00+00:00,0.0001,1691654400000.0
2023-08-10 16:00:00+00:00,0.0001,1691683200000.0
2023-08-10 20:00:00+00:00,0.0001,1691683200000.0
2023-08-11 00:00:00+00:00,0.0001,1691712000000.0
2023-08-11 04:00:00+00:00,0.0001,1691712000000.0
2023-08-11 08:00:00+00:00,0.0001,1691740800000.0
2023-08-11 12:00:00+00:00,0.0001,1691740800000.0
2023-08-11 16:00:00+00:00,0.0001,1691769600000.0
2023-08-11 20:00:00+00:00,0.0001,1691769600000.0
2023-08-12 00:00:00+00:00,0.0001,1691798400000.0
2023-08-12 04:00:00+00:00,0.0001,1691798400000.0
2023-08-12 08:00:00+00:00,0.0001,1691827200000.0
2023-08-12 12:00:00+00:00,0.0001,1691827200000.0
2023-08-12 16:00:00+00:00,0.0001,1691856000000.0
2023-08-12 20:00:00+00:00,0.0001,1691856000000.0
2023-08-13 00:00:00+00:00,0.0001,1691884800000.0
2023-08-13 04:00:00+00:00,0.0001,1691884800000.0
2023-08-13 08:00:00+00:00,0.0001,1691913600000.0
2023-08-13 12:00:00+00:00,0.0001,1691913600000.0
2023-08-13 16:00:00+00:00,0.0001,1691942400000.0
2023-08-13 20:00:00+00:00,0.0001,1691942400000.0
2023-08-14 00:00:00+00:00,0.0001,1691971200000.0
2023-08-14 04:00:00+00:00,0.0001,1691971200000.0
2023-08-14 08:00:00+00:00,0.0001,1692000000000.0
2023-08-14 12:00:00+00:00,0.0001,1692000000000.0
2023-08-14 16:00:00+00:00,0.0001,1692028800000.0
2023-08-14 20:00:00+00:00,0.0001,1692028800000.0
2023-08-15 00:00:00+00:00,0.0001,1692057600000.0
2023-08-15 04:00:00+00:00,0.0001,1692057600000.0
2023-08-15 08:00:00+00:00,0.0001,1692086400000.0
2023-08-15 12:00:00+00:00,0.0001,1692086400000.0
2023-08-15 16:00:00+00:00,0.0001,1692115200000.0
2023-08-15 20:00:00+00:00,0.0001,1692115200000.0
2023-08-16 00:00:00+00:00,-7.126e-05,1692144000000.0
2023-08-16 04:00:00+00:00,-7.126e-05,1692144000000.0
2023-08-16 08:00:00+00:00,0.0001,1692172800000.0
2023-08-16 12:00:00+00:00,0.0001,1692172800000.0
2023-08-16 16:00:00+00:00,0.0001,1692201600000.0
2023-08-16 20:00:00+00:00,0.0001,1692201600000.0
2023-08-17 00:00:00+00:00,-0.00014447,1692230400000.0
2023-08-17 04:00:00+00:00,-0.00014447,1692230400000.0
2023-08-17 08:00:00+00:00,1.809e-05,1692259200000.0
2023-08-17 12:00:00+00:00,1.809e-05,1692259200000.0
2023-08-17 16:00:00+00:00,0.0001,1692288000000.0
2023-08-17 20:00:00+00:00,0.0001,1692288000000.0
2023-08-18 00:00:00+00:00,-0.00050108,1692316800000.0
2023-08-18 04:00:00+00:00,-0.00050108,1692316800000.0
2023-08-18 08:00:00+00:00,-0.00021814,1692345600000.0
2023-08-18 12:00:00+00:00,-0.00021814,1692345600000.0
2023-08-18 16:00:00+00:00,-4.386e-05,1692374400000.0
2023-08-18 20:00:00+00:00,-4.386e-05,1692374400000.0
2023-08-19 00:00:00+00:00,9.124e-05,1692403200000.0
2023-08-19 04:00:00+00:00,9.124e-05,1692403200000.0
2023-08-19 08:00:00+00:00,5.86e-06,1692432000000.0
2023-08-19 12:00:00+00:00,5.86e-06,1692432000000.0
2023-08-19 16:00:00+00:00,-6.97e-05,1692460800000.0
2023-08-19 20:00:00+00:00,-6.97e-05,1692460800000.0
2023-08-20 00:00:00+00:00,6.001e-05,1692489600000.0
2023-08-20 04:00:00+00:00,6.001e-05,1692489600000.0
2023-08-20 08:00:00+00:00,-2.588e-05,1692518400000.0
2023-08-20 12:00:00+00:00,-2.588e-05,1692518400000.0
2023-08-20 16:00:00+00:00,-6.05e-06,1692547200000.0
2023-08-20 20:00:00+00:00,-6.05e-06,1692547200000.0
2023-08-21 00:00:00+00:00,6.572e-05,1692576000000.0
2023-08-21 04:00:00+00:00,6.572e-05,1692576000000.0
2023-08-21 08:00:00+00:00,9.89e-05,1692604800000.0
2023-08-21 12:00:00+00:00,9.89e-05,1692604800000.0
2023-08-21 16:00:00+00:00,3.571e-05,1692633600000.0
2023-08-21 20:00:00+00:00,3.571e-05,1692633600000.0
2023-08-22 00:00:00+00:00,-2.078e-05,1692662400000.0
2023-08-22 04:00:00+00:00,-2.078e-05,1692662400000.0
2023-08-22 08:00:00+00:00,-0.00013591,1692691200000.0
2023-08-22 12:00:00+00:00,-0.00013591,1692691200000.0
2023-08-22 16:00:00+00:00,-0.0001135,1692720000000.0
2023-08-22 20:00:00+00:00,-0.0001135,1692720000000.0
2023-08-23 00:00:00+00:00,-4.077e-05,1692748800000.0
2023-08-23 04:00:00+00:00,-4.077e-05,1692748800000.0
2023-08-23 08:00:00+00:00,-0.00011985,1692777600000.0
2023-08-23 12:00:00+00:00,-0.00011985,1692777600000.0
2023-08-23 16:00:00+00:00,3.458e-05,1692806400000.0
2023-08-23 20:00:00+00:00,3.458e-05,1692806400000.0
2023-08-24 00:00:00+00:00,-8.68e-05,1692835200000.0
2023-08-24 04:00:00+00:00,-8.68e-05,1692835200000.0
2023-08-24 08:00:00+00:00,2.277e-05,1692864000000.0
2023-08-24 12:00:00+00:00,2.277e-05,1692864000000.0
2023-08-24 16:00:00+00:00,7.103e-05,1692892800000.0
2023-08-24 20:00:00+00:00,7.103e-05,1692892800000.0
2023-08-25 00:00:00+00:00,5.282e-05,1692921600000.0
2023-08-25 04:00:00+00:00,5.282e-05,1692921600000.0
2023-08-25 08:00:00+00:00,0.0001,1692950400000.0
2023-08-25 12:00:00+00:00,0.0001,1692950400000.0
2023-08-25 16:00:00+00:00,7.971e-05,1692979200000.0
2023-08-25 20:00:00+00:00,7.971e-05,1692979200000.0
2023-08-26 00:00:00+00:00,-1.819e-05,1693008000000.0
2023-08-26 04:00:00+00:00,-1.819e-05,1693008000000.0
2023-08-26 08:00:00+00:00,-3.967e-05,1693036800000.0
2023-08-26 12:00:00+00:00,-3.967e-05,1693036800000.0
2023-08-26 16:00:00+00:00,-2.801e-05,1693065600000.0
2023-08-26 20:00:00+00:00,-2.801e-05,1693065600000.0
2023-08-27 00:00:00+00:00,4.935e-05,1693094400000.0
2023-08-27 04:00:00+00:00,4.935e-05,1693094400000.0
2023-08-27 08:00:00+00:00,0.0001,1693123200000.0
2023-08-27 12:00:00+00:00,0.0001,1693123200000.0
2023-08-27 16:00:00+00:00,0.0001,1693152000000.0
2023-08-27 20:00:00+00:00,0.0001,1693152000000.0
2023-08-28 00:00:00+00:00,3.594e-05,1693180800000.0
2023-08-28 04:00:00+00:00,3.594e-05,1693180800000.0
2023-08-28 08:00:00+00:00,2.929e-05,1693209600000.0
2023-08-28 12:00:00+00:00,2.929e-05,1693209600000.0
2023-08-28 16:00:00+00:00,5.583e-05,1693238400000.0
2023-08-28 20:00:00+00:00,5.583e-05,1693238400000.0
2023-08-29 00:00:00+00:00,0.0001,1693267200000.0
2023-08-29 04:00:00+00:00,0.0001,1693267200000.0
2023-08-29 08:00:00+00:00,6.55e-05,1693296000000.0
2023-08-29 12:00:00+00:00,6.55e-05,1693296000000.0
2023-08-29 16:00:00+00:00,0.0001,1693324800000.0
2023-08-29 20:00:00+00:00,0.0001,1693324800000.0
2023-08-30 00:00:00+00:00,0.0001,1693353600000.0
2023-08-30 04:00:00+00:00,0.0001,1693353600000.0
2023-08-30 08:00:00+00:00,0.0001,1693382400000.0
2023-08-30 12:00:00+00:00,0.0001,1693382400000.0
2023-08-30 16:00:00+00:00,-5.05e-06,1693411200000.0
2023-08-30 20:00:00+00:00,-5.05e-06,1693411200000.0
2023-08-31 00:00:00+00:00,0.0001,1693440000000.0
2023-08-31 04:00:00+00:00,0.0001,1693440000000.0
2023-08-31 08:00:00+00:00,9.78e-06,1693468800000.0
2023-08-31 12:00:00+00:00,9.78e-06,1693468800000.0
2023-08-31 16:00:00+00:00,1.214e-05,1693497600000.0
2023-08-31 20:00:00+00:00,1.214e-05,1693497600000.0
2023-09-01 00:00:00+00:00,-0.00020268,1693526400000.0
2023-09-01 04:00:00+00:00,-0.00020268,1693526400000.0
2023-09-01 08:00:00+00:00,-0.00011384,1693555200000.0
2023-09-01 12:00:00+00:00,-0.00011384,1693555200000.0
2023-09-01 16:00:00+00:00,4.454e-05,1693584000000.0
2023-09-01 20:00:00+00:00,4.454e-05,1693584000000.0
2023-09-02 00:00:00+00:00,-9.01e-06,1693612800000.0
2023-09-02 04:00:00+00:00,-9.01e-06,1693612800000.0
2023-09-02 08:00:00+00:00,-0.0001243,1693641600000.0
2023-09-02 12:00:00+00:00,-0.0001243,1693641600000.0
2023-09-02 16:00:00+00:00,-3.255e-05,1693670400000.0
2023-09-02 20:00:00+00:00,-3.255e-05,1693670400000.0
2023-09-03 00:00:00+00:00,-7.101e-05,1693699200000.0
2023-09-03 04:00:00+00:00,-7.101e-05,1693699200000.0
2023-09-03 08:00:00+00:00,-0.0001777,1693728000000.0
2023-09-03 12:00:00+00:00,-0.0001777,1693728000000.0
2023-09-03 16:00:00+00:00,-0.00020001,1693756800000.0
2023-09-03 20:00:00+00:00,-0.00020001,1693756800000.0
2023-09-04 00:00:00+00:00,-8.25e-05,1693785600000.0
2023-09-04 04:00:00+00:00,-8.25e-05,1693785600000.0
2023-09-04 08:00:00+00:00,-1.955e-05,1693814400000.0
2023-09-04 12:00:00+00:00,-1.955e-05,1693814400000.0
2023-09-04 16:00:00+00:00,-1.865e-05,1693843200000.0
2023-09-04 20:00:00+00:00,-1.865e-05,1693843200000.0
2023-09-05 00:00:00+00:00,-6.78e-06,1693872000000.0
2023-09-05 04:00:00+00:00,-6.78e-06,1693872000000.0
2023-09-05 08:00:00+00:00,-7.312e-05,1693900800000.0
2023-09-05 12:00:00+00:00,-7.312e-05,1693900800000.0
2023-09-05 16:00:00+00:00,-2.221e-05,1693929600000.0
2023-09-05 20:00:00+00:00,-2.221e-05,1693929600000.0
2023-09-06 00:00:00+00:00,-5.1e-05,1693958400000.0
2023-09-06 04:00:00+00:00,-5.1e-05,1693958400000.0
2023-09-06 08:00:00+00:00,1.576e-05,1693987200000.0
2023-09-06 12:00:00+00:00,1.576e-05,1693987200000.0
2023-09-06 16:00:00+00:00,-1.574e-05,1694016000000.0
2023-09-06 20:00:00+00:00,-1.574e-05,1694016000000.0
2023-09-07 00:00:00+00:00,0.0001,1694044800000.0
2023-09-07 04:00:00+00:00,0.0001,1694044800000.0
2023-09-07 08:00:00+00:00,0.0001,1694073600000.0
2023-09-07 12:00:00+00:00,0.0001,1694073600000.0
2023-09-07 16:00:00+00:00,0.0001,1694102400000.0
2023-09-07 20:00:00+00:00,0.0001,1694102400000.0
2023-09-08 00:00:00+00:00,2.096e-05,1694131200000.0
2023-09-08 04:00:00+00:00,2.096e-05,1694131200000.0
2023-09-08 08:00:00+00:00,9.521e-05,1694160000000.0
2023-09-08 12:00:00+00:00,9.521e-05,1694160000000.0
2023-09-08 16:00:00+00:00,0.0001,1694188800000.0
2023-09-08 20:00:00+00:00,0.0001,1694188800000.0
2023-09-09 00:00:00+00:00,-5.94e-06,1694217600000.0
2023-09-09 04:00:00+00:00,-5.94e-06,1694217600000.0
2023-09-09 08:00:00+00:00,0.0001,1694246400000.0
2023-09-09 12:00:00+00:00,0.0001,1694246400000.0
2023-09-09 16:00:00+00:00,0.0001,1694275200000.0
2023-09-09 20:00:00+00:00,0.0001,1694275200000.0
2023-09-10 00:00:00+00:00,-5.896e-05,1694304000000.0
2023-09-10 04:00:00+00:00,-5.896e-05,1694304000000.0
2023-09-10 08:00:00+00:00,-0.00015544,1694332800000.0
2023-09-10 12:00:00+00:00,-0.00015544,1694332800000.0
2023-09-10 16:00:00+00:00,-6.16e-05,1694361600000.0
2023-09-10 20:00:00+00:00,-6.16e-05,1694361600000.0
2023-09-11 00:00:00+00:00,1.73e-06,1694390400000.0
2023-09-11 04:00:00+00:00,1.73e-06,1694390400000.0
2023-09-11 08:00:00+00:00,-0.00010269,1694419200000.0
2023-09-11 12:00:00+00:00,-0.00010269,1694419200000.0
2023-09-11 16:00:00+00:00,1.92e-06,1694448000000.0
2023-09-11 20:00:00+00:00,1.92e-06,1694448000000.0
2023-09-12 00:00:00+00:00,-7.337e-05,1694476800000.0
2023-09-12 04:00:00+00:00,-7.337e-05,1694476800000.0
2023-09-12 08:00:00+00:00,-2.34e-06,1694505600000.0
2023-09-12 12:00:00+00:00,-2.34e-06,1694505600000.0
2023-09-12 16:00:00+00:00,-2.006e-05,1694534400000.0
2023-09-12 20:00:00+00:00,-2.006e-05,1694534400000.0
2023-09-13 00:00:00+00:00,8.192e-05,1694563200000.0
2023-09-13 04:00:00+00:00,8.192e-05,1694563200000.0
2023-09-13 08:00:00+00:00,-7.92e-06,1694592000000.0
2023-09-13 12:00:00+00:00,-7.92e-06,1694592000000.0
2023-09-13 16:00:00+00:00,5.888e-05,1694620800000.0
2023-09-13 20:00:00+00:00,5.888e-05,1694620800000.0
2023-09-14 00:00:00+00:00,7.093e-05,1694649600000.0
2023-09-14 04:00:00+00:00,7.093e-05,1694649600000.0
2023-09-14 08:00:00+00:00,3.504e-05,1694678400000.0
2023-09-14 12:00:00+00:00,3.504e-05,1694678400000.0
2023-09-14 16:00:00+00:00,7.2e-07,1694707200000.0
2023-09-14 20:00:00+00:00,7.2e-07,1694707200000.0
2023-09-15 00:00:00+00:00,2.627e-05,1694736000000.0
2023-09-15 04:00:00+00:00,2.627e-05,1694736000000.0
2023-09-15 08:00:00+00:00,-2.297e-05,1694764800000.0
2023-09-15 12:00:00+00:00,-2.297e-05,1694764800000.0
2023-09-15 16:00:00+00:00,0.0001,1694793600000.0
2023-09-15 20:00:00+00:00,0.0001,1694793600000.0
2023-09-16 00:00:00+00:00,0.0001,1694822400000.0
2023-09-16 04:00:00+00:00,0.0001,1694822400000.0
2023-09-16 08:00:00+00:00,9.452e-05,1694851200000.0
2023-09-16 12:00:00+00:00,9.452e-05,1694851200000.0
2023-09-16 16:00:00+00:00,7.014e-05,1694880000000.0
2023-09-16 20:00:00+00:00,7.014e-05,1694880000000.0
2023-09-17 00:00:00+00:00,6.066e-05,1694908800000.0
2023-09-17 04:00:00+00:00,6.066e-05,1694908800000.0
2023-09-17 08:00:00+00:00,-2.2e-05,1694937600000.0
2023-09-17 12:00:00+00:00,-2.2e-05,1694937600000.0
2023-09-17 16:00:00+00:00,-5.586e-05,1694966400000.0
2023-09-17 20:00:00+00:00,-5.586e-05,1694966400000.0
2023-09-18 00:00:00+00:00,-5.821e-05,1694995200000.0
2023-09-18 04:00:00+00:00,-5.821e-05,1694995200000.0
2023-09-18 08:00:00+00:00,2.764e-05,1695024000000.0
2023-09-18 12:00:00+00:00,2.764e-05,1695024000000.0
2023-09-18 16:00:00+00:00,0.0001,1695052800000.0
2023-09-18 20:00:00+00:00,0.0001,1695052800000.0
2023-09-19 00:00:00+00:00,0.0001,1695081600000.0
2023-09-19 04:00:00+00:00,0.0001,1695081600000.0
2023-09-19 08:00:00+00:00,8.739e-05,1695110400000.0
2023-09-19 12:00:00+00:00,8.739e-05,1695110400000.0
2023-09-19 16:00:00+00:00,8.818e-05,1695139200000.0
2023-09-19 20:00:00+00:00,8.818e-05,1695139200000.0
2023-09-20 00:00:00+00:00,0.0001,1695168000000.0
2023-09-20 04:00:00+00:00,0.0001,1695168000000.0
2023-09-20 08:00:00+00:00,0.0001,1695196800000.0
2023-09-20 12:00:00+00:00,0.0001,1695196800000.0
2023-09-20 16:00:00+00:00,4.344e-05,1695225600000.0
2023-09-20 20:00:00+00:00,4.344e-05,1695225600000.0
2023-09-21 00:00:00+00:00,6.658e-05,1695254400000.0
2023-09-21 04:00:00+00:00,6.658e-05,1695254400000.0
2023-09-21 08:00:00+00:00,1.394e-05,1695283200000.0
2023-09-21 12:00:00+00:00,1.394e-05,1695283200000.0
2023-09-21 16:00:00+00:00,0.0001,1695312000000.0
2023-09-21 20:00:00+00:00,0.0001,1695312000000.0
2023-09-22 00:00:00+00:00,0.0001,1695340800000.0
2023-09-22 04:00:00+00:00,0.0001,1695340800000.0
2023-09-22 08:00:00+00:00,0.0001,1695369600000.0
2023-09-22 12:00:00+00:00,0.0001,1695369600000.0
2023-09-22 16:00:00+00:00,0.0001,1695398400000.0
2023-09-22 20:00:00+00:00,0.0001,1695398400000.0
2023-09-23 00:00:00+00:00,0.0001,1695427200000.0
2023-09-23 04:00:00+00:00,0.0001,1695427200000.0
2023-09-23 08:00:00+00:00,0.0001,1695456000000.0
2023-09-23 12:00:00+00:00,0.0001,1695456000000.0
2023-09-23 16:00:00+00:00,0.0001,1695484800000.0
2023-09-23 20:00:00+00:00,0.0001,1695484800000.0
2023-09-24 00:00:00+00:00,0.0001,1695513600000.0
2023-09-24 04:00:00+00:00,0.0001,1695513600000.0
2023-09-24 08:00:00+00:00,0.0001,1695542400000.0
2023-09-24 12:00:00+00:00,0.0001,1695542400000.0
2023-09-24 16:00:00+00:00,0.0001,1695571200000.0
2023-09-24 20:00:00+00:00,0.0001,1695571200000.0
2023-09-25 00:00:00+00:00,0.0001,1695600000000.0
2023-09-25 04:00:00+00:00,0.0001,1695600000000.0
2023-09-25 08:00:00+00:00,0.0001,1695628800000.0
2023-09-25 12:00:00+00:00,0.0001,1695628800000.0
2023-09-25 16:00:00+00:00,0.0001,1695657600000.0
2023-09-25 20:00:00+00:00,0.0001,1695657600000.0
2023-09-26 00:00:00+00:00,7.851e-05,1695686400000.0
2023-09-26 04:00:00+00:00,7.851e-05,1695686400000.0
2023-09-26 08:00:00+00:00,7.07e-06,1695715200000.0
2023-09-26 12:00:00+00:00,7.07e-06,1695715200000.0
2023-09-26 16:00:00+00:00,-7.055e-05,1695744000000.0
2023-09-26 20:00:00+00:00,-7.055e-05,1695744000000.0
2023-09-27 00:00:00+00:00,0.0001,1695772800000.0
2023-09-27 04:00:00+00:00,0.0001,1695772800000.0
2023-09-27 08:00:00+00:00,5.939e-05,1695801600000.0
2023-09-27 12:00:00+00:00,5.939e-05,1695801600000.0
2023-09-27 16:00:00+00:00,7.382e-05,1695830400000.0
2023-09-27 20:00:00+00:00,7.382e-05,1695830400000.0
2023-09-28 00:00:00+00:00,-9.45e-05,1695859200000.0
2023-09-28 04:00:00+00:00,-9.45e-05,1695859200000.0
2023-09-28 08:00:00+00:00,1.981e-05,1695888000000.0
2023-09-28 12:00:00+00:00,1.981e-05,1695888000000.0
2023-09-28 16:00:00+00:00,4.538e-05,1695916800000.0
2023-09-28 20:00:00+00:00,4.538e-05,1695916800000.0
2023-09-29 00:00:00+00:00,0.0001,1695945600000.0
2023-09-29 04:00:00+00:00,0.0001,1695945600000.0
2023-09-29 08:00:00+00:00,5.81e-06,1695974400000.0
2023-09-29 12:00:00+00:00,5.81e-06,1695974400000.0
2023-09-29 16:00:00+00:00,-1.816e-05,1696003200000.0
2023-09-29 20:00:00+00:00,-1.816e-05,1696003200000.0
2023-09-30 00:00:00+00:00,0.0001,1696032000000.0
2023-09-30 04:00:00+00:00,0.0001,1696032000000.0
2023-09-30 08:00:00+00:00,3.935e-05,1696060800000.0
2023-09-30 12:00:00+00:00,3.935e-05,1696060800000.0
2023-09-30 16:00:00+00:00,6.267e-05,1696089600000.0
2023-09-30 20:00:00+00:00,6.267e-05,1696089600000.0
2023-10-01 00:00:00+00:00,7.83e-06,1696118400000.0
2023-10-01 04:00:00+00:00,7.83e-06,1696118400000.0
2023-10-01 08:00:00+00:00,2.482e-05,1696147200000.0
2023-10-01 12:00:00+00:00,2.482e-05,1696147200000.0
2023-10-01 16:00:00+00:00,8.742e-05,1696176000000.0
2023-10-01 20:00:00+00:00,8.742e-05,1696176000000.0
2023-10-02 00:00:00+00:00,0.0001,1696204800000.0
2023-10-02 04:00:00+00:00,0.0001,1696204800000.0
2023-10-02 08:00:00+00:00,0.0001,1696233600000.0
2023-10-02 12:00:00+00:00,0.0001,1696233600000.0
2023-10-02 16:00:00+00:00,-7.957e-05,1696262400000.0
2023-10-02 20:00:00+00:00,-7.957e-05,1696262400000.0
2023-10-03 00:00:00+00:00,0.0001,1696291200000.0
2023-10-03 04:00:00+00:00,0.0001,1696291200000.0
2023-10-03 08:00:00+00:00,0.0001,1696320000000.0
2023-10-03 12:00:00+00:00,0.0001,1696320000000.0
2023-10-03 16:00:00+00:00,0.0001,1696348800000.0
2023-10-03 20:00:00+00:00,0.0001,1696348800000.0
2023-10-04 00:00:00+00:00,0.0001,1696377600000.0
2023-10-04 04:00:00+00:00,0.0001,1696377600000.0
2023-10-04 08:00:00+00:00,0.0001,1696406400000.0
2023-10-04 12:00:00+00:00,0.0001,1696406400000.0
2023-10-04 16:00:00+00:00,-2.617e-05,1696435200000.0
2023-10-04 20:00:00+00:00,-2.617e-05,1696435200000.0
2023-10-05 00:00:00+00:00,3.922e-05,1696464000000.0
2023-10-05 04:00:00+00:00,3.922e-05,1696464000000.0
2023-10-05 08:00:00+00:00,0.0001,1696492800000.0
2023-10-05 12:00:00+00:00,0.0001,1696492800000.0
2023-10-05 16:00:00+00:00,2.727e-05,1696521600000.0
2023-10-05 20:00:00+00:00,2.727e-05,1696521600000.0
2023-10-06 00:00:00+00:00,-1.147e-05,1696550400000.0
2023-10-06 04:00:00+00:00,-1.147e-05,1696550400000.0
2023-10-06 08:00:00+00:00,3.487e-05,1696579200000.0
2023-10-06 12:00:00+00:00,3.487e-05,1696579200000.0
2023-10-06 16:00:00+00:00,7.82e-06,1696608000000.0
2023-10-06 20:00:00+00:00,7.82e-06,1696608000000.0
2023-10-07 00:00:00+00:00,-1.11e-05,1696636800000.0
2023-10-07 04:00:00+00:00,-1.11e-05,1696636800000.0
2023-10-07 08:00:00+00:00,0.0001,1696665600000.0
2023-10-07 12:00:00+00:00,0.0001,1696665600000.0
2023-10-07 16:00:00+00:00,0.0001,1696694400000.0
2023-10-07 20:00:00+00:00,0.0001,1696694400000.0
2023-10-08 00:00:00+00:00,0.0001,1696723200000.0
2023-10-08 04:00:00+00:00,0.0001,1696723200000.0
2023-10-08 08:00:00+00:00,0.0001,1696752000000.0
2023-10-08 12:00:00+00:00,0.0001,1696752000000.0
2023-10-08 16:00:00+00:00,0.0001,1696780800000.0
2023-10-08 20:00:00+00:00,0.0001,1696780800000.0
2023-10-09 00:00:00+00:00,6.163e-05,1696809600000.0
2023-10-09 04:00:00+00:00,6.163e-05,1696809600000.0
2023-10-09 08:00:00+00:00,0.0001,1696838400000.0
2023-10-09 12:00:00+00:00,0.0001,1696838400000.0
2023-10-09 16:00:00+00:00,5.624e-05,1696867200000.0
2023-10-09 20:00:00+00:00,5.624e-05,1696867200000.0
2023-10-10 00:00:00+00:00,8.38e-06,1696896000000.0
2023-10-10 04:00:00+00:00,8.38e-06,1696896000000.0
2023-10-10 08:00:00+00:00,8.166e-05,1696924800000.0
2023-10-10 12:00:00+00:00,8.166e-05,1696924800000.0
2023-10-10 16:00:00+00:00,5.618e-05,1696953600000.0
2023-10-10 20:00:00+00:00,5.618e-05,1696953600000.0
2023-10-11 00:00:00+00:00,0.0001,1696982400000.0
2023-10-11 04:00:00+00:00,0.0001,1696982400000.0
2023-10-11 08:00:00+00:00,0.0001,1697011200000.0
2023-10-11 12:00:00+00:00,0.0001,1697011200000.0
2023-10-11 16:00:00+00:00,3.913e-05,1697040000000.0
2023-10-11 20:00:00+00:00,3.913e-05,1697040000000.0
2023-10-12 00:00:00+00:00,8.746e-05,1697068800000.0
2023-10-12 04:00:00+00:00,8.746e-05,1697068800000.0
2023-10-12 08:00:00+00:00,6.351e-05,1697097600000.0
2023-10-12 12:00:00+00:00,6.351e-05,1697097600000.0
2023-10-12 16:00:00+00:00,1.215e-05,1697126400000.0
2023-10-12 20:00:00+00:00,1.215e-05,1697126400000.0
2023-10-13 00:00:00+00:00,3.993e-05,1697155200000.0
2023-10-13 04:00:00+00:00,3.993e-05,1697155200000.0
2023-10-13 08:00:00+00:00,-1.08e-06,1697184000000.0
2023-10-13 12:00:00+00:00,-1.08e-06,1697184000000.0
2023-10-13 16:00:00+00:00,6.45e-05,1697212800000.0
2023-10-13 20:00:00+00:00,6.45e-05,1697212800000.0
2023-10-14 00:00:00+00:00,-0.00027983,1697241600000.0
2023-10-14 04:00:00+00:00,-0.00027983,1697241600000.0
2023-10-14 08:00:00+00:00,-9.233e-05,1697270400000.0
2023-10-14 12:00:00+00:00,-9.233e-05,1697270400000.0
2023-10-14 16:00:00+00:00,-8.36e-06,1697299200000.0
2023-10-14 20:00:00+00:00,-8.36e-06,1697299200000.0
2023-10-15 00:00:00+00:00,-4.735e-05,1697328000000.0
2023-10-15 04:00:00+00:00,-4.735e-05,1697328000000.0
2023-10-15 08:00:00+00:00,0.0001,1697356800000.0
2023-10-15 12:00:00+00:00,0.0001,1697356800000.0
2023-10-15 16:00:00+00:00,0.0001,1697385600000.0
2023-10-15 20:00:00+00:00,0.0001,1697385600000.0
2023-10-16 00:00:00+00:00,2.362e-05,1697414400000.0
2023-10-16 04:00:00+00:00,2.362e-05,1697414400000.0
2023-10-16 08:00:00+00:00,8.65e-05,1697443200000.0
2023-10-16 12:00:00+00:00,8.65e-05,1697443200000.0
2023-10-16 16:00:00+00:00,5.976e-05,1697472000000.0
2023-10-16 20:00:00+00:00,5.976e-05,1697472000000.0
2023-10-17 00:00:00+00:00,0.0001,1697500800000.0
2023-10-17 04:00:00+00:00,0.0001,1697500800000.0
2023-10-17 08:00:00+00:00,4.181e-05,1697529600000.0
2023-10-17 12:00:00+00:00,4.181e-05,1697529600000.0
2023-10-17 16:00:00+00:00,9.062e-05,1697558400000.0
2023-10-17 20:00:00+00:00,9.062e-05,1697558400000.0
2023-10-18 00:00:00+00:00,0.0001,1697587200000.0
2023-10-18 04:00:00+00:00,0.0001,1697587200000.0
2023-10-18 08:00:00+00:00,4.477e-05,1697616000000.0
2023-10-18 12:00:00+00:00,4.477e-05,1697616000000.0
2023-10-18 16:00:00+00:00,8.96e-06,1697644800000.0
2023-10-18 20:00:00+00:00,8.96e-06,1697644800000.0
2023-10-19 00:00:00+00:00,-0.00011948,1697673600000.0
2023-10-19 04:00:00+00:00,-0.00011948,1697673600000.0
2023-10-19 08:00:00+00:00,-0.00021729,1697702400000.0
2023-10-19 12:00:00+00:00,-0.00021729,1697702400000.0
2023-10-19 16:00:00+00:00,-2.925e-05,1697731200000.0
2023-10-19 20:00:00+00:00,-2.925e-05,1697731200000.0
2023-10-20 00:00:00+00:00,0.0001,1697760000000.0
2023-10-20 04:00:00+00:00,0.0001,1697760000000.0
2023-10-20 08:00:00+00:00,0.0001,1697788800000.0
2023-10-20 12:00:00+00:00,0.0001,1697788800000.0
2023-10-20 16:00:00+00:00,0.0001,1697817600000.0
2023-10-20 20:00:00+00:00,0.0001,1697817600000.0
2023-10-21 00:00:00+00:00,-1.233e-05,1697846400000.0
2023-10-21 04:00:00+00:00,-1.233e-05,1697846400000.0
2023-10-21 08:00:00+00:00,2.783e-05,1697875200000.0
2023-10-21 12:00:00+00:00,2.783e-05,1697875200000.0
2023-10-21 16:00:00+00:00,0.0001,1697904000000.0
2023-10-21 20:00:00+00:00,0.0001,1697904000000.0
2023-10-22 00:00:00+00:00,0.0001,1697932800000.0
2023-10-22 04:00:00+00:00,0.0001,1697932800000.0
2023-10-22 08:00:00+00:00,0.0001,1697961600000.0
2023-10-22 12:00:00+00:00,0.0001,1697961600000.0
2023-10-22 16:00:00+00:00,0.0001,1697990400000.0
2023-10-22 20:00:00+00:00,0.0001,1697990400000.0
2023-10-23 00:00:00+00:00,0.0001,1698019200000.0
2023-10-23 04:00:00+00:00,0.0001,1698019200000.0
2023-10-23 08:00:00+00:00,0.0001,1698048000000.0
2023-10-23 12:00:00+00:00,0.0001,1698048000000.0
2023-10-23 16:00:00+00:00,0.0001,1698076800000.0
2023-10-23 20:00:00+00:00,0.0001,1698076800000.0
2023-10-24 00:00:00+00:00,0.0001,1698105600000.0
2023-10-24 04:00:00+00:00,0.0001,1698105600000.0
2023-10-24 08:00:00+00:00,0.0001,1698134400000.0
2023-10-24 12:00:00+00:00,0.0001,1698134400000.0
2023-10-24 16:00:00+00:00,0.0001,1698163200000.0
2023-10-24 20:00:00+00:00,0.0001,1698163200000.0
2023-10-25 00:00:00+00:00,0.0001,1698192000000.0
2023-10-25 04:00:00+00:00,0.0001,1698192000000.0
2023-10-25 08:00:00+00:00,0.0001,1698220800000.0
2023-10-25 12:00:00+00:00,0.0001,1698220800000.0
2023-10-25 16:00:00+00:00,0.0001,1698249600000.0
2023-10-25 20:00:00+00:00,0.0001,1698249600000.0
2023-10-26 00:00:00+00:00,0.0001,1698278400000.0
2023-10-26 04:00:00+00:00,0.0001,1698278400000.0
2023-10-26 08:00:00+00:00,0.0001,1698307200000.0
2023-10-26 12:00:00+00:00,0.0001,1698307200000.0
2023-10-26 16:00:00+00:00,0.0001,1698336000000.0
2023-10-26 20:00:00+00:00,0.0001,1698336000000.0
2023-10-27 00:00:00+00:00,0.0001,1698364800000.0
2023-10-27 04:00:00+00:00,0.0001,1698364800000.0
2023-10-27 08:00:00+00:00,0.0001,1698393600000.0
2023-10-27 12:00:00+00:00,0.0001,1698393600000.0
2023-10-27 16:00:00+00:00,0.0001,1698422400000.0
2023-10-27 20:00:00+00:00,0.0001,1698422400000.0
2023-10-28 00:00:00+00:00,0.0001,1698451200000.0
2023-10-28 04:00:00+00:00,0.0001,1698451200000.0
2023-10-28 08:00:00+00:00,0.0001,1698480000000.0
2023-10-28 12:00:00+00:00,0.0001,1698480000000.0
2023-10-28 16:00:00+00:00,0.0001,1698508800000.0
2023-10-28 20:00:00+00:00,0.0001,1698508800000.0
2023-10-29 00:00:00+00:00,0.0001,1698537600000.0
2023-10-29 04:00:00+00:00,0.0001,1698537600000.0
2023-10-29 08:00:00+00:00,0.0001,1698566400000.0
2023-10-29 12:00:00+00:00,0.0001,1698566400000.0
2023-10-29 16:00:00+00:00,0.0001,1698595200000.0
2023-10-29 20:00:00+00:00,0.0001,1698595200000.0
2023-10-30 00:00:00+00:00,0.0001,1698624000000.0
2023-10-30 04:00:00+00:00,0.0001,1698624000000.0
2023-10-30 08:00:00+00:00,0.0001,1698652800000.0
2023-10-30 12:00:00+00:00,0.0001,1698652800000.0
2023-10-30 16:00:00+00:00,0.0001,1698681600000.0
2023-10-30 20:00:00+00:00,0.0001,1698681600000.0
2023-10-31 00:00:00+00:00,0.0001,1698710400000.0
2023-10-31 04:00:00+00:00,0.0001,1698710400000.0
2023-10-31 08:00:00+00:00,0.0001,1698739200000.0
2023-10-31 12:00:00+00:00,0.0001,1698739200000.0
2023-10-31 16:00:00+00:00,0.0001,1698768000000.0
2023-10-31 20:00:00+00:00,0.0001,1698768000000.0
2023-11-01 00:00:00+00:00,0.0001,1698796800000.0
2023-11-01 04:00:00+00:00,0.0001,1698796800000.0
2023-11-01 08:00:00+00:00,0.0001,1698825600000.0
2023-11-01 12:00:00+00:00,0.0001,1698825600000.0
2023-11-01 16:00:00+00:00,0.0001,1698854400000.0
2023-11-01 20:00:00+00:00,0.0001,1698854400000.0
2023-11-02 00:00:00+00:00,0.00021698,1698883200000.0
2023-11-02 04:00:00+00:00,0.00021698,1698883200000.0
2023-11-02 08:00:00+00:00,0.00038122,1698912000000.0
2023-11-02 12:00:00+00:00,0.00038122,1698912000000.0
2023-11-02 16:00:00+00:00,0.0001,1698940800000.0
2023-11-02 20:00:00+00:00,0.0001,1698940800000.0
2023-11-03 00:00:00+00:00,0.0001,1698969600000.0
2023-11-03 04:00:00+00:00,0.0001,1698969600000.0
2023-11-03 08:00:00+00:00,0.0001,1698998400000.0
2023-11-03 12:00:00+00:00,0.0001,1698998400000.0
2023-11-03 16:00:00+00:00,0.0001,1699027200000.0
2023-11-03 20:00:00+00:00,0.0001,1699027200000.0
2023-11-04 00:00:00+00:00,0.0001,1699056000000.0
2023-11-04 04:00:00+00:00,0.0001,1699056000000.0
2023-11-04 08:00:00+00:00,0.0001,1699084800000.0
2023-11-04 12:00:00+00:00,0.0001,1699084800000.0
2023-11-04 16:00:00+00:00,0.0001,1699113600000.0
2023-11-04 20:00:00+00:00,0.0001,1699113600000.0
2023-11-05 00:00:00+00:00,0.0001,1699142400000.0
2023-11-05 04:00:00+00:00,0.0001,1699142400000.0
2023-11-05 08:00:00+00:00,0.0001,1699171200000.0
2023-11-05 12:00:00+00:00,0.0001,1699171200000.0
2023-11-05 16:00:00+00:00,0.0001,1699200000000.0
2023-11-05 20:00:00+00:00,0.0001,1699200000000.0
2023-11-06 00:00:00+00:00,0.00010966,1699228800000.0
2023-11-06 04:00:00+00:00,0.00010966,1699228800000.0
2023-11-06 08:00:00+00:00,0.00011987,1699257600000.0
2023-11-06 12:00:00+00:00,0.00011987,1699257600000.0
2023-11-06 16:00:00+00:00,0.00019902,1699286400000.0
2023-11-06 20:00:00+00:00,0.00019902,1699286400000.0
2023-11-07 00:00:00+00:00,0.00022788,1699315200000.0
2023-11-07 04:00:00+00:00,0.00022788,1699315200000.0
2023-11-07 08:00:00+00:00,0.00030649,1699344000000.0
2023-11-07 12:00:00+00:00,0.00030649,1699344000000.0
2023-11-07 16:00:00+00:00,0.0001,1699372800000.0
2023-11-07 20:00:00+00:00,0.0001,1699372800000.0
2023-11-08 00:00:00+00:00,0.0001,1699401600000.0
2023-11-08 04:00:00+00:00,0.0001,1699401600000.0
2023-11-08 08:00:00+00:00,0.0001,1699430400000.0
2023-11-08 12:00:00+00:00,0.0001,1699430400000.0
2023-11-08 16:00:00+00:00,0.00029543,1699459200000.0
2023-11-08 20:00:00+00:00,0.00029543,1699459200000.0
2023-11-09 00:00:00+00:00,0.00019826,1699488000000.0
2023-11-09 04:00:00+00:00,0.00019826,1699488000000.0
2023-11-09 08:00:00+00:00,0.00024854,1699516800000.0
2023-11-09 12:00:00+00:00,0.00024854,1699516800000.0
2023-11-09 16:00:00+00:00,0.00041936,1699545600000.0
2023-11-09 20:00:00+00:00,0.00041936,1699545600000.0
2023-11-10 00:00:00+00:00,0.0001,1699574400000.0
2023-11-10 04:00:00+00:00,0.0001,1699574400000.0
2023-11-10 08:00:00+00:00,0.00024922,1699603200000.0
2023-11-10 12:00:00+00:00,0.00024922,1699603200000.0
2023-11-10 16:00:00+00:00,0.00030038,1699632000000.0
2023-11-10 20:00:00+00:00,0.00030038,1699632000000.0
2023-11-11 00:00:00+00:00,0.00028506,1699660800000.0
2023-11-11 04:00:00+00:00,0.00028506,1699660800000.0
2023-11-11 08:00:00+00:00,0.00021468,1699689600000.0
2023-11-11 12:00:00+00:00,0.00021468,1699689600000.0
2023-11-11 16:00:00+00:00,0.00057011,1699718400000.0
2023-11-11 20:00:00+00:00,0.00057011,1699718400000.0
2023-11-12 00:00:00+00:00,0.00037814,1699747200000.0
2023-11-12 04:00:00+00:00,0.00037814,1699747200000.0
2023-11-12 08:00:00+00:00,0.00018117,1699776000000.0
2023-11-12 12:00:00+00:00,0.00018117,1699776000000.0
2023-11-12 16:00:00+00:00,0.00035313,1699804800000.0
2023-11-12 20:00:00+00:00,0.00035313,1699804800000.0
2023-11-13 00:00:00+00:00,0.00037258,1699833600000.0
2023-11-13 04:00:00+00:00,0.00037258,1699833600000.0
2023-11-13 08:00:00+00:00,0.00046704,1699862400000.0
2023-11-13 12:00:00+00:00,0.00046704,1699862400000.0
2023-11-13 16:00:00+00:00,0.00026894,1699891200000.0
2023-11-13 20:00:00+00:00,0.00026894,1699891200000.0
2023-11-14 00:00:00+00:00,0.0001,1699920000000.0
2023-11-14 04:00:00+00:00,0.0001,1699920000000.0
2023-11-14 08:00:00+00:00,0.00017233,1699948800000.0
2023-11-14 12:00:00+00:00,0.00017233,1699948800000.0
2023-11-14 16:00:00+00:00,0.00013374,1699977600000.0
2023-11-14 20:00:00+00:00,0.00013374,1699977600000.0
2023-11-15 00:00:00+00:00,0.0001,1700006400000.0
2023-11-15 04:00:00+00:00,0.0001,1700006400000.0
2023-11-15 08:00:00+00:00,0.00012485,1700035200000.0
2023-11-15 12:00:00+00:00,0.00012485,1700035200000.0
2023-11-15 16:00:00+00:00,0.00025168,1700064000000.0
2023-11-15 20:00:00+00:00,0.00025168,1700064000000.0
2023-11-16 00:00:00+00:00,0.0001,1700092800000.0
2023-11-16 04:00:00+00:00,0.0001,1700092800000.0
2023-11-16 08:00:00+00:00,0.00041182,1700121600000.0
2023-11-16 12:00:00+00:00,0.00041182,1700121600000.0
2023-11-16 16:00:00+00:00,0.00028701,1700150400000.0
2023-11-16 20:00:00+00:00,0.00028701,1700150400000.0
2023-11-17 00:00:00+00:00,0.0001,1700179200000.0
2023-11-17 04:00:00+00:00,0.0001,1700179200000.0
2023-11-17 08:00:00+00:00,0.0001,1700208000000.0
2023-11-17 12:00:00+00:00,0.0001,1700208000000.0
2023-11-17 16:00:00+00:00,0.0001,1700236800000.0
2023-11-17 20:00:00+00:00,0.0001,1700236800000.0
2023-11-18 00:00:00+00:00,0.0001,1700265600000.0
2023-11-18 04:00:00+00:00,0.0001,1700265600000.0
2023-11-18 08:00:00+00:00,0.0001,1700294400000.0
2023-11-18 12:00:00+00:00,0.0001,1700294400000.0
2023-11-18 16:00:00+00:00,0.0001,1700323200000.0
2023-11-18 20:00:00+00:00,0.0001,1700323200000.0
2023-11-19 00:00:00+00:00,0.0001,1700352000000.0
2023-11-19 04:00:00+00:00,0.0001,1700352000000.0
2023-11-19 08:00:00+00:00,0.0001,1700380800000.0
2023-11-19 12:00:00+00:00,0.0001,1700380800000.0
2023-11-19 16:00:00+00:00,0.0001,1700409600000.0
2023-11-19 20:00:00+00:00,0.0001,1700409600000.0
2023-11-20 00:00:00+00:00,0.0001,1700438400000.0
2023-11-20 04:00:00+00:00,0.0001,1700438400000.0
2023-11-20 08:00:00+00:00,0.0001,1700467200000.0
2023-11-20 12:00:00+00:00,0.0001,1700467200000.0
2023-11-20 16:00:00+00:00,0.0001,1700496000000.0
2023-11-20 20:00:00+00:00,0.0001,1700496000000.0
2023-11-21 00:00:00+00:00,0.0001,1700524800000.0
2023-11-21 04:00:00+00:00,0.0001,1700524800000.0
2023-11-21 08:00:00+00:00,0.0001,1700553600000.0
2023-11-21 12:00:00+00:00,0.0001,1700553600000.0
2023-11-21 16:00:00+00:00,0.0001,1700582400000.0
2023-11-21 20:00:00+00:00,0.0001,1700582400000.0
2023-11-22 00:00:00+00:00,0.0001,1700611200000.0
2023-11-22 04:00:00+00:00,0.0001,1700611200000.0
2023-11-22 08:00:00+00:00,0.0001,1700640000000.0
2023-11-22 12:00:00+00:00,0.0001,1700640000000.0
2023-11-22 16:00:00+00:00,0.0001,1700668800000.0
2023-11-22 20:00:00+00:00,0.0001,1700668800000.0
2023-11-23 00:00:00+00:00,0.0001,1700697600000.0
2023-11-23 04:00:00+00:00,0.0001,1700697600000.0
2023-11-23 08:00:00+00:00,0.0001,1700726400000.0
2023-11-23 12:00:00+00:00,0.0001,1700726400000.0
2023-11-23 16:00:00+00:00,0.0001,1700755200000.0
2023-11-23 20:00:00+00:00,0.0001,1700755200000.0
2023-11-24 00:00:00+00:00,0.0001,1700784000000.0
2023-11-24 04:00:00+00:00,0.0001,1700784000000.0
2023-11-24 08:00:00+00:00,0.0001,1700812800000.0
2023-11-24 12:00:00+00:00,0.0001,1700812800000.0
2023-11-24 16:00:00+00:00,0.0001,1700841600000.0
2023-11-24 20:00:00+00:00,0.0001,1700841600000.0
2023-11-25 00:00:00+00:00,0.0001,1700870400000.0
2023-11-25 04:00:00+00:00,0.0001,1700870400000.0
2023-11-25 08:00:00+00:00,0.0001,1700899200000.0
2023-11-25 12:00:00+00:00,0.0001,1700899200000.0
2023-11-25 16:00:00+00:00,0.0001,1700928000000.0
2023-11-25 20:00:00+00:00,0.0001,1700928000000.0
2023-11-26 00:00:00+00:00,0.0001,1700956800000.0
2023-11-26 04:00:00+00:00,0.0001,1700956800000.0
2023-11-26 08:00:00+00:00,0.0001,1700985600000.0
2023-11-26 12:00:00+00:00,0.0001,1700985600000.0
2023-11-26 16:00:00+00:00,0.0001,1701014400000.0
2023-11-26 20:00:00+00:00,0.0001,1701014400000.0
2023-11-27 00:00:00+00:00,0.0001,1701043200000.0
2023-11-27 04:00:00+00:00,0.0001,1701043200000.0
2023-11-27 08:00:00+00:00,0.0001,1701072000000.0
2023-11-27 12:00:00+00:00,0.0001,1701072000000.0
2023-11-27 16:00:00+00:00,0.0001,1701100800000.0
2023-11-27 20:00:00+00:00,0.0001,1701100800000.0
2023-11-28 00:00:00+00:00,0.0001,1701129600000.0
2023-11-28 04:00:00+00:00,0.0001,1701129600000.0
2023-11-28 08:00:00+00:00,0.0001,1701158400000.0
2023-11-28 12:00:00+00:00,0.0001,1701158400000.0
2023-11-28 16:00:00+00:00,0.0001,1701187200000.0
2023-11-28 20:00:00+00:00,0.0001,1701187200000.0
2023-11-29 00:00:00+00:00,0.0001,1701216000000.0
2023-11-29 04:00:00+00:00,0.0001,1701216000000.0
2023-11-29 08:00:00+00:00,0.0001,1701244800000.0
2023-11-29 12:00:00+00:00,0.0001,1701244800000.0
2023-11-29 16:00:00+00:00,0.0001,1701273600000.0
2023-11-29 20:00:00+00:00,0.0001,1701273600000.0
2023-11-30 00:00:00+00:00,0.0001,1701302400000.0
2023-11-30 04:00:00+00:00,0.0001,1701302400000.0
2023-11-30 08:00:00+00:00,0.0001,1701331200000.0
2023-11-30 12:00:00+00:00,0.0001,1701331200000.0
2023-11-30 16:00:00+00:00,0.0001,1701360000000.0
2023-11-30 20:00:00+00:00,0.0001,1701360000000.0
2023-12-01 00:00:00+00:00,0.0001,1701388800000.0
2023-12-01 04:00:00+00:00,0.0001,1701388800000.0
2023-12-01 08:00:00+00:00,0.0001,1701417600000.0
2023-12-01 12:00:00+00:00,0.0001,1701417600000.0
2023-12-01 16:00:00+00:00,0.0001,1701446400000.0
2023-12-01 20:00:00+00:00,0.0001,1701446400000.0
2023-12-02 00:00:00+00:00,0.0001,1701475200000.0
2023-12-02 04:00:00+00:00,0.0001,1701475200000.0
2023-12-02 08:00:00+00:00,0.0001,1701504000000.0
2023-12-02 12:00:00+00:00,0.0001,1701504000000.0
2023-12-02 16:00:00+00:00,0.0001,1701532800000.0
2023-12-02 20:00:00+00:00,0.0001,1701532800000.0
2023-12-03 00:00:00+00:00,0.00025623,1701561600000.0
2023-12-03 04:00:00+00:00,0.00025623,1701561600000.0
2023-12-03 08:00:00+00:00,0.00036813,1701590400000.0
2023-12-03 12:00:00+00:00,0.00036813,1701590400000.0
2023-12-03 16:00:00+00:00,0.00032733,1701619200000.0
2023-12-03 20:00:00+00:00,0.00032733,1701619200000.0
2023-12-04 00:00:00+00:00,0.00021912,1701648000000.0
2023-12-04 04:00:00+00:00,0.00021912,1701648000000.0
2023-12-04 08:00:00+00:00,0.0003904,1701676800000.0
2023-12-04 12:00:00+00:00,0.0003904,1701676800000.0
2023-12-04 16:00:00+00:00,0.00025175,1701705600000.0
2023-12-04 20:00:00+00:00,0.00025175,1701705600000.0
2023-12-05 00:00:00+00:00,0.00017712,1701734400000.0
2023-12-05 04:00:00+00:00,0.00017712,1701734400000.0
2023-12-05 08:00:00+00:00,0.00022931,1701763200000.0
2023-12-05 12:00:00+00:00,0.00022931,1701763200000.0
2023-12-05 16:00:00+00:00,0.00018808,1701792000000.0
2023-12-05 20:00:00+00:00,0.00018808,1701792000000.0
2023-12-06 00:00:00+00:00,0.00026171,1701820800000.0
2023-12-06 04:00:00+00:00,0.00026171,1701820800000.0
2023-12-06 08:00:00+00:00,0.0004034,1701849600000.0
2023-12-06 12:00:00+00:00,0.0004034,1701849600000.0
2023-12-06 16:00:00+00:00,0.0001,1701878400000.0
2023-12-06 20:00:00+00:00,0.0001,1701878400000.0
2023-12-07 00:00:00+00:00,0.00015757,1701907200000.0
2023-12-07 04:00:00+00:00,0.00015757,1701907200000.0
2023-12-07 08:00:00+00:00,0.0001,1701936000000.0
2023-12-07 12:00:00+00:00,0.0001,1701936000000.0
2023-12-07 16:00:00+00:00,0.00030046,1701964800000.0
2023-12-07 20:00:00+00:00,0.00030046,1701964800000.0
2023-12-08 00:00:00+00:00,0.00031049,1701993600000.0
2023-12-08 04:00:00+00:00,0.00031049,1701993600000.0
2023-12-08 08:00:00+00:00,0.00040798,1702022400000.0
2023-12-08 12:00:00+00:00,0.00040798,1702022400000.0
2023-12-08 16:00:00+00:00,0.00031848,1702051200000.0
2023-12-08 20:00:00+00:00,0.00031848,1702051200000.0
2023-12-09 00:00:00+00:00,0.00035946,1702080000000.0
2023-12-09 04:00:00+00:00,0.00035946,1702080000000.0
2023-12-09 08:00:00+00:00,0.00043819,1702108800000.0
2023-12-09 12:00:00+00:00,0.00043819,1702108800000.0
2023-12-09 16:00:00+00:00,0.00057214,1702137600000.0
2023-12-09 20:00:00+00:00,0.00057214,1702137600000.0
2023-12-10 00:00:00+00:00,0.00041931,1702166400000.0
2023-12-10 04:00:00+00:00,0.00041931,1702166400000.0
2023-12-10 08:00:00+00:00,0.00034653,1702195200000.0
2023-12-10 12:00:00+00:00,0.00034653,1702195200000.0
2023-12-10 16:00:00+00:00,0.00030102,1702224000000.0
2023-12-10 20:00:00+00:00,0.00030102,1702224000000.0
2023-12-11 00:00:00+00:00,0.000194,1702252800000.0
2023-12-11 04:00:00+00:00,0.000194,1702252800000.0
2023-12-11 08:00:00+00:00,0.00014253,1702281600000.0
2023-12-11 12:00:00+00:00,0.00014253,1702281600000.0
2023-12-11 16:00:00+00:00,0.0001,1702310400000.0
2023-12-11 20:00:00+00:00,0.0001,1702310400000.0
2023-12-12 00:00:00+00:00,0.00011134,1702339200000.0
2023-12-12 04:00:00+00:00,0.00011134,1702339200000.0
2023-12-12 08:00:00+00:00,0.0001,1702368000000.0
2023-12-12 12:00:00+00:00,0.0001,1702368000000.0
2023-12-12 16:00:00+00:00,0.00028615,1702396800000.0
2023-12-12 20:00:00+00:00,0.00028615,1702396800000.0
2023-12-13 00:00:00+00:00,0.00019274,1702425600000.0
2023-12-13 04:00:00+00:00,0.00019274,1702425600000.0
2023-12-13 08:00:00+00:00,0.0001,1702454400000.0
2023-12-13 12:00:00+00:00,0.0001,1702454400000.0
2023-12-13 16:00:00+00:00,0.00019846,1702483200000.0
2023-12-13 20:00:00+00:00,0.00019846,1702483200000.0
2023-12-14 00:00:00+00:00,0.00025342,1702512000000.0
2023-12-14 04:00:00+00:00,0.00025342,1702512000000.0
2023-12-14 08:00:00+00:00,0.00024438,1702540800000.0
2023-12-14 12:00:00+00:00,0.00024438,1702540800000.0
2023-12-14 16:00:00+00:00,0.00021208,1702569600000.0
2023-12-14 20:00:00+00:00,0.00021208,1702569600000.0
2023-12-15 00:00:00+00:00,0.0001,1702598400000.0
2023-12-15 04:00:00+00:00,0.0001,1702598400000.0
2023-12-15 08:00:00+00:00,0.0001201,1702627200000.0
2023-12-15 12:00:00+00:00,0.0001201,1702627200000.0
2023-12-15 16:00:00+00:00,0.00023921,1702656000000.0
2023-12-15 20:00:00+00:00,0.00023921,1702656000000.0
2023-12-16 00:00:00+00:00,0.00030084,1702684800000.0
2023-12-16 04:00:00+00:00,0.00030084,1702684800000.0
2023-12-16 08:00:00+00:00,0.0001,1702713600000.0
2023-12-16 12:00:00+00:00,0.0001,1702713600000.0
2023-12-16 16:00:00+00:00,0.0001,1702742400000.0
2023-12-16 20:00:00+00:00,0.0001,1702742400000.0
2023-12-17 00:00:00+00:00,0.0001,1702771200000.0
2023-12-17 04:00:00+00:00,0.0001,1702771200000.0
2023-12-17 08:00:00+00:00,0.00020761,1702800000000.0
2023-12-17 12:00:00+00:00,0.00020761,1702800000000.0
2023-12-17 16:00:00+00:00,0.0002216,1702828800000.0
2023-12-17 20:00:00+00:00,0.0002216,1702828800000.0
2023-12-18 00:00:00+00:00,0.00028217,1702857600000.0
2023-12-18 04:00:00+00:00,0.00028217,1702857600000.0
2023-12-18 08:00:00+00:00,0.0001,1702886400000.0
2023-12-18 12:00:00+00:00,0.0001,1702886400000.0
2023-12-18 16:00:00+00:00,0.0001,1702915200000.0
2023-12-18 20:00:00+00:00,0.0001,1702915200000.0
2023-12-19 00:00:00+00:00,0.0001,1702944000000.0
2023-12-19 04:00:00+00:00,0.0001,1702944000000.0
2023-12-19 08:00:00+00:00,0.0001,1702972800000.0
2023-12-19 12:00:00+00:00,0.0001,1702972800000.0
2023-12-19 16:00:00+00:00,0.0001,1703001600000.0
2023-12-19 20:00:00+00:00,0.0001,1703001600000.0
2023-12-20 00:00:00+00:00,0.0001,1703030400000.0
2023-12-20 04:00:00+00:00,0.0001,1703030400000.0
2023-12-20 08:00:00+00:00,0.0001,1703059200000.0
2023-12-20 12:00:00+00:00,0.0001,1703059200000.0
2023-12-20 16:00:00+00:00,0.0001,1703088000000.0
2023-12-20 20:00:00+00:00,0.0001,1703088000000.0
2023-12-21 00:00:00+00:00,0.00010103,1703116800000.0
2023-12-21 04:00:00+00:00,0.00010103,1703116800000.0
2023-12-21 08:00:00+00:00,0.0001,1703145600000.0
2023-12-21 12:00:00+00:00,0.0001,1703145600000.0
2023-12-21 16:00:00+00:00,0.0003326,1703174400000.0
2023-12-21 20:00:00+00:00,0.0003326,1703174400000.0
2023-12-22 00:00:00+00:00,0.00042907,1703203200000.0
2023-12-22 04:00:00+00:00,0.00042907,1703203200000.0
2023-12-22 08:00:00+00:00,0.00046246,1703232000000.0
2023-12-22 12:00:00+00:00,0.00046246,1703232000000.0
2023-12-22 16:00:00+00:00,0.0004564,1703260800000.0
2023-12-22 20:00:00+00:00,0.0004564,1703260800000.0
2023-12-23 00:00:00+00:00,0.00032831,1703289600000.0
2023-12-23 04:00:00+00:00,0.00032831,1703289600000.0
2023-12-23 08:00:00+00:00,0.00017453,1703318400000.0
2023-12-23 12:00:00+00:00,0.00017453,1703318400000.0
2023-12-23 16:00:00+00:00,0.00025496,1703347200000.0
2023-12-23 20:00:00+00:00,0.00025496,1703347200000.0
2023-12-24 00:00:00+00:00,0.00024023,1703376000000.0
2023-12-24 04:00:00+00:00,0.00024023,1703376000000.0
2023-12-24 08:00:00+00:00,0.00045166,1703404800000.0
2023-12-24 12:00:00+00:00,0.00045166,1703404800000.0
2023-12-24 16:00:00+00:00,0.00034527,1703433600000.0
2023-12-24 20:00:00+00:00,0.00034527,1703433600000.0
2023-12-25 00:00:00+00:00,0.00023759,1703462400000.0
2023-12-25 04:00:00+00:00,0.00023759,1703462400000.0
2023-12-25 08:00:00+00:00,0.00024776,1703491200000.0
2023-12-25 12:00:00+00:00,0.00024776,1703491200000.0
2023-12-25 16:00:00+00:00,0.00058171,1703520000000.0
2023-12-25 20:00:00+00:00,0.00058171,1703520000000.0
2023-12-26 00:00:00+00:00,0.00092247,1703548800000.0
2023-12-26 04:00:00+00:00,0.00092247,1703548800000.0
2023-12-26 08:00:00+00:00,0.00058694,1703577600000.0
2023-12-26 12:00:00+00:00,0.00058694,1703577600000.0
2023-12-26 16:00:00+00:00,0.000588,1703606400000.0
2023-12-26 20:00:00+00:00,0.000588,1703606400000.0
2023-12-27 00:00:00+00:00,0.0001853,1703635200000.0
2023-12-27 04:00:00+00:00,0.0001853,1703635200000.0
2023-12-27 08:00:00+00:00,0.00022621,1703664000000.0
2023-12-27 12:00:00+00:00,0.00022621,1703664000000.0
2023-12-27 16:00:00+00:00,0.00063559,1703692800000.0
2023-12-27 20:00:00+00:00,0.00063559,1703692800000.0
2023-12-28 00:00:00+00:00,0.00083856,1703721600000.0
2023-12-28 04:00:00+00:00,0.00083856,1703721600000.0
2023-12-28 08:00:00+00:00,0.00083992,1703750400000.0
2023-12-28 12:00:00+00:00,0.00083992,1703750400000.0
2023-12-28 16:00:00+00:00,0.0006826,1703779200000.0
2023-12-28 20:00:00+00:00,0.0006826,1703779200000.0
2023-12-29 00:00:00+00:00,0.00051484,1703808000000.0
2023-12-29 04:00:00+00:00,0.00051484,1703808000000.0
2023-12-29 08:00:00+00:00,0.00038643,1703836800000.0
2023-12-29 12:00:00+00:00,0.00038643,1703836800000.0
2023-12-29 16:00:00+00:00,0.00054466,1703865600000.0
2023-12-29 20:00:00+00:00,0.00054466,1703865600000.0
2023-12-30 00:00:00+00:00,0.0002398,1703894400000.0
2023-12-30 04:00:00+00:00,0.0002398,1703894400000.0
2023-12-30 08:00:00+00:00,0.00025145,1703923200000.0
2023-12-30 12:00:00+00:00,0.00025145,1703923200000.0
2023-12-30 16:00:00+00:00,0.00025813,1703952000000.0
2023-12-30 20:00:00+00:00,0.00025813,1703952000000.0
2023-12-31 00:00:00+00:00,0.00041587,1703980800000.0
2023-12-31 04:00:00+00:00,0.00041587,1703980800000.0
2023-12-31 08:00:00+00:00,0.00026337,1704009600000.0
2023-12-31 12:00:00+00:00,0.00026337,1704009600000.0
2023-12-31 16:00:00+00:00,0.00052659,1704038400000.0
2023-12-31 20:00:00+00:00,0.00052659,1704038400000.0
2024-01-01 00:00:00+00:00,0.00022195,1704067200000.0
2024-01-01 04:00:00+00:00,0.00022195,1704067200000.0
2024-01-01 08:00:00+00:00,0.00018895,1704096000000.0
2024-01-01 12:00:00+00:00,0.00018895,1704096000000.0
2024-01-01 16:00:00+00:00,0.00042057,1704124800000.0
2024-01-01 20:00:00+00:00,0.00042057,1704124800000.0
2024-01-02 00:00:00+00:00,0.00081431,1704153600000.0
2024-01-02 04:00:00+00:00,0.00081431,1704153600000.0
2024-01-02 08:00:00+00:00,0.00059988,1704182400000.0
2024-01-02 12:00:00+00:00,0.00059988,1704182400000.0
2024-01-02 16:00:00+00:00,0.00073495,1704211200000.0
2024-01-02 20:00:00+00:00,0.00073495,1704211200000.0
2024-01-03 00:00:00+00:00,0.00045604,1704240000000.0
2024-01-03 04:00:00+00:00,0.00045604,1704240000000.0
2024-01-03 08:00:00+00:00,0.00046129,1704268800000.0
2024-01-03 12:00:00+00:00,0.00046129,1704268800000.0
2024-01-03 16:00:00+00:00,0.0001,1704297600000.0
2024-01-03 20:00:00+00:00,0.0001,1704297600000.0
2024-01-04 00:00:00+00:00,0.0001,1704326400000.0
2024-01-04 04:00:00+00:00,0.0001,1704326400000.0
2024-01-04 08:00:00+00:00,0.0001,1704355200000.0
2024-01-04 12:00:00+00:00,0.0001,1704355200000.0
2024-01-04 16:00:00+00:00,0.0001,1704384000000.0
2024-01-04 20:00:00+00:00,0.0001,1704384000000.0
2024-01-05 00:00:00+00:00,0.0001,1704412800000.0
2024-01-05 04:00:00+00:00,0.0001,1704412800000.0
2024-01-05 08:00:00+00:00,0.0001,1704441600000.0
2024-01-05 12:00:00+00:00,0.0001,1704441600000.0
2024-01-05 16:00:00+00:00,0.0001,1704470400000.0
2024-01-05 20:00:00+00:00,0.0001,1704470400000.0
2024-01-06 00:00:00+00:00,0.0001,1704499200000.0
2024-01-06 04:00:00+00:00,0.0001,1704499200000.0
2024-01-06 08:00:00+00:00,0.0001,1704528000000.0
2024-01-06 12:00:00+00:00,0.0001,1704528000000.0
2024-01-06 16:00:00+00:00,0.0001,1704556800000.0
2024-01-06 20:00:00+00:00,0.0001,1704556800000.0
2024-01-07 00:00:00+00:00,0.0001,1704585600000.0
2024-01-07 04:00:00+00:00,0.0001,1704585600000.0
2024-01-07 08:00:00+00:00,0.0001,1704614400000.0
2024-01-07 12:00:00+00:00,0.0001,1704614400000.0
2024-01-07 16:00:00+00:00,0.0001,1704643200000.0
2024-01-07 20:00:00+00:00,0.0001,1704643200000.0
2024-01-08 00:00:00+00:00,0.0001,1704672000000.0
2024-01-08 04:00:00+00:00,0.0001,1704672000000.0
2024-01-08 08:00:00+00:00,0.0001,1704700800000.0
2024-01-08 12:00:00+00:00,0.0001,1704700800000.0
2024-01-08 16:00:00+00:00,0.0001,1704729600000.0
2024-01-08 20:00:00+00:00,0.0001,1704729600000.0
2024-01-09 00:00:00+00:00,0.0001,1704758400000.0
2024-01-09 04:00:00+00:00,0.0001,1704758400000.0
2024-01-09 08:00:00+00:00,0.0001,1704787200000.0
2024-01-09 12:00:00+00:00,0.0001,1704787200000.0
2024-01-09 16:00:00+00:00,0.0001,1704816000000.0
2024-01-09 20:00:00+00:00,0.0001,1704816000000.0
2024-01-10 00:00:00+00:00,0.0001,1704844800000.0
2024-01-10 04:00:00+00:00,0.0001,1704844800000.0
2024-01-10 08:00:00+00:00,0.0001,1704873600000.0
2024-01-10 12:00:00+00:00,0.0001,1704873600000.0
2024-01-10 16:00:00+00:00,0.0001,1704902400000.0
2024-01-10 20:00:00+00:00,0.0001,1704902400000.0
2024-01-11 00:00:00+00:00,0.0001,1704931200000.0
2024-01-11 04:00:00+00:00,0.0001,1704931200000.0
2024-01-11 08:00:00+00:00,0.0001,1704960000000.0
2024-01-11 12:00:00+00:00,0.0001,1704960000000.0
2024-01-11 16:00:00+00:00,0.0001,1704988800000.0
2024-01-11 20:00:00+00:00,0.0001,1704988800000.0
2024-01-12 00:00:00+00:00,0.0001,1705017600000.0
2024-01-12 04:00:00+00:00,0.0001,1705017600000.0
2024-01-12 08:00:00+00:00,0.0001,1705046400000.0
2024-01-12 12:00:00+00:00,0.0001,1705046400000.0
2024-01-12 16:00:00+00:00,0.0001,1705075200000.0
2024-01-12 20:00:00+00:00,0.0001,1705075200000.0
2024-01-13 00:00:00+00:00,0.0001,1705104000000.0
2024-01-13 04:00:00+00:00,0.0001,1705104000000.0
2024-01-13 08:00:00+00:00,0.0001,1705132800000.0
2024-01-13 12:00:00+00:00,0.0001,1705132800000.0
2024-01-13 16:00:00+00:00,0.0001,1705161600000.0
2024-01-13 20:00:00+00:00,0.0001,1705161600000.0
2024-01-14 00:00:00+00:00,0.0001,1705190400000.0
2024-01-14 04:00:00+00:00,0.0001,1705190400000.0
2024-01-14 08:00:00+00:00,0.0001,1705219200000.0
2024-01-14 12:00:00+00:00,0.0001,1705219200000.0
2024-01-14 16:00:00+00:00,0.0001,1705248000000.0
2024-01-14 20:00:00+00:00,0.0001,1705248000000.0
2024-01-15 00:00:00+00:00,0.0001,1705276800000.0
2024-01-15 04:00:00+00:00,0.0001,1705276800000.0
2024-01-15 08:00:00+00:00,0.0001,1705305600000.0
2024-01-15 12:00:00+00:00,0.0001,1705305600000.0
2024-01-15 16:00:00+00:00,0.0001,1705334400000.0
2024-01-15 20:00:00+00:00,0.0001,1705334400000.0
2024-01-16 00:00:00+00:00,0.0001,1705363200000.0
2024-01-16 04:00:00+00:00,0.0001,1705363200000.0
2024-01-16 08:00:00+00:00,0.0001,1705392000000.0
2024-01-16 12:00:00+00:00,0.0001,1705392000000.0
2024-01-16 16:00:00+00:00,0.0001,1705420800000.0
2024-01-16 20:00:00+00:00,0.0001,1705420800000.0
2024-01-17 00:00:00+00:00,0.0001,1705449600000.0
2024-01-17 04:00:00+00:00,0.0001,1705449600000.0
2024-01-17 08:00:00+00:00,0.0001,1705478400000.0
2024-01-17 12:00:00+00:00,0.0001,1705478400000.0
2024-01-17 16:00:00+00:00,0.0001,1705507200000.0
2024-01-17 20:00:00+00:00,0.0001,1705507200000.0
2024-01-18 00:00:00+00:00,0.0001,1705536000000.0
2024-01-18 04:00:00+00:00,0.0001,1705536000000.0
2024-01-18 08:00:00+00:00,0.0001,1705564800000.0
2024-01-18 12:00:00+00:00,0.0001,1705564800000.0
2024-01-18 16:00:00+00:00,0.0001,1705593600000.0
2024-01-18 20:00:00+00:00,0.0001,1705593600000.0
2024-01-19 00:00:00+00:00,0.0001,1705622400000.0
2024-01-19 04:00:00+00:00,0.0001,1705622400000.0
2024-01-19 08:00:00+00:00,0.0001,1705651200000.0
2024-01-19 12:00:00+00:00,0.0001,1705651200000.0
2024-01-19 16:00:00+00:00,0.0001,1705680000000.0
2024-01-19 20:00:00+00:00,0.0001,1705680000000.0
2024-01-20 00:00:00+00:00,0.0001,1705708800000.0
2024-01-20 04:00:00+00:00,0.0001,1705708800000.0
2024-01-20 08:00:00+00:00,0.0001,1705737600000.0
2024-01-20 12:00:00+00:00,0.0001,1705737600000.0
2024-01-20 16:00:00+00:00,0.0001,1705766400000.0
2024-01-20 20:00:00+00:00,0.0001,1705766400000.0
2024-01-21 00:00:00+00:00,0.0001,1705795200000.0
2024-01-21 04:00:00+00:00,0.0001,1705795200000.0
2024-01-21 08:00:00+00:00,0.0001,1705824000000.0
2024-01-21 12:00:00+00:00,0.0001,1705824000000.0
2024-01-21 16:00:00+00:00,0.0001,1705852800000.0
2024-01-21 20:00:00+00:00,0.0001,1705852800000.0
2024-01-22 00:00:00+00:00,0.0001,1705881600000.0
2024-01-22 04:00:00+00:00,0.0001,1705881600000.0
2024-01-22 08:00:00+00:00,0.0001,1705910400000.0
2024-01-22 12:00:00+00:00,0.0001,1705910400000.0
2024-01-22 16:00:00+00:00,0.0001,1705939200000.0
2024-01-22 20:00:00+00:00,0.0001,1705939200000.0
2024-01-23 00:00:00+00:00,0.0001,1705968000000.0
2024-01-23 04:00:00+00:00,0.0001,1705968000000.0
2024-01-23 08:00:00+00:00,0.0001,1705996800000.0
2024-01-23 12:00:00+00:00,0.0001,1705996800000.0
2024-01-23 16:00:00+00:00,0.0001,1706025600000.0
2024-01-23 20:00:00+00:00,0.0001,1706025600000.0
2024-01-24 00:00:00+00:00,0.0001,1706054400000.0
2024-01-24 04:00:00+00:00,0.0001,1706054400000.0
2024-01-24 08:00:00+00:00,0.0001,1706083200000.0
2024-01-24 12:00:00+00:00,0.0001,1706083200000.0
2024-01-24 16:00:00+00:00,0.0001,1706112000000.0
2024-01-24 20:00:00+00:00,0.0001,1706112000000.0
2024-01-25 00:00:00+00:00,0.0001,1706140800000.0
2024-01-25 04:00:00+00:00,0.0001,1706140800000.0
2024-01-25 08:00:00+00:00,0.0001,1706169600000.0
2024-01-25 12:00:00+00:00,0.0001,1706169600000.0
2024-01-25 16:00:00+00:00,0.0001,1706198400000.0
2024-01-25 20:00:00+00:00,0.0001,1706198400000.0
2024-01-26 00:00:00+00:00,0.0001,1706227200000.0
2024-01-26 04:00:00+00:00,0.0001,1706227200000.0
2024-01-26 08:00:00+00:00,0.0001,1706256000000.0
2024-01-26 12:00:00+00:00,0.0001,1706256000000.0
2024-01-26 16:00:00+00:00,0.0001,1706284800000.0
2024-01-26 20:00:00+00:00,0.0001,1706284800000.0
2024-01-27 00:00:00+00:00,0.0001,1706313600000.0
2024-01-27 04:00:00+00:00,0.0001,1706313600000.0
2024-01-27 08:00:00+00:00,0.0001,1706342400000.0
2024-01-27 12:00:00+00:00,0.0001,1706342400000.0
2024-01-27 16:00:00+00:00,0.0001,1706371200000.0
2024-01-27 20:00:00+00:00,0.0001,1706371200000.0
2024-01-28 00:00:00+00:00,0.0001,1706400000000.0
2024-01-28 04:00:00+00:00,0.0001,1706400000000.0
2024-01-28 08:00:00+00:00,0.0001,1706428800000.0
2024-01-28 12:00:00+00:00,0.0001,1706428800000.0
2024-01-28 16:00:00+00:00,0.0001,1706457600000.0
2024-01-28 20:00:00+00:00,0.0001,1706457600000.0
2024-01-29 00:00:00+00:00,0.0001,1706486400000.0
2024-01-29 04:00:00+00:00,0.0001,1706486400000.0
2024-01-29 08:00:00+00:00,0.0001,1706515200000.0
2024-01-29 12:00:00+00:00,0.0001,1706515200000.0
2024-01-29 16:00:00+00:00,0.0001,1706544000000.0
2024-01-29 20:00:00+00:00,0.0001,1706544000000.0
2024-01-30 00:00:00+00:00,0.0001,1706572800000.0
2024-01-30 04:00:00+00:00,0.0001,1706572800000.0
2024-01-30 08:00:00+00:00,0.0001,1706601600000.0
2024-01-30 12:00:00+00:00,0.0001,1706601600000.0
2024-01-30 16:00:00+00:00,0.0001,1706630400000.0
2024-01-30 20:00:00+00:00,0.0001,1706630400000.0
2024-01-31 00:00:00+00:00,0.0001,1706659200000.0
2024-01-31 04:00:00+00:00,0.0001,1706659200000.0
2024-01-31 08:00:00+00:00,0.0001,1706688000000.0
2024-01-31 12:00:00+00:00,0.0001,1706688000000.0
2024-01-31 16:00:00+00:00,0.0001,1706716800000.0
2024-01-31 20:00:00+00:00,0.0001,1706716800000.0
2024-02-01 00:00:00+00:00,0.0001,1706745600000.0
2024-02-01 04:00:00+00:00,0.0001,1706745600000.0
2024-02-01 08:00:00+00:00,0.0001,1706774400000.0
2024-02-01 12:00:00+00:00,0.0001,1706774400000.0
2024-02-01 16:00:00+00:00,0.0001,1706803200000.0
2024-02-01 20:00:00+00:00,0.0001,1706803200000.0
2024-02-02 00:00:00+00:00,0.0001,1706832000000.0
2024-02-02 04:00:00+00:00,0.0001,1706832000000.0
2024-02-02 08:00:00+00:00,0.0001,1706860800000.0
2024-02-02 12:00:00+00:00,0.0001,1706860800000.0
2024-02-02 16:00:00+00:00,0.0001,1706889600000.0
2024-02-02 20:00:00+00:00,0.0001,1706889600000.0
2024-02-03 00:00:00+00:00,0.0001,1706918400000.0
2024-02-03 04:00:00+00:00,0.0001,1706918400000.0
2024-02-03 08:00:00+00:00,0.0001,1706947200000.0
2024-02-03 12:00:00+00:00,0.0001,1706947200000.0
2024-02-03 16:00:00+00:00,0.0001,1706976000000.0
2024-02-03 20:00:00+00:00,0.0001,1706976000000.0
2024-02-04 00:00:00+00:00,0.0001,1707004800000.0
2024-02-04 04:00:00+00:00,0.0001,1707004800000.0
2024-02-04 08:00:00+00:00,0.0001,1707033600000.0
2024-02-04 12:00:00+00:00,0.0001,1707033600000.0
2024-02-04 16:00:00+00:00,0.0001,1707062400000.0
2024-02-04 20:00:00+00:00,0.0001,1707062400000.0
2024-02-05 00:00:00+00:00,0.0001,1707091200000.0
2024-02-05 04:00:00+00:00,0.0001,1707091200000.0
2024-02-05 08:00:00+00:00,0.0001,1707120000000.0
2024-02-05 12:00:00+00:00,0.0001,1707120000000.0
2024-02-05 16:00:00+00:00,0.0001,1707148800000.0
2024-02-05 20:00:00+00:00,0.0001,1707148800000.0
2024-02-06 00:00:00+00:00,0.0001,1707177600000.0
2024-02-06 04:00:00+00:00,0.0001,1707177600000.0
2024-02-06 08:00:00+00:00,0.0001,1707206400000.0
2024-02-06 12:00:00+00:00,0.0001,1707206400000.0
2024-02-06 16:00:00+00:00,0.0001,1707235200000.0
2024-02-06 20:00:00+00:00,0.0001,1707235200000.0
2024-02-07 00:00:00+00:00,0.0001,1707264000000.0
2024-02-07 04:00:00+00:00,0.0001,1707264000000.0
2024-02-07 08:00:00+00:00,0.0001,1707292800000.0
2024-02-07 12:00:00+00:00,0.0001,1707292800000.0
2024-02-07 16:00:00+00:00,0.0001,1707321600000.0
2024-02-07 20:00:00+00:00,0.0001,1707321600000.0
2024-02-08 00:00:00+00:00,0.0001,1707350400000.0
2024-02-08 04:00:00+00:00,0.0001,1707350400000.0
2024-02-08 08:00:00+00:00,0.0001,1707379200000.0
2024-02-08 12:00:00+00:00,0.0001,1707379200000.0
2024-02-08 16:00:00+00:00,0.0001,1707408000000.0
2024-02-08 20:00:00+00:00,0.0001,1707408000000.0
2024-02-09 00:00:00+00:00,0.0001,1707436800000.0
2024-02-09 04:00:00+00:00,0.0001,1707436800000.0
2024-02-09 08:00:00+00:00,0.0001,1707465600000.0
2024-02-09 12:00:00+00:00,0.0001,1707465600000.0
2024-02-09 16:00:00+00:00,0.0001,1707494400000.0
2024-02-09 20:00:00+00:00,0.0001,1707494400000.0
2024-02-10 00:00:00+00:00,0.0001,1707523200000.0
2024-02-10 04:00:00+00:00,0.0001,1707523200000.0
2024-02-10 08:00:00+00:00,0.0001,1707552000000.0
2024-02-10 12:00:00+00:00,0.0001,1707552000000.0
2024-02-10 16:00:00+00:00,0.0001,1707580800000.0
2024-02-10 20:00:00+00:00,0.0001,1707580800000.0
2024-02-11 00:00:00+00:00,0.0001,1707609600000.0
2024-02-11 04:00:00+00:00,0.0001,1707609600000.0
2024-02-11 08:00:00+00:00,0.0001,1707638400000.0
2024-02-11 12:00:00+00:00,0.0001,1707638400000.0
2024-02-11 16:00:00+00:00,0.0001,1707667200000.0
2024-02-11 20:00:00+00:00,0.0001,1707667200000.0
2024-02-12 00:00:00+00:00,0.0001,1707696000000.0
2024-02-12 04:00:00+00:00,0.0001,1707696000000.0
2024-02-12 08:00:00+00:00,0.0001,1707724800000.0
2024-02-12 12:00:00+00:00,0.0001,1707724800000.0
2024-02-12 16:00:00+00:00,0.0001,1707753600000.0
2024-02-12 20:00:00+00:00,0.0001,1707753600000.0
2024-02-13 00:00:00+00:00,0.0001,1707782400000.0
2024-02-13 04:00:00+00:00,0.0001,1707782400000.0
2024-02-13 08:00:00+00:00,0.0001,1707811200000.0
2024-02-13 12:00:00+00:00,0.0001,1707811200000.0
2024-02-13 16:00:00+00:00,0.0001,1707840000000.0
2024-02-13 20:00:00+00:00,0.0001,1707840000000.0
2024-02-14 00:00:00+00:00,0.0001,1707868800000.0
2024-02-14 04:00:00+00:00,0.0001,1707868800000.0
2024-02-14 08:00:00+00:00,0.0001,1707897600000.0
2024-02-14 12:00:00+00:00,0.0001,1707897600000.0
2024-02-14 16:00:00+00:00,0.00019194,1707926400000.0
2024-02-14 20:00:00+00:00,0.00019194,1707926400000.0
2024-02-15 00:00:00+00:00,0.00024954,1707955200000.0
2024-02-15 04:00:00+00:00,0.00024954,1707955200000.0
2024-02-15 08:00:00+00:00,0.00016179,1707984000000.0
2024-02-15 12:00:00+00:00,0.00016179,1707984000000.0
2024-02-15 16:00:00+00:00,0.00011931,1708012800000.0
2024-02-15 20:00:00+00:00,0.00011931,1708012800000.0
2024-02-16 00:00:00+00:00,0.00024203,1708041600000.0
2024-02-16 04:00:00+00:00,0.00024203,1708041600000.0
2024-02-16 08:00:00+00:00,0.0001415,1708070400000.0
2024-02-16 12:00:00+00:00,0.0001415,1708070400000.0
2024-02-16 16:00:00+00:00,0.0001,1708099200000.0
2024-02-16 20:00:00+00:00,0.0001,1708099200000.0
2024-02-17 00:00:00+00:00,0.00013425,1708128000000.0
2024-02-17 04:00:00+00:00,0.00013425,1708128000000.0
2024-02-17 08:00:00+00:00,0.00014421,1708156800000.0
2024-02-17 12:00:00+00:00,0.00014421,1708156800000.0
2024-02-17 16:00:00+00:00,0.00013854,1708185600000.0
2024-02-17 20:00:00+00:00,0.00013854,1708185600000.0
2024-02-18 00:00:00+00:00,0.00015208,1708214400000.0
2024-02-18 04:00:00+00:00,0.00015208,1708214400000.0
2024-02-18 08:00:00+00:00,0.00027202,1708243200000.0
2024-02-18 12:00:00+00:00,0.00027202,1708243200000.0
2024-02-18 16:00:00+00:00,0.00018391,1708272000000.0
2024-02-18 20:00:00+00:00,0.00018391,1708272000000.0
2024-02-19 00:00:00+00:00,0.00014253,1708300800000.0
2024-02-19 04:00:00+00:00,0.00014253,1708300800000.0
2024-02-19 08:00:00+00:00,0.00025202,1708329600000.0
2024-02-19 12:00:00+00:00,0.00025202,1708329600000.0
2024-02-19 16:00:00+00:00,0.00018545,1708358400000.0
2024-02-19 20:00:00+00:00,0.00018545,1708358400000.0
2024-02-20 00:00:00+00:00,0.00024797,1708387200000.0
2024-02-20 04:00:00+00:00,0.00024797,1708387200000.0
2024-02-20 08:00:00+00:00,0.0002299,1708416000000.0
2024-02-20 12:00:00+00:00,0.0002299,1708416000000.0
2024-02-20 16:00:00+00:00,0.00019592,1708444800000.0
2024-02-20 20:00:00+00:00,0.00019592,1708444800000.0
2024-02-21 00:00:00+00:00,0.0001,1708473600000.0
2024-02-21 04:00:00+00:00,0.0001,1708473600000.0
2024-02-21 08:00:00+00:00,0.0001,1708502400000.0
2024-02-21 12:00:00+00:00,0.0001,1708502400000.0
2024-02-21 16:00:00+00:00,0.0001,1708531200000.0
2024-02-21 20:00:00+00:00,0.0001,1708531200000.0
2024-02-22 00:00:00+00:00,0.0001,1708560000000.0
2024-02-22 04:00:00+00:00,0.0001,1708560000000.0
2024-02-22 08:00:00+00:00,0.0001,1708588800000.0
2024-02-22 12:00:00+00:00,0.0001,1708588800000.0
2024-02-22 16:00:00+00:00,0.0001,1708617600000.0
2024-02-22 20:00:00+00:00,0.0001,1708617600000.0
2024-02-23 00:00:00+00:00,0.0001,1708646400000.0
2024-02-23 04:00:00+00:00,0.0001,1708646400000.0
2024-02-23 08:00:00+00:00,0.00010118,1708675200000.0
2024-02-23 12:00:00+00:00,0.00010118,1708675200000.0
2024-02-23 16:00:00+00:00,0.0001,1708704000000.0
2024-02-23 20:00:00+00:00,0.0001,1708704000000.0
2024-02-24 00:00:00+00:00,0.0001,1708732800000.0
2024-02-24 04:00:00+00:00,0.0001,1708732800000.0
2024-02-24 08:00:00+00:00,0.00011487,1708761600000.0
2024-02-24 12:00:00+00:00,0.00011487,1708761600000.0
2024-02-24 16:00:00+00:00,0.00015268,1708790400000.0
2024-02-24 20:00:00+00:00,0.00015268,1708790400000.0
2024-02-25 00:00:00+00:00,0.00025721,1708819200000.0
2024-02-25 04:00:00+00:00,0.00025721,1708819200000.0
2024-02-25 08:00:00+00:00,0.00032185,1708848000000.0
2024-02-25 12:00:00+00:00,0.00032185,1708848000000.0
2024-02-25 16:00:00+00:00,0.00020853,1708876800000.0
2024-02-25 20:00:00+00:00,0.00020853,1708876800000.0
2024-02-26 00:00:00+00:00,0.00031468,1708905600000.0
2024-02-26 04:00:00+00:00,0.00031468,1708905600000.0
2024-02-26 08:00:00+00:00,0.00031987,1708934400000.0
2024-02-26 12:00:00+00:00,0.00031987,1708934400000.0
2024-02-26 16:00:00+00:00,0.00031012,1708963200000.0
2024-02-26 20:00:00+00:00,0.00031012,1708963200000.0
2024-02-27 00:00:00+00:00,0.0004349,1708992000000.0
2024-02-27 04:00:00+00:00,0.0004349,1708992000000.0
2024-02-27 08:00:00+00:00,0.00063869,1709020800000.0
2024-02-27 12:00:00+00:00,0.00063869,1709020800000.0
2024-02-27 16:00:00+00:00,0.00026778,1709049600000.0
2024-02-27 20:00:00+00:00,0.00026778,1709049600000.0
2024-02-28 00:00:00+00:00,0.00029846,1709078400000.0
2024-02-28 04:00:00+00:00,0.00029846,1709078400000.0
2024-02-28 08:00:00+00:00,0.00031768,1709107200000.0
2024-02-28 12:00:00+00:00,0.00031768,1709107200000.0
2024-02-28 16:00:00+00:00,0.00055493,1709136000000.0
2024-02-28 20:00:00+00:00,0.00055493,1709136000000.0
2024-02-29 00:00:00+00:00,0.0004156,1709164800000.0
2024-02-29 04:00:00+00:00,0.0004156,1709164800000.0
2024-02-29 08:00:00+00:00,0.00100547,1709193600000.0
2024-02-29 12:00:00+00:00,0.00100547,1709193600000.0
2024-02-29 16:00:00+00:00,0.00095057,1709222400000.0
2024-02-29 20:00:00+00:00,0.00095057,1709222400000.0
2024-03-01 00:00:00+00:00,0.00043617,1709251200000.0
2024-03-01 04:00:00+00:00,0.00043617,1709251200000.0
2024-03-01 08:00:00+00:00,0.00042548,1709280000000.0
2024-03-01 12:00:00+00:00,0.00042548,1709280000000.0
2024-03-01 16:00:00+00:00,0.00043851,1709308800000.0
2024-03-01 20:00:00+00:00,0.00043851,1709308800000.0
2024-03-02 00:00:00+00:00,0.00071458,1709337600000.0
2024-03-02 04:00:00+00:00,0.00071458,1709337600000.0
2024-03-02 08:00:00+00:00,0.00090117,1709366400000.0
2024-03-02 12:00:00+00:00,0.00090117,1709366400000.0
2024-03-02 16:00:00+00:00,0.0005443,1709395200000.0
2024-03-02 20:00:00+00:00,0.0005443,1709395200000.0
2024-03-03 00:00:00+00:00,0.00046186,1709424000000.0
2024-03-03 04:00:00+00:00,0.00046186,1709424000000.0
2024-03-03 08:00:00+00:00,0.00057895,1709452800000.0
2024-03-03 12:00:00+00:00,0.00057895,1709452800000.0
2024-03-03 16:00:00+00:00,0.00056873,1709481600000.0
2024-03-03 20:00:00+00:00,0.00056873,1709481600000.0
2024-03-04 00:00:00+00:00,0.00060566,1709510400000.0
2024-03-04 04:00:00+00:00,0.00060566,1709510400000.0
2024-03-04 08:00:00+00:00,0.00073762,1709539200000.0
2024-03-04 12:00:00+00:00,0.00073762,1709539200000.0
2024-03-04 16:00:00+00:00,0.00068165,1709568000000.0
2024-03-04 20:00:00+00:00,0.00068165,1709568000000.0
2024-03-05 00:00:00+00:00,0.00060879,1709596800000.0
2024-03-05 04:00:00+00:00,0.00060879,1709596800000.0
2024-03-05 08:00:00+00:00,0.00108793,1709625600000.0
2024-03-05 12:00:00+00:00,0.00108793,1709625600000.0
2024-03-05 16:00:00+00:00,0.00110687,1709654400000.0
2024-03-05 20:00:00+00:00,0.00110687,1709654400000.0
2024-03-06 00:00:00+00:00,0.0001,1709683200000.0
2024-03-06 04:00:00+00:00,0.0001,1709683200000.0
2024-03-06 08:00:00+00:00,0.0001,1709712000000.0
2024-03-06 12:00:00+00:00,0.0001,1709712000000.0
2024-03-06 16:00:00+00:00,0.00029072,1709740800000.0
2024-03-06 20:00:00+00:00,0.00029072,1709740800000.0
2024-03-07 00:00:00+00:00,0.00021495,1709769600000.0
2024-03-07 04:00:00+00:00,0.00021495,1709769600000.0
2024-03-07 08:00:00+00:00,0.00034749,1709798400000.0
2024-03-07 12:00:00+00:00,0.00034749,1709798400000.0
2024-03-07 16:00:00+00:00,0.00043129,1709827200000.0
2024-03-07 20:00:00+00:00,0.00043129,1709827200000.0
2024-03-08 00:00:00+00:00,0.00060526,1709856000000.0
2024-03-08 04:00:00+00:00,0.00060526,1709856000000.0
2024-03-08 08:00:00+00:00,0.00056247,1709884800000.0
2024-03-08 12:00:00+00:00,0.00056247,1709884800000.0
2024-03-08 16:00:00+00:00,0.00052338,1709913600000.0
2024-03-08 20:00:00+00:00,0.00052338,1709913600000.0
2024-03-09 00:00:00+00:00,0.00051282,1709942400000.0
2024-03-09 04:00:00+00:00,0.00051282,1709942400000.0
2024-03-09 08:00:00+00:00,0.00045713,1709971200000.0
2024-03-09 12:00:00+00:00,0.00045713,1709971200000.0
2024-03-09 16:00:00+00:00,0.00067097,1710000000000.0
2024-03-09 20:00:00+00:00,0.00067097,1710000000000.0
2024-03-10 00:00:00+00:00,0.0008965,1710028800000.0
2024-03-10 04:00:00+00:00,0.0008965,1710028800000.0
2024-03-10 08:00:00+00:00,0.00068954,1710057600000.0
2024-03-10 12:00:00+00:00,0.00068954,1710057600000.0
2024-03-10 16:00:00+00:00,0.00030113,1710086400000.0
2024-03-10 20:00:00+00:00,0.00030113,1710086400000.0
2024-03-11 00:00:00+00:00,0.00038749,1710115200000.0
2024-03-11 04:00:00+00:00,0.00038749,1710115200000.0
2024-03-11 08:00:00+00:00,0.00042949,1710144000000.0
2024-03-11 12:00:00+00:00,0.00042949,1710144000000.0
2024-03-11 16:00:00+00:00,0.00067662,1710172800000.0
2024-03-11 20:00:00+00:00,0.00067662,1710172800000.0
2024-03-12 00:00:00+00:00,0.00083335,1710201600000.0
2024-03-12 04:00:00+00:00,0.00083335,1710201600000.0
2024-03-12 08:00:00+00:00,0.00066476,1710230400000.0
2024-03-12 12:00:00+00:00,0.00066476,1710230400000.0
2024-03-12 16:00:00+00:00,0.00051468,1710259200000.0
2024-03-12 20:00:00+00:00,0.00051468,1710259200000.0
2024-03-13 00:00:00+00:00,0.00037463,1710288000000.0
2024-03-13 04:00:00+00:00,0.00037463,1710288000000.0
2024-03-13 08:00:00+00:00,0.00072994,1710316800000.0
2024-03-13 12:00:00+00:00,0.00072994,1710316800000.0
2024-03-13 16:00:00+00:00,0.00056306,1710345600000.0
2024-03-13 20:00:00+00:00,0.00056306,1710345600000.0
2024-03-14 00:00:00+00:00,0.0004507,1710374400000.0
2024-03-14 04:00:00+00:00,0.0004507,1710374400000.0
2024-03-14 08:00:00+00:00,0.00070426,1710403200000.0
2024-03-14 12:00:00+00:00,0.00070426,1710403200000.0
2024-03-14 16:00:00+00:00,0.00071699,1710432000000.0
2024-03-14 20:00:00+00:00,0.00071699,1710432000000.0
2024-03-15 00:00:00+00:00,0.00047659,1710460800000.0
2024-03-15 04:00:00+00:00,0.00047659,1710460800000.0
2024-03-15 08:00:00+00:00,0.00026302,1710489600000.0
2024-03-15 12:00:00+00:00,0.00026302,1710489600000.0
2024-03-15 16:00:00+00:00,0.0001,1710518400000.0
2024-03-15 20:00:00+00:00,0.0001,1710518400000.0
2024-03-16 00:00:00+00:00,0.00016402,1710547200000.0
2024-03-16 04:00:00+00:00,0.00016402,1710547200000.0
2024-03-16 08:00:00+00:00,0.00017501,1710576000000.0
2024-03-16 12:00:00+00:00,0.00017501,1710576000000.0
2024-03-16 16:00:00+00:00,0.0001,1710604800000.0
2024-03-16 20:00:00+00:00,0.0001,1710604800000.0
2024-03-17 00:00:00+00:00,0.0001,1710633600000.0
2024-03-17 04:00:00+00:00,0.0001,1710633600000.0
2024-03-17 08:00:00+00:00,0.0001,1710662400000.0
2024-03-17 12:00:00+00:00,0.0001,1710662400000.0
2024-03-17 16:00:00+00:00,0.00016398,1710691200000.0
2024-03-17 20:00:00+00:00,0.00016398,1710691200000.0
2024-03-18 00:00:00+00:00,0.00013187,1710720000000.0
2024-03-18 04:00:00+00:00,0.00013187,1710720000000.0
2024-03-18 08:00:00+00:00,0.0001,1710748800000.0
2024-03-18 12:00:00+00:00,0.0001,1710748800000.0
2024-03-18 16:00:00+00:00,0.0001,1710777600000.0
2024-03-18 20:00:00+00:00,0.0001,1710777600000.0
2024-03-19 00:00:00+00:00,0.0001,1710806400000.0
2024-03-19 04:00:00+00:00,0.0001,1710806400000.0
2024-03-19 08:00:00+00:00,0.0001,1710835200000.0
2024-03-19 12:00:00+00:00,0.0001,1710835200000.0
2024-03-19 16:00:00+00:00,0.0001,1710864000000.0
2024-03-19 20:00:00+00:00,0.0001,1710864000000.0
2024-03-20 00:00:00+00:00,0.0001,1710892800000.0
2024-03-20 04:00:00+00:00,0.0001,1710892800000.0
2024-03-20 08:00:00+00:00,0.0001,1710921600000.0
2024-03-20 12:00:00+00:00,0.0001,1710921600000.0
2024-03-20 16:00:00+00:00,0.0001,1710950400000.0
2024-03-20 20:00:00+00:00,0.0001,1710950400000.0
2024-03-21 00:00:00+00:00,0.0001,1710979200000.0
2024-03-21 04:00:00+00:00,0.0001,1710979200000.0
2024-03-21 08:00:00+00:00,0.0001,1711008000000.0
2024-03-21 12:00:00+00:00,0.0001,1711008000000.0
2024-03-21 16:00:00+00:00,0.0001,1711036800000.0
2024-03-21 20:00:00+00:00,0.0001,1711036800000.0
2024-03-22 00:00:00+00:00,0.0001,1711065600000.0
2024-03-22 04:00:00+00:00,0.0001,1711065600000.0
2024-03-22 08:00:00+00:00,0.0001,1711094400000.0
2024-03-22 12:00:00+00:00,0.0001,1711094400000.0
2024-03-22 16:00:00+00:00,0.0001,1711123200000.0
2024-03-22 20:00:00+00:00,0.0001,1711123200000.0
2024-03-23 00:00:00+00:00,0.0001,1711152000000.0
2024-03-23 04:00:00+00:00,0.0001,1711152000000.0
2024-03-23 08:00:00+00:00,0.0001,1711180800000.0
2024-03-23 12:00:00+00:00,0.0001,1711180800000.0
2024-03-23 16:00:00+00:00,0.00019807,1711209600000.0
2024-03-23 20:00:00+00:00,0.00019807,1711209600000.0
2024-03-24 00:00:00+00:00,0.00010626,1711238400000.0
2024-03-24 04:00:00+00:00,0.00010626,1711238400000.0
2024-03-24 08:00:00+00:00,0.00019217,1711267200000.0
2024-03-24 12:00:00+00:00,0.00019217,1711267200000.0
2024-03-24 16:00:00+00:00,0.00014688,1711296000000.0
2024-03-24 20:00:00+00:00,0.00014688,1711296000000.0
2024-03-25 00:00:00+00:00,0.00014348,1711324800000.0
2024-03-25 04:00:00+00:00,0.00014348,1711324800000.0
2024-03-25 08:00:00+00:00,0.00014385,1711353600000.0
2024-03-25 12:00:00+00:00,0.00014385,1711353600000.0
2024-03-25 16:00:00+00:00,0.00022978,1711382400000.0
2024-03-25 20:00:00+00:00,0.00022978,1711382400000.0
2024-03-26 00:00:00+00:00,0.00037662,1711411200000.0
2024-03-26 04:00:00+00:00,0.00037662,1711411200000.0
2024-03-26 08:00:00+00:00,0.00035128,1711440000000.0
2024-03-26 12:00:00+00:00,0.00035128,1711440000000.0
2024-03-26 16:00:00+00:00,0.00044539,1711468800000.0
2024-03-26 20:00:00+00:00,0.00044539,1711468800000.0
2024-03-27 00:00:00+00:00,0.00049791,1711497600000.0
2024-03-27 04:00:00+00:00,0.00049791,1711497600000.0
2024-03-27 08:00:00+00:00,0.00046909,1711526400000.0
2024-03-27 12:00:00+00:00,0.00046909,1711526400000.0
2024-03-27 16:00:00+00:00,0.00039483,1711555200000.0
2024-03-27 20:00:00+00:00,0.00039483,1711555200000.0
2024-03-28 00:00:00+00:00,0.00029273,1711584000000.0
2024-03-28 04:00:00+00:00,0.00029273,1711584000000.0
2024-03-28 08:00:00+00:00,0.00041487,1711612800000.0
2024-03-28 12:00:00+00:00,0.00041487,1711612800000.0
2024-03-28 16:00:00+00:00,0.0004935,1711641600000.0
2024-03-28 20:00:00+00:00,0.0004935,1711641600000.0
2024-03-29 00:00:00+00:00,0.00055805,1711670400000.0
2024-03-29 04:00:00+00:00,0.00055805,1711670400000.0
2024-03-29 08:00:00+00:00,0.00040523,1711699200000.0
2024-03-29 12:00:00+00:00,0.00040523,1711699200000.0
2024-03-29 16:00:00+00:00,0.000503,1711728000000.0
2024-03-29 20:00:00+00:00,0.000503,1711728000000.0
2024-03-30 00:00:00+00:00,0.00029398,1711756800000.0
2024-03-30 04:00:00+00:00,0.00029398,1711756800000.0
2024-03-30 08:00:00+00:00,0.00046442,1711785600000.0
2024-03-30 12:00:00+00:00,0.00046442,1711785600000.0
2024-03-30 16:00:00+00:00,0.00051306,1711814400000.0
2024-03-30 20:00:00+00:00,0.00051306,1711814400000.0
2024-03-31 00:00:00+00:00,0.00033412,1711843200000.0
2024-03-31 04:00:00+00:00,0.00033412,1711843200000.0
2024-03-31 08:00:00+00:00,0.00053875,1711872000000.0
2024-03-31 12:00:00+00:00,0.00053875,1711872000000.0
2024-03-31 16:00:00+00:00,0.00069077,1711900800000.0
2024-03-31 20:00:00+00:00,0.00069077,1711900800000.0
2024-04-01 00:00:00+00:00,0.00065661,1711929600000.0
2024-04-01 04:00:00+00:00,0.00065661,1711929600000.0
2024-04-01 08:00:00+00:00,0.00035443,1711958400000.0
2024-04-01 12:00:00+00:00,0.00035443,1711958400000.0
2024-04-01 16:00:00+00:00,0.00022223,1711987200000.0
2024-04-01 20:00:00+00:00,0.00022223,1711987200000.0
2024-04-02 00:00:00+00:00,0.00019067,1712016000000.0
2024-04-02 04:00:00+00:00,0.00019067,1712016000000.0
2024-04-02 08:00:00+00:00,0.0001,1712044800000.0
2024-04-02 12:00:00+00:00,0.0001,1712044800000.0
2024-04-02 16:00:00+00:00,0.0001,1712073600000.0
2024-04-02 20:00:00+00:00,0.0001,1712073600000.0
2024-04-03 00:00:00+00:00,0.0001,1712102400000.0
2024-04-03 04:00:00+00:00,0.0001,1712102400000.0
2024-04-03 08:00:00+00:00,0.0001,1712131200000.0
2024-04-03 12:00:00+00:00,0.0001,1712131200000.0
2024-04-03 16:00:00+00:00,0.0001,1712160000000.0
2024-04-03 20:00:00+00:00,0.0001,1712160000000.0
2024-04-04 00:00:00+00:00,0.0001,1712188800000.0
2024-04-04 04:00:00+00:00,0.0001,1712188800000.0
2024-04-04 08:00:00+00:00,0.0001,1712217600000.0
2024-04-04 12:00:00+00:00,0.0001,1712217600000.0
2024-04-04 16:00:00+00:00,0.0001,1712246400000.0
2024-04-04 20:00:00+00:00,0.0001,1712246400000.0
2024-04-05 00:00:00+00:00,0.0001,1712275200000.0
2024-04-05 04:00:00+00:00,0.0001,1712275200000.0
2024-04-05 08:00:00+00:00,0.00015746,1712304000000.0
2024-04-05 12:00:00+00:00,0.00015746,1712304000000.0
2024-04-05 16:00:00+00:00,0.0001056,1712332800000.0
2024-04-05 20:00:00+00:00,0.0001056,1712332800000.0
2024-04-06 00:00:00+00:00,0.00013182,1712361600000.0
2024-04-06 04:00:00+00:00,0.00013182,1712361600000.0
2024-04-06 08:00:00+00:00,0.00011562,1712390400000.0
2024-04-06 12:00:00+00:00,0.00011562,1712390400000.0
2024-04-06 16:00:00+00:00,0.0001,1712419200000.0
2024-04-06 20:00:00+00:00,0.0001,1712419200000.0
2024-04-07 00:00:00+00:00,0.00020719,1712448000000.0
2024-04-07 04:00:00+00:00,0.00020719,1712448000000.0
2024-04-07 08:00:00+00:00,0.0001,1712476800000.0
2024-04-07 12:00:00+00:00,0.0001,1712476800000.0
2024-04-07 16:00:00+00:00,0.00018427,1712505600000.0
2024-04-07 20:00:00+00:00,0.00018427,1712505600000.0
2024-04-08 00:00:00+00:00,0.00023389,1712534400000.0
2024-04-08 04:00:00+00:00,0.00023389,1712534400000.0
2024-04-08 08:00:00+00:00,0.00012213,1712563200000.0
2024-04-08 12:00:00+00:00,0.00012213,1712563200000.0
2024-04-08 16:00:00+00:00,0.00029872,1712592000000.0
2024-04-08 20:00:00+00:00,0.00029872,1712592000000.0
2024-04-09 00:00:00+00:00,0.00041646,1712620800000.0
2024-04-09 04:00:00+00:00,0.00041646,1712620800000.0
2024-04-09 08:00:00+00:00,0.00021408,1712649600000.0
2024-04-09 12:00:00+00:00,0.00021408,1712649600000.0
2024-04-09 16:00:00+00:00,0.00010996,1712678400000.0
2024-04-09 20:00:00+00:00,0.00010996,1712678400000.0
2024-04-10 00:00:00+00:00,0.00022603,1712707200000.0
2024-04-10 04:00:00+00:00,0.00022603,1712707200000.0
2024-04-10 08:00:00+00:00,0.0001,1712736000000.0
2024-04-10 12:00:00+00:00,0.0001,1712736000000.0
2024-04-10 16:00:00+00:00,0.0001,1712764800000.0
2024-04-10 20:00:00+00:00,0.0001,1712764800000.0
2024-04-11 00:00:00+00:00,0.0001,1712793600000.0
2024-04-11 04:00:00+00:00,0.0001,1712793600000.0
2024-04-11 08:00:00+00:00,0.00013535,1712822400000.0
2024-04-11 12:00:00+00:00,0.00013535,1712822400000.0
2024-04-11 16:00:00+00:00,0.00013149,1712851200000.0
2024-04-11 20:00:00+00:00,0.00013149,1712851200000.0
2024-04-12 00:00:00+00:00,0.0001296,1712880000000.0
2024-04-12 04:00:00+00:00,0.0001296,1712880000000.0
2024-04-12 08:00:00+00:00,0.00014732,1712908800000.0
2024-04-12 12:00:00+00:00,0.00014732,1712908800000.0
2024-04-12 16:00:00+00:00,0.00012719,1712937600000.0
2024-04-12 20:00:00+00:00,0.00012719,1712937600000.0
2024-04-13 00:00:00+00:00,0.0001,1712966400000.0
2024-04-13 04:00:00+00:00,0.0001,1712966400000.0
2024-04-13 08:00:00+00:00,0.0001,1712995200000.0
2024-04-13 12:00:00+00:00,0.0001,1712995200000.0
2024-04-13 16:00:00+00:00,0.0001,1713024000000.0
2024-04-13 20:00:00+00:00,0.0001,1713024000000.0
2024-04-14 00:00:00+00:00,-4.944e-05,1713052800000.0
2024-04-14 04:00:00+00:00,-4.944e-05,1713052800000.0
2024-04-14 08:00:00+00:00,7.926e-05,1713081600000.0
2024-04-14 12:00:00+00:00,7.926e-05,1713081600000.0
2024-04-14 16:00:00+00:00,0.0001,1713110400000.0
2024-04-14 20:00:00+00:00,0.0001,1713110400000.0
2024-04-15 00:00:00+00:00,0.0001,1713139200000.0
2024-04-15 04:00:00+00:00,0.0001,1713139200000.0
2024-04-15 08:00:00+00:00,0.0001,1713168000000.0
2024-04-15 12:00:00+00:00,0.0001,1713168000000.0
2024-04-15 16:00:00+00:00,0.0001,1713196800000.0
2024-04-15 20:00:00+00:00,0.0001,1713196800000.0
2024-04-16 00:00:00+00:00,0.0001,1713225600000.0
2024-04-16 04:00:00+00:00,0.0001,1713225600000.0
2024-04-16 08:00:00+00:00,6.719e-05,1713254400000.0
2024-04-16 12:00:00+00:00,6.719e-05,1713254400000.0
2024-04-16 16:00:00+00:00,0.0001,1713283200000.0
2024-04-16 20:00:00+00:00,0.0001,1713283200000.0
2024-04-17 00:00:00+00:00,9.37e-05,1713312000000.0
2024-04-17 04:00:00+00:00,9.37e-05,1713312000000.0
2024-04-17 08:00:00+00:00,3.831e-05,1713340800000.0
2024-04-17 12:00:00+00:00,3.831e-05,1713340800000.0
2024-04-17 16:00:00+00:00,3.328e-05,1713369600000.0
2024-04-17 20:00:00+00:00,3.328e-05,1713369600000.0
2024-04-18 00:00:00+00:00,3.074e-05,1713398400000.0
2024-04-18 04:00:00+00:00,3.074e-05,1713398400000.0
2024-04-18 08:00:00+00:00,0.0001,1713427200000.0
2024-04-18 12:00:00+00:00,0.0001,1713427200000.0
2024-04-18 16:00:00+00:00,4.284e-05,1713456000000.0
2024-04-18 20:00:00+00:00,4.284e-05,1713456000000.0
2024-04-19 00:00:00+00:00,2.452e-05,1713484800000.0
2024-04-19 04:00:00+00:00,2.452e-05,1713484800000.0
2024-04-19 08:00:00+00:00,0.0001,1713513600000.0
2024-04-19 12:00:00+00:00,0.0001,1713513600000.0
2024-04-19 16:00:00+00:00,0.0001,1713542400000.0
2024-04-19 20:00:00+00:00,0.0001,1713542400000.0
2024-04-20 00:00:00+00:00,0.0001,1713571200000.0
2024-04-20 04:00:00+00:00,0.0001,1713571200000.0
2024-04-20 08:00:00+00:00,-2.815e-05,1713600000000.0
2024-04-20 12:00:00+00:00,-2.815e-05,1713600000000.0
2024-04-20 16:00:00+00:00,7.69e-06,1713628800000.0
2024-04-20 20:00:00+00:00,7.69e-06,1713628800000.0
2024-04-21 00:00:00+00:00,0.0001,1713657600000.0
2024-04-21 04:00:00+00:00,0.0001,1713657600000.0
2024-04-21 08:00:00+00:00,0.0001,1713686400000.0
2024-04-21 12:00:00+00:00,0.0001,1713686400000.0
2024-04-21 16:00:00+00:00,0.0001,1713715200000.0
2024-04-21 20:00:00+00:00,0.0001,1713715200000.0
2024-04-22 00:00:00+00:00,0.0001,1713744000000.0
2024-04-22 04:00:00+00:00,0.0001,1713744000000.0
2024-04-22 08:00:00+00:00,6.46e-05,1713772800000.0
2024-04-22 12:00:00+00:00,6.46e-05,1713772800000.0
2024-04-22 16:00:00+00:00,5.652e-05,1713801600000.0
2024-04-22 20:00:00+00:00,5.652e-05,1713801600000.0
2024-04-23 00:00:00+00:00,0.0001,1713830400000.0
2024-04-23 04:00:00+00:00,0.0001,1713830400000.0
2024-04-23 08:00:00+00:00,0.0001,1713859200000.0
2024-04-23 12:00:00+00:00,0.0001,1713859200000.0
2024-04-23 16:00:00+00:00,0.0001,1713888000000.0
2024-04-23 20:00:00+00:00,0.0001,1713888000000.0
2024-04-24 00:00:00+00:00,5.919e-05,1713916800000.0
2024-04-24 04:00:00+00:00,5.919e-05,1713916800000.0
2024-04-24 08:00:00+00:00,5.121e-05,1713945600000.0
2024-04-24 12:00:00+00:00,5.121e-05,1713945600000.0
2024-04-24 16:00:00+00:00,8.511e-05,1713974400000.0
2024-04-24 20:00:00+00:00,8.511e-05,1713974400000.0
2024-04-25 00:00:00+00:00,9.933e-05,1714003200000.0
2024-04-25 04:00:00+00:00,9.933e-05,1714003200000.0
2024-04-25 08:00:00+00:00,-6.535e-05,1714032000000.0
2024-04-25 12:00:00+00:00,-6.535e-05,1714032000000.0
2024-04-25 16:00:00+00:00,0.0001,1714060800000.0
2024-04-25 20:00:00+00:00,0.0001,1714060800000.0
2024-04-26 00:00:00+00:00,3.435e-05,1714089600000.0
2024-04-26 04:00:00+00:00,3.435e-05,1714089600000.0
2024-04-26 08:00:00+00:00,8.468e-05,1714118400000.0
2024-04-26 12:00:00+00:00,8.468e-05,1714118400000.0
2024-04-26 16:00:00+00:00,3.29e-05,1714147200000.0
2024-04-26 20:00:00+00:00,3.29e-05,1714147200000.0
2024-04-27 00:00:00+00:00,2.918e-05,1714176000000.0
2024-04-27 04:00:00+00:00,2.918e-05,1714176000000.0
2024-04-27 08:00:00+00:00,0.0001,1714204800000.0
2024-04-27 12:00:00+00:00,0.0001,1714204800000.0
2024-04-27 16:00:00+00:00,6.798e-05,1714233600000.0
2024-04-27 20:00:00+00:00,6.798e-05,1714233600000.0
2024-04-28 00:00:00+00:00,-2.802e-05,1714262400000.0
2024-04-28 04:00:00+00:00,-2.802e-05,1714262400000.0
2024-04-28 08:00:00+00:00,-2.476e-05,1714291200000.0
2024-04-28 12:00:00+00:00,-2.476e-05,1714291200000.0
2024-04-28 16:00:00+00:00,0.0001,1714320000000.0
2024-04-28 20:00:00+00:00,0.0001,1714320000000.0
2024-04-29 00:00:00+00:00,0.0001,1714348800000.0
2024-04-29 04:00:00+00:00,0.0001,1714348800000.0
2024-04-29 08:00:00+00:00,-5.58e-06,1714377600000.0
2024-04-29 12:00:00+00:00,-5.58e-06,1714377600000.0
2024-04-29 16:00:00+00:00,0.0001,1714406400000.0
2024-04-29 20:00:00+00:00,0.0001,1714406400000.0
2024-04-30 00:00:00+00:00,7.333e-05,1714435200000.0
2024-04-30 04:00:00+00:00,7.333e-05,1714435200000.0
2024-04-30 08:00:00+00:00,4.542e-05,1714464000000.0
2024-04-30 12:00:00+00:00,4.542e-05,1714464000000.0
2024-04-30 16:00:00+00:00,1.342e-05,1714492800000.0
2024-04-30 20:00:00+00:00,1.342e-05,1714492800000.0
2024-05-01 00:00:00+00:00,0.0001,1714521600000.0
2024-05-01 04:00:00+00:00,0.0001,1714521600000.0
2024-05-01 08:00:00+00:00,0.0001,1714550400000.0
2024-05-01 12:00:00+00:00,0.0001,1714550400000.0
2024-05-01 16:00:00+00:00,8.615e-05,1714579200000.0
2024-05-01 20:00:00+00:00,8.615e-05,1714579200000.0
2024-05-02 00:00:00+00:00,4.496e-05,1714608000000.0
2024-05-02 04:00:00+00:00,4.496e-05,1714608000000.0
2024-05-02 08:00:00+00:00,7.301e-05,1714636800000.0
2024-05-02 12:00:00+00:00,7.301e-05,1714636800000.0
2024-05-02 16:00:00+00:00,6.737e-05,1714665600000.0
2024-05-02 20:00:00+00:00,6.737e-05,1714665600000.0
2024-05-03 00:00:00+00:00,1.658e-05,1714694400000.0
2024-05-03 04:00:00+00:00,1.658e-05,1714694400000.0
2024-05-03 08:00:00+00:00,8.151e-05,1714723200000.0
2024-05-03 12:00:00+00:00,8.151e-05,1714723200000.0
2024-05-03 16:00:00+00:00,5.68e-05,1714752000000.0
2024-05-03 20:00:00+00:00,5.68e-05,1714752000000.0
2024-05-04 00:00:00+00:00,9.313e-05,1714780800000.0
2024-05-04 04:00:00+00:00,9.313e-05,1714780800000.0
2024-05-04 08:00:00+00:00,0.0001,1714809600000.0
2024-05-04 12:00:00+00:00,0.0001,1714809600000.0
2024-05-04 16:00:00+00:00,0.0001,1714838400000.0
2024-05-04 20:00:00+00:00,0.0001,1714838400000.0
2024-05-05 00:00:00+00:00,0.0001,1714867200000.0
2024-05-05 04:00:00+00:00,0.0001,1714867200000.0
2024-05-05 08:00:00+00:00,9.072e-05,1714896000000.0
2024-05-05 12:00:00+00:00,9.072e-05,1714896000000.0
2024-05-05 16:00:00+00:00,0.0001,1714924800000.0
2024-05-05 20:00:00+00:00,0.0001,1714924800000.0
2024-05-06 00:00:00+00:00,0.0001,1714953600000.0
2024-05-06 04:00:00+00:00,0.0001,1714953600000.0
2024-05-06 08:00:00+00:00,0.0001,1714982400000.0
2024-05-06 12:00:00+00:00,0.0001,1714982400000.0
2024-05-06 16:00:00+00:00,0.0001,1715011200000.0
2024-05-06 20:00:00+00:00,0.0001,1715011200000.0
2024-05-07 00:00:00+00:00,0.0001,1715040000000.0
2024-05-07 04:00:00+00:00,0.0001,1715040000000.0
2024-05-07 08:00:00+00:00,0.0001,1715068800000.0
2024-05-07 12:00:00+00:00,0.0001,1715068800000.0
2024-05-07 16:00:00+00:00,0.0001,1715097600000.0
2024-05-07 20:00:00+00:00,0.0001,1715097600000.0
2024-05-08 00:00:00+00:00,6.389e-05,1715126400000.0
2024-05-08 04:00:00+00:00,6.389e-05,1715126400000.0
2024-05-08 08:00:00+00:00,7.843e-05,1715155200000.0
2024-05-08 12:00:00+00:00,7.843e-05,1715155200000.0
2024-05-08 16:00:00+00:00,-5.227e-05,1715184000000.0
2024-05-08 20:00:00+00:00,-5.227e-05,1715184000000.0
2024-05-09 00:00:00+00:00,0.0001,1715212800000.0
2024-05-09 04:00:00+00:00,0.0001,1715212800000.0
2024-05-09 08:00:00+00:00,0.0001,1715241600000.0
2024-05-09 12:00:00+00:00,0.0001,1715241600000.0
2024-05-09 16:00:00+00:00,0.0001,1715270400000.0
2024-05-09 20:00:00+00:00,0.0001,1715270400000.0
2024-05-10 00:00:00+00:00,0.0001,1715299200000.0
2024-05-10 04:00:00+00:00,0.0001,1715299200000.0
2024-05-10 08:00:00+00:00,0.0001,1715328000000.0
2024-05-10 12:00:00+00:00,0.0001,1715328000000.0
2024-05-10 16:00:00+00:00,0.0001,1715356800000.0
2024-05-10 20:00:00+00:00,0.0001,1715356800000.0
2024-05-11 00:00:00+00:00,2.919e-05,1715385600000.0
2024-05-11 04:00:00+00:00,2.919e-05,1715385600000.0
2024-05-11 08:00:00+00:00,9.832e-05,1715414400000.0
2024-05-11 12:00:00+00:00,9.832e-05,1715414400000.0
2024-05-11 16:00:00+00:00,3.236e-05,1715443200000.0
2024-05-11 20:00:00+00:00,3.236e-05,1715443200000.0
2024-05-12 00:00:00+00:00,0.0001,1715472000000.0
2024-05-12 04:00:00+00:00,0.0001,1715472000000.0
2024-05-12 08:00:00+00:00,4.247e-05,1715500800000.0
2024-05-12 12:00:00+00:00,4.247e-05,1715500800000.0
2024-05-12 16:00:00+00:00,0.0001,1715529600000.0
2024-05-12 20:00:00+00:00,0.0001,1715529600000.0
2024-05-13 00:00:00+00:00,7.052e-05,1715558400000.0
2024-05-13 04:00:00+00:00,7.052e-05,1715558400000.0
2024-05-13 08:00:00+00:00,5.595e-05,1715587200000.0
2024-05-13 12:00:00+00:00,5.595e-05,1715587200000.0
2024-05-13 16:00:00+00:00,7.172e-05,1715616000000.0
2024-05-13 20:00:00+00:00,7.172e-05,1715616000000.0
2024-05-14 00:00:00+00:00,7.55e-05,1715644800000.0
2024-05-14 04:00:00+00:00,7.55e-05,1715644800000.0
2024-05-14 08:00:00+00:00,4.989e-05,1715673600000.0
2024-05-14 12:00:00+00:00,4.989e-05,1715673600000.0
2024-05-14 16:00:00+00:00,7.429e-05,1715702400000.0
2024-05-14 20:00:00+00:00,7.429e-05,1715702400000.0
2024-05-15 00:00:00+00:00,4.541e-05,1715731200000.0
2024-05-15 04:00:00+00:00,4.541e-05,1715731200000.0
2024-05-15 08:00:00+00:00,0.0001,1715760000000.0
2024-05-15 12:00:00+00:00,0.0001,1715760000000.0
2024-05-15 16:00:00+00:00,1.93e-05,1715788800000.0
2024-05-15 20:00:00+00:00,1.93e-05,1715788800000.0
2024-05-16 00:00:00+00:00,0.0001,1715817600000.0
2024-05-16 04:00:00+00:00,0.0001,1715817600000.0
2024-05-16 08:00:00+00:00,0.0001,1715846400000.0
2024-05-16 12:00:00+00:00,0.0001,1715846400000.0
2024-05-16 16:00:00+00:00,0.0001,1715875200000.0
2024-05-16 20:00:00+00:00,0.0001,1715875200000.0
2024-05-17 00:00:00+00:00,0.0001,1715904000000.0
2024-05-17 04:00:00+00:00,0.0001,1715904000000.0
2024-05-17 08:00:00+00:00,0.0001,1715932800000.0
2024-05-17 12:00:00+00:00,0.0001,1715932800000.0
2024-05-17 16:00:00+00:00,0.0001,1715961600000.0
2024-05-17 20:00:00+00:00,0.0001,1715961600000.0
2024-05-18 00:00:00+00:00,0.0001,1715990400000.0
2024-05-18 04:00:00+00:00,0.0001,1715990400000.0
2024-05-18 08:00:00+00:00,0.0001,1716019200000.0
2024-05-18 12:00:00+00:00,0.0001,1716019200000.0
2024-05-18 16:00:00+00:00,0.0001,1716048000000.0
2024-05-18 20:00:00+00:00,0.0001,1716048000000.0
2024-05-19 00:00:00+00:00,0.0001,1716076800000.0
2024-05-19 04:00:00+00:00,0.0001,1716076800000.0
2024-05-19 08:00:00+00:00,0.0001,1716105600000.0
2024-05-19 12:00:00+00:00,0.0001,1716105600000.0
2024-05-19 16:00:00+00:00,0.0001,1716134400000.0
2024-05-19 20:00:00+00:00,0.0001,1716134400000.0
2024-05-20 00:00:00+00:00,0.0001,1716163200000.0
2024-05-20 04:00:00+00:00,0.0001,1716163200000.0
2024-05-20 08:00:00+00:00,0.0001,1716192000000.0
2024-05-20 12:00:00+00:00,0.0001,1716192000000.0
2024-05-20 16:00:00+00:00,0.0001,1716220800000.0
2024-05-20 20:00:00+00:00,0.0001,1716220800000.0
2024-05-21 00:00:00+00:00,0.0001,1716249600000.0
2024-05-21 04:00:00+00:00,0.0001,1716249600000.0
2024-05-21 08:00:00+00:00,0.0001,1716278400000.0
2024-05-21 12:00:00+00:00,0.0001,1716278400000.0
2024-05-21 16:00:00+00:00,0.0001,1716307200000.0
2024-05-21 20:00:00+00:00,0.0001,1716307200000.0
2024-05-22 00:00:00+00:00,0.00017784,1716336000000.0
2024-05-22 04:00:00+00:00,0.00017784,1716336000000.0
2024-05-22 08:00:00+00:00,0.0001,1716364800000.0
2024-05-22 12:00:00+00:00,0.0001,1716364800000.0
2024-05-22 16:00:00+00:00,0.0001,1716393600000.0
2024-05-22 20:00:00+00:00,0.0001,1716393600000.0
2024-05-23 00:00:00+00:00,0.0001,1716422400000.0
2024-05-23 04:00:00+00:00,0.0001,1716422400000.0
2024-05-23 08:00:00+00:00,0.00014861,1716451200000.0
2024-05-23 12:00:00+00:00,0.00014861,1716451200000.0
2024-05-23 16:00:00+00:00,0.0001,1716480000000.0
2024-05-23 20:00:00+00:00,0.0001,1716480000000.0
2024-05-24 00:00:00+00:00,0.0001,1716508800000.0
2024-05-24 04:00:00+00:00,0.0001,1716508800000.0
2024-05-24 08:00:00+00:00,0.0001,1716537600000.0
2024-05-24 12:00:00+00:00,0.0001,1716537600000.0
2024-05-24 16:00:00+00:00,0.0001,1716566400000.0
2024-05-24 20:00:00+00:00,0.0001,1716566400000.0
2024-05-25 00:00:00+00:00,0.0001,1716595200000.0
2024-05-25 04:00:00+00:00,0.0001,1716595200000.0
2024-05-25 08:00:00+00:00,0.0001,1716624000000.0
2024-05-25 12:00:00+00:00,0.0001,1716624000000.0
2024-05-25 16:00:00+00:00,0.0001,1716652800000.0
2024-05-25 20:00:00+00:00,0.0001,1716652800000.0
2024-05-26 00:00:00+00:00,0.0001,1716681600000.0
2024-05-26 04:00:00+00:00,0.0001,1716681600000.0
2024-05-26 08:00:00+00:00,0.0001,1716710400000.0
2024-05-26 12:00:00+00:00,0.0001,1716710400000.0
2024-05-26 16:00:00+00:00,0.0001,1716739200000.0
2024-05-26 20:00:00+00:00,0.0001,1716739200000.0
2024-05-27 00:00:00+00:00,0.0001,1716768000000.0
2024-05-27 04:00:00+00:00,0.0001,1716768000000.0
2024-05-27 08:00:00+00:00,0.0001,1716796800000.0
2024-05-27 12:00:00+00:00,0.0001,1716796800000.0
2024-05-27 16:00:00+00:00,0.00010687,1716825600000.0
2024-05-27 20:00:00+00:00,0.00010687,1716825600000.0
2024-05-28 00:00:00+00:00,0.00015199,1716854400000.0
2024-05-28 04:00:00+00:00,0.00015199,1716854400000.0
2024-05-28 08:00:00+00:00,0.0001,1716883200000.0
2024-05-28 12:00:00+00:00,0.0001,1716883200000.0
2024-05-28 16:00:00+00:00,0.0001,1716912000000.0
2024-05-28 20:00:00+00:00,0.0001,1716912000000.0
2024-05-29 00:00:00+00:00,0.0001,1716940800000.0
2024-05-29 04:00:00+00:00,0.0001,1716940800000.0
2024-05-29 08:00:00+00:00,0.0001,1716969600000.0
2024-05-29 12:00:00+00:00,0.0001,1716969600000.0
2024-05-29 16:00:00+00:00,0.0001,1716998400000.0
2024-05-29 20:00:00+00:00,0.0001,1716998400000.0
2024-05-30 00:00:00+00:00,0.0001,1717027200000.0
2024-05-30 04:00:00+00:00,0.0001,1717027200000.0
2024-05-30 08:00:00+00:00,0.0001,1717056000000.0
2024-05-30 12:00:00+00:00,0.0001,1717056000000.0
2024-05-30 16:00:00+00:00,0.0001,1717084800000.0
2024-05-30 20:00:00+00:00,0.0001,1717084800000.0
2024-05-31 00:00:00+00:00,0.0001,1717113600000.0
2024-05-31 04:00:00+00:00,0.0001,1717113600000.0
2024-05-31 08:00:00+00:00,0.0001,1717142400000.0
2024-05-31 12:00:00+00:00,0.0001,1717142400000.0
2024-05-31 16:00:00+00:00,0.0001,1717171200000.0
2024-05-31 20:00:00+00:00,0.0001,1717171200000.0
2024-06-01 00:00:00+00:00,0.0001,1717200000000.0
2024-06-01 04:00:00+00:00,0.0001,1717200000000.0
2024-06-01 08:00:00+00:00,0.0001,1717228800000.0
2024-06-01 12:00:00+00:00,0.0001,1717228800000.0
2024-06-01 16:00:00+00:00,0.0001,1717257600000.0
2024-06-01 20:00:00+00:00,0.0001,1717257600000.0
2024-06-02 00:00:00+00:00,0.0001,1717286400000.0
2024-06-02 04:00:00+00:00,0.0001,1717286400000.0
2024-06-02 08:00:00+00:00,0.0001,1717315200000.0
2024-06-02 12:00:00+00:00,0.0001,1717315200000.0
2024-06-02 16:00:00+00:00,0.0001,1717344000000.0
2024-06-02 20:00:00+00:00,0.0001,1717344000000.0
2024-06-03 00:00:00+00:00,0.0001,1717372800000.0
2024-06-03 04:00:00+00:00,0.0001,1717372800000.0
2024-06-03 08:00:00+00:00,0.0001,1717401600000.0
2024-06-03 12:00:00+00:00,0.0001,1717401600000.0
2024-06-03 16:00:00+00:00,0.0001,1717430400000.0
2024-06-03 20:00:00+00:00,0.0001,1717430400000.0
2024-06-04 00:00:00+00:00,0.00012423,1717459200000.0
2024-06-04 04:00:00+00:00,0.00012423,1717459200000.0
2024-06-04 08:00:00+00:00,0.0001,1717488000000.0
2024-06-04 12:00:00+00:00,0.0001,1717488000000.0
2024-06-04 16:00:00+00:00,0.0001,1717516800000.0
2024-06-04 20:00:00+00:00,0.0001,1717516800000.0
2024-06-05 00:00:00+00:00,0.0001,1717545600000.0
2024-06-05 04:00:00+00:00,0.0001,1717545600000.0
2024-06-05 08:00:00+00:00,0.00017781,1717574400000.0
2024-06-05 12:00:00+00:00,0.00017781,1717574400000.0
2024-06-05 16:00:00+00:00,0.0001,1717603200000.0
2024-06-05 20:00:00+00:00,0.0001,1717603200000.0
2024-06-06 00:00:00+00:00,0.0001,1717632000000.0
2024-06-06 04:00:00+00:00,0.0001,1717632000000.0
2024-06-06 08:00:00+00:00,0.00013857,1717660800000.0
2024-06-06 12:00:00+00:00,0.00013857,1717660800000.0
2024-06-06 16:00:00+00:00,0.00018521,1717689600000.0
2024-06-06 20:00:00+00:00,0.00018521,1717689600000.0
2024-06-07 00:00:00+00:00,0.0001,1717718400000.0
2024-06-07 04:00:00+00:00,0.0001,1717718400000.0
2024-06-07 08:00:00+00:00,0.0001,1717747200000.0
2024-06-07 12:00:00+00:00,0.0001,1717747200000.0
2024-06-07 16:00:00+00:00,0.00010961,1717776000000.0
2024-06-07 20:00:00+00:00,0.00010961,1717776000000.0
2024-06-08 00:00:00+00:00,0.0001,1717804800000.0
2024-06-08 04:00:00+00:00,0.0001,1717804800000.0
2024-06-08 08:00:00+00:00,0.0001,1717833600000.0
2024-06-08 12:00:00+00:00,0.0001,1717833600000.0
2024-06-08 16:00:00+00:00,0.0001,1717862400000.0
2024-06-08 20:00:00+00:00,0.0001,1717862400000.0
2024-06-09 00:00:00+00:00,0.0001,1717891200000.0
2024-06-09 04:00:00+00:00,0.0001,1717891200000.0
2024-06-09 08:00:00+00:00,0.0001,1717920000000.0
2024-06-09 12:00:00+00:00,0.0001,1717920000000.0
2024-06-09 16:00:00+00:00,0.0001,1717948800000.0
2024-06-09 20:00:00+00:00,0.0001,1717948800000.0
2024-06-10 00:00:00+00:00,0.0001,1717977600000.0
2024-06-10 04:00:00+00:00,0.0001,1717977600000.0
2024-06-10 08:00:00+00:00,0.0001,1718006400000.0
2024-06-10 12:00:00+00:00,0.0001,1718006400000.0
2024-06-10 16:00:00+00:00,0.0001,1718035200000.0
2024-06-10 20:00:00+00:00,0.0001,1718035200000.0
2024-06-11 00:00:00+00:00,0.0001,1718064000000.0
2024-06-11 04:00:00+00:00,0.0001,1718064000000.0
2024-06-11 08:00:00+00:00,0.0001,1718092800000.0
2024-06-11 12:00:00+00:00,0.0001,1718092800000.0
2024-06-11 16:00:00+00:00,0.0001,1718121600000.0
2024-06-11 20:00:00+00:00,0.0001,1718121600000.0
2024-06-12 00:00:00+00:00,0.0001,1718150400000.0
2024-06-12 04:00:00+00:00,0.0001,1718150400000.0
2024-06-12 08:00:00+00:00,0.0001,1718179200000.0
2024-06-12 12:00:00+00:00,0.0001,1718179200000.0
2024-06-12 16:00:00+00:00,0.0001,1718208000000.0
2024-06-12 20:00:00+00:00,0.0001,1718208000000.0
2024-06-13 00:00:00+00:00,0.0001,1718236800000.0
2024-06-13 04:00:00+00:00,0.0001,1718236800000.0
2024-06-13 08:00:00+00:00,0.0001,1718265600000.0
2024-06-13 12:00:00+00:00,0.0001,1718265600000.0
2024-06-13 16:00:00+00:00,0.0001,1718294400000.0
2024-06-13 20:00:00+00:00,0.0001,1718294400000.0
2024-06-14 00:00:00+00:00,0.0001,1718323200000.0
2024-06-14 04:00:00+00:00,0.0001,1718323200000.0
2024-06-14 08:00:00+00:00,0.0001,1718352000000.0
2024-06-14 12:00:00+00:00,0.0001,1718352000000.0
2024-06-14 16:00:00+00:00,0.0001,1718380800000.0
2024-06-14 20:00:00+00:00,0.0001,1718380800000.0
2024-06-15 00:00:00+00:00,3.381e-05,1718409600000.0
2024-06-15 04:00:00+00:00,3.381e-05,1718409600000.0
2024-06-15 08:00:00+00:00,0.0001,1718438400000.0
2024-06-15 12:00:00+00:00,0.0001,1718438400000.0
2024-06-15 16:00:00+00:00,0.0001,1718467200000.0
2024-06-15 20:00:00+00:00,0.0001,1718467200000.0
2024-06-16 00:00:00+00:00,-3.1e-07,1718496000000.0
2024-06-16 04:00:00+00:00,-3.1e-07,1718496000000.0
2024-06-16 08:00:00+00:00,0.0001,1718524800000.0
2024-06-16 12:00:00+00:00,0.0001,1718524800000.0
2024-06-16 16:00:00+00:00,0.0001,1718553600000.0
2024-06-16 20:00:00+00:00,0.0001,1718553600000.0
2024-06-17 00:00:00+00:00,0.0001,1718582400000.0
2024-06-17 04:00:00+00:00,0.0001,1718582400000.0
2024-06-17 08:00:00+00:00,6.536e-05,1718611200000.0
2024-06-17 12:00:00+00:00,6.536e-05,1718611200000.0
2024-06-17 16:00:00+00:00,0.0001,1718640000000.0
2024-06-17 20:00:00+00:00,0.0001,1718640000000.0
2024-06-18 00:00:00+00:00,0.0001,1718668800000.0
2024-06-18 04:00:00+00:00,0.0001,1718668800000.0
2024-06-18 08:00:00+00:00,3.697e-05,1718697600000.0
2024-06-18 12:00:00+00:00,3.697e-05,1718697600000.0
2024-06-18 16:00:00+00:00,-5.895e-05,1718726400000.0
2024-06-18 20:00:00+00:00,-5.895e-05,1718726400000.0
2024-06-19 00:00:00+00:00,-8.519e-05,1718755200000.0
2024-06-19 04:00:00+00:00,-8.519e-05,1718755200000.0
2024-06-19 08:00:00+00:00,6.336e-05,1718784000000.0
2024-06-19 12:00:00+00:00,6.336e-05,1718784000000.0
2024-06-19 16:00:00+00:00,0.0001,1718812800000.0
2024-06-19 20:00:00+00:00,0.0001,1718812800000.0
2024-06-20 00:00:00+00:00,9.349e-05,1718841600000.0
2024-06-20 04:00:00+00:00,9.349e-05,1718841600000.0
2024-06-20 08:00:00+00:00,0.0001,1718870400000.0
2024-06-20 12:00:00+00:00,0.0001,1718870400000.0
2024-06-20 16:00:00+00:00,0.0001,1718899200000.0
2024-06-20 20:00:00+00:00,0.0001,1718899200000.0
2024-06-21 00:00:00+00:00,-1.855e-05,1718928000000.0
2024-06-21 04:00:00+00:00,-1.855e-05,1718928000000.0
2024-06-21 08:00:00+00:00,0.0001,1718956800000.0
2024-06-21 12:00:00+00:00,0.0001,1718956800000.0
2024-06-21 16:00:00+00:00,0.0001,1718985600000.0
2024-06-21 20:00:00+00:00,0.0001,1718985600000.0
2024-06-22 00:00:00+00:00,0.0001,1719014400000.0
2024-06-22 04:00:00+00:00,0.0001,1719014400000.0
2024-06-22 08:00:00+00:00,0.0001,1719043200000.0
2024-06-22 12:00:00+00:00,0.0001,1719043200000.0
2024-06-22 16:00:00+00:00,1.025e-05,1719072000000.0
2024-06-22 20:00:00+00:00,1.025e-05,1719072000000.0
2024-06-23 00:00:00+00:00,0.0001,1719100800000.0
2024-06-23 04:00:00+00:00,0.0001,1719100800000.0
2024-06-23 08:00:00+00:00,0.0001,1719129600000.0
2024-06-23 12:00:00+00:00,0.0001,1719129600000.0
2024-06-23 16:00:00+00:00,0.0001,1719158400000.0
2024-06-23 20:00:00+00:00,0.0001,1719158400000.0
2024-06-24 00:00:00+00:00,0.0001,1719187200000.0
2024-06-24 04:00:00+00:00,0.0001,1719187200000.0
2024-06-24 08:00:00+00:00,5.859e-05,1719216000000.0
2024-06-24 12:00:00+00:00,5.859e-05,1719216000000.0
2024-06-24 16:00:00+00:00,0.0001,1719244800000.0
2024-06-24 20:00:00+00:00,0.0001,1719244800000.0
2024-06-25 00:00:00+00:00,0.0001,1719273600000.0
2024-06-25 04:00:00+00:00,0.0001,1719273600000.0
2024-06-25 08:00:00+00:00,0.0001,1719302400000.0
2024-06-25 12:00:00+00:00,0.0001,1719302400000.0
2024-06-25 16:00:00+00:00,0.0001,1719331200000.0
2024-06-25 20:00:00+00:00,0.0001,1719331200000.0
2024-06-26 00:00:00+00:00,0.0001,1719360000000.0
2024-06-26 04:00:00+00:00,0.0001,1719360000000.0
2024-06-26 08:00:00+00:00,7.64e-05,1719388800000.0
2024-06-26 12:00:00+00:00,7.64e-05,1719388800000.0
2024-06-26 16:00:00+00:00,0.0001,1719417600000.0
2024-06-26 20:00:00+00:00,0.0001,1719417600000.0
2024-06-27 00:00:00+00:00,9.457e-05,1719446400000.0
2024-06-27 04:00:00+00:00,9.457e-05,1719446400000.0
2024-06-27 08:00:00+00:00,9.242e-05,1719475200000.0
2024-06-27 12:00:00+00:00,9.242e-05,1719475200000.0
2024-06-27 16:00:00+00:00,8.507e-05,1719504000000.0
2024-06-27 20:00:00+00:00,8.507e-05,1719504000000.0
2024-06-28 00:00:00+00:00,0.0001,1719532800000.0
2024-06-28 04:00:00+00:00,0.0001,1719532800000.0
2024-06-28 08:00:00+00:00,0.0001,1719561600000.0
2024-06-28 12:00:00+00:00,0.0001,1719561600000.0
2024-06-28 16:00:00+00:00,0.0001,1719590400000.0
2024-06-28 20:00:00+00:00,0.0001,1719590400000.0
2024-06-29 00:00:00+00:00,0.0001,1719619200000.0
2024-06-29 04:00:00+00:00,0.0001,1719619200000.0
2024-06-29 08:00:00+00:00,0.0001,1719648000000.0
2024-06-29 12:00:00+00:00,0.0001,1719648000000.0
2024-06-29 16:00:00+00:00,0.0001,1719676800000.0
2024-06-29 20:00:00+00:00,0.0001,1719676800000.0
2024-06-30 00:00:00+00:00,0.0001,1719705600000.0
2024-06-30 04:00:00+00:00,0.0001,1719705600000.0
2024-06-30 08:00:00+00:00,0.0001,1719734400000.0
2024-06-30 12:00:00+00:00,0.0001,1719734400000.0
2024-06-30 16:00:00+00:00,0.0001,1719763200000.0
2024-06-30 20:00:00+00:00,0.0001,1719763200000.0
2024-07-01 00:00:00+00:00,2.455e-05,1719792000000.0
2024-07-01 04:00:00+00:00,2.455e-05,1719792000000.0
2024-07-01 08:00:00+00:00,9.271e-05,1719820800000.0
2024-07-01 12:00:00+00:00,9.271e-05,1719820800000.0
2024-07-01 16:00:00+00:00,0.0001,1719849600000.0
2024-07-01 20:00:00+00:00,0.0001,1719849600000.0
2024-07-02 00:00:00+00:00,0.0001,1719878400000.0
2024-07-02 04:00:00+00:00,0.0001,1719878400000.0
2024-07-02 08:00:00+00:00,-1.975e-05,1719907200000.0
2024-07-02 12:00:00+00:00,-1.975e-05,1719907200000.0
2024-07-02 16:00:00+00:00,0.0001,1719936000000.0
2024-07-02 20:00:00+00:00,0.0001,1719936000000.0
2024-07-03 00:00:00+00:00,8.32e-05,1719964800000.0
2024-07-03 04:00:00+00:00,8.32e-05,1719964800000.0
2024-07-03 08:00:00+00:00,0.0001,1719993600000.0
2024-07-03 12:00:00+00:00,0.0001,1719993600000.0
2024-07-03 16:00:00+00:00,0.0001,1720022400000.0
2024-07-03 20:00:00+00:00,0.0001,1720022400000.0
2024-07-04 00:00:00+00:00,0.0001,1720051200000.0
2024-07-04 04:00:00+00:00,0.0001,1720051200000.0
2024-07-04 08:00:00+00:00,8.856e-05,1720080000000.0
2024-07-04 12:00:00+00:00,8.856e-05,1720080000000.0
2024-07-04 16:00:00+00:00,5.157e-05,1720108800000.0
2024-07-04 20:00:00+00:00,5.157e-05,1720108800000.0
2024-07-05 00:00:00+00:00,-3.982e-05,1720137600000.0
2024-07-05 04:00:00+00:00,-3.982e-05,1720137600000.0
2024-07-05 08:00:00+00:00,-9.621e-05,1720166400000.0
2024-07-05 12:00:00+00:00,-9.621e-05,1720166400000.0
2024-07-05 16:00:00+00:00,-3.773e-05,1720195200000.0
2024-07-05 20:00:00+00:00,-3.773e-05,1720195200000.0
2024-07-06 00:00:00+00:00,8.947e-05,1720224000000.0
2024-07-06 04:00:00+00:00,8.947e-05,1720224000000.0
2024-07-06 08:00:00+00:00,9.397e-05,1720252800000.0
2024-07-06 12:00:00+00:00,9.397e-05,1720252800000.0
2024-07-06 16:00:00+00:00,1.815e-05,1720281600000.0
2024-07-06 20:00:00+00:00,1.815e-05,1720281600000.0
2024-07-07 00:00:00+00:00,1.359e-05,1720310400000.0
2024-07-07 04:00:00+00:00,1.359e-05,1720310400000.0
2024-07-07 08:00:00+00:00,8.268e-05,1720339200000.0
2024-07-07 12:00:00+00:00,8.268e-05,1720339200000.0
2024-07-07 16:00:00+00:00,3.85e-05,1720368000000.0
2024-07-07 20:00:00+00:00,3.85e-05,1720368000000.0
2024-07-08 00:00:00+00:00,0.0001,1720396800000.0
2024-07-08 04:00:00+00:00,0.0001,1720396800000.0
2024-07-08 08:00:00+00:00,5.397e-05,1720425600000.0
2024-07-08 12:00:00+00:00,5.397e-05,1720425600000.0
2024-07-08 16:00:00+00:00,0.0001,1720454400000.0
2024-07-08 20:00:00+00:00,0.0001,1720454400000.0
2024-07-09 00:00:00+00:00,7.55e-05,1720483200000.0
2024-07-09 04:00:00+00:00,7.55e-05,1720483200000.0
2024-07-09 08:00:00+00:00,5.026e-05,1720512000000.0
2024-07-09 12:00:00+00:00,5.026e-05,1720512000000.0
2024-07-09 16:00:00+00:00,7.478e-05,1720540800000.0
2024-07-09 20:00:00+00:00,7.478e-05,1720540800000.0
2024-07-10 00:00:00+00:00,0.0001,1720569600000.0
2024-07-10 04:00:00+00:00,0.0001,1720569600000.0
2024-07-10 08:00:00+00:00,0.0001,1720598400000.0
2024-07-10 12:00:00+00:00,0.0001,1720598400000.0
2024-07-10 16:00:00+00:00,0.0001,1720627200000.0
2024-07-10 20:00:00+00:00,0.0001,1720627200000.0
2024-07-11 00:00:00+00:00,0.0001,1720656000000.0
2024-07-11 04:00:00+00:00,0.0001,1720656000000.0
2024-07-11 08:00:00+00:00,-1.561e-05,1720684800000.0
2024-07-11 12:00:00+00:00,-1.561e-05,1720684800000.0
2024-07-11 16:00:00+00:00,-1.558e-05,1720713600000.0
2024-07-11 20:00:00+00:00,-1.558e-05,1720713600000.0
2024-07-12 00:00:00+00:00,7.625e-05,1720742400000.0
2024-07-12 04:00:00+00:00,7.625e-05,1720742400000.0
2024-07-12 08:00:00+00:00,-2.875e-05,1720771200000.0
2024-07-12 12:00:00+00:00,-2.875e-05,1720771200000.0
2024-07-12 16:00:00+00:00,-5.151e-05,1720800000000.0
2024-07-12 20:00:00+00:00,-5.151e-05,1720800000000.0
2024-07-13 00:00:00+00:00,3.355e-05,1720828800000.0
2024-07-13 04:00:00+00:00,3.355e-05,1720828800000.0
2024-07-13 08:00:00+00:00,-4.316e-05,1720857600000.0
2024-07-13 12:00:00+00:00,-4.316e-05,1720857600000.0
2024-07-13 16:00:00+00:00,-2.717e-05,1720886400000.0
2024-07-13 20:00:00+00:00,-2.717e-05,1720886400000.0
2024-07-14 00:00:00+00:00,0.0001,1720915200000.0
2024-07-14 04:00:00+00:00,0.0001,1720915200000.0
2024-07-14 08:00:00+00:00,8.97e-06,1720944000000.0
2024-07-14 12:00:00+00:00,8.97e-06,1720944000000.0
2024-07-14 16:00:00+00:00,7.511e-05,1720972800000.0
2024-07-14 20:00:00+00:00,7.511e-05,1720972800000.0
2024-07-15 00:00:00+00:00,0.0001,1721001600000.0
2024-07-15 04:00:00+00:00,0.0001,1721001600000.0
2024-07-15 08:00:00+00:00,8.866e-05,1721030400000.0
2024-07-15 12:00:00+00:00,8.866e-05,1721030400000.0
2024-07-15 16:00:00+00:00,6.146e-05,1721059200000.0
2024-07-15 20:00:00+00:00,6.146e-05,1721059200000.0
2024-07-16 00:00:00+00:00,0.0001,1721088000000.0
2024-07-16 04:00:00+00:00,0.0001,1721088000000.0
2024-07-16 08:00:00+00:00,3.504e-05,1721116800000.0
2024-07-16 12:00:00+00:00,3.504e-05,1721116800000.0
2024-07-16 16:00:00+00:00,0.0001,1721145600000.0
2024-07-16 20:00:00+00:00,0.0001,1721145600000.0
2024-07-17 00:00:00+00:00,3.684e-05,1721174400000.0
2024-07-17 04:00:00+00:00,3.684e-05,1721174400000.0
2024-07-17 08:00:00+00:00,0.0001,1721203200000.0
2024-07-17 12:00:00+00:00,0.0001,1721203200000.0
2024-07-17 16:00:00+00:00,0.0001,1721232000000.0
2024-07-17 20:00:00+00:00,0.0001,1721232000000.0
2024-07-18 00:00:00+00:00,7.668e-05,1721260800000.0
2024-07-18 04:00:00+00:00,7.668e-05,1721260800000.0
2024-07-18 08:00:00+00:00,9.935e-05,1721289600000.0
2024-07-18 12:00:00+00:00,9.935e-05,1721289600000.0
2024-07-18 16:00:00+00:00,8.093e-05,1721318400000.0
2024-07-18 20:00:00+00:00,8.093e-05,1721318400000.0
2024-07-19 00:00:00+00:00,4.949e-05,1721347200000.0
2024-07-19 04:00:00+00:00,4.949e-05,1721347200000.0
2024-07-19 08:00:00+00:00,9.547e-05,1721376000000.0
2024-07-19 12:00:00+00:00,9.547e-05,1721376000000.0
2024-07-19 16:00:00+00:00,0.0001,1721404800000.0
2024-07-19 20:00:00+00:00,0.0001,1721404800000.0
2024-07-20 00:00:00+00:00,0.0001,1721433600000.0
2024-07-20 04:00:00+00:00,0.0001,1721433600000.0
2024-07-20 08:00:00+00:00,0.0001,1721462400000.0
2024-07-20 12:00:00+00:00,0.0001,1721462400000.0
2024-07-20 16:00:00+00:00,-6.08e-06,1721491200000.0
2024-07-20 20:00:00+00:00,-6.08e-06,1721491200000.0
2024-07-21 00:00:00+00:00,0.0001,1721520000000.0
2024-07-21 04:00:00+00:00,0.0001,1721520000000.0
2024-07-21 08:00:00+00:00,0.0001,1721548800000.0
2024-07-21 12:00:00+00:00,0.0001,1721548800000.0
2024-07-21 16:00:00+00:00,0.0001,1721577600000.0
2024-07-21 20:00:00+00:00,0.0001,1721577600000.0
2024-07-22 00:00:00+00:00,1.366e-05,1721606400000.0
2024-07-22 04:00:00+00:00,1.366e-05,1721606400000.0
2024-07-22 08:00:00+00:00,8.29e-06,1721635200000.0
2024-07-22 12:00:00+00:00,8.29e-06,1721635200000.0
2024-07-22 16:00:00+00:00,0.0001,1721664000000.0
2024-07-22 20:00:00+00:00,0.0001,1721664000000.0
2024-07-23 00:00:00+00:00,0.0001,1721692800000.0
2024-07-23 04:00:00+00:00,0.0001,1721692800000.0
2024-07-23 08:00:00+00:00,-4.04e-05,1721721600000.0
2024-07-23 12:00:00+00:00,-4.04e-05,1721721600000.0
2024-07-23 16:00:00+00:00,9.728e-05,1721750400000.0
2024-07-23 20:00:00+00:00,9.728e-05,1721750400000.0
2024-07-24 00:00:00+00:00,0.0001,1721779200000.0
2024-07-24 04:00:00+00:00,0.0001,1721779200000.0
2024-07-24 08:00:00+00:00,2.478e-05,1721808000000.0
2024-07-24 12:00:00+00:00,2.478e-05,1721808000000.0
2024-07-24 16:00:00+00:00,0.0001,1721836800000.0
2024-07-24 20:00:00+00:00,0.0001,1721836800000.0
2024-07-25 00:00:00+00:00,0.0001,1721865600000.0
2024-07-25 04:00:00+00:00,0.0001,1721865600000.0
2024-07-25 08:00:00+00:00,0.0001,1721894400000.0
2024-07-25 12:00:00+00:00,0.0001,1721894400000.0
2024-07-25 16:00:00+00:00,9.32e-06,1721923200000.0
2024-07-25 20:00:00+00:00,9.32e-06,1721923200000.0
2024-07-26 00:00:00+00:00,-3.068e-05,1721952000000.0
2024-07-26 04:00:00+00:00,-3.068e-05,1721952000000.0
2024-07-26 08:00:00+00:00,0.0001,1721980800000.0
2024-07-26 12:00:00+00:00,0.0001,1721980800000.0
2024-07-26 16:00:00+00:00,0.0001,1722009600000.0
2024-07-26 20:00:00+00:00,0.0001,1722009600000.0
2024-07-27 00:00:00+00:00,0.0001,1722038400000.0
2024-07-27 04:00:00+00:00,0.0001,1722038400000.0
2024-07-27 08:00:00+00:00,0.0001,1722067200000.0
2024-07-27 12:00:00+00:00,0.0001,1722067200000.0
2024-07-27 16:00:00+00:00,0.0001,1722096000000.0
2024-07-27 20:00:00+00:00,0.0001,1722096000000.0
2024-07-28 00:00:00+00:00,0.0001,1722124800000.0
2024-07-28 04:00:00+00:00,0.0001,1722124800000.0
2024-07-28 08:00:00+00:00,0.0001,1722153600000.0
2024-07-28 12:00:00+00:00,0.0001,1722153600000.0
2024-07-28 16:00:00+00:00,2.334e-05,1722182400000.0
2024-07-28 20:00:00+00:00,2.334e-05,1722182400000.0
2024-07-29 00:00:00+00:00,0.0001,1722211200000.0
2024-07-29 04:00:00+00:00,0.0001,1722211200000.0
2024-07-29 08:00:00+00:00,0.0001,1722240000000.0
2024-07-29 12:00:00+00:00,0.0001,1722240000000.0
2024-07-29 16:00:00+00:00,0.0001,1722268800000.0
2024-07-29 20:00:00+00:00,0.0001,1722268800000.0
2024-07-30 00:00:00+00:00,6.004e-05,1722297600000.0
2024-07-30 04:00:00+00:00,6.004e-05,1722297600000.0
2024-07-30 08:00:00+00:00,1.907e-05,1722326400000.0
2024-07-30 12:00:00+00:00,1.907e-05,1722326400000.0
2024-07-30 16:00:00+00:00,2.172e-05,1722355200000.0
2024-07-30 20:00:00+00:00,2.172e-05,1722355200000.0
2024-07-31 00:00:00+00:00,-2.495e-05,1722384000000.0
2024-07-31 04:00:00+00:00,-2.495e-05,1722384000000.0
2024-07-31 08:00:00+00:00,8.019e-05,1722412800000.0
2024-07-31 12:00:00+00:00,8.019e-05,1722412800000.0
2024-07-31 16:00:00+00:00,5.533e-05,1722441600000.0
2024-07-31 20:00:00+00:00,5.533e-05,1722441600000.0
2024-08-01 00:00:00+00:00,3.484e-05,1722470400000.0
2024-08-01 04:00:00+00:00,3.484e-05,1722470400000.0
2024-08-01 08:00:00+00:00,-0.00016228,1722499200000.0
2024-08-01 12:00:00+00:00,-0.00016228,1722499200000.0
2024-08-01 16:00:00+00:00,6.27e-05,1722528000000.0
2024-08-01 20:00:00+00:00,6.27e-05,1722528000000.0
2024-08-02 00:00:00+00:00,6.04e-05,1722556800000.0
2024-08-02 04:00:00+00:00,6.04e-05,1722556800000.0
2024-08-02 08:00:00+00:00,0.0001,1722585600000.0
2024-08-02 12:00:00+00:00,0.0001,1722585600000.0
2024-08-02 16:00:00+00:00,-7.37e-06,1722614400000.0
2024-08-02 20:00:00+00:00,-7.37e-06,1722614400000.0
2024-08-03 00:00:00+00:00,3.66e-05,1722643200000.0
2024-08-03 04:00:00+00:00,3.66e-05,1722643200000.0
2024-08-03 08:00:00+00:00,-2.984e-05,1722672000000.0
2024-08-03 12:00:00+00:00,-2.984e-05,1722672000000.0
2024-08-03 16:00:00+00:00,3.339e-05,1722700800000.0
2024-08-03 20:00:00+00:00,3.339e-05,1722700800000.0
2024-08-04 00:00:00+00:00,-5.196e-05,1722729600000.0
2024-08-04 04:00:00+00:00,-5.196e-05,1722729600000.0
2024-08-04 08:00:00+00:00,2.056e-05,1722758400000.0
2024-08-04 12:00:00+00:00,2.056e-05,1722758400000.0
2024-08-04 16:00:00+00:00,-6.25e-06,1722787200000.0
2024-08-04 20:00:00+00:00,-6.25e-06,1722787200000.0
2024-08-05 00:00:00+00:00,3.281e-05,1722816000000.0
2024-08-05 04:00:00+00:00,3.281e-05,1722816000000.0
2024-08-05 08:00:00+00:00,-0.00019238,1722844800000.0
2024-08-05 12:00:00+00:00,-0.00019238,1722844800000.0
2024-08-05 16:00:00+00:00,1.004e-05,1722873600000.0
2024-08-05 20:00:00+00:00,1.004e-05,1722873600000.0
2024-08-06 00:00:00+00:00,9.706e-05,1722902400000.0
2024-08-06 04:00:00+00:00,9.706e-05,1722902400000.0
2024-08-06 08:00:00+00:00,4.563e-05,1722931200000.0
2024-08-06 12:00:00+00:00,4.563e-05,1722931200000.0
2024-08-06 16:00:00+00:00,0.0001,1722960000000.0
2024-08-06 20:00:00+00:00,0.0001,1722960000000.0
2024-08-07 00:00:00+00:00,2.48e-05,1722988800000.0
2024-08-07 04:00:00+00:00,2.48e-05,1722988800000.0
2024-08-07 08:00:00+00:00,-3.696e-05,1723017600000.0
2024-08-07 12:00:00+00:00,-3.696e-05,1723017600000.0
2024-08-07 16:00:00+00:00,0.0001,1723046400000.0
2024-08-07 20:00:00+00:00,0.0001,1723046400000.0
2024-08-08 00:00:00+00:00,0.0001,1723075200000.0
2024-08-08 04:00:00+00:00,0.0001,1723075200000.0
2024-08-08 08:00:00+00:00,9.866e-05,1723104000000.0
2024-08-08 12:00:00+00:00,9.866e-05,1723104000000.0
2024-08-08 16:00:00+00:00,7.82e-05,1723132800000.0
2024-08-08 20:00:00+00:00,7.82e-05,1723132800000.0
2024-08-09 00:00:00+00:00,-8.032e-05,1723161600000.0
2024-08-09 04:00:00+00:00,-8.032e-05,1723161600000.0
2024-08-09 08:00:00+00:00,3.13e-05,1723190400000.0
2024-08-09 12:00:00+00:00,3.13e-05,1723190400000.0
2024-08-09 16:00:00+00:00,-3.029e-05,1723219200000.0
2024-08-09 20:00:00+00:00,-3.029e-05,1723219200000.0
2024-08-10 00:00:00+00:00,4.491e-05,1723248000000.0
2024-08-10 04:00:00+00:00,4.491e-05,1723248000000.0
2024-08-10 08:00:00+00:00,0.0001,1723276800000.0
2024-08-10 12:00:00+00:00,0.0001,1723276800000.0
2024-08-10 16:00:00+00:00,-3.616e-05,1723305600000.0
2024-08-10 20:00:00+00:00,-3.616e-05,1723305600000.0
2024-08-11 00:00:00+00:00,0.0001,1723334400000.0
2024-08-11 04:00:00+00:00,0.0001,1723334400000.0
2024-08-11 08:00:00+00:00,3.795e-05,1723363200000.0
2024-08-11 12:00:00+00:00,3.795e-05,1723363200000.0
2024-08-11 16:00:00+00:00,-6.662e-05,1723392000000.0
2024-08-11 20:00:00+00:00,-6.662e-05,1723392000000.0
2024-08-12 00:00:00+00:00,-6.78e-06,1723420800000.0
2024-08-12 04:00:00+00:00,-6.78e-06,1723420800000.0
2024-08-12 08:00:00+00:00,2.34e-06,1723449600000.0
2024-08-12 12:00:00+00:00,2.34e-06,1723449600000.0
2024-08-12 16:00:00+00:00,5.385e-05,1723478400000.0
2024-08-12 20:00:00+00:00,5.385e-05,1723478400000.0
2024-08-13 00:00:00+00:00,-0.00010791,1723507200000.0
2024-08-13 04:00:00+00:00,-0.00010791,1723507200000.0
2024-08-13 08:00:00+00:00,6.855e-05,1723536000000.0
2024-08-13 12:00:00+00:00,6.855e-05,1723536000000.0
2024-08-13 16:00:00+00:00,4.926e-05,1723564800000.0
2024-08-13 20:00:00+00:00,4.926e-05,1723564800000.0
2024-08-14 00:00:00+00:00,0.0001,1723593600000.0
2024-08-14 04:00:00+00:00,0.0001,1723593600000.0
2024-08-14 08:00:00+00:00,6.666e-05,1723622400000.0
2024-08-14 12:00:00+00:00,6.666e-05,1723622400000.0
2024-08-14 16:00:00+00:00,7.194e-05,1723651200000.0
2024-08-14 20:00:00+00:00,7.194e-05,1723651200000.0
2024-08-15 00:00:00+00:00,2.751e-05,1723680000000.0
2024-08-15 04:00:00+00:00,2.751e-05,1723680000000.0
2024-08-15 08:00:00+00:00,3.32e-05,1723708800000.0
2024-08-15 12:00:00+00:00,3.32e-05,1723708800000.0
2024-08-15 16:00:00+00:00,0.0001,1723737600000.0
2024-08-15 20:00:00+00:00,0.0001,1723737600000.0
2024-08-16 00:00:00+00:00,-3.5e-05,1723766400000.0
2024-08-16 04:00:00+00:00,-3.5e-05,1723766400000.0
2024-08-16 08:00:00+00:00,-3.332e-05,1723795200000.0
2024-08-16 12:00:00+00:00,-3.332e-05,1723795200000.0
2024-08-16 16:00:00+00:00,-0.00010952,1723824000000.0
2024-08-16 20:00:00+00:00,-0.00010952,1723824000000.0
2024-08-17 00:00:00+00:00,0.0001,1723852800000.0
2024-08-17 04:00:00+00:00,0.0001,1723852800000.0
2024-08-17 08:00:00+00:00,3.939e-05,1723881600000.0
2024-08-17 12:00:00+00:00,3.939e-05,1723881600000.0
2024-08-17 16:00:00+00:00,9.134e-05,1723910400000.0
2024-08-17 20:00:00+00:00,9.134e-05,1723910400000.0
2024-08-18 00:00:00+00:00,7.828e-05,1723939200000.0
2024-08-18 04:00:00+00:00,7.828e-05,1723939200000.0
2024-08-18 08:00:00+00:00,0.0001,1723968000000.0
2024-08-18 12:00:00+00:00,0.0001,1723968000000.0
2024-08-18 16:00:00+00:00,0.0001,1723996800000.0
2024-08-18 20:00:00+00:00,0.0001,1723996800000.0
2024-08-19 00:00:00+00:00,4.702e-05,1724025600000.0
2024-08-19 04:00:00+00:00,4.702e-05,1724025600000.0
2024-08-19 08:00:00+00:00,-1.033e-05,1724054400000.0
2024-08-19 12:00:00+00:00,-1.033e-05,1724054400000.0
2024-08-19 16:00:00+00:00,9.73e-06,1724083200000.0
2024-08-19 20:00:00+00:00,9.73e-06,1724083200000.0
2024-08-20 00:00:00+00:00,0.0001,1724112000000.0
2024-08-20 04:00:00+00:00,0.0001,1724112000000.0
2024-08-20 08:00:00+00:00,2.058e-05,1724140800000.0
2024-08-20 12:00:00+00:00,2.058e-05,1724140800000.0
2024-08-20 16:00:00+00:00,3.982e-05,1724169600000.0
2024-08-20 20:00:00+00:00,3.982e-05,1724169600000.0
2024-08-21 00:00:00+00:00,6.663e-05,1724198400000.0
2024-08-21 04:00:00+00:00,6.663e-05,1724198400000.0
2024-08-21 08:00:00+00:00,-8.505e-05,1724227200000.0
2024-08-21 12:00:00+00:00,-8.505e-05,1724227200000.0
2024-08-21 16:00:00+00:00,3.789e-05,1724256000000.0
2024-08-21 20:00:00+00:00,3.789e-05,1724256000000.0
2024-08-22 00:00:00+00:00,5.619e-05,1724284800000.0
2024-08-22 04:00:00+00:00,5.619e-05,1724284800000.0
2024-08-22 08:00:00+00:00,9.841e-05,1724313600000.0
2024-08-22 12:00:00+00:00,9.841e-05,1724313600000.0
2024-08-22 16:00:00+00:00,0.0001,1724342400000.0
2024-08-22 20:00:00+00:00,0.0001,1724342400000.0
2024-08-23 00:00:00+00:00,4.052e-05,1724371200000.0
2024-08-23 04:00:00+00:00,4.052e-05,1724371200000.0
2024-08-23 08:00:00+00:00,4.562e-05,1724400000000.0
2024-08-23 12:00:00+00:00,4.562e-05,1724400000000.0
2024-08-23 16:00:00+00:00,1.646e-05,1724428800000.0
2024-08-23 20:00:00+00:00,1.646e-05,1724428800000.0
2024-08-24 00:00:00+00:00,0.0001,1724457600000.0
2024-08-24 04:00:00+00:00,0.0001,1724457600000.0
2024-08-24 08:00:00+00:00,6.001e-05,1724486400000.0
2024-08-24 12:00:00+00:00,6.001e-05,1724486400000.0
2024-08-24 16:00:00+00:00,0.0001,1724515200000.0
2024-08-24 20:00:00+00:00,0.0001,1724515200000.0
2024-08-25 00:00:00+00:00,8.876e-05,1724544000000.0
2024-08-25 04:00:00+00:00,8.876e-05,1724544000000.0
2024-08-25 08:00:00+00:00,5.018e-05,1724572800000.0
2024-08-25 12:00:00+00:00,5.018e-05,1724572800000.0
2024-08-25 16:00:00+00:00,5.214e-05,1724601600000.0
2024-08-25 20:00:00+00:00,5.214e-05,1724601600000.0
2024-08-26 00:00:00+00:00,-2.881e-05,1724630400000.0
2024-08-26 04:00:00+00:00,-2.881e-05,1724630400000.0
2024-08-26 08:00:00+00:00,7.779e-05,1724659200000.0
2024-08-26 12:00:00+00:00,7.779e-05,1724659200000.0
2024-08-26 16:00:00+00:00,9.549e-05,1724688000000.0
2024-08-26 20:00:00+00:00,9.549e-05,1724688000000.0
2024-08-27 00:00:00+00:00,-2.702e-05,1724716800000.0
2024-08-27 04:00:00+00:00,-2.702e-05,1724716800000.0
2024-08-27 08:00:00+00:00,-0.00012738,1724745600000.0
2024-08-27 12:00:00+00:00,-0.00012738,1724745600000.0
2024-08-27 16:00:00+00:00,0.0001,1724774400000.0
2024-08-27 20:00:00+00:00,0.0001,1724774400000.0
2024-08-28 00:00:00+00:00,-2.182e-05,1724803200000.0
2024-08-28 04:00:00+00:00,-2.182e-05,1724803200000.0
2024-08-28 08:00:00+00:00,-2.053e-05,1724832000000.0
2024-08-28 12:00:00+00:00,-2.053e-05,1724832000000.0
2024-08-28 16:00:00+00:00,1.536e-05,1724860800000.0
2024-08-28 20:00:00+00:00,1.536e-05,1724860800000.0
2024-08-29 00:00:00+00:00,2.983e-05,1724889600000.0
2024-08-29 04:00:00+00:00,2.983e-05,1724889600000.0
2024-08-29 08:00:00+00:00,-7.51e-06,1724918400000.0
2024-08-29 12:00:00+00:00,-7.51e-06,1724918400000.0
2024-08-29 16:00:00+00:00,8.678e-05,1724947200000.0
2024-08-29 20:00:00+00:00,8.678e-05,1724947200000.0
2024-08-30 00:00:00+00:00,8.147e-05,1724976000000.0
2024-08-30 04:00:00+00:00,8.147e-05,1724976000000.0
2024-08-30 08:00:00+00:00,0.0001,1725004800000.0
2024-08-30 12:00:00+00:00,0.0001,1725004800000.0
2024-08-30 16:00:00+00:00,-7.02e-06,1725033600000.0
2024-08-30 20:00:00+00:00,-7.02e-06,1725033600000.0
2024-08-31 00:00:00+00:00,4.461e-05,1725062400000.0
2024-08-31 04:00:00+00:00,4.461e-05,1725062400000.0
2024-08-31 08:00:00+00:00,-5.25e-06,1725091200000.0
2024-08-31 12:00:00+00:00,-5.25e-06,1725091200000.0
2024-08-31 16:00:00+00:00,3.384e-05,1725120000000.0
2024-08-31 20:00:00+00:00,3.384e-05,1725120000000.0
2024-09-01 00:00:00+00:00,3e-06,1725148800000.0
2024-09-01 04:00:00+00:00,3e-06,1725148800000.0
2024-09-01 08:00:00+00:00,3.933e-05,1725177600000.0
2024-09-01 12:00:00+00:00,3.933e-05,1725177600000.0
2024-09-01 16:00:00+00:00,4.087e-05,1725206400000.0
2024-09-01 20:00:00+00:00,4.087e-05,1725206400000.0
2024-09-02 00:00:00+00:00,-7.203e-05,1725235200000.0
2024-09-02 04:00:00+00:00,-7.203e-05,1725235200000.0
2024-09-02 08:00:00+00:00,-3.28e-05,1725264000000.0
2024-09-02 12:00:00+00:00,-3.28e-05,1725264000000.0
2024-09-02 16:00:00+00:00,-4.859e-05,1725292800000.0
2024-09-02 20:00:00+00:00,-4.859e-05,1725292800000.0
2024-09-03 00:00:00+00:00,-4.95e-05,1725321600000.0
2024-09-03 04:00:00+00:00,-4.95e-05,1725321600000.0
2024-09-03 08:00:00+00:00,-3.928e-05,1725350400000.0
2024-09-03 12:00:00+00:00,-3.928e-05,1725350400000.0
2024-09-03 16:00:00+00:00,-6.667e-05,1725379200000.0
2024-09-03 20:00:00+00:00,-6.667e-05,1725379200000.0
2024-09-04 00:00:00+00:00,7.13e-05,1725408000000.0
2024-09-04 04:00:00+00:00,7.13e-05,1725408000000.0
2024-09-04 08:00:00+00:00,4.111e-05,1725436800000.0
2024-09-04 12:00:00+00:00,4.111e-05,1725436800000.0
2024-09-04 16:00:00+00:00,3.928e-05,1725465600000.0
2024-09-04 20:00:00+00:00,3.928e-05,1725465600000.0
2024-09-05 00:00:00+00:00,8.553e-05,1725494400000.0
2024-09-05 04:00:00+00:00,8.553e-05,1725494400000.0
2024-09-05 08:00:00+00:00,5.167e-05,1725523200000.0
2024-09-05 12:00:00+00:00,5.167e-05,1725523200000.0
2024-09-05 16:00:00+00:00,-7.469e-05,1725552000000.0
2024-09-05 20:00:00+00:00,-7.469e-05,1725552000000.0
2024-09-06 00:00:00+00:00,0.0001,1725580800000.0
2024-09-06 04:00:00+00:00,0.0001,1725580800000.0
2024-09-06 08:00:00+00:00,0.0001,1725609600000.0
2024-09-06 12:00:00+00:00,0.0001,1725609600000.0
2024-09-06 16:00:00+00:00,2.736e-05,1725638400000.0
2024-09-06 20:00:00+00:00,2.736e-05,1725638400000.0
2024-09-07 00:00:00+00:00,-0.0001041,1725667200000.0
2024-09-07 04:00:00+00:00,-0.0001041,1725667200000.0
2024-09-07 08:00:00+00:00,-2.63e-05,1725696000000.0
2024-09-07 12:00:00+00:00,-2.63e-05,1725696000000.0
2024-09-07 16:00:00+00:00,0.0001,1725724800000.0
2024-09-07 20:00:00+00:00,0.0001,1725724800000.0
2024-09-08 00:00:00+00:00,2.636e-05,1725753600000.0
2024-09-08 04:00:00+00:00,2.636e-05,1725753600000.0
2024-09-08 08:00:00+00:00,-3.962e-05,1725782400000.0
2024-09-08 12:00:00+00:00,-3.962e-05,1725782400000.0
2024-09-08 16:00:00+00:00,-6.478e-05,1725811200000.0
2024-09-08 20:00:00+00:00,-6.478e-05,1725811200000.0
2024-09-09 00:00:00+00:00,4.005e-05,1725840000000.0
2024-09-09 04:00:00+00:00,4.005e-05,1725840000000.0
2024-09-09 08:00:00+00:00,9.045e-05,1725868800000.0
2024-09-09 12:00:00+00:00,9.045e-05,1725868800000.0
2024-09-09 16:00:00+00:00,8.084e-05,1725897600000.0
2024-09-09 20:00:00+00:00,8.084e-05,1725897600000.0
2024-09-10 00:00:00+00:00,0.0001,1725926400000.0
2024-09-10 04:00:00+00:00,0.0001,1725926400000.0
2024-09-10 08:00:00+00:00,0.0001,1725955200000.0
2024-09-10 12:00:00+00:00,0.0001,1725955200000.0
2024-09-10 16:00:00+00:00,7.381e-05,1725984000000.0
2024-09-10 20:00:00+00:00,7.381e-05,1725984000000.0
2024-09-11 00:00:00+00:00,0.0001,1726012800000.0
2024-09-11 04:00:00+00:00,0.0001,1726012800000.0
2024-09-11 08:00:00+00:00,4.013e-05,1726041600000.0
2024-09-11 12:00:00+00:00,4.013e-05,1726041600000.0
2024-09-11 16:00:00+00:00,7.539e-05,1726070400000.0
2024-09-11 20:00:00+00:00,7.539e-05,1726070400000.0
2024-09-12 00:00:00+00:00,9.428e-05,1726099200000.0
2024-09-12 04:00:00+00:00,9.428e-05,1726099200000.0
2024-09-12 08:00:00+00:00,7.001e-05,1726128000000.0
2024-09-12 12:00:00+00:00,7.001e-05,1726128000000.0
2024-09-12 16:00:00+00:00,8.873e-05,1726156800000.0
2024-09-12 20:00:00+00:00,8.873e-05,1726156800000.0
2024-09-13 00:00:00+00:00,0.0001,1726185600000.0
2024-09-13 04:00:00+00:00,0.0001,1726185600000.0
2024-09-13 08:00:00+00:00,5.151e-05,1726214400000.0
2024-09-13 12:00:00+00:00,5.151e-05,1726214400000.0
2024-09-13 16:00:00+00:00,0.0001,1726243200000.0
2024-09-13 20:00:00+00:00,0.0001,1726243200000.0
2024-09-14 00:00:00+00:00,-4.913e-05,1726272000000.0
2024-09-14 04:00:00+00:00,-4.913e-05,1726272000000.0
2024-09-14 08:00:00+00:00,-5.972e-05,1726300800000.0
2024-09-14 12:00:00+00:00,-5.972e-05,1726300800000.0
2024-09-14 16:00:00+00:00,7.279e-05,1726329600000.0
2024-09-14 20:00:00+00:00,7.279e-05,1726329600000.0
2024-09-15 00:00:00+00:00,6.504e-05,1726358400000.0
2024-09-15 04:00:00+00:00,6.504e-05,1726358400000.0
2024-09-15 08:00:00+00:00,4.333e-05,1726387200000.0
2024-09-15 12:00:00+00:00,4.333e-05,1726387200000.0
2024-09-15 16:00:00+00:00,5.7e-05,1726416000000.0
2024-09-15 20:00:00+00:00,5.7e-05,1726416000000.0
2024-09-16 00:00:00+00:00,-4.039e-05,1726444800000.0
2024-09-16 04:00:00+00:00,-4.039e-05,1726444800000.0
2024-09-16 08:00:00+00:00,-0.00010067,1726473600000.0
2024-09-16 12:00:00+00:00,-0.00010067,1726473600000.0
2024-09-16 16:00:00+00:00,2.884e-05,1726502400000.0
2024-09-16 20:00:00+00:00,2.884e-05,1726502400000.0
2024-09-17 00:00:00+00:00,3.162e-05,1726531200000.0
2024-09-17 04:00:00+00:00,3.162e-05,1726531200000.0
2024-09-17 08:00:00+00:00,3.731e-05,1726560000000.0
2024-09-17 12:00:00+00:00,3.731e-05,1726560000000.0
2024-09-17 16:00:00+00:00,6.67e-05,1726588800000.0
2024-09-17 20:00:00+00:00,6.67e-05,1726588800000.0
2024-09-18 00:00:00+00:00,1.171e-05,1726617600000.0
2024-09-18 04:00:00+00:00,1.171e-05,1726617600000.0
2024-09-18 08:00:00+00:00,7.597e-05,1726646400000.0
2024-09-18 12:00:00+00:00,7.597e-05,1726646400000.0
2024-09-18 16:00:00+00:00,-3.014e-05,1726675200000.0
2024-09-18 20:00:00+00:00,-3.014e-05,1726675200000.0
2024-09-19 00:00:00+00:00,0.0001,1726704000000.0
2024-09-19 04:00:00+00:00,0.0001,1726704000000.0
2024-09-19 08:00:00+00:00,0.0001,1726732800000.0
2024-09-19 12:00:00+00:00,0.0001,1726732800000.0
2024-09-19 16:00:00+00:00,0.0001,1726761600000.0
2024-09-19 20:00:00+00:00,0.0001,1726761600000.0
2024-09-20 00:00:00+00:00,0.0001,1726790400000.0
2024-09-20 04:00:00+00:00,0.0001,1726790400000.0
2024-09-20 08:00:00+00:00,0.0001,1726819200000.0
2024-09-20 12:00:00+00:00,0.0001,1726819200000.0
2024-09-20 16:00:00+00:00,0.0001,1726848000000.0
2024-09-20 20:00:00+00:00,0.0001,1726848000000.0
2024-09-21 00:00:00+00:00,0.0001,1726876800000.0
2024-09-21 04:00:00+00:00,0.0001,1726876800000.0
2024-09-21 08:00:00+00:00,6.723e-05,1726905600000.0
2024-09-21 12:00:00+00:00,6.723e-05,1726905600000.0
2024-09-21 16:00:00+00:00,0.0001,1726934400000.0
2024-09-21 20:00:00+00:00,0.0001,1726934400000.0
2024-09-22 00:00:00+00:00,0.0001,1726963200000.0
2024-09-22 04:00:00+00:00,0.0001,1726963200000.0
2024-09-22 08:00:00+00:00,4.415e-05,1726992000000.0
2024-09-22 12:00:00+00:00,4.415e-05,1726992000000.0
2024-09-22 16:00:00+00:00,0.0001,1727020800000.0
2024-09-22 20:00:00+00:00,0.0001,1727020800000.0
2024-09-23 00:00:00+00:00,3.226e-05,1727049600000.0
2024-09-23 04:00:00+00:00,3.226e-05,1727049600000.0
2024-09-23 08:00:00+00:00,0.0001,1727078400000.0
2024-09-23 12:00:00+00:00,0.0001,1727078400000.0
2024-09-23 16:00:00+00:00,0.0001,1727107200000.0
2024-09-23 20:00:00+00:00,0.0001,1727107200000.0
2024-09-24 00:00:00+00:00,0.0001,1727136000000.0
2024-09-24 04:00:00+00:00,0.0001,1727136000000.0
2024-09-24 08:00:00+00:00,0.0001,1727164800000.0
2024-09-24 12:00:00+00:00,0.0001,1727164800000.0
2024-09-24 16:00:00+00:00,0.0001,1727193600000.0
2024-09-24 20:00:00+00:00,0.0001,1727193600000.0
2024-09-25 00:00:00+00:00,6.907e-05,1727222400000.0
2024-09-25 04:00:00+00:00,6.907e-05,1727222400000.0
2024-09-25 08:00:00+00:00,0.0001,1727251200000.0
2024-09-25 12:00:00+00:00,0.0001,1727251200000.0
2024-09-25 16:00:00+00:00,0.0001,1727280000000.0
2024-09-25 20:00:00+00:00,0.0001,1727280000000.0
2024-09-26 00:00:00+00:00,0.0001,1727308800000.0
2024-09-26 04:00:00+00:00,0.0001,1727308800000.0
2024-09-26 08:00:00+00:00,0.0001,1727337600000.0
2024-09-26 12:00:00+00:00,0.0001,1727337600000.0
2024-09-26 16:00:00+00:00,0.0001,1727366400000.0
2024-09-26 20:00:00+00:00,0.0001,1727366400000.0
2024-09-27 00:00:00+00:00,0.0001,1727395200000.0
2024-09-27 04:00:00+00:00,0.0001,1727395200000.0
2024-09-27 08:00:00+00:00,0.0001,1727424000000.0
2024-09-27 12:00:00+00:00,0.0001,1727424000000.0
2024-09-27 16:00:00+00:00,5.762e-05,1727452800000.0
2024-09-27 20:00:00+00:00,5.762e-05,1727452800000.0
2024-09-28 00:00:00+00:00,0.0001,1727481600000.0
2024-09-28 04:00:00+00:00,0.0001,1727481600000.0
2024-09-28 08:00:00+00:00,0.0001,1727510400000.0
2024-09-28 12:00:00+00:00,0.0001,1727510400000.0
2024-09-28 16:00:00+00:00,0.0001,1727539200000.0
2024-09-28 20:00:00+00:00,0.0001,1727539200000.0
2024-09-29 00:00:00+00:00,0.0001,1727568000000.0
2024-09-29 04:00:00+00:00,0.0001,1727568000000.0
2024-09-29 08:00:00+00:00,0.0001,1727596800000.0
2024-09-29 12:00:00+00:00,0.0001,1727596800000.0
2024-09-29 16:00:00+00:00,0.0001,1727625600000.0
2024-09-29 20:00:00+00:00,0.0001,1727625600000.0
2024-09-30 00:00:00+00:00,0.0001,1727654400000.0
2024-09-30 04:00:00+00:00,0.0001,1727654400000.0
2024-09-30 08:00:00+00:00,0.0001,1727683200000.0
2024-09-30 12:00:00+00:00,0.0001,1727683200000.0
2024-09-30 16:00:00+00:00,0.0001,1727712000000.0
2024-09-30 20:00:00+00:00,0.0001,1727712000000.0
2024-10-01 00:00:00+00:00,7.15e-05,1727740800000.0
2024-10-01 04:00:00+00:00,7.15e-05,1727740800000.0
2024-10-01 08:00:00+00:00,3.14e-06,1727769600000.0
2024-10-01 12:00:00+00:00,3.14e-06,1727769600000.0
2024-10-01 16:00:00+00:00,-2.981e-05,1727798400000.0
2024-10-01 20:00:00+00:00,-2.981e-05,1727798400000.0
2024-10-02 00:00:00+00:00,7.1e-05,1727827200000.0
2024-10-02 04:00:00+00:00,7.1e-05,1727827200000.0
2024-10-02 08:00:00+00:00,2.551e-05,1727856000000.0
2024-10-02 12:00:00+00:00,2.551e-05,1727856000000.0
2024-10-02 16:00:00+00:00,7.197e-05,1727884800000.0
2024-10-02 20:00:00+00:00,7.197e-05,1727884800000.0
2024-10-03 00:00:00+00:00,3.979e-05,1727913600000.0
2024-10-03 04:00:00+00:00,3.979e-05,1727913600000.0
2024-10-03 08:00:00+00:00,-7.445e-05,1727942400000.0
2024-10-03 12:00:00+00:00,-7.445e-05,1727942400000.0
2024-10-03 16:00:00+00:00,-4.647e-05,1727971200000.0
2024-10-03 20:00:00+00:00,-4.647e-05,1727971200000.0
2024-10-04 00:00:00+00:00,-6.081e-05,1728000000000.0
2024-10-04 04:00:00+00:00,-6.081e-05,1728000000000.0
2024-10-04 08:00:00+00:00,4.879e-05,1728028800000.0
2024-10-04 12:00:00+00:00,4.879e-05,1728028800000.0
2024-10-04 16:00:00+00:00,7.848e-05,1728057600000.0
2024-10-04 20:00:00+00:00,7.848e-05,1728057600000.0
2024-10-05 00:00:00+00:00,0.0001,1728086400000.0
2024-10-05 04:00:00+00:00,0.0001,1728086400000.0
2024-10-05 08:00:00+00:00,5.717e-05,1728115200000.0
2024-10-05 12:00:00+00:00,5.717e-05,1728115200000.0
2024-10-05 16:00:00+00:00,6.895e-05,1728144000000.0
2024-10-05 20:00:00+00:00,6.895e-05,1728144000000.0
2024-10-06 00:00:00+00:00,-2.517e-05,1728172800000.0
2024-10-06 04:00:00+00:00,-2.517e-05,1728172800000.0
2024-10-06 08:00:00+00:00,7.371e-05,1728201600000.0
2024-10-06 12:00:00+00:00,7.371e-05,1728201600000.0
2024-10-06 16:00:00+00:00,8.697e-05,1728230400000.0
2024-10-06 20:00:00+00:00,8.697e-05,1728230400000.0
2024-10-07 00:00:00+00:00,9.378e-05,1728259200000.0
2024-10-07 04:00:00+00:00,9.378e-05,1728259200000.0
2024-10-07 08:00:00+00:00,7.718e-05,1728288000000.0
2024-10-07 12:00:00+00:00,7.718e-05,1728288000000.0
2024-10-07 16:00:00+00:00,4.162e-05,1728316800000.0
2024-10-07 20:00:00+00:00,4.162e-05,1728316800000.0
2024-10-08 00:00:00+00:00,-0.00010556,1728345600000.0
2024-10-08 04:00:00+00:00,-0.00010556,1728345600000.0
2024-10-08 08:00:00+00:00,6.99e-06,1728374400000.0
2024-10-08 12:00:00+00:00,6.99e-06,1728374400000.0
2024-10-08 16:00:00+00:00,0.0001,1728403200000.0
2024-10-08 20:00:00+00:00,0.0001,1728403200000.0
2024-10-09 00:00:00+00:00,0.0001,1728432000000.0
2024-10-09 04:00:00+00:00,0.0001,1728432000000.0
2024-10-09 08:00:00+00:00,6.736e-05,1728460800000.0
2024-10-09 12:00:00+00:00,6.736e-05,1728460800000.0
2024-10-09 16:00:00+00:00,0.0001,1728489600000.0
2024-10-09 20:00:00+00:00,0.0001,1728489600000.0
2024-10-10 00:00:00+00:00,5.854e-05,1728518400000.0
2024-10-10 04:00:00+00:00,5.854e-05,1728518400000.0
2024-10-10 08:00:00+00:00,0.0001,1728547200000.0
2024-10-10 12:00:00+00:00,0.0001,1728547200000.0
2024-10-10 16:00:00+00:00,5.633e-05,1728576000000.0
2024-10-10 20:00:00+00:00,5.633e-05,1728576000000.0
2024-10-11 00:00:00+00:00,0.0001,1728604800000.0
2024-10-11 04:00:00+00:00,0.0001,1728604800000.0
2024-10-11 08:00:00+00:00,4.073e-05,1728633600000.0
2024-10-11 12:00:00+00:00,4.073e-05,1728633600000.0
2024-10-11 16:00:00+00:00,2.959e-05,1728662400000.0
2024-10-11 20:00:00+00:00,2.959e-05,1728662400000.0
2024-10-12 00:00:00+00:00,0.0001,1728691200000.0
2024-10-12 04:00:00+00:00,0.0001,1728691200000.0
2024-10-12 08:00:00+00:00,0.0001,1728720000000.0
2024-10-12 12:00:00+00:00,0.0001,1728720000000.0
2024-10-12 16:00:00+00:00,0.0001,1728748800000.0
2024-10-12 20:00:00+00:00,0.0001,1728748800000.0
2024-10-13 00:00:00+00:00,0.0001,1728777600000.0
2024-10-13 04:00:00+00:00,0.0001,1728777600000.0
2024-10-13 08:00:00+00:00,0.0001,1728806400000.0
2024-10-13 12:00:00+00:00,0.0001,1728806400000.0
2024-10-13 16:00:00+00:00,0.0001,1728835200000.0
2024-10-13 20:00:00+00:00,0.0001,1728835200000.0
2024-10-14 00:00:00+00:00,0.0001,1728864000000.0
2024-10-14 04:00:00+00:00,0.0001,1728864000000.0
2024-10-14 08:00:00+00:00,8.17e-05,1728892800000.0
2024-10-14 12:00:00+00:00,8.17e-05,1728892800000.0
2024-10-14 16:00:00+00:00,0.0001,1728921600000.0
2024-10-14 20:00:00+00:00,0.0001,1728921600000.0
2024-10-15 00:00:00+00:00,0.0001,1728950400000.0
2024-10-15 04:00:00+00:00,0.0001,1728950400000.0
2024-10-15 08:00:00+00:00,0.0001,1728979200000.0
2024-10-15 12:00:00+00:00,0.0001,1728979200000.0
2024-10-15 16:00:00+00:00,0.0001,1729008000000.0
2024-10-15 20:00:00+00:00,0.0001,1729008000000.0
2024-10-16 00:00:00+00:00,0.0001,1729036800000.0
2024-10-16 04:00:00+00:00,0.0001,1729036800000.0
2024-10-16 08:00:00+00:00,0.0001,1729065600000.0
2024-10-16 12:00:00+00:00,0.0001,1729065600000.0
2024-10-16 16:00:00+00:00,0.0001,1729094400000.0
2024-10-16 20:00:00+00:00,0.0001,1729094400000.0
2024-10-17 00:00:00+00:00,0.0001,1729123200000.0
2024-10-17 04:00:00+00:00,0.0001,1729123200000.0
2024-10-17 08:00:00+00:00,0.0001,1729152000000.0
2024-10-17 12:00:00+00:00,0.0001,1729152000000.0
2024-10-17 16:00:00+00:00,0.0001,1729180800000.0
2024-10-17 20:00:00+00:00,0.0001,1729180800000.0
2024-10-18 00:00:00+00:00,0.0001,1729209600000.0
2024-10-18 04:00:00+00:00,0.0001,1729209600000.0
2024-10-18 08:00:00+00:00,0.0001,1729238400000.0
2024-10-18 12:00:00+00:00,0.0001,1729238400000.0
2024-10-18 16:00:00+00:00,0.0001,1729267200000.0
2024-10-18 20:00:00+00:00,0.0001,1729267200000.0
2024-10-19 00:00:00+00:00,0.0001,1729296000000.0
2024-10-19 04:00:00+00:00,0.0001,1729296000000.0
2024-10-19 08:00:00+00:00,0.0001,1729324800000.0
2024-10-19 12:00:00+00:00,0.0001,1729324800000.0
2024-10-19 16:00:00+00:00,0.0001,1729353600000.0
2024-10-19 20:00:00+00:00,0.0001,1729353600000.0
2024-10-20 00:00:00+00:00,0.0001,1729382400000.0
2024-10-20 04:00:00+00:00,0.0001,1729382400000.0
2024-10-20 08:00:00+00:00,0.0001,1729411200000.0
2024-10-20 12:00:00+00:00,0.0001,1729411200000.0
2024-10-20 16:00:00+00:00,0.0001,1729440000000.0
2024-10-20 20:00:00+00:00,0.0001,1729440000000.0
2024-10-21 00:00:00+00:00,0.0001,1729468800000.0
2024-10-21 04:00:00+00:00,0.0001,1729468800000.0
2024-10-21 08:00:00+00:00,0.0001,1729497600000.0
2024-10-21 12:00:00+00:00,0.0001,1729497600000.0
2024-10-21 16:00:00+00:00,0.0001,1729526400000.0
2024-10-21 20:00:00+00:00,0.0001,1729526400000.0
2024-10-22 00:00:00+00:00,0.0001,1729555200000.0
2024-10-22 04:00:00+00:00,0.0001,1729555200000.0
2024-10-22 08:00:00+00:00,0.0001,1729584000000.0
2024-10-22 12:00:00+00:00,0.0001,1729584000000.0
2024-10-22 16:00:00+00:00,0.0001,1729612800000.0
2024-10-22 20:00:00+00:00,0.0001,1729612800000.0
2024-10-23 00:00:00+00:00,0.0001,1729641600000.0
2024-10-23 04:00:00+00:00,0.0001,1729641600000.0
2024-10-23 08:00:00+00:00,0.0001,1729670400000.0
2024-10-23 12:00:00+00:00,0.0001,1729670400000.0
2024-10-23 16:00:00+00:00,0.0001,1729699200000.0
2024-10-23 20:00:00+00:00,0.0001,1729699200000.0
2024-10-24 00:00:00+00:00,0.0001,1729728000000.0
2024-10-24 04:00:00+00:00,0.0001,1729728000000.0
2024-10-24 08:00:00+00:00,0.0001,1729756800000.0
2024-10-24 12:00:00+00:00,0.0001,1729756800000.0
2024-10-24 16:00:00+00:00,0.0001,1729785600000.0
2024-10-24 20:00:00+00:00,0.0001,1729785600000.0
2024-10-25 00:00:00+00:00,0.0001,1729814400000.0
2024-10-25 04:00:00+00:00,0.0001,1729814400000.0
2024-10-25 08:00:00+00:00,0.0001,1729843200000.0
2024-10-25 12:00:00+00:00,0.0001,1729843200000.0
2024-10-25 16:00:00+00:00,0.0001,1729872000000.0
2024-10-25 20:00:00+00:00,0.0001,1729872000000.0
2024-10-26 00:00:00+00:00,0.0001,1729900800000.0
2024-10-26 04:00:00+00:00,0.0001,1729900800000.0
2024-10-26 08:00:00+00:00,-3.825e-05,1729929600000.0
2024-10-26 12:00:00+00:00,-3.825e-05,1729929600000.0
2024-10-26 16:00:00+00:00,0.0001,1729958400000.0
2024-10-26 20:00:00+00:00,0.0001,1729958400000.0
2024-10-27 00:00:00+00:00,0.0001,1729987200000.0
2024-10-27 04:00:00+00:00,0.0001,1729987200000.0
2024-10-27 08:00:00+00:00,0.0001,1730016000000.0
2024-10-27 12:00:00+00:00,0.0001,1730016000000.0
2024-10-27 16:00:00+00:00,0.0001,1730044800000.0
2024-10-27 20:00:00+00:00,0.0001,1730044800000.0
2024-10-28 00:00:00+00:00,6.792e-05,1730073600000.0
2024-10-28 04:00:00+00:00,6.792e-05,1730073600000.0
2024-10-28 08:00:00+00:00,-7.965e-05,1730102400000.0
2024-10-28 12:00:00+00:00,-7.965e-05,1730102400000.0
2024-10-28 16:00:00+00:00,-3.64e-05,1730131200000.0
2024-10-28 20:00:00+00:00,-3.64e-05,1730131200000.0
2024-10-29 00:00:00+00:00,0.0001,1730160000000.0
2024-10-29 04:00:00+00:00,0.0001,1730160000000.0
2024-10-29 08:00:00+00:00,0.0001,1730188800000.0
2024-10-29 12:00:00+00:00,0.0001,1730188800000.0
2024-10-29 16:00:00+00:00,0.0001,1730217600000.0
2024-10-29 20:00:00+00:00,0.0001,1730217600000.0
2024-10-30 00:00:00+00:00,0.0001,1730246400000.0
2024-10-30 04:00:00+00:00,0.0001,1730246400000.0
2024-10-30 08:00:00+00:00,0.0001,1730275200000.0
2024-10-30 12:00:00+00:00,0.0001,1730275200000.0
2024-10-30 16:00:00+00:00,0.0001,1730304000000.0
2024-10-30 20:00:00+00:00,0.0001,1730304000000.0
2024-10-31 00:00:00+00:00,0.0001,1730332800000.0
2024-10-31 04:00:00+00:00,0.0001,1730332800000.0
2024-10-31 08:00:00+00:00,0.0001,1730361600000.0
2024-10-31 12:00:00+00:00,0.0001,1730361600000.0
2024-10-31 16:00:00+00:00,0.0001,1730390400000.0
2024-10-31 20:00:00+00:00,0.0001,1730390400000.0
2024-11-01 00:00:00+00:00,0.0001,1730419200000.0
2024-11-01 04:00:00+00:00,0.0001,1730419200000.0
2024-11-01 08:00:00+00:00,0.0001,1730448000000.0
2024-11-01 12:00:00+00:00,0.0001,1730448000000.0
2024-11-01 16:00:00+00:00,0.0001,1730476800000.0
2024-11-01 20:00:00+00:00,0.0001,1730476800000.0
2024-11-02 00:00:00+00:00,0.0001,1730505600000.0
2024-11-02 04:00:00+00:00,0.0001,1730505600000.0
2024-11-02 08:00:00+00:00,0.0001,1730534400000.0
2024-11-02 12:00:00+00:00,0.0001,1730534400000.0
2024-11-02 16:00:00+00:00,0.0001,1730563200000.0
2024-11-02 20:00:00+00:00,0.0001,1730563200000.0
2024-11-03 00:00:00+00:00,0.0001,1730592000000.0
2024-11-03 04:00:00+00:00,0.0001,1730592000000.0
2024-11-03 08:00:00+00:00,-5.146e-05,1730620800000.0
2024-11-03 12:00:00+00:00,-5.146e-05,1730620800000.0
2024-11-03 16:00:00+00:00,-4.26e-05,1730649600000.0
2024-11-03 20:00:00+00:00,-4.26e-05,1730649600000.0
2024-11-04 00:00:00+00:00,-5.062e-05,1730678400000.0
2024-11-04 04:00:00+00:00,-5.062e-05,1730678400000.0
2024-11-04 08:00:00+00:00,-3.967e-05,1730707200000.0
2024-11-04 12:00:00+00:00,-3.967e-05,1730707200000.0
2024-11-04 16:00:00+00:00,0.0001,1730736000000.0
2024-11-04 20:00:00+00:00,0.0001,1730736000000.0
2024-11-05 00:00:00+00:00,-5.896e-05,1730764800000.0
2024-11-05 04:00:00+00:00,-5.896e-05,1730764800000.0
2024-11-05 08:00:00+00:00,0.0001,1730793600000.0
2024-11-05 12:00:00+00:00,0.0001,1730793600000.0
2024-11-05 16:00:00+00:00,0.0001,1730822400000.0
2024-11-05 20:00:00+00:00,0.0001,1730822400000.0
2024-11-06 00:00:00+00:00,0.0001,1730851200000.0
2024-11-06 04:00:00+00:00,0.0001,1730851200000.0
2024-11-06 08:00:00+00:00,0.0001,1730880000000.0
2024-11-06 12:00:00+00:00,0.0001,1730880000000.0
2024-11-06 16:00:00+00:00,0.0001,1730908800000.0
2024-11-06 20:00:00+00:00,0.0001,1730908800000.0
2024-11-07 00:00:00+00:00,0.0001,1730937600000.0
2024-11-07 04:00:00+00:00,0.0001,1730937600000.0
2024-11-07 08:00:00+00:00,0.0001,1730966400000.0
2024-11-07 12:00:00+00:00,0.0001,1730966400000.0
2024-11-07 16:00:00+00:00,0.0001,1730995200000.0
2024-11-07 20:00:00+00:00,0.0001,1730995200000.0
2024-11-08 00:00:00+00:00,0.0001,1731024000000.0
2024-11-08 04:00:00+00:00,0.0001,1731024000000.0
2024-11-08 08:00:00+00:00,0.0001,1731052800000.0
2024-11-08 12:00:00+00:00,0.0001,1731052800000.0
2024-11-08 16:00:00+00:00,0.0001,1731081600000.0
2024-11-08 20:00:00+00:00,0.0001,1731081600000.0
2024-11-09 00:00:00+00:00,0.0001,1731110400000.0
2024-11-09 04:00:00+00:00,0.0001,1731110400000.0
2024-11-09 08:00:00+00:00,0.0001,1731139200000.0
2024-11-09 12:00:00+00:00,0.0001,1731139200000.0
2024-11-09 16:00:00+00:00,0.0001,1731168000000.0
2024-11-09 20:00:00+00:00,0.0001,1731168000000.0
2024-11-10 00:00:00+00:00,0.0001,1731196800000.0
2024-11-10 04:00:00+00:00,0.0001,1731196800000.0
2024-11-10 08:00:00+00:00,0.00020088,1731225600000.0
2024-11-10 12:00:00+00:00,0.00020088,1731225600000.0
2024-11-10 16:00:00+00:00,0.00029591,1731254400000.0
2024-11-10 20:00:00+00:00,0.00029591,1731254400000.0
2024-11-11 00:00:00+00:00,0.00014579,1731283200000.0
2024-11-11 04:00:00+00:00,0.00014579,1731283200000.0
2024-11-11 08:00:00+00:00,0.0001614,1731312000000.0
2024-11-11 12:00:00+00:00,0.0001614,1731312000000.0
2024-11-11 16:00:00+00:00,0.0001,1731340800000.0
2024-11-11 20:00:00+00:00,0.0001,1731340800000.0
2024-11-12 00:00:00+00:00,0.00016022,1731369600000.0
2024-11-12 04:00:00+00:00,0.00016022,1731369600000.0
2024-11-12 08:00:00+00:00,0.00054703,1731398400000.0
2024-11-12 12:00:00+00:00,0.00054703,1731398400000.0
2024-11-12 16:00:00+00:00,0.00046743,1731427200000.0
2024-11-12 20:00:00+00:00,0.00046743,1731427200000.0
2024-11-13 00:00:00+00:00,0.00022011,1731456000000.0
2024-11-13 04:00:00+00:00,0.00022011,1731456000000.0
2024-11-13 08:00:00+00:00,0.0001,1731484800000.0
2024-11-13 12:00:00+00:00,0.0001,1731484800000.0
2024-11-13 16:00:00+00:00,0.0001,1731513600000.0
2024-11-13 20:00:00+00:00,0.0001,1731513600000.0
2024-11-14 00:00:00+00:00,0.0001,1731542400000.0
2024-11-14 04:00:00+00:00,0.0001,1731542400000.0
2024-11-14 08:00:00+00:00,0.0001,1731571200000.0
2024-11-14 12:00:00+00:00,0.0001,1731571200000.0
2024-11-14 16:00:00+00:00,0.0001,1731600000000.0
2024-11-14 20:00:00+00:00,0.0001,1731600000000.0
2024-11-15 00:00:00+00:00,0.0001,1731628800000.0
2024-11-15 04:00:00+00:00,0.0001,1731628800000.0
2024-11-15 08:00:00+00:00,0.0001,1731657600000.0
2024-11-15 12:00:00+00:00,0.0001,1731657600000.0
2024-11-15 16:00:00+00:00,0.0001,1731686400000.0
2024-11-15 20:00:00+00:00,0.0001,1731686400000.0
2024-11-16 00:00:00+00:00,0.0001,1731715200000.0
2024-11-16 04:00:00+00:00,0.0001,1731715200000.0
2024-11-16 08:00:00+00:00,0.0001,1731744000000.0
2024-11-16 12:00:00+00:00,0.0001,1731744000000.0
2024-11-16 16:00:00+00:00,0.0001,1731772800000.0
2024-11-16 20:00:00+00:00,0.0001,1731772800000.0
2024-11-17 00:00:00+00:00,0.00030096,1731801600000.0
2024-11-17 04:00:00+00:00,0.00030096,1731801600000.0
2024-11-17 08:00:00+00:00,0.00010122,1731830400000.0
2024-11-17 12:00:00+00:00,0.00010122,1731830400000.0
2024-11-17 16:00:00+00:00,0.00023824,1731859200000.0
2024-11-17 20:00:00+00:00,0.00023824,1731859200000.0
2024-11-18 00:00:00+00:00,0.00015869,1731888000000.0
2024-11-18 04:00:00+00:00,0.00015869,1731888000000.0
2024-11-18 08:00:00+00:00,0.0003115,1731916800000.0
2024-11-18 12:00:00+00:00,0.0003115,1731916800000.0
2024-11-18 16:00:00+00:00,0.00013682,1731945600000.0
2024-11-18 20:00:00+00:00,0.00013682,1731945600000.0
2024-11-19 00:00:00+00:00,0.00017952,1731974400000.0
2024-11-19 04:00:00+00:00,0.00017952,1731974400000.0
2024-11-19 08:00:00+00:00,0.00038163,1732003200000.0
2024-11-19 12:00:00+00:00,0.00038163,1732003200000.0
2024-11-19 16:00:00+00:00,0.0002214,1732032000000.0
2024-11-19 20:00:00+00:00,0.0002214,1732032000000.0
2024-11-20 00:00:00+00:00,0.00014604,1732060800000.0
2024-11-20 04:00:00+00:00,0.00014604,1732060800000.0
2024-11-20 08:00:00+00:00,0.0001,1732089600000.0
2024-11-20 12:00:00+00:00,0.0001,1732089600000.0
2024-11-20 16:00:00+00:00,0.0001,1732118400000.0
2024-11-20 20:00:00+00:00,0.0001,1732118400000.0
2024-11-21 00:00:00+00:00,0.0001,1732147200000.0
2024-11-21 04:00:00+00:00,0.0001,1732147200000.0
2024-11-21 08:00:00+00:00,0.0001,1732176000000.0
2024-11-21 12:00:00+00:00,0.0001,1732176000000.0
2024-11-21 16:00:00+00:00,0.0001,1732204800000.0
2024-11-21 20:00:00+00:00,0.0001,1732204800000.0
2024-11-22 00:00:00+00:00,0.00024778,1732233600000.0
2024-11-22 04:00:00+00:00,0.00024778,1732233600000.0
2024-11-22 08:00:00+00:00,0.00039739,1732262400000.0
2024-11-22 12:00:00+00:00,0.00039739,1732262400000.0
2024-11-22 16:00:00+00:00,0.00017796,1732291200000.0
2024-11-22 20:00:00+00:00,0.00017796,1732291200000.0
2024-11-23 00:00:00+00:00,0.00029606,1732320000000.0
2024-11-23 04:00:00+00:00,0.00029606,1732320000000.0
2024-11-23 08:00:00+00:00,0.00050746,1732348800000.0
2024-11-23 12:00:00+00:00,0.00050746,1732348800000.0
2024-11-23 16:00:00+00:00,0.00057837,1732377600000.0
2024-11-23 20:00:00+00:00,0.00057837,1732377600000.0
2024-11-24 00:00:00+00:00,0.00022207,1732406400000.0
2024-11-24 04:00:00+00:00,0.00022207,1732406400000.0
2024-11-24 08:00:00+00:00,0.00030004,1732435200000.0
2024-11-24 12:00:00+00:00,0.00030004,1732435200000.0
2024-11-24 16:00:00+00:00,0.00040175,1732464000000.0
2024-11-24 20:00:00+00:00,0.00040175,1732464000000.0
2024-11-25 00:00:00+00:00,0.0001,1732492800000.0
2024-11-25 04:00:00+00:00,0.0001,1732492800000.0
2024-11-25 08:00:00+00:00,0.00020696,1732521600000.0
2024-11-25 12:00:00+00:00,0.00020696,1732521600000.0
2024-11-25 16:00:00+00:00,0.00023471,1732550400000.0
2024-11-25 20:00:00+00:00,0.00023471,1732550400000.0
2024-11-26 00:00:00+00:00,0.00022387,1732579200000.0
2024-11-26 04:00:00+00:00,0.00022387,1732579200000.0
2024-11-26 08:00:00+00:00,0.0001,1732608000000.0
2024-11-26 12:00:00+00:00,0.0001,1732608000000.0
2024-11-26 16:00:00+00:00,0.0001,1732636800000.0
2024-11-26 20:00:00+00:00,0.0001,1732636800000.0
2024-11-27 00:00:00+00:00,0.0001,1732665600000.0
2024-11-27 04:00:00+00:00,0.0001,1732665600000.0
2024-11-27 08:00:00+00:00,0.00017001,1732694400000.0
2024-11-27 12:00:00+00:00,0.00017001,1732694400000.0
2024-11-27 16:00:00+00:00,0.0001,1732723200000.0
2024-11-27 20:00:00+00:00,0.0001,1732723200000.0
2024-11-28 00:00:00+00:00,0.00029085,1732752000000.0
2024-11-28 04:00:00+00:00,0.00029085,1732752000000.0
2024-11-28 08:00:00+00:00,0.00044027,1732780800000.0
2024-11-28 12:00:00+00:00,0.00044027,1732780800000.0
2024-11-28 16:00:00+00:00,0.0003389,1732809600000.0
2024-11-28 20:00:00+00:00,0.0003389,1732809600000.0
2024-11-29 00:00:00+00:00,0.00043313,1732838400000.0
2024-11-29 04:00:00+00:00,0.00043313,1732838400000.0
2024-11-29 08:00:00+00:00,0.00045881,1732867200000.0
2024-11-29 12:00:00+00:00,0.00045881,1732867200000.0
2024-11-29 16:00:00+00:00,0.00032068,1732896000000.0
2024-11-29 20:00:00+00:00,0.00032068,1732896000000.0
2024-11-30 00:00:00+00:00,0.0002181,1732924800000.0
2024-11-30 04:00:00+00:00,0.0002181,1732924800000.0
2024-11-30 08:00:00+00:00,0.00045248,1732953600000.0
2024-11-30 12:00:00+00:00,0.00045248,1732953600000.0
2024-11-30 16:00:00+00:00,0.0002836,1732982400000.0
2024-11-30 20:00:00+00:00,0.0002836,1732982400000.0
2024-12-01 00:00:00+00:00,0.00029024,1733011200000.0
2024-12-01 04:00:00+00:00,0.00029024,1733011200000.0
2024-12-01 08:00:00+00:00,0.00019735,1733040000000.0
2024-12-01 12:00:00+00:00,0.00019735,1733040000000.0
2024-12-01 16:00:00+00:00,0.00042772,1733068800000.0
2024-12-01 20:00:00+00:00,0.00042772,1733068800000.0
2024-12-02 00:00:00+00:00,0.00070632,1733097600000.0
2024-12-02 04:00:00+00:00,0.00070632,1733097600000.0
2024-12-02 08:00:00+00:00,0.00044686,1733126400000.0
2024-12-02 12:00:00+00:00,0.00044686,1733126400000.0
2024-12-02 16:00:00+00:00,0.00015633,1733155200000.0
2024-12-02 20:00:00+00:00,0.00015633,1733155200000.0
2024-12-03 00:00:00+00:00,0.00036873,1733184000000.0
2024-12-03 04:00:00+00:00,0.00036873,1733184000000.0
2024-12-03 08:00:00+00:00,0.00051786,1733212800000.0
2024-12-03 12:00:00+00:00,0.00051786,1733212800000.0
2024-12-03 16:00:00+00:00,0.00023497,1733241600000.0
2024-12-03 20:00:00+00:00,0.00023497,1733241600000.0
2024-12-04 00:00:00+00:00,0.00022025,1733270400000.0
2024-12-04 04:00:00+00:00,0.00022025,1733270400000.0
2024-12-04 08:00:00+00:00,0.00046333,1733299200000.0
2024-12-04 12:00:00+00:00,0.00046333,1733299200000.0
2024-12-04 16:00:00+00:00,0.00055901,1733328000000.0
2024-12-04 20:00:00+00:00,0.00055901,1733328000000.0
2024-12-05 00:00:00+00:00,0.00050641,1733356800000.0
2024-12-05 04:00:00+00:00,0.00050641,1733356800000.0
2024-12-05 08:00:00+00:00,0.00096979,1733385600000.0
2024-12-05 12:00:00+00:00,0.00096979,1733385600000.0
2024-12-05 16:00:00+00:00,0.00089539,1733414400000.0
2024-12-05 20:00:00+00:00,0.00089539,1733414400000.0
2024-12-06 00:00:00+00:00,0.00050796,1733443200000.0
2024-12-06 04:00:00+00:00,0.00050796,1733443200000.0
2024-12-06 08:00:00+00:00,0.00062845,1733472000000.0
2024-12-06 12:00:00+00:00,0.00062845,1733472000000.0
2024-12-06 16:00:00+00:00,0.00029592,1733500800000.0
2024-12-06 20:00:00+00:00,0.00029592,1733500800000.0
2024-12-07 00:00:00+00:00,0.0005928,1733529600000.0
2024-12-07 04:00:00+00:00,0.0005928,1733529600000.0
2024-12-07 08:00:00+00:00,0.0005708,1733558400000.0
2024-12-07 12:00:00+00:00,0.0005708,1733558400000.0
2024-12-07 16:00:00+00:00,0.00061696,1733587200000.0
2024-12-07 20:00:00+00:00,0.00061696,1733587200000.0
2024-12-08 00:00:00+00:00,0.00064157,1733616000000.0
2024-12-08 04:00:00+00:00,0.00064157,1733616000000.0
2024-12-08 08:00:00+00:00,0.00036634,1733644800000.0
2024-12-08 12:00:00+00:00,0.00036634,1733644800000.0
2024-12-08 16:00:00+00:00,0.00043023,1733673600000.0
2024-12-08 20:00:00+00:00,0.00043023,1733673600000.0
2024-12-09 00:00:00+00:00,0.0004875,1733702400000.0
2024-12-09 04:00:00+00:00,0.0004875,1733702400000.0
2024-12-09 08:00:00+00:00,0.00036111,1733731200000.0
2024-12-09 12:00:00+00:00,0.00036111,1733731200000.0
2024-12-09 16:00:00+00:00,0.00015718,1733760000000.0
2024-12-09 20:00:00+00:00,0.00015718,1733760000000.0
2024-12-10 00:00:00+00:00,0.0001,1733788800000.0
2024-12-10 04:00:00+00:00,0.0001,1733788800000.0
2024-12-10 08:00:00+00:00,0.0001,1733817600000.0
2024-12-10 12:00:00+00:00,0.0001,1733817600000.0
2024-12-10 16:00:00+00:00,0.0001,1733846400000.0
2024-12-10 20:00:00+00:00,0.0001,1733846400000.0
2024-12-11 00:00:00+00:00,0.0001,1733875200000.0
2024-12-11 04:00:00+00:00,0.0001,1733875200000.0
2024-12-11 08:00:00+00:00,0.0001,1733904000000.0
2024-12-11 12:00:00+00:00,0.0001,1733904000000.0
2024-12-11 16:00:00+00:00,0.0001,1733932800000.0
2024-12-11 20:00:00+00:00,0.0001,1733932800000.0
2024-12-12 00:00:00+00:00,0.0001,1733961600000.0
2024-12-12 04:00:00+00:00,0.0001,1733961600000.0
2024-12-12 08:00:00+00:00,0.0001,1733990400000.0
2024-12-12 12:00:00+00:00,0.0001,1733990400000.0
2024-12-12 16:00:00+00:00,0.0001,1734019200000.0
2024-12-12 20:00:00+00:00,0.0001,1734019200000.0
2024-12-13 00:00:00+00:00,0.0001,1734048000000.0
2024-12-13 04:00:00+00:00,0.0001,1734048000000.0
2024-12-13 08:00:00+00:00,0.0001,1734076800000.0
2024-12-13 12:00:00+00:00,0.0001,1734076800000.0
2024-12-13 16:00:00+00:00,0.0001,1734105600000.0
2024-12-13 20:00:00+00:00,0.0001,1734105600000.0
2024-12-14 00:00:00+00:00,0.0001,1734134400000.0
2024-12-14 04:00:00+00:00,0.0001,1734134400000.0
2024-12-14 08:00:00+00:00,0.0001,1734163200000.0
2024-12-14 12:00:00+00:00,0.0001,1734163200000.0
2024-12-14 16:00:00+00:00,0.0001,1734192000000.0
2024-12-14 20:00:00+00:00,0.0001,1734192000000.0
2024-12-15 00:00:00+00:00,0.0001,1734220800000.0
2024-12-15 04:00:00+00:00,0.0001,1734220800000.0
2024-12-15 08:00:00+00:00,0.0001,1734249600000.0
2024-12-15 12:00:00+00:00,0.0001,1734249600000.0
2024-12-15 16:00:00+00:00,0.0001,1734278400000.0
2024-12-15 20:00:00+00:00,0.0001,1734278400000.0
2024-12-16 00:00:00+00:00,0.0001,1734307200000.0
2024-12-16 04:00:00+00:00,0.0001,1734307200000.0
2024-12-16 08:00:00+00:00,0.0001,1734336000000.0
2024-12-16 12:00:00+00:00,0.0001,1734336000000.0
2024-12-16 16:00:00+00:00,0.0001,1734364800000.0
2024-12-16 20:00:00+00:00,0.0001,1734364800000.0
2024-12-17 00:00:00+00:00,0.0001,1734393600000.0
2024-12-17 04:00:00+00:00,0.0001,1734393600000.0
2024-12-17 08:00:00+00:00,0.0001,1734422400000.0
2024-12-17 12:00:00+00:00,0.0001,1734422400000.0
2024-12-17 16:00:00+00:00,0.0001,1734451200000.0
2024-12-17 20:00:00+00:00,0.0001,1734451200000.0
2024-12-18 00:00:00+00:00,0.0001,1734480000000.0
2024-12-18 04:00:00+00:00,0.0001,1734480000000.0
2024-12-18 08:00:00+00:00,0.0001,1734508800000.0
2024-12-18 12:00:00+00:00,0.0001,1734508800000.0
2024-12-18 16:00:00+00:00,0.0001,1734537600000.0
2024-12-18 20:00:00+00:00,0.0001,1734537600000.0
2024-12-19 00:00:00+00:00,0.0001,1734566400000.0
2024-12-19 04:00:00+00:00,0.0001,1734566400000.0
2024-12-19 08:00:00+00:00,9.564e-05,1734595200000.0
2024-12-19 12:00:00+00:00,9.564e-05,1734595200000.0
2024-12-19 16:00:00+00:00,0.0001,1734624000000.0
2024-12-19 20:00:00+00:00,0.0001,1734624000000.0
2024-12-20 00:00:00+00:00,-0.00011103,1734652800000.0
2024-12-20 04:00:00+00:00,-0.00011103,1734652800000.0
2024-12-20 08:00:00+00:00,8.752e-05,1734681600000.0
2024-12-20 12:00:00+00:00,8.752e-05,1734681600000.0
2024-12-20 16:00:00+00:00,1.619e-05,1734710400000.0
2024-12-20 20:00:00+00:00,1.619e-05,1734710400000.0
2024-12-21 00:00:00+00:00,5.322e-05,1734739200000.0
2024-12-21 04:00:00+00:00,5.322e-05,1734739200000.0
2024-12-21 08:00:00+00:00,7.557e-05,1734768000000.0
2024-12-21 12:00:00+00:00,7.557e-05,1734768000000.0
2024-12-21 16:00:00+00:00,0.0001,1734796800000.0
2024-12-21 20:00:00+00:00,0.0001,1734796800000.0
2024-12-22 00:00:00+00:00,0.0001,1734825600000.0
2024-12-22 04:00:00+00:00,0.0001,1734825600000.0
2024-12-22 08:00:00+00:00,0.0001,1734854400000.0
2024-12-22 12:00:00+00:00,0.0001,1734854400000.0
2024-12-22 16:00:00+00:00,0.0001,1734883200000.0
2024-12-22 20:00:00+00:00,0.0001,1734883200000.0
2024-12-23 00:00:00+00:00,5.732e-05,1734912000000.0
2024-12-23 04:00:00+00:00,5.732e-05,1734912000000.0
2024-12-23 08:00:00+00:00,9.57e-05,1734940800000.0
2024-12-23 12:00:00+00:00,9.57e-05,1734940800000.0
2024-12-23 16:00:00+00:00,0.0001,1734969600000.0
2024-12-23 20:00:00+00:00,0.0001,1734969600000.0
2024-12-24 00:00:00+00:00,0.0001,1734998400000.0
2024-12-24 04:00:00+00:00,0.0001,1734998400000.0
2024-12-24 08:00:00+00:00,0.0001,1735027200000.0
2024-12-24 12:00:00+00:00,0.0001,1735027200000.0
2024-12-24 16:00:00+00:00,0.0001,1735056000000.0
2024-12-24 20:00:00+00:00,0.0001,1735056000000.0
2024-12-25 00:00:00+00:00,0.0001,1735084800000.0
2024-12-25 04:00:00+00:00,0.0001,1735084800000.0
2024-12-25 08:00:00+00:00,0.0001,1735113600000.0
2024-12-25 12:00:00+00:00,0.0001,1735113600000.0
2024-12-25 16:00:00+00:00,0.0001,1735142400000.0
2024-12-25 20:00:00+00:00,0.0001,1735142400000.0
2024-12-26 00:00:00+00:00,0.0001,1735171200000.0
2024-12-26 04:00:00+00:00,0.0001,1735171200000.0
2024-12-26 08:00:00+00:00,0.0001,1735200000000.0
2024-12-26 12:00:00+00:00,0.0001,1735200000000.0
2024-12-26 16:00:00+00:00,-7.276e-05,1735228800000.0
2024-12-26 20:00:00+00:00,-7.276e-05,1735228800000.0
2024-12-27 00:00:00+00:00,9.024e-05,1735257600000.0
2024-12-27 04:00:00+00:00,9.024e-05,1735257600000.0
2024-12-27 08:00:00+00:00,4.997e-05,1735286400000.0
2024-12-27 12:00:00+00:00,4.997e-05,1735286400000.0
2024-12-27 16:00:00+00:00,0.0001,1735315200000.0
2024-12-27 20:00:00+00:00,0.0001,1735315200000.0
2024-12-28 00:00:00+00:00,0.0001,1735344000000.0
2024-12-28 04:00:00+00:00,0.0001,1735344000000.0
2024-12-28 08:00:00+00:00,0.0001,1735372800000.0
2024-12-28 12:00:00+00:00,0.0001,1735372800000.0
2024-12-28 16:00:00+00:00,0.0001,1735401600000.0
2024-12-28 20:00:00+00:00,0.0001,1735401600000.0
2024-12-29 00:00:00+00:00,0.0001,1735430400000.0
2024-12-29 04:00:00+00:00,0.0001,1735430400000.0
2024-12-29 08:00:00+00:00,0.0001,1735459200000.0
2024-12-29 12:00:00+00:00,0.0001,1735459200000.0
2024-12-29 16:00:00+00:00,0.0001,1735488000000.0
2024-12-29 20:00:00+00:00,0.0001,1735488000000.0
2024-12-30 00:00:00+00:00,-8.013e-05,1735516800000.0
2024-12-30 04:00:00+00:00,-8.013e-05,1735516800000.0
2024-12-30 08:00:00+00:00,9.06e-06,1735545600000.0
2024-12-30 12:00:00+00:00,9.06e-06,1735545600000.0
2024-12-30 16:00:00+00:00,2.385e-05,1735574400000.0
2024-12-30 20:00:00+00:00,2.385e-05,1735574400000.0
2024-12-31 00:00:00+00:00,4.755e-05,1735603200000.0
2024-12-31 04:00:00+00:00,4.755e-05,1735603200000.0
2024-12-31 08:00:00+00:00,4.824e-05,1735632000000.0
2024-12-31 12:00:00+00:00,4.824e-05,1735632000000.0
2024-12-31 16:00:00+00:00,0.0001,1735660800000.0
2024-12-31 20:00:00+00:00,0.0001,1735660800000.0
2025-01-01 00:00:00+00:00,0.0001,1735689600000.0
2025-01-01 04:00:00+00:00,0.0001,1735689600000.0
2025-01-01 08:00:00+00:00,3.895e-05,1735718400000.0
2025-01-01 12:00:00+00:00,3.895e-05,1735718400000.0
2025-01-01 16:00:00+00:00,0.0001,1735747200000.0
2025-01-01 20:00:00+00:00,0.0001,1735747200000.0
2025-01-02 00:00:00+00:00,0.0001,1735776000000.0
2025-01-02 04:00:00+00:00,0.0001,1735776000000.0
2025-01-02 08:00:00+00:00,0.0001,1735804800000.0
2025-01-02 12:00:00+00:00,0.0001,1735804800000.0
2025-01-02 16:00:00+00:00,0.0001,1735833600000.0
2025-01-02 20:00:00+00:00,0.0001,1735833600000.0
2025-01-03 00:00:00+00:00,0.0001,1735862400000.0
2025-01-03 04:00:00+00:00,0.0001,1735862400000.0
2025-01-03 08:00:00+00:00,0.0001,1735891200000.0
2025-01-03 12:00:00+00:00,0.0001,1735891200000.0
2025-01-03 16:00:00+00:00,0.0001,1735920000000.0
2025-01-03 20:00:00+00:00,0.0001,1735920000000.0
2025-01-04 00:00:00+00:00,0.0001,1735948800000.0
2025-01-04 04:00:00+00:00,0.0001,1735948800000.0
2025-01-04 08:00:00+00:00,0.0001,1735977600000.0
2025-01-04 12:00:00+00:00,0.0001,1735977600000.0
2025-01-04 16:00:00+00:00,0.0001,1736006400000.0
2025-01-04 20:00:00+00:00,0.0001,1736006400000.0
2025-01-05 00:00:00+00:00,0.0001,1736035200000.0
2025-01-05 04:00:00+00:00,0.0001,1736035200000.0
2025-01-05 08:00:00+00:00,0.0001,1736064000000.0
2025-01-05 12:00:00+00:00,0.0001,1736064000000.0
2025-01-05 16:00:00+00:00,0.0001,1736092800000.0
2025-01-05 20:00:00+00:00,0.0001,1736092800000.0
2025-01-06 00:00:00+00:00,0.0001,1736121600000.0
2025-01-06 04:00:00+00:00,0.0001,1736121600000.0
2025-01-06 08:00:00+00:00,0.0001,1736150400000.0
2025-01-06 12:00:00+00:00,0.0001,1736150400000.0
2025-01-06 16:00:00+00:00,0.0001,1736179200000.0
2025-01-06 20:00:00+00:00,0.0001,1736179200000.0
2025-01-07 00:00:00+00:00,0.0001,1736208000000.0
2025-01-07 04:00:00+00:00,0.0001,1736208000000.0
2025-01-07 08:00:00+00:00,0.0001,1736236800000.0
2025-01-07 12:00:00+00:00,0.0001,1736236800000.0
2025-01-07 16:00:00+00:00,0.0001,1736265600000.0
2025-01-07 20:00:00+00:00,0.0001,1736265600000.0
2025-01-08 00:00:00+00:00,0.0001,1736294400000.0
2025-01-08 04:00:00+00:00,0.0001,1736294400000.0
2025-01-08 08:00:00+00:00,0.0001,1736323200000.0
2025-01-08 12:00:00+00:00,0.0001,1736323200000.0
2025-01-08 16:00:00+00:00,0.0001,1736352000000.0
2025-01-08 20:00:00+00:00,0.0001,1736352000000.0
2025-01-09 00:00:00+00:00,9.146e-05,1736380800000.0
2025-01-09 04:00:00+00:00,9.146e-05,1736380800000.0
2025-01-09 08:00:00+00:00,9.949e-05,1736409600000.0
2025-01-09 12:00:00+00:00,9.949e-05,1736409600000.0
2025-01-09 16:00:00+00:00,7.974e-05,1736438400000.0
2025-01-09 20:00:00+00:00,7.974e-05,1736438400000.0
2025-01-10 00:00:00+00:00,3.903e-05,1736467200000.0
2025-01-10 04:00:00+00:00,3.903e-05,1736467200000.0
2025-01-10 08:00:00+00:00,-3.19e-06,1736496000000.0
2025-01-10 12:00:00+00:00,-3.19e-06,1736496000000.0
2025-01-10 16:00:00+00:00,6.587e-05,1736524800000.0
2025-01-10 20:00:00+00:00,6.587e-05,1736524800000.0
2025-01-11 00:00:00+00:00,2.216e-05,1736553600000.0
2025-01-11 04:00:00+00:00,2.216e-05,1736553600000.0
2025-01-11 08:00:00+00:00,2.134e-05,1736582400000.0
2025-01-11 12:00:00+00:00,2.134e-05,1736582400000.0
2025-01-11 16:00:00+00:00,4.98e-05,1736611200000.0
2025-01-11 20:00:00+00:00,4.98e-05,1736611200000.0
2025-01-12 00:00:00+00:00,5.032e-05,1736640000000.0
2025-01-12 04:00:00+00:00,5.032e-05,1736640000000.0
2025-01-12 08:00:00+00:00,0.0001,1736668800000.0
2025-01-12 12:00:00+00:00,0.0001,1736668800000.0
2025-01-12 16:00:00+00:00,0.0001,1736697600000.0
2025-01-12 20:00:00+00:00,0.0001,1736697600000.0
2025-01-13 00:00:00+00:00,0.0001,1736726400000.0
2025-01-13 04:00:00+00:00,0.0001,1736726400000.0
2025-01-13 08:00:00+00:00,8.319e-05,1736755200000.0
2025-01-13 12:00:00+00:00,8.319e-05,1736755200000.0
2025-01-13 16:00:00+00:00,2.438e-05,1736784000000.0
2025-01-13 20:00:00+00:00,2.438e-05,1736784000000.0
2025-01-14 00:00:00+00:00,-2.55e-06,1736812800000.0
2025-01-14 04:00:00+00:00,-2.55e-06,1736812800000.0
2025-01-14 08:00:00+00:00,-5.37e-06,1736841600000.0
2025-01-14 12:00:00+00:00,-5.37e-06,1736841600000.0
2025-01-14 16:00:00+00:00,6.729e-05,1736870400000.0
2025-01-14 20:00:00+00:00,6.729e-05,1736870400000.0
2025-01-15 00:00:00+00:00,0.0001,1736899200000.0
2025-01-15 04:00:00+00:00,0.0001,1736899200000.0
2025-01-15 08:00:00+00:00,0.0001,1736928000000.0
2025-01-15 12:00:00+00:00,0.0001,1736928000000.0
2025-01-15 16:00:00+00:00,0.0001,1736956800000.0
2025-01-15 20:00:00+00:00,0.0001,1736956800000.0
2025-01-16 00:00:00+00:00,0.0001,1736985600000.0
2025-01-16 04:00:00+00:00,0.0001,1736985600000.0
2025-01-16 08:00:00+00:00,0.0001,1737014400000.0
2025-01-16 12:00:00+00:00,0.0001,1737014400000.0
2025-01-16 16:00:00+00:00,0.0001,1737043200000.0
2025-01-16 20:00:00+00:00,0.0001,1737043200000.0
2025-01-17 00:00:00+00:00,0.0001,1737072000000.0
2025-01-17 04:00:00+00:00,0.0001,1737072000000.0
2025-01-17 08:00:00+00:00,0.0001,1737100800000.0
2025-01-17 12:00:00+00:00,0.0001,1737100800000.0
2025-01-17 16:00:00+00:00,0.0001,1737129600000.0
2025-01-17 20:00:00+00:00,0.0001,1737129600000.0
2025-01-18 00:00:00+00:00,0.0001,1737158400000.0
2025-01-18 04:00:00+00:00,0.0001,1737158400000.0
2025-01-18 08:00:00+00:00,0.0001,1737187200000.0
2025-01-18 12:00:00+00:00,0.0001,1737187200000.0
2025-01-18 16:00:00+00:00,0.0001,1737216000000.0
2025-01-18 20:00:00+00:00,0.0001,1737216000000.0
2025-01-19 00:00:00+00:00,0.0001,1737244800000.0
2025-01-19 04:00:00+00:00,0.0001,1737244800000.0
2025-01-19 08:00:00+00:00,0.0001,1737273600000.0
2025-01-19 12:00:00+00:00,0.0001,1737273600000.0
2025-01-19 16:00:00+00:00,0.0001,1737302400000.0
2025-01-19 20:00:00+00:00,0.0001,1737302400000.0
2025-01-20 00:00:00+00:00,0.0001,1737331200000.0
2025-01-20 04:00:00+00:00,0.0001,1737331200000.0
2025-01-20 08:00:00+00:00,0.0001,1737360000000.0
2025-01-20 12:00:00+00:00,0.0001,1737360000000.0
2025-01-20 16:00:00+00:00,0.0001,1737388800000.0
2025-01-20 20:00:00+00:00,0.0001,1737388800000.0
2025-01-21 00:00:00+00:00,0.0001,1737417600000.0
2025-01-21 04:00:00+00:00,0.0001,1737417600000.0
2025-01-21 08:00:00+00:00,0.0001,1737446400000.0
2025-01-21 12:00:00+00:00,0.0001,1737446400000.0
2025-01-21 16:00:00+00:00,0.0001,1737475200000.0
2025-01-21 20:00:00+00:00,0.0001,1737475200000.0
2025-01-22 00:00:00+00:00,0.0001,1737504000000.0
2025-01-22 04:00:00+00:00,0.0001,1737504000000.0
2025-01-22 08:00:00+00:00,0.0001,1737532800000.0
2025-01-22 12:00:00+00:00,0.0001,1737532800000.0
2025-01-22 16:00:00+00:00,0.0001,1737561600000.0
2025-01-22 20:00:00+00:00,0.0001,1737561600000.0
2025-01-23 00:00:00+00:00,0.0001,1737590400000.0
2025-01-23 04:00:00+00:00,0.0001,1737590400000.0
2025-01-23 08:00:00+00:00,0.0001,1737619200000.0
2025-01-23 12:00:00+00:00,0.0001,1737619200000.0
2025-01-23 16:00:00+00:00,0.0001,1737648000000.0
2025-01-23 20:00:00+00:00,0.0001,1737648000000.0
2025-01-24 00:00:00+00:00,0.0001,1737676800000.0
2025-01-24 04:00:00+00:00,0.0001,1737676800000.0
2025-01-24 08:00:00+00:00,0.0001,1737705600000.0
2025-01-24 12:00:00+00:00,0.0001,1737705600000.0
2025-01-24 16:00:00+00:00,0.0001,1737734400000.0
2025-01-24 20:00:00+00:00,0.0001,1737734400000.0
2025-01-25 00:00:00+00:00,0.0001,1737763200000.0
2025-01-25 04:00:00+00:00,0.0001,1737763200000.0
2025-01-25 08:00:00+00:00,0.0001,1737792000000.0
2025-01-25 12:00:00+00:00,0.0001,1737792000000.0
2025-01-25 16:00:00+00:00,0.0001,1737820800000.0
2025-01-25 20:00:00+00:00,0.0001,1737820800000.0
2025-01-26 00:00:00+00:00,0.0001,1737849600000.0
2025-01-26 04:00:00+00:00,0.0001,1737849600000.0
2025-01-26 08:00:00+00:00,0.0001,1737878400000.0
2025-01-26 12:00:00+00:00,0.0001,1737878400000.0
2025-01-26 16:00:00+00:00,0.0001,1737907200000.0
2025-01-26 20:00:00+00:00,0.0001,1737907200000.0
2025-01-27 00:00:00+00:00,0.0001,1737936000000.0
2025-01-27 04:00:00+00:00,0.0001,1737936000000.0
2025-01-27 08:00:00+00:00,4.791e-05,1737964800000.0
2025-01-27 12:00:00+00:00,4.791e-05,1737964800000.0
2025-01-27 16:00:00+00:00,-4.435e-05,1737993600000.0
2025-01-27 20:00:00+00:00,-4.435e-05,1737993600000.0
2025-01-28 00:00:00+00:00,8.239e-05,1738022400000.0
2025-01-28 04:00:00+00:00,8.239e-05,1738022400000.0
2025-01-28 08:00:00+00:00,1.338e-05,1738051200000.0
2025-01-28 12:00:00+00:00,1.338e-05,1738051200000.0
2025-01-28 16:00:00+00:00,0.0001,1738080000000.0
2025-01-28 20:00:00+00:00,0.0001,1738080000000.0
2025-01-29 00:00:00+00:00,0.0001,1738108800000.0
2025-01-29 04:00:00+00:00,0.0001,1738108800000.0
2025-01-29 08:00:00+00:00,6.801e-05,1738137600000.0
2025-01-29 12:00:00+00:00,6.801e-05,1738137600000.0
2025-01-29 16:00:00+00:00,0.0001,1738166400000.0
2025-01-29 20:00:00+00:00,0.0001,1738166400000.0
2025-01-30 00:00:00+00:00,9.354e-05,1738195200000.0
2025-01-30 04:00:00+00:00,9.354e-05,1738195200000.0
2025-01-30 08:00:00+00:00,0.0001,1738224000000.0
2025-01-30 12:00:00+00:00,0.0001,1738224000000.0
2025-01-30 16:00:00+00:00,0.0001,1738252800000.0
2025-01-30 20:00:00+00:00,0.0001,1738252800000.0
2025-01-31 00:00:00+00:00,4.089e-05,1738281600000.0
2025-01-31 04:00:00+00:00,4.089e-05,1738281600000.0
2025-01-31 08:00:00+00:00,5.359e-05,1738310400000.0
2025-01-31 12:00:00+00:00,5.359e-05,1738310400000.0
2025-01-31 16:00:00+00:00,0.0001,1738339200000.0
2025-01-31 20:00:00+00:00,0.0001,1738339200000.0
2025-02-01 00:00:00+00:00,0.0001,1738368000000.0
2025-02-01 04:00:00+00:00,0.0001,1738368000000.0
2025-02-01 08:00:00+00:00,0.0001,1738396800000.0
2025-02-01 12:00:00+00:00,0.0001,1738396800000.0
2025-02-01 16:00:00+00:00,0.0001,1738425600000.0
2025-02-01 20:00:00+00:00,0.0001,1738425600000.0
2025-02-02 00:00:00+00:00,-3.03e-06,1738454400000.0
2025-02-02 04:00:00+00:00,-3.03e-06,1738454400000.0
2025-02-02 08:00:00+00:00,2.97e-05,1738483200000.0
2025-02-02 12:00:00+00:00,2.97e-05,1738483200000.0
2025-02-02 16:00:00+00:00,7.337e-05,1738512000000.0
2025-02-02 20:00:00+00:00,7.337e-05,1738512000000.0
2025-02-03 00:00:00+00:00,-9.771e-05,1738540800000.0
2025-02-03 04:00:00+00:00,-9.771e-05,1738540800000.0
2025-02-03 08:00:00+00:00,-0.00033591,1738569600000.0
2025-02-03 12:00:00+00:00,-0.00033591,1738569600000.0
2025-02-03 16:00:00+00:00,-0.00010608,1738598400000.0
2025-02-03 20:00:00+00:00,-0.00010608,1738598400000.0
2025-02-04 00:00:00+00:00,-3.109e-05,1738627200000.0
2025-02-04 04:00:00+00:00,-3.109e-05,1738627200000.0
2025-02-04 08:00:00+00:00,0.0001,1738656000000.0
2025-02-04 12:00:00+00:00,0.0001,1738656000000.0
2025-02-04 16:00:00+00:00,-0.0001274,1738684800000.0
2025-02-04 20:00:00+00:00,-0.0001274,1738684800000.0
2025-02-05 00:00:00+00:00,-1.801e-05,1738713600000.0
2025-02-05 04:00:00+00:00,-1.801e-05,1738713600000.0
2025-02-05 08:00:00+00:00,6.52e-06,1738742400000.0
2025-02-05 12:00:00+00:00,6.52e-06,1738742400000.0
2025-02-05 16:00:00+00:00,-1e-08,1738771200000.0
2025-02-05 20:00:00+00:00,-1e-08,1738771200000.0
2025-02-06 00:00:00+00:00,1.561e-05,1738800000000.0
2025-02-06 04:00:00+00:00,1.561e-05,1738800000000.0
2025-02-06 08:00:00+00:00,7.977e-05,1738828800000.0
2025-02-06 12:00:00+00:00,7.977e-05,1738828800000.0
2025-02-06 16:00:00+00:00,3.553e-05,1738857600000.0
2025-02-06 20:00:00+00:00,3.553e-05,1738857600000.0
2025-02-07 00:00:00+00:00,-5.192e-05,1738886400000.0
2025-02-07 04:00:00+00:00,-5.192e-05,1738886400000.0
2025-02-07 08:00:00+00:00,2.678e-05,1738915200000.0
2025-02-07 12:00:00+00:00,2.678e-05,1738915200000.0
2025-02-07 16:00:00+00:00,0.0001,1738944000000.0
2025-02-07 20:00:00+00:00,0.0001,1738944000000.0
2025-02-08 00:00:00+00:00,-2.729e-05,1738972800000.0
2025-02-08 04:00:00+00:00,-2.729e-05,1738972800000.0
2025-02-08 08:00:00+00:00,-1.233e-05,1739001600000.0
2025-02-08 12:00:00+00:00,-1.233e-05,1739001600000.0
2025-02-08 16:00:00+00:00,-0.00011917,1739030400000.0
2025-02-08 20:00:00+00:00,-0.00011917,1739030400000.0
2025-02-09 00:00:00+00:00,6.715e-05,1739059200000.0
2025-02-09 04:00:00+00:00,6.715e-05,1739059200000.0
2025-02-09 08:00:00+00:00,1.43e-05,1739088000000.0
2025-02-09 12:00:00+00:00,1.43e-05,1739088000000.0
2025-02-09 16:00:00+00:00,-9.56e-06,1739116800000.0
2025-02-09 20:00:00+00:00,-9.56e-06,1739116800000.0
2025-02-10 00:00:00+00:00,-6.164e-05,1739145600000.0
2025-02-10 04:00:00+00:00,-6.164e-05,1739145600000.0
2025-02-10 08:00:00+00:00,7.05e-05,1739174400000.0
2025-02-10 12:00:00+00:00,7.05e-05,1739174400000.0
2025-02-10 16:00:00+00:00,0.0001,1739203200000.0
2025-02-10 20:00:00+00:00,0.0001,1739203200000.0
2025-02-11 00:00:00+00:00,8.239e-05,1739232000000.0
2025-02-11 04:00:00+00:00,8.239e-05,1739232000000.0
2025-02-11 08:00:00+00:00,4.67e-05,1739260800000.0
2025-02-11 12:00:00+00:00,4.67e-05,1739260800000.0
2025-02-11 16:00:00+00:00,9.537e-05,1739289600000.0
2025-02-11 20:00:00+00:00,9.537e-05,1739289600000.0
2025-02-12 00:00:00+00:00,3.858e-05,1739318400000.0
2025-02-12 04:00:00+00:00,3.858e-05,1739318400000.0
2025-02-12 08:00:00+00:00,6.554e-05,1739347200000.0
2025-02-12 12:00:00+00:00,6.554e-05,1739347200000.0
2025-02-12 16:00:00+00:00,5.701e-05,1739376000000.0
2025-02-12 20:00:00+00:00,5.701e-05,1739376000000.0
2025-02-13 00:00:00+00:00,0.0001,1739404800000.0
2025-02-13 04:00:00+00:00,0.0001,1739404800000.0
2025-02-13 08:00:00+00:00,0.0001,1739433600000.0
2025-02-13 12:00:00+00:00,0.0001,1739433600000.0
2025-02-13 16:00:00+00:00,3.779e-05,1739462400000.0
2025-02-13 20:00:00+00:00,3.779e-05,1739462400000.0
2025-02-14 00:00:00+00:00,6.185e-05,1739491200000.0
2025-02-14 04:00:00+00:00,6.185e-05,1739491200000.0
2025-02-14 08:00:00+00:00,2.708e-05,1739520000000.0
2025-02-14 12:00:00+00:00,2.708e-05,1739520000000.0
2025-02-14 16:00:00+00:00,-5.777e-05,1739548800000.0
2025-02-14 20:00:00+00:00,-5.777e-05,1739548800000.0
2025-02-15 00:00:00+00:00,-7.514e-05,1739577600000.0
2025-02-15 04:00:00+00:00,-7.514e-05,1739577600000.0
2025-02-15 08:00:00+00:00,7.972e-05,1739606400000.0
2025-02-15 12:00:00+00:00,7.972e-05,1739606400000.0
2025-02-15 16:00:00+00:00,5.223e-05,1739635200000.0
2025-02-15 20:00:00+00:00,5.223e-05,1739635200000.0
2025-02-16 00:00:00+00:00,5.257e-05,1739664000000.0
2025-02-16 04:00:00+00:00,5.257e-05,1739664000000.0
2025-02-16 08:00:00+00:00,-6.406e-05,1739692800000.0
2025-02-16 12:00:00+00:00,-6.406e-05,1739692800000.0
2025-02-16 16:00:00+00:00,-4.05e-05,1739721600000.0
2025-02-16 20:00:00+00:00,-4.05e-05,1739721600000.0
2025-02-17 00:00:00+00:00,-3.695e-05,1739750400000.0
2025-02-17 04:00:00+00:00,-3.695e-05,1739750400000.0
2025-02-17 08:00:00+00:00,2.879e-05,1739779200000.0
2025-02-17 12:00:00+00:00,2.879e-05,1739779200000.0
2025-02-17 16:00:00+00:00,0.0001,1739808000000.0
2025-02-17 20:00:00+00:00,0.0001,1739808000000.0
2025-02-18 00:00:00+00:00,0.0001,1739836800000.0
2025-02-18 04:00:00+00:00,0.0001,1739836800000.0
2025-02-18 08:00:00+00:00,1.848e-05,1739865600000.0
2025-02-18 12:00:00+00:00,1.848e-05,1739865600000.0
2025-02-18 16:00:00+00:00,3.629e-05,1739894400000.0
2025-02-18 20:00:00+00:00,3.629e-05,1739894400000.0
2025-02-19 00:00:00+00:00,-4.256e-05,1739923200000.0
2025-02-19 04:00:00+00:00,-4.256e-05,1739923200000.0
2025-02-19 08:00:00+00:00,-1.874e-05,1739952000000.0
2025-02-19 12:00:00+00:00,-1.874e-05,1739952000000.0
2025-02-19 16:00:00+00:00,9.03e-05,1739980800000.0
2025-02-19 20:00:00+00:00,9.03e-05,1739980800000.0
2025-02-20 00:00:00+00:00,6.375e-05,1740009600000.0
2025-02-20 04:00:00+00:00,6.375e-05,1740009600000.0
2025-02-20 08:00:00+00:00,0.0001,1740038400000.0
2025-02-20 12:00:00+00:00,0.0001,1740038400000.0
2025-02-20 16:00:00+00:00,9.214e-05,1740067200000.0
2025-02-20 20:00:00+00:00,9.214e-05,1740067200000.0
2025-02-21 00:00:00+00:00,0.0001,1740096000000.0
2025-02-21 04:00:00+00:00,0.0001,1740096000000.0
2025-02-21 08:00:00+00:00,0.0001,1740124800000.0
2025-02-21 12:00:00+00:00,0.0001,1740124800000.0
2025-02-21 16:00:00+00:00,8.262e-05,1740153600000.0
2025-02-21 20:00:00+00:00,8.262e-05,1740153600000.0
2025-02-22 00:00:00+00:00,0.00043661,1740182400000.0
2025-02-22 04:00:00+00:00,0.00043661,1740182400000.0
2025-02-22 08:00:00+00:00,0.0001,1740211200000.0
2025-02-22 12:00:00+00:00,0.0001,1740211200000.0
2025-02-22 16:00:00+00:00,0.0001,1740240000000.0
2025-02-22 20:00:00+00:00,0.0001,1740240000000.0
2025-02-23 00:00:00+00:00,0.0001,1740268800000.0
2025-02-23 04:00:00+00:00,0.0001,1740268800000.0
2025-02-23 08:00:00+00:00,0.0001,1740297600000.0
2025-02-23 12:00:00+00:00,0.0001,1740297600000.0
2025-02-23 16:00:00+00:00,0.0001,1740326400000.0
2025-02-23 20:00:00+00:00,0.0001,1740326400000.0
2025-02-24 00:00:00+00:00,0.0001,1740355200000.0
2025-02-24 04:00:00+00:00,0.0001,1740355200000.0
2025-02-24 08:00:00+00:00,0.0001,1740384000000.0
2025-02-24 12:00:00+00:00,0.0001,1740384000000.0
2025-02-24 16:00:00+00:00,0.0001,1740412800000.0
2025-02-24 20:00:00+00:00,0.0001,1740412800000.0
2025-02-25 00:00:00+00:00,0.0001,1740441600000.0
2025-02-25 04:00:00+00:00,0.0001,1740441600000.0
2025-02-25 08:00:00+00:00,0.0001,1740470400000.0
2025-02-25 12:00:00+00:00,0.0001,1740470400000.0
2025-02-25 16:00:00+00:00,0.0001,1740499200000.0
2025-02-25 20:00:00+00:00,0.0001,1740499200000.0
2025-02-26 00:00:00+00:00,0.0001,1740528000000.0
2025-02-26 04:00:00+00:00,0.0001,1740528000000.0
2025-02-26 08:00:00+00:00,0.0001,1740556800000.0
2025-02-26 12:00:00+00:00,0.0001,1740556800000.0
2025-02-26 16:00:00+00:00,0.0001,1740585600000.0
2025-02-26 20:00:00+00:00,0.0001,1740585600000.0
2025-02-27 00:00:00+00:00,0.0001,1740614400000.0
2025-02-27 04:00:00+00:00,0.0001,1740614400000.0
2025-02-27 08:00:00+00:00,8.313e-05,1740643200000.0
2025-02-27 12:00:00+00:00,8.313e-05,1740643200000.0
2025-02-27 16:00:00+00:00,0.0001,1740672000000.0
2025-02-27 20:00:00+00:00,0.0001,1740672000000.0
2025-02-28 00:00:00+00:00,0.0001,1740700800000.0
2025-02-28 04:00:00+00:00,0.0001,1740700800000.0
2025-02-28 08:00:00+00:00,0.0001,1740729600000.0
2025-02-28 12:00:00+00:00,0.0001,1740729600000.0
2025-02-28 16:00:00+00:00,-3.088e-05,1740758400000.0
2025-02-28 20:00:00+00:00,-3.088e-05,1740758400000.0
2025-03-01 00:00:00+00:00,0.0001,1740787200000.0
2025-03-01 04:00:00+00:00,0.0001,1740787200000.0
2025-03-01 08:00:00+00:00,0.0001,1740816000000.0
2025-03-01 12:00:00+00:00,0.0001,1740816000000.0
2025-03-01 16:00:00+00:00,0.0001,1740844800000.0
2025-03-01 20:00:00+00:00,0.0001,1740844800000.0
2025-03-02 00:00:00+00:00,0.0001,1740873600000.0
2025-03-02 04:00:00+00:00,0.0001,1740873600000.0
2025-03-02 08:00:00+00:00,0.0001,1740902400000.0
2025-03-02 12:00:00+00:00,0.0001,1740902400000.0
2025-03-02 16:00:00+00:00,4.088e-05,1740931200000.0
2025-03-02 20:00:00+00:00,4.088e-05,1740931200000.0
2025-03-03 00:00:00+00:00,0.0001,1740960000000.0
2025-03-03 04:00:00+00:00,0.0001,1740960000000.0
2025-03-03 08:00:00+00:00,0.0001,1740988800000.0
2025-03-03 12:00:00+00:00,0.0001,1740988800000.0
2025-03-03 16:00:00+00:00,0.0001,1741017600000.0
2025-03-03 20:00:00+00:00,0.0001,1741017600000.0
2025-03-04 00:00:00+00:00,-4.539e-05,1741046400000.0
2025-03-04 04:00:00+00:00,-4.539e-05,1741046400000.0
2025-03-04 08:00:00+00:00,-0.00024817,1741075200000.0
2025-03-04 12:00:00+00:00,-0.00024817,1741075200000.0
2025-03-04 16:00:00+00:00,-0.00027262,1741104000000.0
2025-03-04 20:00:00+00:00,-0.00027262,1741104000000.0
2025-03-05 00:00:00+00:00,1.99e-06,1741132800000.0
2025-03-05 04:00:00+00:00,1.99e-06,1741132800000.0
2025-03-05 08:00:00+00:00,-1.66e-05,1741161600000.0
2025-03-05 12:00:00+00:00,-1.66e-05,1741161600000.0
2025-03-05 16:00:00+00:00,2.816e-05,1741190400000.0
2025-03-05 20:00:00+00:00,2.816e-05,1741190400000.0
2025-03-06 00:00:00+00:00,-2.322e-05,1741219200000.0
2025-03-06 04:00:00+00:00,-2.322e-05,1741219200000.0
2025-03-06 08:00:00+00:00,4.47e-06,1741248000000.0
2025-03-06 12:00:00+00:00,4.47e-06,1741248000000.0
2025-03-06 16:00:00+00:00,-0.0001135,1741276800000.0
2025-03-06 20:00:00+00:00,-0.0001135,1741276800000.0
2025-03-07 00:00:00+00:00,-0.00011351,1741305600000.0
2025-03-07 04:00:00+00:00,-0.00011351,1741305600000.0
2025-03-07 08:00:00+00:00,-0.0002337,1741334400000.0
2025-03-07 12:00:00+00:00,-0.0002337,1741334400000.0
2025-03-07 16:00:00+00:00,-0.0002148,1741363200000.0
2025-03-07 20:00:00+00:00,-0.0002148,1741363200000.0
2025-03-08 00:00:00+00:00,-0.00012175,1741392000000.0
2025-03-08 04:00:00+00:00,-0.00012175,1741392000000.0
2025-03-08 08:00:00+00:00,-1.477e-05,1741420800000.0
2025-03-08 12:00:00+00:00,-1.477e-05,1741420800000.0
2025-03-08 16:00:00+00:00,-9.807e-05,1741449600000.0
2025-03-08 20:00:00+00:00,-9.807e-05,1741449600000.0
2025-03-09 00:00:00+00:00,-0.0001531,1741478400000.0
2025-03-09 04:00:00+00:00,-0.0001531,1741478400000.0
2025-03-09 08:00:00+00:00,5.619e-05,1741507200000.0
2025-03-09 12:00:00+00:00,5.619e-05,1741507200000.0
2025-03-09 16:00:00+00:00,5.785e-05,1741536000000.0
2025-03-09 20:00:00+00:00,5.785e-05,1741536000000.0
2025-03-10 00:00:00+00:00,1.845e-05,1741564800000.0
2025-03-10 04:00:00+00:00,1.845e-05,1741564800000.0
2025-03-10 08:00:00+00:00,-0.00010737,1741593600000.0
2025-03-10 12:00:00+00:00,-0.00010737,1741593600000.0
2025-03-10 16:00:00+00:00,4.723e-05,1741622400000.0
2025-03-10 20:00:00+00:00,4.723e-05,1741622400000.0
2025-03-11 00:00:00+00:00,-5.16e-06,1741651200000.0
2025-03-11 04:00:00+00:00,-5.16e-06,1741651200000.0
2025-03-11 08:00:00+00:00,-8.293e-05,1741680000000.0
2025-03-11 12:00:00+00:00,-8.293e-05,1741680000000.0
2025-03-11 16:00:00+00:00,7.719e-05,1741708800000.0
2025-03-11 20:00:00+00:00,7.719e-05,1741708800000.0
2025-03-12 00:00:00+00:00,-9.681e-05,1741737600000.0
2025-03-12 04:00:00+00:00,-9.681e-05,1741737600000.0
2025-03-12 08:00:00+00:00,-0.00014373,1741766400000.0
2025-03-12 12:00:00+00:00,-0.00014373,1741766400000.0
2025-03-12 16:00:00+00:00,-9.909e-05,1741795200000.0
2025-03-12 20:00:00+00:00,-9.909e-05,1741795200000.0
2025-03-13 00:00:00+00:00,-8.988e-05,1741824000000.0
2025-03-13 04:00:00+00:00,-8.988e-05,1741824000000.0
2025-03-13 08:00:00+00:00,-0.00011128,1741852800000.0
2025-03-13 12:00:00+00:00,-0.00011128,1741852800000.0
2025-03-13 16:00:00+00:00,-0.00010022,1741881600000.0
2025-03-13 20:00:00+00:00,-0.00010022,1741881600000.0
2025-03-14 00:00:00+00:00,-4.998e-05,1741910400000.0
2025-03-14 04:00:00+00:00,-4.998e-05,1741910400000.0
2025-03-14 08:00:00+00:00,-5.684e-05,1741939200000.0
2025-03-14 12:00:00+00:00,-5.684e-05,1741939200000.0
2025-03-14 16:00:00+00:00,6.827e-05,1741968000000.0
2025-03-14 20:00:00+00:00,6.827e-05,1741968000000.0
2025-03-15 00:00:00+00:00,0.0001,1741996800000.0
2025-03-15 04:00:00+00:00,0.0001,1741996800000.0
2025-03-15 08:00:00+00:00,0.0001,1742025600000.0
2025-03-15 12:00:00+00:00,0.0001,1742025600000.0
2025-03-15 16:00:00+00:00,7.622e-05,1742054400000.0
2025-03-15 20:00:00+00:00,7.622e-05,1742054400000.0
2025-03-16 00:00:00+00:00,6.13e-05,1742083200000.0
2025-03-16 04:00:00+00:00,6.13e-05,1742083200000.0
2025-03-16 08:00:00+00:00,3.774e-05,1742112000000.0
2025-03-16 12:00:00+00:00,3.774e-05,1742112000000.0
2025-03-16 16:00:00+00:00,-9.34e-05,1742140800000.0
2025-03-16 20:00:00+00:00,-9.34e-05,1742140800000.0
2025-03-17 00:00:00+00:00,-0.00012907,1742169600000.0
2025-03-17 04:00:00+00:00,-0.00012907,1742169600000.0
2025-03-17 08:00:00+00:00,5.811e-05,1742198400000.0
2025-03-17 12:00:00+00:00,5.811e-05,1742198400000.0
2025-03-17 16:00:00+00:00,6.364e-05,1742227200000.0
2025-03-17 20:00:00+00:00,6.364e-05,1742227200000.0
2025-03-18 00:00:00+00:00,-3.242e-05,1742256000000.0
2025-03-18 04:00:00+00:00,-3.242e-05,1742256000000.0
2025-03-18 08:00:00+00:00,-0.00011259,1742284800000.0
2025-03-18 12:00:00+00:00,-0.00011259,1742284800000.0
2025-03-18 16:00:00+00:00,-9.406e-05,1742313600000.0
2025-03-18 20:00:00+00:00,-9.406e-05,1742313600000.0
2025-03-19 00:00:00+00:00,-0.00013252,1742342400000.0
2025-03-19 04:00:00+00:00,-0.00013252,1742342400000.0
2025-03-19 08:00:00+00:00,1.341e-05,1742371200000.0
2025-03-19 12:00:00+00:00,1.341e-05,1742371200000.0
2025-03-19 16:00:00+00:00,9.384e-05,1742400000000.0
2025-03-19 20:00:00+00:00,9.384e-05,1742400000000.0
2025-03-20 00:00:00+00:00,3.834e-05,1742428800000.0
2025-03-20 04:00:00+00:00,3.834e-05,1742428800000.0
2025-03-20 08:00:00+00:00,0.0001,1742457600000.0
2025-03-20 12:00:00+00:00,0.0001,1742457600000.0
2025-03-20 16:00:00+00:00,0.0001,1742486400000.0
2025-03-20 20:00:00+00:00,0.0001,1742486400000.0
2025-03-21 00:00:00+00:00,-9.843e-05,1742515200000.0
2025-03-21 04:00:00+00:00,-9.843e-05,1742515200000.0
2025-03-21 08:00:00+00:00,-6.182e-05,1742544000000.0
2025-03-21 12:00:00+00:00,-6.182e-05,1742544000000.0
2025-03-21 16:00:00+00:00,-8.142e-05,1742572800000.0
2025-03-21 20:00:00+00:00,-8.142e-05,1742572800000.0
2025-03-22 00:00:00+00:00,-8.38e-05,1742601600000.0
2025-03-22 04:00:00+00:00,-8.38e-05,1742601600000.0
2025-03-22 08:00:00+00:00,3.054e-05,1742630400000.0
2025-03-22 12:00:00+00:00,3.054e-05,1742630400000.0
2025-03-22 16:00:00+00:00,-5.065e-05,1742659200000.0
2025-03-22 20:00:00+00:00,-5.065e-05,1742659200000.0
2025-03-23 00:00:00+00:00,-2.926e-05,1742688000000.0
2025-03-23 04:00:00+00:00,-2.926e-05,1742688000000.0
2025-03-23 08:00:00+00:00,0.0001,1742716800000.0
2025-03-23 12:00:00+00:00,0.0001,1742716800000.0
2025-03-23 16:00:00+00:00,1.781e-05,1742745600000.0
2025-03-23 20:00:00+00:00,1.781e-05,1742745600000.0
2025-03-24 00:00:00+00:00,-9.66e-06,1742774400000.0
2025-03-24 04:00:00+00:00,-9.66e-06,1742774400000.0
2025-03-24 08:00:00+00:00,0.0001,1742803200000.0
2025-03-24 12:00:00+00:00,0.0001,1742803200000.0
2025-03-24 16:00:00+00:00,0.0001,1742832000000.0
2025-03-24 20:00:00+00:00,0.0001,1742832000000.0
2025-03-25 00:00:00+00:00,0.0001,1742860800000.0
2025-03-25 04:00:00+00:00,0.0001,1742860800000.0
2025-03-25 08:00:00+00:00,0.0001,1742889600000.0
2025-03-25 12:00:00+00:00,0.0001,1742889600000.0
2025-03-25 16:00:00+00:00,4.82e-06,1742918400000.0
2025-03-25 20:00:00+00:00,4.82e-06,1742918400000.0
2025-03-26 00:00:00+00:00,-5.247e-05,1742947200000.0
2025-03-26 04:00:00+00:00,-5.247e-05,1742947200000.0
2025-03-26 08:00:00+00:00,-4.282e-05,1742976000000.0
2025-03-26 12:00:00+00:00,-4.282e-05,1742976000000.0
2025-03-26 16:00:00+00:00,8.543e-05,1743004800000.0
2025-03-26 20:00:00+00:00,8.543e-05,1743004800000.0
2025-03-27 00:00:00+00:00,-1.164e-05,1743033600000.0
2025-03-27 04:00:00+00:00,-1.164e-05,1743033600000.0
2025-03-27 08:00:00+00:00,6.792e-05,1743062400000.0
2025-03-27 12:00:00+00:00,6.792e-05,1743062400000.0
2025-03-27 16:00:00+00:00,-9.15e-06,1743091200000.0
2025-03-27 20:00:00+00:00,-9.15e-06,1743091200000.0
2025-03-28 00:00:00+00:00,0.0001,1743120000000.0
2025-03-28 04:00:00+00:00,0.0001,1743120000000.0
2025-03-28 08:00:00+00:00,-0.00013141,1743148800000.0
2025-03-28 12:00:00+00:00,-0.00013141,1743148800000.0
2025-03-28 16:00:00+00:00,-0.00015945,1743177600000.0
2025-03-28 20:00:00+00:00,-0.00015945,1743177600000.0
2025-03-29 00:00:00+00:00,-0.00021556,1743206400000.0
2025-03-29 04:00:00+00:00,-0.00021556,1743206400000.0
2025-03-29 08:00:00+00:00,-7.5e-05,1743235200000.0
2025-03-29 12:00:00+00:00,-7.5e-05,1743235200000.0
2025-03-29 16:00:00+00:00,-0.0001848,1743264000000.0
2025-03-29 20:00:00+00:00,-0.0001848,1743264000000.0
2025-03-30 00:00:00+00:00,-0.00016458,1743292800000.0
2025-03-30 04:00:00+00:00,-0.00016458,1743292800000.0
2025-03-30 08:00:00+00:00,-0.00017138,1743321600000.0
2025-03-30 12:00:00+00:00,-0.00017138,1743321600000.0
2025-03-30 16:00:00+00:00,-7.428e-05,1743350400000.0
2025-03-30 20:00:00+00:00,-7.428e-05,1743350400000.0
2025-03-31 00:00:00+00:00,-0.0001759,1743379200000.0
2025-03-31 04:00:00+00:00,-0.0001759,1743379200000.0
2025-03-31 08:00:00+00:00,-1.487e-05,1743408000000.0
2025-03-31 12:00:00+00:00,-1.487e-05,1743408000000.0
2025-03-31 16:00:00+00:00,-0.0002338,1743436800000.0
2025-03-31 20:00:00+00:00,-0.0002338,1743436800000.0
2025-04-01 00:00:00+00:00,-6.059e-05,1743465600000.0
2025-04-01 04:00:00+00:00,-6.059e-05,1743465600000.0
2025-04-01 08:00:00+00:00,-0.00017046,1743494400000.0
2025-04-01 12:00:00+00:00,-0.00017046,1743494400000.0
2025-04-01 16:00:00+00:00,4.68e-06,1743523200000.0
2025-04-01 20:00:00+00:00,4.68e-06,1743523200000.0
2025-04-02 00:00:00+00:00,0.0001,1743552000000.0
2025-04-02 04:00:00+00:00,0.0001,1743552000000.0
2025-04-02 08:00:00+00:00,0.0001,1743580800000.0
2025-04-02 12:00:00+00:00,0.0001,1743580800000.0
2025-04-02 16:00:00+00:00,8.098e-05,1743609600000.0
2025-04-02 20:00:00+00:00,8.098e-05,1743609600000.0
2025-04-03 00:00:00+00:00,1.893e-05,1743638400000.0
2025-04-03 04:00:00+00:00,1.893e-05,1743638400000.0
2025-04-03 08:00:00+00:00,-1.718e-05,1743667200000.0
2025-04-03 12:00:00+00:00,-1.718e-05,1743667200000.0
2025-04-03 16:00:00+00:00,-0.00015607,1743696000000.0
2025-04-03 20:00:00+00:00,-0.00015607,1743696000000.0
2025-04-04 00:00:00+00:00,-7.178e-05,1743724800000.0
2025-04-04 04:00:00+00:00,-7.178e-05,1743724800000.0
2025-04-04 08:00:00+00:00,-5.511e-05,1743753600000.0
2025-04-04 12:00:00+00:00,-5.511e-05,1743753600000.0
2025-04-04 16:00:00+00:00,-2.737e-05,1743782400000.0
2025-04-04 20:00:00+00:00,-2.737e-05,1743782400000.0
2025-04-05 00:00:00+00:00,0.0001,1743811200000.0
2025-04-05 04:00:00+00:00,0.0001,1743811200000.0
2025-04-05 08:00:00+00:00,5.351e-05,1743840000000.0
2025-04-05 12:00:00+00:00,5.351e-05,1743840000000.0
2025-04-05 16:00:00+00:00,1.685e-05,1743868800000.0
2025-04-05 20:00:00+00:00,1.685e-05,1743868800000.0
2025-04-06 00:00:00+00:00,8.076e-05,1743897600000.0
2025-04-06 04:00:00+00:00,8.076e-05,1743897600000.0
2025-04-06 08:00:00+00:00,0.0001,1743926400000.0
2025-04-06 12:00:00+00:00,0.0001,1743926400000.0
2025-04-06 16:00:00+00:00,3.648e-05,1743955200000.0
2025-04-06 20:00:00+00:00,3.648e-05,1743955200000.0
2025-04-07 00:00:00+00:00,-7.45e-05,1743984000000.0
2025-04-07 04:00:00+00:00,-7.45e-05,1743984000000.0
2025-04-07 08:00:00+00:00,2.85e-06,1744012800000.0
2025-04-07 12:00:00+00:00,2.85e-06,1744012800000.0
2025-04-07 16:00:00+00:00,-9.092e-05,1744041600000.0
2025-04-07 20:00:00+00:00,-9.092e-05,1744041600000.0
2025-04-08 00:00:00+00:00,-7.897e-05,1744070400000.0
2025-04-08 04:00:00+00:00,-7.897e-05,1744070400000.0
2025-04-08 08:00:00+00:00,-8.334e-05,1744099200000.0
2025-04-08 12:00:00+00:00,-8.334e-05,1744099200000.0
2025-04-08 16:00:00+00:00,3.7e-07,1744128000000.0
2025-04-08 20:00:00+00:00,3.7e-07,1744128000000.0
2025-04-09 00:00:00+00:00,2.744e-05,1744156800000.0
2025-04-09 04:00:00+00:00,2.744e-05,1744156800000.0
2025-04-09 08:00:00+00:00,-6.553e-05,1744185600000.0
2025-04-09 12:00:00+00:00,-6.553e-05,1744185600000.0
2025-04-09 16:00:00+00:00,2.391e-05,1744214400000.0
2025-04-09 20:00:00+00:00,2.391e-05,1744214400000.0
2025-04-10 00:00:00+00:00,0.0001,1744243200000.0
2025-04-10 04:00:00+00:00,0.0001,1744243200000.0
2025-04-10 08:00:00+00:00,5.665e-05,1744272000000.0
2025-04-10 12:00:00+00:00,5.665e-05,1744272000000.0
2025-04-10 16:00:00+00:00,-6.08e-06,1744300800000.0
2025-04-10 20:00:00+00:00,-6.08e-06,1744300800000.0
2025-04-11 00:00:00+00:00,-2.739e-05,1744329600000.0
2025-04-11 04:00:00+00:00,-2.739e-05,1744329600000.0
2025-04-11 08:00:00+00:00,7.078e-05,1744358400000.0
2025-04-11 12:00:00+00:00,7.078e-05,1744358400000.0
2025-04-11 16:00:00+00:00,2.691e-05,1744387200000.0
2025-04-11 20:00:00+00:00,2.691e-05,1744387200000.0
2025-04-12 00:00:00+00:00,0.0001,1744416000000.0
2025-04-12 04:00:00+00:00,0.0001,1744416000000.0
2025-04-12 08:00:00+00:00,3.288e-05,1744444800000.0
2025-04-12 12:00:00+00:00,3.288e-05,1744444800000.0
2025-04-12 16:00:00+00:00,0.0001,1744473600000.0
2025-04-12 20:00:00+00:00,0.0001,1744473600000.0
2025-04-13 00:00:00+00:00,0.0001,1744502400000.0
2025-04-13 04:00:00+00:00,0.0001,1744502400000.0
2025-04-13 08:00:00+00:00,-0.00012367,1744531200000.0
2025-04-13 12:00:00+00:00,-0.00012367,1744531200000.0
2025-04-13 16:00:00+00:00,-1.546e-05,1744560000000.0
2025-04-13 20:00:00+00:00,-1.546e-05,1744560000000.0
2025-04-14 00:00:00+00:00,3.446e-05,1744588800000.0
2025-04-14 04:00:00+00:00,3.446e-05,1744588800000.0
2025-04-14 08:00:00+00:00,-2.991e-05,1744617600000.0
2025-04-14 12:00:00+00:00,-2.991e-05,1744617600000.0
2025-04-14 16:00:00+00:00,5.336e-05,1744646400000.0
2025-04-14 20:00:00+00:00,5.336e-05,1744646400000.0
2025-04-15 00:00:00+00:00,-2.86e-06,1744675200000.0
2025-04-15 04:00:00+00:00,-2.86e-06,1744675200000.0
2025-04-15 08:00:00+00:00,0.0001,1744704000000.0
2025-04-15 12:00:00+00:00,0.0001,1744704000000.0
2025-04-15 16:00:00+00:00,-8.61e-05,1744732800000.0
2025-04-15 20:00:00+00:00,-8.61e-05,1744732800000.0
2025-04-16 00:00:00+00:00,-6.415e-05,1744761600000.0
2025-04-16 04:00:00+00:00,-6.415e-05,1744761600000.0
2025-04-16 08:00:00+00:00,-3.568e-05,1744790400000.0
2025-04-16 12:00:00+00:00,-3.568e-05,1744790400000.0
2025-04-16 16:00:00+00:00,-5.391e-05,1744819200000.0
2025-04-16 20:00:00+00:00,-5.391e-05,1744819200000.0
2025-04-17 00:00:00+00:00,-4.67e-06,1744848000000.0
2025-04-17 04:00:00+00:00,-4.67e-06,1744848000000.0
2025-04-17 08:00:00+00:00,8.372e-05,1744876800000.0
2025-04-17 12:00:00+00:00,8.372e-05,1744876800000.0
2025-04-17 16:00:00+00:00,0.0001,1744905600000.0
2025-04-17 20:00:00+00:00,0.0001,1744905600000.0
2025-04-18 00:00:00+00:00,6.776e-05,1744934400000.0
2025-04-18 04:00:00+00:00,6.776e-05,1744934400000.0
2025-04-18 08:00:00+00:00,1.855e-05,1744963200000.0
2025-04-18 12:00:00+00:00,1.855e-05,1744963200000.0
2025-04-18 16:00:00+00:00,1.994e-05,1744992000000.0
2025-04-18 20:00:00+00:00,1.994e-05,1744992000000.0
2025-04-19 00:00:00+00:00,0.0001,1745020800000.0
2025-04-19 04:00:00+00:00,0.0001,1745020800000.0
2025-04-19 08:00:00+00:00,0.0001,1745049600000.0
2025-04-19 12:00:00+00:00,0.0001,1745049600000.0
2025-04-19 16:00:00+00:00,0.0001,1745078400000.0
2025-04-19 20:00:00+00:00,0.0001,1745078400000.0
2025-04-20 00:00:00+00:00,8.602e-05,1745107200000.0
2025-04-20 04:00:00+00:00,8.602e-05,1745107200000.0
2025-04-20 08:00:00+00:00,0.0001,1745136000000.0
2025-04-20 12:00:00+00:00,0.0001,1745136000000.0
2025-04-20 16:00:00+00:00,-7.316e-05,1745164800000.0
2025-04-20 20:00:00+00:00,-7.316e-05,1745164800000.0
2025-04-21 00:00:00+00:00,3.512e-05,1745193600000.0
2025-04-21 04:00:00+00:00,3.512e-05,1745193600000.0
2025-04-21 08:00:00+00:00,0.0001,1745222400000.0
2025-04-21 12:00:00+00:00,0.0001,1745222400000.0
2025-04-21 16:00:00+00:00,0.0001,1745251200000.0
2025-04-21 20:00:00+00:00,0.0001,1745251200000.0
2025-04-22 00:00:00+00:00,7.871e-05,1745280000000.0
2025-04-22 04:00:00+00:00,7.871e-05,1745280000000.0
2025-04-22 08:00:00+00:00,5.45e-05,1745308800000.0
2025-04-22 12:00:00+00:00,5.45e-05,1745308800000.0
2025-04-22 16:00:00+00:00,0.0001,1745337600000.0
2025-04-22 20:00:00+00:00,0.0001,1745337600000.0
2025-04-23 00:00:00+00:00,0.0001,1745366400000.0
2025-04-23 04:00:00+00:00,0.0001,1745366400000.0
2025-04-23 08:00:00+00:00,0.0001,1745395200000.0
2025-04-23 12:00:00+00:00,0.0001,1745395200000.0
2025-04-23 16:00:00+00:00,0.0001,1745424000000.0
2025-04-23 20:00:00+00:00,0.0001,1745424000000.0
2025-04-24 00:00:00+00:00,0.0001,1745452800000.0
2025-04-24 04:00:00+00:00,0.0001,1745452800000.0
2025-04-24 08:00:00+00:00,5.208e-05,1745481600000.0
2025-04-24 12:00:00+00:00,5.208e-05,1745481600000.0
2025-04-24 16:00:00+00:00,0.0001,1745510400000.0
2025-04-24 20:00:00+00:00,0.0001,1745510400000.0
2025-04-25 00:00:00+00:00,0.0001,1745539200000.0
2025-04-25 04:00:00+00:00,0.0001,1745539200000.0
2025-04-25 08:00:00+00:00,0.0001,1745568000000.0
2025-04-25 12:00:00+00:00,0.0001,1745568000000.0
2025-04-25 16:00:00+00:00,-7.03e-06,1745596800000.0
2025-04-25 20:00:00+00:00,-7.03e-06,1745596800000.0
2025-04-26 00:00:00+00:00,6.874e-05,1745625600000.0
2025-04-26 04:00:00+00:00,6.874e-05,1745625600000.0
2025-04-26 08:00:00+00:00,0.0001,1745654400000.0
2025-04-26 12:00:00+00:00,0.0001,1745654400000.0
2025-04-26 16:00:00+00:00,1.25e-06,1745683200000.0
2025-04-26 20:00:00+00:00,1.25e-06,1745683200000.0
2025-04-27 00:00:00+00:00,9.092e-05,1745712000000.0
2025-04-27 04:00:00+00:00,9.092e-05,1745712000000.0
2025-04-27 08:00:00+00:00,7.513e-05,1745740800000.0
2025-04-27 12:00:00+00:00,7.513e-05,1745740800000.0
2025-04-27 16:00:00+00:00,5.095e-05,1745769600000.0
2025-04-27 20:00:00+00:00,5.095e-05,1745769600000.0
2025-04-28 00:00:00+00:00,0.0001,1745798400000.0
2025-04-28 04:00:00+00:00,0.0001,1745798400000.0
2025-04-28 08:00:00+00:00,0.0001,1745827200000.0
2025-04-28 12:00:00+00:00,0.0001,1745827200000.0
2025-04-28 16:00:00+00:00,9.04e-05,1745856000000.0
2025-04-28 20:00:00+00:00,9.04e-05,1745856000000.0
2025-04-29 00:00:00+00:00,1.433e-05,1745884800000.0
2025-04-29 04:00:00+00:00,1.433e-05,1745884800000.0
2025-04-29 08:00:00+00:00,3.727e-05,1745913600000.0
2025-04-29 12:00:00+00:00,3.727e-05,1745913600000.0
2025-04-29 16:00:00+00:00,9.967e-05,1745942400000.0
2025-04-29 20:00:00+00:00,9.967e-05,1745942400000.0
2025-04-30 00:00:00+00:00,-1.774e-05,1745971200000.0
2025-04-30 04:00:00+00:00,-1.774e-05,1745971200000.0
2025-04-30 08:00:00+00:00,2.138e-05,1746000000000.0
2025-04-30 12:00:00+00:00,2.138e-05,1746000000000.0
2025-04-30 16:00:00+00:00,-8.405e-05,1746028800000.0
2025-04-30 20:00:00+00:00,-8.405e-05,1746028800000.0
2025-05-01 00:00:00+00:00,-9.442e-05,1746057600000.0
2025-05-01 04:00:00+00:00,-9.442e-05,1746057600000.0
2025-05-01 08:00:00+00:00,-2.043e-05,1746086400000.0
2025-05-01 12:00:00+00:00,-2.043e-05,1746086400000.0
2025-05-01 16:00:00+00:00,9.547e-05,1746115200000.0
2025-05-01 20:00:00+00:00,9.547e-05,1746115200000.0
2025-05-02 00:00:00+00:00,0.0001,1746144000000.0
2025-05-02 04:00:00+00:00,0.0001,1746144000000.0
2025-05-02 08:00:00+00:00,0.0001,1746172800000.0
2025-05-02 12:00:00+00:00,0.0001,1746172800000.0
2025-05-02 16:00:00+00:00,0.0001,1746201600000.0
2025-05-02 20:00:00+00:00,0.0001,1746201600000.0
2025-05-03 00:00:00+00:00,-3.816e-05,1746230400000.0
2025-05-03 04:00:00+00:00,-3.816e-05,1746230400000.0
2025-05-03 08:00:00+00:00,0.0001,1746259200000.0
2025-05-03 12:00:00+00:00,0.0001,1746259200000.0
2025-05-03 16:00:00+00:00,0.0001,1746288000000.0
2025-05-03 20:00:00+00:00,0.0001,1746288000000.0
2025-05-04 00:00:00+00:00,-7.32e-06,1746316800000.0
2025-05-04 04:00:00+00:00,-7.32e-06,1746316800000.0
2025-05-04 08:00:00+00:00,-2.657e-05,1746345600000.0
2025-05-04 12:00:00+00:00,-2.657e-05,1746345600000.0
2025-05-04 16:00:00+00:00,-8.531e-05,1746374400000.0
2025-05-04 20:00:00+00:00,-8.531e-05,1746374400000.0
2025-05-05 00:00:00+00:00,-5.488e-05,1746403200000.0
2025-05-05 04:00:00+00:00,-5.488e-05,1746403200000.0
2025-05-05 08:00:00+00:00,5.753e-05,1746432000000.0
2025-05-05 12:00:00+00:00,5.753e-05,1746432000000.0
2025-05-05 16:00:00+00:00,-0.00010652,1746460800000.0
2025-05-05 20:00:00+00:00,-0.00010652,1746460800000.0
2025-05-06 00:00:00+00:00,-5.763e-05,1746489600000.0
2025-05-06 04:00:00+00:00,-5.763e-05,1746489600000.0
2025-05-06 08:00:00+00:00,-3.4e-06,1746518400000.0
2025-05-06 12:00:00+00:00,-3.4e-06,1746518400000.0
2025-05-06 16:00:00+00:00,4.108e-05,1746547200000.0
2025-05-06 20:00:00+00:00,4.108e-05,1746547200000.0
2025-05-07 00:00:00+00:00,1.493e-05,1746576000000.0
2025-05-07 04:00:00+00:00,1.493e-05,1746576000000.0
2025-05-07 08:00:00+00:00,4.573e-05,1746604800000.0
2025-05-07 12:00:00+00:00,4.573e-05,1746604800000.0
2025-05-07 16:00:00+00:00,4.083e-05,1746633600000.0
2025-05-07 20:00:00+00:00,4.083e-05,1746633600000.0
2025-05-08 00:00:00+00:00,9.803e-05,1746662400000.0
2025-05-08 04:00:00+00:00,9.803e-05,1746662400000.0
2025-05-08 08:00:00+00:00,8.8e-05,1746691200000.0
2025-05-08 12:00:00+00:00,8.8e-05,1746691200000.0
2025-05-08 16:00:00+00:00,0.0001,1746720000000.0
2025-05-08 20:00:00+00:00,0.0001,1746720000000.0
2025-05-09 00:00:00+00:00,0.0001,1746748800000.0
2025-05-09 04:00:00+00:00,0.0001,1746748800000.0
2025-05-09 08:00:00+00:00,0.0001,1746777600000.0
2025-05-09 12:00:00+00:00,0.0001,1746777600000.0
2025-05-09 16:00:00+00:00,0.0001,1746806400000.0
2025-05-09 20:00:00+00:00,0.0001,1746806400000.0
2025-05-10 00:00:00+00:00,0.0001,1746835200000.0
2025-05-10 04:00:00+00:00,0.0001,1746835200000.0
2025-05-10 08:00:00+00:00,0.0001,1746864000000.0
2025-05-10 12:00:00+00:00,0.0001,1746864000000.0
2025-05-10 16:00:00+00:00,0.0001,1746892800000.0
2025-05-10 20:00:00+00:00,0.0001,1746892800000.0
2025-05-11 00:00:00+00:00,0.0001,1746921600000.0
2025-05-11 04:00:00+00:00,0.0001,1746921600000.0
2025-05-11 08:00:00+00:00,0.0001,1746950400000.0
2025-05-11 12:00:00+00:00,0.0001,1746950400000.0
2025-05-11 16:00:00+00:00,0.0001,1746979200000.0
2025-05-11 20:00:00+00:00,0.0001,1746979200000.0
2025-05-12 00:00:00+00:00,0.0001,1747008000000.0
2025-05-12 04:00:00+00:00,0.0001,1747008000000.0
2025-05-12 08:00:00+00:00,0.0001,1747036800000.0
2025-05-12 12:00:00+00:00,0.0001,1747036800000.0
2025-05-12 16:00:00+00:00,0.0001,1747065600000.0
2025-05-12 20:00:00+00:00,0.0001,1747065600000.0
2025-05-13 00:00:00+00:00,0.0001,1747094400000.0
2025-05-13 04:00:00+00:00,0.0001,1747094400000.0
2025-05-13 08:00:00+00:00,0.0001,1747123200000.0
2025-05-13 12:00:00+00:00,0.0001,1747123200000.0
2025-05-13 16:00:00+00:00,0.0001,1747152000000.0
2025-05-13 20:00:00+00:00,0.0001,1747152000000.0
2025-05-14 00:00:00+00:00,0.0001,1747180800000.0
2025-05-14 04:00:00+00:00,0.0001,1747180800000.0
2025-05-14 08:00:00+00:00,0.0001,1747209600000.0
2025-05-14 12:00:00+00:00,0.0001,1747209600000.0
2025-05-14 16:00:00+00:00,0.0001,1747238400000.0
2025-05-14 20:00:00+00:00,0.0001,1747238400000.0
2025-05-15 00:00:00+00:00,0.0001,1747267200000.0
2025-05-15 04:00:00+00:00,0.0001,1747267200000.0
2025-05-15 08:00:00+00:00,8.283e-05,1747296000000.0
2025-05-15 12:00:00+00:00,8.283e-05,1747296000000.0
2025-05-15 16:00:00+00:00,2.971e-05,1747324800000.0
2025-05-15 20:00:00+00:00,2.971e-05,1747324800000.0
2025-05-16 00:00:00+00:00,9.797e-05,1747353600000.0
2025-05-16 04:00:00+00:00,9.797e-05,1747353600000.0
2025-05-16 08:00:00+00:00,0.0001,1747382400000.0
2025-05-16 12:00:00+00:00,0.0001,1747382400000.0
2025-05-16 16:00:00+00:00,0.0001,1747411200000.0
2025-05-16 20:00:00+00:00,0.0001,1747411200000.0
2025-05-17 00:00:00+00:00,9.309e-05,1747440000000.0
2025-05-17 04:00:00+00:00,9.309e-05,1747440000000.0
2025-05-17 08:00:00+00:00,6.904e-05,1747468800000.0
2025-05-17 12:00:00+00:00,6.904e-05,1747468800000.0
2025-05-17 16:00:00+00:00,5.163e-05,1747497600000.0
2025-05-17 20:00:00+00:00,5.163e-05,1747497600000.0
2025-05-18 00:00:00+00:00,6.364e-05,1747526400000.0
2025-05-18 04:00:00+00:00,6.364e-05,1747526400000.0
2025-05-18 08:00:00+00:00,8.392e-05,1747555200000.0
2025-05-18 12:00:00+00:00,8.392e-05,1747555200000.0
2025-05-18 16:00:00+00:00,0.0001,1747584000000.0
2025-05-18 20:00:00+00:00,0.0001,1747584000000.0
2025-05-19 00:00:00+00:00,9.06e-06,1747612800000.0
2025-05-19 04:00:00+00:00,9.06e-06,1747612800000.0
2025-05-19 08:00:00+00:00,-7.793e-05,1747641600000.0
2025-05-19 12:00:00+00:00,-7.793e-05,1747641600000.0
2025-05-19 16:00:00+00:00,5.537e-05,1747670400000.0
2025-05-19 20:00:00+00:00,5.537e-05,1747670400000.0
2025-05-20 00:00:00+00:00,0.0001,1747699200000.0
2025-05-20 04:00:00+00:00,0.0001,1747699200000.0
2025-05-20 08:00:00+00:00,0.0001,1747728000000.0
2025-05-20 12:00:00+00:00,0.0001,1747728000000.0
2025-05-20 16:00:00+00:00,4.18e-06,1747756800000.0
2025-05-20 20:00:00+00:00,4.18e-06,1747756800000.0
2025-05-21 00:00:00+00:00,6.123e-05,1747785600000.0
2025-05-21 04:00:00+00:00,6.123e-05,1747785600000.0
2025-05-21 08:00:00+00:00,0.0001,1747814400000.0
2025-05-21 12:00:00+00:00,0.0001,1747814400000.0
2025-05-21 16:00:00+00:00,0.0001,1747843200000.0
2025-05-21 20:00:00+00:00,0.0001,1747843200000.0
2025-05-22 00:00:00+00:00,0.0001,1747872000000.0
2025-05-22 04:00:00+00:00,0.0001,1747872000000.0
2025-05-22 08:00:00+00:00,0.0001,1747900800000.0
2025-05-22 12:00:00+00:00,0.0001,1747900800000.0
2025-05-22 16:00:00+00:00,0.0001,1747929600000.0
2025-05-22 20:00:00+00:00,0.0001,1747929600000.0
2025-05-23 00:00:00+00:00,0.0001,1747958400000.0
2025-05-23 04:00:00+00:00,0.0001,1747958400000.0
2025-05-23 08:00:00+00:00,0.0001,1747987200000.0
2025-05-23 12:00:00+00:00,0.0001,1747987200000.0
2025-05-23 16:00:00+00:00,0.0001,1748016000000.0
2025-05-23 20:00:00+00:00,0.0001,1748016000000.0
2025-05-24 00:00:00+00:00,0.0001,1748044800000.0
2025-05-24 04:00:00+00:00,0.0001,1748044800000.0
2025-05-24 08:00:00+00:00,0.0001,1748073600000.0
2025-05-24 12:00:00+00:00,0.0001,1748073600000.0
2025-05-24 16:00:00+00:00,0.0001,1748102400000.0
2025-05-24 20:00:00+00:00,0.0001,1748102400000.0
2025-05-25 00:00:00+00:00,3.758e-05,1748131200000.0
2025-05-25 04:00:00+00:00,3.758e-05,1748131200000.0
2025-05-25 08:00:00+00:00,0.0001,1748160000000.0
2025-05-25 12:00:00+00:00,0.0001,1748160000000.0
2025-05-25 16:00:00+00:00,0.0001,1748188800000.0
2025-05-25 20:00:00+00:00,0.0001,1748188800000.0
2025-05-26 00:00:00+00:00,0.0001,1748217600000.0
2025-05-26 04:00:00+00:00,0.0001,1748217600000.0
2025-05-26 08:00:00+00:00,6.173e-05,1748246400000.0
2025-05-26 12:00:00+00:00,6.173e-05,1748246400000.0
2025-05-26 16:00:00+00:00,0.0001,1748275200000.0
2025-05-26 20:00:00+00:00,0.0001,1748275200000.0
2025-05-27 00:00:00+00:00,3.998e-05,1748304000000.0
2025-05-27 04:00:00+00:00,3.998e-05,1748304000000.0
2025-05-27 08:00:00+00:00,4.907e-05,1748332800000.0
2025-05-27 12:00:00+00:00,4.907e-05,1748332800000.0
2025-05-27 16:00:00+00:00,0.0001,1748361600000.0
2025-05-27 20:00:00+00:00,0.0001,1748361600000.0
2025-05-28 00:00:00+00:00,4.435e-05,1748390400000.0
2025-05-28 04:00:00+00:00,4.435e-05,1748390400000.0
2025-05-28 08:00:00+00:00,-7.83e-06,1748419200000.0
2025-05-28 12:00:00+00:00,-7.83e-06,1748419200000.0
2025-05-28 16:00:00+00:00,6.222e-05,1748448000000.0
2025-05-28 20:00:00+00:00,6.222e-05,1748448000000.0
2025-05-29 00:00:00+00:00,-8.8e-06,1748476800000.0
2025-05-29 04:00:00+00:00,-8.8e-06,1748476800000.0
2025-05-29 08:00:00+00:00,0.0001,1748505600000.0
2025-05-29 12:00:00+00:00,0.0001,1748505600000.0
2025-05-29 16:00:00+00:00,0.0001,1748534400000.0
2025-05-29 20:00:00+00:00,0.0001,1748534400000.0
2025-05-30 00:00:00+00:00,2.672e-05,1748563200000.0
2025-05-30 04:00:00+00:00,2.672e-05,1748563200000.0
2025-05-30 08:00:00+00:00,-7.67e-06,1748592000000.0
2025-05-30 12:00:00+00:00,-7.67e-06,1748592000000.0
2025-05-30 16:00:00+00:00,6.745e-05,1748620800000.0
2025-05-30 20:00:00+00:00,6.745e-05,1748620800000.0
2025-05-31 00:00:00+00:00,-2.266e-05,1748649600000.0
2025-05-31 04:00:00+00:00,-2.266e-05,1748649600000.0
2025-05-31 08:00:00+00:00,-9.482e-05,1748678400000.0
2025-05-31 12:00:00+00:00,-9.482e-05,1748678400000.0
2025-05-31 16:00:00+00:00,-8.186e-05,1748707200000.0
2025-05-31 20:00:00+00:00,-8.186e-05,1748707200000.0
2025-06-01 00:00:00+00:00,5.104e-05,1748736000000.0
2025-06-01 04:00:00+00:00,5.104e-05,1748736000000.0
2025-06-01 08:00:00+00:00,-4.29e-06,1748764800000.0
2025-06-01 12:00:00+00:00,-4.29e-06,1748764800000.0
2025-06-01 16:00:00+00:00,3.3e-06,1748793600000.0
2025-06-01 20:00:00+00:00,3.3e-06,1748793600000.0
2025-06-02 00:00:00+00:00,3.592e-05,1748822400000.0
2025-06-02 04:00:00+00:00,3.592e-05,1748822400000.0
2025-06-02 08:00:00+00:00,0.0001,1748851200000.0
2025-06-02 12:00:00+00:00,0.0001,1748851200000.0
2025-06-02 16:00:00+00:00,0.0001,1748880000000.0
2025-06-02 20:00:00+00:00,0.0001,1748880000000.0
2025-06-03 00:00:00+00:00,5.752e-05,1748908800000.0
2025-06-03 04:00:00+00:00,5.752e-05,1748908800000.0
2025-06-03 08:00:00+00:00,4.886e-05,1748937600000.0
2025-06-03 12:00:00+00:00,4.886e-05,1748937600000.0
2025-06-03 16:00:00+00:00,0.0001,1748966400000.0
2025-06-03 20:00:00+00:00,0.0001,1748966400000.0
2025-06-04 00:00:00+00:00,2.83e-05,1748995200000.0
2025-06-04 04:00:00+00:00,2.83e-05,1748995200000.0
2025-06-04 08:00:00+00:00,2.306e-05,1749024000000.0
2025-06-04 12:00:00+00:00,2.306e-05,1749024000000.0
2025-06-04 16:00:00+00:00,-4.67e-06,1749052800000.0
2025-06-04 20:00:00+00:00,-4.67e-06,1749052800000.0
2025-06-05 00:00:00+00:00,3.196e-05,1749081600000.0
2025-06-05 04:00:00+00:00,3.196e-05,1749081600000.0
2025-06-05 08:00:00+00:00,9.797e-05,1749110400000.0
2025-06-05 12:00:00+00:00,9.797e-05,1749110400000.0
2025-06-05 16:00:00+00:00,6.63e-05,1749139200000.0
2025-06-05 20:00:00+00:00,6.63e-05,1749139200000.0
2025-06-06 00:00:00+00:00,-8.567e-05,1749168000000.0
2025-06-06 04:00:00+00:00,-8.567e-05,1749168000000.0
2025-06-06 08:00:00+00:00,-8.944e-05,1749196800000.0
2025-06-06 12:00:00+00:00,-8.944e-05,1749196800000.0
2025-06-06 16:00:00+00:00,1.988e-05,1749225600000.0
2025-06-06 20:00:00+00:00,1.988e-05,1749225600000.0
2025-06-07 00:00:00+00:00,6.726e-05,1749254400000.0
2025-06-07 04:00:00+00:00,6.726e-05,1749254400000.0
2025-06-07 08:00:00+00:00,6.141e-05,1749283200000.0
2025-06-07 12:00:00+00:00,6.141e-05,1749283200000.0
2025-06-07 16:00:00+00:00,6.12e-05,1749312000000.0
2025-06-07 20:00:00+00:00,6.12e-05,1749312000000.0
2025-06-08 00:00:00+00:00,0.0001,1749340800000.0
2025-06-08 04:00:00+00:00,0.0001,1749340800000.0
2025-06-08 08:00:00+00:00,0.0001,1749369600000.0
2025-06-08 12:00:00+00:00,0.0001,1749369600000.0
2025-06-08 16:00:00+00:00,5.052e-05,1749398400000.0
2025-06-08 20:00:00+00:00,5.052e-05,1749398400000.0
2025-06-09 00:00:00+00:00,3.984e-05,1749427200000.0
2025-06-09 04:00:00+00:00,3.984e-05,1749427200000.0
2025-06-09 08:00:00+00:00,4.355e-05,1749456000000.0
2025-06-09 12:00:00+00:00,4.355e-05,1749456000000.0
2025-06-09 16:00:00+00:00,0.0001,1749484800000.0
2025-06-09 20:00:00+00:00,0.0001,1749484800000.0
2025-06-10 00:00:00+00:00,6.586e-05,1749513600000.0
2025-06-10 04:00:00+00:00,6.586e-05,1749513600000.0
2025-06-10 08:00:00+00:00,0.0001,1749542400000.0
2025-06-10 12:00:00+00:00,0.0001,1749542400000.0
2025-06-10 16:00:00+00:00,0.0001,1749571200000.0
2025-06-10 20:00:00+00:00,0.0001,1749571200000.0
2025-06-11 00:00:00+00:00,0.0001,1749600000000.0
2025-06-11 04:00:00+00:00,0.0001,1749600000000.0
2025-06-11 08:00:00+00:00,0.0001,1749628800000.0
2025-06-11 12:00:00+00:00,0.0001,1749628800000.0
2025-06-11 16:00:00+00:00,0.0001,1749657600000.0
2025-06-11 20:00:00+00:00,0.0001,1749657600000.0
2025-06-12 00:00:00+00:00,0.0001,1749686400000.0
2025-06-12 04:00:00+00:00,0.0001,1749686400000.0
2025-06-12 08:00:00+00:00,9.139e-05,1749715200000.0
2025-06-12 12:00:00+00:00,9.139e-05,1749715200000.0
2025-06-12 16:00:00+00:00,7.141e-05,1749744000000.0
2025-06-12 20:00:00+00:00,7.141e-05,1749744000000.0
2025-06-13 00:00:00+00:00,-2.645e-05,1749772800000.0
2025-06-13 04:00:00+00:00,-2.645e-05,1749772800000.0
2025-06-13 08:00:00+00:00,-0.00018282,1749801600000.0
2025-06-13 12:00:00+00:00,-0.00018282,1749801600000.0
2025-06-13 16:00:00+00:00,2.66e-06,1749830400000.0
2025-06-13 20:00:00+00:00,2.66e-06,1749830400000.0
2025-06-14 00:00:00+00:00,0.0001,1749859200000.0
2025-06-14 04:00:00+00:00,0.0001,1749859200000.0
2025-06-14 08:00:00+00:00,2.32e-05,1749888000000.0
2025-06-14 12:00:00+00:00,2.32e-05,1749888000000.0
2025-06-14 16:00:00+00:00,-8.09e-06,1749916800000.0
2025-06-14 20:00:00+00:00,-8.09e-06,1749916800000.0
2025-06-15 00:00:00+00:00,-3.438e-05,1749945600000.0
2025-06-15 04:00:00+00:00,-3.438e-05,1749945600000.0
2025-06-15 08:00:00+00:00,5.468e-05,1749974400000.0
2025-06-15 12:00:00+00:00,5.468e-05,1749974400000.0
2025-06-15 16:00:00+00:00,3.087e-05,1750003200000.0
2025-06-15 20:00:00+00:00,3.087e-05,1750003200000.0
2025-06-16 00:00:00+00:00,2.892e-05,1750032000000.0
2025-06-16 04:00:00+00:00,2.892e-05,1750032000000.0
2025-06-16 08:00:00+00:00,0.0001,1750060800000.0
2025-06-16 12:00:00+00:00,0.0001,1750060800000.0
2025-06-16 16:00:00+00:00,0.0001,1750089600000.0
2025-06-16 20:00:00+00:00,0.0001,1750089600000.0
2025-06-17 00:00:00+00:00,0.0001,1750118400000.0
2025-06-17 04:00:00+00:00,0.0001,1750118400000.0
2025-06-17 08:00:00+00:00,0.0001,1750147200000.0
2025-06-17 12:00:00+00:00,0.0001,1750147200000.0
2025-06-17 16:00:00+00:00,4.69e-06,1750176000000.0
2025-06-17 20:00:00+00:00,4.69e-06,1750176000000.0
2025-06-18 00:00:00+00:00,6.09e-05,1750204800000.0
2025-06-18 04:00:00+00:00,6.09e-05,1750204800000.0
2025-06-18 08:00:00+00:00,3e-05,1750233600000.0
2025-06-18 12:00:00+00:00,3e-05,1750233600000.0
2025-06-18 16:00:00+00:00,2.964e-05,1750262400000.0
2025-06-18 20:00:00+00:00,2.964e-05,1750262400000.0
2025-06-19 00:00:00+00:00,7.745e-05,1750291200000.0
2025-06-19 04:00:00+00:00,7.745e-05,1750291200000.0
2025-06-19 08:00:00+00:00,7.69e-05,1750320000000.0
2025-06-19 12:00:00+00:00,7.69e-05,1750320000000.0
2025-06-19 16:00:00+00:00,3.411e-05,1750348800000.0
2025-06-19 20:00:00+00:00,3.411e-05,1750348800000.0
2025-06-20 00:00:00+00:00,0.0001,1750377600000.0
2025-06-20 04:00:00+00:00,0.0001,1750377600000.0
2025-06-20 08:00:00+00:00,9.33e-05,1750406400000.0
2025-06-20 12:00:00+00:00,9.33e-05,1750406400000.0
2025-06-20 16:00:00+00:00,2.03e-06,1750435200000.0
2025-06-20 20:00:00+00:00,2.03e-06,1750435200000.0
2025-06-21 00:00:00+00:00,2.89e-05,1750464000000.0
2025-06-21 04:00:00+00:00,2.89e-05,1750464000000.0
2025-06-21 08:00:00+00:00,9.34e-05,1750492800000.0
2025-06-21 12:00:00+00:00,9.34e-05,1750492800000.0
2025-06-21 16:00:00+00:00,7.061e-05,1750521600000.0
2025-06-21 20:00:00+00:00,7.061e-05,1750521600000.0
2025-06-22 00:00:00+00:00,3.782e-05,1750550400000.0
2025-06-22 04:00:00+00:00,3.782e-05,1750550400000.0
2025-06-22 08:00:00+00:00,2.531e-05,1750579200000.0
2025-06-22 12:00:00+00:00,2.531e-05,1750579200000.0
2025-06-22 16:00:00+00:00,-2.051e-05,1750608000000.0
2025-06-22 20:00:00+00:00,-2.051e-05,1750608000000.0
2025-06-23 00:00:00+00:00,-4.282e-05,1750636800000.0
2025-06-23 04:00:00+00:00,-4.282e-05,1750636800000.0
2025-06-23 08:00:00+00:00,-3.015e-05,1750665600000.0
2025-06-23 12:00:00+00:00,-3.015e-05,1750665600000.0
2025-06-23 16:00:00+00:00,-9.24e-06,1750694400000.0
2025-06-23 20:00:00+00:00,-9.24e-06,1750694400000.0
2025-06-24 00:00:00+00:00,1.56e-06,1750723200000.0
2025-06-24 04:00:00+00:00,1.56e-06,1750723200000.0
2025-06-24 08:00:00+00:00,4.025e-05,1750752000000.0
2025-06-24 12:00:00+00:00,4.025e-05,1750752000000.0
2025-06-24 16:00:00+00:00,1.513e-05,1750780800000.0
2025-06-24 20:00:00+00:00,1.513e-05,1750780800000.0
2025-06-25 00:00:00+00:00,5.406e-05,1750809600000.0
2025-06-25 04:00:00+00:00,5.406e-05,1750809600000.0
2025-06-25 08:00:00+00:00,6.774e-05,1750838400000.0
2025-06-25 12:00:00+00:00,6.774e-05,1750838400000.0
2025-06-25 16:00:00+00:00,9.35e-05,1750867200000.0
2025-06-25 20:00:00+00:00,9.35e-05,1750867200000.0
2025-06-26 00:00:00+00:00,4.228e-05,1750896000000.0
2025-06-26 04:00:00+00:00,4.228e-05,1750896000000.0
2025-06-26 08:00:00+00:00,6.114e-05,1750924800000.0
2025-06-26 12:00:00+00:00,6.114e-05,1750924800000.0
2025-06-26 16:00:00+00:00,9.504e-05,1750953600000.0
2025-06-26 20:00:00+00:00,9.504e-05,1750953600000.0
2025-06-27 00:00:00+00:00,1.609e-05,1750982400000.0
2025-06-27 04:00:00+00:00,1.609e-05,1750982400000.0
2025-06-27 08:00:00+00:00,6.355e-05,1751011200000.0
2025-06-27 12:00:00+00:00,6.355e-05,1751011200000.0
2025-06-27 16:00:00+00:00,-1.81e-06,1751040000000.0
2025-06-27 20:00:00+00:00,-1.81e-06,1751040000000.0
2025-06-28 00:00:00+00:00,2.59e-05,1751068800000.0
2025-06-28 04:00:00+00:00,2.59e-05,1751068800000.0
2025-06-28 08:00:00+00:00,-3.412e-05,1751097600000.0
2025-06-28 12:00:00+00:00,-3.412e-05,1751097600000.0
2025-06-28 16:00:00+00:00,-5.139e-05,1751126400000.0
2025-06-28 20:00:00+00:00,-5.139e-05,1751126400000.0
2025-06-29 00:00:00+00:00,9.979e-05,1751155200000.0
2025-06-29 04:00:00+00:00,9.979e-05,1751155200000.0
2025-06-29 08:00:00+00:00,0.0001,1751184000000.0
2025-06-29 12:00:00+00:00,0.0001,1751184000000.0
2025-06-29 16:00:00+00:00,7.926e-05,1751212800000.0
2025-06-29 20:00:00+00:00,7.926e-05,1751212800000.0
2025-06-30 00:00:00+00:00,8.217e-05,1751241600000.0
2025-06-30 04:00:00+00:00,8.217e-05,1751241600000.0
2025-06-30 08:00:00+00:00,2.798e-05,1751270400000.0
2025-06-30 12:00:00+00:00,2.798e-05,1751270400000.0
2025-06-30 16:00:00+00:00,1.84e-06,1751299200000.0
2025-06-30 20:00:00+00:00,1.84e-06,1751299200000.0
2025-07-01 00:00:00+00:00,6.752e-05,1751328000000.0
2025-07-01 04:00:00+00:00,6.752e-05,1751328000000.0
2025-07-01 08:00:00+00:00,-4.69e-06,1751356800000.0
2025-07-01 12:00:00+00:00,-4.69e-06,1751356800000.0
2025-07-01 16:00:00+00:00,-9.888e-05,1751385600000.0
2025-07-01 20:00:00+00:00,-9.888e-05,1751385600000.0
2025-07-02 00:00:00+00:00,-0.00013165,1751414400000.0
2025-07-02 04:00:00+00:00,-0.00013165,1751414400000.0
2025-07-02 08:00:00+00:00,-8.219e-05,1751443200000.0
2025-07-02 12:00:00+00:00,-8.219e-05,1751443200000.0
2025-07-02 16:00:00+00:00,7.797e-05,1751472000000.0
2025-07-02 20:00:00+00:00,7.797e-05,1751472000000.0
2025-07-03 00:00:00+00:00,0.0001,1751500800000.0
2025-07-03 04:00:00+00:00,0.0001,1751500800000.0
2025-07-03 08:00:00+00:00,0.0001,1751529600000.0
2025-07-03 12:00:00+00:00,0.0001,1751529600000.0
2025-07-03 16:00:00+00:00,7.044e-05,1751558400000.0
2025-07-03 20:00:00+00:00,7.044e-05,1751558400000.0
2025-07-04 00:00:00+00:00,-2.444e-05,1751587200000.0
2025-07-04 04:00:00+00:00,-2.444e-05,1751587200000.0
2025-07-04 08:00:00+00:00,0.0001,1751616000000.0
2025-07-04 12:00:00+00:00,0.0001,1751616000000.0
2025-07-04 16:00:00+00:00,2.199e-05,1751644800000.0
2025-07-04 20:00:00+00:00,2.199e-05,1751644800000.0
2025-07-05 00:00:00+00:00,5.174e-05,1751673600000.0
2025-07-05 04:00:00+00:00,5.174e-05,1751673600000.0
2025-07-05 08:00:00+00:00,-0.00011651,1751702400000.0
2025-07-05 12:00:00+00:00,-0.00011651,1751702400000.0
2025-07-05 16:00:00+00:00,3.033e-05,1751731200000.0
2025-07-05 20:00:00+00:00,3.033e-05,1751731200000.0
2025-07-06 00:00:00+00:00,3.772e-05,1751760000000.0
2025-07-06 04:00:00+00:00,3.772e-05,1751760000000.0
2025-07-06 08:00:00+00:00,-8.865e-05,1751788800000.0
2025-07-06 12:00:00+00:00,-8.865e-05,1751788800000.0
2025-07-06 16:00:00+00:00,0.0001,1751817600000.0
2025-07-06 20:00:00+00:00,0.0001,1751817600000.0
2025-07-07 00:00:00+00:00,7.07e-05,1751846400000.0
2025-07-07 04:00:00+00:00,7.07e-05,1751846400000.0
2025-07-07 08:00:00+00:00,0.0001,1751875200000.0
2025-07-07 12:00:00+00:00,0.0001,1751875200000.0
2025-07-07 16:00:00+00:00,4.787e-05,1751904000000.0
2025-07-07 20:00:00+00:00,4.787e-05,1751904000000.0
2025-07-08 00:00:00+00:00,4.958e-05,1751932800000.0
2025-07-08 04:00:00+00:00,4.958e-05,1751932800000.0
2025-07-08 08:00:00+00:00,2.741e-05,1751961600000.0
2025-07-08 12:00:00+00:00,2.741e-05,1751961600000.0
2025-07-08 16:00:00+00:00,3.365e-05,1751990400000.0
2025-07-08 20:00:00+00:00,3.365e-05,1751990400000.0
2025-07-09 00:00:00+00:00,2.748e-05,1752019200000.0
2025-07-09 04:00:00+00:00,2.748e-05,1752019200000.0
2025-07-09 08:00:00+00:00,8.25e-05,1752048000000.0
2025-07-09 12:00:00+00:00,8.25e-05,1752048000000.0
2025-07-09 16:00:00+00:00,7.128e-05,1752076800000.0
2025-07-09 20:00:00+00:00,7.128e-05,1752076800000.0
2025-07-10 00:00:00+00:00,0.0001,1752105600000.0
2025-07-10 04:00:00+00:00,0.0001,1752105600000.0
2025-07-10 08:00:00+00:00,0.0001,1752134400000.0
2025-07-10 12:00:00+00:00,0.0001,1752134400000.0
2025-07-10 16:00:00+00:00,5.736e-05,1752163200000.0
2025-07-10 20:00:00+00:00,5.736e-05,1752163200000.0
2025-07-11 00:00:00+00:00,0.0001,1752192000000.0
2025-07-11 04:00:00+00:00,0.0001,1752192000000.0
2025-07-11 08:00:00+00:00,0.0001,1752220800000.0
2025-07-11 12:00:00+00:00,0.0001,1752220800000.0
2025-07-11 16:00:00+00:00,0.0001,1752249600000.0
2025-07-11 20:00:00+00:00,0.0001,1752249600000.0
2025-07-12 00:00:00+00:00,0.0001,1752278400000.0
2025-07-12 04:00:00+00:00,0.0001,1752278400000.0
2025-07-12 08:00:00+00:00,0.0001,1752307200000.0
2025-07-12 12:00:00+00:00,0.0001,1752307200000.0
2025-07-12 16:00:00+00:00,0.0001,1752336000000.0
2025-07-12 20:00:00+00:00,0.0001,1752336000000.0
2025-07-13 00:00:00+00:00,0.0001,1752364800000.0
2025-07-13 04:00:00+00:00,0.0001,1752364800000.0
2025-07-13 08:00:00+00:00,0.0001,1752393600000.0
2025-07-13 12:00:00+00:00,0.0001,1752393600000.0
2025-07-13 16:00:00+00:00,0.0001,1752422400000.0
2025-07-13 20:00:00+00:00,0.0001,1752422400000.0
2025-07-14 00:00:00+00:00,0.0001,1752451200000.0
2025-07-14 04:00:00+00:00,0.0001,1752451200000.0
2025-07-14 08:00:00+00:00,0.0001,1752480000000.0
2025-07-14 12:00:00+00:00,0.0001,1752480000000.0
2025-07-14 16:00:00+00:00,0.0001,1752508800000.0
2025-07-14 20:00:00+00:00,0.0001,1752508800000.0
2025-07-15 00:00:00+00:00,0.0001,1752537600000.0
2025-07-15 04:00:00+00:00,0.0001,1752537600000.0
2025-07-15 08:00:00+00:00,0.0001,1752566400000.0
2025-07-15 12:00:00+00:00,0.0001,1752566400000.0
2025-07-15 16:00:00+00:00,0.0001,1752595200000.0
2025-07-15 20:00:00+00:00,0.0001,1752595200000.0
2025-07-16 00:00:00+00:00,0.0001,1752624000000.0
2025-07-16 04:00:00+00:00,0.0001,1752624000000.0
2025-07-16 08:00:00+00:00,0.0001,1752652800000.0
2025-07-16 12:00:00+00:00,0.0001,1752652800000.0
2025-07-16 16:00:00+00:00,0.0001,1752681600000.0
2025-07-16 20:00:00+00:00,0.0001,1752681600000.0
2025-07-17 00:00:00+00:00,0.0001,1752710400000.0
2025-07-17 04:00:00+00:00,0.0001,1752710400000.0
2025-07-17 08:00:00+00:00,0.0001,1752739200000.0
2025-07-17 12:00:00+00:00,0.0001,1752739200000.0
2025-07-17 16:00:00+00:00,0.0001,1752768000000.0
2025-07-17 20:00:00+00:00,0.0001,1752768000000.0
2025-07-18 00:00:00+00:00,0.0001,1752796800000.0
2025-07-18 04:00:00+00:00,0.0001,1752796800000.0
2025-07-18 08:00:00+00:00,0.0001,1752825600000.0
2025-07-18 12:00:00+00:00,0.0001,1752825600000.0
2025-07-18 16:00:00+00:00,0.0001,1752854400000.0
2025-07-18 20:00:00+00:00,0.0001,1752854400000.0
2025-07-19 00:00:00+00:00,0.0001,1752883200000.0
2025-07-19 04:00:00+00:00,0.0001,1752883200000.0
2025-07-19 08:00:00+00:00,0.0001,1752912000000.0
2025-07-19 12:00:00+00:00,0.0001,1752912000000.0
2025-07-19 16:00:00+00:00,0.0001,1752940800000.0
2025-07-19 20:00:00+00:00,0.0001,1752940800000.0
2025-07-20 00:00:00+00:00,0.0001,1752969600000.0
2025-07-20 04:00:00+00:00,0.0001,1752969600000.0
2025-07-20 08:00:00+00:00,0.0001,1752998400000.0
2025-07-20 12:00:00+00:00,0.0001,1752998400000.0
2025-07-20 16:00:00+00:00,0.0001,1753027200000.0
2025-07-20 20:00:00+00:00,0.0001,1753027200000.0
2025-07-21 00:00:00+00:00,0.0001,1753056000000.0
2025-07-21 04:00:00+00:00,0.0001,1753056000000.0
2025-07-21 08:00:00+00:00,0.0001,1753084800000.0
2025-07-21 12:00:00+00:00,0.0001,1753084800000.0
2025-07-21 16:00:00+00:00,0.00023367,1753113600000.0
2025-07-21 20:00:00+00:00,0.00023367,1753113600000.0
2025-07-22 00:00:00+00:00,0.0001,1753142400000.0
2025-07-22 04:00:00+00:00,0.0001,1753142400000.0
2025-07-22 08:00:00+00:00,0.0001,1753171200000.0
2025-07-22 12:00:00+00:00,0.0001,1753171200000.0
2025-07-22 16:00:00+00:00,0.0001,1753200000000.0
2025-07-22 20:00:00+00:00,0.0001,1753200000000.0
2025-07-23 00:00:00+00:00,0.0001,1753228800000.0
2025-07-23 04:00:00+00:00,0.0001,1753228800000.0
2025-07-23 08:00:00+00:00,0.0001,1753257600000.0
2025-07-23 12:00:00+00:00,0.0001,1753257600000.0
2025-07-23 16:00:00+00:00,0.0001,1753286400000.0
2025-07-23 20:00:00+00:00,0.0001,1753286400000.0
2025-07-24 00:00:00+00:00,0.0001,1753315200000.0
2025-07-24 04:00:00+00:00,0.0001,1753315200000.0
2025-07-24 08:00:00+00:00,0.0001,1753344000000.0
2025-07-24 12:00:00+00:00,0.0001,1753344000000.0
2025-07-24 16:00:00+00:00,0.0001,1753372800000.0
2025-07-24 20:00:00+00:00,0.0001,1753372800000.0
2025-07-25 00:00:00+00:00,0.0001,1753401600000.0
2025-07-25 04:00:00+00:00,0.0001,1753401600000.0
2025-07-25 08:00:00+00:00,0.0001,1753430400000.0
2025-07-25 12:00:00+00:00,0.0001,1753430400000.0
2025-07-25 16:00:00+00:00,0.0001,1753459200000.0
2025-07-25 20:00:00+00:00,0.0001,1753459200000.0
2025-07-26 00:00:00+00:00,0.0001,1753488000000.0
2025-07-26 04:00:00+00:00,0.0001,1753488000000.0
2025-07-26 08:00:00+00:00,0.0001,1753516800000.0
2025-07-26 12:00:00+00:00,0.0001,1753516800000.0
2025-07-26 16:00:00+00:00,0.0001,1753545600000.0
2025-07-26 20:00:00+00:00,0.0001,1753545600000.0
2025-07-27 00:00:00+00:00,0.0001,1753574400000.0
2025-07-27 04:00:00+00:00,0.0001,1753574400000.0
2025-07-27 08:00:00+00:00,0.0001,1753603200000.0
2025-07-27 12:00:00+00:00,0.0001,1753603200000.0
2025-07-27 16:00:00+00:00,0.0001,1753632000000.0
2025-07-27 20:00:00+00:00,0.0001,1753632000000.0
2025-07-28 00:00:00+00:00,0.0001,1753660800000.0
2025-07-28 04:00:00+00:00,0.0001,1753660800000.0
2025-07-28 08:00:00+00:00,0.0001,1753689600000.0
2025-07-28 12:00:00+00:00,0.0001,1753689600000.0
2025-07-28 16:00:00+00:00,0.0001,1753718400000.0
2025-07-28 20:00:00+00:00,0.0001,1753718400000.0
2025-07-29 00:00:00+00:00,0.0001,1753747200000.0
2025-07-29 04:00:00+00:00,0.0001,1753747200000.0
2025-07-29 08:00:00+00:00,0.0001,1753776000000.0
2025-07-29 12:00:00+00:00,0.0001,1753776000000.0
2025-07-29 16:00:00+00:00,0.0001,1753804800000.0
2025-07-29 20:00:00+00:00,0.0001,1753804800000.0
2025-07-30 00:00:00+00:00,0.0001,1753833600000.0
2025-07-30 04:00:00+00:00,0.0001,1753833600000.0
2025-07-30 08:00:00+00:00,0.0001,1753862400000.0
2025-07-30 12:00:00+00:00,0.0001,1753862400000.0
2025-07-30 16:00:00+00:00,0.0001,1753891200000.0
2025-07-30 20:00:00+00:00,0.0001,1753891200000.0
2025-07-31 00:00:00+00:00,0.0001,1753920000000.0
2025-07-31 04:00:00+00:00,0.0001,1753920000000.0
2025-07-31 08:00:00+00:00,0.0001,1753948800000.0
2025-07-31 12:00:00+00:00,0.0001,1753948800000.0
2025-07-31 16:00:00+00:00,0.0001,1753977600000.0
2025-07-31 20:00:00+00:00,0.0001,1753977600000.0
2025-08-01 00:00:00+00:00,5.187e-05,1754006400000.0
2025-08-01 04:00:00+00:00,5.187e-05,1754006400000.0
2025-08-01 08:00:00+00:00,2.26e-05,1754035200000.0
2025-08-01 12:00:00+00:00,2.26e-05,1754035200000.0
2025-08-01 16:00:00+00:00,7.614e-05,1754064000000.0
2025-08-01 20:00:00+00:00,7.614e-05,1754064000000.0
2025-08-02 00:00:00+00:00,3.936e-05,1754092800000.0
2025-08-02 04:00:00+00:00,3.936e-05,1754092800000.0
2025-08-02 08:00:00+00:00,8.488e-05,1754121600000.0
2025-08-02 12:00:00+00:00,8.488e-05,1754121600000.0
2025-08-02 16:00:00+00:00,-1.159e-05,1754150400000.0
2025-08-02 20:00:00+00:00,-1.159e-05,1754150400000.0
2025-08-03 00:00:00+00:00,7.657e-05,1754179200000.0
2025-08-03 04:00:00+00:00,7.657e-05,1754179200000.0
2025-08-03 08:00:00+00:00,-5.991e-05,1754208000000.0
2025-08-03 12:00:00+00:00,-5.991e-05,1754208000000.0
2025-08-03 16:00:00+00:00,-3.37e-05,1754236800000.0
2025-08-03 20:00:00+00:00,-3.37e-05,1754236800000.0
2025-08-04 00:00:00+00:00,8.305e-05,1754265600000.0
2025-08-04 04:00:00+00:00,8.305e-05,1754265600000.0
2025-08-04 08:00:00+00:00,8.949e-05,1754294400000.0
2025-08-04 12:00:00+00:00,8.949e-05,1754294400000.0
2025-08-04 16:00:00+00:00,-5.26e-06,1754323200000.0
2025-08-04 20:00:00+00:00,-5.26e-06,1754323200000.0
2025-08-05 00:00:00+00:00,5.531e-05,1754352000000.0
2025-08-05 04:00:00+00:00,5.531e-05,1754352000000.0
2025-08-05 08:00:00+00:00,5.799e-05,1754380800000.0
2025-08-05 12:00:00+00:00,5.799e-05,1754380800000.0
2025-08-05 16:00:00+00:00,9.5e-05,1754409600000.0
2025-08-05 20:00:00+00:00,9.5e-05,1754409600000.0
2025-08-06 00:00:00+00:00,5.533e-05,1754438400000.0
2025-08-06 04:00:00+00:00,5.533e-05,1754438400000.0
2025-08-06 08:00:00+00:00,-3.93e-06,1754467200000.0
2025-08-06 12:00:00+00:00,-3.93e-06,1754467200000.0
2025-08-06 16:00:00+00:00,5.931e-05,1754496000000.0
2025-08-06 20:00:00+00:00,5.931e-05,1754496000000.0
2025-08-07 00:00:00+00:00,6.947e-05,1754524800000.0
2025-08-07 04:00:00+00:00,6.947e-05,1754524800000.0
2025-08-07 08:00:00+00:00,0.0001,1754553600000.0
2025-08-07 12:00:00+00:00,0.0001,1754553600000.0
2025-08-07 16:00:00+00:00,0.0001,1754582400000.0
2025-08-07 20:00:00+00:00,0.0001,1754582400000.0
2025-08-08 00:00:00+00:00,0.0001,1754611200000.0
2025-08-08 04:00:00+00:00,0.0001,1754611200000.0
2025-08-08 08:00:00+00:00,0.0001,1754640000000.0
2025-08-08 12:00:00+00:00,0.0001,1754640000000.0
2025-08-08 16:00:00+00:00,0.0001,1754668800000.0
2025-08-08 20:00:00+00:00,0.0001,1754668800000.0
2025-08-09 00:00:00+00:00,0.0001,1754697600000.0
2025-08-09 04:00:00+00:00,0.0001,1754697600000.0
2025-08-09 08:00:00+00:00,0.0001,1754726400000.0
2025-08-09 12:00:00+00:00,0.0001,1754726400000.0
2025-08-09 16:00:00+00:00,0.0001,1754755200000.0
2025-08-09 20:00:00+00:00,0.0001,1754755200000.0
2025-08-10 00:00:00+00:00,0.0001,1754784000000.0
2025-08-10 04:00:00+00:00,0.0001,1754784000000.0
2025-08-10 08:00:00+00:00,0.0001,1754812800000.0
2025-08-10 12:00:00+00:00,0.0001,1754812800000.0
2025-08-10 16:00:00+00:00,0.0001,1754841600000.0
2025-08-10 20:00:00+00:00,0.0001,1754841600000.0
2025-08-11 00:00:00+00:00,0.0001,1754870400000.0
2025-08-11 04:00:00+00:00,0.0001,1754870400000.0
2025-08-11 08:00:00+00:00,0.0001,1754899200000.0
2025-08-11 12:00:00+00:00,0.0001,1754899200000.0
2025-08-11 16:00:00+00:00,-5.286e-05,1754928000000.0
2025-08-11 20:00:00+00:00,-5.286e-05,1754928000000.0
2025-08-12 00:00:00+00:00,-2.186e-05,1754956800000.0
2025-08-12 04:00:00+00:00,-2.186e-05,1754956800000.0
2025-08-12 08:00:00+00:00,9.427e-05,1754985600000.0
2025-08-12 12:00:00+00:00,9.427e-05,1754985600000.0
2025-08-12 16:00:00+00:00,-1.466e-05,1755014400000.0
2025-08-12 20:00:00+00:00,-1.466e-05,1755014400000.0
2025-08-13 00:00:00+00:00,0.0001,1755043200000.0
2025-08-13 04:00:00+00:00,0.0001,1755043200000.0
2025-08-13 08:00:00+00:00,0.0001,1755072000000.0
2025-08-13 12:00:00+00:00,0.0001,1755072000000.0
2025-08-13 16:00:00+00:00,0.0001,1755100800000.0
2025-08-13 20:00:00+00:00,0.0001,1755100800000.0
2025-08-14 00:00:00+00:00,0.0001,1755129600000.0
2025-08-14 04:00:00+00:00,0.0001,1755129600000.0
2025-08-14 08:00:00+00:00,0.0001,1755158400000.0
2025-08-14 12:00:00+00:00,0.0001,1755158400000.0
2025-08-14 16:00:00+00:00,0.0001,1755187200000.0
2025-08-14 20:00:00+00:00,0.0001,1755187200000.0
2025-08-15 00:00:00+00:00,0.0001,1755216000000.0
2025-08-15 04:00:00+00:00,0.0001,1755216000000.0
2025-08-15 08:00:00+00:00,0.0001,1755244800000.0
2025-08-15 12:00:00+00:00,0.0001,1755244800000.0
2025-08-15 16:00:00+00:00,0.0001,1755273600000.0
2025-08-15 20:00:00+00:00,0.0001,1755273600000.0
2025-08-16 00:00:00+00:00,0.0001,1755302400000.0
2025-08-16 04:00:00+00:00,0.0001,1755302400000.0
2025-08-16 08:00:00+00:00,0.0001,1755331200000.0
2025-08-16 12:00:00+00:00,0.0001,1755331200000.0
2025-08-16 16:00:00+00:00,-7.61e-06,1755360000000.0
2025-08-16 20:00:00+00:00,-7.61e-06,1755360000000.0
2025-08-17 00:00:00+00:00,3.509e-05,1755388800000.0
2025-08-17 04:00:00+00:00,3.509e-05,1755388800000.0
2025-08-17 08:00:00+00:00,0.0001,1755417600000.0
2025-08-17 12:00:00+00:00,0.0001,1755417600000.0
2025-08-17 16:00:00+00:00,0.0001,1755446400000.0
2025-08-17 20:00:00+00:00,0.0001,1755446400000.0
2025-08-18 00:00:00+00:00,0.0001,1755475200000.0
2025-08-18 04:00:00+00:00,0.0001,1755475200000.0
2025-08-18 08:00:00+00:00,2.2e-07,1755504000000.0
2025-08-18 12:00:00+00:00,2.2e-07,1755504000000.0
2025-08-18 16:00:00+00:00,-7.73e-06,1755532800000.0
2025-08-18 20:00:00+00:00,-7.73e-06,1755532800000.0
2025-08-19 00:00:00+00:00,9.734e-05,1755561600000.0
2025-08-19 04:00:00+00:00,9.734e-05,1755561600000.0
2025-08-19 08:00:00+00:00,0.0001,1755590400000.0
2025-08-19 12:00:00+00:00,0.0001,1755590400000.0
2025-08-19 16:00:00+00:00,-1.473e-05,1755619200000.0
2025-08-19 20:00:00+00:00,-1.473e-05,1755619200000.0
2025-08-20 00:00:00+00:00,-1.49e-05,1755648000000.0
2025-08-20 04:00:00+00:00,-1.49e-05,1755648000000.0
2025-08-20 08:00:00+00:00,-0.00010888,1755676800000.0
2025-08-20 12:00:00+00:00,-0.00010888,1755676800000.0
2025-08-20 16:00:00+00:00,0.0001,1755705600000.0
2025-08-20 20:00:00+00:00,0.0001,1755705600000.0
2025-08-21 00:00:00+00:00,3.338e-05,1755734400000.0
2025-08-21 04:00:00+00:00,3.338e-05,1755734400000.0
2025-08-21 08:00:00+00:00,3.551e-05,1755763200000.0
2025-08-21 12:00:00+00:00,3.551e-05,1755763200000.0
2025-08-21 16:00:00+00:00,4.6e-05,1755792000000.0
2025-08-21 20:00:00+00:00,4.6e-05,1755792000000.0
2025-08-22 00:00:00+00:00,5.139e-05,1755820800000.0
2025-08-22 04:00:00+00:00,5.139e-05,1755820800000.0
2025-08-22 08:00:00+00:00,4.843e-05,1755849600000.0
2025-08-22 12:00:00+00:00,4.843e-05,1755849600000.0
2025-08-22 16:00:00+00:00,1.06e-06,1755878400000.0
2025-08-22 20:00:00+00:00,1.06e-06,1755878400000.0
2025-08-23 00:00:00+00:00,0.0001,1755907200000.0
2025-08-23 04:00:00+00:00,0.0001,1755907200000.0
2025-08-23 08:00:00+00:00,0.0001,1755936000000.0
2025-08-23 12:00:00+00:00,0.0001,1755936000000.0
2025-08-23 16:00:00+00:00,0.0001,1755964800000.0
2025-08-23 20:00:00+00:00,0.0001,1755964800000.0
2025-08-24 00:00:00+00:00,0.0001,1755993600000.0
2025-08-24 04:00:00+00:00,0.0001,1755993600000.0
2025-08-24 08:00:00+00:00,0.0001,1756022400000.0
2025-08-24 12:00:00+00:00,0.0001,1756022400000.0
2025-08-24 16:00:00+00:00,0.0001,1756051200000.0
2025-08-24 20:00:00+00:00,0.0001,1756051200000.0
2025-08-25 00:00:00+00:00,0.0001,1756080000000.0
2025-08-25 04:00:00+00:00,0.0001,1756080000000.0
2025-08-25 08:00:00+00:00,9.036e-05,1756108800000.0
2025-08-25 12:00:00+00:00,9.036e-05,1756108800000.0
2025-08-25 16:00:00+00:00,-4.304e-05,1756137600000.0
2025-08-25 20:00:00+00:00,-4.304e-05,1756137600000.0
2025-08-26 00:00:00+00:00,-0.00015607,1756166400000.0
2025-08-26 04:00:00+00:00,-0.00015607,1756166400000.0
2025-08-26 08:00:00+00:00,-1.55e-05,1756195200000.0
2025-08-26 12:00:00+00:00,-1.55e-05,1756195200000.0
2025-08-26 16:00:00+00:00,1.426e-05,1756224000000.0
2025-08-26 20:00:00+00:00,1.426e-05,1756224000000.0
2025-08-27 00:00:00+00:00,0.0001,1756252800000.0
2025-08-27 04:00:00+00:00,0.0001,1756252800000.0
2025-08-27 08:00:00+00:00,0.0001,1756281600000.0
2025-08-27 12:00:00+00:00,0.0001,1756281600000.0
2025-08-27 16:00:00+00:00,6.906e-05,1756310400000.0
2025-08-27 20:00:00+00:00,6.906e-05,1756310400000.0
2025-08-28 00:00:00+00:00,4.558e-05,1756339200000.0
2025-08-28 04:00:00+00:00,4.558e-05,1756339200000.0
2025-08-28 08:00:00+00:00,4.999e-05,1756368000000.0
2025-08-28 12:00:00+00:00,4.999e-05,1756368000000.0
2025-08-28 16:00:00+00:00,9.696e-05,1756396800000.0
2025-08-28 20:00:00+00:00,9.696e-05,1756396800000.0
2025-08-29 00:00:00+00:00,5.084e-05,1756425600000.0
2025-08-29 04:00:00+00:00,5.084e-05,1756425600000.0
2025-08-29 08:00:00+00:00,7.37e-05,1756454400000.0
2025-08-29 12:00:00+00:00,7.37e-05,1756454400000.0
2025-08-29 16:00:00+00:00,2.565e-05,1756483200000.0
2025-08-29 20:00:00+00:00,2.565e-05,1756483200000.0
2025-08-30 00:00:00+00:00,0.0001,1756512000000.0
2025-08-30 04:00:00+00:00,0.0001,1756512000000.0
2025-08-30 08:00:00+00:00,4.294e-05,1756540800000.0
2025-08-30 12:00:00+00:00,4.294e-05,1756540800000.0
2025-08-30 16:00:00+00:00,-4.229e-05,1756569600000.0
2025-08-30 20:00:00+00:00,-4.229e-05,1756569600000.0
2025-08-31 00:00:00+00:00,9.6e-07,1756598400000.0
2025-08-31 04:00:00+00:00,9.6e-07,1756598400000.0
2025-08-31 08:00:00+00:00,0.0001,1756627200000.0
2025-08-31 12:00:00+00:00,0.0001,1756627200000.0
2025-08-31 16:00:00+00:00,2.183e-05,1756656000000.0
2025-08-31 20:00:00+00:00,2.183e-05,1756656000000.0
2025-09-01 00:00:00+00:00,5.047e-05,1756684800000.0
2025-09-01 04:00:00+00:00,5.047e-05,1756684800000.0
2025-09-01 08:00:00+00:00,4.694e-05,1756713600000.0
2025-09-01 12:00:00+00:00,4.694e-05,1756713600000.0
2025-09-01 16:00:00+00:00,0.0001,1756742400000.0
2025-09-01 20:00:00+00:00,0.0001,1756742400000.0
2025-09-02 00:00:00+00:00,-6.637e-05,1756771200000.0
2025-09-02 04:00:00+00:00,-6.637e-05,1756771200000.0
2025-09-02 08:00:00+00:00,0.0001,1756800000000.0
2025-09-02 12:00:00+00:00,0.0001,1756800000000.0
2025-09-02 16:00:00+00:00,0.0001,1756828800000.0
2025-09-02 20:00:00+00:00,0.0001,1756828800000.0
2025-09-03 00:00:00+00:00,4.166e-05,1756857600000.0
2025-09-03 04:00:00+00:00,4.166e-05,1756857600000.0
2025-09-03 08:00:00+00:00,4.751e-05,1756886400000.0
2025-09-03 12:00:00+00:00,4.751e-05,1756886400000.0
2025-09-03 16:00:00+00:00,6.497e-05,1756915200000.0
2025-09-03 20:00:00+00:00,6.497e-05,1756915200000.0
2025-09-04 00:00:00+00:00,0.0001,1756944000000.0
2025-09-04 04:00:00+00:00,0.0001,1756944000000.0
2025-09-04 08:00:00+00:00,0.0001,1756972800000.0
2025-09-04 12:00:00+00:00,0.0001,1756972800000.0
2025-09-04 16:00:00+00:00,1.49e-05,1757001600000.0
2025-09-04 20:00:00+00:00,1.49e-05,1757001600000.0
2025-09-05 00:00:00+00:00,1.21e-05,1757030400000.0
2025-09-05 04:00:00+00:00,1.21e-05,1757030400000.0
2025-09-05 08:00:00+00:00,0.0001,1757059200000.0
2025-09-05 12:00:00+00:00,0.0001,1757059200000.0
2025-09-05 16:00:00+00:00,0.0001,1757088000000.0
2025-09-05 20:00:00+00:00,0.0001,1757088000000.0
2025-09-06 00:00:00+00:00,0.0001,1757116800000.0
2025-09-06 04:00:00+00:00,0.0001,1757116800000.0
2025-09-06 08:00:00+00:00,6.84e-06,1757145600000.0
2025-09-06 12:00:00+00:00,6.84e-06,1757145600000.0
2025-09-06 16:00:00+00:00,4.159e-05,1757174400000.0
2025-09-06 20:00:00+00:00,4.159e-05,1757174400000.0
2025-09-07 00:00:00+00:00,3.48e-05,1757203200000.0
2025-09-07 04:00:00+00:00,3.48e-05,1757203200000.0
2025-09-07 08:00:00+00:00,0.0001,1757232000000.0
2025-09-07 12:00:00+00:00,0.0001,1757232000000.0
2025-09-07 16:00:00+00:00,6.804e-05,1757260800000.0
2025-09-07 20:00:00+00:00,6.804e-05,1757260800000.0
2025-09-08 00:00:00+00:00,0.0001,1757289600000.0
2025-09-08 04:00:00+00:00,0.0001,1757289600000.0
2025-09-08 08:00:00+00:00,0.0001,1757318400000.0
2025-09-08 12:00:00+00:00,0.0001,1757318400000.0
2025-09-08 16:00:00+00:00,0.0001,1757347200000.0
2025-09-08 20:00:00+00:00,0.0001,1757347200000.0
2025-09-09 00:00:00+00:00,0.0001,1757376000000.0
2025-09-09 04:00:00+00:00,0.0001,1757376000000.0
2025-09-09 08:00:00+00:00,0.0001,1757404800000.0
2025-09-09 12:00:00+00:00,0.0001,1757404800000.0
2025-09-09 16:00:00+00:00,0.0001,1757433600000.0
2025-09-09 20:00:00+00:00,0.0001,1757433600000.0
2025-09-10 00:00:00+00:00,0.0001,1757462400000.0
2025-09-10 04:00:00+00:00,0.0001,1757462400000.0
2025-09-10 08:00:00+00:00,0.0001,1757491200000.0
2025-09-10 12:00:00+00:00,0.0001,1757491200000.0
2025-09-10 16:00:00+00:00,0.0001,1757520000000.0
2025-09-10 20:00:00+00:00,0.0001,1757520000000.0
2025-09-11 00:00:00+00:00,0.0001,1757548800000.0
2025-09-11 04:00:00+00:00,0.0001,1757548800000.0
2025-09-11 08:00:00+00:00,0.0001,1757577600000.0
2025-09-11 12:00:00+00:00,0.0001,1757577600000.0
2025-09-11 16:00:00+00:00,0.0001,1757606400000.0
2025-09-11 20:00:00+00:00,0.0001,1757606400000.0
2025-09-12 00:00:00+00:00,0.0001,1757635200000.0
2025-09-12 04:00:00+00:00,0.0001,1757635200000.0
2025-09-12 08:00:00+00:00,0.0001,1757664000000.0
2025-09-12 12:00:00+00:00,0.0001,1757664000000.0
2025-09-12 16:00:00+00:00,0.0001,1757692800000.0
2025-09-12 20:00:00+00:00,0.0001,1757692800000.0
2025-09-13 00:00:00+00:00,0.0001,1757721600000.0
2025-09-13 04:00:00+00:00,0.0001,1757721600000.0
2025-09-13 08:00:00+00:00,0.0001,1757750400000.0
2025-09-13 12:00:00+00:00,0.0001,1757750400000.0
2025-09-13 16:00:00+00:00,0.0001,1757779200000.0
2025-09-13 20:00:00+00:00,0.0001,1757779200000.0
2025-09-14 00:00:00+00:00,0.0001,1757808000000.0
2025-09-14 04:00:00+00:00,0.0001,1757808000000.0
2025-09-14 08:00:00+00:00,0.0001,1757836800000.0
2025-09-14 12:00:00+00:00,0.0001,1757836800000.0
2025-09-14 16:00:00+00:00,0.0001,1757865600000.0
2025-09-14 20:00:00+00:00,0.0001,1757865600000.0
2025-09-15 00:00:00+00:00,0.0001,1757894400000.0
2025-09-15 04:00:00+00:00,0.0001,1757894400000.0
2025-09-15 08:00:00+00:00,0.0001,1757923200000.0
2025-09-15 12:00:00+00:00,0.0001,1757923200000.0
2025-09-15 16:00:00+00:00,8.48e-05,1757952000000.0
2025-09-15 20:00:00+00:00,8.48e-05,1757952000000.0
2025-09-16 00:00:00+00:00,0.0001,1757980800000.0
2025-09-16 04:00:00+00:00,0.0001,1757980800000.0
2025-09-16 08:00:00+00:00,6.099e-05,1758009600000.0
2025-09-16 12:00:00+00:00,6.099e-05,1758009600000.0
2025-09-16 16:00:00+00:00,0.0001,1758038400000.0
2025-09-16 20:00:00+00:00,0.0001,1758038400000.0
2025-09-17 00:00:00+00:00,3.578e-05,1758067200000.0
2025-09-17 04:00:00+00:00,3.578e-05,1758067200000.0
2025-09-17 08:00:00+00:00,3.56e-05,1758096000000.0
2025-09-17 12:00:00+00:00,3.56e-05,1758096000000.0
2025-09-17 16:00:00+00:00,1.49e-05,1758124800000.0
2025-09-17 20:00:00+00:00,1.49e-05,1758124800000.0
2025-09-18 00:00:00+00:00,0.0001,1758153600000.0
2025-09-18 04:00:00+00:00,0.0001,1758153600000.0
2025-09-18 08:00:00+00:00,0.0001,1758182400000.0
2025-09-18 12:00:00+00:00,0.0001,1758182400000.0
2025-09-18 16:00:00+00:00,0.0001,1758211200000.0
2025-09-18 20:00:00+00:00,0.0001,1758211200000.0
2025-09-19 00:00:00+00:00,0.0001,1758240000000.0
2025-09-19 04:00:00+00:00,0.0001,1758240000000.0
2025-09-19 08:00:00+00:00,0.0001,1758268800000.0
2025-09-19 12:00:00+00:00,0.0001,1758268800000.0
2025-09-19 16:00:00+00:00,0.0001,1758297600000.0
2025-09-19 20:00:00+00:00,0.0001,1758297600000.0
2025-09-20 00:00:00+00:00,0.0001,1758326400000.0
2025-09-20 04:00:00+00:00,0.0001,1758326400000.0
2025-09-20 08:00:00+00:00,0.0001,1758355200000.0
2025-09-20 12:00:00+00:00,0.0001,1758355200000.0
2025-09-20 16:00:00+00:00,0.0001,1758384000000.0
2025-09-20 20:00:00+00:00,0.0001,1758384000000.0
2025-09-21 00:00:00+00:00,0.0001,1758412800000.0
2025-09-21 04:00:00+00:00,0.0001,1758412800000.0
2025-09-21 08:00:00+00:00,0.0001,1758441600000.0
2025-09-21 12:00:00+00:00,0.0001,1758441600000.0
2025-09-21 16:00:00+00:00,0.0001,1758470400000.0
2025-09-21 20:00:00+00:00,0.0001,1758470400000.0
2025-09-22 00:00:00+00:00,7.732e-05,1758499200000.0
2025-09-22 04:00:00+00:00,7.732e-05,1758499200000.0
2025-09-22 08:00:00+00:00,-5.991e-05,1758528000000.0
2025-09-22 12:00:00+00:00,-5.991e-05,1758528000000.0
2025-09-22 16:00:00+00:00,3.721e-05,1758556800000.0
2025-09-22 20:00:00+00:00,3.721e-05,1758556800000.0
2025-09-23 00:00:00+00:00,-9.75e-05,1758585600000.0
2025-09-23 04:00:00+00:00,-9.75e-05,1758585600000.0
2025-09-23 08:00:00+00:00,2.389e-05,1758614400000.0
2025-09-23 12:00:00+00:00,2.389e-05,1758614400000.0
2025-09-23 16:00:00+00:00,2.472e-05,1758643200000.0
2025-09-23 20:00:00+00:00,2.472e-05,1758643200000.0
2025-09-24 00:00:00+00:00,5.753e-05,1758672000000.0
2025-09-24 04:00:00+00:00,5.753e-05,1758672000000.0
2025-09-24 08:00:00+00:00,0.0001,1758700800000.0
2025-09-24 12:00:00+00:00,0.0001,1758700800000.0
2025-09-24 16:00:00+00:00,0.0001,1758729600000.0
2025-09-24 20:00:00+00:00,0.0001,1758729600000.0
2025-09-25 00:00:00+00:00,2.408e-05,1758758400000.0
2025-09-25 04:00:00+00:00,2.408e-05,1758758400000.0
2025-09-25 08:00:00+00:00,6.762e-05,1758787200000.0
2025-09-25 12:00:00+00:00,6.762e-05,1758787200000.0
2025-09-25 16:00:00+00:00,3.388e-05,1758816000000.0
2025-09-25 20:00:00+00:00,3.388e-05,1758816000000.0
2025-09-26 00:00:00+00:00,6.279e-05,1758844800000.0
2025-09-26 04:00:00+00:00,6.279e-05,1758844800000.0
2025-09-26 08:00:00+00:00,0.0001,1758873600000.0
2025-09-26 12:00:00+00:00,0.0001,1758873600000.0
2025-09-26 16:00:00+00:00,7.2e-06,1758902400000.0
2025-09-26 20:00:00+00:00,7.2e-06,1758902400000.0
2025-09-27 00:00:00+00:00,3.237e-05,1758931200000.0
2025-09-27 04:00:00+00:00,3.237e-05,1758931200000.0
2025-09-27 08:00:00+00:00,9.886e-05,1758960000000.0
2025-09-27 12:00:00+00:00,9.886e-05,1758960000000.0
2025-09-27 16:00:00+00:00,2.518e-05,1758988800000.0
2025-09-27 20:00:00+00:00,2.518e-05,1758988800000.0
2025-09-28 00:00:00+00:00,0.0001,1759017600000.0
2025-09-28 04:00:00+00:00,0.0001,1759017600000.0
2025-09-28 08:00:00+00:00,1.812e-05,1759046400000.0
2025-09-28 12:00:00+00:00,1.812e-05,1759046400000.0
2025-09-28 16:00:00+00:00,3.035e-05,1759075200000.0
2025-09-28 20:00:00+00:00,3.035e-05,1759075200000.0
2025-09-29 00:00:00+00:00,8.068e-05,1759104000000.0
2025-09-29 04:00:00+00:00,8.068e-05,1759104000000.0
2025-09-29 08:00:00+00:00,5.715e-05,1759132800000.0
2025-09-29 12:00:00+00:00,5.715e-05,1759132800000.0
2025-09-29 16:00:00+00:00,-8.29e-06,1759161600000.0
2025-09-29 20:00:00+00:00,-8.29e-06,1759161600000.0
2025-09-30 00:00:00+00:00,0.0001,1759190400000.0
2025-09-30 04:00:00+00:00,0.0001,1759190400000.0
2025-09-30 08:00:00+00:00,6.952e-05,1759219200000.0
2025-09-30 12:00:00+00:00,6.952e-05,1759219200000.0
2025-09-30 16:00:00+00:00,4.962e-05,1759248000000.0
2025-09-30 20:00:00+00:00,4.962e-05,1759248000000.0
2025-10-01 00:00:00+00:00,0.0001,1759276800000.0
2025-10-01 04:00:00+00:00,0.0001,1759276800000.0
2025-10-01 08:00:00+00:00,5.112e-05,1759305600000.0
2025-10-01 12:00:00+00:00,5.112e-05,1759305600000.0
2025-10-01 16:00:00+00:00,7.54e-06,1759334400000.0
2025-10-01 20:00:00+00:00,7.54e-06,1759334400000.0
2025-10-02 00:00:00+00:00,2.446e-05,1759363200000.0
2025-10-02 04:00:00+00:00,2.446e-05,1759363200000.0
2025-10-02 08:00:00+00:00,0.0001,1759392000000.0
2025-10-02 12:00:00+00:00,0.0001,1759392000000.0
2025-10-02 16:00:00+00:00,8.321e-05,1759420800000.0
2025-10-02 20:00:00+00:00,8.321e-05,1759420800000.0
2025-10-03 00:00:00+00:00,0.0001,1759449600000.0
2025-10-03 04:00:00+00:00,0.0001,1759449600000.0
2025-10-03 08:00:00+00:00,0.0001,1759478400000.0
2025-10-03 12:00:00+00:00,0.0001,1759478400000.0
2025-10-03 16:00:00+00:00,9.304e-05,1759507200000.0
2025-10-03 20:00:00+00:00,9.304e-05,1759507200000.0
2025-10-04 00:00:00+00:00,0.0001,1759536000000.0
2025-10-04 04:00:00+00:00,0.0001,1759536000000.0
2025-10-04 08:00:00+00:00,3.36e-05,1759564800000.0
2025-10-04 12:00:00+00:00,3.36e-05,1759564800000.0
2025-10-04 16:00:00+00:00,7.143e-05,1759593600000.0
2025-10-04 20:00:00+00:00,7.143e-05,1759593600000.0
2025-10-05 00:00:00+00:00,0.0001,1759622400000.0
2025-10-05 04:00:00+00:00,0.0001,1759622400000.0
2025-10-05 08:00:00+00:00,0.0001,1759651200000.0
2025-10-05 12:00:00+00:00,0.0001,1759651200000.0
2025-10-05 16:00:00+00:00,0.0001,1759680000000.0
2025-10-05 20:00:00+00:00,0.0001,1759680000000.0
2025-10-06 00:00:00+00:00,1.881e-05,1759708800000.0
2025-10-06 04:00:00+00:00,1.881e-05,1759708800000.0
2025-10-06 08:00:00+00:00,0.0001,1759737600000.0
2025-10-06 12:00:00+00:00,0.0001,1759737600000.0
2025-10-06 16:00:00+00:00,0.0001,1759766400000.0
2025-10-06 20:00:00+00:00,0.0001,1759766400000.0
2025-10-07 00:00:00+00:00,0.0001,1759795200000.0
2025-10-07 04:00:00+00:00,0.0001,1759795200000.0
2025-10-07 08:00:00+00:00,0.0001,1759824000000.0
2025-10-07 12:00:00+00:00,0.0001,1759824000000.0
2025-10-07 16:00:00+00:00,0.0001,1759852800000.0
2025-10-07 20:00:00+00:00,0.0001,1759852800000.0
2025-10-08 00:00:00+00:00,0.0001,1759881600000.0
2025-10-08 04:00:00+00:00,0.0001,1759881600000.0
2025-10-08 08:00:00+00:00,4.78e-06,1759910400000.0
2025-10-08 12:00:00+00:00,4.78e-06,1759910400000.0
2025-10-08 16:00:00+00:00,5.806e-05,1759939200000.0
2025-10-08 20:00:00+00:00,5.806e-05,1759939200000.0
2025-10-09 00:00:00+00:00,0.0001,1759968000000.0
2025-10-09 04:00:00+00:00,0.0001,1759968000000.0
2025-10-09 08:00:00+00:00,0.0001,1759996800000.0
2025-10-09 12:00:00+00:00,0.0001,1759996800000.0
2025-10-09 16:00:00+00:00,7.15e-05,1760025600000.0
2025-10-09 20:00:00+00:00,7.15e-05,1760025600000.0
2025-10-10 00:00:00+00:00,0.0001,1760054400000.0
2025-10-10 04:00:00+00:00,0.0001,1760054400000.0
2025-10-10 08:00:00+00:00,0.0001,1760083200000.0
2025-10-10 12:00:00+00:00,0.0001,1760083200000.0
2025-10-10 16:00:00+00:00,0.0001,1760112000000.0
2025-10-10 20:00:00+00:00,0.0001,1760112000000.0
2025-10-11 00:00:00+00:00,-0.00561711,1760140800000.0
2025-10-11 04:00:00+00:00,-0.00561711,1760140800000.0
2025-10-11 08:00:00+00:00,-7.95e-06,1760169600000.0
2025-10-11 12:00:00+00:00,-7.95e-06,1760169600000.0
2025-10-11 16:00:00+00:00,-0.00011725,1760198400000.0
2025-10-11 20:00:00+00:00,-0.00011725,1760198400000.0
2025-10-12 00:00:00+00:00,-4.748e-05,1760227200000.0
2025-10-12 04:00:00+00:00,-4.748e-05,1760227200000.0
2025-10-12 08:00:00+00:00,-6.014e-05,1760256000000.0
2025-10-12 12:00:00+00:00,-6.014e-05,1760256000000.0
2025-10-12 16:00:00+00:00,3e-08,1760284800000.0
2025-10-12 20:00:00+00:00,3e-08,1760284800000.0
2025-10-13 00:00:00+00:00,-4.35e-06,1760313600000.0
2025-10-13 04:00:00+00:00,-4.35e-06,1760313600000.0
2025-10-13 08:00:00+00:00,-1.494e-05,1760342400000.0
2025-10-13 12:00:00+00:00,-1.494e-05,1760342400000.0
2025-10-13 16:00:00+00:00,0.0001,1760371200000.0
2025-10-13 20:00:00+00:00,0.0001,1760371200000.0
2025-10-14 00:00:00+00:00,0.0001,1760400000000.0
2025-10-14 04:00:00+00:00,0.0001,1760400000000.0
2025-10-14 08:00:00+00:00,5.546e-05,1760428800000.0
2025-10-14 12:00:00+00:00,5.546e-05,1760428800000.0
2025-10-14 16:00:00+00:00,-5.024e-05,1760457600000.0
2025-10-14 20:00:00+00:00,-5.024e-05,1760457600000.0
2025-10-15 00:00:00+00:00,-6.072e-05,1760486400000.0
2025-10-15 04:00:00+00:00,-6.072e-05,1760486400000.0
2025-10-15 08:00:00+00:00,6.502e-05,1760515200000.0
2025-10-15 12:00:00+00:00,6.502e-05,1760515200000.0
2025-10-15 16:00:00+00:00,1.416e-05,1760544000000.0
2025-10-15 20:00:00+00:00,1.416e-05,1760544000000.0
2025-10-16 00:00:00+00:00,-4.827e-05,1760572800000.0
2025-10-16 04:00:00+00:00,-4.827e-05,1760572800000.0
2025-10-16 08:00:00+00:00,-6.782e-05,1760601600000.0
2025-10-16 12:00:00+00:00,-6.782e-05,1760601600000.0
2025-10-16 16:00:00+00:00,-9.34e-06,1760630400000.0
2025-10-16 20:00:00+00:00,-9.34e-06,1760630400000.0
2025-10-17 00:00:00+00:00,6.93e-06,1760659200000.0
2025-10-17 04:00:00+00:00,6.93e-06,1760659200000.0
2025-10-17 08:00:00+00:00,2.898e-05,1760688000000.0
2025-10-17 12:00:00+00:00,2.898e-05,1760688000000.0
2025-10-17 16:00:00+00:00,4.232e-05,1760716800000.0
2025-10-17 20:00:00+00:00,4.232e-05,1760716800000.0
2025-10-18 00:00:00+00:00,-2.634e-05,1760745600000.0
2025-10-18 04:00:00+00:00,-2.634e-05,1760745600000.0
2025-10-18 08:00:00+00:00,-5.21e-06,1760774400000.0
2025-10-18 12:00:00+00:00,-5.21e-06,1760774400000.0
2025-10-18 16:00:00+00:00,-2.408e-05,1760803200000.0
2025-10-18 20:00:00+00:00,-2.408e-05,1760803200000.0
2025-10-19 00:00:00+00:00,4.146e-05,1760832000000.0
2025-10-19 04:00:00+00:00,4.146e-05,1760832000000.0
2025-10-19 08:00:00+00:00,-1.027e-05,1760860800000.0
2025-10-19 12:00:00+00:00,-1.027e-05,1760860800000.0
2025-10-19 16:00:00+00:00,-0.0001045,1760889600000.0
2025-10-19 20:00:00+00:00,-0.0001045,1760889600000.0
2025-10-20 00:00:00+00:00,8.666e-05,1760918400000.0
2025-10-20 04:00:00+00:00,8.666e-05,1760918400000.0
2025-10-20 08:00:00+00:00,-3.37e-05,1760947200000.0
2025-10-20 12:00:00+00:00,-3.37e-05,1760947200000.0
2025-10-20 16:00:00+00:00,0.0001,1760976000000.0
2025-10-20 20:00:00+00:00,0.0001,1760976000000.0
2025-10-21 00:00:00+00:00,0.0001,1761004800000.0
2025-10-21 04:00:00+00:00,0.0001,1761004800000.0
2025-10-21 08:00:00+00:00,6.37e-05,1761033600000.0
2025-10-21 12:00:00+00:00,6.37e-05,1761033600000.0
2025-10-21 16:00:00+00:00,8.811e-05,1761062400000.0
2025-10-21 20:00:00+00:00,8.811e-05,1761062400000.0
2025-10-22 00:00:00+00:00,5.949e-05,1761091200000.0
2025-10-22 04:00:00+00:00,5.949e-05,1761091200000.0
2025-10-22 08:00:00+00:00,-4.297e-05,1761120000000.0
2025-10-22 12:00:00+00:00,-4.297e-05,1761120000000.0
2025-10-22 16:00:00+00:00,1.884e-05,1761148800000.0
2025-10-22 20:00:00+00:00,1.884e-05,1761148800000.0
2025-10-23 00:00:00+00:00,7.621e-05,1761177600000.0
2025-10-23 04:00:00+00:00,7.621e-05,1761177600000.0
2025-10-23 08:00:00+00:00,1.446e-05,1761206400000.0
2025-10-23 12:00:00+00:00,1.446e-05,1761206400000.0
2025-10-23 16:00:00+00:00,9.004e-05,1761235200000.0
2025-10-23 20:00:00+00:00,9.004e-05,1761235200000.0
2025-10-24 00:00:00+00:00,0.0001,1761264000000.0
2025-10-24 04:00:00+00:00,0.0001,1761264000000.0
2025-10-24 08:00:00+00:00,7.114e-05,1761292800000.0
2025-10-24 12:00:00+00:00,7.114e-05,1761292800000.0
2025-10-24 16:00:00+00:00,-1.667e-05,1761321600000.0
2025-10-24 20:00:00+00:00,-1.667e-05,1761321600000.0
2025-10-25 00:00:00+00:00,5.688e-05,1761350400000.0
2025-10-25 04:00:00+00:00,5.688e-05,1761350400000.0
2025-10-25 08:00:00+00:00,-8.186e-05,1761379200000.0
2025-10-25 12:00:00+00:00,-8.186e-05,1761379200000.0
2025-10-25 16:00:00+00:00,8.233e-05,1761408000000.0
2025-10-25 20:00:00+00:00,8.233e-05,1761408000000.0
2025-10-26 00:00:00+00:00,0.0001,1761436800000.0
2025-10-26 04:00:00+00:00,0.0001,1761436800000.0
2025-10-26 08:00:00+00:00,1.911e-05,1761465600000.0
2025-10-26 12:00:00+00:00,1.911e-05,1761465600000.0
2025-10-26 16:00:00+00:00,-1.38e-06,1761494400000.0
2025-10-26 20:00:00+00:00,-1.38e-06,1761494400000.0
2025-10-27 00:00:00+00:00,3.847e-05,1761523200000.0
2025-10-27 04:00:00+00:00,3.847e-05,1761523200000.0
2025-10-27 08:00:00+00:00,-1.214e-05,1761552000000.0
2025-10-27 12:00:00+00:00,-1.214e-05,1761552000000.0
2025-10-27 16:00:00+00:00,0.0001,1761580800000.0
2025-10-27 20:00:00+00:00,0.0001,1761580800000.0
2025-10-28 00:00:00+00:00,4.037e-05,1761609600000.0
2025-10-28 04:00:00+00:00,4.037e-05,1761609600000.0
2025-10-28 08:00:00+00:00,0.0001,1761638400000.0
2025-10-28 12:00:00+00:00,0.0001,1761638400000.0
2025-10-28 16:00:00+00:00,2.78e-06,1761667200000.0
2025-10-28 20:00:00+00:00,2.78e-06,1761667200000.0
2025-10-29 00:00:00+00:00,-4.333e-05,1761696000000.0
2025-10-29 04:00:00+00:00,-4.333e-05,1761696000000.0
2025-10-29 08:00:00+00:00,-0.00011019,1761724800000.0
2025-10-29 12:00:00+00:00,-0.00011019,1761724800000.0
2025-10-29 16:00:00+00:00,9.297e-05,1761753600000.0
2025-10-29 20:00:00+00:00,9.297e-05,1761753600000.0
2025-10-30 00:00:00+00:00,9.723e-05,1761782400000.0
2025-10-30 04:00:00+00:00,9.723e-05,1761782400000.0
2025-10-30 08:00:00+00:00,-1.067e-05,1761811200000.0
2025-10-30 12:00:00+00:00,-1.067e-05,1761811200000.0
2025-10-30 16:00:00+00:00,-2.069e-05,1761840000000.0
2025-10-30 20:00:00+00:00,-2.069e-05,1761840000000.0
2025-10-31 00:00:00+00:00,-0.00010784,1761868800000.0
2025-10-31 04:00:00+00:00,-0.00010784,1761868800000.0
2025-10-31 08:00:00+00:00,-7.921e-05,1761897600000.0
2025-10-31 12:00:00+00:00,-7.921e-05,1761897600000.0
2025-10-31 16:00:00+00:00,-1.707e-05,1761926400000.0
2025-10-31 20:00:00+00:00,-1.707e-05,1761926400000.0
2025-11-01 00:00:00+00:00,-8.31e-06,1761955200000.0
2025-11-01 04:00:00+00:00,-8.31e-06,1761955200000.0
2025-11-01 08:00:00+00:00,5.873e-05,1761984000000.0
2025-11-01 12:00:00+00:00,5.873e-05,1761984000000.0
2025-11-01 16:00:00+00:00,5.109e-05,1762012800000.0
2025-11-01 20:00:00+00:00,5.109e-05,1762012800000.0
2025-11-02 00:00:00+00:00,1.812e-05,1762041600000.0
2025-11-02 04:00:00+00:00,1.812e-05,1762041600000.0
2025-11-02 08:00:00+00:00,1.394e-05,1762070400000.0
2025-11-02 12:00:00+00:00,1.394e-05,1762070400000.0
2025-11-02 16:00:00+00:00,-6.71e-05,1762099200000.0
2025-11-02 20:00:00+00:00,-6.71e-05,1762099200000.0
2025-11-03 00:00:00+00:00,-3.661e-05,1762128000000.0
2025-11-03 04:00:00+00:00,-3.661e-05,1762128000000.0
2025-11-03 08:00:00+00:00,-0.00011345,1762156800000.0
2025-11-03 12:00:00+00:00,-0.00011345,1762156800000.0
2025-11-03 16:00:00+00:00,2.859e-05,1762185600000.0
2025-11-03 20:00:00+00:00,2.859e-05,1762185600000.0
2025-11-04 00:00:00+00:00,3.815e-05,1762214400000.0
2025-11-04 04:00:00+00:00,3.815e-05,1762214400000.0
2025-11-04 08:00:00+00:00,5.19e-05,1762243200000.0
2025-11-04 12:00:00+00:00,5.19e-05,1762243200000.0
2025-11-04 16:00:00+00:00,4.927e-05,1762272000000.0
2025-11-04 20:00:00+00:00,4.927e-05,1762272000000.0
2025-11-05 00:00:00+00:00,0.0001,1762300800000.0
2025-11-05 04:00:00+00:00,0.0001,1762300800000.0
2025-11-05 08:00:00+00:00,0.0001,1762329600000.0
2025-11-05 12:00:00+00:00,0.0001,1762329600000.0
2025-11-05 16:00:00+00:00,0.0001,1762358400000.0
2025-11-05 20:00:00+00:00,0.0001,1762358400000.0
2025-11-06 00:00:00+00:00,0.0001,1762387200000.0
2025-11-06 04:00:00+00:00,0.0001,1762387200000.0
2025-11-06 08:00:00+00:00,-7.9e-07,1762416000000.0
2025-11-06 12:00:00+00:00,-7.9e-07,1762416000000.0
2025-11-06 16:00:00+00:00,-8.76e-06,1762444800000.0
2025-11-06 20:00:00+00:00,-8.76e-06,1762444800000.0
2025-11-07 00:00:00+00:00,9.902e-05,1762473600000.0
2025-11-07 04:00:00+00:00,9.902e-05,1762473600000.0
2025-11-07 08:00:00+00:00,0.0001,1762502400000.0
2025-11-07 12:00:00+00:00,0.0001,1762502400000.0
2025-11-07 16:00:00+00:00,-2.15e-05,1762531200000.0
2025-11-07 20:00:00+00:00,-2.15e-05,1762531200000.0
2025-11-08 00:00:00+00:00,-3.8e-07,1762560000000.0
2025-11-08 04:00:00+00:00,-3.8e-07,1762560000000.0
2025-11-08 08:00:00+00:00,7.387e-05,1762588800000.0
2025-11-08 12:00:00+00:00,7.387e-05,1762588800000.0
2025-11-08 16:00:00+00:00,5.479e-05,1762617600000.0
2025-11-08 20:00:00+00:00,5.479e-05,1762617600000.0
2025-11-09 00:00:00+00:00,-0.00011845,1762646400000.0
2025-11-09 04:00:00+00:00,-0.00011845,1762646400000.0
2025-11-09 08:00:00+00:00,2.78e-06,1762675200000.0
2025-11-09 12:00:00+00:00,2.78e-06,1762675200000.0
2025-11-09 16:00:00+00:00,-2.088e-05,1762704000000.0
2025-11-09 20:00:00+00:00,-2.088e-05,1762704000000.0
2025-11-10 00:00:00+00:00,6.427e-05,1762732800000.0
2025-11-10 04:00:00+00:00,6.427e-05,1762732800000.0
2025-11-10 08:00:00+00:00,8.77e-06,1762761600000.0
2025-11-10 12:00:00+00:00,8.77e-06,1762761600000.0
2025-11-10 16:00:00+00:00,1.95e-05,1762790400000.0
2025-11-10 20:00:00+00:00,1.95e-05,1762790400000.0
2025-11-11 00:00:00+00:00,2.802e-05,1762819200000.0
2025-11-11 04:00:00+00:00,2.802e-05,1762819200000.0
2025-11-11 08:00:00+00:00,-5.736e-05,1762848000000.0
2025-11-11 12:00:00+00:00,-5.736e-05,1762848000000.0
2025-11-11 16:00:00+00:00,4.562e-05,1762876800000.0
2025-11-11 20:00:00+00:00,4.562e-05,1762876800000.0
2025-11-12 00:00:00+00:00,3.02e-06,1762905600000.0
2025-11-12 04:00:00+00:00,3.02e-06,1762905600000.0
2025-11-12 08:00:00+00:00,-8.052e-05,1762934400000.0
2025-11-12 12:00:00+00:00,-8.052e-05,1762934400000.0
2025-11-12 16:00:00+00:00,0.0001,1762963200000.0
2025-11-12 20:00:00+00:00,0.0001,1762963200000.0
2025-11-13 00:00:00+00:00,-3.674e-05,1762992000000.0
2025-11-13 04:00:00+00:00,-3.674e-05,1762992000000.0
2025-11-13 08:00:00+00:00,3.251e-05,1763020800000.0
2025-11-13 12:00:00+00:00,3.251e-05,1763020800000.0
2025-11-13 16:00:00+00:00,0.0001,1763049600000.0
2025-11-13 20:00:00+00:00,0.0001,1763049600000.0
2025-11-14 00:00:00+00:00,-7.593e-05,1763078400000.0
2025-11-14 04:00:00+00:00,-7.593e-05,1763078400000.0
2025-11-14 08:00:00+00:00,5.295e-05,1763107200000.0
2025-11-14 12:00:00+00:00,5.295e-05,1763107200000.0
2025-11-14 16:00:00+00:00,0.0001,1763136000000.0
2025-11-14 20:00:00+00:00,0.0001,1763136000000.0
2025-11-15 00:00:00+00:00,-4.45e-06,1763164800000.0
2025-11-15 04:00:00+00:00,-4.45e-06,1763164800000.0
2025-11-15 08:00:00+00:00,5.171e-05,1763193600000.0
2025-11-15 12:00:00+00:00,5.171e-05,1763193600000.0
2025-11-15 16:00:00+00:00,0.0001,1763222400000.0
2025-11-15 20:00:00+00:00,0.0001,1763222400000.0
2025-11-16 00:00:00+00:00,-2.628e-05,1763251200000.0
2025-11-16 04:00:00+00:00,-2.628e-05,1763251200000.0
2025-11-16 08:00:00+00:00,5.407e-05,1763280000000.0
2025-11-16 12:00:00+00:00,5.407e-05,1763280000000.0
2025-11-16 16:00:00+00:00,2.741e-05,1763308800000.0
2025-11-16 20:00:00+00:00,2.741e-05,1763308800000.0
2025-11-17 00:00:00+00:00,0.0001,1763337600000.0
2025-11-17 04:00:00+00:00,0.0001,1763337600000.0
2025-11-17 08:00:00+00:00,5.022e-05,1763366400000.0
2025-11-17 12:00:00+00:00,5.022e-05,1763366400000.0
2025-11-17 16:00:00+00:00,0.0001,1763395200000.0
2025-11-17 20:00:00+00:00,0.0001,1763395200000.0
2025-11-18 00:00:00+00:00,0.0001,1763424000000.0
2025-11-18 04:00:00+00:00,0.0001,1763424000000.0
2025-11-18 08:00:00+00:00,0.0001,1763452800000.0
2025-11-18 12:00:00+00:00,0.0001,1763452800000.0
2025-11-18 16:00:00+00:00,0.0001,1763481600000.0
2025-11-18 20:00:00+00:00,0.0001,1763481600000.0
2025-11-19 00:00:00+00:00,-2.229e-05,1763510400000.0
2025-11-19 04:00:00+00:00,-2.229e-05,1763510400000.0
2025-11-19 08:00:00+00:00,0.0001,1763539200000.0
2025-11-19 12:00:00+00:00,0.0001,1763539200000.0
2025-11-19 16:00:00+00:00,-4.2e-05,1763568000000.0
2025-11-19 20:00:00+00:00,-4.2e-05,1763568000000.0
2025-11-20 00:00:00+00:00,0.0001,1763596800000.0
2025-11-20 04:00:00+00:00,0.0001,1763596800000.0
2025-11-20 08:00:00+00:00,0.0001,1763625600000.0
2025-11-20 12:00:00+00:00,0.0001,1763625600000.0
2025-11-20 16:00:00+00:00,0.0001,1763654400000.0
2025-11-20 20:00:00+00:00,0.0001,1763654400000.0
2025-11-21 00:00:00+00:00,-4.12e-06,1763683200000.0
2025-11-21 04:00:00+00:00,-4.12e-06,1763683200000.0
2025-11-21 08:00:00+00:00,0.0001,1763712000000.0
2025-11-21 12:00:00+00:00,0.0001,1763712000000.0
2025-11-21 16:00:00+00:00,4.176e-05,1763740800000.0
2025-11-21 20:00:00+00:00,4.176e-05,1763740800000.0
2025-11-22 00:00:00+00:00,-3.156e-05,1763769600000.0
2025-11-22 04:00:00+00:00,-3.156e-05,1763769600000.0
2025-11-22 08:00:00+00:00,9.01e-06,1763798400000.0
2025-11-22 12:00:00+00:00,9.01e-06,1763798400000.0
2025-11-22 16:00:00+00:00,-1.538e-05,1763827200000.0
2025-11-22 20:00:00+00:00,-1.538e-05,1763827200000.0
2025-11-23 00:00:00+00:00,4.869e-05,1763856000000.0
2025-11-23 04:00:00+00:00,4.869e-05,1763856000000.0
2025-11-23 08:00:00+00:00,4.6e-05,1763884800000.0
2025-11-23 12:00:00+00:00,4.6e-05,1763884800000.0
2025-11-23 16:00:00+00:00,-4.758e-05,1763913600000.0
2025-11-23 20:00:00+00:00,-4.758e-05,1763913600000.0
2025-11-24 00:00:00+00:00,-0.0001014,1763942400000.0
2025-11-24 04:00:00+00:00,-0.0001014,1763942400000.0
2025-11-24 08:00:00+00:00,-2.293e-05,1763971200000.0
2025-11-24 12:00:00+00:00,-2.293e-05,1763971200000.0
2025-11-24 16:00:00+00:00,4.767e-05,1764000000000.0
2025-11-24 20:00:00+00:00,4.767e-05,1764000000000.0
2025-11-25 00:00:00+00:00,-1.529e-05,1764028800000.0
2025-11-25 04:00:00+00:00,-1.529e-05,1764028800000.0
2025-11-25 08:00:00+00:00,0.0001,1764057600000.0
2025-11-25 12:00:00+00:00,0.0001,1764057600000.0
2025-11-25 16:00:00+00:00,9.67e-06,1764086400000.0
2025-11-25 20:00:00+00:00,9.67e-06,1764086400000.0
2025-11-26 00:00:00+00:00,0.0001,1764115200000.0
2025-11-26 04:00:00+00:00,0.0001,1764115200000.0
2025-11-26 08:00:00+00:00,0.0001,1764144000000.0
2025-11-26 12:00:00+00:00,0.0001,1764144000000.0
2025-11-26 16:00:00+00:00,2.01e-06,1764172800000.0
2025-11-26 20:00:00+00:00,2.01e-06,1764172800000.0
2025-11-27 00:00:00+00:00,0.0001,1764201600000.0
2025-11-27 04:00:00+00:00,0.0001,1764201600000.0
2025-11-27 08:00:00+00:00,4.258e-05,1764230400000.0
2025-11-27 12:00:00+00:00,4.258e-05,1764230400000.0
2025-11-27 16:00:00+00:00,-2.276e-05,1764259200000.0
2025-11-27 20:00:00+00:00,-2.276e-05,1764259200000.0
2025-11-28 00:00:00+00:00,1.805e-05,1764288000000.0
2025-11-28 04:00:00+00:00,1.805e-05,1764288000000.0
2025-11-28 08:00:00+00:00,-9.473e-05,1764316800000.0
2025-11-28 12:00:00+00:00,-9.473e-05,1764316800000.0
2025-11-28 16:00:00+00:00,1.015e-05,1764345600000.0
2025-11-28 20:00:00+00:00,1.015e-05,1764345600000.0
2025-11-29 00:00:00+00:00,-2.202e-05,1764374400000.0
2025-11-29 04:00:00+00:00,-2.202e-05,1764374400000.0
2025-11-29 08:00:00+00:00,-1.492e-05,1764403200000.0
2025-11-29 12:00:00+00:00,-1.492e-05,1764403200000.0
2025-11-29 16:00:00+00:00,1.861e-05,1764432000000.0
2025-11-29 20:00:00+00:00,1.861e-05,1764432000000.0
2025-11-30 00:00:00+00:00,8.858e-05,1764460800000.0
2025-11-30 04:00:00+00:00,8.858e-05,1764460800000.0
2025-11-30 08:00:00+00:00,-8.426e-05,1764489600000.0
2025-11-30 12:00:00+00:00,-8.426e-05,1764489600000.0
2025-11-30 16:00:00+00:00,0.0001,1764518400000.0
2025-11-30 20:00:00+00:00,0.0001,1764518400000.0
2025-12-01 00:00:00+00:00,2.16e-05,1764547200000.0
2025-12-01 04:00:00+00:00,2.16e-05,1764547200000.0
2025-12-01 08:00:00+00:00,-0.00012576,1764576000000.0
2025-12-01 12:00:00+00:00,-0.00012576,1764576000000.0
2025-12-01 16:00:00+00:00,-2.207e-05,1764604800000.0
2025-12-01 20:00:00+00:00,-2.207e-05,1764604800000.0
2025-12-02 00:00:00+00:00,-8.589e-05,1764633600000.0
2025-12-02 04:00:00+00:00,-8.589e-05,1764633600000.0
2025-12-02 08:00:00+00:00,-6.098e-05,1764662400000.0
2025-12-02 12:00:00+00:00,-6.098e-05,1764662400000.0
2025-12-02 16:00:00+00:00,-1.234e-05,1764691200000.0
2025-12-02 20:00:00+00:00,-1.234e-05,1764691200000.0
2025-12-03 00:00:00+00:00,0.0001,1764720000000.0
2025-12-03 04:00:00+00:00,0.0001,1764720000000.0
2025-12-03 08:00:00+00:00,0.0001,1764748800000.0
2025-12-03 12:00:00+00:00,0.0001,1764748800000.0
2025-12-03 16:00:00+00:00,-2.25e-06,1764777600000.0
2025-12-03 20:00:00+00:00,-2.25e-06,1764777600000.0
2025-12-04 00:00:00+00:00,3.84e-06,1764806400000.0
2025-12-04 04:00:00+00:00,3.84e-06,1764806400000.0
2025-12-04 08:00:00+00:00,0.0001,1764835200000.0
2025-12-04 12:00:00+00:00,0.0001,1764835200000.0
2025-12-04 16:00:00+00:00,2.264e-05,1764864000000.0
2025-12-04 20:00:00+00:00,2.264e-05,1764864000000.0
2025-12-05 00:00:00+00:00,3.813e-05,1764892800000.0
2025-12-05 04:00:00+00:00,3.813e-05,1764892800000.0
2025-12-05 08:00:00+00:00,7.002e-05,1764921600000.0
2025-12-05 12:00:00+00:00,7.002e-05,1764921600000.0
2025-12-05 16:00:00+00:00,-2.492e-05,1764950400000.0
2025-12-05 20:00:00+00:00,-2.492e-05,1764950400000.0
2025-12-06 00:00:00+00:00,-2.316e-05,1764979200000.0
2025-12-06 04:00:00+00:00,-2.316e-05,1764979200000.0
2025-12-06 08:00:00+00:00,-4.867e-05,1765008000000.0
2025-12-06 12:00:00+00:00,-4.867e-05,1765008000000.0
2025-12-06 16:00:00+00:00,1.987e-05,1765036800000.0
2025-12-06 20:00:00+00:00,1.987e-05,1765036800000.0
2025-12-07 00:00:00+00:00,2.567e-05,1765065600000.0
2025-12-07 04:00:00+00:00,2.567e-05,1765065600000.0
2025-12-07 08:00:00+00:00,0.0001,1765094400000.0
2025-12-07 12:00:00+00:00,0.0001,1765094400000.0
2025-12-07 16:00:00+00:00,-6.647e-05,1765123200000.0
2025-12-07 20:00:00+00:00,-6.647e-05,1765123200000.0
2025-12-08 00:00:00+00:00,3.973e-05,1765152000000.0
2025-12-08 04:00:00+00:00,3.973e-05,1765152000000.0
2025-12-08 08:00:00+00:00,9.35e-06,1765180800000.0
2025-12-08 12:00:00+00:00,9.35e-06,1765180800000.0
2025-12-08 16:00:00+00:00,0.0001,1765209600000.0
2025-12-08 20:00:00+00:00,0.0001,1765209600000.0
2025-12-09 00:00:00+00:00,-7.86e-06,1765238400000.0
2025-12-09 04:00:00+00:00,-7.86e-06,1765238400000.0
2025-12-09 08:00:00+00:00,3.11e-05,1765267200000.0
2025-12-09 12:00:00+00:00,3.11e-05,1765267200000.0
2025-12-09 16:00:00+00:00,-4.421e-05,1765296000000.0
2025-12-09 20:00:00+00:00,-4.421e-05,1765296000000.0
2025-12-10 00:00:00+00:00,0.0001,1765324800000.0
2025-12-10 04:00:00+00:00,0.0001,1765324800000.0
2025-12-10 08:00:00+00:00,-0.00012732,1765353600000.0
2025-12-10 12:00:00+00:00,-0.00012732,1765353600000.0
2025-12-10 16:00:00+00:00,-0.00013692,1765382400000.0
2025-12-10 20:00:00+00:00,-0.00013692,1765382400000.0
2025-12-11 00:00:00+00:00,-3.63e-06,1765411200000.0
2025-12-11 04:00:00+00:00,-3.63e-06,1765411200000.0
2025-12-11 08:00:00+00:00,5.579e-05,1765440000000.0
2025-12-11 12:00:00+00:00,5.579e-05,1765440000000.0
2025-12-11 16:00:00+00:00,-1.08e-05,1765468800000.0
2025-12-11 20:00:00+00:00,-1.08e-05,1765468800000.0
2025-12-12 00:00:00+00:00,-4.16e-06,1765497600000.0
2025-12-12 04:00:00+00:00,-4.16e-06,1765497600000.0
2025-12-12 08:00:00+00:00,-6.168e-05,1765526400000.0
2025-12-12 12:00:00+00:00,-6.168e-05,1765526400000.0
2025-12-12 16:00:00+00:00,1.482e-05,1765555200000.0
2025-12-12 20:00:00+00:00,1.482e-05,1765555200000.0
2025-12-13 00:00:00+00:00,-1.706e-05,1765584000000.0
2025-12-13 04:00:00+00:00,-1.706e-05,1765584000000.0
2025-12-13 08:00:00+00:00,8.438e-05,1765612800000.0
2025-12-13 12:00:00+00:00,8.438e-05,1765612800000.0
2025-12-13 16:00:00+00:00,0.0001,1765641600000.0
2025-12-13 20:00:00+00:00,0.0001,1765641600000.0
2025-12-14 00:00:00+00:00,4.905e-05,1765670400000.0
2025-12-14 04:00:00+00:00,4.905e-05,1765670400000.0
2025-12-14 08:00:00+00:00,1.453e-05,1765699200000.0
2025-12-14 12:00:00+00:00,1.453e-05,1765699200000.0
2025-12-14 16:00:00+00:00,6.302e-05,1765728000000.0
2025-12-14 20:00:00+00:00,6.302e-05,1765728000000.0
2025-12-15 00:00:00+00:00,-3.634e-05,1765756800000.0
2025-12-15 04:00:00+00:00,-3.634e-05,1765756800000.0
2025-12-15 08:00:00+00:00,3.8e-05,1765785600000.0
2025-12-15 12:00:00+00:00,3.8e-05,1765785600000.0
2025-12-15 16:00:00+00:00,5.745e-05,1765814400000.0
2025-12-15 20:00:00+00:00,5.745e-05,1765814400000.0
2025-12-16 00:00:00+00:00,-6.528e-05,1765843200000.0
2025-12-16 04:00:00+00:00,-6.528e-05,1765843200000.0
2025-12-16 08:00:00+00:00,-6.477e-05,1765872000000.0
2025-12-16 12:00:00+00:00,-6.477e-05,1765872000000.0
2025-12-16 16:00:00+00:00,-3.849e-05,1765900800000.0
2025-12-16 20:00:00+00:00,-3.849e-05,1765900800000.0
2025-12-17 00:00:00+00:00,-2.178e-05,1765929600000.0
2025-12-17 04:00:00+00:00,-2.178e-05,1765929600000.0
2025-12-17 08:00:00+00:00,9.155e-05,1765958400000.0
2025-12-17 12:00:00+00:00,9.155e-05,1765958400000.0
2025-12-17 16:00:00+00:00,4.822e-05,1765987200000.0
2025-12-17 20:00:00+00:00,4.822e-05,1765987200000.0
2025-12-18 00:00:00+00:00,-8.935e-05,1766016000000.0
2025-12-18 04:00:00+00:00,-8.935e-05,1766016000000.0
2025-12-18 08:00:00+00:00,9.7e-06,1766044800000.0
2025-12-18 12:00:00+00:00,9.7e-06,1766044800000.0
2025-12-18 16:00:00+00:00,0.0001,1766073600000.0
2025-12-18 20:00:00+00:00,0.0001,1766073600000.0
2025-12-19 00:00:00+00:00,-3.328e-05,1766102400000.0
2025-12-19 04:00:00+00:00,-3.328e-05,1766102400000.0
2025-12-19 08:00:00+00:00,7.593e-05,1766131200000.0
2025-12-19 12:00:00+00:00,7.593e-05,1766131200000.0
2025-12-19 16:00:00+00:00,4.674e-05,1766160000000.0
2025-12-19 20:00:00+00:00,4.674e-05,1766160000000.0
2025-12-20 00:00:00+00:00,0.0001,1766188800000.0
2025-12-20 04:00:00+00:00,0.0001,1766188800000.0
2025-12-20 08:00:00+00:00,1.753e-05,1766217600000.0
2025-12-20 12:00:00+00:00,1.753e-05,1766217600000.0
2025-12-20 16:00:00+00:00,5.007e-05,1766246400000.0
2025-12-20 20:00:00+00:00,5.007e-05,1766246400000.0
2025-12-21 00:00:00+00:00,1.455e-05,1766275200000.0
2025-12-21 04:00:00+00:00,1.455e-05,1766275200000.0
2025-12-21 08:00:00+00:00,-8.855e-05,1766304000000.0
2025-12-21 12:00:00+00:00,-8.855e-05,1766304000000.0
2025-12-21 16:00:00+00:00,-0.00014386,1766332800000.0
2025-12-21 20:00:00+00:00,-0.00014386,1766332800000.0
2025-12-22 00:00:00+00:00,7.33e-06,1766361600000.0
2025-12-22 04:00:00+00:00,7.33e-06,1766361600000.0
2025-12-22 08:00:00+00:00,-9.5e-07,1766390400000.0
2025-12-22 12:00:00+00:00,-9.5e-07,1766390400000.0
2025-12-22 16:00:00+00:00,1.751e-05,1766419200000.0
2025-12-22 20:00:00+00:00,1.751e-05,1766419200000.0
2025-12-23 00:00:00+00:00,-5.727e-05,1766448000000.0
2025-12-23 04:00:00+00:00,-5.727e-05,1766448000000.0
2025-12-23 08:00:00+00:00,1.799e-05,1766476800000.0
2025-12-23 12:00:00+00:00,1.799e-05,1766476800000.0
2025-12-23 16:00:00+00:00,4.706e-05,1766505600000.0
2025-12-23 20:00:00+00:00,4.706e-05,1766505600000.0
2025-12-24 00:00:00+00:00,0.0001,1766534400000.0
2025-12-24 04:00:00+00:00,0.0001,1766534400000.0
2025-12-24 08:00:00+00:00,-5.783e-05,1766563200000.0
2025-12-24 12:00:00+00:00,-5.783e-05,1766563200000.0
2025-12-24 16:00:00+00:00,-7.836e-05,1766592000000.0
2025-12-24 20:00:00+00:00,-7.836e-05,1766592000000.0
2025-12-25 00:00:00+00:00,-2.293e-05,1766620800000.0
2025-12-25 04:00:00+00:00,-2.293e-05,1766620800000.0
2025-12-25 08:00:00+00:00,2.131e-05,1766649600000.0
2025-12-25 12:00:00+00:00,2.131e-05,1766649600000.0
2025-12-25 16:00:00+00:00,-4.202e-05,1766678400000.0
2025-12-25 20:00:00+00:00,-4.202e-05,1766678400000.0
2025-12-26 00:00:00+00:00,9.2e-06,1766707200000.0
2025-12-26 04:00:00+00:00,9.2e-06,1766707200000.0
2025-12-26 08:00:00+00:00,0.0001,1766736000000.0
2025-12-26 12:00:00+00:00,0.0001,1766736000000.0
2025-12-26 16:00:00+00:00,8.924e-05,1766764800000.0
2025-12-26 20:00:00+00:00,8.924e-05,1766764800000.0
2025-12-27 00:00:00+00:00,6.692e-05,1766793600000.0
2025-12-27 04:00:00+00:00,6.692e-05,1766793600000.0
2025-12-27 08:00:00+00:00,9.837e-05,1766822400000.0
2025-12-27 12:00:00+00:00,9.837e-05,1766822400000.0
2025-12-27 16:00:00+00:00,9.113e-05,1766851200000.0
2025-12-27 20:00:00+00:00,9.113e-05,1766851200000.0
2025-12-28 00:00:00+00:00,7.12e-06,1766880000000.0
2025-12-28 04:00:00+00:00,7.12e-06,1766880000000.0
2025-12-28 08:00:00+00:00,1.105e-05,1766908800000.0
2025-12-28 12:00:00+00:00,1.105e-05,1766908800000.0
2025-12-28 16:00:00+00:00,5.354e-05,1766937600000.0
2025-12-28 20:00:00+00:00,5.354e-05,1766937600000.0
2025-12-29 00:00:00+00:00,0.0001,1766966400000.0
2025-12-29 04:00:00+00:00,0.0001,1766966400000.0
2025-12-29 08:00:00+00:00,8.252e-05,1766995200000.0
2025-12-29 12:00:00+00:00,8.252e-05,1766995200000.0
2025-12-29 16:00:00+00:00,5.543e-05,1767024000000.0
2025-12-29 20:00:00+00:00,5.543e-05,1767024000000.0
2025-12-30 00:00:00+00:00,6.231e-05,1767052800000.0
2025-12-30 04:00:00+00:00,6.231e-05,1767052800000.0
2025-12-30 08:00:00+00:00,6.261e-05,1767081600000.0
2025-12-30 12:00:00+00:00,6.261e-05,1767081600000.0
2025-12-30 16:00:00+00:00,4.699e-05,1767110400000.0
2025-12-30 20:00:00+00:00,4.699e-05,1767110400000.0
2025-12-31 00:00:00+00:00,1.058e-05,1767139200000.0
2025-12-31 04:00:00+00:00,1.058e-05,1767139200000.0
2025-12-31 08:00:00+00:00,0.0001,1767168000000.0
2025-12-31 12:00:00+00:00,0.0001,1767168000000.0
2025-12-31 16:00:00+00:00,8.342e-05,1767196800000.0
2025-12-31 20:00:00+00:00,8.342e-05,1767196800000.0
2026-01-01 00:00:00+00:00,-3.591e-05,1767225600000.0
2026-01-01 04:00:00+00:00,-3.591e-05,1767225600000.0
2026-01-01 08:00:00+00:00,7.894e-05,1767254400000.0
2026-01-01 12:00:00+00:00,7.894e-05,1767254400000.0
2026-01-01 16:00:00+00:00,8.771e-05,1767283200000.0
2026-01-01 20:00:00+00:00,8.771e-05,1767283200000.0
2026-01-02 00:00:00+00:00,0.0001,1767312000000.0
2026-01-02 04:00:00+00:00,0.0001,1767312000000.0
2026-01-02 08:00:00+00:00,4.023e-05,1767340800000.0
2026-01-02 12:00:00+00:00,4.023e-05,1767340800000.0
2026-01-02 16:00:00+00:00,0.0001,1767369600000.0
2026-01-02 20:00:00+00:00,0.0001,1767369600000.0
2026-01-03 00:00:00+00:00,0.0001,1767398400000.0
2026-01-03 04:00:00+00:00,0.0001,1767398400000.0
2026-01-03 08:00:00+00:00,0.0001,1767427200000.0
2026-01-03 12:00:00+00:00,0.0001,1767427200000.0
2026-01-03 16:00:00+00:00,0.0001,1767456000000.0
2026-01-03 20:00:00+00:00,0.0001,1767456000000.0
2026-01-04 00:00:00+00:00,0.0001,1767484800000.0
2026-01-04 04:00:00+00:00,0.0001,1767484800000.0
2026-01-04 08:00:00+00:00,-1.061e-05,1767513600000.0
2026-01-04 12:00:00+00:00,-1.061e-05,1767513600000.0
2026-01-04 16:00:00+00:00,9.161e-05,1767542400000.0
2026-01-04 20:00:00+00:00,9.161e-05,1767542400000.0
2026-01-05 00:00:00+00:00,0.0001,1767571200000.0
2026-01-05 04:00:00+00:00,0.0001,1767571200000.0
2026-01-05 08:00:00+00:00,-2.747e-05,1767600000000.0
2026-01-05 12:00:00+00:00,-2.747e-05,1767600000000.0
2026-01-05 16:00:00+00:00,0.0001,1767628800000.0
2026-01-05 20:00:00+00:00,0.0001,1767628800000.0
2026-01-06 00:00:00+00:00,3.49e-05,1767657600000.0
2026-01-06 04:00:00+00:00,3.49e-05,1767657600000.0
2026-01-06 08:00:00+00:00,-8.924e-05,1767686400000.0
2026-01-06 12:00:00+00:00,-8.924e-05,1767686400000.0
2026-01-06 16:00:00+00:00,-5.74e-06,1767715200000.0
2026-01-06 20:00:00+00:00,-5.74e-06,1767715200000.0
2026-01-07 00:00:00+00:00,0.0001,1767744000000.0
2026-01-07 04:00:00+00:00,0.0001,1767744000000.0
2026-01-07 08:00:00+00:00,0.0001,1767772800000.0
2026-01-07 12:00:00+00:00,0.0001,1767772800000.0
2026-01-07 16:00:00+00:00,-0.00010166,1767801600000.0
2026-01-07 20:00:00+00:00,-0.00010166,1767801600000.0
2026-01-08 00:00:00+00:00,6.334e-05,1767830400000.0
2026-01-08 04:00:00+00:00,6.334e-05,1767830400000.0
2026-01-08 08:00:00+00:00,9.406e-05,1767859200000.0
2026-01-08 12:00:00+00:00,9.406e-05,1767859200000.0
2026-01-08 16:00:00+00:00,0.0001,1767888000000.0
2026-01-08 20:00:00+00:00,0.0001,1767888000000.0
2026-01-09 00:00:00+00:00,7.18e-06,1767916800000.0
2026-01-09 04:00:00+00:00,7.18e-06,1767916800000.0
2026-01-09 08:00:00+00:00,-6.27e-06,1767945600000.0
2026-01-09 12:00:00+00:00,-6.27e-06,1767945600000.0
2026-01-09 16:00:00+00:00,1.251e-05,1767974400000.0
2026-01-09 20:00:00+00:00,1.251e-05,1767974400000.0
2026-01-10 00:00:00+00:00,-4.223e-05,1768003200000.0
2026-01-10 04:00:00+00:00,-4.223e-05,1768003200000.0
2026-01-10 08:00:00+00:00,1.8e-07,1768032000000.0
2026-01-10 12:00:00+00:00,1.8e-07,1768032000000.0
2026-01-10 16:00:00+00:00,0.0001,1768060800000.0
2026-01-10 20:00:00+00:00,0.0001,1768060800000.0
2026-01-11 00:00:00+00:00,-1.476e-05,1768089600000.0
2026-01-11 04:00:00+00:00,-1.476e-05,1768089600000.0
2026-01-11 08:00:00+00:00,0.0001,1768118400000.0
2026-01-11 12:00:00+00:00,0.0001,1768118400000.0
2026-01-11 16:00:00+00:00,0.0001,1768147200000.0
2026-01-11 20:00:00+00:00,0.0001,1768147200000.0
2026-01-12 00:00:00+00:00,-0.00012757,1768176000000.0
2026-01-12 04:00:00+00:00,-0.00012757,1768176000000.0
2026-01-12 08:00:00+00:00,-2.357e-05,1768204800000.0
2026-01-12 12:00:00+00:00,-2.357e-05,1768204800000.0
2026-01-12 16:00:00+00:00,8.401e-05,1768233600000.0
2026-01-12 20:00:00+00:00,8.401e-05,1768233600000.0
2026-01-13 00:00:00+00:00,-0.00011673,1768262400000.0
2026-01-13 04:00:00+00:00,-0.00011673,1768262400000.0
2026-01-13 08:00:00+00:00,0.0001,1768291200000.0
2026-01-13 12:00:00+00:00,0.0001,1768291200000.0
2026-01-13 16:00:00+00:00,0.0001,1768320000000.0
2026-01-13 20:00:00+00:00,0.0001,1768320000000.0
2026-01-14 00:00:00+00:00,0.0001,1768348800000.0
2026-01-14 04:00:00+00:00,0.0001,1768348800000.0
2026-01-14 08:00:00+00:00,0.0001,1768377600000.0
2026-01-14 12:00:00+00:00,0.0001,1768377600000.0
2026-01-14 16:00:00+00:00,0.0001,1768406400000.0
2026-01-14 20:00:00+00:00,0.0001,1768406400000.0
2026-01-15 00:00:00+00:00,7.83e-06,1768435200000.0
2026-01-15 04:00:00+00:00,7.83e-06,1768435200000.0
2026-01-15 08:00:00+00:00,-7.597e-05,1768464000000.0
2026-01-15 12:00:00+00:00,-7.597e-05,1768464000000.0
2026-01-15 16:00:00+00:00,-7.51e-06,1768492800000.0
2026-01-15 20:00:00+00:00,-7.51e-06,1768492800000.0
2026-01-16 00:00:00+00:00,-1.763e-05,1768521600000.0
2026-01-16 04:00:00+00:00,-1.763e-05,1768521600000.0
2026-01-16 08:00:00+00:00,4.59e-05,1768550400000.0
2026-01-16 12:00:00+00:00,4.59e-05,1768550400000.0
2026-01-16 16:00:00+00:00,-5.714e-05,1768579200000.0
2026-01-16 20:00:00+00:00,-5.714e-05,1768579200000.0
2026-01-17 00:00:00+00:00,0.0001,1768608000000.0
2026-01-17 04:00:00+00:00,0.0001,1768608000000.0
2026-01-17 08:00:00+00:00,0.0001,1768636800000.0
2026-01-17 12:00:00+00:00,0.0001,1768636800000.0
2026-01-17 16:00:00+00:00,4.989e-05,1768665600000.0
2026-01-17 20:00:00+00:00,4.989e-05,1768665600000.0
2026-01-18 00:00:00+00:00,3.755e-05,1768694400000.0
2026-01-18 04:00:00+00:00,3.755e-05,1768694400000.0
2026-01-18 08:00:00+00:00,-2.632e-05,1768723200000.0
2026-01-18 12:00:00+00:00,-2.632e-05,1768723200000.0
2026-01-18 16:00:00+00:00,-5.237e-05,1768752000000.0
2026-01-18 20:00:00+00:00,-5.237e-05,1768752000000.0
2026-01-19 00:00:00+00:00,4.048e-05,1768780800000.0
2026-01-19 04:00:00+00:00,4.048e-05,1768780800000.0
2026-01-19 08:00:00+00:00,-0.00010678,1768809600000.0
2026-01-19 12:00:00+00:00,-0.00010678,1768809600000.0
2026-01-19 16:00:00+00:00,3.567e-05,1768838400000.0
2026-01-19 20:00:00+00:00,3.567e-05,1768838400000.0
2026-01-20 00:00:00+00:00,0.0001,1768867200000.0
2026-01-20 04:00:00+00:00,0.0001,1768867200000.0
2026-01-20 08:00:00+00:00,-1.688e-05,1768896000000.0
2026-01-20 12:00:00+00:00,-1.688e-05,1768896000000.0
2026-01-20 16:00:00+00:00,2.341e-05,1768924800000.0
2026-01-20 20:00:00+00:00,2.341e-05,1768924800000.0
2026-01-21 00:00:00+00:00,-5.946e-05,1768953600000.0
2026-01-21 04:00:00+00:00,-5.946e-05,1768953600000.0
2026-01-21 08:00:00+00:00,0.0001,1768982400000.0
2026-01-21 12:00:00+00:00,0.0001,1768982400000.0
2026-01-21 16:00:00+00:00,3.563e-05,1769011200000.0
2026-01-21 20:00:00+00:00,3.563e-05,1769011200000.0
2026-01-22 00:00:00+00:00,0.0001,1769040000000.0
2026-01-22 04:00:00+00:00,0.0001,1769040000000.0
2026-01-22 08:00:00+00:00,5.788e-05,1769068800000.0
2026-01-22 12:00:00+00:00,5.788e-05,1769068800000.0
2026-01-22 16:00:00+00:00,-8.592e-05,1769097600000.0
2026-01-22 20:00:00+00:00,-8.592e-05,1769097600000.0
2026-01-23 00:00:00+00:00,-0.00012331,1769126400000.0
2026-01-23 04:00:00+00:00,-0.00012331,1769126400000.0
2026-01-23 08:00:00+00:00,0.0001,1769155200000.0
2026-01-23 12:00:00+00:00,0.0001,1769155200000.0
2026-01-23 16:00:00+00:00,4.72e-06,1769184000000.0
2026-01-23 20:00:00+00:00,4.72e-06,1769184000000.0
2026-01-24 00:00:00+00:00,1.021e-05,1769212800000.0
2026-01-24 04:00:00+00:00,1.021e-05,1769212800000.0
2026-01-24 08:00:00+00:00,0.0001,1769241600000.0
2026-01-24 12:00:00+00:00,0.0001,1769241600000.0
2026-01-24 16:00:00+00:00,6.371e-05,1769270400000.0
2026-01-24 20:00:00+00:00,6.371e-05,1769270400000.0
2026-01-25 00:00:00+00:00,0.0001,1769299200000.0
2026-01-25 04:00:00+00:00,0.0001,1769299200000.0
2026-01-25 08:00:00+00:00,1.933e-05,1769328000000.0
2026-01-25 12:00:00+00:00,1.933e-05,1769328000000.0
2026-01-25 16:00:00+00:00,-0.00013039,1769356800000.0
2026-01-25 20:00:00+00:00,-0.00013039,1769356800000.0
2026-01-26 00:00:00+00:00,-0.00010006,1769385600000.0
2026-01-26 04:00:00+00:00,-0.00010006,1769385600000.0
2026-01-26 08:00:00+00:00,0.0001,1769414400000.0
2026-01-26 12:00:00+00:00,0.0001,1769414400000.0
2026-01-26 16:00:00+00:00,8.041e-05,1769443200000.0
2026-01-26 20:00:00+00:00,8.041e-05,1769443200000.0
2026-01-27 00:00:00+00:00,7.586e-05,1769472000000.0
2026-01-27 04:00:00+00:00,7.586e-05,1769472000000.0
2026-01-27 08:00:00+00:00,0.0001,1769500800000.0
2026-01-27 12:00:00+00:00,0.0001,1769500800000.0
2026-01-27 16:00:00+00:00,1.209e-05,1769529600000.0
2026-01-27 20:00:00+00:00,1.209e-05,1769529600000.0
2026-01-28 00:00:00+00:00,0.0001,1769558400000.0
2026-01-28 04:00:00+00:00,0.0001,1769558400000.0
2026-01-28 08:00:00+00:00,0.0001,1769587200000.0
2026-01-28 12:00:00+00:00,0.0001,1769587200000.0
2026-01-28 16:00:00+00:00,0.0001,1769616000000.0
2026-01-28 20:00:00+00:00,0.0001,1769616000000.0
2026-01-29 00:00:00+00:00,0.0001,1769644800000.0
2026-01-29 04:00:00+00:00,0.0001,1769644800000.0
2026-01-29 08:00:00+00:00,2.25e-06,1769673600000.0
2026-01-29 12:00:00+00:00,2.25e-06,1769673600000.0
2026-01-29 16:00:00+00:00,-0.00011622,1769702400000.0
2026-01-29 20:00:00+00:00,-0.00011622,1769702400000.0
2026-01-30 00:00:00+00:00,9.09e-06,1769731200000.0
2026-01-30 04:00:00+00:00,9.09e-06,1769731200000.0
2026-01-30 08:00:00+00:00,-9.766e-05,1769760000000.0
2026-01-30 12:00:00+00:00,-9.766e-05,1769760000000.0
2026-01-30 16:00:00+00:00,5.023e-05,1769788800000.0
2026-01-30 20:00:00+00:00,5.023e-05,1769788800000.0
2026-01-31 00:00:00+00:00,0.0001,1769817600000.0
2026-01-31 04:00:00+00:00,0.0001,1769817600000.0
2026-01-31 08:00:00+00:00,0.0001,1769846400000.0
2026-01-31 12:00:00+00:00,0.0001,1769846400000.0
2026-01-31 16:00:00+00:00,-3.51e-05,1769875200000.0
2026-01-31 20:00:00+00:00,-3.51e-05,1769875200000.0
2026-02-01 00:00:00+00:00,-0.00018754,1769904000000.0
2026-02-01 04:00:00+00:00,-0.00018754,1769904000000.0
2026-02-01 08:00:00+00:00,-2.771e-05,1769932800000.0
2026-02-01 12:00:00+00:00,-2.771e-05,1769932800000.0
2026-02-01 16:00:00+00:00,5.33e-06,1769961600000.0
2026-02-01 20:00:00+00:00,5.33e-06,1769961600000.0
2026-02-02 00:00:00+00:00,3.166e-05,1769990400000.0
2026-02-02 04:00:00+00:00,3.166e-05,1769990400000.0
2026-02-02 08:00:00+00:00,4.735e-05,1770019200000.0
2026-02-02 12:00:00+00:00,4.735e-05,1770019200000.0
2026-02-02 16:00:00+00:00,-0.00014293,1770048000000.0
2026-02-02 20:00:00+00:00,-0.00014293,1770048000000.0
2026-02-03 00:00:00+00:00,-0.0002012,1770076800000.0
2026-02-03 04:00:00+00:00,-0.0002012,1770076800000.0
2026-02-03 08:00:00+00:00,6.3e-07,1770105600000.0
2026-02-03 12:00:00+00:00,6.3e-07,1770105600000.0
2026-02-03 16:00:00+00:00,-7.262e-05,1770134400000.0
2026-02-03 20:00:00+00:00,-7.262e-05,1770134400000.0
2026-02-04 00:00:00+00:00,7.547e-05,1770163200000.0
2026-02-04 04:00:00+00:00,7.547e-05,1770163200000.0
2026-02-04 08:00:00+00:00,0.0001,1770192000000.0
2026-02-04 12:00:00+00:00,0.0001,1770192000000.0
2026-02-04 16:00:00+00:00,7.74e-06,1770220800000.0
2026-02-04 20:00:00+00:00,7.74e-06,1770220800000.0
2026-02-05 00:00:00+00:00,-7.897e-05,1770249600000.0
2026-02-05 04:00:00+00:00,-7.897e-05,1770249600000.0
2026-02-05 08:00:00+00:00,2.342e-05,1770278400000.0
2026-02-05 12:00:00+00:00,2.342e-05,1770278400000.0
2026-02-05 16:00:00+00:00,6.613e-05,1770307200000.0
2026-02-05 20:00:00+00:00,6.613e-05,1770307200000.0
2026-02-06 00:00:00+00:00,-0.00019844,1770336000000.0
2026-02-06 04:00:00+00:00,-0.00019844,1770336000000.0
2026-02-06 08:00:00+00:00,-2.681e-05,1770364800000.0
2026-02-06 12:00:00+00:00,-2.681e-05,1770364800000.0
2026-02-06 16:00:00+00:00,-4.123e-05,1770393600000.0
2026-02-06 20:00:00+00:00,-4.123e-05,1770393600000.0
2026-02-07 00:00:00+00:00,-7.955e-05,1770422400000.0
2026-02-07 04:00:00+00:00,-7.955e-05,1770422400000.0
2026-02-07 08:00:00+00:00,-1.643e-05,1770451200000.0
2026-02-07 12:00:00+00:00,-1.643e-05,1770451200000.0
2026-02-07 16:00:00+00:00,7.323e-05,1770480000000.0
2026-02-07 20:00:00+00:00,7.323e-05,1770480000000.0
2026-02-08 00:00:00+00:00,0.0001,1770508800000.0
2026-02-08 04:00:00+00:00,0.0001,1770508800000.0
2026-02-08 08:00:00+00:00,-6.1e-05,1770537600000.0
2026-02-08 12:00:00+00:00,-6.1e-05,1770537600000.0
2026-02-08 16:00:00+00:00,-1.762e-05,1770566400000.0
2026-02-08 20:00:00+00:00,-1.762e-05,1770566400000.0
2026-02-09 00:00:00+00:00,-9.428e-05,1770595200000.0
2026-02-09 04:00:00+00:00,-9.428e-05,1770595200000.0
2026-02-09 08:00:00+00:00,-0.00012207,1770624000000.0
2026-02-09 12:00:00+00:00,-0.00012207,1770624000000.0
2026-02-09 16:00:00+00:00,-0.00010586,1770652800000.0
2026-02-09 20:00:00+00:00,-0.00010586,1770652800000.0
2026-02-10 00:00:00+00:00,0.0001,1770681600000.0
2026-02-10 04:00:00+00:00,0.0001,1770681600000.0
2026-02-10 08:00:00+00:00,3.666e-05,1770710400000.0
2026-02-10 12:00:00+00:00,3.666e-05,1770710400000.0
2026-02-10 16:00:00+00:00,-8.965e-05,1770739200000.0
2026-02-10 20:00:00+00:00,-8.965e-05,1770739200000.0
2026-02-11 00:00:00+00:00,-5.318e-05,1770768000000.0
2026-02-11 04:00:00+00:00,-5.318e-05,1770768000000.0
2026-02-11 08:00:00+00:00,-6.058e-05,1770796800000.0
2026-02-11 12:00:00+00:00,-6.058e-05,1770796800000.0
2026-02-11 16:00:00+00:00,-4.825e-05,1770825600000.0
2026-02-11 20:00:00+00:00,-4.825e-05,1770825600000.0
2026-02-12 00:00:00+00:00,0.0001,1770854400000.0
2026-02-12 04:00:00+00:00,0.0001,1770854400000.0
2026-02-12 08:00:00+00:00,0.0001,1770883200000.0
2026-02-12 12:00:00+00:00,0.0001,1770883200000.0
2026-02-12 16:00:00+00:00,0.0001,1770912000000.0
2026-02-12 20:00:00+00:00,0.0001,1770912000000.0
2026-02-13 00:00:00+00:00,3.01e-06,1770940800000.0
2026-02-13 04:00:00+00:00,3.01e-06,1770940800000.0
2026-02-13 08:00:00+00:00,-1.738e-05,1770969600000.0
2026-02-13 12:00:00+00:00,-1.738e-05,1770969600000.0
2026-02-13 16:00:00+00:00,1.955e-05,1770998400000.0
2026-02-13 20:00:00+00:00,1.955e-05,1770998400000.0
2026-02-14 00:00:00+00:00,0.0001,1771027200000.0
2026-02-14 04:00:00+00:00,0.0001,1771027200000.0
2026-02-14 08:00:00+00:00,0.0001,1771056000000.0
2026-02-14 12:00:00+00:00,0.0001,1771056000000.0
2026-02-14 16:00:00+00:00,0.0001,1771084800000.0
2026-02-14 20:00:00+00:00,0.0001,1771084800000.0
2026-02-15 00:00:00+00:00,0.0001,1771113600000.0
2026-02-15 04:00:00+00:00,0.0001,1771113600000.0
2026-02-15 08:00:00+00:00,-3.6e-07,1771142400000.0
2026-02-15 12:00:00+00:00,-3.6e-07,1771142400000.0
2026-02-15 16:00:00+00:00,-8.068e-05,1771171200000.0
2026-02-15 20:00:00+00:00,-8.068e-05,1771171200000.0
2026-02-16 00:00:00+00:00,-4.39e-06,1771200000000.0
2026-02-16 04:00:00+00:00,-4.39e-06,1771200000000.0
2026-02-16 08:00:00+00:00,6.94e-05,1771228800000.0
2026-02-16 12:00:00+00:00,6.94e-05,1771228800000.0
2026-02-16 16:00:00+00:00,-0.00015353,1771257600000.0
2026-02-16 20:00:00+00:00,-0.00015353,1771257600000.0
2026-02-17 00:00:00+00:00,2.935e-05,1771286400000.0
2026-02-17 04:00:00+00:00,2.935e-05,1771286400000.0
2026-02-17 08:00:00+00:00,-2.833e-05,1771315200000.0
2026-02-17 12:00:00+00:00,-2.833e-05,1771315200000.0
2026-02-17 16:00:00+00:00,-5.407e-05,1771344000000.0
2026-02-17 20:00:00+00:00,-5.407e-05,1771344000000.0
2026-02-18 00:00:00+00:00,-6.57e-06,1771372800000.0
2026-02-18 04:00:00+00:00,-6.57e-06,1771372800000.0
2026-02-18 08:00:00+00:00,-7.25e-05,1771401600000.0
2026-02-18 12:00:00+00:00,-7.25e-05,1771401600000.0
2026-02-18 16:00:00+00:00,-0.00011111,1771430400000.0
2026-02-18 20:00:00+00:00,-0.00011111,1771430400000.0
2026-02-19 00:00:00+00:00,2.41e-05,1771459200000.0
2026-02-19 04:00:00+00:00,2.41e-05,1771459200000.0
2026-02-19 08:00:00+00:00,7.184e-05,1771488000000.0
2026-02-19 12:00:00+00:00,7.184e-05,1771488000000.0
2026-02-19 16:00:00+00:00,-9.352e-05,1771516800000.0
2026-02-19 20:00:00+00:00,-9.352e-05,1771516800000.0
2026-02-20 00:00:00+00:00,0.0001,1771545600000.0
2026-02-20 04:00:00+00:00,0.0001,1771545600000.0
2026-02-20 08:00:00+00:00,-3.172e-05,1771574400000.0
2026-02-20 12:00:00+00:00,-3.172e-05,1771574400000.0
2026-02-20 16:00:00+00:00,0.0001,1771603200000.0
2026-02-20 20:00:00+00:00,0.0001,1771603200000.0
2026-02-21 00:00:00+00:00,-5e-05,1771632000000.0
2026-02-21 04:00:00+00:00,-5e-05,1771632000000.0
2026-02-21 08:00:00+00:00,0.0001,1771660800000.0
2026-02-21 12:00:00+00:00,0.0001,1771660800000.0
2026-02-21 16:00:00+00:00,-4.481e-05,1771689600000.0
2026-02-21 20:00:00+00:00,-4.481e-05,1771689600000.0
2026-02-22 00:00:00+00:00,-0.00012867,1771718400000.0
2026-02-22 04:00:00+00:00,-0.00012867,1771718400000.0
2026-02-22 08:00:00+00:00,-0.00014141,1771747200000.0
2026-02-22 12:00:00+00:00,-0.00014141,1771747200000.0
2026-02-22 16:00:00+00:00,-8.032e-05,1771776000000.0
2026-02-22 20:00:00+00:00,-8.032e-05,1771776000000.0
2026-02-23 00:00:00+00:00,-0.0001245,1771804800000.0
2026-02-23 04:00:00+00:00,-0.0001245,1771804800000.0
2026-02-23 08:00:00+00:00,-3.605e-05,1771833600000.0
2026-02-23 12:00:00+00:00,-3.605e-05,1771833600000.0
2026-02-23 16:00:00+00:00,7.94e-05,1771862400000.0
2026-02-23 20:00:00+00:00,7.94e-05,1771862400000.0
2026-02-24 00:00:00+00:00,7.884e-05,1771891200000.0
2026-02-24 04:00:00+00:00,7.884e-05,1771891200000.0
2026-02-24 08:00:00+00:00,-1.511e-05,1771920000000.0
2026-02-24 12:00:00+00:00,-1.511e-05,1771920000000.0
2026-02-24 16:00:00+00:00,5.148e-05,1771948800000.0
2026-02-24 20:00:00+00:00,5.148e-05,1771948800000.0
2026-02-25 00:00:00+00:00,0.0001,1771977600000.0
2026-02-25 04:00:00+00:00,0.0001,1771977600000.0
2026-02-25 08:00:00+00:00,-2.572e-05,1772006400000.0
2026-02-25 12:00:00+00:00,-2.572e-05,1772006400000.0
2026-02-25 16:00:00+00:00,0.0001,1772035200000.0
2026-02-25 20:00:00+00:00,0.0001,1772035200000.0
2026-02-26 00:00:00+00:00,0.0001,1772064000000.0
2026-02-26 04:00:00+00:00,0.0001,1772064000000.0
2026-02-26 08:00:00+00:00,-3.512e-05,1772092800000.0
2026-02-26 12:00:00+00:00,-3.512e-05,1772092800000.0
2026-02-26 16:00:00+00:00,1.414e-05,1772121600000.0
2026-02-26 20:00:00+00:00,1.414e-05,1772121600000.0
2026-02-27 00:00:00+00:00,2.677e-05,1772150400000.0
2026-02-27 04:00:00+00:00,2.677e-05,1772150400000.0
2026-02-27 08:00:00+00:00,0.0001,1772179200000.0
2026-02-27 12:00:00+00:00,0.0001,1772179200000.0
2026-02-27 16:00:00+00:00,-0.00013099,1772208000000.0
2026-02-27 20:00:00+00:00,-0.00013099,1772208000000.0
2026-02-28 00:00:00+00:00,1.489e-05,1772236800000.0
2026-02-28 04:00:00+00:00,1.489e-05,1772236800000.0
2026-02-28 08:00:00+00:00,-6.27e-05,1772265600000.0
2026-02-28 12:00:00+00:00,-6.27e-05,1772265600000.0
2026-02-28 16:00:00+00:00,5.18e-06,1772294400000.0
2026-02-28 20:00:00+00:00,5.18e-06,1772294400000.0
2026-03-01 00:00:00+00:00,3.835e-05,1772323200000.0
2026-03-01 04:00:00+00:00,3.835e-05,1772323200000.0
2026-03-01 08:00:00+00:00,0.0001,1772352000000.0
2026-03-01 12:00:00+00:00,0.0001,1772352000000.0
2026-03-01 16:00:00+00:00,3.358e-05,1772380800000.0
2026-03-01 20:00:00+00:00,3.358e-05,1772380800000.0
2026-03-02 00:00:00+00:00,0.0001,1772409600000.0
2026-03-02 04:00:00+00:00,0.0001,1772409600000.0
2026-03-02 08:00:00+00:00,0.0001,1772438400000.0
2026-03-02 12:00:00+00:00,0.0001,1772438400000.0
2026-03-02 16:00:00+00:00,5.127e-05,1772467200000.0
2026-03-02 20:00:00+00:00,5.127e-05,1772467200000.0
2026-03-03 00:00:00+00:00,-6.712e-05,1772496000000.0
2026-03-03 04:00:00+00:00,-6.712e-05,1772496000000.0
2026-03-03 08:00:00+00:00,-8.733e-05,1772524800000.0
2026-03-03 12:00:00+00:00,-8.733e-05,1772524800000.0
2026-03-03 16:00:00+00:00,-1.417e-05,1772553600000.0
2026-03-03 20:00:00+00:00,-1.417e-05,1772553600000.0
2026-03-04 00:00:00+00:00,-6.639e-05,1772582400000.0
2026-03-04 04:00:00+00:00,-6.639e-05,1772582400000.0
2026-03-04 08:00:00+00:00,-0.00012192,1772611200000.0
2026-03-04 12:00:00+00:00,-0.00012192,1772611200000.0
2026-03-04 16:00:00+00:00,0.0001,1772640000000.0
2026-03-04 20:00:00+00:00,0.0001,1772640000000.0
2026-03-05 00:00:00+00:00,0.0001,1772668800000.0
2026-03-05 04:00:00+00:00,0.0001,1772668800000.0
2026-03-05 08:00:00+00:00,0.0001,1772697600000.0
2026-03-05 12:00:00+00:00,0.0001,1772697600000.0
2026-03-05 16:00:00+00:00,9.016e-05,1772726400000.0
2026-03-05 20:00:00+00:00,9.016e-05,1772726400000.0
2026-03-06 00:00:00+00:00,0.0001,1772755200000.0
2026-03-06 04:00:00+00:00,0.0001,1772755200000.0
2026-03-06 08:00:00+00:00,3.675e-05,1772784000000.0
2026-03-06 12:00:00+00:00,3.675e-05,1772784000000.0
2026-03-06 16:00:00+00:00,-0.00023433,1772812800000.0
2026-03-06 20:00:00+00:00,-0.00023433,1772812800000.0
2026-03-07 00:00:00+00:00,-8.418e-05,1772841600000.0
2026-03-07 04:00:00+00:00,-8.418e-05,1772841600000.0
2026-03-07 08:00:00+00:00,-4.729e-05,1772870400000.0
2026-03-07 12:00:00+00:00,-4.729e-05,1772870400000.0
2026-03-07 16:00:00+00:00,-0.00020944,1772899200000.0
2026-03-07 20:00:00+00:00,-0.00020944,1772899200000.0
2026-03-08 00:00:00+00:00,-0.00010043,1772928000000.0
2026-03-08 04:00:00+00:00,-0.00010043,1772928000000.0
2026-03-08 08:00:00+00:00,-3.78e-05,1772956800000.0
2026-03-08 12:00:00+00:00,-3.78e-05,1772956800000.0
2026-03-08 16:00:00+00:00,-8.903e-05,1772985600000.0
2026-03-08 20:00:00+00:00,-8.903e-05,1772985600000.0
2026-03-09 00:00:00+00:00,-3.785e-05,1773014400000.0
2026-03-09 04:00:00+00:00,-3.785e-05,1773014400000.0
2026-03-09 08:00:00+00:00,5.659e-05,1773043200000.0
2026-03-09 12:00:00+00:00,5.659e-05,1773043200000.0
2026-03-09 16:00:00+00:00,9.111e-05,1773072000000.0
2026-03-09 20:00:00+00:00,9.111e-05,1773072000000.0
2026-03-10 00:00:00+00:00,-1.536e-05,1773100800000.0
2026-03-10 04:00:00+00:00,-1.536e-05,1773100800000.0
2026-03-10 08:00:00+00:00,0.0001,1773129600000.0
2026-03-10 12:00:00+00:00,0.0001,1773129600000.0
2026-03-10 16:00:00+00:00,0.0001,1773158400000.0
2026-03-10 20:00:00+00:00,0.0001,1773158400000.0
2026-03-11 00:00:00+00:00,3.591e-05,1773187200000.0
2026-03-11 04:00:00+00:00,3.591e-05,1773187200000.0
2026-03-11 08:00:00+00:00,-6.778e-05,1773216000000.0
2026-03-11 12:00:00+00:00,-6.778e-05,1773216000000.0
2026-03-11 16:00:00+00:00,8.64e-05,1773244800000.0
2026-03-11 20:00:00+00:00,8.64e-05,1773244800000.0
2026-03-12 00:00:00+00:00,0.0001,1773273600000.0
2026-03-12 04:00:00+00:00,0.0001,1773273600000.0
2026-03-12 08:00:00+00:00,-9.454e-05,1773302400000.0
2026-03-12 12:00:00+00:00,-9.454e-05,1773302400000.0
2026-03-12 16:00:00+00:00,8.081e-05,1773331200000.0
2026-03-12 20:00:00+00:00,8.081e-05,1773331200000.0
2026-03-13 00:00:00+00:00,2.375e-05,1773360000000.0
2026-03-13 04:00:00+00:00,2.375e-05,1773360000000.0
2026-03-13 08:00:00+00:00,0.0001,1773388800000.0
2026-03-13 12:00:00+00:00,0.0001,1773388800000.0
2026-03-13 16:00:00+00:00,0.0001,1773417600000.0
2026-03-13 20:00:00+00:00,0.0001,1773417600000.0
2026-03-14 00:00:00+00:00,4.802e-05,1773446400000.0
2026-03-14 04:00:00+00:00,4.802e-05,1773446400000.0
2026-03-14 08:00:00+00:00,-5.289e-05,1773475200000.0
2026-03-14 12:00:00+00:00,-5.289e-05,1773475200000.0
2026-03-14 16:00:00+00:00,-0.00016814,1773504000000.0
2026-03-14 20:00:00+00:00,-0.00016814,1773504000000.0
2026-03-15 00:00:00+00:00,-2.462e-05,1773532800000.0
2026-03-15 04:00:00+00:00,-2.462e-05,1773532800000.0
2026-03-15 08:00:00+00:00,8.528e-05,1773561600000.0
2026-03-15 12:00:00+00:00,8.528e-05,1773561600000.0
2026-03-15 16:00:00+00:00,9.695e-05,1773590400000.0
2026-03-15 20:00:00+00:00,9.695e-05,1773590400000.0
2026-03-16 00:00:00+00:00,1.609e-05,1773619200000.0
2026-03-16 04:00:00+00:00,1.609e-05,1773619200000.0
2026-03-16 08:00:00+00:00,0.0001,1773648000000.0
2026-03-16 12:00:00+00:00,0.0001,1773648000000.0
2026-03-16 16:00:00+00:00,0.0001,1773676800000.0
2026-03-16 20:00:00+00:00,0.0001,1773676800000.0
2026-03-17 00:00:00+00:00,8.135e-05,1773705600000.0
2026-03-17 04:00:00+00:00,8.135e-05,1773705600000.0
2026-03-17 08:00:00+00:00,-5.704e-05,1773734400000.0
2026-03-17 12:00:00+00:00,-5.704e-05,1773734400000.0
2026-03-17 16:00:00+00:00,6.163e-05,1773763200000.0
2026-03-17 20:00:00+00:00,6.163e-05,1773763200000.0
2026-03-18 00:00:00+00:00,-6.282e-05,1773792000000.0
2026-03-18 04:00:00+00:00,-6.282e-05,1773792000000.0
2026-03-18 08:00:00+00:00,-4.12e-06,1773820800000.0
2026-03-18 12:00:00+00:00,-4.12e-06,1773820800000.0
2026-03-18 16:00:00+00:00,-8.913e-05,1773849600000.0
2026-03-18 20:00:00+00:00,-8.913e-05,1773849600000.0
2026-03-19 00:00:00+00:00,-1.184e-05,1773878400000.0
2026-03-19 04:00:00+00:00,-1.184e-05,1773878400000.0
2026-03-19 08:00:00+00:00,-0.00011697,1773907200000.0
2026-03-19 12:00:00+00:00,-0.00011697,1773907200000.0
2026-03-19 16:00:00+00:00,-0.0001104,1773936000000.0
2026-03-19 20:00:00+00:00,-0.0001104,1773936000000.0
2026-03-20 00:00:00+00:00,3.405e-05,1773964800000.0
2026-03-20 04:00:00+00:00,3.405e-05,1773964800000.0
2026-03-20 08:00:00+00:00,9.72e-06,1773993600000.0
2026-03-20 12:00:00+00:00,9.72e-06,1773993600000.0
2026-03-20 16:00:00+00:00,9.31e-06,1774022400000.0
2026-03-20 20:00:00+00:00,9.31e-06,1774022400000.0
2026-03-21 00:00:00+00:00,3.855e-05,1774051200000.0
2026-03-21 04:00:00+00:00,3.855e-05,1774051200000.0
2026-03-21 08:00:00+00:00,0.0001,1774080000000.0
2026-03-21 12:00:00+00:00,0.0001,1774080000000.0
2026-03-21 16:00:00+00:00,-1.287e-05,1774108800000.0
2026-03-21 20:00:00+00:00,-1.287e-05,1774108800000.0
2026-03-22 00:00:00+00:00,-2.625e-05,1774137600000.0
2026-03-22 04:00:00+00:00,-2.625e-05,1774137600000.0
2026-03-22 08:00:00+00:00,-0.0001325,1774166400000.0
2026-03-22 12:00:00+00:00,-0.0001325,1774166400000.0
2026-03-22 16:00:00+00:00,-0.00023653,1774195200000.0
2026-03-22 20:00:00+00:00,-0.00023653,1774195200000.0
2026-03-23 00:00:00+00:00,4.959e-05,1774224000000.0
2026-03-23 04:00:00+00:00,4.959e-05,1774224000000.0
2026-03-23 08:00:00+00:00,-4.997e-05,1774252800000.0
2026-03-23 12:00:00+00:00,-4.997e-05,1774252800000.0
2026-03-23 16:00:00+00:00,7.602e-05,1774281600000.0
2026-03-23 20:00:00+00:00,7.602e-05,1774281600000.0
2026-03-24 00:00:00+00:00,7.393e-05,1774310400000.0
2026-03-24 04:00:00+00:00,7.393e-05,1774310400000.0
2026-03-24 08:00:00+00:00,6.144e-05,1774339200000.0
2026-03-24 12:00:00+00:00,6.144e-05,1774339200000.0
2026-03-24 16:00:00+00:00,4.13e-05,1774368000000.0
2026-03-24 20:00:00+00:00,4.13e-05,1774368000000.0
2026-03-25 00:00:00+00:00,0.0001,1774396800000.0
2026-03-25 04:00:00+00:00,0.0001,1774396800000.0
2026-03-25 08:00:00+00:00,1.1e-05,1774425600000.0
2026-03-25 12:00:00+00:00,1.1e-05,1774425600000.0
2026-03-25 16:00:00+00:00,0.0001,1774454400000.0
2026-03-25 20:00:00+00:00,0.0001,1774454400000.0
2026-03-26 00:00:00+00:00,0.0001,1774483200000.0
2026-03-26 04:00:00+00:00,0.0001,1774483200000.0
2026-03-26 08:00:00+00:00,3.79e-05,1774512000000.0
2026-03-26 12:00:00+00:00,3.79e-05,1774512000000.0
2026-03-26 16:00:00+00:00,-6.952e-05,1774540800000.0
2026-03-26 20:00:00+00:00,-6.952e-05,1774540800000.0
2026-03-27 00:00:00+00:00,0.0001,1774569600000.0
2026-03-27 04:00:00+00:00,0.0001,1774569600000.0
2026-03-27 08:00:00+00:00,-2.13e-06,1774598400000.0
2026-03-27 12:00:00+00:00,-2.13e-06,1774598400000.0
2026-03-27 16:00:00+00:00,-9.008e-05,1774627200000.0
2026-03-27 20:00:00+00:00,-9.008e-05,1774627200000.0
2026-03-28 00:00:00+00:00,-0.00013054,1774656000000.0
2026-03-28 04:00:00+00:00,-0.00013054,1774656000000.0
2026-03-28 08:00:00+00:00,1.218e-05,1774684800000.0
2026-03-28 12:00:00+00:00,1.218e-05,1774684800000.0
2026-03-28 16:00:00+00:00,-4.216e-05,1774713600000.0
2026-03-28 20:00:00+00:00,-4.216e-05,1774713600000.0
2026-03-29 00:00:00+00:00,-1.086e-05,1774742400000.0
2026-03-29 04:00:00+00:00,-1.086e-05,1774742400000.0
2026-03-29 08:00:00+00:00,0.0001,1774771200000.0
2026-03-29 12:00:00+00:00,0.0001,1774771200000.0
2026-03-29 16:00:00+00:00,6.001e-05,1774800000000.0
2026-03-29 20:00:00+00:00,6.001e-05,1774800000000.0
2026-03-30 00:00:00+00:00,3.885e-05,1774828800000.0
2026-03-30 04:00:00+00:00,3.885e-05,1774828800000.0
2026-03-30 08:00:00+00:00,-7.432e-05,1774857600000.0
2026-03-30 12:00:00+00:00,-7.432e-05,1774857600000.0
2026-03-30 16:00:00+00:00,6.786e-05,1774886400000.0
2026-03-30 20:00:00+00:00,6.786e-05,1774886400000.0
2026-03-31 00:00:00+00:00,4.355e-05,1774915200000.0
2026-03-31 04:00:00+00:00,4.355e-05,1774915200000.0
2026-03-31 08:00:00+00:00,-4.331e-05,1774944000000.0
2026-03-31 12:00:00+00:00,-4.331e-05,1774944000000.0
2026-03-31 16:00:00+00:00,-2.768e-05,1774972800000.0
2026-03-31 20:00:00+00:00,-2.768e-05,1774972800000.0
2026-04-01 00:00:00+00:00,-0.00021591,1775001600000.0
2026-04-01 04:00:00+00:00,-0.00021591,1775001600000.0
2026-04-01 08:00:00+00:00,0.0001,1775030400000.0
2026-04-01 12:00:00+00:00,0.0001,1775030400000.0
2026-04-01 16:00:00+00:00,0.0001,1775059200000.0
2026-04-01 20:00:00+00:00,0.0001,1775059200000.0
2026-04-02 00:00:00+00:00,0.0001,1775088000000.0
2026-04-02 04:00:00+00:00,0.0001,1775088000000.0
2026-04-02 08:00:00+00:00,-0.00018974,1775116800000.0
2026-04-02 12:00:00+00:00,-0.00018974,1775116800000.0
2026-04-02 16:00:00+00:00,-8.573e-05,1775145600000.0
2026-04-02 20:00:00+00:00,-8.573e-05,1775145600000.0
2026-04-03 00:00:00+00:00,3.2e-07,1775174400000.0
2026-04-03 04:00:00+00:00,3.2e-07,1775174400000.0
2026-04-03 08:00:00+00:00,0.0001,1775203200000.0
2026-04-03 12:00:00+00:00,0.0001,1775203200000.0
2026-04-03 16:00:00+00:00,0.0001,1775232000000.0
2026-04-03 20:00:00+00:00,0.0001,1775232000000.0
2026-04-04 00:00:00+00:00,0.0001,1775260800000.0
2026-04-04 04:00:00+00:00,0.0001,1775260800000.0
2026-04-04 08:00:00+00:00,0.0001,1775289600000.0
2026-04-04 12:00:00+00:00,0.0001,1775289600000.0
2026-04-04 16:00:00+00:00,0.0001,1775318400000.0
2026-04-04 20:00:00+00:00,0.0001,1775318400000.0
2026-04-05 00:00:00+00:00,0.0001,1775347200000.0
2026-04-05 04:00:00+00:00,0.0001,1775347200000.0
2026-04-05 08:00:00+00:00,-6.17e-05,1775376000000.0
2026-04-05 12:00:00+00:00,-6.17e-05,1775376000000.0
2026-04-05 16:00:00+00:00,6.036e-05,1775404800000.0
2026-04-05 20:00:00+00:00,6.036e-05,1775404800000.0
2026-04-06 00:00:00+00:00,0.0001,1775433600000.0
2026-04-06 04:00:00+00:00,0.0001,1775433600000.0
2026-04-06 08:00:00+00:00,0.0001,1775462400000.0
2026-04-06 12:00:00+00:00,0.0001,1775462400000.0
2026-04-06 16:00:00+00:00,0.0001,1775491200000.0
2026-04-06 20:00:00+00:00,0.0001,1775491200000.0
2026-04-07 00:00:00+00:00,0.0001,1775520000000.0
2026-04-07 04:00:00+00:00,0.0001,1775520000000.0
2026-04-07 08:00:00+00:00,-4.869e-05,1775548800000.0
2026-04-07 12:00:00+00:00,-4.869e-05,1775548800000.0
2026-04-07 16:00:00+00:00,-0.00022736,1775577600000.0
2026-04-07 20:00:00+00:00,-0.00022736,1775577600000.0
2026-04-08 00:00:00+00:00,0.0001,1775606400000.0
2026-04-08 04:00:00+00:00,0.0001,1775606400000.0
2026-04-08 08:00:00+00:00,0.0001,1775635200000.0
2026-04-08 12:00:00+00:00,0.0001,1775635200000.0
2026-04-08 16:00:00+00:00,0.0001,1775664000000.0
2026-04-08 20:00:00+00:00,0.0001,1775664000000.0
2026-04-09 00:00:00+00:00,0.0001,1775692800000.0
2026-04-09 04:00:00+00:00,0.0001,1775692800000.0
2026-04-09 08:00:00+00:00,-1.376e-05,1775721600000.0
2026-04-09 12:00:00+00:00,-1.376e-05,1775721600000.0
2026-04-09 16:00:00+00:00,8.23e-05,1775750400000.0
2026-04-09 20:00:00+00:00,8.23e-05,1775750400000.0
2026-04-10 00:00:00+00:00,0.0001,1775779200000.0
2026-04-10 04:00:00+00:00,0.0001,1775779200000.0
2026-04-10 08:00:00+00:00,-3.037e-05,1775808000000.0
2026-04-10 12:00:00+00:00,-3.037e-05,1775808000000.0
2026-04-10 16:00:00+00:00,0.0001,1775836800000.0
2026-04-10 20:00:00+00:00,0.0001,1775836800000.0
2026-04-11 00:00:00+00:00,0.0001,1775865600000.0
2026-04-11 04:00:00+00:00,0.0001,1775865600000.0
2026-04-11 08:00:00+00:00,4.003e-05,1775894400000.0
2026-04-11 12:00:00+00:00,4.003e-05,1775894400000.0
2026-04-11 16:00:00+00:00,-4.26e-05,1775923200000.0
2026-04-11 20:00:00+00:00,-4.26e-05,1775923200000.0
2026-04-12 00:00:00+00:00,0.0001,1775952000000.0
2026-04-12 04:00:00+00:00,0.0001,1775952000000.0
2026-04-12 08:00:00+00:00,-0.00013903,1775980800000.0
2026-04-12 12:00:00+00:00,-0.00013903,1775980800000.0
2026-04-12 16:00:00+00:00,3.233e-05,1776009600000.0
2026-04-12 20:00:00+00:00,3.233e-05,1776009600000.0
2026-04-13 00:00:00+00:00,8.188e-05,1776038400000.0
2026-04-13 04:00:00+00:00,8.188e-05,1776038400000.0
2026-04-13 08:00:00+00:00,-1.649e-05,1776067200000.0
2026-04-13 12:00:00+00:00,-1.649e-05,1776067200000.0
2026-04-13 16:00:00+00:00,-5.479e-05,1776096000000.0
2026-04-13 20:00:00+00:00,-5.479e-05,1776096000000.0
2026-04-14 00:00:00+00:00,0.0001,1776124800000.0
2026-04-14 04:00:00+00:00,0.0001,1776124800000.0
2026-04-14 08:00:00+00:00,0.0001,1776153600000.0
2026-04-14 12:00:00+00:00,0.0001,1776153600000.0
2026-04-14 16:00:00+00:00,0.0001,1776182400000.0
2026-04-14 20:00:00+00:00,0.0001,1776182400000.0
2026-04-15 00:00:00+00:00,-5.738e-05,1776211200000.0
2026-04-15 04:00:00+00:00,-5.738e-05,1776211200000.0
2026-04-15 08:00:00+00:00,-0.0001499,1776240000000.0
2026-04-15 12:00:00+00:00,-0.0001499,1776240000000.0
2026-04-15 16:00:00+00:00,0.0001,1776268800000.0
2026-04-15 20:00:00+00:00,0.0001,1776268800000.0
2026-04-16 00:00:00+00:00,0.0001,1776297600000.0
2026-04-16 04:00:00+00:00,0.0001,1776297600000.0
2026-04-16 08:00:00+00:00,0.0001,1776326400000.0
2026-04-16 12:00:00+00:00,0.0001,1776326400000.0
2026-04-16 16:00:00+00:00,0.0001,1776355200000.0
2026-04-16 20:00:00+00:00,0.0001,1776355200000.0
2026-04-17 00:00:00+00:00,7.541e-05,1776384000000.0
2026-04-17 04:00:00+00:00,7.541e-05,1776384000000.0
2026-04-17 08:00:00+00:00,5.72e-05,1776412800000.0
2026-04-17 12:00:00+00:00,5.72e-05,1776412800000.0
2026-04-17 16:00:00+00:00,0.0001,1776441600000.0
2026-04-17 20:00:00+00:00,0.0001,1776441600000.0
2026-04-18 00:00:00+00:00,0.0001,1776470400000.0
2026-04-18 04:00:00+00:00,0.0001,1776470400000.0
2026-04-18 08:00:00+00:00,-0.00010454,1776499200000.0
2026-04-18 12:00:00+00:00,-0.00010454,1776499200000.0
2026-04-18 16:00:00+00:00,-7.603e-05,1776528000000.0
2026-04-18 20:00:00+00:00,-7.603e-05,1776528000000.0
2026-04-19 00:00:00+00:00,-0.00010514,1776556800000.0
2026-04-19 04:00:00+00:00,-0.00010514,1776556800000.0
2026-04-19 08:00:00+00:00,-0.00013963,1776585600000.0
2026-04-19 12:00:00+00:00,-0.00013963,1776585600000.0
2026-04-19 16:00:00+00:00,8.051e-05,1776614400000.0
2026-04-19 20:00:00+00:00,8.051e-05,1776614400000.0
2026-04-20 00:00:00+00:00,-0.00010654,1776643200000.0
2026-04-20 04:00:00+00:00,-0.00010654,1776643200000.0
2026-04-20 08:00:00+00:00,-7.7e-07,1776672000000.0
2026-04-20 12:00:00+00:00,-7.7e-07,1776672000000.0
2026-04-20 16:00:00+00:00,0.0001,1776700800000.0
2026-04-20 20:00:00+00:00,0.0001,1776700800000.0
2026-04-21 00:00:00+00:00,0.0001,1776729600000.0
2026-04-21 04:00:00+00:00,0.0001,1776729600000.0
2026-04-21 08:00:00+00:00,8.589e-05,1776758400000.0
2026-04-21 12:00:00+00:00,8.589e-05,1776758400000.0
2026-04-21 16:00:00+00:00,0.0001,1776787200000.0
2026-04-21 20:00:00+00:00,0.0001,1776787200000.0
2026-04-22 00:00:00+00:00,2.546e-05,1776816000000.0
2026-04-22 04:00:00+00:00,2.546e-05,1776816000000.0
2026-04-22 08:00:00+00:00,0.0001,1776844800000.0
2026-04-22 12:00:00+00:00,0.0001,1776844800000.0
2026-04-22 16:00:00+00:00,0.0001,1776873600000.0
2026-04-22 20:00:00+00:00,0.0001,1776873600000.0
2026-04-23 00:00:00+00:00,2.826e-05,1776902400000.0
2026-04-23 04:00:00+00:00,2.826e-05,1776902400000.0
2026-04-23 08:00:00+00:00,-8.136e-05,1776931200000.0
2026-04-23 12:00:00+00:00,-8.136e-05,1776931200000.0
2026-04-23 16:00:00+00:00,0.0001,1776960000000.0
2026-04-23 20:00:00+00:00,0.0001,1776960000000.0
2026-04-24 00:00:00+00:00,9.241e-05,1776988800000.0
2026-04-24 04:00:00+00:00,9.241e-05,1776988800000.0
2026-04-24 08:00:00+00:00,8.079e-05,1777017600000.0
2026-04-24 12:00:00+00:00,8.079e-05,1777017600000.0
2026-04-24 16:00:00+00:00,0.0001,1777046400000.0
2026-04-24 20:00:00+00:00,0.0001,1777046400000.0
2026-04-25 00:00:00+00:00,7.31e-06,1777075200000.0
2026-04-25 04:00:00+00:00,7.31e-06,1777075200000.0
2026-04-25 08:00:00+00:00,-3.711e-05,1777104000000.0
2026-04-25 12:00:00+00:00,-3.711e-05,1777104000000.0
2026-04-25 16:00:00+00:00,-7.484e-05,1777132800000.0
2026-04-25 20:00:00+00:00,-7.484e-05,1777132800000.0
2026-04-26 00:00:00+00:00,-4.196e-05,1777161600000.0
2026-04-26 04:00:00+00:00,-4.196e-05,1777161600000.0
2026-04-26 08:00:00+00:00,-2.279e-05,1777190400000.0
2026-04-26 12:00:00+00:00,-2.279e-05,1777190400000.0
2026-04-26 16:00:00+00:00,3.834e-05,1777219200000.0
2026-04-26 20:00:00+00:00,3.834e-05,1777219200000.0
2026-04-27 00:00:00+00:00,-7.892e-05,1777248000000.0
2026-04-27 04:00:00+00:00,-7.892e-05,1777248000000.0
2026-04-27 08:00:00+00:00,-4.465e-05,1777276800000.0
2026-04-27 12:00:00+00:00,-4.465e-05,1777276800000.0
2026-04-27 16:00:00+00:00,-6.393e-05,1777305600000.0
2026-04-27 20:00:00+00:00,-6.393e-05,1777305600000.0
2026-04-28 00:00:00+00:00,-2.73e-06,1777334400000.0
2026-04-28 04:00:00+00:00,-2.73e-06,1777334400000.0
2026-04-28 08:00:00+00:00,7.851e-05,1777363200000.0
2026-04-28 12:00:00+00:00,7.851e-05,1777363200000.0
2026-04-28 16:00:00+00:00,2.422e-05,1777392000000.0
2026-04-28 20:00:00+00:00,2.422e-05,1777392000000.0
2026-04-29 00:00:00+00:00,5.028e-05,1777420800000.0
2026-04-29 04:00:00+00:00,5.028e-05,1777420800000.0
2026-04-29 08:00:00+00:00,0.0001,1777449600000.0
2026-04-29 12:00:00+00:00,0.0001,1777449600000.0
2026-04-29 16:00:00+00:00,4.727e-05,1777478400000.0
2026-04-29 20:00:00+00:00,4.727e-05,1777478400000.0
2026-04-30 00:00:00+00:00,-0.0001079,1777507200000.0
2026-04-30 04:00:00+00:00,-0.0001079,1777507200000.0
2026-04-30 08:00:00+00:00,0.0001,1777536000000.0
2026-04-30 12:00:00+00:00,0.0001,1777536000000.0
2026-04-30 16:00:00+00:00,0.0001,1777564800000.0
2026-04-30 20:00:00+00:00,0.0001,1777564800000.0
2026-05-01 00:00:00+00:00,0.0001,1777593600000.0
2026-05-01 04:00:00+00:00,0.0001,1777593600000.0
2026-05-01 08:00:00+00:00,0.0001,1777622400000.0
2026-05-01 12:00:00+00:00,0.0001,1777622400000.0
2026-05-01 16:00:00+00:00,0.0001,1777651200000.0
2026-05-01 20:00:00+00:00,0.0001,1777651200000.0
2026-05-02 00:00:00+00:00,7.776e-05,1777680000000.0
2026-05-02 04:00:00+00:00,7.776e-05,1777680000000.0
2026-05-02 08:00:00+00:00,3.794e-05,1777708800000.0
2026-05-02 12:00:00+00:00,3.794e-05,1777708800000.0
2026-05-02 16:00:00+00:00,0.0001,1777737600000.0
2026-05-02 20:00:00+00:00,0.0001,1777737600000.0
2026-05-03 00:00:00+00:00,5.51e-05,1777766400000.0
2026-05-03 04:00:00+00:00,5.51e-05,1777766400000.0
2026-05-03 08:00:00+00:00,-9.289e-05,1777795200000.0
2026-05-03 12:00:00+00:00,-9.289e-05,1777795200000.0
2026-05-03 16:00:00+00:00,0.0001,1777824000000.0
2026-05-03 20:00:00+00:00,0.0001,1777824000000.0
2026-05-04 00:00:00+00:00,4.796e-05,1777852800000.0
2026-05-04 04:00:00+00:00,4.796e-05,1777852800000.0
2026-05-04 08:00:00+00:00,0.0001,1777881600000.0
2026-05-04 12:00:00+00:00,0.0001,1777881600000.0
2026-05-04 16:00:00+00:00,0.0001,1777910400000.0
2026-05-04 20:00:00+00:00,0.0001,1777910400000.0
2026-05-05 00:00:00+00:00,7.542e-05,1777939200000.0
2026-05-05 04:00:00+00:00,7.542e-05,1777939200000.0
2026-05-05 08:00:00+00:00,4.244e-05,1777968000000.0
2026-05-05 12:00:00+00:00,4.244e-05,1777968000000.0
2026-05-05 16:00:00+00:00,4.646e-05,1777996800000.0
2026-05-05 20:00:00+00:00,4.646e-05,1777996800000.0
2026-05-06 00:00:00+00:00,-2.67e-06,1778025600000.0
2026-05-06 04:00:00+00:00,-2.67e-06,1778025600000.0
2026-05-06 08:00:00+00:00,4.902e-05,1778054400000.0
2026-05-06 12:00:00+00:00,4.902e-05,1778054400000.0
2026-05-06 16:00:00+00:00,-0.00011145,1778083200000.0
2026-05-06 20:00:00+00:00,-0.00011145,1778083200000.0
2026-05-07 00:00:00+00:00,-0.00016893,1778112000000.0
2026-05-07 04:00:00+00:00,-0.00016893,1778112000000.0
2026-05-07 08:00:00+00:00,9.24e-05,1778140800000.0
2026-05-07 12:00:00+00:00,9.24e-05,1778140800000.0
2026-05-07 16:00:00+00:00,-3.331e-05,1778169600000.0
2026-05-07 20:00:00+00:00,-3.331e-05,1778169600000.0
2026-05-08 00:00:00+00:00,0.0001,1778198400000.0
2026-05-08 04:00:00+00:00,0.0001,1778198400000.0
2026-05-08 08:00:00+00:00,9.794e-05,1778227200000.0
2026-05-08 12:00:00+00:00,9.794e-05,1778227200000.0
2026-05-08 16:00:00+00:00,0.0001,1778256000000.0
2026-05-08 20:00:00+00:00,0.0001,1778256000000.0
2026-05-09 00:00:00+00:00,0.0001,1778284800000.0
2026-05-09 04:00:00+00:00,0.0001,1778284800000.0
2026-05-09 08:00:00+00:00,1.745e-05,1778313600000.0
2026-05-09 12:00:00+00:00,1.745e-05,1778313600000.0
2026-05-09 16:00:00+00:00,5.968e-05,1778342400000.0
2026-05-09 20:00:00+00:00,5.968e-05,1778342400000.0
2026-05-10 00:00:00+00:00,7.058e-05,1778371200000.0
2026-05-10 04:00:00+00:00,7.058e-05,1778371200000.0
2026-05-10 08:00:00+00:00,-2.777e-05,1778400000000.0
2026-05-10 12:00:00+00:00,-2.777e-05,1778400000000.0
2026-05-10 16:00:00+00:00,5.46e-06,1778428800000.0
2026-05-10 20:00:00+00:00,5.46e-06,1778428800000.0
2026-05-11 00:00:00+00:00,7.847e-05,1778457600000.0
2026-05-11 04:00:00+00:00,7.847e-05,1778457600000.0
2026-05-11 08:00:00+00:00,-2.191e-05,1778486400000.0
2026-05-11 12:00:00+00:00,-2.191e-05,1778486400000.0
2026-05-11 16:00:00+00:00,1.29e-05,1778515200000.0
2026-05-11 20:00:00+00:00,1.29e-05,1778515200000.0
2026-05-12 00:00:00+00:00,2.396e-05,1778544000000.0
2026-05-12 04:00:00+00:00,2.396e-05,1778544000000.0
2026-05-12 08:00:00+00:00,7.43e-05,1778572800000.0
2026-05-12 12:00:00+00:00,7.43e-05,1778572800000.0
2026-05-12 16:00:00+00:00,-4.447e-05,1778601600000.0
2026-05-12 20:00:00+00:00,-4.447e-05,1778601600000.0
2026-05-13 00:00:00+00:00,5.152e-05,1778630400000.0
2026-05-13 04:00:00+00:00,5.152e-05,1778630400000.0
2026-05-13 08:00:00+00:00,1.16e-06,1778659200000.0
2026-05-13 12:00:00+00:00,1.16e-06,1778659200000.0
2026-05-13 16:00:00+00:00,-5.572e-05,1778688000000.0
2026-05-13 20:00:00+00:00,-5.572e-05,1778688000000.0
2026-05-14 00:00:00+00:00,0.0001,1778716800000.0
2026-05-14 04:00:00+00:00,0.0001,1778716800000.0
2026-05-14 08:00:00+00:00,3.52e-05,1778745600000.0
2026-05-14 12:00:00+00:00,3.52e-05,1778745600000.0
2026-05-14 16:00:00+00:00,7.793e-05,1778774400000.0
2026-05-14 20:00:00+00:00,7.793e-05,1778774400000.0
2026-05-15 00:00:00+00:00,0.0001,1778803200000.0
2026-05-15 04:00:00+00:00,0.0001,1778803200000.0
2026-05-15 08:00:00+00:00,8.91e-06,1778832000000.0
2026-05-15 12:00:00+00:00,8.91e-06,1778832000000.0
2026-05-15 16:00:00+00:00,-0.00010752,1778860800000.0
2026-05-15 20:00:00+00:00,-0.00010752,1778860800000.0
2026-05-16 00:00:00+00:00,0.0001,1778889600000.0
2026-05-16 04:00:00+00:00,0.0001,1778889600000.0
2026-05-16 08:00:00+00:00,-0.00011713,1778918400000.0
2026-05-16 12:00:00+00:00,-0.00011713,1778918400000.0
2026-05-16 16:00:00+00:00,2.316e-05,1778947200000.0
2026-05-16 20:00:00+00:00,2.316e-05,1778947200000.0
2026-05-17 00:00:00+00:00,0.0001,1778976000000.0
2026-05-17 04:00:00+00:00,0.0001,1778976000000.0
2026-05-17 08:00:00+00:00,5.28e-06,1779004800000.0
2026-05-17 12:00:00+00:00,5.28e-06,1779004800000.0
2026-05-17 16:00:00+00:00,-5.064e-05,1779033600000.0
2026-05-17 20:00:00+00:00,-5.064e-05,1779033600000.0
2026-05-18 00:00:00+00:00,1.279e-05,1779062400000.0
2026-05-18 04:00:00+00:00,1.279e-05,1779062400000.0
2026-05-18 08:00:00+00:00,2.505e-05,1779091200000.0
2026-05-18 12:00:00+00:00,2.505e-05,1779091200000.0
2026-05-18 16:00:00+00:00,4.03e-05,1779120000000.0
2026-05-18 20:00:00+00:00,4.03e-05,1779120000000.0
2026-05-19 00:00:00+00:00,0.0001,1779148800000.0
2026-05-19 04:00:00+00:00,0.0001,1779148800000.0
2026-05-19 08:00:00+00:00,3.329e-05,1779177600000.0
2026-05-19 12:00:00+00:00,3.329e-05,1779177600000.0
2026-05-19 16:00:00+00:00,7.873e-05,1779206400000.0
2026-05-19 20:00:00+00:00,7.873e-05,1779206400000.0
2026-05-20 00:00:00+00:00,0.0001,1779235200000.0
2026-05-20 04:00:00+00:00,0.0001,1779235200000.0
2026-05-20 08:00:00+00:00,0.0001,1779264000000.0
2026-05-20 12:00:00+00:00,0.0001,1779264000000.0
2026-05-20 16:00:00+00:00,0.0001,1779292800000.0
2026-05-20 20:00:00+00:00,0.0001,1779292800000.0
2026-05-21 00:00:00+00:00,1.453e-05,1779321600000.0
2026-05-21 04:00:00+00:00,1.453e-05,1779321600000.0
2026-05-21 08:00:00+00:00,1.742e-05,1779350400000.0
2026-05-21 12:00:00+00:00,1.742e-05,1779350400000.0
2026-05-21 16:00:00+00:00,-7.093e-05,1779379200000.0
2026-05-21 20:00:00+00:00,-7.093e-05,1779379200000.0
2026-05-22 00:00:00+00:00,0.0001,1779408000000.0
2026-05-22 04:00:00+00:00,0.0001,1779408000000.0
2026-05-22 08:00:00+00:00,5.874e-05,1779436800000.0
2026-05-22 12:00:00+00:00,5.874e-05,1779436800000.0
2026-05-22 16:00:00+00:00,4.273e-05,1779465600000.0
2026-05-22 20:00:00+00:00,4.273e-05,1779465600000.0
2026-05-23 00:00:00+00:00,7.788e-05,1779494400000.0
2026-05-23 04:00:00+00:00,7.788e-05,1779494400000.0
2026-05-23 08:00:00+00:00,-0.00011034,1779523200000.0
2026-05-23 12:00:00+00:00,-0.00011034,1779523200000.0
2026-05-23 16:00:00+00:00,-0.00028432,1779552000000.0
2026-05-23 20:00:00+00:00,-0.00028432,1779552000000.0
2026-05-24 00:00:00+00:00,9.392e-05,1779580800000.0
2026-05-24 04:00:00+00:00,9.392e-05,1779580800000.0
2026-05-24 08:00:00+00:00,0.0001,1779609600000.0
2026-05-24 12:00:00+00:00,0.0001,1779609600000.0
2026-05-24 16:00:00+00:00,-7.143e-05,1779638400000.0
2026-05-24 20:00:00+00:00,-7.143e-05,1779638400000.0
2026-05-25 00:00:00+00:00,-0.0001247,1779667200000.0
2026-05-25 04:00:00+00:00,-0.0001247,1779667200000.0
2026-05-25 08:00:00+00:00,7.146e-05,1779696000000.0
2026-05-25 12:00:00+00:00,7.146e-05,1779696000000.0
2026-05-25 16:00:00+00:00,0.0001,1779724800000.0
2026-05-25 20:00:00+00:00,0.0001,1779724800000.0
2026-05-26 00:00:00+00:00,0.0001,1779753600000.0
2026-05-26 04:00:00+00:00,0.0001,1779753600000.0
2026-05-26 08:00:00+00:00,4.404e-05,1779782400000.0
2026-05-26 12:00:00+00:00,4.404e-05,1779782400000.0
2026-05-26 16:00:00+00:00,0.0001,1779811200000.0
2026-05-26 20:00:00+00:00,0.0001,1779811200000.0
2026-05-27 00:00:00+00:00,-0.00015,1779840000000.0
2026-05-27 04:00:00+00:00,-0.00015,1779840000000.0
2026-05-27 08:00:00+00:00,3.253e-05,1779868800000.0
2026-05-27 12:00:00+00:00,3.253e-05,1779868800000.0
2026-05-27 16:00:00+00:00,7.53e-05,1779897600000.0
2026-05-27 20:00:00+00:00,7.53e-05,1779897600000.0
2026-05-28 00:00:00+00:00,4.029e-05,1779926400000.0
2026-05-28 04:00:00+00:00,4.029e-05,1779926400000.0
2026-05-28 08:00:00+00:00,-0.00021182,1779955200000.0
2026-05-28 12:00:00+00:00,-0.00021182,1779955200000.0
2026-05-28 16:00:00+00:00,8.066e-05,1779984000000.0
2026-05-28 20:00:00+00:00,8.066e-05,1779984000000.0
2026-05-29 00:00:00+00:00,8.092e-05,1780012800000.0
2026-05-29 04:00:00+00:00,8.092e-05,1780012800000.0
2026-05-29 08:00:00+00:00,0.0001,1780041600000.0
2026-05-29 12:00:00+00:00,0.0001,1780041600000.0
2026-05-29 16:00:00+00:00,-3.486e-05,1780070400000.0
2026-05-29 20:00:00+00:00,-3.486e-05,1780070400000.0
2026-05-30 00:00:00+00:00,-0.00012047,1780099200000.0
2026-05-30 04:00:00+00:00,-0.00012047,1780099200000.0
2026-05-30 08:00:00+00:00,-9.075e-05,1780128000000.0
2026-05-30 12:00:00+00:00,-9.075e-05,1780128000000.0
2026-05-30 16:00:00+00:00,-0.00012563,1780156800000.0
2026-05-30 20:00:00+00:00,-0.00012563,1780156800000.0
2026-05-31 00:00:00+00:00,4.35e-06,1780185600000.0
2026-05-31 04:00:00+00:00,4.35e-06,1780185600000.0
2026-05-31 08:00:00+00:00,-4.913e-05,1780214400000.0
2026-05-31 12:00:00+00:00,-4.913e-05,1780214400000.0
2026-05-31 16:00:00+00:00,5.01e-05,1780243200000.0
2026-05-31 20:00:00+00:00,5.01e-05,1780243200000.0
2026-06-01 00:00:00+00:00,0.0001,1780272000000.0
2026-06-01 04:00:00+00:00,0.0001,1780272000000.0
2026-06-01 08:00:00+00:00,-3.071e-05,1780300800000.0
2026-06-01 12:00:00+00:00,-3.071e-05,1780300800000.0
2026-06-01 16:00:00+00:00,1.72e-05,1780329600000.0
2026-06-01 20:00:00+00:00,1.72e-05,1780329600000.0
2026-06-02 00:00:00+00:00,0.0001,1780358400000.0
2026-06-02 04:00:00+00:00,0.0001,1780358400000.0
2026-06-02 08:00:00+00:00,-9.388e-05,1780387200000.0
2026-06-02 12:00:00+00:00,-9.388e-05,1780387200000.0
2026-06-02 16:00:00+00:00,-0.00012235,1780416000000.0
2026-06-02 20:00:00+00:00,-0.00012235,1780416000000.0
2026-06-03 00:00:00+00:00,5.313e-05,1780444800000.0
2026-06-03 04:00:00+00:00,5.313e-05,1780444800000.0
2026-06-03 08:00:00+00:00,1.207e-05,1780473600000.0
2026-06-03 12:00:00+00:00,1.207e-05,1780473600000.0
2026-06-03 16:00:00+00:00,0.0001,1780502400000.0
2026-06-03 20:00:00+00:00,0.0001,1780502400000.0
2026-06-04 00:00:00+00:00,-8.832e-05,1780531200000.0
2026-06-04 04:00:00+00:00,-8.832e-05,1780531200000.0
2026-06-04 08:00:00+00:00,-3.515e-05,1780560000000.0
2026-06-04 12:00:00+00:00,-3.515e-05,1780560000000.0
2026-06-04 16:00:00+00:00,-9.3e-05,1780588800000.0
2026-06-04 20:00:00+00:00,-9.3e-05,1780588800000.0
2026-06-05 00:00:00+00:00,-0.00015438,1780617600000.0
2026-06-05 04:00:00+00:00,-0.00015438,1780617600000.0
2026-06-05 08:00:00+00:00,0.0001,1780646400000.0
2026-06-05 12:00:00+00:00,0.0001,1780646400000.0
2026-06-05 16:00:00+00:00,-0.00013197,1780675200000.0
2026-06-05 20:00:00+00:00,-0.00013197,1780675200000.0
2026-06-06 00:00:00+00:00,-0.00020405,1780704000000.0
2026-06-06 04:00:00+00:00,-0.00020405,1780704000000.0
2026-06-06 08:00:00+00:00,7.36e-06,1780732800000.0
2026-06-06 12:00:00+00:00,7.36e-06,1780732800000.0
2026-06-06 16:00:00+00:00,-6.864e-05,1780761600000.0
2026-06-06 20:00:00+00:00,-6.864e-05,1780761600000.0
2026-06-07 00:00:00+00:00,-8.096e-05,1780790400000.0
2026-06-07 04:00:00+00:00,-8.096e-05,1780790400000.0
2026-06-07 08:00:00+00:00,-7.993e-05,1780819200000.0
2026-06-07 12:00:00+00:00,-7.993e-05,1780819200000.0
2026-06-07 16:00:00+00:00,9.547e-05,1780848000000.0
2026-06-07 20:00:00+00:00,9.547e-05,1780848000000.0
2026-06-08 00:00:00+00:00,0.0001,1780876800000.0
2026-06-08 04:00:00+00:00,0.0001,1780876800000.0
2026-06-08 08:00:00+00:00,0.0001,1780905600000.0
2026-06-08 12:00:00+00:00,0.0001,1780905600000.0
2026-06-08 16:00:00+00:00,0.0001,1780934400000.0
2026-06-08 20:00:00+00:00,0.0001,1780934400000.0
2026-06-09 00:00:00+00:00,-0.00011055,1780963200000.0
2026-06-09 04:00:00+00:00,-0.00011055,1780963200000.0
2026-06-09 08:00:00+00:00,7.236e-05,1780992000000.0
2026-06-09 12:00:00+00:00,7.236e-05,1780992000000.0
2026-06-09 16:00:00+00:00,6.562e-05,1781020800000.0
2026-06-09 20:00:00+00:00,6.562e-05,1781020800000.0
2026-06-10 00:00:00+00:00,0.0001,1781049600000.0
2026-06-10 04:00:00+00:00,0.0001,1781049600000.0
2026-06-10 08:00:00+00:00,8.68e-06,1781078400000.0
2026-06-10 12:00:00+00:00,8.68e-06,1781078400000.0
2026-06-10 16:00:00+00:00,-8.102e-05,1781107200000.0
2026-06-10 20:00:00+00:00,-8.102e-05,1781107200000.0
2026-06-11 00:00:00+00:00,5.785e-05,1781136000000.0
2026-06-11 04:00:00+00:00,5.785e-05,1781136000000.0
2026-06-11 08:00:00+00:00,8.94e-06,1781164800000.0
2026-06-11 12:00:00+00:00,8.94e-06,1781164800000.0
2026-06-11 16:00:00+00:00,6.872e-05,1781193600000.0
2026-06-11 20:00:00+00:00,6.872e-05,1781193600000.0
2026-06-12 00:00:00+00:00,0.0001,1781222400000.0
2026-06-12 04:00:00+00:00,0.0001,1781222400000.0
2026-06-12 08:00:00+00:00,0.0001,1781251200000.0
2026-06-12 12:00:00+00:00,0.0001,1781251200000.0
2026-06-12 16:00:00+00:00,2.656e-05,1781280000000.0
2026-06-12 20:00:00+00:00,2.656e-05,1781280000000.0
2026-06-13 00:00:00+00:00,3.806e-05,1781308800000.0
2026-06-13 04:00:00+00:00,3.806e-05,1781308800000.0
2026-06-13 08:00:00+00:00,1.174e-05,1781337600000.0
2026-06-13 12:00:00+00:00,1.174e-05,1781337600000.0
2026-06-13 16:00:00+00:00,2.819e-05,1781366400000.0
2026-06-13 20:00:00+00:00,2.819e-05,1781366400000.0
2026-06-14 00:00:00+00:00,8.57e-05,1781395200000.0
2026-06-14 04:00:00+00:00,8.57e-05,1781395200000.0
2026-06-14 08:00:00+00:00,-3.715e-05,1781424000000.0
2026-06-14 12:00:00+00:00,-3.715e-05,1781424000000.0
2026-06-14 16:00:00+00:00,6.77e-06,1781452800000.0
2026-06-14 20:00:00+00:00,6.77e-06,1781452800000.0
2026-06-15 00:00:00+00:00,0.0001,1781481600000.0
2026-06-15 04:00:00+00:00,0.0001,1781481600000.0
2026-06-15 08:00:00+00:00,-2.726e-05,1781510400000.0
2026-06-15 12:00:00+00:00,-2.726e-05,1781510400000.0
2026-06-15 16:00:00+00:00,3.777e-05,1781539200000.0
2026-06-15 20:00:00+00:00,3.777e-05,1781539200000.0
2026-06-16 00:00:00+00:00,2.006e-05,1781568000000.0
2026-06-16 04:00:00+00:00,2.006e-05,1781568000000.0
2026-06-16 08:00:00+00:00,-2.449e-05,1781596800000.0
2026-06-16 12:00:00+00:00,-2.449e-05,1781596800000.0
2026-06-16 16:00:00+00:00,-3.258e-05,1781625600000.0
2026-06-16 20:00:00+00:00,-3.258e-05,1781625600000.0
2026-06-17 00:00:00+00:00,0.0001,1781654400000.0
2026-06-17 04:00:00+00:00,0.0001,1781654400000.0
2026-06-17 08:00:00+00:00,-6.14e-05,1781683200000.0
2026-06-17 12:00:00+00:00,-6.14e-05,1781683200000.0
2026-06-17 16:00:00+00:00,7.351e-05,1781712000000.0
2026-06-17 20:00:00+00:00,7.351e-05,1781712000000.0
2026-06-18 00:00:00+00:00,-2.972e-05,1781740800000.0
2026-06-18 04:00:00+00:00,-2.972e-05,1781740800000.0
2026-06-18 08:00:00+00:00,-0.0001759,1781769600000.0
2026-06-18 12:00:00+00:00,-0.0001759,1781769600000.0
2026-06-18 16:00:00+00:00,-2.623e-05,1781798400000.0
2026-06-18 20:00:00+00:00,-2.623e-05,1781798400000.0
2026-06-19 00:00:00+00:00,0.0001,1781827200000.0
2026-06-19 04:00:00+00:00,0.0001,1781827200000.0
2026-06-19 08:00:00+00:00,-8.56e-05,1781856000000.0
2026-06-19 12:00:00+00:00,-8.56e-05,1781856000000.0
2026-06-19 16:00:00+00:00,-3.963e-05,1781884800000.0
2026-06-19 20:00:00+00:00,-3.963e-05,1781884800000.0
2026-06-20 00:00:00+00:00,-4.835e-05,1781913600000.0
2026-06-20 04:00:00+00:00,-4.835e-05,1781913600000.0
2026-06-20 08:00:00+00:00,8.775e-05,1781942400000.0
2026-06-20 12:00:00+00:00,8.775e-05,1781942400000.0
2026-06-20 16:00:00+00:00,2.934e-05,1781971200000.0
2026-06-20 20:00:00+00:00,2.934e-05,1781971200000.0
2026-06-21 00:00:00+00:00,6.381e-05,1782000000000.0
2026-06-21 04:00:00+00:00,6.381e-05,1782000000000.0
2026-06-21 08:00:00+00:00,-9.729e-05,1782028800000.0
2026-06-21 12:00:00+00:00,-9.729e-05,1782028800000.0
2026-06-21 16:00:00+00:00,1.273e-05,1782057600000.0
2026-06-21 20:00:00+00:00,1.273e-05,1782057600000.0
2026-06-22 00:00:00+00:00,-2.202e-05,1782086400000.0
2026-06-22 04:00:00+00:00,-2.202e-05,1782086400000.0
2026-06-22 08:00:00+00:00,3.37e-05,1782115200000.0
2026-06-22 12:00:00+00:00,3.37e-05,1782115200000.0
2026-06-22 16:00:00+00:00,-6.154e-05,1782144000000.0
2026-06-22 20:00:00+00:00,-6.154e-05,1782144000000.0
2026-06-23 00:00:00+00:00,-0.00019358,1782172800000.0
2026-06-23 04:00:00+00:00,-0.00019358,1782172800000.0
2026-06-23 08:00:00+00:00,-0.00012824,1782201600000.0
2026-06-23 12:00:00+00:00,-0.00012824,1782201600000.0
2026-06-23 16:00:00+00:00,0.0001,1782230400000.0
2026-06-23 20:00:00+00:00,0.0001,1782230400000.0
2026-06-24 00:00:00+00:00,-9.5e-07,1782259200000.0
2026-06-24 04:00:00+00:00,-9.5e-07,1782259200000.0
2026-06-24 08:00:00+00:00,-1.32e-05,1782288000000.0
2026-06-24 12:00:00+00:00,-1.32e-05,1782288000000.0
2026-06-24 16:00:00+00:00,1.071e-05,1782316800000.0
2026-06-24 20:00:00+00:00,1.071e-05,1782316800000.0
2026-06-25 00:00:00+00:00,-0.0002195,1782345600000.0
2026-06-25 04:00:00+00:00,-0.0002195,1782345600000.0
2026-06-25 08:00:00+00:00,-0.00015085,1782374400000.0
2026-06-25 12:00:00+00:00,-0.00015085,1782374400000.0
2026-06-25 16:00:00+00:00,2.574e-05,1782403200000.0
2026-06-25 20:00:00+00:00,2.574e-05,1782403200000.0
2026-06-26 00:00:00+00:00,-2.25e-06,1782432000000.0
2026-06-26 04:00:00+00:00,-2.25e-06,1782432000000.0
2026-06-26 08:00:00+00:00,-1.354e-05,1782460800000.0
2026-06-26 12:00:00+00:00,-1.354e-05,1782460800000.0
2026-06-26 16:00:00+00:00,5.346e-05,1782489600000.0
2026-06-26 20:00:00+00:00,5.346e-05,1782489600000.0
2026-06-27 00:00:00+00:00,2.646e-05,1782518400000.0
2026-06-27 04:00:00+00:00,2.646e-05,1782518400000.0
2026-06-27 08:00:00+00:00,8.62e-05,1782547200000.0
2026-06-27 12:00:00+00:00,8.62e-05,1782547200000.0
2026-06-27 16:00:00+00:00,-2.432e-05,1782576000000.0
2026-06-27 20:00:00+00:00,-2.432e-05,1782576000000.0
2026-06-28 00:00:00+00:00,-0.00012151,1782604800000.0
2026-06-28 04:00:00+00:00,-0.00012151,1782604800000.0
2026-06-28 08:00:00+00:00,-0.00014025,1782633600000.0
2026-06-28 12:00:00+00:00,-0.00014025,1782633600000.0
2026-06-28 16:00:00+00:00,-3.363e-05,1782662400000.0
2026-06-28 20:00:00+00:00,-3.363e-05,1782662400000.0
2026-06-29 00:00:00+00:00,-3.956e-05,1782691200000.0
2026-06-29 04:00:00+00:00,-3.956e-05,1782691200000.0
2026-06-29 08:00:00+00:00,1.051e-05,1782720000000.0
2026-06-29 12:00:00+00:00,1.051e-05,1782720000000.0
2026-06-29 16:00:00+00:00,9.607e-05,1782748800000.0
2026-06-29 20:00:00+00:00,9.607e-05,1782748800000.0
2026-06-30 00:00:00+00:00,0.0001,1782777600000.0
2026-06-30 04:00:00+00:00,0.0001,1782777600000.0
2026-06-30 08:00:00+00:00,1.381e-05,1782806400000.0
2026-06-30 12:00:00+00:00,1.381e-05,1782806400000.0
2026-06-30 16:00:00+00:00,4.43e-06,1782835200000.0
2026-06-30 20:00:00+00:00,4.43e-06,1782835200000.0
2026-07-01 00:00:00+00:00,9.503e-05,1782864000000.0
2026-07-01 04:00:00+00:00,9.503e-05,1782864000000.0
2026-07-01 08:00:00+00:00,-7.64e-06,1782892800000.0
2026-07-01 12:00:00+00:00,-7.64e-06,1782892800000.0
2026-07-01 16:00:00+00:00,5.312e-05,1782921600000.0
2026-07-01 20:00:00+00:00,5.312e-05,1782921600000.0
2026-07-02 00:00:00+00:00,-5.18e-06,1782950400000.0
2026-07-02 04:00:00+00:00,-5.18e-06,1782950400000.0
2026-07-02 08:00:00+00:00,-3.005e-05,1782979200000.0
2026-07-02 12:00:00+00:00,-3.005e-05,1782979200000.0
2026-07-02 16:00:00+00:00,0.0001,1783008000000.0
2026-07-02 20:00:00+00:00,0.0001,1783008000000.0
2026-07-03 00:00:00+00:00,0.0001,1783036800000.0
2026-07-03 04:00:00+00:00,0.0001,1783036800000.0
2026-07-03 08:00:00+00:00,0.0001,1783065600000.0
2026-07-03 12:00:00+00:00,0.0001,1783065600000.0
2026-07-03 16:00:00+00:00,8.978e-05,1783094400000.0
2026-07-03 20:00:00+00:00,8.978e-05,1783094400000.0
2026-07-04 00:00:00+00:00,0.0001,1783123200000.0
2026-07-04 04:00:00+00:00,0.0001,1783123200000.0
2026-07-04 08:00:00+00:00,0.0001,1783152000000.0
2026-07-04 12:00:00+00:00,0.0001,1783152000000.0
2026-07-04 16:00:00+00:00,0.0001,1783180800000.0
2026-07-04 20:00:00+00:00,0.0001,1783180800000.0
2026-07-05 00:00:00+00:00,0.0001,1783209600000.0
2026-07-05 04:00:00+00:00,0.0001,1783209600000.0
2026-07-05 08:00:00+00:00,8.141e-05,1783238400000.0
2026-07-05 12:00:00+00:00,8.141e-05,1783238400000.0
2026-07-05 16:00:00+00:00,0.0001,1783267200000.0
2026-07-05 20:00:00+00:00,0.0001,1783267200000.0
2026-07-06 00:00:00+00:00,0.0001,1783296000000.0
2026-07-06 04:00:00+00:00,0.0001,1783296000000.0
2026-07-06 08:00:00+00:00,-8.02e-06,1783324800000.0
2026-07-06 12:00:00+00:00,-8.02e-06,1783324800000.0
2026-07-06 16:00:00+00:00,0.0001,1783353600000.0
2026-07-06 20:00:00+00:00,0.0001,1783353600000.0
2026-07-07 00:00:00+00:00,0.0001,1783382400000.0
2026-07-07 04:00:00+00:00,0.0001,1783382400000.0
2026-07-07 08:00:00+00:00,-6.94e-06,1783411200000.0
2026-07-07 12:00:00+00:00,-6.94e-06,1783411200000.0
2026-07-07 16:00:00+00:00,0.0001,1783440000000.0
2026-07-07 20:00:00+00:00,0.0001,1783440000000.0
2026-07-08 00:00:00+00:00,9.74e-05,1783468800000.0
2026-07-08 04:00:00+00:00,9.74e-05,1783468800000.0
2026-07-08 08:00:00+00:00,2.908e-05,1783497600000.0
2026-07-08 12:00:00+00:00,2.908e-05,1783497600000.0
2026-07-08 16:00:00+00:00,-2.651e-05,1783526400000.0
2026-07-08 20:00:00+00:00,-2.651e-05,1783526400000.0
2026-07-09 00:00:00+00:00,-3.325e-05,1783555200000.0
2026-07-09 04:00:00+00:00,-3.325e-05,1783555200000.0
2026-07-09 08:00:00+00:00,4.296e-05,1783584000000.0
2026-07-09 12:00:00+00:00,4.296e-05,1783584000000.0
2026-07-09 16:00:00+00:00,-2.765e-05,1783612800000.0
2026-07-09 20:00:00+00:00,-2.765e-05,1783612800000.0
2026-07-10 00:00:00+00:00,0.0001,1783641600000.0
2026-07-10 04:00:00+00:00,0.0001,1783641600000.0
2026-07-10 08:00:00+00:00,9.618e-05,1783670400000.0
2026-07-10 12:00:00+00:00,9.618e-05,1783670400000.0
2026-07-10 16:00:00+00:00,-0.00023171,1783699200000.0
2026-07-10 20:00:00+00:00,-0.00023171,1783699200000.0
2026-07-11 00:00:00+00:00,7.696e-05,1783728000000.0
2026-07-11 04:00:00+00:00,7.696e-05,1783728000000.0
2026-07-11 08:00:00+00:00,-1.442e-05,1783756800000.0
2026-07-11 12:00:00+00:00,-1.442e-05,1783756800000.0
2026-07-11 16:00:00+00:00,-4.181e-05,1783785600000.0
2026-07-11 20:00:00+00:00,-4.181e-05,1783785600000.0
2026-07-12 00:00:00+00:00,-9.438e-05,1783814400000.0
2026-07-12 04:00:00+00:00,-9.438e-05,1783814400000.0
2026-07-12 08:00:00+00:00,-6.117e-05,1783843200000.0
2026-07-12 12:00:00+00:00,-6.117e-05,1783843200000.0
2026-07-12 16:00:00+00:00,-7.776e-05,1783872000000.0
2026-07-12 20:00:00+00:00,-7.776e-05,1783872000000.0
2026-07-13 00:00:00+00:00,-3.255e-05,1783900800000.0
2026-07-13 04:00:00+00:00,-3.255e-05,1783900800000.0
2026-07-13 08:00:00+00:00,7.473e-05,1783929600000.0
2026-07-13 12:00:00+00:00,7.473e-05,1783929600000.0
2026-07-13 16:00:00+00:00,4.527e-05,1783958400000.0
2026-07-13 20:00:00+00:00,4.527e-05,1783958400000.0
2026-07-14 00:00:00+00:00,-8.512e-05,1783987200000.0
2026-07-14 04:00:00+00:00,-8.512e-05,1783987200000.0
2026-07-14 08:00:00+00:00,0.0001,1784016000000.0
2026-07-14 12:00:00+00:00,0.0001,1784016000000.0
2026-07-14 16:00:00+00:00,-8.073e-05,1784044800000.0
2026-07-14 20:00:00+00:00,-8.073e-05,1784044800000.0
2026-07-15 00:00:00+00:00,0.0001,1784073600000.0
2026-07-15 04:00:00+00:00,0.0001,1784073600000.0
2026-07-15 08:00:00+00:00,7.68e-06,1784102400000.0
2026-07-15 12:00:00+00:00,7.68e-06,1784102400000.0
2026-07-15 16:00:00+00:00,-2.999e-05,1784131200000.0
2026-07-15 20:00:00+00:00,-2.999e-05,1784131200000.0
2026-07-16 00:00:00+00:00,-4.647e-05,1784160000000.0
2026-07-16 04:00:00+00:00,-4.647e-05,1784160000000.0
2026-07-16 08:00:00+00:00,-2.975e-05,1784188800000.0
2026-07-16 12:00:00+00:00,-2.975e-05,1784188800000.0
2026-07-16 16:00:00+00:00,0.0001,1784217600000.0
2026-07-16 20:00:00+00:00,0.0001,1784217600000.0
2026-07-17 00:00:00+00:00,0.0001,1784246400000.0
2026-07-17 04:00:00+00:00,0.0001,1784246400000.0
2026-07-17 08:00:00+00:00,2.135e-05,1784275200000.0
2026-07-17 12:00:00+00:00,2.135e-05,1784275200000.0
2026-07-17 16:00:00+00:00,0.0001,1784304000000.0
2026-07-17 20:00:00+00:00,0.0001,1784304000000.0
2026-07-18 00:00:00+00:00,0.0001,1784332800000.0
2026-07-18 04:00:00+00:00,0.0001,1784332800000.0
2026-07-18 08:00:00+00:00,0.0001,1784361600000.0
2026-07-18 12:00:00+00:00,0.0001,1784361600000.0
2026-07-18 16:00:00+00:00,0.0001,1784390400000.0
2026-07-18 20:00:00+00:00,0.0001,1784390400000.0
2026-07-19 00:00:00+00:00,0.0001,1784419200000.0
2026-07-19 04:00:00+00:00,0.0001,1784419200000.0
2026-07-19 08:00:00+00:00,0.0001,1784448000000.0
2026-07-19 12:00:00+00:00,0.0001,1784448000000.0
2026-07-19 16:00:00+00:00,0.0001,1784476800000.0
2026-07-19 20:00:00+00:00,0.0001,1784476800000.0
2026-07-20 00:00:00+00:00,0.0001,1784505600000.0
2026-07-20 04:00:00+00:00,0.0001,1784505600000.0
2026-07-20 08:00:00+00:00,-1.16e-05,1784534400000.0
2026-07-20 12:00:00+00:00,-1.16e-05,1784534400000.0
2026-07-20 16:00:00+00:00,9.6e-05,1784563200000.0
2026-07-20 20:00:00+00:00,9.6e-05,1784563200000.0
2026-07-21 00:00:00+00:00,3.345e-05,1784592000000.0
2026-07-21 04:00:00+00:00,3.345e-05,1784592000000.0
2026-07-21 08:00:00+00:00,0.0001,1784620800000.0
2026-07-21 12:00:00+00:00,0.0001,1784620800000.0
2026-07-21 16:00:00+00:00,8.282e-05,1784649600000.0
2026-07-21 20:00:00+00:00,8.282e-05,1784649600000.0
2026-07-22 00:00:00+00:00,8.146e-05,1784678400000.0
2026-07-22 04:00:00+00:00,8.146e-05,1784678400000.0
2026-07-22 08:00:00+00:00,1.43e-06,1784707200000.0
2026-07-22 12:00:00+00:00,1.43e-06,1784707200000.0
2026-07-22 16:00:00+00:00,6.198e-05,1784736000000.0
2026-07-22 20:00:00+00:00,6.198e-05,1784736000000.0
2026-07-23 00:00:00+00:00,-3.658e-05,1784764800000.0
2026-07-23 04:00:00+00:00,-3.658e-05,1784764800000.0
2026-07-23 08:00:00+00:00,-5.792e-05,1784793600000.0
2026-07-23 12:00:00+00:00,-5.792e-05,1784793600000.0
2026-07-23 16:00:00+00:00,-1.25e-06,1784822400000.0
2026-07-23 20:00:00+00:00,-1.25e-06,1784822400000.0
2026-07-24 00:00:00+00:00,3.426e-05,1784851200000.0
2026-07-24 04:00:00+00:00,3.426e-05,1784851200000.0
2026-07-24 08:00:00+00:00,-5.309e-05,1784880000000.0
2026-07-24 12:00:00+00:00,-5.309e-05,1784880000000.0
2026-07-24 16:00:00+00:00,-0.00015616,1784908800000.0
2026-07-24 20:00:00+00:00,-0.00015616,1784908800000.0
2026-07-25 00:00:00+00:00,-0.00010727,1784937600000.0
2026-07-25 04:00:00+00:00,-0.00010727,1784937600000.0
2026-07-25 08:00:00+00:00,-0.00012947,1784966400000.0
2026-07-25 12:00:00+00:00,-0.00012947,1784966400000.0
2026-07-25 16:00:00+00:00,-9.04e-05,1784995200000.0
2026-07-25 20:00:00+00:00,-9.04e-05,1784995200000.0
2026-07-26 00:00:00+00:00,0.0001,1785024000000.0
2026-07-26 04:00:00+00:00,0.0001,1785024000000.0
2026-07-26 08:00:00+00:00,1.782e-05,1785052800000.0
2026-07-26 12:00:00+00:00,1.782e-05,1785052800000.0
2026-07-26 16:00:00+00:00,-0.0001358,1785081600000.0
2026-07-26 20:00:00+00:00,-0.0001358,1785081600000.0
2026-07-27 00:00:00+00:00,-3.48e-06,1785110400000.0
2026-07-27 04:00:00+00:00,-3.48e-06,1785110400000.0
2026-07-27 08:00:00+00:00,-2.749e-05,1785139200000.0
2026-07-27 12:00:00+00:00,-2.749e-05,1785139200000.0
2026-07-27 16:00:00+00:00,-0.0001485,1785168000000.0
2026-07-27 20:00:00+00:00,-0.0001485,1785168000000.0
2026-07-28 00:00:00+00:00,-8.571e-05,1785196800000.0
2026-07-28 04:00:00+00:00,-8.571e-05,1785196800000.0
2026-07-28 08:00:00+00:00,-1.318e-05,1785225600000.0
2026-07-28 12:00:00+00:00,-1.318e-05,1785225600000.0
2026-07-28 16:00:00+00:00,0.0001,1785254400000.0
2026-07-28 20:00:00+00:00,0.0001,1785254400000.0
2026-07-29 00:00:00+00:00,0.0001,1785283200000.0
2026-07-29 04:00:00+00:00,0.0001,1785283200000.0
2026-07-29 08:00:00+00:00,6.011e-05,1785312000000.0
2026-07-29 12:00:00+00:00,6.011e-05,1785312000000.0
2026-07-29 16:00:00+00:00,8.27e-05,1785340800000.0
2026-07-29 20:00:00+00:00,8.27e-05,1785340800000.0
2026-07-30 00:00:00+00:00,9.912e-05,1785369600000.0
2026-07-30 04:00:00+00:00,9.912e-05,1785369600000.0
2026-07-30 08:00:00+00:00,5.809e-05,1785398400000.0
2026-07-30 12:00:00+00:00,5.809e-05,1785398400000.0
2026-07-30 16:00:00+00:00,0.0001,1785427200000.0
2026-07-30 20:00:00+00:00,0.0001,1785427200000.0
2026-07-31 00:00:00+00:00,4.82e-05,1785456000000.0
2026-07-31 04:00:00+00:00,4.82e-05,1785456000000.0
2026-07-31 08:00:00+00:00,0.0001,1785484800000.0
2026-07-31 12:00:00+00:00,0.0001,1785484800000.0
2026-07-31 16:00:00+00:00,0.0001,1785513600000.0
2026-07-31 20:00:00+00:00,0.0001,1785513600000.0
2026-08-01 00:00:00+00:00,-0.00014249,1785542400000.0
2026-08-01 04:00:00+00:00,-0.00014249,1785542400000.0
2026-08-01 08:00:00+00:00,0.0001,1785571200000.0
2026-08-01 12:00:00+00:00,0.0001,1785571200000.0
2026-08-01 16:00:00+00:00,0.0001,1785600000000.0
2026-08-01 20:00:00+00:00,0.0001,1785600000000.0
2026-08-02 00:00:00+00:00,0.0001,1785628800000.0
2026-08-02 04:00:00+00:00,0.0001,1785628800000.0
2026-08-02 08:00:00+00:00,0.0001,1785657600000.0
2026-08-02 12:00:00+00:00,0.0001,1785657600000.0
2026-08-02 16:00:00+00:00,0.0001,1785686400000.0
2026-08-02 20:00:00+00:00,0.0001,1785686400000.0
2026-08-03 00:00:00+00:00,0.0001,1785715200000.0
2026-08-03 04:00:00+00:00,0.0001,1785715200000.0
2026-08-03 08:00:00+00:00,0.0001,1785744000000.0
2026-08-03 12:00:00+00:00,0.0001,1785744000000.0
2026-08-03 16:00:00+00:00,0.0001,1785772800000.0
2026-08-03 20:00:00+00:00,0.0001,1785772800000.0
2026-08-04 00:00:00+00:00,-3.438e-05,1785801600000.0
2026-08-04 04:00:00+00:00,-3.438e-05,1785801600000.0
2026-08-04 08:00:00+00:00,5.015e-05,1785830400000.0
2026-08-04 12:00:00+00:00,5.015e-05,1785830400000.0
2026-08-04 16:00:00+00:00,1.232e-05,1785859200000.0
2026-08-04 20:00:00+00:00,1.232e-05,1785859200000.0
2026-08-05 00:00:00+00:00,0.0001,1785888000000.0
2026-08-05 04:00:00+00:00,0.0001,1785888000000.0
2026-08-05 08:00:00+00:00,7.157e-05,1785916800000.0
2026-08-05 12:00:00+00:00,7.157e-05,1785916800000.0
2026-08-05 16:00:00+00:00,-3.457e-05,1785945600000.0
2026-08-05 20:00:00+00:00,-3.457e-05,1785945600000.0
2026-08-06 00:00:00+00:00,0.0001,1785974400000.0
2026-08-06 04:00:00+00:00,0.0001,1785974400000.0
2026-08-06 08:00:00+00:00,-2.315e-05,1786003200000.0
2026-08-06 12:00:00+00:00,-2.315e-05,1786003200000.0
2026-08-06 16:00:00+00:00,-8.94e-06,1786032000000.0
2026-08-06 20:00:00+00:00,-8.94e-06,1786032000000.0
2026-08-07 00:00:00+00:00,-1.988e-05,1786060800000.0
2026-08-07 04:00:00+00:00,-1.988e-05,1786060800000.0
2026-08-07 08:00:00+00:00,-0.00014742,1786089600000.0
2026-08-07 12:00:00+00:00,-0.00014742,1786089600000.0
2026-08-07 16:00:00+00:00,-0.00016023,1786118400000.0
2026-08-07 20:00:00+00:00,-0.00016023,1786118400000.0
2026-08-08 00:00:00+00:00,0.0001,1786147200000.0
2026-08-08 04:00:00+00:00,0.0001,1786147200000.0
2026-08-08 08:00:00+00:00,-2.361e-05,1786176000000.0
2026-08-08 12:00:00+00:00,-2.361e-05,1786176000000.0
2026-08-08 16:00:00+00:00,-8.496e-05,1786204800000.0
2026-08-08 20:00:00+00:00,-8.496e-05,1786204800000.0
2026-08-09 00:00:00+00:00,6.805e-05,1786233600000.0
2026-08-09 04:00:00+00:00,6.805e-05,1786233600000.0
2026-08-09 08:00:00+00:00,0.0001,1786262400000.0
2026-08-09 12:00:00+00:00,0.0001,1786262400000.0
2026-08-09 16:00:00+00:00,0.0001,1786291200000.0
2026-08-09 20:00:00+00:00,0.0001,1786291200000.0
2026-08-10 00:00:00+00:00,0.0001,1786320000000.0
2026-08-10 04:00:00+00:00,0.0001,1786320000000.0
2026-08-10 08:00:00+00:00,0.0001,1786348800000.0
2026-08-10 12:00:00+00:00,0.0001,1786348800000.0
2026-08-10 16:00:00+00:00,0.0001,1786377600000.0
2026-08-10 20:00:00+00:00,0.0001,1786377600000.0
2026-08-11 00:00:00+00:00,0.0001,1786406400000.0
2026-08-11 04:00:00+00:00,0.0001,1786406400000.0
2026-08-11 08:00:00+00:00,0.0001,1786435200000.0
2026-08-11 12:00:00+00:00,0.0001,1786435200000.0
2026-08-11 16:00:00+00:00,0.0001,1786464000000.0
2026-08-11 20:00:00+00:00,0.0001,1786464000000.0
2026-08-12 00:00:00+00:00,0.0001,1786492800000.0
2026-08-12 04:00:00+00:00,0.0001,1786492800000.0
2026-08-12 08:00:00+00:00,7.836e-05,1786521600000.0
2026-08-12 12:00:00+00:00,7.836e-05,1786521600000.0
2026-08-12 16:00:00+00:00,-5.95e-05,1786550400000.0
2026-08-12 20:00:00+00:00,-5.95e-05,1786550400000.0
2026-08-13 00:00:00+00:00,5.261e-05,1786579200000.0
2026-08-13 04:00:00+00:00,5.261e-05,1786579200000.0
2026-08-13 08:00:00+00:00,0.0001,1786608000000.0
2026-08-13 12:00:00+00:00,0.0001,1786608000000.0
2026-08-13 16:00:00+00:00,4.457e-05,1786636800000.0
2026-08-13 20:00:00+00:00,4.457e-05,1786636800000.0
2026-08-14 00:00:00+00:00,6.637e-05,1786665600000.0
2026-08-14 04:00:00+00:00,6.637e-05,1786665600000.0
2026-08-14 08:00:00+00:00,7.755e-05,1786694400000.0
2026-08-14 12:00:00+00:00,7.755e-05,1786694400000.0
2026-08-14 16:00:00+00:00,0.0001,1786723200000.0
2026-08-14 20:00:00+00:00,0.0001,1786723200000.0
2026-08-15 00:00:00+00:00,0.0001,1786752000000.0
2026-08-15 04:00:00+00:00,0.0001,1786752000000.0
2026-08-15 08:00:00+00:00,0.0001,1786780800000.0
2026-08-15 12:00:00+00:00,0.0001,1786780800000.0
2026-08-15 16:00:00+00:00,-0.0001309,1786809600000.0
2026-08-15 20:00:00+00:00,-0.0001309,1786809600000.0
2026-08-16 00:00:00+00:00,-8.553e-05,1786838400000.0
2026-08-16 04:00:00+00:00,-8.553e-05,1786838400000.0
2026-08-16 08:00:00+00:00,4.013e-05,1786867200000.0
2026-08-16 12:00:00+00:00,4.013e-05,1786867200000.0
2026-08-16 16:00:00+00:00,-2.443e-05,1786896000000.0
2026-08-16 20:00:00+00:00,-2.443e-05,1786896000000.0
2026-08-17 00:00:00+00:00,-8.45e-05,1786924800000.0
2026-08-17 04:00:00+00:00,-8.45e-05,1786924800000.0
2026-08-17 08:00:00+00:00,-6.685e-05,1786953600000.0
2026-08-17 12:00:00+00:00,-6.685e-05,1786953600000.0
2026-08-17 16:00:00+00:00,7.446e-05,1786982400000.0
2026-08-17 20:00:00+00:00,7.446e-05,1786982400000.0
2026-08-18 00:00:00+00:00,9.955e-05,1787011200000.0
2026-08-18 04:00:00+00:00,9.955e-05,1787011200000.0
2026-08-18 08:00:00+00:00,7.035e-05,1787040000000.0
2026-08-18 12:00:00+00:00,7.035e-05,1787040000000.0
2026-08-18 16:00:00+00:00,0.0001,1787068800000.0
2026-08-18 20:00:00+00:00,0.0001,1787068800000.0
2026-08-19 00:00:00+00:00,7.945e-05,1787097600000.0
2026-08-19 04:00:00+00:00,7.945e-05,1787097600000.0
2026-08-19 08:00:00+00:00,0.0001,1787126400000.0
2026-08-19 12:00:00+00:00,0.0001,1787126400000.0
2026-08-19 16:00:00+00:00,-9.017e-05,1787155200000.0
2026-08-19 20:00:00+00:00,-9.017e-05,1787155200000.0
2026-08-20 00:00:00+00:00,0.0001,1787184000000.0
2026-08-20 04:00:00+00:00,0.0001,1787184000000.0
2026-08-20 08:00:00+00:00,0.0001,1787212800000.0
2026-08-20 12:00:00+00:00,0.0001,1787212800000.0
2026-08-20 16:00:00+00:00,0.0001,1787241600000.0
2026-08-20 20:00:00+00:00,0.0001,1787241600000.0
2026-08-21 00:00:00+00:00,0.0001,1787270400000.0
2026-08-21 04:00:00+00:00,0.0001,1787270400000.0
2026-08-21 08:00:00+00:00,0.0001,1787299200000.0
2026-08-21 12:00:00+00:00,0.0001,1787299200000.0
2026-08-21 16:00:00+00:00,0.0001,1787328000000.0
2026-08-21 20:00:00+00:00,0.0001,1787328000000.0
2026-08-22 00:00:00+00:00,0.0001,1787356800000.0
2026-08-22 04:00:00+00:00,0.0001,1787356800000.0
2026-08-22 08:00:00+00:00,0.0001,1787385600000.0
2026-08-22 12:00:00+00:00,0.0001,1787385600000.0
2026-08-22 16:00:00+00:00,0.0001,1787414400000.0
2026-08-22 20:00:00+00:00,0.0001,1787414400000.0
2026-08-23 00:00:00+00:00,0.0001,1787443200000.0
2026-08-23 04:00:00+00:00,0.0001,1787443200000.0
2026-08-23 08:00:00+00:00,0.0001,1787472000000.0
