candle_time,funding_rate,funding_timestamp
2021-03-18 00:00:00+00:00,,
2021-03-19 00:00:00+00:00,0.00206339,1616112000000.0
2021-03-20 00:00:00+00:00,0.00153767,1616198400000.0
2021-03-21 00:00:00+00:00,0.00279917,1616284800000.0
2021-03-22 00:00:00+00:00,0.00093353,1616371200000.0
2021-03-23 00:00:00+00:00,0.00121415,1616457600000.0
2021-03-24 00:00:00+00:00,0.00039254,1616544000000.0
2021-03-25 00:00:00+00:00,0.00087842,1616630400000.0
2021-03-26 00:00:00+00:00,0.00048105,1616716800000.0
2021-03-27 00:00:00+00:00,0.00083056,1616803200000.0
2021-03-28 00:00:00+00:00,0.00117394,1616889600000.0
2021-03-29 00:00:00+00:00,0.00131793,1616976000000.0
2021-03-30 00:00:00+00:00,0.00129325,1617062400000.0
2021-03-31 00:00:00+00:00,0.00189269,1617148800000.0
2021-04-01 00:00:00+00:00,0.00163633,1617235200000.0
2021-04-02 00:00:00+00:00,0.00254774,1617321600000.0
2021-04-03 00:00:00+00:00,0.00375,1617408000000.0
2021-04-04 00:00:00+00:00,0.00342573,1617494400000.0
2021-04-05 00:00:00+00:00,0.00137447,1617580800000.0
2021-04-06 00:00:00+00:00,0.00243318,1617667200000.0
2021-04-07 00:00:00+00:00,0.00375,1617753600000.0
2021-04-08 00:00:00+00:00,0.00167614,1617840000000.0
2021-04-09 00:00:00+00:00,0.00082626,1617926400000.0
2021-04-10 00:00:00+00:00,0.00105345,1618012800000.0
2021-04-11 00:00:00+00:00,0.00327074,1618099200000.0
2021-04-12 00:00:00+00:00,0.00294557,1618185600000.0
2021-04-13 00:00:00+00:00,0.00256091,1618272000000.0
2021-04-14 00:00:00+00:00,0.00375,1618358400000.0
2021-04-15 00:00:00+00:00,0.00375,1618444800000.0
2021-04-16 00:00:00+00:00,0.00375,1618531200000.0
2021-04-17 00:00:00+00:00,0.00207489,1618617600000.0
2021-04-18 00:00:00+00:00,0.00139502,1618704000000.0
2021-04-19 00:00:00+00:00,0.0001,1618790400000.0
2021-04-20 00:00:00+00:00,0.0001,1618876800000.0
2021-04-21 00:00:00+00:00,0.0001,1618963200000.0
2021-04-22 00:00:00+00:00,0.0001,1619049600000.0
2021-04-23 00:00:00+00:00,0.00088786,1619136000000.0
2021-04-24 00:00:00+00:00,-0.00038108,1619222400000.0
2021-04-25 00:00:00+00:00,0.0001,1619308800000.0
2021-04-26 00:00:00+00:00,0.0001,1619395200000.0
2021-04-27 00:00:00+00:00,0.0001,1619481600000.0
2021-04-28 00:00:00+00:00,0.00044019,1619568000000.0
2021-04-29 00:00:00+00:00,0.0001963,1619654400000.0
2021-04-30 00:00:00+00:00,0.00084005,1619740800000.0
2021-05-01 00:00:00+00:00,0.0008163,1619827200000.0
2021-05-02 00:00:00+00:00,0.00119674,1619913600000.0
2021-05-03 00:00:00+00:00,0.0007637,1620000000000.0
2021-05-04 00:00:00+00:00,0.0017588,1620086400000.0
2021-05-05 00:00:00+00:00,0.00070442,1620172800000.0
2021-05-06 00:00:00+00:00,0.00123201,1620259200000.0
2021-05-07 00:00:00+00:00,0.00351012,1620345600000.0
2021-05-08 00:00:00+00:00,0.00105047,1620432000000.0
2021-05-09 00:00:00+00:00,0.00084506,1620518400000.0
2021-05-10 00:00:00+00:00,0.00041093,1620604800000.0
2021-05-11 00:00:00+00:00,0.00167458,1620691200000.0
2021-05-12 00:00:00+00:00,0.00024747,1620777600000.0
2021-05-13 00:00:00+00:00,0.00058277,1620864000000.0
2021-05-14 00:00:00+00:00,0.00022269,1620950400000.0
2021-05-15 00:00:00+00:00,0.00046459,1621036800000.0
2021-05-16 00:00:00+00:00,0.0006093,1621123200000.0
2021-05-17 00:00:00+00:00,0.00048026,1621209600000.0
2021-05-18 00:00:00+00:00,0.00097434,1621296000000.0
2021-05-19 00:00:00+00:00,0.00122415,1621382400000.0
2021-05-20 00:00:00+00:00,-0.00061249,1621468800000.0
2021-05-21 00:00:00+00:00,-0.00057337,1621555200000.0
2021-05-22 00:00:00+00:00,7.213e-05,1621641600000.0
2021-05-23 00:00:00+00:00,0.0001,1621728000000.0
2021-05-24 00:00:00+00:00,-0.0001663,1621814400000.0
2021-05-25 00:00:00+00:00,-0.00037601,1621900800000.0
2021-05-26 00:00:00+00:00,0.0001,1621987200000.0
2021-05-27 00:00:00+00:00,0.00020968,1622073600000.0
2021-05-28 00:00:00+00:00,0.0001,1622160000000.0
2021-05-29 00:00:00+00:00,0.00016199,1622246400000.0
2021-05-30 00:00:00+00:00,0.00061661,1622332800000.0
2021-05-31 00:00:00+00:00,0.00035252,1622419200000.0
2021-06-01 00:00:00+00:00,0.0001,1622505600000.0
2021-06-02 00:00:00+00:00,0.0001,1622592000000.0
2021-06-03 00:00:00+00:00,-2.108e-05,1622678400000.0
2021-06-04 00:00:00+00:00,0.0001,1622764800000.0
2021-06-05 00:00:00+00:00,0.0001,1622851200000.0
2021-06-06 00:00:00+00:00,0.0001,1622937600000.0
2021-06-07 00:00:00+00:00,0.0001,1623024000000.0
2021-06-08 00:00:00+00:00,0.0001,1623110400000.0
2021-06-09 00:00:00+00:00,1.582e-05,1623196800000.0
2021-06-10 00:00:00+00:00,-0.00019642,1623283200000.0
2021-06-11 00:00:00+00:00,0.0001,1623369600000.0
2021-06-12 00:00:00+00:00,0.0001,1623456000000.0
2021-06-13 00:00:00+00:00,0.0001,1623542400000.0
2021-06-14 00:00:00+00:00,0.0001,1623628800000.0
2021-06-15 00:00:00+00:00,0.0001,1623715200000.0
2021-06-16 00:00:00+00:00,0.0001,1623801600000.0
2021-06-17 00:00:00+00:00,0.0001,1623888000000.0
2021-06-18 00:00:00+00:00,0.0001,1623974400000.0
2021-06-19 00:00:00+00:00,0.0001,1624060800000.0
2021-06-20 00:00:00+00:00,0.0001,1624147200000.0
2021-06-21 00:00:00+00:00,9.635e-05,1624233600000.0
2021-06-22 00:00:00+00:00,-0.00028784,1624320000000.0
2021-06-23 00:00:00+00:00,-0.00036947,1624406400000.0
2021-06-24 00:00:00+00:00,-0.00042959,1624492800000.0
2021-06-25 00:00:00+00:00,-0.0005162,1624579200000.0
2021-06-26 00:00:00+00:00,-6.204e-05,1624665600000.0
2021-06-27 00:00:00+00:00,-0.00018777,1624752000000.0
2021-06-28 00:00:00+00:00,-0.00015015,1624838400000.0
2021-06-29 00:00:00+00:00,0.0001,1624924800000.0
2021-06-30 00:00:00+00:00,0.0001,1625011200000.0
2021-07-01 00:00:00+00:00,0.0001,1625097600000.0
2021-07-02 00:00:00+00:00,2.777e-05,1625184000000.0
2021-07-03 00:00:00+00:00,-4.531e-05,1625270400000.0
2021-07-04 00:00:00+00:00,0.0001,1625356800000.0
2021-07-05 00:00:00+00:00,0.0001,1625443200000.0
2021-07-06 00:00:00+00:00,0.0001,1625529600000.0
2021-07-07 00:00:00+00:00,5.49e-06,1625616000000.0
2021-07-08 00:00:00+00:00,0.0001,1625702400000.0
2021-07-09 00:00:00+00:00,0.0001,1625788800000.0
2021-07-10 00:00:00+00:00,-5.67e-05,1625875200000.0
2021-07-11 00:00:00+00:00,0.0001,1625961600000.0
2021-07-12 00:00:00+00:00,8.23e-06,1626048000000.0
2021-07-13 00:00:00+00:00,0.0001,1626134400000.0
2021-07-14 00:00:00+00:00,0.0001,1626220800000.0
2021-07-15 00:00:00+00:00,-1.986e-05,1626307200000.0
2021-07-16 00:00:00+00:00,0.0001,1626393600000.0
2021-07-17 00:00:00+00:00,0.0001,1626480000000.0
2021-07-18 00:00:00+00:00,0.0001,1626566400000.0
2021-07-19 00:00:00+00:00,0.0001,1626652800000.0
2021-07-20 00:00:00+00:00,0.0001,1626739200000.0
2021-07-21 00:00:00+00:00,-0.00026985,1626825600000.0
2021-07-22 00:00:00+00:00,-0.00071934,1626912000000.0
2021-07-23 00:00:00+00:00,9.041e-05,1626998400000.0
2021-07-24 00:00:00+00:00,0.0001,1627084800000.0
2021-07-25 00:00:00+00:00,0.0001,1627171200000.0
2021-07-26 00:00:00+00:00,0.0001,1627257600000.0
2021-07-27 00:00:00+00:00,0.00016876,1627344000000.0
2021-07-28 00:00:00+00:00,0.0001,1627430400000.0
2021-07-29 00:00:00+00:00,0.0001,1627516800000.0
2021-07-30 00:00:00+00:00,0.00013837,1627603200000.0
2021-07-31 00:00:00+00:00,0.0001,1627689600000.0
2021-08-01 00:00:00+00:00,0.0001,1627776000000.0
2021-08-02 00:00:00+00:00,0.00024053,1627862400000.0
2021-08-03 00:00:00+00:00,0.0001,1627948800000.0
2021-08-04 00:00:00+00:00,0.0001,1628035200000.0
2021-08-05 00:00:00+00:00,0.0001,1628121600000.0
2021-08-06 00:00:00+00:00,0.0001,1628208000000.0
2021-08-07 00:00:00+00:00,0.00040034,1628294400000.0
2021-08-08 00:00:00+00:00,0.00062257,1628380800000.0
2021-08-09 00:00:00+00:00,0.0001,1628467200000.0
2021-08-10 00:00:00+00:00,0.0001,1628553600000.0
2021-08-11 00:00:00+00:00,0.00152899,1628640000000.0
2021-08-12 00:00:00+00:00,0.00038382,1628726400000.0
2021-08-13 00:00:00+00:00,0.00034336,1628812800000.0
2021-08-14 00:00:00+00:00,0.00012222,1628899200000.0
2021-08-15 00:00:00+00:00,0.00024833,1628985600000.0
2021-08-16 00:00:00+00:00,0.0004167,1629072000000.0
2021-08-17 00:00:00+00:00,0.00066388,1629158400000.0
2021-08-18 00:00:00+00:00,0.00014057,1629244800000.0
2021-08-19 00:00:00+00:00,0.00035435,1629331200000.0
2021-08-20 00:00:00+00:00,0.00120682,1629417600000.0
2021-08-21 00:00:00+00:00,0.00237922,1629504000000.0
2021-08-22 00:00:00+00:00,0.00048233,1629590400000.0
2021-08-23 00:00:00+00:00,0.00089827,1629676800000.0
2021-08-24 00:00:00+00:00,0.00085204,1629763200000.0
2021-08-25 00:00:00+00:00,0.00195501,1629849600000.0
2021-08-26 00:00:00+00:00,0.0001,1629936000000.0
2021-08-27 00:00:00+00:00,0.00076258,1630022400000.0
2021-08-28 00:00:00+00:00,0.0001,1630108800000.0
2021-08-29 00:00:00+00:00,0.00069419,1630195200000.0
2021-08-30 00:00:00+00:00,0.00036329,1630281600000.0
2021-08-31 00:00:00+00:00,0.00043865,1630368000000.0
2021-09-01 00:00:00+00:00,0.00093877,1630454400000.0
2021-09-02 00:00:00+00:00,0.00072882,1630540800000.0
2021-09-03 00:00:00+00:00,0.00226271,1630627200000.0
2021-09-04 00:00:00+00:00,0.001709,1630713600000.0
2021-09-05 00:00:00+00:00,0.00195113,1630800000000.0
2021-09-06 00:00:00+00:00,0.00138895,1630886400000.0
2021-09-07 00:00:00+00:00,0.00192881,1630972800000.0
2021-09-08 00:00:00+00:00,0.00014329,1631059200000.0
2021-09-09 00:00:00+00:00,-4.636e-05,1631145600000.0
2021-09-10 00:00:00+00:00,0.0001,1631232000000.0
2021-09-11 00:00:00+00:00,0.0001,1631318400000.0
2021-09-12 00:00:00+00:00,0.0001,1631404800000.0
2021-09-13 00:00:00+00:00,0.0001,1631491200000.0
2021-09-14 00:00:00+00:00,0.0001,1631577600000.0
2021-09-15 00:00:00+00:00,0.0001,1631664000000.0
2021-09-16 00:00:00+00:00,0.0001,1631750400000.0
2021-09-17 00:00:00+00:00,0.0001,1631836800000.0
2021-09-18 00:00:00+00:00,0.00050648,1631923200000.0
2021-09-19 00:00:00+00:00,0.00057813,1632009600000.0
2021-09-20 00:00:00+00:00,0.0001,1632096000000.0
2021-09-21 00:00:00+00:00,-0.00045612,1632182400000.0
2021-09-22 00:00:00+00:00,0.0001,1632268800000.0
2021-09-23 00:00:00+00:00,0.0001,1632355200000.0
2021-09-24 00:00:00+00:00,2.308e-05,1632441600000.0
2021-09-25 00:00:00+00:00,0.0001,1632528000000.0
2021-09-26 00:00:00+00:00,0.0001,1632614400000.0
2021-09-27 00:00:00+00:00,0.0001,1632700800000.0
2021-09-28 00:00:00+00:00,0.0001,1632787200000.0
2021-09-29 00:00:00+00:00,0.0001,1632873600000.0
2021-09-30 00:00:00+00:00,0.0001,1632960000000.0
2021-10-01 00:00:00+00:00,0.0001,1633046400000.0
2021-10-02 00:00:00+00:00,0.0001,1633132800000.0
2021-10-03 00:00:00+00:00,0.00055104,1633219200000.0
2021-10-04 00:00:00+00:00,0.00066209,1633305600000.0
2021-10-05 00:00:00+00:00,0.0003483,1633392000000.0
2021-10-06 00:00:00+00:00,0.00028026,1633478400000.0
2021-10-07 00:00:00+00:00,0.00030246,1633564800000.0
2021-10-08 00:00:00+00:00,0.00148228,1633651200000.0
2021-10-09 00:00:00+00:00,0.00076893,1633737600000.0
2021-10-10 00:00:00+00:00,0.00056532,1633824000000.0
2021-10-11 00:00:00+00:00,0.00093927,1633910400000.0
2021-10-12 00:00:00+00:00,0.00074921,1633996800000.0
2021-10-13 00:00:00+00:00,0.0001,1634083200000.0
2021-10-14 00:00:00+00:00,0.00012402,1634169600000.0
2021-10-15 00:00:00+00:00,0.00078336,1634256000000.0
2021-10-16 00:00:00+00:00,0.00140117,1634342400000.0
2021-10-17 00:00:00+00:00,0.00139913,1634428800000.0
2021-10-18 00:00:00+00:00,0.00121789,1634515200000.0
2021-10-19 00:00:00+00:00,0.00086555,1634601600000.0
2021-10-20 00:00:00+00:00,0.00084908,1634688000000.0
2021-10-21 00:00:00+00:00,0.00106091,1634774400000.0
2021-10-22 00:00:00+00:00,0.00142857,1634860800000.0
2021-10-23 00:00:00+00:00,0.00058727,1634947200000.0
2021-10-24 00:00:00+00:00,0.00090447,1635033600000.0
2021-10-25 00:00:00+00:00,0.00136986,1635120000000.0
2021-10-26 00:00:00+00:00,0.00103589,1635206400000.0
2021-10-27 00:00:00+00:00,0.00113309,1635292800000.0
2021-10-28 00:00:00+00:00,0.0001,1635379200000.0
2021-10-29 00:00:00+00:00,0.0001,1635465600000.0
2021-10-30 00:00:00+00:00,0.00017319,1635552000000.0
2021-10-31 00:00:00+00:00,0.00071905,1635638400000.0
2021-11-01 00:00:00+00:00,0.00083918,1635724800000.0
2021-11-02 00:00:00+00:00,0.00071487,1635811200000.0
2021-11-03 00:00:00+00:00,0.00111284,1635897600000.0
2021-11-04 00:00:00+00:00,0.00049566,1635984000000.0
2021-11-05 00:00:00+00:00,0.00137942,1636070400000.0
2021-11-06 00:00:00+00:00,0.00111525,1636156800000.0
2021-11-07 00:00:00+00:00,0.00075006,1636243200000.0
2021-11-08 00:00:00+00:00,0.0009516,1636329600000.0
2021-11-09 00:00:00+00:00,0.0014353,1636416000000.0
2021-11-10 00:00:00+00:00,0.00077887,1636502400000.0
2021-11-11 00:00:00+00:00,0.0003808,1636588800000.0
2021-11-12 00:00:00+00:00,0.0001,1636675200000.0
2021-11-13 00:00:00+00:00,0.00017495,1636761600000.0
2021-11-14 00:00:00+00:00,0.00033413,1636848000000.0
2021-11-15 00:00:00+00:00,0.00049663,1636934400000.0
2021-11-16 00:00:00+00:00,0.00072813,1637020800000.0
2021-11-17 00:00:00+00:00,0.0001,1637107200000.0
2021-11-18 00:00:00+00:00,-0.0003778,1637193600000.0
2021-11-19 00:00:00+00:00,0.0001,1637280000000.0
2021-11-20 00:00:00+00:00,0.0001,1637366400000.0
2021-11-21 00:00:00+00:00,0.0001,1637452800000.0
2021-11-22 00:00:00+00:00,0.00018399,1637539200000.0
2021-11-23 00:00:00+00:00,0.0001,1637625600000.0
2021-11-24 00:00:00+00:00,0.00028409,1637712000000.0
2021-11-25 00:00:00+00:00,0.0001,1637798400000.0
2021-11-26 00:00:00+00:00,0.0001,1637884800000.0
2021-11-27 00:00:00+00:00,0.0001,1637971200000.0
2021-11-28 00:00:00+00:00,0.0001,1638057600000.0
2021-11-29 00:00:00+00:00,0.0001,1638144000000.0
2021-11-30 00:00:00+00:00,0.0001,1638230400000.0
2021-12-01 00:00:00+00:00,0.0001,1638316800000.0
2021-12-02 00:00:00+00:00,0.0001,1638403200000.0
2021-12-03 00:00:00+00:00,0.0001,1638489600000.0
2021-12-04 00:00:00+00:00,0.0001,1638576000000.0
2021-12-05 00:00:00+00:00,-0.00048239,1638662400000.0
2021-12-06 00:00:00+00:00,0.0001,1638748800000.0
2021-12-07 00:00:00+00:00,2.96e-05,1638835200000.0
2021-12-08 00:00:00+00:00,0.0001,1638921600000.0
2021-12-09 00:00:00+00:00,0.0001,1639008000000.0
2021-12-10 00:00:00+00:00,0.0001,1639094400000.0
2021-12-11 00:00:00+00:00,0.0001,1639180800000.0
2021-12-12 00:00:00+00:00,-3.674e-05,1639267200000.0
2021-12-13 00:00:00+00:00,0.0001,1639353600000.0
2021-12-14 00:00:00+00:00,0.0001,1639440000000.0
2021-12-15 00:00:00+00:00,0.0001,1639526400000.0
2021-12-16 00:00:00+00:00,0.0001,1639612800000.0
2021-12-17 00:00:00+00:00,0.0001,1639699200000.0
2021-12-18 00:00:00+00:00,0.0001,1639785600000.0
2021-12-19 00:00:00+00:00,0.0001,1639872000000.0
2021-12-20 00:00:00+00:00,0.0001,1639958400000.0
2021-12-21 00:00:00+00:00,0.0001,1640044800000.0
2021-12-22 00:00:00+00:00,0.0001,1640131200000.0
2021-12-23 00:00:00+00:00,0.0001,1640217600000.0
2021-12-24 00:00:00+00:00,0.0001,1640304000000.0
2021-12-25 00:00:00+00:00,0.0001,1640390400000.0
2021-12-26 00:00:00+00:00,0.0001,1640476800000.0
2021-12-27 00:00:00+00:00,0.0001,1640563200000.0
2021-12-28 00:00:00+00:00,0.0001,1640649600000.0
2021-12-29 00:00:00+00:00,0.0001,1640736000000.0
2021-12-30 00:00:00+00:00,0.0001,1640822400000.0
2021-12-31 00:00:00+00:00,7.76e-06,1640908800000.0
2022-01-01 00:00:00+00:00,0.0001,1640995200000.0
2022-01-02 00:00:00+00:00,0.0001,1641081600000.0
2022-01-03 00:00:00+00:00,0.0001,1641168000000.0
2022-01-04 00:00:00+00:00,0.0001,1641254400000.0
2022-01-05 00:00:00+00:00,0.0001,1641340800000.0
2022-01-06 00:00:00+00:00,0.0001,1641427200000.0
2022-01-07 00:00:00+00:00,0.0001,1641513600000.0
2022-01-08 00:00:00+00:00,0.0001,1641600000000.0
2022-01-09 00:00:00+00:00,0.0001,1641686400000.0
2022-01-10 00:00:00+00:00,0.0001,1641772800000.0
2022-01-11 00:00:00+00:00,0.0001,1641859200000.0
2022-01-12 00:00:00+00:00,0.0001,1641945600000.0
2022-01-13 00:00:00+00:00,-0.00010098,1642032000000.0
2022-01-14 00:00:00+00:00,0.0001,1642118400000.0
2022-01-15 00:00:00+00:00,0.0001,1642204800000.0
2022-01-16 00:00:00+00:00,0.0001,1642291200000.0
2022-01-17 00:00:00+00:00,0.0001,1642377600000.0
2022-01-18 00:00:00+00:00,-5.967e-05,1642464000000.0
2022-01-19 00:00:00+00:00,0.0001,1642550400000.0
2022-01-20 00:00:00+00:00,0.0001,1642636800000.0
2022-01-21 00:00:00+00:00,0.0001,1642723200000.0
2022-01-22 00:00:00+00:00,0.0001,1642809600000.0
2022-01-23 00:00:00+00:00,-0.00040793,1642896000000.0
2022-01-24 00:00:00+00:00,-0.00028776,1642982400000.0
2022-01-25 00:00:00+00:00,0.0001,1643068800000.0
2022-01-26 00:00:00+00:00,0.0001,1643155200000.0
2022-01-27 00:00:00+00:00,0.0001,1643241600000.0
2022-01-28 00:00:00+00:00,-0.00023948,1643328000000.0
2022-01-29 00:00:00+00:00,0.0001,1643414400000.0
2022-01-30 00:00:00+00:00,0.0001,1643500800000.0
2022-01-31 00:00:00+00:00,0.0001,1643587200000.0
2022-02-01 00:00:00+00:00,7.725e-05,1643673600000.0
2022-02-02 00:00:00+00:00,0.0001,1643760000000.0
2022-02-03 00:00:00+00:00,0.0001,1643846400000.0
2022-02-04 00:00:00+00:00,0.0001,1643932800000.0
2022-02-05 00:00:00+00:00,0.0001,1644019200000.0
2022-02-06 00:00:00+00:00,0.0001,1644105600000.0
2022-02-07 00:00:00+00:00,0.0001,1644192000000.0
2022-02-08 00:00:00+00:00,0.0001,1644278400000.0
2022-02-09 00:00:00+00:00,0.0001,1644364800000.0
2022-02-10 00:00:00+00:00,0.0001,1644451200000.0
2022-02-11 00:00:00+00:00,0.0001,1644537600000.0
2022-02-12 00:00:00+00:00,3.867e-05,1644624000000.0
2022-02-13 00:00:00+00:00,4.702e-05,1644710400000.0
2022-02-14 00:00:00+00:00,-5.306e-05,1644796800000.0
2022-02-15 00:00:00+00:00,0.0001,1644883200000.0
2022-02-16 00:00:00+00:00,0.0001,1644969600000.0
2022-02-17 00:00:00+00:00,0.0001,1645056000000.0
2022-02-18 00:00:00+00:00,0.0001,1645142400000.0
2022-02-19 00:00:00+00:00,0.0001,1645228800000.0
2022-02-20 00:00:00+00:00,6.705e-05,1645315200000.0
2022-02-21 00:00:00+00:00,3.946e-05,1645401600000.0
2022-02-22 00:00:00+00:00,-0.00011757,1645488000000.0
2022-02-23 00:00:00+00:00,-0.00057755,1645574400000.0
2022-02-24 00:00:00+00:00,-0.00040754,1645660800000.0
2022-02-25 00:00:00+00:00,-0.00042774,1645747200000.0
2022-02-26 00:00:00+00:00,0.0001,1645833600000.0
2022-02-27 00:00:00+00:00,3.522e-05,1645920000000.0
2022-02-28 00:00:00+00:00,0.0001,1646006400000.0
2022-03-01 00:00:00+00:00,4.522e-05,1646092800000.0
2022-03-02 00:00:00+00:00,0.0001,1646179200000.0
2022-03-03 00:00:00+00:00,1.691e-05,1646265600000.0
2022-03-04 00:00:00+00:00,2.27e-06,1646352000000.0
2022-03-05 00:00:00+00:00,4.689e-05,1646438400000.0
2022-03-06 00:00:00+00:00,-0.00012909,1646524800000.0
2022-03-07 00:00:00+00:00,-0.00014371,1646611200000.0
2022-03-08 00:00:00+00:00,3.971e-05,1646697600000.0
2022-03-09 00:00:00+00:00,-2.38e-05,1646784000000.0
2022-03-10 00:00:00+00:00,8.929e-05,1646870400000.0
2022-03-11 00:00:00+00:00,-0.00011102,1646956800000.0
2022-03-12 00:00:00+00:00,0.0001,1647043200000.0
2022-03-13 00:00:00+00:00,0.0001,1647129600000.0
2022-03-14 00:00:00+00:00,0.0001,1647216000000.0
2022-03-15 00:00:00+00:00,0.0001,1647302400000.0
2022-03-16 00:00:00+00:00,4.227e-05,1647388800000.0
2022-03-17 00:00:00+00:00,0.0001,1647475200000.0
2022-03-18 00:00:00+00:00,0.0001,1647561600000.0
2022-03-19 00:00:00+00:00,-3.07e-06,1647648000000.0
2022-03-20 00:00:00+00:00,0.0001,1647734400000.0
2022-03-21 00:00:00+00:00,0.0001,1647820800000.0
2022-03-22 00:00:00+00:00,-0.00021681,1647907200000.0
2022-03-23 00:00:00+00:00,-1.587e-05,1647993600000.0
2022-03-24 00:00:00+00:00,-0.0002627,1648080000000.0
2022-03-25 00:00:00+00:00,-0.0003714,1648166400000.0
2022-03-26 00:00:00+00:00,0.0001,1648252800000.0
2022-03-27 00:00:00+00:00,0.0001,1648339200000.0
2022-03-28 00:00:00+00:00,0.0001,1648425600000.0
2022-03-29 00:00:00+00:00,0.0001,1648512000000.0
2022-03-30 00:00:00+00:00,0.0001,1648598400000.0
2022-03-31 00:00:00+00:00,0.0001,1648684800000.0
2022-04-01 00:00:00+00:00,0.00024369,1648771200000.0
2022-04-02 00:00:00+00:00,0.0001,1648857600000.0
2022-04-03 00:00:00+00:00,0.0001,1648944000000.0
2022-04-04 00:00:00+00:00,0.0001,1649030400000.0
2022-04-05 00:00:00+00:00,0.0001,1649116800000.0
2022-04-06 00:00:00+00:00,0.0001,1649203200000.0
2022-04-07 00:00:00+00:00,0.0001,1649289600000.0
2022-04-08 00:00:00+00:00,0.0001,1649376000000.0
2022-04-09 00:00:00+00:00,0.0001,1649462400000.0
2022-04-10 00:00:00+00:00,0.0001,1649548800000.0
2022-04-11 00:00:00+00:00,7.071e-05,1649635200000.0
2022-04-12 00:00:00+00:00,-0.0002175,1649721600000.0
2022-04-13 00:00:00+00:00,-0.00022389,1649808000000.0
2022-04-14 00:00:00+00:00,-0.0001613,1649894400000.0
2022-04-15 00:00:00+00:00,-5.193e-05,1649980800000.0
2022-04-16 00:00:00+00:00,-2.037e-05,1650067200000.0
2022-04-17 00:00:00+00:00,3.978e-05,1650153600000.0
2022-04-18 00:00:00+00:00,0.0001,1650240000000.0
2022-04-19 00:00:00+00:00,-0.00039616,1650326400000.0
2022-04-20 00:00:00+00:00,0.0001,1650412800000.0
2022-04-21 00:00:00+00:00,0.0001,1650499200000.0
2022-04-22 00:00:00+00:00,0.0001,1650585600000.0
2022-04-23 00:00:00+00:00,0.0001,1650672000000.0
2022-04-24 00:00:00+00:00,0.0001,1650758400000.0
2022-04-25 00:00:00+00:00,0.0001,1650844800000.0
2022-04-26 00:00:00+00:00,3.239e-05,1650931200000.0
2022-04-27 00:00:00+00:00,0.0001,1651017600000.0
2022-04-28 00:00:00+00:00,0.0001,1651104000000.0
2022-04-29 00:00:00+00:00,0.0001,1651190400000.0
2022-04-30 00:00:00+00:00,8.559e-05,1651276800000.0
2022-05-01 00:00:00+00:00,3.829e-05,1651363200000.0
2022-05-02 00:00:00+00:00,-7.094e-05,1651449600000.0
2022-05-03 00:00:00+00:00,-0.00015149,1651536000000.0
2022-05-04 00:00:00+00:00,6.5e-06,1651622400000.0
2022-05-05 00:00:00+00:00,1.872e-05,1651708800000.0
2022-05-06 00:00:00+00:00,0.0001,1651795200000.0
2022-05-07 00:00:00+00:00,-4e-07,1651881600000.0
2022-05-08 00:00:00+00:00,7.35e-05,1651968000000.0
2022-05-09 00:00:00+00:00,-2.501e-05,1652054400000.0
2022-05-10 00:00:00+00:00,-0.00060324,1652140800000.0
2022-05-11 00:00:00+00:00,8.065e-05,1652227200000.0
2022-05-12 00:00:00+00:00,-0.00020987,1652313600000.0
2022-05-13 00:00:00+00:00,-0.00062125,1652400000000.0
2022-05-14 00:00:00+00:00,-0.00012826,1652486400000.0
2022-05-15 00:00:00+00:00,-7.974e-05,1652572800000.0
2022-05-16 00:00:00+00:00,5.6e-07,1652659200000.0
2022-05-17 00:00:00+00:00,-0.00020298,1652745600000.0
2022-05-18 00:00:00+00:00,-8.714e-05,1652832000000.0
2022-05-19 00:00:00+00:00,-0.00020349,1652918400000.0
2022-05-20 00:00:00+00:00,-6.01e-05,1653004800000.0
2022-05-21 00:00:00+00:00,-0.00017779,1653091200000.0
2022-05-22 00:00:00+00:00,-3.909e-05,1653177600000.0
2022-05-23 00:00:00+00:00,-6.36e-06,1653264000000.0
2022-05-24 00:00:00+00:00,6.059e-05,1653350400000.0
2022-05-25 00:00:00+00:00,-0.0001934,1653436800000.0
2022-05-26 00:00:00+00:00,-5.08e-05,1653523200000.0
2022-05-27 00:00:00+00:00,-0.00017817,1653609600000.0
2022-05-28 00:00:00+00:00,8.79e-06,1653696000000.0
2022-05-29 00:00:00+00:00,-0.0002089,1653782400000.0
2022-05-30 00:00:00+00:00,-0.0002559,1653868800000.0
2022-05-31 00:00:00+00:00,-2.084e-05,1653955200000.0
2022-06-01 00:00:00+00:00,0.0001,1654041600000.0
2022-06-02 00:00:00+00:00,-0.00027459,1654128000000.0
2022-06-03 00:00:00+00:00,-2.335e-05,1654214400000.0
2022-06-04 00:00:00+00:00,-0.00012301,1654300800000.0
2022-06-05 00:00:00+00:00,-7.9e-07,1654387200000.0
2022-06-06 00:00:00+00:00,-0.00026186,1654473600000.0
2022-06-07 00:00:00+00:00,0.0001,1654560000000.0
2022-06-08 00:00:00+00:00,-1.5e-07,1654646400000.0
2022-06-09 00:00:00+00:00,0.0001,1654732800000.0
2022-06-10 00:00:00+00:00,0.0001,1654819200000.0
2022-06-11 00:00:00+00:00,-0.00013111,1654905600000.0
2022-06-12 00:00:00+00:00,-5.214e-05,1654992000000.0
2022-06-13 00:00:00+00:00,-0.00035268,1655078400000.0
2022-06-14 00:00:00+00:00,-0.00043449,1655164800000.0
2022-06-15 00:00:00+00:00,-0.00019542,1655251200000.0
2022-06-16 00:00:00+00:00,-0.00018636,1655337600000.0
2022-06-17 00:00:00+00:00,-0.00021445,1655424000000.0
2022-06-18 00:00:00+00:00,2.323e-05,1655510400000.0
2022-06-19 00:00:00+00:00,-0.00019137,1655596800000.0
2022-06-20 00:00:00+00:00,-0.00012731,1655683200000.0
2022-06-21 00:00:00+00:00,-9.955e-05,1655769600000.0
2022-06-22 00:00:00+00:00,6.572e-05,1655856000000.0
2022-06-23 00:00:00+00:00,0.0001,1655942400000.0
2022-06-24 00:00:00+00:00,-0.00034093,1656028800000.0
2022-06-25 00:00:00+00:00,0.0001,1656115200000.0
2022-06-26 00:00:00+00:00,5.4e-05,1656201600000.0
2022-06-27 00:00:00+00:00,0.0001,1656288000000.0
2022-06-28 00:00:00+00:00,-0.00010659,1656374400000.0
2022-06-29 00:00:00+00:00,0.0001,1656460800000.0
2022-06-30 00:00:00+00:00,-6.124e-05,1656547200000.0
2022-07-01 00:00:00+00:00,-0.00019111,1656633600000.0
2022-07-02 00:00:00+00:00,-0.00019692,1656720000000.0
2022-07-03 00:00:00+00:00,-6.95e-06,1656806400000.0
2022-07-04 00:00:00+00:00,-2.001e-05,1656892800000.0
2022-07-05 00:00:00+00:00,3.711e-05,1656979200000.0
2022-07-06 00:00:00+00:00,-0.00020772,1657065600000.0
2022-07-07 00:00:00+00:00,0.0001,1657152000000.0
2022-07-08 00:00:00+00:00,0.0001,1657238400000.0
2022-07-09 00:00:00+00:00,9.81e-05,1657324800000.0
2022-07-10 00:00:00+00:00,0.0001,1657411200000.0
2022-07-11 00:00:00+00:00,-0.00016673,1657497600000.0
2022-07-12 00:00:00+00:00,-0.00047296,1657584000000.0
2022-07-13 00:00:00+00:00,-0.00021607,1657670400000.0
2022-07-14 00:00:00+00:00,-0.00027139,1657756800000.0
2022-07-15 00:00:00+00:00,-4.64e-05,1657843200000.0
2022-07-16 00:00:00+00:00,-7.48e-06,1657929600000.0
2022-07-17 00:00:00+00:00,0.0001,1658016000000.0
2022-07-18 00:00:00+00:00,6.707e-05,1658102400000.0
2022-07-19 00:00:00+00:00,0.0001,1658188800000.0
2022-07-20 00:00:00+00:00,0.0001,1658275200000.0
2022-07-21 00:00:00+00:00,0.0001,1658361600000.0
2022-07-22 00:00:00+00:00,0.0001,1658448000000.0
2022-07-23 00:00:00+00:00,0.0001,1658534400000.0
2022-07-24 00:00:00+00:00,0.0001,1658620800000.0
2022-07-25 00:00:00+00:00,0.0001,1658707200000.0
2022-07-26 00:00:00+00:00,0.0001,1658793600000.0
2022-07-27 00:00:00+00:00,4.28e-06,1658880000000.0
2022-07-28 00:00:00+00:00,0.0001,1658966400000.0
2022-07-29 00:00:00+00:00,0.0001,1659052800000.0
2022-07-30 00:00:00+00:00,0.0001,1659139200000.0
2022-07-31 00:00:00+00:00,0.0001,1659225600000.0
2022-08-01 00:00:00+00:00,0.0001,1659312000000.0
2022-08-02 00:00:00+00:00,0.0001,1659398400000.0
2022-08-03 00:00:00+00:00,0.0001,1659484800000.0
2022-08-04 00:00:00+00:00,0.0001,1659571200000.0
2022-08-05 00:00:00+00:00,0.0001,1659657600000.0
2022-08-06 00:00:00+00:00,0.0001,1659744000000.0
2022-08-07 00:00:00+00:00,0.0001,1659830400000.0
2022-08-08 00:00:00+00:00,0.0001,1659916800000.0
2022-08-09 00:00:00+00:00,0.0001,1660003200000.0
2022-08-10 00:00:00+00:00,0.0001,1660089600000.0
2022-08-11 00:00:00+00:00,0.0001,1660176000000.0
2022-08-12 00:00:00+00:00,0.0001,1660262400000.0
2022-08-13 00:00:00+00:00,0.0001,1660348800000.0
2022-08-14 00:00:00+00:00,0.0001,1660435200000.0
2022-08-15 00:00:00+00:00,0.0001,1660521600000.0
2022-08-16 00:00:00+00:00,0.0001,1660608000000.0
2022-08-17 00:00:00+00:00,0.0001,1660694400000.0
2022-08-18 00:00:00+00:00,0.0001,1660780800000.0
2022-08-19 00:00:00+00:00,0.0001,1660867200000.0
2022-08-20 00:00:00+00:00,-0.00010381,1660953600000.0
2022-08-21 00:00:00+00:00,-0.00028303,1661040000000.0
2022-08-22 00:00:00+00:00,-0.0003077,1661126400000.0
2022-08-23 00:00:00+00:00,-0.00011563,1661212800000.0
2022-08-24 00:00:00+00:00,-5.113e-05,1661299200000.0
2022-08-25 00:00:00+00:00,-0.00015595,1661385600000.0
2022-08-26 00:00:00+00:00,0.0001,1661472000000.0
2022-08-27 00:00:00+00:00,5.29e-05,1661558400000.0
2022-08-28 00:00:00+00:00,-0.00029832,1661644800000.0
2022-08-29 00:00:00+00:00,-9.308e-05,1661731200000.0
2022-08-30 00:00:00+00:00,-7.359e-05,1661817600000.0
2022-08-31 00:00:00+00:00,-7.45e-06,1661904000000.0
2022-09-01 00:00:00+00:00,0.0001,1661990400000.0
2022-09-02 00:00:00+00:00,-2.902e-05,1662076800000.0
2022-09-03 00:00:00+00:00,-5.628e-05,1662163200000.0
2022-09-04 00:00:00+00:00,-0.00024568,1662249600000.0
2022-09-05 00:00:00+00:00,-3.076e-05,1662336000000.0
2022-09-06 00:00:00+00:00,0.0001,1662422400000.0
2022-09-07 00:00:00+00:00,0.0001,1662508800000.0
2022-09-08 00:00:00+00:00,-7.006e-05,1662595200000.0
2022-09-09 00:00:00+00:00,0.0001,1662681600000.0
2022-09-10 00:00:00+00:00,0.0001,1662768000000.0
2022-09-11 00:00:00+00:00,0.0001,1662854400000.0
2022-09-12 00:00:00+00:00,6.834e-05,1662940800000.0
2022-09-13 00:00:00+00:00,0.0001,1663027200000.0
2022-09-14 00:00:00+00:00,-0.00014398,1663113600000.0
2022-09-15 00:00:00+00:00,1.615e-05,1663200000000.0
2022-09-16 00:00:00+00:00,-6.874e-05,1663286400000.0
2022-09-17 00:00:00+00:00,-2.803e-05,1663372800000.0
2022-09-18 00:00:00+00:00,-8.688e-05,1663459200000.0
2022-09-19 00:00:00+00:00,-0.0001608,1663545600000.0
2022-09-20 00:00:00+00:00,4.06e-06,1663632000000.0
2022-09-21 00:00:00+00:00,-0.00021374,1663718400000.0
2022-09-22 00:00:00+00:00,-0.00023758,1663804800000.0
2022-09-23 00:00:00+00:00,0.0001,1663891200000.0
2022-09-24 00:00:00+00:00,0.0001,1663977600000.0
2022-09-25 00:00:00+00:00,0.0001,1664064000000.0
2022-09-26 00:00:00+00:00,7.696e-05,1664150400000.0
2022-09-27 00:00:00+00:00,6.607e-05,1664236800000.0
2022-09-28 00:00:00+00:00,1.962e-05,1664323200000.0
2022-09-29 00:00:00+00:00,7.388e-05,1664409600000.0
2022-09-30 00:00:00+00:00,1.587e-05,1664496000000.0
2022-10-01 00:00:00+00:00,0.0001,1664582400000.0
2022-10-02 00:00:00+00:00,0.0001,1664668800000.0
2022-10-03 00:00:00+00:00,2.983e-05,1664755200000.0
2022-10-04 00:00:00+00:00,-4.616e-05,1664841600000.0
2022-10-05 00:00:00+00:00,-5.191e-05,1664928000000.0
2022-10-06 00:00:00+00:00,8.06e-06,1665014400000.0
2022-10-07 00:00:00+00:00,-0.00012466,1665100800000.0
2022-10-08 00:00:00+00:00,1.937e-05,1665187200000.0
2022-10-09 00:00:00+00:00,6.367e-05,1665273600000.0
2022-10-10 00:00:00+00:00,9.834e-05,1665360000000.0
2022-10-11 00:00:00+00:00,0.0001,1665446400000.0
2022-10-12 00:00:00+00:00,6.995e-05,1665532800000.0
2022-10-13 00:00:00+00:00,-0.00018293,1665619200000.0
2022-10-14 00:00:00+00:00,4.59e-06,1665705600000.0
2022-10-15 00:00:00+00:00,-0.0001458,1665792000000.0
2022-10-16 00:00:00+00:00,-4.318e-05,1665878400000.0
2022-10-17 00:00:00+00:00,-3.818e-05,1665964800000.0
2022-10-18 00:00:00+00:00,-0.00018391,1666051200000.0
2022-10-19 00:00:00+00:00,-0.00011464,1666137600000.0
2022-10-20 00:00:00+00:00,-2.39e-05,1666224000000.0
2022-10-21 00:00:00+00:00,5.633e-05,1666310400000.0
2022-10-22 00:00:00+00:00,-0.00026654,1666396800000.0
2022-10-23 00:00:00+00:00,-3.284e-05,1666483200000.0
2022-10-24 00:00:00+00:00,-0.00022267,1666569600000.0
2022-10-25 00:00:00+00:00,-0.00016848,1666656000000.0
2022-10-26 00:00:00+00:00,-0.00035684,1666742400000.0
2022-10-27 00:00:00+00:00,4.03e-05,1666828800000.0
2022-10-28 00:00:00+00:00,7.537e-05,1666915200000.0
2022-10-29 00:00:00+00:00,8.063e-05,1667001600000.0
2022-10-30 00:00:00+00:00,6.209e-05,1667088000000.0
2022-10-31 00:00:00+00:00,0.0001,1667174400000.0
2022-11-01 00:00:00+00:00,-4.343e-05,1667260800000.0
2022-11-02 00:00:00+00:00,5.598e-05,1667347200000.0
2022-11-03 00:00:00+00:00,-7.84e-06,1667433600000.0
2022-11-04 00:00:00+00:00,-2.019e-05,1667520000000.0
2022-11-05 00:00:00+00:00,0.0001,1667606400000.0
2022-11-06 00:00:00+00:00,9.095e-05,1667692800000.0
2022-11-07 00:00:00+00:00,7.737e-05,1667779200000.0
2022-11-08 00:00:00+00:00,0.0001,1667865600000.0
2022-11-09 00:00:00+00:00,-0.00042018,1667952000000.0
2022-11-10 00:00:00+00:00,-0.00023546,1668038400000.0
2022-11-11 00:00:00+00:00,0.0001,1668124800000.0
2022-11-12 00:00:00+00:00,0.0001,1668211200000.0
2022-11-13 00:00:00+00:00,0.0001,1668297600000.0
2022-11-14 00:00:00+00:00,0.0001,1668384000000.0
2022-11-15 00:00:00+00:00,0.0001,1668470400000.0
2022-11-16 00:00:00+00:00,0.0001,1668556800000.0
2022-11-17 00:00:00+00:00,0.0001,1668643200000.0
2022-11-18 00:00:00+00:00,0.0001,1668729600000.0
2022-11-19 00:00:00+00:00,0.0001,1668816000000.0
2022-11-20 00:00:00+00:00,0.0001,1668902400000.0
2022-11-21 00:00:00+00:00,0.0001,1668988800000.0
2022-11-22 00:00:00+00:00,0.0001,1669075200000.0
2022-11-23 00:00:00+00:00,0.0001,1669161600000.0
2022-11-24 00:00:00+00:00,0.0001,1669248000000.0
2022-11-25 00:00:00+00:00,0.0001,1669334400000.0
2022-11-26 00:00:00+00:00,0.0001,1669420800000.0
2022-11-27 00:00:00+00:00,0.0001,1669507200000.0
2022-11-28 00:00:00+00:00,0.0001,1669593600000.0
2022-11-29 00:00:00+00:00,0.0001,1669680000000.0
2022-11-30 00:00:00+00:00,0.0001,1669766400000.0
2022-12-01 00:00:00+00:00,0.0001,1669852800000.0
2022-12-02 00:00:00+00:00,0.0001,1669939200000.0
2022-12-03 00:00:00+00:00,0.0001,1670025600000.0
2022-12-04 00:00:00+00:00,0.0001,1670112000000.0
2022-12-05 00:00:00+00:00,0.0001,1670198400000.0
2022-12-06 00:00:00+00:00,0.0001,1670284800000.0
2022-12-07 00:00:00+00:00,0.0001,1670371200000.0
2022-12-08 00:00:00+00:00,0.0001,1670457600000.0
2022-12-09 00:00:00+00:00,0.0001,1670544000000.0
2022-12-10 00:00:00+00:00,0.0001,1670630400000.0
2022-12-11 00:00:00+00:00,0.0001,1670716800000.0
2022-12-12 00:00:00+00:00,0.0001,1670803200000.0
2022-12-13 00:00:00+00:00,0.0001,1670889600000.0
2022-12-14 00:00:00+00:00,0.0001,1670976000000.0
2022-12-15 00:00:00+00:00,0.0001,1671062400000.0
2022-12-16 00:00:00+00:00,0.0001,1671148800000.0
2022-12-17 00:00:00+00:00,0.0001,1671235200000.0
2022-12-18 00:00:00+00:00,-9.246e-05,1671321600000.0
2022-12-19 00:00:00+00:00,0.0001,1671408000000.0
2022-12-20 00:00:00+00:00,0.0001,1671494400000.0
2022-12-21 00:00:00+00:00,0.0001,1671580800000.0
2022-12-22 00:00:00+00:00,0.0001,1671667200000.0
2022-12-23 00:00:00+00:00,0.0001,1671753600000.0
2022-12-24 00:00:00+00:00,0.0001,1671840000000.0
2022-12-25 00:00:00+00:00,0.0001,1671926400000.0
2022-12-26 00:00:00+00:00,0.0001,1672012800000.0
2022-12-27 00:00:00+00:00,0.0001,1672099200000.0
2022-12-28 00:00:00+00:00,0.0001,1672185600000.0
2022-12-29 00:00:00+00:00,0.0001,1672272000000.0
2022-12-30 00:00:00+00:00,-0.00010227,1672358400000.0
2022-12-31 00:00:00+00:00,0.0001,1672444800000.0
2023-01-01 00:00:00+00:00,0.0001,1672531200000.0
2023-01-02 00:00:00+00:00,0.0001,1672617600000.0
2023-01-03 00:00:00+00:00,0.0001,1672704000000.0
2023-01-04 00:00:00+00:00,0.0001,1672790400000.0
2023-01-05 00:00:00+00:00,3.97e-05,1672876800000.0
2023-01-06 00:00:00+00:00,0.0001,1672963200000.0
2023-01-07 00:00:00+00:00,0.0001,1673049600000.0
2023-01-08 00:00:00+00:00,6.126e-05,1673136000000.0
2023-01-09 00:00:00+00:00,6.9e-07,1673222400000.0
2023-01-10 00:00:00+00:00,0.0001,1673308800000.0
2023-01-11 00:00:00+00:00,0.0001,1673395200000.0
2023-01-12 00:00:00+00:00,0.0001,1673481600000.0
2023-01-13 00:00:00+00:00,0.0001,1673568000000.0
2023-01-14 00:00:00+00:00,0.0001,1673654400000.0
2023-01-15 00:00:00+00:00,0.0001,1673740800000.0
2023-01-16 00:00:00+00:00,0.0001,1673827200000.0
2023-01-17 00:00:00+00:00,0.0001,1673913600000.0
2023-01-18 00:00:00+00:00,0.0001,1674000000000.0
2023-01-19 00:00:00+00:00,0.0001,1674086400000.0
2023-01-20 00:00:00+00:00,0.0001,1674172800000.0
2023-01-21 00:00:00+00:00,0.0001,1674259200000.0
2023-01-22 00:00:00+00:00,0.0001,1674345600000.0
2023-01-23 00:00:00+00:00,0.0001,1674432000000.0
2023-01-24 00:00:00+00:00,0.0001,1674518400000.0
2023-01-25 00:00:00+00:00,0.0001,1674604800000.0
2023-01-26 00:00:00+00:00,0.0001,1674691200000.0
2023-01-27 00:00:00+00:00,0.0001,1674777600000.0
2023-01-28 00:00:00+00:00,0.0001,1674864000000.0
2023-01-29 00:00:00+00:00,0.0001,1674950400000.0
2023-01-30 00:00:00+00:00,0.0001,1675036800000.0
2023-01-31 00:00:00+00:00,0.0001,1675123200000.0
2023-02-01 00:00:00+00:00,0.0001,1675209600000.0
2023-02-02 00:00:00+00:00,0.0001,1675296000000.0
2023-02-03 00:00:00+00:00,0.0001,1675382400000.0
2023-02-04 00:00:00+00:00,0.0001,1675468800000.0
2023-02-05 00:00:00+00:00,0.0001,1675555200000.0
2023-02-06 00:00:00+00:00,0.0001,1675641600000.0
2023-02-07 00:00:00+00:00,0.0001,1675728000000.0
2023-02-08 00:00:00+00:00,0.0001,1675814400000.0
2023-02-09 00:00:00+00:00,0.0001,1675900800000.0
2023-02-10 00:00:00+00:00,0.0001,1675987200000.0
2023-02-11 00:00:00+00:00,0.0001,1676073600000.0
2023-02-12 00:00:00+00:00,-5.742e-05,1676160000000.0
2023-02-13 00:00:00+00:00,-5.991e-05,1676246400000.0
2023-02-14 00:00:00+00:00,0.0001,1676332800000.0
2023-02-15 00:00:00+00:00,0.0001,1676419200000.0
2023-02-16 00:00:00+00:00,0.0001,1676505600000.0
2023-02-17 00:00:00+00:00,0.0001,1676592000000.0
2023-02-18 00:00:00+00:00,0.0001,1676678400000.0
2023-02-19 00:00:00+00:00,0.0001,1676764800000.0
2023-02-20 00:00:00+00:00,0.0001,1676851200000.0
2023-02-21 00:00:00+00:00,0.0001,1676937600000.0
2023-02-22 00:00:00+00:00,0.0001,1677024000000.0
2023-02-23 00:00:00+00:00,0.0001,1677110400000.0
2023-02-24 00:00:00+00:00,0.0001,1677196800000.0
2023-02-25 00:00:00+00:00,0.0001,1677283200000.0
2023-02-26 00:00:00+00:00,0.0001,1677369600000.0
2023-02-27 00:00:00+00:00,0.0001,1677456000000.0
2023-02-28 00:00:00+00:00,7.331e-05,1677542400000.0
2023-03-01 00:00:00+00:00,0.0001,1677628800000.0
2023-03-02 00:00:00+00:00,0.0001,1677715200000.0
2023-03-03 00:00:00+00:00,0.0001,1677801600000.0
2023-03-04 00:00:00+00:00,0.0001,1677888000000.0
2023-03-05 00:00:00+00:00,0.0001,1677974400000.0
2023-03-06 00:00:00+00:00,0.0001,1678060800000.0
2023-03-07 00:00:00+00:00,0.0001,1678147200000.0
2023-03-08 00:00:00+00:00,0.0001,1678233600000.0
2023-03-09 00:00:00+00:00,0.0001,1678320000000.0
2023-03-10 00:00:00+00:00,-0.00019967,1678406400000.0
2023-03-11 00:00:00+00:00,0.0001,1678492800000.0
2023-03-12 00:00:00+00:00,0.0001,1678579200000.0
2023-03-13 00:00:00+00:00,0.0001,1678665600000.0
2023-03-14 00:00:00+00:00,0.0001,1678752000000.0
2023-03-15 00:00:00+00:00,0.0001,1678838400000.0
2023-03-16 00:00:00+00:00,0.0001,1678924800000.0
2023-03-17 00:00:00+00:00,0.0001,1679011200000.0
2023-03-18 00:00:00+00:00,0.0001,1679097600000.0
2023-03-19 00:00:00+00:00,0.0001,1679184000000.0
2023-03-20 00:00:00+00:00,0.0001,1679270400000.0
2023-03-21 00:00:00+00:00,0.0001,1679356800000.0
2023-03-22 00:00:00+00:00,0.0001,1679443200000.0
2023-03-23 00:00:00+00:00,0.0001,1679529600000.0
2023-03-24 00:00:00+00:00,0.0001,1679616000000.0
2023-03-25 00:00:00+00:00,0.0001,1679702400000.0
2023-03-26 00:00:00+00:00,0.0001,1679788800000.0
2023-03-27 00:00:00+00:00,0.0001,1679875200000.0
2023-03-28 00:00:00+00:00,5.19e-06,1679961600000.0
2023-03-29 00:00:00+00:00,7.884e-05,1680048000000.0
2023-03-30 00:00:00+00:00,0.0001,1680134400000.0
2023-03-31 00:00:00+00:00,0.0001,1680220800000.0
2023-04-01 00:00:00+00:00,0.0001,1680307200000.0
2023-04-02 00:00:00+00:00,0.0001,1680393600000.0
2023-04-03 00:00:00+00:00,0.0001,1680480000000.0
2023-04-04 00:00:00+00:00,0.0001,1680566400000.0
2023-04-05 00:00:00+00:00,0.0001,1680652800000.0
2023-04-06 00:00:00+00:00,0.0001,1680739200000.0
2023-04-07 00:00:00+00:00,7.162e-05,1680825600000.0
2023-04-08 00:00:00+00:00,0.0001,1680912000000.0
2023-04-09 00:00:00+00:00,0.0001,1680998400000.0
2023-04-10 00:00:00+00:00,0.0001,1681084800000.0
2023-04-11 00:00:00+00:00,0.0001,1681171200000.0
2023-04-12 00:00:00+00:00,0.0001,1681257600000.0
2023-04-13 00:00:00+00:00,0.0001,1681344000000.0
2023-04-14 00:00:00+00:00,0.0001,1681430400000.0
2023-04-15 00:00:00+00:00,0.0001,1681516800000.0
2023-04-16 00:00:00+00:00,0.0001,1681603200000.0
2023-04-17 00:00:00+00:00,0.0001,1681689600000.0
2023-04-18 00:00:00+00:00,0.0001,1681776000000.0
2023-04-19 00:00:00+00:00,0.0001,1681862400000.0
2023-04-20 00:00:00+00:00,0.0001,1681948800000.0
2023-04-21 00:00:00+00:00,0.0001,1682035200000.0
2023-04-22 00:00:00+00:00,0.0001,1682121600000.0
2023-04-23 00:00:00+00:00,0.0001,1682208000000.0
2023-04-24 00:00:00+00:00,0.0001,1682294400000.0
2023-04-25 00:00:00+00:00,0.0001,1682380800000.0
2023-04-26 00:00:00+00:00,0.0001,1682467200000.0
2023-04-27 00:00:00+00:00,6.609e-05,1682553600000.0
2023-04-28 00:00:00+00:00,0.0001,1682640000000.0
2023-04-29 00:00:00+00:00,0.0001,1682726400000.0
2023-04-30 00:00:00+00:00,0.0001,1682812800000.0
2023-05-01 00:00:00+00:00,0.0001,1682899200000.0
2023-05-02 00:00:00+00:00,0.0001,1682985600000.0
2023-05-03 00:00:00+00:00,0.0001,1683072000000.0
2023-05-04 00:00:00+00:00,9.242e-05,1683158400000.0
2023-05-05 00:00:00+00:00,0.0001,1683244800000.0
2023-05-06 00:00:00+00:00,0.0001,1683331200000.0
2023-05-07 00:00:00+00:00,-2.25e-06,1683417600000.0
2023-05-08 00:00:00+00:00,0.0001,1683504000000.0
2023-05-09 00:00:00+00:00,-3.848e-05,1683590400000.0
2023-05-10 00:00:00+00:00,5.636e-05,1683676800000.0
2023-05-11 00:00:00+00:00,-1.765e-05,1683763200000.0
2023-05-12 00:00:00+00:00,-5.5e-05,1683849600000.0
2023-05-13 00:00:00+00:00,2.047e-05,1683936000000.0
2023-05-14 00:00:00+00:00,0.0001,1684022400000.0
2023-05-15 00:00:00+00:00,0.0001,1684108800000.0
2023-05-16 00:00:00+00:00,1.656e-05,1684195200000.0
2023-05-17 00:00:00+00:00,6.97e-05,1684281600000.0
2023-05-18 00:00:00+00:00,7.249e-05,1684368000000.0
2023-05-19 00:00:00+00:00,0.0001,1684454400000.0
2023-05-20 00:00:00+00:00,5.73e-06,1684540800000.0
2023-05-21 00:00:00+00:00,2.263e-05,1684627200000.0
2023-05-22 00:00:00+00:00,-1.8e-05,1684713600000.0
2023-05-23 00:00:00+00:00,0.0001,1684800000000.0
2023-05-24 00:00:00+00:00,0.0001,1684886400000.0
2023-05-25 00:00:00+00:00,0.0001,1684972800000.0
2023-05-26 00:00:00+00:00,2.282e-05,1685059200000.0
2023-05-27 00:00:00+00:00,0.0001,1685145600000.0
2023-05-28 00:00:00+00:00,0.0001,1685232000000.0
2023-05-29 00:00:00+00:00,9.28e-05,1685318400000.0
2023-05-30 00:00:00+00:00,0.0001,1685404800000.0
2023-05-31 00:00:00+00:00,0.0001,1685491200000.0
2023-06-01 00:00:00+00:00,0.0001,1685577600000.0
2023-06-02 00:00:00+00:00,-9.43e-06,1685664000000.0
2023-06-03 00:00:00+00:00,0.0001,1685750400000.0
2023-06-04 00:00:00+00:00,0.0001,1685836800000.0
2023-06-05 00:00:00+00:00,0.0001,1685923200000.0
2023-06-06 00:00:00+00:00,5.154e-05,1686009600000.0
2023-06-07 00:00:00+00:00,0.0001,1686096000000.0
2023-06-08 00:00:00+00:00,0.0001,1686182400000.0
2023-06-09 00:00:00+00:00,0.0001,1686268800000.0
2023-06-10 00:00:00+00:00,0.0001,1686355200000.0
2023-06-11 00:00:00+00:00,-0.00055134,1686441600000.0
2023-06-12 00:00:00+00:00,-0.00035068,1686528000000.0
2023-06-13 00:00:00+00:00,0.0001,1686614400000.0
2023-06-14 00:00:00+00:00,2.507e-05,1686700800000.0
2023-06-15 00:00:00+00:00,4.111e-05,1686787200000.0
2023-06-16 00:00:00+00:00,-0.00011458,1686873600000.0
2023-06-17 00:00:00+00:00,-7.829e-05,1686960000000.0
2023-06-18 00:00:00+00:00,9.572e-05,1687046400000.0
2023-06-19 00:00:00+00:00,0.0001,1687132800000.0
2023-06-20 00:00:00+00:00,-7.533e-05,1687219200000.0
2023-06-21 00:00:00+00:00,8.479e-05,1687305600000.0
2023-06-22 00:00:00+00:00,-2.172e-05,1687392000000.0
2023-06-23 00:00:00+00:00,6.07e-06,1687478400000.0
2023-06-24 00:00:00+00:00,-0.0002501,1687564800000.0
2023-06-25 00:00:00+00:00,-0.00020906,1687651200000.0
2023-06-26 00:00:00+00:00,-8.673e-05,1687737600000.0
2023-06-27 00:00:00+00:00,-0.00014173,1687824000000.0
2023-06-28 00:00:00+00:00,0.0001,1687910400000.0
2023-06-29 00:00:00+00:00,7.803e-05,1687996800000.0
2023-06-30 00:00:00+00:00,5.598e-05,1688083200000.0
2023-07-01 00:00:00+00:00,-8.43e-06,1688169600000.0
2023-07-02 00:00:00+00:00,9.878e-05,1688256000000.0
2023-07-03 00:00:00+00:00,0.0001,1688342400000.0
2023-07-04 00:00:00+00:00,0.0001,1688428800000.0
2023-07-05 00:00:00+00:00,0.0001,1688515200000.0
2023-07-06 00:00:00+00:00,-1.193e-05,1688601600000.0
2023-07-07 00:00:00+00:00,-1.129e-05,1688688000000.0
2023-07-08 00:00:00+00:00,-2.387e-05,1688774400000.0
2023-07-09 00:00:00+00:00,3.313e-05,1688860800000.0
2023-07-10 00:00:00+00:00,4.88e-06,1688947200000.0
2023-07-11 00:00:00+00:00,0.0001,1689033600000.0
2023-07-12 00:00:00+00:00,0.0001,1689120000000.0
2023-07-13 00:00:00+00:00,0.0001,1689206400000.0
2023-07-14 00:00:00+00:00,0.0001,1689292800000.0
2023-07-15 00:00:00+00:00,0.0001,1689379200000.0
2023-07-16 00:00:00+00:00,0.0001,1689465600000.0
2023-07-17 00:00:00+00:00,0.0001,1689552000000.0
2023-07-18 00:00:00+00:00,0.0001,1689638400000.0
2023-07-19 00:00:00+00:00,0.0001,1689724800000.0
2023-07-20 00:00:00+00:00,0.0001,1689811200000.0
2023-07-21 00:00:00+00:00,0.0001,1689897600000.0
2023-07-22 00:00:00+00:00,0.0001,1689984000000.0
2023-07-23 00:00:00+00:00,0.0001,1690070400000.0
2023-07-24 00:00:00+00:00,0.0001,1690156800000.0
2023-07-25 00:00:00+00:00,0.0001,1690243200000.0
2023-07-26 00:00:00+00:00,0.0001,1690329600000.0
2023-07-27 00:00:00+00:00,0.0001,1690416000000.0
2023-07-28 00:00:00+00:00,0.0001,1690502400000.0
2023-07-29 00:00:00+00:00,0.0001,1690588800000.0
2023-07-30 00:00:00+00:00,0.0001,1690675200000.0
2023-07-31 00:00:00+00:00,0.0001,1690761600000.0
2023-08-01 00:00:00+00:00,0.0001,1690848000000.0
2023-08-02 00:00:00+00:00,0.0001,1690934400000.0
2023-08-03 00:00:00+00:00,0.0001,1691020800000.0
2023-08-04 00:00:00+00:00,0.0001,1691107200000.0
2023-08-05 00:00:00+00:00,0.0001,1691193600000.0
2023-08-06 00:00:00+00:00,0.0001,1691280000000.0
2023-08-07 00:00:00+00:00,0.0001,1691366400000.0
2023-08-08 00:00:00+00:00,0.0001,1691452800000.0
2023-08-09 00:00:00+00:00,0.0001,1691539200000.0
2023-08-10 00:00:00+00:00,0.0001,1691625600000.0
2023-08-11 00:00:00+00:00,0.0001,1691712000000.0
2023-08-12 00:00:00+00:00,0.0001,1691798400000.0
2023-08-13 00:00:00+00:00,0.0001,1691884800000.0
2023-08-14 00:00:00+00:00,0.0001,1691971200000.0
2023-08-15 00:00:00+00:00,0.0001,1692057600000.0
2023-08-16 00:00:00+00:00,-7.126e-05,1692144000000.0
2023-08-17 00:00:00+00:00,-0.00014447,1692230400000.0
2023-08-18 00:00:00+00:00,-0.00050108,1692316800000.0
2023-08-19 00:00:00+00:00,9.124e-05,1692403200000.0
2023-08-20 00:00:00+00:00,6.001e-05,1692489600000.0
2023-08-21 00:00:00+00:00,6.572e-05,1692576000000.0
2023-08-22 00:00:00+00:00,-2.078e-05,1692662400000.0
2023-08-23 00:00:00+00:00,-4.077e-05,1692748800000.0
2023-08-24 00:00:00+00:00,-8.68e-05,1692835200000.0
2023-08-25 00:00:00+00:00,5.282e-05,1692921600000.0
2023-08-26 00:00:00+00:00,-1.819e-05,1693008000000.0
2023-08-27 00:00:00+00:00,4.935e-05,1693094400000.0
2023-08-28 00:00:00+00:00,3.594e-05,1693180800000.0
2023-08-29 00:00:00+00:00,0.0001,1693267200000.0
2023-08-30 00:00:00+00:00,0.0001,1693353600000.0
2023-08-31 00:00:00+00:00,0.0001,1693440000000.0
2023-09-01 00:00:00+00:00,-0.00020268,1693526400000.0
2023-09-02 00:00:00+00:00,-9.01e-06,1693612800000.0
2023-09-03 00:00:00+00:00,-7.101e-05,1693699200000.0
2023-09-04 00:00:00+00:00,-8.25e-05,1693785600000.0
2023-09-05 00:00:00+00:00,-6.78e-06,1693872000000.0
2023-09-06 00:00:00+00:00,-5.1e-05,1693958400000.0
2023-09-07 00:00:00+00:00,0.0001,1694044800000.0
2023-09-08 00:00:00+00:00,2.096e-05,1694131200000.0
2023-09-09 00:00:00+00:00,-5.94e-06,1694217600000.0
2023-09-10 00:00:00+00:00,-5.896e-05,1694304000000.0
2023-09-11 00:00:00+00:00,1.73e-06,1694390400000.0
2023-09-12 00:00:00+00:00,-7.337e-05,1694476800000.0
2023-09-13 00:00:00+00:00,8.192e-05,1694563200000.0
2023-09-14 00:00:00+00:00,7.093e-05,1694649600000.0
2023-09-15 00:00:00+00:00,2.627e-05,1694736000000.0
2023-09-16 00:00:00+00:00,0.0001,1694822400000.0
2023-09-17 00:00:00+00:00,6.066e-05,1694908800000.0
2023-09-18 00:00:00+00:00,-5.821e-05,1694995200000.0
2023-09-19 00:00:00+00:00,0.0001,1695081600000.0
2023-09-20 00:00:00+00:00,0.0001,1695168000000.0
2023-09-21 00:00:00+00:00,6.658e-05,1695254400000.0
2023-09-22 00:00:00+00:00,0.0001,1695340800000.0
2023-09-23 00:00:00+00:00,0.0001,1695427200000.0
2023-09-24 00:00:00+00:00,0.0001,1695513600000.0
2023-09-25 00:00:00+00:00,0.0001,1695600000000.0
2023-09-26 00:00:00+00:00,7.851e-05,1695686400000.0
2023-09-27 00:00:00+00:00,0.0001,1695772800000.0
2023-09-28 00:00:00+00:00,-9.45e-05,1695859200000.0
2023-09-29 00:00:00+00:00,0.0001,1695945600000.0
2023-09-30 00:00:00+00:00,0.0001,1696032000000.0
2023-10-01 00:00:00+00:00,7.83e-06,1696118400000.0
2023-10-02 00:00:00+00:00,0.0001,1696204800000.0
2023-10-03 00:00:00+00:00,0.0001,1696291200000.0
2023-10-04 00:00:00+00:00,0.0001,1696377600000.0
2023-10-05 00:00:00+00:00,3.922e-05,1696464000000.0
2023-10-06 00:00:00+00:00,-1.147e-05,1696550400000.0
2023-10-07 00:00:00+00:00,-1.11e-05,1696636800000.0
2023-10-08 00:00:00+00:00,0.0001,1696723200000.0
2023-10-09 00:00:00+00:00,6.163e-05,1696809600000.0
2023-10-10 00:00:00+00:00,8.38e-06,1696896000000.0
2023-10-11 00:00:00+00:00,0.0001,1696982400000.0
2023-10-12 00:00:00+00:00,8.746e-05,1697068800000.0
2023-10-13 00:00:00+00:00,3.993e-05,1697155200000.0
2023-10-14 00:00:00+00:00,-0.00027983,1697241600000.0
2023-10-15 00:00:00+00:00,-4.735e-05,1697328000000.0
2023-10-16 00:00:00+00:00,2.362e-05,1697414400000.0
2023-10-17 00:00:00+00:00,0.0001,1697500800000.0
2023-10-18 00:00:00+00:00,0.0001,1697587200000.0
2023-10-19 00:00:00+00:00,-0.00011948,1697673600000.0
2023-10-20 00:00:00+00:00,0.0001,1697760000000.0
2023-10-21 00:00:00+00:00,-1.233e-05,1697846400000.0
2023-10-22 00:00:00+00:00,0.0001,1697932800000.0
2023-10-23 00:00:00+00:00,0.0001,1698019200000.0
2023-10-24 00:00:00+00:00,0.0001,1698105600000.0
2023-10-25 00:00:00+00:00,0.0001,1698192000000.0
2023-10-26 00:00:00+00:00,0.0001,1698278400000.0
2023-10-27 00:00:00+00:00,0.0001,1698364800000.0
2023-10-28 00:00:00+00:00,0.0001,1698451200000.0
2023-10-29 00:00:00+00:00,0.0001,1698537600000.0
2023-10-30 00:00:00+00:00,0.0001,1698624000000.0
2023-10-31 00:00:00+00:00,0.0001,1698710400000.0
2023-11-01 00:00:00+00:00,0.0001,1698796800000.0
2023-11-02 00:00:00+00:00,0.00021698,1698883200000.0
2023-11-03 00:00:00+00:00,0.0001,1698969600000.0
2023-11-04 00:00:00+00:00,0.0001,1699056000000.0
2023-11-05 00:00:00+00:00,0.0001,1699142400000.0
2023-11-06 00:00:00+00:00,0.00010966,1699228800000.0
2023-11-07 00:00:00+00:00,0.00022788,1699315200000.0
2023-11-08 00:00:00+00:00,0.0001,1699401600000.0
2023-11-09 00:00:00+00:00,0.00019826,1699488000000.0
2023-11-10 00:00:00+00:00,0.0001,1699574400000.0
2023-11-11 00:00:00+00:00,0.00028506,1699660800000.0
2023-11-12 00:00:00+00:00,0.00037814,1699747200000.0
2023-11-13 00:00:00+00:00,0.00037258,1699833600000.0
2023-11-14 00:00:00+00:00,0.0001,1699920000000.0
2023-11-15 00:00:00+00:00,0.0001,1700006400000.0
2023-11-16 00:00:00+00:00,0.0001,1700092800000.0
2023-11-17 00:00:00+00:00,0.0001,1700179200000.0
2023-11-18 00:00:00+00:00,0.0001,1700265600000.0
2023-11-19 00:00:00+00:00,0.0001,1700352000000.0
2023-11-20 00:00:00+00:00,0.0001,1700438400000.0
2023-11-21 00:00:00+00:00,0.0001,1700524800000.0
2023-11-22 00:00:00+00:00,0.0001,1700611200000.0
2023-11-23 00:00:00+00:00,0.0001,1700697600000.0
2023-11-24 00:00:00+00:00,0.0001,1700784000000.0
2023-11-25 00:00:00+00:00,0.0001,1700870400000.0
2023-11-26 00:00:00+00:00,0.0001,1700956800000.0
2023-11-27 00:00:00+00:00,0.0001,1701043200000.0
2023-11-28 00:00:00+00:00,0.0001,1701129600000.0
2023-11-29 00:00:00+00:00,0.0001,1701216000000.0
2023-11-30 00:00:00+00:00,0.0001,1701302400000.0
2023-12-01 00:00:00+00:00,0.0001,1701388800000.0
2023-12-02 00:00:00+00:00,0.0001,1701475200000.0
2023-12-03 00:00:00+00:00,0.00025623,1701561600000.0
2023-12-04 00:00:00+00:00,0.00021912,1701648000000.0
2023-12-05 00:00:00+00:00,0.00017712,1701734400000.0
2023-12-06 00:00:00+00:00,0.00026171,1701820800000.0
2023-12-07 00:00:00+00:00,0.00015757,1701907200000.0
2023-12-08 00:00:00+00:00,0.00031049,1701993600000.0
2023-12-09 00:00:00+00:00,0.00035946,1702080000000.0
2023-12-10 00:00:00+00:00,0.00041931,1702166400000.0
2023-12-11 00:00:00+00:00,0.000194,1702252800000.0
2023-12-12 00:00:00+00:00,0.00011134,1702339200000.0
2023-12-13 00:00:00+00:00,0.00019274,1702425600000.0
2023-12-14 00:00:00+00:00,0.00025342,1702512000000.0
2023-12-15 00:00:00+00:00,0.0001,1702598400000.0
2023-12-16 00:00:00+00:00,0.00030084,1702684800000.0
2023-12-17 00:00:00+00:00,0.0001,1702771200000.0
2023-12-18 00:00:00+00:00,0.00028217,1702857600000.0
2023-12-19 00:00:00+00:00,0.0001,1702944000000.0
2023-12-20 00:00:00+00:00,0.0001,1703030400000.0
2023-12-21 00:00:00+00:00,0.00010103,1703116800000.0
2023-12-22 00:00:00+00:00,0.00042907,1703203200000.0
2023-12-23 00:00:00+00:00,0.00032831,1703289600000.0
2023-12-24 00:00:00+00:00,0.00024023,1703376000000.0
2023-12-25 00:00:00+00:00,0.00023759,1703462400000.0
2023-12-26 00:00:00+00:00,0.00092247,1703548800000.0
2023-12-27 00:00:00+00:00,0.0001853,1703635200000.0
2023-12-28 00:00:00+00:00,0.00083856,1703721600000.0
2023-12-29 00:00:00+00:00,0.00051484,1703808000000.0
2023-12-30 00:00:00+00:00,0.0002398,1703894400000.0
2023-12-31 00:00:00+00:00,0.00041587,1703980800000.0
2024-01-01 00:00:00+00:00,0.00022195,1704067200000.0
2024-01-02 00:00:00+00:00,0.00081431,1704153600000.0
2024-01-03 00:00:00+00:00,0.00045604,1704240000000.0
2024-01-04 00:00:00+00:00,0.0001,1704326400000.0
2024-01-05 00:00:00+00:00,0.0001,1704412800000.0
2024-01-06 00:00:00+00:00,0.0001,1704499200000.0
2024-01-07 00:00:00+00:00,0.0001,1704585600000.0
2024-01-08 00:00:00+00:00,0.0001,1704672000000.0
2024-01-09 00:00:00+00:00,0.0001,1704758400000.0
2024-01-10 00:00:00+00:00,0.0001,1704844800000.0
2024-01-11 00:00:00+00:00,0.0001,1704931200000.0
2024-01-12 00:00:00+00:00,0.0001,1705017600000.0
2024-01-13 00:00:00+00:00,0.0001,1705104000000.0
2024-01-14 00:00:00+00:00,0.0001,1705190400000.0
2024-01-15 00:00:00+00:00,0.0001,1705276800000.0
2024-01-16 00:00:00+00:00,0.0001,1705363200000.0
2024-01-17 00:00:00+00:00,0.0001,1705449600000.0
2024-01-18 00:00:00+00:00,0.0001,1705536000000.0
2024-01-19 00:00:00+00:00,0.0001,1705622400000.0
2024-01-20 00:00:00+00:00,0.0001,1705708800000.0
2024-01-21 00:00:00+00:00,0.0001,1705795200000.0
2024-01-22 00:00:00+00:00,0.0001,1705881600000.0
2024-01-23 00:00:00+00:00,0.0001,1705968000000.0
2024-01-24 00:00:00+00:00,0.0001,1706054400000.0
2024-01-25 00:00:00+00:00,0.0001,1706140800000.0
2024-01-26 00:00:00+00:00,0.0001,1706227200000.0
2024-01-27 00:00:00+00:00,0.0001,1706313600000.0
2024-01-28 00:00:00+00:00,0.0001,1706400000000.0
2024-01-29 00:00:00+00:00,0.0001,1706486400000.0
2024-01-30 00:00:00+00:00,0.0001,1706572800000.0
2024-01-31 00:00:00+00:00,0.0001,1706659200000.0
2024-02-01 00:00:00+00:00,0.0001,1706745600000.0
2024-02-02 00:00:00+00:00,0.0001,1706832000000.0
2024-02-03 00:00:00+00:00,0.0001,1706918400000.0
2024-02-04 00:00:00+00:00,0.0001,1707004800000.0
2024-02-05 00:00:00+00:00,0.0001,1707091200000.0
2024-02-06 00:00:00+00:00,0.0001,1707177600000.0
2024-02-07 00:00:00+00:00,0.0001,1707264000000.0
2024-02-08 00:00:00+00:00,0.0001,1707350400000.0
2024-02-09 00:00:00+00:00,0.0001,1707436800000.0
2024-02-10 00:00:00+00:00,0.0001,1707523200000.0
2024-02-11 00:00:00+00:00,0.0001,1707609600000.0
2024-02-12 00:00:00+00:00,0.0001,1707696000000.0
2024-02-13 00:00:00+00:00,0.0001,1707782400000.0
2024-02-14 00:00:00+00:00,0.0001,1707868800000.0
2024-02-15 00:00:00+00:00,0.00024954,1707955200000.0
2024-02-16 00:00:00+00:00,0.00024203,1708041600000.0
2024-02-17 00:00:00+00:00,0.00013425,1708128000000.0
2024-02-18 00:00:00+00:00,0.00015208,1708214400000.0
2024-02-19 00:00:00+00:00,0.00014253,1708300800000.0
2024-02-20 00:00:00+00:00,0.00024797,1708387200000.0
2024-02-21 00:00:00+00:00,0.0001,1708473600000.0
2024-02-22 00:00:00+00:00,0.0001,1708560000000.0
2024-02-23 00:00:00+00:00,0.0001,1708646400000.0
2024-02-24 00:00:00+00:00,0.0001,1708732800000.0
2024-02-25 00:00:00+00:00,0.00025721,1708819200000.0
2024-02-26 00:00:00+00:00,0.00031468,1708905600000.0
2024-02-27 00:00:00+00:00,0.0004349,1708992000000.0
2024-02-28 00:00:00+00:00,0.00029846,1709078400000.0
2024-02-29 00:00:00+00:00,0.0004156,1709164800000.0
2024-03-01 00:00:00+00:00,0.00043617,1709251200000.0
2024-03-02 00:00:00+00:00,0.00071458,1709337600000.0
2024-03-03 00:00:00+00:00,0.00046186,1709424000000.0
2024-03-04 00:00:00+00:00,0.00060566,1709510400000.0
2024-03-05 00:00:00+00:00,0.00060879,1709596800000.0
2024-03-06 00:00:00+00:00,0.0001,1709683200000.0
2024-03-07 00:00:00+00:00,0.00021495,1709769600000.0
2024-03-08 00:00:00+00:00,0.00060526,1709856000000.0
2024-03-09 00:00:00+00:00,0.00051282,1709942400000.0
2024-03-10 00:00:00+00:00,0.0008965,1710028800000.0
2024-03-11 00:00:00+00:00,0.00038749,1710115200000.0
2024-03-12 00:00:00+00:00,0.00083335,1710201600000.0
2024-03-13 00:00:00+00:00,0.00037463,1710288000000.0
2024-03-14 00:00:00+00:00,0.0004507,1710374400000.0
2024-03-15 00:00:00+00:00,0.00047659,1710460800000.0
2024-03-16 00:00:00+00:00,0.00016402,1710547200000.0
2024-03-17 00:00:00+00:00,0.0001,1710633600000.0
2024-03-18 00:00:00+00:00,0.00013187,1710720000000.0
2024-03-19 00:00:00+00:00,0.0001,1710806400000.0
2024-03-20 00:00:00+00:00,0.0001,1710892800000.0
2024-03-21 00:00:00+00:00,0.0001,1710979200000.0
2024-03-22 00:00:00+00:00,0.0001,1711065600000.0
2024-03-23 00:00:00+00:00,0.0001,1711152000000.0
2024-03-24 00:00:00+00:00,0.00010626,1711238400000.0
2024-03-25 00:00:00+00:00,0.00014348,1711324800000.0
2024-03-26 00:00:00+00:00,0.00037662,1711411200000.0
2024-03-27 00:00:00+00:00,0.00049791,1711497600000.0
2024-03-28 00:00:00+00:00,0.00029273,1711584000000.0
2024-03-29 00:00:00+00:00,0.00055805,1711670400000.0
2024-03-30 00:00:00+00:00,0.00029398,1711756800000.0
2024-03-31 00:00:00+00:00,0.00033412,1711843200000.0
2024-04-01 00:00:00+00:00,0.00065661,1711929600000.0
2024-04-02 00:00:00+00:00,0.00019067,1712016000000.0
2024-04-03 00:00:00+00:00,0.0001,1712102400000.0
2024-04-04 00:00:00+00:00,0.0001,1712188800000.0
2024-04-05 00:00:00+00:00,0.0001,1712275200000.0
2024-04-06 00:00:00+00:00,0.00013182,1712361600000.0
2024-04-07 00:00:00+00:00,0.00020719,1712448000000.0
2024-04-08 00:00:00+00:00,0.00023389,1712534400000.0
2024-04-09 00:00:00+00:00,0.00041646,1712620800000.0
2024-04-10 00:00:00+00:00,0.00022603,1712707200000.0
2024-04-11 00:00:00+00:00,0.0001,1712793600000.0
2024-04-12 00:00:00+00:00,0.0001296,1712880000000.0
2024-04-13 00:00:00+00:00,0.0001,1712966400000.0
2024-04-14 00:00:00+00:00,-4.944e-05,1713052800000.0
2024-04-15 00:00:00+00:00,0.0001,1713139200000.0
2024-04-16 00:00:00+00:00,0.0001,1713225600000.0
2024-04-17 00:00:00+00:00,9.37e-05,1713312000000.0
2024-04-18 00:00:00+00:00,3.074e-05,1713398400000.0
2024-04-19 00:00:00+00:00,2.452e-05,1713484800000.0
2024-04-20 00:00:00+00:00,0.0001,1713571200000.0
2024-04-21 00:00:00+00:00,0.0001,1713657600000.0
2024-04-22 00:00:00+00:00,0.0001,1713744000000.0
2024-04-23 00:00:00+00:00,0.0001,1713830400000.0
2024-04-24 00:00:00+00:00,5.919e-05,1713916800000.0
2024-04-25 00:00:00+00:00,9.933e-05,1714003200000.0
2024-04-26 00:00:00+00:00,3.435e-05,1714089600000.0
2024-04-27 00:00:00+00:00,2.918e-05,1714176000000.0
2024-04-28 00:00:00+00:00,-2.802e-05,1714262400000.0
2024-04-29 00:00:00+00:00,0.0001,1714348800000.0
2024-04-30 00:00:00+00:00,7.333e-05,1714435200000.0
2024-05-01 00:00:00+00:00,0.0001,1714521600000.0
2024-05-02 00:00:00+00:00,4.496e-05,1714608000000.0
2024-05-03 00:00:00+00:00,1.658e-05,1714694400000.0
2024-05-04 00:00:00+00:00,9.313e-05,1714780800000.0
2024-05-05 00:00:00+00:00,0.0001,1714867200000.0
2024-05-06 00:00:00+00:00,0.0001,1714953600000.0
2024-05-07 00:00:00+00:00,0.0001,1715040000000.0
2024-05-08 00:00:00+00:00,6.389e-05,1715126400000.0
2024-05-09 00:00:00+00:00,0.0001,1715212800000.0
2024-05-10 00:00:00+00:00,0.0001,1715299200000.0
2024-05-11 00:00:00+00:00,2.919e-05,1715385600000.0
2024-05-12 00:00:00+00:00,0.0001,1715472000000.0
2024-05-13 00:00:00+00:00,7.052e-05,1715558400000.0
2024-05-14 00:00:00+00:00,7.55e-05,1715644800000.0
2024-05-15 00:00:00+00:00,4.541e-05,1715731200000.0
2024-05-16 00:00:00+00:00,0.0001,1715817600000.0
2024-05-17 00:00:00+00:00,0.0001,1715904000000.0
2024-05-18 00:00:00+00:00,0.0001,1715990400000.0
2024-05-19 00:00:00+00:00,0.0001,1716076800000.0
2024-05-20 00:00:00+00:00,0.0001,1716163200000.0
2024-05-21 00:00:00+00:00,0.0001,1716249600000.0
2024-05-22 00:00:00+00:00,0.00017784,1716336000000.0
2024-05-23 00:00:00+00:00,0.0001,1716422400000.0
2024-05-24 00:00:00+00:00,0.0001,1716508800000.0
2024-05-25 00:00:00+00:00,0.0001,1716595200000.0
2024-05-26 00:00:00+00:00,0.0001,1716681600000.0
2024-05-27 00:00:00+00:00,0.0001,1716768000000.0
2024-05-28 00:00:00+00:00,0.00015199,1716854400000.0
2024-05-29 00:00:00+00:00,0.0001,1716940800000.0
2024-05-30 00:00:00+00:00,0.0001,1717027200000.0
2024-05-31 00:00:00+00:00,0.0001,1717113600000.0
2024-06-01 00:00:00+00:00,0.0001,1717200000000.0
2024-06-02 00:00:00+00:00,0.0001,1717286400000.0
2024-06-03 00:00:00+00:00,0.0001,1717372800000.0
2024-06-04 00:00:00+00:00,0.00012423,1717459200000.0
2024-06-05 00:00:00+00:00,0.0001,1717545600000.0
2024-06-06 00:00:00+00:00,0.0001,1717632000000.0
2024-06-07 00:00:00+00:00,0.0001,1717718400000.0
2024-06-08 00:00:00+00:00,0.0001,1717804800000.0
2024-06-09 00:00:00+00:00,0.0001,1717891200000.0
2024-06-10 00:00:00+00:00,0.0001,1717977600000.0
2024-06-11 00:00:00+00:00,0.0001,1718064000000.0
2024-06-12 00:00:00+00:00,0.0001,1718150400000.0
2024-06-13 00:00:00+00:00,0.0001,1718236800000.0
2024-06-14 00:00:00+00:00,0.0001,1718323200000.0
2024-06-15 00:00:00+00:00,3.381e-05,1718409600000.0
2024-06-16 00:00:00+00:00,-3.1e-07,1718496000000.0
2024-06-17 00:00:00+00:00,0.0001,1718582400000.0
2024-06-18 00:00:00+00:00,0.0001,1718668800000.0
2024-06-19 00:00:00+00:00,-8.519e-05,1718755200000.0
2024-06-20 00:00:00+00:00,9.349e-05,1718841600000.0
2024-06-21 00:00:00+00:00,-1.855e-05,1718928000000.0
2024-06-22 00:00:00+00:00,0.0001,1719014400000.0
2024-06-23 00:00:00+00:00,0.0001,1719100800000.0
2024-06-24 00:00:00+00:00,0.0001,1719187200000.0
2024-06-25 00:00:00+00:00,0.0001,1719273600000.0
2024-06-26 00:00:00+00:00,0.0001,1719360000000.0
2024-06-27 00:00:00+00:00,9.457e-05,1719446400000.0
2024-06-28 00:00:00+00:00,0.0001,1719532800000.0
2024-06-29 00:00:00+00:00,0.0001,1719619200000.0
2024-06-30 00:00:00+00:00,0.0001,1719705600000.0
2024-07-01 00:00:00+00:00,2.455e-05,1719792000000.0
2024-07-02 00:00:00+00:00,0.0001,1719878400000.0
2024-07-03 00:00:00+00:00,8.32e-05,1719964800000.0
2024-07-04 00:00:00+00:00,0.0001,1720051200000.0
2024-07-05 00:00:00+00:00,-3.982e-05,1720137600000.0
2024-07-06 00:00:00+00:00,8.947e-05,1720224000000.0
2024-07-07 00:00:00+00:00,1.359e-05,1720310400000.0
2024-07-08 00:00:00+00:00,0.0001,1720396800000.0
2024-07-09 00:00:00+00:00,7.55e-05,1720483200000.0
2024-07-10 00:00:00+00:00,0.0001,1720569600000.0
2024-07-11 00:00:00+00:00,0.0001,1720656000000.0
2024-07-12 00:00:00+00:00,7.625e-05,1720742400000.0
2024-07-13 00:00:00+00:00,3.355e-05,1720828800000.0
2024-07-14 00:00:00+00:00,0.0001,1720915200000.0
2024-07-15 00:00:00+00:00,0.0001,1721001600000.0
2024-07-16 00:00:00+00:00,0.0001,1721088000000.0
2024-07-17 00:00:00+00:00,3.684e-05,1721174400000.0
2024-07-18 00:00:00+00:00,7.668e-05,1721260800000.0
2024-07-19 00:00:00+00:00,4.949e-05,1721347200000.0
2024-07-20 00:00:00+00:00,0.0001,1721433600000.0
2024-07-21 00:00:00+00:00,0.0001,1721520000000.0
2024-07-22 00:00:00+00:00,1.366e-05,1721606400000.0
2024-07-23 00:00:00+00:00,0.0001,1721692800000.0
2024-07-24 00:00:00+00:00,0.0001,1721779200000.0
2024-07-25 00:00:00+00:00,0.0001,1721865600000.0
2024-07-26 00:00:00+00:00,-3.068e-05,1721952000000.0
2024-07-27 00:00:00+00:00,0.0001,1722038400000.0
2024-07-28 00:00:00+00:00,0.0001,1722124800000.0
2024-07-29 00:00:00+00:00,0.0001,1722211200000.0
2024-07-30 00:00:00+00:00,6.004e-05,1722297600000.0
2024-07-31 00:00:00+00:00,-2.495e-05,1722384000000.0
2024-08-01 00:00:00+00:00,3.484e-05,1722470400000.0
2024-08-02 00:00:00+00:00,6.04e-05,1722556800000.0
2024-08-03 00:00:00+00:00,3.66e-05,1722643200000.0
2024-08-04 00:00:00+00:00,-5.196e-05,1722729600000.0
2024-08-05 00:00:00+00:00,3.281e-05,1722816000000.0
2024-08-06 00:00:00+00:00,9.706e-05,1722902400000.0
2024-08-07 00:00:00+00:00,2.48e-05,1722988800000.0
2024-08-08 00:00:00+00:00,0.0001,1723075200000.0
2024-08-09 00:00:00+00:00,-8.032e-05,1723161600000.0
2024-08-10 00:00:00+00:00,4.491e-05,1723248000000.0
2024-08-11 00:00:00+00:00,0.0001,1723334400000.0
2024-08-12 00:00:00+00:00,-6.78e-06,1723420800000.0
2024-08-13 00:00:00+00:00,-0.00010791,1723507200000.0
2024-08-14 00:00:00+00:00,0.0001,1723593600000.0
2024-08-15 00:00:00+00:00,2.751e-05,1723680000000.0
2024-08-16 00:00:00+00:00,-3.5e-05,1723766400000.0
2024-08-17 00:00:00+00:00,0.0001,1723852800000.0
2024-08-18 00:00:00+00:00,7.828e-05,1723939200000.0
2024-08-19 00:00:00+00:00,4.702e-05,1724025600000.0
2024-08-20 00:00:00+00:00,0.0001,1724112000000.0
2024-08-21 00:00:00+00:00,6.663e-05,1724198400000.0
2024-08-22 00:00:00+00:00,5.619e-05,1724284800000.0
2024-08-23 00:00:00+00:00,4.052e-05,1724371200000.0
2024-08-24 00:00:00+00:00,0.0001,1724457600000.0
2024-08-25 00:00:00+00:00,8.876e-05,1724544000000.0
2024-08-26 00:00:00+00:00,-2.881e-05,1724630400000.0
2024-08-27 00:00:00+00:00,-2.702e-05,1724716800000.0
2024-08-28 00:00:00+00:00,-2.182e-05,1724803200000.0
2024-08-29 00:00:00+00:00,2.983e-05,1724889600000.0
2024-08-30 00:00:00+00:00,8.147e-05,1724976000000.0
2024-08-31 00:00:00+00:00,4.461e-05,1725062400000.0
2024-09-01 00:00:00+00:00,3e-06,1725148800000.0
2024-09-02 00:00:00+00:00,-7.203e-05,1725235200000.0
2024-09-03 00:00:00+00:00,-4.95e-05,1725321600000.0
2024-09-04 00:00:00+00:00,7.13e-05,1725408000000.0
2024-09-05 00:00:00+00:00,8.553e-05,1725494400000.0
2024-09-06 00:00:00+00:00,0.0001,1725580800000.0
2024-09-07 00:00:00+00:00,-0.0001041,1725667200000.0
2024-09-08 00:00:00+00:00,2.636e-05,1725753600000.0
2024-09-09 00:00:00+00:00,4.005e-05,1725840000000.0
2024-09-10 00:00:00+00:00,0.0001,1725926400000.0
2024-09-11 00:00:00+00:00,0.0001,1726012800000.0
2024-09-12 00:00:00+00:00,9.428e-05,1726099200000.0
2024-09-13 00:00:00+00:00,0.0001,1726185600000.0
2024-09-14 00:00:00+00:00,-4.913e-05,1726272000000.0
2024-09-15 00:00:00+00:00,6.504e-05,1726358400000.0
2024-09-16 00:00:00+00:00,-4.039e-05,1726444800000.0
2024-09-17 00:00:00+00:00,3.162e-05,1726531200000.0
2024-09-18 00:00:00+00:00,1.171e-05,1726617600000.0
2024-09-19 00:00:00+00:00,0.0001,1726704000000.0
2024-09-20 00:00:00+00:00,0.0001,1726790400000.0
2024-09-21 00:00:00+00:00,0.0001,1726876800000.0
2024-09-22 00:00:00+00:00,0.0001,1726963200000.0
2024-09-23 00:00:00+00:00,3.226e-05,1727049600000.0
2024-09-24 00:00:00+00:00,0.0001,1727136000000.0
2024-09-25 00:00:00+00:00,6.907e-05,1727222400000.0
2024-09-26 00:00:00+00:00,0.0001,1727308800000.0
2024-09-27 00:00:00+00:00,0.0001,1727395200000.0
2024-09-28 00:00:00+00:00,0.0001,1727481600000.0
2024-09-29 00:00:00+00:00,0.0001,1727568000000.0
2024-09-30 00:00:00+00:00,0.0001,1727654400000.0
2024-10-01 00:00:00+00:00,7.15e-05,1727740800000.0
2024-10-02 00:00:00+00:00,7.1e-05,1727827200000.0
2024-10-03 00:00:00+00:00,3.979e-05,1727913600000.0
2024-10-04 00:00:00+00:00,-6.081e-05,1728000000000.0
2024-10-05 00:00:00+00:00,0.0001,1728086400000.0
2024-10-06 00:00:00+00:00,-2.517e-05,1728172800000.0
2024-10-07 00:00:00+00:00,9.378e-05,1728259200000.0
2024-10-08 00:00:00+00:00,-0.00010556,1728345600000.0
2024-10-09 00:00:00+00:00,0.0001,1728432000000.0
2024-10-10 00:00:00+00:00,5.854e-05,1728518400000.0
2024-10-11 00:00:00+00:00,0.0001,1728604800000.0
2024-10-12 00:00:00+00:00,0.0001,1728691200000.0
2024-10-13 00:00:00+00:00,0.0001,1728777600000.0
2024-10-14 00:00:00+00:00,0.0001,1728864000000.0
2024-10-15 00:00:00+00:00,0.0001,1728950400000.0
2024-10-16 00:00:00+00:00,0.0001,1729036800000.0
2024-10-17 00:00:00+00:00,0.0001,1729123200000.0
2024-10-18 00:00:00+00:00,0.0001,1729209600000.0
2024-10-19 00:00:00+00:00,0.0001,1729296000000.0
2024-10-20 00:00:00+00:00,0.0001,1729382400000.0
2024-10-21 00:00:00+00:00,0.0001,1729468800000.0
2024-10-22 00:00:00+00:00,0.0001,1729555200000.0
2024-10-23 00:00:00+00:00,0.0001,1729641600000.0
2024-10-24 00:00:00+00:00,0.0001,1729728000000.0
2024-10-25 00:00:00+00:00,0.0001,1729814400000.0
2024-10-26 00:00:00+00:00,0.0001,1729900800000.0
2024-10-27 00:00:00+00:00,0.0001,1729987200000.0
2024-10-28 00:00:00+00:00,6.792e-05,1730073600000.0
2024-10-29 00:00:00+00:00,0.0001,1730160000000.0
2024-10-30 00:00:00+00:00,0.0001,1730246400000.0
2024-10-31 00:00:00+00:00,0.0001,1730332800000.0
2024-11-01 00:00:00+00:00,0.0001,1730419200000.0
2024-11-02 00:00:00+00:00,0.0001,1730505600000.0
2024-11-03 00:00:00+00:00,0.0001,1730592000000.0
2024-11-04 00:00:00+00:00,-5.062e-05,1730678400000.0
2024-11-05 00:00:00+00:00,-5.896e-05,1730764800000.0
2024-11-06 00:00:00+00:00,0.0001,1730851200000.0
2024-11-07 00:00:00+00:00,0.0001,1730937600000.0
2024-11-08 00:00:00+00:00,0.0001,1731024000000.0
2024-11-09 00:00:00+00:00,0.0001,1731110400000.0
2024-11-10 00:00:00+00:00,0.0001,1731196800000.0
2024-11-11 00:00:00+00:00,0.00014579,1731283200000.0
2024-11-12 00:00:00+00:00,0.00016022,1731369600000.0
2024-11-13 00:00:00+00:00,0.00022011,1731456000000.0
2024-11-14 00:00:00+00:00,0.0001,1731542400000.0
2024-11-15 00:00:00+00:00,0.0001,1731628800000.0
2024-11-16 00:00:00+00:00,0.0001,1731715200000.0
2024-11-17 00:00:00+00:00,0.00030096,1731801600000.0
2024-11-18 00:00:00+00:00,0.00015869,1731888000000.0
2024-11-19 00:00:00+00:00,0.00017952,1731974400000.0
2024-11-20 00:00:00+00:00,0.00014604,1732060800000.0
2024-11-21 00:00:00+00:00,0.0001,1732147200000.0
2024-11-22 00:00:00+00:00,0.00024778,1732233600000.0
2024-11-23 00:00:00+00:00,0.00029606,1732320000000.0
2024-11-24 00:00:00+00:00,0.00022207,1732406400000.0
2024-11-25 00:00:00+00:00,0.0001,1732492800000.0
2024-11-26 00:00:00+00:00,0.00022387,1732579200000.0
2024-11-27 00:00:00+00:00,0.0001,1732665600000.0
2024-11-28 00:00:00+00:00,0.00029085,1732752000000.0
2024-11-29 00:00:00+00:00,0.00043313,1732838400000.0
2024-11-30 00:00:00+00:00,0.0002181,1732924800000.0
2024-12-01 00:00:00+00:00,0.00029024,1733011200000.0
2024-12-02 00:00:00+00:00,0.00070632,1733097600000.0
2024-12-03 00:00:00+00:00,0.00036873,1733184000000.0
2024-12-04 00:00:00+00:00,0.00022025,1733270400000.0
2024-12-05 00:00:00+00:00,0.00050641,1733356800000.0
2024-12-06 00:00:00+00:00,0.00050796,1733443200000.0
2024-12-07 00:00:00+00:00,0.0005928,1733529600000.0
2024-12-08 00:00:00+00:00,0.00064157,1733616000000.0
2024-12-09 00:00:00+00:00,0.0004875,1733702400000.0
2024-12-10 00:00:00+00:00,0.0001,1733788800000.0
2024-12-11 00:00:00+00:00,0.0001,1733875200000.0
2024-12-12 00:00:00+00:00,0.0001,1733961600000.0
2024-12-13 00:00:00+00:00,0.0001,1734048000000.0
2024-12-14 00:00:00+00:00,0.0001,1734134400000.0
2024-12-15 00:00:00+00:00,0.0001,1734220800000.0
2024-12-16 00:00:00+00:00,0.0001,1734307200000.0
2024-12-17 00:00:00+00:00,0.0001,1734393600000.0
2024-12-18 00:00:00+00:00,0.0001,1734480000000.0
2024-12-19 00:00:00+00:00,0.0001,1734566400000.0
2024-12-20 00:00:00+00:00,-0.00011103,1734652800000.0
2024-12-21 00:00:00+00:00,5.322e-05,1734739200000.0
2024-12-22 00:00:00+00:00,0.0001,1734825600000.0
2024-12-23 00:00:00+00:00,5.732e-05,1734912000000.0
2024-12-24 00:00:00+00:00,0.0001,1734998400000.0
2024-12-25 00:00:00+00:00,0.0001,1735084800000.0
2024-12-26 00:00:00+00:00,0.0001,1735171200000.0
2024-12-27 00:00:00+00:00,9.024e-05,1735257600000.0
2024-12-28 00:00:00+00:00,0.0001,1735344000000.0
2024-12-29 00:00:00+00:00,0.0001,1735430400000.0
2024-12-30 00:00:00+00:00,-8.013e-05,1735516800000.0
2024-12-31 00:00:00+00:00,4.755e-05,1735603200000.0
2025-01-01 00:00:00+00:00,0.0001,1735689600000.0
2025-01-02 00:00:00+00:00,0.0001,1735776000000.0
2025-01-03 00:00:00+00:00,0.0001,1735862400000.0
2025-01-04 00:00:00+00:00,0.0001,1735948800000.0
2025-01-05 00:00:00+00:00,0.0001,1736035200000.0
2025-01-06 00:00:00+00:00,0.0001,1736121600000.0
2025-01-07 00:00:00+00:00,0.0001,1736208000000.0
2025-01-08 00:00:00+00:00,0.0001,1736294400000.0
2025-01-09 00:00:00+00:00,9.146e-05,1736380800000.0
2025-01-10 00:00:00+00:00,3.903e-05,1736467200000.0
2025-01-11 00:00:00+00:00,2.216e-05,1736553600000.0
2025-01-12 00:00:00+00:00,5.032e-05,1736640000000.0
2025-01-13 00:00:00+00:00,0.0001,1736726400000.0
2025-01-14 00:00:00+00:00,-2.55e-06,1736812800000.0
2025-01-15 00:00:00+00:00,0.0001,1736899200000.0
2025-01-16 00:00:00+00:00,0.0001,1736985600000.0
2025-01-17 00:00:00+00:00,0.0001,1737072000000.0
2025-01-18 00:00:00+00:00,0.0001,1737158400000.0
2025-01-19 00:00:00+00:00,0.0001,1737244800000.0
2025-01-20 00:00:00+00:00,0.0001,1737331200000.0
2025-01-21 00:00:00+00:00,0.0001,1737417600000.0
2025-01-22 00:00:00+00:00,0.0001,1737504000000.0
2025-01-23 00:00:00+00:00,0.0001,1737590400000.0
2025-01-24 00:00:00+00:00,0.0001,1737676800000.0
2025-01-25 00:00:00+00:00,0.0001,1737763200000.0
2025-01-26 00:00:00+00:00,0.0001,1737849600000.0
2025-01-27 00:00:00+00:00,0.0001,1737936000000.0
2025-01-28 00:00:00+00:00,8.239e-05,1738022400000.0
2025-01-29 00:00:00+00:00,0.0001,1738108800000.0
2025-01-30 00:00:00+00:00,9.354e-05,1738195200000.0
2025-01-31 00:00:00+00:00,4.089e-05,1738281600000.0
2025-02-01 00:00:00+00:00,0.0001,1738368000000.0
2025-02-02 00:00:00+00:00,-3.03e-06,1738454400000.0
2025-02-03 00:00:00+00:00,-9.771e-05,1738540800000.0
2025-02-04 00:00:00+00:00,-3.109e-05,1738627200000.0
2025-02-05 00:00:00+00:00,-1.801e-05,1738713600000.0
2025-02-06 00:00:00+00:00,1.561e-05,1738800000000.0
2025-02-07 00:00:00+00:00,-5.192e-05,1738886400000.0
2025-02-08 00:00:00+00:00,-2.729e-05,1738972800000.0
2025-02-09 00:00:00+00:00,6.715e-05,1739059200000.0
2025-02-10 00:00:00+00:00,-6.164e-05,1739145600000.0
2025-02-11 00:00:00+00:00,8.239e-05,1739232000000.0
2025-02-12 00:00:00+00:00,3.858e-05,1739318400000.0
2025-02-13 00:00:00+00:00,0.0001,1739404800000.0
2025-02-14 00:00:00+00:00,6.185e-05,1739491200000.0
2025-02-15 00:00:00+00:00,-7.514e-05,1739577600000.0
2025-02-16 00:00:00+00:00,5.257e-05,1739664000000.0
2025-02-17 00:00:00+00:00,-3.695e-05,1739750400000.0
2025-02-18 00:00:00+00:00,0.0001,1739836800000.0
2025-02-19 00:00:00+00:00,-4.256e-05,1739923200000.0
2025-02-20 00:00:00+00:00,6.375e-05,1740009600000.0
2025-02-21 00:00:00+00:00,0.0001,1740096000000.0
2025-02-22 00:00:00+00:00,0.00043661,1740182400000.0
2025-02-23 00:00:00+00:00,0.0001,1740268800000.0
2025-02-24 00:00:00+00:00,0.0001,1740355200000.0
2025-02-25 00:00:00+00:00,0.0001,1740441600000.0
2025-02-26 00:00:00+00:00,0.0001,1740528000000.0
2025-02-27 00:00:00+00:00,0.0001,1740614400000.0
2025-02-28 00:00:00+00:00,0.0001,1740700800000.0
2025-03-01 00:00:00+00:00,0.0001,1740787200000.0
2025-03-02 00:00:00+00:00,0.0001,1740873600000.0
2025-03-03 00:00:00+00:00,0.0001,1740960000000.0
2025-03-04 00:00:00+00:00,-4.539e-05,1741046400000.0
2025-03-05 00:00:00+00:00,1.99e-06,1741132800000.0
2025-03-06 00:00:00+00:00,-2.322e-05,1741219200000.0
2025-03-07 00:00:00+00:00,-0.00011351,1741305600000.0
2025-03-08 00:00:00+00:00,-0.00012175,1741392000000.0
2025-03-09 00:00:00+00:00,-0.0001531,1741478400000.0
2025-03-10 00:00:00+00:00,1.845e-05,1741564800000.0
2025-03-11 00:00:00+00:00,-5.16e-06,1741651200000.0
2025-03-12 00:00:00+00:00,-9.681e-05,1741737600000.0
2025-03-13 00:00:00+00:00,-8.988e-05,1741824000000.0
2025-03-14 00:00:00+00:00,-4.998e-05,1741910400000.0
2025-03-15 00:00:00+00:00,0.0001,1741996800000.0
2025-03-16 00:00:00+00:00,6.13e-05,1742083200000.0
2025-03-17 00:00:00+00:00,-0.00012907,1742169600000.0
2025-03-18 00:00:00+00:00,-3.242e-05,1742256000000.0
2025-03-19 00:00:00+00:00,-0.00013252,1742342400000.0
2025-03-20 00:00:00+00:00,3.834e-05,1742428800000.0
2025-03-21 00:00:00+00:00,-9.843e-05,1742515200000.0
2025-03-22 00:00:00+00:00,-8.38e-05,1742601600000.0
2025-03-23 00:00:00+00:00,-2.926e-05,1742688000000.0
2025-03-24 00:00:00+00:00,-9.66e-06,1742774400000.0
2025-03-25 00:00:00+00:00,0.0001,1742860800000.0
2025-03-26 00:00:00+00:00,-5.247e-05,1742947200000.0
2025-03-27 00:00:00+00:00,-1.164e-05,1743033600000.0
2025-03-28 00:00:00+00:00,0.0001,1743120000000.0
2025-03-29 00:00:00+00:00,-0.00021556,1743206400000.0
2025-03-30 00:00:00+00:00,-0.00016458,1743292800000.0
2025-03-31 00:00:00+00:00,-0.0001759,1743379200000.0
2025-04-01 00:00:00+00:00,-6.059e-05,1743465600000.0
2025-04-02 00:00:00+00:00,0.0001,1743552000000.0
2025-04-03 00:00:00+00:00,1.893e-05,1743638400000.0
2025-04-04 00:00:00+00:00,-7.178e-05,1743724800000.0
2025-04-05 00:00:00+00:00,0.0001,1743811200000.0
2025-04-06 00:00:00+00:00,8.076e-05,1743897600000.0
2025-04-07 00:00:00+00:00,-7.45e-05,1743984000000.0
2025-04-08 00:00:00+00:00,-7.897e-05,1744070400000.0
2025-04-09 00:00:00+00:00,2.744e-05,1744156800000.0
2025-04-10 00:00:00+00:00,0.0001,1744243200000.0
2025-04-11 00:00:00+00:00,-2.739e-05,1744329600000.0
2025-04-12 00:00:00+00:00,0.0001,1744416000000.0
2025-04-13 00:00:00+00:00,0.0001,1744502400000.0
2025-04-14 00:00:00+00:00,3.446e-05,1744588800000.0
2025-04-15 00:00:00+00:00,-2.86e-06,1744675200000.0
2025-04-16 00:00:00+00:00,-6.415e-05,1744761600000.0
2025-04-17 00:00:00+00:00,-4.67e-06,1744848000000.0
2025-04-18 00:00:00+00:00,6.776e-05,1744934400000.0
2025-04-19 00:00:00+00:00,0.0001,1745020800000.0
2025-04-20 00:00:00+00:00,8.602e-05,1745107200000.0
2025-04-21 00:00:00+00:00,3.512e-05,1745193600000.0
2025-04-22 00:00:00+00:00,7.871e-05,1745280000000.0
2025-04-23 00:00:00+00:00,0.0001,1745366400000.0
2025-04-24 00:00:00+00:00,0.0001,1745452800000.0
2025-04-25 00:00:00+00:00,0.0001,1745539200000.0
2025-04-26 00:00:00+00:00,6.874e-05,1745625600000.0
2025-04-27 00:00:00+00:00,9.092e-05,1745712000000.0
2025-04-28 00:00:00+00:00,0.0001,1745798400000.0
2025-04-29 00:00:00+00:00,1.433e-05,1745884800000.0
2025-04-30 00:00:00+00:00,-1.774e-05,1745971200000.0
2025-05-01 00:00:00+00:00,-9.442e-05,1746057600000.0
2025-05-02 00:00:00+00:00,0.0001,1746144000000.0
2025-05-03 00:00:00+00:00,-3.816e-05,1746230400000.0
2025-05-04 00:00:00+00:00,-7.32e-06,1746316800000.0
2025-05-05 00:00:00+00:00,-5.488e-05,1746403200000.0
2025-05-06 00:00:00+00:00,-5.763e-05,1746489600000.0
2025-05-07 00:00:00+00:00,1.493e-05,1746576000000.0
2025-05-08 00:00:00+00:00,9.803e-05,1746662400000.0
2025-05-09 00:00:00+00:00,0.0001,1746748800000.0
2025-05-10 00:00:00+00:00,0.0001,1746835200000.0
2025-05-11 00:00:00+00:00,0.0001,1746921600000.0
2025-05-12 00:00:00+00:00,0.0001,1747008000000.0
2025-05-13 00:00:00+00:00,0.0001,1747094400000.0
2025-05-14 00:00:00+00:00,0.0001,1747180800000.0
2025-05-15 00:00:00+00:00,0.0001,1747267200000.0
2025-05-16 00:00:00+00:00,9.797e-05,1747353600000.0
2025-05-17 00:00:00+00:00,9.309e-05,1747440000000.0
2025-05-18 00:00:00+00:00,6.364e-05,1747526400000.0
2025-05-19 00:00:00+00:00,9.06e-06,1747612800000.0
2025-05-20 00:00:00+00:00,0.0001,1747699200000.0
2025-05-21 00:00:00+00:00,6.123e-05,1747785600000.0
2025-05-22 00:00:00+00:00,0.0001,1747872000000.0
2025-05-23 00:00:00+00:00,0.0001,1747958400000.0
2025-05-24 00:00:00+00:00,0.0001,1748044800000.0
2025-05-25 00:00:00+00:00,3.758e-05,1748131200000.0
2025-05-26 00:00:00+00:00,0.0001,1748217600000.0
2025-05-27 00:00:00+00:00,3.998e-05,1748304000000.0
2025-05-28 00:00:00+00:00,4.435e-05,1748390400000.0
2025-05-29 00:00:00+00:00,-8.8e-06,1748476800000.0
2025-05-30 00:00:00+00:00,2.672e-05,1748563200000.0
2025-05-31 00:00:00+00:00,-2.266e-05,1748649600000.0
2025-06-01 00:00:00+00:00,5.104e-05,1748736000000.0
2025-06-02 00:00:00+00:00,3.592e-05,1748822400000.0
2025-06-03 00:00:00+00:00,5.752e-05,1748908800000.0
2025-06-04 00:00:00+00:00,2.83e-05,1748995200000.0
2025-06-05 00:00:00+00:00,3.196e-05,1749081600000.0
2025-06-06 00:00:00+00:00,-8.567e-05,1749168000000.0
2025-06-07 00:00:00+00:00,6.726e-05,1749254400000.0
2025-06-08 00:00:00+00:00,0.0001,1749340800000.0
2025-06-09 00:00:00+00:00,3.984e-05,1749427200000.0
2025-06-10 00:00:00+00:00,6.586e-05,1749513600000.0
2025-06-11 00:00:00+00:00,0.0001,1749600000000.0
2025-06-12 00:00:00+00:00,0.0001,1749686400000.0
2025-06-13 00:00:00+00:00,-2.645e-05,1749772800000.0
2025-06-14 00:00:00+00:00,0.0001,1749859200000.0
2025-06-15 00:00:00+00:00,-3.438e-05,1749945600000.0
2025-06-16 00:00:00+00:00,2.892e-05,1750032000000.0
2025-06-17 00:00:00+00:00,0.0001,1750118400000.0
2025-06-18 00:00:00+00:00,6.09e-05,1750204800000.0
2025-06-19 00:00:00+00:00,7.745e-05,1750291200000.0
2025-06-20 00:00:00+00:00,0.0001,1750377600000.0
2025-06-21 00:00:00+00:00,2.89e-05,1750464000000.0
2025-06-22 00:00:00+00:00,3.782e-05,1750550400000.0
2025-06-23 00:00:00+00:00,-4.282e-05,1750636800000.0
2025-06-24 00:00:00+00:00,1.56e-06,1750723200000.0
2025-06-25 00:00:00+00:00,5.406e-05,1750809600000.0
2025-06-26 00:00:00+00:00,4.228e-05,1750896000000.0
2025-06-27 00:00:00+00:00,1.609e-05,1750982400000.0
2025-06-28 00:00:00+00:00,2.59e-05,1751068800000.0
2025-06-29 00:00:00+00:00,9.979e-05,1751155200000.0
2025-06-30 00:00:00+00:00,8.217e-05,1751241600000.0
2025-07-01 00:00:00+00:00,6.752e-05,1751328000000.0
2025-07-02 00:00:00+00:00,-0.00013165,1751414400000.0
2025-07-03 00:00:00+00:00,0.0001,1751500800000.0
2025-07-04 00:00:00+00:00,-2.444e-05,1751587200000.0
2025-07-05 00:00:00+00:00,5.174e-05,1751673600000.0
2025-07-06 00:00:00+00:00,3.772e-05,1751760000000.0
2025-07-07 00:00:00+00:00,7.07e-05,1751846400000.0
2025-07-08 00:00:00+00:00,4.958e-05,1751932800000.0
2025-07-09 00:00:00+00:00,2.748e-05,1752019200000.0
2025-07-10 00:00:00+00:00,0.0001,1752105600000.0
2025-07-11 00:00:00+00:00,0.0001,1752192000000.0
2025-07-12 00:00:00+00:00,0.0001,1752278400000.0
2025-07-13 00:00:00+00:00,0.0001,1752364800000.0
2025-07-14 00:00:00+00:00,0.0001,1752451200000.0
2025-07-15 00:00:00+00:00,0.0001,1752537600000.0
2025-07-16 00:00:00+00:00,0.0001,1752624000000.0
2025-07-17 00:00:00+00:00,0.0001,1752710400000.0
2025-07-18 00:00:00+00:00,0.0001,1752796800000.0
2025-07-19 00:00:00+00:00,0.0001,1752883200000.0
2025-07-20 00:00:00+00:00,0.0001,1752969600000.0
2025-07-21 00:00:00+00:00,0.0001,1753056000000.0
2025-07-22 00:00:00+00:00,0.0001,1753142400000.0
2025-07-23 00:00:00+00:00,0.0001,1753228800000.0
2025-07-24 00:00:00+00:00,0.0001,1753315200000.0
2025-07-25 00:00:00+00:00,0.0001,1753401600000.0
2025-07-26 00:00:00+00:00,0.0001,1753488000000.0
2025-07-27 00:00:00+00:00,0.0001,1753574400000.0
2025-07-28 00:00:00+00:00,0.0001,1753660800000.0
2025-07-29 00:00:00+00:00,0.0001,1753747200000.0
2025-07-30 00:00:00+00:00,0.0001,1753833600000.0
2025-07-31 00:00:00+00:00,0.0001,1753920000000.0
2025-08-01 00:00:00+00:00,5.187e-05,1754006400000.0
2025-08-02 00:00:00+00:00,3.936e-05,1754092800000.0
2025-08-03 00:00:00+00:00,7.657e-05,1754179200000.0
2025-08-04 00:00:00+00:00,8.305e-05,1754265600000.0
2025-08-05 00:00:00+00:00,5.531e-05,1754352000000.0
2025-08-06 00:00:00+00:00,5.533e-05,1754438400000.0
2025-08-07 00:00:00+00:00,6.947e-05,1754524800000.0
2025-08-08 00:00:00+00:00,0.0001,1754611200000.0
2025-08-09 00:00:00+00:00,0.0001,1754697600000.0
2025-08-10 00:00:00+00:00,0.0001,1754784000000.0
2025-08-11 00:00:00+00:00,0.0001,1754870400000.0
2025-08-12 00:00:00+00:00,-2.186e-05,1754956800000.0
2025-08-13 00:00:00+00:00,0.0001,1755043200000.0
2025-08-14 00:00:00+00:00,0.0001,1755129600000.0
2025-08-15 00:00:00+00:00,0.0001,1755216000000.0
2025-08-16 00:00:00+00:00,0.0001,1755302400000.0
2025-08-17 00:00:00+00:00,3.509e-05,1755388800000.0
2025-08-18 00:00:00+00:00,0.0001,1755475200000.0
2025-08-19 00:00:00+00:00,9.734e-05,1755561600000.0
2025-08-20 00:00:00+00:00,-1.49e-05,1755648000000.0
2025-08-21 00:00:00+00:00,3.338e-05,1755734400000.0
2025-08-22 00:00:00+00:00,5.139e-05,1755820800000.0
2025-08-23 00:00:00+00:00,0.0001,1755907200000.0
2025-08-24 00:00:00+00:00,0.0001,1755993600000.0
2025-08-25 00:00:00+00:00,0.0001,1756080000000.0
2025-08-26 00:00:00+00:00,-0.00015607,1756166400000.0
2025-08-27 00:00:00+00:00,0.0001,1756252800000.0
2025-08-28 00:00:00+00:00,4.558e-05,1756339200000.0
2025-08-29 00:00:00+00:00,5.084e-05,1756425600000.0
2025-08-30 00:00:00+00:00,0.0001,1756512000000.0
2025-08-31 00:00:00+00:00,9.6e-07,1756598400000.0
2025-09-01 00:00:00+00:00,5.047e-05,1756684800000.0
2025-09-02 00:00:00+00:00,-6.637e-05,1756771200000.0
2025-09-03 00:00:00+00:00,4.166e-05,1756857600000.0
2025-09-04 00:00:00+00:00,0.0001,1756944000000.0
2025-09-05 00:00:00+00:00,1.21e-05,1757030400000.0
2025-09-06 00:00:00+00:00,0.0001,1757116800000.0
2025-09-07 00:00:00+00:00,3.48e-05,1757203200000.0
2025-09-08 00:00:00+00:00,0.0001,1757289600000.0
2025-09-09 00:00:00+00:00,0.0001,1757376000000.0
2025-09-10 00:00:00+00:00,0.0001,1757462400000.0
2025-09-11 00:00:00+00:00,0.0001,1757548800000.0
2025-09-12 00:00:00+00:00,0.0001,1757635200000.0
2025-09-13 00:00:00+00:00,0.0001,1757721600000.0
2025-09-14 00:00:00+00:00,0.0001,1757808000000.0
2025-09-15 00:00:00+00:00,0.0001,1757894400000.0
2025-09-16 00:00:00+00:00,0.0001,1757980800000.0
2025-09-17 00:00:00+00:00,3.578e-05,1758067200000.0
2025-09-18 00:00:00+00:00,0.0001,1758153600000.0
2025-09-19 00:00:00+00:00,0.0001,1758240000000.0
2025-09-20 00:00:00+00:00,0.0001,1758326400000.0
2025-09-21 00:00:00+00:00,0.0001,1758412800000.0
2025-09-22 00:00:00+00:00,7.732e-05,1758499200000.0
2025-09-23 00:00:00+00:00,-9.75e-05,1758585600000.0
2025-09-24 00:00:00+00:00,5.753e-05,1758672000000.0
2025-09-25 00:00:00+00:00,2.408e-05,1758758400000.0
2025-09-26 00:00:00+00:00,6.279e-05,1758844800000.0
2025-09-27 00:00:00+00:00,3.237e-05,1758931200000.0
2025-09-28 00:00:00+00:00,0.0001,1759017600000.0
2025-09-29 00:00:00+00:00,8.068e-05,1759104000000.0
2025-09-30 00:00:00+00:00,0.0001,1759190400000.0
2025-10-01 00:00:00+00:00,0.0001,1759276800000.0
2025-10-02 00:00:00+00:00,2.446e-05,1759363200000.0
2025-10-03 00:00:00+00:00,0.0001,1759449600000.0
2025-10-04 00:00:00+00:00,0.0001,1759536000000.0
2025-10-05 00:00:00+00:00,0.0001,1759622400000.0
2025-10-06 00:00:00+00:00,1.881e-05,1759708800000.0
2025-10-07 00:00:00+00:00,0.0001,1759795200000.0
2025-10-08 00:00:00+00:00,0.0001,1759881600000.0
2025-10-09 00:00:00+00:00,0.0001,1759968000000.0
2025-10-10 00:00:00+00:00,0.0001,1760054400000.0
2025-10-11 00:00:00+00:00,-0.00561711,1760140800000.0
2025-10-12 00:00:00+00:00,-4.748e-05,1760227200000.0
2025-10-13 00:00:00+00:00,-4.35e-06,1760313600000.0
2025-10-14 00:00:00+00:00,0.0001,1760400000000.0
2025-10-15 00:00:00+00:00,-6.072e-05,1760486400000.0
2025-10-16 00:00:00+00:00,-4.827e-05,1760572800000.0
2025-10-17 00:00:00+00:00,6.93e-06,1760659200000.0
2025-10-18 00:00:00+00:00,-2.634e-05,1760745600000.0
2025-10-19 00:00:00+00:00,4.146e-05,1760832000000.0
2025-10-20 00:00:00+00:00,8.666e-05,1760918400000.0
2025-10-21 00:00:00+00:00,0.0001,1761004800000.0
2025-10-22 00:00:00+00:00,5.949e-05,1761091200000.0
2025-10-23 00:00:00+00:00,7.621e-05,1761177600000.0
2025-10-24 00:00:00+00:00,0.0001,1761264000000.0
2025-10-25 00:00:00+00:00,5.688e-05,1761350400000.0
2025-10-26 00:00:00+00:00,0.0001,1761436800000.0
2025-10-27 00:00:00+00:00,3.847e-05,1761523200000.0
2025-10-28 00:00:00+00:00,4.037e-05,1761609600000.0
2025-10-29 00:00:00+00:00,-4.333e-05,1761696000000.0
2025-10-30 00:00:00+00:00,9.723e-05,1761782400000.0
2025-10-31 00:00:00+00:00,-0.00010784,1761868800000.0
2025-11-01 00:00:00+00:00,-8.31e-06,1761955200000.0
2025-11-02 00:00:00+00:00,1.812e-05,1762041600000.0
2025-11-03 00:00:00+00:00,-3.661e-05,1762128000000.0
2025-11-04 00:00:00+00:00,3.815e-05,1762214400000.0
2025-11-05 00:00:00+00:00,0.0001,1762300800000.0
2025-11-06 00:00:00+00:00,0.0001,1762387200000.0
2025-11-07 00:00:00+00:00,9.902e-05,1762473600000.0
2025-11-08 00:00:00+00:00,-3.8e-07,1762560000000.0
2025-11-09 00:00:00+00:00,-0.00011845,1762646400000.0
2025-11-10 00:00:00+00:00,6.427e-05,1762732800000.0
2025-11-11 00:00:00+00:00,2.802e-05,1762819200000.0
2025-11-12 00:00:00+00:00,3.02e-06,1762905600000.0
2025-11-13 00:00:00+00:00,-3.674e-05,1762992000000.0
2025-11-14 00:00:00+00:00,-7.593e-05,1763078400000.0
2025-11-15 00:00:00+00:00,-4.45e-06,1763164800000.0
2025-11-16 00:00:00+00:00,-2.628e-05,1763251200000.0
2025-11-17 00:00:00+00:00,0.0001,1763337600000.0
2025-11-18 00:00:00+00:00,0.0001,1763424000000.0
2025-11-19 00:00:00+00:00,-2.229e-05,1763510400000.0
2025-11-20 00:00:00+00:00,0.0001,1763596800000.0
2025-11-21 00:00:00+00:00,-4.12e-06,1763683200000.0
2025-11-22 00:00:00+00:00,-3.156e-05,1763769600000.0
2025-11-23 00:00:00+00:00,4.869e-05,1763856000000.0
2025-11-24 00:00:00+00:00,-0.0001014,1763942400000.0
2025-11-25 00:00:00+00:00,-1.529e-05,1764028800000.0
2025-11-26 00:00:00+00:00,0.0001,1764115200000.0
2025-11-27 00:00:00+00:00,0.0001,1764201600000.0
2025-11-28 00:00:00+00:00,1.805e-05,1764288000000.0
2025-11-29 00:00:00+00:00,-2.202e-05,1764374400000.0
2025-11-30 00:00:00+00:00,8.858e-05,1764460800000.0
2025-12-01 00:00:00+00:00,2.16e-05,1764547200000.0
2025-12-02 00:00:00+00:00,-8.589e-05,1764633600000.0
2025-12-03 00:00:00+00:00,0.0001,1764720000000.0
2025-12-04 00:00:00+00:00,3.84e-06,1764806400000.0
2025-12-05 00:00:00+00:00,3.813e-05,1764892800000.0
2025-12-06 00:00:00+00:00,-2.316e-05,1764979200000.0
2025-12-07 00:00:00+00:00,2.567e-05,1765065600000.0
2025-12-08 00:00:00+00:00,3.973e-05,1765152000000.0
2025-12-09 00:00:00+00:00,-7.86e-06,1765238400000.0
2025-12-10 00:00:00+00:00,0.0001,1765324800000.0
2025-12-11 00:00:00+00:00,-3.63e-06,1765411200000.0
2025-12-12 00:00:00+00:00,-4.16e-06,1765497600000.0
2025-12-13 00:00:00+00:00,-1.706e-05,1765584000000.0
2025-12-14 00:00:00+00:00,4.905e-05,1765670400000.0
2025-12-15 00:00:00+00:00,-3.634e-05,1765756800000.0
2025-12-16 00:00:00+00:00,-6.528e-05,1765843200000.0
2025-12-17 00:00:00+00:00,-2.178e-05,1765929600000.0
2025-12-18 00:00:00+00:00,-8.935e-05,1766016000000.0
2025-12-19 00:00:00+00:00,-3.328e-05,1766102400000.0
2025-12-20 00:00:00+00:00,0.0001,1766188800000.0
2025-12-21 00:00:00+00:00,1.455e-05,1766275200000.0
2025-12-22 00:00:00+00:00,7.33e-06,1766361600000.0
2025-12-23 00:00:00+00:00,-5.727e-05,1766448000000.0
2025-12-24 00:00:00+00:00,0.0001,1766534400000.0
2025-12-25 00:00:00+00:00,-2.293e-05,1766620800000.0
2025-12-26 00:00:00+00:00,9.2e-06,1766707200000.0
2025-12-27 00:00:00+00:00,6.692e-05,1766793600000.0
2025-12-28 00:00:00+00:00,7.12e-06,1766880000000.0
2025-12-29 00:00:00+00:00,0.0001,1766966400000.0
2025-12-30 00:00:00+00:00,6.231e-05,1767052800000.0
2025-12-31 00:00:00+00:00,1.058e-05,1767139200000.0
2026-01-01 00:00:00+00:00,-3.591e-05,1767225600000.0
2026-01-02 00:00:00+00:00,0.0001,1767312000000.0
2026-01-03 00:00:00+00:00,0.0001,1767398400000.0
2026-01-04 00:00:00+00:00,0.0001,1767484800000.0
2026-01-05 00:00:00+00:00,0.0001,1767571200000.0
2026-01-06 00:00:00+00:00,3.49e-05,1767657600000.0
2026-01-07 00:00:00+00:00,0.0001,1767744000000.0
2026-01-08 00:00:00+00:00,6.334e-05,1767830400000.0
2026-01-09 00:00:00+00:00,7.18e-06,1767916800000.0
2026-01-10 00:00:00+00:00,-4.223e-05,1768003200000.0
2026-01-11 00:00:00+00:00,-1.476e-05,1768089600000.0
2026-01-12 00:00:00+00:00,-0.00012757,1768176000000.0
2026-01-13 00:00:00+00:00,-0.00011673,1768262400000.0
2026-01-14 00:00:00+00:00,0.0001,1768348800000.0
2026-01-15 00:00:00+00:00,7.83e-06,1768435200000.0
2026-01-16 00:00:00+00:00,-1.763e-05,1768521600000.0
2026-01-17 00:00:00+00:00,0.0001,1768608000000.0
2026-01-18 00:00:00+00:00,3.755e-05,1768694400000.0
2026-01-19 00:00:00+00:00,4.048e-05,1768780800000.0
2026-01-20 00:00:00+00:00,0.0001,1768867200000.0
2026-01-21 00:00:00+00:00,-5.946e-05,1768953600000.0
2026-01-22 00:00:00+00:00,0.0001,1769040000000.0
2026-01-23 00:00:00+00:00,-0.00012331,1769126400000.0
2026-01-24 00:00:00+00:00,1.021e-05,1769212800000.0
2026-01-25 00:00:00+00:00,0.0001,1769299200000.0
2026-01-26 00:00:00+00:00,-0.00010006,1769385600000.0
2026-01-27 00:00:00+00:00,7.586e-05,1769472000000.0
2026-01-28 00:00:00+00:00,0.0001,1769558400000.0
2026-01-29 00:00:00+00:00,0.0001,1769644800000.0
2026-01-30 00:00:00+00:00,9.09e-06,1769731200000.0
2026-01-31 00:00:00+00:00,0.0001,1769817600000.0
2026-02-01 00:00:00+00:00,-0.00018754,1769904000000.0
2026-02-02 00:00:00+00:00,3.166e-05,1769990400000.0
2026-02-03 00:00:00+00:00,-0.0002012,1770076800000.0
2026-02-04 00:00:00+00:00,7.547e-05,1770163200000.0
2026-02-05 00:00:00+00:00,-7.897e-05,1770249600000.0
2026-02-06 00:00:00+00:00,-0.00019844,1770336000000.0
2026-02-07 00:00:00+00:00,-7.955e-05,1770422400000.0
2026-02-08 00:00:00+00:00,0.0001,1770508800000.0
2026-02-09 00:00:00+00:00,-9.428e-05,1770595200000.0
2026-02-10 00:00:00+00:00,0.0001,1770681600000.0
2026-02-11 00:00:00+00:00,-5.318e-05,1770768000000.0
2026-02-12 00:00:00+00:00,0.0001,1770854400000.0
2026-02-13 00:00:00+00:00,3.01e-06,1770940800000.0
2026-02-14 00:00:00+00:00,0.0001,1771027200000.0
2026-02-15 00:00:00+00:00,0.0001,1771113600000.0
2026-02-16 00:00:00+00:00,-4.39e-06,1771200000000.0
2026-02-17 00:00:00+00:00,2.935e-05,1771286400000.0
2026-02-18 00:00:00+00:00,-6.57e-06,1771372800000.0
2026-02-19 00:00:00+00:00,2.41e-05,1771459200000.0
2026-02-20 00:00:00+00:00,0.0001,1771545600000.0
2026-02-21 00:00:00+00:00,-5e-05,1771632000000.0
2026-02-22 00:00:00+00:00,-0.00012867,1771718400000.0
2026-02-23 00:00:00+00:00,-0.0001245,1771804800000.0
2026-02-24 00:00:00+00:00,7.884e-05,1771891200000.0
2026-02-25 00:00:00+00:00,0.0001,1771977600000.0
2026-02-26 00:00:00+00:00,0.0001,1772064000000.0
2026-02-27 00:00:00+00:00,2.677e-05,1772150400000.0
2026-02-28 00:00:00+00:00,1.489e-05,1772236800000.0
2026-03-01 00:00:00+00:00,3.835e-05,1772323200000.0
2026-03-02 00:00:00+00:00,0.0001,1772409600000.0
2026-03-03 00:00:00+00:00,-6.712e-05,1772496000000.0
2026-03-04 00:00:00+00:00,-6.639e-05,1772582400000.0
2026-03-05 00:00:00+00:00,0.0001,1772668800000.0
2026-03-06 00:00:00+00:00,0.0001,1772755200000.0
2026-03-07 00:00:00+00:00,-8.418e-05,1772841600000.0
2026-03-08 00:00:00+00:00,-0.00010043,1772928000000.0
2026-03-09 00:00:00+00:00,-3.785e-05,1773014400000.0
2026-03-10 00:00:00+00:00,-1.536e-05,1773100800000.0
2026-03-11 00:00:00+00:00,3.591e-05,1773187200000.0
2026-03-12 00:00:00+00:00,0.0001,1773273600000.0
2026-03-13 00:00:00+00:00,2.375e-05,1773360000000.0
2026-03-14 00:00:00+00:00,4.802e-05,1773446400000.0
2026-03-15 00:00:00+00:00,-2.462e-05,1773532800000.0
2026-03-16 00:00:00+00:00,1.609e-05,1773619200000.0
2026-03-17 00:00:00+00:00,8.135e-05,1773705600000.0
2026-03-18 00:00:00+00:00,-6.282e-05,1773792000000.0
2026-03-19 00:00:00+00:00,-1.184e-05,1773878400000.0
2026-03-20 00:00:00+00:00,3.405e-05,1773964800000.0
2026-03-21 00:00:00+00:00,3.855e-05,1774051200000.0
2026-03-22 00:00:00+00:00,-2.625e-05,1774137600000.0
2026-03-23 00:00:00+00:00,4.959e-05,1774224000000.0
2026-03-24 00:00:00+00:00,7.393e-05,1774310400000.0
2026-03-25 00:00:00+00:00,0.0001,1774396800000.0
2026-03-26 00:00:00+00:00,0.0001,1774483200000.0
2026-03-27 00:00:00+00:00,0.0001,1774569600000.0
2026-03-28 00:00:00+00:00,-0.00013054,1774656000000.0
2026-03-29 00:00:00+00:00,-1.086e-05,1774742400000.0
2026-03-30 00:00:00+00:00,3.885e-05,1774828800000.0
2026-03-31 00:00:00+00:00,4.355e-05,1774915200000.0
2026-04-01 00:00:00+00:00,-0.00021591,1775001600000.0
2026-04-02 00:00:00+00:00,0.0001,1775088000000.0
2026-04-03 00:00:00+00:00,3.2e-07,1775174400000.0
2026-04-04 00:00:00+00:00,0.0001,1775260800000.0
2026-04-05 00:00:00+00:00,0.0001,1775347200000.0
2026-04-06 00:00:00+00:00,0.0001,1775433600000.0
2026-04-07 00:00:00+00:00,0.0001,1775520000000.0
2026-04-08 00:00:00+00:00,0.0001,1775606400000.0
2026-04-09 00:00:00+00:00,0.0001,1775692800000.0
2026-04-10 00:00:00+00:00,0.0001,1775779200000.0
2026-04-11 00:00:00+00:00,0.0001,1775865600000.0
2026-04-12 00:00:00+00:00,0.0001,1775952000000.0
2026-04-13 00:00:00+00:00,8.188e-05,1776038400000.0
2026-04-14 00:00:00+00:00,0.0001,1776124800000.0
2026-04-15 00:00:00+00:00,-5.738e-05,1776211200000.0
2026-04-16 00:00:00+00:00,0.0001,1776297600000.0
2026-04-17 00:00:00+00:00,7.541e-05,1776384000000.0
2026-04-18 00:00:00+00:00,0.0001,1776470400000.0
2026-04-19 00:00:00+00:00,-0.00010514,1776556800000.0
2026-04-20 00:00:00+00:00,-0.00010654,1776643200000.0
2026-04-21 00:00:00+00:00,0.0001,1776729600000.0
2026-04-22 00:00:00+00:00,2.546e-05,1776816000000.0
2026-04-23 00:00:00+00:00,2.826e-05,1776902400000.0
2026-04-24 00:00:00+00:00,9.241e-05,1776988800000.0
2026-04-25 00:00:00+00:00,7.31e-06,1777075200000.0
2026-04-26 00:00:00+00:00,-4.196e-05,1777161600000.0
2026-04-27 00:00:00+00:00,-7.892e-05,1777248000000.0
2026-04-28 00:00:00+00:00,-2.73e-06,1777334400000.0
2026-04-29 00:00:00+00:00,5.028e-05,1777420800000.0
2026-04-30 00:00:00+00:00,-0.0001079,1777507200000.0
2026-05-01 00:00:00+00:00,0.0001,1777593600000.0
2026-05-02 00:00:00+00:00,7.776e-05,1777680000000.0
2026-05-03 00:00:00+00:00,5.51e-05,1777766400000.0
2026-05-04 00:00:00+00:00,4.796e-05,1777852800000.0
2026-05-05 00:00:00+00:00,7.542e-05,1777939200000.0
2026-05-06 00:00:00+00:00,-2.67e-06,1778025600000.0
2026-05-07 00:00:00+00:00,-0.00016893,1778112000000.0
2026-05-08 00:00:00+00:00,0.0001,1778198400000.0
2026-05-09 00:00:00+00:00,0.0001,1778284800000.0
2026-05-10 00:00:00+00:00,7.058e-05,1778371200000.0
2026-05-11 00:00:00+00:00,7.847e-05,1778457600000.0
2026-05-12 00:00:00+00:00,2.396e-05,1778544000000.0
2026-05-13 00:00:00+00:00,5.152e-05,1778630400000.0
2026-05-14 00:00:00+00:00,0.0001,1778716800000.0
2026-05-15 00:00:00+00:00,0.0001,1778803200000.0
2026-05-16 00:00:00+00:00,0.0001,1778889600000.0
2026-05-17 00:00:00+00:00,0.0001,1778976000000.0
2026-05-18 00:00:00+00:00,1.279e-05,1779062400000.0
2026-05-19 00:00:00+00:00,0.0001,1779148800000.0
2026-05-20 00:00:00+00:00,0.0001,1779235200000.0
2026-05-21 00:00:00+00:00,1.453e-05,1779321600000.0
2026-05-22 00:00:00+00:00,0.0001,1779408000000.0
2026-05-23 00:00:00+00:00,7.788e-05,1779494400000.0
2026-05-24 00:00:00+00:00,9.392e-05,1779580800000.0
2026-05-25 00:00:00+00:00,-0.0001247,1779667200000.0
2026-05-26 00:00:00+00:00,0.0001,1779753600000.0
2026-05-27 00:00:00+00:00,-0.00015,1779840000000.0
2026-05-28 00:00:00+00:00,4.029e-05,1779926400000.0
2026-05-29 00:00:00+00:00,8.092e-05,1780012800000.0
2026-05-30 00:00:00+00:00,-0.00012047,1780099200000.0
2026-05-31 00:00:00+00:00,4.35e-06,1780185600000.0
2026-06-01 00:00:00+00:00,0.0001,1780272000000.0
2026-06-02 00:00:00+00:00,0.0001,1780358400000.0
2026-06-03 00:00:00+00:00,5.313e-05,1780444800000.0
2026-06-04 00:00:00+00:00,-8.832e-05,1780531200000.0
2026-06-05 00:00:00+00:00,-0.00015438,1780617600000.0
2026-06-06 00:00:00+00:00,-0.00020405,1780704000000.0
2026-06-07 00:00:00+00:00,-8.096e-05,1780790400000.0
2026-06-08 00:00:00+00:00,0.0001,1780876800000.0
2026-06-09 00:00:00+00:00,-0.00011055,1780963200000.0
2026-06-10 00:00:00+00:00,0.0001,1781049600000.0
2026-06-11 00:00:00+00:00,5.785e-05,1781136000000.0
2026-06-12 00:00:00+00:00,0.0001,1781222400000.0
2026-06-13 00:00:00+00:00,3.806e-05,1781308800000.0
2026-06-14 00:00:00+00:00,8.57e-05,1781395200000.0
2026-06-15 00:00:00+00:00,0.0001,1781481600000.0
2026-06-16 00:00:00+00:00,2.006e-05,1781568000000.0
2026-06-17 00:00:00+00:00,0.0001,1781654400000.0
2026-06-18 00:00:00+00:00,-2.972e-05,1781740800000.0
2026-06-19 00:00:00+00:00,0.0001,1781827200000.0
2026-06-20 00:00:00+00:00,-4.835e-05,1781913600000.0
2026-06-21 00:00:00+00:00,6.381e-05,1782000000000.0
2026-06-22 00:00:00+00:00,-2.202e-05,1782086400000.0
2026-06-23 00:00:00+00:00,-0.00019358,1782172800000.0
2026-06-24 00:00:00+00:00,-9.5e-07,1782259200000.0
2026-06-25 00:00:00+00:00,-0.0002195,1782345600000.0
2026-06-26 00:00:00+00:00,-2.25e-06,1782432000000.0
2026-06-27 00:00:00+00:00,2.646e-05,1782518400000.0
2026-06-28 00:00:00+00:00,-0.00012151,1782604800000.0
2026-06-29 00:00:00+00:00,-3.956e-05,1782691200000.0
2026-06-30 00:00:00+00:00,0.0001,1782777600000.0
2026-07-01 00:00:00+00:00,9.503e-05,1782864000000.0
2026-07-02 00:00:00+00:00,-5.18e-06,1782950400000.0
2026-07-03 00:00:00+00:00,0.0001,1783036800000.0
2026-07-04 00:00:00+00:00,0.0001,1783123200000.0
2026-07-05 00:00:00+00:00,0.0001,1783209600000.0
2026-07-06 00:00:00+00:00,0.0001,1783296000000.0
2026-07-07 00:00:00+00:00,0.0001,1783382400000.0
2026-07-08 00:00:00+00:00,9.74e-05,1783468800000.0
2026-07-09 00:00:00+00:00,-3.325e-05,1783555200000.0
2026-07-10 00:00:00+00:00,0.0001,1783641600000.0
2026-07-11 00:00:00+00:00,7.696e-05,1783728000000.0
2026-07-12 00:00:00+00:00,-9.438e-05,1783814400000.0
2026-07-13 00:00:00+00:00,-3.255e-05,1783900800000.0
2026-07-14 00:00:00+00:00,-8.512e-05,1783987200000.0
2026-07-15 00:00:00+00:00,0.0001,1784073600000.0
2026-07-16 00:00:00+00:00,-4.647e-05,1784160000000.0
2026-07-17 00:00:00+00:00,0.0001,1784246400000.0
2026-07-18 00:00:00+00:00,0.0001,1784332800000.0
2026-07-19 00:00:00+00:00,0.0001,1784419200000.0
2026-07-20 00:00:00+00:00,0.0001,1784505600000.0
2026-07-21 00:00:00+00:00,3.345e-05,1784592000000.0
2026-07-22 00:00:00+00:00,8.146e-05,1784678400000.0
2026-07-23 00:00:00+00:00,-3.658e-05,1784764800000.0
2026-07-24 00:00:00+00:00,3.426e-05,1784851200000.0
2026-07-25 00:00:00+00:00,-0.00010727,1784937600000.0
2026-07-26 00:00:00+00:00,0.0001,1785024000000.0
2026-07-27 00:00:00+00:00,-3.48e-06,1785110400000.0
2026-07-28 00:00:00+00:00,-8.571e-05,1785196800000.0
2026-07-29 00:00:00+00:00,0.0001,1785283200000.0
2026-07-30 00:00:00+00:00,9.912e-05,1785369600000.0
2026-07-31 00:00:00+00:00,4.82e-05,1785456000000.0
2026-08-01 00:00:00+00:00,-0.00014249,1785542400000.0
2026-08-02 00:00:00+00:00,0.0001,1785628800000.0
2026-08-03 00:00:00+00:00,0.0001,1785715200000.0
2026-08-04 00:00:00+00:00,-3.438e-05,1785801600000.0
2026-08-05 00:00:00+00:00,0.0001,1785888000000.0
2026-08-06 00:00:00+00:00,0.0001,1785974400000.0
2026-08-07 00:00:00+00:00,-1.988e-05,1786060800000.0
2026-08-08 00:00:00+00:00,0.0001,1786147200000.0
2026-08-09 00:00:00+00:00,6.805e-05,1786233600000.0
2026-08-10 00:00:00+00:00,0.0001,1786320000000.0
2026-08-11 00:00:00+00:00,0.0001,1786406400000.0
2026-08-12 00:00:00+00:00,0.0001,1786492800000.0
2026-08-13 00:00:00+00:00,5.261e-05,1786579200000.0
2026-08-14 00:00:00+00:00,6.637e-05,1786665600000.0
2026-08-15 00:00:00+00:00,0.0001,1786752000000.0
2026-08-16 00:00:00+00:00,-8.553e-05,1786838400000.0
2026-08-17 00:00:00+00:00,-8.45e-05,1786924800000.0
2026-08-18 00:00:00+00:00,9.955e-05,1787011200000.0
2026-08-19 00:00:00+00:00,7.945e-05,1787097600000.0
2026-08-20 00:00:00+00:00,0.0001,1787184000000.0
2026-08-21 00:00:00+00:00,0.0001,1787270400000.0
2026-08-22 00:00:00+00:00,0.0001,1787356800000.0
2026-08-23 00:00:00+00:00,0.0001,1787443200000.0
