candle_time,event_time,funding_timestamp,funding_rate
2021-09-15 00:00:00+00:00,,,
2021-09-16 00:00:00+00:00,2021-09-16 00:00:00+00:00,1631750400000.0,0.0001
2021-09-17 00:00:00+00:00,2021-09-17 00:00:00+00:00,1631836800000.0,0.00079067
2021-09-18 00:00:00+00:00,2021-09-18 00:00:00+00:00,1631923200000.0,0.0005385
2021-09-19 00:00:00+00:00,2021-09-19 00:00:00+00:00,1632009600000.0,0.00031962
2021-09-20 00:00:00+00:00,2021-09-20 00:00:00+00:00,1632096000000.0,0.00026529
2021-09-21 00:00:00+00:00,2021-09-21 00:00:00+00:00,1632182400000.0,0.00016363
2021-09-22 00:00:00+00:00,2021-09-22 00:00:00+00:00,1632268800000.0,0.0001
2021-09-23 00:00:00+00:00,2021-09-23 00:00:00+00:00,1632355200000.0,0.0001
2021-09-24 00:00:00+00:00,2021-09-24 00:00:00+00:00,1632441600000.0,0.0001
2021-09-25 00:00:00+00:00,2021-09-25 00:00:00+00:00,1632528000000.0,0.0001
2021-09-26 00:00:00+00:00,2021-09-26 00:00:00+00:00,1632614400000.0,0.0001
2021-09-27 00:00:00+00:00,2021-09-27 00:00:00+00:00,1632700800000.0,0.0001
2021-09-28 00:00:00+00:00,2021-09-28 00:00:00+00:00,1632787200000.0,0.00029197
2021-09-29 00:00:00+00:00,2021-09-29 00:00:00+00:00,1632873600000.0,0.0001
2021-09-30 00:00:00+00:00,2021-09-30 00:00:00+00:00,1632960000000.0,0.0001
2021-10-01 00:00:00+00:00,2021-10-01 00:00:00+00:00,1633046400000.0,0.0001
2021-10-02 00:00:00+00:00,2021-10-02 00:00:00+00:00,1633132800000.0,0.00028594
2021-10-03 00:00:00+00:00,2021-10-03 00:00:00+00:00,1633219200000.0,0.00098264
2021-10-04 00:00:00+00:00,2021-10-04 00:00:00+00:00,1633305600000.0,0.00073184
2021-10-05 00:00:00+00:00,2021-10-05 00:00:00+00:00,1633392000000.0,0.00026995
2021-10-06 00:00:00+00:00,2021-10-06 00:00:00+00:00,1633478400000.0,0.0007247
2021-10-07 00:00:00+00:00,2021-10-07 00:00:00+00:00,1633564800000.0,0.0001563
2021-10-08 00:00:00+00:00,2021-10-08 00:00:00+00:00,1633651200000.0,0.00095084
2021-10-09 00:00:00+00:00,2021-10-09 00:00:00+00:00,1633737600000.0,0.00075554
2021-10-10 00:00:00+00:00,2021-10-10 00:00:00+00:00,1633824000000.0,0.00061014
2021-10-11 00:00:00+00:00,2021-10-11 00:00:00+00:00,1633910400000.0,0.00128365
2021-10-12 00:00:00+00:00,2021-10-12 00:00:00+00:00,1633996800000.0,0.0001
2021-10-13 00:00:00+00:00,2021-10-13 00:00:00+00:00,1634083200000.0,0.0001
2021-10-14 00:00:00+00:00,2021-10-14 00:00:00+00:00,1634169600000.0,0.00018099
2021-10-15 00:00:00+00:00,2021-10-15 00:00:00+00:00,1634256000000.0,0.00101641
2021-10-16 00:00:00+00:00,2021-10-16 00:00:00+00:00,1634342400000.0,0.00139124
2021-10-17 00:00:00+00:00,2021-10-17 00:00:00+00:00,1634428800000.0,0.00120797
2021-10-18 00:00:00+00:00,2021-10-18 00:00:00+00:00,1634515200000.0,0.00132151
2021-10-19 00:00:00+00:00,2021-10-19 00:00:00+00:00,1634601600000.0,0.00019633
2021-10-20 00:00:00+00:00,2021-10-20 00:00:00+00:00,1634688000000.0,0.00019699
2021-10-21 00:00:00+00:00,2021-10-21 00:00:00+00:00,1634774400000.0,0.00085176
2021-10-22 00:00:00+00:00,2021-10-22 00:00:00+00:00,1634860800000.0,0.00177125
2021-10-23 00:00:00+00:00,2021-10-23 00:00:00+00:00,1634947200000.0,0.00071321
2021-10-24 00:00:00+00:00,2021-10-24 00:00:00+00:00,1635033600000.0,0.00010246
2021-10-25 00:00:00+00:00,2021-10-25 00:00:00+00:00,1635120000000.0,0.00096914
2021-10-26 00:00:00+00:00,2021-10-26 00:00:00+00:00,1635206400000.0,0.00070462
2021-10-27 00:00:00+00:00,2021-10-27 00:00:00+00:00,1635292800000.0,0.00154806
2021-10-28 00:00:00+00:00,2021-10-28 00:00:00+00:00,1635379200000.0,0.0001
2021-10-29 00:00:00+00:00,2021-10-29 00:00:00+00:00,1635465600000.0,0.0001
2021-10-30 00:00:00+00:00,2021-10-30 00:00:00+00:00,1635552000000.0,0.00031535
2021-10-31 00:00:00+00:00,2021-10-31 00:00:00+00:00,1635638400000.0,0.00118886
2021-11-01 00:00:00+00:00,2021-11-01 00:00:00+00:00,1635724800000.0,0.00048369
2021-11-02 00:00:00+00:00,2021-11-02 00:00:00+00:00,1635811200000.0,0.00056049
2021-11-03 00:00:00+00:00,2021-11-03 00:00:00+00:00,1635897600000.0,0.00102916
2021-11-04 00:00:00+00:00,2021-11-04 00:00:00+00:00,1635984000000.0,0.00023577
2021-11-05 00:00:00+00:00,2021-11-05 00:00:00+00:00,1636070400000.0,0.00071839
2021-11-06 00:00:00+00:00,2021-11-06 00:00:00+00:00,1636156800000.0,0.00044265
2021-11-07 00:00:00+00:00,2021-11-07 00:00:00+00:00,1636243200000.0,0.00066573
2021-11-08 00:00:00+00:00,2021-11-08 00:00:00+00:00,1636329600000.0,0.0001
2021-11-09 00:00:00+00:00,2021-11-09 00:00:00+00:00,1636416000000.0,0.00018837
2021-11-10 00:00:00+00:00,2021-11-10 00:00:00+00:00,1636502400000.0,0.0023739
2021-11-11 00:00:00+00:00,2021-11-11 00:00:00+00:00,1636588800000.0,0.00068347
2021-11-12 00:00:00+00:00,2021-11-12 00:00:00+00:00,1636675200000.0,0.0001
2021-11-13 00:00:00+00:00,2021-11-13 00:00:00+00:00,1636761600000.0,0.0001
2021-11-14 00:00:00+00:00,2021-11-14 00:00:00+00:00,1636848000000.0,0.00045482
2021-11-15 00:00:00+00:00,2021-11-15 00:00:00+00:00,1636934400000.0,0.0001
2021-11-16 00:00:00+00:00,2021-11-16 00:00:00+00:00,1637020800000.0,0.00072698
2021-11-17 00:00:00+00:00,2021-11-17 00:00:00+00:00,1637107200000.0,0.0001
2021-11-18 00:00:00+00:00,2021-11-18 00:00:00+00:00,1637193600000.0,0.0001
2021-11-19 00:00:00+00:00,2021-11-19 00:00:00+00:00,1637280000000.0,0.00023223
2021-11-20 00:00:00+00:00,2021-11-20 00:00:00+00:00,1637366400000.0,0.0001
2021-11-21 00:00:00+00:00,2021-11-21 00:00:00+00:00,1637452800000.0,5.82e-06
2021-11-22 00:00:00+00:00,2021-11-22 00:00:00+00:00,1637539200000.0,0.0001
2021-11-23 00:00:00+00:00,2021-11-23 00:00:00+00:00,1637625600000.0,0.00029881
2021-11-24 00:00:00+00:00,2021-11-24 00:00:00+00:00,1637712000000.0,0.0007745
2021-11-25 00:00:00+00:00,2021-11-25 00:00:00+00:00,1637798400000.0,0.00053479
2021-11-26 00:00:00+00:00,2021-11-26 00:00:00+00:00,1637884800000.0,0.0001
2021-11-27 00:00:00+00:00,2021-11-27 00:00:00+00:00,1637971200000.0,0.0001
2021-11-28 00:00:00+00:00,2021-11-28 00:00:00+00:00,1638057600000.0,0.0001
2021-11-29 00:00:00+00:00,2021-11-29 00:00:00+00:00,1638144000000.0,0.0001
2021-11-30 00:00:00+00:00,2021-11-30 00:00:00+00:00,1638230400000.0,0.0001
2021-12-01 00:00:00+00:00,2021-12-01 00:00:00+00:00,1638316800000.0,0.0001
2021-12-02 00:00:00+00:00,2021-12-02 00:00:00+00:00,1638403200000.0,0.0001
2021-12-03 00:00:00+00:00,2021-12-03 00:00:00+00:00,1638489600000.0,0.0001
2021-12-04 00:00:00+00:00,2021-12-04 00:00:00+00:00,1638576000000.0,0.0001
2021-12-05 00:00:00+00:00,2021-12-05 00:00:00+00:00,1638662400000.0,-0.00020273
2021-12-06 00:00:00+00:00,2021-12-06 00:00:00+00:00,1638748800000.0,0.0001
2021-12-07 00:00:00+00:00,2021-12-07 00:00:00+00:00,1638835200000.0,-0.00023135
2021-12-08 00:00:00+00:00,2021-12-08 00:00:00+00:00,1638921600000.0,-0.00013641
2021-12-09 00:00:00+00:00,2021-12-09 00:00:00+00:00,1639008000000.0,0.0001
2021-12-10 00:00:00+00:00,2021-12-10 00:00:00+00:00,1639094400000.0,0.0001
2021-12-11 00:00:00+00:00,2021-12-11 00:00:00+00:00,1639180800000.0,0.0001
2021-12-12 00:00:00+00:00,2021-12-12 00:00:00+00:00,1639267200000.0,0.0001
2021-12-13 00:00:00+00:00,2021-12-13 00:00:00+00:00,1639353600000.0,0.0001
2021-12-14 00:00:00+00:00,2021-12-14 00:00:00+00:00,1639440000000.0,0.0001
2021-12-15 00:00:00+00:00,2021-12-15 00:00:00+00:00,1639526400000.0,0.0001
2021-12-16 00:00:00+00:00,2021-12-16 00:00:00+00:00,1639612800000.0,-0.00013206
2021-12-17 00:00:00+00:00,2021-12-17 00:00:00+00:00,1639699200000.0,0.0001
2021-12-18 00:00:00+00:00,2021-12-18 00:00:00+00:00,1639785600000.0,0.0001
2021-12-19 00:00:00+00:00,2021-12-19 00:00:00+00:00,1639872000000.0,0.0001
2021-12-20 00:00:00+00:00,2021-12-20 00:00:00+00:00,1639958400000.0,0.0001
2021-12-21 00:00:00+00:00,2021-12-21 00:00:00+00:00,1640044800000.0,0.0001
2021-12-22 00:00:00+00:00,2021-12-22 00:00:00+00:00,1640131200000.0,-0.00010675
2021-12-23 00:00:00+00:00,2021-12-23 00:00:00+00:00,1640217600000.0,0.0001
2021-12-24 00:00:00+00:00,2021-12-24 00:00:00+00:00,1640304000000.0,0.0001
2021-12-25 00:00:00+00:00,2021-12-25 00:00:00+00:00,1640390400000.0,0.0001
2021-12-26 00:00:00+00:00,2021-12-26 00:00:00+00:00,1640476800000.0,0.0001
2021-12-27 00:00:00+00:00,2021-12-27 00:00:00+00:00,1640563200000.0,0.0001
2021-12-28 00:00:00+00:00,2021-12-28 00:00:00+00:00,1640649600000.0,0.0001
2021-12-29 00:00:00+00:00,2021-12-29 00:00:00+00:00,1640736000000.0,0.0001
2021-12-30 00:00:00+00:00,2021-12-30 00:00:00+00:00,1640822400000.0,0.0001
2021-12-31 00:00:00+00:00,2021-12-31 00:00:00+00:00,1640908800000.0,0.0001
2022-01-01 00:00:00+00:00,2022-01-01 00:00:00+00:00,1640995200000.0,0.0001
2022-01-02 00:00:00+00:00,2022-01-02 00:00:00+00:00,1641081600000.0,0.0001
2022-01-03 00:00:00+00:00,2022-01-03 00:00:00+00:00,1641168000000.0,0.0001
2022-01-04 00:00:00+00:00,2022-01-04 00:00:00+00:00,1641254400000.0,0.0001
2022-01-05 00:00:00+00:00,2022-01-05 00:00:00+00:00,1641340800000.0,0.0001
2022-01-06 00:00:00+00:00,2022-01-06 00:00:00+00:00,1641427200000.0,0.0001
2022-01-07 00:00:00+00:00,2022-01-07 00:00:00+00:00,1641513600000.0,0.0001
2022-01-08 00:00:00+00:00,2022-01-08 00:00:00+00:00,1641600000000.0,0.0001
2022-01-09 00:00:00+00:00,2022-01-09 00:00:00+00:00,1641686400000.0,0.0001
2022-01-10 00:00:00+00:00,2022-01-10 00:00:00+00:00,1641772800000.0,0.0001
2022-01-11 00:00:00+00:00,2022-01-11 00:00:00+00:00,1641859200000.0,0.0001
2022-01-12 00:00:00+00:00,2022-01-12 00:00:00+00:00,1641945600000.0,0.0001
2022-01-13 00:00:00+00:00,2022-01-13 00:00:00+00:00,1642032000000.0,0.0001
2022-01-14 00:00:00+00:00,2022-01-14 00:00:00+00:00,1642118400000.0,0.0001
2022-01-15 00:00:00+00:00,2022-01-15 00:00:00+00:00,1642204800000.0,0.0001
2022-01-16 00:00:00+00:00,2022-01-16 00:00:00+00:00,1642291200000.0,0.0001
2022-01-17 00:00:00+00:00,2022-01-17 00:00:00+00:00,1642377600000.0,0.0001
2022-01-18 00:00:00+00:00,2022-01-18 00:00:00+00:00,1642464000000.0,0.0001
2022-01-19 00:00:00+00:00,2022-01-19 00:00:00+00:00,1642550400000.0,0.0001
2022-01-20 00:00:00+00:00,2022-01-20 00:00:00+00:00,1642636800000.0,0.0001
2022-01-21 00:00:00+00:00,2022-01-21 00:00:00+00:00,1642723200000.0,0.0001
2022-01-22 00:00:00+00:00,2022-01-22 00:00:00+00:00,1642809600000.0,0.0001
2022-01-23 00:00:00+00:00,2022-01-23 00:00:00+00:00,1642896000000.0,-0.00041392
2022-01-24 00:00:00+00:00,2022-01-24 00:00:00+00:00,1642982400000.0,-0.00034466
2022-01-25 00:00:00+00:00,2022-01-25 00:00:00+00:00,1643068800000.0,8.61e-06
2022-01-26 00:00:00+00:00,2022-01-26 00:00:00+00:00,1643155200000.0,5.037e-05
2022-01-27 00:00:00+00:00,2022-01-27 00:00:00+00:00,1643241600000.0,-0.00018725
2022-01-28 00:00:00+00:00,2022-01-28 00:00:00+00:00,1643328000000.0,-0.00048985
2022-01-29 00:00:00+00:00,2022-01-29 00:00:00+00:00,1643414400000.0,-0.00035855
2022-01-30 00:00:00+00:00,2022-01-30 00:00:00+00:00,1643500800000.0,-7.906e-05
2022-01-31 00:00:00+00:00,2022-01-31 00:00:00+00:00,1643587200000.0,2.817e-05
2022-02-01 00:00:00+00:00,2022-02-01 00:00:00+00:00,1643673600000.0,1.102e-05
2022-02-02 00:00:00+00:00,2022-02-02 00:00:00+00:00,1643760000000.0,0.0001
2022-02-03 00:00:00+00:00,2022-02-03 00:00:00+00:00,1643846400000.0,5.226e-05
2022-02-04 00:00:00+00:00,2022-02-04 00:00:00+00:00,1643932800000.0,-0.00016171
2022-02-05 00:00:00+00:00,2022-02-05 00:00:00+00:00,1644019200000.0,8.402e-05
2022-02-06 00:00:00+00:00,2022-02-06 00:00:00+00:00,1644105600000.0,0.0001
2022-02-07 00:00:00+00:00,2022-02-07 00:00:00+00:00,1644192000000.0,0.0001
2022-02-08 00:00:00+00:00,2022-02-08 00:00:00+00:00,1644278400000.0,0.0001
2022-02-09 00:00:00+00:00,2022-02-09 00:00:00+00:00,1644364800000.0,2.59e-05
2022-02-10 00:00:00+00:00,2022-02-10 00:00:00+00:00,1644451200000.0,0.0001
2022-02-11 00:00:00+00:00,2022-02-11 00:00:00+00:00,1644537600000.0,0.0001
2022-02-12 00:00:00+00:00,2022-02-12 00:00:00+00:00,1644624000000.0,0.0001
2022-02-13 00:00:00+00:00,2022-02-13 00:00:00+00:00,1644710400000.0,0.0001
2022-02-14 00:00:00+00:00,2022-02-14 00:00:00+00:00,1644796800000.0,0.0001
2022-02-15 00:00:00+00:00,2022-02-15 00:00:00+00:00,1644883200000.0,7.815e-05
2022-02-16 00:00:00+00:00,2022-02-16 00:00:00+00:00,1644969600000.0,-0.00038477
2022-02-17 00:00:00+00:00,2022-02-17 00:00:00+00:00,1645056000000.0,0.0001
2022-02-18 00:00:00+00:00,2022-02-18 00:00:00+00:00,1645142400000.0,0.0001
2022-02-19 00:00:00+00:00,2022-02-19 00:00:00+00:00,1645228800000.0,5.837e-05
2022-02-20 00:00:00+00:00,2022-02-20 00:00:00+00:00,1645315200000.0,7.51e-05
2022-02-21 00:00:00+00:00,2022-02-21 00:00:00+00:00,1645401600000.0,-2.59e-05
2022-02-22 00:00:00+00:00,2022-02-22 00:00:00+00:00,1645488000000.0,-0.000106
2022-02-23 00:00:00+00:00,2022-02-23 00:00:00+00:00,1645574400000.0,-0.00020307
2022-02-24 00:00:00+00:00,2022-02-24 00:00:00+00:00,1645660800000.0,-0.00014712
2022-02-25 00:00:00+00:00,2022-02-25 00:00:00+00:00,1645747200000.0,0.0001
2022-02-26 00:00:00+00:00,2022-02-26 00:00:00+00:00,1645833600000.0,9.616e-05
2022-02-27 00:00:00+00:00,2022-02-27 00:00:00+00:00,1645920000000.0,3.99e-06
2022-02-28 00:00:00+00:00,2022-02-28 00:00:00+00:00,1646006400000.0,-0.00011457
2022-03-01 00:00:00+00:00,2022-03-01 00:00:00+00:00,1646092800000.0,-0.00010619
2022-03-02 00:00:00+00:00,2022-03-02 00:00:00+00:00,1646179200000.0,0.0001
2022-03-03 00:00:00+00:00,2022-03-03 00:00:00+00:00,1646265600000.0,0.0001
2022-03-04 00:00:00+00:00,2022-03-04 00:00:00+00:00,1646352000000.0,0.0001
2022-03-05 00:00:00+00:00,2022-03-05 00:00:00+00:00,1646438400000.0,0.0001
2022-03-06 00:00:00+00:00,2022-03-06 00:00:00+00:00,1646524800000.0,0.0001
2022-03-07 00:00:00+00:00,2022-03-07 00:00:00+00:00,1646611200000.0,-0.00022802
2022-03-08 00:00:00+00:00,2022-03-08 00:00:00+00:00,1646697600000.0,-6.907e-05
2022-03-09 00:00:00+00:00,2022-03-09 00:00:00+00:00,1646784000000.0,0.0001
2022-03-10 00:00:00+00:00,2022-03-10 00:00:00+00:00,1646870400000.0,0.0001
2022-03-11 00:00:00+00:00,2022-03-11 00:00:00+00:00,1646956800000.0,0.0001
2022-03-12 00:00:00+00:00,2022-03-12 00:00:00+00:00,1647043200000.0,0.0001
2022-03-13 00:00:00+00:00,2022-03-13 00:00:00+00:00,1647129600000.0,0.0001
2022-03-14 00:00:00+00:00,2022-03-14 00:00:00+00:00,1647216000000.0,0.0001
2022-03-15 00:00:00+00:00,2022-03-15 00:00:00+00:00,1647302400000.0,0.0001
2022-03-16 00:00:00+00:00,2022-03-16 00:00:00+00:00,1647388800000.0,0.0001
2022-03-17 00:00:00+00:00,2022-03-17 00:00:00+00:00,1647475200000.0,-8.764e-05
2022-03-18 00:00:00+00:00,2022-03-18 00:00:00+00:00,1647561600000.0,-8.921e-05
2022-03-19 00:00:00+00:00,2022-03-19 00:00:00+00:00,1647648000000.0,-0.00014641
2022-03-20 00:00:00+00:00,2022-03-20 00:00:00+00:00,1647734400000.0,6.549e-05
2022-03-21 00:00:00+00:00,2022-03-21 00:00:00+00:00,1647820800000.0,0.0001
2022-03-22 00:00:00+00:00,2022-03-22 00:00:00+00:00,1647907200000.0,0.0001
2022-03-23 00:00:00+00:00,2022-03-23 00:00:00+00:00,1647993600000.0,0.0001
2022-03-24 00:00:00+00:00,2022-03-24 00:00:00+00:00,1648080000000.0,0.0001
2022-03-25 00:00:00+00:00,2022-03-25 00:00:00+00:00,1648166400000.0,0.0001
2022-03-26 00:00:00+00:00,2022-03-26 00:00:00+00:00,1648252800000.0,0.0001
2022-03-27 00:00:00+00:00,2022-03-27 00:00:00+00:00,1648339200000.0,9.423e-05
2022-03-28 00:00:00+00:00,2022-03-28 00:00:00+00:00,1648425600000.0,0.0001
2022-03-29 00:00:00+00:00,2022-03-29 00:00:00+00:00,1648512000000.0,0.0001
2022-03-30 00:00:00+00:00,2022-03-30 00:00:00+00:00,1648598400000.0,0.0001
2022-03-31 00:00:00+00:00,2022-03-31 00:00:00+00:00,1648684800000.0,0.0001
2022-04-01 00:00:00+00:00,2022-04-01 00:00:00+00:00,1648771200000.0,0.00024219
2022-04-02 00:00:00+00:00,2022-04-02 00:00:00+00:00,1648857600000.0,0.0001
2022-04-03 00:00:00+00:00,2022-04-03 00:00:00+00:00,1648944000000.0,0.00015776
2022-04-04 00:00:00+00:00,2022-04-04 00:00:00+00:00,1649030400000.0,0.0001
2022-04-05 00:00:00+00:00,2022-04-05 00:00:00+00:00,1649116800000.0,0.0001
2022-04-06 00:00:00+00:00,2022-04-06 00:00:00+00:00,1649203200000.0,0.0001
2022-04-07 00:00:00+00:00,2022-04-07 00:00:00+00:00,1649289600000.0,0.0001
2022-04-08 00:00:00+00:00,2022-04-08 00:00:00+00:00,1649376000000.0,0.0001
2022-04-09 00:00:00+00:00,2022-04-09 00:00:00+00:00,1649462400000.0,-5.477e-05
2022-04-10 00:00:00+00:00,2022-04-10 00:00:00+00:00,1649548800000.0,5.641e-05
2022-04-11 00:00:00+00:00,2022-04-11 00:00:00+00:00,1649635200000.0,0.0001
2022-04-12 00:00:00+00:00,2022-04-12 00:00:00+00:00,1649721600000.0,0.0001
2022-04-13 00:00:00+00:00,2022-04-13 00:00:00+00:00,1649808000000.0,-2.604e-05
2022-04-14 00:00:00+00:00,2022-04-14 00:00:00+00:00,1649894400000.0,-0.00012699
2022-04-15 00:00:00+00:00,2022-04-15 00:00:00+00:00,1649980800000.0,3.117e-05
2022-04-16 00:00:00+00:00,2022-04-16 00:00:00+00:00,1650067200000.0,-5.519e-05
2022-04-17 00:00:00+00:00,2022-04-17 00:00:00+00:00,1650153600000.0,0.0001
2022-04-18 00:00:00+00:00,2022-04-18 00:00:00+00:00,1650240000000.0,0.0001
2022-04-19 00:00:00+00:00,2022-04-19 00:00:00+00:00,1650326400000.0,-0.00012492
2022-04-20 00:00:00+00:00,2022-04-20 00:00:00+00:00,1650412800000.0,0.0001
2022-04-21 00:00:00+00:00,2022-04-21 00:00:00+00:00,1650499200000.0,0.0001
2022-04-22 00:00:00+00:00,2022-04-22 00:00:00+00:00,1650585600000.0,0.0001
2022-04-23 00:00:00+00:00,2022-04-23 00:00:00+00:00,1650672000000.0,0.0001
2022-04-24 00:00:00+00:00,2022-04-24 00:00:00+00:00,1650758400000.0,0.0001
2022-04-25 00:00:00+00:00,2022-04-25 00:00:00+00:00,1650844800000.0,1.24e-06
2022-04-26 00:00:00+00:00,2022-04-26 00:00:00+00:00,1650931200000.0,-0.00018208
2022-04-27 00:00:00+00:00,2022-04-27 00:00:00+00:00,1651017600000.0,2.81e-06
2022-04-28 00:00:00+00:00,2022-04-28 00:00:00+00:00,1651104000000.0,1.808e-05
2022-04-29 00:00:00+00:00,2022-04-29 00:00:00+00:00,1651190400000.0,9.4e-05
2022-04-30 00:00:00+00:00,2022-04-30 00:00:00+00:00,1651276800000.0,-0.00018691
2022-05-01 00:00:00+00:00,2022-05-01 00:00:00+00:00,1651363200000.0,-0.00012851
2022-05-02 00:00:00+00:00,2022-05-02 00:00:00+00:00,1651449600000.0,4.098e-05
2022-05-03 00:00:00+00:00,2022-05-03 00:00:00+00:00,1651536000000.0,-0.00015976
2022-05-04 00:00:00+00:00,2022-05-04 00:00:00+00:00,1651622400000.0,-2.625e-05
2022-05-05 00:00:00+00:00,2022-05-05 00:00:00+00:00,1651708800000.0,2.027e-05
2022-05-06 00:00:00+00:00,2022-05-06 00:00:00+00:00,1651795200000.0,0.0001
2022-05-07 00:00:00+00:00,2022-05-07 00:00:00+00:00,1651881600000.0,1.47e-05
2022-05-08 00:00:00+00:00,2022-05-08 00:00:00+00:00,1651968000000.0,0.0001
2022-05-09 00:00:00+00:00,2022-05-09 00:00:00+00:00,1652054400000.0,0.0001
2022-05-10 00:00:00+00:00,2022-05-10 00:00:00+00:00,1652140800000.0,-3.109e-05
2022-05-11 00:00:00+00:00,2022-05-11 00:00:00+00:00,1652227200000.0,-0.00018828
2022-05-12 00:00:00+00:00,2022-05-12 00:00:00+00:00,1652313600000.0,-0.00041755
2022-05-13 00:00:00+00:00,2022-05-13 00:00:00+00:00,1652400000000.0,0.00387778
2022-05-14 00:00:00+00:00,2022-05-14 00:00:00+00:00,1652486400000.0,-0.00017804
2022-05-15 00:00:00+00:00,2022-05-15 00:00:00+00:00,1652572800000.0,0.0001
2022-05-16 00:00:00+00:00,2022-05-16 00:00:00+00:00,1652659200000.0,0.0001
2022-05-17 00:00:00+00:00,2022-05-17 00:00:00+00:00,1652745600000.0,0.0001
2022-05-18 00:00:00+00:00,2022-05-18 00:00:00+00:00,1652832000000.0,-7.791e-05
2022-05-19 00:00:00+00:00,2022-05-19 00:00:00+00:00,1652918400000.0,-0.0003251
2022-05-20 00:00:00+00:00,2022-05-20 00:00:00+00:00,1653004800000.0,-0.00014794
2022-05-21 00:00:00+00:00,2022-05-21 00:00:00+00:00,1653091200000.0,0.0001
2022-05-22 00:00:00+00:00,2022-05-22 00:00:00+00:00,1653177600000.0,-0.00045579
2022-05-23 00:00:00+00:00,2022-05-23 00:00:00+00:00,1653264000000.0,-4.579e-05
2022-05-24 00:00:00+00:00,2022-05-24 00:00:00+00:00,1653350400000.0,8.543e-05
2022-05-25 00:00:00+00:00,2022-05-25 00:00:00+00:00,1653436800000.0,-0.00014242
2022-05-26 00:00:00+00:00,2022-05-26 00:00:00+00:00,1653523200000.0,-1.622e-05
2022-05-27 00:00:00+00:00,2022-05-27 00:00:00+00:00,1653609600000.0,-0.00071498
2022-05-28 00:00:00+00:00,2022-05-28 00:00:00+00:00,1653696000000.0,-0.00010304
2022-05-29 00:00:00+00:00,2022-05-29 00:00:00+00:00,1653782400000.0,-0.00024495
2022-05-30 00:00:00+00:00,2022-05-30 00:00:00+00:00,1653868800000.0,-0.0003199
2022-05-31 00:00:00+00:00,2022-05-31 00:00:00+00:00,1653955200000.0,0.0001
2022-06-01 00:00:00+00:00,2022-06-01 00:00:00+00:00,1654041600000.0,5.613e-05
2022-06-02 00:00:00+00:00,2022-06-02 00:00:00+00:00,1654128000000.0,-6.626e-05
2022-06-03 00:00:00+00:00,2022-06-03 00:00:00+00:00,1654214400000.0,0.0001
2022-06-04 00:00:00+00:00,2022-06-04 00:00:00+00:00,1654300800000.0,6.29e-06
2022-06-05 00:00:00+00:00,2022-06-05 00:00:00+00:00,1654387200000.0,5.249e-05
2022-06-06 00:00:00+00:00,2022-06-06 00:00:00+00:00,1654473600000.0,0.0001
2022-06-07 00:00:00+00:00,2022-06-07 00:00:00+00:00,1654560000000.0,0.0001
2022-06-08 00:00:00+00:00,2022-06-08 00:00:00+00:00,1654646400000.0,0.0001
2022-06-09 00:00:00+00:00,2022-06-09 00:00:00+00:00,1654732800000.0,0.0001
2022-06-10 00:00:00+00:00,2022-06-10 00:00:00+00:00,1654819200000.0,0.0001
2022-06-11 00:00:00+00:00,2022-06-11 00:00:00+00:00,1654905600000.0,-0.00030346
2022-06-12 00:00:00+00:00,2022-06-12 00:00:00+00:00,1654992000000.0,-0.00059683
2022-06-13 00:00:00+00:00,2022-06-13 00:00:00+00:00,1655078400000.0,-0.00021588
2022-06-14 00:00:00+00:00,2022-06-14 00:00:00+00:00,1655164800000.0,-0.00016245
2022-06-15 00:00:00+00:00,2022-06-15 00:00:00+00:00,1655251200000.0,-0.00046733
2022-06-16 00:00:00+00:00,2022-06-16 00:00:00+00:00,1655337600000.0,-0.00023296
2022-06-17 00:00:00+00:00,2022-06-17 00:00:00+00:00,1655424000000.0,-0.00021058
2022-06-18 00:00:00+00:00,2022-06-18 00:00:00+00:00,1655510400000.0,-0.00040621
2022-06-19 00:00:00+00:00,2022-06-19 00:00:00+00:00,1655596800000.0,-0.00052964
2022-06-20 00:00:00+00:00,2022-06-20 00:00:00+00:00,1655683200000.0,-0.00033286
2022-06-21 00:00:00+00:00,2022-06-21 00:00:00+00:00,1655769600000.0,1.572e-05
2022-06-22 00:00:00+00:00,2022-06-22 00:00:00+00:00,1655856000000.0,0.0001
2022-06-23 00:00:00+00:00,2022-06-23 00:00:00+00:00,1655942400000.0,0.0001
2022-06-24 00:00:00+00:00,2022-06-24 00:00:00+00:00,1656028800000.0,-0.00052526
2022-06-25 00:00:00+00:00,2022-06-25 00:00:00+00:00,1656115200000.0,0.0001
2022-06-26 00:00:00+00:00,2022-06-26 00:00:00+00:00,1656201600000.0,5.133e-05
2022-06-27 00:00:00+00:00,2022-06-27 00:00:00+00:00,1656288000000.0,2.89e-05
2022-06-28 00:00:00+00:00,2022-06-28 00:00:00+00:00,1656374400000.0,5.226e-05
2022-06-29 00:00:00+00:00,2022-06-29 00:00:00+00:00,1656460800000.0,0.0001
2022-06-30 00:00:00+00:00,2022-06-30 00:00:00+00:00,1656547200000.0,-0.00028787
2022-07-01 00:00:00+00:00,2022-07-01 00:00:00+00:00,1656633600000.0,-0.00036802
2022-07-02 00:00:00+00:00,2022-07-02 00:00:00+00:00,1656720000000.0,-3.407e-05
2022-07-03 00:00:00+00:00,2022-07-03 00:00:00+00:00,1656806400000.0,-5.634e-05
2022-07-04 00:00:00+00:00,2022-07-04 00:00:00+00:00,1656892800000.0,-0.00027576
2022-07-05 00:00:00+00:00,2022-07-05 00:00:00+00:00,1656979200000.0,-0.00035783
2022-07-06 00:00:00+00:00,2022-07-06 00:00:00+00:00,1657065600000.0,-0.00010362
2022-07-07 00:00:00+00:00,2022-07-07 00:00:00+00:00,1657152000000.0,-5.131e-05
2022-07-08 00:00:00+00:00,2022-07-08 00:00:00+00:00,1657238400000.0,7.201e-05
2022-07-09 00:00:00+00:00,2022-07-09 00:00:00+00:00,1657324800000.0,3.227e-05
2022-07-10 00:00:00+00:00,2022-07-10 00:00:00+00:00,1657411200000.0,0.0001
2022-07-11 00:00:00+00:00,2022-07-11 00:00:00+00:00,1657497600000.0,6.343e-05
2022-07-12 00:00:00+00:00,2022-07-12 00:00:00+00:00,1657584000000.0,-5.711e-05
2022-07-13 00:00:00+00:00,2022-07-13 00:00:00+00:00,1657670400000.0,-4.902e-05
2022-07-14 00:00:00+00:00,2022-07-14 00:00:00+00:00,1657756800000.0,-0.00021773
2022-07-15 00:00:00+00:00,2022-07-15 00:00:00+00:00,1657843200000.0,3.835e-05
2022-07-16 00:00:00+00:00,2022-07-16 00:00:00+00:00,1657929600000.0,9.835e-05
2022-07-17 00:00:00+00:00,2022-07-17 00:00:00+00:00,1658016000000.0,0.0001
2022-07-18 00:00:00+00:00,2022-07-18 00:00:00+00:00,1658102400000.0,2.837e-05
2022-07-19 00:00:00+00:00,2022-07-19 00:00:00+00:00,1658188800000.0,0.0001
2022-07-20 00:00:00+00:00,2022-07-20 00:00:00+00:00,1658275200000.0,0.0001
2022-07-21 00:00:00+00:00,2022-07-21 00:00:00+00:00,1658361600000.0,0.0001
2022-07-22 00:00:00+00:00,2022-07-22 00:00:00+00:00,1658448000000.0,0.0001
2022-07-23 00:00:00+00:00,2022-07-23 00:00:00+00:00,1658534400000.0,6.788e-05
2022-07-24 00:00:00+00:00,2022-07-24 00:00:00+00:00,1658620800000.0,0.0001
2022-07-25 00:00:00+00:00,2022-07-25 00:00:00+00:00,1658707200000.0,0.0001
2022-07-26 00:00:00+00:00,2022-07-26 00:00:00+00:00,1658793600000.0,0.0001
2022-07-27 00:00:00+00:00,2022-07-27 00:00:00+00:00,1658880000000.0,3.566e-05
2022-07-28 00:00:00+00:00,2022-07-28 00:00:00+00:00,1658966400000.0,4.1e-07
2022-07-29 00:00:00+00:00,2022-07-29 00:00:00+00:00,1659052800000.0,0.0001
2022-07-30 00:00:00+00:00,2022-07-30 00:00:00+00:00,1659139200000.0,0.0001
2022-07-31 00:00:00+00:00,2022-07-31 00:00:00+00:00,1659225600000.0,0.0001
2022-08-01 00:00:00+00:00,2022-08-01 00:00:00+00:00,1659312000000.0,0.0001
2022-08-02 00:00:00+00:00,2022-08-02 00:00:00+00:00,1659398400000.0,0.0001
2022-08-03 00:00:00+00:00,2022-08-03 00:00:00+00:00,1659484800000.0,0.0001
2022-08-04 00:00:00+00:00,2022-08-04 00:00:00+00:00,1659571200000.0,0.0001
2022-08-05 00:00:00+00:00,2022-08-05 00:00:00+00:00,1659657600000.0,0.0001
2022-08-06 00:00:00+00:00,2022-08-06 00:00:00+00:00,1659744000000.0,0.0001
2022-08-07 00:00:00+00:00,2022-08-07 00:00:00+00:00,1659830400000.0,0.0001
2022-08-08 00:00:00+00:00,2022-08-08 00:00:00+00:00,1659916800000.0,0.0001
2022-08-09 00:00:00+00:00,2022-08-09 00:00:00+00:00,1660003200000.0,0.0001
2022-08-10 00:00:00+00:00,2022-08-10 00:00:00+00:00,1660089600000.0,0.0001
2022-08-11 00:00:00+00:00,2022-08-11 00:00:00+00:00,1660176000000.0,0.0001
2022-08-12 00:00:00+00:00,2022-08-12 00:00:00+00:00,1660262400000.0,0.0001
2022-08-13 00:00:00+00:00,2022-08-13 00:00:00+00:00,1660348800000.0,0.0001
2022-08-14 00:00:00+00:00,2022-08-14 00:00:00+00:00,1660435200000.0,0.0001
2022-08-15 00:00:00+00:00,2022-08-15 00:00:00+00:00,1660521600000.0,0.0001
2022-08-16 00:00:00+00:00,2022-08-16 00:00:00+00:00,1660608000000.0,0.0001
2022-08-17 00:00:00+00:00,2022-08-17 00:00:00+00:00,1660694400000.0,0.0001
2022-08-18 00:00:00+00:00,2022-08-18 00:00:00+00:00,1660780800000.0,0.0001
2022-08-19 00:00:00+00:00,2022-08-19 00:00:00+00:00,1660867200000.0,2.437e-05
2022-08-20 00:00:00+00:00,2022-08-20 00:00:00+00:00,1660953600000.0,-0.00021567
2022-08-21 00:00:00+00:00,2022-08-21 00:00:00+00:00,1661040000000.0,-8.502e-05
2022-08-22 00:00:00+00:00,2022-08-22 00:00:00+00:00,1661126400000.0,-5.1e-06
2022-08-23 00:00:00+00:00,2022-08-23 00:00:00+00:00,1661212800000.0,0.0001
2022-08-24 00:00:00+00:00,2022-08-24 00:00:00+00:00,1661299200000.0,-5.924e-05
2022-08-25 00:00:00+00:00,2022-08-25 00:00:00+00:00,1661385600000.0,8.29e-06
2022-08-26 00:00:00+00:00,2022-08-26 00:00:00+00:00,1661472000000.0,3.145e-05
2022-08-27 00:00:00+00:00,2022-08-27 00:00:00+00:00,1661558400000.0,-0.00041414
2022-08-28 00:00:00+00:00,2022-08-28 00:00:00+00:00,1661644800000.0,-0.0004301
2022-08-29 00:00:00+00:00,2022-08-29 00:00:00+00:00,1661731200000.0,-0.00057726
2022-08-30 00:00:00+00:00,2022-08-30 00:00:00+00:00,1661817600000.0,-0.00046294
2022-08-31 00:00:00+00:00,2022-08-31 00:00:00+00:00,1661904000000.0,7.157e-05
2022-09-01 00:00:00+00:00,2022-09-01 00:00:00+00:00,1661990400000.0,-0.00017232
2022-09-02 00:00:00+00:00,2022-09-02 00:00:00+00:00,1662076800000.0,-5.63e-05
2022-09-03 00:00:00+00:00,2022-09-03 00:00:00+00:00,1662163200000.0,-0.00029371
2022-09-04 00:00:00+00:00,2022-09-04 00:00:00+00:00,1662249600000.0,5.813e-05
2022-09-05 00:00:00+00:00,2022-09-05 00:00:00+00:00,1662336000000.0,-9.671e-05
2022-09-06 00:00:00+00:00,2022-09-06 00:00:00+00:00,1662422400000.0,-0.00016791
2022-09-07 00:00:00+00:00,2022-09-07 00:00:00+00:00,1662508800000.0,-0.00020412
2022-09-08 00:00:00+00:00,2022-09-08 00:00:00+00:00,1662595200000.0,-8.181e-05
2022-09-09 00:00:00+00:00,2022-09-09 00:00:00+00:00,1662681600000.0,1.562e-05
2022-09-10 00:00:00+00:00,2022-09-10 00:00:00+00:00,1662768000000.0,7.723e-05
2022-09-11 00:00:00+00:00,2022-09-11 00:00:00+00:00,1662854400000.0,0.0001
2022-09-12 00:00:00+00:00,2022-09-12 00:00:00+00:00,1662940800000.0,8.087e-05
2022-09-13 00:00:00+00:00,2022-09-13 00:00:00+00:00,1663027200000.0,-4.543e-05
2022-09-14 00:00:00+00:00,2022-09-14 00:00:00+00:00,1663113600000.0,-5.977e-05
2022-09-15 00:00:00+00:00,2022-09-15 00:00:00+00:00,1663200000000.0,-0.00016679
2022-09-16 00:00:00+00:00,2022-09-16 00:00:00+00:00,1663286400000.0,-8.251e-05
2022-09-17 00:00:00+00:00,2022-09-17 00:00:00+00:00,1663372800000.0,1.384e-05
2022-09-18 00:00:00+00:00,2022-09-18 00:00:00+00:00,1663459200000.0,-0.0001993
2022-09-19 00:00:00+00:00,2022-09-19 00:00:00+00:00,1663545600000.0,-0.00032983
2022-09-20 00:00:00+00:00,2022-09-20 00:00:00+00:00,1663632000000.0,-0.00023525
2022-09-21 00:00:00+00:00,2022-09-21 00:00:00+00:00,1663718400000.0,-0.00044011
2022-09-22 00:00:00+00:00,2022-09-22 00:00:00+00:00,1663804800000.0,-0.00044907
2022-09-23 00:00:00+00:00,2022-09-23 00:00:00+00:00,1663891200000.0,-0.00017522
2022-09-24 00:00:00+00:00,2022-09-24 00:00:00+00:00,1663977600000.0,-4.691e-05
2022-09-25 00:00:00+00:00,2022-09-25 00:00:00+00:00,1664064000000.0,0.0001
2022-09-26 00:00:00+00:00,2022-09-26 00:00:00+00:00,1664150400000.0,3.158e-05
2022-09-27 00:00:00+00:00,2022-09-27 00:00:00+00:00,1664236800000.0,1.782e-05
2022-09-28 00:00:00+00:00,2022-09-28 00:00:00+00:00,1664323200000.0,-0.00026099
2022-09-29 00:00:00+00:00,2022-09-29 00:00:00+00:00,1664409600000.0,-2.555e-05
2022-09-30 00:00:00+00:00,2022-09-30 00:00:00+00:00,1664496000000.0,0.0001
2022-10-01 00:00:00+00:00,2022-10-01 00:00:00+00:00,1664582400000.0,0.0001
2022-10-02 00:00:00+00:00,2022-10-02 00:00:00+00:00,1664668800000.0,-4.965e-05
2022-10-03 00:00:00+00:00,2022-10-03 00:00:00+00:00,1664755200000.0,-5.895e-05
2022-10-04 00:00:00+00:00,2022-10-04 00:00:00+00:00,1664841600000.0,2.193e-05
2022-10-05 00:00:00+00:00,2022-10-05 00:00:00+00:00,1664928000000.0,-7.514e-05
2022-10-06 00:00:00+00:00,2022-10-06 00:00:00+00:00,1665014400000.0,-6.782e-05
2022-10-07 00:00:00+00:00,2022-10-07 00:00:00+00:00,1665100800000.0,-0.00020137
2022-10-08 00:00:00+00:00,2022-10-08 00:00:00+00:00,1665187200000.0,-0.0002204
2022-10-09 00:00:00+00:00,2022-10-09 00:00:00+00:00,1665273600000.0,-0.00017404
2022-10-10 00:00:00+00:00,2022-10-10 00:00:00+00:00,1665360000000.0,0.0001
2022-10-11 00:00:00+00:00,2022-10-11 00:00:00+00:00,1665446400000.0,0.0001
2022-10-12 00:00:00+00:00,2022-10-12 00:00:00+00:00,1665532800000.0,-1.436e-05
2022-10-13 00:00:00+00:00,2022-10-13 00:00:00+00:00,1665619200000.0,-3.993e-05
2022-10-14 00:00:00+00:00,2022-10-14 00:00:00+00:00,1665705600000.0,8.633e-05
2022-10-15 00:00:00+00:00,2022-10-15 00:00:00+00:00,1665792000000.0,9.625e-05
2022-10-16 00:00:00+00:00,2022-10-16 00:00:00+00:00,1665878400000.0,0.0001
2022-10-17 00:00:00+00:00,2022-10-17 00:00:00+00:00,1665964800000.0,0.0001
2022-10-18 00:00:00+00:00,2022-10-18 00:00:00+00:00,1666051200000.0,7.304e-05
2022-10-19 00:00:00+00:00,2022-10-19 00:00:00+00:00,1666137600000.0,0.0001
2022-10-20 00:00:00+00:00,2022-10-20 00:00:00+00:00,1666224000000.0,0.0001
2022-10-21 00:00:00+00:00,2022-10-21 00:00:00+00:00,1666310400000.0,-0.00022534
2022-10-22 00:00:00+00:00,2022-10-22 00:00:00+00:00,1666396800000.0,-0.00018204
2022-10-23 00:00:00+00:00,2022-10-23 00:00:00+00:00,1666483200000.0,6.5e-07
2022-10-24 00:00:00+00:00,2022-10-24 00:00:00+00:00,1666569600000.0,-1.349e-05
2022-10-25 00:00:00+00:00,2022-10-25 00:00:00+00:00,1666656000000.0,8.378e-05
2022-10-26 00:00:00+00:00,2022-10-26 00:00:00+00:00,1666742400000.0,0.0001
2022-10-27 00:00:00+00:00,2022-10-27 00:00:00+00:00,1666828800000.0,9.654e-05
2022-10-28 00:00:00+00:00,2022-10-28 00:00:00+00:00,1666915200000.0,0.0001
2022-10-29 00:00:00+00:00,2022-10-29 00:00:00+00:00,1667001600000.0,-7.745e-05
2022-10-30 00:00:00+00:00,2022-10-30 00:00:00+00:00,1667088000000.0,0.0001
2022-10-31 00:00:00+00:00,2022-10-31 00:00:00+00:00,1667174400000.0,0.0001
2022-11-01 00:00:00+00:00,2022-11-01 00:00:00+00:00,1667260800000.0,6.115e-05
2022-11-02 00:00:00+00:00,2022-11-02 00:00:00+00:00,1667347200000.0,0.0001
2022-11-03 00:00:00+00:00,2022-11-03 00:00:00+00:00,1667433600000.0,-0.00018696
2022-11-04 00:00:00+00:00,2022-11-04 00:00:00+00:00,1667520000000.0,-0.00012883
2022-11-05 00:00:00+00:00,2022-11-05 00:00:00+00:00,1667606400000.0,0.0001
2022-11-06 00:00:00+00:00,2022-11-06 00:00:00+00:00,1667692800000.0,0.0001
2022-11-07 00:00:00+00:00,2022-11-07 00:00:00+00:00,1667779200000.0,2.43e-05
2022-11-08 00:00:00+00:00,2022-11-08 00:00:00+00:00,1667865600000.0,-0.00021789
2022-11-09 00:00:00+00:00,2022-11-09 00:00:00+00:00,1667952000000.0,-0.0010731
2022-11-10 00:00:00+00:00,2022-11-10 00:00:00+00:00,1668038400000.0,-0.00268952
2022-11-11 00:00:00+00:00,2022-11-11 00:00:00+00:00,1668124800000.0,0.0001
2022-11-12 00:00:00+00:00,2022-11-12 00:00:00+00:00,1668211200000.0,-9.18e-05
2022-11-13 00:00:00+00:00,2022-11-13 00:00:00+00:00,1668297600000.0,-0.00030523
2022-11-14 00:00:00+00:00,2022-11-14 00:00:00+00:00,1668384000000.0,-0.0002587
2022-11-15 00:00:00+00:00,2022-11-15 00:00:00+00:00,1668470400000.0,-0.00020797
2022-11-16 00:00:00+00:00,2022-11-16 00:00:00+00:00,1668556800000.0,-0.00027854
2022-11-17 00:00:00+00:00,2022-11-17 00:00:00+00:00,1668643200000.0,-0.00077355
2022-11-18 00:00:00+00:00,2022-11-18 00:00:00+00:00,1668729600000.0,1.647e-05
2022-11-19 00:00:00+00:00,2022-11-19 00:00:00+00:00,1668816000000.0,0.0001
2022-11-20 00:00:00+00:00,2022-11-20 00:00:00+00:00,1668902400000.0,2.185e-05
2022-11-21 00:00:00+00:00,2022-11-21 00:00:00+00:00,1668988800000.0,-0.00024259
2022-11-22 00:00:00+00:00,2022-11-22 00:00:00+00:00,1669075200000.0,-0.00075524
2022-11-23 00:00:00+00:00,2022-11-23 00:00:00+00:00,1669161600000.0,2.28e-06
2022-11-24 00:00:00+00:00,2022-11-24 00:00:00+00:00,1669248000000.0,-0.00024318
2022-11-25 00:00:00+00:00,2022-11-25 00:00:00+00:00,1669334400000.0,-0.00022561
2022-11-26 00:00:00+00:00,2022-11-26 00:00:00+00:00,1669420800000.0,8.79e-05
2022-11-27 00:00:00+00:00,2022-11-27 00:00:00+00:00,1669507200000.0,-0.00018942
2022-11-28 00:00:00+00:00,2022-11-28 00:00:00+00:00,1669593600000.0,-7.94e-06
2022-11-29 00:00:00+00:00,2022-11-29 00:00:00+00:00,1669680000000.0,-0.00019312
2022-11-30 00:00:00+00:00,2022-11-30 00:00:00+00:00,1669766400000.0,4.82e-05
2022-12-01 00:00:00+00:00,2022-12-01 00:00:00+00:00,1669852800000.0,-0.00014871
2022-12-02 00:00:00+00:00,2022-12-02 00:00:00+00:00,1669939200000.0,8.156e-05
2022-12-03 00:00:00+00:00,2022-12-03 00:00:00+00:00,1670025600000.0,-8.91e-05
2022-12-04 00:00:00+00:00,2022-12-04 00:00:00+00:00,1670112000000.0,-0.00017378
2022-12-05 00:00:00+00:00,2022-12-05 00:00:00+00:00,1670198400000.0,3.547e-05
2022-12-06 00:00:00+00:00,2022-12-06 00:00:00+00:00,1670284800000.0,0.0001
2022-12-07 00:00:00+00:00,2022-12-07 00:00:00+00:00,1670371200000.0,7.349e-05
2022-12-08 00:00:00+00:00,2022-12-08 00:00:00+00:00,1670457600000.0,-0.00011055
2022-12-09 00:00:00+00:00,2022-12-09 00:00:00+00:00,1670544000000.0,3.604e-05
2022-12-10 00:00:00+00:00,2022-12-10 00:00:00+00:00,1670630400000.0,0.0001
2022-12-11 00:00:00+00:00,2022-12-11 00:00:00+00:00,1670716800000.0,0.0001
2022-12-12 00:00:00+00:00,2022-12-12 00:00:00+00:00,1670803200000.0,0.0001
2022-12-13 00:00:00+00:00,2022-12-13 00:00:00+00:00,1670889600000.0,0.0001
2022-12-14 00:00:00+00:00,2022-12-14 00:00:00+00:00,1670976000000.0,-7.319e-05
2022-12-15 00:00:00+00:00,2022-12-15 00:00:00+00:00,1671062400000.0,0.0001
2022-12-16 00:00:00+00:00,2022-12-16 00:00:00+00:00,1671148800000.0,0.0001
2022-12-17 00:00:00+00:00,2022-12-17 00:00:00+00:00,1671235200000.0,-7.11e-05
2022-12-18 00:00:00+00:00,2022-12-18 00:00:00+00:00,1671321600000.0,-0.0002054
2022-12-19 00:00:00+00:00,2022-12-19 00:00:00+00:00,1671408000000.0,0.0001
2022-12-20 00:00:00+00:00,2022-12-20 00:00:00+00:00,1671494400000.0,-0.00013564
2022-12-21 00:00:00+00:00,2022-12-21 00:00:00+00:00,1671580800000.0,0.0001
2022-12-22 00:00:00+00:00,2022-12-22 00:00:00+00:00,1671667200000.0,0.0001
2022-12-23 00:00:00+00:00,2022-12-23 00:00:00+00:00,1671753600000.0,0.0001
2022-12-24 00:00:00+00:00,2022-12-24 00:00:00+00:00,1671840000000.0,0.0001
2022-12-25 00:00:00+00:00,2022-12-25 00:00:00+00:00,1671926400000.0,2.683e-05
2022-12-26 00:00:00+00:00,2022-12-26 00:00:00+00:00,1672012800000.0,0.0001
2022-12-27 00:00:00+00:00,2022-12-27 00:00:00+00:00,1672099200000.0,0.0001
2022-12-28 00:00:00+00:00,2022-12-28 00:00:00+00:00,1672185600000.0,0.0001
2022-12-29 00:00:00+00:00,2022-12-29 00:00:00+00:00,1672272000000.0,0.0001
2022-12-30 00:00:00+00:00,2022-12-30 00:00:00+00:00,1672358400000.0,1.707e-05
2022-12-31 00:00:00+00:00,2022-12-31 00:00:00+00:00,1672444800000.0,3.403e-05
2023-01-01 00:00:00+00:00,2023-01-01 00:00:00+00:00,1672531200000.0,3.782e-05
2023-01-02 00:00:00+00:00,2023-01-02 00:00:00+00:00,1672617600000.0,9.364e-05
2023-01-03 00:00:00+00:00,2023-01-03 00:00:00+00:00,1672704000000.0,0.0001
2023-01-04 00:00:00+00:00,2023-01-04 00:00:00+00:00,1672790400000.0,4.06e-06
2023-01-05 00:00:00+00:00,2023-01-05 00:00:00+00:00,1672876800000.0,-0.00013257
2023-01-06 00:00:00+00:00,2023-01-06 00:00:00+00:00,1672963200000.0,0.0001
2023-01-07 00:00:00+00:00,2023-01-07 00:00:00+00:00,1673049600000.0,0.0001
2023-01-08 00:00:00+00:00,2023-01-08 00:00:00+00:00,1673136000000.0,0.0001
2023-01-09 00:00:00+00:00,2023-01-09 00:00:00+00:00,1673222400000.0,0.0001
2023-01-10 00:00:00+00:00,2023-01-10 00:00:00+00:00,1673308800000.0,0.0001
2023-01-11 00:00:00+00:00,2023-01-11 00:00:00+00:00,1673395200000.0,0.0001
2023-01-12 00:00:00+00:00,2023-01-12 00:00:00+00:00,1673481600000.0,-0.00041182
2023-01-13 00:00:00+00:00,2023-01-13 00:00:00+00:00,1673568000000.0,0.0001
2023-01-14 00:00:00+00:00,2023-01-14 00:00:00+00:00,1673654400000.0,0.0001
2023-01-15 00:00:00+00:00,2023-01-15 00:00:00+00:00,1673740800000.0,0.0001
2023-01-16 00:00:00+00:00,2023-01-16 00:00:00+00:00,1673827200000.0,0.00040413
2023-01-17 00:00:00+00:00,2023-01-17 00:00:00+00:00,1673913600000.0,0.0001
2023-01-18 00:00:00+00:00,2023-01-18 00:00:00+00:00,1674000000000.0,0.0001
2023-01-19 00:00:00+00:00,2023-01-19 00:00:00+00:00,1674086400000.0,0.0001
2023-01-20 00:00:00+00:00,2023-01-20 00:00:00+00:00,1674172800000.0,0.0001
2023-01-21 00:00:00+00:00,2023-01-21 00:00:00+00:00,1674259200000.0,0.0001
2023-01-22 00:00:00+00:00,2023-01-22 00:00:00+00:00,1674345600000.0,0.0001
2023-01-23 00:00:00+00:00,2023-01-23 00:00:00+00:00,1674432000000.0,0.00015339
2023-01-24 00:00:00+00:00,2023-01-24 00:00:00+00:00,1674518400000.0,0.0001
2023-01-25 00:00:00+00:00,2023-01-25 00:00:00+00:00,1674604800000.0,0.0001
2023-01-26 00:00:00+00:00,2023-01-26 00:00:00+00:00,1674691200000.0,0.0001
2023-01-27 00:00:00+00:00,2023-01-27 00:00:00+00:00,1674777600000.0,0.0001
2023-01-28 00:00:00+00:00,2023-01-28 00:00:00+00:00,1674864000000.0,0.00016571
2023-01-29 00:00:00+00:00,2023-01-29 00:00:00+00:00,1674950400000.0,0.00013026
2023-01-30 00:00:00+00:00,2023-01-30 00:00:00+00:00,1675036800000.0,0.0001
2023-01-31 00:00:00+00:00,2023-01-31 00:00:00+00:00,1675123200000.0,0.0001
2023-02-01 00:00:00+00:00,2023-02-01 00:00:00+00:00,1675209600000.0,0.0001
2023-02-02 00:00:00+00:00,2023-02-02 00:00:00+00:00,1675296000000.0,0.0001
2023-02-03 00:00:00+00:00,2023-02-03 00:00:00+00:00,1675382400000.0,0.0001
2023-02-04 00:00:00+00:00,2023-02-04 00:00:00+00:00,1675468800000.0,0.0001
2023-02-05 00:00:00+00:00,2023-02-05 00:00:00+00:00,1675555200000.0,0.0001
2023-02-06 00:00:00+00:00,2023-02-06 00:00:00+00:00,1675641600000.0,0.0001
2023-02-07 00:00:00+00:00,2023-02-07 00:00:00+00:00,1675728000000.0,0.0001
2023-02-08 00:00:00+00:00,2023-02-08 00:00:00+00:00,1675814400000.0,0.0001
2023-02-09 00:00:00+00:00,2023-02-09 00:00:00+00:00,1675900800000.0,0.0001
2023-02-10 00:00:00+00:00,2023-02-10 00:00:00+00:00,1675987200000.0,0.0001
2023-02-11 00:00:00+00:00,2023-02-11 00:00:00+00:00,1676073600000.0,0.0001
2023-02-12 00:00:00+00:00,2023-02-12 00:00:00+00:00,1676160000000.0,5.031e-05
2023-02-13 00:00:00+00:00,2023-02-13 00:00:00+00:00,1676246400000.0,-4.166e-05
2023-02-14 00:00:00+00:00,2023-02-14 00:00:00+00:00,1676332800000.0,0.0001
2023-02-15 00:00:00+00:00,2023-02-15 00:00:00+00:00,1676419200000.0,7.502e-05
2023-02-16 00:00:00+00:00,2023-02-16 00:00:00+00:00,1676505600000.0,0.0001
2023-02-17 00:00:00+00:00,2023-02-17 00:00:00+00:00,1676592000000.0,0.0001
2023-02-18 00:00:00+00:00,2023-02-18 00:00:00+00:00,1676678400000.0,0.0001
2023-02-19 00:00:00+00:00,2023-02-19 00:00:00+00:00,1676764800000.0,0.0001
2023-02-20 00:00:00+00:00,2023-02-20 00:00:00+00:00,1676851200000.0,0.00013119
2023-02-21 00:00:00+00:00,2023-02-21 00:00:00+00:00,1676937600000.0,0.0001
2023-02-22 00:00:00+00:00,2023-02-22 00:00:00+00:00,1677024000000.0,0.00022825
2023-02-23 00:00:00+00:00,2023-02-23 00:00:00+00:00,1677110400000.0,0.0001
2023-02-24 00:00:00+00:00,2023-02-24 00:00:00+00:00,1677196800000.0,0.0001
2023-02-25 00:00:00+00:00,2023-02-25 00:00:00+00:00,1677283200000.0,0.0001
2023-02-26 00:00:00+00:00,2023-02-26 00:00:00+00:00,1677369600000.0,9.982e-05
2023-02-27 00:00:00+00:00,2023-02-27 00:00:00+00:00,1677456000000.0,0.0001
2023-02-28 00:00:00+00:00,2023-02-28 00:00:00+00:00,1677542400000.0,0.0001
2023-03-01 00:00:00+00:00,2023-03-01 00:00:00+00:00,1677628800000.0,0.0001
2023-03-02 00:00:00+00:00,2023-03-02 00:00:00+00:00,1677715200000.0,0.0001
2023-03-03 00:00:00+00:00,2023-03-03 00:00:00+00:00,1677801600000.0,0.0001
2023-03-04 00:00:00+00:00,2023-03-04 00:00:00+00:00,1677888000000.0,0.0001
2023-03-05 00:00:00+00:00,2023-03-05 00:00:00+00:00,1677974400000.0,0.0001
2023-03-06 00:00:00+00:00,2023-03-06 00:00:00+00:00,1678060800000.0,9.253e-05
2023-03-07 00:00:00+00:00,2023-03-07 00:00:00+00:00,1678147200000.0,0.0001
2023-03-08 00:00:00+00:00,2023-03-08 00:00:00+00:00,1678233600000.0,0.0001
2023-03-09 00:00:00+00:00,2023-03-09 00:00:00+00:00,1678320000000.0,0.0001
2023-03-10 00:00:00+00:00,2023-03-10 00:00:00+00:00,1678406400000.0,-0.00023368
2023-03-11 00:00:00+00:00,2023-03-11 00:00:00+00:00,1678492800000.0,0.0001
2023-03-12 00:00:00+00:00,2023-03-12 00:00:00+00:00,1678579200000.0,0.0001
2023-03-13 00:00:00+00:00,2023-03-13 00:00:00+00:00,1678665600000.0,0.0001
2023-03-14 00:00:00+00:00,2023-03-14 00:00:00+00:00,1678752000000.0,0.0001
2023-03-15 00:00:00+00:00,2023-03-15 00:00:00+00:00,1678838400000.0,0.00022737
2023-03-16 00:00:00+00:00,2023-03-16 00:00:00+00:00,1678924800000.0,0.0001
2023-03-17 00:00:00+00:00,2023-03-17 00:00:00+00:00,1679011200000.0,0.0001
2023-03-18 00:00:00+00:00,2023-03-18 00:00:00+00:00,1679097600000.0,0.0001
2023-03-19 00:00:00+00:00,2023-03-19 00:00:00+00:00,1679184000000.0,0.0001
2023-03-20 00:00:00+00:00,2023-03-20 00:00:00+00:00,1679270400000.0,0.0001
2023-03-21 00:00:00+00:00,2023-03-21 00:00:00+00:00,1679356800000.0,0.0001
2023-03-22 00:00:00+00:00,2023-03-22 00:00:00+00:00,1679443200000.0,0.0001
2023-03-23 00:00:00+00:00,2023-03-23 00:00:00+00:00,1679529600000.0,0.0001
2023-03-24 00:00:00+00:00,2023-03-24 00:00:00+00:00,1679616000000.0,0.0001
2023-03-25 00:00:00+00:00,2023-03-25 00:00:00+00:00,1679702400000.0,0.0001
2023-03-26 00:00:00+00:00,2023-03-26 00:00:00+00:00,1679788800000.0,0.0001
2023-03-27 00:00:00+00:00,2023-03-27 00:00:00+00:00,1679875200000.0,0.0001
2023-03-28 00:00:00+00:00,2023-03-28 00:00:00+00:00,1679961600000.0,0.0001
2023-03-29 00:00:00+00:00,2023-03-29 00:00:00+00:00,1680048000000.0,0.0001
2023-03-30 00:00:00+00:00,2023-03-30 00:00:00+00:00,1680134400000.0,0.0001
2023-03-31 00:00:00+00:00,2023-03-31 00:00:00+00:00,1680220800000.0,0.0001
2023-04-01 00:00:00+00:00,2023-04-01 00:00:00+00:00,1680307200000.0,0.0001
2023-04-02 00:00:00+00:00,2023-04-02 00:00:00+00:00,1680393600000.0,0.0001
2023-04-03 00:00:00+00:00,2023-04-03 00:00:00+00:00,1680480000000.0,7.886e-05
2023-04-04 00:00:00+00:00,2023-04-04 00:00:00+00:00,1680566400000.0,0.0001
2023-04-05 00:00:00+00:00,2023-04-05 00:00:00+00:00,1680652800000.0,0.0001
2023-04-06 00:00:00+00:00,2023-04-06 00:00:00+00:00,1680739200000.0,0.0001
2023-04-07 00:00:00+00:00,2023-04-07 00:00:00+00:00,1680825600000.0,0.0001
2023-04-08 00:00:00+00:00,2023-04-08 00:00:00+00:00,1680912000000.0,0.0001
2023-04-09 00:00:00+00:00,2023-04-09 00:00:00+00:00,1680998400000.0,8.453e-05
2023-04-10 00:00:00+00:00,2023-04-10 00:00:00+00:00,1681084800000.0,-2.13e-06
2023-04-11 00:00:00+00:00,2023-04-11 00:00:00+00:00,1681171200000.0,0.0001
2023-04-12 00:00:00+00:00,2023-04-12 00:00:00+00:00,1681257600000.0,0.0001
2023-04-13 00:00:00+00:00,2023-04-13 00:00:00+00:00,1681344000000.0,0.0001
2023-04-14 00:00:00+00:00,2023-04-14 00:00:00+00:00,1681430400000.0,0.0001
2023-04-15 00:00:00+00:00,2023-04-15 00:00:00+00:00,1681516800000.0,0.0001
2023-04-16 00:00:00+00:00,2023-04-16 00:00:00+00:00,1681603200000.0,0.0001
2023-04-17 00:00:00+00:00,2023-04-17 00:00:00+00:00,1681689600000.0,0.0001
2023-04-18 00:00:00+00:00,2023-04-18 00:00:00+00:00,1681776000000.0,0.00016119
2023-04-19 00:00:00+00:00,2023-04-19 00:00:00+00:00,1681862400000.0,0.0001
2023-04-20 00:00:00+00:00,2023-04-20 00:00:00+00:00,1681948800000.0,0.0001
2023-04-21 00:00:00+00:00,2023-04-21 00:00:00+00:00,1682035200000.0,0.0001
2023-04-22 00:00:00+00:00,2023-04-22 00:00:00+00:00,1682121600000.0,0.0001
2023-04-23 00:00:00+00:00,2023-04-23 00:00:00+00:00,1682208000000.0,0.0001
2023-04-24 00:00:00+00:00,2023-04-24 00:00:00+00:00,1682294400000.0,0.0001
2023-04-25 00:00:00+00:00,2023-04-25 00:00:00+00:00,1682380800000.0,0.0001
2023-04-26 00:00:00+00:00,2023-04-26 00:00:00+00:00,1682467200000.0,0.0001
2023-04-27 00:00:00+00:00,2023-04-27 00:00:00+00:00,1682553600000.0,-0.00013844
2023-04-28 00:00:00+00:00,2023-04-28 00:00:00+00:00,1682640000000.0,0.0001
2023-04-29 00:00:00+00:00,2023-04-29 00:00:00+00:00,1682726400000.0,0.0001
2023-04-30 00:00:00+00:00,2023-04-30 00:00:00+00:00,1682812800000.0,0.0001
2023-05-01 00:00:00+00:00,2023-05-01 00:00:00+00:00,1682899200000.0,0.0001
2023-05-02 00:00:00+00:00,2023-05-02 00:00:00+00:00,1682985600000.0,0.0001
2023-05-03 00:00:00+00:00,2023-05-03 00:00:00+00:00,1683072000000.0,8.069e-05
2023-05-04 00:00:00+00:00,2023-05-04 00:00:00+00:00,1683158400000.0,6.792e-05
2023-05-05 00:00:00+00:00,2023-05-05 00:00:00+00:00,1683244800000.0,0.0001
2023-05-06 00:00:00+00:00,2023-05-06 00:00:00+00:00,1683331200000.0,8.852e-05
2023-05-07 00:00:00+00:00,2023-05-07 00:00:00+00:00,1683417600000.0,-5.51e-05
2023-05-08 00:00:00+00:00,2023-05-08 00:00:00+00:00,1683504000000.0,2.224e-05
2023-05-09 00:00:00+00:00,2023-05-09 00:00:00+00:00,1683590400000.0,-5.075e-05
2023-05-10 00:00:00+00:00,2023-05-10 00:00:00+00:00,1683676800000.0,4.743e-05
2023-05-11 00:00:00+00:00,2023-05-11 00:00:00+00:00,1683763200000.0,3.24e-05
2023-05-12 00:00:00+00:00,2023-05-12 00:00:00+00:00,1683849600000.0,-3.641e-05
2023-05-13 00:00:00+00:00,2023-05-13 00:00:00+00:00,1683936000000.0,0.0001
2023-05-14 00:00:00+00:00,2023-05-14 00:00:00+00:00,1684022400000.0,0.0001
2023-05-15 00:00:00+00:00,2023-05-15 00:00:00+00:00,1684108800000.0,1.041e-05
2023-05-16 00:00:00+00:00,2023-05-16 00:00:00+00:00,1684195200000.0,0.0001
2023-05-17 00:00:00+00:00,2023-05-17 00:00:00+00:00,1684281600000.0,1.046e-05
2023-05-18 00:00:00+00:00,2023-05-18 00:00:00+00:00,1684368000000.0,9.121e-05
2023-05-19 00:00:00+00:00,2023-05-19 00:00:00+00:00,1684454400000.0,-9.618e-05
2023-05-20 00:00:00+00:00,2023-05-20 00:00:00+00:00,1684540800000.0,0.0001
2023-05-21 00:00:00+00:00,2023-05-21 00:00:00+00:00,1684627200000.0,6.728e-05
2023-05-22 00:00:00+00:00,2023-05-22 00:00:00+00:00,1684713600000.0,-3.039e-05
2023-05-23 00:00:00+00:00,2023-05-23 00:00:00+00:00,1684800000000.0,0.0001
2023-05-24 00:00:00+00:00,2023-05-24 00:00:00+00:00,1684886400000.0,0.0001
2023-05-25 00:00:00+00:00,2023-05-25 00:00:00+00:00,1684972800000.0,0.0001
2023-05-26 00:00:00+00:00,2023-05-26 00:00:00+00:00,1685059200000.0,0.0001
2023-05-27 00:00:00+00:00,2023-05-27 00:00:00+00:00,1685145600000.0,0.0001
2023-05-28 00:00:00+00:00,2023-05-28 00:00:00+00:00,1685232000000.0,0.0001
2023-05-29 00:00:00+00:00,2023-05-29 00:00:00+00:00,1685318400000.0,0.0001
2023-05-30 00:00:00+00:00,2023-05-30 00:00:00+00:00,1685404800000.0,0.0001
2023-05-31 00:00:00+00:00,2023-05-31 00:00:00+00:00,1685491200000.0,0.0001
2023-06-01 00:00:00+00:00,2023-06-01 00:00:00+00:00,1685577600000.0,0.0001
2023-06-02 00:00:00+00:00,2023-06-02 00:00:00+00:00,1685664000000.0,0.0001
2023-06-03 00:00:00+00:00,2023-06-03 00:00:00+00:00,1685750400000.0,0.0001
2023-06-04 00:00:00+00:00,2023-06-04 00:00:00+00:00,1685836800000.0,0.0001
2023-06-05 00:00:00+00:00,2023-06-05 00:00:00+00:00,1685923200000.0,0.0001
2023-06-06 00:00:00+00:00,2023-06-06 00:00:00+00:00,1686009600000.0,0.0001
2023-06-07 00:00:00+00:00,2023-06-07 00:00:00+00:00,1686096000000.0,0.0001
2023-06-08 00:00:00+00:00,2023-06-08 00:00:00+00:00,1686182400000.0,0.0001
2023-06-09 00:00:00+00:00,2023-06-09 00:00:00+00:00,1686268800000.0,0.0001
2023-06-10 00:00:00+00:00,2023-06-10 00:00:00+00:00,1686355200000.0,0.0001
2023-06-11 00:00:00+00:00,2023-06-11 00:00:00+00:00,1686441600000.0,-0.00049609
2023-06-12 00:00:00+00:00,2023-06-12 00:00:00+00:00,1686528000000.0,-0.00032633
2023-06-13 00:00:00+00:00,2023-06-13 00:00:00+00:00,1686614400000.0,-4.11e-06
2023-06-14 00:00:00+00:00,2023-06-14 00:00:00+00:00,1686700800000.0,6.281e-05
2023-06-15 00:00:00+00:00,2023-06-15 00:00:00+00:00,1686787200000.0,-8.914e-05
2023-06-16 00:00:00+00:00,2023-06-16 00:00:00+00:00,1686873600000.0,-0.00010051
2023-06-17 00:00:00+00:00,2023-06-17 00:00:00+00:00,1686960000000.0,0.0001
2023-06-18 00:00:00+00:00,2023-06-18 00:00:00+00:00,1687046400000.0,-3.448e-05
2023-06-19 00:00:00+00:00,2023-06-19 00:00:00+00:00,1687132800000.0,-0.00017335
2023-06-20 00:00:00+00:00,2023-06-20 00:00:00+00:00,1687219200000.0,4.358e-05
2023-06-21 00:00:00+00:00,2023-06-21 00:00:00+00:00,1687305600000.0,0.0001
2023-06-22 00:00:00+00:00,2023-06-22 00:00:00+00:00,1687392000000.0,0.0001
2023-06-23 00:00:00+00:00,2023-06-23 00:00:00+00:00,1687478400000.0,0.0001
2023-06-24 00:00:00+00:00,2023-06-24 00:00:00+00:00,1687564800000.0,0.0001
2023-06-25 00:00:00+00:00,2023-06-25 00:00:00+00:00,1687651200000.0,9.783e-05
2023-06-26 00:00:00+00:00,2023-06-26 00:00:00+00:00,1687737600000.0,0.0001
2023-06-27 00:00:00+00:00,2023-06-27 00:00:00+00:00,1687824000000.0,0.0001
2023-06-28 00:00:00+00:00,2023-06-28 00:00:00+00:00,1687910400000.0,0.0001
2023-06-29 00:00:00+00:00,2023-06-29 00:00:00+00:00,1687996800000.0,3.451e-05
2023-06-30 00:00:00+00:00,2023-06-30 00:00:00+00:00,1688083200000.0,6.866e-05
2023-07-01 00:00:00+00:00,2023-07-01 00:00:00+00:00,1688169600000.0,0.0001
2023-07-02 00:00:00+00:00,2023-07-02 00:00:00+00:00,1688256000000.0,0.0001
2023-07-03 00:00:00+00:00,2023-07-03 00:00:00+00:00,1688342400000.0,0.0001
2023-07-04 00:00:00+00:00,2023-07-04 00:00:00+00:00,1688428800000.0,0.0001
2023-07-05 00:00:00+00:00,2023-07-05 00:00:00+00:00,1688515200000.0,0.0001
2023-07-06 00:00:00+00:00,2023-07-06 00:00:00+00:00,1688601600000.0,-3.669e-05
2023-07-07 00:00:00+00:00,2023-07-07 00:00:00+00:00,1688688000000.0,-3.24e-05
2023-07-08 00:00:00+00:00,2023-07-08 00:00:00+00:00,1688774400000.0,0.0001
2023-07-09 00:00:00+00:00,2023-07-09 00:00:00+00:00,1688860800000.0,8.85e-05
2023-07-10 00:00:00+00:00,2023-07-10 00:00:00+00:00,1688947200000.0,0.0001
2023-07-11 00:00:00+00:00,2023-07-11 00:00:00+00:00,1689033600000.0,-1.173e-05
2023-07-12 00:00:00+00:00,2023-07-12 00:00:00+00:00,1689120000000.0,0.0001
2023-07-13 00:00:00+00:00,2023-07-13 00:00:00+00:00,1689206400000.0,0.0001
2023-07-14 00:00:00+00:00,2023-07-14 00:00:00+00:00,1689292800000.0,0.0001
2023-07-15 00:00:00+00:00,2023-07-15 00:00:00+00:00,1689379200000.0,0.0001
2023-07-16 00:00:00+00:00,2023-07-16 00:00:00+00:00,1689465600000.0,0.0001
2023-07-17 00:00:00+00:00,2023-07-17 00:00:00+00:00,1689552000000.0,5.871e-05
2023-07-18 00:00:00+00:00,2023-07-18 00:00:00+00:00,1689638400000.0,0.0001
2023-07-19 00:00:00+00:00,2023-07-19 00:00:00+00:00,1689724800000.0,0.0001
2023-07-20 00:00:00+00:00,2023-07-20 00:00:00+00:00,1689811200000.0,0.0001
2023-07-21 00:00:00+00:00,2023-07-21 00:00:00+00:00,1689897600000.0,0.0001
2023-07-22 00:00:00+00:00,2023-07-22 00:00:00+00:00,1689984000000.0,0.0001
2023-07-23 00:00:00+00:00,2023-07-23 00:00:00+00:00,1690070400000.0,6.605e-05
2023-07-24 00:00:00+00:00,2023-07-24 00:00:00+00:00,1690156800000.0,0.0001
2023-07-25 00:00:00+00:00,2023-07-25 00:00:00+00:00,1690243200000.0,0.0001
2023-07-26 00:00:00+00:00,2023-07-26 00:00:00+00:00,1690329600000.0,5.779e-05
2023-07-27 00:00:00+00:00,2023-07-27 00:00:00+00:00,1690416000000.0,7.158e-05
2023-07-28 00:00:00+00:00,2023-07-28 00:00:00+00:00,1690502400000.0,0.0001
2023-07-29 00:00:00+00:00,2023-07-29 00:00:00+00:00,1690588800000.0,0.0001
2023-07-30 00:00:00+00:00,2023-07-30 00:00:00+00:00,1690675200000.0,9.555e-05
2023-07-31 00:00:00+00:00,2023-07-31 00:00:00+00:00,1690761600000.0,0.0001
2023-08-01 00:00:00+00:00,2023-08-01 00:00:00+00:00,1690848000000.0,-9.452e-05
2023-08-02 00:00:00+00:00,2023-08-02 00:00:00+00:00,1690934400000.0,0.0001
2023-08-03 00:00:00+00:00,2023-08-03 00:00:00+00:00,1691020800000.0,3.343e-05
2023-08-04 00:00:00+00:00,2023-08-04 00:00:00+00:00,1691107200000.0,-6.142e-05
2023-08-05 00:00:00+00:00,2023-08-05 00:00:00+00:00,1691193600000.0,1.663e-05
2023-08-06 00:00:00+00:00,2023-08-06 00:00:00+00:00,1691280000000.0,0.0001
2023-08-07 00:00:00+00:00,2023-08-07 00:00:00+00:00,1691366400000.0,0.0001
2023-08-08 00:00:00+00:00,2023-08-08 00:00:00+00:00,1691452800000.0,0.0001
2023-08-09 00:00:00+00:00,2023-08-09 00:00:00+00:00,1691539200000.0,0.0001
2023-08-10 00:00:00+00:00,2023-08-10 00:00:00+00:00,1691625600000.0,0.0001
2023-08-11 00:00:00+00:00,2023-08-11 00:00:00+00:00,1691712000000.0,0.0001
2023-08-12 00:00:00+00:00,2023-08-12 00:00:00+00:00,1691798400000.0,3.003e-05
2023-08-13 00:00:00+00:00,2023-08-13 00:00:00+00:00,1691884800000.0,0.0001
2023-08-14 00:00:00+00:00,2023-08-14 00:00:00+00:00,1691971200000.0,0.0001
2023-08-15 00:00:00+00:00,2023-08-15 00:00:00+00:00,1692057600000.0,0.0001
2023-08-16 00:00:00+00:00,2023-08-16 00:00:00+00:00,1692144000000.0,2.547e-05
2023-08-17 00:00:00+00:00,2023-08-17 00:00:00+00:00,1692230400000.0,4.171e-05
2023-08-18 00:00:00+00:00,2023-08-18 00:00:00+00:00,1692316800000.0,-0.00064791
2023-08-19 00:00:00+00:00,2023-08-19 00:00:00+00:00,1692403200000.0,-1.315e-05
2023-08-20 00:00:00+00:00,2023-08-20 00:00:00+00:00,1692489600000.0,-0.00018812
2023-08-21 00:00:00+00:00,2023-08-21 00:00:00+00:00,1692576000000.0,0.0001
2023-08-22 00:00:00+00:00,2023-08-22 00:00:00+00:00,1692662400000.0,7.57e-06
2023-08-23 00:00:00+00:00,2023-08-23 00:00:00+00:00,1692748800000.0,-0.00027764
2023-08-24 00:00:00+00:00,2023-08-24 00:00:00+00:00,1692835200000.0,-0.00011447
2023-08-25 00:00:00+00:00,2023-08-25 00:00:00+00:00,1692921600000.0,-8.266e-05
2023-08-26 00:00:00+00:00,2023-08-26 00:00:00+00:00,1693008000000.0,-0.00015664
2023-08-27 00:00:00+00:00,2023-08-27 00:00:00+00:00,1693094400000.0,-3.581e-05
2023-08-28 00:00:00+00:00,2023-08-28 00:00:00+00:00,1693180800000.0,3.415e-05
2023-08-29 00:00:00+00:00,2023-08-29 00:00:00+00:00,1693267200000.0,0.0001
2023-08-30 00:00:00+00:00,2023-08-30 00:00:00+00:00,1693353600000.0,5.047e-05
2023-08-31 00:00:00+00:00,2023-08-31 00:00:00+00:00,1693440000000.0,0.0001
2023-09-01 00:00:00+00:00,2023-09-01 00:00:00+00:00,1693526400000.0,-0.00011823
2023-09-02 00:00:00+00:00,2023-09-02 00:00:00+00:00,1693612800000.0,-0.00018058
2023-09-03 00:00:00+00:00,2023-09-03 00:00:00+00:00,1693699200000.0,-0.00013702
2023-09-04 00:00:00+00:00,2023-09-04 00:00:00+00:00,1693785600000.0,-1.736e-05
2023-09-05 00:00:00+00:00,2023-09-05 00:00:00+00:00,1693872000000.0,-6.51e-05
2023-09-06 00:00:00+00:00,2023-09-06 00:00:00+00:00,1693958400000.0,0.0001
2023-09-07 00:00:00+00:00,2023-09-07 00:00:00+00:00,1694044800000.0,-1.418e-05
2023-09-08 00:00:00+00:00,2023-09-08 00:00:00+00:00,1694131200000.0,-7.422e-05
2023-09-09 00:00:00+00:00,2023-09-09 00:00:00+00:00,1694217600000.0,3.024e-05
2023-09-10 00:00:00+00:00,2023-09-10 00:00:00+00:00,1694304000000.0,-0.0001743
2023-09-11 00:00:00+00:00,2023-09-11 00:00:00+00:00,1694390400000.0,-0.00011333
2023-09-12 00:00:00+00:00,2023-09-12 00:00:00+00:00,1694476800000.0,0.0001
2023-09-13 00:00:00+00:00,2023-09-13 00:00:00+00:00,1694563200000.0,8.417e-05
2023-09-14 00:00:00+00:00,2023-09-14 00:00:00+00:00,1694649600000.0,3.31e-06
2023-09-15 00:00:00+00:00,2023-09-15 00:00:00+00:00,1694736000000.0,6.894e-05
2023-09-16 00:00:00+00:00,2023-09-16 00:00:00+00:00,1694822400000.0,-7.996e-05
2023-09-17 00:00:00+00:00,2023-09-17 00:00:00+00:00,1694908800000.0,0.0001
2023-09-18 00:00:00+00:00,2023-09-18 00:00:00+00:00,1694995200000.0,-9.946e-05
2023-09-19 00:00:00+00:00,2023-09-19 00:00:00+00:00,1695081600000.0,4.46e-05
2023-09-20 00:00:00+00:00,2023-09-20 00:00:00+00:00,1695168000000.0,0.0001
2023-09-21 00:00:00+00:00,2023-09-21 00:00:00+00:00,1695254400000.0,0.0001
2023-09-22 00:00:00+00:00,2023-09-22 00:00:00+00:00,1695340800000.0,-9.892e-05
2023-09-23 00:00:00+00:00,2023-09-23 00:00:00+00:00,1695427200000.0,3.607e-05
2023-09-24 00:00:00+00:00,2023-09-24 00:00:00+00:00,1695513600000.0,0.0001
2023-09-25 00:00:00+00:00,2023-09-25 00:00:00+00:00,1695600000000.0,0.0001
2023-09-26 00:00:00+00:00,2023-09-26 00:00:00+00:00,1695686400000.0,9.09e-05
2023-09-27 00:00:00+00:00,2023-09-27 00:00:00+00:00,1695772800000.0,0.0001
2023-09-28 00:00:00+00:00,2023-09-28 00:00:00+00:00,1695859200000.0,9.337e-05
2023-09-29 00:00:00+00:00,2023-09-29 00:00:00+00:00,1695945600000.0,5.01e-06
2023-09-30 00:00:00+00:00,2023-09-30 00:00:00+00:00,1696032000000.0,3.782e-05
2023-10-01 00:00:00+00:00,2023-10-01 00:00:00+00:00,1696118400000.0,0.0001
2023-10-02 00:00:00+00:00,2023-10-02 00:00:00+00:00,1696204800000.0,0.0001
2023-10-03 00:00:00+00:00,2023-10-03 00:00:00+00:00,1696291200000.0,2.754e-05
2023-10-04 00:00:00+00:00,2023-10-04 00:00:00+00:00,1696377600000.0,8.59e-05
2023-10-05 00:00:00+00:00,2023-10-05 00:00:00+00:00,1696464000000.0,0.0001
2023-10-06 00:00:00+00:00,2023-10-06 00:00:00+00:00,1696550400000.0,3.311e-05
2023-10-07 00:00:00+00:00,2023-10-07 00:00:00+00:00,1696636800000.0,2.622e-05
2023-10-08 00:00:00+00:00,2023-10-08 00:00:00+00:00,1696723200000.0,0.0001
2023-10-09 00:00:00+00:00,2023-10-09 00:00:00+00:00,1696809600000.0,-9.699e-05
2023-10-10 00:00:00+00:00,2023-10-10 00:00:00+00:00,1696896000000.0,-1.529e-05
2023-10-11 00:00:00+00:00,2023-10-11 00:00:00+00:00,1696982400000.0,0.0001
2023-10-12 00:00:00+00:00,2023-10-12 00:00:00+00:00,1697068800000.0,0.0001
2023-10-13 00:00:00+00:00,2023-10-13 00:00:00+00:00,1697155200000.0,4.931e-05
2023-10-14 00:00:00+00:00,2023-10-14 00:00:00+00:00,1697241600000.0,5.914e-05
2023-10-15 00:00:00+00:00,2023-10-15 00:00:00+00:00,1697328000000.0,0.0001
2023-10-16 00:00:00+00:00,2023-10-16 00:00:00+00:00,1697414400000.0,0.0001
2023-10-17 00:00:00+00:00,2023-10-17 00:00:00+00:00,1697500800000.0,0.0001
2023-10-18 00:00:00+00:00,2023-10-18 00:00:00+00:00,1697587200000.0,2.923e-05
2023-10-19 00:00:00+00:00,2023-10-19 00:00:00+00:00,1697673600000.0,-0.00012072
2023-10-20 00:00:00+00:00,2023-10-20 00:00:00+00:00,1697760000000.0,4.954e-05
2023-10-21 00:00:00+00:00,2023-10-21 00:00:00+00:00,1697846400000.0,9.43e-06
2023-10-22 00:00:00+00:00,2023-10-22 00:00:00+00:00,1697932800000.0,0.0001
2023-10-23 00:00:00+00:00,2023-10-23 00:00:00+00:00,1698019200000.0,0.0001
2023-10-24 00:00:00+00:00,2023-10-24 00:00:00+00:00,1698105600000.0,0.0001
2023-10-25 00:00:00+00:00,2023-10-25 00:00:00+00:00,1698192000000.0,0.0001
2023-10-26 00:00:00+00:00,2023-10-26 00:00:00+00:00,1698278400000.0,0.0001
2023-10-27 00:00:00+00:00,2023-10-27 00:00:00+00:00,1698364800000.0,0.0001
2023-10-28 00:00:00+00:00,2023-10-28 00:00:00+00:00,1698451200000.0,0.0001
2023-10-29 00:00:00+00:00,2023-10-29 00:00:00+00:00,1698537600000.0,0.0001
2023-10-30 00:00:00+00:00,2023-10-30 00:00:00+00:00,1698624000000.0,0.0001
2023-10-31 00:00:00+00:00,2023-10-31 00:00:00+00:00,1698710400000.0,0.00016032
2023-11-01 00:00:00+00:00,2023-11-01 00:00:00+00:00,1698796800000.0,0.0001
2023-11-02 00:00:00+00:00,2023-11-02 00:00:00+00:00,1698883200000.0,0.00014648
2023-11-03 00:00:00+00:00,2023-11-03 00:00:00+00:00,1698969600000.0,0.0001
2023-11-04 00:00:00+00:00,2023-11-04 00:00:00+00:00,1699056000000.0,0.0001
2023-11-05 00:00:00+00:00,2023-11-05 00:00:00+00:00,1699142400000.0,0.00017596
2023-11-06 00:00:00+00:00,2023-11-06 00:00:00+00:00,1699228800000.0,0.0001
2023-11-07 00:00:00+00:00,2023-11-07 00:00:00+00:00,1699315200000.0,0.00022202
2023-11-08 00:00:00+00:00,2023-11-08 00:00:00+00:00,1699401600000.0,0.00011931
2023-11-09 00:00:00+00:00,2023-11-09 00:00:00+00:00,1699488000000.0,0.00028654
2023-11-10 00:00:00+00:00,2023-11-10 00:00:00+00:00,1699574400000.0,0.0001
2023-11-11 00:00:00+00:00,2023-11-11 00:00:00+00:00,1699660800000.0,0.00036381
2023-11-12 00:00:00+00:00,2023-11-12 00:00:00+00:00,1699747200000.0,0.00028
2023-11-13 00:00:00+00:00,2023-11-13 00:00:00+00:00,1699833600000.0,0.00062524
2023-11-14 00:00:00+00:00,2023-11-14 00:00:00+00:00,1699920000000.0,0.00034661
2023-11-15 00:00:00+00:00,2023-11-15 00:00:00+00:00,1700006400000.0,0.0001
2023-11-16 00:00:00+00:00,2023-11-16 00:00:00+00:00,1700092800000.0,0.00023403
2023-11-17 00:00:00+00:00,2023-11-17 00:00:00+00:00,1700179200000.0,0.00010342
2023-11-18 00:00:00+00:00,2023-11-18 00:00:00+00:00,1700265600000.0,0.0001
2023-11-19 00:00:00+00:00,2023-11-19 00:00:00+00:00,1700352000000.0,0.0001
2023-11-20 00:00:00+00:00,2023-11-20 00:00:00+00:00,1700438400000.0,0.0001
2023-11-21 00:00:00+00:00,2023-11-21 00:00:00+00:00,1700524800000.0,0.0001
2023-11-22 00:00:00+00:00,2023-11-22 00:00:00+00:00,1700611200000.0,0.0001
2023-11-23 00:00:00+00:00,2023-11-23 00:00:00+00:00,1700697600000.0,0.0001
2023-11-24 00:00:00+00:00,2023-11-24 00:00:00+00:00,1700784000000.0,0.0001
2023-11-25 00:00:00+00:00,2023-11-25 00:00:00+00:00,1700870400000.0,0.0001
2023-11-26 00:00:00+00:00,2023-11-26 00:00:00+00:00,1700956800000.0,0.0001
2023-11-27 00:00:00+00:00,2023-11-27 00:00:00+00:00,1701043200000.0,0.0001
2023-11-28 00:00:00+00:00,2023-11-28 00:00:00+00:00,1701129600000.0,0.0001
2023-11-29 00:00:00+00:00,2023-11-29 00:00:00+00:00,1701216000000.0,0.0001
2023-11-30 00:00:00+00:00,2023-11-30 00:00:00+00:00,1701302400000.0,0.0001
2023-12-01 00:00:00+00:00,2023-12-01 00:00:00+00:00,1701388800000.0,0.0001
2023-12-02 00:00:00+00:00,2023-12-02 00:00:00+00:00,1701475200000.0,0.00027078
2023-12-03 00:00:00+00:00,2023-12-03 00:00:00+00:00,1701561600000.0,0.00023594
2023-12-04 00:00:00+00:00,2023-12-04 00:00:00+00:00,1701648000000.0,0.0001
2023-12-05 00:00:00+00:00,2023-12-05 00:00:00+00:00,1701734400000.0,0.0001
2023-12-06 00:00:00+00:00,2023-12-06 00:00:00+00:00,1701820800000.0,0.00046535
2023-12-07 00:00:00+00:00,2023-12-07 00:00:00+00:00,1701907200000.0,0.0002517
2023-12-08 00:00:00+00:00,2023-12-08 00:00:00+00:00,1701993600000.0,0.00035949
2023-12-09 00:00:00+00:00,2023-12-09 00:00:00+00:00,1702080000000.0,0.00055874
2023-12-10 00:00:00+00:00,2023-12-10 00:00:00+00:00,1702166400000.0,0.00030002
2023-12-11 00:00:00+00:00,2023-12-11 00:00:00+00:00,1702252800000.0,0.00048347
2023-12-12 00:00:00+00:00,2023-12-12 00:00:00+00:00,1702339200000.0,0.00024053
2023-12-13 00:00:00+00:00,2023-12-13 00:00:00+00:00,1702425600000.0,0.00018314
2023-12-14 00:00:00+00:00,2023-12-14 00:00:00+00:00,1702512000000.0,0.00019539
2023-12-15 00:00:00+00:00,2023-12-15 00:00:00+00:00,1702598400000.0,0.00018695
2023-12-16 00:00:00+00:00,2023-12-16 00:00:00+00:00,1702684800000.0,0.00047654
2023-12-17 00:00:00+00:00,2023-12-17 00:00:00+00:00,1702771200000.0,0.0001
2023-12-18 00:00:00+00:00,2023-12-18 00:00:00+00:00,1702857600000.0,0.00011242
2023-12-19 00:00:00+00:00,2023-12-19 00:00:00+00:00,1702944000000.0,0.0001
2023-12-20 00:00:00+00:00,2023-12-20 00:00:00+00:00,1703030400000.0,0.0001
2023-12-21 00:00:00+00:00,2023-12-21 00:00:00+00:00,1703116800000.0,0.00017607
2023-12-22 00:00:00+00:00,2023-12-22 00:00:00+00:00,1703203200000.0,0.00043196
2023-12-23 00:00:00+00:00,2023-12-23 00:00:00+00:00,1703289600000.0,0.00020208
2023-12-24 00:00:00+00:00,2023-12-24 00:00:00+00:00,1703376000000.0,0.00072082
2023-12-25 00:00:00+00:00,2023-12-25 00:00:00+00:00,1703462400000.0,0.00055493
2023-12-26 00:00:00+00:00,2023-12-26 00:00:00+00:00,1703548800000.0,0.00097209
2023-12-27 00:00:00+00:00,2023-12-27 00:00:00+00:00,1703635200000.0,0.0001
2023-12-28 00:00:00+00:00,2023-12-28 00:00:00+00:00,1703721600000.0,0.00072979
2023-12-29 00:00:00+00:00,2023-12-29 00:00:00+00:00,1703808000000.0,0.00083788
2023-12-30 00:00:00+00:00,2023-12-30 00:00:00+00:00,1703894400000.0,0.00055969
2023-12-31 00:00:00+00:00,2023-12-31 00:00:00+00:00,1703980800000.0,0.00042216
2024-01-01 00:00:00+00:00,2024-01-01 00:00:00+00:00,1704067200000.0,0.00043657
2024-01-02 00:00:00+00:00,2024-01-02 00:00:00+00:00,1704153600000.0,0.00076856
2024-01-03 00:00:00+00:00,2024-01-03 00:00:00+00:00,1704240000000.0,0.00050819
2024-01-04 00:00:00+00:00,2024-01-04 00:00:00+00:00,1704326400000.0,0.0001
2024-01-05 00:00:00+00:00,2024-01-05 00:00:00+00:00,1704412800000.0,0.0001
2024-01-06 00:00:00+00:00,2024-01-06 00:00:00+00:00,1704499200000.0,0.0001
2024-01-07 00:00:00+00:00,2024-01-07 00:00:00+00:00,1704585600000.0,0.0001
2024-01-08 00:00:00+00:00,2024-01-08 00:00:00+00:00,1704672000000.0,0.0001
2024-01-09 00:00:00+00:00,2024-01-09 00:00:00+00:00,1704758400000.0,0.0001
2024-01-10 00:00:00+00:00,2024-01-10 00:00:00+00:00,1704844800000.0,0.0001
2024-01-11 00:00:00+00:00,2024-01-11 00:00:00+00:00,1704931200000.0,0.0001
2024-01-12 00:00:00+00:00,2024-01-12 00:00:00+00:00,1705017600000.0,0.0001
2024-01-13 00:00:00+00:00,2024-01-13 00:00:00+00:00,1705104000000.0,0.0001
2024-01-14 00:00:00+00:00,2024-01-14 00:00:00+00:00,1705190400000.0,0.0001
2024-01-15 00:00:00+00:00,2024-01-15 00:00:00+00:00,1705276800000.0,0.0001
2024-01-16 00:00:00+00:00,2024-01-16 00:00:00+00:00,1705363200000.0,0.0001
2024-01-17 00:00:00+00:00,2024-01-17 00:00:00+00:00,1705449600000.0,0.0001
2024-01-18 00:00:00+00:00,2024-01-18 00:00:00+00:00,1705536000000.0,0.0001
2024-01-19 00:00:00+00:00,2024-01-19 00:00:00+00:00,1705622400000.0,0.0001
2024-01-20 00:00:00+00:00,2024-01-20 00:00:00+00:00,1705708800000.0,0.0001
2024-01-21 00:00:00+00:00,2024-01-21 00:00:00+00:00,1705795200000.0,0.0001
2024-01-22 00:00:00+00:00,2024-01-22 00:00:00+00:00,1705881600000.0,0.0001
2024-01-23 00:00:00+00:00,2024-01-23 00:00:00+00:00,1705968000000.0,0.0001
2024-01-24 00:00:00+00:00,2024-01-24 00:00:00+00:00,1706054400000.0,0.0001
2024-01-25 00:00:00+00:00,2024-01-25 00:00:00+00:00,1706140800000.0,0.0001
2024-01-26 00:00:00+00:00,2024-01-26 00:00:00+00:00,1706227200000.0,0.0001
2024-01-27 00:00:00+00:00,2024-01-27 00:00:00+00:00,1706313600000.0,0.0001
2024-01-28 00:00:00+00:00,2024-01-28 00:00:00+00:00,1706400000000.0,0.0001
2024-01-29 00:00:00+00:00,2024-01-29 00:00:00+00:00,1706486400000.0,0.0001
2024-01-30 00:00:00+00:00,2024-01-30 00:00:00+00:00,1706572800000.0,0.0001
2024-01-31 00:00:00+00:00,2024-01-31 00:00:00+00:00,1706659200000.0,0.0001
2024-02-01 00:00:00+00:00,2024-02-01 00:00:00+00:00,1706745600000.0,0.0001
2024-02-02 00:00:00+00:00,2024-02-02 00:00:00+00:00,1706832000000.0,0.0001
2024-02-03 00:00:00+00:00,2024-02-03 00:00:00+00:00,1706918400000.0,0.0001
2024-02-04 00:00:00+00:00,2024-02-04 00:00:00+00:00,1707004800000.0,0.0001
2024-02-05 00:00:00+00:00,2024-02-05 00:00:00+00:00,1707091200000.0,9.202e-05
2024-02-06 00:00:00+00:00,2024-02-06 00:00:00+00:00,1707177600000.0,0.0001
2024-02-07 00:00:00+00:00,2024-02-07 00:00:00+00:00,1707264000000.0,0.0001
2024-02-08 00:00:00+00:00,2024-02-08 00:00:00+00:00,1707350400000.0,0.0001
2024-02-09 00:00:00+00:00,2024-02-09 00:00:00+00:00,1707436800000.0,0.0001
2024-02-10 00:00:00+00:00,2024-02-10 00:00:00+00:00,1707523200000.0,0.0001
2024-02-11 00:00:00+00:00,2024-02-11 00:00:00+00:00,1707609600000.0,0.0001
2024-02-12 00:00:00+00:00,2024-02-12 00:00:00+00:00,1707696000000.0,0.0001
2024-02-13 00:00:00+00:00,2024-02-13 00:00:00+00:00,1707782400000.0,0.0001
2024-02-14 00:00:00+00:00,2024-02-14 00:00:00+00:00,1707868800000.0,0.0001
2024-02-15 00:00:00+00:00,2024-02-15 00:00:00+00:00,1707955200000.0,0.00048803
2024-02-16 00:00:00+00:00,2024-02-16 00:00:00+00:00,1708041600000.0,0.0001
2024-02-17 00:00:00+00:00,2024-02-17 00:00:00+00:00,1708128000000.0,0.0001
2024-02-18 00:00:00+00:00,2024-02-18 00:00:00+00:00,1708214400000.0,0.0001
2024-02-19 00:00:00+00:00,2024-02-19 00:00:00+00:00,1708300800000.0,0.00017571
2024-02-20 00:00:00+00:00,2024-02-20 00:00:00+00:00,1708387200000.0,0.0004633
2024-02-21 00:00:00+00:00,2024-02-21 00:00:00+00:00,1708473600000.0,0.0001
2024-02-22 00:00:00+00:00,2024-02-22 00:00:00+00:00,1708560000000.0,0.0001
2024-02-23 00:00:00+00:00,2024-02-23 00:00:00+00:00,1708646400000.0,0.00020254
2024-02-24 00:00:00+00:00,2024-02-24 00:00:00+00:00,1708732800000.0,0.00016383
2024-02-25 00:00:00+00:00,2024-02-25 00:00:00+00:00,1708819200000.0,0.00030915
2024-02-26 00:00:00+00:00,2024-02-26 00:00:00+00:00,1708905600000.0,0.00041512
2024-02-27 00:00:00+00:00,2024-02-27 00:00:00+00:00,1708992000000.0,0.00044025
2024-02-28 00:00:00+00:00,2024-02-28 00:00:00+00:00,1709078400000.0,0.00030275
2024-02-29 00:00:00+00:00,2024-02-29 00:00:00+00:00,1709164800000.0,0.0005096
2024-03-01 00:00:00+00:00,2024-03-01 00:00:00+00:00,1709251200000.0,0.00057626
2024-03-02 00:00:00+00:00,2024-03-02 00:00:00+00:00,1709337600000.0,0.00068499
2024-03-03 00:00:00+00:00,2024-03-03 00:00:00+00:00,1709424000000.0,0.0008094
2024-03-04 00:00:00+00:00,2024-03-04 00:00:00+00:00,1709510400000.0,0.0006179
2024-03-05 00:00:00+00:00,2024-03-05 00:00:00+00:00,1709596800000.0,0.00054608
2024-03-06 00:00:00+00:00,2024-03-06 00:00:00+00:00,1709683200000.0,0.0001
2024-03-07 00:00:00+00:00,2024-03-07 00:00:00+00:00,1709769600000.0,0.00042246
2024-03-08 00:00:00+00:00,2024-03-08 00:00:00+00:00,1709856000000.0,0.00054913
2024-03-09 00:00:00+00:00,2024-03-09 00:00:00+00:00,1709942400000.0,0.00058287
2024-03-10 00:00:00+00:00,2024-03-10 00:00:00+00:00,1710028800000.0,0.00078861
2024-03-11 00:00:00+00:00,2024-03-11 00:00:00+00:00,1710115200000.0,0.00033293
2024-03-12 00:00:00+00:00,2024-03-12 00:00:00+00:00,1710201600000.0,0.00101015
2024-03-13 00:00:00+00:00,2024-03-13 00:00:00+00:00,1710288000000.0,0.00067782
2024-03-14 00:00:00+00:00,2024-03-14 00:00:00+00:00,1710374400000.0,0.00044374
2024-03-15 00:00:00+00:00,2024-03-15 00:00:00+00:00,1710460800000.0,0.00054852
2024-03-16 00:00:00+00:00,2024-03-16 00:00:00+00:00,1710547200000.0,0.0001
2024-03-17 00:00:00+00:00,2024-03-17 00:00:00+00:00,1710633600000.0,0.0001
2024-03-18 00:00:00+00:00,2024-03-18 00:00:00+00:00,1710720000000.0,0.0001
2024-03-19 00:00:00+00:00,2024-03-19 00:00:00+00:00,1710806400000.0,0.0001
2024-03-20 00:00:00+00:00,2024-03-20 00:00:00+00:00,1710892800000.0,0.0001
2024-03-21 00:00:00+00:00,2024-03-21 00:00:00+00:00,1710979200000.0,0.0001
2024-03-22 00:00:00+00:00,2024-03-22 00:00:00+00:00,1711065600000.0,0.0001
2024-03-23 00:00:00+00:00,2024-03-23 00:00:00+00:00,1711152000000.0,0.0001
2024-03-24 00:00:00+00:00,2024-03-24 00:00:00+00:00,1711238400000.0,0.0001
2024-03-25 00:00:00+00:00,2024-03-25 00:00:00+00:00,1711324800000.0,0.0001
2024-03-26 00:00:00+00:00,2024-03-26 00:00:00+00:00,1711411200000.0,0.00028517
2024-03-27 00:00:00+00:00,2024-03-27 00:00:00+00:00,1711497600000.0,0.00049521
2024-03-28 00:00:00+00:00,2024-03-28 00:00:00+00:00,1711584000000.0,0.00030217
2024-03-29 00:00:00+00:00,2024-03-29 00:00:00+00:00,1711670400000.0,0.00055861
2024-03-30 00:00:00+00:00,2024-03-30 00:00:00+00:00,1711756800000.0,0.00048925
2024-03-31 00:00:00+00:00,2024-03-31 00:00:00+00:00,1711843200000.0,0.00041747
2024-04-01 00:00:00+00:00,2024-04-01 00:00:00+00:00,1711929600000.0,0.00108969
2024-04-02 00:00:00+00:00,2024-04-02 00:00:00+00:00,1712016000000.0,0.00034554
2024-04-03 00:00:00+00:00,2024-04-03 00:00:00+00:00,1712102400000.0,0.0001
2024-04-04 00:00:00+00:00,2024-04-04 00:00:00+00:00,1712188800000.0,0.0001
2024-04-05 00:00:00+00:00,2024-04-05 00:00:00+00:00,1712275200000.0,0.0001
2024-04-06 00:00:00+00:00,2024-04-06 00:00:00+00:00,1712361600000.0,0.0001
2024-04-07 00:00:00+00:00,2024-04-07 00:00:00+00:00,1712448000000.0,0.0001
2024-04-08 00:00:00+00:00,2024-04-08 00:00:00+00:00,1712534400000.0,0.0001
2024-04-09 00:00:00+00:00,2024-04-09 00:00:00+00:00,1712620800000.0,0.00027324
2024-04-10 00:00:00+00:00,2024-04-10 00:00:00+00:00,1712707200000.0,0.00017653
2024-04-11 00:00:00+00:00,2024-04-11 00:00:00+00:00,1712793600000.0,0.00021929
2024-04-12 00:00:00+00:00,2024-04-12 00:00:00+00:00,1712880000000.0,0.00013953
2024-04-13 00:00:00+00:00,2024-04-13 00:00:00+00:00,1712966400000.0,0.0001
2024-04-14 00:00:00+00:00,2024-04-14 00:00:00+00:00,1713052800000.0,-0.00016691
2024-04-15 00:00:00+00:00,2024-04-15 00:00:00+00:00,1713139200000.0,-9.125e-05
2024-04-16 00:00:00+00:00,2024-04-16 00:00:00+00:00,1713225600000.0,-2.927e-05
2024-04-17 00:00:00+00:00,2024-04-17 00:00:00+00:00,1713312000000.0,4.245e-05
2024-04-18 00:00:00+00:00,2024-04-18 00:00:00+00:00,1713398400000.0,-2.28e-05
2024-04-19 00:00:00+00:00,2024-04-19 00:00:00+00:00,1713484800000.0,2.346e-05
2024-04-20 00:00:00+00:00,2024-04-20 00:00:00+00:00,1713571200000.0,1.936e-05
2024-04-21 00:00:00+00:00,2024-04-21 00:00:00+00:00,1713657600000.0,0.0001
2024-04-22 00:00:00+00:00,2024-04-22 00:00:00+00:00,1713744000000.0,5.252e-05
2024-04-23 00:00:00+00:00,2024-04-23 00:00:00+00:00,1713830400000.0,-4.308e-05
2024-04-24 00:00:00+00:00,2024-04-24 00:00:00+00:00,1713916800000.0,9.42e-05
2024-04-25 00:00:00+00:00,2024-04-25 00:00:00+00:00,1714003200000.0,6.966e-05
2024-04-26 00:00:00+00:00,2024-04-26 00:00:00+00:00,1714089600000.0,-1.601e-05
2024-04-27 00:00:00+00:00,2024-04-27 00:00:00+00:00,1714176000000.0,0.0001
2024-04-28 00:00:00+00:00,2024-04-28 00:00:00+00:00,1714262400000.0,0.0001
2024-04-29 00:00:00+00:00,2024-04-29 00:00:00+00:00,1714348800000.0,0.0001
2024-04-30 00:00:00+00:00,2024-04-30 00:00:00+00:00,1714435200000.0,0.0001
2024-05-01 00:00:00+00:00,2024-05-01 00:00:00+00:00,1714521600000.0,-7.437e-05
2024-05-02 00:00:00+00:00,2024-05-02 00:00:00+00:00,1714608000000.0,-2.518e-05
2024-05-03 00:00:00+00:00,2024-05-03 00:00:00+00:00,1714694400000.0,0.0001
2024-05-04 00:00:00+00:00,2024-05-04 00:00:00+00:00,1714780800000.0,0.0001
2024-05-05 00:00:00+00:00,2024-05-05 00:00:00+00:00,1714867200000.0,0.0001
2024-05-06 00:00:00+00:00,2024-05-06 00:00:00+00:00,1714953600000.0,-5.399e-05
2024-05-07 00:00:00+00:00,2024-05-07 00:00:00+00:00,1715040000000.0,6.649e-05
2024-05-08 00:00:00+00:00,2024-05-08 00:00:00+00:00,1715126400000.0,0.0001
2024-05-09 00:00:00+00:00,2024-05-09 00:00:00+00:00,1715212800000.0,0.0001
2024-05-10 00:00:00+00:00,2024-05-10 00:00:00+00:00,1715299200000.0,0.0001
2024-05-11 00:00:00+00:00,2024-05-11 00:00:00+00:00,1715385600000.0,0.0001
2024-05-12 00:00:00+00:00,2024-05-12 00:00:00+00:00,1715472000000.0,-3.167e-05
2024-05-13 00:00:00+00:00,2024-05-13 00:00:00+00:00,1715558400000.0,2.281e-05
2024-05-14 00:00:00+00:00,2024-05-14 00:00:00+00:00,1715644800000.0,0.0001
2024-05-15 00:00:00+00:00,2024-05-15 00:00:00+00:00,1715731200000.0,-9.42e-05
2024-05-16 00:00:00+00:00,2024-05-16 00:00:00+00:00,1715817600000.0,0.0001
2024-05-17 00:00:00+00:00,2024-05-17 00:00:00+00:00,1715904000000.0,0.0001
2024-05-18 00:00:00+00:00,2024-05-18 00:00:00+00:00,1715990400000.0,0.0001
2024-05-19 00:00:00+00:00,2024-05-19 00:00:00+00:00,1716076800000.0,0.0001
2024-05-20 00:00:00+00:00,2024-05-20 00:00:00+00:00,1716163200000.0,0.0001
2024-05-21 00:00:00+00:00,2024-05-21 00:00:00+00:00,1716249600000.0,0.0001
2024-05-22 00:00:00+00:00,2024-05-22 00:00:00+00:00,1716336000000.0,0.00015021
2024-05-23 00:00:00+00:00,2024-05-23 00:00:00+00:00,1716422400000.0,0.0001
2024-05-24 00:00:00+00:00,2024-05-24 00:00:00+00:00,1716508800000.0,0.0001
2024-05-25 00:00:00+00:00,2024-05-25 00:00:00+00:00,1716595200000.0,0.0001
2024-05-26 00:00:00+00:00,2024-05-26 00:00:00+00:00,1716681600000.0,0.0001
2024-05-27 00:00:00+00:00,2024-05-27 00:00:00+00:00,1716768000000.0,0.0001
2024-05-28 00:00:00+00:00,2024-05-28 00:00:00+00:00,1716854400000.0,0.0001
2024-05-29 00:00:00+00:00,2024-05-29 00:00:00+00:00,1716940800000.0,0.0001
2024-05-30 00:00:00+00:00,2024-05-30 00:00:00+00:00,1717027200000.0,0.0001
2024-05-31 00:00:00+00:00,2024-05-31 00:00:00+00:00,1717113600000.0,0.0001
2024-06-01 00:00:00+00:00,2024-06-01 00:00:00+00:00,1717200000000.0,0.0001
2024-06-02 00:00:00+00:00,2024-06-02 00:00:00+00:00,1717286400000.0,0.0001
2024-06-03 00:00:00+00:00,2024-06-03 00:00:00+00:00,1717372800000.0,0.0001
2024-06-04 00:00:00+00:00,2024-06-04 00:00:00+00:00,1717459200000.0,0.0001
2024-06-05 00:00:00+00:00,2024-06-05 00:00:00+00:00,1717545600000.0,0.0001
2024-06-06 00:00:00+00:00,2024-06-06 00:00:00+00:00,1717632000000.0,0.0001
2024-06-07 00:00:00+00:00,2024-06-07 00:00:00+00:00,1717718400000.0,0.0001
2024-06-08 00:00:00+00:00,2024-06-08 00:00:00+00:00,1717804800000.0,0.0001
2024-06-09 00:00:00+00:00,2024-06-09 00:00:00+00:00,1717891200000.0,0.0001
2024-06-10 00:00:00+00:00,2024-06-10 00:00:00+00:00,1717977600000.0,0.0001
2024-06-11 00:00:00+00:00,2024-06-11 00:00:00+00:00,1718064000000.0,0.0001
2024-06-12 00:00:00+00:00,2024-06-12 00:00:00+00:00,1718150400000.0,0.0001
2024-06-13 00:00:00+00:00,2024-06-13 00:00:00+00:00,1718236800000.0,0.0001
2024-06-14 00:00:00+00:00,2024-06-14 00:00:00+00:00,1718323200000.0,-0.00010586
2024-06-15 00:00:00+00:00,2024-06-15 00:00:00+00:00,1718409600000.0,-7.188e-05
2024-06-16 00:00:00+00:00,2024-06-16 00:00:00+00:00,1718496000000.0,-1.116e-05
2024-06-17 00:00:00+00:00,2024-06-17 00:00:00+00:00,1718582400000.0,9.854e-05
2024-06-18 00:00:00+00:00,2024-06-18 00:00:00+00:00,1718668800000.0,3.789e-05
2024-06-19 00:00:00+00:00,2024-06-19 00:00:00+00:00,1718755200000.0,3.959e-05
2024-06-20 00:00:00+00:00,2024-06-20 00:00:00+00:00,1718841600000.0,-4.829e-05
2024-06-21 00:00:00+00:00,2024-06-21 00:00:00+00:00,1718928000000.0,7.39e-05
2024-06-22 00:00:00+00:00,2024-06-22 00:00:00+00:00,1719014400000.0,0.0001
2024-06-23 00:00:00+00:00,2024-06-23 00:00:00+00:00,1719100800000.0,8.142e-05
2024-06-24 00:00:00+00:00,2024-06-24 00:00:00+00:00,1719187200000.0,-4.519e-05
2024-06-25 00:00:00+00:00,2024-06-25 00:00:00+00:00,1719273600000.0,-0.0001438
2024-06-26 00:00:00+00:00,2024-06-26 00:00:00+00:00,1719360000000.0,1.34e-06
2024-06-27 00:00:00+00:00,2024-06-27 00:00:00+00:00,1719446400000.0,3.21e-06
2024-06-28 00:00:00+00:00,2024-06-28 00:00:00+00:00,1719532800000.0,0.0001
2024-06-29 00:00:00+00:00,2024-06-29 00:00:00+00:00,1719619200000.0,0.0001
2024-06-30 00:00:00+00:00,2024-06-30 00:00:00+00:00,1719705600000.0,0.0001
2024-07-01 00:00:00+00:00,2024-07-01 00:00:00+00:00,1719792000000.0,0.0001
2024-07-02 00:00:00+00:00,2024-07-02 00:00:00+00:00,1719878400000.0,0.0001
2024-07-03 00:00:00+00:00,2024-07-03 00:00:00+00:00,1719964800000.0,0.0001
2024-07-04 00:00:00+00:00,2024-07-04 00:00:00+00:00,1720051200000.0,8.514e-05
2024-07-05 00:00:00+00:00,2024-07-05 00:00:00+00:00,1720137600000.0,-8.52e-06
2024-07-06 00:00:00+00:00,2024-07-06 00:00:00+00:00,1720224000000.0,-8.786e-05
2024-07-07 00:00:00+00:00,2024-07-07 00:00:00+00:00,1720310400000.0,6.386e-05
2024-07-08 00:00:00+00:00,2024-07-08 00:00:00+00:00,1720396800000.0,-4.862e-05
2024-07-09 00:00:00+00:00,2024-07-09 00:00:00+00:00,1720483200000.0,0.0001
2024-07-10 00:00:00+00:00,2024-07-10 00:00:00+00:00,1720569600000.0,4.147e-05
2024-07-11 00:00:00+00:00,2024-07-11 00:00:00+00:00,1720656000000.0,0.0001
2024-07-12 00:00:00+00:00,2024-07-12 00:00:00+00:00,1720742400000.0,-0.00025211
2024-07-13 00:00:00+00:00,2024-07-13 00:00:00+00:00,1720828800000.0,0.0001
2024-07-14 00:00:00+00:00,2024-07-14 00:00:00+00:00,1720915200000.0,0.0001
2024-07-15 00:00:00+00:00,2024-07-15 00:00:00+00:00,1721001600000.0,0.0001
2024-07-16 00:00:00+00:00,2024-07-16 00:00:00+00:00,1721088000000.0,0.0001
2024-07-17 00:00:00+00:00,2024-07-17 00:00:00+00:00,1721174400000.0,-6.96e-06
2024-07-18 00:00:00+00:00,2024-07-18 00:00:00+00:00,1721260800000.0,0.0001
2024-07-19 00:00:00+00:00,2024-07-19 00:00:00+00:00,1721347200000.0,-2.807e-05
2024-07-20 00:00:00+00:00,2024-07-20 00:00:00+00:00,1721433600000.0,0.0001
2024-07-21 00:00:00+00:00,2024-07-21 00:00:00+00:00,1721520000000.0,0.0001
2024-07-22 00:00:00+00:00,2024-07-22 00:00:00+00:00,1721606400000.0,0.0001
2024-07-23 00:00:00+00:00,2024-07-23 00:00:00+00:00,1721692800000.0,0.0001
2024-07-24 00:00:00+00:00,2024-07-24 00:00:00+00:00,1721779200000.0,4.985e-05
2024-07-25 00:00:00+00:00,2024-07-25 00:00:00+00:00,1721865600000.0,-4.322e-05
2024-07-26 00:00:00+00:00,2024-07-26 00:00:00+00:00,1721952000000.0,-0.00014477
2024-07-27 00:00:00+00:00,2024-07-27 00:00:00+00:00,1722038400000.0,-2.544e-05
2024-07-28 00:00:00+00:00,2024-07-28 00:00:00+00:00,1722124800000.0,-0.00011529
2024-07-29 00:00:00+00:00,2024-07-29 00:00:00+00:00,1722211200000.0,-0.00026392
2024-07-30 00:00:00+00:00,2024-07-30 00:00:00+00:00,1722297600000.0,-0.0004794
2024-07-31 00:00:00+00:00,2024-07-31 00:00:00+00:00,1722384000000.0,-4.824e-05
2024-08-01 00:00:00+00:00,2024-08-01 00:00:00+00:00,1722470400000.0,-1.372e-05
2024-08-02 00:00:00+00:00,2024-08-02 00:00:00+00:00,1722556800000.0,-0.00022657
2024-08-03 00:00:00+00:00,2024-08-03 00:00:00+00:00,1722643200000.0,-0.00015883
2024-08-04 00:00:00+00:00,2024-08-04 00:00:00+00:00,1722729600000.0,-0.00039615
2024-08-05 00:00:00+00:00,2024-08-05 00:00:00+00:00,1722816000000.0,-0.00015617
2024-08-06 00:00:00+00:00,2024-08-06 00:00:00+00:00,1722902400000.0,-0.00014679
2024-08-07 00:00:00+00:00,2024-08-07 00:00:00+00:00,1722988800000.0,-0.00020456
2024-08-08 00:00:00+00:00,2024-08-08 00:00:00+00:00,1723075200000.0,1.006e-05
2024-08-09 00:00:00+00:00,2024-08-09 00:00:00+00:00,1723161600000.0,-0.00021551
2024-08-10 00:00:00+00:00,2024-08-10 00:00:00+00:00,1723248000000.0,-0.00017325
2024-08-11 00:00:00+00:00,2024-08-11 00:00:00+00:00,1723334400000.0,-0.00042577
2024-08-12 00:00:00+00:00,2024-08-12 00:00:00+00:00,1723420800000.0,-0.00047566
2024-08-13 00:00:00+00:00,2024-08-13 00:00:00+00:00,1723507200000.0,-0.00025825
2024-08-14 00:00:00+00:00,2024-08-14 00:00:00+00:00,1723593600000.0,-1.951e-05
2024-08-15 00:00:00+00:00,2024-08-15 00:00:00+00:00,1723680000000.0,-4.056e-05
2024-08-16 00:00:00+00:00,2024-08-16 00:00:00+00:00,1723766400000.0,-0.000437
2024-08-17 00:00:00+00:00,2024-08-17 00:00:00+00:00,1723852800000.0,5.736e-05
2024-08-18 00:00:00+00:00,2024-08-18 00:00:00+00:00,1723939200000.0,-5.482e-05
2024-08-19 00:00:00+00:00,2024-08-19 00:00:00+00:00,1724025600000.0,5.68e-05
2024-08-20 00:00:00+00:00,2024-08-20 00:00:00+00:00,1724112000000.0,-0.00022399
2024-08-21 00:00:00+00:00,2024-08-21 00:00:00+00:00,1724198400000.0,3.005e-05
2024-08-22 00:00:00+00:00,2024-08-22 00:00:00+00:00,1724284800000.0,4.584e-05
2024-08-23 00:00:00+00:00,2024-08-23 00:00:00+00:00,1724371200000.0,-6.059e-05
2024-08-24 00:00:00+00:00,2024-08-24 00:00:00+00:00,1724457600000.0,-6.022e-05
2024-08-25 00:00:00+00:00,2024-08-25 00:00:00+00:00,1724544000000.0,0.0001
2024-08-26 00:00:00+00:00,2024-08-26 00:00:00+00:00,1724630400000.0,-7.497e-05
2024-08-27 00:00:00+00:00,2024-08-27 00:00:00+00:00,1724716800000.0,-1.157e-05
2024-08-28 00:00:00+00:00,2024-08-28 00:00:00+00:00,1724803200000.0,2.066e-05
2024-08-29 00:00:00+00:00,2024-08-29 00:00:00+00:00,1724889600000.0,-3.462e-05
2024-08-30 00:00:00+00:00,2024-08-30 00:00:00+00:00,1724976000000.0,-3.399e-05
2024-08-31 00:00:00+00:00,2024-08-31 00:00:00+00:00,1725062400000.0,1.484e-05
2024-09-01 00:00:00+00:00,2024-09-01 00:00:00+00:00,1725148800000.0,-0.00012318
2024-09-02 00:00:00+00:00,2024-09-02 00:00:00+00:00,1725235200000.0,-0.00043753
2024-09-03 00:00:00+00:00,2024-09-03 00:00:00+00:00,1725321600000.0,-0.00011272
2024-09-04 00:00:00+00:00,2024-09-04 00:00:00+00:00,1725408000000.0,-0.00041418
2024-09-05 00:00:00+00:00,2024-09-05 00:00:00+00:00,1725494400000.0,-0.00019964
2024-09-06 00:00:00+00:00,2024-09-06 00:00:00+00:00,1725580800000.0,-0.00012461
2024-09-07 00:00:00+00:00,2024-09-07 00:00:00+00:00,1725667200000.0,-0.00015956
2024-09-08 00:00:00+00:00,2024-09-08 00:00:00+00:00,1725753600000.0,-7.944e-05
2024-09-09 00:00:00+00:00,2024-09-09 00:00:00+00:00,1725840000000.0,2.568e-05
2024-09-10 00:00:00+00:00,2024-09-10 00:00:00+00:00,1725926400000.0,-3.131e-05
2024-09-11 00:00:00+00:00,2024-09-11 00:00:00+00:00,1726012800000.0,6.982e-05
2024-09-12 00:00:00+00:00,2024-09-12 00:00:00+00:00,1726099200000.0,-9.963e-05
2024-09-13 00:00:00+00:00,2024-09-13 00:00:00+00:00,1726185600000.0,6.177e-05
2024-09-14 00:00:00+00:00,2024-09-14 00:00:00+00:00,1726272000000.0,0.0001
2024-09-15 00:00:00+00:00,2024-09-15 00:00:00+00:00,1726358400000.0,0.0001
2024-09-16 00:00:00+00:00,2024-09-16 00:00:00+00:00,1726444800000.0,-1.43e-06
2024-09-17 00:00:00+00:00,2024-09-17 00:00:00+00:00,1726531200000.0,-4.418e-05
2024-09-18 00:00:00+00:00,2024-09-18 00:00:00+00:00,1726617600000.0,5.715e-05
2024-09-19 00:00:00+00:00,2024-09-19 00:00:00+00:00,1726704000000.0,0.0001
2024-09-20 00:00:00+00:00,2024-09-20 00:00:00+00:00,1726790400000.0,0.0001
2024-09-21 00:00:00+00:00,2024-09-21 00:00:00+00:00,1726876800000.0,-9.727e-05
2024-09-22 00:00:00+00:00,2024-09-22 00:00:00+00:00,1726963200000.0,-4.074e-05
2024-09-23 00:00:00+00:00,2024-09-23 00:00:00+00:00,1727049600000.0,-8.566e-05
2024-09-24 00:00:00+00:00,2024-09-24 00:00:00+00:00,1727136000000.0,3.632e-05
2024-09-25 00:00:00+00:00,2024-09-25 00:00:00+00:00,1727222400000.0,0.0001
2024-09-26 00:00:00+00:00,2024-09-26 00:00:00+00:00,1727308800000.0,-0.00014903
2024-09-27 00:00:00+00:00,2024-09-27 00:00:00+00:00,1727395200000.0,0.0001
2024-09-28 00:00:00+00:00,2024-09-28 00:00:00+00:00,1727481600000.0,0.0001
2024-09-29 00:00:00+00:00,2024-09-29 00:00:00+00:00,1727568000000.0,-0.00012858
2024-09-30 00:00:00+00:00,2024-09-30 00:00:00+00:00,1727654400000.0,6.043e-05
2024-10-01 00:00:00+00:00,2024-10-01 00:00:00+00:00,1727740800000.0,8.165e-05
2024-10-02 00:00:00+00:00,2024-10-02 00:00:00+00:00,1727827200000.0,2.8e-05
2024-10-03 00:00:00+00:00,2024-10-03 00:00:00+00:00,1727913600000.0,-5.56e-06
2024-10-04 00:00:00+00:00,2024-10-04 00:00:00+00:00,1728000000000.0,-0.0003042
2024-10-05 00:00:00+00:00,2024-10-05 00:00:00+00:00,1728086400000.0,-2.313e-05
2024-10-06 00:00:00+00:00,2024-10-06 00:00:00+00:00,1728172800000.0,3e-07
2024-10-07 00:00:00+00:00,2024-10-07 00:00:00+00:00,1728259200000.0,0.0001
2024-10-08 00:00:00+00:00,2024-10-08 00:00:00+00:00,1728345600000.0,5.753e-05
2024-10-09 00:00:00+00:00,2024-10-09 00:00:00+00:00,1728432000000.0,-4.2e-05
2024-10-10 00:00:00+00:00,2024-10-10 00:00:00+00:00,1728518400000.0,1.734e-05
2024-10-11 00:00:00+00:00,2024-10-11 00:00:00+00:00,1728604800000.0,-9.063e-05
2024-10-12 00:00:00+00:00,2024-10-12 00:00:00+00:00,1728691200000.0,0.0001
2024-10-13 00:00:00+00:00,2024-10-13 00:00:00+00:00,1728777600000.0,0.0001
2024-10-14 00:00:00+00:00,2024-10-14 00:00:00+00:00,1728864000000.0,0.0001
2024-10-15 00:00:00+00:00,2024-10-15 00:00:00+00:00,1728950400000.0,4.93e-06
2024-10-16 00:00:00+00:00,2024-10-16 00:00:00+00:00,1729036800000.0,-7.089e-05
2024-10-17 00:00:00+00:00,2024-10-17 00:00:00+00:00,1729123200000.0,9.59e-05
2024-10-18 00:00:00+00:00,2024-10-18 00:00:00+00:00,1729209600000.0,-2.605e-05
2024-10-19 00:00:00+00:00,2024-10-19 00:00:00+00:00,1729296000000.0,0.0001
2024-10-20 00:00:00+00:00,2024-10-20 00:00:00+00:00,1729382400000.0,0.0001
2024-10-21 00:00:00+00:00,2024-10-21 00:00:00+00:00,1729468800000.0,0.0001
2024-10-22 00:00:00+00:00,2024-10-22 00:00:00+00:00,1729555200000.0,-6.194e-05
2024-10-23 00:00:00+00:00,2024-10-23 00:00:00+00:00,1729641600000.0,0.0001
2024-10-24 00:00:00+00:00,2024-10-24 00:00:00+00:00,1729728000000.0,5.684e-05
2024-10-25 00:00:00+00:00,2024-10-25 00:00:00+00:00,1729814400000.0,0.0001
2024-10-26 00:00:00+00:00,2024-10-26 00:00:00+00:00,1729900800000.0,-0.00011885
2024-10-27 00:00:00+00:00,2024-10-27 00:00:00+00:00,1729987200000.0,-9.003e-05
2024-10-28 00:00:00+00:00,2024-10-28 00:00:00+00:00,1730073600000.0,7e-06
2024-10-29 00:00:00+00:00,2024-10-29 00:00:00+00:00,1730160000000.0,8.556e-05
2024-10-30 00:00:00+00:00,2024-10-30 00:00:00+00:00,1730246400000.0,0.0001
2024-10-31 00:00:00+00:00,2024-10-31 00:00:00+00:00,1730332800000.0,0.0001
2024-11-01 00:00:00+00:00,2024-11-01 00:00:00+00:00,1730419200000.0,-0.00023915
2024-11-02 00:00:00+00:00,2024-11-02 00:00:00+00:00,1730505600000.0,6.707e-05
2024-11-03 00:00:00+00:00,2024-11-03 00:00:00+00:00,1730592000000.0,-0.000326
2024-11-04 00:00:00+00:00,2024-11-04 00:00:00+00:00,1730678400000.0,-0.00011598
2024-11-05 00:00:00+00:00,2024-11-05 00:00:00+00:00,1730764800000.0,1.712e-05
2024-11-06 00:00:00+00:00,2024-11-06 00:00:00+00:00,1730851200000.0,-6.2e-07
2024-11-07 00:00:00+00:00,2024-11-07 00:00:00+00:00,1730937600000.0,0.0001
2024-11-08 00:00:00+00:00,2024-11-08 00:00:00+00:00,1731024000000.0,0.0001
2024-11-09 00:00:00+00:00,2024-11-09 00:00:00+00:00,1731110400000.0,0.0001
2024-11-10 00:00:00+00:00,2024-11-10 00:00:00+00:00,1731196800000.0,0.0001
2024-11-11 00:00:00+00:00,2024-11-11 00:00:00+00:00,1731283200000.0,0.0001
2024-11-12 00:00:00+00:00,2024-11-12 00:00:00+00:00,1731369600000.0,0.00026711
2024-11-13 00:00:00+00:00,2024-11-13 00:00:00+00:00,1731456000000.0,0.00023771
2024-11-14 00:00:00+00:00,2024-11-14 00:00:00+00:00,1731542400000.0,0.0001
2024-11-15 00:00:00+00:00,2024-11-15 00:00:00+00:00,1731628800000.0,0.0001
2024-11-16 00:00:00+00:00,2024-11-16 00:00:00+00:00,1731715200000.0,0.0001
2024-11-17 00:00:00+00:00,2024-11-17 00:00:00+00:00,1731801600000.0,0.0002037
2024-11-18 00:00:00+00:00,2024-11-18 00:00:00+00:00,1731888000000.0,0.0001
2024-11-19 00:00:00+00:00,2024-11-19 00:00:00+00:00,1731974400000.0,0.00028892
2024-11-20 00:00:00+00:00,2024-11-20 00:00:00+00:00,1732060800000.0,0.00010771
2024-11-21 00:00:00+00:00,2024-11-21 00:00:00+00:00,1732147200000.0,0.0001
2024-11-22 00:00:00+00:00,2024-11-22 00:00:00+00:00,1732233600000.0,0.00051527
2024-11-23 00:00:00+00:00,2024-11-23 00:00:00+00:00,1732320000000.0,0.00018579
2024-11-24 00:00:00+00:00,2024-11-24 00:00:00+00:00,1732406400000.0,0.0001
2024-11-25 00:00:00+00:00,2024-11-25 00:00:00+00:00,1732492800000.0,0.0001
2024-11-26 00:00:00+00:00,2024-11-26 00:00:00+00:00,1732579200000.0,0.0001
2024-11-27 00:00:00+00:00,2024-11-27 00:00:00+00:00,1732665600000.0,0.0001
2024-11-28 00:00:00+00:00,2024-11-28 00:00:00+00:00,1732752000000.0,0.0001
2024-11-29 00:00:00+00:00,2024-11-29 00:00:00+00:00,1732838400000.0,0.0001
2024-11-30 00:00:00+00:00,2024-11-30 00:00:00+00:00,1732924800000.0,0.00022779
2024-12-01 00:00:00+00:00,2024-12-01 00:00:00+00:00,1733011200000.0,0.00023478
2024-12-02 00:00:00+00:00,2024-12-02 00:00:00+00:00,1733097600000.0,0.00052826
2024-12-03 00:00:00+00:00,2024-12-03 00:00:00+00:00,1733184000000.0,0.00034369
2024-12-04 00:00:00+00:00,2024-12-04 00:00:00+00:00,1733270400000.0,0.00034834
2024-12-05 00:00:00+00:00,2024-12-05 00:00:00+00:00,1733356800000.0,0.00048688
2024-12-06 00:00:00+00:00,2024-12-06 00:00:00+00:00,1733443200000.0,0.00030307
2024-12-07 00:00:00+00:00,2024-12-07 00:00:00+00:00,1733529600000.0,0.00056202
2024-12-08 00:00:00+00:00,2024-12-08 00:00:00+00:00,1733616000000.0,0.00047638
2024-12-09 00:00:00+00:00,2024-12-09 00:00:00+00:00,1733702400000.0,0.00059464
2024-12-10 00:00:00+00:00,2024-12-10 00:00:00+00:00,1733788800000.0,0.0001
2024-12-11 00:00:00+00:00,2024-12-11 00:00:00+00:00,1733875200000.0,0.0001
2024-12-12 00:00:00+00:00,2024-12-12 00:00:00+00:00,1733961600000.0,0.0001
2024-12-13 00:00:00+00:00,2024-12-13 00:00:00+00:00,1734048000000.0,0.0001
2024-12-14 00:00:00+00:00,2024-12-14 00:00:00+00:00,1734134400000.0,0.0001
2024-12-15 00:00:00+00:00,2024-12-15 00:00:00+00:00,1734220800000.0,0.0001
2024-12-16 00:00:00+00:00,2024-12-16 00:00:00+00:00,1734307200000.0,0.0001
2024-12-17 00:00:00+00:00,2024-12-17 00:00:00+00:00,1734393600000.0,0.0001
2024-12-18 00:00:00+00:00,2024-12-18 00:00:00+00:00,1734480000000.0,0.0001
2024-12-19 00:00:00+00:00,2024-12-19 00:00:00+00:00,1734566400000.0,0.0001
2024-12-20 00:00:00+00:00,2024-12-20 00:00:00+00:00,1734652800000.0,0.0001
2024-12-21 00:00:00+00:00,2024-12-21 00:00:00+00:00,1734739200000.0,8.212e-05
2024-12-22 00:00:00+00:00,2024-12-22 00:00:00+00:00,1734825600000.0,9.414e-05
2024-12-23 00:00:00+00:00,2024-12-23 00:00:00+00:00,1734912000000.0,0.0001
2024-12-24 00:00:00+00:00,2024-12-24 00:00:00+00:00,1734998400000.0,0.0001
2024-12-25 00:00:00+00:00,2024-12-25 00:00:00+00:00,1735084800000.0,4.01e-05
2024-12-26 00:00:00+00:00,2024-12-26 00:00:00+00:00,1735171200000.0,1.672e-05
2024-12-27 00:00:00+00:00,2024-12-27 00:00:00+00:00,1735257600000.0,5.336e-05
2024-12-28 00:00:00+00:00,2024-12-28 00:00:00+00:00,1735344000000.0,0.0001
2024-12-29 00:00:00+00:00,2024-12-29 00:00:00+00:00,1735430400000.0,0.0001
2024-12-30 00:00:00+00:00,2024-12-30 00:00:00+00:00,1735516800000.0,-1.2e-06
2024-12-31 00:00:00+00:00,2024-12-31 00:00:00+00:00,1735603200000.0,7.88e-05
2025-01-01 00:00:00+00:00,2025-01-01 00:00:00+00:00,1735689600000.0,0.0001
2025-01-02 00:00:00+00:00,2025-01-02 00:00:00+00:00,1735776000000.0,0.0001
2025-01-03 00:00:00+00:00,2025-01-03 00:00:00+00:00,1735862400000.0,0.0001
2025-01-04 00:00:00+00:00,2025-01-04 00:00:00+00:00,1735948800000.0,0.0001
2025-01-05 00:00:00+00:00,2025-01-05 00:00:00+00:00,1736035200000.0,0.0001
2025-01-06 00:00:00+00:00,2025-01-06 00:00:00+00:00,1736121600000.0,0.0001
2025-01-07 00:00:00+00:00,2025-01-07 00:00:00+00:00,1736208000000.0,0.0001
2025-01-08 00:00:00+00:00,2025-01-08 00:00:00+00:00,1736294400000.0,0.0001
2025-01-09 00:00:00+00:00,2025-01-09 00:00:00+00:00,1736380800000.0,8.435e-05
2025-01-10 00:00:00+00:00,2025-01-10 00:00:00+00:00,1736467200000.0,1.726e-05
2025-01-11 00:00:00+00:00,2025-01-11 00:00:00+00:00,1736553600000.0,5.827e-05
2025-01-12 00:00:00+00:00,2025-01-12 00:00:00+00:00,1736640000000.0,6.561e-05
2025-01-13 00:00:00+00:00,2025-01-13 00:00:00+00:00,1736726400000.0,5.679e-05
2025-01-14 00:00:00+00:00,2025-01-14 00:00:00+00:00,1736812800000.0,2.299e-05
2025-01-15 00:00:00+00:00,2025-01-15 00:00:00+00:00,1736899200000.0,7.73e-05
2025-01-16 00:00:00+00:00,2025-01-16 00:00:00+00:00,1736985600000.0,0.0001
2025-01-17 00:00:00+00:00,2025-01-17 00:00:00+00:00,1737072000000.0,0.0001
2025-01-18 00:00:00+00:00,2025-01-18 00:00:00+00:00,1737158400000.0,0.0001
2025-01-19 00:00:00+00:00,2025-01-19 00:00:00+00:00,1737244800000.0,0.0001
2025-01-20 00:00:00+00:00,2025-01-20 00:00:00+00:00,1737331200000.0,0.0001
2025-01-21 00:00:00+00:00,2025-01-21 00:00:00+00:00,1737417600000.0,0.0001
2025-01-22 00:00:00+00:00,2025-01-22 00:00:00+00:00,1737504000000.0,0.0001
2025-01-23 00:00:00+00:00,2025-01-23 00:00:00+00:00,1737590400000.0,0.0001
2025-01-24 00:00:00+00:00,2025-01-24 00:00:00+00:00,1737676800000.0,0.0001
2025-01-25 00:00:00+00:00,2025-01-25 00:00:00+00:00,1737763200000.0,-5.526e-05
2025-01-26 00:00:00+00:00,2025-01-26 00:00:00+00:00,1737849600000.0,0.0001
2025-01-27 00:00:00+00:00,2025-01-27 00:00:00+00:00,1737936000000.0,1.533e-05
2025-01-28 00:00:00+00:00,2025-01-28 00:00:00+00:00,1738022400000.0,-5.232e-05
2025-01-29 00:00:00+00:00,2025-01-29 00:00:00+00:00,1738108800000.0,-0.00014662
2025-01-30 00:00:00+00:00,2025-01-30 00:00:00+00:00,1738195200000.0,-2.225e-05
2025-01-31 00:00:00+00:00,2025-01-31 00:00:00+00:00,1738281600000.0,8.549e-05
2025-02-01 00:00:00+00:00,2025-02-01 00:00:00+00:00,1738368000000.0,0.0001
2025-02-02 00:00:00+00:00,2025-02-02 00:00:00+00:00,1738454400000.0,-0.00014919
2025-02-03 00:00:00+00:00,2025-02-03 00:00:00+00:00,1738540800000.0,-7.875e-05
2025-02-04 00:00:00+00:00,2025-02-04 00:00:00+00:00,1738627200000.0,-0.00011983
2025-02-05 00:00:00+00:00,2025-02-05 00:00:00+00:00,1738713600000.0,-6.484e-05
2025-02-06 00:00:00+00:00,2025-02-06 00:00:00+00:00,1738800000000.0,1.33e-05
2025-02-07 00:00:00+00:00,2025-02-07 00:00:00+00:00,1738886400000.0,1.42e-06
2025-02-08 00:00:00+00:00,2025-02-08 00:00:00+00:00,1738972800000.0,-5.086e-05
2025-02-09 00:00:00+00:00,2025-02-09 00:00:00+00:00,1739059200000.0,0.0001
2025-02-10 00:00:00+00:00,2025-02-10 00:00:00+00:00,1739145600000.0,2.187e-05
2025-02-11 00:00:00+00:00,2025-02-11 00:00:00+00:00,1739232000000.0,4.021e-05
2025-02-12 00:00:00+00:00,2025-02-12 00:00:00+00:00,1739318400000.0,-6.413e-05
2025-02-13 00:00:00+00:00,2025-02-13 00:00:00+00:00,1739404800000.0,0.0001
2025-02-14 00:00:00+00:00,2025-02-14 00:00:00+00:00,1739491200000.0,-4.571e-05
2025-02-15 00:00:00+00:00,2025-02-15 00:00:00+00:00,1739577600000.0,0.0001
2025-02-16 00:00:00+00:00,2025-02-16 00:00:00+00:00,1739664000000.0,-0.00014193
2025-02-17 00:00:00+00:00,2025-02-17 00:00:00+00:00,1739750400000.0,-9.427e-05
2025-02-18 00:00:00+00:00,2025-02-18 00:00:00+00:00,1739836800000.0,1.8e-06
2025-02-19 00:00:00+00:00,2025-02-19 00:00:00+00:00,1739923200000.0,-0.00010661
2025-02-20 00:00:00+00:00,2025-02-20 00:00:00+00:00,1740009600000.0,6.978e-05
2025-02-21 00:00:00+00:00,2025-02-21 00:00:00+00:00,1740096000000.0,4.32e-05
2025-02-22 00:00:00+00:00,2025-02-22 00:00:00+00:00,1740182400000.0,0.0005857
2025-02-23 00:00:00+00:00,2025-02-23 00:00:00+00:00,1740268800000.0,0.0001
2025-02-24 00:00:00+00:00,2025-02-24 00:00:00+00:00,1740355200000.0,0.0001
2025-02-25 00:00:00+00:00,2025-02-25 00:00:00+00:00,1740441600000.0,-0.00012174
2025-02-26 00:00:00+00:00,2025-02-26 00:00:00+00:00,1740528000000.0,0.0001
2025-02-27 00:00:00+00:00,2025-02-27 00:00:00+00:00,1740614400000.0,0.0001
2025-02-28 00:00:00+00:00,2025-02-28 00:00:00+00:00,1740700800000.0,0.0001
2025-03-01 00:00:00+00:00,2025-03-01 00:00:00+00:00,1740787200000.0,0.0001
2025-03-02 00:00:00+00:00,2025-03-02 00:00:00+00:00,1740873600000.0,0.0001
2025-03-03 00:00:00+00:00,2025-03-03 00:00:00+00:00,1740960000000.0,0.0001
2025-03-04 00:00:00+00:00,2025-03-04 00:00:00+00:00,1741046400000.0,-6.289e-05
2025-03-05 00:00:00+00:00,2025-03-05 00:00:00+00:00,1741132800000.0,4.835e-05
2025-03-06 00:00:00+00:00,2025-03-06 00:00:00+00:00,1741219200000.0,0.0001
2025-03-07 00:00:00+00:00,2025-03-07 00:00:00+00:00,1741305600000.0,6.243e-05
2025-03-08 00:00:00+00:00,2025-03-08 00:00:00+00:00,1741392000000.0,6.857e-05
2025-03-09 00:00:00+00:00,2025-03-09 00:00:00+00:00,1741478400000.0,-4.338e-05
2025-03-10 00:00:00+00:00,2025-03-10 00:00:00+00:00,1741564800000.0,-0.00027735
2025-03-11 00:00:00+00:00,2025-03-11 00:00:00+00:00,1741651200000.0,3.41e-05
2025-03-12 00:00:00+00:00,2025-03-12 00:00:00+00:00,1741737600000.0,8.343e-05
2025-03-13 00:00:00+00:00,2025-03-13 00:00:00+00:00,1741824000000.0,-1.326e-05
2025-03-14 00:00:00+00:00,2025-03-14 00:00:00+00:00,1741910400000.0,0.0001
2025-03-15 00:00:00+00:00,2025-03-15 00:00:00+00:00,1741996800000.0,-1.5e-06
2025-03-16 00:00:00+00:00,2025-03-16 00:00:00+00:00,1742083200000.0,0.0001
2025-03-17 00:00:00+00:00,2025-03-17 00:00:00+00:00,1742169600000.0,-0.0001734
2025-03-18 00:00:00+00:00,2025-03-18 00:00:00+00:00,1742256000000.0,6.189e-05
2025-03-19 00:00:00+00:00,2025-03-19 00:00:00+00:00,1742342400000.0,8.778e-05
2025-03-20 00:00:00+00:00,2025-03-20 00:00:00+00:00,1742428800000.0,0.0001
2025-03-21 00:00:00+00:00,2025-03-21 00:00:00+00:00,1742515200000.0,-4.271e-05
2025-03-22 00:00:00+00:00,2025-03-22 00:00:00+00:00,1742601600000.0,0.0001
2025-03-23 00:00:00+00:00,2025-03-23 00:00:00+00:00,1742688000000.0,0.0001
2025-03-24 00:00:00+00:00,2025-03-24 00:00:00+00:00,1742774400000.0,0.0001
2025-03-25 00:00:00+00:00,2025-03-25 00:00:00+00:00,1742860800000.0,-3.578e-05
2025-03-26 00:00:00+00:00,2025-03-26 00:00:00+00:00,1742947200000.0,-2.217e-05
2025-03-27 00:00:00+00:00,2025-03-27 00:00:00+00:00,1743033600000.0,0.0001
2025-03-28 00:00:00+00:00,2025-03-28 00:00:00+00:00,1743120000000.0,-0.00012379
2025-03-29 00:00:00+00:00,2025-03-29 00:00:00+00:00,1743206400000.0,-0.00015165
2025-03-30 00:00:00+00:00,2025-03-30 00:00:00+00:00,1743292800000.0,-0.00021999
2025-03-31 00:00:00+00:00,2025-03-31 00:00:00+00:00,1743379200000.0,-0.0001981
2025-04-01 00:00:00+00:00,2025-04-01 00:00:00+00:00,1743465600000.0,-0.00010709
2025-04-02 00:00:00+00:00,2025-04-02 00:00:00+00:00,1743552000000.0,-4.848e-05
2025-04-03 00:00:00+00:00,2025-04-03 00:00:00+00:00,1743638400000.0,-4.615e-05
2025-04-04 00:00:00+00:00,2025-04-04 00:00:00+00:00,1743724800000.0,2.145e-05
2025-04-05 00:00:00+00:00,2025-04-05 00:00:00+00:00,1743811200000.0,-3.102e-05
2025-04-06 00:00:00+00:00,2025-04-06 00:00:00+00:00,1743897600000.0,0.0001
2025-04-07 00:00:00+00:00,2025-04-07 00:00:00+00:00,1743984000000.0,-9.401e-05
2025-04-08 00:00:00+00:00,2025-04-08 00:00:00+00:00,1744070400000.0,-0.00011411
2025-04-09 00:00:00+00:00,2025-04-09 00:00:00+00:00,1744156800000.0,-0.00014279
2025-04-10 00:00:00+00:00,2025-04-10 00:00:00+00:00,1744243200000.0,-1.76e-05
2025-04-11 00:00:00+00:00,2025-04-11 00:00:00+00:00,1744329600000.0,-5.747e-05
2025-04-12 00:00:00+00:00,2025-04-12 00:00:00+00:00,1744416000000.0,-1.433e-05
2025-04-13 00:00:00+00:00,2025-04-13 00:00:00+00:00,1744502400000.0,-1.748e-05
2025-04-14 00:00:00+00:00,2025-04-14 00:00:00+00:00,1744588800000.0,-9.701e-05
2025-04-15 00:00:00+00:00,2025-04-15 00:00:00+00:00,1744675200000.0,-7.57e-06
2025-04-16 00:00:00+00:00,2025-04-16 00:00:00+00:00,1744761600000.0,-4.54e-06
2025-04-17 00:00:00+00:00,2025-04-17 00:00:00+00:00,1744848000000.0,-6.53e-05
2025-04-18 00:00:00+00:00,2025-04-18 00:00:00+00:00,1744934400000.0,4.66e-05
2025-04-19 00:00:00+00:00,2025-04-19 00:00:00+00:00,1745020800000.0,0.0001
2025-04-20 00:00:00+00:00,2025-04-20 00:00:00+00:00,1745107200000.0,0.0001
2025-04-21 00:00:00+00:00,2025-04-21 00:00:00+00:00,1745193600000.0,-1.111e-05
2025-04-22 00:00:00+00:00,2025-04-22 00:00:00+00:00,1745280000000.0,0.0001
2025-04-23 00:00:00+00:00,2025-04-23 00:00:00+00:00,1745366400000.0,0.0001
2025-04-24 00:00:00+00:00,2025-04-24 00:00:00+00:00,1745452800000.0,0.0001
2025-04-25 00:00:00+00:00,2025-04-25 00:00:00+00:00,1745539200000.0,0.0001
2025-04-26 00:00:00+00:00,2025-04-26 00:00:00+00:00,1745625600000.0,7.668e-05
2025-04-27 00:00:00+00:00,2025-04-27 00:00:00+00:00,1745712000000.0,7.729e-05
2025-04-28 00:00:00+00:00,2025-04-28 00:00:00+00:00,1745798400000.0,-3.444e-05
2025-04-29 00:00:00+00:00,2025-04-29 00:00:00+00:00,1745884800000.0,0.0001
2025-04-30 00:00:00+00:00,2025-04-30 00:00:00+00:00,1745971200000.0,5.52e-06
2025-05-01 00:00:00+00:00,2025-05-01 00:00:00+00:00,1746057600000.0,-9.507e-05
2025-05-02 00:00:00+00:00,2025-05-02 00:00:00+00:00,1746144000000.0,0.0001
2025-05-03 00:00:00+00:00,2025-05-03 00:00:00+00:00,1746230400000.0,-0.00014416
2025-05-04 00:00:00+00:00,2025-05-04 00:00:00+00:00,1746316800000.0,-7.55e-06
2025-05-05 00:00:00+00:00,2025-05-05 00:00:00+00:00,1746403200000.0,-9.676e-05
2025-05-06 00:00:00+00:00,2025-05-06 00:00:00+00:00,1746489600000.0,-6.023e-05
2025-05-07 00:00:00+00:00,2025-05-07 00:00:00+00:00,1746576000000.0,5.995e-05
2025-05-08 00:00:00+00:00,2025-05-08 00:00:00+00:00,1746662400000.0,1.687e-05
2025-05-09 00:00:00+00:00,2025-05-09 00:00:00+00:00,1746748800000.0,0.0001
2025-05-10 00:00:00+00:00,2025-05-10 00:00:00+00:00,1746835200000.0,0.0001
2025-05-11 00:00:00+00:00,2025-05-11 00:00:00+00:00,1746921600000.0,0.0001
2025-05-12 00:00:00+00:00,2025-05-12 00:00:00+00:00,1747008000000.0,0.0001
2025-05-13 00:00:00+00:00,2025-05-13 00:00:00+00:00,1747094400000.0,0.0001
2025-05-14 00:00:00+00:00,2025-05-14 00:00:00+00:00,1747180800000.0,0.0001
2025-05-15 00:00:00+00:00,2025-05-15 00:00:00+00:00,1747267200000.0,0.0001
2025-05-16 00:00:00+00:00,2025-05-16 00:00:00+00:00,1747353600000.0,7.76e-06
2025-05-17 00:00:00+00:00,2025-05-17 00:00:00+00:00,1747440000000.0,6.947e-05
2025-05-18 00:00:00+00:00,2025-05-18 00:00:00+00:00,1747526400000.0,6.83e-05
2025-05-19 00:00:00+00:00,2025-05-19 00:00:00+00:00,1747612800000.0,-6.959e-05
2025-05-20 00:00:00+00:00,2025-05-20 00:00:00+00:00,1747699200000.0,0.0001
2025-05-21 00:00:00+00:00,2025-05-21 00:00:00+00:00,1747785600000.0,0.0001
2025-05-22 00:00:00+00:00,2025-05-22 00:00:00+00:00,1747872000000.0,8.133e-05
2025-05-23 00:00:00+00:00,2025-05-23 00:00:00+00:00,1747958400000.0,0.0001
2025-05-24 00:00:00+00:00,2025-05-24 00:00:00+00:00,1748044800000.0,0.0001
2025-05-25 00:00:00+00:00,2025-05-25 00:00:00+00:00,1748131200000.0,4.235e-05
2025-05-26 00:00:00+00:00,2025-05-26 00:00:00+00:00,1748217600000.0,6.453e-05
2025-05-27 00:00:00+00:00,2025-05-27 00:00:00+00:00,1748304000000.0,3.653e-05
2025-05-28 00:00:00+00:00,2025-05-28 00:00:00+00:00,1748390400000.0,8.963e-05
2025-05-29 00:00:00+00:00,2025-05-29 00:00:00+00:00,1748476800000.0,2.395e-05
2025-05-30 00:00:00+00:00,2025-05-30 00:00:00+00:00,1748563200000.0,-3.311e-05
2025-05-31 00:00:00+00:00,2025-05-31 00:00:00+00:00,1748649600000.0,-4.512e-05
2025-06-01 00:00:00+00:00,2025-06-01 00:00:00+00:00,1748736000000.0,-2.784e-05
2025-06-02 00:00:00+00:00,2025-06-02 00:00:00+00:00,1748822400000.0,-2.43e-05
2025-06-03 00:00:00+00:00,2025-06-03 00:00:00+00:00,1748908800000.0,5.726e-05
2025-06-04 00:00:00+00:00,2025-06-04 00:00:00+00:00,1748995200000.0,1.588e-05
2025-06-05 00:00:00+00:00,2025-06-05 00:00:00+00:00,1749081600000.0,1.102e-05
2025-06-06 00:00:00+00:00,2025-06-06 00:00:00+00:00,1749168000000.0,-0.00011826
2025-06-07 00:00:00+00:00,2025-06-07 00:00:00+00:00,1749254400000.0,-3.867e-05
2025-06-08 00:00:00+00:00,2025-06-08 00:00:00+00:00,1749340800000.0,3.84e-05
2025-06-09 00:00:00+00:00,2025-06-09 00:00:00+00:00,1749427200000.0,8.855e-05
2025-06-10 00:00:00+00:00,2025-06-10 00:00:00+00:00,1749513600000.0,0.0001
2025-06-11 00:00:00+00:00,2025-06-11 00:00:00+00:00,1749600000000.0,0.0001
2025-06-12 00:00:00+00:00,2025-06-12 00:00:00+00:00,1749686400000.0,0.0001
2025-06-13 00:00:00+00:00,2025-06-13 00:00:00+00:00,1749772800000.0,8.21e-05
2025-06-14 00:00:00+00:00,2025-06-14 00:00:00+00:00,1749859200000.0,3.771e-05
2025-06-15 00:00:00+00:00,2025-06-15 00:00:00+00:00,1749945600000.0,3.101e-05
2025-06-16 00:00:00+00:00,2025-06-16 00:00:00+00:00,1750032000000.0,2.67e-05
2025-06-17 00:00:00+00:00,2025-06-17 00:00:00+00:00,1750118400000.0,9.706e-05
2025-06-18 00:00:00+00:00,2025-06-18 00:00:00+00:00,1750204800000.0,2.345e-05
2025-06-19 00:00:00+00:00,2025-06-19 00:00:00+00:00,1750291200000.0,2.756e-05
2025-06-20 00:00:00+00:00,2025-06-20 00:00:00+00:00,1750377600000.0,0.0001
2025-06-21 00:00:00+00:00,2025-06-21 00:00:00+00:00,1750464000000.0,2.788e-05
2025-06-22 00:00:00+00:00,2025-06-22 00:00:00+00:00,1750550400000.0,2.631e-05
2025-06-23 00:00:00+00:00,2025-06-23 00:00:00+00:00,1750636800000.0,-1.11e-06
2025-06-24 00:00:00+00:00,2025-06-24 00:00:00+00:00,1750723200000.0,5.012e-05
2025-06-25 00:00:00+00:00,2025-06-25 00:00:00+00:00,1750809600000.0,1.623e-05
2025-06-26 00:00:00+00:00,2025-06-26 00:00:00+00:00,1750896000000.0,2.099e-05
2025-06-27 00:00:00+00:00,2025-06-27 00:00:00+00:00,1750982400000.0,9.423e-05
2025-06-28 00:00:00+00:00,2025-06-28 00:00:00+00:00,1751068800000.0,1.422e-05
2025-06-29 00:00:00+00:00,2025-06-29 00:00:00+00:00,1751155200000.0,0.0001
2025-06-30 00:00:00+00:00,2025-06-30 00:00:00+00:00,1751241600000.0,0.0001
2025-07-01 00:00:00+00:00,2025-07-01 00:00:00+00:00,1751328000000.0,4.851e-05
2025-07-02 00:00:00+00:00,2025-07-02 00:00:00+00:00,1751414400000.0,2.052e-05
2025-07-03 00:00:00+00:00,2025-07-03 00:00:00+00:00,1751500800000.0,0.0001
2025-07-04 00:00:00+00:00,2025-07-04 00:00:00+00:00,1751587200000.0,0.0001
2025-07-05 00:00:00+00:00,2025-07-05 00:00:00+00:00,1751673600000.0,3.357e-05
2025-07-06 00:00:00+00:00,2025-07-06 00:00:00+00:00,1751760000000.0,1.382e-05
2025-07-07 00:00:00+00:00,2025-07-07 00:00:00+00:00,1751846400000.0,0.0001
2025-07-08 00:00:00+00:00,2025-07-08 00:00:00+00:00,1751932800000.0,5.782e-05
2025-07-09 00:00:00+00:00,2025-07-09 00:00:00+00:00,1752019200000.0,0.0001
2025-07-10 00:00:00+00:00,2025-07-10 00:00:00+00:00,1752105600000.0,0.0001
2025-07-11 00:00:00+00:00,2025-07-11 00:00:00+00:00,1752192000000.0,0.0001
2025-07-12 00:00:00+00:00,2025-07-12 00:00:00+00:00,1752278400000.0,0.0001
2025-07-13 00:00:00+00:00,2025-07-13 00:00:00+00:00,1752364800000.0,-8.2e-07
2025-07-14 00:00:00+00:00,2025-07-14 00:00:00+00:00,1752451200000.0,-1.212e-05
2025-07-15 00:00:00+00:00,2025-07-15 00:00:00+00:00,1752537600000.0,8.995e-05
2025-07-16 00:00:00+00:00,2025-07-16 00:00:00+00:00,1752624000000.0,0.0001
2025-07-17 00:00:00+00:00,2025-07-17 00:00:00+00:00,1752710400000.0,0.0001
2025-07-18 00:00:00+00:00,2025-07-18 00:00:00+00:00,1752796800000.0,0.0001
2025-07-19 00:00:00+00:00,2025-07-19 00:00:00+00:00,1752883200000.0,0.0001
2025-07-20 00:00:00+00:00,2025-07-20 00:00:00+00:00,1752969600000.0,0.0001
2025-07-21 00:00:00+00:00,2025-07-21 00:00:00+00:00,1753056000000.0,0.0001
2025-07-22 00:00:00+00:00,2025-07-22 00:00:00+00:00,1753142400000.0,0.0001
2025-07-23 00:00:00+00:00,2025-07-23 00:00:00+00:00,1753228800000.0,0.0001
2025-07-24 00:00:00+00:00,2025-07-24 00:00:00+00:00,1753315200000.0,0.0001
2025-07-25 00:00:00+00:00,2025-07-25 00:00:00+00:00,1753401600000.0,0.0001
2025-07-26 00:00:00+00:00,2025-07-26 00:00:00+00:00,1753488000000.0,0.0001
2025-07-27 00:00:00+00:00,2025-07-27 00:00:00+00:00,1753574400000.0,0.0001
2025-07-28 00:00:00+00:00,2025-07-28 00:00:00+00:00,1753660800000.0,0.0001
2025-07-29 00:00:00+00:00,2025-07-29 00:00:00+00:00,1753747200000.0,0.0001
2025-07-30 00:00:00+00:00,2025-07-30 00:00:00+00:00,1753833600000.0,8.198e-05
2025-07-31 00:00:00+00:00,2025-07-31 00:00:00+00:00,1753920000000.0,9.227e-05
2025-08-01 00:00:00+00:00,2025-08-01 00:00:00+00:00,1754006400000.0,-2.58e-06
2025-08-02 00:00:00+00:00,2025-08-02 00:00:00+00:00,1754092800000.0,1.504e-05
2025-08-03 00:00:00+00:00,2025-08-03 00:00:00+00:00,1754179200000.0,0.0001
2025-08-04 00:00:00+00:00,2025-08-04 00:00:00+00:00,1754265600000.0,6.578e-05
2025-08-05 00:00:00+00:00,2025-08-05 00:00:00+00:00,1754352000000.0,-2.919e-05
2025-08-06 00:00:00+00:00,2025-08-06 00:00:00+00:00,1754438400000.0,7.295e-05
2025-08-07 00:00:00+00:00,2025-08-07 00:00:00+00:00,1754524800000.0,0.0001
2025-08-08 00:00:00+00:00,2025-08-08 00:00:00+00:00,1754611200000.0,0.0001
2025-08-09 00:00:00+00:00,2025-08-09 00:00:00+00:00,1754697600000.0,0.0001
2025-08-10 00:00:00+00:00,2025-08-10 00:00:00+00:00,1754784000000.0,0.0001
2025-08-11 00:00:00+00:00,2025-08-11 00:00:00+00:00,1754870400000.0,0.0001
2025-08-12 00:00:00+00:00,2025-08-12 00:00:00+00:00,1754956800000.0,5.25e-05
2025-08-13 00:00:00+00:00,2025-08-13 00:00:00+00:00,1755043200000.0,0.0001
2025-08-14 00:00:00+00:00,2025-08-14 00:00:00+00:00,1755129600000.0,0.0001
2025-08-15 00:00:00+00:00,2025-08-15 00:00:00+00:00,1755216000000.0,5.501e-05
2025-08-16 00:00:00+00:00,2025-08-16 00:00:00+00:00,1755302400000.0,4.56e-06
2025-08-17 00:00:00+00:00,2025-08-17 00:00:00+00:00,1755388800000.0,0.0001
2025-08-18 00:00:00+00:00,2025-08-18 00:00:00+00:00,1755475200000.0,0.0001
2025-08-19 00:00:00+00:00,2025-08-19 00:00:00+00:00,1755561600000.0,-1.8e-06
2025-08-20 00:00:00+00:00,2025-08-20 00:00:00+00:00,1755648000000.0,5.031e-05
2025-08-21 00:00:00+00:00,2025-08-21 00:00:00+00:00,1755734400000.0,0.0001
2025-08-22 00:00:00+00:00,2025-08-22 00:00:00+00:00,1755820800000.0,0.0001
2025-08-23 00:00:00+00:00,2025-08-23 00:00:00+00:00,1755907200000.0,0.0001
2025-08-24 00:00:00+00:00,2025-08-24 00:00:00+00:00,1755993600000.0,0.0001
2025-08-25 00:00:00+00:00,2025-08-25 00:00:00+00:00,1756080000000.0,0.0001
2025-08-26 00:00:00+00:00,2025-08-26 00:00:00+00:00,1756166400000.0,-4.478e-05
2025-08-27 00:00:00+00:00,2025-08-27 00:00:00+00:00,1756252800000.0,0.0001
2025-08-28 00:00:00+00:00,2025-08-28 00:00:00+00:00,1756339200000.0,0.0001
2025-08-29 00:00:00+00:00,2025-08-29 00:00:00+00:00,1756425600000.0,0.0001
2025-08-30 00:00:00+00:00,2025-08-30 00:00:00+00:00,1756512000000.0,7.522e-05
2025-08-31 00:00:00+00:00,2025-08-31 00:00:00+00:00,1756598400000.0,0.0001
2025-09-01 00:00:00+00:00,2025-09-01 00:00:00+00:00,1756684800000.0,3.126e-05
2025-09-02 00:00:00+00:00,2025-09-02 00:00:00+00:00,1756771200000.0,-4.717e-05
2025-09-03 00:00:00+00:00,2025-09-03 00:00:00+00:00,1756857600000.0,0.0001
2025-09-04 00:00:00+00:00,2025-09-04 00:00:00+00:00,1756944000000.0,0.0001
2025-09-05 00:00:00+00:00,2025-09-05 00:00:00+00:00,1757030400000.0,9.257e-05
2025-09-06 00:00:00+00:00,2025-09-06 00:00:00+00:00,1757116800000.0,0.0001
2025-09-07 00:00:00+00:00,2025-09-07 00:00:00+00:00,1757203200000.0,0.0001
2025-09-08 00:00:00+00:00,2025-09-08 00:00:00+00:00,1757289600000.0,0.0001
2025-09-09 00:00:00+00:00,2025-09-09 00:00:00+00:00,1757376000000.0,0.0001
2025-09-10 00:00:00+00:00,2025-09-10 00:00:00+00:00,1757462400000.0,0.0001
2025-09-11 00:00:00+00:00,2025-09-11 00:00:00+00:00,1757548800000.0,0.0001
2025-09-12 00:00:00+00:00,2025-09-12 00:00:00+00:00,1757635200000.0,0.0001
2025-09-13 00:00:00+00:00,2025-09-13 00:00:00+00:00,1757721600000.0,0.0001
2025-09-14 00:00:00+00:00,2025-09-14 00:00:00+00:00,1757808000000.0,0.0001
2025-09-15 00:00:00+00:00,2025-09-15 00:00:00+00:00,1757894400000.0,0.0001
2025-09-16 00:00:00+00:00,2025-09-16 00:00:00+00:00,1757980800000.0,0.0001
2025-09-17 00:00:00+00:00,2025-09-17 00:00:00+00:00,1758067200000.0,1.801e-05
2025-09-18 00:00:00+00:00,2025-09-18 00:00:00+00:00,1758153600000.0,0.0001
2025-09-19 00:00:00+00:00,2025-09-19 00:00:00+00:00,1758240000000.0,0.0001
2025-09-20 00:00:00+00:00,2025-09-20 00:00:00+00:00,1758326400000.0,0.0001
2025-09-21 00:00:00+00:00,2025-09-21 00:00:00+00:00,1758412800000.0,5.698e-05
2025-09-22 00:00:00+00:00,2025-09-22 00:00:00+00:00,1758499200000.0,0.0001
2025-09-23 00:00:00+00:00,2025-09-23 00:00:00+00:00,1758585600000.0,0.0001
2025-09-24 00:00:00+00:00,2025-09-24 00:00:00+00:00,1758672000000.0,-6.92e-06
2025-09-25 00:00:00+00:00,2025-09-25 00:00:00+00:00,1758758400000.0,-7.082e-05
2025-09-26 00:00:00+00:00,2025-09-26 00:00:00+00:00,1758844800000.0,-5.113e-05
2025-09-27 00:00:00+00:00,2025-09-27 00:00:00+00:00,1758931200000.0,-5.236e-05
2025-09-28 00:00:00+00:00,2025-09-28 00:00:00+00:00,1759017600000.0,0.0001
2025-09-29 00:00:00+00:00,2025-09-29 00:00:00+00:00,1759104000000.0,0.0001
2025-09-30 00:00:00+00:00,2025-09-30 00:00:00+00:00,1759190400000.0,3.606e-05
2025-10-01 00:00:00+00:00,2025-10-01 00:00:00+00:00,1759276800000.0,0.0001
2025-10-02 00:00:00+00:00,2025-10-02 00:00:00+00:00,1759363200000.0,0.0001
2025-10-03 00:00:00+00:00,2025-10-03 00:00:00+00:00,1759449600000.0,0.0001
2025-10-04 00:00:00+00:00,2025-10-04 00:00:00+00:00,1759536000000.0,0.0001
2025-10-05 00:00:00+00:00,2025-10-05 00:00:00+00:00,1759622400000.0,3.168e-05
2025-10-06 00:00:00+00:00,2025-10-06 00:00:00+00:00,1759708800000.0,-1.648e-05
2025-10-07 00:00:00+00:00,2025-10-07 00:00:00+00:00,1759795200000.0,0.0001
2025-10-08 00:00:00+00:00,2025-10-08 00:00:00+00:00,1759881600000.0,0.0001
2025-10-09 00:00:00+00:00,2025-10-09 00:00:00+00:00,1759968000000.0,0.0001
2025-10-10 00:00:00+00:00,2025-10-10 00:00:00+00:00,1760054400000.0,0.0001
2025-10-11 00:00:00+00:00,2025-10-11 00:00:00+00:00,1760140800000.0,-0.00841627
2025-10-12 00:00:00+00:00,2025-10-12 00:00:00+00:00,1760227200000.0,8.989e-05
2025-10-13 00:00:00+00:00,2025-10-13 00:00:00+00:00,1760313600000.0,-0.00019049
2025-10-14 00:00:00+00:00,2025-10-14 00:00:00+00:00,1760400000000.0,0.0001
2025-10-15 00:00:00+00:00,2025-10-15 00:00:00+00:00,1760486400000.0,4.261e-05
2025-10-16 00:00:00+00:00,2025-10-16 00:00:00+00:00,1760572800000.0,-0.00015545
2025-10-17 00:00:00+00:00,2025-10-17 00:00:00+00:00,1760659200000.0,-0.00022074
2025-10-18 00:00:00+00:00,2025-10-18 00:00:00+00:00,1760745600000.0,0.0001
2025-10-19 00:00:00+00:00,2025-10-19 00:00:00+00:00,1760832000000.0,2.964e-05
2025-10-20 00:00:00+00:00,2025-10-20 00:00:00+00:00,1760918400000.0,4.17e-06
2025-10-21 00:00:00+00:00,2025-10-21 00:00:00+00:00,1761004800000.0,0.0001
2025-10-22 00:00:00+00:00,2025-10-22 00:00:00+00:00,1761091200000.0,5.843e-05
2025-10-23 00:00:00+00:00,2025-10-23 00:00:00+00:00,1761177600000.0,4.328e-05
2025-10-24 00:00:00+00:00,2025-10-24 00:00:00+00:00,1761264000000.0,0.0001
2025-10-25 00:00:00+00:00,2025-10-25 00:00:00+00:00,1761350400000.0,0.0001
2025-10-26 00:00:00+00:00,2025-10-26 00:00:00+00:00,1761436800000.0,0.0001
2025-10-27 00:00:00+00:00,2025-10-27 00:00:00+00:00,1761523200000.0,0.0001
2025-10-28 00:00:00+00:00,2025-10-28 00:00:00+00:00,1761609600000.0,-0.00012714
2025-10-29 00:00:00+00:00,2025-10-29 00:00:00+00:00,1761696000000.0,-8.456e-05
2025-10-30 00:00:00+00:00,2025-10-30 00:00:00+00:00,1761782400000.0,0.0001
2025-10-31 00:00:00+00:00,2025-10-31 00:00:00+00:00,1761868800000.0,-0.00021234
2025-11-01 00:00:00+00:00,2025-11-01 00:00:00+00:00,1761955200000.0,3.515e-05
2025-11-02 00:00:00+00:00,2025-11-02 00:00:00+00:00,1762041600000.0,2.359e-05
2025-11-03 00:00:00+00:00,2025-11-03 00:00:00+00:00,1762128000000.0,-0.00011355
2025-11-04 00:00:00+00:00,2025-11-04 00:00:00+00:00,1762214400000.0,-0.00036669
2025-11-05 00:00:00+00:00,2025-11-05 00:00:00+00:00,1762300800000.0,3.908e-05
2025-11-06 00:00:00+00:00,2025-11-06 00:00:00+00:00,1762387200000.0,8.701e-05
2025-11-07 00:00:00+00:00,2025-11-07 00:00:00+00:00,1762473600000.0,0.0001
2025-11-08 00:00:00+00:00,2025-11-08 00:00:00+00:00,1762560000000.0,0.0001
2025-11-09 00:00:00+00:00,2025-11-09 00:00:00+00:00,1762646400000.0,-2.646e-05
2025-11-10 00:00:00+00:00,2025-11-10 00:00:00+00:00,1762732800000.0,0.0001
2025-11-11 00:00:00+00:00,2025-11-11 00:00:00+00:00,1762819200000.0,8.478e-05
2025-11-12 00:00:00+00:00,2025-11-12 00:00:00+00:00,1762905600000.0,-9.975e-05
2025-11-13 00:00:00+00:00,2025-11-13 00:00:00+00:00,1762992000000.0,-0.00031455
2025-11-14 00:00:00+00:00,2025-11-14 00:00:00+00:00,1763078400000.0,-0.00030726
2025-11-15 00:00:00+00:00,2025-11-15 00:00:00+00:00,1763164800000.0,-0.00022249
2025-11-16 00:00:00+00:00,2025-11-16 00:00:00+00:00,1763251200000.0,-6.422e-05
2025-11-17 00:00:00+00:00,2025-11-17 00:00:00+00:00,1763337600000.0,-3.134e-05
2025-11-18 00:00:00+00:00,2025-11-18 00:00:00+00:00,1763424000000.0,-0.00019602
2025-11-19 00:00:00+00:00,2025-11-19 00:00:00+00:00,1763510400000.0,0.0001
2025-11-20 00:00:00+00:00,2025-11-20 00:00:00+00:00,1763596800000.0,0.0001
2025-11-21 00:00:00+00:00,2025-11-21 00:00:00+00:00,1763683200000.0,-4.43e-05
2025-11-22 00:00:00+00:00,2025-11-22 00:00:00+00:00,1763769600000.0,-0.00016928
2025-11-23 00:00:00+00:00,2025-11-23 00:00:00+00:00,1763856000000.0,9.23e-06
2025-11-24 00:00:00+00:00,2025-11-24 00:00:00+00:00,1763942400000.0,5.77e-06
2025-11-25 00:00:00+00:00,2025-11-25 00:00:00+00:00,1764028800000.0,0.0001
2025-11-26 00:00:00+00:00,2025-11-26 00:00:00+00:00,1764115200000.0,0.0001
2025-11-27 00:00:00+00:00,2025-11-27 00:00:00+00:00,1764201600000.0,0.0001
2025-11-28 00:00:00+00:00,2025-11-28 00:00:00+00:00,1764288000000.0,-0.00019679
2025-11-29 00:00:00+00:00,2025-11-29 00:00:00+00:00,1764374400000.0,-0.00032115
2025-11-30 00:00:00+00:00,2025-11-30 00:00:00+00:00,1764460800000.0,-0.00014007
2025-12-01 00:00:00+00:00,2025-12-01 00:00:00+00:00,1764547200000.0,-8.087e-05
2025-12-02 00:00:00+00:00,2025-12-02 00:00:00+00:00,1764633600000.0,-0.00020009
2025-12-03 00:00:00+00:00,2025-12-03 00:00:00+00:00,1764720000000.0,0.0001
2025-12-04 00:00:00+00:00,2025-12-04 00:00:00+00:00,1764806400000.0,0.0001
2025-12-05 00:00:00+00:00,2025-12-05 00:00:00+00:00,1764892800000.0,-8.69e-05
2025-12-06 00:00:00+00:00,2025-12-06 00:00:00+00:00,1764979200000.0,-0.00019446
2025-12-07 00:00:00+00:00,2025-12-07 00:00:00+00:00,1765065600000.0,-0.00013384
2025-12-08 00:00:00+00:00,2025-12-08 00:00:00+00:00,1765152000000.0,-1.05e-05
2025-12-09 00:00:00+00:00,2025-12-09 00:00:00+00:00,1765238400000.0,0.0001
2025-12-10 00:00:00+00:00,2025-12-10 00:00:00+00:00,1765324800000.0,0.0001
2025-12-11 00:00:00+00:00,2025-12-11 00:00:00+00:00,1765411200000.0,2.311e-05
2025-12-12 00:00:00+00:00,2025-12-12 00:00:00+00:00,1765497600000.0,3.194e-05
2025-12-13 00:00:00+00:00,2025-12-13 00:00:00+00:00,1765584000000.0,-4.616e-05
2025-12-14 00:00:00+00:00,2025-12-14 00:00:00+00:00,1765670400000.0,0.0001
2025-12-15 00:00:00+00:00,2025-12-15 00:00:00+00:00,1765756800000.0,-8.845e-05
2025-12-16 00:00:00+00:00,2025-12-16 00:00:00+00:00,1765843200000.0,-0.00018577
2025-12-17 00:00:00+00:00,2025-12-17 00:00:00+00:00,1765929600000.0,5.559e-05
2025-12-18 00:00:00+00:00,2025-12-18 00:00:00+00:00,1766016000000.0,-0.00016244
2025-12-19 00:00:00+00:00,2025-12-19 00:00:00+00:00,1766102400000.0,6.79e-05
2025-12-20 00:00:00+00:00,2025-12-20 00:00:00+00:00,1766188800000.0,0.0001
2025-12-21 00:00:00+00:00,2025-12-21 00:00:00+00:00,1766275200000.0,7.54e-06
2025-12-22 00:00:00+00:00,2025-12-22 00:00:00+00:00,1766361600000.0,0.0001
2025-12-23 00:00:00+00:00,2025-12-23 00:00:00+00:00,1766448000000.0,-0.00035938
2025-12-24 00:00:00+00:00,2025-12-24 00:00:00+00:00,1766534400000.0,0.0001
2025-12-25 00:00:00+00:00,2025-12-25 00:00:00+00:00,1766620800000.0,0.0001
2025-12-26 00:00:00+00:00,2025-12-26 00:00:00+00:00,1766707200000.0,0.0001
2025-12-27 00:00:00+00:00,2025-12-27 00:00:00+00:00,1766793600000.0,2.07e-05
2025-12-28 00:00:00+00:00,2025-12-28 00:00:00+00:00,1766880000000.0,0.0001
2025-12-29 00:00:00+00:00,2025-12-29 00:00:00+00:00,1766966400000.0,8.891e-05
2025-12-30 00:00:00+00:00,2025-12-30 00:00:00+00:00,1767052800000.0,-0.00012287
2025-12-31 00:00:00+00:00,2025-12-31 00:00:00+00:00,1767139200000.0,1.855e-05
2026-01-01 00:00:00+00:00,2026-01-01 00:00:00+00:00,1767225600000.0,-0.0001452
2026-01-02 00:00:00+00:00,2026-01-02 00:00:00+00:00,1767312000000.0,0.0001
2026-01-03 00:00:00+00:00,2026-01-03 00:00:00+00:00,1767398400000.0,3.039e-05
2026-01-04 00:00:00+00:00,2026-01-04 00:00:00+00:00,1767484800000.0,2.166e-05
2026-01-05 00:00:00+00:00,2026-01-05 00:00:00+00:00,1767571200000.0,7.857e-05
2026-01-06 00:00:00+00:00,2026-01-06 00:00:00+00:00,1767657600000.0,0.0001
2026-01-07 00:00:00+00:00,2026-01-07 00:00:00+00:00,1767744000000.0,0.0001
2026-01-08 00:00:00+00:00,2026-01-08 00:00:00+00:00,1767830400000.0,9.741e-05
2026-01-09 00:00:00+00:00,2026-01-09 00:00:00+00:00,1767916800000.0,9.568e-05
2026-01-10 00:00:00+00:00,2026-01-10 00:00:00+00:00,1768003200000.0,0.0001
2026-01-11 00:00:00+00:00,2026-01-11 00:00:00+00:00,1768089600000.0,6.844e-05
2026-01-12 00:00:00+00:00,2026-01-12 00:00:00+00:00,1768176000000.0,-6.573e-05
2026-01-13 00:00:00+00:00,2026-01-13 00:00:00+00:00,1768262400000.0,2.41e-06
2026-01-14 00:00:00+00:00,2026-01-14 00:00:00+00:00,1768348800000.0,0.0001
2026-01-15 00:00:00+00:00,2026-01-15 00:00:00+00:00,1768435200000.0,0.0001
2026-01-16 00:00:00+00:00,2026-01-16 00:00:00+00:00,1768521600000.0,-2.078e-05
2026-01-17 00:00:00+00:00,2026-01-17 00:00:00+00:00,1768608000000.0,2.3e-05
2026-01-18 00:00:00+00:00,2026-01-18 00:00:00+00:00,1768694400000.0,0.0001
2026-01-19 00:00:00+00:00,2026-01-19 00:00:00+00:00,1768780800000.0,0.0001
2026-01-20 00:00:00+00:00,2026-01-20 00:00:00+00:00,1768867200000.0,0.0001
2026-01-21 00:00:00+00:00,2026-01-21 00:00:00+00:00,1768953600000.0,-2.737e-05
2026-01-22 00:00:00+00:00,2026-01-22 00:00:00+00:00,1769040000000.0,-6.861e-05
2026-01-23 00:00:00+00:00,2026-01-23 00:00:00+00:00,1769126400000.0,6.501e-05
2026-01-24 00:00:00+00:00,2026-01-24 00:00:00+00:00,1769212800000.0,-7.31e-06
2026-01-25 00:00:00+00:00,2026-01-25 00:00:00+00:00,1769299200000.0,-1.478e-05
2026-01-26 00:00:00+00:00,2026-01-26 00:00:00+00:00,1769385600000.0,-0.00011518
2026-01-27 00:00:00+00:00,2026-01-27 00:00:00+00:00,1769472000000.0,-9.7e-07
2026-01-28 00:00:00+00:00,2026-01-28 00:00:00+00:00,1769558400000.0,4.307e-05
2026-01-29 00:00:00+00:00,2026-01-29 00:00:00+00:00,1769644800000.0,7.4e-07
2026-01-30 00:00:00+00:00,2026-01-30 00:00:00+00:00,1769731200000.0,-0.00019774
2026-01-31 00:00:00+00:00,2026-01-31 00:00:00+00:00,1769817600000.0,-5.339e-05
2026-02-01 00:00:00+00:00,2026-02-01 00:00:00+00:00,1769904000000.0,-0.00023022
2026-02-02 00:00:00+00:00,2026-02-02 00:00:00+00:00,1769990400000.0,-9.72e-05
2026-02-03 00:00:00+00:00,2026-02-03 00:00:00+00:00,1770076800000.0,-2.74e-06
2026-02-04 00:00:00+00:00,2026-02-04 00:00:00+00:00,1770163200000.0,6.892e-05
2026-02-05 00:00:00+00:00,2026-02-05 00:00:00+00:00,1770249600000.0,0.0001
2026-02-06 00:00:00+00:00,2026-02-06 00:00:00+00:00,1770336000000.0,0.0001
2026-02-07 00:00:00+00:00,2026-02-07 00:00:00+00:00,1770422400000.0,3.923e-05
2026-02-08 00:00:00+00:00,2026-02-08 00:00:00+00:00,1770508800000.0,9.639e-05
2026-02-09 00:00:00+00:00,2026-02-09 00:00:00+00:00,1770595200000.0,4.181e-05
2026-02-10 00:00:00+00:00,2026-02-10 00:00:00+00:00,1770681600000.0,0.0001
2026-02-11 00:00:00+00:00,2026-02-11 00:00:00+00:00,1770768000000.0,0.0001
2026-02-12 00:00:00+00:00,2026-02-12 00:00:00+00:00,1770854400000.0,-4.747e-05
2026-02-13 00:00:00+00:00,2026-02-13 00:00:00+00:00,1770940800000.0,0.0001
2026-02-14 00:00:00+00:00,2026-02-14 00:00:00+00:00,1771027200000.0,0.0001
2026-02-15 00:00:00+00:00,2026-02-15 00:00:00+00:00,1771113600000.0,7.922e-05
2026-02-16 00:00:00+00:00,2026-02-16 00:00:00+00:00,1771200000000.0,-5.103e-05
2026-02-17 00:00:00+00:00,2026-02-17 00:00:00+00:00,1771286400000.0,0.0001
2026-02-18 00:00:00+00:00,2026-02-18 00:00:00+00:00,1771372800000.0,8.632e-05
2026-02-19 00:00:00+00:00,2026-02-19 00:00:00+00:00,1771459200000.0,-0.0001075
2026-02-20 00:00:00+00:00,2026-02-20 00:00:00+00:00,1771545600000.0,0.0001
2026-02-21 00:00:00+00:00,2026-02-21 00:00:00+00:00,1771632000000.0,0.0001
2026-02-22 00:00:00+00:00,2026-02-22 00:00:00+00:00,1771718400000.0,-0.00014236
2026-02-23 00:00:00+00:00,2026-02-23 00:00:00+00:00,1771804800000.0,-0.0001724
2026-02-24 00:00:00+00:00,2026-02-24 00:00:00+00:00,1771891200000.0,-4.293e-05
2026-02-25 00:00:00+00:00,2026-02-25 00:00:00+00:00,1771977600000.0,-3.11e-06
2026-02-26 00:00:00+00:00,2026-02-26 00:00:00+00:00,1772064000000.0,0.0001
2026-02-27 00:00:00+00:00,2026-02-27 00:00:00+00:00,1772150400000.0,0.0001
2026-02-28 00:00:00+00:00,2026-02-28 00:00:00+00:00,1772236800000.0,-6.506e-05
2026-03-01 00:00:00+00:00,2026-03-01 00:00:00+00:00,1772323200000.0,0.0001
2026-03-02 00:00:00+00:00,2026-03-02 00:00:00+00:00,1772409600000.0,0.0001
2026-03-03 00:00:00+00:00,2026-03-03 00:00:00+00:00,1772496000000.0,0.0001
2026-03-04 00:00:00+00:00,2026-03-04 00:00:00+00:00,1772582400000.0,0.0001
2026-03-05 00:00:00+00:00,2026-03-05 00:00:00+00:00,1772668800000.0,0.0001
2026-03-06 00:00:00+00:00,2026-03-06 00:00:00+00:00,1772755200000.0,6.8e-06
2026-03-07 00:00:00+00:00,2026-03-07 00:00:00+00:00,1772841600000.0,-7.701e-05
2026-03-08 00:00:00+00:00,2026-03-08 00:00:00+00:00,1772928000000.0,-0.00014135
2026-03-09 00:00:00+00:00,2026-03-09 00:00:00+00:00,1773014400000.0,-0.00010413
2026-03-10 00:00:00+00:00,2026-03-10 00:00:00+00:00,1773100800000.0,0.0001
2026-03-11 00:00:00+00:00,2026-03-11 00:00:00+00:00,1773187200000.0,0.0001
2026-03-12 00:00:00+00:00,2026-03-12 00:00:00+00:00,1773273600000.0,7.218e-05
2026-03-13 00:00:00+00:00,2026-03-13 00:00:00+00:00,1773360000000.0,0.0001
2026-03-14 00:00:00+00:00,2026-03-14 00:00:00+00:00,1773446400000.0,-3.594e-05
2026-03-15 00:00:00+00:00,2026-03-15 00:00:00+00:00,1773532800000.0,-9.639e-05
2026-03-16 00:00:00+00:00,2026-03-16 00:00:00+00:00,1773619200000.0,6.844e-05
2026-03-17 00:00:00+00:00,2026-03-17 00:00:00+00:00,1773705600000.0,0.0001
2026-03-18 00:00:00+00:00,2026-03-18 00:00:00+00:00,1773792000000.0,8.511e-05
2026-03-19 00:00:00+00:00,2026-03-19 00:00:00+00:00,1773878400000.0,1.442e-05
2026-03-20 00:00:00+00:00,2026-03-20 00:00:00+00:00,1773964800000.0,-8.77e-06
2026-03-21 00:00:00+00:00,2026-03-21 00:00:00+00:00,1774051200000.0,-3.045e-05
2026-03-22 00:00:00+00:00,2026-03-22 00:00:00+00:00,1774137600000.0,9.379e-05
2026-03-23 00:00:00+00:00,2026-03-23 00:00:00+00:00,1774224000000.0,-0.00016957
2026-03-24 00:00:00+00:00,2026-03-24 00:00:00+00:00,1774310400000.0,4.142e-05
2026-03-25 00:00:00+00:00,2026-03-25 00:00:00+00:00,1774396800000.0,0.0001
2026-03-26 00:00:00+00:00,2026-03-26 00:00:00+00:00,1774483200000.0,0.0001
2026-03-27 00:00:00+00:00,2026-03-27 00:00:00+00:00,1774569600000.0,-0.00019416
2026-03-28 00:00:00+00:00,2026-03-28 00:00:00+00:00,1774656000000.0,-9.9e-06
2026-03-29 00:00:00+00:00,2026-03-29 00:00:00+00:00,1774742400000.0,-5.768e-05
2026-03-30 00:00:00+00:00,2026-03-30 00:00:00+00:00,1774828800000.0,-5.64e-06
2026-03-31 00:00:00+00:00,2026-03-31 00:00:00+00:00,1774915200000.0,6.56e-06
2026-04-01 00:00:00+00:00,2026-04-01 00:00:00+00:00,1775001600000.0,0.0001
2026-04-02 00:00:00+00:00,2026-04-02 00:00:00+00:00,1775088000000.0,-3.839e-05
2026-04-03 00:00:00+00:00,2026-04-03 00:00:00+00:00,1775174400000.0,7.24e-06
2026-04-04 00:00:00+00:00,2026-04-04 00:00:00+00:00,1775260800000.0,0.0001
2026-04-05 00:00:00+00:00,2026-04-05 00:00:00+00:00,1775347200000.0,0.0001
2026-04-06 00:00:00+00:00,2026-04-06 00:00:00+00:00,1775433600000.0,6.921e-05
2026-04-07 00:00:00+00:00,2026-04-07 00:00:00+00:00,1775520000000.0,8.59e-06
2026-04-08 00:00:00+00:00,2026-04-08 00:00:00+00:00,1775606400000.0,0.0001
2026-04-09 00:00:00+00:00,2026-04-09 00:00:00+00:00,1775692800000.0,0.0001
2026-04-10 00:00:00+00:00,2026-04-10 00:00:00+00:00,1775779200000.0,0.0001
2026-04-11 00:00:00+00:00,2026-04-11 00:00:00+00:00,1775865600000.0,9.419e-05
2026-04-12 00:00:00+00:00,2026-04-12 00:00:00+00:00,1775952000000.0,9.756e-05
2026-04-13 00:00:00+00:00,2026-04-13 00:00:00+00:00,1776038400000.0,1.92e-05
2026-04-14 00:00:00+00:00,2026-04-14 00:00:00+00:00,1776124800000.0,0.0001
2026-04-15 00:00:00+00:00,2026-04-15 00:00:00+00:00,1776211200000.0,-5.873e-05
2026-04-16 00:00:00+00:00,2026-04-16 00:00:00+00:00,1776297600000.0,0.0001
2026-04-17 00:00:00+00:00,2026-04-17 00:00:00+00:00,1776384000000.0,0.0001
2026-04-18 00:00:00+00:00,2026-04-18 00:00:00+00:00,1776470400000.0,-7.787e-05
2026-04-19 00:00:00+00:00,2026-04-19 00:00:00+00:00,1776556800000.0,3.032e-05
2026-04-20 00:00:00+00:00,2026-04-20 00:00:00+00:00,1776643200000.0,-4.32e-05
2026-04-21 00:00:00+00:00,2026-04-21 00:00:00+00:00,1776729600000.0,6.774e-05
2026-04-22 00:00:00+00:00,2026-04-22 00:00:00+00:00,1776816000000.0,9.274e-05
2026-04-23 00:00:00+00:00,2026-04-23 00:00:00+00:00,1776902400000.0,1.878e-05
2026-04-24 00:00:00+00:00,2026-04-24 00:00:00+00:00,1776988800000.0,-2.636e-05
2026-04-25 00:00:00+00:00,2026-04-25 00:00:00+00:00,1777075200000.0,0.0001
2026-04-26 00:00:00+00:00,2026-04-26 00:00:00+00:00,1777161600000.0,-9.254e-05
2026-04-27 00:00:00+00:00,2026-04-27 00:00:00+00:00,1777248000000.0,-3.375e-05
2026-04-28 00:00:00+00:00,2026-04-28 00:00:00+00:00,1777334400000.0,0.0001
2026-04-29 00:00:00+00:00,2026-04-29 00:00:00+00:00,1777420800000.0,9.481e-05
2026-04-30 00:00:00+00:00,2026-04-30 00:00:00+00:00,1777507200000.0,-5.964e-05
2026-05-01 00:00:00+00:00,2026-05-01 00:00:00+00:00,1777593600000.0,8.3e-05
2026-05-02 00:00:00+00:00,2026-05-02 00:00:00+00:00,1777680000000.0,-2.747e-05
2026-05-03 00:00:00+00:00,2026-05-03 00:00:00+00:00,1777766400000.0,7.062e-05
2026-05-04 00:00:00+00:00,2026-05-04 00:00:00+00:00,1777852800000.0,0.0001
2026-05-05 00:00:00+00:00,2026-05-05 00:00:00+00:00,1777939200000.0,0.0001
2026-05-06 00:00:00+00:00,2026-05-06 00:00:00+00:00,1778025600000.0,0.0001
2026-05-07 00:00:00+00:00,2026-05-07 00:00:00+00:00,1778112000000.0,8.925e-05
2026-05-08 00:00:00+00:00,2026-05-08 00:00:00+00:00,1778198400000.0,0.0001
2026-05-09 00:00:00+00:00,2026-05-09 00:00:00+00:00,1778284800000.0,-8.59e-06
2026-05-10 00:00:00+00:00,2026-05-10 00:00:00+00:00,1778371200000.0,-6.701e-05
2026-05-11 00:00:00+00:00,2026-05-11 00:00:00+00:00,1778457600000.0,7.216e-05
2026-05-12 00:00:00+00:00,2026-05-12 00:00:00+00:00,1778544000000.0,4.204e-05
2026-05-13 00:00:00+00:00,2026-05-13 00:00:00+00:00,1778630400000.0,6.949e-05
2026-05-14 00:00:00+00:00,2026-05-14 00:00:00+00:00,1778716800000.0,5.767e-05
2026-05-15 00:00:00+00:00,2026-05-15 00:00:00+00:00,1778803200000.0,0.0001
2026-05-16 00:00:00+00:00,2026-05-16 00:00:00+00:00,1778889600000.0,-3.935e-05
2026-05-17 00:00:00+00:00,2026-05-17 00:00:00+00:00,1778976000000.0,0.0001
2026-05-18 00:00:00+00:00,2026-05-18 00:00:00+00:00,1779062400000.0,5.58e-06
2026-05-19 00:00:00+00:00,2026-05-19 00:00:00+00:00,1779148800000.0,0.0001
2026-05-20 00:00:00+00:00,2026-05-20 00:00:00+00:00,1779235200000.0,0.0001
2026-05-21 00:00:00+00:00,2026-05-21 00:00:00+00:00,1779321600000.0,3.486e-05
2026-05-22 00:00:00+00:00,2026-05-22 00:00:00+00:00,1779408000000.0,0.0001
2026-05-23 00:00:00+00:00,2026-05-23 00:00:00+00:00,1779494400000.0,-4.94e-06
2026-05-24 00:00:00+00:00,2026-05-24 00:00:00+00:00,1779580800000.0,0.0001
2026-05-25 00:00:00+00:00,2026-05-25 00:00:00+00:00,1779667200000.0,2.62e-05
2026-05-26 00:00:00+00:00,2026-05-26 00:00:00+00:00,1779753600000.0,0.0001
2026-05-27 00:00:00+00:00,2026-05-27 00:00:00+00:00,1779840000000.0,7.38e-06
2026-05-28 00:00:00+00:00,2026-05-28 00:00:00+00:00,1779926400000.0,8.82e-06
2026-05-29 00:00:00+00:00,2026-05-29 00:00:00+00:00,1780012800000.0,3.236e-05
2026-05-30 00:00:00+00:00,2026-05-30 00:00:00+00:00,1780099200000.0,0.0001
2026-05-31 00:00:00+00:00,2026-05-31 00:00:00+00:00,1780185600000.0,0.0001
2026-06-01 00:00:00+00:00,2026-06-01 00:00:00+00:00,1780272000000.0,-2.714e-05
2026-06-02 00:00:00+00:00,2026-06-02 00:00:00+00:00,1780358400000.0,0.0001
2026-06-03 00:00:00+00:00,2026-06-03 00:00:00+00:00,1780444800000.0,-1.29e-06
2026-06-04 00:00:00+00:00,2026-06-04 00:00:00+00:00,1780531200000.0,-3.378e-05
2026-06-05 00:00:00+00:00,2026-06-05 00:00:00+00:00,1780617600000.0,-3.806e-05
2026-06-06 00:00:00+00:00,2026-06-06 00:00:00+00:00,1780704000000.0,-0.00013663
2026-06-07 00:00:00+00:00,2026-06-07 00:00:00+00:00,1780790400000.0,-2.799e-05
2026-06-08 00:00:00+00:00,2026-06-08 00:00:00+00:00,1780876800000.0,9.171e-05
2026-06-09 00:00:00+00:00,2026-06-09 00:00:00+00:00,1780963200000.0,6.02e-06
2026-06-10 00:00:00+00:00,2026-06-10 00:00:00+00:00,1781049600000.0,0.0001
2026-06-11 00:00:00+00:00,2026-06-11 00:00:00+00:00,1781136000000.0,-6.549e-05
2026-06-12 00:00:00+00:00,2026-06-12 00:00:00+00:00,1781222400000.0,7.781e-05
2026-06-13 00:00:00+00:00,2026-06-13 00:00:00+00:00,1781308800000.0,-5.555e-05
2026-06-14 00:00:00+00:00,2026-06-14 00:00:00+00:00,1781395200000.0,7.538e-05
2026-06-15 00:00:00+00:00,2026-06-15 00:00:00+00:00,1781481600000.0,2.924e-05
2026-06-16 00:00:00+00:00,2026-06-16 00:00:00+00:00,1781568000000.0,3.465e-05
2026-06-17 00:00:00+00:00,2026-06-17 00:00:00+00:00,1781654400000.0,5.218e-05
2026-06-18 00:00:00+00:00,2026-06-18 00:00:00+00:00,1781740800000.0,-0.00015664
2026-06-19 00:00:00+00:00,2026-06-19 00:00:00+00:00,1781827200000.0,-4.255e-05
2026-06-20 00:00:00+00:00,2026-06-20 00:00:00+00:00,1781913600000.0,-8.089e-05
2026-06-21 00:00:00+00:00,2026-06-21 00:00:00+00:00,1782000000000.0,0.0001
2026-06-22 00:00:00+00:00,2026-06-22 00:00:00+00:00,1782086400000.0,3.129e-05
2026-06-23 00:00:00+00:00,2026-06-23 00:00:00+00:00,1782172800000.0,-5.53e-05
2026-06-24 00:00:00+00:00,2026-06-24 00:00:00+00:00,1782259200000.0,8.137e-05
2026-06-25 00:00:00+00:00,2026-06-25 00:00:00+00:00,1782345600000.0,1.244e-05
2026-06-26 00:00:00+00:00,2026-06-26 00:00:00+00:00,1782432000000.0,1.679e-05
2026-06-27 00:00:00+00:00,2026-06-27 00:00:00+00:00,1782518400000.0,0.0001
2026-06-28 00:00:00+00:00,2026-06-28 00:00:00+00:00,1782604800000.0,4.3e-07
2026-06-29 00:00:00+00:00,2026-06-29 00:00:00+00:00,1782691200000.0,1.828e-05
2026-06-30 00:00:00+00:00,2026-06-30 00:00:00+00:00,1782777600000.0,0.0001
2026-07-01 00:00:00+00:00,2026-07-01 00:00:00+00:00,1782864000000.0,4.886e-05
2026-07-02 00:00:00+00:00,2026-07-02 00:00:00+00:00,1782950400000.0,3.493e-05
2026-07-03 00:00:00+00:00,2026-07-03 00:00:00+00:00,1783036800000.0,3.95e-06
2026-07-04 00:00:00+00:00,2026-07-04 00:00:00+00:00,1783123200000.0,0.0001
2026-07-05 00:00:00+00:00,2026-07-05 00:00:00+00:00,1783209600000.0,0.0001
2026-07-06 00:00:00+00:00,2026-07-06 00:00:00+00:00,1783296000000.0,4.16e-05
2026-07-07 00:00:00+00:00,2026-07-07 00:00:00+00:00,1783382400000.0,0.0001
2026-07-08 00:00:00+00:00,2026-07-08 00:00:00+00:00,1783468800000.0,9.903e-05
2026-07-09 00:00:00+00:00,2026-07-09 00:00:00+00:00,1783555200000.0,7.038e-05
2026-07-10 00:00:00+00:00,2026-07-10 00:00:00+00:00,1783641600000.0,4.622e-05
2026-07-11 00:00:00+00:00,2026-07-11 00:00:00+00:00,1783728000000.0,8.537e-05
2026-07-12 00:00:00+00:00,2026-07-12 00:00:00+00:00,1783814400000.0,-9.994e-05
2026-07-13 00:00:00+00:00,2026-07-13 00:00:00+00:00,1783900800000.0,2.688e-05
2026-07-14 00:00:00+00:00,2026-07-14 00:00:00+00:00,1783987200000.0,-0.00011871
2026-07-15 00:00:00+00:00,2026-07-15 00:00:00+00:00,1784073600000.0,1.683e-05
2026-07-16 00:00:00+00:00,2026-07-16 00:00:00+00:00,1784160000000.0,8.089e-05
2026-07-17 00:00:00+00:00,2026-07-17 00:00:00+00:00,1784246400000.0,5.156e-05
2026-07-18 00:00:00+00:00,2026-07-18 00:00:00+00:00,1784332800000.0,-0.00013464
2026-07-19 00:00:00+00:00,2026-07-19 00:00:00+00:00,1784419200000.0,0.0001
2026-07-20 00:00:00+00:00,2026-07-20 00:00:00+00:00,1784505600000.0,-0.00012086
2026-07-21 00:00:00+00:00,2026-07-21 00:00:00+00:00,1784592000000.0,0.0001
2026-07-22 00:00:00+00:00,2026-07-22 00:00:00+00:00,1784678400000.0,5.73e-06
2026-07-23 00:00:00+00:00,2026-07-23 00:00:00+00:00,1784764800000.0,0.0001
2026-07-24 00:00:00+00:00,2026-07-24 00:00:00+00:00,1784851200000.0,-7.893e-05
2026-07-25 00:00:00+00:00,2026-07-25 00:00:00+00:00,1784937600000.0,7.566e-05
2026-07-26 00:00:00+00:00,2026-07-26 00:00:00+00:00,1785024000000.0,0.0001
2026-07-27 00:00:00+00:00,2026-07-27 00:00:00+00:00,1785110400000.0,9.053e-05
2026-07-28 00:00:00+00:00,2026-07-28 00:00:00+00:00,1785196800000.0,0.0001
2026-07-29 00:00:00+00:00,2026-07-29 00:00:00+00:00,1785283200000.0,4.089e-05
2026-07-30 00:00:00+00:00,2026-07-30 00:00:00+00:00,1785369600000.0,-4.273e-05
2026-07-31 00:00:00+00:00,2026-07-31 00:00:00+00:00,1785456000000.0,2.112e-05
2026-08-01 00:00:00+00:00,2026-08-01 00:00:00+00:00,1785542400000.0,4.503e-05
2026-08-02 00:00:00+00:00,2026-08-02 00:00:00+00:00,1785628800000.0,-0.00017037
2026-08-03 00:00:00+00:00,2026-08-03 00:00:00+00:00,1785715200000.0,5.856e-05
2026-08-04 00:00:00+00:00,2026-08-04 00:00:00+00:00,1785801600000.0,9.699e-05
2026-08-05 00:00:00+00:00,2026-08-05 00:00:00+00:00,1785888000000.0,0.0001
2026-08-06 00:00:00+00:00,2026-08-06 00:00:00+00:00,1785974400000.0,-8.59e-06
2026-08-07 00:00:00+00:00,2026-08-07 00:00:00+00:00,1786060800000.0,-1.04e-05
2026-08-08 00:00:00+00:00,2026-08-08 00:00:00+00:00,1786147200000.0,2.745e-05
2026-08-09 00:00:00+00:00,2026-08-09 00:00:00+00:00,1786233600000.0,2.961e-05
2026-08-10 00:00:00+00:00,2026-08-10 00:00:00+00:00,1786320000000.0,0.0001
2026-08-11 00:00:00+00:00,2026-08-11 00:00:00+00:00,1786406400000.0,3.244e-05
2026-08-12 00:00:00+00:00,2026-08-12 00:00:00+00:00,1786492800000.0,-0.00011295
2026-08-13 00:00:00+00:00,2026-08-13 00:00:00+00:00,1786579200000.0,-4.9e-06
2026-08-14 00:00:00+00:00,2026-08-14 00:00:00+00:00,1786665600000.0,5.947e-05
2026-08-15 00:00:00+00:00,2026-08-15 00:00:00+00:00,1786752000000.0,1.202e-05
2026-08-16 00:00:00+00:00,2026-08-16 00:00:00+00:00,1786838400000.0,0.0001
2026-08-17 00:00:00+00:00,2026-08-17 00:00:00+00:00,1786924800000.0,3.533e-05
2026-08-18 00:00:00+00:00,2026-08-18 00:00:00+00:00,1787011200000.0,3.324e-05
2026-08-19 00:00:00+00:00,2026-08-19 00:00:00+00:00,1787097600000.0,4.195e-05
2026-08-20 00:00:00+00:00,2026-08-20 00:00:00+00:00,1787184000000.0,0.0001
2026-08-21 00:00:00+00:00,2026-08-21 00:00:00+00:00,1787270400000.0,0.0001
2026-08-22 00:00:00+00:00,2026-08-22 00:00:00+00:00,1787356800000.0,0.0001
2026-08-23 00:00:00+00:00,2026-08-23 00:00:00+00:00,1787443200000.0,0.0001
2026-08-24 00:00:00+00:00,2026-08-24 00:00:00+00:00,1787529600000.0,0.0001
