date,funding_rate_last,funding_rate_mean,funding_rate_sum,event_count
2021-09-15 00:00:00+00:00,0.0001,0.0001,0.0001,1
2021-09-16 00:00:00+00:00,0.00041887,0.00020629,0.00061887,3
2021-09-17 00:00:00+00:00,0.00091792,0.0008555466666666667,0.0025666400000000002,3
2021-09-18 00:00:00+00:00,0.0001,0.00024616666666666667,0.0007385,3
2021-09-19 00:00:00+00:00,0.00117126,0.0008527366666666666,0.00255821,3
2021-09-20 00:00:00+00:00,0.00014516,0.00017015,0.00051045,3
2021-09-21 00:00:00+00:00,0.0001,0.00012121,0.00036363,3
2021-09-22 00:00:00+00:00,0.0001,0.0001,0.00030000000000000003,3
2021-09-23 00:00:00+00:00,0.0001,0.0001,0.00030000000000000003,3
2021-09-24 00:00:00+00:00,0.0001,0.0001,0.00030000000000000003,3
2021-09-25 00:00:00+00:00,0.0001,0.0001,0.00030000000000000003,3
2021-09-26 00:00:00+00:00,0.0001,0.0001,0.00030000000000000003,3
2021-09-27 00:00:00+00:00,0.00010555,0.00010185000000000001,0.00030555000000000003,3
2021-09-28 00:00:00+00:00,0.0001,0.00016399,0.00049197,3
2021-09-29 00:00:00+00:00,0.0001,0.0001,0.00030000000000000003,3
2021-09-30 00:00:00+00:00,0.0001,0.0001,0.00030000000000000003,3
2021-10-01 00:00:00+00:00,0.0001,0.0001,0.00030000000000000003,3
2021-10-02 00:00:00+00:00,0.00075432,0.0005926066666666666,0.0017778199999999998,3
2021-10-03 00:00:00+00:00,0.00077493,0.0009285433333333333,0.00278563,3
2021-10-04 00:00:00+00:00,0.00033912,0.0006670033333333334,0.00200101,3
2021-10-05 00:00:00+00:00,0.00036791,0.0002459533333333333,0.0007378599999999999,3
2021-10-06 00:00:00+00:00,0.00078601,0.00080191,0.00240573,3
2021-10-07 00:00:00+00:00,0.00085447,0.0006894766666666667,0.00206843,3
2021-10-08 00:00:00+00:00,0.00072046,0.0008318433333333333,0.00249553,3
2021-10-09 00:00:00+00:00,0.0008676,0.0009191799999999999,0.0027575399999999997,3
2021-10-10 00:00:00+00:00,0.00102861,0.0007175533333333333,0.00215266,3
2021-10-11 00:00:00+00:00,0.0001,0.00063496,0.0019048799999999999,3
2021-10-12 00:00:00+00:00,0.0001097,0.00010421333333333333,0.00031264,3
2021-10-13 00:00:00+00:00,0.0001,0.00017004333333333333,0.00051013,3
2021-10-14 00:00:00+00:00,0.00070301,0.0004496233333333333,0.0013488699999999998,3
2021-10-15 00:00:00+00:00,0.00117976,0.0010960033333333333,0.00328801,3
2021-10-16 00:00:00+00:00,0.00113018,0.0012394700000000001,0.00371841,3
2021-10-17 00:00:00+00:00,0.00099673,0.0009974600000000001,0.00299238,3
2021-10-18 00:00:00+00:00,0.00042546,0.0008047533333333332,0.0024142599999999997,3
2021-10-19 00:00:00+00:00,0.00013729,0.00014454,0.00043362,3
2021-10-20 00:00:00+00:00,0.00047547,0.0003949366666666666,0.00118481,3
2021-10-21 00:00:00+00:00,0.00177156,0.0012842866666666667,0.00385286,3
2021-10-22 00:00:00+00:00,0.00105475,0.0012975566666666666,0.00389267,3
2021-10-23 00:00:00+00:00,0.0001,0.00030766,0.00092298,3
2021-10-24 00:00:00+00:00,0.00096283,0.00055493,0.00166479,3
2021-10-25 00:00:00+00:00,0.00036932,0.00058391,0.00175173,3
2021-10-26 00:00:00+00:00,0.00130778,0.0009524099999999999,0.0028572299999999997,3
2021-10-27 00:00:00+00:00,0.00108514,0.0012227766666666666,0.00366833,3
2021-10-28 00:00:00+00:00,0.0001,0.0001,0.00030000000000000003,3
2021-10-29 00:00:00+00:00,0.0001,0.0001,0.00030000000000000003,3
2021-10-30 00:00:00+00:00,0.00070297,0.00056889,0.00170667,3
2021-10-31 00:00:00+00:00,0.00071574,0.0009419633333333332,0.0028258899999999997,3
2021-11-01 00:00:00+00:00,0.00027767,0.00033324,0.00099972,3
2021-11-02 00:00:00+00:00,0.00057691,0.0005369133333333333,0.00161074,3
2021-11-03 00:00:00+00:00,0.00043041,0.0007149033333333334,0.00214471,3
2021-11-04 00:00:00+00:00,0.00035318,0.00022965,0.00068895,3
2021-11-05 00:00:00+00:00,0.00042151,0.0005319533333333333,0.00159586,3
2021-11-06 00:00:00+00:00,0.0002726,0.0004371466666666667,0.00131144,3
2021-11-07 00:00:00+00:00,0.00014313,0.0005939366666666666,0.00178181,3
2021-11-08 00:00:00+00:00,0.0001,0.0001,0.00030000000000000003,3
2021-11-09 00:00:00+00:00,0.00244474,0.0013595200000000001,0.00407856,3
2021-11-10 00:00:00+00:00,0.00058093,0.0015309866666666668,0.00459296,3
2021-11-11 00:00:00+00:00,0.0001,0.00043944,0.00131832,3
2021-11-12 00:00:00+00:00,0.0001,0.0001,0.00030000000000000003,3
2021-11-13 00:00:00+00:00,0.00036466,0.00023197,0.00069591,3
2021-11-14 00:00:00+00:00,0.0001,0.00021827333333333332,0.00065482,3
2021-11-15 00:00:00+00:00,0.0004086,0.00020286666666666667,0.0006086,3
2021-11-16 00:00:00+00:00,0.00034467,0.00041667,0.00125001,3
2021-11-17 00:00:00+00:00,0.0001,0.0001,0.00030000000000000003,3
2021-11-18 00:00:00+00:00,0.0001,-1.4810000000000007e-05,-4.443000000000002e-05,3
2021-11-19 00:00:00+00:00,0.0001,0.00014407666666666668,0.00043223000000000003,3
2021-11-20 00:00:00+00:00,-0.00014073,1.9756666666666673e-05,5.927000000000002e-05,3
2021-11-21 00:00:00+00:00,0.0001,2.1966666666666668e-05,6.59e-05,3
2021-11-22 00:00:00+00:00,0.00036875,0.00018958333333333335,0.00056875,3
2021-11-23 00:00:00+00:00,0.00030208,0.00023363,0.00070089,3
2021-11-24 00:00:00+00:00,0.00050201,0.0006589366666666666,0.00197681,3
2021-11-25 00:00:00+00:00,0.00055809,0.0005518733333333333,0.00165562,3
2021-11-26 00:00:00+00:00,0.00076167,0.00040234999999999994,0.0012070499999999999,3
2021-11-27 00:00:00+00:00,0.0001,0.0001,0.00030000000000000003,3
2021-11-28 00:00:00+00:00,-1.071e-05,5.266666666666666e-05,0.000158,3
2021-11-29 00:00:00+00:00,0.0001,0.0001,0.00030000000000000003,3
2021-11-30 00:00:00+00:00,0.0001,0.0001,0.00030000000000000003,3
2021-12-01 00:00:00+00:00,0.0001,0.0001,0.00030000000000000003,3
2021-12-02 00:00:00+00:00,0.0001,0.0001,0.00030000000000000003,3
2021-12-03 00:00:00+00:00,0.00025395,0.00034952000000000003,0.00104856,3
2021-12-04 00:00:00+00:00,-0.00027887,-2.6290000000000004e-05,-7.887000000000001e-05,3
2021-12-05 00:00:00+00:00,0.0001,-9.099999999999986e-07,-2.729999999999996e-06,3
2021-12-06 00:00:00+00:00,0.0001,0.0001,0.00030000000000000003,3
2021-12-07 00:00:00+00:00,-5.267e-05,-7.628000000000001e-05,-0.00022884,3
2021-12-08 00:00:00+00:00,0.0001,2.119666666666667e-05,6.359e-05,3
2021-12-09 00:00:00+00:00,0.0001,0.0001,0.00030000000000000003,3
2021-12-10 00:00:00+00:00,0.0001,0.0001,0.00030000000000000003,3
2021-12-11 00:00:00+00:00,0.0001,0.0001,0.00030000000000000003,3
2021-12-12 00:00:00+00:00,0.0001,0.0001,0.00030000000000000003,3
2021-12-13 00:00:00+00:00,0.0001,0.0001,0.00030000000000000003,3
2021-12-14 00:00:00+00:00,0.0001,0.0001,0.00030000000000000003,3
2021-12-15 00:00:00+00:00,-0.00015738,1.4206666666666674e-05,4.262000000000002e-05,3
2021-12-16 00:00:00+00:00,0.0001,2.2646666666666668e-05,6.794e-05,3
2021-12-17 00:00:00+00:00,4.952e-05,8.317333333333335e-05,0.00024952000000000004,3
2021-12-18 00:00:00+00:00,0.0001,0.0001,0.00030000000000000003,3
2021-12-19 00:00:00+00:00,0.0001,-5.183000000000002e-05,-0.00015549000000000004,3
2021-12-20 00:00:00+00:00,0.0001,4.0413333333333335e-05,0.00012124000000000001,3
2021-12-21 00:00:00+00:00,-0.00014151,1.9496666666666673e-05,5.849000000000002e-05,3
2021-12-22 00:00:00+00:00,-6.857e-05,-2.5106666666666668e-05,-7.532e-05,3
2021-12-23 00:00:00+00:00,-3.033e-05,5.6556666666666673e-05,0.00016967000000000002,3
2021-12-24 00:00:00+00:00,0.0001,0.0001,0.00030000000000000003,3
2021-12-25 00:00:00+00:00,0.0001,0.0001,0.00030000000000000003,3
2021-12-26 00:00:00+00:00,0.0001,0.0001,0.00030000000000000003,3
2021-12-27 00:00:00+00:00,0.00046314,0.00022104666666666667,0.00066314,3
2021-12-28 00:00:00+00:00,0.0001,0.0001,0.00030000000000000003,3
2021-12-29 00:00:00+00:00,0.0001,0.0001,0.00030000000000000003,3
2021-12-30 00:00:00+00:00,0.0001,0.0001,0.00030000000000000003,3
2021-12-31 00:00:00+00:00,0.0001,0.0001,0.00030000000000000003,3
2022-01-01 00:00:00+00:00,3.427e-05,7.809e-05,0.00023427000000000002,3
2022-01-02 00:00:00+00:00,1.552e-05,7.184e-05,0.00021552000000000002,3
2022-01-03 00:00:00+00:00,0.0001,0.0001,0.00030000000000000003,3
2022-01-04 00:00:00+00:00,0.0001,0.0001,0.00030000000000000003,3
2022-01-05 00:00:00+00:00,0.0001,0.0001,0.00030000000000000003,3
2022-01-06 00:00:00+00:00,0.0001,0.0001,0.00030000000000000003,3
2022-01-07 00:00:00+00:00,7.125e-05,3.9976666666666666e-05,0.00011993,3
2022-01-08 00:00:00+00:00,0.0001,0.0001,0.00030000000000000003,3
2022-01-09 00:00:00+00:00,-9.282e-05,3.572666666666667e-05,0.00010718000000000001,3
2022-01-10 00:00:00+00:00,0.0001,-0.00013108666666666665,-0.00039325999999999993,3
2022-01-11 00:00:00+00:00,0.0001,0.0001,0.00030000000000000003,3
2022-01-12 00:00:00+00:00,0.0001,0.0001,0.00030000000000000003,3
2022-01-13 00:00:00+00:00,0.0001,0.0001,0.00030000000000000003,3
2022-01-14 00:00:00+00:00,0.0001,0.0001,0.00030000000000000003,3
2022-01-15 00:00:00+00:00,0.0001,0.0001,0.00030000000000000003,3
2022-01-16 00:00:00+00:00,0.0001,0.0001,0.00030000000000000003,3
2022-01-17 00:00:00+00:00,0.0001,0.0001,0.00030000000000000003,3
2022-01-18 00:00:00+00:00,0.0001,0.0001,0.00030000000000000003,3
2022-01-19 00:00:00+00:00,0.0001,0.0001,0.00030000000000000003,3
2022-01-20 00:00:00+00:00,0.0001,0.0001,0.00030000000000000003,3
2022-01-21 00:00:00+00:00,0.0001,0.0001,0.00030000000000000003,3
2022-01-22 00:00:00+00:00,-0.00021365,-1.836333333333333e-05,-5.508999999999999e-05,3
2022-01-23 00:00:00+00:00,-0.00027302,-0.00024765666666666666,-0.00074297,3
2022-01-24 00:00:00+00:00,-0.0004185,-0.00032975999999999996,-0.00098928,3
2022-01-25 00:00:00+00:00,-8.969e-05,6.273333333333333e-06,1.882e-05,3
2022-01-26 00:00:00+00:00,-0.00018827,-0.00014920000000000002,-0.00044760000000000004,3
2022-01-27 00:00:00+00:00,-0.00031458,-0.00026123000000000005,-0.0007836900000000001,3
2022-01-28 00:00:00+00:00,-0.00016582,-0.0002533066666666667,-0.0007599200000000001,3
2022-01-29 00:00:00+00:00,-0.00017964,-0.00019590000000000002,-0.0005877,3
2022-01-30 00:00:00+00:00,-0.00011778,-0.00019512666666666664,-0.0005853799999999999,3
2022-01-31 00:00:00+00:00,-7.915e-05,-4.237333333333333e-05,-0.00012712,3
2022-02-01 00:00:00+00:00,3.628e-05,-1.7913333333333333e-05,-5.374e-05,3
2022-02-02 00:00:00+00:00,-0.00028444,-3.598999999999999e-05,-0.00010796999999999998,3
2022-02-03 00:00:00+00:00,0.0001,8.408666666666668e-05,0.00025226000000000003,3
2022-02-04 00:00:00+00:00,-2.337e-05,-6.944333333333334e-05,-0.00020833,3
2022-02-05 00:00:00+00:00,0.0001,5.263333333333332e-06,1.5789999999999996e-05,3
2022-02-06 00:00:00+00:00,0.0001,0.0001,0.00030000000000000003,3
2022-02-07 00:00:00+00:00,0.0001,0.0001,0.00030000000000000003,3
2022-02-08 00:00:00+00:00,-0.0003946,-6.486666666666667e-05,-0.0001946,3
2022-02-09 00:00:00+00:00,0.0001,7.53e-05,0.00022590000000000002,3
2022-02-10 00:00:00+00:00,9.946e-05,7.794e-05,0.00023382,3
2022-02-11 00:00:00+00:00,0.0001,0.0001,0.00030000000000000003,3
2022-02-12 00:00:00+00:00,0.0001,0.0001,0.00030000000000000003,3
2022-02-13 00:00:00+00:00,0.0001,0.0001,0.00030000000000000003,3
2022-02-14 00:00:00+00:00,2.955e-05,7.651666666666668e-05,0.00022955000000000002,3
2022-02-15 00:00:00+00:00,1.8e-06,5.998333333333334e-05,0.00017995,3
2022-02-16 00:00:00+00:00,-4.118e-05,-0.0001706133333333333,-0.00051184,3
2022-02-17 00:00:00+00:00,-5.178e-05,6.880000000000002e-06,2.0640000000000006e-05,3
2022-02-18 00:00:00+00:00,-1.475e-05,5.3490000000000005e-05,0.00016047000000000001,3
2022-02-19 00:00:00+00:00,7.206e-05,7.681e-05,0.00023043,3
2022-02-20 00:00:00+00:00,0.0001,9.17e-05,0.0002751,3
2022-02-21 00:00:00+00:00,-3.795e-05,-3.750000000000001e-06,-1.1250000000000002e-05,3
2022-02-22 00:00:00+00:00,-9.834e-05,-0.00013341666666666667,-0.00040025,3
2022-02-23 00:00:00+00:00,-0.00015669,-9.363666666666666e-05,-0.00028091,3
2022-02-24 00:00:00+00:00,-1.523e-05,-0.00011166333333333333,-0.00033498999999999996,3
2022-02-25 00:00:00+00:00,0.0001,9.492333333333333e-05,0.00028477,3
2022-02-26 00:00:00+00:00,0.0001,9.100333333333334e-05,0.00027301,3
2022-02-27 00:00:00+00:00,-0.00013682,-1.0943333333333336e-05,-3.283000000000001e-05,3
2022-02-28 00:00:00+00:00,-0.00024384,-0.00028794,-0.00086382,3
2022-03-01 00:00:00+00:00,0.0001,1.452666666666667e-05,4.3580000000000006e-05,3
2022-03-02 00:00:00+00:00,0.0001,0.0001,0.00030000000000000003,3
2022-03-03 00:00:00+00:00,0.0001,0.0001,0.00030000000000000003,3
2022-03-04 00:00:00+00:00,0.0001,0.0001,0.00030000000000000003,3
2022-03-05 00:00:00+00:00,-2.98e-05,5.673333333333334e-05,0.00017020000000000002,3
2022-03-06 00:00:00+00:00,-6.781e-05,8.086666666666667e-06,2.426e-05,3
2022-03-07 00:00:00+00:00,-6.171e-05,-6.324333333333332e-05,-0.00018973,3
2022-03-08 00:00:00+00:00,0.0001,2.3126666666666667e-05,6.938e-05,3
2022-03-09 00:00:00+00:00,0.0001,7.777666666666668e-05,0.00023333000000000002,3
2022-03-10 00:00:00+00:00,0.0001,0.0001,0.00030000000000000003,3
2022-03-11 00:00:00+00:00,2.198e-05,7.399333333333334e-05,0.00022198,3
2022-03-12 00:00:00+00:00,1.113e-05,6.118666666666667e-05,0.00018356,3
2022-03-13 00:00:00+00:00,9.249e-05,9.749666666666667e-05,0.00029249,3
2022-03-14 00:00:00+00:00,0.0001,8.854e-05,0.00026562,3
2022-03-15 00:00:00+00:00,0.0001,9.024e-05,0.00027072,3
2022-03-16 00:00:00+00:00,8.99e-05,8.847333333333333e-05,0.00026542,3
2022-03-17 00:00:00+00:00,0.0001,3.7453333333333336e-05,0.00011236000000000002,3
2022-03-18 00:00:00+00:00,3.193e-05,1.4240000000000004e-05,4.272000000000001e-05,3
2022-03-19 00:00:00+00:00,0.0001,1.7863333333333336e-05,5.359000000000001e-05,3
2022-03-20 00:00:00+00:00,0.0001,8.849666666666667e-05,0.00026549,3
2022-03-21 00:00:00+00:00,5.63e-06,6.854333333333335e-05,0.00020563000000000002,3
2022-03-22 00:00:00+00:00,5.877e-05,8.625666666666668e-05,0.00025877,3
2022-03-23 00:00:00+00:00,-5.84e-06,1.321666666666667e-05,3.965000000000001e-05,3
2022-03-24 00:00:00+00:00,0.0001,0.0001,0.00030000000000000003,3
2022-03-25 00:00:00+00:00,0.0001,0.0001,0.00030000000000000003,3
2022-03-26 00:00:00+00:00,0.0001,0.0001,0.00030000000000000003,3
2022-03-27 00:00:00+00:00,0.0001,9.807666666666668e-05,0.00029423000000000003,3
2022-03-28 00:00:00+00:00,0.0001,0.0001,0.00030000000000000003,3
2022-03-29 00:00:00+00:00,0.0001,0.0001,0.00030000000000000003,3
2022-03-30 00:00:00+00:00,0.0001,0.0001,0.00030000000000000003,3
2022-03-31 00:00:00+00:00,0.0001,0.00017719333333333334,0.00053158,3
2022-04-01 00:00:00+00:00,0.0001,0.00014739666666666666,0.00044219,3
2022-04-02 00:00:00+00:00,0.0001,0.0001,0.00030000000000000003,3
2022-04-03 00:00:00+00:00,0.0001,0.00011925333333333335,0.00035776000000000004,3
2022-04-04 00:00:00+00:00,0.0002029,0.00013429999999999998,0.0004029,3
2022-04-05 00:00:00+00:00,0.0001,0.0001,0.00030000000000000003,3
2022-04-06 00:00:00+00:00,0.0001,0.0001,0.00030000000000000003,3
2022-04-07 00:00:00+00:00,0.0001,0.0001,0.00030000000000000003,3
2022-04-08 00:00:00+00:00,-1.557e-05,-3.403333333333332e-06,-1.0209999999999995e-05,3
2022-04-09 00:00:00+00:00,-2.356e-05,7.223333333333335e-06,2.1670000000000004e-05,3
2022-04-10 00:00:00+00:00,4.673e-05,-5.396666666666666e-06,-1.619e-05,3
2022-04-11 00:00:00+00:00,6.902e-05,8.967333333333334e-05,0.00026902,3
2022-04-12 00:00:00+00:00,-9.589e-05,2.181e-05,6.543e-05,3
2022-04-13 00:00:00+00:00,4.401e-05,3.4819999999999995e-05,0.00010445999999999999,3
2022-04-14 00:00:00+00:00,-0.0001302,-7.831666666666667e-05,-0.00023495,3
2022-04-15 00:00:00+00:00,0.0001,7.705666666666667e-05,0.00023117,3
2022-04-16 00:00:00+00:00,-0.00010494,-3.2949999999999995e-05,-9.884999999999999e-05,3
2022-04-17 00:00:00+00:00,0.0001,0.0001,0.00030000000000000003,3
2022-04-18 00:00:00+00:00,0.0001,0.0001,0.00030000000000000003,3
2022-04-19 00:00:00+00:00,4.33e-05,6.126666666666673e-06,1.8380000000000017e-05,3
2022-04-20 00:00:00+00:00,0.0001,0.0001,0.00030000000000000003,3
2022-04-21 00:00:00+00:00,0.0001,0.0001,0.00030000000000000003,3
2022-04-22 00:00:00+00:00,8.795e-05,9.598333333333334e-05,0.00028795000000000003,3
2022-04-23 00:00:00+00:00,0.0001,0.0001,0.00030000000000000003,3
2022-04-24 00:00:00+00:00,3.321e-05,7.773666666666667e-05,0.00023321000000000003,3
2022-04-25 00:00:00+00:00,6.058e-05,5.3939999999999995e-05,0.00016182,3
2022-04-26 00:00:00+00:00,8.836e-05,-4.936666666666663e-06,-1.4809999999999989e-05,3
2022-04-27 00:00:00+00:00,3.428e-05,4.5696666666666666e-05,0.00013709,3
2022-04-28 00:00:00+00:00,2.799e-05,1.8723333333333334e-05,5.617e-05,3
2022-04-29 00:00:00+00:00,-2.56e-06,-5.000000000000023e-07,-1.5000000000000068e-06,3
2022-04-30 00:00:00+00:00,6.97e-05,-0.00018256333333333333,-0.00054769,3
2022-05-01 00:00:00+00:00,-0.00010469,-0.00022192000000000002,-0.00066576,3
2022-05-02 00:00:00+00:00,-2.209e-05,-6.347333333333333e-05,-0.00019041999999999998,3
2022-05-03 00:00:00+00:00,-1.94e-06,-6.199666666666666e-05,-0.00018599,3
2022-05-04 00:00:00+00:00,-0.00012712,-3.974666666666666e-05,-0.00011923999999999999,3
2022-05-05 00:00:00+00:00,7.34e-05,6.455666666666666e-05,0.00019367,3
2022-05-06 00:00:00+00:00,-4.624e-05,-5.351e-05,-0.00016053,3
2022-05-07 00:00:00+00:00,-0.00015588,-6.969e-05,-0.00020907,3
2022-05-08 00:00:00+00:00,0.0001,0.0001,0.00030000000000000003,3
2022-05-09 00:00:00+00:00,6.854e-05,8.951333333333333e-05,0.00026854,3
2022-05-10 00:00:00+00:00,9.948e-05,-3.4393333333333335e-05,-0.00010318000000000001,3
2022-05-11 00:00:00+00:00,-0.00035348,-0.00027476,-0.0008242799999999999,3
2022-05-12 00:00:00+00:00,-0.00063509,-0.0004810366666666667,-0.00144311,3
2022-05-13 00:00:00+00:00,0.00076931,0.00038862333333333326,0.0011658699999999998,3
2022-05-14 00:00:00+00:00,-0.0002508,-0.00012861666666666668,-0.00038585000000000003,3
2022-05-15 00:00:00+00:00,0.0001,4.364000000000001e-05,0.00013092000000000003,3
2022-05-16 00:00:00+00:00,-0.00017611,7.963333333333339e-06,2.3890000000000017e-05,3
2022-05-17 00:00:00+00:00,-2.218e-05,4.4126666666666665e-05,0.00013238,3
2022-05-18 00:00:00+00:00,1.821e-05,-9.519e-05,-0.00028557,3
2022-05-19 00:00:00+00:00,-0.00010535,-0.00023076666666666665,-0.0006923,3
2022-05-20 00:00:00+00:00,-9.989e-05,-9.002333333333332e-05,-0.00027006999999999997,3
2022-05-21 00:00:00+00:00,-0.00016988,-0.00031866666666666664,-0.0009559999999999999,3
2022-05-22 00:00:00+00:00,-8.686e-05,-0.0001793566666666667,-0.0005380700000000001,3
2022-05-23 00:00:00+00:00,-4.997e-05,-1.5833333333333333e-06,-4.75e-06,3
2022-05-24 00:00:00+00:00,-0.00034614,-0.00020506,-0.00061518,3
2022-05-25 00:00:00+00:00,-4.409e-05,-0.00031931666666666663,-0.00095795,3
2022-05-26 00:00:00+00:00,-3.12e-05,1.7526666666666666e-05,5.258e-05,3
2022-05-27 00:00:00+00:00,-0.00033856,-0.00039686,-0.0011905800000000001,3
2022-05-28 00:00:00+00:00,2.431e-05,-4.8163333333333334e-05,-0.00014449,3
2022-05-29 00:00:00+00:00,-0.0001985,-0.00014779666666666667,-0.00044339,3
2022-05-30 00:00:00+00:00,-0.00013396,-0.00013539000000000002,-0.00040617,3
2022-05-31 00:00:00+00:00,0.0001,1.5730000000000004e-05,4.7190000000000014e-05,3
2022-06-01 00:00:00+00:00,-2.66e-06,-5.1266666666666675e-05,-0.00015380000000000003,3
2022-06-02 00:00:00+00:00,0.0001,-1.8910000000000004e-05,-5.673000000000001e-05,3
2022-06-03 00:00:00+00:00,7.432e-05,8.660333333333334e-05,0.00025981,3
2022-06-04 00:00:00+00:00,6.881e-05,3.1766666666666683e-06,9.530000000000005e-06,3
2022-06-05 00:00:00+00:00,0.0001,4.986666666666667e-05,0.0001496,3
2022-06-06 00:00:00+00:00,0.0001,0.0001,0.00030000000000000003,3
2022-06-07 00:00:00+00:00,4.314e-05,8.104666666666666e-05,0.00024314,3
2022-06-08 00:00:00+00:00,0.0001,0.0001,0.00030000000000000003,3
2022-06-09 00:00:00+00:00,-0.0001157,2.8100000000000005e-05,8.430000000000002e-05,3
2022-06-10 00:00:00+00:00,7.552e-05,9.184e-05,0.00027552,3
2022-06-11 00:00:00+00:00,-4.961e-05,-0.0001360366666666667,-0.00040811000000000005,3
2022-06-12 00:00:00+00:00,-0.00066484,-0.0005977166666666666,-0.0017931499999999999,3
2022-06-13 00:00:00+00:00,-0.00097152,-0.00047725333333333334,-0.00143176,3
2022-06-14 00:00:00+00:00,-6.19e-06,-0.00022150666666666664,-0.0006645199999999999,3
2022-06-15 00:00:00+00:00,-0.00010268,-0.00036344333333333334,-0.00109033,3
2022-06-16 00:00:00+00:00,-0.00021176,-0.00014975666666666666,-0.00044927,3
2022-06-17 00:00:00+00:00,-0.00071258,-0.00036676,-0.00110028,3
2022-06-18 00:00:00+00:00,-0.00073161,-0.00039308,-0.00117924,3
2022-06-19 00:00:00+00:00,-0.00012444,-0.00023648666666666667,-0.00070946,3
2022-06-20 00:00:00+00:00,-0.00017632,-0.00019315999999999997,-0.00057948,3
2022-06-21 00:00:00+00:00,0.0001,3.4840000000000005e-05,0.00010452000000000001,3
2022-06-22 00:00:00+00:00,-3.625e-05,-0.00033163666666666665,-0.00099491,3
2022-06-23 00:00:00+00:00,-4.29e-05,7.256666666666668e-06,2.1770000000000003e-05,3
2022-06-24 00:00:00+00:00,0.0001,-0.00012033666666666668,-0.00036101000000000004,3
2022-06-25 00:00:00+00:00,9.309e-05,9.769666666666668e-05,0.00029309000000000003,3
2022-06-26 00:00:00+00:00,0.0001,8.377666666666667e-05,0.00025133,3
2022-06-27 00:00:00+00:00,5.671e-05,-1.1616666666666667e-05,-3.485e-05,3
2022-06-28 00:00:00+00:00,0.0001,4.4846666666666665e-05,0.00013454,3
2022-06-29 00:00:00+00:00,-0.00010584,3.138666666666667e-05,9.416e-05,3
2022-06-30 00:00:00+00:00,-0.00024777,-0.00021062666666666667,-0.00063188,3
2022-07-01 00:00:00+00:00,-0.00027317,-0.00034107999999999995,-0.00102324,3
2022-07-02 00:00:00+00:00,3.511e-05,-2.6406666666666662e-05,-7.921999999999999e-05,3
2022-07-03 00:00:00+00:00,-0.00017329,-8.373e-05,-0.00025119,3
2022-07-04 00:00:00+00:00,-0.00047943,-0.00036045666666666663,-0.00108137,3
2022-07-05 00:00:00+00:00,2.6e-05,-0.00018099000000000001,-0.00054297,3
2022-07-06 00:00:00+00:00,4.543e-05,-9.208000000000001e-05,-0.00027624,3
2022-07-07 00:00:00+00:00,1.922e-05,-2.887e-05,-8.661e-05,3
2022-07-08 00:00:00+00:00,-2.27e-05,3.393333333333333e-05,0.0001018,3
2022-07-09 00:00:00+00:00,-3.869e-05,3.119333333333334e-05,9.358000000000001e-05,3
2022-07-10 00:00:00+00:00,7.271e-05,7.304e-05,0.00021912,3
2022-07-11 00:00:00+00:00,3.78e-05,4.776999999999999e-05,0.00014330999999999998,3
2022-07-12 00:00:00+00:00,-9.961e-05,-2.1133333333333337e-05,-6.340000000000001e-05,3
2022-07-13 00:00:00+00:00,-0.00043926,-0.00022183666666666666,-0.00066551,3
2022-07-14 00:00:00+00:00,0.0001,-4.5783333333333326e-05,-0.00013734999999999998,3
2022-07-15 00:00:00+00:00,-4.969e-05,1.3399999999999999e-05,4.0199999999999995e-05,3
2022-07-16 00:00:00+00:00,-6.45e-06,6.396666666666667e-05,0.0001919,3
2022-07-17 00:00:00+00:00,5.1e-07,2.9850000000000004e-05,8.955000000000001e-05,3
2022-07-18 00:00:00+00:00,0.0001,7.612333333333334e-05,0.00022837,3
2022-07-19 00:00:00+00:00,0.0001,0.0001,0.00030000000000000003,3
2022-07-20 00:00:00+00:00,0.0001,0.0001,0.00030000000000000003,3
2022-07-21 00:00:00+00:00,0.0001,0.0001,0.00030000000000000003,3
2022-07-22 00:00:00+00:00,0.0001,0.0001,0.00030000000000000003,3
2022-07-23 00:00:00+00:00,6.854e-05,4.620333333333333e-05,0.00013861,3
2022-07-24 00:00:00+00:00,1.783e-05,6.792e-05,0.00020376000000000001,3
2022-07-25 00:00:00+00:00,-6.201e-05,4.5996666666666666e-05,0.00013799,3
2022-07-26 00:00:00+00:00,3.065e-05,5.5690000000000004e-05,0.00016707,3
2022-07-27 00:00:00+00:00,-0.00010586,-4.9556666666666666e-05,-0.00014867,3
2022-07-28 00:00:00+00:00,1.083e-05,-1.1213333333333332e-05,-3.3639999999999996e-05,3
2022-07-29 00:00:00+00:00,0.0001,0.0001,0.00030000000000000003,3
2022-07-30 00:00:00+00:00,0.0001,0.0001,0.00030000000000000003,3
2022-07-31 00:00:00+00:00,0.0001,0.0001,0.00030000000000000003,3
2022-08-01 00:00:00+00:00,9.976e-05,9.991999999999999e-05,0.00029976,3
2022-08-02 00:00:00+00:00,-4.496e-05,4.613666666666667e-05,0.00013841,3
2022-08-03 00:00:00+00:00,0.0001,8.554666666666668e-05,0.00025664000000000004,3
2022-08-04 00:00:00+00:00,0.0001,0.0001,0.00030000000000000003,3
2022-08-05 00:00:00+00:00,0.0001,0.0001,0.00030000000000000003,3
2022-08-06 00:00:00+00:00,0.0001,0.0001,0.00030000000000000003,3
2022-08-07 00:00:00+00:00,0.0001,0.0001,0.00030000000000000003,3
2022-08-08 00:00:00+00:00,0.0001,0.0001,0.00030000000000000003,3
2022-08-09 00:00:00+00:00,0.0001,0.0001,0.00030000000000000003,3
2022-08-10 00:00:00+00:00,0.0001,0.0001,0.00030000000000000003,3
2022-08-11 00:00:00+00:00,0.0001,0.0001,0.00030000000000000003,3
2022-08-12 00:00:00+00:00,0.0001,0.0001,0.00030000000000000003,3
2022-08-13 00:00:00+00:00,0.0001,0.0001,0.00030000000000000003,3
2022-08-14 00:00:00+00:00,0.0001,0.0001,0.00030000000000000003,3
2022-08-15 00:00:00+00:00,0.0001,0.0001,0.00030000000000000003,3
2022-08-16 00:00:00+00:00,0.0001,0.0001,0.00030000000000000003,3
2022-08-17 00:00:00+00:00,0.0001,6.319333333333334e-05,0.00018958,3
2022-08-18 00:00:00+00:00,-0.00019584,-6.192333333333333e-05,-0.00018576999999999998,3
2022-08-19 00:00:00+00:00,-0.0001773,-0.00011543333333333334,-0.0003463,3
2022-08-20 00:00:00+00:00,-0.00033464,-0.0002483066666666667,-0.00074492,3
2022-08-21 00:00:00+00:00,1.933e-05,-5.077333333333334e-05,-0.00015232,3
2022-08-22 00:00:00+00:00,7.908e-05,5.6416666666666665e-05,0.00016925,3
2022-08-23 00:00:00+00:00,-6.845e-05,-9.326666666666665e-06,-2.7979999999999993e-05,3
2022-08-24 00:00:00+00:00,5.138e-05,-2.2760000000000002e-05,-6.828e-05,3
2022-08-25 00:00:00+00:00,9.682e-05,4.125666666666666e-05,0.00012377,3
2022-08-26 00:00:00+00:00,-1.28e-05,3.9550000000000006e-05,0.00011865000000000001,3
2022-08-27 00:00:00+00:00,-0.00039782,-0.00043979,-0.00131937,3
2022-08-28 00:00:00+00:00,-0.00035597,-0.0003493433333333333,-0.00104803,3
2022-08-29 00:00:00+00:00,-0.00058331,-0.00062911,-0.00188733,3
2022-08-30 00:00:00+00:00,-0.00017914,-0.0003260366666666666,-0.00097811,3
2022-08-31 00:00:00+00:00,-0.00015328,-4.018333333333333e-05,-0.00012055,3
2022-09-01 00:00:00+00:00,0.0001,-4.368666666666667e-05,-0.00013106,3
2022-09-02 00:00:00+00:00,-0.00010543,-3.668666666666667e-05,-0.00011006,3
2022-09-03 00:00:00+00:00,-7.964e-05,-0.00020887999999999997,-0.0006266399999999999,3
2022-09-04 00:00:00+00:00,-3.57e-06,-1.6133333333333334e-05,-4.8400000000000004e-05,3
2022-09-05 00:00:00+00:00,-0.00011076,-0.0001088,-0.0003264,3
2022-09-06 00:00:00+00:00,-4.406e-05,-5.4546666666666664e-05,-0.00016364,3
2022-09-07 00:00:00+00:00,-6.455e-05,-0.00017406,-0.00052218,3
2022-09-08 00:00:00+00:00,0.0001,-1.061e-05,-3.183e-05,3
2022-09-09 00:00:00+00:00,-0.00012205,-1.7369999999999995e-05,-5.210999999999999e-05,3
2022-09-10 00:00:00+00:00,0.0001,5.3630000000000007e-05,0.00016089,3
2022-09-11 00:00:00+00:00,6.198e-05,6.538333333333333e-05,0.00019615,3
2022-09-12 00:00:00+00:00,4.97e-06,2.5173333333333335e-05,7.552000000000001e-05,3
2022-09-13 00:00:00+00:00,-0.00013302,-7.281333333333333e-05,-0.00021844,3
2022-09-14 00:00:00+00:00,-0.00017913,-0.00017899333333333336,-0.00053698,3
2022-09-15 00:00:00+00:00,-0.00012553,-0.00010701666666666667,-0.00032105,3
2022-09-16 00:00:00+00:00,-0.00020593,-0.00011962333333333334,-0.00035887,3
2022-09-17 00:00:00+00:00,-2.561e-05,-3.5193333333333334e-05,-0.00010558,3
2022-09-18 00:00:00+00:00,-8.759e-05,-0.00011243333333333333,-0.0003373,3
2022-09-19 00:00:00+00:00,-0.00033226,-0.00035441666666666667,-0.00106325,3
2022-09-20 00:00:00+00:00,-0.00034043,-0.00021170333333333334,-0.00063511,3
2022-09-21 00:00:00+00:00,-0.00025367,-0.00029275666666666667,-0.00087827,3
2022-09-22 00:00:00+00:00,4.67e-05,-0.0002632166666666667,-0.00078965,3
2022-09-23 00:00:00+00:00,-9.406e-05,-0.00021937333333333332,-0.00065812,3
2022-09-24 00:00:00+00:00,-3.67e-06,9.149999999999997e-06,2.7449999999999993e-05,3
2022-09-25 00:00:00+00:00,2.425e-05,5.572666666666667e-05,0.00016718,3
2022-09-26 00:00:00+00:00,2.24e-06,-3.3333333333333425e-07,-1.0000000000000027e-06,3
2022-09-27 00:00:00+00:00,4.1e-06,-9.831666666666668e-05,-0.00029495000000000004,3
2022-09-28 00:00:00+00:00,-0.00010638,-0.00022935999999999999,-0.00068808,3
2022-09-29 00:00:00+00:00,0.0001,-2.421333333333333e-05,-7.264e-05,3
2022-09-30 00:00:00+00:00,0.0001,0.0001,0.00030000000000000003,3
2022-10-01 00:00:00+00:00,0.0001,8.266666666666667e-05,0.000248,3
2022-10-02 00:00:00+00:00,-6.58e-05,-5.149999999999999e-06,-1.5449999999999996e-05,3
2022-10-03 00:00:00+00:00,-0.00012518,-0.00010594333333333332,-0.00031782999999999996,3
2022-10-04 00:00:00+00:00,9.65e-06,2.0773333333333333e-05,6.232e-05,3
2022-10-05 00:00:00+00:00,6.522e-05,3.0026666666666668e-05,9.008e-05,3
2022-10-06 00:00:00+00:00,6.376e-05,-2.803333333333332e-06,-8.409999999999996e-06,3
2022-10-07 00:00:00+00:00,-7.219e-05,-0.00012694333333333331,-0.00038082999999999997,3
2022-10-08 00:00:00+00:00,9.935e-05,-5.9563333333333326e-05,-0.00017868999999999998,3
2022-10-09 00:00:00+00:00,0.0001,8.653333333333334e-06,2.5960000000000002e-05,3
2022-10-10 00:00:00+00:00,0.0001,9.042666666666666e-05,0.00027128,3
2022-10-11 00:00:00+00:00,-1.447e-05,-3.0413333333333332e-05,-9.124e-05,3
2022-10-12 00:00:00+00:00,0.0001,6.188e-05,0.00018564,3
2022-10-13 00:00:00+00:00,-0.00032502,-0.00017361999999999998,-0.0005208599999999999,3
2022-10-14 00:00:00+00:00,-7.917e-05,-1.3850000000000003e-05,-4.155000000000001e-05,3
2022-10-15 00:00:00+00:00,-8.337e-05,4.736666666666667e-06,1.4210000000000001e-05,3
2022-10-16 00:00:00+00:00,0.0001,0.0001,0.00030000000000000003,3
2022-10-17 00:00:00+00:00,-9.9e-06,6.336666666666667e-05,0.0001901,3
2022-10-18 00:00:00+00:00,6.253e-05,7.852333333333333e-05,0.00023557,3
2022-10-19 00:00:00+00:00,0.0001,0.0001,0.00030000000000000003,3
2022-10-20 00:00:00+00:00,0.0001,0.0001,0.00030000000000000003,3
2022-10-21 00:00:00+00:00,-0.00011578,-0.000157,-0.000471,3
2022-10-22 00:00:00+00:00,-0.00019012,-0.00021916333333333332,-0.0006574899999999999,3
2022-10-23 00:00:00+00:00,6.612e-05,1.3096666666666666e-05,3.929e-05,3
2022-10-24 00:00:00+00:00,0.0001,6.217000000000001e-05,0.00018651000000000003,3
2022-10-25 00:00:00+00:00,0.0001,4.271e-05,0.00012813,3
2022-10-26 00:00:00+00:00,0.0001,0.0001,0.00030000000000000003,3
2022-10-27 00:00:00+00:00,0.0001,9.884666666666666e-05,0.00029654,3
2022-10-28 00:00:00+00:00,6.06e-05,8.686666666666666e-05,0.0002606,3
2022-10-29 00:00:00+00:00,0.0001,-9.399999999999966e-07,-2.81999999999999e-06,3
2022-10-30 00:00:00+00:00,0.0001,0.0001,0.00030000000000000003,3
2022-10-31 00:00:00+00:00,-3.203e-05,5.5990000000000004e-05,0.00016797,3
2022-11-01 00:00:00+00:00,7.035e-05,2.951333333333333e-05,8.853999999999999e-05,3
2022-11-02 00:00:00+00:00,4.28e-06,6.809333333333333e-05,0.00020428000000000002,3
2022-11-03 00:00:00+00:00,-0.00018993,-0.00012943,-0.00038829,3
2022-11-04 00:00:00+00:00,0.0001,7.466666666666686e-07,2.2400000000000057e-06,3
2022-11-05 00:00:00+00:00,0.0001,9.901666666666666e-05,0.00029705,3
2022-11-06 00:00:00+00:00,-4.3e-06,6.523333333333334e-05,0.0001957,3
2022-11-07 00:00:00+00:00,-0.00012265,-7.449666666666667e-05,-0.00022349000000000002,3
2022-11-08 00:00:00+00:00,-0.00041697,-0.0003810966666666666,-0.00114329,3
2022-11-09 00:00:00+00:00,-0.00110626,-0.0010481933333333334,-0.00314458,3
2022-11-10 00:00:00+00:00,-0.00021309,-0.0018219966666666667,-0.00546599,3
2022-11-11 00:00:00+00:00,0.0001,0.0001,0.00030000000000000003,3
2022-11-12 00:00:00+00:00,-0.000148,-0.00014826,-0.00044478,3
2022-11-13 00:00:00+00:00,-0.00041917,-0.0003664366666666667,-0.00109931,3
2022-11-14 00:00:00+00:00,-4.511e-05,-0.00022066333333333333,-0.00066199,3
2022-11-15 00:00:00+00:00,-0.00028878,-0.00020637666666666665,-0.00061913,3
2022-11-16 00:00:00+00:00,-0.00057649,-0.00032724000000000007,-0.0009817200000000002,3
2022-11-17 00:00:00+00:00,-0.00046679,-0.0008940066666666668,-0.0026820200000000002,3
2022-11-18 00:00:00+00:00,0.0001,7.215666666666667e-05,0.00021647000000000002,3
2022-11-19 00:00:00+00:00,-0.00024866,-9.88e-05,-0.0002964,3
2022-11-20 00:00:00+00:00,-2.368e-05,-1.8456666666666666e-05,-5.536999999999999e-05,3
2022-11-21 00:00:00+00:00,-0.00087454,-0.00055293,-0.00165879,3
2022-11-22 00:00:00+00:00,-0.00031933,-0.00038593333333333335,-0.0011578,3
2022-11-23 00:00:00+00:00,-6.163e-05,-1.9583333333333336e-05,-5.8750000000000005e-05,3
2022-11-24 00:00:00+00:00,-5.833e-05,-0.00016526666666666668,-0.0004958,3
2022-11-25 00:00:00+00:00,-2.486e-05,-9.672666666666668e-05,-0.00029018,3
2022-11-26 00:00:00+00:00,-6.014e-05,-2.7783333333333332e-05,-8.334999999999999e-05,3
2022-11-27 00:00:00+00:00,4.799e-05,-4.5286666666666675e-05,-0.00013586000000000002,3
2022-11-28 00:00:00+00:00,-0.00013452,-9.29e-05,-0.0002787,3
2022-11-29 00:00:00+00:00,0.0001,-6.226666666666663e-06,-1.867999999999999e-05,3
2022-11-30 00:00:00+00:00,0.0001,7.101e-05,0.00021303,3
2022-12-01 00:00:00+00:00,6.362e-05,-7.569333333333333e-05,-0.00022708,3
2022-12-02 00:00:00+00:00,9.815e-05,8.553333333333333e-05,0.0002566,3
2022-12-03 00:00:00+00:00,0.0001,3.696666666666667e-05,0.00011090000000000001,3
2022-12-04 00:00:00+00:00,-6.394e-05,-5.6250000000000005e-05,-0.00016875,3
2022-12-05 00:00:00+00:00,6.546e-05,4.346666666666667e-05,0.0001304,3
2022-12-06 00:00:00+00:00,5.777e-05,6.613e-05,0.00019839,3
2022-12-07 00:00:00+00:00,-9.727e-05,-1.660333333333333e-05,-4.980999999999999e-05,3
2022-12-08 00:00:00+00:00,7.18e-05,1.9129999999999998e-05,5.738999999999999e-05,3
2022-12-09 00:00:00+00:00,0.0001,6.714e-05,0.00020142,3
2022-12-10 00:00:00+00:00,0.0001,0.0001,0.00030000000000000003,3
2022-12-11 00:00:00+00:00,0.0001,0.0001,0.00030000000000000003,3
2022-12-12 00:00:00+00:00,7.852e-05,9.284e-05,0.00027852,3
2022-12-13 00:00:00+00:00,9.351e-05,9.783666666666667e-05,0.00029351000000000003,3
2022-12-14 00:00:00+00:00,0.0001,4.227000000000001e-05,0.00012681000000000001,3
2022-12-15 00:00:00+00:00,0.0001,0.0001,0.00030000000000000003,3
2022-12-16 00:00:00+00:00,2.609e-05,7.536333333333334e-05,0.00022609,3
2022-12-17 00:00:00+00:00,-0.00010795,-0.00017218666666666668,-0.00051656,3
2022-12-18 00:00:00+00:00,0.0001,-5.256666666666666e-05,-0.00015769999999999998,3
2022-12-19 00:00:00+00:00,4.721e-05,4.692e-05,0.00014076,3
2022-12-20 00:00:00+00:00,0.0001,1.6760000000000006e-05,5.028000000000001e-05,3
2022-12-21 00:00:00+00:00,0.0001,0.0001,0.00030000000000000003,3
2022-12-22 00:00:00+00:00,3.86e-05,7.953333333333333e-05,0.0002386,3
2022-12-23 00:00:00+00:00,0.0001,0.0001,0.00030000000000000003,3
2022-12-24 00:00:00+00:00,0.0001,0.0001,0.00030000000000000003,3
2022-12-25 00:00:00+00:00,0.0001,7.561e-05,0.00022683000000000002,3
2022-12-26 00:00:00+00:00,0.0001,0.0001,0.00030000000000000003,3
2022-12-27 00:00:00+00:00,0.0001,0.0001,0.00030000000000000003,3
2022-12-28 00:00:00+00:00,0.0001,0.0001,0.00030000000000000003,3
2022-12-29 00:00:00+00:00,0.0001,0.0001,0.00030000000000000003,3
2022-12-30 00:00:00+00:00,-2.855e-05,-6.388e-05,-0.00019164,3
2022-12-31 00:00:00+00:00,0.0001,5.651666666666667e-05,0.00016955,3
2023-01-01 00:00:00+00:00,0.0001,7.927333333333335e-05,0.00023782000000000002,3
2023-01-02 00:00:00+00:00,0.0001,9.788e-05,0.00029364,3
2023-01-03 00:00:00+00:00,4.21e-05,8.07e-05,0.0002421,3
2023-01-04 00:00:00+00:00,-0.00019405,-5.757e-05,-0.00017271,3
2023-01-05 00:00:00+00:00,0.0001,1.656333333333333e-05,4.9689999999999994e-05,3
2023-01-06 00:00:00+00:00,0.0001,0.0001,0.00030000000000000003,3
2023-01-07 00:00:00+00:00,0.0001,0.0001,0.00030000000000000003,3
2023-01-08 00:00:00+00:00,0.0001,0.0001,0.00030000000000000003,3
2023-01-09 00:00:00+00:00,0.0001,0.0001,0.00030000000000000003,3
2023-01-10 00:00:00+00:00,0.0001,0.0001,0.00030000000000000003,3
2023-01-11 00:00:00+00:00,6.29e-06,6.876333333333334e-05,0.00020629,3
2023-01-12 00:00:00+00:00,0.0001,-9.778e-05,-0.00029334,3
2023-01-13 00:00:00+00:00,0.0001,0.0001,0.00030000000000000003,3
2023-01-14 00:00:00+00:00,0.0001,0.00014191666666666668,0.00042575,3
2023-01-15 00:00:00+00:00,0.00028677,0.00019341333333333332,0.00058024,3
2023-01-16 00:00:00+00:00,0.0001,0.00020137666666666669,0.00060413,3
2023-01-17 00:00:00+00:00,0.0001,0.0001,0.00030000000000000003,3
2023-01-18 00:00:00+00:00,0.0001,0.0001,0.00030000000000000003,3
2023-01-19 00:00:00+00:00,0.0001,0.0001,0.00030000000000000003,3
2023-01-20 00:00:00+00:00,0.0001,0.0001,0.00030000000000000003,3
2023-01-21 00:00:00+00:00,0.0001,0.00016914,0.00050742,3
2023-01-22 00:00:00+00:00,0.00039132,0.00019710666666666667,0.00059132,3
2023-01-23 00:00:00+00:00,0.0001,0.00011779666666666666,0.00035339,3
2023-01-24 00:00:00+00:00,0.0001,0.00019772666666666668,0.00059318,3
2023-01-25 00:00:00+00:00,0.0001,0.0001,0.00030000000000000003,3
2023-01-26 00:00:00+00:00,0.0001,0.0001,0.00030000000000000003,3
2023-01-27 00:00:00+00:00,0.0001,0.0001,0.00030000000000000003,3
2023-01-28 00:00:00+00:00,0.00012275,0.00023083666666666667,0.00069251,3
2023-01-29 00:00:00+00:00,0.0001,0.00011008666666666666,0.00033025999999999997,3
2023-01-30 00:00:00+00:00,0.0001,0.0001,0.00030000000000000003,3
2023-01-31 00:00:00+00:00,0.0001,0.0001,0.00030000000000000003,3
2023-02-01 00:00:00+00:00,0.0001,0.0001,0.00030000000000000003,3
2023-02-02 00:00:00+00:00,0.00014372,0.00019662666666666665,0.00058988,3
2023-02-03 00:00:00+00:00,0.0001,0.0001,0.00030000000000000003,3
2023-02-04 00:00:00+00:00,0.0001,0.0001,0.00030000000000000003,3
2023-02-05 00:00:00+00:00,0.0001,0.0001,0.00030000000000000003,3
2023-02-06 00:00:00+00:00,0.0001,0.0001,0.00030000000000000003,3
2023-02-07 00:00:00+00:00,0.0001,0.0001,0.00030000000000000003,3
2023-02-08 00:00:00+00:00,0.0001,0.0001,0.00030000000000000003,3
2023-02-09 00:00:00+00:00,0.0001,0.0001,0.00030000000000000003,3
2023-02-10 00:00:00+00:00,0.0001,0.0001,0.00030000000000000003,3
2023-02-11 00:00:00+00:00,4.165e-05,8.055e-05,0.00024165000000000002,3
2023-02-12 00:00:00+00:00,4.376e-05,5.576e-05,0.00016728,3
2023-02-13 00:00:00+00:00,0.0001,2.2236666666666667e-05,6.671e-05,3
2023-02-14 00:00:00+00:00,0.0001,0.0001,0.00030000000000000003,3
2023-02-15 00:00:00+00:00,5.979e-05,6.195666666666667e-05,0.00018587,3
2023-02-16 00:00:00+00:00,0.0001,0.0001,0.00030000000000000003,3
2023-02-17 00:00:00+00:00,0.0001,0.0001,0.00030000000000000003,3
2023-02-18 00:00:00+00:00,0.0001,0.0001,0.00030000000000000003,3
2023-02-19 00:00:00+00:00,0.0001,0.0001,0.00030000000000000003,3
2023-02-20 00:00:00+00:00,0.0001,0.00013769666666666667,0.00041309,3
2023-02-21 00:00:00+00:00,0.0001,0.00012880000000000001,0.0003864,3
2023-02-22 00:00:00+00:00,0.0001,0.0001768933333333333,0.00053068,3
2023-02-23 00:00:00+00:00,0.0001,0.0001,0.00030000000000000003,3
2023-02-24 00:00:00+00:00,0.0001,0.0001,0.00030000000000000003,3
2023-02-25 00:00:00+00:00,0.0001,0.0001,0.00030000000000000003,3
2023-02-26 00:00:00+00:00,0.0001,9.994000000000001e-05,0.00029982,3
2023-02-27 00:00:00+00:00,0.0001,0.0001,0.00030000000000000003,3
2023-02-28 00:00:00+00:00,0.0001,0.0001,0.00030000000000000003,3
2023-03-01 00:00:00+00:00,0.0001,0.0001,0.00030000000000000003,3
2023-03-02 00:00:00+00:00,0.0001,0.0001,0.00030000000000000003,3
2023-03-03 00:00:00+00:00,0.0001,8.014666666666667e-05,0.00024044000000000002,3
2023-03-04 00:00:00+00:00,0.0001,0.0001,0.00030000000000000003,3
2023-03-05 00:00:00+00:00,0.0001,0.0001,0.00030000000000000003,3
2023-03-06 00:00:00+00:00,0.0001,8.293000000000001e-05,0.00024879000000000004,3
2023-03-07 00:00:00+00:00,0.0001,0.0001,0.00030000000000000003,3
2023-03-08 00:00:00+00:00,0.0001,0.0001,0.00030000000000000003,3
2023-03-09 00:00:00+00:00,0.0001,0.0001,0.00030000000000000003,3
2023-03-10 00:00:00+00:00,-5.587e-05,-0.00018051333333333333,-0.00054154,3
2023-03-11 00:00:00+00:00,2.15e-06,6.738333333333334e-05,0.00020215,3
2023-03-12 00:00:00+00:00,0.0001,0.0001,0.00030000000000000003,3
2023-03-13 00:00:00+00:00,0.0001,0.0001,0.00030000000000000003,3
2023-03-14 00:00:00+00:00,0.0001,0.0001,0.00030000000000000003,3
2023-03-15 00:00:00+00:00,0.0001,0.00014245666666666667,0.00042737000000000005,3
2023-03-16 00:00:00+00:00,0.0001,0.0001,0.00030000000000000003,3
2023-03-17 00:00:00+00:00,0.0001,0.0001,0.00030000000000000003,3
2023-03-18 00:00:00+00:00,0.0001,0.0001,0.00030000000000000003,3
2023-03-19 00:00:00+00:00,0.0001,0.0001,0.00030000000000000003,3
2023-03-20 00:00:00+00:00,0.0001,0.0001,0.00030000000000000003,3
2023-03-21 00:00:00+00:00,0.0001,0.0001,0.00030000000000000003,3
2023-03-22 00:00:00+00:00,0.0001,0.0001,0.00030000000000000003,3
2023-03-23 00:00:00+00:00,0.0001,0.0001,0.00030000000000000003,3
2023-03-24 00:00:00+00:00,0.0001,0.0001,0.00030000000000000003,3
2023-03-25 00:00:00+00:00,0.0001,0.0001,0.00030000000000000003,3
2023-03-26 00:00:00+00:00,0.0001,0.0001,0.00030000000000000003,3
2023-03-27 00:00:00+00:00,4.769e-05,7.707e-05,0.00023121,3
2023-03-28 00:00:00+00:00,0.0001,0.0001,0.00030000000000000003,3
2023-03-29 00:00:00+00:00,0.0001,0.0001,0.00030000000000000003,3
2023-03-30 00:00:00+00:00,0.0001,0.0001,0.00030000000000000003,3
2023-03-31 00:00:00+00:00,0.0001,0.0001,0.00030000000000000003,3
2023-04-01 00:00:00+00:00,0.0001,0.0001,0.00030000000000000003,3
2023-04-02 00:00:00+00:00,0.0001,0.0001,0.00030000000000000003,3
2023-04-03 00:00:00+00:00,0.0001,9.295333333333334e-05,0.00027886,3
2023-04-04 00:00:00+00:00,0.0001,0.0001,0.00030000000000000003,3
2023-04-05 00:00:00+00:00,0.0001,0.0001,0.00030000000000000003,3
2023-04-06 00:00:00+00:00,0.0001,0.0001,0.00030000000000000003,3
2023-04-07 00:00:00+00:00,0.0001,0.0001,0.00030000000000000003,3
2023-04-08 00:00:00+00:00,3.011e-05,7.670333333333333e-05,0.00023011,3
2023-04-09 00:00:00+00:00,3.611e-05,7.354666666666667e-05,0.00022064,3
2023-04-10 00:00:00+00:00,0.0001,6.595666666666667e-05,0.00019787,3
2023-04-11 00:00:00+00:00,0.0001,0.0001,0.00030000000000000003,3
2023-04-12 00:00:00+00:00,0.0001,0.0001,0.00030000000000000003,3
2023-04-13 00:00:00+00:00,0.0001,0.0001,0.00030000000000000003,3
2023-04-14 00:00:00+00:00,0.0001,0.0001,0.00030000000000000003,3
2023-04-15 00:00:00+00:00,0.0001,0.0001,0.00030000000000000003,3
2023-04-16 00:00:00+00:00,0.0001,0.0001,0.00030000000000000003,3
2023-04-17 00:00:00+00:00,0.00011174,0.00019985,0.00059955,3
2023-04-18 00:00:00+00:00,0.00021889,0.00020349333333333336,0.00061048,3
2023-04-19 00:00:00+00:00,0.0001,0.0001,0.00030000000000000003,3
2023-04-20 00:00:00+00:00,0.0001,0.0001,0.00030000000000000003,3
2023-04-21 00:00:00+00:00,0.0001,0.0001,0.00030000000000000003,3
2023-04-22 00:00:00+00:00,0.0001,0.0001,0.00030000000000000003,3
2023-04-23 00:00:00+00:00,0.0001,0.0001,0.00030000000000000003,3
2023-04-24 00:00:00+00:00,5.208e-05,8.402666666666667e-05,0.00025208,3
2023-04-25 00:00:00+00:00,0.0001,0.0001,0.00030000000000000003,3
2023-04-26 00:00:00+00:00,0.0001,0.0001,0.00030000000000000003,3
2023-04-27 00:00:00+00:00,0.0001,7.16666666666666e-07,2.149999999999998e-06,3
2023-04-28 00:00:00+00:00,3.178e-05,7.726e-05,0.00023178,3
2023-04-29 00:00:00+00:00,0.0001,0.0001,0.00030000000000000003,3
2023-04-30 00:00:00+00:00,3.361e-05,7.787e-05,0.00023361,3
2023-05-01 00:00:00+00:00,9.437e-05,8.810333333333334e-05,0.00026431,3
2023-05-02 00:00:00+00:00,-2.25e-05,5.343e-05,0.00016029,3
2023-05-03 00:00:00+00:00,8.109e-05,7.719333333333334e-05,0.00023158,3
2023-05-04 00:00:00+00:00,0.0001,7.544666666666666e-05,0.00022634,3
2023-05-05 00:00:00+00:00,0.0001,0.0001,0.00030000000000000003,3
2023-05-06 00:00:00+00:00,6.641e-05,7.574666666666667e-05,0.00022724,3
2023-05-07 00:00:00+00:00,0.0001,1.0076666666666671e-05,3.0230000000000014e-05,3
2023-05-08 00:00:00+00:00,-0.000102,-1.5439999999999998e-05,-4.631999999999999e-05,3
2023-05-09 00:00:00+00:00,-2.644e-05,-8.251333333333335e-05,-0.00024754000000000003,3
2023-05-10 00:00:00+00:00,-6.685e-05,-7.363333333333334e-06,-2.209e-05,3
2023-05-11 00:00:00+00:00,0.0001,7.746666666666667e-05,0.0002324,3
2023-05-12 00:00:00+00:00,5.558e-05,-2.693333333333334e-05,-8.080000000000001e-05,3
2023-05-13 00:00:00+00:00,0.0001,6.506333333333333e-05,0.00019519,3
2023-05-14 00:00:00+00:00,2.194e-05,7.322666666666667e-05,0.00021968,3
2023-05-15 00:00:00+00:00,9.37e-05,5.824333333333333e-05,0.00017473,3
2023-05-16 00:00:00+00:00,-9.73e-06,6.342333333333334e-05,0.00019027,3
2023-05-17 00:00:00+00:00,9.569e-05,6.871666666666667e-05,0.00020615,3
2023-05-18 00:00:00+00:00,0.0001,9.707e-05,0.00029121,3
2023-05-19 00:00:00+00:00,0.0001,1.7986666666666665e-05,5.396e-05,3
2023-05-20 00:00:00+00:00,-7.216e-05,1.7666666666666689e-06,5.300000000000007e-06,3
2023-05-21 00:00:00+00:00,1.489e-05,6.0723333333333335e-05,0.00018217,3
2023-05-22 00:00:00+00:00,7.779e-05,1.3943333333333333e-05,4.183e-05,3
2023-05-23 00:00:00+00:00,0.0001,0.0001,0.00030000000000000003,3
2023-05-24 00:00:00+00:00,0.0001,0.0001,0.00030000000000000003,3
2023-05-25 00:00:00+00:00,5.943e-05,5.785333333333334e-05,0.00017356,3
2023-05-26 00:00:00+00:00,0.0001,0.0001,0.00030000000000000003,3
2023-05-27 00:00:00+00:00,0.0001,0.0001,0.00030000000000000003,3
2023-05-28 00:00:00+00:00,0.0001,0.0001,0.00030000000000000003,3
2023-05-29 00:00:00+00:00,0.0001,0.0001,0.00030000000000000003,3
2023-05-30 00:00:00+00:00,0.0001,0.0001,0.00030000000000000003,3
2023-05-31 00:00:00+00:00,0.0001,0.0001,0.00030000000000000003,3
2023-06-01 00:00:00+00:00,0.0001,0.0001,0.00030000000000000003,3
2023-06-02 00:00:00+00:00,0.0001,0.0001,0.00030000000000000003,3
2023-06-03 00:00:00+00:00,0.0001,0.0001,0.00030000000000000003,3
2023-06-04 00:00:00+00:00,0.0001,0.0001,0.00030000000000000003,3
2023-06-05 00:00:00+00:00,0.0001,0.0001,0.00030000000000000003,3
2023-06-06 00:00:00+00:00,0.0001,6.265666666666667e-05,0.00018797,3
2023-06-07 00:00:00+00:00,0.0001,0.0001,0.00030000000000000003,3
2023-06-08 00:00:00+00:00,0.0001,0.0001,0.00030000000000000003,3
2023-06-09 00:00:00+00:00,0.0001,0.0001,0.00030000000000000003,3
2023-06-10 00:00:00+00:00,-0.00068797,-0.0004145866666666667,-0.00124376,3
2023-06-11 00:00:00+00:00,-0.00031374,-0.00035701333333333337,-0.00107104,3
2023-06-12 00:00:00+00:00,-3.113e-05,-0.00016258,-0.00048774,3
2023-06-13 00:00:00+00:00,2.812e-05,1.4789999999999999e-05,4.437e-05,3
2023-06-14 00:00:00+00:00,0.0001,3.5856666666666665e-05,0.00010757,3
2023-06-15 00:00:00+00:00,7.051e-05,1.2876666666666665e-05,3.8629999999999994e-05,3
2023-06-16 00:00:00+00:00,0.0001,-1.39333333333333e-06,-4.1799999999999905e-06,3
2023-06-17 00:00:00+00:00,0.0001,7.929666666666668e-05,0.00023789000000000001,3
2023-06-18 00:00:00+00:00,-0.00017397,-3.6150000000000005e-05,-0.00010845000000000001,3
2023-06-19 00:00:00+00:00,1.064e-05,-0.00012528333333333333,-0.00037585,3
2023-06-20 00:00:00+00:00,-3.383e-05,-1.4386666666666667e-05,-4.316e-05,3
2023-06-21 00:00:00+00:00,0.0001,0.0001,0.00030000000000000003,3
2023-06-22 00:00:00+00:00,0.0001,0.0001,0.00030000000000000003,3
2023-06-23 00:00:00+00:00,0.0001,0.0001,0.00030000000000000003,3
2023-06-24 00:00:00+00:00,0.0001,0.0001,0.00030000000000000003,3
2023-06-25 00:00:00+00:00,0.0001,9.927666666666667e-05,0.00029783,3
2023-06-26 00:00:00+00:00,0.0001,0.0001,0.00030000000000000003,3
2023-06-27 00:00:00+00:00,0.0001,0.0001,0.00030000000000000003,3
2023-06-28 00:00:00+00:00,0.0001,0.0001,0.00030000000000000003,3
2023-06-29 00:00:00+00:00,-4.337e-05,3.038e-05,9.114e-05,3
2023-06-30 00:00:00+00:00,0.0001,8.955333333333334e-05,0.00026866,3
2023-07-01 00:00:00+00:00,0.0001,0.0001,0.00030000000000000003,3
2023-07-02 00:00:00+00:00,0.0001,0.0001,0.00030000000000000003,3
2023-07-03 00:00:00+00:00,0.0001,0.0001,0.00030000000000000003,3
2023-07-04 00:00:00+00:00,0.0001,0.0001,0.00030000000000000003,3
2023-07-05 00:00:00+00:00,0.0001,0.0001,0.00030000000000000003,3
2023-07-06 00:00:00+00:00,-1.572e-05,-1.1453333333333334e-05,-3.436e-05,3
2023-07-07 00:00:00+00:00,5.75e-05,1.8413333333333332e-05,5.524e-05,3
2023-07-08 00:00:00+00:00,8.25e-05,6.603333333333333e-05,0.0001981,3
2023-07-09 00:00:00+00:00,5.085e-05,1.1456666666666667e-05,3.437e-05,3
2023-07-10 00:00:00+00:00,0.0001,9.645e-05,0.00028935,3
2023-07-11 00:00:00+00:00,0.0001,4.017666666666667e-05,0.00012053000000000001,3
2023-07-12 00:00:00+00:00,0.0001,0.0001,0.00030000000000000003,3
2023-07-13 00:00:00+00:00,0.0001,0.0001,0.00030000000000000003,3
2023-07-14 00:00:00+00:00,0.0001,0.0001,0.00030000000000000003,3
2023-07-15 00:00:00+00:00,0.0001,0.0001,0.00030000000000000003,3
2023-07-16 00:00:00+00:00,0.0001,0.0001,0.00030000000000000003,3
2023-07-17 00:00:00+00:00,0.0001,8.623666666666666e-05,0.00025871,3
2023-07-18 00:00:00+00:00,0.0001,0.0001,0.00030000000000000003,3
2023-07-19 00:00:00+00:00,0.0001,0.0001,0.00030000000000000003,3
2023-07-20 00:00:00+00:00,0.0001,0.0001,0.00030000000000000003,3
2023-07-21 00:00:00+00:00,0.0001,0.0001,0.00030000000000000003,3
2023-07-22 00:00:00+00:00,3.298e-05,7.766e-05,0.00023298,3
2023-07-23 00:00:00+00:00,7.914e-05,5.756666666666667e-05,0.00017270000000000002,3
2023-07-24 00:00:00+00:00,0.0001,0.0001,0.00030000000000000003,3
2023-07-25 00:00:00+00:00,8.028e-05,9.342666666666666e-05,0.00028028,3
2023-07-26 00:00:00+00:00,0.0001,8.593000000000001e-05,0.00025779000000000004,3
2023-07-27 00:00:00+00:00,0.0001,9.052666666666666e-05,0.00027158,3
2023-07-28 00:00:00+00:00,9.583e-05,4.805e-05,0.00014415,3
2023-07-29 00:00:00+00:00,0.0001,0.0001,0.00030000000000000003,3
2023-07-30 00:00:00+00:00,0.0001,9.851666666666667e-05,0.00029555,3
2023-07-31 00:00:00+00:00,0.0001,0.0001,0.00030000000000000003,3
2023-08-01 00:00:00+00:00,0.0001,1.0466666666666668e-05,3.1400000000000004e-05,3
2023-08-02 00:00:00+00:00,0.0001,8.656666666666668e-05,0.0002597,3
2023-08-03 00:00:00+00:00,0.0001,7.781e-05,0.00023343000000000002,3
2023-08-04 00:00:00+00:00,0.0001,2.9496666666666668e-05,8.849e-05,3
2023-08-05 00:00:00+00:00,0.0001,7.221e-05,0.00021663,3
2023-08-06 00:00:00+00:00,0.0001,0.0001,0.00030000000000000003,3
2023-08-07 00:00:00+00:00,0.0001,0.0001,0.00030000000000000003,3
2023-08-08 00:00:00+00:00,0.0001,0.0001,0.00030000000000000003,3
2023-08-09 00:00:00+00:00,0.0001,0.0001,0.00030000000000000003,3
2023-08-10 00:00:00+00:00,1.091e-05,7.030333333333333e-05,0.00021091,3
2023-08-11 00:00:00+00:00,7.318e-05,5.216666666666667e-05,0.0001565,3
2023-08-12 00:00:00+00:00,0.0001,4.958333333333334e-05,0.00014875,3
2023-08-13 00:00:00+00:00,5.176e-05,7.720333333333333e-05,0.00023161000000000001,3
2023-08-14 00:00:00+00:00,0.0001,0.0001,0.00030000000000000003,3
2023-08-15 00:00:00+00:00,0.0001,0.0001,0.00030000000000000003,3
2023-08-16 00:00:00+00:00,0.0001,3.7636666666666665e-05,0.00011291,3
2023-08-17 00:00:00+00:00,0.0001,8.057000000000001e-05,0.00024171000000000002,3
2023-08-18 00:00:00+00:00,-0.00011324,-0.0003371266666666667,-0.00101138,3
2023-08-19 00:00:00+00:00,-3.013e-05,1.890666666666667e-05,5.672000000000001e-05,3
2023-08-20 00:00:00+00:00,-0.00011569,-0.00011795666666666666,-0.00035387,3
2023-08-21 00:00:00+00:00,-3.445e-05,3.1870000000000005e-05,9.561000000000001e-05,3
2023-08-22 00:00:00+00:00,-0.00017386,-9.359666666666667e-05,-0.00028079,3
2023-08-23 00:00:00+00:00,-0.00023853,-0.00025657,-0.0007697100000000001,3
2023-08-24 00:00:00+00:00,-0.00010879,-4.222666666666667e-05,-0.00012668,3
2023-08-25 00:00:00+00:00,-0.00021206,-0.00017173,-0.00051519,3
2023-08-26 00:00:00+00:00,-9e-07,-3.518666666666666e-05,-0.00010555999999999999,3
2023-08-27 00:00:00+00:00,0.0001,4.451e-05,0.00013353,3
2023-08-28 00:00:00+00:00,1.649e-05,2.8700000000000003e-05,8.61e-05,3
2023-08-29 00:00:00+00:00,4.947e-05,5.1e-05,0.000153,3
2023-08-30 00:00:00+00:00,5.521e-05,5.511333333333334e-05,0.00016534,3
2023-08-31 00:00:00+00:00,3.746e-05,7.915333333333333e-05,0.00023746,3
2023-09-01 00:00:00+00:00,-4.286e-05,-8.607333333333332e-05,-0.00025822,3
2023-09-02 00:00:00+00:00,-0.00016159,-9.849333333333333e-05,-0.00029548,3
2023-09-03 00:00:00+00:00,-1.926e-05,-4.877666666666667e-05,-0.00014633000000000002,3
2023-09-04 00:00:00+00:00,-1.444e-05,2.2733333333333335e-05,6.82e-05,3
2023-09-05 00:00:00+00:00,0.0001,-2.5816666666666663e-05,-7.744999999999999e-05,3
2023-09-06 00:00:00+00:00,0.0001,0.0001,0.00030000000000000003,3
2023-09-07 00:00:00+00:00,-4.4e-06,-1.8673333333333333e-05,-5.602e-05,3
2023-09-08 00:00:00+00:00,0.0001,4.1926666666666666e-05,0.00012578,3
2023-09-09 00:00:00+00:00,-0.00015009,-5.948e-05,-0.00017844,3
2023-09-10 00:00:00+00:00,-0.00033576,-0.00029359666666666667,-0.00088079,3
2023-09-11 00:00:00+00:00,-3.884e-05,-0.00013984666666666667,-0.00041954000000000004,3
2023-09-12 00:00:00+00:00,0.0001,0.0001,0.00030000000000000003,3
2023-09-13 00:00:00+00:00,-1.647e-05,5.5900000000000004e-05,0.0001677,3
2023-09-14 00:00:00+00:00,2.676e-05,4.335666666666667e-05,0.00013007,3
2023-09-15 00:00:00+00:00,7.875e-05,8.256333333333334e-05,0.00024769,3
2023-09-16 00:00:00+00:00,0.0001,4.001333333333334e-05,0.00012004000000000001,3
2023-09-17 00:00:00+00:00,-2.7e-06,6.576666666666666e-05,0.0001973,3
2023-09-18 00:00:00+00:00,0.0001,2.161666666666667e-05,6.485e-05,3
2023-09-19 00:00:00+00:00,0.0001,3.249666666666667e-05,9.749e-05,3
2023-09-20 00:00:00+00:00,5.504e-05,8.501333333333333e-05,0.00025504,3
2023-09-21 00:00:00+00:00,-7.81e-05,4.0633333333333336e-05,0.00012190000000000001,3
2023-09-22 00:00:00+00:00,0.0001,3.369333333333334e-05,0.00010108000000000001,3
2023-09-23 00:00:00+00:00,0.0001,7.869000000000001e-05,0.00023607,3
2023-09-24 00:00:00+00:00,0.0001,0.0001,0.00030000000000000003,3
2023-09-25 00:00:00+00:00,8.017e-05,8.127333333333334e-05,0.00024382,3
2023-09-26 00:00:00+00:00,9.979e-05,9.689666666666667e-05,0.00029069,3
2023-09-27 00:00:00+00:00,0.0001,0.0001,0.00030000000000000003,3
2023-09-28 00:00:00+00:00,8.741e-05,6.926333333333334e-05,0.00020779000000000001,3
2023-09-29 00:00:00+00:00,-1.986e-05,2.548333333333333e-05,7.644999999999999e-05,3
2023-09-30 00:00:00+00:00,6.037e-05,3.760333333333333e-05,0.00011281,3
2023-10-01 00:00:00+00:00,0.0001,0.0001,0.00030000000000000003,3
2023-10-02 00:00:00+00:00,-1.54e-06,6.615333333333334e-05,0.00019846000000000002,3
2023-10-03 00:00:00+00:00,0.0001,3.362666666666667e-05,0.00010088000000000001,3
2023-10-04 00:00:00+00:00,0.0001,8.221e-05,0.00024663,3
2023-10-05 00:00:00+00:00,-3.634e-05,3.4093333333333334e-05,0.00010228,3
2023-10-06 00:00:00+00:00,5e-06,5.2633333333333335e-06,1.579e-05,3
2023-10-07 00:00:00+00:00,4.792e-05,2.487666666666667e-05,7.463000000000001e-05,3
2023-10-08 00:00:00+00:00,0.0001,0.0001,0.00030000000000000003,3
2023-10-09 00:00:00+00:00,3.363e-05,-1.473333333333334e-06,-4.420000000000002e-06,3
2023-10-10 00:00:00+00:00,9.578e-05,3.696666666666666e-05,0.00011089999999999999,3
2023-10-11 00:00:00+00:00,2.592e-05,6.135666666666667e-05,0.00018407,3
2023-10-12 00:00:00+00:00,0.0001,0.0001,0.00030000000000000003,3
2023-10-13 00:00:00+00:00,1.32e-06,2.8713333333333332e-05,8.614e-05,3
2023-10-14 00:00:00+00:00,0.0001,8.638000000000001e-05,0.00025914000000000004,3
2023-10-15 00:00:00+00:00,0.0001,0.0001,0.00030000000000000003,3
2023-10-16 00:00:00+00:00,0.0001,0.0001,0.00030000000000000003,3
2023-10-17 00:00:00+00:00,4.253e-05,8.084333333333335e-05,0.00024253000000000002,3
2023-10-18 00:00:00+00:00,4.786e-05,5.903e-05,0.00017709,3
2023-10-19 00:00:00+00:00,-5.398e-05,-3.424333333333333e-05,-0.00010272999999999999,3
2023-10-20 00:00:00+00:00,-2.469e-05,3.3986666666666664e-05,0.00010195999999999999,3
2023-10-21 00:00:00+00:00,5.101e-05,5.348e-05,0.00016044,3
2023-10-22 00:00:00+00:00,-1.199e-05,6.267000000000001e-05,0.00018801,3
2023-10-23 00:00:00+00:00,0.0001,0.0001,0.00030000000000000003,3
2023-10-24 00:00:00+00:00,0.0001,0.0001,0.00030000000000000003,3
2023-10-25 00:00:00+00:00,0.0001,0.0001,0.00030000000000000003,3
2023-10-26 00:00:00+00:00,0.0001,0.0001,0.00030000000000000003,3
2023-10-27 00:00:00+00:00,0.0001,0.0001,0.00030000000000000003,3
2023-10-28 00:00:00+00:00,0.0001,0.0001,0.00030000000000000003,3
2023-10-29 00:00:00+00:00,0.0001,0.0001,0.00030000000000000003,3
2023-10-30 00:00:00+00:00,0.0001,0.0001,0.00030000000000000003,3
2023-10-31 00:00:00+00:00,0.0001,0.00012723,0.00038169,3
2023-11-01 00:00:00+00:00,0.0001,0.0001,0.00030000000000000003,3
2023-11-02 00:00:00+00:00,0.0001,0.00015728,0.00047184,3
2023-11-03 00:00:00+00:00,0.0001,0.0001,0.00030000000000000003,3
2023-11-04 00:00:00+00:00,0.0001,0.0001,0.00030000000000000003,3
2023-11-05 00:00:00+00:00,0.00011973,0.00017208333333333333,0.00051625,3
2023-11-06 00:00:00+00:00,0.00027115,0.00015705000000000002,0.00047115000000000004,3
2023-11-07 00:00:00+00:00,0.0001,0.0001700833333333333,0.00051025,3
2023-11-08 00:00:00+00:00,0.00017904,0.00017392999999999998,0.00052179,3
2023-11-09 00:00:00+00:00,0.00031548,0.00023400666666666668,0.00070202,3
2023-11-10 00:00:00+00:00,0.00022746,0.00020607999999999998,0.0006182399999999999,3
2023-11-11 00:00:00+00:00,0.00046694,0.00039561,0.00118683,3
2023-11-12 00:00:00+00:00,0.00035275,0.00033125999999999994,0.0009937799999999999,3
2023-11-13 00:00:00+00:00,0.00049038,0.0005349399999999999,0.0016048199999999999,3
2023-11-14 00:00:00+00:00,0.00012403,0.00019021333333333335,0.0005706400000000001,3
2023-11-15 00:00:00+00:00,0.00029708,0.00016569333333333333,0.00049708,3
2023-11-16 00:00:00+00:00,0.00046229,0.00033267666666666665,0.00099803,3
2023-11-17 00:00:00+00:00,0.0001,0.00010114,0.00030342,3
2023-11-18 00:00:00+00:00,0.0001,0.0001,0.00030000000000000003,3
2023-11-19 00:00:00+00:00,0.0001,0.0001,0.00030000000000000003,3
2023-11-20 00:00:00+00:00,0.0001,0.0001,0.00030000000000000003,3
2023-11-21 00:00:00+00:00,0.0001,0.0001,0.00030000000000000003,3
2023-11-22 00:00:00+00:00,0.0001,0.0001,0.00030000000000000003,3
2023-11-23 00:00:00+00:00,0.0001,0.0001,0.00030000000000000003,3
2023-11-24 00:00:00+00:00,0.0001,0.0001,0.00030000000000000003,3
2023-11-25 00:00:00+00:00,0.0001,0.0001,0.00030000000000000003,3
2023-11-26 00:00:00+00:00,0.0001,0.00010708666666666668,0.00032126,3
2023-11-27 00:00:00+00:00,0.0001,0.0001,0.00030000000000000003,3
2023-11-28 00:00:00+00:00,0.0001,0.0001,0.00030000000000000003,3
2023-11-29 00:00:00+00:00,0.0001,0.0001,0.00030000000000000003,3
2023-11-30 00:00:00+00:00,0.0001,0.0001,0.00030000000000000003,3
2023-12-01 00:00:00+00:00,0.0001,0.0001,0.00030000000000000003,3
2023-12-02 00:00:00+00:00,0.0001,0.00015692666666666666,0.00047077999999999996,3
2023-12-03 00:00:00+00:00,0.0001,0.00018743666666666667,0.00056231,3
2023-12-04 00:00:00+00:00,0.0001,0.00016201333333333332,0.00048604,3
2023-12-05 00:00:00+00:00,0.0001,0.00018297,0.00054891,3
2023-12-06 00:00:00+00:00,0.00022022,0.00036322333333333335,0.00108967,3
2023-12-07 00:00:00+00:00,0.00023388,0.00023462666666666668,0.00070388,3
2023-12-08 00:00:00+00:00,0.00046024,0.0004535266666666667,0.0013605800000000001,3
2023-12-09 00:00:00+00:00,0.00040431,0.00053351,0.00160053,3
2023-12-10 00:00:00+00:00,0.0001366,0.00028858000000000003,0.00086574,3
2023-12-11 00:00:00+00:00,0.00019268,0.0002847566666666667,0.0008542700000000001,3
2023-12-12 00:00:00+00:00,0.00032676,0.0002907633333333333,0.00087229,3
2023-12-13 00:00:00+00:00,0.0001,0.00012771333333333335,0.00038314,3
2023-12-14 00:00:00+00:00,0.0001,0.00014835333333333334,0.00044506,3
2023-12-15 00:00:00+00:00,0.0005531,0.00038005,0.00114015,3
2023-12-16 00:00:00+00:00,0.00024775,0.0002891,0.0008673,3
2023-12-17 00:00:00+00:00,0.0001,0.0001,0.00030000000000000003,3
2023-12-18 00:00:00+00:00,0.0001,0.00010414,0.00031242,3
2023-12-19 00:00:00+00:00,0.0001,0.0001,0.00030000000000000003,3
2023-12-20 00:00:00+00:00,0.00026174,0.00015391333333333334,0.00046174,3
2023-12-21 00:00:00+00:00,0.00028231,0.000251,0.000753,3
2023-12-22 00:00:00+00:00,0.00038642,0.00047974333333333335,0.0014392300000000001,3
2023-12-23 00:00:00+00:00,0.00037395,0.00022534333333333332,0.00067603,3
2023-12-24 00:00:00+00:00,0.000449,0.00057947,0.00173841,3
2023-12-25 00:00:00+00:00,0.00050788,0.00047939333333333337,0.00143818,3
2023-12-26 00:00:00+00:00,0.00047716,0.0005946533333333334,0.00178396,3
2023-12-27 00:00:00+00:00,0.00057396,0.00030552666666666667,0.00091658,3
2023-12-28 00:00:00+00:00,0.00103897,0.0008384866666666666,0.0025154599999999997,3
2023-12-29 00:00:00+00:00,0.00076418,0.0006806066666666667,0.00204182,3
2023-12-30 00:00:00+00:00,0.00032402,0.00046165666666666665,0.00138497,3
2023-12-31 00:00:00+00:00,0.0006709,0.00051535,0.00154605,3
2024-01-01 00:00:00+00:00,0.00083155,0.0005744666666666667,0.0017234,3
2024-01-02 00:00:00+00:00,0.00068277,0.0007423133333333334,0.00222694,3
2024-01-03 00:00:00+00:00,0.0001,0.00038058,0.00114174,3
2024-01-04 00:00:00+00:00,0.0001,0.0001,0.00030000000000000003,3
2024-01-05 00:00:00+00:00,0.0001,0.0001,0.00030000000000000003,3
2024-01-06 00:00:00+00:00,0.0001,0.0001,0.00030000000000000003,3
2024-01-07 00:00:00+00:00,0.0001,0.0001,0.00030000000000000003,3
2024-01-08 00:00:00+00:00,0.0001,0.0001,0.00030000000000000003,3
2024-01-09 00:00:00+00:00,0.0001,0.0001,0.00030000000000000003,3
2024-01-10 00:00:00+00:00,0.0001,0.0001,0.00030000000000000003,3
2024-01-11 00:00:00+00:00,0.0001,0.0001,0.00030000000000000003,3
2024-01-12 00:00:00+00:00,0.0001,0.0001,0.00030000000000000003,3
2024-01-13 00:00:00+00:00,0.0001,0.0001,0.00030000000000000003,3
2024-01-14 00:00:00+00:00,0.0001,0.0001,0.00030000000000000003,3
2024-01-15 00:00:00+00:00,0.0001,0.0001,0.00030000000000000003,3
2024-01-16 00:00:00+00:00,0.0001,0.0001,0.00030000000000000003,3
2024-01-17 00:00:00+00:00,0.0001,0.0001,0.00030000000000000003,3
2024-01-18 00:00:00+00:00,0.0001,0.0001,0.00030000000000000003,3
2024-01-19 00:00:00+00:00,0.0001,0.0001,0.00030000000000000003,3
2024-01-20 00:00:00+00:00,0.0001,0.0001,0.00030000000000000003,3
2024-01-21 00:00:00+00:00,0.0001,0.0001,0.00030000000000000003,3
2024-01-22 00:00:00+00:00,0.0001,0.0001,0.00030000000000000003,3
2024-01-23 00:00:00+00:00,5.148e-05,8.382666666666666e-05,0.00025148,3
2024-01-24 00:00:00+00:00,0.0001,0.0001,0.00030000000000000003,3
2024-01-25 00:00:00+00:00,0.0001,0.0001,0.00030000000000000003,3
2024-01-26 00:00:00+00:00,0.0001,0.0001,0.00030000000000000003,3
2024-01-27 00:00:00+00:00,0.0001,0.0001,0.00030000000000000003,3
2024-01-28 00:00:00+00:00,0.0001,0.0001,0.00030000000000000003,3
2024-01-29 00:00:00+00:00,0.0001,6.608e-05,0.00019824000000000003,3
2024-01-30 00:00:00+00:00,0.0001,0.0001,0.00030000000000000003,3
2024-01-31 00:00:00+00:00,0.0001,0.0001,0.00030000000000000003,3
2024-02-01 00:00:00+00:00,0.0001,0.0001,0.00030000000000000003,3
2024-02-02 00:00:00+00:00,0.0001,0.0001,0.00030000000000000003,3
2024-02-03 00:00:00+00:00,0.0001,0.0001,0.00030000000000000003,3
2024-02-04 00:00:00+00:00,0.0001,0.0001,0.00030000000000000003,3
2024-02-05 00:00:00+00:00,0.0001,9.734000000000001e-05,0.00029202000000000004,3
2024-02-06 00:00:00+00:00,0.0001,9.416666666666666e-05,0.0002825,3
2024-02-07 00:00:00+00:00,0.0001,0.0001,0.00030000000000000003,3
2024-02-08 00:00:00+00:00,0.0001,0.0001,0.00030000000000000003,3
2024-02-09 00:00:00+00:00,0.0001,0.0001,0.00030000000000000003,3
2024-02-10 00:00:00+00:00,0.0001,0.0001,0.00030000000000000003,3
2024-02-11 00:00:00+00:00,0.0001,0.0001,0.00030000000000000003,3
2024-02-12 00:00:00+00:00,0.0001,0.0001,0.00030000000000000003,3
2024-02-13 00:00:00+00:00,0.00017222,0.00013376,0.00040127999999999995,3
2024-02-14 00:00:00+00:00,0.00031486,0.00017162000000000001,0.00051486,3
2024-02-15 00:00:00+00:00,0.00039923,0.00042696666666666667,0.0012809,3
2024-02-16 00:00:00+00:00,0.0001,0.00012770666666666667,0.00038312,3
2024-02-17 00:00:00+00:00,0.0001,0.00014504,0.00043512,3
2024-02-18 00:00:00+00:00,0.00012917,0.00011463666666666667,0.00034391,3
2024-02-19 00:00:00+00:00,0.00026635,0.00022318333333333333,0.00066955,3
2024-02-20 00:00:00+00:00,0.0002331,0.0003374466666666667,0.00101234,3
2024-02-21 00:00:00+00:00,0.0001,0.0001,0.00030000000000000003,3
2024-02-22 00:00:00+00:00,0.0001,0.00012281333333333334,0.00036844,3
2024-02-23 00:00:00+00:00,0.00013995,0.00014749666666666667,0.00044249,3
2024-02-24 00:00:00+00:00,0.00017556,0.00024296,0.00072888,3
2024-02-25 00:00:00+00:00,0.00028232,0.0002747033333333334,0.0008241100000000001,3
2024-02-26 00:00:00+00:00,0.00038596,0.00041491000000000005,0.00124473,3
2024-02-27 00:00:00+00:00,0.00028784,0.00044512333333333333,0.00133537,3
2024-02-28 00:00:00+00:00,0.0005177,0.00042021333333333333,0.00126064,3
2024-02-29 00:00:00+00:00,0.00092757,0.0007830733333333333,0.00234922,3
2024-03-01 00:00:00+00:00,0.00050867,0.0005657066666666667,0.0016971199999999999,3
2024-03-02 00:00:00+00:00,0.00080543,0.0008534066666666668,0.00256022,3
2024-03-03 00:00:00+00:00,0.00052527,0.0007128266666666666,0.00213848,3
2024-03-04 00:00:00+00:00,0.0008299,0.0007550133333333333,0.00226504,3
2024-03-05 00:00:00+00:00,0.00140524,0.0010777933333333334,0.00323338,3
2024-03-06 00:00:00+00:00,0.00035969,0.0002159633333333333,0.0006478899999999999,3
2024-03-07 00:00:00+00:00,0.00064897,0.0005272866666666667,0.00158186,3
2024-03-08 00:00:00+00:00,0.00072104,0.0005758066666666666,0.00172742,3
2024-03-09 00:00:00+00:00,0.00062923,0.00060051,0.00180153,3
2024-03-10 00:00:00+00:00,0.00026313,0.0006581633333333333,0.0019744899999999998,3
2024-03-11 00:00:00+00:00,0.000697,0.0004653566666666667,0.0013960700000000001,3
2024-03-12 00:00:00+00:00,0.00065015,0.00069405,0.00208215,3
2024-03-13 00:00:00+00:00,0.0005468,0.0006005899999999999,0.0018017699999999998,3
2024-03-14 00:00:00+00:00,0.00073803,0.00061014,0.00183042,3
2024-03-15 00:00:00+00:00,0.0002723,0.00037498666666666665,0.00112496,3
2024-03-16 00:00:00+00:00,0.0001,0.00015754333333333333,0.00047263,3
2024-03-17 00:00:00+00:00,0.0001,0.0001,0.00030000000000000003,3
2024-03-18 00:00:00+00:00,0.00014964,0.00015848666666666667,0.00047546000000000003,3
2024-03-19 00:00:00+00:00,0.0001,0.0001,0.00030000000000000003,3
2024-03-20 00:00:00+00:00,0.0001,0.0001,0.00030000000000000003,3
2024-03-21 00:00:00+00:00,0.0001,0.0001,0.00030000000000000003,3
2024-03-22 00:00:00+00:00,0.0001,0.0001,0.00030000000000000003,3
2024-03-23 00:00:00+00:00,0.0001,0.0001,0.00030000000000000003,3
2024-03-24 00:00:00+00:00,0.0001,0.0001,0.00030000000000000003,3
2024-03-25 00:00:00+00:00,0.00010357,0.00012639666666666667,0.00037919,3
2024-03-26 00:00:00+00:00,0.0004061,0.00033143,0.00099429,3
2024-03-27 00:00:00+00:00,0.00048915,0.00042180666666666674,0.0012654200000000002,3
2024-03-28 00:00:00+00:00,0.00058614,0.00046353333333333334,0.0013906,3
2024-03-29 00:00:00+00:00,0.00052582,0.0005376533333333334,0.00161296,3
2024-03-30 00:00:00+00:00,0.00066519,0.0005945,0.0017835,3
2024-03-31 00:00:00+00:00,0.00067013,0.0005723600000000001,0.0017170800000000002,3
2024-04-01 00:00:00+00:00,0.00028544,0.0006460899999999999,0.0019382699999999998,3
2024-04-02 00:00:00+00:00,0.0001,0.00018184666666666666,0.00054554,3
2024-04-03 00:00:00+00:00,0.0001,0.00013246666666666667,0.0003974,3
2024-04-04 00:00:00+00:00,0.0001,0.00011066666666666667,0.000332,3
2024-04-05 00:00:00+00:00,0.0001,0.0001,0.00030000000000000003,3
2024-04-06 00:00:00+00:00,0.0001,0.00013809333333333334,0.00041428,3
2024-04-07 00:00:00+00:00,0.0001,0.0001,0.00030000000000000003,3
2024-04-08 00:00:00+00:00,0.00021333,0.00015559333333333333,0.00046677999999999997,3
2024-04-09 00:00:00+00:00,0.00021506,0.0002496733333333333,0.00074902,3
2024-04-10 00:00:00+00:00,0.00013061,0.0001835,0.0005505,3
2024-04-11 00:00:00+00:00,0.0001,0.00015154666666666668,0.00045464,3
2024-04-12 00:00:00+00:00,0.0001,0.00016830333333333334,0.00050491,3
2024-04-13 00:00:00+00:00,9.489e-05,9.829666666666668e-05,0.00029489,3
2024-04-14 00:00:00+00:00,8.501e-05,-1.2560000000000002e-05,-3.7680000000000005e-05,3
2024-04-15 00:00:00+00:00,-5.395e-05,-7.678333333333333e-05,-0.00023035,3
2024-04-16 00:00:00+00:00,7.102e-05,-1.1616666666666668e-05,-3.485000000000001e-05,3
2024-04-17 00:00:00+00:00,2.512e-05,1.6313333333333335e-05,4.894e-05,3
2024-04-18 00:00:00+00:00,-2.181e-05,1.8463333333333337e-05,5.539000000000001e-05,3
2024-04-19 00:00:00+00:00,0.0001,6.695333333333333e-05,0.00020086,3
2024-04-20 00:00:00+00:00,-2.702e-05,2.3866666666666674e-06,7.160000000000003e-06,3
2024-04-21 00:00:00+00:00,-5.406e-05,2.1423333333333335e-05,6.427e-05,3
2024-04-22 00:00:00+00:00,8.201e-05,7.817666666666666e-05,0.00023453,3
2024-04-23 00:00:00+00:00,0.0001,5.230666666666667e-05,0.00015692,3
2024-04-24 00:00:00+00:00,0.0001,9.806666666666666e-05,0.0002942,3
2024-04-25 00:00:00+00:00,4.902e-05,3.150333333333333e-05,9.450999999999999e-05,3
2024-04-26 00:00:00+00:00,6.822e-05,-1.4156666666666668e-05,-4.2470000000000005e-05,3
2024-04-27 00:00:00+00:00,3.912e-05,6.719333333333334e-05,0.00020158,3
2024-04-28 00:00:00+00:00,0.0001,6.330333333333333e-05,0.00018991,3
2024-04-29 00:00:00+00:00,6.959e-05,8.986333333333334e-05,0.00026959,3
2024-04-30 00:00:00+00:00,5.595e-05,8.531666666666668e-05,0.00025595,3
2024-05-01 00:00:00+00:00,7.77e-06,-1.0796666666666664e-05,-3.238999999999999e-05,3
2024-05-02 00:00:00+00:00,0.0001,5.827333333333334e-05,0.00017482,3
2024-05-03 00:00:00+00:00,2.164e-05,6.981999999999999e-05,0.00020946,3
2024-05-04 00:00:00+00:00,0.0001,0.0001,0.00030000000000000003,3
2024-05-05 00:00:00+00:00,4.19e-06,6.806333333333334e-05,0.00020419,3
2024-05-06 00:00:00+00:00,0.0001,4.867000000000001e-05,0.00014601000000000002,3
2024-05-07 00:00:00+00:00,7.531e-05,7.646999999999999e-05,0.00022941,3
2024-05-08 00:00:00+00:00,0.0001,0.0001,0.00030000000000000003,3
2024-05-09 00:00:00+00:00,0.0001,6.459666666666667e-05,0.00019379,3
2024-05-10 00:00:00+00:00,0.0001,0.0001,0.00030000000000000003,3
2024-05-11 00:00:00+00:00,-5.751e-05,6.463333333333334e-06,1.9390000000000002e-05,3
2024-05-12 00:00:00+00:00,4.303e-05,3.7120000000000004e-05,0.00011136,3
2024-05-13 00:00:00+00:00,0.0001,7.427e-05,0.00022281000000000002,3
2024-05-14 00:00:00+00:00,0.0001,6.045666666666667e-05,0.00018137,3
2024-05-15 00:00:00+00:00,5.553e-05,1.1463333333333331e-05,3.4389999999999994e-05,3
2024-05-16 00:00:00+00:00,0.0001,0.0001,0.00030000000000000003,3
2024-05-17 00:00:00+00:00,0.0001,0.0001,0.00030000000000000003,3
2024-05-18 00:00:00+00:00,0.0001,0.0001,0.00030000000000000003,3
2024-05-19 00:00:00+00:00,0.0001,0.0001,0.00030000000000000003,3
2024-05-20 00:00:00+00:00,0.0001,8.736666666666667e-05,0.00026210000000000003,3
2024-05-21 00:00:00+00:00,0.0001,0.0001,0.00030000000000000003,3
2024-05-22 00:00:00+00:00,0.00011859,0.00013132333333333332,0.00039397,3
2024-05-23 00:00:00+00:00,0.0001,0.0001,0.00030000000000000003,3
2024-05-24 00:00:00+00:00,0.0001,0.0001,0.00030000000000000003,3
2024-05-25 00:00:00+00:00,0.0001,0.0001,0.00030000000000000003,3
2024-05-26 00:00:00+00:00,0.0001,0.0001,0.00030000000000000003,3
2024-05-27 00:00:00+00:00,0.0001,0.0001,0.00030000000000000003,3
2024-05-28 00:00:00+00:00,0.0001,0.0001,0.00030000000000000003,3
2024-05-29 00:00:00+00:00,0.00012958,0.00012215999999999998,0.00036648,3
2024-05-30 00:00:00+00:00,0.0001,0.0001,0.00030000000000000003,3
2024-05-31 00:00:00+00:00,0.0001,0.0001,0.00030000000000000003,3
2024-06-01 00:00:00+00:00,0.0001,0.0001,0.00030000000000000003,3
2024-06-02 00:00:00+00:00,0.00011799,0.00011265,0.00033795,3
2024-06-03 00:00:00+00:00,0.00018133,0.00012711000000000002,0.00038133000000000004,3
2024-06-04 00:00:00+00:00,0.00011304,0.00010991666666666668,0.00032975,3
2024-06-05 00:00:00+00:00,0.00014174,0.00011391333333333333,0.00034174,3
2024-06-06 00:00:00+00:00,0.00015186,0.00011728666666666667,0.00035186,3
2024-06-07 00:00:00+00:00,0.00020822,0.00013607333333333336,0.00040822000000000005,3
2024-06-08 00:00:00+00:00,0.0001,0.0001,0.00030000000000000003,3
2024-06-09 00:00:00+00:00,0.0001,0.0001,0.00030000000000000003,3
2024-06-10 00:00:00+00:00,0.0001,0.0001,0.00030000000000000003,3
2024-06-11 00:00:00+00:00,0.0001,0.0001,0.00030000000000000003,3
2024-06-12 00:00:00+00:00,0.0001,0.0001,0.00030000000000000003,3
2024-06-13 00:00:00+00:00,5.607e-05,5.954333333333333e-05,0.00017863,3
2024-06-14 00:00:00+00:00,0.0001,3.138e-05,9.414e-05,3
2024-06-15 00:00:00+00:00,3.139e-05,-4.8366666666666666e-05,-0.0001451,3
2024-06-16 00:00:00+00:00,0.0001,6.294666666666667e-05,0.00018884000000000001,3
2024-06-17 00:00:00+00:00,3.697e-05,7.271e-05,0.00021813,3
2024-06-18 00:00:00+00:00,4.497e-05,2.607333333333333e-05,7.821999999999999e-05,3
2024-06-19 00:00:00+00:00,-8.464e-05,-1.689e-05,-5.067e-05,3
2024-06-20 00:00:00+00:00,0.0001,5.057e-05,0.00015171,3
2024-06-21 00:00:00+00:00,0.0001,5.7629999999999995e-05,0.00017288999999999998,3
2024-06-22 00:00:00+00:00,0.0001,0.0001,0.00030000000000000003,3
2024-06-23 00:00:00+00:00,-0.00013737,1.4683333333333337e-05,4.4050000000000014e-05,3
2024-06-24 00:00:00+00:00,1.766e-05,2.415666666666667e-05,7.247e-05,3
2024-06-25 00:00:00+00:00,-8.252e-05,-0.00011136666666666666,-0.0003341,3
2024-06-26 00:00:00+00:00,6.495e-05,5.453333333333335e-06,1.6360000000000006e-05,3
2024-06-27 00:00:00+00:00,9.387e-05,1.5126666666666664e-05,4.537999999999999e-05,3
2024-06-28 00:00:00+00:00,0.0001,0.0001,0.00030000000000000003,3
2024-06-29 00:00:00+00:00,-7.14e-06,6.428666666666667e-05,0.00019286000000000002,3
2024-06-30 00:00:00+00:00,0.0001,0.0001,0.00030000000000000003,3
2024-07-01 00:00:00+00:00,2.686e-05,7.562e-05,0.00022686,3
2024-07-02 00:00:00+00:00,0.0001,0.0001,0.00030000000000000003,3
2024-07-03 00:00:00+00:00,9.009e-05,9.669666666666667e-05,0.00029009,3
2024-07-04 00:00:00+00:00,-6.488e-05,-9.103333333333333e-06,-2.731e-05,3
2024-07-05 00:00:00+00:00,-4.137e-05,-0.00011043,-0.00033129,3
2024-07-06 00:00:00+00:00,-5.77e-06,2.1233333333333343e-06,6.3700000000000025e-06,3
2024-07-07 00:00:00+00:00,-5.619e-05,-3.4233333333333337e-06,-1.0270000000000002e-05,3
2024-07-08 00:00:00+00:00,7.172e-05,1.9450000000000002e-05,5.835e-05,3
2024-07-09 00:00:00+00:00,-0.00011723,7.376666666666669e-06,2.2130000000000007e-05,3
2024-07-10 00:00:00+00:00,0.0001,8.049e-05,0.00024147,3
2024-07-11 00:00:00+00:00,8.98e-06,6.602666666666666e-05,0.00019808,3
2024-07-12 00:00:00+00:00,5.365e-05,-9.960666666666666e-05,-0.00029882,3
2024-07-13 00:00:00+00:00,6.595e-05,8.865000000000001e-05,0.00026595000000000004,3
2024-07-14 00:00:00+00:00,7.628e-05,4.159666666666667e-05,0.00012479,3
2024-07-15 00:00:00+00:00,-4.735e-05,5.0883333333333335e-05,0.00015265,3
2024-07-16 00:00:00+00:00,5.463e-05,5.8926666666666666e-05,0.00017678,3
2024-07-17 00:00:00+00:00,0.0001,5.936666666666666e-05,0.0001781,3
2024-07-18 00:00:00+00:00,6.44e-06,4.218333333333334e-05,0.00012655,3
2024-07-19 00:00:00+00:00,4.231e-05,1.9336666666666667e-05,5.801e-05,3
2024-07-20 00:00:00+00:00,4.559e-05,8.186333333333333e-05,0.00024559,3
2024-07-21 00:00:00+00:00,0.0001,0.0001,0.00030000000000000003,3
2024-07-22 00:00:00+00:00,9.644e-05,9.881333333333334e-05,0.00029644000000000003,3
2024-07-23 00:00:00+00:00,-9.529e-05,-2.6833333333333336e-05,-8.05e-05,3
2024-07-24 00:00:00+00:00,0.0001,1.2833333333333328e-06,3.849999999999999e-06,3
2024-07-25 00:00:00+00:00,-0.00022786,-0.00012844,-0.00038532000000000003,3
2024-07-26 00:00:00+00:00,3.495e-05,-3.57e-05,-0.0001071,3
2024-07-27 00:00:00+00:00,6.155e-05,3.872666666666667e-05,0.00011618,3
2024-07-28 00:00:00+00:00,-0.00020998,-0.00011674,-0.00035022,3
2024-07-29 00:00:00+00:00,-2.42e-06,-5.544666666666667e-05,-0.00016634,3
2024-07-30 00:00:00+00:00,-0.00010428,-0.0002862533333333333,-0.00085876,3
2024-07-31 00:00:00+00:00,3.951e-05,3.0423333333333337e-05,9.127000000000001e-05,3
2024-08-01 00:00:00+00:00,-0.00014599,-0.00011395333333333335,-0.00034186000000000004,3
2024-08-02 00:00:00+00:00,-0.00014043,-0.00012692666666666667,-0.00038078,3
2024-08-03 00:00:00+00:00,-2.408e-05,-6.665666666666666e-05,-0.00019997,3
2024-08-04 00:00:00+00:00,-0.00025323,-0.00025939666666666665,-0.00077819,3
2024-08-05 00:00:00+00:00,-0.00024096,-0.00030496,-0.00091488,3
2024-08-06 00:00:00+00:00,-0.00025296,-0.00025466000000000003,-0.00076398,3
2024-08-07 00:00:00+00:00,-0.0002249,-0.00023587333333333332,-0.00070762,3
2024-08-08 00:00:00+00:00,-9.709e-05,-4.622666666666666e-05,-0.00013868,3
2024-08-09 00:00:00+00:00,-0.00027474,-0.00019788333333333334,-0.00059365,3
2024-08-10 00:00:00+00:00,-0.00053455,-0.0003253433333333333,-0.0009760299999999999,3
2024-08-11 00:00:00+00:00,-0.00036656,-0.00023261333333333335,-0.00069784,3
2024-08-12 00:00:00+00:00,-0.00014396,-0.00028409,-0.00085227,3
2024-08-13 00:00:00+00:00,-0.00022062,-0.00027742,-0.00083226,3
2024-08-14 00:00:00+00:00,-0.00024396,-0.00011370333333333333,-0.00034111,3
2024-08-15 00:00:00+00:00,-3.576e-05,-5.619000000000001e-05,-0.00016857000000000002,3
2024-08-16 00:00:00+00:00,-0.00029391,-0.00035402333333333334,-0.00106207,3
2024-08-17 00:00:00+00:00,6.038e-05,4.261666666666666e-05,0.00012785,3
2024-08-18 00:00:00+00:00,6.249e-05,1.4313333333333336e-05,4.2940000000000006e-05,3
2024-08-19 00:00:00+00:00,-0.00016669,-7.237e-05,-0.00021710999999999999,3
2024-08-20 00:00:00+00:00,-0.00012088,-0.00015395,-0.00046185,3
2024-08-21 00:00:00+00:00,-7.495e-05,-5.856666666666667e-05,-0.00017570000000000002,3
2024-08-22 00:00:00+00:00,-1.609e-05,-7.349999999999999e-06,-2.2049999999999997e-05,3
2024-08-23 00:00:00+00:00,-0.00011634,-0.00011225,-0.00033675,3
2024-08-24 00:00:00+00:00,0.0001,-3.2513333333333326e-05,-9.753999999999998e-05,3
2024-08-25 00:00:00+00:00,-3.345e-05,5.551666666666667e-05,0.00016655,3
2024-08-26 00:00:00+00:00,-6.633e-05,-5.707666666666667e-05,-0.00017123,3
2024-08-27 00:00:00+00:00,0.0001,3.798666666666667e-05,0.00011396,3
2024-08-28 00:00:00+00:00,-5.09e-05,-3.09e-05,-9.27e-05,3
2024-08-29 00:00:00+00:00,-0.00015007,-4.935e-05,-0.00014805,3
2024-08-30 00:00:00+00:00,-0.00012409,-7.394333333333334e-05,-0.00022183,3
2024-08-31 00:00:00+00:00,-0.00013299,-7.625e-05,-0.00022875,3
2024-09-01 00:00:00+00:00,-0.00014012,-0.00015768333333333334,-0.00047305000000000003,3
2024-09-02 00:00:00+00:00,-0.00031073,-0.00032773333333333335,-0.0009832,3
2024-09-03 00:00:00+00:00,-0.00016855,-0.00014477666666666667,-0.00043433,3
2024-09-04 00:00:00+00:00,-0.00012145,-0.00025271,-0.00075813,3
2024-09-05 00:00:00+00:00,-0.00024634,-0.00023563666666666667,-0.00070691,3
2024-09-06 00:00:00+00:00,-8.053e-05,-0.00012137999999999999,-0.00036414,3
2024-09-07 00:00:00+00:00,-4.626e-05,-0.00011146666666666666,-0.0003344,3
2024-09-08 00:00:00+00:00,4.161e-05,1.3496666666666667e-05,4.049e-05,3
2024-09-09 00:00:00+00:00,-4.305e-05,2.211333333333333e-05,6.633999999999999e-05,3
2024-09-10 00:00:00+00:00,-3.248e-05,-9.54e-05,-0.0002862,3
2024-09-11 00:00:00+00:00,-0.00012429,-4.2669999999999996e-05,-0.00012801,3
2024-09-12 00:00:00+00:00,-7.077e-05,-0.0001326,-0.0003978,3
2024-09-13 00:00:00+00:00,0.0001,8.725666666666667e-05,0.00026177000000000004,3
2024-09-14 00:00:00+00:00,0.0001,0.0001,0.00030000000000000003,3
2024-09-15 00:00:00+00:00,5.386e-05,7.365333333333334e-05,0.00022096000000000003,3
2024-09-16 00:00:00+00:00,9.229e-05,3.647e-05,0.00010941,3
2024-09-17 00:00:00+00:00,0.0001,2.9373333333333336e-05,8.812e-05,3
2024-09-18 00:00:00+00:00,-0.00017228,-4.560666666666667e-05,-0.00013682,3
2024-09-19 00:00:00+00:00,7.167e-05,9.055666666666667e-05,0.00027167,3
2024-09-20 00:00:00+00:00,7.97e-05,5.8410000000000005e-05,0.00017523000000000001,3
2024-09-21 00:00:00+00:00,-3.295e-05,-0.00010571666666666666,-0.00031715,3
2024-09-22 00:00:00+00:00,-2.526e-05,-8.121666666666666e-05,-0.00024364999999999999,3
2024-09-23 00:00:00+00:00,3.044e-05,-4.575e-05,-0.00013725,3
2024-09-24 00:00:00+00:00,-2.05e-06,3.847e-05,0.00011541000000000001,3
2024-09-25 00:00:00+00:00,7.443e-05,3.9620000000000004e-05,0.00011886000000000001,3
2024-09-26 00:00:00+00:00,0.0001,1.699e-05,5.097000000000001e-05,3
2024-09-27 00:00:00+00:00,0.0001,0.0001,0.00030000000000000003,3
2024-09-28 00:00:00+00:00,0.0001,0.0001,0.00030000000000000003,3
2024-09-29 00:00:00+00:00,8.1e-07,-5.9629999999999997e-05,-0.00017889,3
2024-09-30 00:00:00+00:00,0.0001,8.681e-05,0.00026043,3
2024-10-01 00:00:00+00:00,0.0001,9.388333333333334e-05,0.00028165000000000004,3
2024-10-02 00:00:00+00:00,-6.575e-05,-1.369e-05,-4.107e-05,3
2024-10-03 00:00:00+00:00,-0.00021007,-8.574666666666667e-05,-0.00025724,3
2024-10-04 00:00:00+00:00,-0.00034163,-0.0002722166666666667,-0.00081665,3
2024-10-05 00:00:00+00:00,-5.704e-05,6.609999999999999e-06,1.9829999999999998e-05,3
2024-10-06 00:00:00+00:00,7.216e-05,4.940666666666667e-05,0.00014822000000000001,3
2024-10-07 00:00:00+00:00,-7.121e-05,4.896666666666666e-06,1.4689999999999997e-05,3
2024-10-08 00:00:00+00:00,-0.00011105,-4.347666666666667e-05,-0.00013043,3
2024-10-09 00:00:00+00:00,-7.862e-05,-8.444000000000001e-05,-0.00025332,3
2024-10-10 00:00:00+00:00,-7.041e-05,-1.974e-05,-5.922e-05,3
2024-10-11 00:00:00+00:00,7.083e-05,-1.1800000000000002e-05,-3.540000000000001e-05,3
2024-10-12 00:00:00+00:00,0.0001,0.0001,0.00030000000000000003,3
2024-10-13 00:00:00+00:00,0.0001,0.0001,0.00030000000000000003,3
2024-10-14 00:00:00+00:00,-6.722e-05,4.051666666666667e-05,0.00012155000000000001,3
2024-10-15 00:00:00+00:00,-5e-05,1.831e-05,5.493e-05,3
2024-10-16 00:00:00+00:00,9.499e-05,-2.4943333333333332e-05,-7.483e-05,3
2024-10-17 00:00:00+00:00,3.85e-05,5.807333333333333e-05,0.00017422,3
2024-10-18 00:00:00+00:00,1.662e-05,2.337666666666667e-05,7.013000000000001e-05,3
2024-10-19 00:00:00+00:00,0.0001,0.0001,0.00030000000000000003,3
2024-10-20 00:00:00+00:00,0.0001,0.0001,0.00030000000000000003,3
2024-10-21 00:00:00+00:00,0.0001,0.0001,0.00030000000000000003,3
2024-10-22 00:00:00+00:00,4.109e-05,2.6383333333333332e-05,7.915e-05,3
2024-10-23 00:00:00+00:00,-9.955e-05,2.217666666666667e-05,6.653000000000002e-05,3
2024-10-24 00:00:00+00:00,0.0001,8.561333333333334e-05,0.00025684000000000004,3
2024-10-25 00:00:00+00:00,2.802e-05,2.5713333333333337e-05,7.714000000000001e-05,3
2024-10-26 00:00:00+00:00,-2.384e-05,-9.786e-05,-0.00029358,3
2024-10-27 00:00:00+00:00,-1.221e-05,-8.593666666666668e-05,-0.00025781,3
2024-10-28 00:00:00+00:00,-4.764e-05,-3.2886666666666665e-05,-9.866e-05,3
2024-10-29 00:00:00+00:00,0.0001,9.518666666666667e-05,0.00028556,3
2024-10-30 00:00:00+00:00,0.0001,0.0001,0.00030000000000000003,3
2024-10-31 00:00:00+00:00,-0.00017322,-4.6423333333333326e-05,-0.00013926999999999999,3
2024-11-01 00:00:00+00:00,-4.661e-05,-7.882333333333333e-05,-0.00023647000000000002,3
2024-11-02 00:00:00+00:00,-0.00024254,-2.515666666666666e-05,-7.546999999999998e-05,3
2024-11-03 00:00:00+00:00,-0.00011432,-0.00020639333333333332,-0.00061918,3
2024-11-04 00:00:00+00:00,-2.945e-05,-0.00013038,-0.00039114,3
2024-11-05 00:00:00+00:00,1.522e-05,1.3503333333333332e-05,4.051e-05,3
2024-11-06 00:00:00+00:00,0.0001,6.646e-05,0.00019938,3
2024-11-07 00:00:00+00:00,0.0001,0.0001,0.00030000000000000003,3
2024-11-08 00:00:00+00:00,0.0001,0.0001,0.00030000000000000003,3
2024-11-09 00:00:00+00:00,0.0001,0.0001,0.00030000000000000003,3
2024-11-10 00:00:00+00:00,0.00014398,0.00022666333333333334,0.00067999,3
2024-11-11 00:00:00+00:00,0.0001,0.00010369333333333335,0.00031108000000000004,3
2024-11-12 00:00:00+00:00,0.0006029,0.0004348733333333333,0.0013046199999999998,3
2024-11-13 00:00:00+00:00,0.0001,0.00014590333333333334,0.00043771,3
2024-11-14 00:00:00+00:00,0.0001,0.0001,0.00030000000000000003,3
2024-11-15 00:00:00+00:00,0.0001,0.0001,0.00030000000000000003,3
2024-11-16 00:00:00+00:00,0.00017231,0.00012410333333333335,0.00037231000000000005,3
2024-11-17 00:00:00+00:00,0.00025834,0.00018734666666666666,0.00056204,3
2024-11-18 00:00:00+00:00,0.0001,0.00012322333333333334,0.00036967,3
2024-11-19 00:00:00+00:00,0.00020409,0.00028799,0.00086397,3
2024-11-20 00:00:00+00:00,0.0001,0.00010257,0.00030771,3
2024-11-21 00:00:00+00:00,0.00010715,0.00010238333333333333,0.00030715,3
2024-11-22 00:00:00+00:00,0.00030179,0.0003713333333333333,0.001114,3
2024-11-23 00:00:00+00:00,0.00036862,0.00031075666666666667,0.00093227,3
2024-11-24 00:00:00+00:00,0.00012856,0.0001849633333333333,0.0005548899999999999,3
2024-11-25 00:00:00+00:00,0.00028866,0.00019463999999999997,0.0005839199999999999,3
2024-11-26 00:00:00+00:00,0.0001,0.0001,0.00030000000000000003,3
2024-11-27 00:00:00+00:00,0.0001,0.0001,0.00030000000000000003,3
2024-11-28 00:00:00+00:00,0.0001,0.0001,0.00030000000000000003,3
2024-11-29 00:00:00+00:00,0.00016899,0.00015121333333333332,0.00045363999999999995,3
2024-11-30 00:00:00+00:00,0.00036049,0.0002866333333333333,0.0008599,3
2024-12-01 00:00:00+00:00,0.0001,0.00015987,0.00047961,3
2024-12-02 00:00:00+00:00,0.00027518,0.00033715000000000004,0.0010114500000000001,3
2024-12-03 00:00:00+00:00,0.00039792,0.00045526333333333334,0.00136579,3
2024-12-04 00:00:00+00:00,0.00051088,0.0004647466666666666,0.00139424,3
2024-12-05 00:00:00+00:00,0.00070395,0.00061142,0.0018342599999999999,3
2024-12-06 00:00:00+00:00,0.00023723,0.00037181,0.00111543,3
2024-12-07 00:00:00+00:00,0.00048981,0.0004975166666666667,0.00149255,3
2024-12-08 00:00:00+00:00,0.00040643,0.00034414999999999994,0.0010324499999999999,3
2024-12-09 00:00:00+00:00,0.0001,0.0003127866666666667,0.0009383600000000001,3
2024-12-10 00:00:00+00:00,0.0001,0.0001,0.00030000000000000003,3
2024-12-11 00:00:00+00:00,0.0001,0.0001,0.00030000000000000003,3
2024-12-12 00:00:00+00:00,0.0001,0.0001,0.00030000000000000003,3
2024-12-13 00:00:00+00:00,0.0001,0.0001,0.00030000000000000003,3
2024-12-14 00:00:00+00:00,0.0001,0.0001,0.00030000000000000003,3
2024-12-15 00:00:00+00:00,0.0001,0.0001,0.00030000000000000003,3
2024-12-16 00:00:00+00:00,0.0001,0.0001,0.00030000000000000003,3
2024-12-17 00:00:00+00:00,0.0001,0.0001,0.00030000000000000003,3
2024-12-18 00:00:00+00:00,0.0001,0.0001,0.00030000000000000003,3
2024-12-19 00:00:00+00:00,0.0001,0.0001,0.00030000000000000003,3
2024-12-20 00:00:00+00:00,-8.126e-05,3.9580000000000004e-05,0.00011874,3
2024-12-21 00:00:00+00:00,7.99e-05,7.730333333333334e-05,0.00023191,3
2024-12-22 00:00:00+00:00,8.109e-05,9.174333333333334e-05,0.00027523,3
2024-12-23 00:00:00+00:00,-3.182e-05,5.123e-05,0.00015369,3
2024-12-24 00:00:00+00:00,-3.132e-05,4.0583333333333335e-05,0.00012175,3
2024-12-25 00:00:00+00:00,8.57e-06,4.714333333333333e-05,0.00014143,3
2024-12-26 00:00:00+00:00,2.715e-05,4.7956666666666675e-05,0.00014387000000000002,3
2024-12-27 00:00:00+00:00,-8.83e-06,2.389333333333333e-05,7.167999999999999e-05,3
2024-12-28 00:00:00+00:00,0.0001,0.0001,0.00030000000000000003,3
2024-12-29 00:00:00+00:00,3.863e-05,7.954333333333334e-05,0.00023863,3
2024-12-30 00:00:00+00:00,0.0001,6.473666666666667e-05,0.00019421,3
2024-12-31 00:00:00+00:00,8.043e-05,6.0540000000000007e-05,0.00018162,3
2025-01-01 00:00:00+00:00,0.0001,8.744e-05,0.00026232,3
2025-01-02 00:00:00+00:00,0.0001,0.0001,0.00030000000000000003,3
2025-01-03 00:00:00+00:00,0.0001,0.0001,0.00030000000000000003,3
2025-01-04 00:00:00+00:00,0.0001,0.0001,0.00030000000000000003,3
2025-01-05 00:00:00+00:00,0.0001,0.0001,0.00030000000000000003,3
2025-01-06 00:00:00+00:00,0.0001,0.0001,0.00030000000000000003,3
2025-01-07 00:00:00+00:00,0.0001,0.0001,0.00030000000000000003,3
2025-01-08 00:00:00+00:00,0.0001,9.377666666666666e-05,0.00028133,3
2025-01-09 00:00:00+00:00,1.441e-05,4.640333333333334e-05,0.00013921000000000002,3
2025-01-10 00:00:00+00:00,0.0001,7.067333333333333e-05,0.00021202,3
2025-01-11 00:00:00+00:00,1.145e-05,1.614e-05,4.842e-05,3
2025-01-12 00:00:00+00:00,0.0001,8.853666666666666e-05,0.00026561,3
2025-01-13 00:00:00+00:00,-4.829e-05,-1.179e-05,-3.537e-05,3
2025-01-14 00:00:00+00:00,1.889e-05,4.729333333333333e-05,0.00014188,3
2025-01-15 00:00:00+00:00,0.0001,9.243333333333333e-05,0.0002773,3
2025-01-16 00:00:00+00:00,0.0001,7.287333333333334e-05,0.00021862000000000002,3
2025-01-17 00:00:00+00:00,0.0001,0.0001,0.00030000000000000003,3
2025-01-18 00:00:00+00:00,0.0001,0.0001,0.00030000000000000003,3
2025-01-19 00:00:00+00:00,0.0001,0.0001,0.00030000000000000003,3
2025-01-20 00:00:00+00:00,0.0001,0.0001,0.00030000000000000003,3
2025-01-21 00:00:00+00:00,0.0001,0.0001,0.00030000000000000003,3
2025-01-22 00:00:00+00:00,0.0001,0.0001,0.00030000000000000003,3
2025-01-23 00:00:00+00:00,0.0001,0.0001,0.00030000000000000003,3
2025-01-24 00:00:00+00:00,0.0001,0.0001,0.00030000000000000003,3
2025-01-25 00:00:00+00:00,9.983e-05,4.8190000000000004e-05,0.00014457,3
2025-01-26 00:00:00+00:00,0.0001,0.0001,0.00030000000000000003,3
2025-01-27 00:00:00+00:00,-0.00010709,-9.939999999999999e-05,-0.0002982,3
2025-01-28 00:00:00+00:00,6.741e-05,1.749333333333333e-05,5.247999999999999e-05,3
2025-01-29 00:00:00+00:00,1.518e-05,-2.1223333333333334e-05,-6.367e-05,3
2025-01-30 00:00:00+00:00,0.0001,5.9250000000000004e-05,0.00017775,3
2025-01-31 00:00:00+00:00,0.0001,9.516333333333333e-05,0.00028549,3
2025-02-01 00:00:00+00:00,8.889e-05,9.629666666666666e-05,0.00028889,3
2025-02-02 00:00:00+00:00,-0.00014967,-0.00011688333333333333,-0.00035065,3
2025-02-03 00:00:00+00:00,-0.00042854,-0.00029137,-0.00087411,3
2025-02-04 00:00:00+00:00,-0.00011511,-0.00010682,-0.00032046,3
2025-02-05 00:00:00+00:00,2.964e-05,-4.8499999999999985e-06,-1.4549999999999995e-05,3
2025-02-06 00:00:00+00:00,-1.485e-05,2.5540000000000003e-05,7.662000000000001e-05,3
2025-02-07 00:00:00+00:00,5.032e-05,2.059666666666667e-05,6.179e-05,3
2025-02-08 00:00:00+00:00,3.664e-05,7.756666666666668e-06,2.3270000000000006e-05,3
2025-02-09 00:00:00+00:00,0.0001,8.446666666666666e-05,0.0002534,3
2025-02-10 00:00:00+00:00,3.252e-05,4.68e-05,0.0001404,3
2025-02-11 00:00:00+00:00,-1.764e-05,2.101333333333333e-05,6.303999999999999e-05,3
2025-02-12 00:00:00+00:00,0.0001,-3.8509999999999996e-05,-0.00011552999999999999,3
2025-02-13 00:00:00+00:00,-4.756e-05,4.242666666666667e-05,0.00012728000000000001,3
2025-02-14 00:00:00+00:00,0.0001,5.143000000000001e-05,0.00015429000000000002,3
2025-02-15 00:00:00+00:00,-1.033e-05,6.322333333333334e-05,0.00018967000000000002,3
2025-02-16 00:00:00+00:00,-1.43e-06,-0.00010321333333333332,-0.00030963999999999997,3
2025-02-17 00:00:00+00:00,5.2e-05,-1.873666666666667e-05,-5.6210000000000006e-05,3
2025-02-18 00:00:00+00:00,-0.00020879,-0.00013541,-0.00040623000000000005,3
2025-02-19 00:00:00+00:00,3.469e-05,-2.997333333333333e-05,-8.991999999999999e-05,3
2025-02-20 00:00:00+00:00,0.0001,7.404666666666667e-05,0.00022214,3
2025-02-21 00:00:00+00:00,0.0001,8.106666666666667e-05,0.0002432,3
2025-02-22 00:00:00+00:00,0.0001,0.0004195266666666667,0.00125858,3
2025-02-23 00:00:00+00:00,0.0001,0.0001,0.00030000000000000003,3
2025-02-24 00:00:00+00:00,0.0001,0.0001,0.00030000000000000003,3
2025-02-25 00:00:00+00:00,-3.045e-05,-5.940666666666666e-05,-0.00017821999999999998,3
2025-02-26 00:00:00+00:00,7.592e-05,9.197333333333334e-05,0.00027592000000000003,3
2025-02-27 00:00:00+00:00,0.0001,0.0001,0.00030000000000000003,3
2025-02-28 00:00:00+00:00,9.459e-05,9.819666666666667e-05,0.00029459,3
2025-03-01 00:00:00+00:00,8.415e-05,9.471666666666666e-05,0.00028415,3
2025-03-02 00:00:00+00:00,0.0001,0.0001,0.00030000000000000003,3
2025-03-03 00:00:00+00:00,0.0001,0.0001,0.00030000000000000003,3
2025-03-04 00:00:00+00:00,-0.00027257,-0.00017218,-0.00051654,3
2025-03-05 00:00:00+00:00,3.626e-05,2.004666666666667e-05,6.0140000000000004e-05,3
2025-03-06 00:00:00+00:00,0.0001,0.0001,0.00030000000000000003,3
2025-03-07 00:00:00+00:00,8.192e-05,8.145e-05,0.00024435,3
2025-03-08 00:00:00+00:00,-0.00010929,-1.0386666666666668e-05,-3.1160000000000007e-05,3
2025-03-09 00:00:00+00:00,-0.00030946,-0.00012809333333333332,-0.00038428,3
2025-03-10 00:00:00+00:00,-1.9e-05,-0.00017585,-0.00052755,3
2025-03-11 00:00:00+00:00,3.172e-05,9.376666666666668e-06,2.8130000000000003e-05,3
2025-03-12 00:00:00+00:00,-4.43e-06,-1.909999999999997e-06,-5.729999999999991e-06,3
2025-03-13 00:00:00+00:00,1.568e-05,4.106666666666667e-06,1.2319999999999999e-05,3
2025-03-14 00:00:00+00:00,0.0001,8.979666666666666e-05,0.00026939,3
2025-03-15 00:00:00+00:00,-6.227e-05,-2.6969999999999998e-05,-8.091e-05,3
2025-03-16 00:00:00+00:00,-0.00013938,2.0206666666666667e-05,6.062e-05,3
2025-03-17 00:00:00+00:00,-0.00021961,-0.00016967333333333333,-0.00050902,3
2025-03-18 00:00:00+00:00,-4.641e-05,2.3923333333333332e-05,7.177e-05,3
2025-03-19 00:00:00+00:00,0.0001,9.592666666666667e-05,0.00028778,3
2025-03-20 00:00:00+00:00,-9.13e-05,-5.443333333333329e-06,-1.6329999999999988e-05,3
2025-03-21 00:00:00+00:00,-0.00013484,-2.585e-05,-7.755e-05,3
2025-03-22 00:00:00+00:00,9.242e-05,9.629666666666666e-05,0.00028889,3
2025-03-23 00:00:00+00:00,5.611e-05,8.537000000000002e-05,0.00025611000000000004,3
2025-03-24 00:00:00+00:00,0.0001,0.0001,0.00030000000000000003,3
2025-03-25 00:00:00+00:00,-3.855e-05,-8.196666666666667e-06,-2.459e-05,3
2025-03-26 00:00:00+00:00,-6.212e-05,-1.5419999999999998e-05,-4.6259999999999994e-05,3
2025-03-27 00:00:00+00:00,-1.591e-05,3.2760000000000005e-05,9.828000000000001e-05,3
2025-03-28 00:00:00+00:00,-2.762e-05,-3.753666666666667e-05,-0.00011261000000000001,3
2025-03-29 00:00:00+00:00,-0.0001079,-9.780666666666666e-05,-0.00029341999999999997,3
2025-03-30 00:00:00+00:00,-0.0001782,-0.00019317333333333334,-0.00057952,3
2025-03-31 00:00:00+00:00,-0.00011246,-0.00012980333333333332,-0.00038941,3
2025-04-01 00:00:00+00:00,-5.965e-05,-9.305666666666668e-05,-0.00027917,3
2025-04-02 00:00:00+00:00,-3.218e-05,-1.744e-05,-5.232e-05,3
2025-04-03 00:00:00+00:00,-8.078e-05,-3.762e-05,-0.00011286,3
2025-04-04 00:00:00+00:00,-6.886e-05,-3.126666666666667e-06,-9.380000000000002e-06,3
2025-04-05 00:00:00+00:00,1.41e-06,-2.0723333333333332e-05,-6.217e-05,3
2025-04-06 00:00:00+00:00,-0.00011718,-6.461333333333333e-05,-0.00019384,3
2025-04-07 00:00:00+00:00,-0.00012014,-7.451333333333333e-05,-0.00022354,3
2025-04-08 00:00:00+00:00,-0.00022665,-0.00019158,-0.00057474,3
2025-04-09 00:00:00+00:00,-9.141e-05,-0.00015079666666666667,-0.00045239,3
2025-04-10 00:00:00+00:00,-7.894e-05,-7.089333333333332e-05,-0.00021267999999999998,3
2025-04-11 00:00:00+00:00,-8.919e-05,-4.679333333333334e-05,-0.00014038,3
2025-04-12 00:00:00+00:00,-0.00023012,-8.432666666666666e-05,-0.00025298,3
2025-04-13 00:00:00+00:00,-0.00017414,-0.00012833333333333335,-0.00038500000000000003,3
2025-04-14 00:00:00+00:00,-0.00011586,-0.00013909666666666668,-0.00041729,3
2025-04-15 00:00:00+00:00,-0.00019129,-9.878333333333334e-05,-0.00029635,3
2025-04-16 00:00:00+00:00,-0.00010611,-6.760666666666666e-05,-0.00020281999999999999,3
2025-04-17 00:00:00+00:00,7.335e-05,3.6016666666666663e-05,0.00010805,3
2025-04-18 00:00:00+00:00,1.344e-05,4.035e-05,0.00012105,3
2025-04-19 00:00:00+00:00,8.587e-05,7.225666666666666e-05,0.00021677,3
2025-04-20 00:00:00+00:00,-6.458e-05,3.8843333333333335e-05,0.00011653000000000001,3
2025-04-21 00:00:00+00:00,0.0001,6.296333333333333e-05,0.00018889000000000002,3
2025-04-22 00:00:00+00:00,0.0001,8.168333333333334e-05,0.00024505,3
2025-04-23 00:00:00+00:00,0.0001,0.0001,0.00030000000000000003,3
2025-04-24 00:00:00+00:00,0.0001,0.0001,0.00030000000000000003,3
2025-04-25 00:00:00+00:00,8.75e-05,9.583333333333334e-05,0.0002875,3
2025-04-26 00:00:00+00:00,-6.587e-05,2.693333333333335e-06,8.080000000000004e-06,3
2025-04-27 00:00:00+00:00,-7.264e-05,3.0010000000000002e-05,9.003e-05,3
2025-04-28 00:00:00+00:00,-4.184e-05,2.029999999999999e-06,6.089999999999998e-06,3
2025-04-29 00:00:00+00:00,0.0001,0.0001,0.00030000000000000003,3
2025-04-30 00:00:00+00:00,-8.178e-05,-3.0070000000000002e-05,-9.021e-05,3
2025-05-01 00:00:00+00:00,2.374e-05,-3.124666666666667e-05,-9.374e-05,3
2025-05-02 00:00:00+00:00,-1.162e-05,3.390666666666667e-05,0.00010172000000000001,3
2025-05-03 00:00:00+00:00,-5.637e-05,-0.00010968333333333333,-0.00032905,3
2025-05-04 00:00:00+00:00,-0.00014287,-9.706333333333332e-05,-0.00029119,3
2025-05-05 00:00:00+00:00,-4.747e-05,-1.4743333333333332e-05,-4.4229999999999995e-05,3
2025-05-06 00:00:00+00:00,1.352e-05,-2.2316666666666666e-05,-6.695e-05,3
2025-05-07 00:00:00+00:00,-0.00011163,-2.065333333333333e-05,-6.196e-05,3
2025-05-08 00:00:00+00:00,0.0001,7.229e-05,0.00021687,3
2025-05-09 00:00:00+00:00,0.0001,0.0001,0.00030000000000000003,3
2025-05-10 00:00:00+00:00,0.0001,0.0001,0.00030000000000000003,3
2025-05-11 00:00:00+00:00,0.0001,0.0001,0.00030000000000000003,3
2025-05-12 00:00:00+00:00,0.0001,0.0001,0.00030000000000000003,3
2025-05-13 00:00:00+00:00,0.0001,0.0001,0.00030000000000000003,3
2025-05-14 00:00:00+00:00,0.0001,0.0001,0.00030000000000000003,3
2025-05-15 00:00:00+00:00,6.155e-05,8.067333333333334e-05,0.00024202000000000002,3
2025-05-16 00:00:00+00:00,7.577e-05,5.118333333333333e-05,0.00015355,3
2025-05-17 00:00:00+00:00,3.823e-05,5.999e-05,0.00017997,3
2025-05-18 00:00:00+00:00,-8.38e-06,-2.1466666666666625e-06,-6.4399999999999875e-06,3
2025-05-19 00:00:00+00:00,-7.42e-06,-4.382666666666667e-05,-0.00013148,3
2025-05-20 00:00:00+00:00,6.803e-05,6.872333333333333e-05,0.00020616999999999999,3
2025-05-21 00:00:00+00:00,0.0001,0.0001,0.00030000000000000003,3
2025-05-22 00:00:00+00:00,0.0001,9.377666666666666e-05,0.00028133,3
2025-05-23 00:00:00+00:00,0.0001,0.0001,0.00030000000000000003,3
2025-05-24 00:00:00+00:00,-8.19e-06,5.6873333333333337e-05,0.00017062000000000002,3
2025-05-25 00:00:00+00:00,-7.971e-05,6.726666666666671e-06,2.0180000000000013e-05,3
2025-05-26 00:00:00+00:00,7.771e-05,5.671333333333333e-05,0.00017014,3
2025-05-27 00:00:00+00:00,9.919e-05,5.2833333333333335e-05,0.0001585,3
2025-05-28 00:00:00+00:00,1.703e-05,5.6599999999999993e-05,0.00016979999999999998,3
2025-05-29 00:00:00+00:00,-3.92e-06,4.001e-05,0.00012003,3
2025-05-30 00:00:00+00:00,-5.919e-05,-7.938666666666666e-05,-0.00023815999999999998,3
2025-05-31 00:00:00+00:00,-2.741e-05,-4.2203333333333336e-05,-0.00012661,3
2025-06-01 00:00:00+00:00,-3.012e-05,-3.983666666666667e-05,-0.00011951000000000001,3
2025-06-02 00:00:00+00:00,7.112e-05,1.9489999999999998e-05,5.8469999999999994e-05,3
2025-06-03 00:00:00+00:00,0.0001,8.176e-05,0.00024528,3
2025-06-04 00:00:00+00:00,-4.415e-05,-3.4000000000000013e-06,-1.0200000000000004e-05,3
2025-06-05 00:00:00+00:00,2.72e-05,1.8716666666666666e-05,5.6149999999999996e-05,3
2025-06-06 00:00:00+00:00,-6.902e-05,-0.00010927666666666666,-0.00032783,3
2025-06-07 00:00:00+00:00,6.775e-05,1.2819999999999998e-05,3.8459999999999994e-05,3
2025-06-08 00:00:00+00:00,3.214e-05,3.866666666666667e-05,0.000116,3
2025-06-09 00:00:00+00:00,5.06e-05,5.262e-05,0.00015786,3
2025-06-10 00:00:00+00:00,0.0001,0.0001,0.00030000000000000003,3
2025-06-11 00:00:00+00:00,0.0001,0.0001,0.00030000000000000003,3
2025-06-12 00:00:00+00:00,9.148e-05,9.716e-05,0.00029148,3
2025-06-13 00:00:00+00:00,-3.233e-05,-1.5376666666666665e-05,-4.6129999999999994e-05,3
2025-06-14 00:00:00+00:00,-3.017e-05,6.976666666666668e-06,2.0930000000000005e-05,3
2025-06-15 00:00:00+00:00,6.784e-05,3.4223333333333335e-05,0.00010267,3
2025-06-16 00:00:00+00:00,0.0001,7.556666666666667e-05,0.0002267,3
2025-06-17 00:00:00+00:00,-1.033e-05,6.224333333333333e-05,0.00018673,3
2025-06-18 00:00:00+00:00,-0.00012156,-1.67e-05,-5.01e-05,3
2025-06-19 00:00:00+00:00,-0.00010306,-4.7590000000000003e-05,-0.00014277000000000002,3
2025-06-20 00:00:00+00:00,4.342e-05,7.675333333333334e-05,0.00023026,3
2025-06-21 00:00:00+00:00,-1.362e-05,9.066666666666671e-07,2.720000000000001e-06,3
2025-06-22 00:00:00+00:00,3.416e-05,3.017e-05,9.051e-05,3
2025-06-23 00:00:00+00:00,-9.1e-07,-1.2833333333333336e-05,-3.850000000000001e-05,3
2025-06-24 00:00:00+00:00,-2.331e-05,2.0600000000000003e-05,6.180000000000001e-05,3
2025-06-25 00:00:00+00:00,6.803e-05,5.669666666666666e-05,0.00017009,3
2025-06-26 00:00:00+00:00,7.023e-05,5.2209999999999996e-05,0.00015663,3
2025-06-27 00:00:00+00:00,-2.279e-05,4.426666666666667e-05,0.0001328,3
2025-06-28 00:00:00+00:00,2.43e-06,3.828333333333333e-05,0.00011485,3
2025-06-29 00:00:00+00:00,6.265e-05,8.755e-05,0.00026265,3
2025-06-30 00:00:00+00:00,4.492e-05,6.529666666666666e-05,0.00019589,3
2025-07-01 00:00:00+00:00,6.343e-05,1.645e-05,4.935e-05,3
2025-07-02 00:00:00+00:00,0.0001,3.293666666666667e-05,9.881000000000001e-05,3
2025-07-03 00:00:00+00:00,0.0001,0.0001,0.00030000000000000003,3
2025-07-04 00:00:00+00:00,-4.457e-05,5.181000000000001e-05,0.00015543000000000002,3
2025-07-05 00:00:00+00:00,-5.375e-05,-1.0143333333333333e-05,-3.043e-05,3
2025-07-06 00:00:00+00:00,9.257e-05,-1.666666666666662e-07,-4.999999999999986e-07,3
2025-07-07 00:00:00+00:00,0.0001,0.0001,0.00030000000000000003,3
2025-07-08 00:00:00+00:00,0.0001,7.761666666666666e-05,0.00023285,3
2025-07-09 00:00:00+00:00,0.0001,0.0001,0.00030000000000000003,3
2025-07-10 00:00:00+00:00,0.0001,0.0001,0.00030000000000000003,3
2025-07-11 00:00:00+00:00,0.0001,0.0001,0.00030000000000000003,3
2025-07-12 00:00:00+00:00,-1.176e-05,6.274666666666667e-05,0.00018824,3
2025-07-13 00:00:00+00:00,0.0001,2.0950000000000004e-05,6.285000000000001e-05,3
2025-07-14 00:00:00+00:00,0.0001,6.262666666666667e-05,0.00018788000000000002,3
2025-07-15 00:00:00+00:00,4.049e-05,6.825333333333333e-05,0.00020476,3
2025-07-16 00:00:00+00:00,0.0001,0.0001,0.00030000000000000003,3
2025-07-17 00:00:00+00:00,0.0001,0.0001,0.00030000000000000003,3
2025-07-18 00:00:00+00:00,0.0001,0.0001,0.00030000000000000003,3
2025-07-19 00:00:00+00:00,0.0001,0.0001,0.00030000000000000003,3
2025-07-20 00:00:00+00:00,0.0001,0.0001,0.00030000000000000003,3
2025-07-21 00:00:00+00:00,0.0001,0.0001,0.00030000000000000003,3
2025-07-22 00:00:00+00:00,0.0001,0.0001,0.00030000000000000003,3
2025-07-23 00:00:00+00:00,0.0001,0.00011845999999999999,0.00035538,3
2025-07-24 00:00:00+00:00,0.0001,0.0001,0.00030000000000000003,3
2025-07-25 00:00:00+00:00,0.0001,0.0001,0.00030000000000000003,3
2025-07-26 00:00:00+00:00,0.0001,0.0001,0.00030000000000000003,3
2025-07-27 00:00:00+00:00,0.0001,0.0001,0.00030000000000000003,3
2025-07-28 00:00:00+00:00,0.0001,0.0001,0.00030000000000000003,3
2025-07-29 00:00:00+00:00,2.111e-05,7.370333333333333e-05,0.00022111,3
2025-07-30 00:00:00+00:00,4.216e-05,5.2153333333333334e-05,0.00015646,3
2025-07-31 00:00:00+00:00,-5.18e-06,5.377666666666667e-05,0.00016133,3
2025-08-01 00:00:00+00:00,4.471e-05,1.8676666666666667e-05,5.603e-05,3
2025-08-02 00:00:00+00:00,-9.2e-06,1.2283333333333333e-05,3.685e-05,3
2025-08-03 00:00:00+00:00,6.254e-05,6.620666666666666e-05,0.00019862,3
2025-08-04 00:00:00+00:00,3.367e-05,5.188333333333333e-05,0.00015565,3
2025-08-05 00:00:00+00:00,0.0001,3.090333333333333e-05,9.271e-05,3
2025-08-06 00:00:00+00:00,8.642e-05,6.927666666666666e-05,0.00020783,3
2025-08-07 00:00:00+00:00,0.0001,8.652000000000002e-05,0.00025956000000000004,3
2025-08-08 00:00:00+00:00,0.0001,0.0001,0.00030000000000000003,3
2025-08-09 00:00:00+00:00,0.0001,0.0001,0.00030000000000000003,3
2025-08-10 00:00:00+00:00,0.0001,0.0001,0.00030000000000000003,3
2025-08-11 00:00:00+00:00,4.261e-05,8.087e-05,0.00024261,3
2025-08-12 00:00:00+00:00,0.0001,6.377000000000001e-05,0.00019131,3
2025-08-13 00:00:00+00:00,0.0001,0.0001,0.00030000000000000003,3
2025-08-14 00:00:00+00:00,0.0001,0.0001,0.00030000000000000003,3
2025-08-15 00:00:00+00:00,0.0001,8.500333333333333e-05,0.00025501,3
2025-08-16 00:00:00+00:00,5.38e-05,4.027666666666667e-05,0.00012083,3
2025-08-17 00:00:00+00:00,0.0001,0.0001,0.00030000000000000003,3
2025-08-18 00:00:00+00:00,-4.008e-05,-2.572e-05,-7.716e-05,3
2025-08-19 00:00:00+00:00,4.938e-05,8.766666666666667e-06,2.63e-05,3
2025-08-20 00:00:00+00:00,0.0001,6.598333333333334e-05,0.00019795000000000001,3
2025-08-21 00:00:00+00:00,0.0001,0.0001,0.00030000000000000003,3
2025-08-22 00:00:00+00:00,0.0001,9.103000000000001e-05,0.00027309000000000003,3
2025-08-23 00:00:00+00:00,0.0001,0.0001,0.00030000000000000003,3
2025-08-24 00:00:00+00:00,0.0001,0.0001,0.00030000000000000003,3
2025-08-25 00:00:00+00:00,3.401e-05,7.800333333333334e-05,0.00023401000000000002,3
2025-08-26 00:00:00+00:00,2.562e-05,-4.966666666666681e-07,-1.4900000000000044e-06,3
2025-08-27 00:00:00+00:00,0.0001,0.0001,0.00030000000000000003,3
2025-08-28 00:00:00+00:00,9.522e-05,9.840666666666667e-05,0.00029522,3
2025-08-29 00:00:00+00:00,-6.706e-05,4.4313333333333335e-05,0.00013294,3
2025-08-30 00:00:00+00:00,7.006e-05,7.188000000000001e-05,0.00021564000000000002,3
2025-08-31 00:00:00+00:00,8.248e-05,9.415999999999999e-05,0.00028248,3
2025-09-01 00:00:00+00:00,0.0001,3.584666666666667e-05,0.00010754,3
2025-09-02 00:00:00+00:00,0.0001,5.094333333333334e-05,0.00015283,3
2025-09-03 00:00:00+00:00,0.0001,0.0001,0.00030000000000000003,3
2025-09-04 00:00:00+00:00,1.28e-05,7.093333333333334e-05,0.00021280000000000002,3
2025-09-05 00:00:00+00:00,9.393e-05,9.498333333333334e-05,0.00028495,3
2025-09-06 00:00:00+00:00,8.543e-05,6.338666666666667e-05,0.00019016,3
2025-09-07 00:00:00+00:00,0.0001,0.0001,0.00030000000000000003,3
2025-09-08 00:00:00+00:00,0.0001,0.0001,0.00030000000000000003,3
2025-09-09 00:00:00+00:00,0.0001,0.0001,0.00030000000000000003,3
2025-09-10 00:00:00+00:00,0.0001,0.0001,0.00030000000000000003,3
2025-09-11 00:00:00+00:00,0.0001,0.0001,0.00030000000000000003,3
2025-09-12 00:00:00+00:00,0.0001,0.0001,0.00030000000000000003,3
2025-09-13 00:00:00+00:00,0.0001,0.0001,0.00030000000000000003,3
2025-09-14 00:00:00+00:00,0.0001,0.0001,0.00030000000000000003,3
2025-09-15 00:00:00+00:00,5.458e-05,8.486000000000001e-05,0.00025458,3
2025-09-16 00:00:00+00:00,7.99e-06,6.933e-05,0.00020799000000000002,3
2025-09-17 00:00:00+00:00,-2.938e-05,-1.5300000000000006e-06,-4.590000000000002e-06,3
2025-09-18 00:00:00+00:00,0.0001,0.0001,0.00030000000000000003,3
2025-09-19 00:00:00+00:00,0.0001,0.0001,0.00030000000000000003,3
2025-09-20 00:00:00+00:00,0.0001,0.0001,0.00030000000000000003,3
2025-09-21 00:00:00+00:00,0.0001,8.566e-05,0.00025698,3
2025-09-22 00:00:00+00:00,0.0001,0.0001,0.00030000000000000003,3
2025-09-23 00:00:00+00:00,0.0001,0.0001,0.00030000000000000003,3
2025-09-24 00:00:00+00:00,0.0001,6.077666666666668e-05,0.00018233000000000002,3
2025-09-25 00:00:00+00:00,1.88e-05,-8.136666666666668e-06,-2.4410000000000002e-05,3
2025-09-26 00:00:00+00:00,-5.38e-05,-1.5083333333333333e-05,-4.525e-05,3
2025-09-27 00:00:00+00:00,1.578e-05,1.4553333333333335e-05,4.3660000000000005e-05,3
2025-09-28 00:00:00+00:00,0.0001,8.008e-05,0.00024024000000000002,3
2025-09-29 00:00:00+00:00,-2.156e-05,3.4070000000000004e-05,0.00010221000000000001,3
2025-09-30 00:00:00+00:00,-6.593e-05,-4.886999999999999e-05,-0.00014660999999999998,3
2025-10-01 00:00:00+00:00,-9.571e-05,3.476333333333333e-05,0.00010429,3
2025-10-02 00:00:00+00:00,-5.906e-05,1.563e-05,4.689000000000001e-05,3
2025-10-03 00:00:00+00:00,7.806e-05,5.924e-05,0.00017772,3
2025-10-04 00:00:00+00:00,-1.859e-05,6.047e-05,0.00018141,3
2025-10-05 00:00:00+00:00,2.778e-05,5.315333333333333e-05,0.00015946,3
2025-10-06 00:00:00+00:00,0.0001,6.117333333333334e-05,0.00018352,3
2025-10-07 00:00:00+00:00,3.327e-05,7.775666666666666e-05,0.00023327,3
2025-10-08 00:00:00+00:00,6.854e-05,5.528333333333333e-05,0.00016585,3
2025-10-09 00:00:00+00:00,0.0001,0.0001,0.00030000000000000003,3
2025-10-10 00:00:00+00:00,0.0001,0.0001,0.00030000000000000003,3
2025-10-11 00:00:00+00:00,-0.00039466,-0.0030436533333333335,-0.00913096,3
2025-10-12 00:00:00+00:00,-0.00017234,-3.479333333333333e-05,-0.00010438,3
2025-10-13 00:00:00+00:00,0.0001,-7.591e-05,-0.00022773,3
2025-10-14 00:00:00+00:00,-2.878e-05,3.61e-05,0.0001083,3
2025-10-15 00:00:00+00:00,-0.00016732,-6.553666666666667e-05,-0.00019661,3
2025-10-16 00:00:00+00:00,4.68e-06,-9.396666666666667e-05,-0.0002819,3
2025-10-17 00:00:00+00:00,6.021e-05,-4.4643333333333327e-05,-0.00013393,3
2025-10-18 00:00:00+00:00,3.103e-05,6.84e-05,0.0002052,3
2025-10-19 00:00:00+00:00,0.0001,3.0713333333333336e-05,9.214000000000001e-05,3
2025-10-20 00:00:00+00:00,-0.00016954,-2.1790000000000003e-05,-6.537e-05,3
2025-10-21 00:00:00+00:00,0.0001,2.1066666666666673e-05,6.320000000000002e-05,3
2025-10-22 00:00:00+00:00,-1.791e-05,-2.0676666666666668e-05,-6.203e-05,3
2025-10-23 00:00:00+00:00,0.0001,1.7333333333333336e-05,5.200000000000001e-05,3
2025-10-24 00:00:00+00:00,-3.364e-05,5.545333333333333e-05,0.00016636,3
2025-10-25 00:00:00+00:00,6.693e-05,8.897666666666668e-05,0.00026693,3
2025-10-26 00:00:00+00:00,1.455e-05,7.151666666666667e-05,0.00021455,3
2025-10-27 00:00:00+00:00,8.298e-05,3.425e-05,0.00010275,3
2025-10-28 00:00:00+00:00,-0.00010382,-0.00012804666666666665,-0.00038414,3
2025-10-29 00:00:00+00:00,-0.00012138,-7.185999999999999e-05,-0.00021558,3
2025-10-30 00:00:00+00:00,-0.00035153,-0.00011192666666666668,-0.00033578000000000004,3
2025-10-31 00:00:00+00:00,-9.25e-05,-0.00015265333333333334,-0.00045796,3
2025-11-01 00:00:00+00:00,5.307e-05,3.722333333333333e-05,0.00011166999999999999,3
2025-11-02 00:00:00+00:00,-0.00012374,-1.1353333333333337e-05,-3.406000000000001e-05,3
2025-11-03 00:00:00+00:00,-0.00023906,-0.0002680766666666667,-0.0008042300000000001,3
2025-11-04 00:00:00+00:00,1.62e-05,-0.00013505666666666666,-0.00040516999999999994,3
2025-11-05 00:00:00+00:00,-0.00010201,1.235666666666667e-05,3.707000000000001e-05,3
2025-11-06 00:00:00+00:00,-1.289e-05,1.3119999999999998e-05,3.9359999999999996e-05,3
2025-11-07 00:00:00+00:00,3.199e-05,7.733e-05,0.00023199,3
2025-11-08 00:00:00+00:00,-4.846e-05,5.0513333333333336e-05,0.00015154,3
2025-11-09 00:00:00+00:00,-2.338e-05,-6.554000000000001e-05,-0.00019662000000000003,3
2025-11-10 00:00:00+00:00,-3.848e-05,2.22e-05,6.66e-05,3
2025-11-11 00:00:00+00:00,-0.00011265,-4.697666666666667e-05,-0.00014093,3
2025-11-12 00:00:00+00:00,-0.00010402,-0.00012942333333333333,-0.00038827,3
2025-11-13 00:00:00+00:00,0.0001,-7.731666666666666e-05,-0.00023194999999999997,3
2025-11-14 00:00:00+00:00,-0.00010931,-0.00015145666666666668,-0.00045437,3
2025-11-15 00:00:00+00:00,6.033e-05,-8.966666666666666e-05,-0.000269,3
2025-11-16 00:00:00+00:00,-0.00018925,-7.443666666666667e-05,-0.00022331,3
2025-11-17 00:00:00+00:00,0.0001,5.622e-05,0.00016866,3
2025-11-18 00:00:00+00:00,0.0001,1.3266666666666663e-06,3.979999999999999e-06,3
2025-11-19 00:00:00+00:00,0.0001,1.5113333333333331e-05,4.5339999999999996e-05,3
2025-11-20 00:00:00+00:00,0.0001,0.0001,0.00030000000000000003,3
2025-11-21 00:00:00+00:00,-2.008e-05,-7.872e-05,-0.00023616000000000002,3
2025-11-22 00:00:00+00:00,-0.00030033,-0.00019150666666666667,-0.00057452,3
2025-11-23 00:00:00+00:00,-0.00020842,-5.513333333333333e-05,-0.00016539999999999998,3
2025-11-24 00:00:00+00:00,2.635e-05,4.2813333333333325e-05,0.00012843999999999998,3
2025-11-25 00:00:00+00:00,-0.00020731,-6.990333333333333e-05,-0.00020971,3
2025-11-26 00:00:00+00:00,-0.00016283,-2.9340000000000004e-05,-8.802000000000001e-05,3
2025-11-27 00:00:00+00:00,-7.588e-05,-0.00012417666666666668,-0.00037253000000000004,3
2025-11-28 00:00:00+00:00,-0.00019122,-0.00015920333333333333,-0.00047761,3
2025-11-29 00:00:00+00:00,3.347e-05,-0.00017064,-0.00051192,3
2025-11-30 00:00:00+00:00,-0.00012553,-0.00015373,-0.00046119,3
2025-12-01 00:00:00+00:00,-5.1e-05,-0.00010643333333333334,-0.0003193,3
2025-12-02 00:00:00+00:00,6.589e-05,-6.995666666666666e-05,-0.00020987,3
2025-12-03 00:00:00+00:00,9.289e-05,9.763000000000001e-05,0.00029289,3
2025-12-04 00:00:00+00:00,-2.65e-06,3.252666666666667e-05,9.758000000000001e-05,3
2025-12-05 00:00:00+00:00,-0.00029023,-0.00014564666666666665,-0.00043694,3
2025-12-06 00:00:00+00:00,-7.463e-05,-0.00017890333333333335,-0.00053671,3
2025-12-07 00:00:00+00:00,6.3e-07,-4.428333333333334e-05,-0.00013285,3
2025-12-08 00:00:00+00:00,0.0001,6.316666666666667e-05,0.0001895,3
2025-12-09 00:00:00+00:00,1.632e-05,5.02e-05,0.0001506,3
2025-12-10 00:00:00+00:00,-4.31e-05,5.1240000000000004e-05,0.00015372,3
2025-12-11 00:00:00+00:00,-0.00014337,-0.00014524333333333333,-0.00043572999999999995,3
2025-12-12 00:00:00+00:00,0.0001,7.731333333333333e-05,0.00023194,3
2025-12-13 00:00:00+00:00,0.0001,5.1280000000000004e-05,0.00015384,3
2025-12-14 00:00:00+00:00,-2.588e-05,3.234333333333334e-05,9.703000000000001e-05,3
2025-12-15 00:00:00+00:00,-0.00015134,-4.659666666666666e-05,-0.00013979,3
2025-12-16 00:00:00+00:00,-4.635e-05,-8.767666666666667e-05,-0.00026303000000000003,3
2025-12-17 00:00:00+00:00,9.41e-05,8.323e-05,0.00024969,3
2025-12-18 00:00:00+00:00,-1.132e-05,-0.00010658,-0.00031974,3
2025-12-19 00:00:00+00:00,8.919e-05,7.252666666666666e-05,0.00021758,3
2025-12-20 00:00:00+00:00,0.0001,8.532333333333333e-05,0.00025597,3
2025-12-21 00:00:00+00:00,-8.96e-05,5.980000000000003e-06,1.7940000000000008e-05,3
2025-12-22 00:00:00+00:00,5.957e-05,8.050333333333333e-05,0.00024151,3
2025-12-23 00:00:00+00:00,-0.00017804,-0.00021158666666666669,-0.0006347600000000001,3
2025-12-24 00:00:00+00:00,0.0001,3.3043333333333336e-05,9.913000000000001e-05,3
2025-12-25 00:00:00+00:00,0.0001,0.0001,0.00030000000000000003,3
2025-12-26 00:00:00+00:00,3.905e-05,7.968333333333334e-05,0.00023905,3
2025-12-27 00:00:00+00:00,0.0001,7.356666666666666e-05,0.0002207,3
2025-12-28 00:00:00+00:00,4.925e-05,8.308333333333334e-05,0.00024925,3
2025-12-29 00:00:00+00:00,2.252e-05,7.047666666666666e-05,0.00021143,3
2025-12-30 00:00:00+00:00,0.0001,-1.5186666666666663e-05,-4.555999999999999e-05,3
2025-12-31 00:00:00+00:00,-2.119e-05,3.2453333333333337e-05,9.736e-05,3
2026-01-01 00:00:00+00:00,0.0001,-3.822666666666667e-05,-0.00011468,3
2026-01-02 00:00:00+00:00,0.0001,0.0001,0.00030000000000000003,3
2026-01-03 00:00:00+00:00,0.0001,7.679666666666667e-05,0.00023039000000000002,3
2026-01-04 00:00:00+00:00,7.692e-05,4.2810000000000005e-05,0.00012843000000000002,3
2026-01-05 00:00:00+00:00,9.209e-05,4.8656666666666664e-05,0.00014597,3
2026-01-06 00:00:00+00:00,8.444e-05,5.025e-05,0.00015075,3
2026-01-07 00:00:00+00:00,-0.00019458,-5.5499999999999994e-05,-0.00016649999999999998,3
2026-01-08 00:00:00+00:00,2.866e-05,5.762666666666667e-05,0.00017288,3
2026-01-09 00:00:00+00:00,1.898e-05,7.155333333333333e-05,0.00021466,3
2026-01-10 00:00:00+00:00,0.0001,9.655333333333334e-05,0.00028966,3
2026-01-11 00:00:00+00:00,7.803e-05,6.884e-05,0.00020652,3
2026-01-12 00:00:00+00:00,-0.0001335,-3.307666666666666e-05,-9.922999999999998e-05,3
2026-01-13 00:00:00+00:00,0.0001,4.345e-05,0.00013035,3
2026-01-14 00:00:00+00:00,0.0001,0.0001,0.00030000000000000003,3
2026-01-15 00:00:00+00:00,-5.718e-05,2.5233333333333347e-06,7.570000000000004e-06,3
2026-01-16 00:00:00+00:00,-6.706e-05,-4.028e-05,-0.00012084,3
2026-01-17 00:00:00+00:00,0.0001,2.933666666666667e-05,8.801e-05,3
2026-01-18 00:00:00+00:00,-9.44e-06,-1.1766666666666662e-05,-3.5299999999999984e-05,3
2026-01-19 00:00:00+00:00,4.524e-05,2.5786666666666668e-05,7.736e-05,3
2026-01-20 00:00:00+00:00,-2.858e-05,5.7140000000000005e-05,0.00017142,3
2026-01-21 00:00:00+00:00,-3.564e-05,-1.66e-05,-4.98e-05,3
2026-01-22 00:00:00+00:00,-6.304e-05,-8.594333333333332e-05,-0.00025782999999999996,3
2026-01-23 00:00:00+00:00,-3.578e-05,-3.693333333333332e-06,-1.1079999999999996e-05,3
2026-01-24 00:00:00+00:00,-4.061e-05,-4.523666666666666e-05,-0.00013571,3
2026-01-25 00:00:00+00:00,2.111e-05,-6.82e-06,-2.046e-05,3
2026-01-26 00:00:00+00:00,-2.233e-05,-4.1013333333333336e-05,-0.00012304000000000001,3
2026-01-27 00:00:00+00:00,-0.00012335,-8.539333333333333e-05,-0.00025618,3
2026-01-28 00:00:00+00:00,-0.00012127,-5.879333333333333e-05,-0.00017638,3
2026-01-29 00:00:00+00:00,-0.00037484,-0.00014050666666666665,-0.00042152,3
2026-01-30 00:00:00+00:00,-3.183e-05,-8.190333333333334e-05,-0.00024571,3
2026-01-31 00:00:00+00:00,-6.22e-05,-7.954333333333333e-05,-0.00023862999999999998,3
2026-02-01 00:00:00+00:00,2.511e-05,-3.503666666666667e-05,-0.00010511,3
2026-02-02 00:00:00+00:00,-8.989e-05,-8.179333333333334e-05,-0.00024538,3
2026-02-03 00:00:00+00:00,-0.00013629,-0.00012637333333333334,-0.00037912,3
2026-02-04 00:00:00+00:00,-2.322e-05,3.830333333333333e-05,0.00011491,3
2026-02-05 00:00:00+00:00,9.398e-05,9.774333333333334e-05,0.00029323,3
2026-02-06 00:00:00+00:00,4.384e-05,3.8316666666666665e-05,0.00011495,3
2026-02-07 00:00:00+00:00,0.0001,4.4606666666666674e-05,0.00013382000000000002,3
2026-02-08 00:00:00+00:00,-9.03e-06,5.092e-05,0.00015276,3
2026-02-09 00:00:00+00:00,3.555e-05,4.006333333333333e-05,0.00012019,3
2026-02-10 00:00:00+00:00,1.893e-05,5.022333333333333e-05,0.00015067,3
2026-02-11 00:00:00+00:00,-2.071e-05,2.476666666666666e-06,7.429999999999998e-06,3
2026-02-12 00:00:00+00:00,0.0001,5.0843333333333335e-05,0.00015253,3
2026-02-13 00:00:00+00:00,6.519e-05,3.598666666666667e-05,0.00010796000000000002,3
2026-02-14 00:00:00+00:00,0.0001,0.0001,0.00030000000000000003,3
2026-02-15 00:00:00+00:00,-1.774e-05,3.459e-05,0.00010377,3
2026-02-16 00:00:00+00:00,-5.918e-05,-1.1576666666666665e-05,-3.4729999999999994e-05,3
2026-02-17 00:00:00+00:00,1.207e-05,7.069e-05,0.00021207000000000002,3
2026-02-18 00:00:00+00:00,-2.33e-06,5.497e-05,0.00016491,3
2026-02-19 00:00:00+00:00,-0.00021066,-0.00013204333333333333,-0.00039612999999999996,3
2026-02-20 00:00:00+00:00,2.867e-05,7.622333333333334e-05,0.00022867000000000002,3
2026-02-21 00:00:00+00:00,0.0001,0.0001,0.00030000000000000003,3
2026-02-22 00:00:00+00:00,-4.697e-05,-9.809333333333333e-05,-0.00029428,3
2026-02-23 00:00:00+00:00,7.508e-05,-8.754666666666666e-05,-0.00026263999999999997,3
2026-02-24 00:00:00+00:00,-0.00011768,-8.609333333333334e-05,-0.00025828,3
2026-02-25 00:00:00+00:00,0.0001,4.885e-05,0.00014655,3
2026-02-26 00:00:00+00:00,4.932e-05,7.121e-05,0.00021363,3
2026-02-27 00:00:00+00:00,-0.0001214,2.6200000000000003e-05,7.860000000000001e-05,3
2026-02-28 00:00:00+00:00,-2.785e-05,-6.096666666666667e-05,-0.0001829,3
2026-03-01 00:00:00+00:00,0.0001,0.0001,0.00030000000000000003,3
2026-03-02 00:00:00+00:00,3.648e-05,7.882666666666668e-05,0.00023648,3
2026-03-03 00:00:00+00:00,-8.454e-05,-5.439999999999998e-06,-1.6319999999999993e-05,3
2026-03-04 00:00:00+00:00,8.866e-05,7.301666666666666e-05,0.00021904999999999998,3
2026-03-05 00:00:00+00:00,1.159e-05,3.922666666666667e-05,0.00011768,3
2026-03-06 00:00:00+00:00,-0.00020248,-5.6366666666666663e-05,-0.0001691,3
2026-03-07 00:00:00+00:00,-0.00011905,-8.860666666666667e-05,-0.00026582,3
2026-03-08 00:00:00+00:00,-6.43e-05,-0.00011322333333333333,-0.00033967,3
2026-03-09 00:00:00+00:00,0.0001,3.195666666666667e-05,9.587000000000002e-05,3
2026-03-10 00:00:00+00:00,0.0001,0.0001,0.00030000000000000003,3
2026-03-11 00:00:00+00:00,7.219e-05,8.494666666666666e-05,0.00025484,3
2026-03-12 00:00:00+00:00,1.27e-05,2.4073333333333335e-05,7.222000000000001e-05,3
2026-03-13 00:00:00+00:00,6.955e-05,8.985e-05,0.00026955,3
2026-03-14 00:00:00+00:00,-9.433e-05,-2.7763333333333332e-05,-8.329e-05,3
2026-03-15 00:00:00+00:00,6.413e-05,5.073333333333331e-06,1.5219999999999993e-05,3
2026-03-16 00:00:00+00:00,6.947e-05,7.930333333333333e-05,0.00023791,3
2026-03-17 00:00:00+00:00,-3.903e-05,3.493333333333336e-06,1.0480000000000008e-05,3
2026-03-18 00:00:00+00:00,-6.868e-05,1.8216666666666668e-05,5.465e-05,3
2026-03-19 00:00:00+00:00,9.08e-05,4.930333333333334e-05,0.00014791,3
2026-03-20 00:00:00+00:00,2.198e-05,-1.5020000000000002e-05,-4.5060000000000006e-05,3
2026-03-21 00:00:00+00:00,4.306e-05,7.516666666666665e-06,2.2549999999999996e-05,3
2026-03-22 00:00:00+00:00,-0.00016997,-3.877666666666667e-05,-0.00011633,3
2026-03-23 00:00:00+00:00,7.672e-05,-4.1713333333333326e-05,-0.00012513999999999998,3
2026-03-24 00:00:00+00:00,4.36e-05,6.167333333333332e-05,0.00018502,3
2026-03-25 00:00:00+00:00,0.0001,0.0001,0.00030000000000000003,3
2026-03-26 00:00:00+00:00,4.465e-05,6.914333333333333e-05,0.00020743,3
2026-03-27 00:00:00+00:00,-0.000123,-0.00010586,-0.00031758000000000003,3
2026-03-28 00:00:00+00:00,3.479e-05,-1.1313333333333332e-05,-3.394e-05,3
2026-03-29 00:00:00+00:00,-8.837e-05,-5.277333333333333e-05,-0.00015832,3
2026-03-30 00:00:00+00:00,7.299e-05,4.3396666666666664e-05,0.00013019,3
2026-03-31 00:00:00+00:00,-6.27e-06,2.5456666666666666e-05,7.637e-05,3
2026-04-01 00:00:00+00:00,2.817e-05,7.605666666666667e-05,0.00022817,3
2026-04-02 00:00:00+00:00,-2.565e-05,-6.622333333333333e-05,-0.00019867,3
2026-04-03 00:00:00+00:00,0.0001,6.908000000000001e-05,0.00020724000000000003,3
2026-04-04 00:00:00+00:00,3.085e-05,5.493333333333333e-05,0.0001648,3
2026-04-05 00:00:00+00:00,-0.00011316,5.430000000000003e-06,1.629000000000001e-05,3
2026-04-06 00:00:00+00:00,0.0001,8.973666666666666e-05,0.00026921,3
2026-04-07 00:00:00+00:00,-0.00016854,-0.00016318333333333336,-0.0004895500000000001,3
2026-04-08 00:00:00+00:00,0.0001,0.0001,0.00030000000000000003,3
2026-04-09 00:00:00+00:00,0.0001,9.936666666666668e-05,0.00029810000000000004,3
2026-04-10 00:00:00+00:00,6.782e-05,8.927333333333333e-05,0.00026782,3
2026-04-11 00:00:00+00:00,3.532e-05,1.9893333333333335e-05,5.9680000000000005e-05,3
2026-04-12 00:00:00+00:00,3.797e-05,2.4743333333333334e-05,7.423e-05,3
2026-04-13 00:00:00+00:00,6.16e-05,2.501666666666667e-05,7.505000000000001e-05,3
2026-04-14 00:00:00+00:00,-1.192e-05,6.256333333333334e-05,0.00018769000000000001,3
2026-04-15 00:00:00+00:00,0.0001,1.546666666666667e-05,4.64e-05,3
2026-04-16 00:00:00+00:00,4.399e-05,8.133e-05,0.00024399,3
2026-04-17 00:00:00+00:00,0.0001,7.025e-05,0.00021075,3
2026-04-18 00:00:00+00:00,-6.459e-05,-4.1956666666666664e-05,-0.00012586999999999999,3
2026-04-19 00:00:00+00:00,7.504e-05,-5.96e-06,-1.7879999999999998e-05,3
2026-04-20 00:00:00+00:00,-6.52e-06,-8.686666666666666e-06,-2.6059999999999998e-05,3
2026-04-21 00:00:00+00:00,0.0001,5.9760000000000004e-05,0.00017928,3
2026-04-22 00:00:00+00:00,6.232e-05,8.502e-05,0.00025506,3
2026-04-23 00:00:00+00:00,1.815e-05,-2.5573333333333328e-05,-7.671999999999998e-05,3
2026-04-24 00:00:00+00:00,0.0001,4.727333333333334e-05,0.00014182000000000002,3
2026-04-25 00:00:00+00:00,-6.39e-05,3.0490000000000005e-05,9.147000000000002e-05,3
2026-04-26 00:00:00+00:00,0.0001,2.859e-05,8.577e-05,3
2026-04-27 00:00:00+00:00,-0.00013356,-0.00012394333333333332,-0.00037182999999999997,3
2026-04-28 00:00:00+00:00,3.227e-05,7.742333333333334e-05,0.00023227000000000002,3
2026-04-29 00:00:00+00:00,-7.389e-05,4.0306666666666665e-05,0.00012092,3
2026-04-30 00:00:00+00:00,3.933e-05,2.6563333333333334e-05,7.969e-05,3
2026-05-01 00:00:00+00:00,6.934e-05,8.411333333333333e-05,0.00025234,3
2026-05-02 00:00:00+00:00,-3.315e-05,-1.9936666666666665e-05,-5.981e-05,3
2026-05-03 00:00:00+00:00,0.0001,-1.423e-05,-4.269e-05,3
2026-05-04 00:00:00+00:00,1.07e-06,6.702333333333333e-05,0.00020107,3
2026-05-05 00:00:00+00:00,0.0001,0.0001,0.00030000000000000003,3
2026-05-06 00:00:00+00:00,6.83e-06,6.894333333333333e-05,0.00020683,3
2026-05-07 00:00:00+00:00,-1.849e-05,4.0486666666666666e-05,0.00012145999999999999,3
2026-05-08 00:00:00+00:00,0.0001,0.0001,0.00030000000000000003,3
2026-05-09 00:00:00+00:00,-1.43e-05,-1.237e-05,-3.711e-05,3
2026-05-10 00:00:00+00:00,4.122e-05,1.7730000000000005e-05,5.319000000000001e-05,3
2026-05-11 00:00:00+00:00,9.643e-05,6.322666666666668e-05,0.00018968,3
2026-05-12 00:00:00+00:00,-3.841e-05,3.454333333333334e-05,0.00010363000000000001,3
2026-05-13 00:00:00+00:00,-2.498e-05,4.413666666666666e-05,0.00013241,3
2026-05-14 00:00:00+00:00,0.0001,3.489666666666667e-05,0.00010469,3
2026-05-15 00:00:00+00:00,-0.00020903,-1.4539999999999998e-05,-4.361999999999999e-05,3
2026-05-16 00:00:00+00:00,4.978e-05,-4.5236666666666673e-05,-0.00013571000000000001,3
2026-05-17 00:00:00+00:00,5.1e-06,5.416e-05,0.00016248,3
2026-05-18 00:00:00+00:00,-5.811e-05,-1.3273333333333332e-05,-3.9819999999999995e-05,3
2026-05-19 00:00:00+00:00,9.36e-05,9.786666666666666e-05,0.0002936,3
2026-05-20 00:00:00+00:00,9.574e-05,6.912e-05,0.00020736000000000002,3
2026-05-21 00:00:00+00:00,2.034e-05,4.530333333333333e-05,0.00013591,3
2026-05-22 00:00:00+00:00,5.21e-06,6.840333333333334e-05,0.00020521000000000002,3
2026-05-23 00:00:00+00:00,-9.333e-05,-7.079e-05,-0.00021237,3
2026-05-24 00:00:00+00:00,-9.85e-06,3.3623333333333334e-05,0.00010087,3
2026-05-25 00:00:00+00:00,0.0001,6.391666666666667e-05,0.00019175,3
2026-05-26 00:00:00+00:00,6.582e-05,7.822666666666667e-05,0.00023468000000000002,3
2026-05-27 00:00:00+00:00,8.291e-05,4.456e-05,0.00013368,3
2026-05-28 00:00:00+00:00,-7.3e-07,-6.915000000000001e-05,-0.00020745000000000003,3
2026-05-29 00:00:00+00:00,0.0001,7.745333333333334e-05,0.00023236,3
2026-05-30 00:00:00+00:00,6.016e-05,8.672e-05,0.00026016,3
2026-05-31 00:00:00+00:00,-9.61e-06,3.6960000000000005e-05,0.00011088000000000001,3
2026-06-01 00:00:00+00:00,2.46e-05,2.2106666666666666e-05,6.632e-05,3
2026-06-02 00:00:00+00:00,-6.722e-05,5.410000000000004e-06,1.6230000000000012e-05,3
2026-06-03 00:00:00+00:00,6.505e-05,4.8616666666666665e-05,0.00014585,3
2026-06-04 00:00:00+00:00,-4.74e-06,9.463333333333333e-06,2.8389999999999998e-05,3
2026-06-05 00:00:00+00:00,-3.775e-05,-7.113333333333334e-06,-2.1340000000000002e-05,3
2026-06-06 00:00:00+00:00,-4.443e-05,-6.225666666666666e-05,-0.00018677,3
2026-06-07 00:00:00+00:00,-6.644e-05,-3.490666666666666e-05,-0.00010471999999999999,3
2026-06-08 00:00:00+00:00,-1.406e-05,1.8116666666666665e-05,5.435e-05,3
2026-06-09 00:00:00+00:00,-7.983e-05,-1.067e-05,-3.201e-05,3
2026-06-10 00:00:00+00:00,-7.794e-05,4.1999999999999937e-07,1.259999999999998e-06,3
2026-06-11 00:00:00+00:00,-3.69e-06,1.0273333333333335e-05,3.0820000000000006e-05,3
2026-06-12 00:00:00+00:00,-3.613e-05,1.3173333333333333e-05,3.952e-05,3
2026-06-13 00:00:00+00:00,4.5e-05,-2.0340000000000002e-05,-6.102e-05,3
2026-06-14 00:00:00+00:00,-9.469e-05,-4.126666666666667e-05,-0.0001238,3
2026-06-15 00:00:00+00:00,4.517e-05,5.2346666666666665e-05,0.00015704,3
2026-06-16 00:00:00+00:00,-5.338e-05,-1.1146666666666666e-05,-3.344e-05,3
2026-06-17 00:00:00+00:00,4.552e-05,3.4519999999999995e-05,0.00010355999999999999,3
2026-06-18 00:00:00+00:00,-8.195e-05,-0.00013080333333333332,-0.00039241,3
2026-06-19 00:00:00+00:00,-0.00010386,-8.580666666666667e-05,-0.00025742,3
2026-06-20 00:00:00+00:00,0.0001,1.1393333333333333e-05,3.418e-05,3
2026-06-21 00:00:00+00:00,-6.539e-05,4.487e-05,0.00013461000000000001,3
2026-06-22 00:00:00+00:00,1.086e-05,-1.4333333333333327e-06,-4.299999999999998e-06,3
2026-06-23 00:00:00+00:00,-1.977e-05,-2.7783333333333332e-05,-8.334999999999999e-05,3
2026-06-24 00:00:00+00:00,4.549e-05,6.532666666666667e-05,0.00019598,3
2026-06-25 00:00:00+00:00,-6.66e-05,-1.9513333333333335e-05,-5.8540000000000005e-05,3
2026-06-26 00:00:00+00:00,2.579e-05,3.5000000000000004e-06,1.0500000000000001e-05,3
2026-06-27 00:00:00+00:00,0.0001,8.323333333333333e-05,0.0002497,3
2026-06-28 00:00:00+00:00,0.0001,1.4393333333333335e-05,4.318e-05,3
2026-06-29 00:00:00+00:00,2.027e-05,1.9790000000000002e-05,5.937e-05,3
2026-06-30 00:00:00+00:00,3.92e-05,4.2646666666666666e-05,0.00012794,3
2026-07-01 00:00:00+00:00,3.036e-05,5.547e-05,0.00016641,3
2026-07-02 00:00:00+00:00,-5.147e-05,-3.4853333333333334e-05,-0.00010456,3
2026-07-03 00:00:00+00:00,-3.511e-05,8.593333333333333e-06,2.578e-05,3
2026-07-04 00:00:00+00:00,0.0001,7.697e-05,0.00023091000000000002,3
2026-07-05 00:00:00+00:00,6.805e-05,3.904333333333334e-05,0.00011713000000000001,3
2026-07-06 00:00:00+00:00,5.65e-05,6.603333333333334e-05,0.00019810000000000002,3
2026-07-07 00:00:00+00:00,-6.881e-05,-2.311e-05,-6.933e-05,3
2026-07-08 00:00:00+00:00,-1.747e-05,-1.223333333333333e-05,-3.669999999999999e-05,3
2026-07-09 00:00:00+00:00,9.698e-05,8.912e-05,0.00026736,3
2026-07-10 00:00:00+00:00,2e-08,4.874666666666667e-05,0.00014624,3
2026-07-11 00:00:00+00:00,8.096e-05,7.815e-05,0.00023445,3
2026-07-12 00:00:00+00:00,-0.00015792,-0.00013877666666666668,-0.00041633,3
2026-07-13 00:00:00+00:00,4.408e-05,3.4676666666666666e-05,0.00010402999999999999,3
2026-07-14 00:00:00+00:00,-1.797e-05,-1.3286666666666664e-05,-3.9859999999999994e-05,3
2026-07-15 00:00:00+00:00,0.0001,7.021666666666666e-05,0.00021065,3
2026-07-16 00:00:00+00:00,6.447e-05,5.1309999999999995e-05,0.00015392999999999998,3
2026-07-17 00:00:00+00:00,2.037e-05,1.7496666666666668e-05,5.249e-05,3
2026-07-18 00:00:00+00:00,-5.42e-05,-4.342333333333333e-05,-0.00013026999999999998,3
2026-07-19 00:00:00+00:00,-2.87e-05,7.680000000000001e-06,2.3040000000000003e-05,3
2026-07-20 00:00:00+00:00,-3.491e-05,-3.818666666666667e-05,-0.00011456000000000001,3
2026-07-21 00:00:00+00:00,-3.478e-05,4.501333333333334e-05,0.00013504,3
2026-07-22 00:00:00+00:00,8.405e-05,5.186666666666666e-05,0.0001556,3
2026-07-23 00:00:00+00:00,-0.00013746,-1.5396666666666664e-05,-4.618999999999999e-05,3
2026-07-24 00:00:00+00:00,2.225e-05,-1.4860000000000003e-05,-4.458000000000001e-05,3
2026-07-25 00:00:00+00:00,4.212e-05,2.607e-05,7.821e-05,3
2026-07-26 00:00:00+00:00,3.09e-06,6.769666666666667e-05,0.00020309,3
2026-07-27 00:00:00+00:00,0.0001,9.684333333333333e-05,0.00029053,3
2026-07-28 00:00:00+00:00,8.83e-06,4.272666666666667e-05,0.00012818,3
2026-07-29 00:00:00+00:00,0.0001,3.227000000000001e-05,9.681000000000002e-05,3
2026-07-30 00:00:00+00:00,2.749e-05,-8e-06,-2.4e-05,3
2026-07-31 00:00:00+00:00,5.887e-05,3.903333333333331e-06,1.1709999999999995e-05,3
2026-08-01 00:00:00+00:00,1.25e-05,2.9826666666666667e-05,8.948e-05,3
2026-08-02 00:00:00+00:00,0.0001,9.876666666666666e-06,2.963e-05,3
2026-08-03 00:00:00+00:00,1.775e-05,4.913333333333336e-06,1.4740000000000008e-05,3
2026-08-04 00:00:00+00:00,0.0001,9.899666666666667e-05,0.00029699,3
2026-08-05 00:00:00+00:00,8.329e-05,9.443e-05,0.00028329,3
2026-08-06 00:00:00+00:00,-7.268e-05,-4.4099999999999995e-05,-0.0001323,3
2026-08-07 00:00:00+00:00,-6.24e-05,-8.176666666666667e-05,-0.0002453,3
2026-08-08 00:00:00+00:00,2.82e-06,-4.270000000000001e-06,-1.2810000000000001e-05,3
2026-08-09 00:00:00+00:00,0.0001,7.653666666666667e-05,0.00022961,3
2026-08-10 00:00:00+00:00,-3.149e-05,5.233000000000001e-05,0.00015699000000000003,3
2026-08-11 00:00:00+00:00,-3.67e-06,4.2923333333333336e-05,0.00012877,3
2026-08-12 00:00:00+00:00,-2.647e-05,-5.759666666666667e-05,-0.00017279,3
2026-08-13 00:00:00+00:00,0.0001,6.503333333333335e-05,0.00019510000000000003,3
2026-08-14 00:00:00+00:00,1.739e-05,3.9666666666666664e-05,0.00011899999999999999,3
2026-08-15 00:00:00+00:00,9.298e-05,6.833333333333333e-05,0.000205,3
2026-08-16 00:00:00+00:00,-6.568e-05,-2.424e-05,-7.272e-05,3
2026-08-17 00:00:00+00:00,-8.533e-05,-1.9816666666666666e-05,-5.9449999999999995e-05,3
2026-08-18 00:00:00+00:00,5.371e-05,1.1566666666666686e-06,3.4700000000000057e-06,3
2026-08-19 00:00:00+00:00,6.043e-05,6.746e-05,0.00020238,3
2026-08-20 00:00:00+00:00,0.0001,0.0001,0.00030000000000000003,3
2026-08-21 00:00:00+00:00,0.0001,0.0001,0.00030000000000000003,3
2026-08-22 00:00:00+00:00,0.0001,0.0001,0.00030000000000000003,3
2026-08-23 00:00:00+00:00,0.0001,0.0001,0.00030000000000000003,3
2026-08-24 00:00:00+00:00,0.0001,0.0001,0.0001,1
