date,funding_rate_last,funding_rate_mean,funding_rate_sum,event_count
2021-06-29 00:00:00+00:00,0.0001,0.0001,0.0002,2
2021-06-30 00:00:00+00:00,0.0001,0.0001,0.00030000000000000003,3
2021-07-01 00:00:00+00:00,0.0001,0.0001,0.00030000000000000003,3
2021-07-02 00:00:00+00:00,0.0001,0.0001,0.00030000000000000003,3
2021-07-03 00:00:00+00:00,0.0001,0.0001,0.00030000000000000003,3
2021-07-04 00:00:00+00:00,0.0001,0.0001,0.00030000000000000003,3
2021-07-05 00:00:00+00:00,0.0001,0.0001,0.00030000000000000003,3
2021-07-06 00:00:00+00:00,0.0001,0.0001,0.00030000000000000003,3
2021-07-07 00:00:00+00:00,0.0001,0.0001,0.00030000000000000003,3
2021-07-08 00:00:00+00:00,0.0001,0.0001,0.00030000000000000003,3
2021-07-09 00:00:00+00:00,0.0001,0.0001,0.00030000000000000003,3
2021-07-10 00:00:00+00:00,0.0001,0.0001,0.00030000000000000003,3
2021-07-11 00:00:00+00:00,0.0001,0.0001,0.00030000000000000003,3
2021-07-12 00:00:00+00:00,0.0001,0.0001,0.00030000000000000003,3
2021-07-13 00:00:00+00:00,0.0001,0.0001,0.00030000000000000003,3
2021-07-14 00:00:00+00:00,0.0001,0.0001,0.00030000000000000003,3
2021-07-15 00:00:00+00:00,0.0001,0.0001,0.00030000000000000003,3
2021-07-16 00:00:00+00:00,0.0001,0.0001,0.00030000000000000003,3
2021-07-17 00:00:00+00:00,0.0001,0.0001,0.00030000000000000003,3
2021-07-18 00:00:00+00:00,0.0001,0.0001,0.00030000000000000003,3
2021-07-19 00:00:00+00:00,0.0001,0.0001,0.00030000000000000003,3
2021-07-20 00:00:00+00:00,0.0001,0.0001,0.00030000000000000003,3
2021-07-21 00:00:00+00:00,-6.799e-05,-4.459333333333334e-05,-0.00013378,3
2021-07-22 00:00:00+00:00,0.0001,4.58e-05,0.0001374,3
2021-07-23 00:00:00+00:00,8.725e-05,9.575000000000001e-05,0.00028725,3
2021-07-24 00:00:00+00:00,0.0001,0.0001,0.00030000000000000003,3
2021-07-25 00:00:00+00:00,0.0001,0.0001,0.00030000000000000003,3
2021-07-26 00:00:00+00:00,0.0001,0.0001,0.00030000000000000003,3
2021-07-27 00:00:00+00:00,0.0001,0.0001,0.00030000000000000003,3
2021-07-28 00:00:00+00:00,0.0001,0.0001,0.00030000000000000003,3
2021-07-29 00:00:00+00:00,0.0001,0.0001,0.00030000000000000003,3
2021-07-30 00:00:00+00:00,0.0001,0.0001,0.00030000000000000003,3
2021-07-31 00:00:00+00:00,0.0001,0.0001,0.00030000000000000003,3
2021-08-01 00:00:00+00:00,0.00023566,0.00014522000000000002,0.00043566000000000004,3
2021-08-02 00:00:00+00:00,0.0001,0.00012454,0.00037362,3
2021-08-03 00:00:00+00:00,0.0001,0.00011970666666666666,0.00035912,3
2021-08-04 00:00:00+00:00,0.0001,0.0001,0.00030000000000000003,3
2021-08-05 00:00:00+00:00,0.0001,0.0001,0.00030000000000000003,3
2021-08-06 00:00:00+00:00,0.00012177,0.00016201666666666668,0.00048605,3
2021-08-07 00:00:00+00:00,0.00030629,0.00018890666666666664,0.0005667199999999999,3
2021-08-08 00:00:00+00:00,0.00078577,0.0008657399999999999,0.00259722,3
2021-08-09 00:00:00+00:00,0.00041439,0.0005466833333333333,0.00164005,3
2021-08-10 00:00:00+00:00,0.00034623,0.00040412666666666663,0.0012123799999999999,3
2021-08-11 00:00:00+00:00,0.00055958,0.0004942533333333333,0.00148276,3
2021-08-12 00:00:00+00:00,0.00059838,0.0006932466666666667,0.00207974,3
2021-08-13 00:00:00+00:00,0.00016013,0.0003962133333333334,0.0011886400000000001,3
2021-08-14 00:00:00+00:00,0.00059723,0.0003542266666666667,0.00106268,3
2021-08-15 00:00:00+00:00,0.00077431,0.00066169,0.0019850700000000002,3
2021-08-16 00:00:00+00:00,0.00144224,0.0010801933333333333,0.00324058,3
2021-08-17 00:00:00+00:00,0.00133189,0.0013994566666666666,0.00419837,3
2021-08-18 00:00:00+00:00,0.00052,0.0009577633333333332,0.0028732899999999997,3
2021-08-19 00:00:00+00:00,0.00059042,0.00042875333333333335,0.00128626,3
2021-08-20 00:00:00+00:00,0.00086064,0.0005811133333333333,0.00174334,3
2021-08-21 00:00:00+00:00,0.00124763,0.0011631966666666666,0.00348959,3
2021-08-22 00:00:00+00:00,0.00075047,0.0009212733333333334,0.00276382,3
2021-08-23 00:00:00+00:00,0.00068483,0.0005898066666666667,0.0017694199999999998,3
2021-08-24 00:00:00+00:00,0.00112242,0.0010249133333333335,0.0030747400000000003,3
2021-08-25 00:00:00+00:00,0.00015624,0.0005290666666666667,0.0015872,3
2021-08-26 00:00:00+00:00,0.0001,0.0001,0.00030000000000000003,3
2021-08-27 00:00:00+00:00,0.0001,0.0001,0.00030000000000000003,3
2021-08-28 00:00:00+00:00,0.0001,0.0001,0.00030000000000000003,3
2021-08-29 00:00:00+00:00,0.00026588,0.00015529333333333333,0.00046588,3
2021-08-30 00:00:00+00:00,0.00046274,0.00046629,0.00139887,3
2021-08-31 00:00:00+00:00,0.00060897,0.00061372,0.00184116,3
2021-09-01 00:00:00+00:00,0.00125095,0.00119659,0.00358977,3
2021-09-02 00:00:00+00:00,0.00159827,0.0013400766666666665,0.00402023,3
2021-09-03 00:00:00+00:00,0.00040185,0.0009349466666666666,0.00280484,3
2021-09-04 00:00:00+00:00,0.00056081,0.0006216733333333334,0.00186502,3
2021-09-05 00:00:00+00:00,0.00158704,0.0011780533333333332,0.0035341599999999997,3
2021-09-06 00:00:00+00:00,0.00194962,0.00200154,0.0060046200000000004,3
2021-09-07 00:00:00+00:00,0.0001,0.0006529566666666668,0.00195887,3
2021-09-08 00:00:00+00:00,0.00026016,0.0003985166666666667,0.00119555,3
2021-09-09 00:00:00+00:00,0.00010799,0.00010266333333333334,0.00030799,3
2021-09-10 00:00:00+00:00,0.00013098,0.00011032666666666668,0.00033098000000000003,3
2021-09-11 00:00:00+00:00,0.00019588,0.00013196,0.00039588000000000004,3
2021-09-12 00:00:00+00:00,0.00037987,0.00019329000000000001,0.00057987,3
2021-09-13 00:00:00+00:00,0.00068353,0.0006110266666666666,0.00183308,3
2021-09-14 00:00:00+00:00,0.0001,0.00012772333333333334,0.00038317,3
2021-09-15 00:00:00+00:00,0.0001,0.00011827333333333333,0.00035482,3
2021-09-16 00:00:00+00:00,0.00051346,0.00026448,0.00079344,3
2021-09-17 00:00:00+00:00,0.00128848,0.0010532733333333333,0.00315982,3
2021-09-18 00:00:00+00:00,0.0003195,0.0007126266666666667,0.00213788,3
2021-09-19 00:00:00+00:00,0.0001,0.0001,0.00030000000000000003,3
2021-09-20 00:00:00+00:00,0.00022666,0.0002158533333333333,0.0006475599999999999,3
2021-09-21 00:00:00+00:00,0.0001,0.0001,0.00030000000000000003,3
2021-09-22 00:00:00+00:00,0.0001,0.0001,0.00030000000000000003,3
2021-09-23 00:00:00+00:00,0.0001,-8.200000000000001e-07,-2.46e-06,3
2021-09-24 00:00:00+00:00,0.0001,0.0001,0.00030000000000000003,3
2021-09-25 00:00:00+00:00,0.0001,0.0001,0.00030000000000000003,3
2021-09-26 00:00:00+00:00,0.0001,0.0001,0.00030000000000000003,3
2021-09-27 00:00:00+00:00,0.0001,0.0001,0.00030000000000000003,3
2021-09-28 00:00:00+00:00,0.0001,0.0001,0.00030000000000000003,3
2021-09-29 00:00:00+00:00,0.0001,0.0001,0.00030000000000000003,3
2021-09-30 00:00:00+00:00,0.0001,0.0001,0.00030000000000000003,3
2021-10-01 00:00:00+00:00,0.0001,0.0001,0.00030000000000000003,3
2021-10-02 00:00:00+00:00,0.0001,0.0001,0.00030000000000000003,3
2021-10-03 00:00:00+00:00,0.0001,0.0001,0.00030000000000000003,3
2021-10-04 00:00:00+00:00,0.00023013,0.00014337666666666669,0.00043013000000000003,3
2021-10-05 00:00:00+00:00,0.000336,0.00025329666666666666,0.00075989,3
2021-10-06 00:00:00+00:00,0.00082757,0.0006765466666666667,0.00202964,3
2021-10-07 00:00:00+00:00,0.00086253,0.00071241,0.00213723,3
2021-10-08 00:00:00+00:00,0.00051447,0.0007134,0.0021402,3
2021-10-09 00:00:00+00:00,0.00017636,0.00029356,0.00088068,3
2021-10-10 00:00:00+00:00,0.00106383,0.0008283133333333334,0.00248494,3
2021-10-11 00:00:00+00:00,0.00035597,0.0007498499999999999,0.00224955,3
2021-10-12 00:00:00+00:00,0.0001,0.0001676733333333333,0.00050302,3
2021-10-13 00:00:00+00:00,0.00013687,0.00011229000000000001,0.00033687,3
2021-10-14 00:00:00+00:00,0.00043653,0.00038827999999999996,0.0011648399999999999,3
2021-10-15 00:00:00+00:00,0.00062713,0.0006973933333333333,0.00209218,3
2021-10-16 00:00:00+00:00,0.0008219,0.0004968300000000001,0.0014904900000000001,3
2021-10-17 00:00:00+00:00,0.00115257,0.0011974233333333334,0.00359227,3
2021-10-18 00:00:00+00:00,0.00062411,0.0009096566666666666,0.00272897,3
2021-10-19 00:00:00+00:00,0.00034875,0.00032807666666666665,0.00098423,3
2021-10-20 00:00:00+00:00,0.00048687,0.0004979066666666666,0.00149372,3
2021-10-21 00:00:00+00:00,0.00094036,0.0006087266666666667,0.0018261800000000002,3
2021-10-22 00:00:00+00:00,0.00085632,0.0009075400000000001,0.0027226200000000002,3
2021-10-23 00:00:00+00:00,0.00090456,0.0009359633333333333,0.00280789,3
2021-10-24 00:00:00+00:00,0.00146047,0.00118439,0.00355317,3
2021-10-25 00:00:00+00:00,0.00080761,0.0011313766666666667,0.00339413,3
2021-10-26 00:00:00+00:00,0.00063341,0.0005305866666666666,0.00159176,3
2021-10-27 00:00:00+00:00,0.00088707,0.0007908733333333333,0.0023726199999999998,3
2021-10-28 00:00:00+00:00,0.0001,0.00010483999999999999,0.00031452,3
2021-10-29 00:00:00+00:00,0.0001,0.0001,0.00030000000000000003,3
2021-10-30 00:00:00+00:00,0.00031118,0.00017604333333333332,0.0005281299999999999,3
2021-10-31 00:00:00+00:00,0.00057489,0.00043099999999999996,0.0012929999999999999,3
2021-11-01 00:00:00+00:00,0.00018958,0.00037247666666666664,0.00111743,3
2021-11-02 00:00:00+00:00,0.0005305,0.0005071633333333334,0.0015214900000000001,3
2021-11-03 00:00:00+00:00,0.00075927,0.0008024766666666666,0.00240743,3
2021-11-04 00:00:00+00:00,0.0001,0.00023812333333333332,0.00071437,3
2021-11-05 00:00:00+00:00,0.00013332,0.00011518,0.00034554000000000003,3
2021-11-06 00:00:00+00:00,0.0001,0.00033612333333333334,0.00100837,3
2021-11-07 00:00:00+00:00,0.0001,0.0001,0.00030000000000000003,3
2021-11-08 00:00:00+00:00,0.00127894,0.0007434133333333332,0.0022302399999999997,3
2021-11-09 00:00:00+00:00,0.00154603,0.0016061766666666665,0.00481853,3
2021-11-10 00:00:00+00:00,0.00151083,0.00155951,0.00467853,3
2021-11-11 00:00:00+00:00,0.00090238,0.00128697,0.00386091,3
2021-11-12 00:00:00+00:00,0.00053639,0.00071373,0.00214119,3
2021-11-13 00:00:00+00:00,0.00034888,0.00035824333333333327,0.0010747299999999999,3
2021-11-14 00:00:00+00:00,0.00015472,0.00013596333333333333,0.00040789,3
2021-11-15 00:00:00+00:00,0.0001,0.0001,0.00030000000000000003,3
2021-11-16 00:00:00+00:00,0.0001,0.0001,0.00030000000000000003,3
2021-11-17 00:00:00+00:00,0.0001,0.0001,0.00030000000000000003,3
2021-11-18 00:00:00+00:00,0.0001,0.0001,0.00030000000000000003,3
2021-11-19 00:00:00+00:00,0.0001,0.0001,0.00030000000000000003,3
2021-11-20 00:00:00+00:00,0.0001,0.0001,0.00030000000000000003,3
2021-11-21 00:00:00+00:00,0.0001,0.0001,0.00030000000000000003,3
2021-11-22 00:00:00+00:00,0.0001,0.00013148,0.00039444,3
2021-11-23 00:00:00+00:00,0.0001,0.0001,0.00030000000000000003,3
2021-11-24 00:00:00+00:00,0.0001,0.0001,0.00030000000000000003,3
2021-11-25 00:00:00+00:00,0.0001653,0.00013623666666666667,0.00040871,3
2021-11-26 00:00:00+00:00,0.0005394,0.00030234,0.00090702,3
2021-11-27 00:00:00+00:00,0.0001,0.0001,0.00030000000000000003,3
2021-11-28 00:00:00+00:00,0.0001,0.0001,0.00030000000000000003,3
2021-11-29 00:00:00+00:00,0.0001,0.0001,0.00030000000000000003,3
2021-11-30 00:00:00+00:00,0.0001,0.0001,0.00030000000000000003,3
2021-12-01 00:00:00+00:00,0.0001,0.0001,0.00030000000000000003,3
2021-12-02 00:00:00+00:00,0.0001,0.0001,0.00030000000000000003,3
2021-12-03 00:00:00+00:00,0.0001,0.0001,0.00030000000000000003,3
2021-12-04 00:00:00+00:00,0.0001,0.0001,0.00030000000000000003,3
2021-12-05 00:00:00+00:00,0.0001,-5.726666666666665e-06,-1.7179999999999995e-05,3
2021-12-06 00:00:00+00:00,0.0001,0.0001,0.00030000000000000003,3
2021-12-07 00:00:00+00:00,8.176e-05,9.392000000000001e-05,0.00028176000000000004,3
2021-12-08 00:00:00+00:00,0.0001,0.0001,0.00030000000000000003,3
2021-12-09 00:00:00+00:00,0.0001,0.0001,0.00030000000000000003,3
2021-12-10 00:00:00+00:00,0.0001,0.0001,0.00030000000000000003,3
2021-12-11 00:00:00+00:00,0.0001,0.0001,0.00030000000000000003,3
2021-12-12 00:00:00+00:00,0.0001,0.0001,0.00030000000000000003,3
2021-12-13 00:00:00+00:00,0.0001,0.0001,0.00030000000000000003,3
2021-12-14 00:00:00+00:00,0.0001,8.836333333333333e-05,0.00026509,3
2021-12-15 00:00:00+00:00,0.0001,0.0001,0.00030000000000000003,3
2021-12-16 00:00:00+00:00,0.0001,0.0001,0.00030000000000000003,3
2021-12-17 00:00:00+00:00,0.0001,5.751333333333333e-05,0.00017254,3
2021-12-18 00:00:00+00:00,0.0001,0.0001,0.00030000000000000003,3
2021-12-19 00:00:00+00:00,6.211e-05,7.467333333333334e-05,0.00022402,3
2021-12-20 00:00:00+00:00,0.0001,0.0001,0.00030000000000000003,3
2021-12-21 00:00:00+00:00,0.0001,0.0001,0.00030000000000000003,3
2021-12-22 00:00:00+00:00,0.0001,0.0001,0.00030000000000000003,3
2021-12-23 00:00:00+00:00,0.0001,0.0001,0.00030000000000000003,3
2021-12-24 00:00:00+00:00,0.00048534,0.00022844666666666666,0.00068534,3
2021-12-25 00:00:00+00:00,0.0001,0.00020085333333333334,0.00060256,3
2021-12-26 00:00:00+00:00,0.0001,0.0001,0.00030000000000000003,3
2021-12-27 00:00:00+00:00,0.0001,0.0001,0.00030000000000000003,3
2021-12-28 00:00:00+00:00,0.00030672,0.00016890666666666667,0.00050672,3
2021-12-29 00:00:00+00:00,0.0001,0.00015969,0.00047907000000000006,3
2021-12-30 00:00:00+00:00,0.0001,0.0001,0.00030000000000000003,3
2021-12-31 00:00:00+00:00,0.0001,0.0001,0.00030000000000000003,3
2022-01-01 00:00:00+00:00,0.0001,0.0001,0.00030000000000000003,3
2022-01-02 00:00:00+00:00,0.0001,0.0001,0.00030000000000000003,3
2022-01-03 00:00:00+00:00,0.0001,0.0001,0.00030000000000000003,3
2022-01-04 00:00:00+00:00,0.00020764,0.0001646266666666667,0.00049388,3
2022-01-05 00:00:00+00:00,0.0001,0.0001,0.00030000000000000003,3
2022-01-06 00:00:00+00:00,0.0001,0.00010284999999999999,0.00030855,3
2022-01-07 00:00:00+00:00,0.0001,0.0001,0.00030000000000000003,3
2022-01-08 00:00:00+00:00,0.0001,0.0001,0.00030000000000000003,3
2022-01-09 00:00:00+00:00,0.0001,0.0001,0.00030000000000000003,3
2022-01-10 00:00:00+00:00,0.0001,0.0001,0.00030000000000000003,3
2022-01-11 00:00:00+00:00,0.0001,0.0001,0.00030000000000000003,3
2022-01-12 00:00:00+00:00,0.0001,0.0001,0.00030000000000000003,3
2022-01-13 00:00:00+00:00,0.0001,0.0001,0.00030000000000000003,3
2022-01-14 00:00:00+00:00,0.0001,0.0001,0.00030000000000000003,3
2022-01-15 00:00:00+00:00,0.0001,0.0001,0.00030000000000000003,3
2022-01-16 00:00:00+00:00,0.0001,0.0001,0.00030000000000000003,3
2022-01-17 00:00:00+00:00,0.0001,0.0001,0.00030000000000000003,3
2022-01-18 00:00:00+00:00,0.0001,0.00010623,0.00031869,3
2022-01-19 00:00:00+00:00,0.0001,0.0001,0.00030000000000000003,3
2022-01-20 00:00:00+00:00,0.0001,0.0001,0.00030000000000000003,3
2022-01-21 00:00:00+00:00,0.0001,0.0001,0.00030000000000000003,3
2022-01-22 00:00:00+00:00,8.001e-05,9.333666666666667e-05,0.00028001,3
2022-01-23 00:00:00+00:00,-0.00011971,-0.00018002333333333334,-0.00054007,3
2022-01-24 00:00:00+00:00,0.0001,4.717666666666667e-05,0.00014153,3
2022-01-25 00:00:00+00:00,-0.00014416,8.9e-07,2.67e-06,3
2022-01-26 00:00:00+00:00,-9.98e-05,-9.018999999999999e-05,-0.00027057,3
2022-01-27 00:00:00+00:00,-0.0001084,-0.00010405666666666665,-0.00031216999999999996,3
2022-01-28 00:00:00+00:00,-9.985e-05,2.7930000000000002e-05,8.379000000000001e-05,3
2022-01-29 00:00:00+00:00,0.0001,2.335000000000001e-05,7.005000000000002e-05,3
2022-01-30 00:00:00+00:00,4.633e-05,4.701e-05,0.00014103,3
2022-01-31 00:00:00+00:00,0.0001,4.2113333333333336e-05,0.00012634,3
2022-02-01 00:00:00+00:00,-7.733e-05,-6.0216666666666655e-05,-0.00018064999999999997,3
2022-02-02 00:00:00+00:00,0.0001,-6.280666666666665e-05,-0.00018841999999999996,3
2022-02-03 00:00:00+00:00,0.0001,4.0100000000000006e-05,0.00012030000000000001,3
2022-02-04 00:00:00+00:00,1.032e-05,1.08e-05,3.24e-05,3
2022-02-05 00:00:00+00:00,8.15e-05,4.373333333333332e-06,1.3119999999999996e-05,3
2022-02-06 00:00:00+00:00,0.0001,0.0001,0.00030000000000000003,3
2022-02-07 00:00:00+00:00,0.0001,0.0001,0.00030000000000000003,3
2022-02-08 00:00:00+00:00,0.0001,0.0001,0.00030000000000000003,3
2022-02-09 00:00:00+00:00,5.807e-05,8.602333333333333e-05,0.00025807,3
2022-02-10 00:00:00+00:00,0.0001,0.0001,0.00030000000000000003,3
2022-02-11 00:00:00+00:00,0.0001,2.476666666666667e-05,7.430000000000002e-05,3
2022-02-12 00:00:00+00:00,0.0001,0.0001,0.00030000000000000003,3
2022-02-13 00:00:00+00:00,0.0001,-3.787e-05,-0.00011361,3
2022-02-14 00:00:00+00:00,-3.912e-05,2.558e-05,7.674e-05,3
2022-02-15 00:00:00+00:00,-1.688e-05,1.0740000000000002e-05,3.2220000000000007e-05,3
2022-02-16 00:00:00+00:00,0.0001,5.626666666666667e-05,0.0001688,3
2022-02-17 00:00:00+00:00,0.0001,0.0001,0.00030000000000000003,3
2022-02-18 00:00:00+00:00,0.0001,0.0001,0.00030000000000000003,3
2022-02-19 00:00:00+00:00,0.0001,2.3743333333333337e-05,7.123000000000001e-05,3
2022-02-20 00:00:00+00:00,0.0001,8.291e-05,0.00024873,3
2022-02-21 00:00:00+00:00,-0.00012688,-6.120000000000001e-05,-0.00018360000000000002,3
2022-02-22 00:00:00+00:00,-0.00011737,-2.3666666666666655e-06,-7.099999999999996e-06,3
2022-02-23 00:00:00+00:00,-0.00023835,-0.00012326333333333332,-0.00036979,3
2022-02-24 00:00:00+00:00,-6.42e-05,-4.046666666666667e-06,-1.2140000000000002e-05,3
2022-02-25 00:00:00+00:00,0.0001,5.113666666666667e-05,0.00015341,3
2022-02-26 00:00:00+00:00,8.682e-05,4.123333333333333e-05,0.0001237,3
2022-02-27 00:00:00+00:00,-6.699e-05,-4.2193333333333335e-05,-0.00012658,3
2022-02-28 00:00:00+00:00,0.0001,4.8339999999999995e-05,0.00014502,3
2022-03-01 00:00:00+00:00,0.0001,4.926e-05,0.00014778,3
2022-03-02 00:00:00+00:00,0.0001,0.0001,0.00030000000000000003,3
2022-03-03 00:00:00+00:00,0.0001,0.0001,0.00030000000000000003,3
2022-03-04 00:00:00+00:00,0.0001,0.0001,0.00030000000000000003,3
2022-03-05 00:00:00+00:00,1.75e-06,6.725e-05,0.00020175,3
2022-03-06 00:00:00+00:00,0.0001,4.783000000000001e-05,0.00014349000000000002,3
2022-03-07 00:00:00+00:00,9.306e-05,9.768666666666667e-05,0.00029306,3
2022-03-08 00:00:00+00:00,0.0001,5.148666666666667e-05,0.00015446,3
2022-03-09 00:00:00+00:00,0.0001,9.092666666666667e-05,0.00027278000000000003,3
2022-03-10 00:00:00+00:00,0.0001,0.0001,0.00030000000000000003,3
2022-03-11 00:00:00+00:00,0.0001,0.0001,0.00030000000000000003,3
2022-03-12 00:00:00+00:00,0.0001,0.0001,0.00030000000000000003,3
2022-03-13 00:00:00+00:00,0.0001,0.0001,0.00030000000000000003,3
2022-03-14 00:00:00+00:00,0.0001,0.0001,0.00030000000000000003,3
2022-03-15 00:00:00+00:00,0.0001,0.0001,0.00030000000000000003,3
2022-03-16 00:00:00+00:00,0.0001,0.0001,0.00030000000000000003,3
2022-03-17 00:00:00+00:00,0.0001,0.0001,0.00030000000000000003,3
2022-03-18 00:00:00+00:00,0.0001,9.253333333333334e-05,0.0002776,3
2022-03-19 00:00:00+00:00,0.0001,0.0001,0.00030000000000000003,3
2022-03-20 00:00:00+00:00,0.0001,8.177666666666667e-05,0.00024533,3
2022-03-21 00:00:00+00:00,0.0001,0.0001,0.00030000000000000003,3
2022-03-22 00:00:00+00:00,0.0001,9.242333333333334e-05,0.00027727000000000003,3
2022-03-23 00:00:00+00:00,0.0001,7.26e-05,0.0002178,3
2022-03-24 00:00:00+00:00,0.0001,0.0001,0.00030000000000000003,3
2022-03-25 00:00:00+00:00,0.0001,0.0001,0.00030000000000000003,3
2022-03-26 00:00:00+00:00,0.0001,0.0001,0.00030000000000000003,3
2022-03-27 00:00:00+00:00,0.0001,0.0001,0.00030000000000000003,3
2022-03-28 00:00:00+00:00,0.0001,4.5900000000000004e-05,0.0001377,3
2022-03-29 00:00:00+00:00,0.0001,0.0001,0.00030000000000000003,3
2022-03-30 00:00:00+00:00,0.0001,0.0001,0.00030000000000000003,3
2022-03-31 00:00:00+00:00,0.0001,0.0001,0.00030000000000000003,3
2022-04-01 00:00:00+00:00,0.0001,0.0001,0.00030000000000000003,3
2022-04-02 00:00:00+00:00,0.0001,0.0001,0.00030000000000000003,3
2022-04-03 00:00:00+00:00,0.0001,0.0001,0.00030000000000000003,3
2022-04-04 00:00:00+00:00,0.0001,0.0001,0.00030000000000000003,3
2022-04-05 00:00:00+00:00,0.0001,0.0001,0.00030000000000000003,3
2022-04-06 00:00:00+00:00,0.0001,0.0001,0.00030000000000000003,3
2022-04-07 00:00:00+00:00,0.0001,0.0001,0.00030000000000000003,3
2022-04-08 00:00:00+00:00,0.0001,0.0001,0.00030000000000000003,3
2022-04-09 00:00:00+00:00,7.327e-05,9.109e-05,0.00027327,3
2022-04-10 00:00:00+00:00,0.0001,9.786666666666666e-05,0.0002936,3
2022-04-11 00:00:00+00:00,0.0001,2.6346666666666666e-05,7.904e-05,3
2022-04-12 00:00:00+00:00,6.097e-05,8.699e-05,0.00026097,3
2022-04-13 00:00:00+00:00,0.0001,4.183333333333335e-06,1.2550000000000007e-05,3
2022-04-14 00:00:00+00:00,0.0001,5.8973333333333333e-05,0.00017692,3
2022-04-15 00:00:00+00:00,5.282e-05,6.393333333333333e-05,0.0001918,3
2022-04-16 00:00:00+00:00,5.855e-05,5.933333333333333e-06,1.78e-05,3
2022-04-17 00:00:00+00:00,0.0001,5.751333333333333e-05,0.00017254,3
2022-04-18 00:00:00+00:00,-2.218e-05,5.9273333333333334e-05,0.00017782,3
2022-04-19 00:00:00+00:00,4.538e-05,-3.2603333333333333e-05,-9.781e-05,3
2022-04-20 00:00:00+00:00,9.604e-05,9.868000000000001e-05,0.00029604,3
2022-04-21 00:00:00+00:00,0.0001,8.930333333333333e-05,0.00026791,3
2022-04-22 00:00:00+00:00,0.0001,8.529e-05,0.00025587,3
2022-04-23 00:00:00+00:00,0.0001,3.6336666666666674e-05,0.00010901000000000002,3
2022-04-24 00:00:00+00:00,0.0001,6.100333333333333e-05,0.00018301,3
2022-04-25 00:00:00+00:00,2.423e-05,4.900666666666667e-05,0.00014702,3
2022-04-26 00:00:00+00:00,0.0001,-2.929333333333333e-05,-8.787999999999999e-05,3
2022-04-27 00:00:00+00:00,2.09e-06,6.433333333333331e-06,1.929999999999999e-05,3
2022-04-28 00:00:00+00:00,1.241e-05,-3.6223333333333336e-05,-0.00010867,3
2022-04-29 00:00:00+00:00,-0.00014385,-4.9976666666666665e-05,-0.00014993,3
2022-04-30 00:00:00+00:00,0.0001,2.0043333333333335e-05,6.013e-05,3
2022-05-01 00:00:00+00:00,-0.00050484,-0.0003263066666666667,-0.00097892,3
2022-05-02 00:00:00+00:00,-4.86e-05,-0.0002255466666666667,-0.00067664,3
2022-05-03 00:00:00+00:00,-0.00028514,-0.00018484666666666668,-0.0005545400000000001,3
2022-05-04 00:00:00+00:00,-5.857e-05,-4.4156666666666663e-05,-0.00013246999999999998,3
2022-05-05 00:00:00+00:00,0.0001,-2.9413333333333335e-05,-8.824000000000001e-05,3
2022-05-06 00:00:00+00:00,0.0001,-0.00011742000000000001,-0.00035226,3
2022-05-07 00:00:00+00:00,-0.00028787,-0.00016217333333333334,-0.00048652000000000005,3
2022-05-08 00:00:00+00:00,9.31e-06,-9.379666666666665e-05,-0.00028138999999999996,3
2022-05-09 00:00:00+00:00,-4.351e-05,-0.00010315333333333334,-0.00030946,3
2022-05-10 00:00:00+00:00,7.689e-05,-0.0001418133333333333,-0.00042543999999999997,3
2022-05-11 00:00:00+00:00,-0.00033428,-0.00034315666666666665,-0.00102947,3
2022-05-12 00:00:00+00:00,-0.00118164,-0.00120912,-0.00362736,3
2022-05-13 00:00:00+00:00,-0.00040503,-0.00107943,-0.00323829,3
2022-05-14 00:00:00+00:00,-0.00050888,-0.00031642,-0.00094926,3
2022-05-15 00:00:00+00:00,-7.248e-05,-0.00028176,-0.00084528,3
2022-05-16 00:00:00+00:00,-0.00029545,-0.00020108,-0.00060324,3
2022-05-17 00:00:00+00:00,-0.00017234,-0.00017566333333333332,-0.00052699,3
2022-05-18 00:00:00+00:00,-0.00014155,-2.837333333333333e-05,-8.512e-05,3
2022-05-19 00:00:00+00:00,-6.849e-05,-0.00012651,-0.00037953,3
2022-05-20 00:00:00+00:00,-0.0001993,-4.569999999999999e-05,-0.00013709999999999997,3
2022-05-21 00:00:00+00:00,0.0001,-3.1859999999999997e-05,-9.557999999999999e-05,3
2022-05-22 00:00:00+00:00,-2.43e-06,-8.371666666666666e-05,-0.00025115,3
2022-05-23 00:00:00+00:00,3.118e-05,-7.263333333333331e-06,-2.1789999999999993e-05,3
2022-05-24 00:00:00+00:00,-0.00012736,-1.7233333333333333e-05,-5.1699999999999996e-05,3
2022-05-25 00:00:00+00:00,0.0001,-8.133333333333332e-06,-2.4399999999999997e-05,3
2022-05-26 00:00:00+00:00,-0.00012775,6.813333333333338e-06,2.0440000000000014e-05,3
2022-05-27 00:00:00+00:00,-0.00024664,-0.00017591000000000001,-0.00052773,3
2022-05-28 00:00:00+00:00,5.8e-05,-3.424333333333334e-05,-0.00010273000000000001,3
2022-05-29 00:00:00+00:00,-1.218e-05,-3.719666666666666e-05,-0.00011159,3
2022-05-30 00:00:00+00:00,-2.495e-05,2.3100000000000002e-05,6.93e-05,3
2022-05-31 00:00:00+00:00,0.0001,4.931e-05,0.00014793,3
2022-06-01 00:00:00+00:00,2.506e-05,7.032e-05,0.00021096,3
2022-06-02 00:00:00+00:00,-0.0001073,-7.328666666666667e-05,-0.00021986,3
2022-06-03 00:00:00+00:00,-0.00010762,-0.00010105666666666667,-0.00030317,3
2022-06-04 00:00:00+00:00,-0.00041582,-0.00014672666666666666,-0.00044018,3
2022-06-05 00:00:00+00:00,-0.00023218,-0.00018519666666666666,-0.00055559,3
2022-06-06 00:00:00+00:00,-9.431e-05,-0.00018459,-0.00055377,3
2022-06-07 00:00:00+00:00,1.01e-06,-5.715333333333334e-05,-0.00017146000000000002,3
2022-06-08 00:00:00+00:00,-0.00020322,-0.00019215333333333332,-0.00057646,3
2022-06-09 00:00:00+00:00,-6.017e-05,4.1299999999999986e-06,1.2389999999999995e-05,3
2022-06-10 00:00:00+00:00,-1.688e-05,-9.546666666666666e-06,-2.8639999999999997e-05,3
2022-06-11 00:00:00+00:00,-2.99e-05,-7.486666666666667e-05,-0.00022459999999999998,3
2022-06-12 00:00:00+00:00,-0.00042561,-0.00039406000000000006,-0.0011821800000000001,3
2022-06-13 00:00:00+00:00,-0.00048477,-0.00029706333333333335,-0.00089119,3
2022-06-14 00:00:00+00:00,-0.00033943,-0.0003098766666666667,-0.0009296300000000001,3
2022-06-15 00:00:00+00:00,-9.787e-05,-9.730666666666666e-05,-0.00029192,3
2022-06-16 00:00:00+00:00,-0.00025508,-0.00017101666666666663,-0.0005130499999999999,3
2022-06-17 00:00:00+00:00,-0.00045371,-0.00021056333333333336,-0.0006316900000000001,3
2022-06-18 00:00:00+00:00,-0.00012056,-6.311333333333332e-05,-0.00018933999999999997,3
2022-06-19 00:00:00+00:00,-0.00010669,-0.00029341,-0.0008802300000000001,3
2022-06-20 00:00:00+00:00,-0.00031101,-0.00015662666666666666,-0.00046988,3
2022-06-21 00:00:00+00:00,-0.00017611,-7.067e-05,-0.00021201,3
2022-06-22 00:00:00+00:00,-0.00023936,-0.0003494633333333333,-0.00104839,3
2022-06-23 00:00:00+00:00,0.0001,-7.826666666666666e-06,-2.348e-05,3
2022-06-24 00:00:00+00:00,-5.455e-05,-5.098e-05,-0.00015294,3
2022-06-25 00:00:00+00:00,5.345e-05,-1.8753333333333332e-05,-5.625999999999999e-05,3
2022-06-26 00:00:00+00:00,8.039e-05,3.2806666666666665e-05,9.842e-05,3
2022-06-27 00:00:00+00:00,-0.00013272,-8.658e-05,-0.00025974,3
2022-06-28 00:00:00+00:00,-0.00013993,-7.872333333333333e-05,-0.00023617,3
2022-06-29 00:00:00+00:00,3.5e-07,-5.104e-05,-0.00015312,3
2022-06-30 00:00:00+00:00,-0.00019122,-1.4999999999999462e-07,-4.4999999999998383e-07,3
2022-07-01 00:00:00+00:00,1.105e-05,-2.8539999999999998e-05,-8.562e-05,3
2022-07-02 00:00:00+00:00,-7.776e-05,-5.915e-05,-0.00017745,3
2022-07-03 00:00:00+00:00,-6.21e-06,3.3799999999999994e-06,1.0139999999999998e-05,3
2022-07-04 00:00:00+00:00,-4.17e-05,-7.053e-05,-0.00021159,3
2022-07-05 00:00:00+00:00,7.813e-05,-3.359666666666667e-05,-0.00010079000000000002,3
2022-07-06 00:00:00+00:00,2.361e-05,-1.9276666666666664e-05,-5.7829999999999993e-05,3
2022-07-07 00:00:00+00:00,-7.069e-05,2.7126666666666666e-05,8.138e-05,3
2022-07-08 00:00:00+00:00,-0.00012187,-2.4903333333333333e-05,-7.471e-05,3
2022-07-09 00:00:00+00:00,0.0001,7.069e-05,0.00021207000000000002,3
2022-07-10 00:00:00+00:00,0.0001,9.914666666666667e-05,0.00029744,3
2022-07-11 00:00:00+00:00,-1.7e-05,6.1e-05,0.000183,3
2022-07-12 00:00:00+00:00,-9.555e-05,-6.122333333333334e-05,-0.00018367,3
2022-07-13 00:00:00+00:00,-0.00023773,-0.00012420666666666666,-0.00037262,3
2022-07-14 00:00:00+00:00,-4.104e-05,-2.633333333333333e-05,-7.9e-05,3
2022-07-15 00:00:00+00:00,-2.258e-05,-2.1846666666666665e-05,-6.554e-05,3
2022-07-16 00:00:00+00:00,0.0001,5.235e-05,0.00015705,3
2022-07-17 00:00:00+00:00,5.77e-06,6.069666666666667e-05,0.00018209,3
2022-07-18 00:00:00+00:00,0.0001,7.142666666666667e-05,0.00021428000000000002,3
2022-07-19 00:00:00+00:00,0.0001,0.0001,0.00030000000000000003,3
2022-07-20 00:00:00+00:00,0.0001,0.0001,0.00030000000000000003,3
2022-07-21 00:00:00+00:00,0.0001,0.0001,0.00030000000000000003,3
2022-07-22 00:00:00+00:00,0.0001,0.0001,0.00030000000000000003,3
2022-07-23 00:00:00+00:00,0.0001,0.0001,0.00030000000000000003,3
2022-07-24 00:00:00+00:00,0.0001,9.435333333333334e-05,0.00028306,3
2022-07-25 00:00:00+00:00,-7.846e-05,4.051333333333334e-05,0.00012154,3
2022-07-26 00:00:00+00:00,6.959e-05,2.5273333333333334e-05,7.582e-05,3
2022-07-27 00:00:00+00:00,-0.00012487,-1.9929999999999997e-05,-5.9789999999999995e-05,3
2022-07-28 00:00:00+00:00,0.0001,6.149333333333334e-05,0.00018448,3
2022-07-29 00:00:00+00:00,6.952e-05,8.984e-05,0.00026952,3
2022-07-30 00:00:00+00:00,0.0001,0.0001,0.00030000000000000003,3
2022-07-31 00:00:00+00:00,0.0001,0.0001,0.00030000000000000003,3
2022-08-01 00:00:00+00:00,0.0001,9.828333333333334e-05,0.00029485000000000004,3
2022-08-02 00:00:00+00:00,0.0001,0.0001,0.00030000000000000003,3
2022-08-03 00:00:00+00:00,0.0001,0.0001,0.00030000000000000003,3
2022-08-04 00:00:00+00:00,0.0001,0.0001,0.00030000000000000003,3
2022-08-05 00:00:00+00:00,0.0001,0.0001,0.00030000000000000003,3
2022-08-06 00:00:00+00:00,0.0001,0.0001,0.00030000000000000003,3
2022-08-07 00:00:00+00:00,0.0001,0.0001,0.00030000000000000003,3
2022-08-08 00:00:00+00:00,0.0001,0.0001,0.00030000000000000003,3
2022-08-09 00:00:00+00:00,0.0001,0.0001,0.00030000000000000003,3
2022-08-10 00:00:00+00:00,0.0001,0.0001,0.00030000000000000003,3
2022-08-11 00:00:00+00:00,0.0001,0.0001,0.00030000000000000003,3
2022-08-12 00:00:00+00:00,0.0001,0.0001,0.00030000000000000003,3
2022-08-13 00:00:00+00:00,0.0001,0.0001,0.00030000000000000003,3
2022-08-14 00:00:00+00:00,0.0001,0.0001,0.00030000000000000003,3
2022-08-15 00:00:00+00:00,0.0001,0.0001,0.00030000000000000003,3
2022-08-16 00:00:00+00:00,0.0001,0.0001,0.00030000000000000003,3
2022-08-17 00:00:00+00:00,0.0001,0.0001,0.00030000000000000003,3
2022-08-18 00:00:00+00:00,-5.079e-05,2.996333333333333e-05,8.989e-05,3
2022-08-19 00:00:00+00:00,-0.00032771,-0.00022873666666666667,-0.00068621,3
2022-08-20 00:00:00+00:00,-9.9e-06,-0.00013152333333333333,-0.00039457,3
2022-08-21 00:00:00+00:00,-0.0001856,-9.772333333333335e-05,-0.00029317000000000004,3
2022-08-22 00:00:00+00:00,-3.185e-05,-0.00019334,-0.00058002,3
2022-08-23 00:00:00+00:00,5.704e-05,6.173666666666666e-05,0.00018521,3
2022-08-24 00:00:00+00:00,3.24e-05,7.746666666666667e-05,0.0002324,3
2022-08-25 00:00:00+00:00,-2.267e-05,-5.1660000000000003e-05,-0.00015498,3
2022-08-26 00:00:00+00:00,-7.22e-05,-1.7343333333333334e-05,-5.203e-05,3
2022-08-27 00:00:00+00:00,-0.00042997,-0.0005203766666666667,-0.00156113,3
2022-08-28 00:00:00+00:00,-0.00038966,-0.00038257333333333336,-0.00114772,3
2022-08-29 00:00:00+00:00,-0.00022081,-0.00038182666666666663,-0.00114548,3
2022-08-30 00:00:00+00:00,-0.00012745,-8.505333333333333e-05,-0.00025516,3
2022-08-31 00:00:00+00:00,-7.569e-05,2.16e-05,6.48e-05,3
2022-09-01 00:00:00+00:00,7.924e-05,-2.2076666666666675e-05,-6.623000000000002e-05,3
2022-09-02 00:00:00+00:00,-6.236e-05,2.2820000000000002e-05,6.846e-05,3
2022-09-03 00:00:00+00:00,-9.632e-05,-0.00011762333333333334,-0.00035287000000000003,3
2022-09-04 00:00:00+00:00,-8.354e-05,-8.717333333333333e-05,-0.00026152,3
2022-09-05 00:00:00+00:00,0.0001,-5.929333333333333e-05,-0.00017788,3
2022-09-06 00:00:00+00:00,0.0001,9.122e-05,0.00027366,3
2022-09-07 00:00:00+00:00,-0.00010091,-7.430666666666666e-05,-0.00022292,3
2022-09-08 00:00:00+00:00,5.868e-05,-4.291e-05,-0.00012873,3
2022-09-09 00:00:00+00:00,7.406e-05,-2.4589999999999997e-05,-7.377e-05,3
2022-09-10 00:00:00+00:00,0.0001,0.0001,0.00030000000000000003,3
2022-09-11 00:00:00+00:00,0.0001,0.0001,0.00030000000000000003,3
2022-09-12 00:00:00+00:00,-2.498e-05,2.314666666666667e-05,6.944000000000001e-05,3
2022-09-13 00:00:00+00:00,2.545e-05,-9.410000000000001e-06,-2.8230000000000002e-05,3
2022-09-14 00:00:00+00:00,-1.606e-05,-8.846666666666664e-06,-2.6539999999999993e-05,3
2022-09-15 00:00:00+00:00,3.154e-05,7.718e-05,0.00023154000000000002,3
2022-09-16 00:00:00+00:00,0.0001,0.0001,0.00030000000000000003,3
2022-09-17 00:00:00+00:00,0.0001,0.0001,0.00030000000000000003,3
2022-09-18 00:00:00+00:00,7.79e-05,8.348e-05,0.00025044,3
2022-09-19 00:00:00+00:00,-0.00014007,-2.8669999999999998e-05,-8.601e-05,3
2022-09-20 00:00:00+00:00,0.0001,7.327666666666668e-05,0.00021983000000000001,3
2022-09-21 00:00:00+00:00,7.884e-05,6.460333333333333e-05,0.00019381,3
2022-09-22 00:00:00+00:00,5.96e-05,-3.881333333333334e-05,-0.00011644,3
2022-09-23 00:00:00+00:00,-5.772e-05,4.4136666666666674e-05,0.00013241000000000001,3
2022-09-24 00:00:00+00:00,0.0001,4.306333333333333e-05,0.00012919,3
2022-09-25 00:00:00+00:00,0.0001,0.0001,0.00030000000000000003,3
2022-09-26 00:00:00+00:00,0.0001,0.0001,0.00030000000000000003,3
2022-09-27 00:00:00+00:00,-1.16e-06,-4.603333333333333e-06,-1.3809999999999998e-05,3
2022-09-28 00:00:00+00:00,1.529e-05,6.922666666666667e-05,0.00020768000000000002,3
2022-09-29 00:00:00+00:00,3.508e-05,-2.9979999999999998e-05,-8.994e-05,3
2022-09-30 00:00:00+00:00,2.972e-05,-3.160333333333333e-05,-9.481e-05,3
2022-10-01 00:00:00+00:00,-3.819e-05,5.3936666666666675e-05,0.00016181000000000002,3
2022-10-02 00:00:00+00:00,0.0001,7.192666666666667e-05,0.00021578,3
2022-10-03 00:00:00+00:00,0.0001,0.0001,0.00030000000000000003,3
2022-10-04 00:00:00+00:00,-0.00019211,-8.786666666666667e-05,-0.0002636,3
2022-10-05 00:00:00+00:00,3.295e-05,-5.535999999999999e-05,-0.00016607999999999998,3
2022-10-06 00:00:00+00:00,7.633e-05,-2.2316666666666673e-05,-6.695000000000001e-05,3
2022-10-07 00:00:00+00:00,8.07e-06,5.730000000000001e-06,1.7190000000000003e-05,3
2022-10-08 00:00:00+00:00,-2.142e-05,5.1173333333333334e-05,0.00015352,3
2022-10-09 00:00:00+00:00,-6.964e-05,1.3239999999999997e-05,3.971999999999999e-05,3
2022-10-10 00:00:00+00:00,0.0001,7.531666666666668e-05,0.00022595000000000002,3
2022-10-11 00:00:00+00:00,0.0001,0.0001,0.00030000000000000003,3
2022-10-12 00:00:00+00:00,0.0001,6.868666666666667e-05,0.00020606000000000002,3
2022-10-13 00:00:00+00:00,-0.00016762,-1.2476666666666667e-05,-3.743e-05,3
2022-10-14 00:00:00+00:00,-4.292e-05,-0.00013046,-0.00039138,3
2022-10-15 00:00:00+00:00,1.251e-05,5.657666666666666e-05,0.00016973,3
2022-10-16 00:00:00+00:00,-8.73e-05,-5.440666666666667e-05,-0.00016322,3
2022-10-17 00:00:00+00:00,-0.000114,-0.00013905333333333333,-0.00041715999999999997,3
2022-10-18 00:00:00+00:00,-3.58e-05,-3.441333333333334e-05,-0.00010324000000000001,3
2022-10-19 00:00:00+00:00,0.0001,0.0001,0.00030000000000000003,3
2022-10-20 00:00:00+00:00,9.12e-05,9.706666666666668e-05,0.00029120000000000003,3
2022-10-21 00:00:00+00:00,5.27e-05,8.423333333333334e-05,0.0002527,3
2022-10-22 00:00:00+00:00,-1.33e-05,-7.678666666666667e-05,-0.00023036,3
2022-10-23 00:00:00+00:00,5.878e-05,8.626e-05,0.00025878,3
2022-10-24 00:00:00+00:00,0.0001,7.52e-05,0.0002256,3
2022-10-25 00:00:00+00:00,0.0001,8.074666666666667e-05,0.00024224,3
2022-10-26 00:00:00+00:00,6.023e-05,-1.689e-05,-5.067e-05,3
2022-10-27 00:00:00+00:00,7.329e-05,4.839666666666667e-05,0.00014519,3
2022-10-28 00:00:00+00:00,-1.84e-06,2.8266666666666666e-06,8.48e-06,3
2022-10-29 00:00:00+00:00,0.0001,7.925e-05,0.00023775,3
2022-10-30 00:00:00+00:00,0.0001,9.044000000000001e-05,0.00027132,3
2022-10-31 00:00:00+00:00,1.939e-05,7.313e-05,0.00021939,3
2022-11-01 00:00:00+00:00,1.556e-05,-4.349e-05,-0.00013047,3
2022-11-02 00:00:00+00:00,0.0001,7.452e-05,0.00022356,3
2022-11-03 00:00:00+00:00,-7.32e-06,-2.1660000000000003e-05,-6.498e-05,3
2022-11-04 00:00:00+00:00,6.518e-05,4.106666666666667e-05,0.0001232,3
2022-11-05 00:00:00+00:00,7.077e-05,8.697e-05,0.00026091,3
2022-11-06 00:00:00+00:00,0.0001,0.0001,0.00030000000000000003,3
2022-11-07 00:00:00+00:00,0.0001,0.0001,0.00030000000000000003,3
2022-11-08 00:00:00+00:00,-0.00032814,-0.0008385799999999999,-0.00251574,3
2022-11-09 00:00:00+00:00,-0.0075,-0.0075,-0.0225,3
2022-11-10 00:00:00+00:00,-0.00170627,-0.013738382222222224,-0.12364544000000001,9
2022-11-11 00:00:00+00:00,-0.00099114,-0.004529129166666666,-0.054349549999999996,12
2022-11-12 00:00:00+00:00,2.5e-05,-0.0013578883333333332,-0.01629466,12
2022-11-13 00:00:00+00:00,-0.00157172,-0.0012656083333333333,-0.015187299999999999,12
2022-11-14 00:00:00+00:00,-0.00041859,-0.0016672691666666667,-0.02000723,12
2022-11-15 00:00:00+00:00,-7.826e-05,-0.0003617241666666667,-0.00434069,12
2022-11-16 00:00:00+00:00,-0.00044627,-0.000594405,-0.0071328599999999995,12
2022-11-17 00:00:00+00:00,-0.00092792,-0.0012074583333333334,-0.0144895,12
2022-11-18 00:00:00+00:00,2.5e-05,-0.0007212108333333333,-0.00865453,12
2022-11-19 00:00:00+00:00,-5.612e-05,-0.0003262025,-0.00391443,12
2022-11-20 00:00:00+00:00,-4.877e-05,-0.00018275,-0.002193,12
2022-11-21 00:00:00+00:00,-0.00138384,-0.00046618416666666665,-0.00559421,12
2022-11-22 00:00:00+00:00,-0.00046977,-0.00025127166666666665,-0.00301526,12
2022-11-23 00:00:00+00:00,-0.00051901,-0.000516215,-0.00619458,12
2022-11-24 00:00:00+00:00,-0.00020832,-0.0005936075,-0.00712329,12
2022-11-25 00:00:00+00:00,-4.344e-05,-0.0001516625,-0.00181995,12
2022-11-26 00:00:00+00:00,-0.00037126,-0.00023380416666666666,-0.00280565,12
2022-11-27 00:00:00+00:00,2.5e-05,-0.0002648225,-0.00317787,12
2022-11-28 00:00:00+00:00,2.5e-05,-0.0012318191666666667,-0.01478183,12
2022-11-29 00:00:00+00:00,-5.3e-05,-0.00022909500000000001,-0.00274914,12
2022-11-30 00:00:00+00:00,-0.00046674,-0.000259555,-0.00311466,12
2022-12-01 00:00:00+00:00,-0.00021365,-5.493e-05,-0.00065916,12
2022-12-02 00:00:00+00:00,2.5e-05,-0.000338605,-0.00406326,12
2022-12-03 00:00:00+00:00,2.5e-05,2.414e-05,0.00028968,12
2022-12-04 00:00:00+00:00,2.5e-05,2.5e-05,0.00030000000000000003,12
2022-12-05 00:00:00+00:00,2.5e-05,2.3939166666666666e-05,0.00028727,12
2022-12-06 00:00:00+00:00,2.5e-05,2.5e-05,0.00030000000000000003,12
2022-12-07 00:00:00+00:00,2.5e-05,2.5e-05,0.00030000000000000003,12
2022-12-08 00:00:00+00:00,-8.24e-05,6.620000000000001e-06,7.944000000000001e-05,12
2022-12-09 00:00:00+00:00,2.5e-05,2.5e-05,0.00030000000000000003,12
2022-12-10 00:00:00+00:00,2.5e-05,2.4054166666666667e-05,0.00028865,12
2022-12-11 00:00:00+00:00,2.5e-05,2.5e-05,0.00030000000000000003,12
2022-12-12 00:00:00+00:00,2.5e-05,2.5e-05,0.00030000000000000003,12
2022-12-13 00:00:00+00:00,2.5e-05,1.896166666666667e-05,0.00022754,12
2022-12-14 00:00:00+00:00,-1.674e-05,2.1521666666666668e-05,0.00025826,12
2022-12-15 00:00:00+00:00,2.5e-05,2.5e-05,0.00030000000000000003,12
2022-12-16 00:00:00+00:00,2.5e-05,2.5e-05,0.00030000000000000003,12
2022-12-17 00:00:00+00:00,-0.00012388,-8.517583333333334e-05,-0.0010221100000000001,12
2022-12-18 00:00:00+00:00,2.5e-05,-3.302416666666667e-05,-0.00039629,12
2022-12-19 00:00:00+00:00,-0.00010316,-4.9456666666666664e-05,-0.00059348,12
2022-12-20 00:00:00+00:00,9.795e-05,-2.326e-05,-0.00013956,6
2022-12-21 00:00:00+00:00,-1.5e-06,5.015e-05,0.00015045,3
2022-12-22 00:00:00+00:00,0.0001,1.9703333333333342e-05,5.911000000000002e-05,3
2022-12-23 00:00:00+00:00,0.0001,0.0001,0.00030000000000000003,3
2022-12-24 00:00:00+00:00,-0.00141836,-0.0005199533333333333,-0.00155986,3
2022-12-25 00:00:00+00:00,-8.75e-06,-0.0003061966666666667,-0.00091859,3
2022-12-26 00:00:00+00:00,-2.23e-06,-7.275666666666667e-05,-0.00021827,3
2022-12-27 00:00:00+00:00,0.0001,8.932e-05,0.00026796000000000003,3
2022-12-28 00:00:00+00:00,-0.00079147,-0.00028391999999999995,-0.0008517599999999999,3
2022-12-29 00:00:00+00:00,-2.204e-05,-0.00019618,-0.00058854,3
2022-12-30 00:00:00+00:00,-0.00265341,-0.0024638433333333334,-0.00739153,3
2022-12-31 00:00:00+00:00,-0.00092752,-0.0017526266666666665,-0.0052578799999999995,3
2023-01-01 00:00:00+00:00,-0.00073565,-0.0007462166666666667,-0.00223865,3
2023-01-02 00:00:00+00:00,-0.00018522,-0.0007075499999999999,-0.00212265,3
2023-01-03 00:00:00+00:00,-0.00621055,-0.0032906933333333335,-0.00987208,3
2023-01-04 00:00:00+00:00,-0.00288545,-0.005346443333333333,-0.01603933,3
2023-01-05 00:00:00+00:00,-0.00052153,-0.0010679566666666666,-0.00320387,3
2023-01-06 00:00:00+00:00,-0.00077924,-0.0011417466666666669,-0.0034252400000000004,3
2023-01-07 00:00:00+00:00,-0.00032823,-0.00039178,-0.00117534,3
2023-01-08 00:00:00+00:00,-0.00011141,-0.0003338666666666667,-0.0010016,3
2023-01-09 00:00:00+00:00,-4.391e-05,-0.00011722,-0.00035166,3
2023-01-10 00:00:00+00:00,-9.459e-05,3.513666666666667e-05,0.00010541000000000001,3
2023-01-11 00:00:00+00:00,8.013e-05,-0.00010869,-0.00032607000000000003,3
2023-01-12 00:00:00+00:00,-9.857e-05,3.381e-05,0.00010143000000000001,3
2023-01-13 00:00:00+00:00,-9.863e-05,1.022666666666667e-05,3.068000000000001e-05,3
2023-01-14 00:00:00+00:00,0.00019034,0.00018312000000000002,0.00054936,3
2023-01-15 00:00:00+00:00,0.00027196,0.0002105866666666667,0.0006317600000000001,3
2023-01-16 00:00:00+00:00,0.0001,0.00023039333333333334,0.00069118,3
2023-01-17 00:00:00+00:00,0.0001,0.0001,0.00030000000000000003,3
2023-01-18 00:00:00+00:00,0.0001,0.0001,0.00030000000000000003,3
2023-01-19 00:00:00+00:00,0.0001,0.0001,0.00030000000000000003,3
2023-01-20 00:00:00+00:00,0.0001,0.0001,0.00030000000000000003,3
2023-01-21 00:00:00+00:00,0.0001,0.00018755666666666669,0.00056267,3
2023-01-22 00:00:00+00:00,0.0001,0.0001,0.00030000000000000003,3
2023-01-23 00:00:00+00:00,0.0001,0.00010623666666666666,0.00031871,3
2023-01-24 00:00:00+00:00,0.0001,0.00020778666666666667,0.00062336,3
2023-01-25 00:00:00+00:00,0.0001,0.0001,0.00030000000000000003,3
2023-01-26 00:00:00+00:00,0.0001,0.00011910666666666666,0.00035732,3
2023-01-27 00:00:00+00:00,0.0001,0.0001,0.00030000000000000003,3
2023-01-28 00:00:00+00:00,0.0001,0.00015724333333333335,0.00047173,3
2023-01-29 00:00:00+00:00,0.0001,0.0001,0.00030000000000000003,3
2023-01-30 00:00:00+00:00,0.0001,0.00026407,0.00079221,3
2023-01-31 00:00:00+00:00,0.0001,0.0001,0.00030000000000000003,3
2023-02-01 00:00:00+00:00,0.0001,0.0001,0.00030000000000000003,3
2023-02-02 00:00:00+00:00,0.0001,0.00012940666666666666,0.00038822,3
2023-02-03 00:00:00+00:00,0.0001,0.0001,0.00030000000000000003,3
2023-02-04 00:00:00+00:00,0.0001,0.0001,0.00030000000000000003,3
2023-02-05 00:00:00+00:00,-1.269e-05,6.243666666666668e-05,0.00018731000000000002,3
2023-02-06 00:00:00+00:00,0.0001,0.0001,0.00030000000000000003,3
2023-02-07 00:00:00+00:00,0.0001,0.0001,0.00030000000000000003,3
2023-02-08 00:00:00+00:00,0.0001,0.0001,0.00030000000000000003,3
2023-02-09 00:00:00+00:00,-2.118e-05,-1.403e-05,-4.209e-05,3
2023-02-10 00:00:00+00:00,-4.266e-05,4.598e-05,0.00013794,3
2023-02-11 00:00:00+00:00,4.998e-05,1.2276666666666665e-05,3.683e-05,3
2023-02-12 00:00:00+00:00,-0.00028808,-0.00033562333333333333,-0.00100687,3
2023-02-13 00:00:00+00:00,0.0001,-0.00010134,-0.00030402,3
2023-02-14 00:00:00+00:00,6.544e-05,-3.120333333333333e-05,-9.360999999999999e-05,3
2023-02-15 00:00:00+00:00,9.833e-05,5.8886666666666666e-05,0.00017666,3
2023-02-16 00:00:00+00:00,0.0001,0.0001,0.00030000000000000003,3
2023-02-17 00:00:00+00:00,0.0001,0.0001,0.00030000000000000003,3
2023-02-18 00:00:00+00:00,0.00012525,0.00010841666666666667,0.00032525,3
2023-02-19 00:00:00+00:00,0.00024022,0.00014674,0.00044022,3
2023-02-20 00:00:00+00:00,0.00025646,0.00023899333333333335,0.0007169800000000001,3
2023-02-21 00:00:00+00:00,0.0001,0.00012070666666666667,0.00036212,3
2023-02-22 00:00:00+00:00,0.0001,0.00011889333333333334,0.00035668,3
2023-02-23 00:00:00+00:00,0.0001,0.0001,0.00030000000000000003,3
2023-02-24 00:00:00+00:00,0.0001,0.0001,0.00030000000000000003,3
2023-02-25 00:00:00+00:00,0.0001,0.0001,0.00030000000000000003,3
2023-02-26 00:00:00+00:00,2.038e-05,7.346e-05,0.00022038,3
2023-02-27 00:00:00+00:00,0.0001,6.345333333333334e-05,0.00019036000000000001,3
2023-02-28 00:00:00+00:00,0.0001,8.594666666666668e-05,0.00025784,3
2023-03-01 00:00:00+00:00,0.0001,0.0001,0.00030000000000000003,3
2023-03-02 00:00:00+00:00,0.0001,0.0001,0.00030000000000000003,3
2023-03-03 00:00:00+00:00,2.235e-05,3.236666666666667e-05,9.71e-05,3
2023-03-04 00:00:00+00:00,7.166e-05,4.1049999999999995e-05,0.00012314999999999998,3
2023-03-05 00:00:00+00:00,0.0001,0.0001,0.00030000000000000003,3
2023-03-06 00:00:00+00:00,0.0001,0.0001,0.00030000000000000003,3
2023-03-07 00:00:00+00:00,5.007e-05,2.698e-05,8.094e-05,3
2023-03-08 00:00:00+00:00,-9.493e-05,1.2733333333333336e-06,3.820000000000001e-06,3
2023-03-09 00:00:00+00:00,0.0001,3.979666666666667e-05,0.00011939000000000001,3
2023-03-10 00:00:00+00:00,-0.00013224,-2.177333333333333e-05,-6.531999999999999e-05,3
2023-03-11 00:00:00+00:00,-0.00037557,-0.00026293666666666666,-0.00078881,3
2023-03-12 00:00:00+00:00,-0.00011683,-6.909e-05,-0.00020727,3
2023-03-13 00:00:00+00:00,0.0001,9.248e-05,0.00027744,3
2023-03-14 00:00:00+00:00,0.0001,0.0001,0.00030000000000000003,3
2023-03-15 00:00:00+00:00,0.0001,0.00015075333333333335,0.00045226,3
2023-03-16 00:00:00+00:00,-0.00011042,2.9860000000000002e-05,8.958e-05,3
2023-03-17 00:00:00+00:00,0.0001,0.0001,0.00030000000000000003,3
2023-03-18 00:00:00+00:00,0.0001,0.00011104666666666666,0.00033314,3
2023-03-19 00:00:00+00:00,0.0001,0.0001,0.00030000000000000003,3
2023-03-20 00:00:00+00:00,0.0001,0.0001,0.00030000000000000003,3
2023-03-21 00:00:00+00:00,0.0001,9.832333333333332e-05,0.00029497,3
2023-03-22 00:00:00+00:00,0.0001,7.312666666666667e-05,0.00021938,3
2023-03-23 00:00:00+00:00,8.45e-06,-1.1763333333333331e-05,-3.5289999999999996e-05,3
2023-03-24 00:00:00+00:00,0.0001,0.0001,0.00030000000000000003,3
2023-03-25 00:00:00+00:00,1.23e-06,6.707666666666666e-05,0.00020123,3
2023-03-26 00:00:00+00:00,0.0001,3.531333333333333e-05,0.00010594,3
2023-03-27 00:00:00+00:00,0.0001,0.0001,0.00030000000000000003,3
2023-03-28 00:00:00+00:00,-5.211e-05,-7.498333333333334e-05,-0.00022495000000000002,3
2023-03-29 00:00:00+00:00,0.0001,4.006666666666667e-05,0.0001202,3
2023-03-30 00:00:00+00:00,0.0001,0.0001,0.00030000000000000003,3
2023-03-31 00:00:00+00:00,0.0001,0.0001,0.00030000000000000003,3
2023-04-01 00:00:00+00:00,0.0001,0.0001,0.00030000000000000003,3
2023-04-02 00:00:00+00:00,0.0001,0.0001,0.00030000000000000003,3
2023-04-03 00:00:00+00:00,6.779e-05,6.692333333333334e-05,0.00020077000000000002,3
2023-04-04 00:00:00+00:00,0.0001,0.0001,0.00030000000000000003,3
2023-04-05 00:00:00+00:00,0.0001,0.0001,0.00030000000000000003,3
2023-04-06 00:00:00+00:00,0.0001,0.0001,0.00030000000000000003,3
2023-04-07 00:00:00+00:00,9.896e-05,9.391666666666667e-05,0.00028175,3
2023-04-08 00:00:00+00:00,0.0001,0.0001,0.00030000000000000003,3
2023-04-09 00:00:00+00:00,0.0001,0.0001,0.00030000000000000003,3
2023-04-10 00:00:00+00:00,0.0001,0.0001,0.00030000000000000003,3
2023-04-11 00:00:00+00:00,0.0001,0.0001,0.00030000000000000003,3
2023-04-12 00:00:00+00:00,0.0001,0.0001,0.00030000000000000003,3
2023-04-13 00:00:00+00:00,0.0001,6.989333333333334e-05,0.00020968,3
2023-04-14 00:00:00+00:00,0.0001,0.00011965,0.00035894999999999997,3
2023-04-15 00:00:00+00:00,0.00025803,0.00017020666666666667,0.00051062,3
2023-04-16 00:00:00+00:00,0.0001,0.00020063666666666666,0.00060191,3
2023-04-17 00:00:00+00:00,0.00034963,0.00040998333333333337,0.00122995,3
2023-04-18 00:00:00+00:00,0.00028952,0.00019681333333333335,0.00059044,3
2023-04-19 00:00:00+00:00,0.0001,0.00011648000000000001,0.00034944,3
2023-04-20 00:00:00+00:00,0.0001,0.0001,0.00030000000000000003,3
2023-04-21 00:00:00+00:00,0.0001,0.0001,0.00030000000000000003,3
2023-04-22 00:00:00+00:00,0.0001,0.0001,0.00030000000000000003,3
2023-04-23 00:00:00+00:00,0.0001,0.0001,0.00030000000000000003,3
2023-04-24 00:00:00+00:00,0.0001,0.0001,0.00030000000000000003,3
2023-04-25 00:00:00+00:00,0.0001,0.0001,0.00030000000000000003,3
2023-04-26 00:00:00+00:00,0.0001,9.561e-05,0.00028683,3
2023-04-27 00:00:00+00:00,0.0001,7.572e-05,0.00022716000000000001,3
2023-04-28 00:00:00+00:00,0.0001,0.0001,0.00030000000000000003,3
2023-04-29 00:00:00+00:00,0.0001,9.024666666666667e-05,0.00027074,3
2023-04-30 00:00:00+00:00,0.0001,0.0001,0.00030000000000000003,3
2023-05-01 00:00:00+00:00,0.0001,0.0001,0.00030000000000000003,3
2023-05-02 00:00:00+00:00,2.909e-05,7.636333333333333e-05,0.00022909000000000002,3
2023-05-03 00:00:00+00:00,0.0001,9.411333333333333e-05,0.00028234,3
2023-05-04 00:00:00+00:00,0.0001,0.0001,0.00030000000000000003,3
2023-05-05 00:00:00+00:00,0.0001,0.0001,0.00030000000000000003,3
2023-05-06 00:00:00+00:00,0.0001,0.0001,0.00030000000000000003,3
2023-05-07 00:00:00+00:00,0.0001,3.329666666666667e-05,9.989000000000001e-05,3
2023-05-08 00:00:00+00:00,0.0001,7.213e-05,0.00021639,3
2023-05-09 00:00:00+00:00,3.144e-05,-6.039999999999999e-06,-1.8119999999999996e-05,3
2023-05-10 00:00:00+00:00,4.1e-05,7.343666666666667e-05,0.00022031,3
2023-05-11 00:00:00+00:00,0.0001,6.458333333333334e-05,0.00019375000000000002,3
2023-05-12 00:00:00+00:00,-8.161e-05,2.380000000000001e-06,7.140000000000003e-06,3
2023-05-13 00:00:00+00:00,0.0001,3.317e-05,9.951e-05,3
2023-05-14 00:00:00+00:00,0.0001,0.0001,0.00030000000000000003,3
2023-05-15 00:00:00+00:00,0.0001,0.0001,0.00030000000000000003,3
2023-05-16 00:00:00+00:00,0.0001,0.0001,0.00030000000000000003,3
2023-05-17 00:00:00+00:00,0.0001,9.900000000000001e-05,0.000297,3
2023-05-18 00:00:00+00:00,0.0001,0.0001,0.00030000000000000003,3
2023-05-19 00:00:00+00:00,1.544e-05,-7.873333333333333e-06,-2.362e-05,3
2023-05-20 00:00:00+00:00,0.0001,0.0001,0.00030000000000000003,3
2023-05-21 00:00:00+00:00,0.0001,0.0001,0.00030000000000000003,3
2023-05-22 00:00:00+00:00,0.0001,7.146333333333334e-05,0.00021439,3
2023-05-23 00:00:00+00:00,8.575e-05,5.8666666666666665e-05,0.000176,3
2023-05-24 00:00:00+00:00,9.025e-05,9.675000000000001e-05,0.00029025000000000003,3
2023-05-25 00:00:00+00:00,0.0001,5.8523333333333336e-05,0.00017557,3
2023-05-26 00:00:00+00:00,5.166e-05,8.388666666666667e-05,0.00025166,3
2023-05-27 00:00:00+00:00,0.0001,0.0001,0.00030000000000000003,3
2023-05-28 00:00:00+00:00,0.0001,4.4030000000000004e-05,0.00013209000000000002,3
2023-05-29 00:00:00+00:00,0.0001,0.0001,0.00030000000000000003,3
2023-05-30 00:00:00+00:00,0.0001,0.0001,0.00030000000000000003,3
2023-05-31 00:00:00+00:00,0.0001,0.0001,0.00030000000000000003,3
2023-06-01 00:00:00+00:00,0.0001,0.0001,0.00030000000000000003,3
2023-06-02 00:00:00+00:00,0.0001,0.0001,0.00030000000000000003,3
2023-06-03 00:00:00+00:00,0.0001,0.0001,0.00030000000000000003,3
2023-06-04 00:00:00+00:00,0.0001,0.0001,0.00030000000000000003,3
2023-06-05 00:00:00+00:00,0.0001,8.370666666666667e-05,0.00025112,3
2023-06-06 00:00:00+00:00,0.0001,0.0001,0.00030000000000000003,3
2023-06-07 00:00:00+00:00,0.0001,0.0001,0.00030000000000000003,3
2023-06-08 00:00:00+00:00,2.93e-05,4.265666666666667e-05,0.00012797,3
2023-06-09 00:00:00+00:00,4.524e-05,3.381333333333334e-05,0.00010144,3
2023-06-10 00:00:00+00:00,-0.0006088,-0.00021776,-0.00065328,3
2023-06-11 00:00:00+00:00,-5.418e-05,-0.00018906333333333332,-0.00056719,3
2023-06-12 00:00:00+00:00,0.0001,1.6570000000000002e-05,4.9710000000000003e-05,3
2023-06-13 00:00:00+00:00,0.0001,6.211333333333334e-05,0.00018634,3
2023-06-14 00:00:00+00:00,6.69e-05,3.376666666666666e-05,0.0001013,3
2023-06-15 00:00:00+00:00,0.0001,-7.3233333333333315e-06,-2.1969999999999995e-05,3
2023-06-16 00:00:00+00:00,2.177e-05,2.6859999999999997e-05,8.057999999999999e-05,3
2023-06-17 00:00:00+00:00,5.613e-05,-3.7013333333333334e-05,-0.00011104000000000001,3
2023-06-18 00:00:00+00:00,-4.102e-05,-4.416666666666665e-06,-1.3249999999999997e-05,3
2023-06-19 00:00:00+00:00,3.308e-05,-2.0373333333333334e-05,-6.112e-05,3
2023-06-20 00:00:00+00:00,5.81e-05,-1.7326666666666668e-05,-5.198e-05,3
2023-06-21 00:00:00+00:00,0.0001,6.586666666666666e-05,0.0001976,3
2023-06-22 00:00:00+00:00,7.545e-05,9.181666666666667e-05,0.00027545,3
2023-06-23 00:00:00+00:00,8.513e-05,9.504333333333334e-05,0.00028513000000000003,3
2023-06-24 00:00:00+00:00,0.0001,4.6643333333333335e-05,0.00013993,3
2023-06-25 00:00:00+00:00,6.937e-05,8.738000000000001e-05,0.00026214,3
2023-06-26 00:00:00+00:00,0.0001,5.17e-05,0.0001551,3
2023-06-27 00:00:00+00:00,0.0001,0.0001,0.00030000000000000003,3
2023-06-28 00:00:00+00:00,0.0001,0.0001,0.00030000000000000003,3
2023-06-29 00:00:00+00:00,0.0001,0.0001,0.00030000000000000003,3
2023-06-30 00:00:00+00:00,0.0001,0.0001,0.00030000000000000003,3
2023-07-01 00:00:00+00:00,0.0001,0.0001,0.00030000000000000003,3
2023-07-02 00:00:00+00:00,0.0001,0.0001,0.00030000000000000003,3
2023-07-03 00:00:00+00:00,0.0001,0.0001,0.00030000000000000003,3
2023-07-04 00:00:00+00:00,0.0001,0.0001,0.00030000000000000003,3
2023-07-05 00:00:00+00:00,0.0001,0.0001,0.00030000000000000003,3
2023-07-06 00:00:00+00:00,0.0001,0.0001,0.00030000000000000003,3
2023-07-07 00:00:00+00:00,-0.00037417,-7.111e-05,-0.00021333,3
2023-07-08 00:00:00+00:00,-3.869e-05,-0.00015506333333333334,-0.00046519,3
2023-07-09 00:00:00+00:00,2.619e-05,-5.3700000000000004e-05,-0.0001611,3
2023-07-10 00:00:00+00:00,7.647e-05,7.772666666666666e-05,0.00023318,3
2023-07-11 00:00:00+00:00,7.52e-05,-3.369666666666667e-05,-0.00010109000000000001,3
2023-07-12 00:00:00+00:00,0.0001,0.0001,0.00030000000000000003,3
2023-07-13 00:00:00+00:00,0.0001,9.683e-05,0.00029049,3
2023-07-14 00:00:00+00:00,0.0004351,0.00028044333333333333,0.0008413299999999999,3
2023-07-15 00:00:00+00:00,0.0001,0.00011845999999999999,0.00035538,3
2023-07-16 00:00:00+00:00,0.0001,0.0001,0.00030000000000000003,3
2023-07-17 00:00:00+00:00,0.0001,0.0001,0.00030000000000000003,3
2023-07-18 00:00:00+00:00,0.0001,0.0001,0.00030000000000000003,3
2023-07-19 00:00:00+00:00,0.0001,0.0001,0.00030000000000000003,3
2023-07-20 00:00:00+00:00,0.0001,0.0001,0.00030000000000000003,3
2023-07-21 00:00:00+00:00,0.0001,0.0001,0.00030000000000000003,3
2023-07-22 00:00:00+00:00,0.0001,0.0001,0.00030000000000000003,3
2023-07-23 00:00:00+00:00,0.0001,0.0001,0.00030000000000000003,3
2023-07-24 00:00:00+00:00,0.0001,8.594000000000001e-05,0.00025782,3
2023-07-25 00:00:00+00:00,0.0001,0.0001,0.00030000000000000003,3
2023-07-26 00:00:00+00:00,0.0001,7.006e-05,0.00021018000000000002,3
2023-07-27 00:00:00+00:00,0.0001,0.0001,0.00030000000000000003,3
2023-07-28 00:00:00+00:00,0.0001,0.0001,0.00030000000000000003,3
2023-07-29 00:00:00+00:00,0.0001,0.0001,0.00030000000000000003,3
2023-07-30 00:00:00+00:00,0.0001,0.0001,0.00030000000000000003,3
2023-07-31 00:00:00+00:00,0.0001,0.0001,0.00030000000000000003,3
2023-08-01 00:00:00+00:00,0.0001,0.0001,0.00030000000000000003,3
2023-08-02 00:00:00+00:00,0.0001,0.0001,0.00030000000000000003,3
2023-08-03 00:00:00+00:00,0.0001,0.0001,0.00030000000000000003,3
2023-08-04 00:00:00+00:00,0.0001,0.0001,0.00030000000000000003,3
2023-08-05 00:00:00+00:00,0.0001,0.0001,0.00030000000000000003,3
2023-08-06 00:00:00+00:00,0.0001,0.0001,0.00030000000000000003,3
2023-08-07 00:00:00+00:00,0.0001,0.0001,0.00030000000000000003,3
2023-08-08 00:00:00+00:00,0.0001,0.0001,0.00030000000000000003,3
2023-08-09 00:00:00+00:00,7.95e-05,9.316333333333332e-05,0.00027948999999999997,3
2023-08-10 00:00:00+00:00,0.0001,0.0001,0.00030000000000000003,3
2023-08-11 00:00:00+00:00,0.0001,0.0001,0.00030000000000000003,3
2023-08-12 00:00:00+00:00,0.0001,0.0001,0.00030000000000000003,3
2023-08-13 00:00:00+00:00,0.0001,5.78e-05,0.0001734,3
2023-08-14 00:00:00+00:00,0.0001,0.0001,0.00030000000000000003,3
2023-08-15 00:00:00+00:00,0.0001,0.0001,0.00030000000000000003,3
2023-08-16 00:00:00+00:00,0.0001,0.0001,0.00030000000000000003,3
2023-08-17 00:00:00+00:00,0.0001,0.0001,0.00030000000000000003,3
2023-08-18 00:00:00+00:00,7.004e-05,3.651666666666667e-05,0.00010955,3
2023-08-19 00:00:00+00:00,-4.653e-05,-1.622e-05,-4.866e-05,3
2023-08-20 00:00:00+00:00,3.724e-05,5.7866666666666674e-06,1.7360000000000003e-05,3
2023-08-21 00:00:00+00:00,0.0001,2.777e-05,8.331e-05,3
2023-08-22 00:00:00+00:00,0.0001,7.382e-05,0.00022145999999999998,3
2023-08-23 00:00:00+00:00,2.583e-05,-3.528666666666667e-05,-0.00010586,3
2023-08-24 00:00:00+00:00,3.657e-05,-6.723333333333335e-05,-0.00020170000000000002,3
2023-08-25 00:00:00+00:00,-4.186e-05,-8.09e-06,-2.4270000000000003e-05,3
2023-08-26 00:00:00+00:00,-5.899e-05,-1.8130000000000004e-05,-5.439000000000001e-05,3
2023-08-27 00:00:00+00:00,5.174e-05,-3.621666666666667e-05,-0.00010865,3
2023-08-28 00:00:00+00:00,5.678e-05,6.455333333333334e-05,0.00019366,3
2023-08-29 00:00:00+00:00,7.775e-05,7.895666666666668e-05,0.00023687000000000003,3
2023-08-30 00:00:00+00:00,0.0001,8.581000000000001e-05,0.00025743,3
2023-08-31 00:00:00+00:00,3.608e-05,3.822333333333334e-05,0.00011467000000000001,3
2023-09-01 00:00:00+00:00,0.0001,7.582333333333334e-05,0.00022747000000000002,3
2023-09-02 00:00:00+00:00,4.791e-05,5.123333333333333e-05,0.0001537,3
2023-09-03 00:00:00+00:00,4.059e-05,6.0610000000000004e-05,0.00018183,3
2023-09-04 00:00:00+00:00,0.0001,8.961666666666667e-05,0.00026885,3
2023-09-05 00:00:00+00:00,3.7e-05,7.686333333333333e-05,0.00023059,3
2023-09-06 00:00:00+00:00,6.538e-05,6.86e-05,0.00020580000000000002,3
2023-09-07 00:00:00+00:00,0.0001,2.7160000000000004e-05,8.148000000000001e-05,3
2023-09-08 00:00:00+00:00,-0.00018266,-0.00015227666666666666,-0.00045683,3
2023-09-09 00:00:00+00:00,-0.0001628,-0.00010517333333333334,-0.00031552,3
2023-09-10 00:00:00+00:00,-0.0004693,-0.00025577,-0.00076731,3
2023-09-11 00:00:00+00:00,-5.435e-05,-0.00027947666666666666,-0.00083843,3
2023-09-12 00:00:00+00:00,-6.807e-05,-5.5203333333333334e-05,-0.00016561,3
2023-09-13 00:00:00+00:00,-8.532e-05,-7.547333333333333e-05,-0.00022642000000000002,3
2023-09-14 00:00:00+00:00,-0.00017465,-0.0001025,-0.0003075,3
2023-09-15 00:00:00+00:00,0.0001,-2.8826666666666666e-05,-8.648e-05,3
2023-09-16 00:00:00+00:00,-0.00014607,1.7976666666666674e-05,5.393000000000002e-05,3
2023-09-17 00:00:00+00:00,-6.628e-05,-0.00013879666666666667,-0.00041639,3
2023-09-18 00:00:00+00:00,-0.00011114,-0.00017568666666666665,-0.00052706,3
2023-09-19 00:00:00+00:00,0.0001,4.2783333333333334e-05,0.00012835,3
2023-09-20 00:00:00+00:00,-6.438e-05,-0.00010017999999999999,-0.00030053999999999997,3
2023-09-21 00:00:00+00:00,3.478e-05,-4.899333333333334e-05,-0.00014698,3
2023-09-22 00:00:00+00:00,-5.91e-06,-5.502666666666667e-05,-0.00016508,3
2023-09-23 00:00:00+00:00,-2.841e-05,6.613333333333333e-06,1.984e-05,3
2023-09-24 00:00:00+00:00,-8.004e-05,-8.596666666666667e-06,-2.5790000000000002e-05,3
2023-09-25 00:00:00+00:00,1.184e-05,-1.4053333333333331e-05,-4.2159999999999996e-05,3
2023-09-26 00:00:00+00:00,-5.185e-05,-3.2453333333333337e-05,-9.736e-05,3
2023-09-27 00:00:00+00:00,-0.00010151,-3.921333333333333e-05,-0.00011763999999999999,3
2023-09-28 00:00:00+00:00,0.0001,-4.5719999999999996e-05,-0.00013716,3
2023-09-29 00:00:00+00:00,-0.00013427,-6.963333333333334e-05,-0.0002089,3
2023-09-30 00:00:00+00:00,-0.00033098,-0.00023266666666666664,-0.0006979999999999999,3
2023-10-01 00:00:00+00:00,-6.046e-05,-0.00019601666666666667,-0.00058805,3
2023-10-02 00:00:00+00:00,5.091e-05,4.5736666666666665e-05,0.00013721,3
2023-10-03 00:00:00+00:00,-0.00018324,-7.620333333333332e-05,-0.00022860999999999997,3
2023-10-04 00:00:00+00:00,-7.415e-05,-0.00015772333333333331,-0.00047316999999999997,3
2023-10-05 00:00:00+00:00,-0.00014707,-0.00015658333333333334,-0.00046975,3
2023-10-06 00:00:00+00:00,0.0001,-7.853333333333334e-05,-0.0002356,3
2023-10-07 00:00:00+00:00,-0.0001938,-4.9256666666666665e-05,-0.00014777,3
2023-10-08 00:00:00+00:00,-0.00010768,-0.00010935666666666667,-0.00032807,3
2023-10-09 00:00:00+00:00,2.254e-05,-7.447333333333334e-05,-0.00022342,3
2023-10-10 00:00:00+00:00,-7.243e-05,-0.00012836,-0.00038508,3
2023-10-11 00:00:00+00:00,-9.393e-05,-8.081333333333333e-05,-0.00024244000000000002,3
2023-10-12 00:00:00+00:00,1.3e-06,-2.263333333333335e-06,-6.790000000000005e-06,3
2023-10-13 00:00:00+00:00,1.397e-05,-1.0166666666666667e-05,-3.05e-05,3
2023-10-14 00:00:00+00:00,-6.747e-05,-0.00017794333333333333,-0.00053383,3
2023-10-15 00:00:00+00:00,3.075e-05,6.077e-05,0.00018231,3
2023-10-16 00:00:00+00:00,-0.00016165,-1.4633333333333333e-05,-4.3899999999999996e-05,3
2023-10-17 00:00:00+00:00,-2.288e-05,-1.61e-05,-4.8299999999999995e-05,3
2023-10-18 00:00:00+00:00,2.714e-05,6.292e-05,0.00018876,3
2023-10-19 00:00:00+00:00,-9.585e-05,2.324333333333334e-05,6.973000000000001e-05,3
2023-10-20 00:00:00+00:00,-9.71e-05,-0.00015857666666666668,-0.00047573000000000005,3
2023-10-21 00:00:00+00:00,2.078e-05,-4.818333333333333e-05,-0.00014455,3
2023-10-22 00:00:00+00:00,0.0001,4.5106666666666666e-05,0.00013532,3
2023-10-23 00:00:00+00:00,0.0001,3.372666666666667e-05,0.00010118,3
2023-10-24 00:00:00+00:00,0.0001,7.022333333333334e-05,0.00021067000000000001,3
2023-10-25 00:00:00+00:00,0.0001,0.0001,0.00030000000000000003,3
2023-10-26 00:00:00+00:00,0.0001,0.0001,0.00030000000000000003,3
2023-10-27 00:00:00+00:00,0.0001,0.0001,0.00030000000000000003,3
2023-10-28 00:00:00+00:00,0.0001,0.0001,0.00030000000000000003,3
2023-10-29 00:00:00+00:00,0.0001,0.0001,0.00030000000000000003,3
2023-10-30 00:00:00+00:00,0.0001,0.0001,0.00030000000000000003,3
2023-10-31 00:00:00+00:00,0.0001,0.00014766333333333332,0.00044299,3
2023-11-01 00:00:00+00:00,-0.0002801,-4.695666666666666e-05,-0.00014086999999999997,3
2023-11-02 00:00:00+00:00,0.0001,0.0001,0.00030000000000000003,3
2023-11-03 00:00:00+00:00,0.0001,0.0001,0.00030000000000000003,3
2023-11-04 00:00:00+00:00,0.0001,0.0001,0.00030000000000000003,3
2023-11-05 00:00:00+00:00,0.0001,0.0001,0.00030000000000000003,3
2023-11-06 00:00:00+00:00,0.0001,0.0001,0.00030000000000000003,3
2023-11-07 00:00:00+00:00,0.00022263,0.00014164666666666666,0.00042494,3
2023-11-08 00:00:00+00:00,0.00012199,0.00016285333333333331,0.00048856,3
2023-11-09 00:00:00+00:00,0.00037712,0.00019237333333333332,0.00057712,3
2023-11-10 00:00:00+00:00,0.00037462,0.0002668433333333333,0.00080053,3
2023-11-11 00:00:00+00:00,0.0004134,0.00029780333333333334,0.0008934100000000001,3
2023-11-12 00:00:00+00:00,0.00027403,0.0004436966666666667,0.00133109,3
2023-11-13 00:00:00+00:00,0.00010546,0.00032343666666666667,0.0009703099999999999,3
2023-11-14 00:00:00+00:00,0.0001,0.0002645533333333334,0.0007936600000000001,3
2023-11-15 00:00:00+00:00,0.0001,0.00012984666666666667,0.00038954,3
2023-11-16 00:00:00+00:00,0.00027469,0.00023101333333333334,0.00069304,3
2023-11-17 00:00:00+00:00,0.0001,0.00011396666666666667,0.0003419,3
2023-11-18 00:00:00+00:00,0.0001,0.0001,0.00030000000000000003,3
2023-11-19 00:00:00+00:00,0.0001,0.0001,0.00030000000000000003,3
2023-11-20 00:00:00+00:00,0.0001,0.0001,0.00030000000000000003,3
2023-11-21 00:00:00+00:00,0.0001,0.0001,0.00030000000000000003,3
2023-11-22 00:00:00+00:00,0.0001,0.0001,0.00030000000000000003,3
2023-11-23 00:00:00+00:00,0.0001,0.0001,0.00030000000000000003,3
2023-11-24 00:00:00+00:00,0.0001,0.0001,0.00030000000000000003,3
2023-11-25 00:00:00+00:00,0.0001,0.0001,0.00030000000000000003,3
2023-11-26 00:00:00+00:00,0.0001,0.0001,0.00030000000000000003,3
2023-11-27 00:00:00+00:00,0.0001,0.0001,0.00030000000000000003,3
2023-11-28 00:00:00+00:00,0.0001,0.0001,0.00030000000000000003,3
2023-11-29 00:00:00+00:00,0.0001,0.0001,0.00030000000000000003,3
2023-11-30 00:00:00+00:00,0.0001,0.000114,0.000342,3
2023-12-01 00:00:00+00:00,0.0001,0.00010604000000000001,0.00031812,3
2023-12-02 00:00:00+00:00,0.00033249,0.0002934566666666667,0.00088037,3
2023-12-03 00:00:00+00:00,0.00020133,0.00019655333333333337,0.0005896600000000001,3
2023-12-04 00:00:00+00:00,0.00011673,0.00029106000000000005,0.0008731800000000001,3
2023-12-05 00:00:00+00:00,0.0001,0.00010922,0.00032766,3
2023-12-06 00:00:00+00:00,0.0001,0.00029006666666666665,0.0008702,3
2023-12-07 00:00:00+00:00,0.00034145,0.00018947,0.00056841,3
2023-12-08 00:00:00+00:00,0.00026875,0.00029212000000000004,0.0008763600000000001,3
2023-12-09 00:00:00+00:00,0.00029431,0.00036466999999999994,0.0010940099999999999,3
2023-12-10 00:00:00+00:00,0.00030904,0.00037838333333333336,0.0011351500000000001,3
2023-12-11 00:00:00+00:00,0.00012752,0.00018313666666666664,0.00054941,3
2023-12-12 00:00:00+00:00,0.00022456,0.00025887666666666665,0.0007766299999999999,3
2023-12-13 00:00:00+00:00,0.0001,0.00010259333333333333,0.00030778,3
2023-12-14 00:00:00+00:00,0.0001,0.00012513666666666667,0.00037541,3
2023-12-15 00:00:00+00:00,0.00048141,0.0004566333333333333,0.0013698999999999999,3
2023-12-16 00:00:00+00:00,0.00024706,0.00015414333333333333,0.00046243,3
2023-12-17 00:00:00+00:00,0.00016682,0.00012234666666666668,0.00036704,3
2023-12-18 00:00:00+00:00,0.0001,0.0001,0.00030000000000000003,3
2023-12-19 00:00:00+00:00,0.00015381,0.00011823999999999999,0.00035472,3
2023-12-20 00:00:00+00:00,0.00014625,0.00013694,0.00041082,3
2023-12-21 00:00:00+00:00,0.00015474,0.00011824666666666666,0.00035474,3
2023-12-22 00:00:00+00:00,0.00029451,0.0003553466666666666,0.0010660399999999999,3
2023-12-23 00:00:00+00:00,0.00027232,0.00019536999999999997,0.0005861099999999999,3
2023-12-24 00:00:00+00:00,0.00023001,0.0002631066666666667,0.00078932,3
2023-12-25 00:00:00+00:00,0.00059458,0.0003337666666666667,0.0010013,3
2023-12-26 00:00:00+00:00,0.0002142,0.00036278000000000005,0.0010883400000000001,3
2023-12-27 00:00:00+00:00,0.00084416,0.00045891333333333335,0.00137674,3
2023-12-28 00:00:00+00:00,0.00080864,0.0007219466666666666,0.00216584,3
2023-12-29 00:00:00+00:00,0.00050643,0.0004652366666666667,0.00139571,3
2023-12-30 00:00:00+00:00,0.00030365,0.00031047333333333334,0.00093142,3
2023-12-31 00:00:00+00:00,0.00056751,0.00045845,0.00137535,3
2024-01-01 00:00:00+00:00,0.00059489,0.0004962966666666667,0.00148889,3
2024-01-02 00:00:00+00:00,0.00088883,0.0007498566666666666,0.0022495699999999998,3
2024-01-03 00:00:00+00:00,0.0001,0.00041273,0.00123819,3
2024-01-04 00:00:00+00:00,0.0001,0.0001,0.00030000000000000003,3
2024-01-05 00:00:00+00:00,0.0001,0.0001,0.00030000000000000003,3
2024-01-06 00:00:00+00:00,0.0001,0.0001,0.00030000000000000003,3
2024-01-07 00:00:00+00:00,0.0001,0.0001,0.00030000000000000003,3
2024-01-08 00:00:00+00:00,0.0001,0.0001,0.00030000000000000003,3
2024-01-09 00:00:00+00:00,0.0001,0.0001,0.00030000000000000003,3
2024-01-10 00:00:00+00:00,0.0001,0.0001,0.00030000000000000003,3
2024-01-11 00:00:00+00:00,0.00011001,0.00010333666666666667,0.00031001,3
2024-01-12 00:00:00+00:00,0.0001,0.0001,0.00030000000000000003,3
2024-01-13 00:00:00+00:00,0.0001,0.0001,0.00030000000000000003,3
2024-01-14 00:00:00+00:00,0.0001,0.0001,0.00030000000000000003,3
2024-01-15 00:00:00+00:00,0.0001,0.0001,0.00030000000000000003,3
2024-01-16 00:00:00+00:00,0.0001,0.0001,0.00030000000000000003,3
2024-01-17 00:00:00+00:00,0.0001,0.0001,0.00030000000000000003,3
2024-01-18 00:00:00+00:00,0.0001,0.0001,0.00030000000000000003,3
2024-01-19 00:00:00+00:00,0.0001,0.0001,0.00030000000000000003,3
2024-01-20 00:00:00+00:00,0.0001,0.0001,0.00030000000000000003,3
2024-01-21 00:00:00+00:00,0.0001,0.0001,0.00030000000000000003,3
2024-01-22 00:00:00+00:00,0.0001,0.0001,0.00030000000000000003,3
2024-01-23 00:00:00+00:00,0.0001,0.0001,0.00030000000000000003,3
2024-01-24 00:00:00+00:00,0.0001,0.0001,0.00030000000000000003,3
2024-01-25 00:00:00+00:00,0.0001,0.0001,0.00030000000000000003,3
2024-01-26 00:00:00+00:00,0.0001,0.0001,0.00030000000000000003,3
2024-01-27 00:00:00+00:00,0.0001,0.0001,0.00030000000000000003,3
2024-01-28 00:00:00+00:00,0.0001,0.0001,0.00030000000000000003,3
2024-01-29 00:00:00+00:00,0.0001,0.0001,0.00030000000000000003,3
2024-01-30 00:00:00+00:00,0.0001,0.0001,0.00030000000000000003,3
2024-01-31 00:00:00+00:00,0.0001,0.0001,0.00030000000000000003,3
2024-02-01 00:00:00+00:00,0.0001,8.607666666666668e-05,0.00025823,3
2024-02-02 00:00:00+00:00,0.0001,0.0001,0.00030000000000000003,3
2024-02-03 00:00:00+00:00,0.0001,0.0001,0.00030000000000000003,3
2024-02-04 00:00:00+00:00,0.0001,0.0001,0.00030000000000000003,3
2024-02-05 00:00:00+00:00,0.0001,0.0001,0.00030000000000000003,3
2024-02-06 00:00:00+00:00,0.0001,0.0001,0.00030000000000000003,3
2024-02-07 00:00:00+00:00,0.0001,0.0001,0.00030000000000000003,3
2024-02-08 00:00:00+00:00,0.0001,0.0001,0.00030000000000000003,3
2024-02-09 00:00:00+00:00,0.0001,0.0001,0.00030000000000000003,3
2024-02-10 00:00:00+00:00,0.0001,0.0001,0.00030000000000000003,3
2024-02-11 00:00:00+00:00,0.0001,0.0001,0.00030000000000000003,3
2024-02-12 00:00:00+00:00,0.0001,0.0001,0.00030000000000000003,3
2024-02-13 00:00:00+00:00,0.00010131,0.00015356,0.00046068,3
2024-02-14 00:00:00+00:00,0.00022007,0.00014002333333333335,0.00042007000000000004,3
2024-02-15 00:00:00+00:00,0.00014198,0.00011399333333333332,0.00034198,3
2024-02-16 00:00:00+00:00,0.0001,0.00015468,0.00046404,3
2024-02-17 00:00:00+00:00,0.0001,0.00015619,0.00046857,3
2024-02-18 00:00:00+00:00,0.00011442,0.00010480666666666668,0.00031442000000000004,3
2024-02-19 00:00:00+00:00,0.00029329,0.00021935999999999996,0.0006580799999999999,3
2024-02-20 00:00:00+00:00,0.0001992,0.0003101333333333333,0.0009304,3
2024-02-21 00:00:00+00:00,0.0001,0.0001,0.00030000000000000003,3
2024-02-22 00:00:00+00:00,0.0001,0.0001,0.00030000000000000003,3
2024-02-23 00:00:00+00:00,0.00013271,0.00011667666666666666,0.00035003,3
2024-02-24 00:00:00+00:00,0.00035467,0.00022346333333333332,0.00067039,3
2024-02-25 00:00:00+00:00,0.00045779,0.00039462000000000004,0.0011838600000000001,3
2024-02-26 00:00:00+00:00,0.00022305,0.00045355,0.00136065,3
2024-02-27 00:00:00+00:00,0.00060503,0.0007166366666666667,0.00214991,3
2024-02-28 00:00:00+00:00,0.00066762,0.0005325966666666666,0.00159779,3
2024-02-29 00:00:00+00:00,0.00084785,0.0009052933333333334,0.0027158800000000004,3
2024-03-01 00:00:00+00:00,0.00051148,0.0004988766666666667,0.00149663,3
2024-03-02 00:00:00+00:00,0.0005891,0.0004893666666666666,0.0014681,3
2024-03-03 00:00:00+00:00,0.00060849,0.00073151,0.00219453,3
2024-03-04 00:00:00+00:00,0.00081939,0.00073411,0.0022023299999999997,3
2024-03-05 00:00:00+00:00,0.00138762,0.0009648733333333334,0.00289462,3
2024-03-06 00:00:00+00:00,0.00033512,0.00021369333333333334,0.00064108,3
2024-03-07 00:00:00+00:00,0.00095988,0.0005524733333333333,0.00165742,3
2024-03-08 00:00:00+00:00,0.00061268,0.0007754333333333333,0.0023263,3
2024-03-09 00:00:00+00:00,0.00059037,0.00043249,0.00129747,3
2024-03-10 00:00:00+00:00,0.00044047,0.0006312033333333334,0.00189361,3
2024-03-11 00:00:00+00:00,0.0007588,0.0005336133333333333,0.00160084,3
2024-03-12 00:00:00+00:00,0.00072737,0.0007190966666666667,0.00215729,3
2024-03-13 00:00:00+00:00,0.00088756,0.0008507533333333333,0.0025522599999999998,3
2024-03-14 00:00:00+00:00,0.00067145,0.0006373199999999999,0.0019119599999999999,3
2024-03-15 00:00:00+00:00,0.00022134,0.00046995,0.00140985,3
2024-03-16 00:00:00+00:00,0.0001,0.00012552333333333335,0.00037657,3
2024-03-17 00:00:00+00:00,0.0001,0.0001,0.00030000000000000003,3
2024-03-18 00:00:00+00:00,0.0002486,0.00024242,0.00072726,3
2024-03-19 00:00:00+00:00,0.0001,0.0001,0.00030000000000000003,3
2024-03-20 00:00:00+00:00,0.0001,0.0001,0.00030000000000000003,3
2024-03-21 00:00:00+00:00,0.0001,0.0001,0.00030000000000000003,3
2024-03-22 00:00:00+00:00,0.00011371,0.00013721666666666668,0.00041165,3
2024-03-23 00:00:00+00:00,0.0001,0.0001,0.00030000000000000003,3
2024-03-24 00:00:00+00:00,0.0001713,0.00012508,0.00037524,3
2024-03-25 00:00:00+00:00,0.00020806,0.00019883666666666665,0.00059651,3
2024-03-26 00:00:00+00:00,0.00019121,0.0002829733333333333,0.00084892,3
2024-03-27 00:00:00+00:00,0.00032067,0.00036099,0.00108297,3
2024-03-28 00:00:00+00:00,0.00046148,0.00037212000000000004,0.00111636,3
2024-03-29 00:00:00+00:00,0.00048436,0.00062011,0.0018603299999999999,3
2024-03-30 00:00:00+00:00,0.00069025,0.0006748066666666667,0.00202442,3
2024-03-31 00:00:00+00:00,0.00058722,0.0005520733333333333,0.00165622,3
2024-04-01 00:00:00+00:00,0.00027707,0.0005638366666666667,0.00169151,3
2024-04-02 00:00:00+00:00,0.00012127,0.00016376333333333333,0.00049129,3
2024-04-03 00:00:00+00:00,0.0001,0.0001,0.00030000000000000003,3
2024-04-04 00:00:00+00:00,0.00023535,0.00016246999999999998,0.00048740999999999997,3
2024-04-05 00:00:00+00:00,0.00018262,0.00012754000000000002,0.00038262,3
2024-04-06 00:00:00+00:00,0.0001,0.0001,0.00030000000000000003,3
2024-04-07 00:00:00+00:00,0.0001,0.00010076333333333333,0.00030229,3
2024-04-08 00:00:00+00:00,0.0001744,0.00021712333333333335,0.0006513700000000001,3
2024-04-09 00:00:00+00:00,0.00021236,0.00024841,0.00074523,3
2024-04-10 00:00:00+00:00,0.000145,0.00025623333333333335,0.0007687,3
2024-04-11 00:00:00+00:00,0.0001,0.00019074999999999997,0.00057225,3
2024-04-12 00:00:00+00:00,0.0001,0.00015298,0.00045893999999999997,3
2024-04-13 00:00:00+00:00,0.0001,0.0001,0.00030000000000000003,3
2024-04-14 00:00:00+00:00,7.927e-05,3.737333333333334e-05,0.00011212,3
2024-04-15 00:00:00+00:00,3.691e-05,2.279333333333333e-05,6.837999999999999e-05,3
2024-04-16 00:00:00+00:00,9.856e-05,4.5316666666666666e-05,0.00013595,3
2024-04-17 00:00:00+00:00,-7.055e-05,4.315000000000001e-05,0.00012945000000000003,3
2024-04-18 00:00:00+00:00,5.143e-05,-1.2966666666666639e-06,-3.8899999999999916e-06,3
2024-04-19 00:00:00+00:00,0.0001,6.902e-05,0.00020706,3
2024-04-20 00:00:00+00:00,-5.054e-05,2.4736666666666666e-05,7.421e-05,3
2024-04-21 00:00:00+00:00,0.0001,9.903666666666667e-05,0.00029711,3
2024-04-22 00:00:00+00:00,-0.00010319,1.396e-05,4.188e-05,3
2024-04-23 00:00:00+00:00,0.0001,8.944666666666667e-05,0.00026834,3
2024-04-24 00:00:00+00:00,0.0001,0.0001,0.00030000000000000003,3
2024-04-25 00:00:00+00:00,0.0001,4.838e-05,0.00014514,3
2024-04-26 00:00:00+00:00,7.358e-05,9.119333333333333e-05,0.00027358,3
2024-04-27 00:00:00+00:00,-4.56e-05,3.639666666666667e-05,0.00010919,3
2024-04-28 00:00:00+00:00,0.0001,9.123333333333333e-05,0.0002737,3
2024-04-29 00:00:00+00:00,0.0001,3.788333333333333e-05,0.00011365,3
2024-04-30 00:00:00+00:00,0.0001,0.0001,0.00030000000000000003,3
2024-05-01 00:00:00+00:00,-9.15e-06,1.3053333333333333e-05,3.916e-05,3
2024-05-02 00:00:00+00:00,8.261e-05,5.910333333333334e-05,0.00017731000000000002,3
2024-05-03 00:00:00+00:00,7.433e-05,2.1993333333333335e-05,6.598e-05,3
2024-05-04 00:00:00+00:00,9.851e-05,5.9600000000000005e-05,0.0001788,3
2024-05-05 00:00:00+00:00,-5.38e-06,1.6196666666666667e-05,4.859e-05,3
2024-05-06 00:00:00+00:00,9.537e-05,9.275666666666667e-05,0.00027827,3
2024-05-07 00:00:00+00:00,0.0001,0.0001,0.00030000000000000003,3
2024-05-08 00:00:00+00:00,0.0001,0.0001,0.00030000000000000003,3
2024-05-09 00:00:00+00:00,4.55e-05,7.813333333333334e-05,0.0002344,3
2024-05-10 00:00:00+00:00,0.0001,9.699666666666666e-05,0.00029099,3
2024-05-11 00:00:00+00:00,4.591e-05,8.197e-05,0.00024591,3
2024-05-12 00:00:00+00:00,-4.197e-05,1.643e-05,4.929e-05,3
2024-05-13 00:00:00+00:00,-9.89e-06,3.574666666666667e-05,0.00010724,3
2024-05-14 00:00:00+00:00,0.0001,2.4626666666666662e-05,7.387999999999999e-05,3
2024-05-15 00:00:00+00:00,-5.3e-05,3.944e-05,0.00011832,3
2024-05-16 00:00:00+00:00,0.0001,0.0001,0.00030000000000000003,3
2024-05-17 00:00:00+00:00,0.0001,0.0001,0.00030000000000000003,3
2024-05-18 00:00:00+00:00,0.0001,0.0001,0.00030000000000000003,3
2024-05-19 00:00:00+00:00,0.0001,0.0001,0.00030000000000000003,3
2024-05-20 00:00:00+00:00,0.0001,0.0001,0.00030000000000000003,3
2024-05-21 00:00:00+00:00,0.0001,0.0001,0.00030000000000000003,3
2024-05-22 00:00:00+00:00,0.00015025,0.00011674999999999999,0.00035025,3
2024-05-23 00:00:00+00:00,0.00019188,0.00026089,0.0007826700000000001,3
2024-05-24 00:00:00+00:00,0.0001,0.0001,0.00030000000000000003,3
2024-05-25 00:00:00+00:00,0.0001,0.0001,0.00030000000000000003,3
2024-05-26 00:00:00+00:00,0.0001,0.0001,0.00030000000000000003,3
2024-05-27 00:00:00+00:00,0.0001,0.0001401,0.00042029999999999997,3
2024-05-28 00:00:00+00:00,0.000197,0.00014011333333333333,0.00042034,3
2024-05-29 00:00:00+00:00,0.0001,0.00015422333333333334,0.00046267000000000004,3
2024-05-30 00:00:00+00:00,0.0001,0.0001,0.00030000000000000003,3
2024-05-31 00:00:00+00:00,0.0001,0.0001,0.00030000000000000003,3
2024-06-01 00:00:00+00:00,0.0001582,0.00011940000000000002,0.00035820000000000003,3
2024-06-02 00:00:00+00:00,0.0001,0.00012933333333333332,0.000388,3
2024-06-03 00:00:00+00:00,0.0001,0.00014073666666666667,0.00042221,3
2024-06-04 00:00:00+00:00,0.0001693,0.00016679666666666665,0.00050039,3
2024-06-05 00:00:00+00:00,0.0001,0.00011355333333333334,0.00034066,3
2024-06-06 00:00:00+00:00,0.0002063,0.00015348666666666666,0.00046046,3
2024-06-07 00:00:00+00:00,0.00016334,0.00012111333333333332,0.00036334,3
2024-06-08 00:00:00+00:00,0.0001,0.0001,0.00030000000000000003,3
2024-06-09 00:00:00+00:00,0.0001,0.0001,0.00030000000000000003,3
2024-06-10 00:00:00+00:00,0.0001,0.0001,0.00030000000000000003,3
2024-06-11 00:00:00+00:00,0.0001,0.0001,0.00030000000000000003,3
2024-06-12 00:00:00+00:00,4.797e-05,7.187666666666667e-05,0.00021563000000000002,3
2024-06-13 00:00:00+00:00,-6.842e-05,4.3860000000000004e-05,0.00013158,3
2024-06-14 00:00:00+00:00,2.433e-05,1.8570000000000003e-05,5.571000000000001e-05,3
2024-06-15 00:00:00+00:00,-8.576e-05,-1.9103333333333334e-05,-5.7310000000000005e-05,3
2024-06-16 00:00:00+00:00,6.225e-05,-2.379e-05,-7.137e-05,3
2024-06-17 00:00:00+00:00,-4.301e-05,3.4513333333333334e-05,0.00010354,3
2024-06-18 00:00:00+00:00,0.0001,3.2200000000000003e-05,9.66e-05,3
2024-06-19 00:00:00+00:00,6.966e-05,8.988666666666667e-05,0.00026966,3
2024-06-20 00:00:00+00:00,-5.24e-05,-1.6700000000000003e-06,-5.010000000000001e-06,3
2024-06-21 00:00:00+00:00,4.955e-05,2.923e-05,8.769e-05,3
2024-06-22 00:00:00+00:00,0.0001,0.0001,0.00030000000000000003,3
2024-06-23 00:00:00+00:00,-2.44e-06,6.585333333333333e-05,0.00019756,3
2024-06-24 00:00:00+00:00,5.292e-05,2.1666666666666695e-06,6.500000000000009e-06,3
2024-06-25 00:00:00+00:00,3.359e-05,5.491666666666666e-05,0.00016475,3
2024-06-26 00:00:00+00:00,1.135e-05,-1.622333333333333e-05,-4.866999999999999e-05,3
2024-06-27 00:00:00+00:00,0.0001,1.0893333333333335e-05,3.2680000000000006e-05,3
2024-06-28 00:00:00+00:00,-4.269e-05,1.062666666666667e-05,3.1880000000000006e-05,3
2024-06-29 00:00:00+00:00,0.0001,9.241e-05,0.00027723,3
2024-06-30 00:00:00+00:00,2.088e-05,6.184666666666666e-05,0.00018554,3
2024-07-01 00:00:00+00:00,6.487e-05,7.499999999999957e-07,2.249999999999987e-06,3
2024-07-02 00:00:00+00:00,-3.59e-06,5.3060000000000004e-05,0.00015918,3
2024-07-03 00:00:00+00:00,9.513e-05,9.301666666666666e-05,0.00027905,3
2024-07-04 00:00:00+00:00,5.748e-05,-1.8633333333333333e-05,-5.59e-05,3
2024-07-05 00:00:00+00:00,-0.00014157,-8.998666666666666e-05,-0.00026995999999999997,3
2024-07-06 00:00:00+00:00,-5.036e-05,-1.745333333333333e-05,-5.235999999999999e-05,3
2024-07-07 00:00:00+00:00,4.559e-05,1.9023333333333335e-05,5.707000000000001e-05,3
2024-07-08 00:00:00+00:00,0.0001,-1.8973333333333334e-05,-5.6920000000000004e-05,3
2024-07-09 00:00:00+00:00,-5.496e-05,4.834666666666667e-05,0.00014504,3
2024-07-10 00:00:00+00:00,4.032e-05,7.642e-05,0.00022926,3
2024-07-11 00:00:00+00:00,-0.00011018,-3.820666666666667e-05,-0.00011462000000000001,3
2024-07-12 00:00:00+00:00,1.849e-05,-7.325e-05,-0.00021975,3
2024-07-13 00:00:00+00:00,8.659e-05,7.289999999999997e-06,2.1869999999999992e-05,3
2024-07-14 00:00:00+00:00,-7.839e-05,-6.08e-06,-1.824e-05,3
2024-07-15 00:00:00+00:00,0.0001,5.383e-05,0.00016149,3
2024-07-16 00:00:00+00:00,0.0001,0.0001,0.00030000000000000003,3
2024-07-17 00:00:00+00:00,0.0001,9.944666666666668e-05,0.00029834,3
2024-07-18 00:00:00+00:00,5.031e-05,8.343666666666667e-05,0.00025031,3
2024-07-19 00:00:00+00:00,2.398e-05,7.466000000000001e-05,0.00022398,3
2024-07-20 00:00:00+00:00,-1.771e-05,5.351666666666667e-05,0.00016055,3
2024-07-21 00:00:00+00:00,0.0001,0.0001,0.00030000000000000003,3
2024-07-22 00:00:00+00:00,7.202e-05,9.067333333333332e-05,0.00027202,3
2024-07-23 00:00:00+00:00,0.0001,0.0001,0.00030000000000000003,3
2024-07-24 00:00:00+00:00,0.0001,0.0001,0.00030000000000000003,3
2024-07-25 00:00:00+00:00,0.0001,0.0001,0.00030000000000000003,3
2024-07-26 00:00:00+00:00,0.0001,9.114666666666667e-05,0.00027344,3
2024-07-27 00:00:00+00:00,0.0001,0.0001,0.00030000000000000003,3
2024-07-28 00:00:00+00:00,0.0001,0.0001,0.00030000000000000003,3
2024-07-29 00:00:00+00:00,0.0001,0.0001,0.00030000000000000003,3
2024-07-30 00:00:00+00:00,0.0001,8.216333333333334e-05,0.00024649000000000003,3
2024-07-31 00:00:00+00:00,0.0001,9.049666666666666e-05,0.00027149,3
2024-08-01 00:00:00+00:00,5.477e-05,-1.7906666666666666e-05,-5.372e-05,3
2024-08-02 00:00:00+00:00,2.235e-05,-4.7119999999999996e-05,-0.00014136,3
2024-08-03 00:00:00+00:00,0.0001,5.9913333333333335e-05,0.00017974,3
2024-08-04 00:00:00+00:00,6.809e-05,-1.6273333333333336e-05,-4.882000000000001e-05,3
2024-08-05 00:00:00+00:00,-0.00021692,-0.00013702333333333333,-0.00041107,3
2024-08-06 00:00:00+00:00,-2.416e-05,-0.00015458333333333334,-0.00046375,3
2024-08-07 00:00:00+00:00,-4.8e-06,-2.848e-05,-8.544e-05,3
2024-08-08 00:00:00+00:00,-6.616e-05,3.513333333333333e-05,0.0001054,3
2024-08-09 00:00:00+00:00,0.0001,-4.833333333333315e-07,-1.4499999999999946e-06,3
2024-08-10 00:00:00+00:00,-4.052e-05,1.8570000000000003e-05,5.571000000000001e-05,3
2024-08-11 00:00:00+00:00,-8.011e-05,-1.4973333333333335e-05,-4.4920000000000004e-05,3
2024-08-12 00:00:00+00:00,-6.146e-05,-1.0783333333333334e-05,-3.235e-05,3
2024-08-13 00:00:00+00:00,-1.666e-05,-9.623666666666667e-05,-0.00028871,3
2024-08-14 00:00:00+00:00,-5.18e-06,-6.733000000000001e-05,-0.00020199,3
2024-08-15 00:00:00+00:00,3.527e-05,-4.445e-05,-0.00013335000000000002,3
2024-08-16 00:00:00+00:00,-0.00016606,-8.039999999999992e-06,-2.411999999999998e-05,3
2024-08-17 00:00:00+00:00,-3.484e-05,-9.37e-05,-0.0002811,3
2024-08-18 00:00:00+00:00,-5.206e-05,8.216666666666667e-06,2.4650000000000003e-05,3
2024-08-19 00:00:00+00:00,6.61e-06,-5.5950000000000005e-05,-0.00016785000000000001,3
2024-08-20 00:00:00+00:00,-0.0001008,-4.228666666666666e-05,-0.00012686,3
2024-08-21 00:00:00+00:00,-0.00019045,-8.266666666666668e-06,-2.4800000000000007e-05,3
2024-08-22 00:00:00+00:00,6.15e-06,3.183666666666667e-05,9.551000000000001e-05,3
2024-08-23 00:00:00+00:00,-6.699e-05,1.3999999999999978e-06,4.199999999999994e-06,3
2024-08-24 00:00:00+00:00,0.0001,0.0001,0.00030000000000000003,3
2024-08-25 00:00:00+00:00,0.0001,0.0001,0.00030000000000000003,3
2024-08-26 00:00:00+00:00,7.958e-05,9.319333333333332e-05,0.00027958,3
2024-08-27 00:00:00+00:00,8.904e-05,7.082e-05,0.00021246,3
2024-08-28 00:00:00+00:00,-8.111e-05,-3.205e-05,-9.615e-05,3
2024-08-29 00:00:00+00:00,8.43e-06,-5.2386666666666664e-05,-0.00015716,3
2024-08-30 00:00:00+00:00,-0.00016989,-0.00014855666666666666,-0.00044567,3
2024-08-31 00:00:00+00:00,-0.00017295,-8.648666666666667e-05,-0.00025946,3
2024-09-01 00:00:00+00:00,-6.254e-05,-0.00011713333333333333,-0.0003514,3
2024-09-02 00:00:00+00:00,-8.759e-05,-0.00015002666666666666,-0.00045008,3
2024-09-03 00:00:00+00:00,-0.0001946,-0.00017173333333333332,-0.0005152,3
2024-09-04 00:00:00+00:00,-2.677e-05,-0.00010159666666666666,-0.00030479,3
2024-09-05 00:00:00+00:00,8.1e-05,1.9036666666666667e-05,5.711e-05,3
2024-09-06 00:00:00+00:00,-3.213e-05,-2.0016666666666664e-05,-6.0049999999999996e-05,3
2024-09-07 00:00:00+00:00,3.5e-06,-8.779333333333334e-05,-0.00026338,3
2024-09-08 00:00:00+00:00,-2.252e-05,-7.2100000000000004e-06,-2.163e-05,3
2024-09-09 00:00:00+00:00,-4.882e-05,3.8530000000000005e-05,0.00011559000000000001,3
2024-09-10 00:00:00+00:00,8.925e-05,9.641666666666667e-05,0.00028925,3
2024-09-11 00:00:00+00:00,-0.0001031,-0.00010508666666666666,-0.00031526,3
2024-09-12 00:00:00+00:00,1.978e-05,7.97666666666667e-06,2.3930000000000006e-05,3
2024-09-13 00:00:00+00:00,5.48e-06,2.7223333333333338e-05,8.167000000000001e-05,3
2024-09-14 00:00:00+00:00,3.4e-06,8.196666666666667e-06,2.459e-05,3
2024-09-15 00:00:00+00:00,-1.67e-06,-2.1300000000000008e-06,-6.390000000000002e-06,3
2024-09-16 00:00:00+00:00,2.941e-05,-5.34e-05,-0.0001602,3
2024-09-17 00:00:00+00:00,7.015e-05,5.700333333333334e-05,0.00017101,3
2024-09-18 00:00:00+00:00,-6.542e-05,-3.655666666666667e-05,-0.00010967,3
2024-09-19 00:00:00+00:00,0.0001,7.889000000000001e-05,0.00023667000000000002,3
2024-09-20 00:00:00+00:00,0.0001,0.0001,0.00030000000000000003,3
2024-09-21 00:00:00+00:00,6.85e-05,8.950000000000001e-05,0.0002685,3
2024-09-22 00:00:00+00:00,3.305e-05,5.508e-05,0.00016524,3
2024-09-23 00:00:00+00:00,1.753e-05,7.251000000000001e-05,0.00021753,3
2024-09-24 00:00:00+00:00,9.527e-05,5.245e-05,0.00015735,3
2024-09-25 00:00:00+00:00,7.86e-06,6.928666666666667e-05,0.00020786,3
2024-09-26 00:00:00+00:00,0.0001,7.877666666666667e-05,0.00023633,3
2024-09-27 00:00:00+00:00,0.0001,8.096e-05,0.00024288,3
2024-09-28 00:00:00+00:00,0.0001,6.454666666666667e-05,0.00019364,3
2024-09-29 00:00:00+00:00,1.295e-05,4.9063333333333335e-05,0.00014719,3
2024-09-30 00:00:00+00:00,0.0001,8.142e-05,0.00024426,3
2024-10-01 00:00:00+00:00,0.0001,0.0001,0.00030000000000000003,3
2024-10-02 00:00:00+00:00,1.925e-05,5.9650000000000007e-05,0.00017895,3
2024-10-03 00:00:00+00:00,-2.491e-05,-2.602e-05,-7.806000000000001e-05,3
2024-10-04 00:00:00+00:00,6.032e-05,8.826666666666666e-06,2.6479999999999997e-05,3
2024-10-05 00:00:00+00:00,-0.00010527,-9.356666666666665e-06,-2.8069999999999994e-05,3
2024-10-06 00:00:00+00:00,-1.346e-05,1.9100000000000016e-06,5.7300000000000044e-06,3
2024-10-07 00:00:00+00:00,7.548e-05,3.610000000000001e-06,1.0830000000000003e-05,3
2024-10-08 00:00:00+00:00,5.986e-05,-7.643333333333334e-06,-2.293e-05,3
2024-10-09 00:00:00+00:00,-2.694e-05,-4.5390000000000004e-05,-0.00013617000000000002,3
2024-10-10 00:00:00+00:00,-2.377e-05,1.8216666666666668e-05,5.465e-05,3
2024-10-11 00:00:00+00:00,0.0001,1.8406666666666668e-05,5.522e-05,3
2024-10-12 00:00:00+00:00,0.0001,0.0001,0.00030000000000000003,3
2024-10-13 00:00:00+00:00,0.0001,0.0001,0.00030000000000000003,3
2024-10-14 00:00:00+00:00,0.0001,0.0001,0.00030000000000000003,3
2024-10-15 00:00:00+00:00,0.0001,0.0001,0.00030000000000000003,3
2024-10-16 00:00:00+00:00,0.0001,7.842333333333334e-05,0.00023527000000000002,3
2024-10-17 00:00:00+00:00,0.0001,0.0001,0.00030000000000000003,3
2024-10-18 00:00:00+00:00,0.0001,8.326e-05,0.00024978,3
2024-10-19 00:00:00+00:00,0.0001,0.0001,0.00030000000000000003,3
2024-10-20 00:00:00+00:00,0.0001,0.0001,0.00030000000000000003,3
2024-10-21 00:00:00+00:00,0.0001,0.0001,0.00030000000000000003,3
2024-10-22 00:00:00+00:00,0.0001,0.0001,0.00030000000000000003,3
2024-10-23 00:00:00+00:00,0.0001,0.0001,0.00030000000000000003,3
2024-10-24 00:00:00+00:00,0.0001,0.0001,0.00030000000000000003,3
2024-10-25 00:00:00+00:00,0.0001,9.927333333333334e-05,0.00029782,3
2024-10-26 00:00:00+00:00,0.0001,0.0001,0.00030000000000000003,3
2024-10-27 00:00:00+00:00,2.66e-06,5.014333333333334e-05,0.00015043,3
2024-10-28 00:00:00+00:00,-3.627e-05,-1.463e-05,-4.389e-05,3
2024-10-29 00:00:00+00:00,0.0001,0.0001,0.00030000000000000003,3
2024-10-30 00:00:00+00:00,0.0001,0.0001,0.00030000000000000003,3
2024-10-31 00:00:00+00:00,0.0001,0.0001,0.00030000000000000003,3
2024-11-01 00:00:00+00:00,0.0001,0.0001,0.00030000000000000003,3
2024-11-02 00:00:00+00:00,0.0001,0.0001,0.00030000000000000003,3
2024-11-03 00:00:00+00:00,0.0001,8.037666666666667e-05,0.00024113000000000002,3
2024-11-04 00:00:00+00:00,2.139e-05,7.379666666666668e-05,0.00022139000000000002,3
2024-11-05 00:00:00+00:00,-1.264e-05,3.9053333333333334e-05,0.00011716,3
2024-11-06 00:00:00+00:00,0.0001,4.764e-05,0.00014292,3
2024-11-07 00:00:00+00:00,0.0001,0.00012277,0.00036831,3
2024-11-08 00:00:00+00:00,0.0001,0.0001,0.00030000000000000003,3
2024-11-09 00:00:00+00:00,0.0001,0.00011859333333333333,0.00035578,3
2024-11-10 00:00:00+00:00,0.00035287,0.00026307333333333333,0.00078922,3
2024-11-11 00:00:00+00:00,0.00019047,0.00022837333333333332,0.00068512,3
2024-11-12 00:00:00+00:00,0.00057029,0.0004070266666666667,0.00122108,3
2024-11-13 00:00:00+00:00,0.00024003,0.00029559666666666666,0.00088679,3
2024-11-14 00:00:00+00:00,0.0001,0.00015016666666666667,0.0004505,3
2024-11-15 00:00:00+00:00,0.0001,0.0001,0.00030000000000000003,3
2024-11-16 00:00:00+00:00,0.0001,0.00023030000000000001,0.0006909,3
2024-11-17 00:00:00+00:00,0.000479,0.00033704,0.00101112,3
2024-11-18 00:00:00+00:00,0.00035653,0.00034263333333333333,0.0010279,3
2024-11-19 00:00:00+00:00,0.0001793,0.00031748,0.0009524399999999999,3
2024-11-20 00:00:00+00:00,0.0001,0.0001,0.00030000000000000003,3
2024-11-21 00:00:00+00:00,0.00040386,0.00020128666666666668,0.00060386,3
2024-11-22 00:00:00+00:00,0.00018091,0.00037631,0.00112893,3
2024-11-23 00:00:00+00:00,0.00038443,0.0003039633333333333,0.0009118899999999999,3
2024-11-24 00:00:00+00:00,0.00022584,0.00024733333333333335,0.000742,3
2024-11-25 00:00:00+00:00,0.00027611,0.00025151,0.00075453,3
2024-11-26 00:00:00+00:00,0.0001,0.0001,0.00030000000000000003,3
2024-11-27 00:00:00+00:00,0.00010353,0.00010597333333333334,0.00031792,3
2024-11-28 00:00:00+00:00,0.0001,0.00020500333333333334,0.00061501,3
2024-11-29 00:00:00+00:00,0.00034883,0.0002488766666666667,0.0007466300000000001,3
2024-11-30 00:00:00+00:00,0.00028714,0.00031321666666666665,0.00093965,3
2024-12-01 00:00:00+00:00,0.00033284,0.00026847666666666666,0.00080543,3
2024-12-02 00:00:00+00:00,0.00040855,0.00042486,0.00127458,3
2024-12-03 00:00:00+00:00,0.00051121,0.0005436833333333334,0.00163105,3
2024-12-04 00:00:00+00:00,0.00061973,0.0005525233333333333,0.0016575700000000001,3
2024-12-05 00:00:00+00:00,0.00063745,0.0005685766666666666,0.00170573,3
2024-12-06 00:00:00+00:00,0.00016635,0.0004812766666666667,0.0014438300000000001,3
2024-12-07 00:00:00+00:00,0.00053257,0.0004959733333333333,0.00148792,3
2024-12-08 00:00:00+00:00,0.00028726,0.0003872866666666667,0.00116186,3
2024-12-09 00:00:00+00:00,0.00012019,0.00017748666666666667,0.00053246,3
2024-12-10 00:00:00+00:00,0.0001,0.0001,0.00030000000000000003,3
2024-12-11 00:00:00+00:00,0.0001,0.0001,0.00030000000000000003,3
2024-12-12 00:00:00+00:00,0.0001,0.0001,0.00030000000000000003,3
2024-12-13 00:00:00+00:00,0.0001,0.0001,0.00030000000000000003,3
2024-12-14 00:00:00+00:00,0.0001,0.0001,0.00030000000000000003,3
2024-12-15 00:00:00+00:00,0.0001,0.0001,0.00030000000000000003,3
2024-12-16 00:00:00+00:00,0.0001,0.0001,0.00030000000000000003,3
2024-12-17 00:00:00+00:00,0.0001,0.0001,0.00030000000000000003,3
2024-12-18 00:00:00+00:00,0.0001,0.0001,0.00030000000000000003,3
2024-12-19 00:00:00+00:00,0.0001,0.0001,0.00030000000000000003,3
2024-12-20 00:00:00+00:00,2.646e-05,4.628333333333333e-05,0.00013885,3
2024-12-21 00:00:00+00:00,9.438e-05,7.356333333333333e-05,0.00022069,3
2024-12-22 00:00:00+00:00,-3.985e-05,6.053333333333334e-06,1.8160000000000002e-05,3
2024-12-23 00:00:00+00:00,9.327e-05,4.2640000000000005e-05,0.00012792,3
2024-12-24 00:00:00+00:00,0.0001,0.0001,0.00030000000000000003,3
2024-12-25 00:00:00+00:00,7.298e-05,7.522333333333333e-05,0.00022567,3
2024-12-26 00:00:00+00:00,4.827e-05,7.657333333333333e-05,0.00022972,3
2024-12-27 00:00:00+00:00,-3.642e-05,5.1563333333333335e-05,0.00015469,3
2024-12-28 00:00:00+00:00,7.387e-05,7.522333333333333e-05,0.00022567,3
2024-12-29 00:00:00+00:00,0.0001,0.0001,0.00030000000000000003,3
2024-12-30 00:00:00+00:00,7.439e-05,6.789e-05,0.00020367,3
2024-12-31 00:00:00+00:00,4.524e-05,4.191333333333333e-05,0.00012574,3
2025-01-01 00:00:00+00:00,7.774e-05,5.4216666666666665e-05,0.00016265,3
2025-01-02 00:00:00+00:00,0.0001,9.937666666666667e-05,0.00029813,3
2025-01-03 00:00:00+00:00,-8.285e-05,2.644e-05,7.932e-05,3
2025-01-04 00:00:00+00:00,0.0001,8.569666666666667e-05,0.00025709,3
2025-01-05 00:00:00+00:00,0.0001,5.738666666666667e-05,0.00017216,3
2025-01-06 00:00:00+00:00,0.0001,6.374e-05,0.00019122,3
2025-01-07 00:00:00+00:00,9.281e-05,9.357333333333334e-05,0.00028072000000000004,3
2025-01-08 00:00:00+00:00,7.73e-06,3.443666666666667e-05,0.00010331000000000001,3
2025-01-09 00:00:00+00:00,2.138e-05,3.4766666666666663e-06,1.0429999999999998e-05,3
2025-01-10 00:00:00+00:00,8.043e-05,3.762e-05,0.00011286,3
2025-01-11 00:00:00+00:00,8.981e-05,2.5226666666666663e-05,7.568e-05,3
2025-01-12 00:00:00+00:00,0.0001,7.724666666666667e-05,0.00023174,3
2025-01-13 00:00:00+00:00,5.719e-05,6.135666666666667e-05,0.00018407,3
2025-01-14 00:00:00+00:00,0.0001,7.653333333333333e-05,0.0002296,3
2025-01-15 00:00:00+00:00,5.289e-05,5.639e-05,0.00016917,3
2025-01-16 00:00:00+00:00,0.0001,0.0001,0.00030000000000000003,3
2025-01-17 00:00:00+00:00,0.0001,0.0001,0.00030000000000000003,3
2025-01-18 00:00:00+00:00,8.219e-05,9.406333333333333e-05,0.00028219,3
2025-01-19 00:00:00+00:00,0.0001,0.0001,0.00030000000000000003,3
2025-01-20 00:00:00+00:00,0.0001,-0.00021986333333333334,-0.00065959,3
2025-01-21 00:00:00+00:00,0.0001,9.193333333333332e-05,0.0002758,3
2025-01-22 00:00:00+00:00,0.0001,0.0001,0.00030000000000000003,3
2025-01-23 00:00:00+00:00,1.031e-05,6.903666666666666e-05,0.00020711,3
2025-01-24 00:00:00+00:00,0.0001,8.685666666666666e-05,0.00026057,3
2025-01-25 00:00:00+00:00,-7.147e-05,-5.437333333333333e-05,-0.00016312,3
2025-01-26 00:00:00+00:00,0.0001,9.618666666666666e-05,0.00028856,3
2025-01-27 00:00:00+00:00,-0.00012023,-3.005666666666667e-05,-9.017000000000001e-05,3
2025-01-28 00:00:00+00:00,9.599e-05,6.361000000000001e-05,0.00019083000000000001,3
2025-01-29 00:00:00+00:00,5.8e-07,5.0150000000000006e-05,0.00015045000000000002,3
2025-01-30 00:00:00+00:00,0.0001,7.881666666666667e-05,0.00023645,3
2025-01-31 00:00:00+00:00,6.718e-05,5.3863333333333337e-05,0.00016159,3
2025-02-01 00:00:00+00:00,2.509e-05,-1.4873333333333337e-05,-4.462000000000001e-05,3
2025-02-02 00:00:00+00:00,-9.58e-06,-5.896666666666667e-06,-1.7690000000000002e-05,3
2025-02-03 00:00:00+00:00,-0.00014289,-0.00013819,-0.00041457,3
2025-02-04 00:00:00+00:00,0.0001,-6.597666666666666e-05,-0.00019793,3
2025-02-05 00:00:00+00:00,-7.729e-05,-5.049333333333333e-05,-0.00015148,3
2025-02-06 00:00:00+00:00,-3.24e-05,-2.8983333333333334e-05,-8.695e-05,3
2025-02-07 00:00:00+00:00,9.62e-06,-7.381e-05,-0.00022143,3
2025-02-08 00:00:00+00:00,3.838e-05,-3.5946666666666666e-05,-0.00010784,3
2025-02-09 00:00:00+00:00,-0.00013922,-7.685e-05,-0.00023055,3
2025-02-10 00:00:00+00:00,3.55e-06,-4.487333333333333e-05,-0.00013461999999999998,3
2025-02-11 00:00:00+00:00,-0.00016094,-6.971333333333334e-05,-0.00020914,3
2025-02-12 00:00:00+00:00,3.374e-05,-5.226333333333333e-05,-0.00015679,3
2025-02-13 00:00:00+00:00,-0.00011001,-5.121666666666667e-05,-0.00015365,3
2025-02-14 00:00:00+00:00,0.0001,7.136666666666666e-05,0.0002141,3
2025-02-15 00:00:00+00:00,-3.632e-05,2.2190000000000003e-05,6.657000000000001e-05,3
2025-02-16 00:00:00+00:00,-1.957e-05,1.1213333333333332e-05,3.3639999999999996e-05,3
2025-02-17 00:00:00+00:00,9.248e-05,-5.262666666666667e-05,-0.00015788,3
2025-02-18 00:00:00+00:00,0.0001,6.0853333333333336e-05,0.00018256000000000001,3
2025-02-19 00:00:00+00:00,6.654e-05,6.697333333333333e-05,0.00020092,3
2025-02-20 00:00:00+00:00,-2.349e-05,4.110666666666667e-05,0.00012332,3
2025-02-21 00:00:00+00:00,-9.26e-06,5.164666666666667e-05,0.00015494,3
2025-02-22 00:00:00+00:00,0.0001,0.0006782366666666667,0.00203471,3
2025-02-23 00:00:00+00:00,-1.48e-06,6.617333333333334e-05,0.00019852000000000002,3
2025-02-24 00:00:00+00:00,0.0001,0.0001,0.00030000000000000003,3
2025-02-25 00:00:00+00:00,0.0001,0.0001,0.00030000000000000003,3
2025-02-26 00:00:00+00:00,0.0001,0.0001,0.00030000000000000003,3
2025-02-27 00:00:00+00:00,0.0001,0.0001,0.00030000000000000003,3
2025-02-28 00:00:00+00:00,6.556e-05,8.852000000000001e-05,0.00026556,3
2025-03-01 00:00:00+00:00,0.0001,0.0001,0.00030000000000000003,3
2025-03-02 00:00:00+00:00,0.0001,0.0001,0.00030000000000000003,3
2025-03-03 00:00:00+00:00,0.0001,0.0001,0.00030000000000000003,3
2025-03-04 00:00:00+00:00,-1.149e-05,-8.008e-05,-0.00024024000000000002,3
2025-03-05 00:00:00+00:00,1.433e-05,-1.6466666666666666e-05,-4.94e-05,3
2025-03-06 00:00:00+00:00,-3.982e-05,-4.3690000000000004e-05,-0.00013107,3
2025-03-07 00:00:00+00:00,2.059e-05,-8.032e-05,-0.00024096,3
2025-03-08 00:00:00+00:00,-5.362e-05,-1.174e-05,-3.522e-05,3
2025-03-09 00:00:00+00:00,0.0001,7.022e-05,0.00021066,3
2025-03-10 00:00:00+00:00,-8.248e-05,-3.826666666666664e-06,-1.1479999999999992e-05,3
2025-03-11 00:00:00+00:00,3.875e-05,7.958333333333333e-05,0.00023875,3
2025-03-12 00:00:00+00:00,-7.912e-05,-7.658000000000002e-05,-0.00022974000000000003,3
2025-03-13 00:00:00+00:00,-0.00010418,-7.195333333333334e-05,-0.00021586,3
2025-03-14 00:00:00+00:00,0.0001,5.041333333333334e-05,0.00015124000000000002,3
2025-03-15 00:00:00+00:00,6.575e-05,7.396666666666667e-05,0.00022190000000000003,3
2025-03-16 00:00:00+00:00,-0.00014027,-5.265333333333334e-05,-0.00015796,3
2025-03-17 00:00:00+00:00,-0.00010945,-0.00010232666666666666,-0.00030698,3
2025-03-18 00:00:00+00:00,-3.472e-05,-9.728666666666667e-05,-0.00029186,3
2025-03-19 00:00:00+00:00,9.123e-05,7.587e-05,0.00022761,3
2025-03-20 00:00:00+00:00,-9.838e-05,2.2153333333333334e-05,6.646e-05,3
2025-03-21 00:00:00+00:00,-6.229e-05,-3.9506666666666666e-05,-0.00011852,3
2025-03-22 00:00:00+00:00,5.877e-05,6.016666666666667e-05,0.0001805,3
2025-03-23 00:00:00+00:00,0.0001,7.656e-05,0.00022968,3
2025-03-24 00:00:00+00:00,0.0001,4.698666666666667e-05,0.00014096,3
2025-03-25 00:00:00+00:00,-3.201e-05,5.481333333333334e-05,0.00016444000000000002,3
2025-03-26 00:00:00+00:00,-9.245e-05,1.058666666666667e-05,3.176000000000001e-05,3
2025-03-27 00:00:00+00:00,4.19e-06,5.3053333333333336e-05,0.00015916000000000001,3
2025-03-28 00:00:00+00:00,-8.911e-05,-3.243666666666667e-05,-9.731e-05,3
2025-03-29 00:00:00+00:00,-5.72e-05,-5.504666666666666e-05,-0.00016513999999999998,3
2025-03-30 00:00:00+00:00,-9.026e-05,-0.00014437666666666666,-0.00043313,3
2025-03-31 00:00:00+00:00,-2.321e-05,-2.2896666666666664e-05,-6.869e-05,3
2025-04-01 00:00:00+00:00,-2.89e-06,-7.309e-05,-0.00021927,3
2025-04-02 00:00:00+00:00,0.0001,-1.704e-05,-5.112e-05,3
2025-04-03 00:00:00+00:00,-0.00014136,-0.00011337000000000001,-0.00034011,3
2025-04-04 00:00:00+00:00,-2.1e-05,-0.00011210333333333333,-0.00033631,3
2025-04-05 00:00:00+00:00,8.538e-05,8.388e-05,0.00025164,3
2025-04-06 00:00:00+00:00,3.536e-05,6.398666666666666e-05,0.00019196,3
2025-04-07 00:00:00+00:00,-4.618e-05,-2.8443333333333333e-05,-8.533e-05,3
2025-04-08 00:00:00+00:00,-0.00012469,6.030000000000004e-06,1.809000000000001e-05,3
2025-04-09 00:00:00+00:00,0.0001,3.896666666666673e-06,1.1690000000000019e-05,3
2025-04-10 00:00:00+00:00,-3.737e-05,3.2393333333333334e-05,9.718e-05,3
2025-04-11 00:00:00+00:00,0.0001,4.111333333333333e-05,0.00012334,3
2025-04-12 00:00:00+00:00,6.016e-05,8.672e-05,0.00026016,3
2025-04-13 00:00:00+00:00,8.324e-05,7.7e-05,0.000231,3
2025-04-14 00:00:00+00:00,6.03e-05,6.306666666666666e-05,0.0001892,3
2025-04-15 00:00:00+00:00,4.676e-05,-6.5766666666666675e-06,-1.9730000000000003e-05,3
2025-04-16 00:00:00+00:00,-5.2e-07,-9.741333333333333e-05,-0.00029224,3
2025-04-17 00:00:00+00:00,-1.89e-06,6.42e-05,0.0001926,3
2025-04-18 00:00:00+00:00,-0.00013242,-8.699e-05,-0.00026097,3
2025-04-19 00:00:00+00:00,-0.0001129,-8.347e-05,-0.00025041,3
2025-04-20 00:00:00+00:00,-0.00027087,-0.0002470633333333334,-0.0007411900000000001,3
2025-04-21 00:00:00+00:00,-7.23e-05,-0.00011380666666666667,-0.00034142,3
2025-04-22 00:00:00+00:00,6.134e-05,6.000000000000055e-08,1.8000000000000166e-07,3
2025-04-23 00:00:00+00:00,5.334e-05,7.153e-05,0.00021459000000000002,3
2025-04-24 00:00:00+00:00,2.156e-05,6.568666666666668e-05,0.00019706000000000001,3
2025-04-25 00:00:00+00:00,-7.11e-06,6.429666666666666e-05,0.00019289,3
2025-04-26 00:00:00+00:00,-0.00014758,-0.00015003333333333334,-0.0004501,3
2025-04-27 00:00:00+00:00,0.0001,4.961e-05,0.00014883,3
2025-04-28 00:00:00+00:00,-4.85e-05,2.350666666666667e-05,7.052000000000001e-05,3
2025-04-29 00:00:00+00:00,-3.17e-06,-5.3116666666666666e-05,-0.00015935,3
2025-04-30 00:00:00+00:00,-6.395e-05,-1.5856666666666663e-05,-4.7569999999999993e-05,3
2025-05-01 00:00:00+00:00,0.0001,0.0001,0.00030000000000000003,3
2025-05-02 00:00:00+00:00,-1.73e-06,7.14e-06,2.142e-05,3
2025-05-03 00:00:00+00:00,7.687e-05,6.496666666666668e-06,1.9490000000000005e-05,3
2025-05-04 00:00:00+00:00,9.66e-06,-2.533333333333326e-07,-7.599999999999978e-07,3
2025-05-05 00:00:00+00:00,-2.153e-05,3.54e-05,0.0001062,3
2025-05-06 00:00:00+00:00,7.06e-06,2.6499999999999997e-05,7.95e-05,3
2025-05-07 00:00:00+00:00,0.0001,8.308000000000001e-05,0.00024924,3
2025-05-08 00:00:00+00:00,0.0001,8.150000000000002e-05,0.00024450000000000003,3
2025-05-09 00:00:00+00:00,0.0001,0.0001,0.00030000000000000003,3
2025-05-10 00:00:00+00:00,0.0001,0.0001,0.00030000000000000003,3
2025-05-11 00:00:00+00:00,0.0001,0.0001,0.00030000000000000003,3
2025-05-12 00:00:00+00:00,0.0001,0.0001,0.00030000000000000003,3
2025-05-13 00:00:00+00:00,0.0001,0.0001,0.00030000000000000003,3
2025-05-14 00:00:00+00:00,4.15e-05,8.05e-05,0.00024150000000000002,3
2025-05-15 00:00:00+00:00,0.0001,7.602e-05,0.00022805999999999998,3
2025-05-16 00:00:00+00:00,0.0001,6.489333333333334e-05,0.00019468000000000003,3
2025-05-17 00:00:00+00:00,6.663e-05,6.350666666666667e-05,0.00019052,3
2025-05-18 00:00:00+00:00,0.0001,8.869666666666667e-05,0.00026609,3
2025-05-19 00:00:00+00:00,-5.726e-05,-6.535666666666667e-05,-0.00019607,3
2025-05-20 00:00:00+00:00,0.0001,0.0001,0.00030000000000000003,3
2025-05-21 00:00:00+00:00,0.0001,8.074666666666667e-05,0.00024224,3
2025-05-22 00:00:00+00:00,0.0001,0.0001,0.00030000000000000003,3
2025-05-23 00:00:00+00:00,0.0001,0.0001,0.00030000000000000003,3
2025-05-24 00:00:00+00:00,0.0001,0.0001,0.00030000000000000003,3
2025-05-25 00:00:00+00:00,0.0001,6.025e-05,0.00018075,3
2025-05-26 00:00:00+00:00,3.732e-05,7.910666666666667e-05,0.00023732,3
2025-05-27 00:00:00+00:00,0.0001,6.300333333333334e-05,0.00018901,3
2025-05-28 00:00:00+00:00,-2.8e-07,-2.0673333333333334e-05,-6.202e-05,3
2025-05-29 00:00:00+00:00,4.026e-05,2.825e-05,8.475e-05,3
2025-05-30 00:00:00+00:00,3.796e-05,7.372666666666667e-05,0.00022118000000000002,3
2025-05-31 00:00:00+00:00,4.549e-05,6.128e-05,0.00018384,3
2025-06-01 00:00:00+00:00,-9.606e-05,-9.718333333333334e-05,-0.00029155,3
2025-06-02 00:00:00+00:00,-2.897e-05,3.188e-05,9.564e-05,3
2025-06-03 00:00:00+00:00,0.0001,3.5743333333333334e-05,0.00010723,3
2025-06-04 00:00:00+00:00,4.038e-05,-2.6713333333333334e-05,-8.014e-05,3
2025-06-05 00:00:00+00:00,8.45e-06,3.433e-05,0.00010299,3
2025-06-06 00:00:00+00:00,3.766e-05,9.563333333333334e-06,2.869e-05,3
2025-06-07 00:00:00+00:00,-8.586e-05,-2.3776666666666665e-05,-7.133e-05,3
2025-06-08 00:00:00+00:00,-4.85e-05,-0.00010008666666666667,-0.00030026,3
2025-06-09 00:00:00+00:00,7.094e-05,4.5283333333333334e-05,0.00013585,3
2025-06-10 00:00:00+00:00,-2.41e-06,3.175666666666667e-05,9.527e-05,3
2025-06-11 00:00:00+00:00,0.0001,0.0001,0.00030000000000000003,3
2025-06-12 00:00:00+00:00,0.0001,3.026e-05,9.078000000000001e-05,3
2025-06-13 00:00:00+00:00,9.28e-06,-4.260000000000001e-06,-1.2780000000000001e-05,3
2025-06-14 00:00:00+00:00,2.708e-05,5.888333333333334e-05,0.00017665,3
2025-06-15 00:00:00+00:00,6.47e-05,4.3600000000000015e-06,1.3080000000000004e-05,3
2025-06-16 00:00:00+00:00,6.171e-05,7.355666666666667e-05,0.00022067,3
2025-06-17 00:00:00+00:00,8.5e-06,3.9333333333333326e-07,1.1799999999999997e-06,3
2025-06-18 00:00:00+00:00,-3.69e-06,1.2256666666666667e-05,3.677e-05,3
2025-06-19 00:00:00+00:00,-3.131e-05,-2.638e-05,-7.914e-05,3
2025-06-20 00:00:00+00:00,-1.337e-05,3.859666666666667e-05,0.00011579,3
2025-06-21 00:00:00+00:00,6.16e-06,-2.0563333333333334e-05,-6.169e-05,3
2025-06-22 00:00:00+00:00,-3.19e-06,4.153333333333334e-06,1.2460000000000001e-05,3
2025-06-23 00:00:00+00:00,-4.727e-05,-8.506666666666666e-06,-2.552e-05,3
2025-06-24 00:00:00+00:00,6.097e-05,1.5996666666666665e-05,4.799e-05,3
2025-06-25 00:00:00+00:00,4.643e-05,5.0213333333333336e-05,0.00015064,3
2025-06-26 00:00:00+00:00,-7.079e-05,-5.207e-05,-0.00015621,3
2025-06-27 00:00:00+00:00,5.319e-05,3.760333333333333e-05,0.00011281,3
2025-06-28 00:00:00+00:00,0.0001,9.728e-05,0.00029184,3
2025-06-29 00:00:00+00:00,6.333e-05,4.5543333333333335e-05,0.00013663,3
2025-06-30 00:00:00+00:00,2.282e-05,1.6873333333333333e-05,5.062e-05,3
2025-07-01 00:00:00+00:00,-4.088e-05,-2.5866666666666646e-06,-7.759999999999993e-06,3
2025-07-02 00:00:00+00:00,-3.065e-05,-5.2503333333333336e-05,-0.00015751,3
2025-07-03 00:00:00+00:00,-1.125e-05,3.904333333333333e-05,0.00011713,3
2025-07-04 00:00:00+00:00,-4.126e-05,4.996666666666666e-06,1.4989999999999997e-05,3
2025-07-05 00:00:00+00:00,-3.193e-05,-3.9999999999999996e-05,-0.00011999999999999999,3
2025-07-06 00:00:00+00:00,6.698e-05,1.3836666666666667e-05,4.151e-05,3
2025-07-07 00:00:00+00:00,7.851e-05,8.254999999999999e-05,0.00024765,3
2025-07-08 00:00:00+00:00,6.489e-05,-1.8666666666666669e-06,-5.600000000000001e-06,3
2025-07-09 00:00:00+00:00,-2.398e-05,4.8843333333333334e-05,0.00014653,3
2025-07-10 00:00:00+00:00,0.0001,0.0001,0.00030000000000000003,3
2025-07-11 00:00:00+00:00,0.0001,9.249000000000002e-05,0.00027747000000000004,3
2025-07-12 00:00:00+00:00,2.61e-05,2.4670000000000003e-05,7.401e-05,3
2025-07-13 00:00:00+00:00,0.0001,0.0001,0.00030000000000000003,3
2025-07-14 00:00:00+00:00,0.0001,5.9283333333333336e-05,0.00017785,3
2025-07-15 00:00:00+00:00,9.302e-05,4.5503333333333335e-05,0.00013651,3
2025-07-16 00:00:00+00:00,0.0001,9.186666666666666e-05,0.0002756,3
2025-07-17 00:00:00+00:00,0.0001,0.0001,0.00030000000000000003,3
2025-07-18 00:00:00+00:00,0.0001,0.00011827,0.00035481,3
2025-07-19 00:00:00+00:00,0.0001,0.0001,0.00030000000000000003,3
2025-07-20 00:00:00+00:00,0.0001,0.0001,0.00030000000000000003,3
2025-07-21 00:00:00+00:00,0.00028769,0.00016256333333333336,0.00048769000000000004,3
2025-07-22 00:00:00+00:00,0.0001,0.0001,0.00030000000000000003,3
2025-07-23 00:00:00+00:00,0.0001,0.00012507666666666667,0.00037523,3
2025-07-24 00:00:00+00:00,0.0001,0.0001,0.00030000000000000003,3
2025-07-25 00:00:00+00:00,0.0001,0.0001,0.00030000000000000003,3
2025-07-26 00:00:00+00:00,0.0001,0.0001,0.00030000000000000003,3
2025-07-27 00:00:00+00:00,0.0001,0.0001,0.00030000000000000003,3
2025-07-28 00:00:00+00:00,0.0001,0.0001,0.00030000000000000003,3
2025-07-29 00:00:00+00:00,3.03e-06,3.9410000000000004e-05,0.00011823000000000001,3
2025-07-30 00:00:00+00:00,-9.55e-06,2.2843333333333335e-05,6.853000000000001e-05,3
2025-07-31 00:00:00+00:00,0.0001,8.299e-05,0.00024897,3
2025-08-01 00:00:00+00:00,3.631e-05,6.937333333333334e-05,0.00020812,3
2025-08-02 00:00:00+00:00,0.0001,3.4800000000000006e-05,0.00010440000000000002,3
2025-08-03 00:00:00+00:00,-6.764e-05,-2.3173333333333334e-05,-6.952e-05,3
2025-08-04 00:00:00+00:00,-6.011e-05,-8.927333333333333e-05,-0.00026782,3
2025-08-05 00:00:00+00:00,-3.298e-05,2.1586666666666664e-05,6.476e-05,3
2025-08-06 00:00:00+00:00,3.52e-05,-5.0866666666666665e-06,-1.526e-05,3
2025-08-07 00:00:00+00:00,7.927e-05,3.708333333333334e-05,0.00011125000000000001,3
2025-08-08 00:00:00+00:00,-7.28e-06,3.860333333333334e-05,0.00011581,3
2025-08-09 00:00:00+00:00,0.0001,9.035333333333333e-05,0.00027106,3
2025-08-10 00:00:00+00:00,0.0001,0.0001,0.00030000000000000003,3
2025-08-11 00:00:00+00:00,9.053e-05,9.684333333333333e-05,0.00029053,3
2025-08-12 00:00:00+00:00,3.551e-05,2.8473333333333334e-05,8.542e-05,3
2025-08-13 00:00:00+00:00,0.0001,0.0001,0.00030000000000000003,3
2025-08-14 00:00:00+00:00,0.0001,0.00011605333333333333,0.00034816,3
2025-08-15 00:00:00+00:00,7.659e-05,9.219666666666666e-05,0.00027659,3
2025-08-16 00:00:00+00:00,4.457e-05,5.814666666666666e-05,0.00017444,3
2025-08-17 00:00:00+00:00,1.781e-05,5.816333333333334e-05,0.00017449000000000002,3
2025-08-18 00:00:00+00:00,-2.933e-05,-1.317e-05,-3.951e-05,3
2025-08-19 00:00:00+00:00,0.0001,4.3456666666666674e-05,0.00013037000000000001,3
2025-08-20 00:00:00+00:00,0.0001,0.0001,0.00030000000000000003,3
2025-08-21 00:00:00+00:00,-3.591e-05,5.469666666666667e-05,0.00016409,3
2025-08-22 00:00:00+00:00,0.0001,7.491333333333334e-05,0.00022474000000000002,3
2025-08-23 00:00:00+00:00,0.0001,0.0001,0.00030000000000000003,3
2025-08-24 00:00:00+00:00,0.0001,0.0001,0.00030000000000000003,3
2025-08-25 00:00:00+00:00,-2.24e-05,5.92e-05,0.0001776,3
2025-08-26 00:00:00+00:00,-3.404e-05,-7.938666666666667e-05,-0.00023816,3
2025-08-27 00:00:00+00:00,0.0001,0.0001,0.00030000000000000003,3
2025-08-28 00:00:00+00:00,0.0001,0.0001,0.00030000000000000003,3
2025-08-29 00:00:00+00:00,-3.071e-05,3.0276666666666664e-05,9.083e-05,3
2025-08-30 00:00:00+00:00,-8.56e-06,4.799e-05,0.00014397,3
2025-08-31 00:00:00+00:00,7.55e-05,9.183333333333335e-05,0.00027550000000000003,3
2025-09-01 00:00:00+00:00,0.0001,9.845333333333333e-05,0.00029536,3
2025-09-02 00:00:00+00:00,0.0001,6.355e-05,0.00019065,3
2025-09-03 00:00:00+00:00,0.0001,0.0001,0.00030000000000000003,3
2025-09-04 00:00:00+00:00,8.12e-05,1.0566666666666667e-05,3.17e-05,3
2025-09-05 00:00:00+00:00,3.122e-05,1.4146666666666666e-05,4.244e-05,3
2025-09-06 00:00:00+00:00,2.866e-05,7.622e-05,0.00022866,3
2025-09-07 00:00:00+00:00,0.0001,0.0001,0.00030000000000000003,3
2025-09-08 00:00:00+00:00,0.0001,0.0001,0.00030000000000000003,3
2025-09-09 00:00:00+00:00,0.0001,8.717000000000001e-05,0.00026151,3
2025-09-10 00:00:00+00:00,1.008e-05,5.857333333333334e-05,0.00017572,3
2025-09-11 00:00:00+00:00,-4.347e-05,-7.836666666666667e-06,-2.3510000000000004e-05,3
2025-09-12 00:00:00+00:00,5.476e-05,3.566666666666667e-05,0.000107,3
2025-09-13 00:00:00+00:00,0.0001,1.3820000000000002e-05,4.1460000000000006e-05,3
2025-09-14 00:00:00+00:00,-6e-08,4.755333333333333e-05,0.00014266,3
2025-09-15 00:00:00+00:00,0.0001,1.868e-05,5.6040000000000006e-05,3
2025-09-16 00:00:00+00:00,0.0001,0.0001,0.00030000000000000003,3
2025-09-17 00:00:00+00:00,0.0001,1.6706666666666667e-05,5.012e-05,3
2025-09-18 00:00:00+00:00,-4.35e-06,6.521666666666668e-05,0.00019565,3
2025-09-19 00:00:00+00:00,3.466e-05,4.0169999999999997e-05,0.00012051,3
2025-09-20 00:00:00+00:00,-3.312e-05,2.212e-05,6.636000000000001e-05,3
2025-09-21 00:00:00+00:00,6.986e-05,-6.716666666666667e-06,-2.0150000000000002e-05,3
2025-09-22 00:00:00+00:00,0.0001,9.737333333333332e-05,0.00029212,3
2025-09-23 00:00:00+00:00,-1.409e-05,5.508666666666667e-05,0.00016526,3
2025-09-24 00:00:00+00:00,0.0001,0.0001,0.00030000000000000003,3
2025-09-25 00:00:00+00:00,1.486e-05,-8.353333333333334e-06,-2.506e-05,3
2025-09-26 00:00:00+00:00,5.481e-05,8.109666666666667e-05,0.00024329,3
2025-09-27 00:00:00+00:00,-6.497e-05,-3.852333333333333e-05,-0.00011556999999999999,3
2025-09-28 00:00:00+00:00,-0.00010293,-4.2176666666666665e-05,-0.00012653,3
2025-09-29 00:00:00+00:00,-5.79e-05,-1.2826666666666664e-05,-3.847999999999999e-05,3
2025-09-30 00:00:00+00:00,-0.00020483,-0.000134,-0.000402,3
2025-10-01 00:00:00+00:00,7.274e-05,8.028333333333334e-05,0.00024085,3
2025-10-02 00:00:00+00:00,-4.032e-05,4.313333333333334e-06,1.2940000000000001e-05,3
2025-10-03 00:00:00+00:00,6.425e-05,-4.3203333333333334e-05,-0.00012961,3
2025-10-04 00:00:00+00:00,-1.092e-05,4.079666666666667e-05,0.00012239,3
2025-10-05 00:00:00+00:00,0.0001,0.0001,0.00030000000000000003,3
2025-10-06 00:00:00+00:00,9.617e-05,7.934e-05,0.00023802,3
2025-10-07 00:00:00+00:00,0.0001,9.945333333333333e-05,0.00029836,3
2025-10-08 00:00:00+00:00,-1.501e-05,2.8780000000000002e-05,8.634e-05,3
2025-10-09 00:00:00+00:00,7.18e-06,2.4103333333333334e-05,7.231e-05,3
2025-10-10 00:00:00+00:00,2.645e-05,5.0383333333333336e-05,0.00015115000000000001,3
2025-10-11 00:00:00+00:00,-0.00105851,-0.002466303333333333,-0.00739891,3
2025-10-12 00:00:00+00:00,-0.00064656,-0.0008226466666666667,-0.00246794,3
2025-10-13 00:00:00+00:00,-8.112e-05,-0.00023077333333333333,-0.00069232,3
2025-10-14 00:00:00+00:00,-0.00013326,-2.3946666666666672e-05,-7.184000000000002e-05,3
2025-10-15 00:00:00+00:00,4.574e-05,4.801333333333334e-05,0.00014404,3
2025-10-16 00:00:00+00:00,-0.00013074,-8.919333333333333e-05,-0.00026758,3
2025-10-17 00:00:00+00:00,5.126e-05,1.2566666666666668e-05,3.77e-05,3
2025-10-18 00:00:00+00:00,-7.805e-05,-3.7323333333333336e-05,-0.00011197,3
2025-10-19 00:00:00+00:00,7.382e-05,7.536333333333334e-05,0.00022609,3
2025-10-20 00:00:00+00:00,3.824e-05,-1.7799999999999976e-06,-5.339999999999993e-06,3
2025-10-21 00:00:00+00:00,9.479e-05,3.2109999999999996e-05,9.633e-05,3
2025-10-22 00:00:00+00:00,7.068e-05,2.7943333333333334e-05,8.383e-05,3
2025-10-23 00:00:00+00:00,0.0001,1.1063333333333338e-05,3.319000000000001e-05,3
2025-10-24 00:00:00+00:00,-4.96e-05,3.302333333333333e-05,9.907e-05,3
2025-10-25 00:00:00+00:00,-2.844e-05,-5.96666666666666e-07,-1.7899999999999981e-06,3
2025-10-26 00:00:00+00:00,0.0001,6.970333333333334e-05,0.00020911,3
2025-10-27 00:00:00+00:00,0.0001,0.0001,0.00030000000000000003,3
2025-10-28 00:00:00+00:00,9.77e-06,6.992333333333334e-05,0.00020977000000000002,3
2025-10-29 00:00:00+00:00,9.876e-05,-3.935333333333333e-05,-0.00011805999999999998,3
2025-10-30 00:00:00+00:00,-0.00020137,-1.756333333333333e-05,-5.2689999999999985e-05,3
2025-10-31 00:00:00+00:00,3.848e-05,-0.00013068,-0.00039203999999999997,3
2025-11-01 00:00:00+00:00,-0.00013984,-8.302666666666667e-05,-0.00024908,3
2025-11-02 00:00:00+00:00,-0.00023247,-8.287000000000001e-05,-0.00024861,3
2025-11-03 00:00:00+00:00,-0.00019325,-0.0001388833333333333,-0.00041664999999999996,3
2025-11-04 00:00:00+00:00,0.0001,-5.401666666666667e-05,-0.00016205,3
2025-11-05 00:00:00+00:00,-0.00012985,-3.719000000000001e-05,-0.00011157000000000002,3
2025-11-06 00:00:00+00:00,5.65e-06,-1.308666666666667e-05,-3.926000000000001e-05,3
2025-11-07 00:00:00+00:00,1.957e-05,-1.8626666666666666e-05,-5.588e-05,3
2025-11-08 00:00:00+00:00,5.165e-05,3.0483333333333333e-05,9.145e-05,3
2025-11-09 00:00:00+00:00,6.502e-05,-6.486666666666669e-06,-1.9460000000000007e-05,3
2025-11-10 00:00:00+00:00,2.97e-06,3.582e-05,0.00010746,3
2025-11-11 00:00:00+00:00,1.739e-05,2.4446666666666668e-05,7.334e-05,3
2025-11-12 00:00:00+00:00,2.608e-05,-7.421999999999999e-05,-0.00022265999999999996,3
2025-11-13 00:00:00+00:00,3.949e-05,8.846666666666671e-06,2.6540000000000014e-05,3
2025-11-14 00:00:00+00:00,0.0001,-3.8429999999999996e-05,-0.00011528999999999999,3
2025-11-15 00:00:00+00:00,0.0001,9.630333333333334e-05,0.00028891,3
2025-11-16 00:00:00+00:00,3.378e-05,3.052666666666666e-05,9.157999999999999e-05,3
2025-11-17 00:00:00+00:00,0.0001,8.224000000000001e-05,0.00024672,3
2025-11-18 00:00:00+00:00,0.0001,4.374666666666667e-05,0.00013124000000000002,3
2025-11-19 00:00:00+00:00,-5.753e-05,1.1403333333333335e-05,3.4210000000000006e-05,3
2025-11-20 00:00:00+00:00,0.0001,3.474666666666667e-05,0.00010424,3
2025-11-21 00:00:00+00:00,-6.26e-05,-7.166e-05,-0.00021498,3
2025-11-22 00:00:00+00:00,-8.7e-06,-2.0110000000000002e-05,-6.033000000000001e-05,3
2025-11-23 00:00:00+00:00,-2.576e-05,-3.293e-05,-9.879e-05,3
2025-11-24 00:00:00+00:00,1.344e-05,-3.390333333333333e-05,-0.00010171,3
2025-11-25 00:00:00+00:00,-0.00013203,-3.104666666666666e-05,-9.313999999999999e-05,3
2025-11-26 00:00:00+00:00,-8.657e-05,3.434e-05,0.00010302,3
2025-11-27 00:00:00+00:00,-7e-08,8.426666666666668e-06,2.5280000000000005e-05,3
2025-11-28 00:00:00+00:00,-2.103e-05,-1.0696666666666667e-05,-3.209e-05,3
2025-11-29 00:00:00+00:00,-5.103e-05,-5.59e-05,-0.00016769999999999998,3
2025-11-30 00:00:00+00:00,4.467e-05,-3.643333333333333e-06,-1.0929999999999999e-05,3
2025-12-01 00:00:00+00:00,2.398e-05,-2.6690000000000004e-05,-8.007000000000001e-05,3
2025-12-02 00:00:00+00:00,4.751e-05,-2.2893333333333333e-05,-6.868e-05,3
2025-12-03 00:00:00+00:00,0.0001,0.0001,0.00030000000000000003,3
2025-12-04 00:00:00+00:00,9.219e-05,9.739666666666667e-05,0.00029219,3
2025-12-05 00:00:00+00:00,-3.8e-06,1.22e-05,3.66e-05,3
2025-12-06 00:00:00+00:00,-7.856e-05,-3.863666666666666e-05,-0.00011590999999999999,3
2025-12-07 00:00:00+00:00,-7.999e-05,-9.022333333333333e-05,-0.00027067,3
2025-12-08 00:00:00+00:00,7.622e-05,1.0393333333333334e-05,3.118e-05,3
2025-12-09 00:00:00+00:00,-0.00014138,-0.00012024666666666667,-0.00036074,3
2025-12-10 00:00:00+00:00,3.757e-05,6.252333333333335e-05,0.00018757000000000002,3
2025-12-11 00:00:00+00:00,-0.00014146,-9.867666666666666e-05,-0.00029602999999999997,3
2025-12-12 00:00:00+00:00,0.0001,8.467000000000001e-05,0.00025401000000000004,3
2025-12-13 00:00:00+00:00,-2.919e-05,-6.353e-05,-0.00019059,3
2025-12-14 00:00:00+00:00,-5.459e-05,-4.623333333333334e-06,-1.3870000000000001e-05,3
2025-12-15 00:00:00+00:00,0.0001,6.486000000000001e-05,0.00019458000000000002,3
2025-12-16 00:00:00+00:00,5.453e-05,-4.544333333333333e-05,-0.00013633,3
2025-12-17 00:00:00+00:00,0.0001,7.211333333333334e-05,0.00021634,3
2025-12-18 00:00:00+00:00,9.609e-05,4.175333333333333e-05,0.00012526,3
2025-12-19 00:00:00+00:00,0.0001,8.583333333333335e-06,2.5750000000000002e-05,3
2025-12-20 00:00:00+00:00,2.123e-05,3.6826666666666664e-05,0.00011048,3
2025-12-21 00:00:00+00:00,-5.777e-05,1.4583333333333331e-05,4.374999999999999e-05,3
2025-12-22 00:00:00+00:00,1.417e-05,2.1859999999999997e-05,6.557999999999999e-05,3
2025-12-23 00:00:00+00:00,-4.985e-05,-2.2173333333333337e-05,-6.652000000000001e-05,3
2025-12-24 00:00:00+00:00,4.039e-05,6.826666666666664e-06,2.0479999999999994e-05,3
2025-12-25 00:00:00+00:00,-5.412e-05,4.8626666666666666e-05,0.00014588,3
2025-12-26 00:00:00+00:00,0.0001,6.620999999999999e-05,0.00019863,3
2025-12-27 00:00:00+00:00,0.0001,4.777333333333333e-05,0.00014332,3
2025-12-28 00:00:00+00:00,8.458e-05,7.496e-05,0.00022488,3
2025-12-29 00:00:00+00:00,4.048e-05,6.813666666666667e-05,0.00020441,3
2025-12-30 00:00:00+00:00,0.0001,-2.6529999999999995e-05,-7.958999999999999e-05,3
2025-12-31 00:00:00+00:00,0.0001,7.400333333333334e-05,0.00022201000000000002,3
2026-01-01 00:00:00+00:00,0.0001,0.0001,0.00030000000000000003,3
2026-01-02 00:00:00+00:00,0.0001,0.0001,0.00030000000000000003,3
2026-01-03 00:00:00+00:00,4.915e-05,8.131666666666666e-05,0.00024395,3
2026-01-04 00:00:00+00:00,6.096e-05,4.9489999999999995e-05,0.00014847,3
2026-01-05 00:00:00+00:00,9.05e-06,-4.5570000000000006e-05,-0.00013671,3
2026-01-06 00:00:00+00:00,3.383e-05,2.6556666666666666e-05,7.967e-05,3
2026-01-07 00:00:00+00:00,-8.266e-05,-1.1343333333333332e-05,-3.403e-05,3
2026-01-08 00:00:00+00:00,1.846e-05,-5.139666666666667e-05,-0.00015419,3
2026-01-09 00:00:00+00:00,-1.154e-05,4.321000000000001e-05,0.00012963000000000002,3
2026-01-10 00:00:00+00:00,0.0001,4.424e-05,0.00013272000000000002,3
2026-01-11 00:00:00+00:00,9.039e-05,7.699666666666666e-05,0.00023098999999999998,3
2026-01-12 00:00:00+00:00,-3.313e-05,2.1083333333333332e-05,6.324999999999999e-05,3
2026-01-13 00:00:00+00:00,0.0001,4.6116666666666665e-05,0.00013835,3
2026-01-14 00:00:00+00:00,6.261e-05,8.753666666666668e-05,0.00026261000000000004,3
2026-01-15 00:00:00+00:00,-8.762e-05,-6.141666666666666e-05,-0.00018425,3
2026-01-16 00:00:00+00:00,-7.022e-05,-1.1300000000000004e-05,-3.390000000000001e-05,3
2026-01-17 00:00:00+00:00,-4.56e-05,5.146666666666667e-05,0.0001544,3
2026-01-18 00:00:00+00:00,1.959e-05,-1.6533333333333333e-06,-4.96e-06,3
2026-01-19 00:00:00+00:00,7.248e-05,8.966666666666631e-07,2.6899999999999895e-06,3
2026-01-20 00:00:00+00:00,2.253e-05,6.133999999999999e-05,0.00018402,3
2026-01-21 00:00:00+00:00,0.0001,4.0050000000000004e-05,0.00012015,3
2026-01-22 00:00:00+00:00,-3.367e-05,-1.66e-05,-4.98e-05,3
2026-01-23 00:00:00+00:00,-2.645e-05,-2.6266666666666664e-06,-7.879999999999999e-06,3
2026-01-24 00:00:00+00:00,5.257e-05,1.5399999999999999e-06,4.62e-06,3
2026-01-25 00:00:00+00:00,4.117e-05,9.58e-06,2.874e-05,3
2026-01-26 00:00:00+00:00,5.551e-05,-5.3423333333333334e-05,-0.00016027,3
2026-01-27 00:00:00+00:00,2.247e-05,7.239999999999999e-06,2.172e-05,3
2026-01-28 00:00:00+00:00,-2.462e-05,2.0000000000000147e-07,6.000000000000044e-07,3
2026-01-29 00:00:00+00:00,-5.722e-05,-2.318666666666667e-05,-6.956e-05,3
2026-01-30 00:00:00+00:00,-0.00012209,-0.00011002333333333333,-0.00033007,3
2026-01-31 00:00:00+00:00,-0.00013336,-0.00011015000000000001,-0.00033045000000000004,3
2026-02-01 00:00:00+00:00,-3.551e-05,-0.00015747666666666668,-0.00047243000000000003,3
2026-02-02 00:00:00+00:00,-2.325e-05,-3.6360000000000004e-05,-0.00010908,3
2026-02-03 00:00:00+00:00,-0.00013424,-0.0001154,-0.0003462,3
2026-02-04 00:00:00+00:00,-0.00037982,-0.00038240333333333334,-0.00114721,3
2026-02-05 00:00:00+00:00,0.0001,7.025e-05,0.00021075,3
2026-02-06 00:00:00+00:00,-0.00031455,-0.00015911666666666667,-0.00047735,3
2026-02-07 00:00:00+00:00,3.563e-05,-4.208e-05,-0.00012623999999999998,3
2026-02-08 00:00:00+00:00,-0.00013196,-0.00017666333333333335,-0.00052999,3
2026-02-09 00:00:00+00:00,-9.183e-05,-0.00012608333333333333,-0.00037825,3
2026-02-10 00:00:00+00:00,3.351e-05,-1.4366666666666666e-05,-4.31e-05,3
2026-02-11 00:00:00+00:00,-4.277e-05,-1.2569999999999998e-05,-3.7709999999999996e-05,3
2026-02-12 00:00:00+00:00,4.94e-06,-8.146333333333335e-05,-0.00024439000000000004,3
2026-02-13 00:00:00+00:00,8.105e-05,2.5293333333333337e-05,7.588000000000001e-05,3
2026-02-14 00:00:00+00:00,-5.656e-05,-2.6373333333333334e-05,-7.912e-05,3
2026-02-15 00:00:00+00:00,6.496e-05,1.6706666666666667e-05,5.012e-05,3
2026-02-16 00:00:00+00:00,-0.00013646,-8.306333333333333e-05,-0.00024919,3
2026-02-17 00:00:00+00:00,-0.0001522,-7.133333333333335e-06,-2.1400000000000005e-05,3
2026-02-18 00:00:00+00:00,-0.00021067,-8.493333333333334e-05,-0.0002548,3
2026-02-19 00:00:00+00:00,2.08e-06,-6.730666666666666e-05,-0.00020192,3
2026-02-20 00:00:00+00:00,-1.838e-05,-3.490000000000001e-06,-1.0470000000000003e-05,3
2026-02-21 00:00:00+00:00,0.0001,9.268333333333334e-05,0.00027805,3
2026-02-22 00:00:00+00:00,-7.405e-05,-0.00010854333333333333,-0.00032563,3
2026-02-23 00:00:00+00:00,-6.882e-05,-0.00022068666666666666,-0.00066206,3
2026-02-24 00:00:00+00:00,-3.68e-05,-7.037333333333333e-05,-0.00021112,3
2026-02-25 00:00:00+00:00,0.0001,8.583333333333335e-06,2.5750000000000002e-05,3
2026-02-26 00:00:00+00:00,-3.39e-06,6.553666666666667e-05,0.00019661,3
2026-02-27 00:00:00+00:00,-0.0001631,-4.814e-05,-0.00014442,3
2026-02-28 00:00:00+00:00,-9.173e-05,-8.803333333333334e-05,-0.0002641,3
2026-03-01 00:00:00+00:00,0.0001,4.6183333333333336e-05,0.00013855,3
2026-03-02 00:00:00+00:00,3.344e-05,1.1609999999999999e-05,3.483e-05,3
2026-03-03 00:00:00+00:00,-6.566e-05,-4.0533333333333334e-05,-0.0001216,3
2026-03-04 00:00:00+00:00,0.0001,4.319666666666667e-05,0.00012959,3
2026-03-05 00:00:00+00:00,-8.445e-05,-8.756e-05,-0.00026268,3
2026-03-06 00:00:00+00:00,-0.00018256,-8.559333333333333e-05,-0.00025677999999999996,3
2026-03-07 00:00:00+00:00,-0.00017446,-8.498666666666668e-05,-0.00025496000000000004,3
2026-03-08 00:00:00+00:00,-0.00015054,-0.00013065,-0.00039195,3
2026-03-09 00:00:00+00:00,8.534e-05,-6.704e-05,-0.00020112,3
2026-03-10 00:00:00+00:00,0.0001,1.828e-05,5.4840000000000003e-05,3
2026-03-11 00:00:00+00:00,-2.235e-05,-3.842666666666667e-05,-0.00011528000000000001,3
2026-03-12 00:00:00+00:00,0.0001,1.127e-05,3.381e-05,3
2026-03-13 00:00:00+00:00,0.0001,8.442999999999999e-05,0.00025329,3
2026-03-14 00:00:00+00:00,-0.00018327,-0.00018538666666666667,-0.00055616,3
2026-03-15 00:00:00+00:00,6.661e-05,1.0826666666666667e-05,3.248e-05,3
2026-03-16 00:00:00+00:00,6.744e-05,8.914666666666667e-05,0.00026744000000000003,3
2026-03-17 00:00:00+00:00,-3.927e-05,-3.378999999999999e-05,-0.00010136999999999999,3
2026-03-18 00:00:00+00:00,-0.00017881,-8.258666666666665e-05,-0.00024775999999999997,3
2026-03-19 00:00:00+00:00,-8.88e-05,-9.476000000000001e-05,-0.00028428000000000004,3
2026-03-20 00:00:00+00:00,-9.438e-05,-4.208333333333334e-05,-0.00012625,3
2026-03-21 00:00:00+00:00,-5.913e-05,3.0663333333333335e-05,9.199e-05,3
2026-03-22 00:00:00+00:00,-0.00013435,-0.00012294,-0.00036882,3
2026-03-23 00:00:00+00:00,0.0001,-1.5979999999999996e-05,-4.793999999999999e-05,3
2026-03-24 00:00:00+00:00,-7.53e-06,3.9853333333333333e-05,0.00011956,3
2026-03-25 00:00:00+00:00,0.0001,7.769000000000001e-05,0.00023307000000000002,3
2026-03-26 00:00:00+00:00,-0.00018149,-0.00013476666666666667,-0.0004043,3
2026-03-27 00:00:00+00:00,-0.0003088,-0.00015010666666666667,-0.00045032000000000004,3
2026-03-28 00:00:00+00:00,-0.00016558,-0.00010163333333333333,-0.0003049,3
2026-03-29 00:00:00+00:00,-2.809e-05,-0.00015329333333333333,-0.00045987999999999997,3
2026-03-30 00:00:00+00:00,0.0001,-5.202666666666666e-05,-0.00015607999999999998,3
2026-03-31 00:00:00+00:00,-0.00011512,-2.6956666666666662e-05,-8.086999999999999e-05,3
2026-04-01 00:00:00+00:00,-2.833e-05,-7.943333333333334e-06,-2.383e-05,3
2026-04-02 00:00:00+00:00,-7.034e-05,-8.170333333333333e-05,-0.00024511,3
2026-04-03 00:00:00+00:00,2.297e-05,3.396666666666666e-06,1.0189999999999999e-05,3
2026-04-04 00:00:00+00:00,-2.862e-05,1.3160000000000001e-05,3.948e-05,3
2026-04-05 00:00:00+00:00,-2.339e-05,1.802e-05,5.406e-05,3
2026-04-06 00:00:00+00:00,0.0001,4.7310000000000006e-05,0.00014193000000000002,3
2026-04-07 00:00:00+00:00,-2.76e-05,-0.00014887333333333334,-0.00044662,3
2026-04-08 00:00:00+00:00,0.0001,0.0001,0.00030000000000000003,3
2026-04-09 00:00:00+00:00,1.077e-05,1.2520000000000002e-05,3.7560000000000006e-05,3
2026-04-10 00:00:00+00:00,8.925e-05,9.641666666666667e-05,0.00028925,3
2026-04-11 00:00:00+00:00,-8e-08,3.0766666666666684e-06,9.230000000000005e-06,3
2026-04-12 00:00:00+00:00,-7.596e-05,3.064333333333334e-05,9.193000000000001e-05,3
2026-04-13 00:00:00+00:00,2.525e-05,9.300000000000004e-06,2.790000000000001e-05,3
2026-04-14 00:00:00+00:00,0.0001,0.0001,0.00030000000000000003,3
2026-04-15 00:00:00+00:00,2.272e-05,-3.221e-05,-9.663e-05,3
2026-04-16 00:00:00+00:00,8.617e-05,8.135666666666667e-05,0.00024406999999999999,3
2026-04-17 00:00:00+00:00,0.0001,4.2829999999999995e-05,0.00012848999999999998,3
2026-04-18 00:00:00+00:00,1.914e-05,-3.319e-05,-9.957e-05,3
2026-04-19 00:00:00+00:00,-9.111e-05,-2.955333333333333e-05,-8.866e-05,3
2026-04-20 00:00:00+00:00,0.0001,4.571666666666667e-05,0.00013715,3
2026-04-21 00:00:00+00:00,8.752e-05,7.024666666666667e-05,0.00021074,3
2026-04-22 00:00:00+00:00,6.001e-05,6.307e-05,0.00018921,3
2026-04-23 00:00:00+00:00,1.66e-06,-7.966666666666668e-06,-2.39e-05,3
2026-04-24 00:00:00+00:00,-9.637e-05,-1.0913333333333334e-05,-3.274e-05,3
2026-04-25 00:00:00+00:00,3.072e-05,2.129333333333333e-05,6.387999999999999e-05,3
2026-04-26 00:00:00+00:00,3.343e-05,-2.1750000000000004e-05,-6.525000000000001e-05,3
2026-04-27 00:00:00+00:00,-8.783e-05,-7.374e-05,-0.00022122,3
2026-04-28 00:00:00+00:00,4.934e-05,4.290666666666667e-05,0.00012872,3
2026-04-29 00:00:00+00:00,-0.00012816,-6.079999999999996e-06,-1.8239999999999988e-05,3
2026-04-30 00:00:00+00:00,0.0001,0.0001,0.00030000000000000003,3
2026-05-01 00:00:00+00:00,1.139e-05,6.0046666666666676e-05,0.00018014000000000002,3
2026-05-02 00:00:00+00:00,2.273e-05,5.119e-05,0.00015357,3
2026-05-03 00:00:00+00:00,-0.00014441,-6.014666666666668e-05,-0.00018044000000000003,3
2026-05-04 00:00:00+00:00,9.41e-06,5.212666666666666e-05,0.00015638,3
2026-05-05 00:00:00+00:00,0.0001,0.0001,0.00030000000000000003,3
2026-05-06 00:00:00+00:00,0.0001,0.0001,0.00030000000000000003,3
2026-05-07 00:00:00+00:00,8.202e-05,5.9749999999999995e-05,0.00017925,3
2026-05-08 00:00:00+00:00,2.549e-05,2.5036666666666667e-05,7.511e-05,3
2026-05-09 00:00:00+00:00,8.12e-05,-2.650666666666667e-05,-7.952000000000001e-05,3
2026-05-10 00:00:00+00:00,0.0001,-2.6926666666666664e-05,-8.078e-05,3
2026-05-11 00:00:00+00:00,0.0001,9.188666666666666e-05,0.00027566,3
2026-05-12 00:00:00+00:00,0.0001,1.6290000000000005e-05,4.887000000000001e-05,3
2026-05-13 00:00:00+00:00,9.54e-05,9.586666666666667e-06,2.8760000000000002e-05,3
2026-05-14 00:00:00+00:00,-7.448e-05,-3.0186666666666667e-05,-9.056e-05,3
2026-05-15 00:00:00+00:00,-2.299e-05,2.51e-05,7.53e-05,3
2026-05-16 00:00:00+00:00,-0.00015079,7.216666666666671e-06,2.165000000000001e-05,3
2026-05-17 00:00:00+00:00,-6.661e-05,-1.5973333333333335e-05,-4.792e-05,3
2026-05-18 00:00:00+00:00,-5.174e-05,-3.9156666666666664e-05,-0.00011747,3
2026-05-19 00:00:00+00:00,-5.114e-05,4.3496666666666666e-05,0.00013049,3
2026-05-20 00:00:00+00:00,5.294e-05,8.431333333333334e-05,0.00025294,3
2026-05-21 00:00:00+00:00,0.0001,7.687e-05,0.00023061000000000002,3
2026-05-22 00:00:00+00:00,0.0001,0.0001,0.00030000000000000003,3
2026-05-23 00:00:00+00:00,-0.00012445,-7.052e-05,-0.00021156,3
2026-05-24 00:00:00+00:00,1.552e-05,4.171e-05,0.00012513,3
2026-05-25 00:00:00+00:00,0.0001,3.0383333333333334e-05,9.115e-05,3
2026-05-26 00:00:00+00:00,9.175e-05,3.038e-05,9.114e-05,3
2026-05-27 00:00:00+00:00,4.831e-05,-2.3360000000000003e-05,-7.008e-05,3
2026-05-28 00:00:00+00:00,-2.007e-05,-7.061e-05,-0.00021183,3
2026-05-29 00:00:00+00:00,7.496e-05,5.400333333333333e-05,0.00016201,3
2026-05-30 00:00:00+00:00,7.537e-05,9.179000000000001e-05,0.00027537000000000004,3
2026-05-31 00:00:00+00:00,8.245e-05,6.840999999999999e-05,0.00020522999999999998,3
2026-06-01 00:00:00+00:00,8.337e-05,1.552333333333333e-05,4.6569999999999996e-05,3
2026-06-02 00:00:00+00:00,-5.567e-05,-7.793333333333332e-06,-2.3379999999999996e-05,3
2026-06-03 00:00:00+00:00,-2.969e-05,-6.487333333333333e-05,-0.00019462,3
2026-06-04 00:00:00+00:00,-0.00010354,-0.00012602333333333333,-0.00037807,3
2026-06-05 00:00:00+00:00,-9.36e-05,-0.00016087333333333334,-0.00048262,3
2026-06-06 00:00:00+00:00,-0.00022283,-0.00016690666666666665,-0.00050072,3
2026-06-07 00:00:00+00:00,-0.00032804,-0.00020487,-0.00061461,3
2026-06-08 00:00:00+00:00,2.953e-05,-0.00016224333333333333,-0.00048673,3
2026-06-09 00:00:00+00:00,-2.073e-05,-2.2533333333333333e-05,-6.76e-05,3
2026-06-10 00:00:00+00:00,2.1e-06,-7.99e-06,-2.397e-05,3
2026-06-11 00:00:00+00:00,0.0001,2.4896666666666668e-05,7.469e-05,3
2026-06-12 00:00:00+00:00,6.352e-05,5.161666666666666e-05,0.00015485,3
2026-06-13 00:00:00+00:00,-3.952e-05,-8.074333333333334e-05,-0.00024223000000000002,3
2026-06-14 00:00:00+00:00,-9.909e-05,-6.173333333333333e-05,-0.0001852,3
2026-06-15 00:00:00+00:00,1.934e-05,1.2906666666666668e-05,3.872e-05,3
2026-06-16 00:00:00+00:00,3.007e-05,1.84e-05,5.52e-05,3
2026-06-17 00:00:00+00:00,-9.547e-05,-3.861666666666667e-05,-0.00011585000000000001,3
2026-06-18 00:00:00+00:00,-5.64e-06,-4.5076666666666675e-05,-0.00013523000000000002,3
2026-06-19 00:00:00+00:00,-5.056e-05,3.051666666666667e-05,9.155e-05,3
2026-06-20 00:00:00+00:00,0.0001,4.769333333333334e-05,0.00014308000000000002,3
2026-06-21 00:00:00+00:00,0.0001,7.592e-05,0.00022776,3
2026-06-22 00:00:00+00:00,1.597e-05,5.054666666666667e-05,0.00015164,3
2026-06-23 00:00:00+00:00,-0.00016282,-0.00014595666666666665,-0.00043787,3
2026-06-24 00:00:00+00:00,1.409e-05,-0.00010255333333333333,-0.00030765999999999996,3
2026-06-25 00:00:00+00:00,-5.42e-05,-3.341666666666667e-05,-0.00010025,3
2026-06-26 00:00:00+00:00,0.0001,7.633000000000001e-05,0.00022899000000000001,3
2026-06-27 00:00:00+00:00,-9.83e-06,6.956666666666667e-06,2.0870000000000002e-05,3
2026-06-28 00:00:00+00:00,9.849e-05,2.2843333333333332e-05,6.853e-05,3
2026-06-29 00:00:00+00:00,7.992e-05,5.042666666666667e-05,0.00015128,3
2026-06-30 00:00:00+00:00,3.013e-05,1.787e-05,5.361e-05,3
2026-07-01 00:00:00+00:00,8.091e-05,9.363666666666666e-05,0.00028091,3
2026-07-02 00:00:00+00:00,1.75e-06,2.5503333333333334e-05,7.651e-05,3
2026-07-03 00:00:00+00:00,-3.042e-05,-1.5230000000000002e-05,-4.5690000000000005e-05,3
2026-07-04 00:00:00+00:00,2.683e-05,6.0043333333333335e-05,0.00018013,3
2026-07-05 00:00:00+00:00,-0.00013202,-6.0916666666666666e-05,-0.00018275,3
2026-07-06 00:00:00+00:00,3.777e-05,3.574666666666667e-05,0.00010724,3
2026-07-07 00:00:00+00:00,1.986e-05,4.145333333333334e-05,0.00012436,3
2026-07-08 00:00:00+00:00,-3.679e-05,-3.628e-05,-0.00010884,3
2026-07-09 00:00:00+00:00,-2.616e-05,4.313333333333332e-06,1.2939999999999998e-05,3
2026-07-10 00:00:00+00:00,0.0001,3.514333333333333e-05,0.00010543,3
2026-07-11 00:00:00+00:00,1.02e-06,4.4666666666666665e-06,1.3399999999999999e-05,3
2026-07-12 00:00:00+00:00,3.574e-05,1.2796666666666666e-05,3.839e-05,3
2026-07-13 00:00:00+00:00,6.794e-05,3.8786666666666666e-05,0.00011636,3
2026-07-14 00:00:00+00:00,0.0001,-9.236666666666664e-06,-2.770999999999999e-05,3
2026-07-15 00:00:00+00:00,1.284e-05,-6.759999999999999e-06,-2.0279999999999996e-05,3
2026-07-16 00:00:00+00:00,4.48e-06,-4.486666666666666e-06,-1.346e-05,3
2026-07-17 00:00:00+00:00,1.861e-05,-1.4050000000000001e-05,-4.215e-05,3
2026-07-18 00:00:00+00:00,3.137e-05,-1.7253333333333333e-05,-5.176e-05,3
2026-07-19 00:00:00+00:00,8.549e-05,3.044333333333333e-05,9.133e-05,3
2026-07-20 00:00:00+00:00,8.056e-05,3.98e-05,0.0001194,3
2026-07-21 00:00:00+00:00,3.238e-05,7.746000000000001e-05,0.00023238000000000002,3
2026-07-22 00:00:00+00:00,0.0001,5.029e-05,0.00015087,3
2026-07-23 00:00:00+00:00,-3.065e-05,-5.224e-05,-0.00015672,3
2026-07-24 00:00:00+00:00,-8.493e-05,-3.319e-05,-9.957e-05,3
2026-07-25 00:00:00+00:00,-5.232e-05,-7.268e-05,-0.00021804,3
2026-07-26 00:00:00+00:00,-1.829e-05,-2.167333333333333e-05,-6.502e-05,3
2026-07-27 00:00:00+00:00,-3.32e-06,2.9806666666666664e-05,8.942e-05,3
2026-07-28 00:00:00+00:00,-6.327e-05,-9.769333333333332e-05,-0.00029308,3
2026-07-29 00:00:00+00:00,4.14e-06,3.151e-05,9.453e-05,3
2026-07-30 00:00:00+00:00,5.941e-05,5.456333333333333e-05,0.00016369,3
2026-07-31 00:00:00+00:00,3.14e-06,3.846e-05,0.00011538,3
2026-08-01 00:00:00+00:00,5.598e-05,3.34e-05,0.0001002,3
2026-08-02 00:00:00+00:00,0.0001,4.695e-05,0.00014085,3
2026-08-03 00:00:00+00:00,7.852e-05,3.194333333333333e-05,9.583e-05,3
2026-08-04 00:00:00+00:00,2.705e-05,4.364e-05,0.00013092,3
2026-08-05 00:00:00+00:00,3.781e-05,4.42e-05,0.0001326,3
2026-08-06 00:00:00+00:00,-6.982e-05,-6.37e-05,-0.0001911,3
2026-08-07 00:00:00+00:00,-2.752e-05,-3.966666666666668e-07,-1.1900000000000005e-06,3
2026-08-08 00:00:00+00:00,0.0001,8.369999999999999e-05,0.0002511,3
2026-08-09 00:00:00+00:00,6.05e-05,8.516666666666667e-05,0.00025550000000000003,3
2026-08-10 00:00:00+00:00,0.0001,8.222333333333334e-05,0.00024667,3
2026-08-11 00:00:00+00:00,8.86e-06,6.945333333333333e-05,0.00020836000000000002,3
2026-08-12 00:00:00+00:00,-6.441e-05,1.7759999999999996e-05,5.327999999999999e-05,3
2026-08-13 00:00:00+00:00,-9.45e-06,-2.543333333333331e-06,-7.629999999999993e-06,3
2026-08-14 00:00:00+00:00,-1.153e-05,9.893333333333334e-06,2.968e-05,3
2026-08-15 00:00:00+00:00,5.197e-05,8.023333333333333e-06,2.407e-05,3
2026-08-16 00:00:00+00:00,2.711e-05,4.932666666666667e-05,0.00014798,3
2026-08-17 00:00:00+00:00,6.701e-05,2.379e-05,7.137e-05,3
2026-08-18 00:00:00+00:00,0.0001,4.900333333333333e-05,0.00014701,3
2026-08-19 00:00:00+00:00,1.021e-05,5.113000000000001e-05,0.00015339000000000002,3
2026-08-20 00:00:00+00:00,0.0001,0.0001,0.00030000000000000003,3
2026-08-21 00:00:00+00:00,0.0001,0.0001,0.00030000000000000003,3
2026-08-22 00:00:00+00:00,0.0001,0.0001,0.00030000000000000003,3
2026-08-23 00:00:00+00:00,0.0001,0.0001,0.00030000000000000003,3
2026-08-24 00:00:00+00:00,0.0001,0.0001,0.0001,1
