candle_time,event_time,funding_timestamp,funding_rate
2021-06-29 08:00:00+00:00,2021-06-29 08:00:00+00:00,1624953600000,0.0001
2021-06-29 12:00:00+00:00,2021-06-29 08:00:00+00:00,1624953600000,0.0001
2021-06-29 16:00:00+00:00,2021-06-29 16:00:00+00:00,1624982400000,0.0001
2021-06-29 20:00:00+00:00,2021-06-29 16:00:00+00:00,1624982400000,0.0001
2021-06-30 00:00:00+00:00,2021-06-30 00:00:00+00:00,1625011200000,0.0001
2021-06-30 04:00:00+00:00,2021-06-30 00:00:00+00:00,1625011200000,0.0001
2021-06-30 08:00:00+00:00,2021-06-30 08:00:00+00:00,1625040000000,0.0001
2021-06-30 12:00:00+00:00,2021-06-30 08:00:00+00:00,1625040000000,0.0001
2021-06-30 16:00:00+00:00,2021-06-30 16:00:00+00:00,1625068800000,0.0001
2021-06-30 20:00:00+00:00,2021-06-30 16:00:00+00:00,1625068800000,0.0001
2021-07-01 00:00:00+00:00,2021-07-01 00:00:00+00:00,1625097600000,0.0001
2021-07-01 04:00:00+00:00,2021-07-01 00:00:00+00:00,1625097600000,0.0001
2021-07-01 08:00:00+00:00,2021-07-01 08:00:00+00:00,1625126400000,0.0001
2021-07-01 12:00:00+00:00,2021-07-01 08:00:00+00:00,1625126400000,0.0001
2021-07-01 16:00:00+00:00,2021-07-01 16:00:00+00:00,1625155200000,0.0001
2021-07-01 20:00:00+00:00,2021-07-01 16:00:00+00:00,1625155200000,0.0001
2021-07-02 00:00:00+00:00,2021-07-02 00:00:00+00:00,1625184000000,0.0001
2021-07-02 04:00:00+00:00,2021-07-02 00:00:00+00:00,1625184000000,0.0001
2021-07-02 08:00:00+00:00,2021-07-02 08:00:00+00:00,1625212800000,0.0001
2021-07-02 12:00:00+00:00,2021-07-02 08:00:00+00:00,1625212800000,0.0001
2021-07-02 16:00:00+00:00,2021-07-02 16:00:00+00:00,1625241600000,0.0001
2021-07-02 20:00:00+00:00,2021-07-02 16:00:00+00:00,1625241600000,0.0001
2021-07-03 00:00:00+00:00,2021-07-03 00:00:00+00:00,1625270400000,0.0001
2021-07-03 04:00:00+00:00,2021-07-03 00:00:00+00:00,1625270400000,0.0001
2021-07-03 08:00:00+00:00,2021-07-03 08:00:00+00:00,1625299200000,0.0001
2021-07-03 12:00:00+00:00,2021-07-03 08:00:00+00:00,1625299200000,0.0001
2021-07-03 16:00:00+00:00,2021-07-03 16:00:00+00:00,1625328000000,0.0001
2021-07-03 20:00:00+00:00,2021-07-03 16:00:00+00:00,1625328000000,0.0001
2021-07-04 00:00:00+00:00,2021-07-04 00:00:00+00:00,1625356800000,0.0001
2021-07-04 04:00:00+00:00,2021-07-04 00:00:00+00:00,1625356800000,0.0001
2021-07-04 08:00:00+00:00,2021-07-04 08:00:00+00:00,1625385600000,0.0001
2021-07-04 12:00:00+00:00,2021-07-04 08:00:00+00:00,1625385600000,0.0001
2021-07-04 16:00:00+00:00,2021-07-04 16:00:00+00:00,1625414400000,0.0001
2021-07-04 20:00:00+00:00,2021-07-04 16:00:00+00:00,1625414400000,0.0001
2021-07-05 00:00:00+00:00,2021-07-05 00:00:00+00:00,1625443200000,0.0001
2021-07-05 04:00:00+00:00,2021-07-05 00:00:00+00:00,1625443200000,0.0001
2021-07-05 08:00:00+00:00,2021-07-05 08:00:00+00:00,1625472000000,0.0001
2021-07-05 12:00:00+00:00,2021-07-05 08:00:00+00:00,1625472000000,0.0001
2021-07-05 16:00:00+00:00,2021-07-05 16:00:00+00:00,1625500800000,0.0001
2021-07-05 20:00:00+00:00,2021-07-05 16:00:00+00:00,1625500800000,0.0001
2021-07-06 00:00:00+00:00,2021-07-06 00:00:00+00:00,1625529600000,0.0001
2021-07-06 04:00:00+00:00,2021-07-06 00:00:00+00:00,1625529600000,0.0001
2021-07-06 08:00:00+00:00,2021-07-06 08:00:00+00:00,1625558400000,0.0001
2021-07-06 12:00:00+00:00,2021-07-06 08:00:00+00:00,1625558400000,0.0001
2021-07-06 16:00:00+00:00,2021-07-06 16:00:00+00:00,1625587200000,0.0001
2021-07-06 20:00:00+00:00,2021-07-06 16:00:00+00:00,1625587200000,0.0001
2021-07-07 00:00:00+00:00,2021-07-07 00:00:00+00:00,1625616000000,0.0001
2021-07-07 04:00:00+00:00,2021-07-07 00:00:00+00:00,1625616000000,0.0001
2021-07-07 08:00:00+00:00,2021-07-07 08:00:00+00:00,1625644800000,0.0001
2021-07-07 12:00:00+00:00,2021-07-07 08:00:00+00:00,1625644800000,0.0001
2021-07-07 16:00:00+00:00,2021-07-07 16:00:00+00:00,1625673600000,0.0001
2021-07-07 20:00:00+00:00,2021-07-07 16:00:00+00:00,1625673600000,0.0001
2021-07-08 00:00:00+00:00,2021-07-08 00:00:00+00:00,1625702400000,0.0001
2021-07-08 04:00:00+00:00,2021-07-08 00:00:00+00:00,1625702400000,0.0001
2021-07-08 08:00:00+00:00,2021-07-08 08:00:00+00:00,1625731200000,0.0001
2021-07-08 12:00:00+00:00,2021-07-08 08:00:00+00:00,1625731200000,0.0001
2021-07-08 16:00:00+00:00,2021-07-08 16:00:00+00:00,1625760000000,0.0001
2021-07-08 20:00:00+00:00,2021-07-08 16:00:00+00:00,1625760000000,0.0001
2021-07-09 00:00:00+00:00,2021-07-09 00:00:00+00:00,1625788800000,0.0001
2021-07-09 04:00:00+00:00,2021-07-09 00:00:00+00:00,1625788800000,0.0001
2021-07-09 08:00:00+00:00,2021-07-09 08:00:00+00:00,1625817600000,0.0001
2021-07-09 12:00:00+00:00,2021-07-09 08:00:00+00:00,1625817600000,0.0001
2021-07-09 16:00:00+00:00,2021-07-09 16:00:00+00:00,1625846400000,0.0001
2021-07-09 20:00:00+00:00,2021-07-09 16:00:00+00:00,1625846400000,0.0001
2021-07-10 00:00:00+00:00,2021-07-10 00:00:00+00:00,1625875200000,0.0001
2021-07-10 04:00:00+00:00,2021-07-10 00:00:00+00:00,1625875200000,0.0001
2021-07-10 08:00:00+00:00,2021-07-10 08:00:00+00:00,1625904000000,0.0001
2021-07-10 12:00:00+00:00,2021-07-10 08:00:00+00:00,1625904000000,0.0001
2021-07-10 16:00:00+00:00,2021-07-10 16:00:00+00:00,1625932800000,0.0001
2021-07-10 20:00:00+00:00,2021-07-10 16:00:00+00:00,1625932800000,0.0001
2021-07-11 00:00:00+00:00,2021-07-11 00:00:00+00:00,1625961600000,0.0001
2021-07-11 04:00:00+00:00,2021-07-11 00:00:00+00:00,1625961600000,0.0001
2021-07-11 08:00:00+00:00,2021-07-11 08:00:00+00:00,1625990400000,0.0001
2021-07-11 12:00:00+00:00,2021-07-11 08:00:00+00:00,1625990400000,0.0001
2021-07-11 16:00:00+00:00,2021-07-11 16:00:00+00:00,1626019200000,0.0001
2021-07-11 20:00:00+00:00,2021-07-11 16:00:00+00:00,1626019200000,0.0001
2021-07-12 00:00:00+00:00,2021-07-12 00:00:00+00:00,1626048000000,0.0001
2021-07-12 04:00:00+00:00,2021-07-12 00:00:00+00:00,1626048000000,0.0001
2021-07-12 08:00:00+00:00,2021-07-12 08:00:00+00:00,1626076800000,0.0001
2021-07-12 12:00:00+00:00,2021-07-12 08:00:00+00:00,1626076800000,0.0001
2021-07-12 16:00:00+00:00,2021-07-12 16:00:00+00:00,1626105600000,0.0001
2021-07-12 20:00:00+00:00,2021-07-12 16:00:00+00:00,1626105600000,0.0001
2021-07-13 00:00:00+00:00,2021-07-13 00:00:00+00:00,1626134400000,0.0001
2021-07-13 04:00:00+00:00,2021-07-13 00:00:00+00:00,1626134400000,0.0001
2021-07-13 08:00:00+00:00,2021-07-13 08:00:00+00:00,1626163200000,0.0001
2021-07-13 12:00:00+00:00,2021-07-13 08:00:00+00:00,1626163200000,0.0001
2021-07-13 16:00:00+00:00,2021-07-13 16:00:00+00:00,1626192000000,0.0001
2021-07-13 20:00:00+00:00,2021-07-13 16:00:00+00:00,1626192000000,0.0001
2021-07-14 00:00:00+00:00,2021-07-14 00:00:00+00:00,1626220800000,0.0001
2021-07-14 04:00:00+00:00,2021-07-14 00:00:00+00:00,1626220800000,0.0001
2021-07-14 08:00:00+00:00,2021-07-14 08:00:00+00:00,1626249600000,0.0001
2021-07-14 12:00:00+00:00,2021-07-14 08:00:00+00:00,1626249600000,0.0001
2021-07-14 16:00:00+00:00,2021-07-14 16:00:00+00:00,1626278400000,0.0001
2021-07-14 20:00:00+00:00,2021-07-14 16:00:00+00:00,1626278400000,0.0001
2021-07-15 00:00:00+00:00,2021-07-15 00:00:00+00:00,1626307200000,0.0001
2021-07-15 04:00:00+00:00,2021-07-15 00:00:00+00:00,1626307200000,0.0001
2021-07-15 08:00:00+00:00,2021-07-15 08:00:00+00:00,1626336000000,0.0001
2021-07-15 12:00:00+00:00,2021-07-15 08:00:00+00:00,1626336000000,0.0001
2021-07-15 16:00:00+00:00,2021-07-15 16:00:00+00:00,1626364800000,0.0001
2021-07-15 20:00:00+00:00,2021-07-15 16:00:00+00:00,1626364800000,0.0001
2021-07-16 00:00:00+00:00,2021-07-16 00:00:00+00:00,1626393600000,0.0001
2021-07-16 04:00:00+00:00,2021-07-16 00:00:00+00:00,1626393600000,0.0001
2021-07-16 08:00:00+00:00,2021-07-16 08:00:00+00:00,1626422400000,0.0001
2021-07-16 12:00:00+00:00,2021-07-16 08:00:00+00:00,1626422400000,0.0001
2021-07-16 16:00:00+00:00,2021-07-16 16:00:00+00:00,1626451200000,0.0001
2021-07-16 20:00:00+00:00,2021-07-16 16:00:00+00:00,1626451200000,0.0001
2021-07-17 00:00:00+00:00,2021-07-17 00:00:00+00:00,1626480000000,0.0001
2021-07-17 04:00:00+00:00,2021-07-17 00:00:00+00:00,1626480000000,0.0001
2021-07-17 08:00:00+00:00,2021-07-17 08:00:00+00:00,1626508800000,0.0001
2021-07-17 12:00:00+00:00,2021-07-17 08:00:00+00:00,1626508800000,0.0001
2021-07-17 16:00:00+00:00,2021-07-17 16:00:00+00:00,1626537600000,0.0001
2021-07-17 20:00:00+00:00,2021-07-17 16:00:00+00:00,1626537600000,0.0001
2021-07-18 00:00:00+00:00,2021-07-18 00:00:00+00:00,1626566400000,0.0001
2021-07-18 04:00:00+00:00,2021-07-18 00:00:00+00:00,1626566400000,0.0001
2021-07-18 08:00:00+00:00,2021-07-18 08:00:00+00:00,1626595200000,0.0001
2021-07-18 12:00:00+00:00,2021-07-18 08:00:00+00:00,1626595200000,0.0001
2021-07-18 16:00:00+00:00,2021-07-18 16:00:00+00:00,1626624000000,0.0001
2021-07-18 20:00:00+00:00,2021-07-18 16:00:00+00:00,1626624000000,0.0001
2021-07-19 00:00:00+00:00,2021-07-19 00:00:00+00:00,1626652800000,0.0001
2021-07-19 04:00:00+00:00,2021-07-19 00:00:00+00:00,1626652800000,0.0001
2021-07-19 08:00:00+00:00,2021-07-19 08:00:00+00:00,1626681600000,0.0001
2021-07-19 12:00:00+00:00,2021-07-19 08:00:00+00:00,1626681600000,0.0001
2021-07-19 16:00:00+00:00,2021-07-19 16:00:00+00:00,1626710400000,0.0001
2021-07-19 20:00:00+00:00,2021-07-19 16:00:00+00:00,1626710400000,0.0001
2021-07-20 00:00:00+00:00,2021-07-20 00:00:00+00:00,1626739200000,0.0001
2021-07-20 04:00:00+00:00,2021-07-20 00:00:00+00:00,1626739200000,0.0001
2021-07-20 08:00:00+00:00,2021-07-20 08:00:00+00:00,1626768000000,0.0001
2021-07-20 12:00:00+00:00,2021-07-20 08:00:00+00:00,1626768000000,0.0001
2021-07-20 16:00:00+00:00,2021-07-20 16:00:00+00:00,1626796800000,0.0001
2021-07-20 20:00:00+00:00,2021-07-20 16:00:00+00:00,1626796800000,0.0001
2021-07-21 00:00:00+00:00,2021-07-21 00:00:00+00:00,1626825600000,-7.178e-05
2021-07-21 04:00:00+00:00,2021-07-21 00:00:00+00:00,1626825600000,-7.178e-05
2021-07-21 08:00:00+00:00,2021-07-21 08:00:00+00:00,1626854400000,5.99e-06
2021-07-21 12:00:00+00:00,2021-07-21 08:00:00+00:00,1626854400000,5.99e-06
2021-07-21 16:00:00+00:00,2021-07-21 16:00:00+00:00,1626883200000,-6.799e-05
2021-07-21 20:00:00+00:00,2021-07-21 16:00:00+00:00,1626883200000,-6.799e-05
2021-07-22 00:00:00+00:00,2021-07-22 00:00:00+00:00,1626912000000,-6.26e-05
2021-07-22 04:00:00+00:00,2021-07-22 00:00:00+00:00,1626912000000,-6.26e-05
2021-07-22 08:00:00+00:00,2021-07-22 08:00:00+00:00,1626940800000,0.0001
2021-07-22 12:00:00+00:00,2021-07-22 08:00:00+00:00,1626940800000,0.0001
2021-07-22 16:00:00+00:00,2021-07-22 16:00:00+00:00,1626969600000,0.0001
2021-07-22 20:00:00+00:00,2021-07-22 16:00:00+00:00,1626969600000,0.0001
2021-07-23 00:00:00+00:00,2021-07-23 00:00:00+00:00,1626998400000,0.0001
2021-07-23 04:00:00+00:00,2021-07-23 00:00:00+00:00,1626998400000,0.0001
2021-07-23 08:00:00+00:00,2021-07-23 08:00:00+00:00,1627027200000,0.0001
2021-07-23 12:00:00+00:00,2021-07-23 08:00:00+00:00,1627027200000,0.0001
2021-07-23 16:00:00+00:00,2021-07-23 16:00:00+00:00,1627056000000,8.725e-05
2021-07-23 20:00:00+00:00,2021-07-23 16:00:00+00:00,1627056000000,8.725e-05
2021-07-24 00:00:00+00:00,2021-07-24 00:00:00+00:00,1627084800000,0.0001
2021-07-24 04:00:00+00:00,2021-07-24 00:00:00+00:00,1627084800000,0.0001
2021-07-24 08:00:00+00:00,2021-07-24 08:00:00+00:00,1627113600000,0.0001
2021-07-24 12:00:00+00:00,2021-07-24 08:00:00+00:00,1627113600000,0.0001
2021-07-24 16:00:00+00:00,2021-07-24 16:00:00+00:00,1627142400000,0.0001
2021-07-24 20:00:00+00:00,2021-07-24 16:00:00+00:00,1627142400000,0.0001
2021-07-25 00:00:00+00:00,2021-07-25 00:00:00+00:00,1627171200000,0.0001
2021-07-25 04:00:00+00:00,2021-07-25 00:00:00+00:00,1627171200000,0.0001
2021-07-25 08:00:00+00:00,2021-07-25 08:00:00+00:00,1627200000000,0.0001
2021-07-25 12:00:00+00:00,2021-07-25 08:00:00+00:00,1627200000000,0.0001
2021-07-25 16:00:00+00:00,2021-07-25 16:00:00+00:00,1627228800000,0.0001
2021-07-25 20:00:00+00:00,2021-07-25 16:00:00+00:00,1627228800000,0.0001
2021-07-26 00:00:00+00:00,2021-07-26 00:00:00+00:00,1627257600000,0.0001
2021-07-26 04:00:00+00:00,2021-07-26 00:00:00+00:00,1627257600000,0.0001
2021-07-26 08:00:00+00:00,2021-07-26 08:00:00+00:00,1627286400000,0.0001
2021-07-26 12:00:00+00:00,2021-07-26 08:00:00+00:00,1627286400000,0.0001
2021-07-26 16:00:00+00:00,2021-07-26 16:00:00+00:00,1627315200000,0.0001
2021-07-26 20:00:00+00:00,2021-07-26 16:00:00+00:00,1627315200000,0.0001
2021-07-27 00:00:00+00:00,2021-07-27 00:00:00+00:00,1627344000000,0.0001
2021-07-27 04:00:00+00:00,2021-07-27 00:00:00+00:00,1627344000000,0.0001
2021-07-27 08:00:00+00:00,2021-07-27 08:00:00+00:00,1627372800000,0.0001
2021-07-27 12:00:00+00:00,2021-07-27 08:00:00+00:00,1627372800000,0.0001
2021-07-27 16:00:00+00:00,2021-07-27 16:00:00+00:00,1627401600000,0.0001
2021-07-27 20:00:00+00:00,2021-07-27 16:00:00+00:00,1627401600000,0.0001
2021-07-28 00:00:00+00:00,2021-07-28 00:00:00+00:00,1627430400000,0.0001
2021-07-28 04:00:00+00:00,2021-07-28 00:00:00+00:00,1627430400000,0.0001
2021-07-28 08:00:00+00:00,2021-07-28 08:00:00+00:00,1627459200000,0.0001
2021-07-28 12:00:00+00:00,2021-07-28 08:00:00+00:00,1627459200000,0.0001
2021-07-28 16:00:00+00:00,2021-07-28 16:00:00+00:00,1627488000000,0.0001
2021-07-28 20:00:00+00:00,2021-07-28 16:00:00+00:00,1627488000000,0.0001
2021-07-29 00:00:00+00:00,2021-07-29 00:00:00+00:00,1627516800000,0.0001
2021-07-29 04:00:00+00:00,2021-07-29 00:00:00+00:00,1627516800000,0.0001
2021-07-29 08:00:00+00:00,2021-07-29 08:00:00+00:00,1627545600000,0.0001
2021-07-29 12:00:00+00:00,2021-07-29 08:00:00+00:00,1627545600000,0.0001
2021-07-29 16:00:00+00:00,2021-07-29 16:00:00+00:00,1627574400000,0.0001
2021-07-29 20:00:00+00:00,2021-07-29 16:00:00+00:00,1627574400000,0.0001
2021-07-30 00:00:00+00:00,2021-07-30 00:00:00+00:00,1627603200000,0.0001
2021-07-30 04:00:00+00:00,2021-07-30 00:00:00+00:00,1627603200000,0.0001
2021-07-30 08:00:00+00:00,2021-07-30 08:00:00+00:00,1627632000000,0.0001
2021-07-30 12:00:00+00:00,2021-07-30 08:00:00+00:00,1627632000000,0.0001
2021-07-30 16:00:00+00:00,2021-07-30 16:00:00+00:00,1627660800000,0.0001
2021-07-30 20:00:00+00:00,2021-07-30 16:00:00+00:00,1627660800000,0.0001
2021-07-31 00:00:00+00:00,2021-07-31 00:00:00+00:00,1627689600000,0.0001
2021-07-31 04:00:00+00:00,2021-07-31 00:00:00+00:00,1627689600000,0.0001
2021-07-31 08:00:00+00:00,2021-07-31 08:00:00+00:00,1627718400000,0.0001
2021-07-31 12:00:00+00:00,2021-07-31 08:00:00+00:00,1627718400000,0.0001
2021-07-31 16:00:00+00:00,2021-07-31 16:00:00+00:00,1627747200000,0.0001
2021-07-31 20:00:00+00:00,2021-07-31 16:00:00+00:00,1627747200000,0.0001
2021-08-01 00:00:00+00:00,2021-08-01 00:00:00+00:00,1627776000000,0.0001
2021-08-01 04:00:00+00:00,2021-08-01 00:00:00+00:00,1627776000000,0.0001
2021-08-01 08:00:00+00:00,2021-08-01 08:00:00+00:00,1627804800000,0.0001
2021-08-01 12:00:00+00:00,2021-08-01 08:00:00+00:00,1627804800000,0.0001
2021-08-01 16:00:00+00:00,2021-08-01 16:00:00+00:00,1627833600000,0.00023566
2021-08-01 20:00:00+00:00,2021-08-01 16:00:00+00:00,1627833600000,0.00023566
2021-08-02 00:00:00+00:00,2021-08-02 00:00:00+00:00,1627862400000,0.00017362
2021-08-02 04:00:00+00:00,2021-08-02 00:00:00+00:00,1627862400000,0.00017362
2021-08-02 08:00:00+00:00,2021-08-02 08:00:00+00:00,1627891200000,0.0001
2021-08-02 12:00:00+00:00,2021-08-02 08:00:00+00:00,1627891200000,0.0001
2021-08-02 16:00:00+00:00,2021-08-02 16:00:00+00:00,1627920000000,0.0001
2021-08-02 20:00:00+00:00,2021-08-02 16:00:00+00:00,1627920000000,0.0001
2021-08-03 00:00:00+00:00,2021-08-03 00:00:00+00:00,1627948800000,0.00011212
2021-08-03 04:00:00+00:00,2021-08-03 00:00:00+00:00,1627948800000,0.00011212
2021-08-03 08:00:00+00:00,2021-08-03 08:00:00+00:00,1627977600000,0.000147
2021-08-03 12:00:00+00:00,2021-08-03 08:00:00+00:00,1627977600000,0.000147
2021-08-03 16:00:00+00:00,2021-08-03 16:00:00+00:00,1628006400000,0.0001
2021-08-03 20:00:00+00:00,2021-08-03 16:00:00+00:00,1628006400000,0.0001
2021-08-04 00:00:00+00:00,2021-08-04 00:00:00+00:00,1628035200000,0.0001
2021-08-04 04:00:00+00:00,2021-08-04 00:00:00+00:00,1628035200000,0.0001
2021-08-04 08:00:00+00:00,2021-08-04 08:00:00+00:00,1628064000000,0.0001
2021-08-04 12:00:00+00:00,2021-08-04 08:00:00+00:00,1628064000000,0.0001
2021-08-04 16:00:00+00:00,2021-08-04 16:00:00+00:00,1628092800000,0.0001
2021-08-04 20:00:00+00:00,2021-08-04 16:00:00+00:00,1628092800000,0.0001
2021-08-05 00:00:00+00:00,2021-08-05 00:00:00+00:00,1628121600000,0.0001
2021-08-05 04:00:00+00:00,2021-08-05 00:00:00+00:00,1628121600000,0.0001
2021-08-05 08:00:00+00:00,2021-08-05 08:00:00+00:00,1628150400000,0.0001
2021-08-05 12:00:00+00:00,2021-08-05 08:00:00+00:00,1628150400000,0.0001
2021-08-05 16:00:00+00:00,2021-08-05 16:00:00+00:00,1628179200000,0.0001
2021-08-05 20:00:00+00:00,2021-08-05 16:00:00+00:00,1628179200000,0.0001
2021-08-06 00:00:00+00:00,2021-08-06 00:00:00+00:00,1628208000000,0.00014149
2021-08-06 04:00:00+00:00,2021-08-06 00:00:00+00:00,1628208000000,0.00014149
2021-08-06 08:00:00+00:00,2021-08-06 08:00:00+00:00,1628236800000,0.00022279
2021-08-06 12:00:00+00:00,2021-08-06 08:00:00+00:00,1628236800000,0.00022279
2021-08-06 16:00:00+00:00,2021-08-06 16:00:00+00:00,1628265600000,0.00012177
2021-08-06 20:00:00+00:00,2021-08-06 16:00:00+00:00,1628265600000,0.00012177
2021-08-07 00:00:00+00:00,2021-08-07 00:00:00+00:00,1628294400000,0.0001
2021-08-07 04:00:00+00:00,2021-08-07 00:00:00+00:00,1628294400000,0.0001
2021-08-07 08:00:00+00:00,2021-08-07 08:00:00+00:00,1628323200000,0.00016043
2021-08-07 12:00:00+00:00,2021-08-07 08:00:00+00:00,1628323200000,0.00016043
2021-08-07 16:00:00+00:00,2021-08-07 16:00:00+00:00,1628352000000,0.00030629
2021-08-07 20:00:00+00:00,2021-08-07 16:00:00+00:00,1628352000000,0.00030629
2021-08-08 00:00:00+00:00,2021-08-08 00:00:00+00:00,1628380800000,0.00076597
2021-08-08 04:00:00+00:00,2021-08-08 00:00:00+00:00,1628380800000,0.00076597
2021-08-08 08:00:00+00:00,2021-08-08 08:00:00+00:00,1628409600000,0.00104548
2021-08-08 12:00:00+00:00,2021-08-08 08:00:00+00:00,1628409600000,0.00104548
2021-08-08 16:00:00+00:00,2021-08-08 16:00:00+00:00,1628438400000,0.00078577
2021-08-08 20:00:00+00:00,2021-08-08 16:00:00+00:00,1628438400000,0.00078577
2021-08-09 00:00:00+00:00,2021-08-09 00:00:00+00:00,1628467200000,0.00068508
2021-08-09 04:00:00+00:00,2021-08-09 00:00:00+00:00,1628467200000,0.00068508
2021-08-09 08:00:00+00:00,2021-08-09 08:00:00+00:00,1628496000000,0.00054058
2021-08-09 12:00:00+00:00,2021-08-09 08:00:00+00:00,1628496000000,0.00054058
2021-08-09 16:00:00+00:00,2021-08-09 16:00:00+00:00,1628524800000,0.00041439
2021-08-09 20:00:00+00:00,2021-08-09 16:00:00+00:00,1628524800000,0.00041439
2021-08-10 00:00:00+00:00,2021-08-10 00:00:00+00:00,1628553600000,0.00040588
2021-08-10 04:00:00+00:00,2021-08-10 00:00:00+00:00,1628553600000,0.00040588
2021-08-10 08:00:00+00:00,2021-08-10 08:00:00+00:00,1628582400000,0.00046027
2021-08-10 12:00:00+00:00,2021-08-10 08:00:00+00:00,1628582400000,0.00046027
2021-08-10 16:00:00+00:00,2021-08-10 16:00:00+00:00,1628611200000,0.00034623
2021-08-10 20:00:00+00:00,2021-08-10 16:00:00+00:00,1628611200000,0.00034623
2021-08-11 00:00:00+00:00,2021-08-11 00:00:00+00:00,1628640000000,0.00040759
2021-08-11 04:00:00+00:00,2021-08-11 00:00:00+00:00,1628640000000,0.00040759
2021-08-11 08:00:00+00:00,2021-08-11 08:00:00+00:00,1628668800000,0.00051559
2021-08-11 12:00:00+00:00,2021-08-11 08:00:00+00:00,1628668800000,0.00051559
2021-08-11 16:00:00+00:00,2021-08-11 16:00:00+00:00,1628697600000,0.00055958
2021-08-11 20:00:00+00:00,2021-08-11 16:00:00+00:00,1628697600000,0.00055958
2021-08-12 00:00:00+00:00,2021-08-12 00:00:00+00:00,1628726400000,0.00075084
2021-08-12 04:00:00+00:00,2021-08-12 00:00:00+00:00,1628726400000,0.00075084
2021-08-12 08:00:00+00:00,2021-08-12 08:00:00+00:00,1628755200000,0.00073052
2021-08-12 12:00:00+00:00,2021-08-12 08:00:00+00:00,1628755200000,0.00073052
2021-08-12 16:00:00+00:00,2021-08-12 16:00:00+00:00,1628784000000,0.00059838
2021-08-12 20:00:00+00:00,2021-08-12 16:00:00+00:00,1628784000000,0.00059838
2021-08-13 00:00:00+00:00,2021-08-13 00:00:00+00:00,1628812800000,0.00057176
2021-08-13 04:00:00+00:00,2021-08-13 00:00:00+00:00,1628812800000,0.00057176
2021-08-13 08:00:00+00:00,2021-08-13 08:00:00+00:00,1628841600000,0.00045675
2021-08-13 12:00:00+00:00,2021-08-13 08:00:00+00:00,1628841600000,0.00045675
2021-08-13 16:00:00+00:00,2021-08-13 16:00:00+00:00,1628870400000,0.00016013
2021-08-13 20:00:00+00:00,2021-08-13 16:00:00+00:00,1628870400000,0.00016013
2021-08-14 00:00:00+00:00,2021-08-14 00:00:00+00:00,1628899200000,0.00014278
2021-08-14 04:00:00+00:00,2021-08-14 00:00:00+00:00,1628899200000,0.00014278
2021-08-14 08:00:00+00:00,2021-08-14 08:00:00+00:00,1628928000000,0.00032267
2021-08-14 12:00:00+00:00,2021-08-14 08:00:00+00:00,1628928000000,0.00032267
2021-08-14 16:00:00+00:00,2021-08-14 16:00:00+00:00,1628956800000,0.00059723
2021-08-14 20:00:00+00:00,2021-08-14 16:00:00+00:00,1628956800000,0.00059723
2021-08-15 00:00:00+00:00,2021-08-15 00:00:00+00:00,1628985600000,0.00055022
2021-08-15 04:00:00+00:00,2021-08-15 00:00:00+00:00,1628985600000,0.00055022
2021-08-15 08:00:00+00:00,2021-08-15 08:00:00+00:00,1629014400000,0.00066054
2021-08-15 12:00:00+00:00,2021-08-15 08:00:00+00:00,1629014400000,0.00066054
2021-08-15 16:00:00+00:00,2021-08-15 16:00:00+00:00,1629043200000,0.00077431
2021-08-15 20:00:00+00:00,2021-08-15 16:00:00+00:00,1629043200000,0.00077431
2021-08-16 00:00:00+00:00,2021-08-16 00:00:00+00:00,1629072000000,0.00076996
2021-08-16 04:00:00+00:00,2021-08-16 00:00:00+00:00,1629072000000,0.00076996
2021-08-16 08:00:00+00:00,2021-08-16 08:00:00+00:00,1629100800000,0.00102838
2021-08-16 12:00:00+00:00,2021-08-16 08:00:00+00:00,1629100800000,0.00102838
2021-08-16 16:00:00+00:00,2021-08-16 16:00:00+00:00,1629129600000,0.00144224
2021-08-16 20:00:00+00:00,2021-08-16 16:00:00+00:00,1629129600000,0.00144224
2021-08-17 00:00:00+00:00,2021-08-17 00:00:00+00:00,1629158400000,0.00131672
2021-08-17 04:00:00+00:00,2021-08-17 00:00:00+00:00,1629158400000,0.00131672
2021-08-17 08:00:00+00:00,2021-08-17 08:00:00+00:00,1629187200000,0.00154976
2021-08-17 12:00:00+00:00,2021-08-17 08:00:00+00:00,1629187200000,0.00154976
2021-08-17 16:00:00+00:00,2021-08-17 16:00:00+00:00,1629216000000,0.00133189
2021-08-17 20:00:00+00:00,2021-08-17 16:00:00+00:00,1629216000000,0.00133189
2021-08-18 00:00:00+00:00,2021-08-18 00:00:00+00:00,1629244800000,0.00141581
2021-08-18 04:00:00+00:00,2021-08-18 00:00:00+00:00,1629244800000,0.00141581
2021-08-18 08:00:00+00:00,2021-08-18 08:00:00+00:00,1629273600000,0.00093748
2021-08-18 12:00:00+00:00,2021-08-18 08:00:00+00:00,1629273600000,0.00093748
2021-08-18 16:00:00+00:00,2021-08-18 16:00:00+00:00,1629302400000,0.00052
2021-08-18 20:00:00+00:00,2021-08-18 16:00:00+00:00,1629302400000,0.00052
2021-08-19 00:00:00+00:00,2021-08-19 00:00:00+00:00,1629331200000,0.0001
2021-08-19 04:00:00+00:00,2021-08-19 00:00:00+00:00,1629331200000,0.0001
2021-08-19 08:00:00+00:00,2021-08-19 08:00:00+00:00,1629360000000,0.00059584
2021-08-19 12:00:00+00:00,2021-08-19 08:00:00+00:00,1629360000000,0.00059584
2021-08-19 16:00:00+00:00,2021-08-19 16:00:00+00:00,1629388800000,0.00059042
2021-08-19 20:00:00+00:00,2021-08-19 16:00:00+00:00,1629388800000,0.00059042
2021-08-20 00:00:00+00:00,2021-08-20 00:00:00+00:00,1629417600000,0.00043612
2021-08-20 04:00:00+00:00,2021-08-20 00:00:00+00:00,1629417600000,0.00043612
2021-08-20 08:00:00+00:00,2021-08-20 08:00:00+00:00,1629446400000,0.00044658
2021-08-20 12:00:00+00:00,2021-08-20 08:00:00+00:00,1629446400000,0.00044658
2021-08-20 16:00:00+00:00,2021-08-20 16:00:00+00:00,1629475200000,0.00086064
2021-08-20 20:00:00+00:00,2021-08-20 16:00:00+00:00,1629475200000,0.00086064
2021-08-21 00:00:00+00:00,2021-08-21 00:00:00+00:00,1629504000000,0.00115228
2021-08-21 04:00:00+00:00,2021-08-21 00:00:00+00:00,1629504000000,0.00115228
2021-08-21 08:00:00+00:00,2021-08-21 08:00:00+00:00,1629532800000,0.00108968
2021-08-21 12:00:00+00:00,2021-08-21 08:00:00+00:00,1629532800000,0.00108968
2021-08-21 16:00:00+00:00,2021-08-21 16:00:00+00:00,1629561600000,0.00124763
2021-08-21 20:00:00+00:00,2021-08-21 16:00:00+00:00,1629561600000,0.00124763
2021-08-22 00:00:00+00:00,2021-08-22 00:00:00+00:00,1629590400000,0.00114077
2021-08-22 04:00:00+00:00,2021-08-22 00:00:00+00:00,1629590400000,0.00114077
2021-08-22 08:00:00+00:00,2021-08-22 08:00:00+00:00,1629619200000,0.00087258
2021-08-22 12:00:00+00:00,2021-08-22 08:00:00+00:00,1629619200000,0.00087258
2021-08-22 16:00:00+00:00,2021-08-22 16:00:00+00:00,1629648000000,0.00075047
2021-08-22 20:00:00+00:00,2021-08-22 16:00:00+00:00,1629648000000,0.00075047
2021-08-23 00:00:00+00:00,2021-08-23 00:00:00+00:00,1629676800000,0.00065135
2021-08-23 04:00:00+00:00,2021-08-23 00:00:00+00:00,1629676800000,0.00065135
2021-08-23 08:00:00+00:00,2021-08-23 08:00:00+00:00,1629705600000,0.00043324
2021-08-23 12:00:00+00:00,2021-08-23 08:00:00+00:00,1629705600000,0.00043324
2021-08-23 16:00:00+00:00,2021-08-23 16:00:00+00:00,1629734400000,0.00068483
2021-08-23 20:00:00+00:00,2021-08-23 16:00:00+00:00,1629734400000,0.00068483
2021-08-24 00:00:00+00:00,2021-08-24 00:00:00+00:00,1629763200000,0.00099942
2021-08-24 04:00:00+00:00,2021-08-24 00:00:00+00:00,1629763200000,0.00099942
2021-08-24 08:00:00+00:00,2021-08-24 08:00:00+00:00,1629792000000,0.0009529
2021-08-24 12:00:00+00:00,2021-08-24 08:00:00+00:00,1629792000000,0.0009529
2021-08-24 16:00:00+00:00,2021-08-24 16:00:00+00:00,1629820800000,0.00112242
2021-08-24 20:00:00+00:00,2021-08-24 16:00:00+00:00,1629820800000,0.00112242
2021-08-25 00:00:00+00:00,2021-08-25 00:00:00+00:00,1629849600000,0.00105622
2021-08-25 04:00:00+00:00,2021-08-25 00:00:00+00:00,1629849600000,0.00105622
2021-08-25 08:00:00+00:00,2021-08-25 08:00:00+00:00,1629878400000,0.00037474
2021-08-25 12:00:00+00:00,2021-08-25 08:00:00+00:00,1629878400000,0.00037474
2021-08-25 16:00:00+00:00,2021-08-25 16:00:00+00:00,1629907200000,0.00015624
2021-08-25 20:00:00+00:00,2021-08-25 16:00:00+00:00,1629907200000,0.00015624
2021-08-26 00:00:00+00:00,2021-08-26 00:00:00+00:00,1629936000000,0.0001
2021-08-26 04:00:00+00:00,2021-08-26 00:00:00+00:00,1629936000000,0.0001
2021-08-26 08:00:00+00:00,2021-08-26 08:00:00+00:00,1629964800000,0.0001
2021-08-26 12:00:00+00:00,2021-08-26 08:00:00+00:00,1629964800000,0.0001
2021-08-26 16:00:00+00:00,2021-08-26 16:00:00+00:00,1629993600000,0.0001
2021-08-26 20:00:00+00:00,2021-08-26 16:00:00+00:00,1629993600000,0.0001
2021-08-27 00:00:00+00:00,2021-08-27 00:00:00+00:00,1630022400000,0.0001
2021-08-27 04:00:00+00:00,2021-08-27 00:00:00+00:00,1630022400000,0.0001
2021-08-27 08:00:00+00:00,2021-08-27 08:00:00+00:00,1630051200000,0.0001
2021-08-27 12:00:00+00:00,2021-08-27 08:00:00+00:00,1630051200000,0.0001
2021-08-27 16:00:00+00:00,2021-08-27 16:00:00+00:00,1630080000000,0.0001
2021-08-27 20:00:00+00:00,2021-08-27 16:00:00+00:00,1630080000000,0.0001
2021-08-28 00:00:00+00:00,2021-08-28 00:00:00+00:00,1630108800000,0.0001
2021-08-28 04:00:00+00:00,2021-08-28 00:00:00+00:00,1630108800000,0.0001
2021-08-28 08:00:00+00:00,2021-08-28 08:00:00+00:00,1630137600000,0.0001
2021-08-28 12:00:00+00:00,2021-08-28 08:00:00+00:00,1630137600000,0.0001
2021-08-28 16:00:00+00:00,2021-08-28 16:00:00+00:00,1630166400000,0.0001
2021-08-28 20:00:00+00:00,2021-08-28 16:00:00+00:00,1630166400000,0.0001
2021-08-29 00:00:00+00:00,2021-08-29 00:00:00+00:00,1630195200000,0.0001
2021-08-29 04:00:00+00:00,2021-08-29 00:00:00+00:00,1630195200000,0.0001
2021-08-29 08:00:00+00:00,2021-08-29 08:00:00+00:00,1630224000000,0.0001
2021-08-29 12:00:00+00:00,2021-08-29 08:00:00+00:00,1630224000000,0.0001
2021-08-29 16:00:00+00:00,2021-08-29 16:00:00+00:00,1630252800000,0.00026588
2021-08-29 20:00:00+00:00,2021-08-29 16:00:00+00:00,1630252800000,0.00026588
2021-08-30 00:00:00+00:00,2021-08-30 00:00:00+00:00,1630281600000,0.00056158
2021-08-30 04:00:00+00:00,2021-08-30 00:00:00+00:00,1630281600000,0.00056158
2021-08-30 08:00:00+00:00,2021-08-30 08:00:00+00:00,1630310400000,0.00037455
2021-08-30 12:00:00+00:00,2021-08-30 08:00:00+00:00,1630310400000,0.00037455
2021-08-30 16:00:00+00:00,2021-08-30 16:00:00+00:00,1630339200000,0.00046274
2021-08-30 20:00:00+00:00,2021-08-30 16:00:00+00:00,1630339200000,0.00046274
2021-08-31 00:00:00+00:00,2021-08-31 00:00:00+00:00,1630368000000,0.00043898
2021-08-31 04:00:00+00:00,2021-08-31 00:00:00+00:00,1630368000000,0.00043898
2021-08-31 08:00:00+00:00,2021-08-31 08:00:00+00:00,1630396800000,0.00079321
2021-08-31 12:00:00+00:00,2021-08-31 08:00:00+00:00,1630396800000,0.00079321
2021-08-31 16:00:00+00:00,2021-08-31 16:00:00+00:00,1630425600000,0.00060897
2021-08-31 20:00:00+00:00,2021-08-31 16:00:00+00:00,1630425600000,0.00060897
2021-09-01 00:00:00+00:00,2021-09-01 00:00:00+00:00,1630454400000,0.0008923
2021-09-01 04:00:00+00:00,2021-09-01 00:00:00+00:00,1630454400000,0.0008923
2021-09-01 08:00:00+00:00,2021-09-01 08:00:00+00:00,1630483200000,0.00144652
2021-09-01 12:00:00+00:00,2021-09-01 08:00:00+00:00,1630483200000,0.00144652
2021-09-01 16:00:00+00:00,2021-09-01 16:00:00+00:00,1630512000000,0.00125095
2021-09-01 20:00:00+00:00,2021-09-01 16:00:00+00:00,1630512000000,0.00125095
2021-09-02 00:00:00+00:00,2021-09-02 00:00:00+00:00,1630540800000,0.00099086
2021-09-02 04:00:00+00:00,2021-09-02 00:00:00+00:00,1630540800000,0.00099086
2021-09-02 08:00:00+00:00,2021-09-02 08:00:00+00:00,1630569600000,0.0014311
2021-09-02 12:00:00+00:00,2021-09-02 08:00:00+00:00,1630569600000,0.0014311
2021-09-02 16:00:00+00:00,2021-09-02 16:00:00+00:00,1630598400000,0.00159827
2021-09-02 20:00:00+00:00,2021-09-02 16:00:00+00:00,1630598400000,0.00159827
2021-09-03 00:00:00+00:00,2021-09-03 00:00:00+00:00,1630627200000,0.0014379
2021-09-03 04:00:00+00:00,2021-09-03 00:00:00+00:00,1630627200000,0.0014379
2021-09-03 08:00:00+00:00,2021-09-03 08:00:00+00:00,1630656000000,0.00096509
2021-09-03 12:00:00+00:00,2021-09-03 08:00:00+00:00,1630656000000,0.00096509
2021-09-03 16:00:00+00:00,2021-09-03 16:00:00+00:00,1630684800000,0.00040185
2021-09-03 20:00:00+00:00,2021-09-03 16:00:00+00:00,1630684800000,0.00040185
2021-09-04 00:00:00+00:00,2021-09-04 00:00:00+00:00,1630713600000,0.00079116
2021-09-04 04:00:00+00:00,2021-09-04 00:00:00+00:00,1630713600000,0.00079116
2021-09-04 08:00:00+00:00,2021-09-04 08:00:00+00:00,1630742400000,0.00051305
2021-09-04 12:00:00+00:00,2021-09-04 08:00:00+00:00,1630742400000,0.00051305
2021-09-04 16:00:00+00:00,2021-09-04 16:00:00+00:00,1630771200000,0.00056081
2021-09-04 20:00:00+00:00,2021-09-04 16:00:00+00:00,1630771200000,0.00056081
2021-09-05 00:00:00+00:00,2021-09-05 00:00:00+00:00,1630800000000,0.00096733
2021-09-05 04:00:00+00:00,2021-09-05 00:00:00+00:00,1630800000000,0.00096733
2021-09-05 08:00:00+00:00,2021-09-05 08:00:00+00:00,1630828800000,0.00097979
2021-09-05 12:00:00+00:00,2021-09-05 08:00:00+00:00,1630828800000,0.00097979
2021-09-05 16:00:00+00:00,2021-09-05 16:00:00+00:00,1630857600000,0.00158704
2021-09-05 20:00:00+00:00,2021-09-05 16:00:00+00:00,1630857600000,0.00158704
2021-09-06 00:00:00+00:00,2021-09-06 00:00:00+00:00,1630886400000,0.00204065
2021-09-06 04:00:00+00:00,2021-09-06 00:00:00+00:00,1630886400000,0.00204065
2021-09-06 08:00:00+00:00,2021-09-06 08:00:00+00:00,1630915200000,0.00201435
2021-09-06 12:00:00+00:00,2021-09-06 08:00:00+00:00,1630915200000,0.00201435
2021-09-06 16:00:00+00:00,2021-09-06 16:00:00+00:00,1630944000000,0.00194962
2021-09-06 20:00:00+00:00,2021-09-06 16:00:00+00:00,1630944000000,0.00194962
2021-09-07 00:00:00+00:00,2021-09-07 00:00:00+00:00,1630972800000,0.00144179
2021-09-07 04:00:00+00:00,2021-09-07 00:00:00+00:00,1630972800000,0.00144179
2021-09-07 08:00:00+00:00,2021-09-07 08:00:00+00:00,1631001600000,0.00041708
2021-09-07 12:00:00+00:00,2021-09-07 08:00:00+00:00,1631001600000,0.00041708
2021-09-07 16:00:00+00:00,2021-09-07 16:00:00+00:00,1631030400000,0.0001
2021-09-07 20:00:00+00:00,2021-09-07 16:00:00+00:00,1631030400000,0.0001
2021-09-08 00:00:00+00:00,2021-09-08 00:00:00+00:00,1631059200000,0.00048263
2021-09-08 04:00:00+00:00,2021-09-08 00:00:00+00:00,1631059200000,0.00048263
2021-09-08 08:00:00+00:00,2021-09-08 08:00:00+00:00,1631088000000,0.00045276
2021-09-08 12:00:00+00:00,2021-09-08 08:00:00+00:00,1631088000000,0.00045276
2021-09-08 16:00:00+00:00,2021-09-08 16:00:00+00:00,1631116800000,0.00026016
2021-09-08 20:00:00+00:00,2021-09-08 16:00:00+00:00,1631116800000,0.00026016
2021-09-09 00:00:00+00:00,2021-09-09 00:00:00+00:00,1631145600000,0.0001
2021-09-09 04:00:00+00:00,2021-09-09 00:00:00+00:00,1631145600000,0.0001
2021-09-09 08:00:00+00:00,2021-09-09 08:00:00+00:00,1631174400000,0.0001
2021-09-09 12:00:00+00:00,2021-09-09 08:00:00+00:00,1631174400000,0.0001
2021-09-09 16:00:00+00:00,2021-09-09 16:00:00+00:00,1631203200000,0.00010799
2021-09-09 20:00:00+00:00,2021-09-09 16:00:00+00:00,1631203200000,0.00010799
2021-09-10 00:00:00+00:00,2021-09-10 00:00:00+00:00,1631232000000,0.0001
2021-09-10 04:00:00+00:00,2021-09-10 00:00:00+00:00,1631232000000,0.0001
2021-09-10 08:00:00+00:00,2021-09-10 08:00:00+00:00,1631260800000,0.0001
2021-09-10 12:00:00+00:00,2021-09-10 08:00:00+00:00,1631260800000,0.0001
2021-09-10 16:00:00+00:00,2021-09-10 16:00:00+00:00,1631289600000,0.00013098
2021-09-10 20:00:00+00:00,2021-09-10 16:00:00+00:00,1631289600000,0.00013098
2021-09-11 00:00:00+00:00,2021-09-11 00:00:00+00:00,1631318400000,0.0001
2021-09-11 04:00:00+00:00,2021-09-11 00:00:00+00:00,1631318400000,0.0001
2021-09-11 08:00:00+00:00,2021-09-11 08:00:00+00:00,1631347200000,0.0001
2021-09-11 12:00:00+00:00,2021-09-11 08:00:00+00:00,1631347200000,0.0001
2021-09-11 16:00:00+00:00,2021-09-11 16:00:00+00:00,1631376000000,0.00019588
2021-09-11 20:00:00+00:00,2021-09-11 16:00:00+00:00,1631376000000,0.00019588
2021-09-12 00:00:00+00:00,2021-09-12 00:00:00+00:00,1631404800000,0.0001
2021-09-12 04:00:00+00:00,2021-09-12 00:00:00+00:00,1631404800000,0.0001
2021-09-12 08:00:00+00:00,2021-09-12 08:00:00+00:00,1631433600000,0.0001
2021-09-12 12:00:00+00:00,2021-09-12 08:00:00+00:00,1631433600000,0.0001
2021-09-12 16:00:00+00:00,2021-09-12 16:00:00+00:00,1631462400000,0.00037987
2021-09-12 20:00:00+00:00,2021-09-12 16:00:00+00:00,1631462400000,0.00037987
2021-09-13 00:00:00+00:00,2021-09-13 00:00:00+00:00,1631491200000,0.00054418
2021-09-13 04:00:00+00:00,2021-09-13 00:00:00+00:00,1631491200000,0.00054418
2021-09-13 08:00:00+00:00,2021-09-13 08:00:00+00:00,1631520000000,0.00060537
2021-09-13 12:00:00+00:00,2021-09-13 08:00:00+00:00,1631520000000,0.00060537
2021-09-13 16:00:00+00:00,2021-09-13 16:00:00+00:00,1631548800000,0.00068353
2021-09-13 20:00:00+00:00,2021-09-13 16:00:00+00:00,1631548800000,0.00068353
2021-09-14 00:00:00+00:00,2021-09-14 00:00:00+00:00,1631577600000,0.00018317
2021-09-14 04:00:00+00:00,2021-09-14 00:00:00+00:00,1631577600000,0.00018317
2021-09-14 08:00:00+00:00,2021-09-14 08:00:00+00:00,1631606400000,0.0001
2021-09-14 12:00:00+00:00,2021-09-14 08:00:00+00:00,1631606400000,0.0001
2021-09-14 16:00:00+00:00,2021-09-14 16:00:00+00:00,1631635200000,0.0001
2021-09-14 20:00:00+00:00,2021-09-14 16:00:00+00:00,1631635200000,0.0001
2021-09-15 00:00:00+00:00,2021-09-15 00:00:00+00:00,1631664000000,0.0001
2021-09-15 04:00:00+00:00,2021-09-15 00:00:00+00:00,1631664000000,0.0001
2021-09-15 08:00:00+00:00,2021-09-15 08:00:00+00:00,1631692800000,0.00015482
2021-09-15 12:00:00+00:00,2021-09-15 08:00:00+00:00,1631692800000,0.00015482
2021-09-15 16:00:00+00:00,2021-09-15 16:00:00+00:00,1631721600000,0.0001
2021-09-15 20:00:00+00:00,2021-09-15 16:00:00+00:00,1631721600000,0.0001
2021-09-16 00:00:00+00:00,2021-09-16 00:00:00+00:00,1631750400000,0.00012139
2021-09-16 04:00:00+00:00,2021-09-16 00:00:00+00:00,1631750400000,0.00012139
2021-09-16 08:00:00+00:00,2021-09-16 08:00:00+00:00,1631779200000,0.00015859
2021-09-16 12:00:00+00:00,2021-09-16 08:00:00+00:00,1631779200000,0.00015859
2021-09-16 16:00:00+00:00,2021-09-16 16:00:00+00:00,1631808000000,0.00051346
2021-09-16 20:00:00+00:00,2021-09-16 16:00:00+00:00,1631808000000,0.00051346
2021-09-17 00:00:00+00:00,2021-09-17 00:00:00+00:00,1631836800000,0.00074938
2021-09-17 04:00:00+00:00,2021-09-17 00:00:00+00:00,1631836800000,0.00074938
2021-09-17 08:00:00+00:00,2021-09-17 08:00:00+00:00,1631865600000,0.00112196
2021-09-17 12:00:00+00:00,2021-09-17 08:00:00+00:00,1631865600000,0.00112196
2021-09-17 16:00:00+00:00,2021-09-17 16:00:00+00:00,1631894400000,0.00128848
2021-09-17 20:00:00+00:00,2021-09-17 16:00:00+00:00,1631894400000,0.00128848
2021-09-18 00:00:00+00:00,2021-09-18 00:00:00+00:00,1631923200000,0.00117798
2021-09-18 04:00:00+00:00,2021-09-18 00:00:00+00:00,1631923200000,0.00117798
2021-09-18 08:00:00+00:00,2021-09-18 08:00:00+00:00,1631952000000,0.0006404
2021-09-18 12:00:00+00:00,2021-09-18 08:00:00+00:00,1631952000000,0.0006404
2021-09-18 16:00:00+00:00,2021-09-18 16:00:00+00:00,1631980800000,0.0003195
2021-09-18 20:00:00+00:00,2021-09-18 16:00:00+00:00,1631980800000,0.0003195
2021-09-19 00:00:00+00:00,2021-09-19 00:00:00+00:00,1632009600000,0.0001
2021-09-19 04:00:00+00:00,2021-09-19 00:00:00+00:00,1632009600000,0.0001
2021-09-19 08:00:00+00:00,2021-09-19 08:00:00+00:00,1632038400000,0.0001
2021-09-19 12:00:00+00:00,2021-09-19 08:00:00+00:00,1632038400000,0.0001
2021-09-19 16:00:00+00:00,2021-09-19 16:00:00+00:00,1632067200000,0.0001
2021-09-19 20:00:00+00:00,2021-09-19 16:00:00+00:00,1632067200000,0.0001
2021-09-20 00:00:00+00:00,2021-09-20 00:00:00+00:00,1632096000000,0.0001
2021-09-20 04:00:00+00:00,2021-09-20 00:00:00+00:00,1632096000000,0.0001
2021-09-20 08:00:00+00:00,2021-09-20 08:00:00+00:00,1632124800000,0.0003209
2021-09-20 12:00:00+00:00,2021-09-20 08:00:00+00:00,1632124800000,0.0003209
2021-09-20 16:00:00+00:00,2021-09-20 16:00:00+00:00,1632153600000,0.00022666
2021-09-20 20:00:00+00:00,2021-09-20 16:00:00+00:00,1632153600000,0.00022666
2021-09-21 00:00:00+00:00,2021-09-21 00:00:00+00:00,1632182400000,0.0001
2021-09-21 04:00:00+00:00,2021-09-21 00:00:00+00:00,1632182400000,0.0001
2021-09-21 08:00:00+00:00,2021-09-21 08:00:00+00:00,1632211200000,0.0001
2021-09-21 12:00:00+00:00,2021-09-21 08:00:00+00:00,1632211200000,0.0001
2021-09-21 16:00:00+00:00,2021-09-21 16:00:00+00:00,1632240000000,0.0001
2021-09-21 20:00:00+00:00,2021-09-21 16:00:00+00:00,1632240000000,0.0001
2021-09-22 00:00:00+00:00,2021-09-22 00:00:00+00:00,1632268800000,0.0001
2021-09-22 04:00:00+00:00,2021-09-22 00:00:00+00:00,1632268800000,0.0001
2021-09-22 08:00:00+00:00,2021-09-22 08:00:00+00:00,1632297600000,0.0001
2021-09-22 12:00:00+00:00,2021-09-22 08:00:00+00:00,1632297600000,0.0001
2021-09-22 16:00:00+00:00,2021-09-22 16:00:00+00:00,1632326400000,0.0001
2021-09-22 20:00:00+00:00,2021-09-22 16:00:00+00:00,1632326400000,0.0001
2021-09-23 00:00:00+00:00,2021-09-23 00:00:00+00:00,1632355200000,0.0001
2021-09-23 04:00:00+00:00,2021-09-23 00:00:00+00:00,1632355200000,0.0001
2021-09-23 08:00:00+00:00,2021-09-23 08:00:00+00:00,1632384000000,-0.00020246
2021-09-23 12:00:00+00:00,2021-09-23 08:00:00+00:00,1632384000000,-0.00020246
2021-09-23 16:00:00+00:00,2021-09-23 16:00:00+00:00,1632412800000,0.0001
2021-09-23 20:00:00+00:00,2021-09-23 16:00:00+00:00,1632412800000,0.0001
2021-09-24 00:00:00+00:00,2021-09-24 00:00:00+00:00,1632441600000,0.0001
2021-09-24 04:00:00+00:00,2021-09-24 00:00:00+00:00,1632441600000,0.0001
2021-09-24 08:00:00+00:00,2021-09-24 08:00:00+00:00,1632470400000,0.0001
2021-09-24 12:00:00+00:00,2021-09-24 08:00:00+00:00,1632470400000,0.0001
2021-09-24 16:00:00+00:00,2021-09-24 16:00:00+00:00,1632499200000,0.0001
2021-09-24 20:00:00+00:00,2021-09-24 16:00:00+00:00,1632499200000,0.0001
2021-09-25 00:00:00+00:00,2021-09-25 00:00:00+00:00,1632528000000,0.0001
2021-09-25 04:00:00+00:00,2021-09-25 00:00:00+00:00,1632528000000,0.0001
2021-09-25 08:00:00+00:00,2021-09-25 08:00:00+00:00,1632556800000,0.0001
2021-09-25 12:00:00+00:00,2021-09-25 08:00:00+00:00,1632556800000,0.0001
2021-09-25 16:00:00+00:00,2021-09-25 16:00:00+00:00,1632585600000,0.0001
2021-09-25 20:00:00+00:00,2021-09-25 16:00:00+00:00,1632585600000,0.0001
2021-09-26 00:00:00+00:00,2021-09-26 00:00:00+00:00,1632614400000,0.0001
2021-09-26 04:00:00+00:00,2021-09-26 00:00:00+00:00,1632614400000,0.0001
2021-09-26 08:00:00+00:00,2021-09-26 08:00:00+00:00,1632643200000,0.0001
2021-09-26 12:00:00+00:00,2021-09-26 08:00:00+00:00,1632643200000,0.0001
2021-09-26 16:00:00+00:00,2021-09-26 16:00:00+00:00,1632672000000,0.0001
2021-09-26 20:00:00+00:00,2021-09-26 16:00:00+00:00,1632672000000,0.0001
2021-09-27 00:00:00+00:00,2021-09-27 00:00:00+00:00,1632700800000,0.0001
2021-09-27 04:00:00+00:00,2021-09-27 00:00:00+00:00,1632700800000,0.0001
2021-09-27 08:00:00+00:00,2021-09-27 08:00:00+00:00,1632729600000,0.0001
2021-09-27 12:00:00+00:00,2021-09-27 08:00:00+00:00,1632729600000,0.0001
2021-09-27 16:00:00+00:00,2021-09-27 16:00:00+00:00,1632758400000,0.0001
2021-09-27 20:00:00+00:00,2021-09-27 16:00:00+00:00,1632758400000,0.0001
2021-09-28 00:00:00+00:00,2021-09-28 00:00:00+00:00,1632787200000,0.0001
2021-09-28 04:00:00+00:00,2021-09-28 00:00:00+00:00,1632787200000,0.0001
2021-09-28 08:00:00+00:00,2021-09-28 08:00:00+00:00,1632816000000,0.0001
2021-09-28 12:00:00+00:00,2021-09-28 08:00:00+00:00,1632816000000,0.0001
2021-09-28 16:00:00+00:00,2021-09-28 16:00:00+00:00,1632844800000,0.0001
2021-09-28 20:00:00+00:00,2021-09-28 16:00:00+00:00,1632844800000,0.0001
2021-09-29 00:00:00+00:00,2021-09-29 00:00:00+00:00,1632873600000,0.0001
2021-09-29 04:00:00+00:00,2021-09-29 00:00:00+00:00,1632873600000,0.0001
2021-09-29 08:00:00+00:00,2021-09-29 08:00:00+00:00,1632902400000,0.0001
2021-09-29 12:00:00+00:00,2021-09-29 08:00:00+00:00,1632902400000,0.0001
2021-09-29 16:00:00+00:00,2021-09-29 16:00:00+00:00,1632931200000,0.0001
2021-09-29 20:00:00+00:00,2021-09-29 16:00:00+00:00,1632931200000,0.0001
2021-09-30 00:00:00+00:00,2021-09-30 00:00:00+00:00,1632960000000,0.0001
2021-09-30 04:00:00+00:00,2021-09-30 00:00:00+00:00,1632960000000,0.0001
2021-09-30 08:00:00+00:00,2021-09-30 08:00:00+00:00,1632988800000,0.0001
2021-09-30 12:00:00+00:00,2021-09-30 08:00:00+00:00,1632988800000,0.0001
2021-09-30 16:00:00+00:00,2021-09-30 16:00:00+00:00,1633017600000,0.0001
2021-09-30 20:00:00+00:00,2021-09-30 16:00:00+00:00,1633017600000,0.0001
2021-10-01 00:00:00+00:00,2021-10-01 00:00:00+00:00,1633046400000,0.0001
2021-10-01 04:00:00+00:00,2021-10-01 00:00:00+00:00,1633046400000,0.0001
2021-10-01 08:00:00+00:00,2021-10-01 08:00:00+00:00,1633075200000,0.0001
2021-10-01 12:00:00+00:00,2021-10-01 08:00:00+00:00,1633075200000,0.0001
2021-10-01 16:00:00+00:00,2021-10-01 16:00:00+00:00,1633104000000,0.0001
2021-10-01 20:00:00+00:00,2021-10-01 16:00:00+00:00,1633104000000,0.0001
2021-10-02 00:00:00+00:00,2021-10-02 00:00:00+00:00,1633132800000,0.0001
2021-10-02 04:00:00+00:00,2021-10-02 00:00:00+00:00,1633132800000,0.0001
2021-10-02 08:00:00+00:00,2021-10-02 08:00:00+00:00,1633161600000,0.0001
2021-10-02 12:00:00+00:00,2021-10-02 08:00:00+00:00,1633161600000,0.0001
2021-10-02 16:00:00+00:00,2021-10-02 16:00:00+00:00,1633190400000,0.0001
2021-10-02 20:00:00+00:00,2021-10-02 16:00:00+00:00,1633190400000,0.0001
2021-10-03 00:00:00+00:00,2021-10-03 00:00:00+00:00,1633219200000,0.0001
2021-10-03 04:00:00+00:00,2021-10-03 00:00:00+00:00,1633219200000,0.0001
2021-10-03 08:00:00+00:00,2021-10-03 08:00:00+00:00,1633248000000,0.0001
2021-10-03 12:00:00+00:00,2021-10-03 08:00:00+00:00,1633248000000,0.0001
2021-10-03 16:00:00+00:00,2021-10-03 16:00:00+00:00,1633276800000,0.0001
2021-10-03 20:00:00+00:00,2021-10-03 16:00:00+00:00,1633276800000,0.0001
2021-10-04 00:00:00+00:00,2021-10-04 00:00:00+00:00,1633305600000,0.0001
2021-10-04 04:00:00+00:00,2021-10-04 00:00:00+00:00,1633305600000,0.0001
2021-10-04 08:00:00+00:00,2021-10-04 08:00:00+00:00,1633334400000,0.0001
2021-10-04 12:00:00+00:00,2021-10-04 08:00:00+00:00,1633334400000,0.0001
2021-10-04 16:00:00+00:00,2021-10-04 16:00:00+00:00,1633363200000,0.00023013
2021-10-04 20:00:00+00:00,2021-10-04 16:00:00+00:00,1633363200000,0.00023013
2021-10-05 00:00:00+00:00,2021-10-05 00:00:00+00:00,1633392000000,0.00030622
2021-10-05 04:00:00+00:00,2021-10-05 00:00:00+00:00,1633392000000,0.00030622
2021-10-05 08:00:00+00:00,2021-10-05 08:00:00+00:00,1633420800000,0.00011767
2021-10-05 12:00:00+00:00,2021-10-05 08:00:00+00:00,1633420800000,0.00011767
2021-10-05 16:00:00+00:00,2021-10-05 16:00:00+00:00,1633449600000,0.000336
2021-10-05 20:00:00+00:00,2021-10-05 16:00:00+00:00,1633449600000,0.000336
2021-10-06 00:00:00+00:00,2021-10-06 00:00:00+00:00,1633478400000,0.00048071
2021-10-06 04:00:00+00:00,2021-10-06 00:00:00+00:00,1633478400000,0.00048071
2021-10-06 08:00:00+00:00,2021-10-06 08:00:00+00:00,1633507200000,0.00072136
2021-10-06 12:00:00+00:00,2021-10-06 08:00:00+00:00,1633507200000,0.00072136
2021-10-06 16:00:00+00:00,2021-10-06 16:00:00+00:00,1633536000000,0.00082757
2021-10-06 20:00:00+00:00,2021-10-06 16:00:00+00:00,1633536000000,0.00082757
2021-10-07 00:00:00+00:00,2021-10-07 00:00:00+00:00,1633564800000,0.00055242
2021-10-07 04:00:00+00:00,2021-10-07 00:00:00+00:00,1633564800000,0.00055242
2021-10-07 08:00:00+00:00,2021-10-07 08:00:00+00:00,1633593600000,0.00072228
2021-10-07 12:00:00+00:00,2021-10-07 08:00:00+00:00,1633593600000,0.00072228
2021-10-07 16:00:00+00:00,2021-10-07 16:00:00+00:00,1633622400000,0.00086253
2021-10-07 20:00:00+00:00,2021-10-07 16:00:00+00:00,1633622400000,0.00086253
2021-10-08 00:00:00+00:00,2021-10-08 00:00:00+00:00,1633651200000,0.00098062
2021-10-08 04:00:00+00:00,2021-10-08 00:00:00+00:00,1633651200000,0.00098062
2021-10-08 08:00:00+00:00,2021-10-08 08:00:00+00:00,1633680000000,0.00064511
2021-10-08 12:00:00+00:00,2021-10-08 08:00:00+00:00,1633680000000,0.00064511
2021-10-08 16:00:00+00:00,2021-10-08 16:00:00+00:00,1633708800000,0.00051447
2021-10-08 20:00:00+00:00,2021-10-08 16:00:00+00:00,1633708800000,0.00051447
2021-10-09 00:00:00+00:00,2021-10-09 00:00:00+00:00,1633737600000,0.00039532
2021-10-09 04:00:00+00:00,2021-10-09 00:00:00+00:00,1633737600000,0.00039532
2021-10-09 08:00:00+00:00,2021-10-09 08:00:00+00:00,1633766400000,0.000309
2021-10-09 12:00:00+00:00,2021-10-09 08:00:00+00:00,1633766400000,0.000309
2021-10-09 16:00:00+00:00,2021-10-09 16:00:00+00:00,1633795200000,0.00017636
2021-10-09 20:00:00+00:00,2021-10-09 16:00:00+00:00,1633795200000,0.00017636
2021-10-10 00:00:00+00:00,2021-10-10 00:00:00+00:00,1633824000000,0.00060411
2021-10-10 04:00:00+00:00,2021-10-10 00:00:00+00:00,1633824000000,0.00060411
2021-10-10 08:00:00+00:00,2021-10-10 08:00:00+00:00,1633852800000,0.000817
2021-10-10 12:00:00+00:00,2021-10-10 08:00:00+00:00,1633852800000,0.000817
2021-10-10 16:00:00+00:00,2021-10-10 16:00:00+00:00,1633881600000,0.00106383
2021-10-10 20:00:00+00:00,2021-10-10 16:00:00+00:00,1633881600000,0.00106383
2021-10-11 00:00:00+00:00,2021-10-11 00:00:00+00:00,1633910400000,0.00109544
2021-10-11 04:00:00+00:00,2021-10-11 00:00:00+00:00,1633910400000,0.00109544
2021-10-11 08:00:00+00:00,2021-10-11 08:00:00+00:00,1633939200000,0.00079814
2021-10-11 12:00:00+00:00,2021-10-11 08:00:00+00:00,1633939200000,0.00079814
2021-10-11 16:00:00+00:00,2021-10-11 16:00:00+00:00,1633968000000,0.00035597
2021-10-11 20:00:00+00:00,2021-10-11 16:00:00+00:00,1633968000000,0.00035597
2021-10-12 00:00:00+00:00,2021-10-12 00:00:00+00:00,1633996800000,0.00030302
2021-10-12 04:00:00+00:00,2021-10-12 00:00:00+00:00,1633996800000,0.00030302
2021-10-12 08:00:00+00:00,2021-10-12 08:00:00+00:00,1634025600000,0.0001
2021-10-12 12:00:00+00:00,2021-10-12 08:00:00+00:00,1634025600000,0.0001
2021-10-12 16:00:00+00:00,2021-10-12 16:00:00+00:00,1634054400000,0.0001
2021-10-12 20:00:00+00:00,2021-10-12 16:00:00+00:00,1634054400000,0.0001
2021-10-13 00:00:00+00:00,2021-10-13 00:00:00+00:00,1634083200000,0.0001
2021-10-13 04:00:00+00:00,2021-10-13 00:00:00+00:00,1634083200000,0.0001
2021-10-13 08:00:00+00:00,2021-10-13 08:00:00+00:00,1634112000000,0.0001
2021-10-13 12:00:00+00:00,2021-10-13 08:00:00+00:00,1634112000000,0.0001
2021-10-13 16:00:00+00:00,2021-10-13 16:00:00+00:00,1634140800000,0.00013687
2021-10-13 20:00:00+00:00,2021-10-13 16:00:00+00:00,1634140800000,0.00013687
2021-10-14 00:00:00+00:00,2021-10-14 00:00:00+00:00,1634169600000,0.00025664
2021-10-14 04:00:00+00:00,2021-10-14 00:00:00+00:00,1634169600000,0.00025664
2021-10-14 08:00:00+00:00,2021-10-14 08:00:00+00:00,1634198400000,0.00047167
2021-10-14 12:00:00+00:00,2021-10-14 08:00:00+00:00,1634198400000,0.00047167
2021-10-14 16:00:00+00:00,2021-10-14 16:00:00+00:00,1634227200000,0.00043653
2021-10-14 20:00:00+00:00,2021-10-14 16:00:00+00:00,1634227200000,0.00043653
2021-10-15 00:00:00+00:00,2021-10-15 00:00:00+00:00,1634256000000,0.00063339
2021-10-15 04:00:00+00:00,2021-10-15 00:00:00+00:00,1634256000000,0.00063339
2021-10-15 08:00:00+00:00,2021-10-15 08:00:00+00:00,1634284800000,0.00083166
2021-10-15 12:00:00+00:00,2021-10-15 08:00:00+00:00,1634284800000,0.00083166
2021-10-15 16:00:00+00:00,2021-10-15 16:00:00+00:00,1634313600000,0.00062713
2021-10-15 20:00:00+00:00,2021-10-15 16:00:00+00:00,1634313600000,0.00062713
2021-10-16 00:00:00+00:00,2021-10-16 00:00:00+00:00,1634342400000,0.00049034
2021-10-16 04:00:00+00:00,2021-10-16 00:00:00+00:00,1634342400000,0.00049034
2021-10-16 08:00:00+00:00,2021-10-16 08:00:00+00:00,1634371200000,0.00017825
2021-10-16 12:00:00+00:00,2021-10-16 08:00:00+00:00,1634371200000,0.00017825
2021-10-16 16:00:00+00:00,2021-10-16 16:00:00+00:00,1634400000000,0.0008219
2021-10-16 20:00:00+00:00,2021-10-16 16:00:00+00:00,1634400000000,0.0008219
2021-10-17 00:00:00+00:00,2021-10-17 00:00:00+00:00,1634428800000,0.00100888
2021-10-17 04:00:00+00:00,2021-10-17 00:00:00+00:00,1634428800000,0.00100888
2021-10-17 08:00:00+00:00,2021-10-17 08:00:00+00:00,1634457600000,0.00143082
2021-10-17 12:00:00+00:00,2021-10-17 08:00:00+00:00,1634457600000,0.00143082
2021-10-17 16:00:00+00:00,2021-10-17 16:00:00+00:00,1634486400000,0.00115257
2021-10-17 20:00:00+00:00,2021-10-17 16:00:00+00:00,1634486400000,0.00115257
2021-10-18 00:00:00+00:00,2021-10-18 00:00:00+00:00,1634515200000,0.00121937
2021-10-18 04:00:00+00:00,2021-10-18 00:00:00+00:00,1634515200000,0.00121937
2021-10-18 08:00:00+00:00,2021-10-18 08:00:00+00:00,1634544000000,0.00088549
2021-10-18 12:00:00+00:00,2021-10-18 08:00:00+00:00,1634544000000,0.00088549
2021-10-18 16:00:00+00:00,2021-10-18 16:00:00+00:00,1634572800000,0.00062411
2021-10-18 20:00:00+00:00,2021-10-18 16:00:00+00:00,1634572800000,0.00062411
2021-10-19 00:00:00+00:00,2021-10-19 00:00:00+00:00,1634601600000,0.00033234
2021-10-19 04:00:00+00:00,2021-10-19 00:00:00+00:00,1634601600000,0.00033234
2021-10-19 08:00:00+00:00,2021-10-19 08:00:00+00:00,1634630400000,0.00030314
2021-10-19 12:00:00+00:00,2021-10-19 08:00:00+00:00,1634630400000,0.00030314
2021-10-19 16:00:00+00:00,2021-10-19 16:00:00+00:00,1634659200000,0.00034875
2021-10-19 20:00:00+00:00,2021-10-19 16:00:00+00:00,1634659200000,0.00034875
2021-10-20 00:00:00+00:00,2021-10-20 00:00:00+00:00,1634688000000,0.0004379
2021-10-20 04:00:00+00:00,2021-10-20 00:00:00+00:00,1634688000000,0.0004379
2021-10-20 08:00:00+00:00,2021-10-20 08:00:00+00:00,1634716800000,0.00056895
2021-10-20 12:00:00+00:00,2021-10-20 08:00:00+00:00,1634716800000,0.00056895
2021-10-20 16:00:00+00:00,2021-10-20 16:00:00+00:00,1634745600000,0.00048687
2021-10-20 20:00:00+00:00,2021-10-20 16:00:00+00:00,1634745600000,0.00048687
2021-10-21 00:00:00+00:00,2021-10-21 00:00:00+00:00,1634774400000,0.0003643
2021-10-21 04:00:00+00:00,2021-10-21 00:00:00+00:00,1634774400000,0.0003643
2021-10-21 08:00:00+00:00,2021-10-21 08:00:00+00:00,1634803200000,0.00052152
2021-10-21 12:00:00+00:00,2021-10-21 08:00:00+00:00,1634803200000,0.00052152
2021-10-21 16:00:00+00:00,2021-10-21 16:00:00+00:00,1634832000000,0.00094036
2021-10-21 20:00:00+00:00,2021-10-21 16:00:00+00:00,1634832000000,0.00094036
2021-10-22 00:00:00+00:00,2021-10-22 00:00:00+00:00,1634860800000,0.00112166
2021-10-22 04:00:00+00:00,2021-10-22 00:00:00+00:00,1634860800000,0.00112166
2021-10-22 08:00:00+00:00,2021-10-22 08:00:00+00:00,1634889600000,0.00074464
2021-10-22 12:00:00+00:00,2021-10-22 08:00:00+00:00,1634889600000,0.00074464
2021-10-22 16:00:00+00:00,2021-10-22 16:00:00+00:00,1634918400000,0.00085632
2021-10-22 20:00:00+00:00,2021-10-22 16:00:00+00:00,1634918400000,0.00085632
2021-10-23 00:00:00+00:00,2021-10-23 00:00:00+00:00,1634947200000,0.00083237
2021-10-23 04:00:00+00:00,2021-10-23 00:00:00+00:00,1634947200000,0.00083237
2021-10-23 08:00:00+00:00,2021-10-23 08:00:00+00:00,1634976000000,0.00107096
2021-10-23 12:00:00+00:00,2021-10-23 08:00:00+00:00,1634976000000,0.00107096
2021-10-23 16:00:00+00:00,2021-10-23 16:00:00+00:00,1635004800000,0.00090456
2021-10-23 20:00:00+00:00,2021-10-23 16:00:00+00:00,1635004800000,0.00090456
2021-10-24 00:00:00+00:00,2021-10-24 00:00:00+00:00,1635033600000,0.00094638
2021-10-24 04:00:00+00:00,2021-10-24 00:00:00+00:00,1635033600000,0.00094638
2021-10-24 08:00:00+00:00,2021-10-24 08:00:00+00:00,1635062400000,0.00114632
2021-10-24 12:00:00+00:00,2021-10-24 08:00:00+00:00,1635062400000,0.00114632
2021-10-24 16:00:00+00:00,2021-10-24 16:00:00+00:00,1635091200000,0.00146047
2021-10-24 20:00:00+00:00,2021-10-24 16:00:00+00:00,1635091200000,0.00146047
2021-10-25 00:00:00+00:00,2021-10-25 00:00:00+00:00,1635120000000,0.00155266
2021-10-25 04:00:00+00:00,2021-10-25 00:00:00+00:00,1635120000000,0.00155266
2021-10-25 08:00:00+00:00,2021-10-25 08:00:00+00:00,1635148800000,0.00103386
2021-10-25 12:00:00+00:00,2021-10-25 08:00:00+00:00,1635148800000,0.00103386
2021-10-25 16:00:00+00:00,2021-10-25 16:00:00+00:00,1635177600000,0.00080761
2021-10-25 20:00:00+00:00,2021-10-25 16:00:00+00:00,1635177600000,0.00080761
2021-10-26 00:00:00+00:00,2021-10-26 00:00:00+00:00,1635206400000,0.00047816
2021-10-26 04:00:00+00:00,2021-10-26 00:00:00+00:00,1635206400000,0.00047816
2021-10-26 08:00:00+00:00,2021-10-26 08:00:00+00:00,1635235200000,0.00048019
2021-10-26 12:00:00+00:00,2021-10-26 08:00:00+00:00,1635235200000,0.00048019
2021-10-26 16:00:00+00:00,2021-10-26 16:00:00+00:00,1635264000000,0.00063341
2021-10-26 20:00:00+00:00,2021-10-26 16:00:00+00:00,1635264000000,0.00063341
2021-10-27 00:00:00+00:00,2021-10-27 00:00:00+00:00,1635292800000,0.00071289
2021-10-27 04:00:00+00:00,2021-10-27 00:00:00+00:00,1635292800000,0.00071289
2021-10-27 08:00:00+00:00,2021-10-27 08:00:00+00:00,1635321600000,0.00077266
2021-10-27 12:00:00+00:00,2021-10-27 08:00:00+00:00,1635321600000,0.00077266
2021-10-27 16:00:00+00:00,2021-10-27 16:00:00+00:00,1635350400000,0.00088707
2021-10-27 20:00:00+00:00,2021-10-27 16:00:00+00:00,1635350400000,0.00088707
2021-10-28 00:00:00+00:00,2021-10-28 00:00:00+00:00,1635379200000,0.0001
2021-10-28 04:00:00+00:00,2021-10-28 00:00:00+00:00,1635379200000,0.0001
2021-10-28 08:00:00+00:00,2021-10-28 08:00:00+00:00,1635408000000,0.00011452
2021-10-28 12:00:00+00:00,2021-10-28 08:00:00+00:00,1635408000000,0.00011452
2021-10-28 16:00:00+00:00,2021-10-28 16:00:00+00:00,1635436800000,0.0001
2021-10-28 20:00:00+00:00,2021-10-28 16:00:00+00:00,1635436800000,0.0001
2021-10-29 00:00:00+00:00,2021-10-29 00:00:00+00:00,1635465600000,0.0001
2021-10-29 04:00:00+00:00,2021-10-29 00:00:00+00:00,1635465600000,0.0001
2021-10-29 08:00:00+00:00,2021-10-29 08:00:00+00:00,1635494400000,0.0001
2021-10-29 12:00:00+00:00,2021-10-29 08:00:00+00:00,1635494400000,0.0001
2021-10-29 16:00:00+00:00,2021-10-29 16:00:00+00:00,1635523200000,0.0001
2021-10-29 20:00:00+00:00,2021-10-29 16:00:00+00:00,1635523200000,0.0001
2021-10-30 00:00:00+00:00,2021-10-30 00:00:00+00:00,1635552000000,0.0001
2021-10-30 04:00:00+00:00,2021-10-30 00:00:00+00:00,1635552000000,0.0001
2021-10-30 08:00:00+00:00,2021-10-30 08:00:00+00:00,1635580800000,0.00011695
2021-10-30 12:00:00+00:00,2021-10-30 08:00:00+00:00,1635580800000,0.00011695
2021-10-30 16:00:00+00:00,2021-10-30 16:00:00+00:00,1635609600000,0.00031118
2021-10-30 20:00:00+00:00,2021-10-30 16:00:00+00:00,1635609600000,0.00031118
2021-10-31 00:00:00+00:00,2021-10-31 00:00:00+00:00,1635638400000,0.00039121
2021-10-31 04:00:00+00:00,2021-10-31 00:00:00+00:00,1635638400000,0.00039121
2021-10-31 08:00:00+00:00,2021-10-31 08:00:00+00:00,1635667200000,0.0003269
2021-10-31 12:00:00+00:00,2021-10-31 08:00:00+00:00,1635667200000,0.0003269
2021-10-31 16:00:00+00:00,2021-10-31 16:00:00+00:00,1635696000000,0.00057489
2021-10-31 20:00:00+00:00,2021-10-31 16:00:00+00:00,1635696000000,0.00057489
2021-11-01 00:00:00+00:00,2021-11-01 00:00:00+00:00,1635724800000,0.00051371
2021-11-01 04:00:00+00:00,2021-11-01 00:00:00+00:00,1635724800000,0.00051371
2021-11-01 08:00:00+00:00,2021-11-01 08:00:00+00:00,1635753600000,0.00041414
2021-11-01 12:00:00+00:00,2021-11-01 08:00:00+00:00,1635753600000,0.00041414
2021-11-01 16:00:00+00:00,2021-11-01 16:00:00+00:00,1635782400000,0.00018958
2021-11-01 20:00:00+00:00,2021-11-01 16:00:00+00:00,1635782400000,0.00018958
2021-11-02 00:00:00+00:00,2021-11-02 00:00:00+00:00,1635811200000,0.00056004
2021-11-02 04:00:00+00:00,2021-11-02 00:00:00+00:00,1635811200000,0.00056004
2021-11-02 08:00:00+00:00,2021-11-02 08:00:00+00:00,1635840000000,0.00043095
2021-11-02 12:00:00+00:00,2021-11-02 08:00:00+00:00,1635840000000,0.00043095
2021-11-02 16:00:00+00:00,2021-11-02 16:00:00+00:00,1635868800000,0.0005305
2021-11-02 20:00:00+00:00,2021-11-02 16:00:00+00:00,1635868800000,0.0005305
2021-11-03 00:00:00+00:00,2021-11-03 00:00:00+00:00,1635897600000,0.00073962
2021-11-03 04:00:00+00:00,2021-11-03 00:00:00+00:00,1635897600000,0.00073962
2021-11-03 08:00:00+00:00,2021-11-03 08:00:00+00:00,1635926400000,0.00090854
2021-11-03 12:00:00+00:00,2021-11-03 08:00:00+00:00,1635926400000,0.00090854
2021-11-03 16:00:00+00:00,2021-11-03 16:00:00+00:00,1635955200000,0.00075927
2021-11-03 20:00:00+00:00,2021-11-03 16:00:00+00:00,1635955200000,0.00075927
2021-11-04 00:00:00+00:00,2021-11-04 00:00:00+00:00,1635984000000,0.00051437
2021-11-04 04:00:00+00:00,2021-11-04 00:00:00+00:00,1635984000000,0.00051437
2021-11-04 08:00:00+00:00,2021-11-04 08:00:00+00:00,1636012800000,0.0001
2021-11-04 12:00:00+00:00,2021-11-04 08:00:00+00:00,1636012800000,0.0001
2021-11-04 16:00:00+00:00,2021-11-04 16:00:00+00:00,1636041600000,0.0001
2021-11-04 20:00:00+00:00,2021-11-04 16:00:00+00:00,1636041600000,0.0001
2021-11-05 00:00:00+00:00,2021-11-05 00:00:00+00:00,1636070400000,0.00011222
2021-11-05 04:00:00+00:00,2021-11-05 00:00:00+00:00,1636070400000,0.00011222
2021-11-05 08:00:00+00:00,2021-11-05 08:00:00+00:00,1636099200000,0.0001
2021-11-05 12:00:00+00:00,2021-11-05 08:00:00+00:00,1636099200000,0.0001
2021-11-05 16:00:00+00:00,2021-11-05 16:00:00+00:00,1636128000000,0.00013332
2021-11-05 20:00:00+00:00,2021-11-05 16:00:00+00:00,1636128000000,0.00013332
2021-11-06 00:00:00+00:00,2021-11-06 00:00:00+00:00,1636156800000,0.00055608
2021-11-06 04:00:00+00:00,2021-11-06 00:00:00+00:00,1636156800000,0.00055608
2021-11-06 08:00:00+00:00,2021-11-06 08:00:00+00:00,1636185600000,0.00035229
2021-11-06 12:00:00+00:00,2021-11-06 08:00:00+00:00,1636185600000,0.00035229
2021-11-06 16:00:00+00:00,2021-11-06 16:00:00+00:00,1636214400000,0.0001
2021-11-06 20:00:00+00:00,2021-11-06 16:00:00+00:00,1636214400000,0.0001
2021-11-07 00:00:00+00:00,2021-11-07 00:00:00+00:00,1636243200000,0.0001
2021-11-07 04:00:00+00:00,2021-11-07 00:00:00+00:00,1636243200000,0.0001
2021-11-07 08:00:00+00:00,2021-11-07 08:00:00+00:00,1636272000000,0.0001
2021-11-07 12:00:00+00:00,2021-11-07 08:00:00+00:00,1636272000000,0.0001
2021-11-07 16:00:00+00:00,2021-11-07 16:00:00+00:00,1636300800000,0.0001
2021-11-07 20:00:00+00:00,2021-11-07 16:00:00+00:00,1636300800000,0.0001
2021-11-08 00:00:00+00:00,2021-11-08 00:00:00+00:00,1636329600000,0.00028606
2021-11-08 04:00:00+00:00,2021-11-08 00:00:00+00:00,1636329600000,0.00028606
2021-11-08 08:00:00+00:00,2021-11-08 08:00:00+00:00,1636358400000,0.00066524
2021-11-08 12:00:00+00:00,2021-11-08 08:00:00+00:00,1636358400000,0.00066524
2021-11-08 16:00:00+00:00,2021-11-08 16:00:00+00:00,1636387200000,0.00127894
2021-11-08 20:00:00+00:00,2021-11-08 16:00:00+00:00,1636387200000,0.00127894
2021-11-09 00:00:00+00:00,2021-11-09 00:00:00+00:00,1636416000000,0.00175582
2021-11-09 04:00:00+00:00,2021-11-09 00:00:00+00:00,1636416000000,0.00175582
2021-11-09 08:00:00+00:00,2021-11-09 08:00:00+00:00,1636444800000,0.00151668
2021-11-09 12:00:00+00:00,2021-11-09 08:00:00+00:00,1636444800000,0.00151668
2021-11-09 16:00:00+00:00,2021-11-09 16:00:00+00:00,1636473600000,0.00154603
2021-11-09 20:00:00+00:00,2021-11-09 16:00:00+00:00,1636473600000,0.00154603
2021-11-10 00:00:00+00:00,2021-11-10 00:00:00+00:00,1636502400000,0.00156253
2021-11-10 04:00:00+00:00,2021-11-10 00:00:00+00:00,1636502400000,0.00156253
2021-11-10 08:00:00+00:00,2021-11-10 08:00:00+00:00,1636531200000,0.00160517
2021-11-10 12:00:00+00:00,2021-11-10 08:00:00+00:00,1636531200000,0.00160517
2021-11-10 16:00:00+00:00,2021-11-10 16:00:00+00:00,1636560000000,0.00151083
2021-11-10 20:00:00+00:00,2021-11-10 16:00:00+00:00,1636560000000,0.00151083
2021-11-11 00:00:00+00:00,2021-11-11 00:00:00+00:00,1636588800000,0.00156541
2021-11-11 04:00:00+00:00,2021-11-11 00:00:00+00:00,1636588800000,0.00156541
2021-11-11 08:00:00+00:00,2021-11-11 08:00:00+00:00,1636617600000,0.00139312
2021-11-11 12:00:00+00:00,2021-11-11 08:00:00+00:00,1636617600000,0.00139312
2021-11-11 16:00:00+00:00,2021-11-11 16:00:00+00:00,1636646400000,0.00090238
2021-11-11 20:00:00+00:00,2021-11-11 16:00:00+00:00,1636646400000,0.00090238
2021-11-12 00:00:00+00:00,2021-11-12 00:00:00+00:00,1636675200000,0.00085374
2021-11-12 04:00:00+00:00,2021-11-12 00:00:00+00:00,1636675200000,0.00085374
2021-11-12 08:00:00+00:00,2021-11-12 08:00:00+00:00,1636704000000,0.00075106
2021-11-12 12:00:00+00:00,2021-11-12 08:00:00+00:00,1636704000000,0.00075106
2021-11-12 16:00:00+00:00,2021-11-12 16:00:00+00:00,1636732800000,0.00053639
2021-11-12 20:00:00+00:00,2021-11-12 16:00:00+00:00,1636732800000,0.00053639
2021-11-13 00:00:00+00:00,2021-11-13 00:00:00+00:00,1636761600000,0.00047475
2021-11-13 04:00:00+00:00,2021-11-13 00:00:00+00:00,1636761600000,0.00047475
2021-11-13 08:00:00+00:00,2021-11-13 08:00:00+00:00,1636790400000,0.0002511
2021-11-13 12:00:00+00:00,2021-11-13 08:00:00+00:00,1636790400000,0.0002511
2021-11-13 16:00:00+00:00,2021-11-13 16:00:00+00:00,1636819200000,0.00034888
2021-11-13 20:00:00+00:00,2021-11-13 16:00:00+00:00,1636819200000,0.00034888
2021-11-14 00:00:00+00:00,2021-11-14 00:00:00+00:00,1636848000000,0.00015317
2021-11-14 04:00:00+00:00,2021-11-14 00:00:00+00:00,1636848000000,0.00015317
2021-11-14 08:00:00+00:00,2021-11-14 08:00:00+00:00,1636876800000,0.0001
2021-11-14 12:00:00+00:00,2021-11-14 08:00:00+00:00,1636876800000,0.0001
2021-11-14 16:00:00+00:00,2021-11-14 16:00:00+00:00,1636905600000,0.00015472
2021-11-14 20:00:00+00:00,2021-11-14 16:00:00+00:00,1636905600000,0.00015472
2021-11-15 00:00:00+00:00,2021-11-15 00:00:00+00:00,1636934400000,0.0001
2021-11-15 04:00:00+00:00,2021-11-15 00:00:00+00:00,1636934400000,0.0001
2021-11-15 08:00:00+00:00,2021-11-15 08:00:00+00:00,1636963200000,0.0001
2021-11-15 12:00:00+00:00,2021-11-15 08:00:00+00:00,1636963200000,0.0001
2021-11-15 16:00:00+00:00,2021-11-15 16:00:00+00:00,1636992000000,0.0001
2021-11-15 20:00:00+00:00,2021-11-15 16:00:00+00:00,1636992000000,0.0001
2021-11-16 00:00:00+00:00,2021-11-16 00:00:00+00:00,1637020800000,0.0001
2021-11-16 04:00:00+00:00,2021-11-16 00:00:00+00:00,1637020800000,0.0001
2021-11-16 08:00:00+00:00,2021-11-16 08:00:00+00:00,1637049600000,0.0001
2021-11-16 12:00:00+00:00,2021-11-16 08:00:00+00:00,1637049600000,0.0001
2021-11-16 16:00:00+00:00,2021-11-16 16:00:00+00:00,1637078400000,0.0001
2021-11-16 20:00:00+00:00,2021-11-16 16:00:00+00:00,1637078400000,0.0001
2021-11-17 00:00:00+00:00,2021-11-17 00:00:00+00:00,1637107200000,0.0001
2021-11-17 04:00:00+00:00,2021-11-17 00:00:00+00:00,1637107200000,0.0001
2021-11-17 08:00:00+00:00,2021-11-17 08:00:00+00:00,1637136000000,0.0001
2021-11-17 12:00:00+00:00,2021-11-17 08:00:00+00:00,1637136000000,0.0001
2021-11-17 16:00:00+00:00,2021-11-17 16:00:00+00:00,1637164800000,0.0001
2021-11-17 20:00:00+00:00,2021-11-17 16:00:00+00:00,1637164800000,0.0001
2021-11-18 00:00:00+00:00,2021-11-18 00:00:00+00:00,1637193600000,0.0001
2021-11-18 04:00:00+00:00,2021-11-18 00:00:00+00:00,1637193600000,0.0001
2021-11-18 08:00:00+00:00,2021-11-18 08:00:00+00:00,1637222400000,0.0001
2021-11-18 12:00:00+00:00,2021-11-18 08:00:00+00:00,1637222400000,0.0001
2021-11-18 16:00:00+00:00,2021-11-18 16:00:00+00:00,1637251200000,0.0001
2021-11-18 20:00:00+00:00,2021-11-18 16:00:00+00:00,1637251200000,0.0001
2021-11-19 00:00:00+00:00,2021-11-19 00:00:00+00:00,1637280000000,0.0001
2021-11-19 04:00:00+00:00,2021-11-19 00:00:00+00:00,1637280000000,0.0001
2021-11-19 08:00:00+00:00,2021-11-19 08:00:00+00:00,1637308800000,0.0001
2021-11-19 12:00:00+00:00,2021-11-19 08:00:00+00:00,1637308800000,0.0001
2021-11-19 16:00:00+00:00,2021-11-19 16:00:00+00:00,1637337600000,0.0001
2021-11-19 20:00:00+00:00,2021-11-19 16:00:00+00:00,1637337600000,0.0001
2021-11-20 00:00:00+00:00,2021-11-20 00:00:00+00:00,1637366400000,0.0001
2021-11-20 04:00:00+00:00,2021-11-20 00:00:00+00:00,1637366400000,0.0001
2021-11-20 08:00:00+00:00,2021-11-20 08:00:00+00:00,1637395200000,0.0001
2021-11-20 12:00:00+00:00,2021-11-20 08:00:00+00:00,1637395200000,0.0001
2021-11-20 16:00:00+00:00,2021-11-20 16:00:00+00:00,1637424000000,0.0001
2021-11-20 20:00:00+00:00,2021-11-20 16:00:00+00:00,1637424000000,0.0001
2021-11-21 00:00:00+00:00,2021-11-21 00:00:00+00:00,1637452800000,0.0001
2021-11-21 04:00:00+00:00,2021-11-21 00:00:00+00:00,1637452800000,0.0001
2021-11-21 08:00:00+00:00,2021-11-21 08:00:00+00:00,1637481600000,0.0001
2021-11-21 12:00:00+00:00,2021-11-21 08:00:00+00:00,1637481600000,0.0001
2021-11-21 16:00:00+00:00,2021-11-21 16:00:00+00:00,1637510400000,0.0001
2021-11-21 20:00:00+00:00,2021-11-21 16:00:00+00:00,1637510400000,0.0001
2021-11-22 00:00:00+00:00,2021-11-22 00:00:00+00:00,1637539200000,0.00019444
2021-11-22 04:00:00+00:00,2021-11-22 00:00:00+00:00,1637539200000,0.00019444
2021-11-22 08:00:00+00:00,2021-11-22 08:00:00+00:00,1637568000000,0.0001
2021-11-22 12:00:00+00:00,2021-11-22 08:00:00+00:00,1637568000000,0.0001
2021-11-22 16:00:00+00:00,2021-11-22 16:00:00+00:00,1637596800000,0.0001
2021-11-22 20:00:00+00:00,2021-11-22 16:00:00+00:00,1637596800000,0.0001
2021-11-23 00:00:00+00:00,2021-11-23 00:00:00+00:00,1637625600000,0.0001
2021-11-23 04:00:00+00:00,2021-11-23 00:00:00+00:00,1637625600000,0.0001
2021-11-23 08:00:00+00:00,2021-11-23 08:00:00+00:00,1637654400000,0.0001
2021-11-23 12:00:00+00:00,2021-11-23 08:00:00+00:00,1637654400000,0.0001
2021-11-23 16:00:00+00:00,2021-11-23 16:00:00+00:00,1637683200000,0.0001
2021-11-23 20:00:00+00:00,2021-11-23 16:00:00+00:00,1637683200000,0.0001
2021-11-24 00:00:00+00:00,2021-11-24 00:00:00+00:00,1637712000000,0.0001
2021-11-24 04:00:00+00:00,2021-11-24 00:00:00+00:00,1637712000000,0.0001
2021-11-24 08:00:00+00:00,2021-11-24 08:00:00+00:00,1637740800000,0.0001
2021-11-24 12:00:00+00:00,2021-11-24 08:00:00+00:00,1637740800000,0.0001
2021-11-24 16:00:00+00:00,2021-11-24 16:00:00+00:00,1637769600000,0.0001
2021-11-24 20:00:00+00:00,2021-11-24 16:00:00+00:00,1637769600000,0.0001
2021-11-25 00:00:00+00:00,2021-11-25 00:00:00+00:00,1637798400000,0.00014341
2021-11-25 04:00:00+00:00,2021-11-25 00:00:00+00:00,1637798400000,0.00014341
2021-11-25 08:00:00+00:00,2021-11-25 08:00:00+00:00,1637827200000,0.0001
2021-11-25 12:00:00+00:00,2021-11-25 08:00:00+00:00,1637827200000,0.0001
2021-11-25 16:00:00+00:00,2021-11-25 16:00:00+00:00,1637856000000,0.0001653
2021-11-25 20:00:00+00:00,2021-11-25 16:00:00+00:00,1637856000000,0.0001653
2021-11-26 00:00:00+00:00,2021-11-26 00:00:00+00:00,1637884800000,0.00018761
2021-11-26 04:00:00+00:00,2021-11-26 00:00:00+00:00,1637884800000,0.00018761
2021-11-26 08:00:00+00:00,2021-11-26 08:00:00+00:00,1637913600000,0.00018001
2021-11-26 12:00:00+00:00,2021-11-26 08:00:00+00:00,1637913600000,0.00018001
2021-11-26 16:00:00+00:00,2021-11-26 16:00:00+00:00,1637942400000,0.0005394
2021-11-26 20:00:00+00:00,2021-11-26 16:00:00+00:00,1637942400000,0.0005394
2021-11-27 00:00:00+00:00,2021-11-27 00:00:00+00:00,1637971200000,0.0001
2021-11-27 04:00:00+00:00,2021-11-27 00:00:00+00:00,1637971200000,0.0001
2021-11-27 08:00:00+00:00,2021-11-27 08:00:00+00:00,1638000000000,0.0001
2021-11-27 12:00:00+00:00,2021-11-27 08:00:00+00:00,1638000000000,0.0001
2021-11-27 16:00:00+00:00,2021-11-27 16:00:00+00:00,1638028800000,0.0001
2021-11-27 20:00:00+00:00,2021-11-27 16:00:00+00:00,1638028800000,0.0001
2021-11-28 00:00:00+00:00,2021-11-28 00:00:00+00:00,1638057600000,0.0001
2021-11-28 04:00:00+00:00,2021-11-28 00:00:00+00:00,1638057600000,0.0001
2021-11-28 08:00:00+00:00,2021-11-28 08:00:00+00:00,1638086400000,0.0001
2021-11-28 12:00:00+00:00,2021-11-28 08:00:00+00:00,1638086400000,0.0001
2021-11-28 16:00:00+00:00,2021-11-28 16:00:00+00:00,1638115200000,0.0001
2021-11-28 20:00:00+00:00,2021-11-28 16:00:00+00:00,1638115200000,0.0001
2021-11-29 00:00:00+00:00,2021-11-29 00:00:00+00:00,1638144000000,0.0001
2021-11-29 04:00:00+00:00,2021-11-29 00:00:00+00:00,1638144000000,0.0001
2021-11-29 08:00:00+00:00,2021-11-29 08:00:00+00:00,1638172800000,0.0001
2021-11-29 12:00:00+00:00,2021-11-29 08:00:00+00:00,1638172800000,0.0001
2021-11-29 16:00:00+00:00,2021-11-29 16:00:00+00:00,1638201600000,0.0001
2021-11-29 20:00:00+00:00,2021-11-29 16:00:00+00:00,1638201600000,0.0001
2021-11-30 00:00:00+00:00,2021-11-30 00:00:00+00:00,1638230400000,0.0001
2021-11-30 04:00:00+00:00,2021-11-30 00:00:00+00:00,1638230400000,0.0001
2021-11-30 08:00:00+00:00,2021-11-30 08:00:00+00:00,1638259200000,0.0001
2021-11-30 12:00:00+00:00,2021-11-30 08:00:00+00:00,1638259200000,0.0001
2021-11-30 16:00:00+00:00,2021-11-30 16:00:00+00:00,1638288000000,0.0001
2021-11-30 20:00:00+00:00,2021-11-30 16:00:00+00:00,1638288000000,0.0001
2021-12-01 00:00:00+00:00,2021-12-01 00:00:00+00:00,1638316800000,0.0001
2021-12-01 04:00:00+00:00,2021-12-01 00:00:00+00:00,1638316800000,0.0001
2021-12-01 08:00:00+00:00,2021-12-01 08:00:00+00:00,1638345600000,0.0001
2021-12-01 12:00:00+00:00,2021-12-01 08:00:00+00:00,1638345600000,0.0001
2021-12-01 16:00:00+00:00,2021-12-01 16:00:00+00:00,1638374400000,0.0001
2021-12-01 20:00:00+00:00,2021-12-01 16:00:00+00:00,1638374400000,0.0001
2021-12-02 00:00:00+00:00,2021-12-02 00:00:00+00:00,1638403200000,0.0001
2021-12-02 04:00:00+00:00,2021-12-02 00:00:00+00:00,1638403200000,0.0001
2021-12-02 08:00:00+00:00,2021-12-02 08:00:00+00:00,1638432000000,0.0001
2021-12-02 12:00:00+00:00,2021-12-02 08:00:00+00:00,1638432000000,0.0001
2021-12-02 16:00:00+00:00,2021-12-02 16:00:00+00:00,1638460800000,0.0001
2021-12-02 20:00:00+00:00,2021-12-02 16:00:00+00:00,1638460800000,0.0001
2021-12-03 00:00:00+00:00,2021-12-03 00:00:00+00:00,1638489600000,0.0001
2021-12-03 04:00:00+00:00,2021-12-03 00:00:00+00:00,1638489600000,0.0001
2021-12-03 08:00:00+00:00,2021-12-03 08:00:00+00:00,1638518400000,0.0001
2021-12-03 12:00:00+00:00,2021-12-03 08:00:00+00:00,1638518400000,0.0001
2021-12-03 16:00:00+00:00,2021-12-03 16:00:00+00:00,1638547200000,0.0001
2021-12-03 20:00:00+00:00,2021-12-03 16:00:00+00:00,1638547200000,0.0001
2021-12-04 00:00:00+00:00,2021-12-04 00:00:00+00:00,1638576000000,0.0001
2021-12-04 04:00:00+00:00,2021-12-04 00:00:00+00:00,1638576000000,0.0001
2021-12-04 08:00:00+00:00,2021-12-04 08:00:00+00:00,1638604800000,0.0001
2021-12-04 12:00:00+00:00,2021-12-04 08:00:00+00:00,1638604800000,0.0001
2021-12-04 16:00:00+00:00,2021-12-04 16:00:00+00:00,1638633600000,0.0001
2021-12-04 20:00:00+00:00,2021-12-04 16:00:00+00:00,1638633600000,0.0001
2021-12-05 00:00:00+00:00,2021-12-05 00:00:00+00:00,1638662400000,-0.00016362
2021-12-05 04:00:00+00:00,2021-12-05 00:00:00+00:00,1638662400000,-0.00016362
2021-12-05 08:00:00+00:00,2021-12-05 08:00:00+00:00,1638691200000,4.644e-05
2021-12-05 12:00:00+00:00,2021-12-05 08:00:00+00:00,1638691200000,4.644e-05
2021-12-05 16:00:00+00:00,2021-12-05 16:00:00+00:00,1638720000000,0.0001
2021-12-05 20:00:00+00:00,2021-12-05 16:00:00+00:00,1638720000000,0.0001
2021-12-06 00:00:00+00:00,2021-12-06 00:00:00+00:00,1638748800000,0.0001
2021-12-06 04:00:00+00:00,2021-12-06 00:00:00+00:00,1638748800000,0.0001
2021-12-06 08:00:00+00:00,2021-12-06 08:00:00+00:00,1638777600000,0.0001
2021-12-06 12:00:00+00:00,2021-12-06 08:00:00+00:00,1638777600000,0.0001
2021-12-06 16:00:00+00:00,2021-12-06 16:00:00+00:00,1638806400000,0.0001
2021-12-06 20:00:00+00:00,2021-12-06 16:00:00+00:00,1638806400000,0.0001
2021-12-07 00:00:00+00:00,2021-12-07 00:00:00+00:00,1638835200000,0.0001
2021-12-07 04:00:00+00:00,2021-12-07 00:00:00+00:00,1638835200000,0.0001
2021-12-07 08:00:00+00:00,2021-12-07 08:00:00+00:00,1638864000000,0.0001
2021-12-07 12:00:00+00:00,2021-12-07 08:00:00+00:00,1638864000000,0.0001
2021-12-07 16:00:00+00:00,2021-12-07 16:00:00+00:00,1638892800000,8.176e-05
2021-12-07 20:00:00+00:00,2021-12-07 16:00:00+00:00,1638892800000,8.176e-05
2021-12-08 00:00:00+00:00,2021-12-08 00:00:00+00:00,1638921600000,0.0001
2021-12-08 04:00:00+00:00,2021-12-08 00:00:00+00:00,1638921600000,0.0001
2021-12-08 08:00:00+00:00,2021-12-08 08:00:00+00:00,1638950400000,0.0001
2021-12-08 12:00:00+00:00,2021-12-08 08:00:00+00:00,1638950400000,0.0001
2021-12-08 16:00:00+00:00,2021-12-08 16:00:00+00:00,1638979200000,0.0001
2021-12-08 20:00:00+00:00,2021-12-08 16:00:00+00:00,1638979200000,0.0001
2021-12-09 00:00:00+00:00,2021-12-09 00:00:00+00:00,1639008000000,0.0001
2021-12-09 04:00:00+00:00,2021-12-09 00:00:00+00:00,1639008000000,0.0001
2021-12-09 08:00:00+00:00,2021-12-09 08:00:00+00:00,1639036800000,0.0001
2021-12-09 12:00:00+00:00,2021-12-09 08:00:00+00:00,1639036800000,0.0001
2021-12-09 16:00:00+00:00,2021-12-09 16:00:00+00:00,1639065600000,0.0001
2021-12-09 20:00:00+00:00,2021-12-09 16:00:00+00:00,1639065600000,0.0001
2021-12-10 00:00:00+00:00,2021-12-10 00:00:00+00:00,1639094400000,0.0001
2021-12-10 04:00:00+00:00,2021-12-10 00:00:00+00:00,1639094400000,0.0001
2021-12-10 08:00:00+00:00,2021-12-10 08:00:00+00:00,1639123200000,0.0001
2021-12-10 12:00:00+00:00,2021-12-10 08:00:00+00:00,1639123200000,0.0001
2021-12-10 16:00:00+00:00,2021-12-10 16:00:00+00:00,1639152000000,0.0001
2021-12-10 20:00:00+00:00,2021-12-10 16:00:00+00:00,1639152000000,0.0001
2021-12-11 00:00:00+00:00,2021-12-11 00:00:00+00:00,1639180800000,0.0001
2021-12-11 04:00:00+00:00,2021-12-11 00:00:00+00:00,1639180800000,0.0001
2021-12-11 08:00:00+00:00,2021-12-11 08:00:00+00:00,1639209600000,0.0001
2021-12-11 12:00:00+00:00,2021-12-11 08:00:00+00:00,1639209600000,0.0001
2021-12-11 16:00:00+00:00,2021-12-11 16:00:00+00:00,1639238400000,0.0001
2021-12-11 20:00:00+00:00,2021-12-11 16:00:00+00:00,1639238400000,0.0001
2021-12-12 00:00:00+00:00,2021-12-12 00:00:00+00:00,1639267200000,0.0001
2021-12-12 04:00:00+00:00,2021-12-12 00:00:00+00:00,1639267200000,0.0001
2021-12-12 08:00:00+00:00,2021-12-12 08:00:00+00:00,1639296000000,0.0001
2021-12-12 12:00:00+00:00,2021-12-12 08:00:00+00:00,1639296000000,0.0001
2021-12-12 16:00:00+00:00,2021-12-12 16:00:00+00:00,1639324800000,0.0001
2021-12-12 20:00:00+00:00,2021-12-12 16:00:00+00:00,1639324800000,0.0001
2021-12-13 00:00:00+00:00,2021-12-13 00:00:00+00:00,1639353600000,0.0001
2021-12-13 04:00:00+00:00,2021-12-13 00:00:00+00:00,1639353600000,0.0001
2021-12-13 08:00:00+00:00,2021-12-13 08:00:00+00:00,1639382400000,0.0001
2021-12-13 12:00:00+00:00,2021-12-13 08:00:00+00:00,1639382400000,0.0001
2021-12-13 16:00:00+00:00,2021-12-13 16:00:00+00:00,1639411200000,0.0001
2021-12-13 20:00:00+00:00,2021-12-13 16:00:00+00:00,1639411200000,0.0001
2021-12-14 00:00:00+00:00,2021-12-14 00:00:00+00:00,1639440000000,0.0001
2021-12-14 04:00:00+00:00,2021-12-14 00:00:00+00:00,1639440000000,0.0001
2021-12-14 08:00:00+00:00,2021-12-14 08:00:00+00:00,1639468800000,6.509e-05
2021-12-14 12:00:00+00:00,2021-12-14 08:00:00+00:00,1639468800000,6.509e-05
2021-12-14 16:00:00+00:00,2021-12-14 16:00:00+00:00,1639497600000,0.0001
2021-12-14 20:00:00+00:00,2021-12-14 16:00:00+00:00,1639497600000,0.0001
2021-12-15 00:00:00+00:00,2021-12-15 00:00:00+00:00,1639526400000,0.0001
2021-12-15 04:00:00+00:00,2021-12-15 00:00:00+00:00,1639526400000,0.0001
2021-12-15 08:00:00+00:00,2021-12-15 08:00:00+00:00,1639555200000,0.0001
2021-12-15 12:00:00+00:00,2021-12-15 08:00:00+00:00,1639555200000,0.0001
2021-12-15 16:00:00+00:00,2021-12-15 16:00:00+00:00,1639584000000,0.0001
2021-12-15 20:00:00+00:00,2021-12-15 16:00:00+00:00,1639584000000,0.0001
2021-12-16 00:00:00+00:00,2021-12-16 00:00:00+00:00,1639612800000,0.0001
2021-12-16 04:00:00+00:00,2021-12-16 00:00:00+00:00,1639612800000,0.0001
2021-12-16 08:00:00+00:00,2021-12-16 08:00:00+00:00,1639641600000,0.0001
2021-12-16 12:00:00+00:00,2021-12-16 08:00:00+00:00,1639641600000,0.0001
2021-12-16 16:00:00+00:00,2021-12-16 16:00:00+00:00,1639670400000,0.0001
2021-12-16 20:00:00+00:00,2021-12-16 16:00:00+00:00,1639670400000,0.0001
2021-12-17 00:00:00+00:00,2021-12-17 00:00:00+00:00,1639699200000,-2.746e-05
2021-12-17 04:00:00+00:00,2021-12-17 00:00:00+00:00,1639699200000,-2.746e-05
2021-12-17 08:00:00+00:00,2021-12-17 08:00:00+00:00,1639728000000,0.0001
2021-12-17 12:00:00+00:00,2021-12-17 08:00:00+00:00,1639728000000,0.0001
2021-12-17 16:00:00+00:00,2021-12-17 16:00:00+00:00,1639756800000,0.0001
2021-12-17 20:00:00+00:00,2021-12-17 16:00:00+00:00,1639756800000,0.0001
2021-12-18 00:00:00+00:00,2021-12-18 00:00:00+00:00,1639785600000,0.0001
2021-12-18 04:00:00+00:00,2021-12-18 00:00:00+00:00,1639785600000,0.0001
2021-12-18 08:00:00+00:00,2021-12-18 08:00:00+00:00,1639814400000,0.0001
2021-12-18 12:00:00+00:00,2021-12-18 08:00:00+00:00,1639814400000,0.0001
2021-12-18 16:00:00+00:00,2021-12-18 16:00:00+00:00,1639843200000,0.0001
2021-12-18 20:00:00+00:00,2021-12-18 16:00:00+00:00,1639843200000,0.0001
2021-12-19 00:00:00+00:00,2021-12-19 00:00:00+00:00,1639872000000,0.0001
2021-12-19 04:00:00+00:00,2021-12-19 00:00:00+00:00,1639872000000,0.0001
2021-12-19 08:00:00+00:00,2021-12-19 08:00:00+00:00,1639900800000,6.191e-05
2021-12-19 12:00:00+00:00,2021-12-19 08:00:00+00:00,1639900800000,6.191e-05
2021-12-19 16:00:00+00:00,2021-12-19 16:00:00+00:00,1639929600000,6.211e-05
2021-12-19 20:00:00+00:00,2021-12-19 16:00:00+00:00,1639929600000,6.211e-05
2021-12-20 00:00:00+00:00,2021-12-20 00:00:00+00:00,1639958400000,0.0001
2021-12-20 04:00:00+00:00,2021-12-20 00:00:00+00:00,1639958400000,0.0001
2021-12-20 08:00:00+00:00,2021-12-20 08:00:00+00:00,1639987200000,0.0001
2021-12-20 12:00:00+00:00,2021-12-20 08:00:00+00:00,1639987200000,0.0001
2021-12-20 16:00:00+00:00,2021-12-20 16:00:00+00:00,1640016000000,0.0001
2021-12-20 20:00:00+00:00,2021-12-20 16:00:00+00:00,1640016000000,0.0001
2021-12-21 00:00:00+00:00,2021-12-21 00:00:00+00:00,1640044800000,0.0001
2021-12-21 04:00:00+00:00,2021-12-21 00:00:00+00:00,1640044800000,0.0001
2021-12-21 08:00:00+00:00,2021-12-21 08:00:00+00:00,1640073600000,0.0001
2021-12-21 12:00:00+00:00,2021-12-21 08:00:00+00:00,1640073600000,0.0001
2021-12-21 16:00:00+00:00,2021-12-21 16:00:00+00:00,1640102400000,0.0001
2021-12-21 20:00:00+00:00,2021-12-21 16:00:00+00:00,1640102400000,0.0001
2021-12-22 00:00:00+00:00,2021-12-22 00:00:00+00:00,1640131200000,0.0001
2021-12-22 04:00:00+00:00,2021-12-22 00:00:00+00:00,1640131200000,0.0001
2021-12-22 08:00:00+00:00,2021-12-22 08:00:00+00:00,1640160000000,0.0001
2021-12-22 12:00:00+00:00,2021-12-22 08:00:00+00:00,1640160000000,0.0001
2021-12-22 16:00:00+00:00,2021-12-22 16:00:00+00:00,1640188800000,0.0001
2021-12-22 20:00:00+00:00,2021-12-22 16:00:00+00:00,1640188800000,0.0001
2021-12-23 00:00:00+00:00,2021-12-23 00:00:00+00:00,1640217600000,0.0001
2021-12-23 04:00:00+00:00,2021-12-23 00:00:00+00:00,1640217600000,0.0001
2021-12-23 08:00:00+00:00,2021-12-23 08:00:00+00:00,1640246400000,0.0001
2021-12-23 12:00:00+00:00,2021-12-23 08:00:00+00:00,1640246400000,0.0001
2021-12-23 16:00:00+00:00,2021-12-23 16:00:00+00:00,1640275200000,0.0001
2021-12-23 20:00:00+00:00,2021-12-23 16:00:00+00:00,1640275200000,0.0001
2021-12-24 00:00:00+00:00,2021-12-24 00:00:00+00:00,1640304000000,0.0001
2021-12-24 04:00:00+00:00,2021-12-24 00:00:00+00:00,1640304000000,0.0001
2021-12-24 08:00:00+00:00,2021-12-24 08:00:00+00:00,1640332800000,0.0001
2021-12-24 12:00:00+00:00,2021-12-24 08:00:00+00:00,1640332800000,0.0001
2021-12-24 16:00:00+00:00,2021-12-24 16:00:00+00:00,1640361600000,0.00048534
2021-12-24 20:00:00+00:00,2021-12-24 16:00:00+00:00,1640361600000,0.00048534
2021-12-25 00:00:00+00:00,2021-12-25 00:00:00+00:00,1640390400000,0.00040256
2021-12-25 04:00:00+00:00,2021-12-25 00:00:00+00:00,1640390400000,0.00040256
2021-12-25 08:00:00+00:00,2021-12-25 08:00:00+00:00,1640419200000,0.0001
2021-12-25 12:00:00+00:00,2021-12-25 08:00:00+00:00,1640419200000,0.0001
2021-12-25 16:00:00+00:00,2021-12-25 16:00:00+00:00,1640448000000,0.0001
2021-12-25 20:00:00+00:00,2021-12-25 16:00:00+00:00,1640448000000,0.0001
2021-12-26 00:00:00+00:00,2021-12-26 00:00:00+00:00,1640476800000,0.0001
2021-12-26 04:00:00+00:00,2021-12-26 00:00:00+00:00,1640476800000,0.0001
2021-12-26 08:00:00+00:00,2021-12-26 08:00:00+00:00,1640505600000,0.0001
2021-12-26 12:00:00+00:00,2021-12-26 08:00:00+00:00,1640505600000,0.0001
2021-12-26 16:00:00+00:00,2021-12-26 16:00:00+00:00,1640534400000,0.0001
2021-12-26 20:00:00+00:00,2021-12-26 16:00:00+00:00,1640534400000,0.0001
2021-12-27 00:00:00+00:00,2021-12-27 00:00:00+00:00,1640563200000,0.0001
2021-12-27 04:00:00+00:00,2021-12-27 00:00:00+00:00,1640563200000,0.0001
2021-12-27 08:00:00+00:00,2021-12-27 08:00:00+00:00,1640592000000,0.0001
2021-12-27 12:00:00+00:00,2021-12-27 08:00:00+00:00,1640592000000,0.0001
2021-12-27 16:00:00+00:00,2021-12-27 16:00:00+00:00,1640620800000,0.0001
2021-12-27 20:00:00+00:00,2021-12-27 16:00:00+00:00,1640620800000,0.0001
2021-12-28 00:00:00+00:00,2021-12-28 00:00:00+00:00,1640649600000,0.0001
2021-12-28 04:00:00+00:00,2021-12-28 00:00:00+00:00,1640649600000,0.0001
2021-12-28 08:00:00+00:00,2021-12-28 08:00:00+00:00,1640678400000,0.0001
2021-12-28 12:00:00+00:00,2021-12-28 08:00:00+00:00,1640678400000,0.0001
2021-12-28 16:00:00+00:00,2021-12-28 16:00:00+00:00,1640707200000,0.00030672
2021-12-28 20:00:00+00:00,2021-12-28 16:00:00+00:00,1640707200000,0.00030672
2021-12-29 00:00:00+00:00,2021-12-29 00:00:00+00:00,1640736000000,0.00027907
2021-12-29 04:00:00+00:00,2021-12-29 00:00:00+00:00,1640736000000,0.00027907
2021-12-29 08:00:00+00:00,2021-12-29 08:00:00+00:00,1640764800000,0.0001
2021-12-29 12:00:00+00:00,2021-12-29 08:00:00+00:00,1640764800000,0.0001
2021-12-29 16:00:00+00:00,2021-12-29 16:00:00+00:00,1640793600000,0.0001
2021-12-29 20:00:00+00:00,2021-12-29 16:00:00+00:00,1640793600000,0.0001
2021-12-30 00:00:00+00:00,2021-12-30 00:00:00+00:00,1640822400000,0.0001
2021-12-30 04:00:00+00:00,2021-12-30 00:00:00+00:00,1640822400000,0.0001
2021-12-30 08:00:00+00:00,2021-12-30 08:00:00+00:00,1640851200000,0.0001
2021-12-30 12:00:00+00:00,2021-12-30 08:00:00+00:00,1640851200000,0.0001
2021-12-30 16:00:00+00:00,2021-12-30 16:00:00+00:00,1640880000000,0.0001
2021-12-30 20:00:00+00:00,2021-12-30 16:00:00+00:00,1640880000000,0.0001
2021-12-31 00:00:00+00:00,2021-12-31 00:00:00+00:00,1640908800000,0.0001
2021-12-31 04:00:00+00:00,2021-12-31 00:00:00+00:00,1640908800000,0.0001
2021-12-31 08:00:00+00:00,2021-12-31 08:00:00+00:00,1640937600000,0.0001
2021-12-31 12:00:00+00:00,2021-12-31 08:00:00+00:00,1640937600000,0.0001
2021-12-31 16:00:00+00:00,2021-12-31 16:00:00+00:00,1640966400000,0.0001
2021-12-31 20:00:00+00:00,2021-12-31 16:00:00+00:00,1640966400000,0.0001
2022-01-01 00:00:00+00:00,2022-01-01 00:00:00+00:00,1640995200000,0.0001
2022-01-01 04:00:00+00:00,2022-01-01 00:00:00+00:00,1640995200000,0.0001
2022-01-01 08:00:00+00:00,2022-01-01 08:00:00+00:00,1641024000000,0.0001
2022-01-01 12:00:00+00:00,2022-01-01 08:00:00+00:00,1641024000000,0.0001
2022-01-01 16:00:00+00:00,2022-01-01 16:00:00+00:00,1641052800000,0.0001
2022-01-01 20:00:00+00:00,2022-01-01 16:00:00+00:00,1641052800000,0.0001
2022-01-02 00:00:00+00:00,2022-01-02 00:00:00+00:00,1641081600000,0.0001
2022-01-02 04:00:00+00:00,2022-01-02 00:00:00+00:00,1641081600000,0.0001
2022-01-02 08:00:00+00:00,2022-01-02 08:00:00+00:00,1641110400000,0.0001
2022-01-02 12:00:00+00:00,2022-01-02 08:00:00+00:00,1641110400000,0.0001
2022-01-02 16:00:00+00:00,2022-01-02 16:00:00+00:00,1641139200000,0.0001
2022-01-02 20:00:00+00:00,2022-01-02 16:00:00+00:00,1641139200000,0.0001
2022-01-03 00:00:00+00:00,2022-01-03 00:00:00+00:00,1641168000000,0.0001
2022-01-03 04:00:00+00:00,2022-01-03 00:00:00+00:00,1641168000000,0.0001
2022-01-03 08:00:00+00:00,2022-01-03 08:00:00+00:00,1641196800000,0.0001
2022-01-03 12:00:00+00:00,2022-01-03 08:00:00+00:00,1641196800000,0.0001
2022-01-03 16:00:00+00:00,2022-01-03 16:00:00+00:00,1641225600000,0.0001
2022-01-03 20:00:00+00:00,2022-01-03 16:00:00+00:00,1641225600000,0.0001
2022-01-04 00:00:00+00:00,2022-01-04 00:00:00+00:00,1641254400000,0.0001
2022-01-04 04:00:00+00:00,2022-01-04 00:00:00+00:00,1641254400000,0.0001
2022-01-04 08:00:00+00:00,2022-01-04 08:00:00+00:00,1641283200000,0.00018624
2022-01-04 12:00:00+00:00,2022-01-04 08:00:00+00:00,1641283200000,0.00018624
2022-01-04 16:00:00+00:00,2022-01-04 16:00:00+00:00,1641312000000,0.00020764
2022-01-04 20:00:00+00:00,2022-01-04 16:00:00+00:00,1641312000000,0.00020764
2022-01-05 00:00:00+00:00,2022-01-05 00:00:00+00:00,1641340800000,0.0001
2022-01-05 04:00:00+00:00,2022-01-05 00:00:00+00:00,1641340800000,0.0001
2022-01-05 08:00:00+00:00,2022-01-05 08:00:00+00:00,1641369600000,0.0001
2022-01-05 12:00:00+00:00,2022-01-05 08:00:00+00:00,1641369600000,0.0001
2022-01-05 16:00:00+00:00,2022-01-05 16:00:00+00:00,1641398400000,0.0001
2022-01-05 20:00:00+00:00,2022-01-05 16:00:00+00:00,1641398400000,0.0001
2022-01-06 00:00:00+00:00,2022-01-06 00:00:00+00:00,1641427200000,0.00010855
2022-01-06 04:00:00+00:00,2022-01-06 00:00:00+00:00,1641427200000,0.00010855
2022-01-06 08:00:00+00:00,2022-01-06 08:00:00+00:00,1641456000000,0.0001
2022-01-06 12:00:00+00:00,2022-01-06 08:00:00+00:00,1641456000000,0.0001
2022-01-06 16:00:00+00:00,2022-01-06 16:00:00+00:00,1641484800000,0.0001
2022-01-06 20:00:00+00:00,2022-01-06 16:00:00+00:00,1641484800000,0.0001
2022-01-07 00:00:00+00:00,2022-01-07 00:00:00+00:00,1641513600000,0.0001
2022-01-07 04:00:00+00:00,2022-01-07 00:00:00+00:00,1641513600000,0.0001
2022-01-07 08:00:00+00:00,2022-01-07 08:00:00+00:00,1641542400000,0.0001
2022-01-07 12:00:00+00:00,2022-01-07 08:00:00+00:00,1641542400000,0.0001
2022-01-07 16:00:00+00:00,2022-01-07 16:00:00+00:00,1641571200000,0.0001
2022-01-07 20:00:00+00:00,2022-01-07 16:00:00+00:00,1641571200000,0.0001
2022-01-08 00:00:00+00:00,2022-01-08 00:00:00+00:00,1641600000000,0.0001
2022-01-08 04:00:00+00:00,2022-01-08 00:00:00+00:00,1641600000000,0.0001
2022-01-08 08:00:00+00:00,2022-01-08 08:00:00+00:00,1641628800000,0.0001
2022-01-08 12:00:00+00:00,2022-01-08 08:00:00+00:00,1641628800000,0.0001
2022-01-08 16:00:00+00:00,2022-01-08 16:00:00+00:00,1641657600000,0.0001
2022-01-08 20:00:00+00:00,2022-01-08 16:00:00+00:00,1641657600000,0.0001
2022-01-09 00:00:00+00:00,2022-01-09 00:00:00+00:00,1641686400000,0.0001
2022-01-09 04:00:00+00:00,2022-01-09 00:00:00+00:00,1641686400000,0.0001
2022-01-09 08:00:00+00:00,2022-01-09 08:00:00+00:00,1641715200000,0.0001
2022-01-09 12:00:00+00:00,2022-01-09 08:00:00+00:00,1641715200000,0.0001
2022-01-09 16:00:00+00:00,2022-01-09 16:00:00+00:00,1641744000000,0.0001
2022-01-09 20:00:00+00:00,2022-01-09 16:00:00+00:00,1641744000000,0.0001
2022-01-10 00:00:00+00:00,2022-01-10 00:00:00+00:00,1641772800000,0.0001
2022-01-10 04:00:00+00:00,2022-01-10 00:00:00+00:00,1641772800000,0.0001
2022-01-10 08:00:00+00:00,2022-01-10 08:00:00+00:00,1641801600000,0.0001
2022-01-10 12:00:00+00:00,2022-01-10 08:00:00+00:00,1641801600000,0.0001
2022-01-10 16:00:00+00:00,2022-01-10 16:00:00+00:00,1641830400000,0.0001
2022-01-10 20:00:00+00:00,2022-01-10 16:00:00+00:00,1641830400000,0.0001
2022-01-11 00:00:00+00:00,2022-01-11 00:00:00+00:00,1641859200000,0.0001
2022-01-11 04:00:00+00:00,2022-01-11 00:00:00+00:00,1641859200000,0.0001
2022-01-11 08:00:00+00:00,2022-01-11 08:00:00+00:00,1641888000000,0.0001
2022-01-11 12:00:00+00:00,2022-01-11 08:00:00+00:00,1641888000000,0.0001
2022-01-11 16:00:00+00:00,2022-01-11 16:00:00+00:00,1641916800000,0.0001
2022-01-11 20:00:00+00:00,2022-01-11 16:00:00+00:00,1641916800000,0.0001
2022-01-12 00:00:00+00:00,2022-01-12 00:00:00+00:00,1641945600000,0.0001
2022-01-12 04:00:00+00:00,2022-01-12 00:00:00+00:00,1641945600000,0.0001
2022-01-12 08:00:00+00:00,2022-01-12 08:00:00+00:00,1641974400000,0.0001
2022-01-12 12:00:00+00:00,2022-01-12 08:00:00+00:00,1641974400000,0.0001
2022-01-12 16:00:00+00:00,2022-01-12 16:00:00+00:00,1642003200000,0.0001
2022-01-12 20:00:00+00:00,2022-01-12 16:00:00+00:00,1642003200000,0.0001
2022-01-13 00:00:00+00:00,2022-01-13 00:00:00+00:00,1642032000000,0.0001
2022-01-13 04:00:00+00:00,2022-01-13 00:00:00+00:00,1642032000000,0.0001
2022-01-13 08:00:00+00:00,2022-01-13 08:00:00+00:00,1642060800000,0.0001
2022-01-13 12:00:00+00:00,2022-01-13 08:00:00+00:00,1642060800000,0.0001
2022-01-13 16:00:00+00:00,2022-01-13 16:00:00+00:00,1642089600000,0.0001
2022-01-13 20:00:00+00:00,2022-01-13 16:00:00+00:00,1642089600000,0.0001
2022-01-14 00:00:00+00:00,2022-01-14 00:00:00+00:00,1642118400000,0.0001
2022-01-14 04:00:00+00:00,2022-01-14 00:00:00+00:00,1642118400000,0.0001
2022-01-14 08:00:00+00:00,2022-01-14 08:00:00+00:00,1642147200000,0.0001
2022-01-14 12:00:00+00:00,2022-01-14 08:00:00+00:00,1642147200000,0.0001
2022-01-14 16:00:00+00:00,2022-01-14 16:00:00+00:00,1642176000000,0.0001
2022-01-14 20:00:00+00:00,2022-01-14 16:00:00+00:00,1642176000000,0.0001
2022-01-15 00:00:00+00:00,2022-01-15 00:00:00+00:00,1642204800000,0.0001
2022-01-15 04:00:00+00:00,2022-01-15 00:00:00+00:00,1642204800000,0.0001
2022-01-15 08:00:00+00:00,2022-01-15 08:00:00+00:00,1642233600000,0.0001
2022-01-15 12:00:00+00:00,2022-01-15 08:00:00+00:00,1642233600000,0.0001
2022-01-15 16:00:00+00:00,2022-01-15 16:00:00+00:00,1642262400000,0.0001
2022-01-15 20:00:00+00:00,2022-01-15 16:00:00+00:00,1642262400000,0.0001
2022-01-16 00:00:00+00:00,2022-01-16 00:00:00+00:00,1642291200000,0.0001
2022-01-16 04:00:00+00:00,2022-01-16 00:00:00+00:00,1642291200000,0.0001
2022-01-16 08:00:00+00:00,2022-01-16 08:00:00+00:00,1642320000000,0.0001
2022-01-16 12:00:00+00:00,2022-01-16 08:00:00+00:00,1642320000000,0.0001
2022-01-16 16:00:00+00:00,2022-01-16 16:00:00+00:00,1642348800000,0.0001
2022-01-16 20:00:00+00:00,2022-01-16 16:00:00+00:00,1642348800000,0.0001
2022-01-17 00:00:00+00:00,2022-01-17 00:00:00+00:00,1642377600000,0.0001
2022-01-17 04:00:00+00:00,2022-01-17 00:00:00+00:00,1642377600000,0.0001
2022-01-17 08:00:00+00:00,2022-01-17 08:00:00+00:00,1642406400000,0.0001
2022-01-17 12:00:00+00:00,2022-01-17 08:00:00+00:00,1642406400000,0.0001
2022-01-17 16:00:00+00:00,2022-01-17 16:00:00+00:00,1642435200000,0.0001
2022-01-17 20:00:00+00:00,2022-01-17 16:00:00+00:00,1642435200000,0.0001
2022-01-18 00:00:00+00:00,2022-01-18 00:00:00+00:00,1642464000000,0.0001
2022-01-18 04:00:00+00:00,2022-01-18 00:00:00+00:00,1642464000000,0.0001
2022-01-18 08:00:00+00:00,2022-01-18 08:00:00+00:00,1642492800000,0.00011869
2022-01-18 12:00:00+00:00,2022-01-18 08:00:00+00:00,1642492800000,0.00011869
2022-01-18 16:00:00+00:00,2022-01-18 16:00:00+00:00,1642521600000,0.0001
2022-01-18 20:00:00+00:00,2022-01-18 16:00:00+00:00,1642521600000,0.0001
2022-01-19 00:00:00+00:00,2022-01-19 00:00:00+00:00,1642550400000,0.0001
2022-01-19 04:00:00+00:00,2022-01-19 00:00:00+00:00,1642550400000,0.0001
2022-01-19 08:00:00+00:00,2022-01-19 08:00:00+00:00,1642579200000,0.0001
2022-01-19 12:00:00+00:00,2022-01-19 08:00:00+00:00,1642579200000,0.0001
2022-01-19 16:00:00+00:00,2022-01-19 16:00:00+00:00,1642608000000,0.0001
2022-01-19 20:00:00+00:00,2022-01-19 16:00:00+00:00,1642608000000,0.0001
2022-01-20 00:00:00+00:00,2022-01-20 00:00:00+00:00,1642636800000,0.0001
2022-01-20 04:00:00+00:00,2022-01-20 00:00:00+00:00,1642636800000,0.0001
2022-01-20 08:00:00+00:00,2022-01-20 08:00:00+00:00,1642665600000,0.0001
2022-01-20 12:00:00+00:00,2022-01-20 08:00:00+00:00,1642665600000,0.0001
2022-01-20 16:00:00+00:00,2022-01-20 16:00:00+00:00,1642694400000,0.0001
2022-01-20 20:00:00+00:00,2022-01-20 16:00:00+00:00,1642694400000,0.0001
2022-01-21 00:00:00+00:00,2022-01-21 00:00:00+00:00,1642723200000,0.0001
2022-01-21 04:00:00+00:00,2022-01-21 00:00:00+00:00,1642723200000,0.0001
2022-01-21 08:00:00+00:00,2022-01-21 08:00:00+00:00,1642752000000,0.0001
2022-01-21 12:00:00+00:00,2022-01-21 08:00:00+00:00,1642752000000,0.0001
2022-01-21 16:00:00+00:00,2022-01-21 16:00:00+00:00,1642780800000,0.0001
2022-01-21 20:00:00+00:00,2022-01-21 16:00:00+00:00,1642780800000,0.0001
2022-01-22 00:00:00+00:00,2022-01-22 00:00:00+00:00,1642809600000,0.0001
2022-01-22 04:00:00+00:00,2022-01-22 00:00:00+00:00,1642809600000,0.0001
2022-01-22 08:00:00+00:00,2022-01-22 08:00:00+00:00,1642838400000,0.0001
2022-01-22 12:00:00+00:00,2022-01-22 08:00:00+00:00,1642838400000,0.0001
2022-01-22 16:00:00+00:00,2022-01-22 16:00:00+00:00,1642867200000,8.001e-05
2022-01-22 20:00:00+00:00,2022-01-22 16:00:00+00:00,1642867200000,8.001e-05
2022-01-23 00:00:00+00:00,2022-01-23 00:00:00+00:00,1642896000000,-0.00017992
2022-01-23 04:00:00+00:00,2022-01-23 00:00:00+00:00,1642896000000,-0.00017992
2022-01-23 08:00:00+00:00,2022-01-23 08:00:00+00:00,1642924800000,-0.00024044
2022-01-23 12:00:00+00:00,2022-01-23 08:00:00+00:00,1642924800000,-0.00024044
2022-01-23 16:00:00+00:00,2022-01-23 16:00:00+00:00,1642953600000,-0.00011971
2022-01-23 20:00:00+00:00,2022-01-23 16:00:00+00:00,1642953600000,-0.00011971
2022-01-24 00:00:00+00:00,2022-01-24 00:00:00+00:00,1642982400000,6.879e-05
2022-01-24 04:00:00+00:00,2022-01-24 00:00:00+00:00,1642982400000,6.879e-05
2022-01-24 08:00:00+00:00,2022-01-24 08:00:00+00:00,1643011200000,-2.726e-05
2022-01-24 12:00:00+00:00,2022-01-24 08:00:00+00:00,1643011200000,-2.726e-05
2022-01-24 16:00:00+00:00,2022-01-24 16:00:00+00:00,1643040000000,0.0001
2022-01-24 20:00:00+00:00,2022-01-24 16:00:00+00:00,1643040000000,0.0001
2022-01-25 00:00:00+00:00,2022-01-25 00:00:00+00:00,1643068800000,4.683e-05
2022-01-25 04:00:00+00:00,2022-01-25 00:00:00+00:00,1643068800000,4.683e-05
2022-01-25 08:00:00+00:00,2022-01-25 08:00:00+00:00,1643097600000,0.0001
2022-01-25 12:00:00+00:00,2022-01-25 08:00:00+00:00,1643097600000,0.0001
2022-01-25 16:00:00+00:00,2022-01-25 16:00:00+00:00,1643126400000,-0.00014416
2022-01-25 20:00:00+00:00,2022-01-25 16:00:00+00:00,1643126400000,-0.00014416
2022-01-26 00:00:00+00:00,2022-01-26 00:00:00+00:00,1643155200000,-5.952e-05
2022-01-26 04:00:00+00:00,2022-01-26 00:00:00+00:00,1643155200000,-5.952e-05
2022-01-26 08:00:00+00:00,2022-01-26 08:00:00+00:00,1643184000000,-0.00011125
2022-01-26 12:00:00+00:00,2022-01-26 08:00:00+00:00,1643184000000,-0.00011125
2022-01-26 16:00:00+00:00,2022-01-26 16:00:00+00:00,1643212800000,-9.98e-05
2022-01-26 20:00:00+00:00,2022-01-26 16:00:00+00:00,1643212800000,-9.98e-05
2022-01-27 00:00:00+00:00,2022-01-27 00:00:00+00:00,1643241600000,-0.00014602
2022-01-27 04:00:00+00:00,2022-01-27 00:00:00+00:00,1643241600000,-0.00014602
2022-01-27 08:00:00+00:00,2022-01-27 08:00:00+00:00,1643270400000,-5.775e-05
2022-01-27 12:00:00+00:00,2022-01-27 08:00:00+00:00,1643270400000,-5.775e-05
2022-01-27 16:00:00+00:00,2022-01-27 16:00:00+00:00,1643299200000,-0.0001084
2022-01-27 20:00:00+00:00,2022-01-27 16:00:00+00:00,1643299200000,-0.0001084
2022-01-28 00:00:00+00:00,2022-01-28 00:00:00+00:00,1643328000000,8.364e-05
2022-01-28 04:00:00+00:00,2022-01-28 00:00:00+00:00,1643328000000,8.364e-05
2022-01-28 08:00:00+00:00,2022-01-28 08:00:00+00:00,1643356800000,0.0001
2022-01-28 12:00:00+00:00,2022-01-28 08:00:00+00:00,1643356800000,0.0001
2022-01-28 16:00:00+00:00,2022-01-28 16:00:00+00:00,1643385600000,-9.985e-05
2022-01-28 20:00:00+00:00,2022-01-28 16:00:00+00:00,1643385600000,-9.985e-05
2022-01-29 00:00:00+00:00,2022-01-29 00:00:00+00:00,1643414400000,0.0001
2022-01-29 04:00:00+00:00,2022-01-29 00:00:00+00:00,1643414400000,0.0001
2022-01-29 08:00:00+00:00,2022-01-29 08:00:00+00:00,1643443200000,-0.00012995
2022-01-29 12:00:00+00:00,2022-01-29 08:00:00+00:00,1643443200000,-0.00012995
2022-01-29 16:00:00+00:00,2022-01-29 16:00:00+00:00,1643472000000,0.0001
2022-01-29 20:00:00+00:00,2022-01-29 16:00:00+00:00,1643472000000,0.0001
2022-01-30 00:00:00+00:00,2022-01-30 00:00:00+00:00,1643500800000,-5.3e-06
2022-01-30 04:00:00+00:00,2022-01-30 00:00:00+00:00,1643500800000,-5.3e-06
2022-01-30 08:00:00+00:00,2022-01-30 08:00:00+00:00,1643529600000,0.0001
2022-01-30 12:00:00+00:00,2022-01-30 08:00:00+00:00,1643529600000,0.0001
2022-01-30 16:00:00+00:00,2022-01-30 16:00:00+00:00,1643558400000,4.633e-05
2022-01-30 20:00:00+00:00,2022-01-30 16:00:00+00:00,1643558400000,4.633e-05
2022-01-31 00:00:00+00:00,2022-01-31 00:00:00+00:00,1643587200000,0.0001
2022-01-31 04:00:00+00:00,2022-01-31 00:00:00+00:00,1643587200000,0.0001
2022-01-31 08:00:00+00:00,2022-01-31 08:00:00+00:00,1643616000000,-7.366e-05
2022-01-31 12:00:00+00:00,2022-01-31 08:00:00+00:00,1643616000000,-7.366e-05
2022-01-31 16:00:00+00:00,2022-01-31 16:00:00+00:00,1643644800000,0.0001
2022-01-31 20:00:00+00:00,2022-01-31 16:00:00+00:00,1643644800000,0.0001
2022-02-01 00:00:00+00:00,2022-02-01 00:00:00+00:00,1643673600000,4.233e-05
2022-02-01 04:00:00+00:00,2022-02-01 00:00:00+00:00,1643673600000,4.233e-05
2022-02-01 08:00:00+00:00,2022-02-01 08:00:00+00:00,1643702400000,-0.00014565
2022-02-01 12:00:00+00:00,2022-02-01 08:00:00+00:00,1643702400000,-0.00014565
2022-02-01 16:00:00+00:00,2022-02-01 16:00:00+00:00,1643731200000,-7.733e-05
2022-02-01 20:00:00+00:00,2022-02-01 16:00:00+00:00,1643731200000,-7.733e-05
2022-02-02 00:00:00+00:00,2022-02-02 00:00:00+00:00,1643760000000,-5.069e-05
2022-02-02 04:00:00+00:00,2022-02-02 00:00:00+00:00,1643760000000,-5.069e-05
2022-02-02 08:00:00+00:00,2022-02-02 08:00:00+00:00,1643788800000,-0.00023773
2022-02-02 12:00:00+00:00,2022-02-02 08:00:00+00:00,1643788800000,-0.00023773
2022-02-02 16:00:00+00:00,2022-02-02 16:00:00+00:00,1643817600000,0.0001
2022-02-02 20:00:00+00:00,2022-02-02 16:00:00+00:00,1643817600000,0.0001
2022-02-03 00:00:00+00:00,2022-02-03 00:00:00+00:00,1643846400000,-7.97e-05
2022-02-03 04:00:00+00:00,2022-02-03 00:00:00+00:00,1643846400000,-7.97e-05
2022-02-03 08:00:00+00:00,2022-02-03 08:00:00+00:00,1643875200000,0.0001
2022-02-03 12:00:00+00:00,2022-02-03 08:00:00+00:00,1643875200000,0.0001
2022-02-03 16:00:00+00:00,2022-02-03 16:00:00+00:00,1643904000000,0.0001
2022-02-03 20:00:00+00:00,2022-02-03 16:00:00+00:00,1643904000000,0.0001
2022-02-04 00:00:00+00:00,2022-02-04 00:00:00+00:00,1643932800000,0.0001
2022-02-04 04:00:00+00:00,2022-02-04 00:00:00+00:00,1643932800000,0.0001
2022-02-04 08:00:00+00:00,2022-02-04 08:00:00+00:00,1643961600000,-7.792e-05
2022-02-04 12:00:00+00:00,2022-02-04 08:00:00+00:00,1643961600000,-7.792e-05
2022-02-04 16:00:00+00:00,2022-02-04 16:00:00+00:00,1643990400000,1.032e-05
2022-02-04 20:00:00+00:00,2022-02-04 16:00:00+00:00,1643990400000,1.032e-05
2022-02-05 00:00:00+00:00,2022-02-05 00:00:00+00:00,1644019200000,0.0001
2022-02-05 04:00:00+00:00,2022-02-05 00:00:00+00:00,1644019200000,0.0001
2022-02-05 08:00:00+00:00,2022-02-05 08:00:00+00:00,1644048000000,-0.00016838
2022-02-05 12:00:00+00:00,2022-02-05 08:00:00+00:00,1644048000000,-0.00016838
2022-02-05 16:00:00+00:00,2022-02-05 16:00:00+00:00,1644076800000,8.15e-05
2022-02-05 20:00:00+00:00,2022-02-05 16:00:00+00:00,1644076800000,8.15e-05
2022-02-06 00:00:00+00:00,2022-02-06 00:00:00+00:00,1644105600000,0.0001
2022-02-06 04:00:00+00:00,2022-02-06 00:00:00+00:00,1644105600000,0.0001
2022-02-06 08:00:00+00:00,2022-02-06 08:00:00+00:00,1644134400000,0.0001
2022-02-06 12:00:00+00:00,2022-02-06 08:00:00+00:00,1644134400000,0.0001
2022-02-06 16:00:00+00:00,2022-02-06 16:00:00+00:00,1644163200000,0.0001
2022-02-06 20:00:00+00:00,2022-02-06 16:00:00+00:00,1644163200000,0.0001
2022-02-07 00:00:00+00:00,2022-02-07 00:00:00+00:00,1644192000000,0.0001
2022-02-07 04:00:00+00:00,2022-02-07 00:00:00+00:00,1644192000000,0.0001
2022-02-07 08:00:00+00:00,2022-02-07 08:00:00+00:00,1644220800000,0.0001
2022-02-07 12:00:00+00:00,2022-02-07 08:00:00+00:00,1644220800000,0.0001
2022-02-07 16:00:00+00:00,2022-02-07 16:00:00+00:00,1644249600000,0.0001
2022-02-07 20:00:00+00:00,2022-02-07 16:00:00+00:00,1644249600000,0.0001
2022-02-08 00:00:00+00:00,2022-02-08 00:00:00+00:00,1644278400000,0.0001
2022-02-08 04:00:00+00:00,2022-02-08 00:00:00+00:00,1644278400000,0.0001
2022-02-08 08:00:00+00:00,2022-02-08 08:00:00+00:00,1644307200000,0.0001
2022-02-08 12:00:00+00:00,2022-02-08 08:00:00+00:00,1644307200000,0.0001
2022-02-08 16:00:00+00:00,2022-02-08 16:00:00+00:00,1644336000000,0.0001
2022-02-08 20:00:00+00:00,2022-02-08 16:00:00+00:00,1644336000000,0.0001
2022-02-09 00:00:00+00:00,2022-02-09 00:00:00+00:00,1644364800000,0.0001
2022-02-09 04:00:00+00:00,2022-02-09 00:00:00+00:00,1644364800000,0.0001
2022-02-09 08:00:00+00:00,2022-02-09 08:00:00+00:00,1644393600000,0.0001
2022-02-09 12:00:00+00:00,2022-02-09 08:00:00+00:00,1644393600000,0.0001
2022-02-09 16:00:00+00:00,2022-02-09 16:00:00+00:00,1644422400000,5.807e-05
2022-02-09 20:00:00+00:00,2022-02-09 16:00:00+00:00,1644422400000,5.807e-05
2022-02-10 00:00:00+00:00,2022-02-10 00:00:00+00:00,1644451200000,0.0001
2022-02-10 04:00:00+00:00,2022-02-10 00:00:00+00:00,1644451200000,0.0001
2022-02-10 08:00:00+00:00,2022-02-10 08:00:00+00:00,1644480000000,0.0001
2022-02-10 12:00:00+00:00,2022-02-10 08:00:00+00:00,1644480000000,0.0001
2022-02-10 16:00:00+00:00,2022-02-10 16:00:00+00:00,1644508800000,0.0001
2022-02-10 20:00:00+00:00,2022-02-10 16:00:00+00:00,1644508800000,0.0001
2022-02-11 00:00:00+00:00,2022-02-11 00:00:00+00:00,1644537600000,0.0001
2022-02-11 04:00:00+00:00,2022-02-11 00:00:00+00:00,1644537600000,0.0001
2022-02-11 08:00:00+00:00,2022-02-11 08:00:00+00:00,1644566400000,-0.0001257
2022-02-11 12:00:00+00:00,2022-02-11 08:00:00+00:00,1644566400000,-0.0001257
2022-02-11 16:00:00+00:00,2022-02-11 16:00:00+00:00,1644595200000,0.0001
2022-02-11 20:00:00+00:00,2022-02-11 16:00:00+00:00,1644595200000,0.0001
2022-02-12 00:00:00+00:00,2022-02-12 00:00:00+00:00,1644624000000,0.0001
2022-02-12 04:00:00+00:00,2022-02-12 00:00:00+00:00,1644624000000,0.0001
2022-02-12 08:00:00+00:00,2022-02-12 08:00:00+00:00,1644652800000,0.0001
2022-02-12 12:00:00+00:00,2022-02-12 08:00:00+00:00,1644652800000,0.0001
2022-02-12 16:00:00+00:00,2022-02-12 16:00:00+00:00,1644681600000,0.0001
2022-02-12 20:00:00+00:00,2022-02-12 16:00:00+00:00,1644681600000,0.0001
2022-02-13 00:00:00+00:00,2022-02-13 00:00:00+00:00,1644710400000,-4.507e-05
2022-02-13 04:00:00+00:00,2022-02-13 00:00:00+00:00,1644710400000,-4.507e-05
2022-02-13 08:00:00+00:00,2022-02-13 08:00:00+00:00,1644739200000,-0.00016854
2022-02-13 12:00:00+00:00,2022-02-13 08:00:00+00:00,1644739200000,-0.00016854
2022-02-13 16:00:00+00:00,2022-02-13 16:00:00+00:00,1644768000000,0.0001
2022-02-13 20:00:00+00:00,2022-02-13 16:00:00+00:00,1644768000000,0.0001
2022-02-14 00:00:00+00:00,2022-02-14 00:00:00+00:00,1644796800000,7.915e-05
2022-02-14 04:00:00+00:00,2022-02-14 00:00:00+00:00,1644796800000,7.915e-05
2022-02-14 08:00:00+00:00,2022-02-14 08:00:00+00:00,1644825600000,3.671e-05
2022-02-14 12:00:00+00:00,2022-02-14 08:00:00+00:00,1644825600000,3.671e-05
2022-02-14 16:00:00+00:00,2022-02-14 16:00:00+00:00,1644854400000,-3.912e-05
2022-02-14 20:00:00+00:00,2022-02-14 16:00:00+00:00,1644854400000,-3.912e-05
2022-02-15 00:00:00+00:00,2022-02-15 00:00:00+00:00,1644883200000,0.0001
2022-02-15 04:00:00+00:00,2022-02-15 00:00:00+00:00,1644883200000,0.0001
2022-02-15 08:00:00+00:00,2022-02-15 08:00:00+00:00,1644912000000,-5.09e-05
2022-02-15 12:00:00+00:00,2022-02-15 08:00:00+00:00,1644912000000,-5.09e-05
2022-02-15 16:00:00+00:00,2022-02-15 16:00:00+00:00,1644940800000,-1.688e-05
2022-02-15 20:00:00+00:00,2022-02-15 16:00:00+00:00,1644940800000,-1.688e-05
2022-02-16 00:00:00+00:00,2022-02-16 00:00:00+00:00,1644969600000,-3.12e-05
2022-02-16 04:00:00+00:00,2022-02-16 00:00:00+00:00,1644969600000,-3.12e-05
2022-02-16 08:00:00+00:00,2022-02-16 08:00:00+00:00,1644998400000,0.0001
2022-02-16 12:00:00+00:00,2022-02-16 08:00:00+00:00,1644998400000,0.0001
2022-02-16 16:00:00+00:00,2022-02-16 16:00:00+00:00,1645027200000,0.0001
2022-02-16 20:00:00+00:00,2022-02-16 16:00:00+00:00,1645027200000,0.0001
2022-02-17 00:00:00+00:00,2022-02-17 00:00:00+00:00,1645056000000,0.0001
2022-02-17 04:00:00+00:00,2022-02-17 00:00:00+00:00,1645056000000,0.0001
2022-02-17 08:00:00+00:00,2022-02-17 08:00:00+00:00,1645084800000,0.0001
2022-02-17 12:00:00+00:00,2022-02-17 08:00:00+00:00,1645084800000,0.0001
2022-02-17 16:00:00+00:00,2022-02-17 16:00:00+00:00,1645113600000,0.0001
2022-02-17 20:00:00+00:00,2022-02-17 16:00:00+00:00,1645113600000,0.0001
2022-02-18 00:00:00+00:00,2022-02-18 00:00:00+00:00,1645142400000,0.0001
2022-02-18 04:00:00+00:00,2022-02-18 00:00:00+00:00,1645142400000,0.0001
2022-02-18 08:00:00+00:00,2022-02-18 08:00:00+00:00,1645171200000,0.0001
2022-02-18 12:00:00+00:00,2022-02-18 08:00:00+00:00,1645171200000,0.0001
2022-02-18 16:00:00+00:00,2022-02-18 16:00:00+00:00,1645200000000,0.0001
2022-02-18 20:00:00+00:00,2022-02-18 16:00:00+00:00,1645200000000,0.0001
2022-02-19 00:00:00+00:00,2022-02-19 00:00:00+00:00,1645228800000,7.96e-05
2022-02-19 04:00:00+00:00,2022-02-19 00:00:00+00:00,1645228800000,7.96e-05
2022-02-19 08:00:00+00:00,2022-02-19 08:00:00+00:00,1645257600000,-0.00010837
2022-02-19 12:00:00+00:00,2022-02-19 08:00:00+00:00,1645257600000,-0.00010837
2022-02-19 16:00:00+00:00,2022-02-19 16:00:00+00:00,1645286400000,0.0001
2022-02-19 20:00:00+00:00,2022-02-19 16:00:00+00:00,1645286400000,0.0001
2022-02-20 00:00:00+00:00,2022-02-20 00:00:00+00:00,1645315200000,4.873e-05
2022-02-20 04:00:00+00:00,2022-02-20 00:00:00+00:00,1645315200000,4.873e-05
2022-02-20 08:00:00+00:00,2022-02-20 08:00:00+00:00,1645344000000,0.0001
2022-02-20 12:00:00+00:00,2022-02-20 08:00:00+00:00,1645344000000,0.0001
2022-02-20 16:00:00+00:00,2022-02-20 16:00:00+00:00,1645372800000,0.0001
2022-02-20 20:00:00+00:00,2022-02-20 16:00:00+00:00,1645372800000,0.0001
2022-02-21 00:00:00+00:00,2022-02-21 00:00:00+00:00,1645401600000,-6.338e-05
2022-02-21 04:00:00+00:00,2022-02-21 00:00:00+00:00,1645401600000,-6.338e-05
2022-02-21 08:00:00+00:00,2022-02-21 08:00:00+00:00,1645430400000,6.66e-06
2022-02-21 12:00:00+00:00,2022-02-21 08:00:00+00:00,1645430400000,6.66e-06
2022-02-21 16:00:00+00:00,2022-02-21 16:00:00+00:00,1645459200000,-0.00012688
2022-02-21 20:00:00+00:00,2022-02-21 16:00:00+00:00,1645459200000,-0.00012688
2022-02-22 00:00:00+00:00,2022-02-22 00:00:00+00:00,1645488000000,1.027e-05
2022-02-22 04:00:00+00:00,2022-02-22 00:00:00+00:00,1645488000000,1.027e-05
2022-02-22 08:00:00+00:00,2022-02-22 08:00:00+00:00,1645516800000,0.0001
2022-02-22 12:00:00+00:00,2022-02-22 08:00:00+00:00,1645516800000,0.0001
2022-02-22 16:00:00+00:00,2022-02-22 16:00:00+00:00,1645545600000,-0.00011737
2022-02-22 20:00:00+00:00,2022-02-22 16:00:00+00:00,1645545600000,-0.00011737
2022-02-23 00:00:00+00:00,2022-02-23 00:00:00+00:00,1645574400000,-1.566e-05
2022-02-23 04:00:00+00:00,2022-02-23 00:00:00+00:00,1645574400000,-1.566e-05
2022-02-23 08:00:00+00:00,2022-02-23 08:00:00+00:00,1645603200000,-0.00011578
2022-02-23 12:00:00+00:00,2022-02-23 08:00:00+00:00,1645603200000,-0.00011578
2022-02-23 16:00:00+00:00,2022-02-23 16:00:00+00:00,1645632000000,-0.00023835
2022-02-23 20:00:00+00:00,2022-02-23 16:00:00+00:00,1645632000000,-0.00023835
2022-02-24 00:00:00+00:00,2022-02-24 00:00:00+00:00,1645660800000,-2.413e-05
2022-02-24 04:00:00+00:00,2022-02-24 00:00:00+00:00,1645660800000,-2.413e-05
2022-02-24 08:00:00+00:00,2022-02-24 08:00:00+00:00,1645689600000,7.619e-05
2022-02-24 12:00:00+00:00,2022-02-24 08:00:00+00:00,1645689600000,7.619e-05
2022-02-24 16:00:00+00:00,2022-02-24 16:00:00+00:00,1645718400000,-6.42e-05
2022-02-24 20:00:00+00:00,2022-02-24 16:00:00+00:00,1645718400000,-6.42e-05
2022-02-25 00:00:00+00:00,2022-02-25 00:00:00+00:00,1645747200000,0.0001
2022-02-25 04:00:00+00:00,2022-02-25 00:00:00+00:00,1645747200000,0.0001
2022-02-25 08:00:00+00:00,2022-02-25 08:00:00+00:00,1645776000000,-4.659e-05
2022-02-25 12:00:00+00:00,2022-02-25 08:00:00+00:00,1645776000000,-4.659e-05
2022-02-25 16:00:00+00:00,2022-02-25 16:00:00+00:00,1645804800000,0.0001
2022-02-25 20:00:00+00:00,2022-02-25 16:00:00+00:00,1645804800000,0.0001
2022-02-26 00:00:00+00:00,2022-02-26 00:00:00+00:00,1645833600000,0.0001
2022-02-26 04:00:00+00:00,2022-02-26 00:00:00+00:00,1645833600000,0.0001
2022-02-26 08:00:00+00:00,2022-02-26 08:00:00+00:00,1645862400000,-6.312e-05
2022-02-26 12:00:00+00:00,2022-02-26 08:00:00+00:00,1645862400000,-6.312e-05
2022-02-26 16:00:00+00:00,2022-02-26 16:00:00+00:00,1645891200000,8.682e-05
2022-02-26 20:00:00+00:00,2022-02-26 16:00:00+00:00,1645891200000,8.682e-05
2022-02-27 00:00:00+00:00,2022-02-27 00:00:00+00:00,1645920000000,-0.00015547
2022-02-27 04:00:00+00:00,2022-02-27 00:00:00+00:00,1645920000000,-0.00015547
2022-02-27 08:00:00+00:00,2022-02-27 08:00:00+00:00,1645948800000,9.588e-05
2022-02-27 12:00:00+00:00,2022-02-27 08:00:00+00:00,1645948800000,9.588e-05
2022-02-27 16:00:00+00:00,2022-02-27 16:00:00+00:00,1645977600000,-6.699e-05
2022-02-27 20:00:00+00:00,2022-02-27 16:00:00+00:00,1645977600000,-6.699e-05
2022-02-28 00:00:00+00:00,2022-02-28 00:00:00+00:00,1646006400000,2.53e-06
2022-02-28 04:00:00+00:00,2022-02-28 00:00:00+00:00,1646006400000,2.53e-06
2022-02-28 08:00:00+00:00,2022-02-28 08:00:00+00:00,1646035200000,4.249e-05
2022-02-28 12:00:00+00:00,2022-02-28 08:00:00+00:00,1646035200000,4.249e-05
2022-02-28 16:00:00+00:00,2022-02-28 16:00:00+00:00,1646064000000,0.0001
2022-02-28 20:00:00+00:00,2022-02-28 16:00:00+00:00,1646064000000,0.0001
2022-03-01 00:00:00+00:00,2022-03-01 00:00:00+00:00,1646092800000,4.696e-05
2022-03-01 04:00:00+00:00,2022-03-01 00:00:00+00:00,1646092800000,4.696e-05
2022-03-01 08:00:00+00:00,2022-03-01 08:00:00+00:00,1646121600000,8.2e-07
2022-03-01 12:00:00+00:00,2022-03-01 08:00:00+00:00,1646121600000,8.2e-07
2022-03-01 16:00:00+00:00,2022-03-01 16:00:00+00:00,1646150400000,0.0001
2022-03-01 20:00:00+00:00,2022-03-01 16:00:00+00:00,1646150400000,0.0001
2022-03-02 00:00:00+00:00,2022-03-02 00:00:00+00:00,1646179200000,0.0001
2022-03-02 04:00:00+00:00,2022-03-02 00:00:00+00:00,1646179200000,0.0001
2022-03-02 08:00:00+00:00,2022-03-02 08:00:00+00:00,1646208000000,0.0001
2022-03-02 12:00:00+00:00,2022-03-02 08:00:00+00:00,1646208000000,0.0001
2022-03-02 16:00:00+00:00,2022-03-02 16:00:00+00:00,1646236800000,0.0001
2022-03-02 20:00:00+00:00,2022-03-02 16:00:00+00:00,1646236800000,0.0001
2022-03-03 00:00:00+00:00,2022-03-03 00:00:00+00:00,1646265600000,0.0001
2022-03-03 04:00:00+00:00,2022-03-03 00:00:00+00:00,1646265600000,0.0001
2022-03-03 08:00:00+00:00,2022-03-03 08:00:00+00:00,1646294400000,0.0001
2022-03-03 12:00:00+00:00,2022-03-03 08:00:00+00:00,1646294400000,0.0001
2022-03-03 16:00:00+00:00,2022-03-03 16:00:00+00:00,1646323200000,0.0001
2022-03-03 20:00:00+00:00,2022-03-03 16:00:00+00:00,1646323200000,0.0001
2022-03-04 00:00:00+00:00,2022-03-04 00:00:00+00:00,1646352000000,0.0001
2022-03-04 04:00:00+00:00,2022-03-04 00:00:00+00:00,1646352000000,0.0001
2022-03-04 08:00:00+00:00,2022-03-04 08:00:00+00:00,1646380800000,0.0001
2022-03-04 12:00:00+00:00,2022-03-04 08:00:00+00:00,1646380800000,0.0001
2022-03-04 16:00:00+00:00,2022-03-04 16:00:00+00:00,1646409600000,0.0001
2022-03-04 20:00:00+00:00,2022-03-04 16:00:00+00:00,1646409600000,0.0001
2022-03-05 00:00:00+00:00,2022-03-05 00:00:00+00:00,1646438400000,0.0001
2022-03-05 04:00:00+00:00,2022-03-05 00:00:00+00:00,1646438400000,0.0001
2022-03-05 08:00:00+00:00,2022-03-05 08:00:00+00:00,1646467200000,0.0001
2022-03-05 12:00:00+00:00,2022-03-05 08:00:00+00:00,1646467200000,0.0001
2022-03-05 16:00:00+00:00,2022-03-05 16:00:00+00:00,1646496000000,1.75e-06
2022-03-05 20:00:00+00:00,2022-03-05 16:00:00+00:00,1646496000000,1.75e-06
2022-03-06 00:00:00+00:00,2022-03-06 00:00:00+00:00,1646524800000,6.896e-05
2022-03-06 04:00:00+00:00,2022-03-06 00:00:00+00:00,1646524800000,6.896e-05
2022-03-06 08:00:00+00:00,2022-03-06 08:00:00+00:00,1646553600000,-2.547e-05
2022-03-06 12:00:00+00:00,2022-03-06 08:00:00+00:00,1646553600000,-2.547e-05
2022-03-06 16:00:00+00:00,2022-03-06 16:00:00+00:00,1646582400000,0.0001
2022-03-06 20:00:00+00:00,2022-03-06 16:00:00+00:00,1646582400000,0.0001
2022-03-07 00:00:00+00:00,2022-03-07 00:00:00+00:00,1646611200000,0.0001
2022-03-07 04:00:00+00:00,2022-03-07 00:00:00+00:00,1646611200000,0.0001
2022-03-07 08:00:00+00:00,2022-03-07 08:00:00+00:00,1646640000000,0.0001
2022-03-07 12:00:00+00:00,2022-03-07 08:00:00+00:00,1646640000000,0.0001
2022-03-07 16:00:00+00:00,2022-03-07 16:00:00+00:00,1646668800000,9.306e-05
2022-03-07 20:00:00+00:00,2022-03-07 16:00:00+00:00,1646668800000,9.306e-05
2022-03-08 00:00:00+00:00,2022-03-08 00:00:00+00:00,1646697600000,3.724e-05
2022-03-08 04:00:00+00:00,2022-03-08 00:00:00+00:00,1646697600000,3.724e-05
2022-03-08 08:00:00+00:00,2022-03-08 08:00:00+00:00,1646726400000,1.722e-05
2022-03-08 12:00:00+00:00,2022-03-08 08:00:00+00:00,1646726400000,1.722e-05
2022-03-08 16:00:00+00:00,2022-03-08 16:00:00+00:00,1646755200000,0.0001
2022-03-08 20:00:00+00:00,2022-03-08 16:00:00+00:00,1646755200000,0.0001
2022-03-09 00:00:00+00:00,2022-03-09 00:00:00+00:00,1646784000000,0.0001
2022-03-09 04:00:00+00:00,2022-03-09 00:00:00+00:00,1646784000000,0.0001
2022-03-09 08:00:00+00:00,2022-03-09 08:00:00+00:00,1646812800000,7.278e-05
2022-03-09 12:00:00+00:00,2022-03-09 08:00:00+00:00,1646812800000,7.278e-05
2022-03-09 16:00:00+00:00,2022-03-09 16:00:00+00:00,1646841600000,0.0001
2022-03-09 20:00:00+00:00,2022-03-09 16:00:00+00:00,1646841600000,0.0001
2022-03-10 00:00:00+00:00,2022-03-10 00:00:00+00:00,1646870400000,0.0001
2022-03-10 04:00:00+00:00,2022-03-10 00:00:00+00:00,1646870400000,0.0001
2022-03-10 08:00:00+00:00,2022-03-10 08:00:00+00:00,1646899200000,0.0001
2022-03-10 12:00:00+00:00,2022-03-10 08:00:00+00:00,1646899200000,0.0001
2022-03-10 16:00:00+00:00,2022-03-10 16:00:00+00:00,1646928000000,0.0001
2022-03-10 20:00:00+00:00,2022-03-10 16:00:00+00:00,1646928000000,0.0001
2022-03-11 00:00:00+00:00,2022-03-11 00:00:00+00:00,1646956800000,0.0001
2022-03-11 04:00:00+00:00,2022-03-11 00:00:00+00:00,1646956800000,0.0001
2022-03-11 08:00:00+00:00,2022-03-11 08:00:00+00:00,1646985600000,0.0001
2022-03-11 12:00:00+00:00,2022-03-11 08:00:00+00:00,1646985600000,0.0001
2022-03-11 16:00:00+00:00,2022-03-11 16:00:00+00:00,1647014400000,0.0001
2022-03-11 20:00:00+00:00,2022-03-11 16:00:00+00:00,1647014400000,0.0001
2022-03-12 00:00:00+00:00,2022-03-12 00:00:00+00:00,1647043200000,0.0001
2022-03-12 04:00:00+00:00,2022-03-12 00:00:00+00:00,1647043200000,0.0001
2022-03-12 08:00:00+00:00,2022-03-12 08:00:00+00:00,1647072000000,0.0001
2022-03-12 12:00:00+00:00,2022-03-12 08:00:00+00:00,1647072000000,0.0001
2022-03-12 16:00:00+00:00,2022-03-12 16:00:00+00:00,1647100800000,0.0001
2022-03-12 20:00:00+00:00,2022-03-12 16:00:00+00:00,1647100800000,0.0001
2022-03-13 00:00:00+00:00,2022-03-13 00:00:00+00:00,1647129600000,0.0001
2022-03-13 04:00:00+00:00,2022-03-13 00:00:00+00:00,1647129600000,0.0001
2022-03-13 08:00:00+00:00,2022-03-13 08:00:00+00:00,1647158400000,0.0001
2022-03-13 12:00:00+00:00,2022-03-13 08:00:00+00:00,1647158400000,0.0001
2022-03-13 16:00:00+00:00,2022-03-13 16:00:00+00:00,1647187200000,0.0001
2022-03-13 20:00:00+00:00,2022-03-13 16:00:00+00:00,1647187200000,0.0001
2022-03-14 00:00:00+00:00,2022-03-14 00:00:00+00:00,1647216000000,0.0001
2022-03-14 04:00:00+00:00,2022-03-14 00:00:00+00:00,1647216000000,0.0001
2022-03-14 08:00:00+00:00,2022-03-14 08:00:00+00:00,1647244800000,0.0001
2022-03-14 12:00:00+00:00,2022-03-14 08:00:00+00:00,1647244800000,0.0001
2022-03-14 16:00:00+00:00,2022-03-14 16:00:00+00:00,1647273600000,0.0001
2022-03-14 20:00:00+00:00,2022-03-14 16:00:00+00:00,1647273600000,0.0001
2022-03-15 00:00:00+00:00,2022-03-15 00:00:00+00:00,1647302400000,0.0001
2022-03-15 04:00:00+00:00,2022-03-15 00:00:00+00:00,1647302400000,0.0001
2022-03-15 08:00:00+00:00,2022-03-15 08:00:00+00:00,1647331200000,0.0001
2022-03-15 12:00:00+00:00,2022-03-15 08:00:00+00:00,1647331200000,0.0001
2022-03-15 16:00:00+00:00,2022-03-15 16:00:00+00:00,1647360000000,0.0001
2022-03-15 20:00:00+00:00,2022-03-15 16:00:00+00:00,1647360000000,0.0001
2022-03-16 00:00:00+00:00,2022-03-16 00:00:00+00:00,1647388800000,0.0001
2022-03-16 04:00:00+00:00,2022-03-16 00:00:00+00:00,1647388800000,0.0001
2022-03-16 08:00:00+00:00,2022-03-16 08:00:00+00:00,1647417600000,0.0001
2022-03-16 12:00:00+00:00,2022-03-16 08:00:00+00:00,1647417600000,0.0001
2022-03-16 16:00:00+00:00,2022-03-16 16:00:00+00:00,1647446400000,0.0001
2022-03-16 20:00:00+00:00,2022-03-16 16:00:00+00:00,1647446400000,0.0001
2022-03-17 00:00:00+00:00,2022-03-17 00:00:00+00:00,1647475200000,0.0001
2022-03-17 04:00:00+00:00,2022-03-17 00:00:00+00:00,1647475200000,0.0001
2022-03-17 08:00:00+00:00,2022-03-17 08:00:00+00:00,1647504000000,0.0001
2022-03-17 12:00:00+00:00,2022-03-17 08:00:00+00:00,1647504000000,0.0001
2022-03-17 16:00:00+00:00,2022-03-17 16:00:00+00:00,1647532800000,0.0001
2022-03-17 20:00:00+00:00,2022-03-17 16:00:00+00:00,1647532800000,0.0001
2022-03-18 00:00:00+00:00,2022-03-18 00:00:00+00:00,1647561600000,7.76e-05
2022-03-18 04:00:00+00:00,2022-03-18 00:00:00+00:00,1647561600000,7.76e-05
2022-03-18 08:00:00+00:00,2022-03-18 08:00:00+00:00,1647590400000,0.0001
2022-03-18 12:00:00+00:00,2022-03-18 08:00:00+00:00,1647590400000,0.0001
2022-03-18 16:00:00+00:00,2022-03-18 16:00:00+00:00,1647619200000,0.0001
2022-03-18 20:00:00+00:00,2022-03-18 16:00:00+00:00,1647619200000,0.0001
2022-03-19 00:00:00+00:00,2022-03-19 00:00:00+00:00,1647648000000,0.0001
2022-03-19 04:00:00+00:00,2022-03-19 00:00:00+00:00,1647648000000,0.0001
2022-03-19 08:00:00+00:00,2022-03-19 08:00:00+00:00,1647676800000,0.0001
2022-03-19 12:00:00+00:00,2022-03-19 08:00:00+00:00,1647676800000,0.0001
2022-03-19 16:00:00+00:00,2022-03-19 16:00:00+00:00,1647705600000,0.0001
2022-03-19 20:00:00+00:00,2022-03-19 16:00:00+00:00,1647705600000,0.0001
2022-03-20 00:00:00+00:00,2022-03-20 00:00:00+00:00,1647734400000,7.39e-05
2022-03-20 04:00:00+00:00,2022-03-20 00:00:00+00:00,1647734400000,7.39e-05
2022-03-20 08:00:00+00:00,2022-03-20 08:00:00+00:00,1647763200000,7.143e-05
2022-03-20 12:00:00+00:00,2022-03-20 08:00:00+00:00,1647763200000,7.143e-05
2022-03-20 16:00:00+00:00,2022-03-20 16:00:00+00:00,1647792000000,0.0001
2022-03-20 20:00:00+00:00,2022-03-20 16:00:00+00:00,1647792000000,0.0001
2022-03-21 00:00:00+00:00,2022-03-21 00:00:00+00:00,1647820800000,0.0001
2022-03-21 04:00:00+00:00,2022-03-21 00:00:00+00:00,1647820800000,0.0001
2022-03-21 08:00:00+00:00,2022-03-21 08:00:00+00:00,1647849600000,0.0001
2022-03-21 12:00:00+00:00,2022-03-21 08:00:00+00:00,1647849600000,0.0001
2022-03-21 16:00:00+00:00,2022-03-21 16:00:00+00:00,1647878400000,0.0001
2022-03-21 20:00:00+00:00,2022-03-21 16:00:00+00:00,1647878400000,0.0001
2022-03-22 00:00:00+00:00,2022-03-22 00:00:00+00:00,1647907200000,7.727e-05
2022-03-22 04:00:00+00:00,2022-03-22 00:00:00+00:00,1647907200000,7.727e-05
2022-03-22 08:00:00+00:00,2022-03-22 08:00:00+00:00,1647936000000,0.0001
2022-03-22 12:00:00+00:00,2022-03-22 08:00:00+00:00,1647936000000,0.0001
2022-03-22 16:00:00+00:00,2022-03-22 16:00:00+00:00,1647964800000,0.0001
2022-03-22 20:00:00+00:00,2022-03-22 16:00:00+00:00,1647964800000,0.0001
2022-03-23 00:00:00+00:00,2022-03-23 00:00:00+00:00,1647993600000,1.78e-05
2022-03-23 04:00:00+00:00,2022-03-23 00:00:00+00:00,1647993600000,1.78e-05
2022-03-23 08:00:00+00:00,2022-03-23 08:00:00+00:00,1648022400000,0.0001
2022-03-23 12:00:00+00:00,2022-03-23 08:00:00+00:00,1648022400000,0.0001
2022-03-23 16:00:00+00:00,2022-03-23 16:00:00+00:00,1648051200000,0.0001
2022-03-23 20:00:00+00:00,2022-03-23 16:00:00+00:00,1648051200000,0.0001
2022-03-24 00:00:00+00:00,2022-03-24 00:00:00+00:00,1648080000000,0.0001
2022-03-24 04:00:00+00:00,2022-03-24 00:00:00+00:00,1648080000000,0.0001
2022-03-24 08:00:00+00:00,2022-03-24 08:00:00+00:00,1648108800000,0.0001
2022-03-24 12:00:00+00:00,2022-03-24 08:00:00+00:00,1648108800000,0.0001
2022-03-24 16:00:00+00:00,2022-03-24 16:00:00+00:00,1648137600000,0.0001
2022-03-24 20:00:00+00:00,2022-03-24 16:00:00+00:00,1648137600000,0.0001
2022-03-25 00:00:00+00:00,2022-03-25 00:00:00+00:00,1648166400000,0.0001
2022-03-25 04:00:00+00:00,2022-03-25 00:00:00+00:00,1648166400000,0.0001
2022-03-25 08:00:00+00:00,2022-03-25 08:00:00+00:00,1648195200000,0.0001
2022-03-25 12:00:00+00:00,2022-03-25 08:00:00+00:00,1648195200000,0.0001
2022-03-25 16:00:00+00:00,2022-03-25 16:00:00+00:00,1648224000000,0.0001
2022-03-25 20:00:00+00:00,2022-03-25 16:00:00+00:00,1648224000000,0.0001
2022-03-26 00:00:00+00:00,2022-03-26 00:00:00+00:00,1648252800000,0.0001
2022-03-26 04:00:00+00:00,2022-03-26 00:00:00+00:00,1648252800000,0.0001
2022-03-26 08:00:00+00:00,2022-03-26 08:00:00+00:00,1648281600000,0.0001
2022-03-26 12:00:00+00:00,2022-03-26 08:00:00+00:00,1648281600000,0.0001
2022-03-26 16:00:00+00:00,2022-03-26 16:00:00+00:00,1648310400000,0.0001
2022-03-26 20:00:00+00:00,2022-03-26 16:00:00+00:00,1648310400000,0.0001
2022-03-27 00:00:00+00:00,2022-03-27 00:00:00+00:00,1648339200000,0.0001
2022-03-27 04:00:00+00:00,2022-03-27 00:00:00+00:00,1648339200000,0.0001
2022-03-27 08:00:00+00:00,2022-03-27 08:00:00+00:00,1648368000000,0.0001
2022-03-27 12:00:00+00:00,2022-03-27 08:00:00+00:00,1648368000000,0.0001
2022-03-27 16:00:00+00:00,2022-03-27 16:00:00+00:00,1648396800000,0.0001
2022-03-27 20:00:00+00:00,2022-03-27 16:00:00+00:00,1648396800000,0.0001
2022-03-28 00:00:00+00:00,2022-03-28 00:00:00+00:00,1648425600000,0.0001
2022-03-28 04:00:00+00:00,2022-03-28 00:00:00+00:00,1648425600000,0.0001
2022-03-28 08:00:00+00:00,2022-03-28 08:00:00+00:00,1648454400000,-6.23e-05
2022-03-28 12:00:00+00:00,2022-03-28 08:00:00+00:00,1648454400000,-6.23e-05
2022-03-28 16:00:00+00:00,2022-03-28 16:00:00+00:00,1648483200000,0.0001
2022-03-28 20:00:00+00:00,2022-03-28 16:00:00+00:00,1648483200000,0.0001
2022-03-29 00:00:00+00:00,2022-03-29 00:00:00+00:00,1648512000000,0.0001
2022-03-29 04:00:00+00:00,2022-03-29 00:00:00+00:00,1648512000000,0.0001
2022-03-29 08:00:00+00:00,2022-03-29 08:00:00+00:00,1648540800000,0.0001
2022-03-29 12:00:00+00:00,2022-03-29 08:00:00+00:00,1648540800000,0.0001
2022-03-29 16:00:00+00:00,2022-03-29 16:00:00+00:00,1648569600000,0.0001
2022-03-29 20:00:00+00:00,2022-03-29 16:00:00+00:00,1648569600000,0.0001
2022-03-30 00:00:00+00:00,2022-03-30 00:00:00+00:00,1648598400000,0.0001
2022-03-30 04:00:00+00:00,2022-03-30 00:00:00+00:00,1648598400000,0.0001
2022-03-30 08:00:00+00:00,2022-03-30 08:00:00+00:00,1648627200000,0.0001
2022-03-30 12:00:00+00:00,2022-03-30 08:00:00+00:00,1648627200000,0.0001
2022-03-30 16:00:00+00:00,2022-03-30 16:00:00+00:00,1648656000000,0.0001
2022-03-30 20:00:00+00:00,2022-03-30 16:00:00+00:00,1648656000000,0.0001
2022-03-31 00:00:00+00:00,2022-03-31 00:00:00+00:00,1648684800000,0.0001
2022-03-31 04:00:00+00:00,2022-03-31 00:00:00+00:00,1648684800000,0.0001
2022-03-31 08:00:00+00:00,2022-03-31 08:00:00+00:00,1648713600000,0.0001
2022-03-31 12:00:00+00:00,2022-03-31 08:00:00+00:00,1648713600000,0.0001
2022-03-31 16:00:00+00:00,2022-03-31 16:00:00+00:00,1648742400000,0.0001
2022-03-31 20:00:00+00:00,2022-03-31 16:00:00+00:00,1648742400000,0.0001
2022-04-01 00:00:00+00:00,2022-04-01 00:00:00+00:00,1648771200000,0.0001
2022-04-01 04:00:00+00:00,2022-04-01 00:00:00+00:00,1648771200000,0.0001
2022-04-01 08:00:00+00:00,2022-04-01 08:00:00+00:00,1648800000000,0.0001
2022-04-01 12:00:00+00:00,2022-04-01 08:00:00+00:00,1648800000000,0.0001
2022-04-01 16:00:00+00:00,2022-04-01 16:00:00+00:00,1648828800000,0.0001
2022-04-01 20:00:00+00:00,2022-04-01 16:00:00+00:00,1648828800000,0.0001
2022-04-02 00:00:00+00:00,2022-04-02 00:00:00+00:00,1648857600000,0.0001
2022-04-02 04:00:00+00:00,2022-04-02 00:00:00+00:00,1648857600000,0.0001
2022-04-02 08:00:00+00:00,2022-04-02 08:00:00+00:00,1648886400000,0.0001
2022-04-02 12:00:00+00:00,2022-04-02 08:00:00+00:00,1648886400000,0.0001
2022-04-02 16:00:00+00:00,2022-04-02 16:00:00+00:00,1648915200000,0.0001
2022-04-02 20:00:00+00:00,2022-04-02 16:00:00+00:00,1648915200000,0.0001
2022-04-03 00:00:00+00:00,2022-04-03 00:00:00+00:00,1648944000000,0.0001
2022-04-03 04:00:00+00:00,2022-04-03 00:00:00+00:00,1648944000000,0.0001
2022-04-03 08:00:00+00:00,2022-04-03 08:00:00+00:00,1648972800000,0.0001
2022-04-03 12:00:00+00:00,2022-04-03 08:00:00+00:00,1648972800000,0.0001
2022-04-03 16:00:00+00:00,2022-04-03 16:00:00+00:00,1649001600000,0.0001
2022-04-03 20:00:00+00:00,2022-04-03 16:00:00+00:00,1649001600000,0.0001
2022-04-04 00:00:00+00:00,2022-04-04 00:00:00+00:00,1649030400000,0.0001
2022-04-04 04:00:00+00:00,2022-04-04 00:00:00+00:00,1649030400000,0.0001
2022-04-04 08:00:00+00:00,2022-04-04 08:00:00+00:00,1649059200000,0.0001
2022-04-04 12:00:00+00:00,2022-04-04 08:00:00+00:00,1649059200000,0.0001
2022-04-04 16:00:00+00:00,2022-04-04 16:00:00+00:00,1649088000000,0.0001
2022-04-04 20:00:00+00:00,2022-04-04 16:00:00+00:00,1649088000000,0.0001
2022-04-05 00:00:00+00:00,2022-04-05 00:00:00+00:00,1649116800000,0.0001
2022-04-05 04:00:00+00:00,2022-04-05 00:00:00+00:00,1649116800000,0.0001
2022-04-05 08:00:00+00:00,2022-04-05 08:00:00+00:00,1649145600000,0.0001
2022-04-05 12:00:00+00:00,2022-04-05 08:00:00+00:00,1649145600000,0.0001
2022-04-05 16:00:00+00:00,2022-04-05 16:00:00+00:00,1649174400000,0.0001
2022-04-05 20:00:00+00:00,2022-04-05 16:00:00+00:00,1649174400000,0.0001
2022-04-06 00:00:00+00:00,2022-04-06 00:00:00+00:00,1649203200000,0.0001
2022-04-06 04:00:00+00:00,2022-04-06 00:00:00+00:00,1649203200000,0.0001
2022-04-06 08:00:00+00:00,2022-04-06 08:00:00+00:00,1649232000000,0.0001
2022-04-06 12:00:00+00:00,2022-04-06 08:00:00+00:00,1649232000000,0.0001
2022-04-06 16:00:00+00:00,2022-04-06 16:00:00+00:00,1649260800000,0.0001
2022-04-06 20:00:00+00:00,2022-04-06 16:00:00+00:00,1649260800000,0.0001
2022-04-07 00:00:00+00:00,2022-04-07 00:00:00+00:00,1649289600000,0.0001
2022-04-07 04:00:00+00:00,2022-04-07 00:00:00+00:00,1649289600000,0.0001
2022-04-07 08:00:00+00:00,2022-04-07 08:00:00+00:00,1649318400000,0.0001
2022-04-07 12:00:00+00:00,2022-04-07 08:00:00+00:00,1649318400000,0.0001
2022-04-07 16:00:00+00:00,2022-04-07 16:00:00+00:00,1649347200000,0.0001
2022-04-07 20:00:00+00:00,2022-04-07 16:00:00+00:00,1649347200000,0.0001
2022-04-08 00:00:00+00:00,2022-04-08 00:00:00+00:00,1649376000000,0.0001
2022-04-08 04:00:00+00:00,2022-04-08 00:00:00+00:00,1649376000000,0.0001
2022-04-08 08:00:00+00:00,2022-04-08 08:00:00+00:00,1649404800000,0.0001
2022-04-08 12:00:00+00:00,2022-04-08 08:00:00+00:00,1649404800000,0.0001
2022-04-08 16:00:00+00:00,2022-04-08 16:00:00+00:00,1649433600000,0.0001
2022-04-08 20:00:00+00:00,2022-04-08 16:00:00+00:00,1649433600000,0.0001
2022-04-09 00:00:00+00:00,2022-04-09 00:00:00+00:00,1649462400000,0.0001
2022-04-09 04:00:00+00:00,2022-04-09 00:00:00+00:00,1649462400000,0.0001
2022-04-09 08:00:00+00:00,2022-04-09 08:00:00+00:00,1649491200000,0.0001
2022-04-09 12:00:00+00:00,2022-04-09 08:00:00+00:00,1649491200000,0.0001
2022-04-09 16:00:00+00:00,2022-04-09 16:00:00+00:00,1649520000000,7.327e-05
2022-04-09 20:00:00+00:00,2022-04-09 16:00:00+00:00,1649520000000,7.327e-05
2022-04-10 00:00:00+00:00,2022-04-10 00:00:00+00:00,1649548800000,9.36e-05
2022-04-10 04:00:00+00:00,2022-04-10 00:00:00+00:00,1649548800000,9.36e-05
2022-04-10 08:00:00+00:00,2022-04-10 08:00:00+00:00,1649577600000,0.0001
2022-04-10 12:00:00+00:00,2022-04-10 08:00:00+00:00,1649577600000,0.0001
2022-04-10 16:00:00+00:00,2022-04-10 16:00:00+00:00,1649606400000,0.0001
2022-04-10 20:00:00+00:00,2022-04-10 16:00:00+00:00,1649606400000,0.0001
2022-04-11 00:00:00+00:00,2022-04-11 00:00:00+00:00,1649635200000,6.806e-05
2022-04-11 04:00:00+00:00,2022-04-11 00:00:00+00:00,1649635200000,6.806e-05
2022-04-11 08:00:00+00:00,2022-04-11 08:00:00+00:00,1649664000000,-8.902e-05
2022-04-11 12:00:00+00:00,2022-04-11 08:00:00+00:00,1649664000000,-8.902e-05
2022-04-11 16:00:00+00:00,2022-04-11 16:00:00+00:00,1649692800000,0.0001
2022-04-11 20:00:00+00:00,2022-04-11 16:00:00+00:00,1649692800000,0.0001
2022-04-12 00:00:00+00:00,2022-04-12 00:00:00+00:00,1649721600000,0.0001
2022-04-12 04:00:00+00:00,2022-04-12 00:00:00+00:00,1649721600000,0.0001
2022-04-12 08:00:00+00:00,2022-04-12 08:00:00+00:00,1649750400000,0.0001
2022-04-12 12:00:00+00:00,2022-04-12 08:00:00+00:00,1649750400000,0.0001
2022-04-12 16:00:00+00:00,2022-04-12 16:00:00+00:00,1649779200000,6.097e-05
2022-04-12 20:00:00+00:00,2022-04-12 16:00:00+00:00,1649779200000,6.097e-05
2022-04-13 00:00:00+00:00,2022-04-13 00:00:00+00:00,1649808000000,-0.00018745
2022-04-13 04:00:00+00:00,2022-04-13 00:00:00+00:00,1649808000000,-0.00018745
2022-04-13 08:00:00+00:00,2022-04-13 08:00:00+00:00,1649836800000,0.0001
2022-04-13 12:00:00+00:00,2022-04-13 08:00:00+00:00,1649836800000,0.0001
2022-04-13 16:00:00+00:00,2022-04-13 16:00:00+00:00,1649865600000,0.0001
2022-04-13 20:00:00+00:00,2022-04-13 16:00:00+00:00,1649865600000,0.0001
2022-04-14 00:00:00+00:00,2022-04-14 00:00:00+00:00,1649894400000,0.0001
2022-04-14 04:00:00+00:00,2022-04-14 00:00:00+00:00,1649894400000,0.0001
2022-04-14 08:00:00+00:00,2022-04-14 08:00:00+00:00,1649923200000,-2.308e-05
2022-04-14 12:00:00+00:00,2022-04-14 08:00:00+00:00,1649923200000,-2.308e-05
2022-04-14 16:00:00+00:00,2022-04-14 16:00:00+00:00,1649952000000,0.0001
2022-04-14 20:00:00+00:00,2022-04-14 16:00:00+00:00,1649952000000,0.0001
2022-04-15 00:00:00+00:00,2022-04-15 00:00:00+00:00,1649980800000,3.898e-05
2022-04-15 04:00:00+00:00,2022-04-15 00:00:00+00:00,1649980800000,3.898e-05
2022-04-15 08:00:00+00:00,2022-04-15 08:00:00+00:00,1650009600000,0.0001
2022-04-15 12:00:00+00:00,2022-04-15 08:00:00+00:00,1650009600000,0.0001
2022-04-15 16:00:00+00:00,2022-04-15 16:00:00+00:00,1650038400000,5.282e-05
2022-04-15 20:00:00+00:00,2022-04-15 16:00:00+00:00,1650038400000,5.282e-05
2022-04-16 00:00:00+00:00,2022-04-16 00:00:00+00:00,1650067200000,-0.00014075
2022-04-16 04:00:00+00:00,2022-04-16 00:00:00+00:00,1650067200000,-0.00014075
2022-04-16 08:00:00+00:00,2022-04-16 08:00:00+00:00,1650096000000,0.0001
2022-04-16 12:00:00+00:00,2022-04-16 08:00:00+00:00,1650096000000,0.0001
2022-04-16 16:00:00+00:00,2022-04-16 16:00:00+00:00,1650124800000,5.855e-05
2022-04-16 20:00:00+00:00,2022-04-16 16:00:00+00:00,1650124800000,5.855e-05
2022-04-17 00:00:00+00:00,2022-04-17 00:00:00+00:00,1650153600000,-2.746e-05
2022-04-17 04:00:00+00:00,2022-04-17 00:00:00+00:00,1650153600000,-2.746e-05
2022-04-17 08:00:00+00:00,2022-04-17 08:00:00+00:00,1650182400000,0.0001
2022-04-17 12:00:00+00:00,2022-04-17 08:00:00+00:00,1650182400000,0.0001
2022-04-17 16:00:00+00:00,2022-04-17 16:00:00+00:00,1650211200000,0.0001
2022-04-17 20:00:00+00:00,2022-04-17 16:00:00+00:00,1650211200000,0.0001
2022-04-18 00:00:00+00:00,2022-04-18 00:00:00+00:00,1650240000000,0.0001
2022-04-18 04:00:00+00:00,2022-04-18 00:00:00+00:00,1650240000000,0.0001
2022-04-18 08:00:00+00:00,2022-04-18 08:00:00+00:00,1650268800000,0.0001
2022-04-18 12:00:00+00:00,2022-04-18 08:00:00+00:00,1650268800000,0.0001
2022-04-18 16:00:00+00:00,2022-04-18 16:00:00+00:00,1650297600000,-2.218e-05
2022-04-18 20:00:00+00:00,2022-04-18 16:00:00+00:00,1650297600000,-2.218e-05
2022-04-19 00:00:00+00:00,2022-04-19 00:00:00+00:00,1650326400000,-5.379e-05
2022-04-19 04:00:00+00:00,2022-04-19 00:00:00+00:00,1650326400000,-5.379e-05
2022-04-19 08:00:00+00:00,2022-04-19 08:00:00+00:00,1650355200000,-8.94e-05
2022-04-19 12:00:00+00:00,2022-04-19 08:00:00+00:00,1650355200000,-8.94e-05
2022-04-19 16:00:00+00:00,2022-04-19 16:00:00+00:00,1650384000000,4.538e-05
2022-04-19 20:00:00+00:00,2022-04-19 16:00:00+00:00,1650384000000,4.538e-05
2022-04-20 00:00:00+00:00,2022-04-20 00:00:00+00:00,1650412800000,0.0001
2022-04-20 04:00:00+00:00,2022-04-20 00:00:00+00:00,1650412800000,0.0001
2022-04-20 08:00:00+00:00,2022-04-20 08:00:00+00:00,1650441600000,0.0001
2022-04-20 12:00:00+00:00,2022-04-20 08:00:00+00:00,1650441600000,0.0001
2022-04-20 16:00:00+00:00,2022-04-20 16:00:00+00:00,1650470400000,9.604e-05
2022-04-20 20:00:00+00:00,2022-04-20 16:00:00+00:00,1650470400000,9.604e-05
2022-04-21 00:00:00+00:00,2022-04-21 00:00:00+00:00,1650499200000,0.0001
2022-04-21 04:00:00+00:00,2022-04-21 00:00:00+00:00,1650499200000,0.0001
2022-04-21 08:00:00+00:00,2022-04-21 08:00:00+00:00,1650528000000,6.791e-05
2022-04-21 12:00:00+00:00,2022-04-21 08:00:00+00:00,1650528000000,6.791e-05
2022-04-21 16:00:00+00:00,2022-04-21 16:00:00+00:00,1650556800000,0.0001
2022-04-21 20:00:00+00:00,2022-04-21 16:00:00+00:00,1650556800000,0.0001
2022-04-22 00:00:00+00:00,2022-04-22 00:00:00+00:00,1650585600000,5.587e-05
2022-04-22 04:00:00+00:00,2022-04-22 00:00:00+00:00,1650585600000,5.587e-05
2022-04-22 08:00:00+00:00,2022-04-22 08:00:00+00:00,1650614400000,0.0001
2022-04-22 12:00:00+00:00,2022-04-22 08:00:00+00:00,1650614400000,0.0001
2022-04-22 16:00:00+00:00,2022-04-22 16:00:00+00:00,1650643200000,0.0001
2022-04-22 20:00:00+00:00,2022-04-22 16:00:00+00:00,1650643200000,0.0001
2022-04-23 00:00:00+00:00,2022-04-23 00:00:00+00:00,1650672000000,4.872e-05
2022-04-23 04:00:00+00:00,2022-04-23 00:00:00+00:00,1650672000000,4.872e-05
2022-04-23 08:00:00+00:00,2022-04-23 08:00:00+00:00,1650700800000,-3.971e-05
2022-04-23 12:00:00+00:00,2022-04-23 08:00:00+00:00,1650700800000,-3.971e-05
2022-04-23 16:00:00+00:00,2022-04-23 16:00:00+00:00,1650729600000,0.0001
2022-04-23 20:00:00+00:00,2022-04-23 16:00:00+00:00,1650729600000,0.0001
2022-04-24 00:00:00+00:00,2022-04-24 00:00:00+00:00,1650758400000,0.0001
2022-04-24 04:00:00+00:00,2022-04-24 00:00:00+00:00,1650758400000,0.0001
2022-04-24 08:00:00+00:00,2022-04-24 08:00:00+00:00,1650787200000,-1.699e-05
2022-04-24 12:00:00+00:00,2022-04-24 08:00:00+00:00,1650787200000,-1.699e-05
2022-04-24 16:00:00+00:00,2022-04-24 16:00:00+00:00,1650816000000,0.0001
2022-04-24 20:00:00+00:00,2022-04-24 16:00:00+00:00,1650816000000,0.0001
2022-04-25 00:00:00+00:00,2022-04-25 00:00:00+00:00,1650844800000,2.279e-05
2022-04-25 04:00:00+00:00,2022-04-25 00:00:00+00:00,1650844800000,2.279e-05
2022-04-25 08:00:00+00:00,2022-04-25 08:00:00+00:00,1650873600000,0.0001
2022-04-25 12:00:00+00:00,2022-04-25 08:00:00+00:00,1650873600000,0.0001
2022-04-25 16:00:00+00:00,2022-04-25 16:00:00+00:00,1650902400000,2.423e-05
2022-04-25 20:00:00+00:00,2022-04-25 16:00:00+00:00,1650902400000,2.423e-05
2022-04-26 00:00:00+00:00,2022-04-26 00:00:00+00:00,1650931200000,-0.00017709
2022-04-26 04:00:00+00:00,2022-04-26 00:00:00+00:00,1650931200000,-0.00017709
2022-04-26 08:00:00+00:00,2022-04-26 08:00:00+00:00,1650960000000,-1.079e-05
2022-04-26 12:00:00+00:00,2022-04-26 08:00:00+00:00,1650960000000,-1.079e-05
2022-04-26 16:00:00+00:00,2022-04-26 16:00:00+00:00,1650988800000,0.0001
2022-04-26 20:00:00+00:00,2022-04-26 16:00:00+00:00,1650988800000,0.0001
2022-04-27 00:00:00+00:00,2022-04-27 00:00:00+00:00,1651017600000,7.332e-05
2022-04-27 04:00:00+00:00,2022-04-27 00:00:00+00:00,1651017600000,7.332e-05
2022-04-27 08:00:00+00:00,2022-04-27 08:00:00+00:00,1651046400000,-5.611e-05
2022-04-27 12:00:00+00:00,2022-04-27 08:00:00+00:00,1651046400000,-5.611e-05
2022-04-27 16:00:00+00:00,2022-04-27 16:00:00+00:00,1651075200000,2.09e-06
2022-04-27 20:00:00+00:00,2022-04-27 16:00:00+00:00,1651075200000,2.09e-06
2022-04-28 00:00:00+00:00,2022-04-28 00:00:00+00:00,1651104000000,-7.758e-05
2022-04-28 04:00:00+00:00,2022-04-28 00:00:00+00:00,1651104000000,-7.758e-05
2022-04-28 08:00:00+00:00,2022-04-28 08:00:00+00:00,1651132800000,-4.35e-05
2022-04-28 12:00:00+00:00,2022-04-28 08:00:00+00:00,1651132800000,-4.35e-05
2022-04-28 16:00:00+00:00,2022-04-28 16:00:00+00:00,1651161600000,1.241e-05
2022-04-28 20:00:00+00:00,2022-04-28 16:00:00+00:00,1651161600000,1.241e-05
2022-04-29 00:00:00+00:00,2022-04-29 00:00:00+00:00,1651190400000,-8.362e-05
2022-04-29 04:00:00+00:00,2022-04-29 00:00:00+00:00,1651190400000,-8.362e-05
2022-04-29 08:00:00+00:00,2022-04-29 08:00:00+00:00,1651219200000,7.754e-05
2022-04-29 12:00:00+00:00,2022-04-29 08:00:00+00:00,1651219200000,7.754e-05
2022-04-29 16:00:00+00:00,2022-04-29 16:00:00+00:00,1651248000000,-0.00014385
2022-04-29 20:00:00+00:00,2022-04-29 16:00:00+00:00,1651248000000,-0.00014385
2022-04-30 00:00:00+00:00,2022-04-30 00:00:00+00:00,1651276800000,1.658e-05
2022-04-30 04:00:00+00:00,2022-04-30 00:00:00+00:00,1651276800000,1.658e-05
2022-04-30 08:00:00+00:00,2022-04-30 08:00:00+00:00,1651305600000,-5.645e-05
2022-04-30 12:00:00+00:00,2022-04-30 08:00:00+00:00,1651305600000,-5.645e-05
2022-04-30 16:00:00+00:00,2022-04-30 16:00:00+00:00,1651334400000,0.0001
2022-04-30 20:00:00+00:00,2022-04-30 16:00:00+00:00,1651334400000,0.0001
2022-05-01 00:00:00+00:00,2022-05-01 00:00:00+00:00,1651363200000,-0.00017467
2022-05-01 04:00:00+00:00,2022-05-01 00:00:00+00:00,1651363200000,-0.00017467
2022-05-01 08:00:00+00:00,2022-05-01 08:00:00+00:00,1651392000000,-0.00029941
2022-05-01 12:00:00+00:00,2022-05-01 08:00:00+00:00,1651392000000,-0.00029941
2022-05-01 16:00:00+00:00,2022-05-01 16:00:00+00:00,1651420800000,-0.00050484
2022-05-01 20:00:00+00:00,2022-05-01 16:00:00+00:00,1651420800000,-0.00050484
2022-05-02 00:00:00+00:00,2022-05-02 00:00:00+00:00,1651449600000,-8.459e-05
2022-05-02 04:00:00+00:00,2022-05-02 00:00:00+00:00,1651449600000,-8.459e-05
2022-05-02 08:00:00+00:00,2022-05-02 08:00:00+00:00,1651478400000,-0.00054345
2022-05-02 12:00:00+00:00,2022-05-02 08:00:00+00:00,1651478400000,-0.00054345
2022-05-02 16:00:00+00:00,2022-05-02 16:00:00+00:00,1651507200000,-4.86e-05
2022-05-02 20:00:00+00:00,2022-05-02 16:00:00+00:00,1651507200000,-4.86e-05
2022-05-03 00:00:00+00:00,2022-05-03 00:00:00+00:00,1651536000000,-0.00032586
2022-05-03 04:00:00+00:00,2022-05-03 00:00:00+00:00,1651536000000,-0.00032586
2022-05-03 08:00:00+00:00,2022-05-03 08:00:00+00:00,1651564800000,5.646e-05
2022-05-03 12:00:00+00:00,2022-05-03 08:00:00+00:00,1651564800000,5.646e-05
2022-05-03 16:00:00+00:00,2022-05-03 16:00:00+00:00,1651593600000,-0.00028514
2022-05-03 20:00:00+00:00,2022-05-03 16:00:00+00:00,1651593600000,-0.00028514
2022-05-04 00:00:00+00:00,2022-05-04 00:00:00+00:00,1651622400000,-0.00010235
2022-05-04 04:00:00+00:00,2022-05-04 00:00:00+00:00,1651622400000,-0.00010235
2022-05-04 08:00:00+00:00,2022-05-04 08:00:00+00:00,1651651200000,2.845e-05
2022-05-04 12:00:00+00:00,2022-05-04 08:00:00+00:00,1651651200000,2.845e-05
2022-05-04 16:00:00+00:00,2022-05-04 16:00:00+00:00,1651680000000,-5.857e-05
2022-05-04 20:00:00+00:00,2022-05-04 16:00:00+00:00,1651680000000,-5.857e-05
2022-05-05 00:00:00+00:00,2022-05-05 00:00:00+00:00,1651708800000,-0.00014044
2022-05-05 04:00:00+00:00,2022-05-05 00:00:00+00:00,1651708800000,-0.00014044
2022-05-05 08:00:00+00:00,2022-05-05 08:00:00+00:00,1651737600000,-4.78e-05
2022-05-05 12:00:00+00:00,2022-05-05 08:00:00+00:00,1651737600000,-4.78e-05
2022-05-05 16:00:00+00:00,2022-05-05 16:00:00+00:00,1651766400000,0.0001
2022-05-05 20:00:00+00:00,2022-05-05 16:00:00+00:00,1651766400000,0.0001
2022-05-06 00:00:00+00:00,2022-05-06 00:00:00+00:00,1651795200000,-1.79e-06
2022-05-06 04:00:00+00:00,2022-05-06 00:00:00+00:00,1651795200000,-1.79e-06
2022-05-06 08:00:00+00:00,2022-05-06 08:00:00+00:00,1651824000000,-0.00045047
2022-05-06 12:00:00+00:00,2022-05-06 08:00:00+00:00,1651824000000,-0.00045047
2022-05-06 16:00:00+00:00,2022-05-06 16:00:00+00:00,1651852800000,0.0001
2022-05-06 20:00:00+00:00,2022-05-06 16:00:00+00:00,1651852800000,0.0001
2022-05-07 00:00:00+00:00,2022-05-07 00:00:00+00:00,1651881600000,-0.00027544
2022-05-07 04:00:00+00:00,2022-05-07 00:00:00+00:00,1651881600000,-0.00027544
2022-05-07 08:00:00+00:00,2022-05-07 08:00:00+00:00,1651910400000,7.679e-05
2022-05-07 12:00:00+00:00,2022-05-07 08:00:00+00:00,1651910400000,7.679e-05
2022-05-07 16:00:00+00:00,2022-05-07 16:00:00+00:00,1651939200000,-0.00028787
2022-05-07 20:00:00+00:00,2022-05-07 16:00:00+00:00,1651939200000,-0.00028787
2022-05-08 00:00:00+00:00,2022-05-08 00:00:00+00:00,1651968000000,7.41e-06
2022-05-08 04:00:00+00:00,2022-05-08 00:00:00+00:00,1651968000000,7.41e-06
2022-05-08 08:00:00+00:00,2022-05-08 08:00:00+00:00,1651996800000,-0.00029811
2022-05-08 12:00:00+00:00,2022-05-08 08:00:00+00:00,1651996800000,-0.00029811
2022-05-08 16:00:00+00:00,2022-05-08 16:00:00+00:00,1652025600000,9.31e-06
2022-05-08 20:00:00+00:00,2022-05-08 16:00:00+00:00,1652025600000,9.31e-06
2022-05-09 00:00:00+00:00,2022-05-09 00:00:00+00:00,1652054400000,-1.055e-05
2022-05-09 04:00:00+00:00,2022-05-09 00:00:00+00:00,1652054400000,-1.055e-05
2022-05-09 08:00:00+00:00,2022-05-09 08:00:00+00:00,1652083200000,-0.0002554
2022-05-09 12:00:00+00:00,2022-05-09 08:00:00+00:00,1652083200000,-0.0002554
2022-05-09 16:00:00+00:00,2022-05-09 16:00:00+00:00,1652112000000,-4.351e-05
2022-05-09 20:00:00+00:00,2022-05-09 16:00:00+00:00,1652112000000,-4.351e-05
2022-05-10 00:00:00+00:00,2022-05-10 00:00:00+00:00,1652140800000,-0.00028784
2022-05-10 04:00:00+00:00,2022-05-10 00:00:00+00:00,1652140800000,-0.00028784
2022-05-10 08:00:00+00:00,2022-05-10 08:00:00+00:00,1652169600000,-0.00021449
2022-05-10 12:00:00+00:00,2022-05-10 08:00:00+00:00,1652169600000,-0.00021449
2022-05-10 16:00:00+00:00,2022-05-10 16:00:00+00:00,1652198400000,7.689e-05
2022-05-10 20:00:00+00:00,2022-05-10 16:00:00+00:00,1652198400000,7.689e-05
2022-05-11 00:00:00+00:00,2022-05-11 00:00:00+00:00,1652227200000,-0.00029945
2022-05-11 04:00:00+00:00,2022-05-11 00:00:00+00:00,1652227200000,-0.00029945
2022-05-11 08:00:00+00:00,2022-05-11 08:00:00+00:00,1652256000000,-0.00039574
2022-05-11 12:00:00+00:00,2022-05-11 08:00:00+00:00,1652256000000,-0.00039574
2022-05-11 16:00:00+00:00,2022-05-11 16:00:00+00:00,1652284800000,-0.00033428
2022-05-11 20:00:00+00:00,2022-05-11 16:00:00+00:00,1652284800000,-0.00033428
2022-05-12 00:00:00+00:00,2022-05-12 00:00:00+00:00,1652313600000,-0.00118143
2022-05-12 04:00:00+00:00,2022-05-12 00:00:00+00:00,1652313600000,-0.00118143
2022-05-12 08:00:00+00:00,2022-05-12 08:00:00+00:00,1652342400000,-0.00126429
2022-05-12 12:00:00+00:00,2022-05-12 08:00:00+00:00,1652342400000,-0.00126429
2022-05-12 16:00:00+00:00,2022-05-12 16:00:00+00:00,1652371200000,-0.00118164
2022-05-12 20:00:00+00:00,2022-05-12 16:00:00+00:00,1652371200000,-0.00118164
2022-05-13 00:00:00+00:00,2022-05-13 00:00:00+00:00,1652400000000,-0.00190987
2022-05-13 04:00:00+00:00,2022-05-13 00:00:00+00:00,1652400000000,-0.00190987
2022-05-13 08:00:00+00:00,2022-05-13 08:00:00+00:00,1652428800000,-0.00092339
2022-05-13 12:00:00+00:00,2022-05-13 08:00:00+00:00,1652428800000,-0.00092339
2022-05-13 16:00:00+00:00,2022-05-13 16:00:00+00:00,1652457600000,-0.00040503
2022-05-13 20:00:00+00:00,2022-05-13 16:00:00+00:00,1652457600000,-0.00040503
2022-05-14 00:00:00+00:00,2022-05-14 00:00:00+00:00,1652486400000,-0.00031601
2022-05-14 04:00:00+00:00,2022-05-14 00:00:00+00:00,1652486400000,-0.00031601
2022-05-14 08:00:00+00:00,2022-05-14 08:00:00+00:00,1652515200000,-0.00012437
2022-05-14 12:00:00+00:00,2022-05-14 08:00:00+00:00,1652515200000,-0.00012437
2022-05-14 16:00:00+00:00,2022-05-14 16:00:00+00:00,1652544000000,-0.00050888
2022-05-14 20:00:00+00:00,2022-05-14 16:00:00+00:00,1652544000000,-0.00050888
2022-05-15 00:00:00+00:00,2022-05-15 00:00:00+00:00,1652572800000,-0.00054663
2022-05-15 04:00:00+00:00,2022-05-15 00:00:00+00:00,1652572800000,-0.00054663
2022-05-15 08:00:00+00:00,2022-05-15 08:00:00+00:00,1652601600000,-0.00022617
2022-05-15 12:00:00+00:00,2022-05-15 08:00:00+00:00,1652601600000,-0.00022617
2022-05-15 16:00:00+00:00,2022-05-15 16:00:00+00:00,1652630400000,-7.248e-05
2022-05-15 20:00:00+00:00,2022-05-15 16:00:00+00:00,1652630400000,-7.248e-05
2022-05-16 00:00:00+00:00,2022-05-16 00:00:00+00:00,1652659200000,-0.0003015
2022-05-16 04:00:00+00:00,2022-05-16 00:00:00+00:00,1652659200000,-0.0003015
2022-05-16 08:00:00+00:00,2022-05-16 08:00:00+00:00,1652688000000,-6.29e-06
2022-05-16 12:00:00+00:00,2022-05-16 08:00:00+00:00,1652688000000,-6.29e-06
2022-05-16 16:00:00+00:00,2022-05-16 16:00:00+00:00,1652716800000,-0.00029545
2022-05-16 20:00:00+00:00,2022-05-16 16:00:00+00:00,1652716800000,-0.00029545
2022-05-17 00:00:00+00:00,2022-05-17 00:00:00+00:00,1652745600000,-0.00020301
2022-05-17 04:00:00+00:00,2022-05-17 00:00:00+00:00,1652745600000,-0.00020301
2022-05-17 08:00:00+00:00,2022-05-17 08:00:00+00:00,1652774400000,-0.00015164
2022-05-17 12:00:00+00:00,2022-05-17 08:00:00+00:00,1652774400000,-0.00015164
2022-05-17 16:00:00+00:00,2022-05-17 16:00:00+00:00,1652803200000,-0.00017234
2022-05-17 20:00:00+00:00,2022-05-17 16:00:00+00:00,1652803200000,-0.00017234
2022-05-18 00:00:00+00:00,2022-05-18 00:00:00+00:00,1652832000000,4.697e-05
2022-05-18 04:00:00+00:00,2022-05-18 00:00:00+00:00,1652832000000,4.697e-05
2022-05-18 08:00:00+00:00,2022-05-18 08:00:00+00:00,1652860800000,9.46e-06
2022-05-18 12:00:00+00:00,2022-05-18 08:00:00+00:00,1652860800000,9.46e-06
2022-05-18 16:00:00+00:00,2022-05-18 16:00:00+00:00,1652889600000,-0.00014155
2022-05-18 20:00:00+00:00,2022-05-18 16:00:00+00:00,1652889600000,-0.00014155
2022-05-19 00:00:00+00:00,2022-05-19 00:00:00+00:00,1652918400000,-0.0001349
2022-05-19 04:00:00+00:00,2022-05-19 00:00:00+00:00,1652918400000,-0.0001349
2022-05-19 08:00:00+00:00,2022-05-19 08:00:00+00:00,1652947200000,-0.00017614
2022-05-19 12:00:00+00:00,2022-05-19 08:00:00+00:00,1652947200000,-0.00017614
2022-05-19 16:00:00+00:00,2022-05-19 16:00:00+00:00,1652976000000,-6.849e-05
2022-05-19 20:00:00+00:00,2022-05-19 16:00:00+00:00,1652976000000,-6.849e-05
2022-05-20 00:00:00+00:00,2022-05-20 00:00:00+00:00,1653004800000,-3.78e-05
2022-05-20 04:00:00+00:00,2022-05-20 00:00:00+00:00,1653004800000,-3.78e-05
2022-05-20 08:00:00+00:00,2022-05-20 08:00:00+00:00,1653033600000,0.0001
2022-05-20 12:00:00+00:00,2022-05-20 08:00:00+00:00,1653033600000,0.0001
2022-05-20 16:00:00+00:00,2022-05-20 16:00:00+00:00,1653062400000,-0.0001993
2022-05-20 20:00:00+00:00,2022-05-20 16:00:00+00:00,1653062400000,-0.0001993
2022-05-21 00:00:00+00:00,2022-05-21 00:00:00+00:00,1653091200000,0.0001
2022-05-21 04:00:00+00:00,2022-05-21 00:00:00+00:00,1653091200000,0.0001
2022-05-21 08:00:00+00:00,2022-05-21 08:00:00+00:00,1653120000000,-0.00029558
2022-05-21 12:00:00+00:00,2022-05-21 08:00:00+00:00,1653120000000,-0.00029558
2022-05-21 16:00:00+00:00,2022-05-21 16:00:00+00:00,1653148800000,0.0001
2022-05-21 20:00:00+00:00,2022-05-21 16:00:00+00:00,1653148800000,0.0001
2022-05-22 00:00:00+00:00,2022-05-22 00:00:00+00:00,1653177600000,-0.00020791
2022-05-22 04:00:00+00:00,2022-05-22 00:00:00+00:00,1653177600000,-0.00020791
2022-05-22 08:00:00+00:00,2022-05-22 08:00:00+00:00,1653206400000,-4.081e-05
2022-05-22 12:00:00+00:00,2022-05-22 08:00:00+00:00,1653206400000,-4.081e-05
2022-05-22 16:00:00+00:00,2022-05-22 16:00:00+00:00,1653235200000,-2.43e-06
2022-05-22 20:00:00+00:00,2022-05-22 16:00:00+00:00,1653235200000,-2.43e-06
2022-05-23 00:00:00+00:00,2022-05-23 00:00:00+00:00,1653264000000,-9.496e-05
2022-05-23 04:00:00+00:00,2022-05-23 00:00:00+00:00,1653264000000,-9.496e-05
2022-05-23 08:00:00+00:00,2022-05-23 08:00:00+00:00,1653292800000,4.199e-05
2022-05-23 12:00:00+00:00,2022-05-23 08:00:00+00:00,1653292800000,4.199e-05
2022-05-23 16:00:00+00:00,2022-05-23 16:00:00+00:00,1653321600000,3.118e-05
2022-05-23 20:00:00+00:00,2022-05-23 16:00:00+00:00,1653321600000,3.118e-05
2022-05-24 00:00:00+00:00,2022-05-24 00:00:00+00:00,1653350400000,0.0001
2022-05-24 04:00:00+00:00,2022-05-24 00:00:00+00:00,1653350400000,0.0001
2022-05-24 08:00:00+00:00,2022-05-24 08:00:00+00:00,1653379200000,-2.434e-05
2022-05-24 12:00:00+00:00,2022-05-24 08:00:00+00:00,1653379200000,-2.434e-05
2022-05-24 16:00:00+00:00,2022-05-24 16:00:00+00:00,1653408000000,-0.00012736
2022-05-24 20:00:00+00:00,2022-05-24 16:00:00+00:00,1653408000000,-0.00012736
2022-05-25 00:00:00+00:00,2022-05-25 00:00:00+00:00,1653436800000,-0.00010938
2022-05-25 04:00:00+00:00,2022-05-25 00:00:00+00:00,1653436800000,-0.00010938
2022-05-25 08:00:00+00:00,2022-05-25 08:00:00+00:00,1653465600000,-1.502e-05
2022-05-25 12:00:00+00:00,2022-05-25 08:00:00+00:00,1653465600000,-1.502e-05
2022-05-25 16:00:00+00:00,2022-05-25 16:00:00+00:00,1653494400000,0.0001
2022-05-25 20:00:00+00:00,2022-05-25 16:00:00+00:00,1653494400000,0.0001
2022-05-26 00:00:00+00:00,2022-05-26 00:00:00+00:00,1653523200000,4.819e-05
2022-05-26 04:00:00+00:00,2022-05-26 00:00:00+00:00,1653523200000,4.819e-05
2022-05-26 08:00:00+00:00,2022-05-26 08:00:00+00:00,1653552000000,0.0001
2022-05-26 12:00:00+00:00,2022-05-26 08:00:00+00:00,1653552000000,0.0001
2022-05-26 16:00:00+00:00,2022-05-26 16:00:00+00:00,1653580800000,-0.00012775
2022-05-26 20:00:00+00:00,2022-05-26 16:00:00+00:00,1653580800000,-0.00012775
2022-05-27 00:00:00+00:00,2022-05-27 00:00:00+00:00,1653609600000,-0.00021268
2022-05-27 04:00:00+00:00,2022-05-27 00:00:00+00:00,1653609600000,-0.00021268
2022-05-27 08:00:00+00:00,2022-05-27 08:00:00+00:00,1653638400000,-6.841e-05
2022-05-27 12:00:00+00:00,2022-05-27 08:00:00+00:00,1653638400000,-6.841e-05
2022-05-27 16:00:00+00:00,2022-05-27 16:00:00+00:00,1653667200000,-0.00024664
2022-05-27 20:00:00+00:00,2022-05-27 16:00:00+00:00,1653667200000,-0.00024664
2022-05-28 00:00:00+00:00,2022-05-28 00:00:00+00:00,1653696000000,8.178e-05
2022-05-28 04:00:00+00:00,2022-05-28 00:00:00+00:00,1653696000000,8.178e-05
2022-05-28 08:00:00+00:00,2022-05-28 08:00:00+00:00,1653724800000,-0.00024251
2022-05-28 12:00:00+00:00,2022-05-28 08:00:00+00:00,1653724800000,-0.00024251
2022-05-28 16:00:00+00:00,2022-05-28 16:00:00+00:00,1653753600000,5.8e-05
2022-05-28 20:00:00+00:00,2022-05-28 16:00:00+00:00,1653753600000,5.8e-05
2022-05-29 00:00:00+00:00,2022-05-29 00:00:00+00:00,1653782400000,-8.083e-05
2022-05-29 04:00:00+00:00,2022-05-29 00:00:00+00:00,1653782400000,-8.083e-05
2022-05-29 08:00:00+00:00,2022-05-29 08:00:00+00:00,1653811200000,-1.858e-05
2022-05-29 12:00:00+00:00,2022-05-29 08:00:00+00:00,1653811200000,-1.858e-05
2022-05-29 16:00:00+00:00,2022-05-29 16:00:00+00:00,1653840000000,-1.218e-05
2022-05-29 20:00:00+00:00,2022-05-29 16:00:00+00:00,1653840000000,-1.218e-05
2022-05-30 00:00:00+00:00,2022-05-30 00:00:00+00:00,1653868800000,-5.75e-06
2022-05-30 04:00:00+00:00,2022-05-30 00:00:00+00:00,1653868800000,-5.75e-06
2022-05-30 08:00:00+00:00,2022-05-30 08:00:00+00:00,1653897600000,0.0001
2022-05-30 12:00:00+00:00,2022-05-30 08:00:00+00:00,1653897600000,0.0001
2022-05-30 16:00:00+00:00,2022-05-30 16:00:00+00:00,1653926400000,-2.495e-05
2022-05-30 20:00:00+00:00,2022-05-30 16:00:00+00:00,1653926400000,-2.495e-05
2022-05-31 00:00:00+00:00,2022-05-31 00:00:00+00:00,1653955200000,0.0001
2022-05-31 04:00:00+00:00,2022-05-31 00:00:00+00:00,1653955200000,0.0001
2022-05-31 08:00:00+00:00,2022-05-31 08:00:00+00:00,1653984000000,-5.207e-05
2022-05-31 12:00:00+00:00,2022-05-31 08:00:00+00:00,1653984000000,-5.207e-05
2022-05-31 16:00:00+00:00,2022-05-31 16:00:00+00:00,1654012800000,0.0001
2022-05-31 20:00:00+00:00,2022-05-31 16:00:00+00:00,1654012800000,0.0001
2022-06-01 00:00:00+00:00,2022-06-01 00:00:00+00:00,1654041600000,0.0001
2022-06-01 04:00:00+00:00,2022-06-01 00:00:00+00:00,1654041600000,0.0001
2022-06-01 08:00:00+00:00,2022-06-01 08:00:00+00:00,1654070400000,8.59e-05
2022-06-01 12:00:00+00:00,2022-06-01 08:00:00+00:00,1654070400000,8.59e-05
2022-06-01 16:00:00+00:00,2022-06-01 16:00:00+00:00,1654099200000,2.506e-05
2022-06-01 20:00:00+00:00,2022-06-01 16:00:00+00:00,1654099200000,2.506e-05
2022-06-02 00:00:00+00:00,2022-06-02 00:00:00+00:00,1654128000000,0.0001
2022-06-02 04:00:00+00:00,2022-06-02 00:00:00+00:00,1654128000000,0.0001
2022-06-02 08:00:00+00:00,2022-06-02 08:00:00+00:00,1654156800000,-0.00021256
2022-06-02 12:00:00+00:00,2022-06-02 08:00:00+00:00,1654156800000,-0.00021256
2022-06-02 16:00:00+00:00,2022-06-02 16:00:00+00:00,1654185600000,-0.0001073
2022-06-02 20:00:00+00:00,2022-06-02 16:00:00+00:00,1654185600000,-0.0001073
2022-06-03 00:00:00+00:00,2022-06-03 00:00:00+00:00,1654214400000,-0.00029555
2022-06-03 04:00:00+00:00,2022-06-03 00:00:00+00:00,1654214400000,-0.00029555
2022-06-03 08:00:00+00:00,2022-06-03 08:00:00+00:00,1654243200000,0.0001
2022-06-03 12:00:00+00:00,2022-06-03 08:00:00+00:00,1654243200000,0.0001
2022-06-03 16:00:00+00:00,2022-06-03 16:00:00+00:00,1654272000000,-0.00010762
2022-06-03 20:00:00+00:00,2022-06-03 16:00:00+00:00,1654272000000,-0.00010762
2022-06-04 00:00:00+00:00,2022-06-04 00:00:00+00:00,1654300800000,-0.00011373
2022-06-04 04:00:00+00:00,2022-06-04 00:00:00+00:00,1654300800000,-0.00011373
2022-06-04 08:00:00+00:00,2022-06-04 08:00:00+00:00,1654329600000,8.937e-05
2022-06-04 12:00:00+00:00,2022-06-04 08:00:00+00:00,1654329600000,8.937e-05
2022-06-04 16:00:00+00:00,2022-06-04 16:00:00+00:00,1654358400000,-0.00041582
2022-06-04 20:00:00+00:00,2022-06-04 16:00:00+00:00,1654358400000,-0.00041582
2022-06-05 00:00:00+00:00,2022-06-05 00:00:00+00:00,1654387200000,-0.00013248
2022-06-05 04:00:00+00:00,2022-06-05 00:00:00+00:00,1654387200000,-0.00013248
2022-06-05 08:00:00+00:00,2022-06-05 08:00:00+00:00,1654416000000,-0.00019093
2022-06-05 12:00:00+00:00,2022-06-05 08:00:00+00:00,1654416000000,-0.00019093
2022-06-05 16:00:00+00:00,2022-06-05 16:00:00+00:00,1654444800000,-0.00023218
2022-06-05 20:00:00+00:00,2022-06-05 16:00:00+00:00,1654444800000,-0.00023218
2022-06-06 00:00:00+00:00,2022-06-06 00:00:00+00:00,1654473600000,-0.00039886
2022-06-06 04:00:00+00:00,2022-06-06 00:00:00+00:00,1654473600000,-0.00039886
2022-06-06 08:00:00+00:00,2022-06-06 08:00:00+00:00,1654502400000,-6.06e-05
2022-06-06 12:00:00+00:00,2022-06-06 08:00:00+00:00,1654502400000,-6.06e-05
2022-06-06 16:00:00+00:00,2022-06-06 16:00:00+00:00,1654531200000,-9.431e-05
2022-06-06 20:00:00+00:00,2022-06-06 16:00:00+00:00,1654531200000,-9.431e-05
2022-06-07 00:00:00+00:00,2022-06-07 00:00:00+00:00,1654560000000,-0.00027247
2022-06-07 04:00:00+00:00,2022-06-07 00:00:00+00:00,1654560000000,-0.00027247
2022-06-07 08:00:00+00:00,2022-06-07 08:00:00+00:00,1654588800000,0.0001
2022-06-07 12:00:00+00:00,2022-06-07 08:00:00+00:00,1654588800000,0.0001
2022-06-07 16:00:00+00:00,2022-06-07 16:00:00+00:00,1654617600000,1.01e-06
2022-06-07 20:00:00+00:00,2022-06-07 16:00:00+00:00,1654617600000,1.01e-06
2022-06-08 00:00:00+00:00,2022-06-08 00:00:00+00:00,1654646400000,-0.00019494
2022-06-08 04:00:00+00:00,2022-06-08 00:00:00+00:00,1654646400000,-0.00019494
2022-06-08 08:00:00+00:00,2022-06-08 08:00:00+00:00,1654675200000,-0.0001783
2022-06-08 12:00:00+00:00,2022-06-08 08:00:00+00:00,1654675200000,-0.0001783
2022-06-08 16:00:00+00:00,2022-06-08 16:00:00+00:00,1654704000000,-0.00020322
2022-06-08 20:00:00+00:00,2022-06-08 16:00:00+00:00,1654704000000,-0.00020322
2022-06-09 00:00:00+00:00,2022-06-09 00:00:00+00:00,1654732800000,7.792e-05
2022-06-09 04:00:00+00:00,2022-06-09 00:00:00+00:00,1654732800000,7.792e-05
2022-06-09 08:00:00+00:00,2022-06-09 08:00:00+00:00,1654761600000,-5.36e-06
2022-06-09 12:00:00+00:00,2022-06-09 08:00:00+00:00,1654761600000,-5.36e-06
2022-06-09 16:00:00+00:00,2022-06-09 16:00:00+00:00,1654790400000,-6.017e-05
2022-06-09 20:00:00+00:00,2022-06-09 16:00:00+00:00,1654790400000,-6.017e-05
2022-06-10 00:00:00+00:00,2022-06-10 00:00:00+00:00,1654819200000,-0.00011176
2022-06-10 04:00:00+00:00,2022-06-10 00:00:00+00:00,1654819200000,-0.00011176
2022-06-10 08:00:00+00:00,2022-06-10 08:00:00+00:00,1654848000000,0.0001
2022-06-10 12:00:00+00:00,2022-06-10 08:00:00+00:00,1654848000000,0.0001
2022-06-10 16:00:00+00:00,2022-06-10 16:00:00+00:00,1654876800000,-1.688e-05
2022-06-10 20:00:00+00:00,2022-06-10 16:00:00+00:00,1654876800000,-1.688e-05
2022-06-11 00:00:00+00:00,2022-06-11 00:00:00+00:00,1654905600000,-1.049e-05
2022-06-11 04:00:00+00:00,2022-06-11 00:00:00+00:00,1654905600000,-1.049e-05
2022-06-11 08:00:00+00:00,2022-06-11 08:00:00+00:00,1654934400000,-0.00018421
2022-06-11 12:00:00+00:00,2022-06-11 08:00:00+00:00,1654934400000,-0.00018421
2022-06-11 16:00:00+00:00,2022-06-11 16:00:00+00:00,1654963200000,-2.99e-05
2022-06-11 20:00:00+00:00,2022-06-11 16:00:00+00:00,1654963200000,-2.99e-05
2022-06-12 00:00:00+00:00,2022-06-12 00:00:00+00:00,1654992000000,-0.00042955
2022-06-12 04:00:00+00:00,2022-06-12 00:00:00+00:00,1654992000000,-0.00042955
2022-06-12 08:00:00+00:00,2022-06-12 08:00:00+00:00,1655020800000,-0.00032702
2022-06-12 12:00:00+00:00,2022-06-12 08:00:00+00:00,1655020800000,-0.00032702
2022-06-12 16:00:00+00:00,2022-06-12 16:00:00+00:00,1655049600000,-0.00042561
2022-06-12 20:00:00+00:00,2022-06-12 16:00:00+00:00,1655049600000,-0.00042561
2022-06-13 00:00:00+00:00,2022-06-13 00:00:00+00:00,1655078400000,-0.00014819
2022-06-13 04:00:00+00:00,2022-06-13 00:00:00+00:00,1655078400000,-0.00014819
2022-06-13 08:00:00+00:00,2022-06-13 08:00:00+00:00,1655107200000,-0.00025823
2022-06-13 12:00:00+00:00,2022-06-13 08:00:00+00:00,1655107200000,-0.00025823
2022-06-13 16:00:00+00:00,2022-06-13 16:00:00+00:00,1655136000000,-0.00048477
2022-06-13 20:00:00+00:00,2022-06-13 16:00:00+00:00,1655136000000,-0.00048477
2022-06-14 00:00:00+00:00,2022-06-14 00:00:00+00:00,1655164800000,-0.00051148
2022-06-14 04:00:00+00:00,2022-06-14 00:00:00+00:00,1655164800000,-0.00051148
2022-06-14 08:00:00+00:00,2022-06-14 08:00:00+00:00,1655193600000,-7.872e-05
2022-06-14 12:00:00+00:00,2022-06-14 08:00:00+00:00,1655193600000,-7.872e-05
2022-06-14 16:00:00+00:00,2022-06-14 16:00:00+00:00,1655222400000,-0.00033943
2022-06-14 20:00:00+00:00,2022-06-14 16:00:00+00:00,1655222400000,-0.00033943
2022-06-15 00:00:00+00:00,2022-06-15 00:00:00+00:00,1655251200000,-5.533e-05
2022-06-15 04:00:00+00:00,2022-06-15 00:00:00+00:00,1655251200000,-5.533e-05
2022-06-15 08:00:00+00:00,2022-06-15 08:00:00+00:00,1655280000000,-0.00013872
2022-06-15 12:00:00+00:00,2022-06-15 08:00:00+00:00,1655280000000,-0.00013872
2022-06-15 16:00:00+00:00,2022-06-15 16:00:00+00:00,1655308800000,-9.787e-05
2022-06-15 20:00:00+00:00,2022-06-15 16:00:00+00:00,1655308800000,-9.787e-05
2022-06-16 00:00:00+00:00,2022-06-16 00:00:00+00:00,1655337600000,-0.000208
2022-06-16 04:00:00+00:00,2022-06-16 00:00:00+00:00,1655337600000,-0.000208
2022-06-16 08:00:00+00:00,2022-06-16 08:00:00+00:00,1655366400000,-4.997e-05
2022-06-16 12:00:00+00:00,2022-06-16 08:00:00+00:00,1655366400000,-4.997e-05
2022-06-16 16:00:00+00:00,2022-06-16 16:00:00+00:00,1655395200000,-0.00025508
2022-06-16 20:00:00+00:00,2022-06-16 16:00:00+00:00,1655395200000,-0.00025508
2022-06-17 00:00:00+00:00,2022-06-17 00:00:00+00:00,1655424000000,-3.72e-05
2022-06-17 04:00:00+00:00,2022-06-17 00:00:00+00:00,1655424000000,-3.72e-05
2022-06-17 08:00:00+00:00,2022-06-17 08:00:00+00:00,1655452800000,-0.00014078
2022-06-17 12:00:00+00:00,2022-06-17 08:00:00+00:00,1655452800000,-0.00014078
2022-06-17 16:00:00+00:00,2022-06-17 16:00:00+00:00,1655481600000,-0.00045371
2022-06-17 20:00:00+00:00,2022-06-17 16:00:00+00:00,1655481600000,-0.00045371
2022-06-18 00:00:00+00:00,2022-06-18 00:00:00+00:00,1655510400000,-0.00016878
2022-06-18 04:00:00+00:00,2022-06-18 00:00:00+00:00,1655510400000,-0.00016878
2022-06-18 08:00:00+00:00,2022-06-18 08:00:00+00:00,1655539200000,0.0001
2022-06-18 12:00:00+00:00,2022-06-18 08:00:00+00:00,1655539200000,0.0001
2022-06-18 16:00:00+00:00,2022-06-18 16:00:00+00:00,1655568000000,-0.00012056
2022-06-18 20:00:00+00:00,2022-06-18 16:00:00+00:00,1655568000000,-0.00012056
2022-06-19 00:00:00+00:00,2022-06-19 00:00:00+00:00,1655596800000,-0.00061207
2022-06-19 04:00:00+00:00,2022-06-19 00:00:00+00:00,1655596800000,-0.00061207
2022-06-19 08:00:00+00:00,2022-06-19 08:00:00+00:00,1655625600000,-0.00016147
2022-06-19 12:00:00+00:00,2022-06-19 08:00:00+00:00,1655625600000,-0.00016147
2022-06-19 16:00:00+00:00,2022-06-19 16:00:00+00:00,1655654400000,-0.00010669
2022-06-19 20:00:00+00:00,2022-06-19 16:00:00+00:00,1655654400000,-0.00010669
2022-06-20 00:00:00+00:00,2022-06-20 00:00:00+00:00,1655683200000,-0.00018503
2022-06-20 04:00:00+00:00,2022-06-20 00:00:00+00:00,1655683200000,-0.00018503
2022-06-20 08:00:00+00:00,2022-06-20 08:00:00+00:00,1655712000000,2.616e-05
2022-06-20 12:00:00+00:00,2022-06-20 08:00:00+00:00,1655712000000,2.616e-05
2022-06-20 16:00:00+00:00,2022-06-20 16:00:00+00:00,1655740800000,-0.00031101
2022-06-20 20:00:00+00:00,2022-06-20 16:00:00+00:00,1655740800000,-0.00031101
2022-06-21 00:00:00+00:00,2022-06-21 00:00:00+00:00,1655769600000,6.735e-05
2022-06-21 04:00:00+00:00,2022-06-21 00:00:00+00:00,1655769600000,6.735e-05
2022-06-21 08:00:00+00:00,2022-06-21 08:00:00+00:00,1655798400000,-0.00010325
2022-06-21 12:00:00+00:00,2022-06-21 08:00:00+00:00,1655798400000,-0.00010325
2022-06-21 16:00:00+00:00,2022-06-21 16:00:00+00:00,1655827200000,-0.00017611
2022-06-21 20:00:00+00:00,2022-06-21 16:00:00+00:00,1655827200000,-0.00017611
2022-06-22 00:00:00+00:00,2022-06-22 00:00:00+00:00,1655856000000,-0.00037424
2022-06-22 04:00:00+00:00,2022-06-22 00:00:00+00:00,1655856000000,-0.00037424
2022-06-22 08:00:00+00:00,2022-06-22 08:00:00+00:00,1655884800000,-0.00043479
2022-06-22 12:00:00+00:00,2022-06-22 08:00:00+00:00,1655884800000,-0.00043479
2022-06-22 16:00:00+00:00,2022-06-22 16:00:00+00:00,1655913600000,-0.00023936
2022-06-22 20:00:00+00:00,2022-06-22 16:00:00+00:00,1655913600000,-0.00023936
2022-06-23 00:00:00+00:00,2022-06-23 00:00:00+00:00,1655942400000,0.0001
2022-06-23 04:00:00+00:00,2022-06-23 00:00:00+00:00,1655942400000,0.0001
2022-06-23 08:00:00+00:00,2022-06-23 08:00:00+00:00,1655971200000,-0.00022348
2022-06-23 12:00:00+00:00,2022-06-23 08:00:00+00:00,1655971200000,-0.00022348
2022-06-23 16:00:00+00:00,2022-06-23 16:00:00+00:00,1656000000000,0.0001
2022-06-23 20:00:00+00:00,2022-06-23 16:00:00+00:00,1656000000000,0.0001
2022-06-24 00:00:00+00:00,2022-06-24 00:00:00+00:00,1656028800000,-0.00015081
2022-06-24 04:00:00+00:00,2022-06-24 00:00:00+00:00,1656028800000,-0.00015081
2022-06-24 08:00:00+00:00,2022-06-24 08:00:00+00:00,1656057600000,5.242e-05
2022-06-24 12:00:00+00:00,2022-06-24 08:00:00+00:00,1656057600000,5.242e-05
2022-06-24 16:00:00+00:00,2022-06-24 16:00:00+00:00,1656086400000,-5.455e-05
2022-06-24 20:00:00+00:00,2022-06-24 16:00:00+00:00,1656086400000,-5.455e-05
2022-06-25 00:00:00+00:00,2022-06-25 00:00:00+00:00,1656115200000,-0.00020971
2022-06-25 04:00:00+00:00,2022-06-25 00:00:00+00:00,1656115200000,-0.00020971
2022-06-25 08:00:00+00:00,2022-06-25 08:00:00+00:00,1656144000000,0.0001
2022-06-25 12:00:00+00:00,2022-06-25 08:00:00+00:00,1656144000000,0.0001
2022-06-25 16:00:00+00:00,2022-06-25 16:00:00+00:00,1656172800000,5.345e-05
2022-06-25 20:00:00+00:00,2022-06-25 16:00:00+00:00,1656172800000,5.345e-05
2022-06-26 00:00:00+00:00,2022-06-26 00:00:00+00:00,1656201600000,-8.197e-05
2022-06-26 04:00:00+00:00,2022-06-26 00:00:00+00:00,1656201600000,-8.197e-05
2022-06-26 08:00:00+00:00,2022-06-26 08:00:00+00:00,1656230400000,0.0001
2022-06-26 12:00:00+00:00,2022-06-26 08:00:00+00:00,1656230400000,0.0001
2022-06-26 16:00:00+00:00,2022-06-26 16:00:00+00:00,1656259200000,8.039e-05
2022-06-26 20:00:00+00:00,2022-06-26 16:00:00+00:00,1656259200000,8.039e-05
2022-06-27 00:00:00+00:00,2022-06-27 00:00:00+00:00,1656288000000,1.916e-05
2022-06-27 04:00:00+00:00,2022-06-27 00:00:00+00:00,1656288000000,1.916e-05
2022-06-27 08:00:00+00:00,2022-06-27 08:00:00+00:00,1656316800000,-0.00014618
2022-06-27 12:00:00+00:00,2022-06-27 08:00:00+00:00,1656316800000,-0.00014618
2022-06-27 16:00:00+00:00,2022-06-27 16:00:00+00:00,1656345600000,-0.00013272
2022-06-27 20:00:00+00:00,2022-06-27 16:00:00+00:00,1656345600000,-0.00013272
2022-06-28 00:00:00+00:00,2022-06-28 00:00:00+00:00,1656374400000,2.147e-05
2022-06-28 04:00:00+00:00,2022-06-28 00:00:00+00:00,1656374400000,2.147e-05
2022-06-28 08:00:00+00:00,2022-06-28 08:00:00+00:00,1656403200000,-0.00011771
2022-06-28 12:00:00+00:00,2022-06-28 08:00:00+00:00,1656403200000,-0.00011771
2022-06-28 16:00:00+00:00,2022-06-28 16:00:00+00:00,1656432000000,-0.00013993
2022-06-28 20:00:00+00:00,2022-06-28 16:00:00+00:00,1656432000000,-0.00013993
2022-06-29 00:00:00+00:00,2022-06-29 00:00:00+00:00,1656460800000,-0.00025347
2022-06-29 04:00:00+00:00,2022-06-29 00:00:00+00:00,1656460800000,-0.00025347
2022-06-29 08:00:00+00:00,2022-06-29 08:00:00+00:00,1656489600000,0.0001
2022-06-29 12:00:00+00:00,2022-06-29 08:00:00+00:00,1656489600000,0.0001
2022-06-29 16:00:00+00:00,2022-06-29 16:00:00+00:00,1656518400000,3.5e-07
2022-06-29 20:00:00+00:00,2022-06-29 16:00:00+00:00,1656518400000,3.5e-07
2022-06-30 00:00:00+00:00,2022-06-30 00:00:00+00:00,1656547200000,0.0001
2022-06-30 04:00:00+00:00,2022-06-30 00:00:00+00:00,1656547200000,0.0001
2022-06-30 08:00:00+00:00,2022-06-30 08:00:00+00:00,1656576000000,9.077e-05
2022-06-30 12:00:00+00:00,2022-06-30 08:00:00+00:00,1656576000000,9.077e-05
2022-06-30 16:00:00+00:00,2022-06-30 16:00:00+00:00,1656604800000,-0.00019122
2022-06-30 20:00:00+00:00,2022-06-30 16:00:00+00:00,1656604800000,-0.00019122
2022-07-01 00:00:00+00:00,2022-07-01 00:00:00+00:00,1656633600000,0.0001
2022-07-01 04:00:00+00:00,2022-07-01 00:00:00+00:00,1656633600000,0.0001
2022-07-01 08:00:00+00:00,2022-07-01 08:00:00+00:00,1656662400000,-0.00019667
2022-07-01 12:00:00+00:00,2022-07-01 08:00:00+00:00,1656662400000,-0.00019667
2022-07-01 16:00:00+00:00,2022-07-01 16:00:00+00:00,1656691200000,1.105e-05
2022-07-01 20:00:00+00:00,2022-07-01 16:00:00+00:00,1656691200000,1.105e-05
2022-07-02 00:00:00+00:00,2022-07-02 00:00:00+00:00,1656720000000,-1.082e-05
2022-07-02 04:00:00+00:00,2022-07-02 00:00:00+00:00,1656720000000,-1.082e-05
2022-07-02 08:00:00+00:00,2022-07-02 08:00:00+00:00,1656748800000,-8.887e-05
2022-07-02 12:00:00+00:00,2022-07-02 08:00:00+00:00,1656748800000,-8.887e-05
2022-07-02 16:00:00+00:00,2022-07-02 16:00:00+00:00,1656777600000,-7.776e-05
2022-07-02 20:00:00+00:00,2022-07-02 16:00:00+00:00,1656777600000,-7.776e-05
2022-07-03 00:00:00+00:00,2022-07-03 00:00:00+00:00,1656806400000,-3.786e-05
2022-07-03 04:00:00+00:00,2022-07-03 00:00:00+00:00,1656806400000,-3.786e-05
2022-07-03 08:00:00+00:00,2022-07-03 08:00:00+00:00,1656835200000,5.421e-05
2022-07-03 12:00:00+00:00,2022-07-03 08:00:00+00:00,1656835200000,5.421e-05
2022-07-03 16:00:00+00:00,2022-07-03 16:00:00+00:00,1656864000000,-6.21e-06
2022-07-03 20:00:00+00:00,2022-07-03 16:00:00+00:00,1656864000000,-6.21e-06
2022-07-04 00:00:00+00:00,2022-07-04 00:00:00+00:00,1656892800000,-0.00016403
2022-07-04 04:00:00+00:00,2022-07-04 00:00:00+00:00,1656892800000,-0.00016403
2022-07-04 08:00:00+00:00,2022-07-04 08:00:00+00:00,1656921600000,-5.86e-06
2022-07-04 12:00:00+00:00,2022-07-04 08:00:00+00:00,1656921600000,-5.86e-06
2022-07-04 16:00:00+00:00,2022-07-04 16:00:00+00:00,1656950400000,-4.17e-05
2022-07-04 20:00:00+00:00,2022-07-04 16:00:00+00:00,1656950400000,-4.17e-05
2022-07-05 00:00:00+00:00,2022-07-05 00:00:00+00:00,1656979200000,-0.00013012
2022-07-05 04:00:00+00:00,2022-07-05 00:00:00+00:00,1656979200000,-0.00013012
2022-07-05 08:00:00+00:00,2022-07-05 08:00:00+00:00,1657008000000,-4.88e-05
2022-07-05 12:00:00+00:00,2022-07-05 08:00:00+00:00,1657008000000,-4.88e-05
2022-07-05 16:00:00+00:00,2022-07-05 16:00:00+00:00,1657036800000,7.813e-05
2022-07-05 20:00:00+00:00,2022-07-05 16:00:00+00:00,1657036800000,7.813e-05
2022-07-06 00:00:00+00:00,2022-07-06 00:00:00+00:00,1657065600000,-6.775e-05
2022-07-06 04:00:00+00:00,2022-07-06 00:00:00+00:00,1657065600000,-6.775e-05
2022-07-06 08:00:00+00:00,2022-07-06 08:00:00+00:00,1657094400000,-1.369e-05
2022-07-06 12:00:00+00:00,2022-07-06 08:00:00+00:00,1657094400000,-1.369e-05
2022-07-06 16:00:00+00:00,2022-07-06 16:00:00+00:00,1657123200000,2.361e-05
2022-07-06 20:00:00+00:00,2022-07-06 16:00:00+00:00,1657123200000,2.361e-05
2022-07-07 00:00:00+00:00,2022-07-07 00:00:00+00:00,1657152000000,6.133e-05
2022-07-07 04:00:00+00:00,2022-07-07 00:00:00+00:00,1657152000000,6.133e-05
2022-07-07 08:00:00+00:00,2022-07-07 08:00:00+00:00,1657180800000,9.074e-05
2022-07-07 12:00:00+00:00,2022-07-07 08:00:00+00:00,1657180800000,9.074e-05
2022-07-07 16:00:00+00:00,2022-07-07 16:00:00+00:00,1657209600000,-7.069e-05
2022-07-07 20:00:00+00:00,2022-07-07 16:00:00+00:00,1657209600000,-7.069e-05
2022-07-08 00:00:00+00:00,2022-07-08 00:00:00+00:00,1657238400000,1.722e-05
2022-07-08 04:00:00+00:00,2022-07-08 00:00:00+00:00,1657238400000,1.722e-05
2022-07-08 08:00:00+00:00,2022-07-08 08:00:00+00:00,1657267200000,2.994e-05
2022-07-08 12:00:00+00:00,2022-07-08 08:00:00+00:00,1657267200000,2.994e-05
2022-07-08 16:00:00+00:00,2022-07-08 16:00:00+00:00,1657296000000,-0.00012187
2022-07-08 20:00:00+00:00,2022-07-08 16:00:00+00:00,1657296000000,-0.00012187
2022-07-09 00:00:00+00:00,2022-07-09 00:00:00+00:00,1657324800000,1.207e-05
2022-07-09 04:00:00+00:00,2022-07-09 00:00:00+00:00,1657324800000,1.207e-05
2022-07-09 08:00:00+00:00,2022-07-09 08:00:00+00:00,1657353600000,0.0001
2022-07-09 12:00:00+00:00,2022-07-09 08:00:00+00:00,1657353600000,0.0001
2022-07-09 16:00:00+00:00,2022-07-09 16:00:00+00:00,1657382400000,0.0001
2022-07-09 20:00:00+00:00,2022-07-09 16:00:00+00:00,1657382400000,0.0001
2022-07-10 00:00:00+00:00,2022-07-10 00:00:00+00:00,1657411200000,9.744e-05
2022-07-10 04:00:00+00:00,2022-07-10 00:00:00+00:00,1657411200000,9.744e-05
2022-07-10 08:00:00+00:00,2022-07-10 08:00:00+00:00,1657440000000,0.0001
2022-07-10 12:00:00+00:00,2022-07-10 08:00:00+00:00,1657440000000,0.0001
2022-07-10 16:00:00+00:00,2022-07-10 16:00:00+00:00,1657468800000,0.0001
2022-07-10 20:00:00+00:00,2022-07-10 16:00:00+00:00,1657468800000,0.0001
2022-07-11 00:00:00+00:00,2022-07-11 00:00:00+00:00,1657497600000,0.0001
2022-07-11 04:00:00+00:00,2022-07-11 00:00:00+00:00,1657497600000,0.0001
2022-07-11 08:00:00+00:00,2022-07-11 08:00:00+00:00,1657526400000,0.0001
2022-07-11 12:00:00+00:00,2022-07-11 08:00:00+00:00,1657526400000,0.0001
2022-07-11 16:00:00+00:00,2022-07-11 16:00:00+00:00,1657555200000,-1.7e-05
2022-07-11 20:00:00+00:00,2022-07-11 16:00:00+00:00,1657555200000,-1.7e-05
2022-07-12 00:00:00+00:00,2022-07-12 00:00:00+00:00,1657584000000,-5.226e-05
2022-07-12 04:00:00+00:00,2022-07-12 00:00:00+00:00,1657584000000,-5.226e-05
2022-07-12 08:00:00+00:00,2022-07-12 08:00:00+00:00,1657612800000,-3.586e-05
2022-07-12 12:00:00+00:00,2022-07-12 08:00:00+00:00,1657612800000,-3.586e-05
2022-07-12 16:00:00+00:00,2022-07-12 16:00:00+00:00,1657641600000,-9.555e-05
2022-07-12 20:00:00+00:00,2022-07-12 16:00:00+00:00,1657641600000,-9.555e-05
2022-07-13 00:00:00+00:00,2022-07-13 00:00:00+00:00,1657670400000,-0.00011192
2022-07-13 04:00:00+00:00,2022-07-13 00:00:00+00:00,1657670400000,-0.00011192
2022-07-13 08:00:00+00:00,2022-07-13 08:00:00+00:00,1657699200000,-2.297e-05
2022-07-13 12:00:00+00:00,2022-07-13 08:00:00+00:00,1657699200000,-2.297e-05
2022-07-13 16:00:00+00:00,2022-07-13 16:00:00+00:00,1657728000000,-0.00023773
2022-07-13 20:00:00+00:00,2022-07-13 16:00:00+00:00,1657728000000,-0.00023773
2022-07-14 00:00:00+00:00,2022-07-14 00:00:00+00:00,1657756800000,-7.253e-05
2022-07-14 04:00:00+00:00,2022-07-14 00:00:00+00:00,1657756800000,-7.253e-05
2022-07-14 08:00:00+00:00,2022-07-14 08:00:00+00:00,1657785600000,3.457e-05
2022-07-14 12:00:00+00:00,2022-07-14 08:00:00+00:00,1657785600000,3.457e-05
2022-07-14 16:00:00+00:00,2022-07-14 16:00:00+00:00,1657814400000,-4.104e-05
2022-07-14 20:00:00+00:00,2022-07-14 16:00:00+00:00,1657814400000,-4.104e-05
2022-07-15 00:00:00+00:00,2022-07-15 00:00:00+00:00,1657843200000,-2.178e-05
2022-07-15 04:00:00+00:00,2022-07-15 00:00:00+00:00,1657843200000,-2.178e-05
2022-07-15 08:00:00+00:00,2022-07-15 08:00:00+00:00,1657872000000,-2.118e-05
2022-07-15 12:00:00+00:00,2022-07-15 08:00:00+00:00,1657872000000,-2.118e-05
2022-07-15 16:00:00+00:00,2022-07-15 16:00:00+00:00,1657900800000,-2.258e-05
2022-07-15 20:00:00+00:00,2022-07-15 16:00:00+00:00,1657900800000,-2.258e-05
2022-07-16 00:00:00+00:00,2022-07-16 00:00:00+00:00,1657929600000,3.205e-05
2022-07-16 04:00:00+00:00,2022-07-16 00:00:00+00:00,1657929600000,3.205e-05
2022-07-16 08:00:00+00:00,2022-07-16 08:00:00+00:00,1657958400000,2.5e-05
2022-07-16 12:00:00+00:00,2022-07-16 08:00:00+00:00,1657958400000,2.5e-05
2022-07-16 16:00:00+00:00,2022-07-16 16:00:00+00:00,1657987200000,0.0001
2022-07-16 20:00:00+00:00,2022-07-16 16:00:00+00:00,1657987200000,0.0001
2022-07-17 00:00:00+00:00,2022-07-17 00:00:00+00:00,1658016000000,0.0001
2022-07-17 04:00:00+00:00,2022-07-17 00:00:00+00:00,1658016000000,0.0001
2022-07-17 08:00:00+00:00,2022-07-17 08:00:00+00:00,1658044800000,7.632e-05
2022-07-17 12:00:00+00:00,2022-07-17 08:00:00+00:00,1658044800000,7.632e-05
2022-07-17 16:00:00+00:00,2022-07-17 16:00:00+00:00,1658073600000,5.77e-06
2022-07-17 20:00:00+00:00,2022-07-17 16:00:00+00:00,1658073600000,5.77e-06
2022-07-18 00:00:00+00:00,2022-07-18 00:00:00+00:00,1658102400000,1.773e-05
2022-07-18 04:00:00+00:00,2022-07-18 00:00:00+00:00,1658102400000,1.773e-05
2022-07-18 08:00:00+00:00,2022-07-18 08:00:00+00:00,1658131200000,9.655e-05
2022-07-18 12:00:00+00:00,2022-07-18 08:00:00+00:00,1658131200000,9.655e-05
2022-07-18 16:00:00+00:00,2022-07-18 16:00:00+00:00,1658160000000,0.0001
2022-07-18 20:00:00+00:00,2022-07-18 16:00:00+00:00,1658160000000,0.0001
2022-07-19 00:00:00+00:00,2022-07-19 00:00:00+00:00,1658188800000,0.0001
2022-07-19 04:00:00+00:00,2022-07-19 00:00:00+00:00,1658188800000,0.0001
2022-07-19 08:00:00+00:00,2022-07-19 08:00:00+00:00,1658217600000,0.0001
2022-07-19 12:00:00+00:00,2022-07-19 08:00:00+00:00,1658217600000,0.0001
2022-07-19 16:00:00+00:00,2022-07-19 16:00:00+00:00,1658246400000,0.0001
2022-07-19 20:00:00+00:00,2022-07-19 16:00:00+00:00,1658246400000,0.0001
2022-07-20 00:00:00+00:00,2022-07-20 00:00:00+00:00,1658275200000,0.0001
2022-07-20 04:00:00+00:00,2022-07-20 00:00:00+00:00,1658275200000,0.0001
2022-07-20 08:00:00+00:00,2022-07-20 08:00:00+00:00,1658304000000,0.0001
2022-07-20 12:00:00+00:00,2022-07-20 08:00:00+00:00,1658304000000,0.0001
2022-07-20 16:00:00+00:00,2022-07-20 16:00:00+00:00,1658332800000,0.0001
2022-07-20 20:00:00+00:00,2022-07-20 16:00:00+00:00,1658332800000,0.0001
2022-07-21 00:00:00+00:00,2022-07-21 00:00:00+00:00,1658361600000,0.0001
2022-07-21 04:00:00+00:00,2022-07-21 00:00:00+00:00,1658361600000,0.0001
2022-07-21 08:00:00+00:00,2022-07-21 08:00:00+00:00,1658390400000,0.0001
2022-07-21 12:00:00+00:00,2022-07-21 08:00:00+00:00,1658390400000,0.0001
2022-07-21 16:00:00+00:00,2022-07-21 16:00:00+00:00,1658419200000,0.0001
2022-07-21 20:00:00+00:00,2022-07-21 16:00:00+00:00,1658419200000,0.0001
2022-07-22 00:00:00+00:00,2022-07-22 00:00:00+00:00,1658448000000,0.0001
2022-07-22 04:00:00+00:00,2022-07-22 00:00:00+00:00,1658448000000,0.0001
2022-07-22 08:00:00+00:00,2022-07-22 08:00:00+00:00,1658476800000,0.0001
2022-07-22 12:00:00+00:00,2022-07-22 08:00:00+00:00,1658476800000,0.0001
2022-07-22 16:00:00+00:00,2022-07-22 16:00:00+00:00,1658505600000,0.0001
2022-07-22 20:00:00+00:00,2022-07-22 16:00:00+00:00,1658505600000,0.0001
2022-07-23 00:00:00+00:00,2022-07-23 00:00:00+00:00,1658534400000,0.0001
2022-07-23 04:00:00+00:00,2022-07-23 00:00:00+00:00,1658534400000,0.0001
2022-07-23 08:00:00+00:00,2022-07-23 08:00:00+00:00,1658563200000,0.0001
2022-07-23 12:00:00+00:00,2022-07-23 08:00:00+00:00,1658563200000,0.0001
2022-07-23 16:00:00+00:00,2022-07-23 16:00:00+00:00,1658592000000,0.0001
2022-07-23 20:00:00+00:00,2022-07-23 16:00:00+00:00,1658592000000,0.0001
2022-07-24 00:00:00+00:00,2022-07-24 00:00:00+00:00,1658620800000,8.306e-05
2022-07-24 04:00:00+00:00,2022-07-24 00:00:00+00:00,1658620800000,8.306e-05
2022-07-24 08:00:00+00:00,2022-07-24 08:00:00+00:00,1658649600000,0.0001
2022-07-24 12:00:00+00:00,2022-07-24 08:00:00+00:00,1658649600000,0.0001
2022-07-24 16:00:00+00:00,2022-07-24 16:00:00+00:00,1658678400000,0.0001
2022-07-24 20:00:00+00:00,2022-07-24 16:00:00+00:00,1658678400000,0.0001
2022-07-25 00:00:00+00:00,2022-07-25 00:00:00+00:00,1658707200000,0.0001
2022-07-25 04:00:00+00:00,2022-07-25 00:00:00+00:00,1658707200000,0.0001
2022-07-25 08:00:00+00:00,2022-07-25 08:00:00+00:00,1658736000000,0.0001
2022-07-25 12:00:00+00:00,2022-07-25 08:00:00+00:00,1658736000000,0.0001
2022-07-25 16:00:00+00:00,2022-07-25 16:00:00+00:00,1658764800000,-7.846e-05
2022-07-25 20:00:00+00:00,2022-07-25 16:00:00+00:00,1658764800000,-7.846e-05
2022-07-26 00:00:00+00:00,2022-07-26 00:00:00+00:00,1658793600000,-2.33e-06
2022-07-26 04:00:00+00:00,2022-07-26 00:00:00+00:00,1658793600000,-2.33e-06
2022-07-26 08:00:00+00:00,2022-07-26 08:00:00+00:00,1658822400000,8.56e-06
2022-07-26 12:00:00+00:00,2022-07-26 08:00:00+00:00,1658822400000,8.56e-06
2022-07-26 16:00:00+00:00,2022-07-26 16:00:00+00:00,1658851200000,6.959e-05
2022-07-26 20:00:00+00:00,2022-07-26 16:00:00+00:00,1658851200000,6.959e-05
2022-07-27 00:00:00+00:00,2022-07-27 00:00:00+00:00,1658880000000,3.616e-05
2022-07-27 04:00:00+00:00,2022-07-27 00:00:00+00:00,1658880000000,3.616e-05
2022-07-27 08:00:00+00:00,2022-07-27 08:00:00+00:00,1658908800000,2.892e-05
2022-07-27 12:00:00+00:00,2022-07-27 08:00:00+00:00,1658908800000,2.892e-05
2022-07-27 16:00:00+00:00,2022-07-27 16:00:00+00:00,1658937600000,-0.00012487
2022-07-27 20:00:00+00:00,2022-07-27 16:00:00+00:00,1658937600000,-0.00012487
2022-07-28 00:00:00+00:00,2022-07-28 00:00:00+00:00,1658966400000,-1.552e-05
2022-07-28 04:00:00+00:00,2022-07-28 00:00:00+00:00,1658966400000,-1.552e-05
2022-07-28 08:00:00+00:00,2022-07-28 08:00:00+00:00,1658995200000,0.0001
2022-07-28 12:00:00+00:00,2022-07-28 08:00:00+00:00,1658995200000,0.0001
2022-07-28 16:00:00+00:00,2022-07-28 16:00:00+00:00,1659024000000,0.0001
2022-07-28 20:00:00+00:00,2022-07-28 16:00:00+00:00,1659024000000,0.0001
2022-07-29 00:00:00+00:00,2022-07-29 00:00:00+00:00,1659052800000,0.0001
2022-07-29 04:00:00+00:00,2022-07-29 00:00:00+00:00,1659052800000,0.0001
2022-07-29 08:00:00+00:00,2022-07-29 08:00:00+00:00,1659081600000,0.0001
2022-07-29 12:00:00+00:00,2022-07-29 08:00:00+00:00,1659081600000,0.0001
2022-07-29 16:00:00+00:00,2022-07-29 16:00:00+00:00,1659110400000,6.952e-05
2022-07-29 20:00:00+00:00,2022-07-29 16:00:00+00:00,1659110400000,6.952e-05
2022-07-30 00:00:00+00:00,2022-07-30 00:00:00+00:00,1659139200000,0.0001
2022-07-30 04:00:00+00:00,2022-07-30 00:00:00+00:00,1659139200000,0.0001
2022-07-30 08:00:00+00:00,2022-07-30 08:00:00+00:00,1659168000000,0.0001
2022-07-30 12:00:00+00:00,2022-07-30 08:00:00+00:00,1659168000000,0.0001
2022-07-30 16:00:00+00:00,2022-07-30 16:00:00+00:00,1659196800000,0.0001
2022-07-30 20:00:00+00:00,2022-07-30 16:00:00+00:00,1659196800000,0.0001
2022-07-31 00:00:00+00:00,2022-07-31 00:00:00+00:00,1659225600000,0.0001
2022-07-31 04:00:00+00:00,2022-07-31 00:00:00+00:00,1659225600000,0.0001
2022-07-31 08:00:00+00:00,2022-07-31 08:00:00+00:00,1659254400000,0.0001
2022-07-31 12:00:00+00:00,2022-07-31 08:00:00+00:00,1659254400000,0.0001
2022-07-31 16:00:00+00:00,2022-07-31 16:00:00+00:00,1659283200000,0.0001
2022-07-31 20:00:00+00:00,2022-07-31 16:00:00+00:00,1659283200000,0.0001
2022-08-01 00:00:00+00:00,2022-08-01 00:00:00+00:00,1659312000000,9.485e-05
2022-08-01 04:00:00+00:00,2022-08-01 00:00:00+00:00,1659312000000,9.485e-05
2022-08-01 08:00:00+00:00,2022-08-01 08:00:00+00:00,1659340800000,0.0001
2022-08-01 12:00:00+00:00,2022-08-01 08:00:00+00:00,1659340800000,0.0001
2022-08-01 16:00:00+00:00,2022-08-01 16:00:00+00:00,1659369600000,0.0001
2022-08-01 20:00:00+00:00,2022-08-01 16:00:00+00:00,1659369600000,0.0001
2022-08-02 00:00:00+00:00,2022-08-02 00:00:00+00:00,1659398400000,0.0001
2022-08-02 04:00:00+00:00,2022-08-02 00:00:00+00:00,1659398400000,0.0001
2022-08-02 08:00:00+00:00,2022-08-02 08:00:00+00:00,1659427200000,0.0001
2022-08-02 12:00:00+00:00,2022-08-02 08:00:00+00:00,1659427200000,0.0001
2022-08-02 16:00:00+00:00,2022-08-02 16:00:00+00:00,1659456000000,0.0001
2022-08-02 20:00:00+00:00,2022-08-02 16:00:00+00:00,1659456000000,0.0001
2022-08-03 00:00:00+00:00,2022-08-03 00:00:00+00:00,1659484800000,0.0001
2022-08-03 04:00:00+00:00,2022-08-03 00:00:00+00:00,1659484800000,0.0001
2022-08-03 08:00:00+00:00,2022-08-03 08:00:00+00:00,1659513600000,0.0001
2022-08-03 12:00:00+00:00,2022-08-03 08:00:00+00:00,1659513600000,0.0001
2022-08-03 16:00:00+00:00,2022-08-03 16:00:00+00:00,1659542400000,0.0001
2022-08-03 20:00:00+00:00,2022-08-03 16:00:00+00:00,1659542400000,0.0001
2022-08-04 00:00:00+00:00,2022-08-04 00:00:00+00:00,1659571200000,0.0001
2022-08-04 04:00:00+00:00,2022-08-04 00:00:00+00:00,1659571200000,0.0001
2022-08-04 08:00:00+00:00,2022-08-04 08:00:00+00:00,1659600000000,0.0001
2022-08-04 12:00:00+00:00,2022-08-04 08:00:00+00:00,1659600000000,0.0001
2022-08-04 16:00:00+00:00,2022-08-04 16:00:00+00:00,1659628800000,0.0001
2022-08-04 20:00:00+00:00,2022-08-04 16:00:00+00:00,1659628800000,0.0001
2022-08-05 00:00:00+00:00,2022-08-05 00:00:00+00:00,1659657600000,0.0001
2022-08-05 04:00:00+00:00,2022-08-05 00:00:00+00:00,1659657600000,0.0001
2022-08-05 08:00:00+00:00,2022-08-05 08:00:00+00:00,1659686400000,0.0001
2022-08-05 12:00:00+00:00,2022-08-05 08:00:00+00:00,1659686400000,0.0001
2022-08-05 16:00:00+00:00,2022-08-05 16:00:00+00:00,1659715200000,0.0001
2022-08-05 20:00:00+00:00,2022-08-05 16:00:00+00:00,1659715200000,0.0001
2022-08-06 00:00:00+00:00,2022-08-06 00:00:00+00:00,1659744000000,0.0001
2022-08-06 04:00:00+00:00,2022-08-06 00:00:00+00:00,1659744000000,0.0001
2022-08-06 08:00:00+00:00,2022-08-06 08:00:00+00:00,1659772800000,0.0001
2022-08-06 12:00:00+00:00,2022-08-06 08:00:00+00:00,1659772800000,0.0001
2022-08-06 16:00:00+00:00,2022-08-06 16:00:00+00:00,1659801600000,0.0001
2022-08-06 20:00:00+00:00,2022-08-06 16:00:00+00:00,1659801600000,0.0001
2022-08-07 00:00:00+00:00,2022-08-07 00:00:00+00:00,1659830400000,0.0001
2022-08-07 04:00:00+00:00,2022-08-07 00:00:00+00:00,1659830400000,0.0001
2022-08-07 08:00:00+00:00,2022-08-07 08:00:00+00:00,1659859200000,0.0001
2022-08-07 12:00:00+00:00,2022-08-07 08:00:00+00:00,1659859200000,0.0001
2022-08-07 16:00:00+00:00,2022-08-07 16:00:00+00:00,1659888000000,0.0001
2022-08-07 20:00:00+00:00,2022-08-07 16:00:00+00:00,1659888000000,0.0001
2022-08-08 00:00:00+00:00,2022-08-08 00:00:00+00:00,1659916800000,0.0001
2022-08-08 04:00:00+00:00,2022-08-08 00:00:00+00:00,1659916800000,0.0001
2022-08-08 08:00:00+00:00,2022-08-08 08:00:00+00:00,1659945600000,0.0001
2022-08-08 12:00:00+00:00,2022-08-08 08:00:00+00:00,1659945600000,0.0001
2022-08-08 16:00:00+00:00,2022-08-08 16:00:00+00:00,1659974400000,0.0001
2022-08-08 20:00:00+00:00,2022-08-08 16:00:00+00:00,1659974400000,0.0001
2022-08-09 00:00:00+00:00,2022-08-09 00:00:00+00:00,1660003200000,0.0001
2022-08-09 04:00:00+00:00,2022-08-09 00:00:00+00:00,1660003200000,0.0001
2022-08-09 08:00:00+00:00,2022-08-09 08:00:00+00:00,1660032000000,0.0001
2022-08-09 12:00:00+00:00,2022-08-09 08:00:00+00:00,1660032000000,0.0001
2022-08-09 16:00:00+00:00,2022-08-09 16:00:00+00:00,1660060800000,0.0001
2022-08-09 20:00:00+00:00,2022-08-09 16:00:00+00:00,1660060800000,0.0001
2022-08-10 00:00:00+00:00,2022-08-10 00:00:00+00:00,1660089600000,0.0001
2022-08-10 04:00:00+00:00,2022-08-10 00:00:00+00:00,1660089600000,0.0001
2022-08-10 08:00:00+00:00,2022-08-10 08:00:00+00:00,1660118400000,0.0001
2022-08-10 12:00:00+00:00,2022-08-10 08:00:00+00:00,1660118400000,0.0001
2022-08-10 16:00:00+00:00,2022-08-10 16:00:00+00:00,1660147200000,0.0001
2022-08-10 20:00:00+00:00,2022-08-10 16:00:00+00:00,1660147200000,0.0001
2022-08-11 00:00:00+00:00,2022-08-11 00:00:00+00:00,1660176000000,0.0001
2022-08-11 04:00:00+00:00,2022-08-11 00:00:00+00:00,1660176000000,0.0001
2022-08-11 08:00:00+00:00,2022-08-11 08:00:00+00:00,1660204800000,0.0001
2022-08-11 12:00:00+00:00,2022-08-11 08:00:00+00:00,1660204800000,0.0001
2022-08-11 16:00:00+00:00,2022-08-11 16:00:00+00:00,1660233600000,0.0001
2022-08-11 20:00:00+00:00,2022-08-11 16:00:00+00:00,1660233600000,0.0001
2022-08-12 00:00:00+00:00,2022-08-12 00:00:00+00:00,1660262400000,0.0001
2022-08-12 04:00:00+00:00,2022-08-12 00:00:00+00:00,1660262400000,0.0001
2022-08-12 08:00:00+00:00,2022-08-12 08:00:00+00:00,1660291200000,0.0001
2022-08-12 12:00:00+00:00,2022-08-12 08:00:00+00:00,1660291200000,0.0001
2022-08-12 16:00:00+00:00,2022-08-12 16:00:00+00:00,1660320000000,0.0001
2022-08-12 20:00:00+00:00,2022-08-12 16:00:00+00:00,1660320000000,0.0001
2022-08-13 00:00:00+00:00,2022-08-13 00:00:00+00:00,1660348800000,0.0001
2022-08-13 04:00:00+00:00,2022-08-13 00:00:00+00:00,1660348800000,0.0001
2022-08-13 08:00:00+00:00,2022-08-13 08:00:00+00:00,1660377600000,0.0001
2022-08-13 12:00:00+00:00,2022-08-13 08:00:00+00:00,1660377600000,0.0001
2022-08-13 16:00:00+00:00,2022-08-13 16:00:00+00:00,1660406400000,0.0001
2022-08-13 20:00:00+00:00,2022-08-13 16:00:00+00:00,1660406400000,0.0001
2022-08-14 00:00:00+00:00,2022-08-14 00:00:00+00:00,1660435200000,0.0001
2022-08-14 04:00:00+00:00,2022-08-14 00:00:00+00:00,1660435200000,0.0001
2022-08-14 08:00:00+00:00,2022-08-14 08:00:00+00:00,1660464000000,0.0001
2022-08-14 12:00:00+00:00,2022-08-14 08:00:00+00:00,1660464000000,0.0001
2022-08-14 16:00:00+00:00,2022-08-14 16:00:00+00:00,1660492800000,0.0001
2022-08-14 20:00:00+00:00,2022-08-14 16:00:00+00:00,1660492800000,0.0001
2022-08-15 00:00:00+00:00,2022-08-15 00:00:00+00:00,1660521600000,0.0001
2022-08-15 04:00:00+00:00,2022-08-15 00:00:00+00:00,1660521600000,0.0001
2022-08-15 08:00:00+00:00,2022-08-15 08:00:00+00:00,1660550400000,0.0001
2022-08-15 12:00:00+00:00,2022-08-15 08:00:00+00:00,1660550400000,0.0001
2022-08-15 16:00:00+00:00,2022-08-15 16:00:00+00:00,1660579200000,0.0001
2022-08-15 20:00:00+00:00,2022-08-15 16:00:00+00:00,1660579200000,0.0001
2022-08-16 00:00:00+00:00,2022-08-16 00:00:00+00:00,1660608000000,0.0001
2022-08-16 04:00:00+00:00,2022-08-16 00:00:00+00:00,1660608000000,0.0001
2022-08-16 08:00:00+00:00,2022-08-16 08:00:00+00:00,1660636800000,0.0001
2022-08-16 12:00:00+00:00,2022-08-16 08:00:00+00:00,1660636800000,0.0001
2022-08-16 16:00:00+00:00,2022-08-16 16:00:00+00:00,1660665600000,0.0001
2022-08-16 20:00:00+00:00,2022-08-16 16:00:00+00:00,1660665600000,0.0001
2022-08-17 00:00:00+00:00,2022-08-17 00:00:00+00:00,1660694400000,0.0001
2022-08-17 04:00:00+00:00,2022-08-17 00:00:00+00:00,1660694400000,0.0001
2022-08-17 08:00:00+00:00,2022-08-17 08:00:00+00:00,1660723200000,0.0001
2022-08-17 12:00:00+00:00,2022-08-17 08:00:00+00:00,1660723200000,0.0001
2022-08-17 16:00:00+00:00,2022-08-17 16:00:00+00:00,1660752000000,0.0001
2022-08-17 20:00:00+00:00,2022-08-17 16:00:00+00:00,1660752000000,0.0001
2022-08-18 00:00:00+00:00,2022-08-18 00:00:00+00:00,1660780800000,0.0001
2022-08-18 04:00:00+00:00,2022-08-18 00:00:00+00:00,1660780800000,0.0001
2022-08-18 08:00:00+00:00,2022-08-18 08:00:00+00:00,1660809600000,4.068e-05
2022-08-18 12:00:00+00:00,2022-08-18 08:00:00+00:00,1660809600000,4.068e-05
2022-08-18 16:00:00+00:00,2022-08-18 16:00:00+00:00,1660838400000,-5.079e-05
2022-08-18 20:00:00+00:00,2022-08-18 16:00:00+00:00,1660838400000,-5.079e-05
2022-08-19 00:00:00+00:00,2022-08-19 00:00:00+00:00,1660867200000,-5.84e-06
2022-08-19 04:00:00+00:00,2022-08-19 00:00:00+00:00,1660867200000,-5.84e-06
2022-08-19 08:00:00+00:00,2022-08-19 08:00:00+00:00,1660896000000,-0.00035266
2022-08-19 12:00:00+00:00,2022-08-19 08:00:00+00:00,1660896000000,-0.00035266
2022-08-19 16:00:00+00:00,2022-08-19 16:00:00+00:00,1660924800000,-0.00032771
2022-08-19 20:00:00+00:00,2022-08-19 16:00:00+00:00,1660924800000,-0.00032771
2022-08-20 00:00:00+00:00,2022-08-20 00:00:00+00:00,1660953600000,-0.00025203
2022-08-20 04:00:00+00:00,2022-08-20 00:00:00+00:00,1660953600000,-0.00025203
2022-08-20 08:00:00+00:00,2022-08-20 08:00:00+00:00,1660982400000,-0.00013264
2022-08-20 12:00:00+00:00,2022-08-20 08:00:00+00:00,1660982400000,-0.00013264
2022-08-20 16:00:00+00:00,2022-08-20 16:00:00+00:00,1661011200000,-9.9e-06
2022-08-20 20:00:00+00:00,2022-08-20 16:00:00+00:00,1661011200000,-9.9e-06
2022-08-21 00:00:00+00:00,2022-08-21 00:00:00+00:00,1661040000000,-1.563e-05
2022-08-21 04:00:00+00:00,2022-08-21 00:00:00+00:00,1661040000000,-1.563e-05
2022-08-21 08:00:00+00:00,2022-08-21 08:00:00+00:00,1661068800000,-9.194e-05
2022-08-21 12:00:00+00:00,2022-08-21 08:00:00+00:00,1661068800000,-9.194e-05
2022-08-21 16:00:00+00:00,2022-08-21 16:00:00+00:00,1661097600000,-0.0001856
2022-08-21 20:00:00+00:00,2022-08-21 16:00:00+00:00,1661097600000,-0.0001856
2022-08-22 00:00:00+00:00,2022-08-22 00:00:00+00:00,1661126400000,-0.00038521
2022-08-22 04:00:00+00:00,2022-08-22 00:00:00+00:00,1661126400000,-0.00038521
2022-08-22 08:00:00+00:00,2022-08-22 08:00:00+00:00,1661155200000,-0.00016296
2022-08-22 12:00:00+00:00,2022-08-22 08:00:00+00:00,1661155200000,-0.00016296
2022-08-22 16:00:00+00:00,2022-08-22 16:00:00+00:00,1661184000000,-3.185e-05
2022-08-22 20:00:00+00:00,2022-08-22 16:00:00+00:00,1661184000000,-3.185e-05
2022-08-23 00:00:00+00:00,2022-08-23 00:00:00+00:00,1661212800000,3.439e-05
2022-08-23 04:00:00+00:00,2022-08-23 00:00:00+00:00,1661212800000,3.439e-05
2022-08-23 08:00:00+00:00,2022-08-23 08:00:00+00:00,1661241600000,9.378e-05
2022-08-23 12:00:00+00:00,2022-08-23 08:00:00+00:00,1661241600000,9.378e-05
2022-08-23 16:00:00+00:00,2022-08-23 16:00:00+00:00,1661270400000,5.704e-05
2022-08-23 20:00:00+00:00,2022-08-23 16:00:00+00:00,1661270400000,5.704e-05
2022-08-24 00:00:00+00:00,2022-08-24 00:00:00+00:00,1661299200000,0.0001
2022-08-24 04:00:00+00:00,2022-08-24 00:00:00+00:00,1661299200000,0.0001
2022-08-24 08:00:00+00:00,2022-08-24 08:00:00+00:00,1661328000000,0.0001
2022-08-24 12:00:00+00:00,2022-08-24 08:00:00+00:00,1661328000000,0.0001
2022-08-24 16:00:00+00:00,2022-08-24 16:00:00+00:00,1661356800000,3.24e-05
2022-08-24 20:00:00+00:00,2022-08-24 16:00:00+00:00,1661356800000,3.24e-05
2022-08-25 00:00:00+00:00,2022-08-25 00:00:00+00:00,1661385600000,-4.407e-05
2022-08-25 04:00:00+00:00,2022-08-25 00:00:00+00:00,1661385600000,-4.407e-05
2022-08-25 08:00:00+00:00,2022-08-25 08:00:00+00:00,1661414400000,-8.824e-05
2022-08-25 12:00:00+00:00,2022-08-25 08:00:00+00:00,1661414400000,-8.824e-05
2022-08-25 16:00:00+00:00,2022-08-25 16:00:00+00:00,1661443200000,-2.267e-05
2022-08-25 20:00:00+00:00,2022-08-25 16:00:00+00:00,1661443200000,-2.267e-05
2022-08-26 00:00:00+00:00,2022-08-26 00:00:00+00:00,1661472000000,9.302e-05
2022-08-26 04:00:00+00:00,2022-08-26 00:00:00+00:00,1661472000000,9.302e-05
2022-08-26 08:00:00+00:00,2022-08-26 08:00:00+00:00,1661500800000,-7.285e-05
2022-08-26 12:00:00+00:00,2022-08-26 08:00:00+00:00,1661500800000,-7.285e-05
2022-08-26 16:00:00+00:00,2022-08-26 16:00:00+00:00,1661529600000,-7.22e-05
2022-08-26 20:00:00+00:00,2022-08-26 16:00:00+00:00,1661529600000,-7.22e-05
2022-08-27 00:00:00+00:00,2022-08-27 00:00:00+00:00,1661558400000,-0.00047135
2022-08-27 04:00:00+00:00,2022-08-27 00:00:00+00:00,1661558400000,-0.00047135
2022-08-27 08:00:00+00:00,2022-08-27 08:00:00+00:00,1661587200000,-0.00065981
2022-08-27 12:00:00+00:00,2022-08-27 08:00:00+00:00,1661587200000,-0.00065981
2022-08-27 16:00:00+00:00,2022-08-27 16:00:00+00:00,1661616000000,-0.00042997
2022-08-27 20:00:00+00:00,2022-08-27 16:00:00+00:00,1661616000000,-0.00042997
2022-08-28 00:00:00+00:00,2022-08-28 00:00:00+00:00,1661644800000,-0.0004654
2022-08-28 04:00:00+00:00,2022-08-28 00:00:00+00:00,1661644800000,-0.0004654
2022-08-28 08:00:00+00:00,2022-08-28 08:00:00+00:00,1661673600000,-0.00029266
2022-08-28 12:00:00+00:00,2022-08-28 08:00:00+00:00,1661673600000,-0.00029266
2022-08-28 16:00:00+00:00,2022-08-28 16:00:00+00:00,1661702400000,-0.00038966
2022-08-28 20:00:00+00:00,2022-08-28 16:00:00+00:00,1661702400000,-0.00038966
2022-08-29 00:00:00+00:00,2022-08-29 00:00:00+00:00,1661731200000,-0.00047715
2022-08-29 04:00:00+00:00,2022-08-29 00:00:00+00:00,1661731200000,-0.00047715
2022-08-29 08:00:00+00:00,2022-08-29 08:00:00+00:00,1661760000000,-0.00044752
2022-08-29 12:00:00+00:00,2022-08-29 08:00:00+00:00,1661760000000,-0.00044752
2022-08-29 16:00:00+00:00,2022-08-29 16:00:00+00:00,1661788800000,-0.00022081
2022-08-29 20:00:00+00:00,2022-08-29 16:00:00+00:00,1661788800000,-0.00022081
2022-08-30 00:00:00+00:00,2022-08-30 00:00:00+00:00,1661817600000,-5.093e-05
2022-08-30 04:00:00+00:00,2022-08-30 00:00:00+00:00,1661817600000,-5.093e-05
2022-08-30 08:00:00+00:00,2022-08-30 08:00:00+00:00,1661846400000,-7.678e-05
2022-08-30 12:00:00+00:00,2022-08-30 08:00:00+00:00,1661846400000,-7.678e-05
2022-08-30 16:00:00+00:00,2022-08-30 16:00:00+00:00,1661875200000,-0.00012745
2022-08-30 20:00:00+00:00,2022-08-30 16:00:00+00:00,1661875200000,-0.00012745
2022-08-31 00:00:00+00:00,2022-08-31 00:00:00+00:00,1661904000000,0.0001
2022-08-31 04:00:00+00:00,2022-08-31 00:00:00+00:00,1661904000000,0.0001
2022-08-31 08:00:00+00:00,2022-08-31 08:00:00+00:00,1661932800000,4.049e-05
2022-08-31 12:00:00+00:00,2022-08-31 08:00:00+00:00,1661932800000,4.049e-05
2022-08-31 16:00:00+00:00,2022-08-31 16:00:00+00:00,1661961600000,-7.569e-05
2022-08-31 20:00:00+00:00,2022-08-31 16:00:00+00:00,1661961600000,-7.569e-05
2022-09-01 00:00:00+00:00,2022-09-01 00:00:00+00:00,1661990400000,-0.00016153
2022-09-01 04:00:00+00:00,2022-09-01 00:00:00+00:00,1661990400000,-0.00016153
2022-09-01 08:00:00+00:00,2022-09-01 08:00:00+00:00,1662019200000,1.606e-05
2022-09-01 12:00:00+00:00,2022-09-01 08:00:00+00:00,1662019200000,1.606e-05
2022-09-01 16:00:00+00:00,2022-09-01 16:00:00+00:00,1662048000000,7.924e-05
2022-09-01 20:00:00+00:00,2022-09-01 16:00:00+00:00,1662048000000,7.924e-05
2022-09-02 00:00:00+00:00,2022-09-02 00:00:00+00:00,1662076800000,8.422e-05
2022-09-02 04:00:00+00:00,2022-09-02 00:00:00+00:00,1662076800000,8.422e-05
2022-09-02 08:00:00+00:00,2022-09-02 08:00:00+00:00,1662105600000,4.66e-05
2022-09-02 12:00:00+00:00,2022-09-02 08:00:00+00:00,1662105600000,4.66e-05
2022-09-02 16:00:00+00:00,2022-09-02 16:00:00+00:00,1662134400000,-6.236e-05
2022-09-02 20:00:00+00:00,2022-09-02 16:00:00+00:00,1662134400000,-6.236e-05
2022-09-03 00:00:00+00:00,2022-09-03 00:00:00+00:00,1662163200000,-8.139e-05
2022-09-03 04:00:00+00:00,2022-09-03 00:00:00+00:00,1662163200000,-8.139e-05
2022-09-03 08:00:00+00:00,2022-09-03 08:00:00+00:00,1662192000000,-0.00017516
2022-09-03 12:00:00+00:00,2022-09-03 08:00:00+00:00,1662192000000,-0.00017516
2022-09-03 16:00:00+00:00,2022-09-03 16:00:00+00:00,1662220800000,-9.632e-05
2022-09-03 20:00:00+00:00,2022-09-03 16:00:00+00:00,1662220800000,-9.632e-05
2022-09-04 00:00:00+00:00,2022-09-04 00:00:00+00:00,1662249600000,-6.279e-05
2022-09-04 04:00:00+00:00,2022-09-04 00:00:00+00:00,1662249600000,-6.279e-05
2022-09-04 08:00:00+00:00,2022-09-04 08:00:00+00:00,1662278400000,-0.00011519
2022-09-04 12:00:00+00:00,2022-09-04 08:00:00+00:00,1662278400000,-0.00011519
2022-09-04 16:00:00+00:00,2022-09-04 16:00:00+00:00,1662307200000,-8.354e-05
2022-09-04 20:00:00+00:00,2022-09-04 16:00:00+00:00,1662307200000,-8.354e-05
2022-09-05 00:00:00+00:00,2022-09-05 00:00:00+00:00,1662336000000,-0.00023011
2022-09-05 04:00:00+00:00,2022-09-05 00:00:00+00:00,1662336000000,-0.00023011
2022-09-05 08:00:00+00:00,2022-09-05 08:00:00+00:00,1662364800000,-4.777e-05
2022-09-05 12:00:00+00:00,2022-09-05 08:00:00+00:00,1662364800000,-4.777e-05
2022-09-05 16:00:00+00:00,2022-09-05 16:00:00+00:00,1662393600000,0.0001
2022-09-05 20:00:00+00:00,2022-09-05 16:00:00+00:00,1662393600000,0.0001
2022-09-06 00:00:00+00:00,2022-09-06 00:00:00+00:00,1662422400000,0.0001
2022-09-06 04:00:00+00:00,2022-09-06 00:00:00+00:00,1662422400000,0.0001
2022-09-06 08:00:00+00:00,2022-09-06 08:00:00+00:00,1662451200000,7.366e-05
2022-09-06 12:00:00+00:00,2022-09-06 08:00:00+00:00,1662451200000,7.366e-05
2022-09-06 16:00:00+00:00,2022-09-06 16:00:00+00:00,1662480000000,0.0001
2022-09-06 20:00:00+00:00,2022-09-06 16:00:00+00:00,1662480000000,0.0001
2022-09-07 00:00:00+00:00,2022-09-07 00:00:00+00:00,1662508800000,-8.19e-06
2022-09-07 04:00:00+00:00,2022-09-07 00:00:00+00:00,1662508800000,-8.19e-06
2022-09-07 08:00:00+00:00,2022-09-07 08:00:00+00:00,1662537600000,-0.00011382
2022-09-07 12:00:00+00:00,2022-09-07 08:00:00+00:00,1662537600000,-0.00011382
2022-09-07 16:00:00+00:00,2022-09-07 16:00:00+00:00,1662566400000,-0.00010091
2022-09-07 20:00:00+00:00,2022-09-07 16:00:00+00:00,1662566400000,-0.00010091
2022-09-08 00:00:00+00:00,2022-09-08 00:00:00+00:00,1662595200000,-0.00016061
2022-09-08 04:00:00+00:00,2022-09-08 00:00:00+00:00,1662595200000,-0.00016061
2022-09-08 08:00:00+00:00,2022-09-08 08:00:00+00:00,1662624000000,-2.68e-05
2022-09-08 12:00:00+00:00,2022-09-08 08:00:00+00:00,1662624000000,-2.68e-05
2022-09-08 16:00:00+00:00,2022-09-08 16:00:00+00:00,1662652800000,5.868e-05
2022-09-08 20:00:00+00:00,2022-09-08 16:00:00+00:00,1662652800000,5.868e-05
2022-09-09 00:00:00+00:00,2022-09-09 00:00:00+00:00,1662681600000,7.938e-05
2022-09-09 04:00:00+00:00,2022-09-09 00:00:00+00:00,1662681600000,7.938e-05
2022-09-09 08:00:00+00:00,2022-09-09 08:00:00+00:00,1662710400000,-0.00022721
2022-09-09 12:00:00+00:00,2022-09-09 08:00:00+00:00,1662710400000,-0.00022721
2022-09-09 16:00:00+00:00,2022-09-09 16:00:00+00:00,1662739200000,7.406e-05
2022-09-09 20:00:00+00:00,2022-09-09 16:00:00+00:00,1662739200000,7.406e-05
2022-09-10 00:00:00+00:00,2022-09-10 00:00:00+00:00,1662768000000,0.0001
2022-09-10 04:00:00+00:00,2022-09-10 00:00:00+00:00,1662768000000,0.0001
2022-09-10 08:00:00+00:00,2022-09-10 08:00:00+00:00,1662796800000,0.0001
2022-09-10 12:00:00+00:00,2022-09-10 08:00:00+00:00,1662796800000,0.0001
2022-09-10 16:00:00+00:00,2022-09-10 16:00:00+00:00,1662825600000,0.0001
2022-09-10 20:00:00+00:00,2022-09-10 16:00:00+00:00,1662825600000,0.0001
2022-09-11 00:00:00+00:00,2022-09-11 00:00:00+00:00,1662854400000,0.0001
2022-09-11 04:00:00+00:00,2022-09-11 00:00:00+00:00,1662854400000,0.0001
2022-09-11 08:00:00+00:00,2022-09-11 08:00:00+00:00,1662883200000,0.0001
2022-09-11 12:00:00+00:00,2022-09-11 08:00:00+00:00,1662883200000,0.0001
2022-09-11 16:00:00+00:00,2022-09-11 16:00:00+00:00,1662912000000,0.0001
2022-09-11 20:00:00+00:00,2022-09-11 16:00:00+00:00,1662912000000,0.0001
2022-09-12 00:00:00+00:00,2022-09-12 00:00:00+00:00,1662940800000,-5.58e-06
2022-09-12 04:00:00+00:00,2022-09-12 00:00:00+00:00,1662940800000,-5.58e-06
2022-09-12 08:00:00+00:00,2022-09-12 08:00:00+00:00,1662969600000,0.0001
2022-09-12 12:00:00+00:00,2022-09-12 08:00:00+00:00,1662969600000,0.0001
2022-09-12 16:00:00+00:00,2022-09-12 16:00:00+00:00,1662998400000,-2.498e-05
2022-09-12 20:00:00+00:00,2022-09-12 16:00:00+00:00,1662998400000,-2.498e-05
2022-09-13 00:00:00+00:00,2022-09-13 00:00:00+00:00,1663027200000,-6.04e-06
2022-09-13 04:00:00+00:00,2022-09-13 00:00:00+00:00,1663027200000,-6.04e-06
2022-09-13 08:00:00+00:00,2022-09-13 08:00:00+00:00,1663056000000,-4.764e-05
2022-09-13 12:00:00+00:00,2022-09-13 08:00:00+00:00,1663056000000,-4.764e-05
2022-09-13 16:00:00+00:00,2022-09-13 16:00:00+00:00,1663084800000,2.545e-05
2022-09-13 20:00:00+00:00,2022-09-13 16:00:00+00:00,1663084800000,2.545e-05
2022-09-14 00:00:00+00:00,2022-09-14 00:00:00+00:00,1663113600000,7.593e-05
2022-09-14 04:00:00+00:00,2022-09-14 00:00:00+00:00,1663113600000,7.593e-05
2022-09-14 08:00:00+00:00,2022-09-14 08:00:00+00:00,1663142400000,-8.641e-05
2022-09-14 12:00:00+00:00,2022-09-14 08:00:00+00:00,1663142400000,-8.641e-05
2022-09-14 16:00:00+00:00,2022-09-14 16:00:00+00:00,1663171200000,-1.606e-05
2022-09-14 20:00:00+00:00,2022-09-14 16:00:00+00:00,1663171200000,-1.606e-05
2022-09-15 00:00:00+00:00,2022-09-15 00:00:00+00:00,1663200000000,0.0001
2022-09-15 04:00:00+00:00,2022-09-15 00:00:00+00:00,1663200000000,0.0001
2022-09-15 08:00:00+00:00,2022-09-15 08:00:00+00:00,1663228800000,0.0001
2022-09-15 12:00:00+00:00,2022-09-15 08:00:00+00:00,1663228800000,0.0001
2022-09-15 16:00:00+00:00,2022-09-15 16:00:00+00:00,1663257600000,3.154e-05
2022-09-15 20:00:00+00:00,2022-09-15 16:00:00+00:00,1663257600000,3.154e-05
2022-09-16 00:00:00+00:00,2022-09-16 00:00:00+00:00,1663286400000,0.0001
2022-09-16 04:00:00+00:00,2022-09-16 00:00:00+00:00,1663286400000,0.0001
2022-09-16 08:00:00+00:00,2022-09-16 08:00:00+00:00,1663315200000,0.0001
2022-09-16 12:00:00+00:00,2022-09-16 08:00:00+00:00,1663315200000,0.0001
2022-09-16 16:00:00+00:00,2022-09-16 16:00:00+00:00,1663344000000,0.0001
2022-09-16 20:00:00+00:00,2022-09-16 16:00:00+00:00,1663344000000,0.0001
2022-09-17 00:00:00+00:00,2022-09-17 00:00:00+00:00,1663372800000,0.0001
2022-09-17 04:00:00+00:00,2022-09-17 00:00:00+00:00,1663372800000,0.0001
2022-09-17 08:00:00+00:00,2022-09-17 08:00:00+00:00,1663401600000,0.0001
2022-09-17 12:00:00+00:00,2022-09-17 08:00:00+00:00,1663401600000,0.0001
2022-09-17 16:00:00+00:00,2022-09-17 16:00:00+00:00,1663430400000,0.0001
2022-09-17 20:00:00+00:00,2022-09-17 16:00:00+00:00,1663430400000,0.0001
2022-09-18 00:00:00+00:00,2022-09-18 00:00:00+00:00,1663459200000,0.0001
2022-09-18 04:00:00+00:00,2022-09-18 00:00:00+00:00,1663459200000,0.0001
2022-09-18 08:00:00+00:00,2022-09-18 08:00:00+00:00,1663488000000,7.254e-05
2022-09-18 12:00:00+00:00,2022-09-18 08:00:00+00:00,1663488000000,7.254e-05
2022-09-18 16:00:00+00:00,2022-09-18 16:00:00+00:00,1663516800000,7.79e-05
2022-09-18 20:00:00+00:00,2022-09-18 16:00:00+00:00,1663516800000,7.79e-05
2022-09-19 00:00:00+00:00,2022-09-19 00:00:00+00:00,1663545600000,3.01e-05
2022-09-19 04:00:00+00:00,2022-09-19 00:00:00+00:00,1663545600000,3.01e-05
2022-09-19 08:00:00+00:00,2022-09-19 08:00:00+00:00,1663574400000,2.396e-05
2022-09-19 12:00:00+00:00,2022-09-19 08:00:00+00:00,1663574400000,2.396e-05
2022-09-19 16:00:00+00:00,2022-09-19 16:00:00+00:00,1663603200000,-0.00014007
2022-09-19 20:00:00+00:00,2022-09-19 16:00:00+00:00,1663603200000,-0.00014007
2022-09-20 00:00:00+00:00,2022-09-20 00:00:00+00:00,1663632000000,2.535e-05
2022-09-20 04:00:00+00:00,2022-09-20 00:00:00+00:00,1663632000000,2.535e-05
2022-09-20 08:00:00+00:00,2022-09-20 08:00:00+00:00,1663660800000,9.448e-05
2022-09-20 12:00:00+00:00,2022-09-20 08:00:00+00:00,1663660800000,9.448e-05
2022-09-20 16:00:00+00:00,2022-09-20 16:00:00+00:00,1663689600000,0.0001
2022-09-20 20:00:00+00:00,2022-09-20 16:00:00+00:00,1663689600000,0.0001
2022-09-21 00:00:00+00:00,2022-09-21 00:00:00+00:00,1663718400000,9.031e-05
2022-09-21 04:00:00+00:00,2022-09-21 00:00:00+00:00,1663718400000,9.031e-05
2022-09-21 08:00:00+00:00,2022-09-21 08:00:00+00:00,1663747200000,2.466e-05
2022-09-21 12:00:00+00:00,2022-09-21 08:00:00+00:00,1663747200000,2.466e-05
2022-09-21 16:00:00+00:00,2022-09-21 16:00:00+00:00,1663776000000,7.884e-05
2022-09-21 20:00:00+00:00,2022-09-21 16:00:00+00:00,1663776000000,7.884e-05
2022-09-22 00:00:00+00:00,2022-09-22 00:00:00+00:00,1663804800000,-8.731e-05
2022-09-22 04:00:00+00:00,2022-09-22 00:00:00+00:00,1663804800000,-8.731e-05
2022-09-22 08:00:00+00:00,2022-09-22 08:00:00+00:00,1663833600000,-8.873e-05
2022-09-22 12:00:00+00:00,2022-09-22 08:00:00+00:00,1663833600000,-8.873e-05
2022-09-22 16:00:00+00:00,2022-09-22 16:00:00+00:00,1663862400000,5.96e-05
2022-09-22 20:00:00+00:00,2022-09-22 16:00:00+00:00,1663862400000,5.96e-05
2022-09-23 00:00:00+00:00,2022-09-23 00:00:00+00:00,1663891200000,9.013e-05
2022-09-23 04:00:00+00:00,2022-09-23 00:00:00+00:00,1663891200000,9.013e-05
2022-09-23 08:00:00+00:00,2022-09-23 08:00:00+00:00,1663920000000,0.0001
2022-09-23 12:00:00+00:00,2022-09-23 08:00:00+00:00,1663920000000,0.0001
2022-09-23 16:00:00+00:00,2022-09-23 16:00:00+00:00,1663948800000,-5.772e-05
2022-09-23 20:00:00+00:00,2022-09-23 16:00:00+00:00,1663948800000,-5.772e-05
2022-09-24 00:00:00+00:00,2022-09-24 00:00:00+00:00,1663977600000,-9.9e-07
2022-09-24 04:00:00+00:00,2022-09-24 00:00:00+00:00,1663977600000,-9.9e-07
2022-09-24 08:00:00+00:00,2022-09-24 08:00:00+00:00,1664006400000,3.018e-05
2022-09-24 12:00:00+00:00,2022-09-24 08:00:00+00:00,1664006400000,3.018e-05
2022-09-24 16:00:00+00:00,2022-09-24 16:00:00+00:00,1664035200000,0.0001
2022-09-24 20:00:00+00:00,2022-09-24 16:00:00+00:00,1664035200000,0.0001
2022-09-25 00:00:00+00:00,2022-09-25 00:00:00+00:00,1664064000000,0.0001
2022-09-25 04:00:00+00:00,2022-09-25 00:00:00+00:00,1664064000000,0.0001
2022-09-25 08:00:00+00:00,2022-09-25 08:00:00+00:00,1664092800000,0.0001
2022-09-25 12:00:00+00:00,2022-09-25 08:00:00+00:00,1664092800000,0.0001
2022-09-25 16:00:00+00:00,2022-09-25 16:00:00+00:00,1664121600000,0.0001
2022-09-25 20:00:00+00:00,2022-09-25 16:00:00+00:00,1664121600000,0.0001
2022-09-26 00:00:00+00:00,2022-09-26 00:00:00+00:00,1664150400000,0.0001
2022-09-26 04:00:00+00:00,2022-09-26 00:00:00+00:00,1664150400000,0.0001
2022-09-26 08:00:00+00:00,2022-09-26 08:00:00+00:00,1664179200000,0.0001
2022-09-26 12:00:00+00:00,2022-09-26 08:00:00+00:00,1664179200000,0.0001
2022-09-26 16:00:00+00:00,2022-09-26 16:00:00+00:00,1664208000000,0.0001
2022-09-26 20:00:00+00:00,2022-09-26 16:00:00+00:00,1664208000000,0.0001
2022-09-27 00:00:00+00:00,2022-09-27 00:00:00+00:00,1664236800000,4.98e-06
2022-09-27 04:00:00+00:00,2022-09-27 00:00:00+00:00,1664236800000,4.98e-06
2022-09-27 08:00:00+00:00,2022-09-27 08:00:00+00:00,1664265600000,-1.763e-05
2022-09-27 12:00:00+00:00,2022-09-27 08:00:00+00:00,1664265600000,-1.763e-05
2022-09-27 16:00:00+00:00,2022-09-27 16:00:00+00:00,1664294400000,-1.16e-06
2022-09-27 20:00:00+00:00,2022-09-27 16:00:00+00:00,1664294400000,-1.16e-06
2022-09-28 00:00:00+00:00,2022-09-28 00:00:00+00:00,1664323200000,0.0001
2022-09-28 04:00:00+00:00,2022-09-28 00:00:00+00:00,1664323200000,0.0001
2022-09-28 08:00:00+00:00,2022-09-28 08:00:00+00:00,1664352000000,9.239e-05
2022-09-28 12:00:00+00:00,2022-09-28 08:00:00+00:00,1664352000000,9.239e-05
2022-09-28 16:00:00+00:00,2022-09-28 16:00:00+00:00,1664380800000,1.529e-05
2022-09-28 20:00:00+00:00,2022-09-28 16:00:00+00:00,1664380800000,1.529e-05
2022-09-29 00:00:00+00:00,2022-09-29 00:00:00+00:00,1664409600000,-9.713e-05
2022-09-29 04:00:00+00:00,2022-09-29 00:00:00+00:00,1664409600000,-9.713e-05
2022-09-29 08:00:00+00:00,2022-09-29 08:00:00+00:00,1664438400000,-2.789e-05
2022-09-29 12:00:00+00:00,2022-09-29 08:00:00+00:00,1664438400000,-2.789e-05
2022-09-29 16:00:00+00:00,2022-09-29 16:00:00+00:00,1664467200000,3.508e-05
2022-09-29 20:00:00+00:00,2022-09-29 16:00:00+00:00,1664467200000,3.508e-05
2022-09-30 00:00:00+00:00,2022-09-30 00:00:00+00:00,1664496000000,1e-05
2022-09-30 04:00:00+00:00,2022-09-30 00:00:00+00:00,1664496000000,1e-05
2022-09-30 08:00:00+00:00,2022-09-30 08:00:00+00:00,1664524800000,-0.00013453
2022-09-30 12:00:00+00:00,2022-09-30 08:00:00+00:00,1664524800000,-0.00013453
2022-09-30 16:00:00+00:00,2022-09-30 16:00:00+00:00,1664553600000,2.972e-05
2022-09-30 20:00:00+00:00,2022-09-30 16:00:00+00:00,1664553600000,2.972e-05
2022-10-01 00:00:00+00:00,2022-10-01 00:00:00+00:00,1664582400000,0.0001
2022-10-01 04:00:00+00:00,2022-10-01 00:00:00+00:00,1664582400000,0.0001
2022-10-01 08:00:00+00:00,2022-10-01 08:00:00+00:00,1664611200000,0.0001
2022-10-01 12:00:00+00:00,2022-10-01 08:00:00+00:00,1664611200000,0.0001
2022-10-01 16:00:00+00:00,2022-10-01 16:00:00+00:00,1664640000000,-3.819e-05
2022-10-01 20:00:00+00:00,2022-10-01 16:00:00+00:00,1664640000000,-3.819e-05
2022-10-02 00:00:00+00:00,2022-10-02 00:00:00+00:00,1664668800000,9.164e-05
2022-10-02 04:00:00+00:00,2022-10-02 00:00:00+00:00,1664668800000,9.164e-05
2022-10-02 08:00:00+00:00,2022-10-02 08:00:00+00:00,1664697600000,2.414e-05
2022-10-02 12:00:00+00:00,2022-10-02 08:00:00+00:00,1664697600000,2.414e-05
2022-10-02 16:00:00+00:00,2022-10-02 16:00:00+00:00,1664726400000,0.0001
2022-10-02 20:00:00+00:00,2022-10-02 16:00:00+00:00,1664726400000,0.0001
2022-10-03 00:00:00+00:00,2022-10-03 00:00:00+00:00,1664755200000,0.0001
2022-10-03 04:00:00+00:00,2022-10-03 00:00:00+00:00,1664755200000,0.0001
2022-10-03 08:00:00+00:00,2022-10-03 08:00:00+00:00,1664784000000,0.0001
2022-10-03 12:00:00+00:00,2022-10-03 08:00:00+00:00,1664784000000,0.0001
2022-10-03 16:00:00+00:00,2022-10-03 16:00:00+00:00,1664812800000,0.0001
2022-10-03 20:00:00+00:00,2022-10-03 16:00:00+00:00,1664812800000,0.0001
2022-10-04 00:00:00+00:00,2022-10-04 00:00:00+00:00,1664841600000,-1.439e-05
2022-10-04 04:00:00+00:00,2022-10-04 00:00:00+00:00,1664841600000,-1.439e-05
2022-10-04 08:00:00+00:00,2022-10-04 08:00:00+00:00,1664870400000,-5.71e-05
2022-10-04 12:00:00+00:00,2022-10-04 08:00:00+00:00,1664870400000,-5.71e-05
2022-10-04 16:00:00+00:00,2022-10-04 16:00:00+00:00,1664899200000,-0.00019211
2022-10-04 20:00:00+00:00,2022-10-04 16:00:00+00:00,1664899200000,-0.00019211
2022-10-05 00:00:00+00:00,2022-10-05 00:00:00+00:00,1664928000000,-0.0001895
2022-10-05 04:00:00+00:00,2022-10-05 00:00:00+00:00,1664928000000,-0.0001895
2022-10-05 08:00:00+00:00,2022-10-05 08:00:00+00:00,1664956800000,-9.53e-06
2022-10-05 12:00:00+00:00,2022-10-05 08:00:00+00:00,1664956800000,-9.53e-06
2022-10-05 16:00:00+00:00,2022-10-05 16:00:00+00:00,1664985600000,3.295e-05
2022-10-05 20:00:00+00:00,2022-10-05 16:00:00+00:00,1664985600000,3.295e-05
2022-10-06 00:00:00+00:00,2022-10-06 00:00:00+00:00,1665014400000,-3.155e-05
2022-10-06 04:00:00+00:00,2022-10-06 00:00:00+00:00,1665014400000,-3.155e-05
2022-10-06 08:00:00+00:00,2022-10-06 08:00:00+00:00,1665043200000,-0.00011173
2022-10-06 12:00:00+00:00,2022-10-06 08:00:00+00:00,1665043200000,-0.00011173
2022-10-06 16:00:00+00:00,2022-10-06 16:00:00+00:00,1665072000000,7.633e-05
2022-10-06 20:00:00+00:00,2022-10-06 16:00:00+00:00,1665072000000,7.633e-05
2022-10-07 00:00:00+00:00,2022-10-07 00:00:00+00:00,1665100800000,4.334e-05
2022-10-07 04:00:00+00:00,2022-10-07 00:00:00+00:00,1665100800000,4.334e-05
2022-10-07 08:00:00+00:00,2022-10-07 08:00:00+00:00,1665129600000,-3.422e-05
2022-10-07 12:00:00+00:00,2022-10-07 08:00:00+00:00,1665129600000,-3.422e-05
2022-10-07 16:00:00+00:00,2022-10-07 16:00:00+00:00,1665158400000,8.07e-06
2022-10-07 20:00:00+00:00,2022-10-07 16:00:00+00:00,1665158400000,8.07e-06
2022-10-08 00:00:00+00:00,2022-10-08 00:00:00+00:00,1665187200000,0.0001
2022-10-08 04:00:00+00:00,2022-10-08 00:00:00+00:00,1665187200000,0.0001
2022-10-08 08:00:00+00:00,2022-10-08 08:00:00+00:00,1665216000000,7.494e-05
2022-10-08 12:00:00+00:00,2022-10-08 08:00:00+00:00,1665216000000,7.494e-05
2022-10-08 16:00:00+00:00,2022-10-08 16:00:00+00:00,1665244800000,-2.142e-05
2022-10-08 20:00:00+00:00,2022-10-08 16:00:00+00:00,1665244800000,-2.142e-05
2022-10-09 00:00:00+00:00,2022-10-09 00:00:00+00:00,1665273600000,5.374e-05
2022-10-09 04:00:00+00:00,2022-10-09 00:00:00+00:00,1665273600000,5.374e-05
2022-10-09 08:00:00+00:00,2022-10-09 08:00:00+00:00,1665302400000,5.562e-05
2022-10-09 12:00:00+00:00,2022-10-09 08:00:00+00:00,1665302400000,5.562e-05
2022-10-09 16:00:00+00:00,2022-10-09 16:00:00+00:00,1665331200000,-6.964e-05
2022-10-09 20:00:00+00:00,2022-10-09 16:00:00+00:00,1665331200000,-6.964e-05
2022-10-10 00:00:00+00:00,2022-10-10 00:00:00+00:00,1665360000000,2.595e-05
2022-10-10 04:00:00+00:00,2022-10-10 00:00:00+00:00,1665360000000,2.595e-05
2022-10-10 08:00:00+00:00,2022-10-10 08:00:00+00:00,1665388800000,0.0001
2022-10-10 12:00:00+00:00,2022-10-10 08:00:00+00:00,1665388800000,0.0001
2022-10-10 16:00:00+00:00,2022-10-10 16:00:00+00:00,1665417600000,0.0001
2022-10-10 20:00:00+00:00,2022-10-10 16:00:00+00:00,1665417600000,0.0001
2022-10-11 00:00:00+00:00,2022-10-11 00:00:00+00:00,1665446400000,0.0001
2022-10-11 04:00:00+00:00,2022-10-11 00:00:00+00:00,1665446400000,0.0001
2022-10-11 08:00:00+00:00,2022-10-11 08:00:00+00:00,1665475200000,0.0001
2022-10-11 12:00:00+00:00,2022-10-11 08:00:00+00:00,1665475200000,0.0001
2022-10-11 16:00:00+00:00,2022-10-11 16:00:00+00:00,1665504000000,0.0001
2022-10-11 20:00:00+00:00,2022-10-11 16:00:00+00:00,1665504000000,0.0001
2022-10-12 00:00:00+00:00,2022-10-12 00:00:00+00:00,1665532800000,0.0001
2022-10-12 04:00:00+00:00,2022-10-12 00:00:00+00:00,1665532800000,0.0001
2022-10-12 08:00:00+00:00,2022-10-12 08:00:00+00:00,1665561600000,6.06e-06
2022-10-12 12:00:00+00:00,2022-10-12 08:00:00+00:00,1665561600000,6.06e-06
2022-10-12 16:00:00+00:00,2022-10-12 16:00:00+00:00,1665590400000,0.0001
2022-10-12 20:00:00+00:00,2022-10-12 16:00:00+00:00,1665590400000,0.0001
2022-10-13 00:00:00+00:00,2022-10-13 00:00:00+00:00,1665619200000,3.019e-05
2022-10-13 04:00:00+00:00,2022-10-13 00:00:00+00:00,1665619200000,3.019e-05
2022-10-13 08:00:00+00:00,2022-10-13 08:00:00+00:00,1665648000000,0.0001
2022-10-13 12:00:00+00:00,2022-10-13 08:00:00+00:00,1665648000000,0.0001
2022-10-13 16:00:00+00:00,2022-10-13 16:00:00+00:00,1665676800000,-0.00016762
2022-10-13 20:00:00+00:00,2022-10-13 16:00:00+00:00,1665676800000,-0.00016762
2022-10-14 00:00:00+00:00,2022-10-14 00:00:00+00:00,1665705600000,-0.00020628
2022-10-14 04:00:00+00:00,2022-10-14 00:00:00+00:00,1665705600000,-0.00020628
2022-10-14 08:00:00+00:00,2022-10-14 08:00:00+00:00,1665734400000,-0.00014218
2022-10-14 12:00:00+00:00,2022-10-14 08:00:00+00:00,1665734400000,-0.00014218
2022-10-14 16:00:00+00:00,2022-10-14 16:00:00+00:00,1665763200000,-4.292e-05
2022-10-14 20:00:00+00:00,2022-10-14 16:00:00+00:00,1665763200000,-4.292e-05
2022-10-15 00:00:00+00:00,2022-10-15 00:00:00+00:00,1665792000000,0.0001
2022-10-15 04:00:00+00:00,2022-10-15 00:00:00+00:00,1665792000000,0.0001
2022-10-15 08:00:00+00:00,2022-10-15 08:00:00+00:00,1665820800000,5.722e-05
2022-10-15 12:00:00+00:00,2022-10-15 08:00:00+00:00,1665820800000,5.722e-05
2022-10-15 16:00:00+00:00,2022-10-15 16:00:00+00:00,1665849600000,1.251e-05
2022-10-15 20:00:00+00:00,2022-10-15 16:00:00+00:00,1665849600000,1.251e-05
2022-10-16 00:00:00+00:00,2022-10-16 00:00:00+00:00,1665878400000,6.181e-05
2022-10-16 04:00:00+00:00,2022-10-16 00:00:00+00:00,1665878400000,6.181e-05
2022-10-16 08:00:00+00:00,2022-10-16 08:00:00+00:00,1665907200000,-0.00013773
2022-10-16 12:00:00+00:00,2022-10-16 08:00:00+00:00,1665907200000,-0.00013773
2022-10-16 16:00:00+00:00,2022-10-16 16:00:00+00:00,1665936000000,-8.73e-05
2022-10-16 20:00:00+00:00,2022-10-16 16:00:00+00:00,1665936000000,-8.73e-05
2022-10-17 00:00:00+00:00,2022-10-17 00:00:00+00:00,1665964800000,-0.00015679
2022-10-17 04:00:00+00:00,2022-10-17 00:00:00+00:00,1665964800000,-0.00015679
2022-10-17 08:00:00+00:00,2022-10-17 08:00:00+00:00,1665993600000,-0.00014637
2022-10-17 12:00:00+00:00,2022-10-17 08:00:00+00:00,1665993600000,-0.00014637
2022-10-17 16:00:00+00:00,2022-10-17 16:00:00+00:00,1666022400000,-0.000114
2022-10-17 20:00:00+00:00,2022-10-17 16:00:00+00:00,1666022400000,-0.000114
2022-10-18 00:00:00+00:00,2022-10-18 00:00:00+00:00,1666051200000,-0.00010497
2022-10-18 04:00:00+00:00,2022-10-18 00:00:00+00:00,1666051200000,-0.00010497
2022-10-18 08:00:00+00:00,2022-10-18 08:00:00+00:00,1666080000000,3.753e-05
2022-10-18 12:00:00+00:00,2022-10-18 08:00:00+00:00,1666080000000,3.753e-05
2022-10-18 16:00:00+00:00,2022-10-18 16:00:00+00:00,1666108800000,-3.58e-05
2022-10-18 20:00:00+00:00,2022-10-18 16:00:00+00:00,1666108800000,-3.58e-05
2022-10-19 00:00:00+00:00,2022-10-19 00:00:00+00:00,1666137600000,0.0001
2022-10-19 04:00:00+00:00,2022-10-19 00:00:00+00:00,1666137600000,0.0001
2022-10-19 08:00:00+00:00,2022-10-19 08:00:00+00:00,1666166400000,0.0001
2022-10-19 12:00:00+00:00,2022-10-19 08:00:00+00:00,1666166400000,0.0001
2022-10-19 16:00:00+00:00,2022-10-19 16:00:00+00:00,1666195200000,0.0001
2022-10-19 20:00:00+00:00,2022-10-19 16:00:00+00:00,1666195200000,0.0001
2022-10-20 00:00:00+00:00,2022-10-20 00:00:00+00:00,1666224000000,0.0001
2022-10-20 04:00:00+00:00,2022-10-20 00:00:00+00:00,1666224000000,0.0001
2022-10-20 08:00:00+00:00,2022-10-20 08:00:00+00:00,1666252800000,0.0001
2022-10-20 12:00:00+00:00,2022-10-20 08:00:00+00:00,1666252800000,0.0001
2022-10-20 16:00:00+00:00,2022-10-20 16:00:00+00:00,1666281600000,9.12e-05
2022-10-20 20:00:00+00:00,2022-10-20 16:00:00+00:00,1666281600000,9.12e-05
2022-10-21 00:00:00+00:00,2022-10-21 00:00:00+00:00,1666310400000,0.0001
2022-10-21 04:00:00+00:00,2022-10-21 00:00:00+00:00,1666310400000,0.0001
2022-10-21 08:00:00+00:00,2022-10-21 08:00:00+00:00,1666339200000,0.0001
2022-10-21 12:00:00+00:00,2022-10-21 08:00:00+00:00,1666339200000,0.0001
2022-10-21 16:00:00+00:00,2022-10-21 16:00:00+00:00,1666368000000,5.27e-05
2022-10-21 20:00:00+00:00,2022-10-21 16:00:00+00:00,1666368000000,5.27e-05
2022-10-22 00:00:00+00:00,2022-10-22 00:00:00+00:00,1666396800000,-0.00012856
2022-10-22 04:00:00+00:00,2022-10-22 00:00:00+00:00,1666396800000,-0.00012856
2022-10-22 08:00:00+00:00,2022-10-22 08:00:00+00:00,1666425600000,-8.85e-05
2022-10-22 12:00:00+00:00,2022-10-22 08:00:00+00:00,1666425600000,-8.85e-05
2022-10-22 16:00:00+00:00,2022-10-22 16:00:00+00:00,1666454400000,-1.33e-05
2022-10-22 20:00:00+00:00,2022-10-22 16:00:00+00:00,1666454400000,-1.33e-05
2022-10-23 00:00:00+00:00,2022-10-23 00:00:00+00:00,1666483200000,0.0001
2022-10-23 04:00:00+00:00,2022-10-23 00:00:00+00:00,1666483200000,0.0001
2022-10-23 08:00:00+00:00,2022-10-23 08:00:00+00:00,1666512000000,0.0001
2022-10-23 12:00:00+00:00,2022-10-23 08:00:00+00:00,1666512000000,0.0001
2022-10-23 16:00:00+00:00,2022-10-23 16:00:00+00:00,1666540800000,5.878e-05
2022-10-23 20:00:00+00:00,2022-10-23 16:00:00+00:00,1666540800000,5.878e-05
2022-10-24 00:00:00+00:00,2022-10-24 00:00:00+00:00,1666569600000,2.56e-05
2022-10-24 04:00:00+00:00,2022-10-24 00:00:00+00:00,1666569600000,2.56e-05
2022-10-24 08:00:00+00:00,2022-10-24 08:00:00+00:00,1666598400000,0.0001
2022-10-24 12:00:00+00:00,2022-10-24 08:00:00+00:00,1666598400000,0.0001
2022-10-24 16:00:00+00:00,2022-10-24 16:00:00+00:00,1666627200000,0.0001
2022-10-24 20:00:00+00:00,2022-10-24 16:00:00+00:00,1666627200000,0.0001
2022-10-25 00:00:00+00:00,2022-10-25 00:00:00+00:00,1666656000000,5.832e-05
2022-10-25 04:00:00+00:00,2022-10-25 00:00:00+00:00,1666656000000,5.832e-05
2022-10-25 08:00:00+00:00,2022-10-25 08:00:00+00:00,1666684800000,8.392e-05
2022-10-25 12:00:00+00:00,2022-10-25 08:00:00+00:00,1666684800000,8.392e-05
2022-10-25 16:00:00+00:00,2022-10-25 16:00:00+00:00,1666713600000,0.0001
2022-10-25 20:00:00+00:00,2022-10-25 16:00:00+00:00,1666713600000,0.0001
2022-10-26 00:00:00+00:00,2022-10-26 00:00:00+00:00,1666742400000,-0.0002109
2022-10-26 04:00:00+00:00,2022-10-26 00:00:00+00:00,1666742400000,-0.0002109
2022-10-26 08:00:00+00:00,2022-10-26 08:00:00+00:00,1666771200000,0.0001
2022-10-26 12:00:00+00:00,2022-10-26 08:00:00+00:00,1666771200000,0.0001
2022-10-26 16:00:00+00:00,2022-10-26 16:00:00+00:00,1666800000000,6.023e-05
2022-10-26 20:00:00+00:00,2022-10-26 16:00:00+00:00,1666800000000,6.023e-05
2022-10-27 00:00:00+00:00,2022-10-27 00:00:00+00:00,1666828800000,-2.81e-05
2022-10-27 04:00:00+00:00,2022-10-27 00:00:00+00:00,1666828800000,-2.81e-05
2022-10-27 08:00:00+00:00,2022-10-27 08:00:00+00:00,1666857600000,0.0001
2022-10-27 12:00:00+00:00,2022-10-27 08:00:00+00:00,1666857600000,0.0001
2022-10-27 16:00:00+00:00,2022-10-27 16:00:00+00:00,1666886400000,7.329e-05
2022-10-27 20:00:00+00:00,2022-10-27 16:00:00+00:00,1666886400000,7.329e-05
2022-10-28 00:00:00+00:00,2022-10-28 00:00:00+00:00,1666915200000,1.829e-05
2022-10-28 04:00:00+00:00,2022-10-28 00:00:00+00:00,1666915200000,1.829e-05
2022-10-28 08:00:00+00:00,2022-10-28 08:00:00+00:00,1666944000000,-7.97e-06
2022-10-28 12:00:00+00:00,2022-10-28 08:00:00+00:00,1666944000000,-7.97e-06
2022-10-28 16:00:00+00:00,2022-10-28 16:00:00+00:00,1666972800000,-1.84e-06
2022-10-28 20:00:00+00:00,2022-10-28 16:00:00+00:00,1666972800000,-1.84e-06
2022-10-29 00:00:00+00:00,2022-10-29 00:00:00+00:00,1667001600000,0.0001
2022-10-29 04:00:00+00:00,2022-10-29 00:00:00+00:00,1667001600000,0.0001
2022-10-29 08:00:00+00:00,2022-10-29 08:00:00+00:00,1667030400000,3.775e-05
2022-10-29 12:00:00+00:00,2022-10-29 08:00:00+00:00,1667030400000,3.775e-05
2022-10-29 16:00:00+00:00,2022-10-29 16:00:00+00:00,1667059200000,0.0001
2022-10-29 20:00:00+00:00,2022-10-29 16:00:00+00:00,1667059200000,0.0001
2022-10-30 00:00:00+00:00,2022-10-30 00:00:00+00:00,1667088000000,9.032e-05
2022-10-30 04:00:00+00:00,2022-10-30 00:00:00+00:00,1667088000000,9.032e-05
2022-10-30 08:00:00+00:00,2022-10-30 08:00:00+00:00,1667116800000,8.1e-05
2022-10-30 12:00:00+00:00,2022-10-30 08:00:00+00:00,1667116800000,8.1e-05
2022-10-30 16:00:00+00:00,2022-10-30 16:00:00+00:00,1667145600000,0.0001
2022-10-30 20:00:00+00:00,2022-10-30 16:00:00+00:00,1667145600000,0.0001
2022-10-31 00:00:00+00:00,2022-10-31 00:00:00+00:00,1667174400000,0.0001
2022-10-31 04:00:00+00:00,2022-10-31 00:00:00+00:00,1667174400000,0.0001
2022-10-31 08:00:00+00:00,2022-10-31 08:00:00+00:00,1667203200000,0.0001
2022-10-31 12:00:00+00:00,2022-10-31 08:00:00+00:00,1667203200000,0.0001
2022-10-31 16:00:00+00:00,2022-10-31 16:00:00+00:00,1667232000000,1.939e-05
2022-10-31 20:00:00+00:00,2022-10-31 16:00:00+00:00,1667232000000,1.939e-05
2022-11-01 00:00:00+00:00,2022-11-01 00:00:00+00:00,1667260800000,-7.284e-05
2022-11-01 04:00:00+00:00,2022-11-01 00:00:00+00:00,1667260800000,-7.284e-05
2022-11-01 08:00:00+00:00,2022-11-01 08:00:00+00:00,1667289600000,-7.319e-05
2022-11-01 12:00:00+00:00,2022-11-01 08:00:00+00:00,1667289600000,-7.319e-05
2022-11-01 16:00:00+00:00,2022-11-01 16:00:00+00:00,1667318400000,1.556e-05
2022-11-01 20:00:00+00:00,2022-11-01 16:00:00+00:00,1667318400000,1.556e-05
2022-11-02 00:00:00+00:00,2022-11-02 00:00:00+00:00,1667347200000,6.015e-05
2022-11-02 04:00:00+00:00,2022-11-02 00:00:00+00:00,1667347200000,6.015e-05
2022-11-02 08:00:00+00:00,2022-11-02 08:00:00+00:00,1667376000000,6.341e-05
2022-11-02 12:00:00+00:00,2022-11-02 08:00:00+00:00,1667376000000,6.341e-05
2022-11-02 16:00:00+00:00,2022-11-02 16:00:00+00:00,1667404800000,0.0001
2022-11-02 20:00:00+00:00,2022-11-02 16:00:00+00:00,1667404800000,0.0001
2022-11-03 00:00:00+00:00,2022-11-03 00:00:00+00:00,1667433600000,-5.864e-05
2022-11-03 04:00:00+00:00,2022-11-03 00:00:00+00:00,1667433600000,-5.864e-05
2022-11-03 08:00:00+00:00,2022-11-03 08:00:00+00:00,1667462400000,9.8e-07
2022-11-03 12:00:00+00:00,2022-11-03 08:00:00+00:00,1667462400000,9.8e-07
2022-11-03 16:00:00+00:00,2022-11-03 16:00:00+00:00,1667491200000,-7.32e-06
2022-11-03 20:00:00+00:00,2022-11-03 16:00:00+00:00,1667491200000,-7.32e-06
2022-11-04 00:00:00+00:00,2022-11-04 00:00:00+00:00,1667520000000,3.169e-05
2022-11-04 04:00:00+00:00,2022-11-04 00:00:00+00:00,1667520000000,3.169e-05
2022-11-04 08:00:00+00:00,2022-11-04 08:00:00+00:00,1667548800000,2.633e-05
2022-11-04 12:00:00+00:00,2022-11-04 08:00:00+00:00,1667548800000,2.633e-05
2022-11-04 16:00:00+00:00,2022-11-04 16:00:00+00:00,1667577600000,6.518e-05
2022-11-04 20:00:00+00:00,2022-11-04 16:00:00+00:00,1667577600000,6.518e-05
2022-11-05 00:00:00+00:00,2022-11-05 00:00:00+00:00,1667606400000,9.014e-05
2022-11-05 04:00:00+00:00,2022-11-05 00:00:00+00:00,1667606400000,9.014e-05
2022-11-05 08:00:00+00:00,2022-11-05 08:00:00+00:00,1667635200000,0.0001
2022-11-05 12:00:00+00:00,2022-11-05 08:00:00+00:00,1667635200000,0.0001
2022-11-05 16:00:00+00:00,2022-11-05 16:00:00+00:00,1667664000000,7.077e-05
2022-11-05 20:00:00+00:00,2022-11-05 16:00:00+00:00,1667664000000,7.077e-05
2022-11-06 00:00:00+00:00,2022-11-06 00:00:00+00:00,1667692800000,0.0001
2022-11-06 04:00:00+00:00,2022-11-06 00:00:00+00:00,1667692800000,0.0001
2022-11-06 08:00:00+00:00,2022-11-06 08:00:00+00:00,1667721600000,0.0001
2022-11-06 12:00:00+00:00,2022-11-06 08:00:00+00:00,1667721600000,0.0001
2022-11-06 16:00:00+00:00,2022-11-06 16:00:00+00:00,1667750400000,0.0001
2022-11-06 20:00:00+00:00,2022-11-06 16:00:00+00:00,1667750400000,0.0001
2022-11-07 00:00:00+00:00,2022-11-07 00:00:00+00:00,1667779200000,0.0001
2022-11-07 04:00:00+00:00,2022-11-07 00:00:00+00:00,1667779200000,0.0001
2022-11-07 08:00:00+00:00,2022-11-07 08:00:00+00:00,1667808000000,0.0001
2022-11-07 12:00:00+00:00,2022-11-07 08:00:00+00:00,1667808000000,0.0001
2022-11-07 16:00:00+00:00,2022-11-07 16:00:00+00:00,1667836800000,0.0001
2022-11-07 20:00:00+00:00,2022-11-07 16:00:00+00:00,1667836800000,0.0001
2022-11-08 00:00:00+00:00,2022-11-08 00:00:00+00:00,1667865600000,0.0001
2022-11-08 04:00:00+00:00,2022-11-08 00:00:00+00:00,1667865600000,0.0001
2022-11-08 08:00:00+00:00,2022-11-08 08:00:00+00:00,1667894400000,-0.0022876
2022-11-08 12:00:00+00:00,2022-11-08 08:00:00+00:00,1667894400000,-0.0022876
2022-11-08 16:00:00+00:00,2022-11-08 16:00:00+00:00,1667923200000,-0.00032814
2022-11-08 20:00:00+00:00,2022-11-08 16:00:00+00:00,1667923200000,-0.00032814
2022-11-09 00:00:00+00:00,2022-11-09 00:00:00+00:00,1667952000000,-0.0075
2022-11-09 04:00:00+00:00,2022-11-09 00:00:00+00:00,1667952000000,-0.0075
2022-11-09 08:00:00+00:00,2022-11-09 08:00:00+00:00,1667980800000,-0.0075
2022-11-09 12:00:00+00:00,2022-11-09 08:00:00+00:00,1667980800000,-0.0075
2022-11-09 16:00:00+00:00,2022-11-09 16:00:00+00:00,1668009600000,-0.0075
2022-11-09 20:00:00+00:00,2022-11-09 16:00:00+00:00,1668009600000,-0.0075
2022-11-10 00:00:00+00:00,2022-11-10 00:00:00+00:00,1668038400000,-0.0075
2022-11-10 04:00:00+00:00,2022-11-10 00:00:00+00:00,1668038400000,-0.0075
2022-11-10 08:00:00+00:00,2022-11-10 08:00:00+00:00,1668067200000,-0.025
2022-11-10 12:00:00+00:00,2022-11-10 12:00:00+00:00,1668081600000,-0.025
2022-11-10 16:00:00+00:00,2022-11-10 16:00:00+00:00,1668096000000,-0.00909853
2022-11-10 20:00:00+00:00,2022-11-10 20:00:00+00:00,1668110400000,-0.01221904
2022-11-11 00:00:00+00:00,2022-11-11 00:00:00+00:00,1668124800000,-0.00254403
2022-11-11 04:00:00+00:00,2022-11-11 04:00:00+00:00,1668139200000,-0.0050925
2022-11-11 08:00:00+00:00,2022-11-11 08:00:00+00:00,1668153600000,-0.00088628
2022-11-11 12:00:00+00:00,2022-11-11 12:00:00+00:00,1668168000000,-0.00450961
2022-11-11 16:00:00+00:00,2022-11-11 16:00:00+00:00,1668182400000,-0.01854887
2022-11-11 20:00:00+00:00,2022-11-11 20:00:00+00:00,1668196800000,-0.00207345
2022-11-12 00:00:00+00:00,2022-11-12 00:00:00+00:00,1668211200000,-0.00064806
2022-11-12 04:00:00+00:00,2022-11-12 04:00:00+00:00,1668225600000,-0.00248617
2022-11-12 08:00:00+00:00,2022-11-12 08:00:00+00:00,1668240000000,-0.00141779
2022-11-12 12:00:00+00:00,2022-11-12 12:00:00+00:00,1668254400000,-0.00051049
2022-11-12 16:00:00+00:00,2022-11-12 16:00:00+00:00,1668268800000,-0.00094781
2022-11-12 20:00:00+00:00,2022-11-12 20:00:00+00:00,1668283200000,-0.00051631
2022-11-13 00:00:00+00:00,2022-11-13 00:00:00+00:00,1668297600000,-0.00015217
2022-11-13 04:00:00+00:00,2022-11-13 04:00:00+00:00,1668312000000,-0.00192269
2022-11-13 08:00:00+00:00,2022-11-13 08:00:00+00:00,1668326400000,-0.00178893
2022-11-13 12:00:00+00:00,2022-11-13 12:00:00+00:00,1668340800000,-0.00241241
2022-11-13 16:00:00+00:00,2022-11-13 16:00:00+00:00,1668355200000,-0.0010318
2022-11-13 20:00:00+00:00,2022-11-13 20:00:00+00:00,1668369600000,-0.00045933
2022-11-14 00:00:00+00:00,2022-11-14 00:00:00+00:00,1668384000000,-0.00146837
2022-11-14 04:00:00+00:00,2022-11-14 04:00:00+00:00,1668398400000,-0.00608351
2022-11-14 08:00:00+00:00,2022-11-14 08:00:00+00:00,1668412800000,2.5e-05
2022-11-14 12:00:00+00:00,2022-11-14 12:00:00+00:00,1668427200000,-0.00071693
2022-11-14 16:00:00+00:00,2022-11-14 16:00:00+00:00,1668441600000,-0.00146799
2022-11-14 20:00:00+00:00,2022-11-14 20:00:00+00:00,1668456000000,2.5e-05
2022-11-15 00:00:00+00:00,2022-11-15 00:00:00+00:00,1668470400000,2.5e-05
2022-11-15 04:00:00+00:00,2022-11-15 04:00:00+00:00,1668484800000,2.5e-05
2022-11-15 08:00:00+00:00,2022-11-15 08:00:00+00:00,1668499200000,-0.000451
2022-11-15 12:00:00+00:00,2022-11-15 12:00:00+00:00,1668513600000,-0.00059208
2022-11-15 16:00:00+00:00,2022-11-15 16:00:00+00:00,1668528000000,-0.00016294
2022-11-15 20:00:00+00:00,2022-11-15 20:00:00+00:00,1668542400000,-0.00065976
2022-11-16 00:00:00+00:00,2022-11-16 00:00:00+00:00,1668556800000,-0.00049243
2022-11-16 04:00:00+00:00,2022-11-16 04:00:00+00:00,1668571200000,-0.0011239
2022-11-16 08:00:00+00:00,2022-11-16 08:00:00+00:00,1668585600000,-9.557e-05
2022-11-16 12:00:00+00:00,2022-11-16 12:00:00+00:00,1668600000000,-0.00073335
2022-11-16 16:00:00+00:00,2022-11-16 16:00:00+00:00,1668614400000,2.5e-05
2022-11-16 20:00:00+00:00,2022-11-16 20:00:00+00:00,1668628800000,-0.00092245
2022-11-17 00:00:00+00:00,2022-11-17 00:00:00+00:00,1668643200000,1.987e-05
2022-11-17 04:00:00+00:00,2022-11-17 04:00:00+00:00,1668657600000,-0.00069709
2022-11-17 08:00:00+00:00,2022-11-17 08:00:00+00:00,1668672000000,-0.00063402
2022-11-17 12:00:00+00:00,2022-11-17 12:00:00+00:00,1668686400000,-0.0001312
2022-11-17 16:00:00+00:00,2022-11-17 16:00:00+00:00,1668700800000,-0.004137
2022-11-17 20:00:00+00:00,2022-11-17 20:00:00+00:00,1668715200000,-0.00110384
2022-11-18 00:00:00+00:00,2022-11-18 00:00:00+00:00,1668729600000,-0.00170334
2022-11-18 04:00:00+00:00,2022-11-18 04:00:00+00:00,1668744000000,-0.00093993
2022-11-18 08:00:00+00:00,2022-11-18 08:00:00+00:00,1668758400000,-0.00043654
2022-11-18 12:00:00+00:00,2022-11-18 12:00:00+00:00,1668772800000,-0.00072585
2022-11-18 16:00:00+00:00,2022-11-18 16:00:00+00:00,1668787200000,-0.00127658
2022-11-18 20:00:00+00:00,2022-11-18 20:00:00+00:00,1668801600000,-0.00072409
2022-11-19 00:00:00+00:00,2022-11-19 00:00:00+00:00,1668816000000,2.5e-05
2022-11-19 04:00:00+00:00,2022-11-19 04:00:00+00:00,1668830400000,-0.00156379
2022-11-19 08:00:00+00:00,2022-11-19 08:00:00+00:00,1668844800000,-0.000155
2022-11-19 12:00:00+00:00,2022-11-19 12:00:00+00:00,1668859200000,2.5e-05
2022-11-19 16:00:00+00:00,2022-11-19 16:00:00+00:00,1668873600000,1.629e-05
2022-11-19 20:00:00+00:00,2022-11-19 20:00:00+00:00,1668888000000,-0.00037758
2022-11-20 00:00:00+00:00,2022-11-20 00:00:00+00:00,1668902400000,2.5e-05
2022-11-20 04:00:00+00:00,2022-11-20 04:00:00+00:00,1668916800000,-0.00031134
2022-11-20 08:00:00+00:00,2022-11-20 08:00:00+00:00,1668931200000,2.5e-05
2022-11-20 12:00:00+00:00,2022-11-20 12:00:00+00:00,1668945600000,2.5e-05
2022-11-20 16:00:00+00:00,2022-11-20 16:00:00+00:00,1668960000000,-0.00153773
2022-11-20 20:00:00+00:00,2022-11-20 20:00:00+00:00,1668974400000,-6.849e-05
2022-11-21 00:00:00+00:00,2022-11-21 00:00:00+00:00,1668988800000,-0.00051893
2022-11-21 04:00:00+00:00,2022-11-21 04:00:00+00:00,1669003200000,-0.00034407
2022-11-21 08:00:00+00:00,2022-11-21 08:00:00+00:00,1669017600000,-0.00013638
2022-11-21 12:00:00+00:00,2022-11-21 12:00:00+00:00,1669032000000,-0.00058558
2022-11-21 16:00:00+00:00,2022-11-21 16:00:00+00:00,1669046400000,2.5e-05
2022-11-21 20:00:00+00:00,2022-11-21 20:00:00+00:00,1669060800000,-0.00041338
2022-11-22 00:00:00+00:00,2022-11-22 00:00:00+00:00,1669075200000,-0.0004282
2022-11-22 04:00:00+00:00,2022-11-22 04:00:00+00:00,1669089600000,-3.803e-05
2022-11-22 08:00:00+00:00,2022-11-22 08:00:00+00:00,1669104000000,-9.503e-05
2022-11-22 12:00:00+00:00,2022-11-22 12:00:00+00:00,1669118400000,-0.00022617
2022-11-22 16:00:00+00:00,2022-11-22 16:00:00+00:00,1669132800000,-0.00012211
2022-11-22 20:00:00+00:00,2022-11-22 20:00:00+00:00,1669147200000,-4.222e-05
2022-11-23 00:00:00+00:00,2022-11-23 00:00:00+00:00,1669161600000,-0.00028847
2022-11-23 04:00:00+00:00,2022-11-23 04:00:00+00:00,1669176000000,-0.00014281
2022-11-23 08:00:00+00:00,2022-11-23 08:00:00+00:00,1669190400000,-8.681e-05
2022-11-23 12:00:00+00:00,2022-11-23 12:00:00+00:00,1669204800000,-0.00049956
2022-11-23 16:00:00+00:00,2022-11-23 16:00:00+00:00,1669219200000,-0.00084099
2022-11-23 20:00:00+00:00,2022-11-23 20:00:00+00:00,1669233600000,-0.00045487
2022-11-24 00:00:00+00:00,2022-11-24 00:00:00+00:00,1669248000000,-0.00014084
2022-11-24 04:00:00+00:00,2022-11-24 04:00:00+00:00,1669262400000,-0.00053295
2022-11-24 08:00:00+00:00,2022-11-24 08:00:00+00:00,1669276800000,-0.00062021
2022-11-24 12:00:00+00:00,2022-11-24 12:00:00+00:00,1669291200000,-0.00044319
2022-11-24 16:00:00+00:00,2022-11-24 16:00:00+00:00,1669305600000,-0.00093379
2022-11-24 20:00:00+00:00,2022-11-24 20:00:00+00:00,1669320000000,-0.00041578
2022-11-25 00:00:00+00:00,2022-11-25 00:00:00+00:00,1669334400000,-0.00024434
2022-11-25 04:00:00+00:00,2022-11-25 04:00:00+00:00,1669348800000,-0.00012653
2022-11-25 08:00:00+00:00,2022-11-25 08:00:00+00:00,1669363200000,-0.00010017
2022-11-25 12:00:00+00:00,2022-11-25 12:00:00+00:00,1669377600000,-0.00013127
2022-11-25 16:00:00+00:00,2022-11-25 16:00:00+00:00,1669392000000,-0.00015124
2022-11-25 20:00:00+00:00,2022-11-25 20:00:00+00:00,1669406400000,-0.00019597
2022-11-26 00:00:00+00:00,2022-11-26 00:00:00+00:00,1669420800000,2.5e-05
2022-11-26 04:00:00+00:00,2022-11-26 04:00:00+00:00,1669435200000,-0.00022725
2022-11-26 08:00:00+00:00,2022-11-26 08:00:00+00:00,1669449600000,-0.00022052
2022-11-26 12:00:00+00:00,2022-11-26 12:00:00+00:00,1669464000000,-0.0002364
2022-11-26 16:00:00+00:00,2022-11-26 16:00:00+00:00,1669478400000,-0.0003447
2022-11-26 20:00:00+00:00,2022-11-26 20:00:00+00:00,1669492800000,-0.00056626
2022-11-27 00:00:00+00:00,2022-11-27 00:00:00+00:00,1669507200000,-0.00075055
2022-11-27 04:00:00+00:00,2022-11-27 04:00:00+00:00,1669521600000,-0.00053489
2022-11-27 08:00:00+00:00,2022-11-27 08:00:00+00:00,1669536000000,2.5e-05
2022-11-27 12:00:00+00:00,2022-11-27 12:00:00+00:00,1669550400000,-0.00018847
2022-11-27 16:00:00+00:00,2022-11-27 16:00:00+00:00,1669564800000,-0.00013319
2022-11-27 20:00:00+00:00,2022-11-27 20:00:00+00:00,1669579200000,-9.367e-05
2022-11-28 00:00:00+00:00,2022-11-28 00:00:00+00:00,1669593600000,-0.00012463
2022-11-28 04:00:00+00:00,2022-11-28 04:00:00+00:00,1669608000000,-0.00038108
2022-11-28 08:00:00+00:00,2022-11-28 08:00:00+00:00,1669622400000,-0.00247715
2022-11-28 12:00:00+00:00,2022-11-28 12:00:00+00:00,1669636800000,-0.00257714
2022-11-28 16:00:00+00:00,2022-11-28 16:00:00+00:00,1669651200000,-0.00055627
2022-11-28 20:00:00+00:00,2022-11-28 20:00:00+00:00,1669665600000,2.5e-05
2022-11-29 00:00:00+00:00,2022-11-29 00:00:00+00:00,1669680000000,-1.169e-05
2022-11-29 04:00:00+00:00,2022-11-29 04:00:00+00:00,1669694400000,-8.21e-05
2022-11-29 08:00:00+00:00,2022-11-29 08:00:00+00:00,1669708800000,-0.00025579
2022-11-29 12:00:00+00:00,2022-11-29 12:00:00+00:00,1669723200000,-0.00048365
2022-11-29 16:00:00+00:00,2022-11-29 16:00:00+00:00,1669737600000,-0.00030917
2022-11-29 20:00:00+00:00,2022-11-29 20:00:00+00:00,1669752000000,-2.662e-05
2022-11-30 00:00:00+00:00,2022-11-30 00:00:00+00:00,1669766400000,-0.00027288
2022-11-30 04:00:00+00:00,2022-11-30 04:00:00+00:00,1669780800000,-0.00051037
2022-11-30 08:00:00+00:00,2022-11-30 08:00:00+00:00,1669795200000,-0.00020229
2022-11-30 12:00:00+00:00,2022-11-30 12:00:00+00:00,1669809600000,-0.00013951
2022-11-30 16:00:00+00:00,2022-11-30 16:00:00+00:00,1669824000000,2.5e-05
2022-11-30 20:00:00+00:00,2022-11-30 20:00:00+00:00,1669838400000,-0.00038559
2022-12-01 00:00:00+00:00,2022-12-01 00:00:00+00:00,1669852800000,-6.485e-05
2022-12-01 04:00:00+00:00,2022-12-01 04:00:00+00:00,1669867200000,-1.87e-06
2022-12-01 08:00:00+00:00,2022-12-01 08:00:00+00:00,1669881600000,2.5e-05
2022-12-01 12:00:00+00:00,2022-12-01 12:00:00+00:00,1669896000000,2.5e-05
2022-12-01 16:00:00+00:00,2022-12-01 16:00:00+00:00,1669910400000,2.5e-05
2022-12-01 20:00:00+00:00,2022-12-01 20:00:00+00:00,1669924800000,-0.00034956
2022-12-02 00:00:00+00:00,2022-12-02 00:00:00+00:00,1669939200000,-0.00048492
2022-12-02 04:00:00+00:00,2022-12-02 04:00:00+00:00,1669953600000,-0.00073504
2022-12-02 08:00:00+00:00,2022-12-02 08:00:00+00:00,1669968000000,-0.00076005
2022-12-02 12:00:00+00:00,2022-12-02 12:00:00+00:00,1669982400000,2.5e-05
2022-12-02 16:00:00+00:00,2022-12-02 16:00:00+00:00,1669996800000,2.5e-05
2022-12-02 20:00:00+00:00,2022-12-02 20:00:00+00:00,1670011200000,2.5e-05
2022-12-03 00:00:00+00:00,2022-12-03 00:00:00+00:00,1670025600000,2.5e-05
2022-12-03 04:00:00+00:00,2022-12-03 04:00:00+00:00,1670040000000,2.5e-05
2022-12-03 08:00:00+00:00,2022-12-03 08:00:00+00:00,1670054400000,2.5e-05
2022-12-03 12:00:00+00:00,2022-12-03 12:00:00+00:00,1670068800000,2.5e-05
2022-12-03 16:00:00+00:00,2022-12-03 16:00:00+00:00,1670083200000,1.468e-05
2022-12-03 20:00:00+00:00,2022-12-03 20:00:00+00:00,1670097600000,2.5e-05
2022-12-04 00:00:00+00:00,2022-12-04 00:00:00+00:00,1670112000000,2.5e-05
2022-12-04 04:00:00+00:00,2022-12-04 04:00:00+00:00,1670126400000,2.5e-05
2022-12-04 08:00:00+00:00,2022-12-04 08:00:00+00:00,1670140800000,2.5e-05
2022-12-04 12:00:00+00:00,2022-12-04 12:00:00+00:00,1670155200000,2.5e-05
2022-12-04 16:00:00+00:00,2022-12-04 16:00:00+00:00,1670169600000,2.5e-05
2022-12-04 20:00:00+00:00,2022-12-04 20:00:00+00:00,1670184000000,2.5e-05
2022-12-05 00:00:00+00:00,2022-12-05 00:00:00+00:00,1670198400000,2.5e-05
2022-12-05 04:00:00+00:00,2022-12-05 04:00:00+00:00,1670212800000,2.5e-05
2022-12-05 08:00:00+00:00,2022-12-05 08:00:00+00:00,1670227200000,2.5e-05
2022-12-05 12:00:00+00:00,2022-12-05 12:00:00+00:00,1670241600000,2.5e-05
2022-12-05 16:00:00+00:00,2022-12-05 16:00:00+00:00,1670256000000,2.5e-05
2022-12-05 20:00:00+00:00,2022-12-05 20:00:00+00:00,1670270400000,2.5e-05
2022-12-06 00:00:00+00:00,2022-12-06 00:00:00+00:00,1670284800000,2.5e-05
2022-12-06 04:00:00+00:00,2022-12-06 04:00:00+00:00,1670299200000,2.5e-05
2022-12-06 08:00:00+00:00,2022-12-06 08:00:00+00:00,1670313600000,2.5e-05
2022-12-06 12:00:00+00:00,2022-12-06 12:00:00+00:00,1670328000000,2.5e-05
2022-12-06 16:00:00+00:00,2022-12-06 16:00:00+00:00,1670342400000,2.5e-05
2022-12-06 20:00:00+00:00,2022-12-06 20:00:00+00:00,1670356800000,2.5e-05
2022-12-07 00:00:00+00:00,2022-12-07 00:00:00+00:00,1670371200000,2.5e-05
2022-12-07 04:00:00+00:00,2022-12-07 04:00:00+00:00,1670385600000,2.5e-05
2022-12-07 08:00:00+00:00,2022-12-07 08:00:00+00:00,1670400000000,2.5e-05
2022-12-07 12:00:00+00:00,2022-12-07 12:00:00+00:00,1670414400000,2.5e-05
2022-12-07 16:00:00+00:00,2022-12-07 16:00:00+00:00,1670428800000,2.5e-05
2022-12-07 20:00:00+00:00,2022-12-07 20:00:00+00:00,1670443200000,2.5e-05
2022-12-08 00:00:00+00:00,2022-12-08 00:00:00+00:00,1670457600000,2.5e-05
2022-12-08 04:00:00+00:00,2022-12-08 04:00:00+00:00,1670472000000,2.5e-05
2022-12-08 08:00:00+00:00,2022-12-08 08:00:00+00:00,1670486400000,2.5e-05
2022-12-08 12:00:00+00:00,2022-12-08 12:00:00+00:00,1670500800000,2.5e-05
2022-12-08 16:00:00+00:00,2022-12-08 16:00:00+00:00,1670515200000,2.5e-05
2022-12-08 20:00:00+00:00,2022-12-08 20:00:00+00:00,1670529600000,2.5e-05
2022-12-09 00:00:00+00:00,2022-12-09 00:00:00+00:00,1670544000000,2.5e-05
2022-12-09 04:00:00+00:00,2022-12-09 04:00:00+00:00,1670558400000,2.5e-05
2022-12-09 08:00:00+00:00,2022-12-09 08:00:00+00:00,1670572800000,2.5e-05
2022-12-09 12:00:00+00:00,2022-12-09 12:00:00+00:00,1670587200000,2.5e-05
2022-12-09 16:00:00+00:00,2022-12-09 16:00:00+00:00,1670601600000,2.5e-05
2022-12-09 20:00:00+00:00,2022-12-09 20:00:00+00:00,1670616000000,2.5e-05
2022-12-10 00:00:00+00:00,2022-12-10 00:00:00+00:00,1670630400000,2.5e-05
2022-12-10 04:00:00+00:00,2022-12-10 04:00:00+00:00,1670644800000,2.5e-05
2022-12-10 08:00:00+00:00,2022-12-10 08:00:00+00:00,1670659200000,2.5e-05
2022-12-10 12:00:00+00:00,2022-12-10 12:00:00+00:00,1670673600000,2.5e-05
2022-12-10 16:00:00+00:00,2022-12-10 16:00:00+00:00,1670688000000,2.5e-05
2022-12-10 20:00:00+00:00,2022-12-10 20:00:00+00:00,1670702400000,2.5e-05
2022-12-11 00:00:00+00:00,2022-12-11 00:00:00+00:00,1670716800000,2.5e-05
2022-12-11 04:00:00+00:00,2022-12-11 04:00:00+00:00,1670731200000,2.5e-05
2022-12-11 08:00:00+00:00,2022-12-11 08:00:00+00:00,1670745600000,2.5e-05
2022-12-11 12:00:00+00:00,2022-12-11 12:00:00+00:00,1670760000000,2.5e-05
2022-12-11 16:00:00+00:00,2022-12-11 16:00:00+00:00,1670774400000,2.5e-05
2022-12-11 20:00:00+00:00,2022-12-11 20:00:00+00:00,1670788800000,2.5e-05
2022-12-12 00:00:00+00:00,2022-12-12 00:00:00+00:00,1670803200000,2.5e-05
2022-12-12 04:00:00+00:00,2022-12-12 04:00:00+00:00,1670817600000,2.5e-05
2022-12-12 08:00:00+00:00,2022-12-12 08:00:00+00:00,1670832000000,2.5e-05
2022-12-12 12:00:00+00:00,2022-12-12 12:00:00+00:00,1670846400000,2.5e-05
2022-12-12 16:00:00+00:00,2022-12-12 16:00:00+00:00,1670860800000,2.5e-05
2022-12-12 20:00:00+00:00,2022-12-12 20:00:00+00:00,1670875200000,2.5e-05
2022-12-13 00:00:00+00:00,2022-12-13 00:00:00+00:00,1670889600000,2.5e-05
2022-12-13 04:00:00+00:00,2022-12-13 04:00:00+00:00,1670904000000,2.5e-05
2022-12-13 08:00:00+00:00,2022-12-13 08:00:00+00:00,1670918400000,2.5e-05
2022-12-13 12:00:00+00:00,2022-12-13 12:00:00+00:00,1670932800000,2.5e-05
2022-12-13 16:00:00+00:00,2022-12-13 16:00:00+00:00,1670947200000,2.5e-05
2022-12-13 20:00:00+00:00,2022-12-13 20:00:00+00:00,1670961600000,2.5e-05
2022-12-14 00:00:00+00:00,2022-12-14 00:00:00+00:00,1670976000000,2.5e-05
2022-12-14 04:00:00+00:00,2022-12-14 04:00:00+00:00,1670990400000,2.5e-05
2022-12-14 08:00:00+00:00,2022-12-14 08:00:00+00:00,1671004800000,2.5e-05
2022-12-14 12:00:00+00:00,2022-12-14 12:00:00+00:00,1671019200000,2.5e-05
2022-12-14 16:00:00+00:00,2022-12-14 16:00:00+00:00,1671033600000,2.5e-05
2022-12-14 20:00:00+00:00,2022-12-14 20:00:00+00:00,1671048000000,2.5e-05
2022-12-15 00:00:00+00:00,2022-12-15 00:00:00+00:00,1671062400000,2.5e-05
2022-12-15 04:00:00+00:00,2022-12-15 04:00:00+00:00,1671076800000,2.5e-05
2022-12-15 08:00:00+00:00,2022-12-15 08:00:00+00:00,1671091200000,2.5e-05
2022-12-15 12:00:00+00:00,2022-12-15 12:00:00+00:00,1671105600000,2.5e-05
2022-12-15 16:00:00+00:00,2022-12-15 16:00:00+00:00,1671120000000,2.5e-05
2022-12-15 20:00:00+00:00,2022-12-15 20:00:00+00:00,1671134400000,2.5e-05
2022-12-16 00:00:00+00:00,2022-12-16 00:00:00+00:00,1671148800000,2.5e-05
2022-12-16 04:00:00+00:00,2022-12-16 04:00:00+00:00,1671163200000,2.5e-05
2022-12-16 08:00:00+00:00,2022-12-16 08:00:00+00:00,1671177600000,2.5e-05
2022-12-16 12:00:00+00:00,2022-12-16 12:00:00+00:00,1671192000000,2.5e-05
2022-12-16 16:00:00+00:00,2022-12-16 16:00:00+00:00,1671206400000,2.5e-05
2022-12-16 20:00:00+00:00,2022-12-16 20:00:00+00:00,1671220800000,2.5e-05
2022-12-17 00:00:00+00:00,2022-12-17 00:00:00+00:00,1671235200000,2.5e-05
2022-12-17 04:00:00+00:00,2022-12-17 04:00:00+00:00,1671249600000,-0.00028055
2022-12-17 08:00:00+00:00,2022-12-17 08:00:00+00:00,1671264000000,-0.00011461
2022-12-17 12:00:00+00:00,2022-12-17 12:00:00+00:00,1671278400000,-0.00017017
2022-12-17 16:00:00+00:00,2022-12-17 16:00:00+00:00,1671292800000,2.465e-05
2022-12-17 20:00:00+00:00,2022-12-17 20:00:00+00:00,1671307200000,-7.993e-05
2022-12-18 00:00:00+00:00,2022-12-18 00:00:00+00:00,1671321600000,2.5e-05
2022-12-18 04:00:00+00:00,2022-12-18 04:00:00+00:00,1671336000000,2.5e-05
2022-12-18 08:00:00+00:00,2022-12-18 08:00:00+00:00,1671350400000,-0.00015877
2022-12-18 12:00:00+00:00,2022-12-18 12:00:00+00:00,1671364800000,2.5e-05
2022-12-18 16:00:00+00:00,2022-12-18 16:00:00+00:00,1671379200000,2.5e-05
2022-12-18 20:00:00+00:00,2022-12-18 20:00:00+00:00,1671393600000,2.5e-05
2022-12-19 00:00:00+00:00,2022-12-19 00:00:00+00:00,1671408000000,2.5e-05
2022-12-19 04:00:00+00:00,2022-12-19 04:00:00+00:00,1671422400000,-0.00018443
2022-12-19 08:00:00+00:00,2022-12-19 08:00:00+00:00,1671436800000,-0.00012156
2022-12-19 12:00:00+00:00,2022-12-19 12:00:00+00:00,1671451200000,-6.176e-05
2022-12-19 16:00:00+00:00,2022-12-19 16:00:00+00:00,1671465600000,-3.157e-05
2022-12-19 20:00:00+00:00,2022-12-19 20:00:00+00:00,1671480000000,-3.823e-05
2022-12-20 00:00:00+00:00,2022-12-20 00:00:00+00:00,1671494400000,-7.468e-05
2022-12-20 04:00:00+00:00,2022-12-20 04:00:00+00:00,1671508800000,-3.391e-05
2022-12-20 08:00:00+00:00,2022-12-20 08:00:00+00:00,1671523200000,2.5e-05
2022-12-20 12:00:00+00:00,2022-12-20 08:00:00+00:00,1671523200000,2.5e-05
2022-12-20 16:00:00+00:00,2022-12-20 16:00:00+00:00,1671552000000,9.795e-05
2022-12-20 20:00:00+00:00,2022-12-20 16:00:00+00:00,1671552000000,9.795e-05
2022-12-21 00:00:00+00:00,2022-12-21 00:00:00+00:00,1671580800000,0.0001
2022-12-21 04:00:00+00:00,2022-12-21 00:00:00+00:00,1671580800000,0.0001
2022-12-21 08:00:00+00:00,2022-12-21 08:00:00+00:00,1671609600000,5.195e-05
2022-12-21 12:00:00+00:00,2022-12-21 08:00:00+00:00,1671609600000,5.195e-05
2022-12-21 16:00:00+00:00,2022-12-21 16:00:00+00:00,1671638400000,-1.5e-06
2022-12-21 20:00:00+00:00,2022-12-21 16:00:00+00:00,1671638400000,-1.5e-06
2022-12-22 00:00:00+00:00,2022-12-22 00:00:00+00:00,1671667200000,-0.00014089
2022-12-22 04:00:00+00:00,2022-12-22 00:00:00+00:00,1671667200000,-0.00014089
2022-12-22 08:00:00+00:00,2022-12-22 08:00:00+00:00,1671696000000,0.0001
2022-12-22 12:00:00+00:00,2022-12-22 08:00:00+00:00,1671696000000,0.0001
2022-12-22 16:00:00+00:00,2022-12-22 16:00:00+00:00,1671724800000,0.0001
2022-12-22 20:00:00+00:00,2022-12-22 16:00:00+00:00,1671724800000,0.0001
2022-12-23 00:00:00+00:00,2022-12-23 00:00:00+00:00,1671753600000,0.0001
2022-12-23 04:00:00+00:00,2022-12-23 00:00:00+00:00,1671753600000,0.0001
2022-12-23 08:00:00+00:00,2022-12-23 08:00:00+00:00,1671782400000,0.0001
2022-12-23 12:00:00+00:00,2022-12-23 08:00:00+00:00,1671782400000,0.0001
2022-12-23 16:00:00+00:00,2022-12-23 16:00:00+00:00,1671811200000,0.0001
2022-12-23 20:00:00+00:00,2022-12-23 16:00:00+00:00,1671811200000,0.0001
2022-12-24 00:00:00+00:00,2022-12-24 00:00:00+00:00,1671840000000,0.0001
2022-12-24 04:00:00+00:00,2022-12-24 00:00:00+00:00,1671840000000,0.0001
2022-12-24 08:00:00+00:00,2022-12-24 08:00:00+00:00,1671868800000,-0.0002415
2022-12-24 12:00:00+00:00,2022-12-24 08:00:00+00:00,1671868800000,-0.0002415
2022-12-24 16:00:00+00:00,2022-12-24 16:00:00+00:00,1671897600000,-0.00141836
2022-12-24 20:00:00+00:00,2022-12-24 16:00:00+00:00,1671897600000,-0.00141836
2022-12-25 00:00:00+00:00,2022-12-25 00:00:00+00:00,1671926400000,-0.00032397
2022-12-25 04:00:00+00:00,2022-12-25 00:00:00+00:00,1671926400000,-0.00032397
2022-12-25 08:00:00+00:00,2022-12-25 08:00:00+00:00,1671955200000,-0.00058587
2022-12-25 12:00:00+00:00,2022-12-25 08:00:00+00:00,1671955200000,-0.00058587
2022-12-25 16:00:00+00:00,2022-12-25 16:00:00+00:00,1671984000000,-8.75e-06
2022-12-25 20:00:00+00:00,2022-12-25 16:00:00+00:00,1671984000000,-8.75e-06
2022-12-26 00:00:00+00:00,2022-12-26 00:00:00+00:00,1672012800000,-3.598e-05
2022-12-26 04:00:00+00:00,2022-12-26 00:00:00+00:00,1672012800000,-3.598e-05
2022-12-26 08:00:00+00:00,2022-12-26 08:00:00+00:00,1672041600000,-0.00018006
2022-12-26 12:00:00+00:00,2022-12-26 08:00:00+00:00,1672041600000,-0.00018006
2022-12-26 16:00:00+00:00,2022-12-26 16:00:00+00:00,1672070400000,-2.23e-06
2022-12-26 20:00:00+00:00,2022-12-26 16:00:00+00:00,1672070400000,-2.23e-06
2022-12-27 00:00:00+00:00,2022-12-27 00:00:00+00:00,1672099200000,6.796e-05
2022-12-27 04:00:00+00:00,2022-12-27 00:00:00+00:00,1672099200000,6.796e-05
2022-12-27 08:00:00+00:00,2022-12-27 08:00:00+00:00,1672128000000,0.0001
2022-12-27 12:00:00+00:00,2022-12-27 08:00:00+00:00,1672128000000,0.0001
2022-12-27 16:00:00+00:00,2022-12-27 16:00:00+00:00,1672156800000,0.0001
2022-12-27 20:00:00+00:00,2022-12-27 16:00:00+00:00,1672156800000,0.0001
2022-12-28 00:00:00+00:00,2022-12-28 00:00:00+00:00,1672185600000,0.0001
2022-12-28 04:00:00+00:00,2022-12-28 00:00:00+00:00,1672185600000,0.0001
2022-12-28 08:00:00+00:00,2022-12-28 08:00:00+00:00,1672214400000,-0.00016029
2022-12-28 12:00:00+00:00,2022-12-28 08:00:00+00:00,1672214400000,-0.00016029
2022-12-28 16:00:00+00:00,2022-12-28 16:00:00+00:00,1672243200000,-0.00079147
2022-12-28 20:00:00+00:00,2022-12-28 16:00:00+00:00,1672243200000,-0.00079147
2022-12-29 00:00:00+00:00,2022-12-29 00:00:00+00:00,1672272000000,-0.00047974
2022-12-29 04:00:00+00:00,2022-12-29 00:00:00+00:00,1672272000000,-0.00047974
2022-12-29 08:00:00+00:00,2022-12-29 08:00:00+00:00,1672300800000,-8.676e-05
2022-12-29 12:00:00+00:00,2022-12-29 08:00:00+00:00,1672300800000,-8.676e-05
2022-12-29 16:00:00+00:00,2022-12-29 16:00:00+00:00,1672329600000,-2.204e-05
2022-12-29 20:00:00+00:00,2022-12-29 16:00:00+00:00,1672329600000,-2.204e-05
2022-12-30 00:00:00+00:00,2022-12-30 00:00:00+00:00,1672358400000,-0.00211692
2022-12-30 04:00:00+00:00,2022-12-30 00:00:00+00:00,1672358400000,-0.00211692
2022-12-30 08:00:00+00:00,2022-12-30 08:00:00+00:00,1672387200000,-0.0026212
2022-12-30 12:00:00+00:00,2022-12-30 08:00:00+00:00,1672387200000,-0.0026212
2022-12-30 16:00:00+00:00,2022-12-30 16:00:00+00:00,1672416000000,-0.00265341
2022-12-30 20:00:00+00:00,2022-12-30 16:00:00+00:00,1672416000000,-0.00265341
2022-12-31 00:00:00+00:00,2022-12-31 00:00:00+00:00,1672444800000,-0.00255603
2022-12-31 04:00:00+00:00,2022-12-31 00:00:00+00:00,1672444800000,-0.00255603
2022-12-31 08:00:00+00:00,2022-12-31 08:00:00+00:00,1672473600000,-0.00177433
2022-12-31 12:00:00+00:00,2022-12-31 08:00:00+00:00,1672473600000,-0.00177433
2022-12-31 16:00:00+00:00,2022-12-31 16:00:00+00:00,1672502400000,-0.00092752
2022-12-31 20:00:00+00:00,2022-12-31 16:00:00+00:00,1672502400000,-0.00092752
2023-01-01 00:00:00+00:00,2023-01-01 00:00:00+00:00,1672531200000,-0.0011354
2023-01-01 04:00:00+00:00,2023-01-01 00:00:00+00:00,1672531200000,-0.0011354
2023-01-01 08:00:00+00:00,2023-01-01 08:00:00+00:00,1672560000000,-0.0003676
2023-01-01 12:00:00+00:00,2023-01-01 08:00:00+00:00,1672560000000,-0.0003676
2023-01-01 16:00:00+00:00,2023-01-01 16:00:00+00:00,1672588800000,-0.00073565
2023-01-01 20:00:00+00:00,2023-01-01 16:00:00+00:00,1672588800000,-0.00073565
2023-01-02 00:00:00+00:00,2023-01-02 00:00:00+00:00,1672617600000,-0.00115197
2023-01-02 04:00:00+00:00,2023-01-02 00:00:00+00:00,1672617600000,-0.00115197
2023-01-02 08:00:00+00:00,2023-01-02 08:00:00+00:00,1672646400000,-0.00078546
2023-01-02 12:00:00+00:00,2023-01-02 08:00:00+00:00,1672646400000,-0.00078546
2023-01-02 16:00:00+00:00,2023-01-02 16:00:00+00:00,1672675200000,-0.00018522
2023-01-02 20:00:00+00:00,2023-01-02 16:00:00+00:00,1672675200000,-0.00018522
2023-01-03 00:00:00+00:00,2023-01-03 00:00:00+00:00,1672704000000,-0.00119088
2023-01-03 04:00:00+00:00,2023-01-03 00:00:00+00:00,1672704000000,-0.00119088
2023-01-03 08:00:00+00:00,2023-01-03 08:00:00+00:00,1672732800000,-0.00247065
2023-01-03 12:00:00+00:00,2023-01-03 08:00:00+00:00,1672732800000,-0.00247065
2023-01-03 16:00:00+00:00,2023-01-03 16:00:00+00:00,1672761600000,-0.00621055
2023-01-03 20:00:00+00:00,2023-01-03 16:00:00+00:00,1672761600000,-0.00621055
2023-01-04 00:00:00+00:00,2023-01-04 00:00:00+00:00,1672790400000,-0.0045257
2023-01-04 04:00:00+00:00,2023-01-04 00:00:00+00:00,1672790400000,-0.0045257
2023-01-04 08:00:00+00:00,2023-01-04 08:00:00+00:00,1672819200000,-0.00862818
2023-01-04 12:00:00+00:00,2023-01-04 08:00:00+00:00,1672819200000,-0.00862818
2023-01-04 16:00:00+00:00,2023-01-04 16:00:00+00:00,1672848000000,-0.00288545
2023-01-04 20:00:00+00:00,2023-01-04 16:00:00+00:00,1672848000000,-0.00288545
2023-01-05 00:00:00+00:00,2023-01-05 00:00:00+00:00,1672876800000,-0.00215914
2023-01-05 04:00:00+00:00,2023-01-05 00:00:00+00:00,1672876800000,-0.00215914
2023-01-05 08:00:00+00:00,2023-01-05 08:00:00+00:00,1672905600000,-0.0005232
2023-01-05 12:00:00+00:00,2023-01-05 08:00:00+00:00,1672905600000,-0.0005232
2023-01-05 16:00:00+00:00,2023-01-05 16:00:00+00:00,1672934400000,-0.00052153
2023-01-05 20:00:00+00:00,2023-01-05 16:00:00+00:00,1672934400000,-0.00052153
2023-01-06 00:00:00+00:00,2023-01-06 00:00:00+00:00,1672963200000,-0.00220892
2023-01-06 04:00:00+00:00,2023-01-06 00:00:00+00:00,1672963200000,-0.00220892
2023-01-06 08:00:00+00:00,2023-01-06 08:00:00+00:00,1672992000000,-0.00043708
2023-01-06 12:00:00+00:00,2023-01-06 08:00:00+00:00,1672992000000,-0.00043708
2023-01-06 16:00:00+00:00,2023-01-06 16:00:00+00:00,1673020800000,-0.00077924
2023-01-06 20:00:00+00:00,2023-01-06 16:00:00+00:00,1673020800000,-0.00077924
2023-01-07 00:00:00+00:00,2023-01-07 00:00:00+00:00,1673049600000,-0.00058541
2023-01-07 04:00:00+00:00,2023-01-07 00:00:00+00:00,1673049600000,-0.00058541
2023-01-07 08:00:00+00:00,2023-01-07 08:00:00+00:00,1673078400000,-0.0002617
2023-01-07 12:00:00+00:00,2023-01-07 08:00:00+00:00,1673078400000,-0.0002617
2023-01-07 16:00:00+00:00,2023-01-07 16:00:00+00:00,1673107200000,-0.00032823
2023-01-07 20:00:00+00:00,2023-01-07 16:00:00+00:00,1673107200000,-0.00032823
2023-01-08 00:00:00+00:00,2023-01-08 00:00:00+00:00,1673136000000,-0.00024818
2023-01-08 04:00:00+00:00,2023-01-08 00:00:00+00:00,1673136000000,-0.00024818
2023-01-08 08:00:00+00:00,2023-01-08 08:00:00+00:00,1673164800000,-0.00064201
2023-01-08 12:00:00+00:00,2023-01-08 08:00:00+00:00,1673164800000,-0.00064201
2023-01-08 16:00:00+00:00,2023-01-08 16:00:00+00:00,1673193600000,-0.00011141
2023-01-08 20:00:00+00:00,2023-01-08 16:00:00+00:00,1673193600000,-0.00011141
2023-01-09 00:00:00+00:00,2023-01-09 00:00:00+00:00,1673222400000,-0.00040775
2023-01-09 04:00:00+00:00,2023-01-09 00:00:00+00:00,1673222400000,-0.00040775
2023-01-09 08:00:00+00:00,2023-01-09 08:00:00+00:00,1673251200000,0.0001
2023-01-09 12:00:00+00:00,2023-01-09 08:00:00+00:00,1673251200000,0.0001
2023-01-09 16:00:00+00:00,2023-01-09 16:00:00+00:00,1673280000000,-4.391e-05
2023-01-09 20:00:00+00:00,2023-01-09 16:00:00+00:00,1673280000000,-4.391e-05
2023-01-10 00:00:00+00:00,2023-01-10 00:00:00+00:00,1673308800000,0.0001
2023-01-10 04:00:00+00:00,2023-01-10 00:00:00+00:00,1673308800000,0.0001
2023-01-10 08:00:00+00:00,2023-01-10 08:00:00+00:00,1673337600000,0.0001
2023-01-10 12:00:00+00:00,2023-01-10 08:00:00+00:00,1673337600000,0.0001
2023-01-10 16:00:00+00:00,2023-01-10 16:00:00+00:00,1673366400000,-9.459e-05
2023-01-10 20:00:00+00:00,2023-01-10 16:00:00+00:00,1673366400000,-9.459e-05
2023-01-11 00:00:00+00:00,2023-01-11 00:00:00+00:00,1673395200000,-0.00032719
2023-01-11 04:00:00+00:00,2023-01-11 00:00:00+00:00,1673395200000,-0.00032719
2023-01-11 08:00:00+00:00,2023-01-11 08:00:00+00:00,1673424000000,-7.901e-05
2023-01-11 12:00:00+00:00,2023-01-11 08:00:00+00:00,1673424000000,-7.901e-05
2023-01-11 16:00:00+00:00,2023-01-11 16:00:00+00:00,1673452800000,8.013e-05
2023-01-11 20:00:00+00:00,2023-01-11 16:00:00+00:00,1673452800000,8.013e-05
2023-01-12 00:00:00+00:00,2023-01-12 00:00:00+00:00,1673481600000,0.0001
2023-01-12 04:00:00+00:00,2023-01-12 00:00:00+00:00,1673481600000,0.0001
2023-01-12 08:00:00+00:00,2023-01-12 08:00:00+00:00,1673510400000,0.0001
2023-01-12 12:00:00+00:00,2023-01-12 08:00:00+00:00,1673510400000,0.0001
2023-01-12 16:00:00+00:00,2023-01-12 16:00:00+00:00,1673539200000,-9.857e-05
2023-01-12 20:00:00+00:00,2023-01-12 16:00:00+00:00,1673539200000,-9.857e-05
2023-01-13 00:00:00+00:00,2023-01-13 00:00:00+00:00,1673568000000,2.931e-05
2023-01-13 04:00:00+00:00,2023-01-13 00:00:00+00:00,1673568000000,2.931e-05
2023-01-13 08:00:00+00:00,2023-01-13 08:00:00+00:00,1673596800000,0.0001
2023-01-13 12:00:00+00:00,2023-01-13 08:00:00+00:00,1673596800000,0.0001
2023-01-13 16:00:00+00:00,2023-01-13 16:00:00+00:00,1673625600000,-9.863e-05
2023-01-13 20:00:00+00:00,2023-01-13 16:00:00+00:00,1673625600000,-9.863e-05
2023-01-14 00:00:00+00:00,2023-01-14 00:00:00+00:00,1673654400000,6.897e-05
2023-01-14 04:00:00+00:00,2023-01-14 00:00:00+00:00,1673654400000,6.897e-05
2023-01-14 08:00:00+00:00,2023-01-14 08:00:00+00:00,1673683200000,0.00029005
2023-01-14 12:00:00+00:00,2023-01-14 08:00:00+00:00,1673683200000,0.00029005
2023-01-14 16:00:00+00:00,2023-01-14 16:00:00+00:00,1673712000000,0.00019034
2023-01-14 20:00:00+00:00,2023-01-14 16:00:00+00:00,1673712000000,0.00019034
2023-01-15 00:00:00+00:00,2023-01-15 00:00:00+00:00,1673740800000,0.00013195
2023-01-15 04:00:00+00:00,2023-01-15 00:00:00+00:00,1673740800000,0.00013195
2023-01-15 08:00:00+00:00,2023-01-15 08:00:00+00:00,1673769600000,0.00022785
2023-01-15 12:00:00+00:00,2023-01-15 08:00:00+00:00,1673769600000,0.00022785
2023-01-15 16:00:00+00:00,2023-01-15 16:00:00+00:00,1673798400000,0.00027196
2023-01-15 20:00:00+00:00,2023-01-15 16:00:00+00:00,1673798400000,0.00027196
2023-01-16 00:00:00+00:00,2023-01-16 00:00:00+00:00,1673827200000,0.00024158
2023-01-16 04:00:00+00:00,2023-01-16 00:00:00+00:00,1673827200000,0.00024158
2023-01-16 08:00:00+00:00,2023-01-16 08:00:00+00:00,1673856000000,0.0003496
2023-01-16 12:00:00+00:00,2023-01-16 08:00:00+00:00,1673856000000,0.0003496
2023-01-16 16:00:00+00:00,2023-01-16 16:00:00+00:00,1673884800000,0.0001
2023-01-16 20:00:00+00:00,2023-01-16 16:00:00+00:00,1673884800000,0.0001
2023-01-17 00:00:00+00:00,2023-01-17 00:00:00+00:00,1673913600000,0.0001
2023-01-17 04:00:00+00:00,2023-01-17 00:00:00+00:00,1673913600000,0.0001
2023-01-17 08:00:00+00:00,2023-01-17 08:00:00+00:00,1673942400000,0.0001
2023-01-17 12:00:00+00:00,2023-01-17 08:00:00+00:00,1673942400000,0.0001
2023-01-17 16:00:00+00:00,2023-01-17 16:00:00+00:00,1673971200000,0.0001
2023-01-17 20:00:00+00:00,2023-01-17 16:00:00+00:00,1673971200000,0.0001
2023-01-18 00:00:00+00:00,2023-01-18 00:00:00+00:00,1674000000000,0.0001
2023-01-18 04:00:00+00:00,2023-01-18 00:00:00+00:00,1674000000000,0.0001
2023-01-18 08:00:00+00:00,2023-01-18 08:00:00+00:00,1674028800000,0.0001
2023-01-18 12:00:00+00:00,2023-01-18 08:00:00+00:00,1674028800000,0.0001
2023-01-18 16:00:00+00:00,2023-01-18 16:00:00+00:00,1674057600000,0.0001
2023-01-18 20:00:00+00:00,2023-01-18 16:00:00+00:00,1674057600000,0.0001
2023-01-19 00:00:00+00:00,2023-01-19 00:00:00+00:00,1674086400000,0.0001
2023-01-19 04:00:00+00:00,2023-01-19 00:00:00+00:00,1674086400000,0.0001
2023-01-19 08:00:00+00:00,2023-01-19 08:00:00+00:00,1674115200000,0.0001
2023-01-19 12:00:00+00:00,2023-01-19 08:00:00+00:00,1674115200000,0.0001
2023-01-19 16:00:00+00:00,2023-01-19 16:00:00+00:00,1674144000000,0.0001
2023-01-19 20:00:00+00:00,2023-01-19 16:00:00+00:00,1674144000000,0.0001
2023-01-20 00:00:00+00:00,2023-01-20 00:00:00+00:00,1674172800000,0.0001
2023-01-20 04:00:00+00:00,2023-01-20 00:00:00+00:00,1674172800000,0.0001
2023-01-20 08:00:00+00:00,2023-01-20 08:00:00+00:00,1674201600000,0.0001
2023-01-20 12:00:00+00:00,2023-01-20 08:00:00+00:00,1674201600000,0.0001
2023-01-20 16:00:00+00:00,2023-01-20 16:00:00+00:00,1674230400000,0.0001
2023-01-20 20:00:00+00:00,2023-01-20 16:00:00+00:00,1674230400000,0.0001
2023-01-21 00:00:00+00:00,2023-01-21 00:00:00+00:00,1674259200000,0.0001
2023-01-21 04:00:00+00:00,2023-01-21 00:00:00+00:00,1674259200000,0.0001
2023-01-21 08:00:00+00:00,2023-01-21 08:00:00+00:00,1674288000000,0.00036267
2023-01-21 12:00:00+00:00,2023-01-21 08:00:00+00:00,1674288000000,0.00036267
2023-01-21 16:00:00+00:00,2023-01-21 16:00:00+00:00,1674316800000,0.0001
2023-01-21 20:00:00+00:00,2023-01-21 16:00:00+00:00,1674316800000,0.0001
2023-01-22 00:00:00+00:00,2023-01-22 00:00:00+00:00,1674345600000,0.0001
2023-01-22 04:00:00+00:00,2023-01-22 00:00:00+00:00,1674345600000,0.0001
2023-01-22 08:00:00+00:00,2023-01-22 08:00:00+00:00,1674374400000,0.0001
2023-01-22 12:00:00+00:00,2023-01-22 08:00:00+00:00,1674374400000,0.0001
2023-01-22 16:00:00+00:00,2023-01-22 16:00:00+00:00,1674403200000,0.0001
2023-01-22 20:00:00+00:00,2023-01-22 16:00:00+00:00,1674403200000,0.0001
2023-01-23 00:00:00+00:00,2023-01-23 00:00:00+00:00,1674432000000,0.00011871
2023-01-23 04:00:00+00:00,2023-01-23 00:00:00+00:00,1674432000000,0.00011871
2023-01-23 08:00:00+00:00,2023-01-23 08:00:00+00:00,1674460800000,0.0001
2023-01-23 12:00:00+00:00,2023-01-23 08:00:00+00:00,1674460800000,0.0001
2023-01-23 16:00:00+00:00,2023-01-23 16:00:00+00:00,1674489600000,0.0001
2023-01-23 20:00:00+00:00,2023-01-23 16:00:00+00:00,1674489600000,0.0001
2023-01-24 00:00:00+00:00,2023-01-24 00:00:00+00:00,1674518400000,0.0001
2023-01-24 04:00:00+00:00,2023-01-24 00:00:00+00:00,1674518400000,0.0001
2023-01-24 08:00:00+00:00,2023-01-24 08:00:00+00:00,1674547200000,0.00042336
2023-01-24 12:00:00+00:00,2023-01-24 08:00:00+00:00,1674547200000,0.00042336
2023-01-24 16:00:00+00:00,2023-01-24 16:00:00+00:00,1674576000000,0.0001
2023-01-24 20:00:00+00:00,2023-01-24 16:00:00+00:00,1674576000000,0.0001
2023-01-25 00:00:00+00:00,2023-01-25 00:00:00+00:00,1674604800000,0.0001
2023-01-25 04:00:00+00:00,2023-01-25 00:00:00+00:00,1674604800000,0.0001
2023-01-25 08:00:00+00:00,2023-01-25 08:00:00+00:00,1674633600000,0.0001
2023-01-25 12:00:00+00:00,2023-01-25 08:00:00+00:00,1674633600000,0.0001
2023-01-25 16:00:00+00:00,2023-01-25 16:00:00+00:00,1674662400000,0.0001
2023-01-25 20:00:00+00:00,2023-01-25 16:00:00+00:00,1674662400000,0.0001
2023-01-26 00:00:00+00:00,2023-01-26 00:00:00+00:00,1674691200000,0.0001
2023-01-26 04:00:00+00:00,2023-01-26 00:00:00+00:00,1674691200000,0.0001
2023-01-26 08:00:00+00:00,2023-01-26 08:00:00+00:00,1674720000000,0.00015732
2023-01-26 12:00:00+00:00,2023-01-26 08:00:00+00:00,1674720000000,0.00015732
2023-01-26 16:00:00+00:00,2023-01-26 16:00:00+00:00,1674748800000,0.0001
2023-01-26 20:00:00+00:00,2023-01-26 16:00:00+00:00,1674748800000,0.0001
2023-01-27 00:00:00+00:00,2023-01-27 00:00:00+00:00,1674777600000,0.0001
2023-01-27 04:00:00+00:00,2023-01-27 00:00:00+00:00,1674777600000,0.0001
2023-01-27 08:00:00+00:00,2023-01-27 08:00:00+00:00,1674806400000,0.0001
2023-01-27 12:00:00+00:00,2023-01-27 08:00:00+00:00,1674806400000,0.0001
2023-01-27 16:00:00+00:00,2023-01-27 16:00:00+00:00,1674835200000,0.0001
2023-01-27 20:00:00+00:00,2023-01-27 16:00:00+00:00,1674835200000,0.0001
2023-01-28 00:00:00+00:00,2023-01-28 00:00:00+00:00,1674864000000,0.00019994
2023-01-28 04:00:00+00:00,2023-01-28 00:00:00+00:00,1674864000000,0.00019994
2023-01-28 08:00:00+00:00,2023-01-28 08:00:00+00:00,1674892800000,0.00017179
2023-01-28 12:00:00+00:00,2023-01-28 08:00:00+00:00,1674892800000,0.00017179
2023-01-28 16:00:00+00:00,2023-01-28 16:00:00+00:00,1674921600000,0.0001
2023-01-28 20:00:00+00:00,2023-01-28 16:00:00+00:00,1674921600000,0.0001
2023-01-29 00:00:00+00:00,2023-01-29 00:00:00+00:00,1674950400000,0.0001
2023-01-29 04:00:00+00:00,2023-01-29 00:00:00+00:00,1674950400000,0.0001
2023-01-29 08:00:00+00:00,2023-01-29 08:00:00+00:00,1674979200000,0.0001
2023-01-29 12:00:00+00:00,2023-01-29 08:00:00+00:00,1674979200000,0.0001
2023-01-29 16:00:00+00:00,2023-01-29 16:00:00+00:00,1675008000000,0.0001
2023-01-29 20:00:00+00:00,2023-01-29 16:00:00+00:00,1675008000000,0.0001
2023-01-30 00:00:00+00:00,2023-01-30 00:00:00+00:00,1675036800000,0.00050351
2023-01-30 04:00:00+00:00,2023-01-30 00:00:00+00:00,1675036800000,0.00050351
2023-01-30 08:00:00+00:00,2023-01-30 08:00:00+00:00,1675065600000,0.0001887
2023-01-30 12:00:00+00:00,2023-01-30 08:00:00+00:00,1675065600000,0.0001887
2023-01-30 16:00:00+00:00,2023-01-30 16:00:00+00:00,1675094400000,0.0001
2023-01-30 20:00:00+00:00,2023-01-30 16:00:00+00:00,1675094400000,0.0001
2023-01-31 00:00:00+00:00,2023-01-31 00:00:00+00:00,1675123200000,0.0001
2023-01-31 04:00:00+00:00,2023-01-31 00:00:00+00:00,1675123200000,0.0001
2023-01-31 08:00:00+00:00,2023-01-31 08:00:00+00:00,1675152000000,0.0001
2023-01-31 12:00:00+00:00,2023-01-31 08:00:00+00:00,1675152000000,0.0001
2023-01-31 16:00:00+00:00,2023-01-31 16:00:00+00:00,1675180800000,0.0001
2023-01-31 20:00:00+00:00,2023-01-31 16:00:00+00:00,1675180800000,0.0001
2023-02-01 00:00:00+00:00,2023-02-01 00:00:00+00:00,1675209600000,0.0001
2023-02-01 04:00:00+00:00,2023-02-01 00:00:00+00:00,1675209600000,0.0001
2023-02-01 08:00:00+00:00,2023-02-01 08:00:00+00:00,1675238400000,0.0001
2023-02-01 12:00:00+00:00,2023-02-01 08:00:00+00:00,1675238400000,0.0001
2023-02-01 16:00:00+00:00,2023-02-01 16:00:00+00:00,1675267200000,0.0001
2023-02-01 20:00:00+00:00,2023-02-01 16:00:00+00:00,1675267200000,0.0001
2023-02-02 00:00:00+00:00,2023-02-02 00:00:00+00:00,1675296000000,0.0001
2023-02-02 04:00:00+00:00,2023-02-02 00:00:00+00:00,1675296000000,0.0001
2023-02-02 08:00:00+00:00,2023-02-02 08:00:00+00:00,1675324800000,0.00018822
2023-02-02 12:00:00+00:00,2023-02-02 08:00:00+00:00,1675324800000,0.00018822
2023-02-02 16:00:00+00:00,2023-02-02 16:00:00+00:00,1675353600000,0.0001
2023-02-02 20:00:00+00:00,2023-02-02 16:00:00+00:00,1675353600000,0.0001
2023-02-03 00:00:00+00:00,2023-02-03 00:00:00+00:00,1675382400000,0.0001
2023-02-03 04:00:00+00:00,2023-02-03 00:00:00+00:00,1675382400000,0.0001
2023-02-03 08:00:00+00:00,2023-02-03 08:00:00+00:00,1675411200000,0.0001
2023-02-03 12:00:00+00:00,2023-02-03 08:00:00+00:00,1675411200000,0.0001
2023-02-03 16:00:00+00:00,2023-02-03 16:00:00+00:00,1675440000000,0.0001
2023-02-03 20:00:00+00:00,2023-02-03 16:00:00+00:00,1675440000000,0.0001
2023-02-04 00:00:00+00:00,2023-02-04 00:00:00+00:00,1675468800000,0.0001
2023-02-04 04:00:00+00:00,2023-02-04 00:00:00+00:00,1675468800000,0.0001
2023-02-04 08:00:00+00:00,2023-02-04 08:00:00+00:00,1675497600000,0.0001
2023-02-04 12:00:00+00:00,2023-02-04 08:00:00+00:00,1675497600000,0.0001
2023-02-04 16:00:00+00:00,2023-02-04 16:00:00+00:00,1675526400000,0.0001
2023-02-04 20:00:00+00:00,2023-02-04 16:00:00+00:00,1675526400000,0.0001
2023-02-05 00:00:00+00:00,2023-02-05 00:00:00+00:00,1675555200000,0.0001
2023-02-05 04:00:00+00:00,2023-02-05 00:00:00+00:00,1675555200000,0.0001
2023-02-05 08:00:00+00:00,2023-02-05 08:00:00+00:00,1675584000000,0.0001
2023-02-05 12:00:00+00:00,2023-02-05 08:00:00+00:00,1675584000000,0.0001
2023-02-05 16:00:00+00:00,2023-02-05 16:00:00+00:00,1675612800000,-1.269e-05
2023-02-05 20:00:00+00:00,2023-02-05 16:00:00+00:00,1675612800000,-1.269e-05
2023-02-06 00:00:00+00:00,2023-02-06 00:00:00+00:00,1675641600000,0.0001
2023-02-06 04:00:00+00:00,2023-02-06 00:00:00+00:00,1675641600000,0.0001
2023-02-06 08:00:00+00:00,2023-02-06 08:00:00+00:00,1675670400000,0.0001
2023-02-06 12:00:00+00:00,2023-02-06 08:00:00+00:00,1675670400000,0.0001
2023-02-06 16:00:00+00:00,2023-02-06 16:00:00+00:00,1675699200000,0.0001
2023-02-06 20:00:00+00:00,2023-02-06 16:00:00+00:00,1675699200000,0.0001
2023-02-07 00:00:00+00:00,2023-02-07 00:00:00+00:00,1675728000000,0.0001
2023-02-07 04:00:00+00:00,2023-02-07 00:00:00+00:00,1675728000000,0.0001
2023-02-07 08:00:00+00:00,2023-02-07 08:00:00+00:00,1675756800000,0.0001
2023-02-07 12:00:00+00:00,2023-02-07 08:00:00+00:00,1675756800000,0.0001
2023-02-07 16:00:00+00:00,2023-02-07 16:00:00+00:00,1675785600000,0.0001
2023-02-07 20:00:00+00:00,2023-02-07 16:00:00+00:00,1675785600000,0.0001
2023-02-08 00:00:00+00:00,2023-02-08 00:00:00+00:00,1675814400000,0.0001
2023-02-08 04:00:00+00:00,2023-02-08 00:00:00+00:00,1675814400000,0.0001
2023-02-08 08:00:00+00:00,2023-02-08 08:00:00+00:00,1675843200000,0.0001
2023-02-08 12:00:00+00:00,2023-02-08 08:00:00+00:00,1675843200000,0.0001
2023-02-08 16:00:00+00:00,2023-02-08 16:00:00+00:00,1675872000000,0.0001
2023-02-08 20:00:00+00:00,2023-02-08 16:00:00+00:00,1675872000000,0.0001
2023-02-09 00:00:00+00:00,2023-02-09 00:00:00+00:00,1675900800000,0.0001
2023-02-09 04:00:00+00:00,2023-02-09 00:00:00+00:00,1675900800000,0.0001
2023-02-09 08:00:00+00:00,2023-02-09 08:00:00+00:00,1675929600000,-0.00012091
2023-02-09 12:00:00+00:00,2023-02-09 08:00:00+00:00,1675929600000,-0.00012091
2023-02-09 16:00:00+00:00,2023-02-09 16:00:00+00:00,1675958400000,-2.118e-05
2023-02-09 20:00:00+00:00,2023-02-09 16:00:00+00:00,1675958400000,-2.118e-05
2023-02-10 00:00:00+00:00,2023-02-10 00:00:00+00:00,1675987200000,0.0001
2023-02-10 04:00:00+00:00,2023-02-10 00:00:00+00:00,1675987200000,0.0001
2023-02-10 08:00:00+00:00,2023-02-10 08:00:00+00:00,1676016000000,8.06e-05
2023-02-10 12:00:00+00:00,2023-02-10 08:00:00+00:00,1676016000000,8.06e-05
2023-02-10 16:00:00+00:00,2023-02-10 16:00:00+00:00,1676044800000,-4.266e-05
2023-02-10 20:00:00+00:00,2023-02-10 16:00:00+00:00,1676044800000,-4.266e-05
2023-02-11 00:00:00+00:00,2023-02-11 00:00:00+00:00,1676073600000,3.401e-05
2023-02-11 04:00:00+00:00,2023-02-11 00:00:00+00:00,1676073600000,3.401e-05
2023-02-11 08:00:00+00:00,2023-02-11 08:00:00+00:00,1676102400000,-4.716e-05
2023-02-11 12:00:00+00:00,2023-02-11 08:00:00+00:00,1676102400000,-4.716e-05
2023-02-11 16:00:00+00:00,2023-02-11 16:00:00+00:00,1676131200000,4.998e-05
2023-02-11 20:00:00+00:00,2023-02-11 16:00:00+00:00,1676131200000,4.998e-05
2023-02-12 00:00:00+00:00,2023-02-12 00:00:00+00:00,1676160000000,-0.00025367
2023-02-12 04:00:00+00:00,2023-02-12 00:00:00+00:00,1676160000000,-0.00025367
2023-02-12 08:00:00+00:00,2023-02-12 08:00:00+00:00,1676188800000,-0.00046512
2023-02-12 12:00:00+00:00,2023-02-12 08:00:00+00:00,1676188800000,-0.00046512
2023-02-12 16:00:00+00:00,2023-02-12 16:00:00+00:00,1676217600000,-0.00028808
2023-02-12 20:00:00+00:00,2023-02-12 16:00:00+00:00,1676217600000,-0.00028808
2023-02-13 00:00:00+00:00,2023-02-13 00:00:00+00:00,1676246400000,-0.00026708
2023-02-13 04:00:00+00:00,2023-02-13 00:00:00+00:00,1676246400000,-0.00026708
2023-02-13 08:00:00+00:00,2023-02-13 08:00:00+00:00,1676275200000,-0.00013694
2023-02-13 12:00:00+00:00,2023-02-13 08:00:00+00:00,1676275200000,-0.00013694
2023-02-13 16:00:00+00:00,2023-02-13 16:00:00+00:00,1676304000000,0.0001
2023-02-13 20:00:00+00:00,2023-02-13 16:00:00+00:00,1676304000000,0.0001
2023-02-14 00:00:00+00:00,2023-02-14 00:00:00+00:00,1676332800000,-2.017e-05
2023-02-14 04:00:00+00:00,2023-02-14 00:00:00+00:00,1676332800000,-2.017e-05
2023-02-14 08:00:00+00:00,2023-02-14 08:00:00+00:00,1676361600000,-0.00013888
2023-02-14 12:00:00+00:00,2023-02-14 08:00:00+00:00,1676361600000,-0.00013888
2023-02-14 16:00:00+00:00,2023-02-14 16:00:00+00:00,1676390400000,6.544e-05
2023-02-14 20:00:00+00:00,2023-02-14 16:00:00+00:00,1676390400000,6.544e-05
2023-02-15 00:00:00+00:00,2023-02-15 00:00:00+00:00,1676419200000,-2.167e-05
2023-02-15 04:00:00+00:00,2023-02-15 00:00:00+00:00,1676419200000,-2.167e-05
2023-02-15 08:00:00+00:00,2023-02-15 08:00:00+00:00,1676448000000,0.0001
2023-02-15 12:00:00+00:00,2023-02-15 08:00:00+00:00,1676448000000,0.0001
2023-02-15 16:00:00+00:00,2023-02-15 16:00:00+00:00,1676476800000,9.833e-05
2023-02-15 20:00:00+00:00,2023-02-15 16:00:00+00:00,1676476800000,9.833e-05
2023-02-16 00:00:00+00:00,2023-02-16 00:00:00+00:00,1676505600000,0.0001
2023-02-16 04:00:00+00:00,2023-02-16 00:00:00+00:00,1676505600000,0.0001
2023-02-16 08:00:00+00:00,2023-02-16 08:00:00+00:00,1676534400000,0.0001
2023-02-16 12:00:00+00:00,2023-02-16 08:00:00+00:00,1676534400000,0.0001
2023-02-16 16:00:00+00:00,2023-02-16 16:00:00+00:00,1676563200000,0.0001
2023-02-16 20:00:00+00:00,2023-02-16 16:00:00+00:00,1676563200000,0.0001
2023-02-17 00:00:00+00:00,2023-02-17 00:00:00+00:00,1676592000000,0.0001
2023-02-17 04:00:00+00:00,2023-02-17 00:00:00+00:00,1676592000000,0.0001
2023-02-17 08:00:00+00:00,2023-02-17 08:00:00+00:00,1676620800000,0.0001
2023-02-17 12:00:00+00:00,2023-02-17 08:00:00+00:00,1676620800000,0.0001
2023-02-17 16:00:00+00:00,2023-02-17 16:00:00+00:00,1676649600000,0.0001
2023-02-17 20:00:00+00:00,2023-02-17 16:00:00+00:00,1676649600000,0.0001
2023-02-18 00:00:00+00:00,2023-02-18 00:00:00+00:00,1676678400000,0.0001
2023-02-18 04:00:00+00:00,2023-02-18 00:00:00+00:00,1676678400000,0.0001
2023-02-18 08:00:00+00:00,2023-02-18 08:00:00+00:00,1676707200000,0.0001
2023-02-18 12:00:00+00:00,2023-02-18 08:00:00+00:00,1676707200000,0.0001
2023-02-18 16:00:00+00:00,2023-02-18 16:00:00+00:00,1676736000000,0.00012525
2023-02-18 20:00:00+00:00,2023-02-18 16:00:00+00:00,1676736000000,0.00012525
2023-02-19 00:00:00+00:00,2023-02-19 00:00:00+00:00,1676764800000,0.0001
2023-02-19 04:00:00+00:00,2023-02-19 00:00:00+00:00,1676764800000,0.0001
2023-02-19 08:00:00+00:00,2023-02-19 08:00:00+00:00,1676793600000,0.0001
2023-02-19 12:00:00+00:00,2023-02-19 08:00:00+00:00,1676793600000,0.0001
2023-02-19 16:00:00+00:00,2023-02-19 16:00:00+00:00,1676822400000,0.00024022
2023-02-19 20:00:00+00:00,2023-02-19 16:00:00+00:00,1676822400000,0.00024022
2023-02-20 00:00:00+00:00,2023-02-20 00:00:00+00:00,1676851200000,0.00030535
2023-02-20 04:00:00+00:00,2023-02-20 00:00:00+00:00,1676851200000,0.00030535
2023-02-20 08:00:00+00:00,2023-02-20 08:00:00+00:00,1676880000000,0.00015517
2023-02-20 12:00:00+00:00,2023-02-20 08:00:00+00:00,1676880000000,0.00015517
2023-02-20 16:00:00+00:00,2023-02-20 16:00:00+00:00,1676908800000,0.00025646
2023-02-20 20:00:00+00:00,2023-02-20 16:00:00+00:00,1676908800000,0.00025646
2023-02-21 00:00:00+00:00,2023-02-21 00:00:00+00:00,1676937600000,0.0001
2023-02-21 04:00:00+00:00,2023-02-21 00:00:00+00:00,1676937600000,0.0001
2023-02-21 08:00:00+00:00,2023-02-21 08:00:00+00:00,1676966400000,0.00016212
2023-02-21 12:00:00+00:00,2023-02-21 08:00:00+00:00,1676966400000,0.00016212
2023-02-21 16:00:00+00:00,2023-02-21 16:00:00+00:00,1676995200000,0.0001
2023-02-21 20:00:00+00:00,2023-02-21 16:00:00+00:00,1676995200000,0.0001
2023-02-22 00:00:00+00:00,2023-02-22 00:00:00+00:00,1677024000000,0.00015668
2023-02-22 04:00:00+00:00,2023-02-22 00:00:00+00:00,1677024000000,0.00015668
2023-02-22 08:00:00+00:00,2023-02-22 08:00:00+00:00,1677052800000,0.0001
2023-02-22 12:00:00+00:00,2023-02-22 08:00:00+00:00,1677052800000,0.0001
2023-02-22 16:00:00+00:00,2023-02-22 16:00:00+00:00,1677081600000,0.0001
2023-02-22 20:00:00+00:00,2023-02-22 16:00:00+00:00,1677081600000,0.0001
2023-02-23 00:00:00+00:00,2023-02-23 00:00:00+00:00,1677110400000,0.0001
2023-02-23 04:00:00+00:00,2023-02-23 00:00:00+00:00,1677110400000,0.0001
2023-02-23 08:00:00+00:00,2023-02-23 08:00:00+00:00,1677139200000,0.0001
2023-02-23 12:00:00+00:00,2023-02-23 08:00:00+00:00,1677139200000,0.0001
2023-02-23 16:00:00+00:00,2023-02-23 16:00:00+00:00,1677168000000,0.0001
2023-02-23 20:00:00+00:00,2023-02-23 16:00:00+00:00,1677168000000,0.0001
2023-02-24 00:00:00+00:00,2023-02-24 00:00:00+00:00,1677196800000,0.0001
2023-02-24 04:00:00+00:00,2023-02-24 00:00:00+00:00,1677196800000,0.0001
2023-02-24 08:00:00+00:00,2023-02-24 08:00:00+00:00,1677225600000,0.0001
2023-02-24 12:00:00+00:00,2023-02-24 08:00:00+00:00,1677225600000,0.0001
2023-02-24 16:00:00+00:00,2023-02-24 16:00:00+00:00,1677254400000,0.0001
2023-02-24 20:00:00+00:00,2023-02-24 16:00:00+00:00,1677254400000,0.0001
2023-02-25 00:00:00+00:00,2023-02-25 00:00:00+00:00,1677283200000,0.0001
2023-02-25 04:00:00+00:00,2023-02-25 00:00:00+00:00,1677283200000,0.0001
2023-02-25 08:00:00+00:00,2023-02-25 08:00:00+00:00,1677312000000,0.0001
2023-02-25 12:00:00+00:00,2023-02-25 08:00:00+00:00,1677312000000,0.0001
2023-02-25 16:00:00+00:00,2023-02-25 16:00:00+00:00,1677340800000,0.0001
2023-02-25 20:00:00+00:00,2023-02-25 16:00:00+00:00,1677340800000,0.0001
2023-02-26 00:00:00+00:00,2023-02-26 00:00:00+00:00,1677369600000,0.0001
2023-02-26 04:00:00+00:00,2023-02-26 00:00:00+00:00,1677369600000,0.0001
2023-02-26 08:00:00+00:00,2023-02-26 08:00:00+00:00,1677398400000,0.0001
2023-02-26 12:00:00+00:00,2023-02-26 08:00:00+00:00,1677398400000,0.0001
2023-02-26 16:00:00+00:00,2023-02-26 16:00:00+00:00,1677427200000,2.038e-05
2023-02-26 20:00:00+00:00,2023-02-26 16:00:00+00:00,1677427200000,2.038e-05
2023-02-27 00:00:00+00:00,2023-02-27 00:00:00+00:00,1677456000000,-9.64e-06
2023-02-27 04:00:00+00:00,2023-02-27 00:00:00+00:00,1677456000000,-9.64e-06
2023-02-27 08:00:00+00:00,2023-02-27 08:00:00+00:00,1677484800000,0.0001
2023-02-27 12:00:00+00:00,2023-02-27 08:00:00+00:00,1677484800000,0.0001
2023-02-27 16:00:00+00:00,2023-02-27 16:00:00+00:00,1677513600000,0.0001
2023-02-27 20:00:00+00:00,2023-02-27 16:00:00+00:00,1677513600000,0.0001
2023-02-28 00:00:00+00:00,2023-02-28 00:00:00+00:00,1677542400000,5.784e-05
2023-02-28 04:00:00+00:00,2023-02-28 00:00:00+00:00,1677542400000,5.784e-05
2023-02-28 08:00:00+00:00,2023-02-28 08:00:00+00:00,1677571200000,0.0001
2023-02-28 12:00:00+00:00,2023-02-28 08:00:00+00:00,1677571200000,0.0001
2023-02-28 16:00:00+00:00,2023-02-28 16:00:00+00:00,1677600000000,0.0001
2023-02-28 20:00:00+00:00,2023-02-28 16:00:00+00:00,1677600000000,0.0001
2023-03-01 00:00:00+00:00,2023-03-01 00:00:00+00:00,1677628800000,0.0001
2023-03-01 04:00:00+00:00,2023-03-01 00:00:00+00:00,1677628800000,0.0001
2023-03-01 08:00:00+00:00,2023-03-01 08:00:00+00:00,1677657600000,0.0001
2023-03-01 12:00:00+00:00,2023-03-01 08:00:00+00:00,1677657600000,0.0001
2023-03-01 16:00:00+00:00,2023-03-01 16:00:00+00:00,1677686400000,0.0001
2023-03-01 20:00:00+00:00,2023-03-01 16:00:00+00:00,1677686400000,0.0001
2023-03-02 00:00:00+00:00,2023-03-02 00:00:00+00:00,1677715200000,0.0001
2023-03-02 04:00:00+00:00,2023-03-02 00:00:00+00:00,1677715200000,0.0001
2023-03-02 08:00:00+00:00,2023-03-02 08:00:00+00:00,1677744000000,0.0001
2023-03-02 12:00:00+00:00,2023-03-02 08:00:00+00:00,1677744000000,0.0001
2023-03-02 16:00:00+00:00,2023-03-02 16:00:00+00:00,1677772800000,0.0001
2023-03-02 20:00:00+00:00,2023-03-02 16:00:00+00:00,1677772800000,0.0001
2023-03-03 00:00:00+00:00,2023-03-03 00:00:00+00:00,1677801600000,7.154e-05
2023-03-03 04:00:00+00:00,2023-03-03 00:00:00+00:00,1677801600000,7.154e-05
2023-03-03 08:00:00+00:00,2023-03-03 08:00:00+00:00,1677830400000,3.21e-06
2023-03-03 12:00:00+00:00,2023-03-03 08:00:00+00:00,1677830400000,3.21e-06
2023-03-03 16:00:00+00:00,2023-03-03 16:00:00+00:00,1677859200000,2.235e-05
2023-03-03 20:00:00+00:00,2023-03-03 16:00:00+00:00,1677859200000,2.235e-05
2023-03-04 00:00:00+00:00,2023-03-04 00:00:00+00:00,1677888000000,-3.874e-05
2023-03-04 04:00:00+00:00,2023-03-04 00:00:00+00:00,1677888000000,-3.874e-05
2023-03-04 08:00:00+00:00,2023-03-04 08:00:00+00:00,1677916800000,9.023e-05
2023-03-04 12:00:00+00:00,2023-03-04 08:00:00+00:00,1677916800000,9.023e-05
2023-03-04 16:00:00+00:00,2023-03-04 16:00:00+00:00,1677945600000,7.166e-05
2023-03-04 20:00:00+00:00,2023-03-04 16:00:00+00:00,1677945600000,7.166e-05
2023-03-05 00:00:00+00:00,2023-03-05 00:00:00+00:00,1677974400000,0.0001
2023-03-05 04:00:00+00:00,2023-03-05 00:00:00+00:00,1677974400000,0.0001
2023-03-05 08:00:00+00:00,2023-03-05 08:00:00+00:00,1678003200000,0.0001
2023-03-05 12:00:00+00:00,2023-03-05 08:00:00+00:00,1678003200000,0.0001
2023-03-05 16:00:00+00:00,2023-03-05 16:00:00+00:00,1678032000000,0.0001
2023-03-05 20:00:00+00:00,2023-03-05 16:00:00+00:00,1678032000000,0.0001
2023-03-06 00:00:00+00:00,2023-03-06 00:00:00+00:00,1678060800000,0.0001
2023-03-06 04:00:00+00:00,2023-03-06 00:00:00+00:00,1678060800000,0.0001
2023-03-06 08:00:00+00:00,2023-03-06 08:00:00+00:00,1678089600000,0.0001
2023-03-06 12:00:00+00:00,2023-03-06 08:00:00+00:00,1678089600000,0.0001
2023-03-06 16:00:00+00:00,2023-03-06 16:00:00+00:00,1678118400000,0.0001
2023-03-06 20:00:00+00:00,2023-03-06 16:00:00+00:00,1678118400000,0.0001
2023-03-07 00:00:00+00:00,2023-03-07 00:00:00+00:00,1678147200000,-1.19e-05
2023-03-07 04:00:00+00:00,2023-03-07 00:00:00+00:00,1678147200000,-1.19e-05
2023-03-07 08:00:00+00:00,2023-03-07 08:00:00+00:00,1678176000000,4.277e-05
2023-03-07 12:00:00+00:00,2023-03-07 08:00:00+00:00,1678176000000,4.277e-05
2023-03-07 16:00:00+00:00,2023-03-07 16:00:00+00:00,1678204800000,5.007e-05
2023-03-07 20:00:00+00:00,2023-03-07 16:00:00+00:00,1678204800000,5.007e-05
2023-03-08 00:00:00+00:00,2023-03-08 00:00:00+00:00,1678233600000,5.735e-05
2023-03-08 04:00:00+00:00,2023-03-08 00:00:00+00:00,1678233600000,5.735e-05
2023-03-08 08:00:00+00:00,2023-03-08 08:00:00+00:00,1678262400000,4.14e-05
2023-03-08 12:00:00+00:00,2023-03-08 08:00:00+00:00,1678262400000,4.14e-05
2023-03-08 16:00:00+00:00,2023-03-08 16:00:00+00:00,1678291200000,-9.493e-05
2023-03-08 20:00:00+00:00,2023-03-08 16:00:00+00:00,1678291200000,-9.493e-05
2023-03-09 00:00:00+00:00,2023-03-09 00:00:00+00:00,1678320000000,6.95e-05
2023-03-09 04:00:00+00:00,2023-03-09 00:00:00+00:00,1678320000000,6.95e-05
2023-03-09 08:00:00+00:00,2023-03-09 08:00:00+00:00,1678348800000,-5.011e-05
2023-03-09 12:00:00+00:00,2023-03-09 08:00:00+00:00,1678348800000,-5.011e-05
2023-03-09 16:00:00+00:00,2023-03-09 16:00:00+00:00,1678377600000,0.0001
2023-03-09 20:00:00+00:00,2023-03-09 16:00:00+00:00,1678377600000,0.0001
2023-03-10 00:00:00+00:00,2023-03-10 00:00:00+00:00,1678406400000,-3.308e-05
2023-03-10 04:00:00+00:00,2023-03-10 00:00:00+00:00,1678406400000,-3.308e-05
2023-03-10 08:00:00+00:00,2023-03-10 08:00:00+00:00,1678435200000,0.0001
2023-03-10 12:00:00+00:00,2023-03-10 08:00:00+00:00,1678435200000,0.0001
2023-03-10 16:00:00+00:00,2023-03-10 16:00:00+00:00,1678464000000,-0.00013224
2023-03-10 20:00:00+00:00,2023-03-10 16:00:00+00:00,1678464000000,-0.00013224
2023-03-11 00:00:00+00:00,2023-03-11 00:00:00+00:00,1678492800000,-0.00020127
2023-03-11 04:00:00+00:00,2023-03-11 00:00:00+00:00,1678492800000,-0.00020127
2023-03-11 08:00:00+00:00,2023-03-11 08:00:00+00:00,1678521600000,-0.00021197
2023-03-11 12:00:00+00:00,2023-03-11 08:00:00+00:00,1678521600000,-0.00021197
2023-03-11 16:00:00+00:00,2023-03-11 16:00:00+00:00,1678550400000,-0.00037557
2023-03-11 20:00:00+00:00,2023-03-11 16:00:00+00:00,1678550400000,-0.00037557
2023-03-12 00:00:00+00:00,2023-03-12 00:00:00+00:00,1678579200000,-7.347e-05
2023-03-12 04:00:00+00:00,2023-03-12 00:00:00+00:00,1678579200000,-7.347e-05
2023-03-12 08:00:00+00:00,2023-03-12 08:00:00+00:00,1678608000000,-1.697e-05
2023-03-12 12:00:00+00:00,2023-03-12 08:00:00+00:00,1678608000000,-1.697e-05
2023-03-12 16:00:00+00:00,2023-03-12 16:00:00+00:00,1678636800000,-0.00011683
2023-03-12 20:00:00+00:00,2023-03-12 16:00:00+00:00,1678636800000,-0.00011683
2023-03-13 00:00:00+00:00,2023-03-13 00:00:00+00:00,1678665600000,7.744e-05
2023-03-13 04:00:00+00:00,2023-03-13 00:00:00+00:00,1678665600000,7.744e-05
2023-03-13 08:00:00+00:00,2023-03-13 08:00:00+00:00,1678694400000,0.0001
2023-03-13 12:00:00+00:00,2023-03-13 08:00:00+00:00,1678694400000,0.0001
2023-03-13 16:00:00+00:00,2023-03-13 16:00:00+00:00,1678723200000,0.0001
2023-03-13 20:00:00+00:00,2023-03-13 16:00:00+00:00,1678723200000,0.0001
2023-03-14 00:00:00+00:00,2023-03-14 00:00:00+00:00,1678752000000,0.0001
2023-03-14 04:00:00+00:00,2023-03-14 00:00:00+00:00,1678752000000,0.0001
2023-03-14 08:00:00+00:00,2023-03-14 08:00:00+00:00,1678780800000,0.0001
2023-03-14 12:00:00+00:00,2023-03-14 08:00:00+00:00,1678780800000,0.0001
2023-03-14 16:00:00+00:00,2023-03-14 16:00:00+00:00,1678809600000,0.0001
2023-03-14 20:00:00+00:00,2023-03-14 16:00:00+00:00,1678809600000,0.0001
2023-03-15 00:00:00+00:00,2023-03-15 00:00:00+00:00,1678838400000,0.00021006
2023-03-15 04:00:00+00:00,2023-03-15 00:00:00+00:00,1678838400000,0.00021006
2023-03-15 08:00:00+00:00,2023-03-15 08:00:00+00:00,1678867200000,0.0001422
2023-03-15 12:00:00+00:00,2023-03-15 08:00:00+00:00,1678867200000,0.0001422
2023-03-15 16:00:00+00:00,2023-03-15 16:00:00+00:00,1678896000000,0.0001
2023-03-15 20:00:00+00:00,2023-03-15 16:00:00+00:00,1678896000000,0.0001
2023-03-16 00:00:00+00:00,2023-03-16 00:00:00+00:00,1678924800000,0.0001
2023-03-16 04:00:00+00:00,2023-03-16 00:00:00+00:00,1678924800000,0.0001
2023-03-16 08:00:00+00:00,2023-03-16 08:00:00+00:00,1678953600000,0.0001
2023-03-16 12:00:00+00:00,2023-03-16 08:00:00+00:00,1678953600000,0.0001
2023-03-16 16:00:00+00:00,2023-03-16 16:00:00+00:00,1678982400000,-0.00011042
2023-03-16 20:00:00+00:00,2023-03-16 16:00:00+00:00,1678982400000,-0.00011042
2023-03-17 00:00:00+00:00,2023-03-17 00:00:00+00:00,1679011200000,0.0001
2023-03-17 04:00:00+00:00,2023-03-17 00:00:00+00:00,1679011200000,0.0001
2023-03-17 08:00:00+00:00,2023-03-17 08:00:00+00:00,1679040000000,0.0001
2023-03-17 12:00:00+00:00,2023-03-17 08:00:00+00:00,1679040000000,0.0001
2023-03-17 16:00:00+00:00,2023-03-17 16:00:00+00:00,1679068800000,0.0001
2023-03-17 20:00:00+00:00,2023-03-17 16:00:00+00:00,1679068800000,0.0001
2023-03-18 00:00:00+00:00,2023-03-18 00:00:00+00:00,1679097600000,0.0001
2023-03-18 04:00:00+00:00,2023-03-18 00:00:00+00:00,1679097600000,0.0001
2023-03-18 08:00:00+00:00,2023-03-18 08:00:00+00:00,1679126400000,0.00013314
2023-03-18 12:00:00+00:00,2023-03-18 08:00:00+00:00,1679126400000,0.00013314
2023-03-18 16:00:00+00:00,2023-03-18 16:00:00+00:00,1679155200000,0.0001
2023-03-18 20:00:00+00:00,2023-03-18 16:00:00+00:00,1679155200000,0.0001
2023-03-19 00:00:00+00:00,2023-03-19 00:00:00+00:00,1679184000000,0.0001
2023-03-19 04:00:00+00:00,2023-03-19 00:00:00+00:00,1679184000000,0.0001
2023-03-19 08:00:00+00:00,2023-03-19 08:00:00+00:00,1679212800000,0.0001
2023-03-19 12:00:00+00:00,2023-03-19 08:00:00+00:00,1679212800000,0.0001
2023-03-19 16:00:00+00:00,2023-03-19 16:00:00+00:00,1679241600000,0.0001
2023-03-19 20:00:00+00:00,2023-03-19 16:00:00+00:00,1679241600000,0.0001
2023-03-20 00:00:00+00:00,2023-03-20 00:00:00+00:00,1679270400000,0.0001
2023-03-20 04:00:00+00:00,2023-03-20 00:00:00+00:00,1679270400000,0.0001
2023-03-20 08:00:00+00:00,2023-03-20 08:00:00+00:00,1679299200000,0.0001
2023-03-20 12:00:00+00:00,2023-03-20 08:00:00+00:00,1679299200000,0.0001
2023-03-20 16:00:00+00:00,2023-03-20 16:00:00+00:00,1679328000000,0.0001
2023-03-20 20:00:00+00:00,2023-03-20 16:00:00+00:00,1679328000000,0.0001
2023-03-21 00:00:00+00:00,2023-03-21 00:00:00+00:00,1679356800000,0.0001
2023-03-21 04:00:00+00:00,2023-03-21 00:00:00+00:00,1679356800000,0.0001
2023-03-21 08:00:00+00:00,2023-03-21 08:00:00+00:00,1679385600000,9.497e-05
2023-03-21 12:00:00+00:00,2023-03-21 08:00:00+00:00,1679385600000,9.497e-05
2023-03-21 16:00:00+00:00,2023-03-21 16:00:00+00:00,1679414400000,0.0001
2023-03-21 20:00:00+00:00,2023-03-21 16:00:00+00:00,1679414400000,0.0001
2023-03-22 00:00:00+00:00,2023-03-22 00:00:00+00:00,1679443200000,9.988e-05
2023-03-22 04:00:00+00:00,2023-03-22 00:00:00+00:00,1679443200000,9.988e-05
2023-03-22 08:00:00+00:00,2023-03-22 08:00:00+00:00,1679472000000,1.95e-05
2023-03-22 12:00:00+00:00,2023-03-22 08:00:00+00:00,1679472000000,1.95e-05
2023-03-22 16:00:00+00:00,2023-03-22 16:00:00+00:00,1679500800000,0.0001
2023-03-22 20:00:00+00:00,2023-03-22 16:00:00+00:00,1679500800000,0.0001
2023-03-23 00:00:00+00:00,2023-03-23 00:00:00+00:00,1679529600000,-4.649e-05
2023-03-23 04:00:00+00:00,2023-03-23 00:00:00+00:00,1679529600000,-4.649e-05
2023-03-23 08:00:00+00:00,2023-03-23 08:00:00+00:00,1679558400000,2.75e-06
2023-03-23 12:00:00+00:00,2023-03-23 08:00:00+00:00,1679558400000,2.75e-06
2023-03-23 16:00:00+00:00,2023-03-23 16:00:00+00:00,1679587200000,8.45e-06
2023-03-23 20:00:00+00:00,2023-03-23 16:00:00+00:00,1679587200000,8.45e-06
2023-03-24 00:00:00+00:00,2023-03-24 00:00:00+00:00,1679616000000,0.0001
2023-03-24 04:00:00+00:00,2023-03-24 00:00:00+00:00,1679616000000,0.0001
2023-03-24 08:00:00+00:00,2023-03-24 08:00:00+00:00,1679644800000,0.0001
2023-03-24 12:00:00+00:00,2023-03-24 08:00:00+00:00,1679644800000,0.0001
2023-03-24 16:00:00+00:00,2023-03-24 16:00:00+00:00,1679673600000,0.0001
2023-03-24 20:00:00+00:00,2023-03-24 16:00:00+00:00,1679673600000,0.0001
2023-03-25 00:00:00+00:00,2023-03-25 00:00:00+00:00,1679702400000,0.0001
2023-03-25 04:00:00+00:00,2023-03-25 00:00:00+00:00,1679702400000,0.0001
2023-03-25 08:00:00+00:00,2023-03-25 08:00:00+00:00,1679731200000,0.0001
2023-03-25 12:00:00+00:00,2023-03-25 08:00:00+00:00,1679731200000,0.0001
2023-03-25 16:00:00+00:00,2023-03-25 16:00:00+00:00,1679760000000,1.23e-06
2023-03-25 20:00:00+00:00,2023-03-25 16:00:00+00:00,1679760000000,1.23e-06
2023-03-26 00:00:00+00:00,2023-03-26 00:00:00+00:00,1679788800000,-9.406e-05
2023-03-26 04:00:00+00:00,2023-03-26 00:00:00+00:00,1679788800000,-9.406e-05
2023-03-26 08:00:00+00:00,2023-03-26 08:00:00+00:00,1679817600000,0.0001
2023-03-26 12:00:00+00:00,2023-03-26 08:00:00+00:00,1679817600000,0.0001
2023-03-26 16:00:00+00:00,2023-03-26 16:00:00+00:00,1679846400000,0.0001
2023-03-26 20:00:00+00:00,2023-03-26 16:00:00+00:00,1679846400000,0.0001
2023-03-27 00:00:00+00:00,2023-03-27 00:00:00+00:00,1679875200000,0.0001
2023-03-27 04:00:00+00:00,2023-03-27 00:00:00+00:00,1679875200000,0.0001
2023-03-27 08:00:00+00:00,2023-03-27 08:00:00+00:00,1679904000000,0.0001
2023-03-27 12:00:00+00:00,2023-03-27 08:00:00+00:00,1679904000000,0.0001
2023-03-27 16:00:00+00:00,2023-03-27 16:00:00+00:00,1679932800000,0.0001
2023-03-27 20:00:00+00:00,2023-03-27 16:00:00+00:00,1679932800000,0.0001
2023-03-28 00:00:00+00:00,2023-03-28 00:00:00+00:00,1679961600000,-0.00015426
2023-03-28 04:00:00+00:00,2023-03-28 00:00:00+00:00,1679961600000,-0.00015426
2023-03-28 08:00:00+00:00,2023-03-28 08:00:00+00:00,1679990400000,-1.858e-05
2023-03-28 12:00:00+00:00,2023-03-28 08:00:00+00:00,1679990400000,-1.858e-05
2023-03-28 16:00:00+00:00,2023-03-28 16:00:00+00:00,1680019200000,-5.211e-05
2023-03-28 20:00:00+00:00,2023-03-28 16:00:00+00:00,1680019200000,-5.211e-05
2023-03-29 00:00:00+00:00,2023-03-29 00:00:00+00:00,1680048000000,5.481e-05
2023-03-29 04:00:00+00:00,2023-03-29 00:00:00+00:00,1680048000000,5.481e-05
2023-03-29 08:00:00+00:00,2023-03-29 08:00:00+00:00,1680076800000,-3.461e-05
2023-03-29 12:00:00+00:00,2023-03-29 08:00:00+00:00,1680076800000,-3.461e-05
2023-03-29 16:00:00+00:00,2023-03-29 16:00:00+00:00,1680105600000,0.0001
2023-03-29 20:00:00+00:00,2023-03-29 16:00:00+00:00,1680105600000,0.0001
2023-03-30 00:00:00+00:00,2023-03-30 00:00:00+00:00,1680134400000,0.0001
2023-03-30 04:00:00+00:00,2023-03-30 00:00:00+00:00,1680134400000,0.0001
2023-03-30 08:00:00+00:00,2023-03-30 08:00:00+00:00,1680163200000,0.0001
2023-03-30 12:00:00+00:00,2023-03-30 08:00:00+00:00,1680163200000,0.0001
2023-03-30 16:00:00+00:00,2023-03-30 16:00:00+00:00,1680192000000,0.0001
2023-03-30 20:00:00+00:00,2023-03-30 16:00:00+00:00,1680192000000,0.0001
2023-03-31 00:00:00+00:00,2023-03-31 00:00:00+00:00,1680220800000,0.0001
2023-03-31 04:00:00+00:00,2023-03-31 00:00:00+00:00,1680220800000,0.0001
2023-03-31 08:00:00+00:00,2023-03-31 08:00:00+00:00,1680249600000,0.0001
2023-03-31 12:00:00+00:00,2023-03-31 08:00:00+00:00,1680249600000,0.0001
2023-03-31 16:00:00+00:00,2023-03-31 16:00:00+00:00,1680278400000,0.0001
2023-03-31 20:00:00+00:00,2023-03-31 16:00:00+00:00,1680278400000,0.0001
2023-04-01 00:00:00+00:00,2023-04-01 00:00:00+00:00,1680307200000,0.0001
2023-04-01 04:00:00+00:00,2023-04-01 00:00:00+00:00,1680307200000,0.0001
2023-04-01 08:00:00+00:00,2023-04-01 08:00:00+00:00,1680336000000,0.0001
2023-04-01 12:00:00+00:00,2023-04-01 08:00:00+00:00,1680336000000,0.0001
2023-04-01 16:00:00+00:00,2023-04-01 16:00:00+00:00,1680364800000,0.0001
2023-04-01 20:00:00+00:00,2023-04-01 16:00:00+00:00,1680364800000,0.0001
2023-04-02 00:00:00+00:00,2023-04-02 00:00:00+00:00,1680393600000,0.0001
2023-04-02 04:00:00+00:00,2023-04-02 00:00:00+00:00,1680393600000,0.0001
2023-04-02 08:00:00+00:00,2023-04-02 08:00:00+00:00,1680422400000,0.0001
2023-04-02 12:00:00+00:00,2023-04-02 08:00:00+00:00,1680422400000,0.0001
2023-04-02 16:00:00+00:00,2023-04-02 16:00:00+00:00,1680451200000,0.0001
2023-04-02 20:00:00+00:00,2023-04-02 16:00:00+00:00,1680451200000,0.0001
2023-04-03 00:00:00+00:00,2023-04-03 00:00:00+00:00,1680480000000,3.298e-05
2023-04-03 04:00:00+00:00,2023-04-03 00:00:00+00:00,1680480000000,3.298e-05
2023-04-03 08:00:00+00:00,2023-04-03 08:00:00+00:00,1680508800000,0.0001
2023-04-03 12:00:00+00:00,2023-04-03 08:00:00+00:00,1680508800000,0.0001
2023-04-03 16:00:00+00:00,2023-04-03 16:00:00+00:00,1680537600000,6.779e-05
2023-04-03 20:00:00+00:00,2023-04-03 16:00:00+00:00,1680537600000,6.779e-05
2023-04-04 00:00:00+00:00,2023-04-04 00:00:00+00:00,1680566400000,0.0001
2023-04-04 04:00:00+00:00,2023-04-04 00:00:00+00:00,1680566400000,0.0001
2023-04-04 08:00:00+00:00,2023-04-04 08:00:00+00:00,1680595200000,0.0001
2023-04-04 12:00:00+00:00,2023-04-04 08:00:00+00:00,1680595200000,0.0001
2023-04-04 16:00:00+00:00,2023-04-04 16:00:00+00:00,1680624000000,0.0001
2023-04-04 20:00:00+00:00,2023-04-04 16:00:00+00:00,1680624000000,0.0001
2023-04-05 00:00:00+00:00,2023-04-05 00:00:00+00:00,1680652800000,0.0001
2023-04-05 04:00:00+00:00,2023-04-05 00:00:00+00:00,1680652800000,0.0001
2023-04-05 08:00:00+00:00,2023-04-05 08:00:00+00:00,1680681600000,0.0001
2023-04-05 12:00:00+00:00,2023-04-05 08:00:00+00:00,1680681600000,0.0001
2023-04-05 16:00:00+00:00,2023-04-05 16:00:00+00:00,1680710400000,0.0001
2023-04-05 20:00:00+00:00,2023-04-05 16:00:00+00:00,1680710400000,0.0001
2023-04-06 00:00:00+00:00,2023-04-06 00:00:00+00:00,1680739200000,0.0001
2023-04-06 04:00:00+00:00,2023-04-06 00:00:00+00:00,1680739200000,0.0001
2023-04-06 08:00:00+00:00,2023-04-06 08:00:00+00:00,1680768000000,0.0001
2023-04-06 12:00:00+00:00,2023-04-06 08:00:00+00:00,1680768000000,0.0001
2023-04-06 16:00:00+00:00,2023-04-06 16:00:00+00:00,1680796800000,0.0001
2023-04-06 20:00:00+00:00,2023-04-06 16:00:00+00:00,1680796800000,0.0001
2023-04-07 00:00:00+00:00,2023-04-07 00:00:00+00:00,1680825600000,0.0001
2023-04-07 04:00:00+00:00,2023-04-07 00:00:00+00:00,1680825600000,0.0001
2023-04-07 08:00:00+00:00,2023-04-07 08:00:00+00:00,1680854400000,8.279e-05
2023-04-07 12:00:00+00:00,2023-04-07 08:00:00+00:00,1680854400000,8.279e-05
2023-04-07 16:00:00+00:00,2023-04-07 16:00:00+00:00,1680883200000,9.896e-05
2023-04-07 20:00:00+00:00,2023-04-07 16:00:00+00:00,1680883200000,9.896e-05
2023-04-08 00:00:00+00:00,2023-04-08 00:00:00+00:00,1680912000000,0.0001
2023-04-08 04:00:00+00:00,2023-04-08 00:00:00+00:00,1680912000000,0.0001
2023-04-08 08:00:00+00:00,2023-04-08 08:00:00+00:00,1680940800000,0.0001
2023-04-08 12:00:00+00:00,2023-04-08 08:00:00+00:00,1680940800000,0.0001
2023-04-08 16:00:00+00:00,2023-04-08 16:00:00+00:00,1680969600000,0.0001
2023-04-08 20:00:00+00:00,2023-04-08 16:00:00+00:00,1680969600000,0.0001
2023-04-09 00:00:00+00:00,2023-04-09 00:00:00+00:00,1680998400000,0.0001
2023-04-09 04:00:00+00:00,2023-04-09 00:00:00+00:00,1680998400000,0.0001
2023-04-09 08:00:00+00:00,2023-04-09 08:00:00+00:00,1681027200000,0.0001
2023-04-09 12:00:00+00:00,2023-04-09 08:00:00+00:00,1681027200000,0.0001
2023-04-09 16:00:00+00:00,2023-04-09 16:00:00+00:00,1681056000000,0.0001
2023-04-09 20:00:00+00:00,2023-04-09 16:00:00+00:00,1681056000000,0.0001
2023-04-10 00:00:00+00:00,2023-04-10 00:00:00+00:00,1681084800000,0.0001
2023-04-10 04:00:00+00:00,2023-04-10 00:00:00+00:00,1681084800000,0.0001
2023-04-10 08:00:00+00:00,2023-04-10 08:00:00+00:00,1681113600000,0.0001
2023-04-10 12:00:00+00:00,2023-04-10 08:00:00+00:00,1681113600000,0.0001
2023-04-10 16:00:00+00:00,2023-04-10 16:00:00+00:00,1681142400000,0.0001
2023-04-10 20:00:00+00:00,2023-04-10 16:00:00+00:00,1681142400000,0.0001
2023-04-11 00:00:00+00:00,2023-04-11 00:00:00+00:00,1681171200000,0.0001
2023-04-11 04:00:00+00:00,2023-04-11 00:00:00+00:00,1681171200000,0.0001
2023-04-11 08:00:00+00:00,2023-04-11 08:00:00+00:00,1681200000000,0.0001
2023-04-11 12:00:00+00:00,2023-04-11 08:00:00+00:00,1681200000000,0.0001
2023-04-11 16:00:00+00:00,2023-04-11 16:00:00+00:00,1681228800000,0.0001
2023-04-11 20:00:00+00:00,2023-04-11 16:00:00+00:00,1681228800000,0.0001
2023-04-12 00:00:00+00:00,2023-04-12 00:00:00+00:00,1681257600000,0.0001
2023-04-12 04:00:00+00:00,2023-04-12 00:00:00+00:00,1681257600000,0.0001
2023-04-12 08:00:00+00:00,2023-04-12 08:00:00+00:00,1681286400000,0.0001
2023-04-12 12:00:00+00:00,2023-04-12 08:00:00+00:00,1681286400000,0.0001
2023-04-12 16:00:00+00:00,2023-04-12 16:00:00+00:00,1681315200000,0.0001
2023-04-12 20:00:00+00:00,2023-04-12 16:00:00+00:00,1681315200000,0.0001
2023-04-13 00:00:00+00:00,2023-04-13 00:00:00+00:00,1681344000000,9.68e-06
2023-04-13 04:00:00+00:00,2023-04-13 00:00:00+00:00,1681344000000,9.68e-06
2023-04-13 08:00:00+00:00,2023-04-13 08:00:00+00:00,1681372800000,0.0001
2023-04-13 12:00:00+00:00,2023-04-13 08:00:00+00:00,1681372800000,0.0001
2023-04-13 16:00:00+00:00,2023-04-13 16:00:00+00:00,1681401600000,0.0001
2023-04-13 20:00:00+00:00,2023-04-13 16:00:00+00:00,1681401600000,0.0001
2023-04-14 00:00:00+00:00,2023-04-14 00:00:00+00:00,1681430400000,0.0001
2023-04-14 04:00:00+00:00,2023-04-14 00:00:00+00:00,1681430400000,0.0001
2023-04-14 08:00:00+00:00,2023-04-14 08:00:00+00:00,1681459200000,0.00015895
2023-04-14 12:00:00+00:00,2023-04-14 08:00:00+00:00,1681459200000,0.00015895
2023-04-14 16:00:00+00:00,2023-04-14 16:00:00+00:00,1681488000000,0.0001
2023-04-14 20:00:00+00:00,2023-04-14 16:00:00+00:00,1681488000000,0.0001
2023-04-15 00:00:00+00:00,2023-04-15 00:00:00+00:00,1681516800000,0.0001
2023-04-15 04:00:00+00:00,2023-04-15 00:00:00+00:00,1681516800000,0.0001
2023-04-15 08:00:00+00:00,2023-04-15 08:00:00+00:00,1681545600000,0.00015259
2023-04-15 12:00:00+00:00,2023-04-15 08:00:00+00:00,1681545600000,0.00015259
2023-04-15 16:00:00+00:00,2023-04-15 16:00:00+00:00,1681574400000,0.00025803
2023-04-15 20:00:00+00:00,2023-04-15 16:00:00+00:00,1681574400000,0.00025803
2023-04-16 00:00:00+00:00,2023-04-16 00:00:00+00:00,1681603200000,0.00010794
2023-04-16 04:00:00+00:00,2023-04-16 00:00:00+00:00,1681603200000,0.00010794
2023-04-16 08:00:00+00:00,2023-04-16 08:00:00+00:00,1681632000000,0.00039397
2023-04-16 12:00:00+00:00,2023-04-16 08:00:00+00:00,1681632000000,0.00039397
2023-04-16 16:00:00+00:00,2023-04-16 16:00:00+00:00,1681660800000,0.0001
2023-04-16 20:00:00+00:00,2023-04-16 16:00:00+00:00,1681660800000,0.0001
2023-04-17 00:00:00+00:00,2023-04-17 00:00:00+00:00,1681689600000,0.00050827
2023-04-17 04:00:00+00:00,2023-04-17 00:00:00+00:00,1681689600000,0.00050827
2023-04-17 08:00:00+00:00,2023-04-17 08:00:00+00:00,1681718400000,0.00037205
2023-04-17 12:00:00+00:00,2023-04-17 08:00:00+00:00,1681718400000,0.00037205
2023-04-17 16:00:00+00:00,2023-04-17 16:00:00+00:00,1681747200000,0.00034963
2023-04-17 20:00:00+00:00,2023-04-17 16:00:00+00:00,1681747200000,0.00034963
2023-04-18 00:00:00+00:00,2023-04-18 00:00:00+00:00,1681776000000,0.0001
2023-04-18 04:00:00+00:00,2023-04-18 00:00:00+00:00,1681776000000,0.0001
2023-04-18 08:00:00+00:00,2023-04-18 08:00:00+00:00,1681804800000,0.00020092
2023-04-18 12:00:00+00:00,2023-04-18 08:00:00+00:00,1681804800000,0.00020092
2023-04-18 16:00:00+00:00,2023-04-18 16:00:00+00:00,1681833600000,0.00028952
2023-04-18 20:00:00+00:00,2023-04-18 16:00:00+00:00,1681833600000,0.00028952
2023-04-19 00:00:00+00:00,2023-04-19 00:00:00+00:00,1681862400000,0.00014944
2023-04-19 04:00:00+00:00,2023-04-19 00:00:00+00:00,1681862400000,0.00014944
2023-04-19 08:00:00+00:00,2023-04-19 08:00:00+00:00,1681891200000,0.0001
2023-04-19 12:00:00+00:00,2023-04-19 08:00:00+00:00,1681891200000,0.0001
2023-04-19 16:00:00+00:00,2023-04-19 16:00:00+00:00,1681920000000,0.0001
2023-04-19 20:00:00+00:00,2023-04-19 16:00:00+00:00,1681920000000,0.0001
2023-04-20 00:00:00+00:00,2023-04-20 00:00:00+00:00,1681948800000,0.0001
2023-04-20 04:00:00+00:00,2023-04-20 00:00:00+00:00,1681948800000,0.0001
2023-04-20 08:00:00+00:00,2023-04-20 08:00:00+00:00,1681977600000,0.0001
2023-04-20 12:00:00+00:00,2023-04-20 08:00:00+00:00,1681977600000,0.0001
2023-04-20 16:00:00+00:00,2023-04-20 16:00:00+00:00,1682006400000,0.0001
2023-04-20 20:00:00+00:00,2023-04-20 16:00:00+00:00,1682006400000,0.0001
2023-04-21 00:00:00+00:00,2023-04-21 00:00:00+00:00,1682035200000,0.0001
2023-04-21 04:00:00+00:00,2023-04-21 00:00:00+00:00,1682035200000,0.0001
2023-04-21 08:00:00+00:00,2023-04-21 08:00:00+00:00,1682064000000,0.0001
2023-04-21 12:00:00+00:00,2023-04-21 08:00:00+00:00,1682064000000,0.0001
2023-04-21 16:00:00+00:00,2023-04-21 16:00:00+00:00,1682092800000,0.0001
2023-04-21 20:00:00+00:00,2023-04-21 16:00:00+00:00,1682092800000,0.0001
2023-04-22 00:00:00+00:00,2023-04-22 00:00:00+00:00,1682121600000,0.0001
2023-04-22 04:00:00+00:00,2023-04-22 00:00:00+00:00,1682121600000,0.0001
2023-04-22 08:00:00+00:00,2023-04-22 08:00:00+00:00,1682150400000,0.0001
2023-04-22 12:00:00+00:00,2023-04-22 08:00:00+00:00,1682150400000,0.0001
2023-04-22 16:00:00+00:00,2023-04-22 16:00:00+00:00,1682179200000,0.0001
2023-04-22 20:00:00+00:00,2023-04-22 16:00:00+00:00,1682179200000,0.0001
2023-04-23 00:00:00+00:00,2023-04-23 00:00:00+00:00,1682208000000,0.0001
2023-04-23 04:00:00+00:00,2023-04-23 00:00:00+00:00,1682208000000,0.0001
2023-04-23 08:00:00+00:00,2023-04-23 08:00:00+00:00,1682236800000,0.0001
2023-04-23 12:00:00+00:00,2023-04-23 08:00:00+00:00,1682236800000,0.0001
2023-04-23 16:00:00+00:00,2023-04-23 16:00:00+00:00,1682265600000,0.0001
2023-04-23 20:00:00+00:00,2023-04-23 16:00:00+00:00,1682265600000,0.0001
2023-04-24 00:00:00+00:00,2023-04-24 00:00:00+00:00,1682294400000,0.0001
2023-04-24 04:00:00+00:00,2023-04-24 00:00:00+00:00,1682294400000,0.0001
2023-04-24 08:00:00+00:00,2023-04-24 08:00:00+00:00,1682323200000,0.0001
2023-04-24 12:00:00+00:00,2023-04-24 08:00:00+00:00,1682323200000,0.0001
2023-04-24 16:00:00+00:00,2023-04-24 16:00:00+00:00,1682352000000,0.0001
2023-04-24 20:00:00+00:00,2023-04-24 16:00:00+00:00,1682352000000,0.0001
2023-04-25 00:00:00+00:00,2023-04-25 00:00:00+00:00,1682380800000,0.0001
2023-04-25 04:00:00+00:00,2023-04-25 00:00:00+00:00,1682380800000,0.0001
2023-04-25 08:00:00+00:00,2023-04-25 08:00:00+00:00,1682409600000,0.0001
2023-04-25 12:00:00+00:00,2023-04-25 08:00:00+00:00,1682409600000,0.0001
2023-04-25 16:00:00+00:00,2023-04-25 16:00:00+00:00,1682438400000,0.0001
2023-04-25 20:00:00+00:00,2023-04-25 16:00:00+00:00,1682438400000,0.0001
2023-04-26 00:00:00+00:00,2023-04-26 00:00:00+00:00,1682467200000,0.0001
2023-04-26 04:00:00+00:00,2023-04-26 00:00:00+00:00,1682467200000,0.0001
2023-04-26 08:00:00+00:00,2023-04-26 08:00:00+00:00,1682496000000,8.683e-05
2023-04-26 12:00:00+00:00,2023-04-26 08:00:00+00:00,1682496000000,8.683e-05
2023-04-26 16:00:00+00:00,2023-04-26 16:00:00+00:00,1682524800000,0.0001
2023-04-26 20:00:00+00:00,2023-04-26 16:00:00+00:00,1682524800000,0.0001
2023-04-27 00:00:00+00:00,2023-04-27 00:00:00+00:00,1682553600000,4.985e-05
2023-04-27 04:00:00+00:00,2023-04-27 00:00:00+00:00,1682553600000,4.985e-05
2023-04-27 08:00:00+00:00,2023-04-27 08:00:00+00:00,1682582400000,7.731e-05
2023-04-27 12:00:00+00:00,2023-04-27 08:00:00+00:00,1682582400000,7.731e-05
2023-04-27 16:00:00+00:00,2023-04-27 16:00:00+00:00,1682611200000,0.0001
2023-04-27 20:00:00+00:00,2023-04-27 16:00:00+00:00,1682611200000,0.0001
2023-04-28 00:00:00+00:00,2023-04-28 00:00:00+00:00,1682640000000,0.0001
2023-04-28 04:00:00+00:00,2023-04-28 00:00:00+00:00,1682640000000,0.0001
2023-04-28 08:00:00+00:00,2023-04-28 08:00:00+00:00,1682668800000,0.0001
2023-04-28 12:00:00+00:00,2023-04-28 08:00:00+00:00,1682668800000,0.0001
2023-04-28 16:00:00+00:00,2023-04-28 16:00:00+00:00,1682697600000,0.0001
2023-04-28 20:00:00+00:00,2023-04-28 16:00:00+00:00,1682697600000,0.0001
2023-04-29 00:00:00+00:00,2023-04-29 00:00:00+00:00,1682726400000,7.074e-05
2023-04-29 04:00:00+00:00,2023-04-29 00:00:00+00:00,1682726400000,7.074e-05
2023-04-29 08:00:00+00:00,2023-04-29 08:00:00+00:00,1682755200000,0.0001
2023-04-29 12:00:00+00:00,2023-04-29 08:00:00+00:00,1682755200000,0.0001
2023-04-29 16:00:00+00:00,2023-04-29 16:00:00+00:00,1682784000000,0.0001
2023-04-29 20:00:00+00:00,2023-04-29 16:00:00+00:00,1682784000000,0.0001
2023-04-30 00:00:00+00:00,2023-04-30 00:00:00+00:00,1682812800000,0.0001
2023-04-30 04:00:00+00:00,2023-04-30 00:00:00+00:00,1682812800000,0.0001
2023-04-30 08:00:00+00:00,2023-04-30 08:00:00+00:00,1682841600000,0.0001
2023-04-30 12:00:00+00:00,2023-04-30 08:00:00+00:00,1682841600000,0.0001
2023-04-30 16:00:00+00:00,2023-04-30 16:00:00+00:00,1682870400000,0.0001
2023-04-30 20:00:00+00:00,2023-04-30 16:00:00+00:00,1682870400000,0.0001
2023-05-01 00:00:00+00:00,2023-05-01 00:00:00+00:00,1682899200000,0.0001
2023-05-01 04:00:00+00:00,2023-05-01 00:00:00+00:00,1682899200000,0.0001
2023-05-01 08:00:00+00:00,2023-05-01 08:00:00+00:00,1682928000000,0.0001
2023-05-01 12:00:00+00:00,2023-05-01 08:00:00+00:00,1682928000000,0.0001
2023-05-01 16:00:00+00:00,2023-05-01 16:00:00+00:00,1682956800000,0.0001
2023-05-01 20:00:00+00:00,2023-05-01 16:00:00+00:00,1682956800000,0.0001
2023-05-02 00:00:00+00:00,2023-05-02 00:00:00+00:00,1682985600000,0.0001
2023-05-02 04:00:00+00:00,2023-05-02 00:00:00+00:00,1682985600000,0.0001
2023-05-02 08:00:00+00:00,2023-05-02 08:00:00+00:00,1683014400000,0.0001
2023-05-02 12:00:00+00:00,2023-05-02 08:00:00+00:00,1683014400000,0.0001
2023-05-02 16:00:00+00:00,2023-05-02 16:00:00+00:00,1683043200000,2.909e-05
2023-05-02 20:00:00+00:00,2023-05-02 16:00:00+00:00,1683043200000,2.909e-05
2023-05-03 00:00:00+00:00,2023-05-03 00:00:00+00:00,1683072000000,8.234e-05
2023-05-03 04:00:00+00:00,2023-05-03 00:00:00+00:00,1683072000000,8.234e-05
2023-05-03 08:00:00+00:00,2023-05-03 08:00:00+00:00,1683100800000,0.0001
2023-05-03 12:00:00+00:00,2023-05-03 08:00:00+00:00,1683100800000,0.0001
2023-05-03 16:00:00+00:00,2023-05-03 16:00:00+00:00,1683129600000,0.0001
2023-05-03 20:00:00+00:00,2023-05-03 16:00:00+00:00,1683129600000,0.0001
2023-05-04 00:00:00+00:00,2023-05-04 00:00:00+00:00,1683158400000,0.0001
2023-05-04 04:00:00+00:00,2023-05-04 00:00:00+00:00,1683158400000,0.0001
2023-05-04 08:00:00+00:00,2023-05-04 08:00:00+00:00,1683187200000,0.0001
2023-05-04 12:00:00+00:00,2023-05-04 08:00:00+00:00,1683187200000,0.0001
2023-05-04 16:00:00+00:00,2023-05-04 16:00:00+00:00,1683216000000,0.0001
2023-05-04 20:00:00+00:00,2023-05-04 16:00:00+00:00,1683216000000,0.0001
2023-05-05 00:00:00+00:00,2023-05-05 00:00:00+00:00,1683244800000,0.0001
2023-05-05 04:00:00+00:00,2023-05-05 00:00:00+00:00,1683244800000,0.0001
2023-05-05 08:00:00+00:00,2023-05-05 08:00:00+00:00,1683273600000,0.0001
2023-05-05 12:00:00+00:00,2023-05-05 08:00:00+00:00,1683273600000,0.0001
2023-05-05 16:00:00+00:00,2023-05-05 16:00:00+00:00,1683302400000,0.0001
2023-05-05 20:00:00+00:00,2023-05-05 16:00:00+00:00,1683302400000,0.0001
2023-05-06 00:00:00+00:00,2023-05-06 00:00:00+00:00,1683331200000,0.0001
2023-05-06 04:00:00+00:00,2023-05-06 00:00:00+00:00,1683331200000,0.0001
2023-05-06 08:00:00+00:00,2023-05-06 08:00:00+00:00,1683360000000,0.0001
2023-05-06 12:00:00+00:00,2023-05-06 08:00:00+00:00,1683360000000,0.0001
2023-05-06 16:00:00+00:00,2023-05-06 16:00:00+00:00,1683388800000,0.0001
2023-05-06 20:00:00+00:00,2023-05-06 16:00:00+00:00,1683388800000,0.0001
2023-05-07 00:00:00+00:00,2023-05-07 00:00:00+00:00,1683417600000,2.78e-05
2023-05-07 04:00:00+00:00,2023-05-07 00:00:00+00:00,1683417600000,2.78e-05
2023-05-07 08:00:00+00:00,2023-05-07 08:00:00+00:00,1683446400000,-2.791e-05
2023-05-07 12:00:00+00:00,2023-05-07 08:00:00+00:00,1683446400000,-2.791e-05
2023-05-07 16:00:00+00:00,2023-05-07 16:00:00+00:00,1683475200000,0.0001
2023-05-07 20:00:00+00:00,2023-05-07 16:00:00+00:00,1683475200000,0.0001
2023-05-08 00:00:00+00:00,2023-05-08 00:00:00+00:00,1683504000000,0.0001
2023-05-08 04:00:00+00:00,2023-05-08 00:00:00+00:00,1683504000000,0.0001
2023-05-08 08:00:00+00:00,2023-05-08 08:00:00+00:00,1683532800000,1.639e-05
2023-05-08 12:00:00+00:00,2023-05-08 08:00:00+00:00,1683532800000,1.639e-05
2023-05-08 16:00:00+00:00,2023-05-08 16:00:00+00:00,1683561600000,0.0001
2023-05-08 20:00:00+00:00,2023-05-08 16:00:00+00:00,1683561600000,0.0001
2023-05-09 00:00:00+00:00,2023-05-09 00:00:00+00:00,1683590400000,-6.45e-05
2023-05-09 04:00:00+00:00,2023-05-09 00:00:00+00:00,1683590400000,-6.45e-05
2023-05-09 08:00:00+00:00,2023-05-09 08:00:00+00:00,1683619200000,1.494e-05
2023-05-09 12:00:00+00:00,2023-05-09 08:00:00+00:00,1683619200000,1.494e-05
2023-05-09 16:00:00+00:00,2023-05-09 16:00:00+00:00,1683648000000,3.144e-05
2023-05-09 20:00:00+00:00,2023-05-09 16:00:00+00:00,1683648000000,3.144e-05
2023-05-10 00:00:00+00:00,2023-05-10 00:00:00+00:00,1683676800000,7.931e-05
2023-05-10 04:00:00+00:00,2023-05-10 00:00:00+00:00,1683676800000,7.931e-05
2023-05-10 08:00:00+00:00,2023-05-10 08:00:00+00:00,1683705600000,0.0001
2023-05-10 12:00:00+00:00,2023-05-10 08:00:00+00:00,1683705600000,0.0001
2023-05-10 16:00:00+00:00,2023-05-10 16:00:00+00:00,1683734400000,4.1e-05
2023-05-10 20:00:00+00:00,2023-05-10 16:00:00+00:00,1683734400000,4.1e-05
2023-05-11 00:00:00+00:00,2023-05-11 00:00:00+00:00,1683763200000,5.827e-05
2023-05-11 04:00:00+00:00,2023-05-11 00:00:00+00:00,1683763200000,5.827e-05
2023-05-11 08:00:00+00:00,2023-05-11 08:00:00+00:00,1683792000000,3.548e-05
2023-05-11 12:00:00+00:00,2023-05-11 08:00:00+00:00,1683792000000,3.548e-05
2023-05-11 16:00:00+00:00,2023-05-11 16:00:00+00:00,1683820800000,0.0001
2023-05-11 20:00:00+00:00,2023-05-11 16:00:00+00:00,1683820800000,0.0001
2023-05-12 00:00:00+00:00,2023-05-12 00:00:00+00:00,1683849600000,-8.36e-06
2023-05-12 04:00:00+00:00,2023-05-12 00:00:00+00:00,1683849600000,-8.36e-06
2023-05-12 08:00:00+00:00,2023-05-12 08:00:00+00:00,1683878400000,9.711e-05
2023-05-12 12:00:00+00:00,2023-05-12 08:00:00+00:00,1683878400000,9.711e-05
2023-05-12 16:00:00+00:00,2023-05-12 16:00:00+00:00,1683907200000,-8.161e-05
2023-05-12 20:00:00+00:00,2023-05-12 16:00:00+00:00,1683907200000,-8.161e-05
2023-05-13 00:00:00+00:00,2023-05-13 00:00:00+00:00,1683936000000,-1.23e-06
2023-05-13 04:00:00+00:00,2023-05-13 00:00:00+00:00,1683936000000,-1.23e-06
2023-05-13 08:00:00+00:00,2023-05-13 08:00:00+00:00,1683964800000,7.4e-07
2023-05-13 12:00:00+00:00,2023-05-13 08:00:00+00:00,1683964800000,7.4e-07
2023-05-13 16:00:00+00:00,2023-05-13 16:00:00+00:00,1683993600000,0.0001
2023-05-13 20:00:00+00:00,2023-05-13 16:00:00+00:00,1683993600000,0.0001
2023-05-14 00:00:00+00:00,2023-05-14 00:00:00+00:00,1684022400000,0.0001
2023-05-14 04:00:00+00:00,2023-05-14 00:00:00+00:00,1684022400000,0.0001
2023-05-14 08:00:00+00:00,2023-05-14 08:00:00+00:00,1684051200000,0.0001
2023-05-14 12:00:00+00:00,2023-05-14 08:00:00+00:00,1684051200000,0.0001
2023-05-14 16:00:00+00:00,2023-05-14 16:00:00+00:00,1684080000000,0.0001
2023-05-14 20:00:00+00:00,2023-05-14 16:00:00+00:00,1684080000000,0.0001
2023-05-15 00:00:00+00:00,2023-05-15 00:00:00+00:00,1684108800000,0.0001
2023-05-15 04:00:00+00:00,2023-05-15 00:00:00+00:00,1684108800000,0.0001
2023-05-15 08:00:00+00:00,2023-05-15 08:00:00+00:00,1684137600000,0.0001
2023-05-15 12:00:00+00:00,2023-05-15 08:00:00+00:00,1684137600000,0.0001
2023-05-15 16:00:00+00:00,2023-05-15 16:00:00+00:00,1684166400000,0.0001
2023-05-15 20:00:00+00:00,2023-05-15 16:00:00+00:00,1684166400000,0.0001
2023-05-16 00:00:00+00:00,2023-05-16 00:00:00+00:00,1684195200000,0.0001
2023-05-16 04:00:00+00:00,2023-05-16 00:00:00+00:00,1684195200000,0.0001
2023-05-16 08:00:00+00:00,2023-05-16 08:00:00+00:00,1684224000000,0.0001
2023-05-16 12:00:00+00:00,2023-05-16 08:00:00+00:00,1684224000000,0.0001
2023-05-16 16:00:00+00:00,2023-05-16 16:00:00+00:00,1684252800000,0.0001
2023-05-16 20:00:00+00:00,2023-05-16 16:00:00+00:00,1684252800000,0.0001
2023-05-17 00:00:00+00:00,2023-05-17 00:00:00+00:00,1684281600000,0.0001
2023-05-17 04:00:00+00:00,2023-05-17 00:00:00+00:00,1684281600000,0.0001
2023-05-17 08:00:00+00:00,2023-05-17 08:00:00+00:00,1684310400000,9.7e-05
2023-05-17 12:00:00+00:00,2023-05-17 08:00:00+00:00,1684310400000,9.7e-05
2023-05-17 16:00:00+00:00,2023-05-17 16:00:00+00:00,1684339200000,0.0001
2023-05-17 20:00:00+00:00,2023-05-17 16:00:00+00:00,1684339200000,0.0001
2023-05-18 00:00:00+00:00,2023-05-18 00:00:00+00:00,1684368000000,0.0001
2023-05-18 04:00:00+00:00,2023-05-18 00:00:00+00:00,1684368000000,0.0001
2023-05-18 08:00:00+00:00,2023-05-18 08:00:00+00:00,1684396800000,0.0001
2023-05-18 12:00:00+00:00,2023-05-18 08:00:00+00:00,1684396800000,0.0001
2023-05-18 16:00:00+00:00,2023-05-18 16:00:00+00:00,1684425600000,0.0001
2023-05-18 20:00:00+00:00,2023-05-18 16:00:00+00:00,1684425600000,0.0001
2023-05-19 00:00:00+00:00,2023-05-19 00:00:00+00:00,1684454400000,-5.831e-05
2023-05-19 04:00:00+00:00,2023-05-19 00:00:00+00:00,1684454400000,-5.831e-05
2023-05-19 08:00:00+00:00,2023-05-19 08:00:00+00:00,1684483200000,1.925e-05
2023-05-19 12:00:00+00:00,2023-05-19 08:00:00+00:00,1684483200000,1.925e-05
2023-05-19 16:00:00+00:00,2023-05-19 16:00:00+00:00,1684512000000,1.544e-05
2023-05-19 20:00:00+00:00,2023-05-19 16:00:00+00:00,1684512000000,1.544e-05
2023-05-20 00:00:00+00:00,2023-05-20 00:00:00+00:00,1684540800000,0.0001
2023-05-20 04:00:00+00:00,2023-05-20 00:00:00+00:00,1684540800000,0.0001
2023-05-20 08:00:00+00:00,2023-05-20 08:00:00+00:00,1684569600000,0.0001
2023-05-20 12:00:00+00:00,2023-05-20 08:00:00+00:00,1684569600000,0.0001
2023-05-20 16:00:00+00:00,2023-05-20 16:00:00+00:00,1684598400000,0.0001
2023-05-20 20:00:00+00:00,2023-05-20 16:00:00+00:00,1684598400000,0.0001
2023-05-21 00:00:00+00:00,2023-05-21 00:00:00+00:00,1684627200000,0.0001
2023-05-21 04:00:00+00:00,2023-05-21 00:00:00+00:00,1684627200000,0.0001
2023-05-21 08:00:00+00:00,2023-05-21 08:00:00+00:00,1684656000000,0.0001
2023-05-21 12:00:00+00:00,2023-05-21 08:00:00+00:00,1684656000000,0.0001
2023-05-21 16:00:00+00:00,2023-05-21 16:00:00+00:00,1684684800000,0.0001
2023-05-21 20:00:00+00:00,2023-05-21 16:00:00+00:00,1684684800000,0.0001
2023-05-22 00:00:00+00:00,2023-05-22 00:00:00+00:00,1684713600000,1.439e-05
2023-05-22 04:00:00+00:00,2023-05-22 00:00:00+00:00,1684713600000,1.439e-05
2023-05-22 08:00:00+00:00,2023-05-22 08:00:00+00:00,1684742400000,0.0001
2023-05-22 12:00:00+00:00,2023-05-22 08:00:00+00:00,1684742400000,0.0001
2023-05-22 16:00:00+00:00,2023-05-22 16:00:00+00:00,1684771200000,0.0001
2023-05-22 20:00:00+00:00,2023-05-22 16:00:00+00:00,1684771200000,0.0001
2023-05-23 00:00:00+00:00,2023-05-23 00:00:00+00:00,1684800000000,0.0001
2023-05-23 04:00:00+00:00,2023-05-23 00:00:00+00:00,1684800000000,0.0001
2023-05-23 08:00:00+00:00,2023-05-23 08:00:00+00:00,1684828800000,-9.75e-06
2023-05-23 12:00:00+00:00,2023-05-23 08:00:00+00:00,1684828800000,-9.75e-06
2023-05-23 16:00:00+00:00,2023-05-23 16:00:00+00:00,1684857600000,8.575e-05
2023-05-23 20:00:00+00:00,2023-05-23 16:00:00+00:00,1684857600000,8.575e-05
2023-05-24 00:00:00+00:00,2023-05-24 00:00:00+00:00,1684886400000,0.0001
2023-05-24 04:00:00+00:00,2023-05-24 00:00:00+00:00,1684886400000,0.0001
2023-05-24 08:00:00+00:00,2023-05-24 08:00:00+00:00,1684915200000,0.0001
2023-05-24 12:00:00+00:00,2023-05-24 08:00:00+00:00,1684915200000,0.0001
2023-05-24 16:00:00+00:00,2023-05-24 16:00:00+00:00,1684944000000,9.025e-05
2023-05-24 20:00:00+00:00,2023-05-24 16:00:00+00:00,1684944000000,9.025e-05
2023-05-25 00:00:00+00:00,2023-05-25 00:00:00+00:00,1684972800000,6.215e-05
2023-05-25 04:00:00+00:00,2023-05-25 00:00:00+00:00,1684972800000,6.215e-05
2023-05-25 08:00:00+00:00,2023-05-25 08:00:00+00:00,1685001600000,1.342e-05
2023-05-25 12:00:00+00:00,2023-05-25 08:00:00+00:00,1685001600000,1.342e-05
2023-05-25 16:00:00+00:00,2023-05-25 16:00:00+00:00,1685030400000,0.0001
2023-05-25 20:00:00+00:00,2023-05-25 16:00:00+00:00,1685030400000,0.0001
2023-05-26 00:00:00+00:00,2023-05-26 00:00:00+00:00,1685059200000,0.0001
2023-05-26 04:00:00+00:00,2023-05-26 00:00:00+00:00,1685059200000,0.0001
2023-05-26 08:00:00+00:00,2023-05-26 08:00:00+00:00,1685088000000,0.0001
2023-05-26 12:00:00+00:00,2023-05-26 08:00:00+00:00,1685088000000,0.0001
2023-05-26 16:00:00+00:00,2023-05-26 16:00:00+00:00,1685116800000,5.166e-05
2023-05-26 20:00:00+00:00,2023-05-26 16:00:00+00:00,1685116800000,5.166e-05
2023-05-27 00:00:00+00:00,2023-05-27 00:00:00+00:00,1685145600000,0.0001
2023-05-27 04:00:00+00:00,2023-05-27 00:00:00+00:00,1685145600000,0.0001
2023-05-27 08:00:00+00:00,2023-05-27 08:00:00+00:00,1685174400000,0.0001
2023-05-27 12:00:00+00:00,2023-05-27 08:00:00+00:00,1685174400000,0.0001
2023-05-27 16:00:00+00:00,2023-05-27 16:00:00+00:00,1685203200000,0.0001
2023-05-27 20:00:00+00:00,2023-05-27 16:00:00+00:00,1685203200000,0.0001
2023-05-28 00:00:00+00:00,2023-05-28 00:00:00+00:00,1685232000000,0.0001
2023-05-28 04:00:00+00:00,2023-05-28 00:00:00+00:00,1685232000000,0.0001
2023-05-28 08:00:00+00:00,2023-05-28 08:00:00+00:00,1685260800000,-6.791e-05
2023-05-28 12:00:00+00:00,2023-05-28 08:00:00+00:00,1685260800000,-6.791e-05
2023-05-28 16:00:00+00:00,2023-05-28 16:00:00+00:00,1685289600000,0.0001
2023-05-28 20:00:00+00:00,2023-05-28 16:00:00+00:00,1685289600000,0.0001
2023-05-29 00:00:00+00:00,2023-05-29 00:00:00+00:00,1685318400000,0.0001
2023-05-29 04:00:00+00:00,2023-05-29 00:00:00+00:00,1685318400000,0.0001
2023-05-29 08:00:00+00:00,2023-05-29 08:00:00+00:00,1685347200000,0.0001
2023-05-29 12:00:00+00:00,2023-05-29 08:00:00+00:00,1685347200000,0.0001
2023-05-29 16:00:00+00:00,2023-05-29 16:00:00+00:00,1685376000000,0.0001
2023-05-29 20:00:00+00:00,2023-05-29 16:00:00+00:00,1685376000000,0.0001
2023-05-30 00:00:00+00:00,2023-05-30 00:00:00+00:00,1685404800000,0.0001
2023-05-30 04:00:00+00:00,2023-05-30 00:00:00+00:00,1685404800000,0.0001
2023-05-30 08:00:00+00:00,2023-05-30 08:00:00+00:00,1685433600000,0.0001
2023-05-30 12:00:00+00:00,2023-05-30 08:00:00+00:00,1685433600000,0.0001
2023-05-30 16:00:00+00:00,2023-05-30 16:00:00+00:00,1685462400000,0.0001
2023-05-30 20:00:00+00:00,2023-05-30 16:00:00+00:00,1685462400000,0.0001
2023-05-31 00:00:00+00:00,2023-05-31 00:00:00+00:00,1685491200000,0.0001
2023-05-31 04:00:00+00:00,2023-05-31 00:00:00+00:00,1685491200000,0.0001
2023-05-31 08:00:00+00:00,2023-05-31 08:00:00+00:00,1685520000000,0.0001
2023-05-31 12:00:00+00:00,2023-05-31 08:00:00+00:00,1685520000000,0.0001
2023-05-31 16:00:00+00:00,2023-05-31 16:00:00+00:00,1685548800000,0.0001
2023-05-31 20:00:00+00:00,2023-05-31 16:00:00+00:00,1685548800000,0.0001
2023-06-01 00:00:00+00:00,2023-06-01 00:00:00+00:00,1685577600000,0.0001
2023-06-01 04:00:00+00:00,2023-06-01 00:00:00+00:00,1685577600000,0.0001
2023-06-01 08:00:00+00:00,2023-06-01 08:00:00+00:00,1685606400000,0.0001
2023-06-01 12:00:00+00:00,2023-06-01 08:00:00+00:00,1685606400000,0.0001
2023-06-01 16:00:00+00:00,2023-06-01 16:00:00+00:00,1685635200000,0.0001
2023-06-01 20:00:00+00:00,2023-06-01 16:00:00+00:00,1685635200000,0.0001
2023-06-02 00:00:00+00:00,2023-06-02 00:00:00+00:00,1685664000000,0.0001
2023-06-02 04:00:00+00:00,2023-06-02 00:00:00+00:00,1685664000000,0.0001
2023-06-02 08:00:00+00:00,2023-06-02 08:00:00+00:00,1685692800000,0.0001
2023-06-02 12:00:00+00:00,2023-06-02 08:00:00+00:00,1685692800000,0.0001
2023-06-02 16:00:00+00:00,2023-06-02 16:00:00+00:00,1685721600000,0.0001
2023-06-02 20:00:00+00:00,2023-06-02 16:00:00+00:00,1685721600000,0.0001
2023-06-03 00:00:00+00:00,2023-06-03 00:00:00+00:00,1685750400000,0.0001
2023-06-03 04:00:00+00:00,2023-06-03 00:00:00+00:00,1685750400000,0.0001
2023-06-03 08:00:00+00:00,2023-06-03 08:00:00+00:00,1685779200000,0.0001
2023-06-03 12:00:00+00:00,2023-06-03 08:00:00+00:00,1685779200000,0.0001
2023-06-03 16:00:00+00:00,2023-06-03 16:00:00+00:00,1685808000000,0.0001
2023-06-03 20:00:00+00:00,2023-06-03 16:00:00+00:00,1685808000000,0.0001
2023-06-04 00:00:00+00:00,2023-06-04 00:00:00+00:00,1685836800000,0.0001
2023-06-04 04:00:00+00:00,2023-06-04 00:00:00+00:00,1685836800000,0.0001
2023-06-04 08:00:00+00:00,2023-06-04 08:00:00+00:00,1685865600000,0.0001
2023-06-04 12:00:00+00:00,2023-06-04 08:00:00+00:00,1685865600000,0.0001
2023-06-04 16:00:00+00:00,2023-06-04 16:00:00+00:00,1685894400000,0.0001
2023-06-04 20:00:00+00:00,2023-06-04 16:00:00+00:00,1685894400000,0.0001
2023-06-05 00:00:00+00:00,2023-06-05 00:00:00+00:00,1685923200000,5.112e-05
2023-06-05 04:00:00+00:00,2023-06-05 00:00:00+00:00,1685923200000,5.112e-05
2023-06-05 08:00:00+00:00,2023-06-05 08:00:00+00:00,1685952000000,0.0001
2023-06-05 12:00:00+00:00,2023-06-05 08:00:00+00:00,1685952000000,0.0001
2023-06-05 16:00:00+00:00,2023-06-05 16:00:00+00:00,1685980800000,0.0001
2023-06-05 20:00:00+00:00,2023-06-05 16:00:00+00:00,1685980800000,0.0001
2023-06-06 00:00:00+00:00,2023-06-06 00:00:00+00:00,1686009600000,0.0001
2023-06-06 04:00:00+00:00,2023-06-06 00:00:00+00:00,1686009600000,0.0001
2023-06-06 08:00:00+00:00,2023-06-06 08:00:00+00:00,1686038400000,0.0001
2023-06-06 12:00:00+00:00,2023-06-06 08:00:00+00:00,1686038400000,0.0001
2023-06-06 16:00:00+00:00,2023-06-06 16:00:00+00:00,1686067200000,0.0001
2023-06-06 20:00:00+00:00,2023-06-06 16:00:00+00:00,1686067200000,0.0001
2023-06-07 00:00:00+00:00,2023-06-07 00:00:00+00:00,1686096000000,0.0001
2023-06-07 04:00:00+00:00,2023-06-07 00:00:00+00:00,1686096000000,0.0001
2023-06-07 08:00:00+00:00,2023-06-07 08:00:00+00:00,1686124800000,0.0001
2023-06-07 12:00:00+00:00,2023-06-07 08:00:00+00:00,1686124800000,0.0001
2023-06-07 16:00:00+00:00,2023-06-07 16:00:00+00:00,1686153600000,0.0001
2023-06-07 20:00:00+00:00,2023-06-07 16:00:00+00:00,1686153600000,0.0001
2023-06-08 00:00:00+00:00,2023-06-08 00:00:00+00:00,1686182400000,0.0001
2023-06-08 04:00:00+00:00,2023-06-08 00:00:00+00:00,1686182400000,0.0001
2023-06-08 08:00:00+00:00,2023-06-08 08:00:00+00:00,1686211200000,-1.33e-06
2023-06-08 12:00:00+00:00,2023-06-08 08:00:00+00:00,1686211200000,-1.33e-06
2023-06-08 16:00:00+00:00,2023-06-08 16:00:00+00:00,1686240000000,2.93e-05
2023-06-08 20:00:00+00:00,2023-06-08 16:00:00+00:00,1686240000000,2.93e-05
2023-06-09 00:00:00+00:00,2023-06-09 00:00:00+00:00,1686268800000,4.95e-06
2023-06-09 04:00:00+00:00,2023-06-09 00:00:00+00:00,1686268800000,4.95e-06
2023-06-09 08:00:00+00:00,2023-06-09 08:00:00+00:00,1686297600000,5.125e-05
2023-06-09 12:00:00+00:00,2023-06-09 08:00:00+00:00,1686297600000,5.125e-05
2023-06-09 16:00:00+00:00,2023-06-09 16:00:00+00:00,1686326400000,4.524e-05
2023-06-09 20:00:00+00:00,2023-06-09 16:00:00+00:00,1686326400000,4.524e-05
2023-06-10 00:00:00+00:00,2023-06-10 00:00:00+00:00,1686355200000,0.0001
2023-06-10 04:00:00+00:00,2023-06-10 00:00:00+00:00,1686355200000,0.0001
2023-06-10 08:00:00+00:00,2023-06-10 08:00:00+00:00,1686384000000,-0.00014448
2023-06-10 12:00:00+00:00,2023-06-10 08:00:00+00:00,1686384000000,-0.00014448
2023-06-10 16:00:00+00:00,2023-06-10 16:00:00+00:00,1686412800000,-0.0006088
2023-06-10 20:00:00+00:00,2023-06-10 16:00:00+00:00,1686412800000,-0.0006088
2023-06-11 00:00:00+00:00,2023-06-11 00:00:00+00:00,1686441600000,-0.00016782
2023-06-11 04:00:00+00:00,2023-06-11 00:00:00+00:00,1686441600000,-0.00016782
2023-06-11 08:00:00+00:00,2023-06-11 08:00:00+00:00,1686470400000,-0.00034519
2023-06-11 12:00:00+00:00,2023-06-11 08:00:00+00:00,1686470400000,-0.00034519
2023-06-11 16:00:00+00:00,2023-06-11 16:00:00+00:00,1686499200000,-5.418e-05
2023-06-11 20:00:00+00:00,2023-06-11 16:00:00+00:00,1686499200000,-5.418e-05
2023-06-12 00:00:00+00:00,2023-06-12 00:00:00+00:00,1686528000000,-5.043e-05
2023-06-12 04:00:00+00:00,2023-06-12 00:00:00+00:00,1686528000000,-5.043e-05
2023-06-12 08:00:00+00:00,2023-06-12 08:00:00+00:00,1686556800000,1.4e-07
2023-06-12 12:00:00+00:00,2023-06-12 08:00:00+00:00,1686556800000,1.4e-07
2023-06-12 16:00:00+00:00,2023-06-12 16:00:00+00:00,1686585600000,0.0001
2023-06-12 20:00:00+00:00,2023-06-12 16:00:00+00:00,1686585600000,0.0001
2023-06-13 00:00:00+00:00,2023-06-13 00:00:00+00:00,1686614400000,7.379e-05
2023-06-13 04:00:00+00:00,2023-06-13 00:00:00+00:00,1686614400000,7.379e-05
2023-06-13 08:00:00+00:00,2023-06-13 08:00:00+00:00,1686643200000,1.255e-05
2023-06-13 12:00:00+00:00,2023-06-13 08:00:00+00:00,1686643200000,1.255e-05
2023-06-13 16:00:00+00:00,2023-06-13 16:00:00+00:00,1686672000000,0.0001
2023-06-13 20:00:00+00:00,2023-06-13 16:00:00+00:00,1686672000000,0.0001
2023-06-14 00:00:00+00:00,2023-06-14 00:00:00+00:00,1686700800000,2.374e-05
2023-06-14 04:00:00+00:00,2023-06-14 00:00:00+00:00,1686700800000,2.374e-05
2023-06-14 08:00:00+00:00,2023-06-14 08:00:00+00:00,1686729600000,1.066e-05
2023-06-14 12:00:00+00:00,2023-06-14 08:00:00+00:00,1686729600000,1.066e-05
2023-06-14 16:00:00+00:00,2023-06-14 16:00:00+00:00,1686758400000,6.69e-05
2023-06-14 20:00:00+00:00,2023-06-14 16:00:00+00:00,1686758400000,6.69e-05
2023-06-15 00:00:00+00:00,2023-06-15 00:00:00+00:00,1686787200000,9e-06
2023-06-15 04:00:00+00:00,2023-06-15 00:00:00+00:00,1686787200000,9e-06
2023-06-15 08:00:00+00:00,2023-06-15 08:00:00+00:00,1686816000000,-0.00013097
2023-06-15 12:00:00+00:00,2023-06-15 08:00:00+00:00,1686816000000,-0.00013097
2023-06-15 16:00:00+00:00,2023-06-15 16:00:00+00:00,1686844800000,0.0001
2023-06-15 20:00:00+00:00,2023-06-15 16:00:00+00:00,1686844800000,0.0001
2023-06-16 00:00:00+00:00,2023-06-16 00:00:00+00:00,1686873600000,3.114e-05
2023-06-16 04:00:00+00:00,2023-06-16 00:00:00+00:00,1686873600000,3.114e-05
2023-06-16 08:00:00+00:00,2023-06-16 08:00:00+00:00,1686902400000,2.767e-05
2023-06-16 12:00:00+00:00,2023-06-16 08:00:00+00:00,1686902400000,2.767e-05
2023-06-16 16:00:00+00:00,2023-06-16 16:00:00+00:00,1686931200000,2.177e-05
2023-06-16 20:00:00+00:00,2023-06-16 16:00:00+00:00,1686931200000,2.177e-05
2023-06-17 00:00:00+00:00,2023-06-17 00:00:00+00:00,1686960000000,-0.00014447
2023-06-17 04:00:00+00:00,2023-06-17 00:00:00+00:00,1686960000000,-0.00014447
2023-06-17 08:00:00+00:00,2023-06-17 08:00:00+00:00,1686988800000,-2.27e-05
2023-06-17 12:00:00+00:00,2023-06-17 08:00:00+00:00,1686988800000,-2.27e-05
2023-06-17 16:00:00+00:00,2023-06-17 16:00:00+00:00,1687017600000,5.613e-05
2023-06-17 20:00:00+00:00,2023-06-17 16:00:00+00:00,1687017600000,5.613e-05
2023-06-18 00:00:00+00:00,2023-06-18 00:00:00+00:00,1687046400000,4.023e-05
2023-06-18 04:00:00+00:00,2023-06-18 00:00:00+00:00,1687046400000,4.023e-05
2023-06-18 08:00:00+00:00,2023-06-18 08:00:00+00:00,1687075200000,-1.246e-05
2023-06-18 12:00:00+00:00,2023-06-18 08:00:00+00:00,1687075200000,-1.246e-05
2023-06-18 16:00:00+00:00,2023-06-18 16:00:00+00:00,1687104000000,-4.102e-05
2023-06-18 20:00:00+00:00,2023-06-18 16:00:00+00:00,1687104000000,-4.102e-05
2023-06-19 00:00:00+00:00,2023-06-19 00:00:00+00:00,1687132800000,-3.925e-05
2023-06-19 04:00:00+00:00,2023-06-19 00:00:00+00:00,1687132800000,-3.925e-05
2023-06-19 08:00:00+00:00,2023-06-19 08:00:00+00:00,1687161600000,-5.495e-05
2023-06-19 12:00:00+00:00,2023-06-19 08:00:00+00:00,1687161600000,-5.495e-05
2023-06-19 16:00:00+00:00,2023-06-19 16:00:00+00:00,1687190400000,3.308e-05
2023-06-19 20:00:00+00:00,2023-06-19 16:00:00+00:00,1687190400000,3.308e-05
2023-06-20 00:00:00+00:00,2023-06-20 00:00:00+00:00,1687219200000,-7.443e-05
2023-06-20 04:00:00+00:00,2023-06-20 00:00:00+00:00,1687219200000,-7.443e-05
2023-06-20 08:00:00+00:00,2023-06-20 08:00:00+00:00,1687248000000,-3.565e-05
2023-06-20 12:00:00+00:00,2023-06-20 08:00:00+00:00,1687248000000,-3.565e-05
2023-06-20 16:00:00+00:00,2023-06-20 16:00:00+00:00,1687276800000,5.81e-05
2023-06-20 20:00:00+00:00,2023-06-20 16:00:00+00:00,1687276800000,5.81e-05
2023-06-21 00:00:00+00:00,2023-06-21 00:00:00+00:00,1687305600000,-2.4e-06
2023-06-21 04:00:00+00:00,2023-06-21 00:00:00+00:00,1687305600000,-2.4e-06
2023-06-21 08:00:00+00:00,2023-06-21 08:00:00+00:00,1687334400000,0.0001
2023-06-21 12:00:00+00:00,2023-06-21 08:00:00+00:00,1687334400000,0.0001
2023-06-21 16:00:00+00:00,2023-06-21 16:00:00+00:00,1687363200000,0.0001
2023-06-21 20:00:00+00:00,2023-06-21 16:00:00+00:00,1687363200000,0.0001
2023-06-22 00:00:00+00:00,2023-06-22 00:00:00+00:00,1687392000000,0.0001
2023-06-22 04:00:00+00:00,2023-06-22 00:00:00+00:00,1687392000000,0.0001
2023-06-22 08:00:00+00:00,2023-06-22 08:00:00+00:00,1687420800000,0.0001
2023-06-22 12:00:00+00:00,2023-06-22 08:00:00+00:00,1687420800000,0.0001
2023-06-22 16:00:00+00:00,2023-06-22 16:00:00+00:00,1687449600000,7.545e-05
2023-06-22 20:00:00+00:00,2023-06-22 16:00:00+00:00,1687449600000,7.545e-05
2023-06-23 00:00:00+00:00,2023-06-23 00:00:00+00:00,1687478400000,0.0001
2023-06-23 04:00:00+00:00,2023-06-23 00:00:00+00:00,1687478400000,0.0001
2023-06-23 08:00:00+00:00,2023-06-23 08:00:00+00:00,1687507200000,0.0001
2023-06-23 12:00:00+00:00,2023-06-23 08:00:00+00:00,1687507200000,0.0001
2023-06-23 16:00:00+00:00,2023-06-23 16:00:00+00:00,1687536000000,8.513e-05
2023-06-23 20:00:00+00:00,2023-06-23 16:00:00+00:00,1687536000000,8.513e-05
2023-06-24 00:00:00+00:00,2023-06-24 00:00:00+00:00,1687564800000,5.03e-06
2023-06-24 04:00:00+00:00,2023-06-24 00:00:00+00:00,1687564800000,5.03e-06
2023-06-24 08:00:00+00:00,2023-06-24 08:00:00+00:00,1687593600000,3.49e-05
2023-06-24 12:00:00+00:00,2023-06-24 08:00:00+00:00,1687593600000,3.49e-05
2023-06-24 16:00:00+00:00,2023-06-24 16:00:00+00:00,1687622400000,0.0001
2023-06-24 20:00:00+00:00,2023-06-24 16:00:00+00:00,1687622400000,0.0001
2023-06-25 00:00:00+00:00,2023-06-25 00:00:00+00:00,1687651200000,0.0001
2023-06-25 04:00:00+00:00,2023-06-25 00:00:00+00:00,1687651200000,0.0001
2023-06-25 08:00:00+00:00,2023-06-25 08:00:00+00:00,1687680000000,9.277e-05
2023-06-25 12:00:00+00:00,2023-06-25 08:00:00+00:00,1687680000000,9.277e-05
2023-06-25 16:00:00+00:00,2023-06-25 16:00:00+00:00,1687708800000,6.937e-05
2023-06-25 20:00:00+00:00,2023-06-25 16:00:00+00:00,1687708800000,6.937e-05
2023-06-26 00:00:00+00:00,2023-06-26 00:00:00+00:00,1687737600000,6.183e-05
2023-06-26 04:00:00+00:00,2023-06-26 00:00:00+00:00,1687737600000,6.183e-05
2023-06-26 08:00:00+00:00,2023-06-26 08:00:00+00:00,1687766400000,-6.73e-06
2023-06-26 12:00:00+00:00,2023-06-26 08:00:00+00:00,1687766400000,-6.73e-06
2023-06-26 16:00:00+00:00,2023-06-26 16:00:00+00:00,1687795200000,0.0001
2023-06-26 20:00:00+00:00,2023-06-26 16:00:00+00:00,1687795200000,0.0001
2023-06-27 00:00:00+00:00,2023-06-27 00:00:00+00:00,1687824000000,0.0001
2023-06-27 04:00:00+00:00,2023-06-27 00:00:00+00:00,1687824000000,0.0001
2023-06-27 08:00:00+00:00,2023-06-27 08:00:00+00:00,1687852800000,0.0001
2023-06-27 12:00:00+00:00,2023-06-27 08:00:00+00:00,1687852800000,0.0001
2023-06-27 16:00:00+00:00,2023-06-27 16:00:00+00:00,1687881600000,0.0001
2023-06-27 20:00:00+00:00,2023-06-27 16:00:00+00:00,1687881600000,0.0001
2023-06-28 00:00:00+00:00,2023-06-28 00:00:00+00:00,1687910400000,0.0001
2023-06-28 04:00:00+00:00,2023-06-28 00:00:00+00:00,1687910400000,0.0001
2023-06-28 08:00:00+00:00,2023-06-28 08:00:00+00:00,1687939200000,0.0001
2023-06-28 12:00:00+00:00,2023-06-28 08:00:00+00:00,1687939200000,0.0001
2023-06-28 16:00:00+00:00,2023-06-28 16:00:00+00:00,1687968000000,0.0001
2023-06-28 20:00:00+00:00,2023-06-28 16:00:00+00:00,1687968000000,0.0001
2023-06-29 00:00:00+00:00,2023-06-29 00:00:00+00:00,1687996800000,0.0001
2023-06-29 04:00:00+00:00,2023-06-29 00:00:00+00:00,1687996800000,0.0001
2023-06-29 08:00:00+00:00,2023-06-29 08:00:00+00:00,1688025600000,0.0001
2023-06-29 12:00:00+00:00,2023-06-29 08:00:00+00:00,1688025600000,0.0001
2023-06-29 16:00:00+00:00,2023-06-29 16:00:00+00:00,1688054400000,0.0001
2023-06-29 20:00:00+00:00,2023-06-29 16:00:00+00:00,1688054400000,0.0001
2023-06-30 00:00:00+00:00,2023-06-30 00:00:00+00:00,1688083200000,0.0001
2023-06-30 04:00:00+00:00,2023-06-30 00:00:00+00:00,1688083200000,0.0001
2023-06-30 08:00:00+00:00,2023-06-30 08:00:00+00:00,1688112000000,0.0001
2023-06-30 12:00:00+00:00,2023-06-30 08:00:00+00:00,1688112000000,0.0001
2023-06-30 16:00:00+00:00,2023-06-30 16:00:00+00:00,1688140800000,0.0001
2023-06-30 20:00:00+00:00,2023-06-30 16:00:00+00:00,1688140800000,0.0001
2023-07-01 00:00:00+00:00,2023-07-01 00:00:00+00:00,1688169600000,0.0001
2023-07-01 04:00:00+00:00,2023-07-01 00:00:00+00:00,1688169600000,0.0001
2023-07-01 08:00:00+00:00,2023-07-01 08:00:00+00:00,1688198400000,0.0001
2023-07-01 12:00:00+00:00,2023-07-01 08:00:00+00:00,1688198400000,0.0001
2023-07-01 16:00:00+00:00,2023-07-01 16:00:00+00:00,1688227200000,0.0001
2023-07-01 20:00:00+00:00,2023-07-01 16:00:00+00:00,1688227200000,0.0001
2023-07-02 00:00:00+00:00,2023-07-02 00:00:00+00:00,1688256000000,0.0001
2023-07-02 04:00:00+00:00,2023-07-02 00:00:00+00:00,1688256000000,0.0001
2023-07-02 08:00:00+00:00,2023-07-02 08:00:00+00:00,1688284800000,0.0001
2023-07-02 12:00:00+00:00,2023-07-02 08:00:00+00:00,1688284800000,0.0001
2023-07-02 16:00:00+00:00,2023-07-02 16:00:00+00:00,1688313600000,0.0001
2023-07-02 20:00:00+00:00,2023-07-02 16:00:00+00:00,1688313600000,0.0001
2023-07-03 00:00:00+00:00,2023-07-03 00:00:00+00:00,1688342400000,0.0001
2023-07-03 04:00:00+00:00,2023-07-03 00:00:00+00:00,1688342400000,0.0001
2023-07-03 08:00:00+00:00,2023-07-03 08:00:00+00:00,1688371200000,0.0001
2023-07-03 12:00:00+00:00,2023-07-03 08:00:00+00:00,1688371200000,0.0001
2023-07-03 16:00:00+00:00,2023-07-03 16:00:00+00:00,1688400000000,0.0001
2023-07-03 20:00:00+00:00,2023-07-03 16:00:00+00:00,1688400000000,0.0001
2023-07-04 00:00:00+00:00,2023-07-04 00:00:00+00:00,1688428800000,0.0001
2023-07-04 04:00:00+00:00,2023-07-04 00:00:00+00:00,1688428800000,0.0001
2023-07-04 08:00:00+00:00,2023-07-04 08:00:00+00:00,1688457600000,0.0001
2023-07-04 12:00:00+00:00,2023-07-04 08:00:00+00:00,1688457600000,0.0001
2023-07-04 16:00:00+00:00,2023-07-04 16:00:00+00:00,1688486400000,0.0001
2023-07-04 20:00:00+00:00,2023-07-04 16:00:00+00:00,1688486400000,0.0001
2023-07-05 00:00:00+00:00,2023-07-05 00:00:00+00:00,1688515200000,0.0001
2023-07-05 04:00:00+00:00,2023-07-05 00:00:00+00:00,1688515200000,0.0001
2023-07-05 08:00:00+00:00,2023-07-05 08:00:00+00:00,1688544000000,0.0001
2023-07-05 12:00:00+00:00,2023-07-05 08:00:00+00:00,1688544000000,0.0001
2023-07-05 16:00:00+00:00,2023-07-05 16:00:00+00:00,1688572800000,0.0001
2023-07-05 20:00:00+00:00,2023-07-05 16:00:00+00:00,1688572800000,0.0001
2023-07-06 00:00:00+00:00,2023-07-06 00:00:00+00:00,1688601600000,0.0001
2023-07-06 04:00:00+00:00,2023-07-06 00:00:00+00:00,1688601600000,0.0001
2023-07-06 08:00:00+00:00,2023-07-06 08:00:00+00:00,1688630400000,0.0001
2023-07-06 12:00:00+00:00,2023-07-06 08:00:00+00:00,1688630400000,0.0001
2023-07-06 16:00:00+00:00,2023-07-06 16:00:00+00:00,1688659200000,0.0001
2023-07-06 20:00:00+00:00,2023-07-06 16:00:00+00:00,1688659200000,0.0001
2023-07-07 00:00:00+00:00,2023-07-07 00:00:00+00:00,1688688000000,6.084e-05
2023-07-07 04:00:00+00:00,2023-07-07 00:00:00+00:00,1688688000000,6.084e-05
2023-07-07 08:00:00+00:00,2023-07-07 08:00:00+00:00,1688716800000,0.0001
2023-07-07 12:00:00+00:00,2023-07-07 08:00:00+00:00,1688716800000,0.0001
2023-07-07 16:00:00+00:00,2023-07-07 16:00:00+00:00,1688745600000,-0.00037417
2023-07-07 20:00:00+00:00,2023-07-07 16:00:00+00:00,1688745600000,-0.00037417
2023-07-08 00:00:00+00:00,2023-07-08 00:00:00+00:00,1688774400000,-0.00024966
2023-07-08 04:00:00+00:00,2023-07-08 00:00:00+00:00,1688774400000,-0.00024966
2023-07-08 08:00:00+00:00,2023-07-08 08:00:00+00:00,1688803200000,-0.00017684
2023-07-08 12:00:00+00:00,2023-07-08 08:00:00+00:00,1688803200000,-0.00017684
2023-07-08 16:00:00+00:00,2023-07-08 16:00:00+00:00,1688832000000,-3.869e-05
2023-07-08 20:00:00+00:00,2023-07-08 16:00:00+00:00,1688832000000,-3.869e-05
2023-07-09 00:00:00+00:00,2023-07-09 00:00:00+00:00,1688860800000,-0.00013389
2023-07-09 04:00:00+00:00,2023-07-09 00:00:00+00:00,1688860800000,-0.00013389
2023-07-09 08:00:00+00:00,2023-07-09 08:00:00+00:00,1688889600000,-5.34e-05
2023-07-09 12:00:00+00:00,2023-07-09 08:00:00+00:00,1688889600000,-5.34e-05
2023-07-09 16:00:00+00:00,2023-07-09 16:00:00+00:00,1688918400000,2.619e-05
2023-07-09 20:00:00+00:00,2023-07-09 16:00:00+00:00,1688918400000,2.619e-05
2023-07-10 00:00:00+00:00,2023-07-10 00:00:00+00:00,1688947200000,5.671e-05
2023-07-10 04:00:00+00:00,2023-07-10 00:00:00+00:00,1688947200000,5.671e-05
2023-07-10 08:00:00+00:00,2023-07-10 08:00:00+00:00,1688976000000,0.0001
2023-07-10 12:00:00+00:00,2023-07-10 08:00:00+00:00,1688976000000,0.0001
2023-07-10 16:00:00+00:00,2023-07-10 16:00:00+00:00,1689004800000,7.647e-05
2023-07-10 20:00:00+00:00,2023-07-10 16:00:00+00:00,1689004800000,7.647e-05
2023-07-11 00:00:00+00:00,2023-07-11 00:00:00+00:00,1689033600000,-0.00014216
2023-07-11 04:00:00+00:00,2023-07-11 00:00:00+00:00,1689033600000,-0.00014216
2023-07-11 08:00:00+00:00,2023-07-11 08:00:00+00:00,1689062400000,-3.413e-05
2023-07-11 12:00:00+00:00,2023-07-11 08:00:00+00:00,1689062400000,-3.413e-05
2023-07-11 16:00:00+00:00,2023-07-11 16:00:00+00:00,1689091200000,7.52e-05
2023-07-11 20:00:00+00:00,2023-07-11 16:00:00+00:00,1689091200000,7.52e-05
2023-07-12 00:00:00+00:00,2023-07-12 00:00:00+00:00,1689120000000,0.0001
2023-07-12 04:00:00+00:00,2023-07-12 00:00:00+00:00,1689120000000,0.0001
2023-07-12 08:00:00+00:00,2023-07-12 08:00:00+00:00,1689148800000,0.0001
2023-07-12 12:00:00+00:00,2023-07-12 08:00:00+00:00,1689148800000,0.0001
2023-07-12 16:00:00+00:00,2023-07-12 16:00:00+00:00,1689177600000,0.0001
2023-07-12 20:00:00+00:00,2023-07-12 16:00:00+00:00,1689177600000,0.0001
2023-07-13 00:00:00+00:00,2023-07-13 00:00:00+00:00,1689206400000,0.0001
2023-07-13 04:00:00+00:00,2023-07-13 00:00:00+00:00,1689206400000,0.0001
2023-07-13 08:00:00+00:00,2023-07-13 08:00:00+00:00,1689235200000,9.049e-05
2023-07-13 12:00:00+00:00,2023-07-13 08:00:00+00:00,1689235200000,9.049e-05
2023-07-13 16:00:00+00:00,2023-07-13 16:00:00+00:00,1689264000000,0.0001
2023-07-13 20:00:00+00:00,2023-07-13 16:00:00+00:00,1689264000000,0.0001
2023-07-14 00:00:00+00:00,2023-07-14 00:00:00+00:00,1689292800000,0.0001
2023-07-14 04:00:00+00:00,2023-07-14 00:00:00+00:00,1689292800000,0.0001
2023-07-14 08:00:00+00:00,2023-07-14 08:00:00+00:00,1689321600000,0.00030623
2023-07-14 12:00:00+00:00,2023-07-14 08:00:00+00:00,1689321600000,0.00030623
2023-07-14 16:00:00+00:00,2023-07-14 16:00:00+00:00,1689350400000,0.0004351
2023-07-14 20:00:00+00:00,2023-07-14 16:00:00+00:00,1689350400000,0.0004351
2023-07-15 00:00:00+00:00,2023-07-15 00:00:00+00:00,1689379200000,0.00015538
2023-07-15 04:00:00+00:00,2023-07-15 00:00:00+00:00,1689379200000,0.00015538
2023-07-15 08:00:00+00:00,2023-07-15 08:00:00+00:00,1689408000000,0.0001
2023-07-15 12:00:00+00:00,2023-07-15 08:00:00+00:00,1689408000000,0.0001
2023-07-15 16:00:00+00:00,2023-07-15 16:00:00+00:00,1689436800000,0.0001
2023-07-15 20:00:00+00:00,2023-07-15 16:00:00+00:00,1689436800000,0.0001
2023-07-16 00:00:00+00:00,2023-07-16 00:00:00+00:00,1689465600000,0.0001
2023-07-16 04:00:00+00:00,2023-07-16 00:00:00+00:00,1689465600000,0.0001
2023-07-16 08:00:00+00:00,2023-07-16 08:00:00+00:00,1689494400000,0.0001
2023-07-16 12:00:00+00:00,2023-07-16 08:00:00+00:00,1689494400000,0.0001
2023-07-16 16:00:00+00:00,2023-07-16 16:00:00+00:00,1689523200000,0.0001
2023-07-16 20:00:00+00:00,2023-07-16 16:00:00+00:00,1689523200000,0.0001
2023-07-17 00:00:00+00:00,2023-07-17 00:00:00+00:00,1689552000000,0.0001
2023-07-17 04:00:00+00:00,2023-07-17 00:00:00+00:00,1689552000000,0.0001
2023-07-17 08:00:00+00:00,2023-07-17 08:00:00+00:00,1689580800000,0.0001
2023-07-17 12:00:00+00:00,2023-07-17 08:00:00+00:00,1689580800000,0.0001
2023-07-17 16:00:00+00:00,2023-07-17 16:00:00+00:00,1689609600000,0.0001
2023-07-17 20:00:00+00:00,2023-07-17 16:00:00+00:00,1689609600000,0.0001
2023-07-18 00:00:00+00:00,2023-07-18 00:00:00+00:00,1689638400000,0.0001
2023-07-18 04:00:00+00:00,2023-07-18 00:00:00+00:00,1689638400000,0.0001
2023-07-18 08:00:00+00:00,2023-07-18 08:00:00+00:00,1689667200000,0.0001
2023-07-18 12:00:00+00:00,2023-07-18 08:00:00+00:00,1689667200000,0.0001
2023-07-18 16:00:00+00:00,2023-07-18 16:00:00+00:00,1689696000000,0.0001
2023-07-18 20:00:00+00:00,2023-07-18 16:00:00+00:00,1689696000000,0.0001
2023-07-19 00:00:00+00:00,2023-07-19 00:00:00+00:00,1689724800000,0.0001
2023-07-19 04:00:00+00:00,2023-07-19 00:00:00+00:00,1689724800000,0.0001
2023-07-19 08:00:00+00:00,2023-07-19 08:00:00+00:00,1689753600000,0.0001
2023-07-19 12:00:00+00:00,2023-07-19 08:00:00+00:00,1689753600000,0.0001
2023-07-19 16:00:00+00:00,2023-07-19 16:00:00+00:00,1689782400000,0.0001
2023-07-19 20:00:00+00:00,2023-07-19 16:00:00+00:00,1689782400000,0.0001
2023-07-20 00:00:00+00:00,2023-07-20 00:00:00+00:00,1689811200000,0.0001
2023-07-20 04:00:00+00:00,2023-07-20 00:00:00+00:00,1689811200000,0.0001
2023-07-20 08:00:00+00:00,2023-07-20 08:00:00+00:00,1689840000000,0.0001
2023-07-20 12:00:00+00:00,2023-07-20 08:00:00+00:00,1689840000000,0.0001
2023-07-20 16:00:00+00:00,2023-07-20 16:00:00+00:00,1689868800000,0.0001
2023-07-20 20:00:00+00:00,2023-07-20 16:00:00+00:00,1689868800000,0.0001
2023-07-21 00:00:00+00:00,2023-07-21 00:00:00+00:00,1689897600000,0.0001
2023-07-21 04:00:00+00:00,2023-07-21 00:00:00+00:00,1689897600000,0.0001
2023-07-21 08:00:00+00:00,2023-07-21 08:00:00+00:00,1689926400000,0.0001
2023-07-21 12:00:00+00:00,2023-07-21 08:00:00+00:00,1689926400000,0.0001
2023-07-21 16:00:00+00:00,2023-07-21 16:00:00+00:00,1689955200000,0.0001
2023-07-21 20:00:00+00:00,2023-07-21 16:00:00+00:00,1689955200000,0.0001
2023-07-22 00:00:00+00:00,2023-07-22 00:00:00+00:00,1689984000000,0.0001
2023-07-22 04:00:00+00:00,2023-07-22 00:00:00+00:00,1689984000000,0.0001
2023-07-22 08:00:00+00:00,2023-07-22 08:00:00+00:00,1690012800000,0.0001
2023-07-22 12:00:00+00:00,2023-07-22 08:00:00+00:00,1690012800000,0.0001
2023-07-22 16:00:00+00:00,2023-07-22 16:00:00+00:00,1690041600000,0.0001
2023-07-22 20:00:00+00:00,2023-07-22 16:00:00+00:00,1690041600000,0.0001
2023-07-23 00:00:00+00:00,2023-07-23 00:00:00+00:00,1690070400000,0.0001
2023-07-23 04:00:00+00:00,2023-07-23 00:00:00+00:00,1690070400000,0.0001
2023-07-23 08:00:00+00:00,2023-07-23 08:00:00+00:00,1690099200000,0.0001
2023-07-23 12:00:00+00:00,2023-07-23 08:00:00+00:00,1690099200000,0.0001
2023-07-23 16:00:00+00:00,2023-07-23 16:00:00+00:00,1690128000000,0.0001
2023-07-23 20:00:00+00:00,2023-07-23 16:00:00+00:00,1690128000000,0.0001
2023-07-24 00:00:00+00:00,2023-07-24 00:00:00+00:00,1690156800000,5.782e-05
2023-07-24 04:00:00+00:00,2023-07-24 00:00:00+00:00,1690156800000,5.782e-05
2023-07-24 08:00:00+00:00,2023-07-24 08:00:00+00:00,1690185600000,0.0001
2023-07-24 12:00:00+00:00,2023-07-24 08:00:00+00:00,1690185600000,0.0001
2023-07-24 16:00:00+00:00,2023-07-24 16:00:00+00:00,1690214400000,0.0001
2023-07-24 20:00:00+00:00,2023-07-24 16:00:00+00:00,1690214400000,0.0001
2023-07-25 00:00:00+00:00,2023-07-25 00:00:00+00:00,1690243200000,0.0001
2023-07-25 04:00:00+00:00,2023-07-25 00:00:00+00:00,1690243200000,0.0001
2023-07-25 08:00:00+00:00,2023-07-25 08:00:00+00:00,1690272000000,0.0001
2023-07-25 12:00:00+00:00,2023-07-25 08:00:00+00:00,1690272000000,0.0001
2023-07-25 16:00:00+00:00,2023-07-25 16:00:00+00:00,1690300800000,0.0001
2023-07-25 20:00:00+00:00,2023-07-25 16:00:00+00:00,1690300800000,0.0001
2023-07-26 00:00:00+00:00,2023-07-26 00:00:00+00:00,1690329600000,0.0001
2023-07-26 04:00:00+00:00,2023-07-26 00:00:00+00:00,1690329600000,0.0001
2023-07-26 08:00:00+00:00,2023-07-26 08:00:00+00:00,1690358400000,1.018e-05
2023-07-26 12:00:00+00:00,2023-07-26 08:00:00+00:00,1690358400000,1.018e-05
2023-07-26 16:00:00+00:00,2023-07-26 16:00:00+00:00,1690387200000,0.0001
2023-07-26 20:00:00+00:00,2023-07-26 16:00:00+00:00,1690387200000,0.0001
2023-07-27 00:00:00+00:00,2023-07-27 00:00:00+00:00,1690416000000,0.0001
2023-07-27 04:00:00+00:00,2023-07-27 00:00:00+00:00,1690416000000,0.0001
2023-07-27 08:00:00+00:00,2023-07-27 08:00:00+00:00,1690444800000,0.0001
2023-07-27 12:00:00+00:00,2023-07-27 08:00:00+00:00,1690444800000,0.0001
2023-07-27 16:00:00+00:00,2023-07-27 16:00:00+00:00,1690473600000,0.0001
2023-07-27 20:00:00+00:00,2023-07-27 16:00:00+00:00,1690473600000,0.0001
2023-07-28 00:00:00+00:00,2023-07-28 00:00:00+00:00,1690502400000,0.0001
2023-07-28 04:00:00+00:00,2023-07-28 00:00:00+00:00,1690502400000,0.0001
2023-07-28 08:00:00+00:00,2023-07-28 08:00:00+00:00,1690531200000,0.0001
2023-07-28 12:00:00+00:00,2023-07-28 08:00:00+00:00,1690531200000,0.0001
2023-07-28 16:00:00+00:00,2023-07-28 16:00:00+00:00,1690560000000,0.0001
2023-07-28 20:00:00+00:00,2023-07-28 16:00:00+00:00,1690560000000,0.0001
2023-07-29 00:00:00+00:00,2023-07-29 00:00:00+00:00,1690588800000,0.0001
2023-07-29 04:00:00+00:00,2023-07-29 00:00:00+00:00,1690588800000,0.0001
2023-07-29 08:00:00+00:00,2023-07-29 08:00:00+00:00,1690617600000,0.0001
2023-07-29 12:00:00+00:00,2023-07-29 08:00:00+00:00,1690617600000,0.0001
2023-07-29 16:00:00+00:00,2023-07-29 16:00:00+00:00,1690646400000,0.0001
2023-07-29 20:00:00+00:00,2023-07-29 16:00:00+00:00,1690646400000,0.0001
2023-07-30 00:00:00+00:00,2023-07-30 00:00:00+00:00,1690675200000,0.0001
2023-07-30 04:00:00+00:00,2023-07-30 00:00:00+00:00,1690675200000,0.0001
2023-07-30 08:00:00+00:00,2023-07-30 08:00:00+00:00,1690704000000,0.0001
2023-07-30 12:00:00+00:00,2023-07-30 08:00:00+00:00,1690704000000,0.0001
2023-07-30 16:00:00+00:00,2023-07-30 16:00:00+00:00,1690732800000,0.0001
2023-07-30 20:00:00+00:00,2023-07-30 16:00:00+00:00,1690732800000,0.0001
2023-07-31 00:00:00+00:00,2023-07-31 00:00:00+00:00,1690761600000,0.0001
2023-07-31 04:00:00+00:00,2023-07-31 00:00:00+00:00,1690761600000,0.0001
2023-07-31 08:00:00+00:00,2023-07-31 08:00:00+00:00,1690790400000,0.0001
2023-07-31 12:00:00+00:00,2023-07-31 08:00:00+00:00,1690790400000,0.0001
2023-07-31 16:00:00+00:00,2023-07-31 16:00:00+00:00,1690819200000,0.0001
2023-07-31 20:00:00+00:00,2023-07-31 16:00:00+00:00,1690819200000,0.0001
2023-08-01 00:00:00+00:00,2023-08-01 00:00:00+00:00,1690848000000,0.0001
2023-08-01 04:00:00+00:00,2023-08-01 00:00:00+00:00,1690848000000,0.0001
2023-08-01 08:00:00+00:00,2023-08-01 08:00:00+00:00,1690876800000,0.0001
2023-08-01 12:00:00+00:00,2023-08-01 08:00:00+00:00,1690876800000,0.0001
2023-08-01 16:00:00+00:00,2023-08-01 16:00:00+00:00,1690905600000,0.0001
2023-08-01 20:00:00+00:00,2023-08-01 16:00:00+00:00,1690905600000,0.0001
2023-08-02 00:00:00+00:00,2023-08-02 00:00:00+00:00,1690934400000,0.0001
2023-08-02 04:00:00+00:00,2023-08-02 00:00:00+00:00,1690934400000,0.0001
2023-08-02 08:00:00+00:00,2023-08-02 08:00:00+00:00,1690963200000,0.0001
2023-08-02 12:00:00+00:00,2023-08-02 08:00:00+00:00,1690963200000,0.0001
2023-08-02 16:00:00+00:00,2023-08-02 16:00:00+00:00,1690992000000,0.0001
2023-08-02 20:00:00+00:00,2023-08-02 16:00:00+00:00,1690992000000,0.0001
2023-08-03 00:00:00+00:00,2023-08-03 00:00:00+00:00,1691020800000,0.0001
2023-08-03 04:00:00+00:00,2023-08-03 00:00:00+00:00,1691020800000,0.0001
2023-08-03 08:00:00+00:00,2023-08-03 08:00:00+00:00,1691049600000,0.0001
2023-08-03 12:00:00+00:00,2023-08-03 08:00:00+00:00,1691049600000,0.0001
2023-08-03 16:00:00+00:00,2023-08-03 16:00:00+00:00,1691078400000,0.0001
2023-08-03 20:00:00+00:00,2023-08-03 16:00:00+00:00,1691078400000,0.0001
2023-08-04 00:00:00+00:00,2023-08-04 00:00:00+00:00,1691107200000,0.0001
2023-08-04 04:00:00+00:00,2023-08-04 00:00:00+00:00,1691107200000,0.0001
2023-08-04 08:00:00+00:00,2023-08-04 08:00:00+00:00,1691136000000,0.0001
2023-08-04 12:00:00+00:00,2023-08-04 08:00:00+00:00,1691136000000,0.0001
2023-08-04 16:00:00+00:00,2023-08-04 16:00:00+00:00,1691164800000,0.0001
2023-08-04 20:00:00+00:00,2023-08-04 16:00:00+00:00,1691164800000,0.0001
2023-08-05 00:00:00+00:00,2023-08-05 00:00:00+00:00,1691193600000,0.0001
2023-08-05 04:00:00+00:00,2023-08-05 00:00:00+00:00,1691193600000,0.0001
2023-08-05 08:00:00+00:00,2023-08-05 08:00:00+00:00,1691222400000,0.0001
2023-08-05 12:00:00+00:00,2023-08-05 08:00:00+00:00,1691222400000,0.0001
2023-08-05 16:00:00+00:00,2023-08-05 16:00:00+00:00,1691251200000,0.0001
2023-08-05 20:00:00+00:00,2023-08-05 16:00:00+00:00,1691251200000,0.0001
2023-08-06 00:00:00+00:00,2023-08-06 00:00:00+00:00,1691280000000,0.0001
2023-08-06 04:00:00+00:00,2023-08-06 00:00:00+00:00,1691280000000,0.0001
2023-08-06 08:00:00+00:00,2023-08-06 08:00:00+00:00,1691308800000,0.0001
2023-08-06 12:00:00+00:00,2023-08-06 08:00:00+00:00,1691308800000,0.0001
2023-08-06 16:00:00+00:00,2023-08-06 16:00:00+00:00,1691337600000,0.0001
2023-08-06 20:00:00+00:00,2023-08-06 16:00:00+00:00,1691337600000,0.0001
2023-08-07 00:00:00+00:00,2023-08-07 00:00:00+00:00,1691366400000,0.0001
2023-08-07 04:00:00+00:00,2023-08-07 00:00:00+00:00,1691366400000,0.0001
2023-08-07 08:00:00+00:00,2023-08-07 08:00:00+00:00,1691395200000,0.0001
2023-08-07 12:00:00+00:00,2023-08-07 08:00:00+00:00,1691395200000,0.0001
2023-08-07 16:00:00+00:00,2023-08-07 16:00:00+00:00,1691424000000,0.0001
2023-08-07 20:00:00+00:00,2023-08-07 16:00:00+00:00,1691424000000,0.0001
2023-08-08 00:00:00+00:00,2023-08-08 00:00:00+00:00,1691452800000,0.0001
2023-08-08 04:00:00+00:00,2023-08-08 00:00:00+00:00,1691452800000,0.0001
2023-08-08 08:00:00+00:00,2023-08-08 08:00:00+00:00,1691481600000,0.0001
2023-08-08 12:00:00+00:00,2023-08-08 08:00:00+00:00,1691481600000,0.0001
2023-08-08 16:00:00+00:00,2023-08-08 16:00:00+00:00,1691510400000,0.0001
2023-08-08 20:00:00+00:00,2023-08-08 16:00:00+00:00,1691510400000,0.0001
2023-08-09 00:00:00+00:00,2023-08-09 00:00:00+00:00,1691539200000,9.999e-05
2023-08-09 04:00:00+00:00,2023-08-09 00:00:00+00:00,1691539200000,9.999e-05
2023-08-09 08:00:00+00:00,2023-08-09 08:00:00+00:00,1691568000000,0.0001
2023-08-09 12:00:00+00:00,2023-08-09 08:00:00+00:00,1691568000000,0.0001
2023-08-09 16:00:00+00:00,2023-08-09 16:00:00+00:00,1691596800000,7.95e-05
2023-08-09 20:00:00+00:00,2023-08-09 16:00:00+00:00,1691596800000,7.95e-05
2023-08-10 00:00:00+00:00,2023-08-10 00:00:00+00:00,1691625600000,0.0001
2023-08-10 04:00:00+00:00,2023-08-10 00:00:00+00:00,1691625600000,0.0001
2023-08-10 08:00:00+00:00,2023-08-10 08:00:00+00:00,1691654400000,0.0001
2023-08-10 12:00:00+00:00,2023-08-10 08:00:00+00:00,1691654400000,0.0001
2023-08-10 16:00:00+00:00,2023-08-10 16:00:00+00:00,1691683200000,0.0001
2023-08-10 20:00:00+00:00,2023-08-10 16:00:00+00:00,1691683200000,0.0001
2023-08-11 00:00:00+00:00,2023-08-11 00:00:00+00:00,1691712000000,0.0001
2023-08-11 04:00:00+00:00,2023-08-11 00:00:00+00:00,1691712000000,0.0001
2023-08-11 08:00:00+00:00,2023-08-11 08:00:00+00:00,1691740800000,0.0001
2023-08-11 12:00:00+00:00,2023-08-11 08:00:00+00:00,1691740800000,0.0001
2023-08-11 16:00:00+00:00,2023-08-11 16:00:00+00:00,1691769600000,0.0001
2023-08-11 20:00:00+00:00,2023-08-11 16:00:00+00:00,1691769600000,0.0001
2023-08-12 00:00:00+00:00,2023-08-12 00:00:00+00:00,1691798400000,0.0001
2023-08-12 04:00:00+00:00,2023-08-12 00:00:00+00:00,1691798400000,0.0001
2023-08-12 08:00:00+00:00,2023-08-12 08:00:00+00:00,1691827200000,0.0001
2023-08-12 12:00:00+00:00,2023-08-12 08:00:00+00:00,1691827200000,0.0001
2023-08-12 16:00:00+00:00,2023-08-12 16:00:00+00:00,1691856000000,0.0001
2023-08-12 20:00:00+00:00,2023-08-12 16:00:00+00:00,1691856000000,0.0001
2023-08-13 00:00:00+00:00,2023-08-13 00:00:00+00:00,1691884800000,3.262e-05
2023-08-13 04:00:00+00:00,2023-08-13 00:00:00+00:00,1691884800000,3.262e-05
2023-08-13 08:00:00+00:00,2023-08-13 08:00:00+00:00,1691913600000,4.078e-05
2023-08-13 12:00:00+00:00,2023-08-13 08:00:00+00:00,1691913600000,4.078e-05
2023-08-13 16:00:00+00:00,2023-08-13 16:00:00+00:00,1691942400000,0.0001
2023-08-13 20:00:00+00:00,2023-08-13 16:00:00+00:00,1691942400000,0.0001
2023-08-14 00:00:00+00:00,2023-08-14 00:00:00+00:00,1691971200000,0.0001
2023-08-14 04:00:00+00:00,2023-08-14 00:00:00+00:00,1691971200000,0.0001
2023-08-14 08:00:00+00:00,2023-08-14 08:00:00+00:00,1692000000000,0.0001
2023-08-14 12:00:00+00:00,2023-08-14 08:00:00+00:00,1692000000000,0.0001
2023-08-14 16:00:00+00:00,2023-08-14 16:00:00+00:00,1692028800000,0.0001
2023-08-14 20:00:00+00:00,2023-08-14 16:00:00+00:00,1692028800000,0.0001
2023-08-15 00:00:00+00:00,2023-08-15 00:00:00+00:00,1692057600000,0.0001
2023-08-15 04:00:00+00:00,2023-08-15 00:00:00+00:00,1692057600000,0.0001
2023-08-15 08:00:00+00:00,2023-08-15 08:00:00+00:00,1692086400000,0.0001
2023-08-15 12:00:00+00:00,2023-08-15 08:00:00+00:00,1692086400000,0.0001
2023-08-15 16:00:00+00:00,2023-08-15 16:00:00+00:00,1692115200000,0.0001
2023-08-15 20:00:00+00:00,2023-08-15 16:00:00+00:00,1692115200000,0.0001
2023-08-16 00:00:00+00:00,2023-08-16 00:00:00+00:00,1692144000000,0.0001
2023-08-16 04:00:00+00:00,2023-08-16 00:00:00+00:00,1692144000000,0.0001
2023-08-16 08:00:00+00:00,2023-08-16 08:00:00+00:00,1692172800000,0.0001
2023-08-16 12:00:00+00:00,2023-08-16 08:00:00+00:00,1692172800000,0.0001
2023-08-16 16:00:00+00:00,2023-08-16 16:00:00+00:00,1692201600000,0.0001
2023-08-16 20:00:00+00:00,2023-08-16 16:00:00+00:00,1692201600000,0.0001
2023-08-17 00:00:00+00:00,2023-08-17 00:00:00+00:00,1692230400000,0.0001
2023-08-17 04:00:00+00:00,2023-08-17 00:00:00+00:00,1692230400000,0.0001
2023-08-17 08:00:00+00:00,2023-08-17 08:00:00+00:00,1692259200000,0.0001
2023-08-17 12:00:00+00:00,2023-08-17 08:00:00+00:00,1692259200000,0.0001
2023-08-17 16:00:00+00:00,2023-08-17 16:00:00+00:00,1692288000000,0.0001
2023-08-17 20:00:00+00:00,2023-08-17 16:00:00+00:00,1692288000000,0.0001
2023-08-18 00:00:00+00:00,2023-08-18 00:00:00+00:00,1692316800000,-6.35e-06
2023-08-18 04:00:00+00:00,2023-08-18 00:00:00+00:00,1692316800000,-6.35e-06
2023-08-18 08:00:00+00:00,2023-08-18 08:00:00+00:00,1692345600000,4.586e-05
2023-08-18 12:00:00+00:00,2023-08-18 08:00:00+00:00,1692345600000,4.586e-05
2023-08-18 16:00:00+00:00,2023-08-18 16:00:00+00:00,1692374400000,7.004e-05
2023-08-18 20:00:00+00:00,2023-08-18 16:00:00+00:00,1692374400000,7.004e-05
2023-08-19 00:00:00+00:00,2023-08-19 00:00:00+00:00,1692403200000,1.883e-05
2023-08-19 04:00:00+00:00,2023-08-19 00:00:00+00:00,1692403200000,1.883e-05
2023-08-19 08:00:00+00:00,2023-08-19 08:00:00+00:00,1692432000000,-2.096e-05
2023-08-19 12:00:00+00:00,2023-08-19 08:00:00+00:00,1692432000000,-2.096e-05
2023-08-19 16:00:00+00:00,2023-08-19 16:00:00+00:00,1692460800000,-4.653e-05
2023-08-19 20:00:00+00:00,2023-08-19 16:00:00+00:00,1692460800000,-4.653e-05
2023-08-20 00:00:00+00:00,2023-08-20 00:00:00+00:00,1692489600000,-6.926e-05
2023-08-20 04:00:00+00:00,2023-08-20 00:00:00+00:00,1692489600000,-6.926e-05
2023-08-20 08:00:00+00:00,2023-08-20 08:00:00+00:00,1692518400000,4.938e-05
2023-08-20 12:00:00+00:00,2023-08-20 08:00:00+00:00,1692518400000,4.938e-05
2023-08-20 16:00:00+00:00,2023-08-20 16:00:00+00:00,1692547200000,3.724e-05
2023-08-20 20:00:00+00:00,2023-08-20 16:00:00+00:00,1692547200000,3.724e-05
2023-08-21 00:00:00+00:00,2023-08-21 00:00:00+00:00,1692576000000,2.562e-05
2023-08-21 04:00:00+00:00,2023-08-21 00:00:00+00:00,1692576000000,2.562e-05
2023-08-21 08:00:00+00:00,2023-08-21 08:00:00+00:00,1692604800000,-4.231e-05
2023-08-21 12:00:00+00:00,2023-08-21 08:00:00+00:00,1692604800000,-4.231e-05
2023-08-21 16:00:00+00:00,2023-08-21 16:00:00+00:00,1692633600000,0.0001
2023-08-21 20:00:00+00:00,2023-08-21 16:00:00+00:00,1692633600000,0.0001
2023-08-22 00:00:00+00:00,2023-08-22 00:00:00+00:00,1692662400000,2.385e-05
2023-08-22 04:00:00+00:00,2023-08-22 00:00:00+00:00,1692662400000,2.385e-05
2023-08-22 08:00:00+00:00,2023-08-22 08:00:00+00:00,1692691200000,9.761e-05
2023-08-22 12:00:00+00:00,2023-08-22 08:00:00+00:00,1692691200000,9.761e-05
2023-08-22 16:00:00+00:00,2023-08-22 16:00:00+00:00,1692720000000,0.0001
2023-08-22 20:00:00+00:00,2023-08-22 16:00:00+00:00,1692720000000,0.0001
2023-08-23 00:00:00+00:00,2023-08-23 00:00:00+00:00,1692748800000,-3.097e-05
2023-08-23 04:00:00+00:00,2023-08-23 00:00:00+00:00,1692748800000,-3.097e-05
2023-08-23 08:00:00+00:00,2023-08-23 08:00:00+00:00,1692777600000,-0.00010072
2023-08-23 12:00:00+00:00,2023-08-23 08:00:00+00:00,1692777600000,-0.00010072
2023-08-23 16:00:00+00:00,2023-08-23 16:00:00+00:00,1692806400000,2.583e-05
2023-08-23 20:00:00+00:00,2023-08-23 16:00:00+00:00,1692806400000,2.583e-05
2023-08-24 00:00:00+00:00,2023-08-24 00:00:00+00:00,1692835200000,-0.00012651
2023-08-24 04:00:00+00:00,2023-08-24 00:00:00+00:00,1692835200000,-0.00012651
2023-08-24 08:00:00+00:00,2023-08-24 08:00:00+00:00,1692864000000,-0.00011176
2023-08-24 12:00:00+00:00,2023-08-24 08:00:00+00:00,1692864000000,-0.00011176
2023-08-24 16:00:00+00:00,2023-08-24 16:00:00+00:00,1692892800000,3.657e-05
2023-08-24 20:00:00+00:00,2023-08-24 16:00:00+00:00,1692892800000,3.657e-05
2023-08-25 00:00:00+00:00,2023-08-25 00:00:00+00:00,1692921600000,4.269e-05
2023-08-25 04:00:00+00:00,2023-08-25 00:00:00+00:00,1692921600000,4.269e-05
2023-08-25 08:00:00+00:00,2023-08-25 08:00:00+00:00,1692950400000,-2.51e-05
2023-08-25 12:00:00+00:00,2023-08-25 08:00:00+00:00,1692950400000,-2.51e-05
2023-08-25 16:00:00+00:00,2023-08-25 16:00:00+00:00,1692979200000,-4.186e-05
2023-08-25 20:00:00+00:00,2023-08-25 16:00:00+00:00,1692979200000,-4.186e-05
2023-08-26 00:00:00+00:00,2023-08-26 00:00:00+00:00,1693008000000,9.91e-05
2023-08-26 04:00:00+00:00,2023-08-26 00:00:00+00:00,1693008000000,9.91e-05
2023-08-26 08:00:00+00:00,2023-08-26 08:00:00+00:00,1693036800000,-9.45e-05
2023-08-26 12:00:00+00:00,2023-08-26 08:00:00+00:00,1693036800000,-9.45e-05
2023-08-26 16:00:00+00:00,2023-08-26 16:00:00+00:00,1693065600000,-5.899e-05
2023-08-26 20:00:00+00:00,2023-08-26 16:00:00+00:00,1693065600000,-5.899e-05
2023-08-27 00:00:00+00:00,2023-08-27 00:00:00+00:00,1693094400000,-0.00011985
2023-08-27 04:00:00+00:00,2023-08-27 00:00:00+00:00,1693094400000,-0.00011985
2023-08-27 08:00:00+00:00,2023-08-27 08:00:00+00:00,1693123200000,-4.054e-05
2023-08-27 12:00:00+00:00,2023-08-27 08:00:00+00:00,1693123200000,-4.054e-05
2023-08-27 16:00:00+00:00,2023-08-27 16:00:00+00:00,1693152000000,5.174e-05
2023-08-27 20:00:00+00:00,2023-08-27 16:00:00+00:00,1693152000000,5.174e-05
2023-08-28 00:00:00+00:00,2023-08-28 00:00:00+00:00,1693180800000,8.332e-05
2023-08-28 04:00:00+00:00,2023-08-28 00:00:00+00:00,1693180800000,8.332e-05
2023-08-28 08:00:00+00:00,2023-08-28 08:00:00+00:00,1693209600000,5.356e-05
2023-08-28 12:00:00+00:00,2023-08-28 08:00:00+00:00,1693209600000,5.356e-05
2023-08-28 16:00:00+00:00,2023-08-28 16:00:00+00:00,1693238400000,5.678e-05
2023-08-28 20:00:00+00:00,2023-08-28 16:00:00+00:00,1693238400000,5.678e-05
2023-08-29 00:00:00+00:00,2023-08-29 00:00:00+00:00,1693267200000,0.0001
2023-08-29 04:00:00+00:00,2023-08-29 00:00:00+00:00,1693267200000,0.0001
2023-08-29 08:00:00+00:00,2023-08-29 08:00:00+00:00,1693296000000,5.912e-05
2023-08-29 12:00:00+00:00,2023-08-29 08:00:00+00:00,1693296000000,5.912e-05
2023-08-29 16:00:00+00:00,2023-08-29 16:00:00+00:00,1693324800000,7.775e-05
2023-08-29 20:00:00+00:00,2023-08-29 16:00:00+00:00,1693324800000,7.775e-05
2023-08-30 00:00:00+00:00,2023-08-30 00:00:00+00:00,1693353600000,0.0001
2023-08-30 04:00:00+00:00,2023-08-30 00:00:00+00:00,1693353600000,0.0001
2023-08-30 08:00:00+00:00,2023-08-30 08:00:00+00:00,1693382400000,5.743e-05
2023-08-30 12:00:00+00:00,2023-08-30 08:00:00+00:00,1693382400000,5.743e-05
2023-08-30 16:00:00+00:00,2023-08-30 16:00:00+00:00,1693411200000,0.0001
2023-08-30 20:00:00+00:00,2023-08-30 16:00:00+00:00,1693411200000,0.0001
2023-08-31 00:00:00+00:00,2023-08-31 00:00:00+00:00,1693440000000,0.0001
2023-08-31 04:00:00+00:00,2023-08-31 00:00:00+00:00,1693440000000,0.0001
2023-08-31 08:00:00+00:00,2023-08-31 08:00:00+00:00,1693468800000,-2.141e-05
2023-08-31 12:00:00+00:00,2023-08-31 08:00:00+00:00,1693468800000,-2.141e-05
2023-08-31 16:00:00+00:00,2023-08-31 16:00:00+00:00,1693497600000,3.608e-05
2023-08-31 20:00:00+00:00,2023-08-31 16:00:00+00:00,1693497600000,3.608e-05
2023-09-01 00:00:00+00:00,2023-09-01 00:00:00+00:00,1693526400000,0.0001
2023-09-01 04:00:00+00:00,2023-09-01 00:00:00+00:00,1693526400000,0.0001
2023-09-01 08:00:00+00:00,2023-09-01 08:00:00+00:00,1693555200000,2.747e-05
2023-09-01 12:00:00+00:00,2023-09-01 08:00:00+00:00,1693555200000,2.747e-05
2023-09-01 16:00:00+00:00,2023-09-01 16:00:00+00:00,1693584000000,0.0001
2023-09-01 20:00:00+00:00,2023-09-01 16:00:00+00:00,1693584000000,0.0001
2023-09-02 00:00:00+00:00,2023-09-02 00:00:00+00:00,1693612800000,0.0001
2023-09-02 04:00:00+00:00,2023-09-02 00:00:00+00:00,1693612800000,0.0001
2023-09-02 08:00:00+00:00,2023-09-02 08:00:00+00:00,1693641600000,5.79e-06
2023-09-02 12:00:00+00:00,2023-09-02 08:00:00+00:00,1693641600000,5.79e-06
2023-09-02 16:00:00+00:00,2023-09-02 16:00:00+00:00,1693670400000,4.791e-05
2023-09-02 20:00:00+00:00,2023-09-02 16:00:00+00:00,1693670400000,4.791e-05
2023-09-03 00:00:00+00:00,2023-09-03 00:00:00+00:00,1693699200000,0.0001
2023-09-03 04:00:00+00:00,2023-09-03 00:00:00+00:00,1693699200000,0.0001
2023-09-03 08:00:00+00:00,2023-09-03 08:00:00+00:00,1693728000000,4.124e-05
2023-09-03 12:00:00+00:00,2023-09-03 08:00:00+00:00,1693728000000,4.124e-05
2023-09-03 16:00:00+00:00,2023-09-03 16:00:00+00:00,1693756800000,4.059e-05
2023-09-03 20:00:00+00:00,2023-09-03 16:00:00+00:00,1693756800000,4.059e-05
2023-09-04 00:00:00+00:00,2023-09-04 00:00:00+00:00,1693785600000,8.151e-05
2023-09-04 04:00:00+00:00,2023-09-04 00:00:00+00:00,1693785600000,8.151e-05
2023-09-04 08:00:00+00:00,2023-09-04 08:00:00+00:00,1693814400000,8.734e-05
2023-09-04 12:00:00+00:00,2023-09-04 08:00:00+00:00,1693814400000,8.734e-05
2023-09-04 16:00:00+00:00,2023-09-04 16:00:00+00:00,1693843200000,0.0001
2023-09-04 20:00:00+00:00,2023-09-04 16:00:00+00:00,1693843200000,0.0001
2023-09-05 00:00:00+00:00,2023-09-05 00:00:00+00:00,1693872000000,9.359e-05
2023-09-05 04:00:00+00:00,2023-09-05 00:00:00+00:00,1693872000000,9.359e-05
2023-09-05 08:00:00+00:00,2023-09-05 08:00:00+00:00,1693900800000,0.0001
2023-09-05 12:00:00+00:00,2023-09-05 08:00:00+00:00,1693900800000,0.0001
2023-09-05 16:00:00+00:00,2023-09-05 16:00:00+00:00,1693929600000,3.7e-05
2023-09-05 20:00:00+00:00,2023-09-05 16:00:00+00:00,1693929600000,3.7e-05
2023-09-06 00:00:00+00:00,2023-09-06 00:00:00+00:00,1693958400000,6.859e-05
2023-09-06 04:00:00+00:00,2023-09-06 00:00:00+00:00,1693958400000,6.859e-05
2023-09-06 08:00:00+00:00,2023-09-06 08:00:00+00:00,1693987200000,7.183e-05
2023-09-06 12:00:00+00:00,2023-09-06 08:00:00+00:00,1693987200000,7.183e-05
2023-09-06 16:00:00+00:00,2023-09-06 16:00:00+00:00,1694016000000,6.538e-05
2023-09-06 20:00:00+00:00,2023-09-06 16:00:00+00:00,1694016000000,6.538e-05
2023-09-07 00:00:00+00:00,2023-09-07 00:00:00+00:00,1694044800000,-9.35e-06
2023-09-07 04:00:00+00:00,2023-09-07 00:00:00+00:00,1694044800000,-9.35e-06
2023-09-07 08:00:00+00:00,2023-09-07 08:00:00+00:00,1694073600000,-9.17e-06
2023-09-07 12:00:00+00:00,2023-09-07 08:00:00+00:00,1694073600000,-9.17e-06
2023-09-07 16:00:00+00:00,2023-09-07 16:00:00+00:00,1694102400000,0.0001
2023-09-07 20:00:00+00:00,2023-09-07 16:00:00+00:00,1694102400000,0.0001
2023-09-08 00:00:00+00:00,2023-09-08 00:00:00+00:00,1694131200000,-0.00013451
2023-09-08 04:00:00+00:00,2023-09-08 00:00:00+00:00,1694131200000,-0.00013451
2023-09-08 08:00:00+00:00,2023-09-08 08:00:00+00:00,1694160000000,-0.00013966
2023-09-08 12:00:00+00:00,2023-09-08 08:00:00+00:00,1694160000000,-0.00013966
2023-09-08 16:00:00+00:00,2023-09-08 16:00:00+00:00,1694188800000,-0.00018266
2023-09-08 20:00:00+00:00,2023-09-08 16:00:00+00:00,1694188800000,-0.00018266
2023-09-09 00:00:00+00:00,2023-09-09 00:00:00+00:00,1694217600000,-2.965e-05
2023-09-09 04:00:00+00:00,2023-09-09 00:00:00+00:00,1694217600000,-2.965e-05
2023-09-09 08:00:00+00:00,2023-09-09 08:00:00+00:00,1694246400000,-0.00012307
2023-09-09 12:00:00+00:00,2023-09-09 08:00:00+00:00,1694246400000,-0.00012307
2023-09-09 16:00:00+00:00,2023-09-09 16:00:00+00:00,1694275200000,-0.0001628
2023-09-09 20:00:00+00:00,2023-09-09 16:00:00+00:00,1694275200000,-0.0001628
2023-09-10 00:00:00+00:00,2023-09-10 00:00:00+00:00,1694304000000,-5.829e-05
2023-09-10 04:00:00+00:00,2023-09-10 00:00:00+00:00,1694304000000,-5.829e-05
2023-09-10 08:00:00+00:00,2023-09-10 08:00:00+00:00,1694332800000,-0.00023972
2023-09-10 12:00:00+00:00,2023-09-10 08:00:00+00:00,1694332800000,-0.00023972
2023-09-10 16:00:00+00:00,2023-09-10 16:00:00+00:00,1694361600000,-0.0004693
2023-09-10 20:00:00+00:00,2023-09-10 16:00:00+00:00,1694361600000,-0.0004693
2023-09-11 00:00:00+00:00,2023-09-11 00:00:00+00:00,1694390400000,-0.00043486
2023-09-11 04:00:00+00:00,2023-09-11 00:00:00+00:00,1694390400000,-0.00043486
2023-09-11 08:00:00+00:00,2023-09-11 08:00:00+00:00,1694419200000,-0.00034922
2023-09-11 12:00:00+00:00,2023-09-11 08:00:00+00:00,1694419200000,-0.00034922
2023-09-11 16:00:00+00:00,2023-09-11 16:00:00+00:00,1694448000000,-5.435e-05
2023-09-11 20:00:00+00:00,2023-09-11 16:00:00+00:00,1694448000000,-5.435e-05
2023-09-12 00:00:00+00:00,2023-09-12 00:00:00+00:00,1694476800000,-8.68e-06
2023-09-12 04:00:00+00:00,2023-09-12 00:00:00+00:00,1694476800000,-8.68e-06
2023-09-12 08:00:00+00:00,2023-09-12 08:00:00+00:00,1694505600000,-8.886e-05
2023-09-12 12:00:00+00:00,2023-09-12 08:00:00+00:00,1694505600000,-8.886e-05
2023-09-12 16:00:00+00:00,2023-09-12 16:00:00+00:00,1694534400000,-6.807e-05
2023-09-12 20:00:00+00:00,2023-09-12 16:00:00+00:00,1694534400000,-6.807e-05
2023-09-13 00:00:00+00:00,2023-09-13 00:00:00+00:00,1694563200000,-6.031e-05
2023-09-13 04:00:00+00:00,2023-09-13 00:00:00+00:00,1694563200000,-6.031e-05
2023-09-13 08:00:00+00:00,2023-09-13 08:00:00+00:00,1694592000000,-8.079e-05
2023-09-13 12:00:00+00:00,2023-09-13 08:00:00+00:00,1694592000000,-8.079e-05
2023-09-13 16:00:00+00:00,2023-09-13 16:00:00+00:00,1694620800000,-8.532e-05
2023-09-13 20:00:00+00:00,2023-09-13 16:00:00+00:00,1694620800000,-8.532e-05
2023-09-14 00:00:00+00:00,2023-09-14 00:00:00+00:00,1694649600000,-0.00012558
2023-09-14 04:00:00+00:00,2023-09-14 00:00:00+00:00,1694649600000,-0.00012558
2023-09-14 08:00:00+00:00,2023-09-14 08:00:00+00:00,1694678400000,-7.27e-06
2023-09-14 12:00:00+00:00,2023-09-14 08:00:00+00:00,1694678400000,-7.27e-06
2023-09-14 16:00:00+00:00,2023-09-14 16:00:00+00:00,1694707200000,-0.00017465
2023-09-14 20:00:00+00:00,2023-09-14 16:00:00+00:00,1694707200000,-0.00017465
2023-09-15 00:00:00+00:00,2023-09-15 00:00:00+00:00,1694736000000,-0.00019788
2023-09-15 04:00:00+00:00,2023-09-15 00:00:00+00:00,1694736000000,-0.00019788
2023-09-15 08:00:00+00:00,2023-09-15 08:00:00+00:00,1694764800000,1.14e-05
2023-09-15 12:00:00+00:00,2023-09-15 08:00:00+00:00,1694764800000,1.14e-05
2023-09-15 16:00:00+00:00,2023-09-15 16:00:00+00:00,1694793600000,0.0001
2023-09-15 20:00:00+00:00,2023-09-15 16:00:00+00:00,1694793600000,0.0001
2023-09-16 00:00:00+00:00,2023-09-16 00:00:00+00:00,1694822400000,0.0001
2023-09-16 04:00:00+00:00,2023-09-16 00:00:00+00:00,1694822400000,0.0001
2023-09-16 08:00:00+00:00,2023-09-16 08:00:00+00:00,1694851200000,0.0001
2023-09-16 12:00:00+00:00,2023-09-16 08:00:00+00:00,1694851200000,0.0001
2023-09-16 16:00:00+00:00,2023-09-16 16:00:00+00:00,1694880000000,-0.00014607
2023-09-16 20:00:00+00:00,2023-09-16 16:00:00+00:00,1694880000000,-0.00014607
2023-09-17 00:00:00+00:00,2023-09-17 00:00:00+00:00,1694908800000,-0.00015206
2023-09-17 04:00:00+00:00,2023-09-17 00:00:00+00:00,1694908800000,-0.00015206
2023-09-17 08:00:00+00:00,2023-09-17 08:00:00+00:00,1694937600000,-0.00019805
2023-09-17 12:00:00+00:00,2023-09-17 08:00:00+00:00,1694937600000,-0.00019805
2023-09-17 16:00:00+00:00,2023-09-17 16:00:00+00:00,1694966400000,-6.628e-05
2023-09-17 20:00:00+00:00,2023-09-17 16:00:00+00:00,1694966400000,-6.628e-05
2023-09-18 00:00:00+00:00,2023-09-18 00:00:00+00:00,1694995200000,-0.00034163
2023-09-18 04:00:00+00:00,2023-09-18 00:00:00+00:00,1694995200000,-0.00034163
2023-09-18 08:00:00+00:00,2023-09-18 08:00:00+00:00,1695024000000,-7.429e-05
2023-09-18 12:00:00+00:00,2023-09-18 08:00:00+00:00,1695024000000,-7.429e-05
2023-09-18 16:00:00+00:00,2023-09-18 16:00:00+00:00,1695052800000,-0.00011114
2023-09-18 20:00:00+00:00,2023-09-18 16:00:00+00:00,1695052800000,-0.00011114
2023-09-19 00:00:00+00:00,2023-09-19 00:00:00+00:00,1695081600000,8.07e-06
2023-09-19 04:00:00+00:00,2023-09-19 00:00:00+00:00,1695081600000,8.07e-06
2023-09-19 08:00:00+00:00,2023-09-19 08:00:00+00:00,1695110400000,2.028e-05
2023-09-19 12:00:00+00:00,2023-09-19 08:00:00+00:00,1695110400000,2.028e-05
2023-09-19 16:00:00+00:00,2023-09-19 16:00:00+00:00,1695139200000,0.0001
2023-09-19 20:00:00+00:00,2023-09-19 16:00:00+00:00,1695139200000,0.0001
2023-09-20 00:00:00+00:00,2023-09-20 00:00:00+00:00,1695168000000,-6.043e-05
2023-09-20 04:00:00+00:00,2023-09-20 00:00:00+00:00,1695168000000,-6.043e-05
2023-09-20 08:00:00+00:00,2023-09-20 08:00:00+00:00,1695196800000,-0.00017573
2023-09-20 12:00:00+00:00,2023-09-20 08:00:00+00:00,1695196800000,-0.00017573
2023-09-20 16:00:00+00:00,2023-09-20 16:00:00+00:00,1695225600000,-6.438e-05
2023-09-20 20:00:00+00:00,2023-09-20 16:00:00+00:00,1695225600000,-6.438e-05
2023-09-21 00:00:00+00:00,2023-09-21 00:00:00+00:00,1695254400000,-0.0001318
2023-09-21 04:00:00+00:00,2023-09-21 00:00:00+00:00,1695254400000,-0.0001318
2023-09-21 08:00:00+00:00,2023-09-21 08:00:00+00:00,1695283200000,-4.996e-05
2023-09-21 12:00:00+00:00,2023-09-21 08:00:00+00:00,1695283200000,-4.996e-05
2023-09-21 16:00:00+00:00,2023-09-21 16:00:00+00:00,1695312000000,3.478e-05
2023-09-21 20:00:00+00:00,2023-09-21 16:00:00+00:00,1695312000000,3.478e-05
2023-09-22 00:00:00+00:00,2023-09-22 00:00:00+00:00,1695340800000,-9.919e-05
2023-09-22 04:00:00+00:00,2023-09-22 00:00:00+00:00,1695340800000,-9.919e-05
2023-09-22 08:00:00+00:00,2023-09-22 08:00:00+00:00,1695369600000,-5.998e-05
2023-09-22 12:00:00+00:00,2023-09-22 08:00:00+00:00,1695369600000,-5.998e-05
2023-09-22 16:00:00+00:00,2023-09-22 16:00:00+00:00,1695398400000,-5.91e-06
2023-09-22 20:00:00+00:00,2023-09-22 16:00:00+00:00,1695398400000,-5.91e-06
2023-09-23 00:00:00+00:00,2023-09-23 00:00:00+00:00,1695427200000,8.056e-05
2023-09-23 04:00:00+00:00,2023-09-23 00:00:00+00:00,1695427200000,8.056e-05
2023-09-23 08:00:00+00:00,2023-09-23 08:00:00+00:00,1695456000000,-3.231e-05
2023-09-23 12:00:00+00:00,2023-09-23 08:00:00+00:00,1695456000000,-3.231e-05
2023-09-23 16:00:00+00:00,2023-09-23 16:00:00+00:00,1695484800000,-2.841e-05
2023-09-23 20:00:00+00:00,2023-09-23 16:00:00+00:00,1695484800000,-2.841e-05
2023-09-24 00:00:00+00:00,2023-09-24 00:00:00+00:00,1695513600000,3.645e-05
2023-09-24 04:00:00+00:00,2023-09-24 00:00:00+00:00,1695513600000,3.645e-05
2023-09-24 08:00:00+00:00,2023-09-24 08:00:00+00:00,1695542400000,1.78e-05
2023-09-24 12:00:00+00:00,2023-09-24 08:00:00+00:00,1695542400000,1.78e-05
2023-09-24 16:00:00+00:00,2023-09-24 16:00:00+00:00,1695571200000,-8.004e-05
2023-09-24 20:00:00+00:00,2023-09-24 16:00:00+00:00,1695571200000,-8.004e-05
2023-09-25 00:00:00+00:00,2023-09-25 00:00:00+00:00,1695600000000,-4.18e-06
2023-09-25 04:00:00+00:00,2023-09-25 00:00:00+00:00,1695600000000,-4.18e-06
2023-09-25 08:00:00+00:00,2023-09-25 08:00:00+00:00,1695628800000,-4.982e-05
2023-09-25 12:00:00+00:00,2023-09-25 08:00:00+00:00,1695628800000,-4.982e-05
2023-09-25 16:00:00+00:00,2023-09-25 16:00:00+00:00,1695657600000,1.184e-05
2023-09-25 20:00:00+00:00,2023-09-25 16:00:00+00:00,1695657600000,1.184e-05
2023-09-26 00:00:00+00:00,2023-09-26 00:00:00+00:00,1695686400000,-5.996e-05
2023-09-26 04:00:00+00:00,2023-09-26 00:00:00+00:00,1695686400000,-5.996e-05
2023-09-26 08:00:00+00:00,2023-09-26 08:00:00+00:00,1695715200000,1.445e-05
2023-09-26 12:00:00+00:00,2023-09-26 08:00:00+00:00,1695715200000,1.445e-05
2023-09-26 16:00:00+00:00,2023-09-26 16:00:00+00:00,1695744000000,-5.185e-05
2023-09-26 20:00:00+00:00,2023-09-26 16:00:00+00:00,1695744000000,-5.185e-05
2023-09-27 00:00:00+00:00,2023-09-27 00:00:00+00:00,1695772800000,3.264e-05
2023-09-27 04:00:00+00:00,2023-09-27 00:00:00+00:00,1695772800000,3.264e-05
2023-09-27 08:00:00+00:00,2023-09-27 08:00:00+00:00,1695801600000,-4.877e-05
2023-09-27 12:00:00+00:00,2023-09-27 08:00:00+00:00,1695801600000,-4.877e-05
2023-09-27 16:00:00+00:00,2023-09-27 16:00:00+00:00,1695830400000,-0.00010151
2023-09-27 20:00:00+00:00,2023-09-27 16:00:00+00:00,1695830400000,-0.00010151
2023-09-28 00:00:00+00:00,2023-09-28 00:00:00+00:00,1695859200000,-0.0002612
2023-09-28 04:00:00+00:00,2023-09-28 00:00:00+00:00,1695859200000,-0.0002612
2023-09-28 08:00:00+00:00,2023-09-28 08:00:00+00:00,1695888000000,2.404e-05
2023-09-28 12:00:00+00:00,2023-09-28 08:00:00+00:00,1695888000000,2.404e-05
2023-09-28 16:00:00+00:00,2023-09-28 16:00:00+00:00,1695916800000,0.0001
2023-09-28 20:00:00+00:00,2023-09-28 16:00:00+00:00,1695916800000,0.0001
2023-09-29 00:00:00+00:00,2023-09-29 00:00:00+00:00,1695945600000,-4.728e-05
2023-09-29 04:00:00+00:00,2023-09-29 00:00:00+00:00,1695945600000,-4.728e-05
2023-09-29 08:00:00+00:00,2023-09-29 08:00:00+00:00,1695974400000,-2.735e-05
2023-09-29 12:00:00+00:00,2023-09-29 08:00:00+00:00,1695974400000,-2.735e-05
2023-09-29 16:00:00+00:00,2023-09-29 16:00:00+00:00,1696003200000,-0.00013427
2023-09-29 20:00:00+00:00,2023-09-29 16:00:00+00:00,1696003200000,-0.00013427
2023-09-30 00:00:00+00:00,2023-09-30 00:00:00+00:00,1696032000000,-0.00018463
2023-09-30 04:00:00+00:00,2023-09-30 00:00:00+00:00,1696032000000,-0.00018463
2023-09-30 08:00:00+00:00,2023-09-30 08:00:00+00:00,1696060800000,-0.00018239
2023-09-30 12:00:00+00:00,2023-09-30 08:00:00+00:00,1696060800000,-0.00018239
2023-09-30 16:00:00+00:00,2023-09-30 16:00:00+00:00,1696089600000,-0.00033098
2023-09-30 20:00:00+00:00,2023-09-30 16:00:00+00:00,1696089600000,-0.00033098
2023-10-01 00:00:00+00:00,2023-10-01 00:00:00+00:00,1696118400000,-0.00029601
2023-10-01 04:00:00+00:00,2023-10-01 00:00:00+00:00,1696118400000,-0.00029601
2023-10-01 08:00:00+00:00,2023-10-01 08:00:00+00:00,1696147200000,-0.00023158
2023-10-01 12:00:00+00:00,2023-10-01 08:00:00+00:00,1696147200000,-0.00023158
2023-10-01 16:00:00+00:00,2023-10-01 16:00:00+00:00,1696176000000,-6.046e-05
2023-10-01 20:00:00+00:00,2023-10-01 16:00:00+00:00,1696176000000,-6.046e-05
2023-10-02 00:00:00+00:00,2023-10-02 00:00:00+00:00,1696204800000,0.0001
2023-10-02 04:00:00+00:00,2023-10-02 00:00:00+00:00,1696204800000,0.0001
2023-10-02 08:00:00+00:00,2023-10-02 08:00:00+00:00,1696233600000,-1.37e-05
2023-10-02 12:00:00+00:00,2023-10-02 08:00:00+00:00,1696233600000,-1.37e-05
2023-10-02 16:00:00+00:00,2023-10-02 16:00:00+00:00,1696262400000,5.091e-05
2023-10-02 20:00:00+00:00,2023-10-02 16:00:00+00:00,1696262400000,5.091e-05
2023-10-03 00:00:00+00:00,2023-10-03 00:00:00+00:00,1696291200000,8.744e-05
2023-10-03 04:00:00+00:00,2023-10-03 00:00:00+00:00,1696291200000,8.744e-05
2023-10-03 08:00:00+00:00,2023-10-03 08:00:00+00:00,1696320000000,-0.00013281
2023-10-03 12:00:00+00:00,2023-10-03 08:00:00+00:00,1696320000000,-0.00013281
2023-10-03 16:00:00+00:00,2023-10-03 16:00:00+00:00,1696348800000,-0.00018324
2023-10-03 20:00:00+00:00,2023-10-03 16:00:00+00:00,1696348800000,-0.00018324
2023-10-04 00:00:00+00:00,2023-10-04 00:00:00+00:00,1696377600000,-0.00022998
2023-10-04 04:00:00+00:00,2023-10-04 00:00:00+00:00,1696377600000,-0.00022998
2023-10-04 08:00:00+00:00,2023-10-04 08:00:00+00:00,1696406400000,-0.00016904
2023-10-04 12:00:00+00:00,2023-10-04 08:00:00+00:00,1696406400000,-0.00016904
2023-10-04 16:00:00+00:00,2023-10-04 16:00:00+00:00,1696435200000,-7.415e-05
2023-10-04 20:00:00+00:00,2023-10-04 16:00:00+00:00,1696435200000,-7.415e-05
2023-10-05 00:00:00+00:00,2023-10-05 00:00:00+00:00,1696464000000,-0.00018062
2023-10-05 04:00:00+00:00,2023-10-05 00:00:00+00:00,1696464000000,-0.00018062
2023-10-05 08:00:00+00:00,2023-10-05 08:00:00+00:00,1696492800000,-0.00014206
2023-10-05 12:00:00+00:00,2023-10-05 08:00:00+00:00,1696492800000,-0.00014206
2023-10-05 16:00:00+00:00,2023-10-05 16:00:00+00:00,1696521600000,-0.00014707
2023-10-05 20:00:00+00:00,2023-10-05 16:00:00+00:00,1696521600000,-0.00014707
2023-10-06 00:00:00+00:00,2023-10-06 00:00:00+00:00,1696550400000,-0.00029899
2023-10-06 04:00:00+00:00,2023-10-06 00:00:00+00:00,1696550400000,-0.00029899
2023-10-06 08:00:00+00:00,2023-10-06 08:00:00+00:00,1696579200000,-3.661e-05
2023-10-06 12:00:00+00:00,2023-10-06 08:00:00+00:00,1696579200000,-3.661e-05
2023-10-06 16:00:00+00:00,2023-10-06 16:00:00+00:00,1696608000000,0.0001
2023-10-06 20:00:00+00:00,2023-10-06 16:00:00+00:00,1696608000000,0.0001
2023-10-07 00:00:00+00:00,2023-10-07 00:00:00+00:00,1696636800000,5.077e-05
2023-10-07 04:00:00+00:00,2023-10-07 00:00:00+00:00,1696636800000,5.077e-05
2023-10-07 08:00:00+00:00,2023-10-07 08:00:00+00:00,1696665600000,-4.74e-06
2023-10-07 12:00:00+00:00,2023-10-07 08:00:00+00:00,1696665600000,-4.74e-06
2023-10-07 16:00:00+00:00,2023-10-07 16:00:00+00:00,1696694400000,-0.0001938
2023-10-07 20:00:00+00:00,2023-10-07 16:00:00+00:00,1696694400000,-0.0001938
2023-10-08 00:00:00+00:00,2023-10-08 00:00:00+00:00,1696723200000,-0.00012493
2023-10-08 04:00:00+00:00,2023-10-08 00:00:00+00:00,1696723200000,-0.00012493
2023-10-08 08:00:00+00:00,2023-10-08 08:00:00+00:00,1696752000000,-9.546e-05
2023-10-08 12:00:00+00:00,2023-10-08 08:00:00+00:00,1696752000000,-9.546e-05
2023-10-08 16:00:00+00:00,2023-10-08 16:00:00+00:00,1696780800000,-0.00010768
2023-10-08 20:00:00+00:00,2023-10-08 16:00:00+00:00,1696780800000,-0.00010768
2023-10-09 00:00:00+00:00,2023-10-09 00:00:00+00:00,1696809600000,-9.224e-05
2023-10-09 04:00:00+00:00,2023-10-09 00:00:00+00:00,1696809600000,-9.224e-05
2023-10-09 08:00:00+00:00,2023-10-09 08:00:00+00:00,1696838400000,-0.00015372
2023-10-09 12:00:00+00:00,2023-10-09 08:00:00+00:00,1696838400000,-0.00015372
2023-10-09 16:00:00+00:00,2023-10-09 16:00:00+00:00,1696867200000,2.254e-05
2023-10-09 20:00:00+00:00,2023-10-09 16:00:00+00:00,1696867200000,2.254e-05
2023-10-10 00:00:00+00:00,2023-10-10 00:00:00+00:00,1696896000000,-0.00020141
2023-10-10 04:00:00+00:00,2023-10-10 00:00:00+00:00,1696896000000,-0.00020141
2023-10-10 08:00:00+00:00,2023-10-10 08:00:00+00:00,1696924800000,-0.00011124
2023-10-10 12:00:00+00:00,2023-10-10 08:00:00+00:00,1696924800000,-0.00011124
2023-10-10 16:00:00+00:00,2023-10-10 16:00:00+00:00,1696953600000,-7.243e-05
2023-10-10 20:00:00+00:00,2023-10-10 16:00:00+00:00,1696953600000,-7.243e-05
2023-10-11 00:00:00+00:00,2023-10-11 00:00:00+00:00,1696982400000,-4.572e-05
2023-10-11 04:00:00+00:00,2023-10-11 00:00:00+00:00,1696982400000,-4.572e-05
2023-10-11 08:00:00+00:00,2023-10-11 08:00:00+00:00,1697011200000,-0.00010279
2023-10-11 12:00:00+00:00,2023-10-11 08:00:00+00:00,1697011200000,-0.00010279
2023-10-11 16:00:00+00:00,2023-10-11 16:00:00+00:00,1697040000000,-9.393e-05
2023-10-11 20:00:00+00:00,2023-10-11 16:00:00+00:00,1697040000000,-9.393e-05
2023-10-12 00:00:00+00:00,2023-10-12 00:00:00+00:00,1697068800000,-3.983e-05
2023-10-12 04:00:00+00:00,2023-10-12 00:00:00+00:00,1697068800000,-3.983e-05
2023-10-12 08:00:00+00:00,2023-10-12 08:00:00+00:00,1697097600000,3.174e-05
2023-10-12 12:00:00+00:00,2023-10-12 08:00:00+00:00,1697097600000,3.174e-05
2023-10-12 16:00:00+00:00,2023-10-12 16:00:00+00:00,1697126400000,1.3e-06
2023-10-12 20:00:00+00:00,2023-10-12 16:00:00+00:00,1697126400000,1.3e-06
2023-10-13 00:00:00+00:00,2023-10-13 00:00:00+00:00,1697155200000,3.203e-05
2023-10-13 04:00:00+00:00,2023-10-13 00:00:00+00:00,1697155200000,3.203e-05
2023-10-13 08:00:00+00:00,2023-10-13 08:00:00+00:00,1697184000000,-7.65e-05
2023-10-13 12:00:00+00:00,2023-10-13 08:00:00+00:00,1697184000000,-7.65e-05
2023-10-13 16:00:00+00:00,2023-10-13 16:00:00+00:00,1697212800000,1.397e-05
2023-10-13 20:00:00+00:00,2023-10-13 16:00:00+00:00,1697212800000,1.397e-05
2023-10-14 00:00:00+00:00,2023-10-14 00:00:00+00:00,1697241600000,-0.00024628
2023-10-14 04:00:00+00:00,2023-10-14 00:00:00+00:00,1697241600000,-0.00024628
2023-10-14 08:00:00+00:00,2023-10-14 08:00:00+00:00,1697270400000,-0.00022008
2023-10-14 12:00:00+00:00,2023-10-14 08:00:00+00:00,1697270400000,-0.00022008
2023-10-14 16:00:00+00:00,2023-10-14 16:00:00+00:00,1697299200000,-6.747e-05
2023-10-14 20:00:00+00:00,2023-10-14 16:00:00+00:00,1697299200000,-6.747e-05
2023-10-15 00:00:00+00:00,2023-10-15 00:00:00+00:00,1697328000000,7.684e-05
2023-10-15 04:00:00+00:00,2023-10-15 00:00:00+00:00,1697328000000,7.684e-05
2023-10-15 08:00:00+00:00,2023-10-15 08:00:00+00:00,1697356800000,7.472e-05
2023-10-15 12:00:00+00:00,2023-10-15 08:00:00+00:00,1697356800000,7.472e-05
2023-10-15 16:00:00+00:00,2023-10-15 16:00:00+00:00,1697385600000,3.075e-05
2023-10-15 20:00:00+00:00,2023-10-15 16:00:00+00:00,1697385600000,3.075e-05
2023-10-16 00:00:00+00:00,2023-10-16 00:00:00+00:00,1697414400000,9.581e-05
2023-10-16 04:00:00+00:00,2023-10-16 00:00:00+00:00,1697414400000,9.581e-05
2023-10-16 08:00:00+00:00,2023-10-16 08:00:00+00:00,1697443200000,2.194e-05
2023-10-16 12:00:00+00:00,2023-10-16 08:00:00+00:00,1697443200000,2.194e-05
2023-10-16 16:00:00+00:00,2023-10-16 16:00:00+00:00,1697472000000,-0.00016165
2023-10-16 20:00:00+00:00,2023-10-16 16:00:00+00:00,1697472000000,-0.00016165
2023-10-17 00:00:00+00:00,2023-10-17 00:00:00+00:00,1697500800000,0.0001
2023-10-17 04:00:00+00:00,2023-10-17 00:00:00+00:00,1697500800000,0.0001
2023-10-17 08:00:00+00:00,2023-10-17 08:00:00+00:00,1697529600000,-0.00012542
2023-10-17 12:00:00+00:00,2023-10-17 08:00:00+00:00,1697529600000,-0.00012542
2023-10-17 16:00:00+00:00,2023-10-17 16:00:00+00:00,1697558400000,-2.288e-05
2023-10-17 20:00:00+00:00,2023-10-17 16:00:00+00:00,1697558400000,-2.288e-05
2023-10-18 00:00:00+00:00,2023-10-18 00:00:00+00:00,1697587200000,6.827e-05
2023-10-18 04:00:00+00:00,2023-10-18 00:00:00+00:00,1697587200000,6.827e-05
2023-10-18 08:00:00+00:00,2023-10-18 08:00:00+00:00,1697616000000,9.335e-05
2023-10-18 12:00:00+00:00,2023-10-18 08:00:00+00:00,1697616000000,9.335e-05
2023-10-18 16:00:00+00:00,2023-10-18 16:00:00+00:00,1697644800000,2.714e-05
2023-10-18 20:00:00+00:00,2023-10-18 16:00:00+00:00,1697644800000,2.714e-05
2023-10-19 00:00:00+00:00,2023-10-19 00:00:00+00:00,1697673600000,0.0001
2023-10-19 04:00:00+00:00,2023-10-19 00:00:00+00:00,1697673600000,0.0001
2023-10-19 08:00:00+00:00,2023-10-19 08:00:00+00:00,1697702400000,6.558e-05
2023-10-19 12:00:00+00:00,2023-10-19 08:00:00+00:00,1697702400000,6.558e-05
2023-10-19 16:00:00+00:00,2023-10-19 16:00:00+00:00,1697731200000,-9.585e-05
2023-10-19 20:00:00+00:00,2023-10-19 16:00:00+00:00,1697731200000,-9.585e-05
2023-10-20 00:00:00+00:00,2023-10-20 00:00:00+00:00,1697760000000,0.0001
2023-10-20 04:00:00+00:00,2023-10-20 00:00:00+00:00,1697760000000,0.0001
2023-10-20 08:00:00+00:00,2023-10-20 08:00:00+00:00,1697788800000,-0.00047863
2023-10-20 12:00:00+00:00,2023-10-20 08:00:00+00:00,1697788800000,-0.00047863
2023-10-20 16:00:00+00:00,2023-10-20 16:00:00+00:00,1697817600000,-9.71e-05
2023-10-20 20:00:00+00:00,2023-10-20 16:00:00+00:00,1697817600000,-9.71e-05
2023-10-21 00:00:00+00:00,2023-10-21 00:00:00+00:00,1697846400000,-2.285e-05
2023-10-21 04:00:00+00:00,2023-10-21 00:00:00+00:00,1697846400000,-2.285e-05
2023-10-21 08:00:00+00:00,2023-10-21 08:00:00+00:00,1697875200000,-0.00014248
2023-10-21 12:00:00+00:00,2023-10-21 08:00:00+00:00,1697875200000,-0.00014248
2023-10-21 16:00:00+00:00,2023-10-21 16:00:00+00:00,1697904000000,2.078e-05
2023-10-21 20:00:00+00:00,2023-10-21 16:00:00+00:00,1697904000000,2.078e-05
2023-10-22 00:00:00+00:00,2023-10-22 00:00:00+00:00,1697932800000,-5.418e-05
2023-10-22 04:00:00+00:00,2023-10-22 00:00:00+00:00,1697932800000,-5.418e-05
2023-10-22 08:00:00+00:00,2023-10-22 08:00:00+00:00,1697961600000,8.95e-05
2023-10-22 12:00:00+00:00,2023-10-22 08:00:00+00:00,1697961600000,8.95e-05
2023-10-22 16:00:00+00:00,2023-10-22 16:00:00+00:00,1697990400000,0.0001
2023-10-22 20:00:00+00:00,2023-10-22 16:00:00+00:00,1697990400000,0.0001
2023-10-23 00:00:00+00:00,2023-10-23 00:00:00+00:00,1698019200000,7.33e-06
2023-10-23 04:00:00+00:00,2023-10-23 00:00:00+00:00,1698019200000,7.33e-06
2023-10-23 08:00:00+00:00,2023-10-23 08:00:00+00:00,1698048000000,-6.15e-06
2023-10-23 12:00:00+00:00,2023-10-23 08:00:00+00:00,1698048000000,-6.15e-06
2023-10-23 16:00:00+00:00,2023-10-23 16:00:00+00:00,1698076800000,0.0001
2023-10-23 20:00:00+00:00,2023-10-23 16:00:00+00:00,1698076800000,0.0001
2023-10-24 00:00:00+00:00,2023-10-24 00:00:00+00:00,1698105600000,1.067e-05
2023-10-24 04:00:00+00:00,2023-10-24 00:00:00+00:00,1698105600000,1.067e-05
2023-10-24 08:00:00+00:00,2023-10-24 08:00:00+00:00,1698134400000,0.0001
2023-10-24 12:00:00+00:00,2023-10-24 08:00:00+00:00,1698134400000,0.0001
2023-10-24 16:00:00+00:00,2023-10-24 16:00:00+00:00,1698163200000,0.0001
2023-10-24 20:00:00+00:00,2023-10-24 16:00:00+00:00,1698163200000,0.0001
2023-10-25 00:00:00+00:00,2023-10-25 00:00:00+00:00,1698192000000,0.0001
2023-10-25 04:00:00+00:00,2023-10-25 00:00:00+00:00,1698192000000,0.0001
2023-10-25 08:00:00+00:00,2023-10-25 08:00:00+00:00,1698220800000,0.0001
2023-10-25 12:00:00+00:00,2023-10-25 08:00:00+00:00,1698220800000,0.0001
2023-10-25 16:00:00+00:00,2023-10-25 16:00:00+00:00,1698249600000,0.0001
2023-10-25 20:00:00+00:00,2023-10-25 16:00:00+00:00,1698249600000,0.0001
2023-10-26 00:00:00+00:00,2023-10-26 00:00:00+00:00,1698278400000,0.0001
2023-10-26 04:00:00+00:00,2023-10-26 00:00:00+00:00,1698278400000,0.0001
2023-10-26 08:00:00+00:00,2023-10-26 08:00:00+00:00,1698307200000,0.0001
2023-10-26 12:00:00+00:00,2023-10-26 08:00:00+00:00,1698307200000,0.0001
2023-10-26 16:00:00+00:00,2023-10-26 16:00:00+00:00,1698336000000,0.0001
2023-10-26 20:00:00+00:00,2023-10-26 16:00:00+00:00,1698336000000,0.0001
2023-10-27 00:00:00+00:00,2023-10-27 00:00:00+00:00,1698364800000,0.0001
2023-10-27 04:00:00+00:00,2023-10-27 00:00:00+00:00,1698364800000,0.0001
2023-10-27 08:00:00+00:00,2023-10-27 08:00:00+00:00,1698393600000,0.0001
2023-10-27 12:00:00+00:00,2023-10-27 08:00:00+00:00,1698393600000,0.0001
2023-10-27 16:00:00+00:00,2023-10-27 16:00:00+00:00,1698422400000,0.0001
2023-10-27 20:00:00+00:00,2023-10-27 16:00:00+00:00,1698422400000,0.0001
2023-10-28 00:00:00+00:00,2023-10-28 00:00:00+00:00,1698451200000,0.0001
2023-10-28 04:00:00+00:00,2023-10-28 00:00:00+00:00,1698451200000,0.0001
2023-10-28 08:00:00+00:00,2023-10-28 08:00:00+00:00,1698480000000,0.0001
2023-10-28 12:00:00+00:00,2023-10-28 08:00:00+00:00,1698480000000,0.0001
2023-10-28 16:00:00+00:00,2023-10-28 16:00:00+00:00,1698508800000,0.0001
2023-10-28 20:00:00+00:00,2023-10-28 16:00:00+00:00,1698508800000,0.0001
2023-10-29 00:00:00+00:00,2023-10-29 00:00:00+00:00,1698537600000,0.0001
2023-10-29 04:00:00+00:00,2023-10-29 00:00:00+00:00,1698537600000,0.0001
2023-10-29 08:00:00+00:00,2023-10-29 08:00:00+00:00,1698566400000,0.0001
2023-10-29 12:00:00+00:00,2023-10-29 08:00:00+00:00,1698566400000,0.0001
2023-10-29 16:00:00+00:00,2023-10-29 16:00:00+00:00,1698595200000,0.0001
2023-10-29 20:00:00+00:00,2023-10-29 16:00:00+00:00,1698595200000,0.0001
2023-10-30 00:00:00+00:00,2023-10-30 00:00:00+00:00,1698624000000,0.0001
2023-10-30 04:00:00+00:00,2023-10-30 00:00:00+00:00,1698624000000,0.0001
2023-10-30 08:00:00+00:00,2023-10-30 08:00:00+00:00,1698652800000,0.0001
2023-10-30 12:00:00+00:00,2023-10-30 08:00:00+00:00,1698652800000,0.0001
2023-10-30 16:00:00+00:00,2023-10-30 16:00:00+00:00,1698681600000,0.0001
2023-10-30 20:00:00+00:00,2023-10-30 16:00:00+00:00,1698681600000,0.0001
2023-10-31 00:00:00+00:00,2023-10-31 00:00:00+00:00,1698710400000,0.00024299
2023-10-31 04:00:00+00:00,2023-10-31 00:00:00+00:00,1698710400000,0.00024299
2023-10-31 08:00:00+00:00,2023-10-31 08:00:00+00:00,1698739200000,0.0001
2023-10-31 12:00:00+00:00,2023-10-31 08:00:00+00:00,1698739200000,0.0001
2023-10-31 16:00:00+00:00,2023-10-31 16:00:00+00:00,1698768000000,0.0001
2023-10-31 20:00:00+00:00,2023-10-31 16:00:00+00:00,1698768000000,0.0001
2023-11-01 00:00:00+00:00,2023-11-01 00:00:00+00:00,1698796800000,0.0001
2023-11-01 04:00:00+00:00,2023-11-01 00:00:00+00:00,1698796800000,0.0001
2023-11-01 08:00:00+00:00,2023-11-01 08:00:00+00:00,1698825600000,3.923e-05
2023-11-01 12:00:00+00:00,2023-11-01 08:00:00+00:00,1698825600000,3.923e-05
2023-11-01 16:00:00+00:00,2023-11-01 16:00:00+00:00,1698854400000,-0.0002801
2023-11-01 20:00:00+00:00,2023-11-01 16:00:00+00:00,1698854400000,-0.0002801
2023-11-02 00:00:00+00:00,2023-11-02 00:00:00+00:00,1698883200000,0.0001
2023-11-02 04:00:00+00:00,2023-11-02 00:00:00+00:00,1698883200000,0.0001
2023-11-02 08:00:00+00:00,2023-11-02 08:00:00+00:00,1698912000000,0.0001
2023-11-02 12:00:00+00:00,2023-11-02 08:00:00+00:00,1698912000000,0.0001
2023-11-02 16:00:00+00:00,2023-11-02 16:00:00+00:00,1698940800000,0.0001
2023-11-02 20:00:00+00:00,2023-11-02 16:00:00+00:00,1698940800000,0.0001
2023-11-03 00:00:00+00:00,2023-11-03 00:00:00+00:00,1698969600000,0.0001
2023-11-03 04:00:00+00:00,2023-11-03 00:00:00+00:00,1698969600000,0.0001
2023-11-03 08:00:00+00:00,2023-11-03 08:00:00+00:00,1698998400000,0.0001
2023-11-03 12:00:00+00:00,2023-11-03 08:00:00+00:00,1698998400000,0.0001
2023-11-03 16:00:00+00:00,2023-11-03 16:00:00+00:00,1699027200000,0.0001
2023-11-03 20:00:00+00:00,2023-11-03 16:00:00+00:00,1699027200000,0.0001
2023-11-04 00:00:00+00:00,2023-11-04 00:00:00+00:00,1699056000000,0.0001
2023-11-04 04:00:00+00:00,2023-11-04 00:00:00+00:00,1699056000000,0.0001
2023-11-04 08:00:00+00:00,2023-11-04 08:00:00+00:00,1699084800000,0.0001
2023-11-04 12:00:00+00:00,2023-11-04 08:00:00+00:00,1699084800000,0.0001
2023-11-04 16:00:00+00:00,2023-11-04 16:00:00+00:00,1699113600000,0.0001
2023-11-04 20:00:00+00:00,2023-11-04 16:00:00+00:00,1699113600000,0.0001
2023-11-05 00:00:00+00:00,2023-11-05 00:00:00+00:00,1699142400000,0.0001
2023-11-05 04:00:00+00:00,2023-11-05 00:00:00+00:00,1699142400000,0.0001
2023-11-05 08:00:00+00:00,2023-11-05 08:00:00+00:00,1699171200000,0.0001
2023-11-05 12:00:00+00:00,2023-11-05 08:00:00+00:00,1699171200000,0.0001
2023-11-05 16:00:00+00:00,2023-11-05 16:00:00+00:00,1699200000000,0.0001
2023-11-05 20:00:00+00:00,2023-11-05 16:00:00+00:00,1699200000000,0.0001
2023-11-06 00:00:00+00:00,2023-11-06 00:00:00+00:00,1699228800000,0.0001
2023-11-06 04:00:00+00:00,2023-11-06 00:00:00+00:00,1699228800000,0.0001
2023-11-06 08:00:00+00:00,2023-11-06 08:00:00+00:00,1699257600000,0.0001
2023-11-06 12:00:00+00:00,2023-11-06 08:00:00+00:00,1699257600000,0.0001
2023-11-06 16:00:00+00:00,2023-11-06 16:00:00+00:00,1699286400000,0.0001
2023-11-06 20:00:00+00:00,2023-11-06 16:00:00+00:00,1699286400000,0.0001
2023-11-07 00:00:00+00:00,2023-11-07 00:00:00+00:00,1699315200000,0.0001
2023-11-07 04:00:00+00:00,2023-11-07 00:00:00+00:00,1699315200000,0.0001
2023-11-07 08:00:00+00:00,2023-11-07 08:00:00+00:00,1699344000000,0.00010231
2023-11-07 12:00:00+00:00,2023-11-07 08:00:00+00:00,1699344000000,0.00010231
2023-11-07 16:00:00+00:00,2023-11-07 16:00:00+00:00,1699372800000,0.00022263
2023-11-07 20:00:00+00:00,2023-11-07 16:00:00+00:00,1699372800000,0.00022263
2023-11-08 00:00:00+00:00,2023-11-08 00:00:00+00:00,1699401600000,0.00023144
2023-11-08 04:00:00+00:00,2023-11-08 00:00:00+00:00,1699401600000,0.00023144
2023-11-08 08:00:00+00:00,2023-11-08 08:00:00+00:00,1699430400000,0.00013513
2023-11-08 12:00:00+00:00,2023-11-08 08:00:00+00:00,1699430400000,0.00013513
2023-11-08 16:00:00+00:00,2023-11-08 16:00:00+00:00,1699459200000,0.00012199
2023-11-08 20:00:00+00:00,2023-11-08 16:00:00+00:00,1699459200000,0.00012199
2023-11-09 00:00:00+00:00,2023-11-09 00:00:00+00:00,1699488000000,0.0001
2023-11-09 04:00:00+00:00,2023-11-09 00:00:00+00:00,1699488000000,0.0001
2023-11-09 08:00:00+00:00,2023-11-09 08:00:00+00:00,1699516800000,0.0001
2023-11-09 12:00:00+00:00,2023-11-09 08:00:00+00:00,1699516800000,0.0001
2023-11-09 16:00:00+00:00,2023-11-09 16:00:00+00:00,1699545600000,0.00037712
2023-11-09 20:00:00+00:00,2023-11-09 16:00:00+00:00,1699545600000,0.00037712
2023-11-10 00:00:00+00:00,2023-11-10 00:00:00+00:00,1699574400000,0.0001
2023-11-10 04:00:00+00:00,2023-11-10 00:00:00+00:00,1699574400000,0.0001
2023-11-10 08:00:00+00:00,2023-11-10 08:00:00+00:00,1699603200000,0.00032591
2023-11-10 12:00:00+00:00,2023-11-10 08:00:00+00:00,1699603200000,0.00032591
2023-11-10 16:00:00+00:00,2023-11-10 16:00:00+00:00,1699632000000,0.00037462
2023-11-10 20:00:00+00:00,2023-11-10 16:00:00+00:00,1699632000000,0.00037462
2023-11-11 00:00:00+00:00,2023-11-11 00:00:00+00:00,1699660800000,0.00037488
2023-11-11 04:00:00+00:00,2023-11-11 00:00:00+00:00,1699660800000,0.00037488
2023-11-11 08:00:00+00:00,2023-11-11 08:00:00+00:00,1699689600000,0.00010513
2023-11-11 12:00:00+00:00,2023-11-11 08:00:00+00:00,1699689600000,0.00010513
2023-11-11 16:00:00+00:00,2023-11-11 16:00:00+00:00,1699718400000,0.0004134
2023-11-11 20:00:00+00:00,2023-11-11 16:00:00+00:00,1699718400000,0.0004134
2023-11-12 00:00:00+00:00,2023-11-12 00:00:00+00:00,1699747200000,0.00074509
2023-11-12 04:00:00+00:00,2023-11-12 00:00:00+00:00,1699747200000,0.00074509
2023-11-12 08:00:00+00:00,2023-11-12 08:00:00+00:00,1699776000000,0.00031197
2023-11-12 12:00:00+00:00,2023-11-12 08:00:00+00:00,1699776000000,0.00031197
2023-11-12 16:00:00+00:00,2023-11-12 16:00:00+00:00,1699804800000,0.00027403
2023-11-12 20:00:00+00:00,2023-11-12 16:00:00+00:00,1699804800000,0.00027403
2023-11-13 00:00:00+00:00,2023-11-13 00:00:00+00:00,1699833600000,0.00059242
2023-11-13 04:00:00+00:00,2023-11-13 00:00:00+00:00,1699833600000,0.00059242
2023-11-13 08:00:00+00:00,2023-11-13 08:00:00+00:00,1699862400000,0.00027243
2023-11-13 12:00:00+00:00,2023-11-13 08:00:00+00:00,1699862400000,0.00027243
2023-11-13 16:00:00+00:00,2023-11-13 16:00:00+00:00,1699891200000,0.00010546
2023-11-13 20:00:00+00:00,2023-11-13 16:00:00+00:00,1699891200000,0.00010546
2023-11-14 00:00:00+00:00,2023-11-14 00:00:00+00:00,1699920000000,0.00057048
2023-11-14 04:00:00+00:00,2023-11-14 00:00:00+00:00,1699920000000,0.00057048
2023-11-14 08:00:00+00:00,2023-11-14 08:00:00+00:00,1699948800000,0.00012318
2023-11-14 12:00:00+00:00,2023-11-14 08:00:00+00:00,1699948800000,0.00012318
2023-11-14 16:00:00+00:00,2023-11-14 16:00:00+00:00,1699977600000,0.0001
2023-11-14 20:00:00+00:00,2023-11-14 16:00:00+00:00,1699977600000,0.0001
2023-11-15 00:00:00+00:00,2023-11-15 00:00:00+00:00,1700006400000,0.00013997
2023-11-15 04:00:00+00:00,2023-11-15 00:00:00+00:00,1700006400000,0.00013997
2023-11-15 08:00:00+00:00,2023-11-15 08:00:00+00:00,1700035200000,0.00014957
2023-11-15 12:00:00+00:00,2023-11-15 08:00:00+00:00,1700035200000,0.00014957
2023-11-15 16:00:00+00:00,2023-11-15 16:00:00+00:00,1700064000000,0.0001
2023-11-15 20:00:00+00:00,2023-11-15 16:00:00+00:00,1700064000000,0.0001
2023-11-16 00:00:00+00:00,2023-11-16 00:00:00+00:00,1700092800000,0.00022081
2023-11-16 04:00:00+00:00,2023-11-16 00:00:00+00:00,1700092800000,0.00022081
2023-11-16 08:00:00+00:00,2023-11-16 08:00:00+00:00,1700121600000,0.00019754
2023-11-16 12:00:00+00:00,2023-11-16 08:00:00+00:00,1700121600000,0.00019754
2023-11-16 16:00:00+00:00,2023-11-16 16:00:00+00:00,1700150400000,0.00027469
2023-11-16 20:00:00+00:00,2023-11-16 16:00:00+00:00,1700150400000,0.00027469
2023-11-17 00:00:00+00:00,2023-11-17 00:00:00+00:00,1700179200000,0.0001419
2023-11-17 04:00:00+00:00,2023-11-17 00:00:00+00:00,1700179200000,0.0001419
2023-11-17 08:00:00+00:00,2023-11-17 08:00:00+00:00,1700208000000,0.0001
2023-11-17 12:00:00+00:00,2023-11-17 08:00:00+00:00,1700208000000,0.0001
2023-11-17 16:00:00+00:00,2023-11-17 16:00:00+00:00,1700236800000,0.0001
2023-11-17 20:00:00+00:00,2023-11-17 16:00:00+00:00,1700236800000,0.0001
2023-11-18 00:00:00+00:00,2023-11-18 00:00:00+00:00,1700265600000,0.0001
2023-11-18 04:00:00+00:00,2023-11-18 00:00:00+00:00,1700265600000,0.0001
2023-11-18 08:00:00+00:00,2023-11-18 08:00:00+00:00,1700294400000,0.0001
2023-11-18 12:00:00+00:00,2023-11-18 08:00:00+00:00,1700294400000,0.0001
2023-11-18 16:00:00+00:00,2023-11-18 16:00:00+00:00,1700323200000,0.0001
2023-11-18 20:00:00+00:00,2023-11-18 16:00:00+00:00,1700323200000,0.0001
2023-11-19 00:00:00+00:00,2023-11-19 00:00:00+00:00,1700352000000,0.0001
2023-11-19 04:00:00+00:00,2023-11-19 00:00:00+00:00,1700352000000,0.0001
2023-11-19 08:00:00+00:00,2023-11-19 08:00:00+00:00,1700380800000,0.0001
2023-11-19 12:00:00+00:00,2023-11-19 08:00:00+00:00,1700380800000,0.0001
2023-11-19 16:00:00+00:00,2023-11-19 16:00:00+00:00,1700409600000,0.0001
2023-11-19 20:00:00+00:00,2023-11-19 16:00:00+00:00,1700409600000,0.0001
2023-11-20 00:00:00+00:00,2023-11-20 00:00:00+00:00,1700438400000,0.0001
2023-11-20 04:00:00+00:00,2023-11-20 00:00:00+00:00,1700438400000,0.0001
2023-11-20 08:00:00+00:00,2023-11-20 08:00:00+00:00,1700467200000,0.0001
2023-11-20 12:00:00+00:00,2023-11-20 08:00:00+00:00,1700467200000,0.0001
2023-11-20 16:00:00+00:00,2023-11-20 16:00:00+00:00,1700496000000,0.0001
2023-11-20 20:00:00+00:00,2023-11-20 16:00:00+00:00,1700496000000,0.0001
2023-11-21 00:00:00+00:00,2023-11-21 00:00:00+00:00,1700524800000,0.0001
2023-11-21 04:00:00+00:00,2023-11-21 00:00:00+00:00,1700524800000,0.0001
2023-11-21 08:00:00+00:00,2023-11-21 08:00:00+00:00,1700553600000,0.0001
2023-11-21 12:00:00+00:00,2023-11-21 08:00:00+00:00,1700553600000,0.0001
2023-11-21 16:00:00+00:00,2023-11-21 16:00:00+00:00,1700582400000,0.0001
2023-11-21 20:00:00+00:00,2023-11-21 16:00:00+00:00,1700582400000,0.0001
2023-11-22 00:00:00+00:00,2023-11-22 00:00:00+00:00,1700611200000,0.0001
2023-11-22 04:00:00+00:00,2023-11-22 00:00:00+00:00,1700611200000,0.0001
2023-11-22 08:00:00+00:00,2023-11-22 08:00:00+00:00,1700640000000,0.0001
2023-11-22 12:00:00+00:00,2023-11-22 08:00:00+00:00,1700640000000,0.0001
2023-11-22 16:00:00+00:00,2023-11-22 16:00:00+00:00,1700668800000,0.0001
2023-11-22 20:00:00+00:00,2023-11-22 16:00:00+00:00,1700668800000,0.0001
2023-11-23 00:00:00+00:00,2023-11-23 00:00:00+00:00,1700697600000,0.0001
2023-11-23 04:00:00+00:00,2023-11-23 00:00:00+00:00,1700697600000,0.0001
2023-11-23 08:00:00+00:00,2023-11-23 08:00:00+00:00,1700726400000,0.0001
2023-11-23 12:00:00+00:00,2023-11-23 08:00:00+00:00,1700726400000,0.0001
2023-11-23 16:00:00+00:00,2023-11-23 16:00:00+00:00,1700755200000,0.0001
2023-11-23 20:00:00+00:00,2023-11-23 16:00:00+00:00,1700755200000,0.0001
2023-11-24 00:00:00+00:00,2023-11-24 00:00:00+00:00,1700784000000,0.0001
2023-11-24 04:00:00+00:00,2023-11-24 00:00:00+00:00,1700784000000,0.0001
2023-11-24 08:00:00+00:00,2023-11-24 08:00:00+00:00,1700812800000,0.0001
2023-11-24 12:00:00+00:00,2023-11-24 08:00:00+00:00,1700812800000,0.0001
2023-11-24 16:00:00+00:00,2023-11-24 16:00:00+00:00,1700841600000,0.0001
2023-11-24 20:00:00+00:00,2023-11-24 16:00:00+00:00,1700841600000,0.0001
2023-11-25 00:00:00+00:00,2023-11-25 00:00:00+00:00,1700870400000,0.0001
2023-11-25 04:00:00+00:00,2023-11-25 00:00:00+00:00,1700870400000,0.0001
2023-11-25 08:00:00+00:00,2023-11-25 08:00:00+00:00,1700899200000,0.0001
2023-11-25 12:00:00+00:00,2023-11-25 08:00:00+00:00,1700899200000,0.0001
2023-11-25 16:00:00+00:00,2023-11-25 16:00:00+00:00,1700928000000,0.0001
2023-11-25 20:00:00+00:00,2023-11-25 16:00:00+00:00,1700928000000,0.0001
2023-11-26 00:00:00+00:00,2023-11-26 00:00:00+00:00,1700956800000,0.0001
2023-11-26 04:00:00+00:00,2023-11-26 00:00:00+00:00,1700956800000,0.0001
2023-11-26 08:00:00+00:00,2023-11-26 08:00:00+00:00,1700985600000,0.0001
2023-11-26 12:00:00+00:00,2023-11-26 08:00:00+00:00,1700985600000,0.0001
2023-11-26 16:00:00+00:00,2023-11-26 16:00:00+00:00,1701014400000,0.0001
2023-11-26 20:00:00+00:00,2023-11-26 16:00:00+00:00,1701014400000,0.0001
2023-11-27 00:00:00+00:00,2023-11-27 00:00:00+00:00,1701043200000,0.0001
2023-11-27 04:00:00+00:00,2023-11-27 00:00:00+00:00,1701043200000,0.0001
2023-11-27 08:00:00+00:00,2023-11-27 08:00:00+00:00,1701072000000,0.0001
2023-11-27 12:00:00+00:00,2023-11-27 08:00:00+00:00,1701072000000,0.0001
2023-11-27 16:00:00+00:00,2023-11-27 16:00:00+00:00,1701100800000,0.0001
2023-11-27 20:00:00+00:00,2023-11-27 16:00:00+00:00,1701100800000,0.0001
2023-11-28 00:00:00+00:00,2023-11-28 00:00:00+00:00,1701129600000,0.0001
2023-11-28 04:00:00+00:00,2023-11-28 00:00:00+00:00,1701129600000,0.0001
2023-11-28 08:00:00+00:00,2023-11-28 08:00:00+00:00,1701158400000,0.0001
2023-11-28 12:00:00+00:00,2023-11-28 08:00:00+00:00,1701158400000,0.0001
2023-11-28 16:00:00+00:00,2023-11-28 16:00:00+00:00,1701187200000,0.0001
2023-11-28 20:00:00+00:00,2023-11-28 16:00:00+00:00,1701187200000,0.0001
2023-11-29 00:00:00+00:00,2023-11-29 00:00:00+00:00,1701216000000,0.0001
2023-11-29 04:00:00+00:00,2023-11-29 00:00:00+00:00,1701216000000,0.0001
2023-11-29 08:00:00+00:00,2023-11-29 08:00:00+00:00,1701244800000,0.0001
2023-11-29 12:00:00+00:00,2023-11-29 08:00:00+00:00,1701244800000,0.0001
2023-11-29 16:00:00+00:00,2023-11-29 16:00:00+00:00,1701273600000,0.0001
2023-11-29 20:00:00+00:00,2023-11-29 16:00:00+00:00,1701273600000,0.0001
2023-11-30 00:00:00+00:00,2023-11-30 00:00:00+00:00,1701302400000,0.000142
2023-11-30 04:00:00+00:00,2023-11-30 00:00:00+00:00,1701302400000,0.000142
2023-11-30 08:00:00+00:00,2023-11-30 08:00:00+00:00,1701331200000,0.0001
2023-11-30 12:00:00+00:00,2023-11-30 08:00:00+00:00,1701331200000,0.0001
2023-11-30 16:00:00+00:00,2023-11-30 16:00:00+00:00,1701360000000,0.0001
2023-11-30 20:00:00+00:00,2023-11-30 16:00:00+00:00,1701360000000,0.0001
2023-12-01 00:00:00+00:00,2023-12-01 00:00:00+00:00,1701388800000,0.0001
2023-12-01 04:00:00+00:00,2023-12-01 00:00:00+00:00,1701388800000,0.0001
2023-12-01 08:00:00+00:00,2023-12-01 08:00:00+00:00,1701417600000,0.00011812
2023-12-01 12:00:00+00:00,2023-12-01 08:00:00+00:00,1701417600000,0.00011812
2023-12-01 16:00:00+00:00,2023-12-01 16:00:00+00:00,1701446400000,0.0001
2023-12-01 20:00:00+00:00,2023-12-01 16:00:00+00:00,1701446400000,0.0001
2023-12-02 00:00:00+00:00,2023-12-02 00:00:00+00:00,1701475200000,0.00011722
2023-12-02 04:00:00+00:00,2023-12-02 00:00:00+00:00,1701475200000,0.00011722
2023-12-02 08:00:00+00:00,2023-12-02 08:00:00+00:00,1701504000000,0.00043066
2023-12-02 12:00:00+00:00,2023-12-02 08:00:00+00:00,1701504000000,0.00043066
2023-12-02 16:00:00+00:00,2023-12-02 16:00:00+00:00,1701532800000,0.00033249
2023-12-02 20:00:00+00:00,2023-12-02 16:00:00+00:00,1701532800000,0.00033249
2023-12-03 00:00:00+00:00,2023-12-03 00:00:00+00:00,1701561600000,0.0001304
2023-12-03 04:00:00+00:00,2023-12-03 00:00:00+00:00,1701561600000,0.0001304
2023-12-03 08:00:00+00:00,2023-12-03 08:00:00+00:00,1701590400000,0.00025793
2023-12-03 12:00:00+00:00,2023-12-03 08:00:00+00:00,1701590400000,0.00025793
2023-12-03 16:00:00+00:00,2023-12-03 16:00:00+00:00,1701619200000,0.00020133
2023-12-03 20:00:00+00:00,2023-12-03 16:00:00+00:00,1701619200000,0.00020133
2023-12-04 00:00:00+00:00,2023-12-04 00:00:00+00:00,1701648000000,0.00029185
2023-12-04 04:00:00+00:00,2023-12-04 00:00:00+00:00,1701648000000,0.00029185
2023-12-04 08:00:00+00:00,2023-12-04 08:00:00+00:00,1701676800000,0.0004646
2023-12-04 12:00:00+00:00,2023-12-04 08:00:00+00:00,1701676800000,0.0004646
2023-12-04 16:00:00+00:00,2023-12-04 16:00:00+00:00,1701705600000,0.00011673
2023-12-04 20:00:00+00:00,2023-12-04 16:00:00+00:00,1701705600000,0.00011673
2023-12-05 00:00:00+00:00,2023-12-05 00:00:00+00:00,1701734400000,0.00012766
2023-12-05 04:00:00+00:00,2023-12-05 00:00:00+00:00,1701734400000,0.00012766
2023-12-05 08:00:00+00:00,2023-12-05 08:00:00+00:00,1701763200000,0.0001
2023-12-05 12:00:00+00:00,2023-12-05 08:00:00+00:00,1701763200000,0.0001
2023-12-05 16:00:00+00:00,2023-12-05 16:00:00+00:00,1701792000000,0.0001
2023-12-05 20:00:00+00:00,2023-12-05 16:00:00+00:00,1701792000000,0.0001
2023-12-06 00:00:00+00:00,2023-12-06 00:00:00+00:00,1701820800000,0.00036326
2023-12-06 04:00:00+00:00,2023-12-06 00:00:00+00:00,1701820800000,0.00036326
2023-12-06 08:00:00+00:00,2023-12-06 08:00:00+00:00,1701849600000,0.00040694
2023-12-06 12:00:00+00:00,2023-12-06 08:00:00+00:00,1701849600000,0.00040694
2023-12-06 16:00:00+00:00,2023-12-06 16:00:00+00:00,1701878400000,0.0001
2023-12-06 20:00:00+00:00,2023-12-06 16:00:00+00:00,1701878400000,0.0001
2023-12-07 00:00:00+00:00,2023-12-07 00:00:00+00:00,1701907200000,0.00012696
2023-12-07 04:00:00+00:00,2023-12-07 00:00:00+00:00,1701907200000,0.00012696
2023-12-07 08:00:00+00:00,2023-12-07 08:00:00+00:00,1701936000000,0.0001
2023-12-07 12:00:00+00:00,2023-12-07 08:00:00+00:00,1701936000000,0.0001
2023-12-07 16:00:00+00:00,2023-12-07 16:00:00+00:00,1701964800000,0.00034145
2023-12-07 20:00:00+00:00,2023-12-07 16:00:00+00:00,1701964800000,0.00034145
2023-12-08 00:00:00+00:00,2023-12-08 00:00:00+00:00,1701993600000,0.00043852
2023-12-08 04:00:00+00:00,2023-12-08 00:00:00+00:00,1701993600000,0.00043852
2023-12-08 08:00:00+00:00,2023-12-08 08:00:00+00:00,1702022400000,0.00016909
2023-12-08 12:00:00+00:00,2023-12-08 08:00:00+00:00,1702022400000,0.00016909
2023-12-08 16:00:00+00:00,2023-12-08 16:00:00+00:00,1702051200000,0.00026875
2023-12-08 20:00:00+00:00,2023-12-08 16:00:00+00:00,1702051200000,0.00026875
2023-12-09 00:00:00+00:00,2023-12-09 00:00:00+00:00,1702080000000,0.00036255
2023-12-09 04:00:00+00:00,2023-12-09 00:00:00+00:00,1702080000000,0.00036255
2023-12-09 08:00:00+00:00,2023-12-09 08:00:00+00:00,1702108800000,0.00043715
2023-12-09 12:00:00+00:00,2023-12-09 08:00:00+00:00,1702108800000,0.00043715
2023-12-09 16:00:00+00:00,2023-12-09 16:00:00+00:00,1702137600000,0.00029431
2023-12-09 20:00:00+00:00,2023-12-09 16:00:00+00:00,1702137600000,0.00029431
2023-12-10 00:00:00+00:00,2023-12-10 00:00:00+00:00,1702166400000,0.00044455
2023-12-10 04:00:00+00:00,2023-12-10 00:00:00+00:00,1702166400000,0.00044455
2023-12-10 08:00:00+00:00,2023-12-10 08:00:00+00:00,1702195200000,0.00038156
2023-12-10 12:00:00+00:00,2023-12-10 08:00:00+00:00,1702195200000,0.00038156
2023-12-10 16:00:00+00:00,2023-12-10 16:00:00+00:00,1702224000000,0.00030904
2023-12-10 20:00:00+00:00,2023-12-10 16:00:00+00:00,1702224000000,0.00030904
2023-12-11 00:00:00+00:00,2023-12-11 00:00:00+00:00,1702252800000,0.00032189
2023-12-11 04:00:00+00:00,2023-12-11 00:00:00+00:00,1702252800000,0.00032189
2023-12-11 08:00:00+00:00,2023-12-11 08:00:00+00:00,1702281600000,0.0001
2023-12-11 12:00:00+00:00,2023-12-11 08:00:00+00:00,1702281600000,0.0001
2023-12-11 16:00:00+00:00,2023-12-11 16:00:00+00:00,1702310400000,0.00012752
2023-12-11 20:00:00+00:00,2023-12-11 16:00:00+00:00,1702310400000,0.00012752
2023-12-12 00:00:00+00:00,2023-12-12 00:00:00+00:00,1702339200000,0.00025417
2023-12-12 04:00:00+00:00,2023-12-12 00:00:00+00:00,1702339200000,0.00025417
2023-12-12 08:00:00+00:00,2023-12-12 08:00:00+00:00,1702368000000,0.0002979
2023-12-12 12:00:00+00:00,2023-12-12 08:00:00+00:00,1702368000000,0.0002979
2023-12-12 16:00:00+00:00,2023-12-12 16:00:00+00:00,1702396800000,0.00022456
2023-12-12 20:00:00+00:00,2023-12-12 16:00:00+00:00,1702396800000,0.00022456
2023-12-13 00:00:00+00:00,2023-12-13 00:00:00+00:00,1702425600000,0.00010778
2023-12-13 04:00:00+00:00,2023-12-13 00:00:00+00:00,1702425600000,0.00010778
2023-12-13 08:00:00+00:00,2023-12-13 08:00:00+00:00,1702454400000,0.0001
2023-12-13 12:00:00+00:00,2023-12-13 08:00:00+00:00,1702454400000,0.0001
2023-12-13 16:00:00+00:00,2023-12-13 16:00:00+00:00,1702483200000,0.0001
2023-12-13 20:00:00+00:00,2023-12-13 16:00:00+00:00,1702483200000,0.0001
2023-12-14 00:00:00+00:00,2023-12-14 00:00:00+00:00,1702512000000,0.0001
2023-12-14 04:00:00+00:00,2023-12-14 00:00:00+00:00,1702512000000,0.0001
2023-12-14 08:00:00+00:00,2023-12-14 08:00:00+00:00,1702540800000,0.00017541
2023-12-14 12:00:00+00:00,2023-12-14 08:00:00+00:00,1702540800000,0.00017541
2023-12-14 16:00:00+00:00,2023-12-14 16:00:00+00:00,1702569600000,0.0001
2023-12-14 20:00:00+00:00,2023-12-14 16:00:00+00:00,1702569600000,0.0001
2023-12-15 00:00:00+00:00,2023-12-15 00:00:00+00:00,1702598400000,0.00043881
2023-12-15 04:00:00+00:00,2023-12-15 00:00:00+00:00,1702598400000,0.00043881
2023-12-15 08:00:00+00:00,2023-12-15 08:00:00+00:00,1702627200000,0.00044968
2023-12-15 12:00:00+00:00,2023-12-15 08:00:00+00:00,1702627200000,0.00044968
2023-12-15 16:00:00+00:00,2023-12-15 16:00:00+00:00,1702656000000,0.00048141
2023-12-15 20:00:00+00:00,2023-12-15 16:00:00+00:00,1702656000000,0.00048141
2023-12-16 00:00:00+00:00,2023-12-16 00:00:00+00:00,1702684800000,0.00011537
2023-12-16 04:00:00+00:00,2023-12-16 00:00:00+00:00,1702684800000,0.00011537
2023-12-16 08:00:00+00:00,2023-12-16 08:00:00+00:00,1702713600000,0.0001
2023-12-16 12:00:00+00:00,2023-12-16 08:00:00+00:00,1702713600000,0.0001
2023-12-16 16:00:00+00:00,2023-12-16 16:00:00+00:00,1702742400000,0.00024706
2023-12-16 20:00:00+00:00,2023-12-16 16:00:00+00:00,1702742400000,0.00024706
2023-12-17 00:00:00+00:00,2023-12-17 00:00:00+00:00,1702771200000,0.0001
2023-12-17 04:00:00+00:00,2023-12-17 00:00:00+00:00,1702771200000,0.0001
2023-12-17 08:00:00+00:00,2023-12-17 08:00:00+00:00,1702800000000,0.00010022
2023-12-17 12:00:00+00:00,2023-12-17 08:00:00+00:00,1702800000000,0.00010022
2023-12-17 16:00:00+00:00,2023-12-17 16:00:00+00:00,1702828800000,0.00016682
2023-12-17 20:00:00+00:00,2023-12-17 16:00:00+00:00,1702828800000,0.00016682
2023-12-18 00:00:00+00:00,2023-12-18 00:00:00+00:00,1702857600000,0.0001
2023-12-18 04:00:00+00:00,2023-12-18 00:00:00+00:00,1702857600000,0.0001
2023-12-18 08:00:00+00:00,2023-12-18 08:00:00+00:00,1702886400000,0.0001
2023-12-18 12:00:00+00:00,2023-12-18 08:00:00+00:00,1702886400000,0.0001
2023-12-18 16:00:00+00:00,2023-12-18 16:00:00+00:00,1702915200000,0.0001
2023-12-18 20:00:00+00:00,2023-12-18 16:00:00+00:00,1702915200000,0.0001
2023-12-19 00:00:00+00:00,2023-12-19 00:00:00+00:00,1702944000000,0.0001
2023-12-19 04:00:00+00:00,2023-12-19 00:00:00+00:00,1702944000000,0.0001
2023-12-19 08:00:00+00:00,2023-12-19 08:00:00+00:00,1702972800000,0.00010091
2023-12-19 12:00:00+00:00,2023-12-19 08:00:00+00:00,1702972800000,0.00010091
2023-12-19 16:00:00+00:00,2023-12-19 16:00:00+00:00,1703001600000,0.00015381
2023-12-19 20:00:00+00:00,2023-12-19 16:00:00+00:00,1703001600000,0.00015381
2023-12-20 00:00:00+00:00,2023-12-20 00:00:00+00:00,1703030400000,0.0001
2023-12-20 04:00:00+00:00,2023-12-20 00:00:00+00:00,1703030400000,0.0001
2023-12-20 08:00:00+00:00,2023-12-20 08:00:00+00:00,1703059200000,0.00016457
2023-12-20 12:00:00+00:00,2023-12-20 08:00:00+00:00,1703059200000,0.00016457
2023-12-20 16:00:00+00:00,2023-12-20 16:00:00+00:00,1703088000000,0.00014625
2023-12-20 20:00:00+00:00,2023-12-20 16:00:00+00:00,1703088000000,0.00014625
2023-12-21 00:00:00+00:00,2023-12-21 00:00:00+00:00,1703116800000,0.0001
2023-12-21 04:00:00+00:00,2023-12-21 00:00:00+00:00,1703116800000,0.0001
2023-12-21 08:00:00+00:00,2023-12-21 08:00:00+00:00,1703145600000,0.0001
2023-12-21 12:00:00+00:00,2023-12-21 08:00:00+00:00,1703145600000,0.0001
2023-12-21 16:00:00+00:00,2023-12-21 16:00:00+00:00,1703174400000,0.00015474
2023-12-21 20:00:00+00:00,2023-12-21 16:00:00+00:00,1703174400000,0.00015474
2023-12-22 00:00:00+00:00,2023-12-22 00:00:00+00:00,1703203200000,0.00044216
2023-12-22 04:00:00+00:00,2023-12-22 00:00:00+00:00,1703203200000,0.00044216
2023-12-22 08:00:00+00:00,2023-12-22 08:00:00+00:00,1703232000000,0.00032937
2023-12-22 12:00:00+00:00,2023-12-22 08:00:00+00:00,1703232000000,0.00032937
2023-12-22 16:00:00+00:00,2023-12-22 16:00:00+00:00,1703260800000,0.00029451
2023-12-22 20:00:00+00:00,2023-12-22 16:00:00+00:00,1703260800000,0.00029451
2023-12-23 00:00:00+00:00,2023-12-23 00:00:00+00:00,1703289600000,0.0001824
2023-12-23 04:00:00+00:00,2023-12-23 00:00:00+00:00,1703289600000,0.0001824
2023-12-23 08:00:00+00:00,2023-12-23 08:00:00+00:00,1703318400000,0.00013139
2023-12-23 12:00:00+00:00,2023-12-23 08:00:00+00:00,1703318400000,0.00013139
2023-12-23 16:00:00+00:00,2023-12-23 16:00:00+00:00,1703347200000,0.00027232
2023-12-23 20:00:00+00:00,2023-12-23 16:00:00+00:00,1703347200000,0.00027232
2023-12-24 00:00:00+00:00,2023-12-24 00:00:00+00:00,1703376000000,0.00030484
2023-12-24 04:00:00+00:00,2023-12-24 00:00:00+00:00,1703376000000,0.00030484
2023-12-24 08:00:00+00:00,2023-12-24 08:00:00+00:00,1703404800000,0.00025447
2023-12-24 12:00:00+00:00,2023-12-24 08:00:00+00:00,1703404800000,0.00025447
2023-12-24 16:00:00+00:00,2023-12-24 16:00:00+00:00,1703433600000,0.00023001
2023-12-24 20:00:00+00:00,2023-12-24 16:00:00+00:00,1703433600000,0.00023001
2023-12-25 00:00:00+00:00,2023-12-25 00:00:00+00:00,1703462400000,0.00021807
2023-12-25 04:00:00+00:00,2023-12-25 00:00:00+00:00,1703462400000,0.00021807
2023-12-25 08:00:00+00:00,2023-12-25 08:00:00+00:00,1703491200000,0.00018865
2023-12-25 12:00:00+00:00,2023-12-25 08:00:00+00:00,1703491200000,0.00018865
2023-12-25 16:00:00+00:00,2023-12-25 16:00:00+00:00,1703520000000,0.00059458
2023-12-25 20:00:00+00:00,2023-12-25 16:00:00+00:00,1703520000000,0.00059458
2023-12-26 00:00:00+00:00,2023-12-26 00:00:00+00:00,1703548800000,0.0005454
2023-12-26 04:00:00+00:00,2023-12-26 00:00:00+00:00,1703548800000,0.0005454
2023-12-26 08:00:00+00:00,2023-12-26 08:00:00+00:00,1703577600000,0.00032874
2023-12-26 12:00:00+00:00,2023-12-26 08:00:00+00:00,1703577600000,0.00032874
2023-12-26 16:00:00+00:00,2023-12-26 16:00:00+00:00,1703606400000,0.0002142
2023-12-26 20:00:00+00:00,2023-12-26 16:00:00+00:00,1703606400000,0.0002142
2023-12-27 00:00:00+00:00,2023-12-27 00:00:00+00:00,1703635200000,0.0001454
2023-12-27 04:00:00+00:00,2023-12-27 00:00:00+00:00,1703635200000,0.0001454
2023-12-27 08:00:00+00:00,2023-12-27 08:00:00+00:00,1703664000000,0.00038718
2023-12-27 12:00:00+00:00,2023-12-27 08:00:00+00:00,1703664000000,0.00038718
2023-12-27 16:00:00+00:00,2023-12-27 16:00:00+00:00,1703692800000,0.00084416
2023-12-27 20:00:00+00:00,2023-12-27 16:00:00+00:00,1703692800000,0.00084416
2023-12-28 00:00:00+00:00,2023-12-28 00:00:00+00:00,1703721600000,0.00066426
2023-12-28 04:00:00+00:00,2023-12-28 00:00:00+00:00,1703721600000,0.00066426
2023-12-28 08:00:00+00:00,2023-12-28 08:00:00+00:00,1703750400000,0.00069294
2023-12-28 12:00:00+00:00,2023-12-28 08:00:00+00:00,1703750400000,0.00069294
2023-12-28 16:00:00+00:00,2023-12-28 16:00:00+00:00,1703779200000,0.00080864
2023-12-28 20:00:00+00:00,2023-12-28 16:00:00+00:00,1703779200000,0.00080864
2023-12-29 00:00:00+00:00,2023-12-29 00:00:00+00:00,1703808000000,0.00056498
2023-12-29 04:00:00+00:00,2023-12-29 00:00:00+00:00,1703808000000,0.00056498
2023-12-29 08:00:00+00:00,2023-12-29 08:00:00+00:00,1703836800000,0.0003243
2023-12-29 12:00:00+00:00,2023-12-29 08:00:00+00:00,1703836800000,0.0003243
2023-12-29 16:00:00+00:00,2023-12-29 16:00:00+00:00,1703865600000,0.00050643
2023-12-29 20:00:00+00:00,2023-12-29 16:00:00+00:00,1703865600000,0.00050643
2023-12-30 00:00:00+00:00,2023-12-30 00:00:00+00:00,1703894400000,0.00045163
2023-12-30 04:00:00+00:00,2023-12-30 00:00:00+00:00,1703894400000,0.00045163
2023-12-30 08:00:00+00:00,2023-12-30 08:00:00+00:00,1703923200000,0.00017614
2023-12-30 12:00:00+00:00,2023-12-30 08:00:00+00:00,1703923200000,0.00017614
2023-12-30 16:00:00+00:00,2023-12-30 16:00:00+00:00,1703952000000,0.00030365
2023-12-30 20:00:00+00:00,2023-12-30 16:00:00+00:00,1703952000000,0.00030365
2023-12-31 00:00:00+00:00,2023-12-31 00:00:00+00:00,1703980800000,0.00036092
2023-12-31 04:00:00+00:00,2023-12-31 00:00:00+00:00,1703980800000,0.00036092
2023-12-31 08:00:00+00:00,2023-12-31 08:00:00+00:00,1704009600000,0.00044692
2023-12-31 12:00:00+00:00,2023-12-31 08:00:00+00:00,1704009600000,0.00044692
2023-12-31 16:00:00+00:00,2023-12-31 16:00:00+00:00,1704038400000,0.00056751
2023-12-31 20:00:00+00:00,2023-12-31 16:00:00+00:00,1704038400000,0.00056751
2024-01-01 00:00:00+00:00,2024-01-01 00:00:00+00:00,1704067200000,0.0005057
2024-01-01 04:00:00+00:00,2024-01-01 00:00:00+00:00,1704067200000,0.0005057
2024-01-01 08:00:00+00:00,2024-01-01 08:00:00+00:00,1704096000000,0.0003883
2024-01-01 12:00:00+00:00,2024-01-01 08:00:00+00:00,1704096000000,0.0003883
2024-01-01 16:00:00+00:00,2024-01-01 16:00:00+00:00,1704124800000,0.00059489
2024-01-01 20:00:00+00:00,2024-01-01 16:00:00+00:00,1704124800000,0.00059489
2024-01-02 00:00:00+00:00,2024-01-02 00:00:00+00:00,1704153600000,0.00061694
2024-01-02 04:00:00+00:00,2024-01-02 00:00:00+00:00,1704153600000,0.00061694
2024-01-02 08:00:00+00:00,2024-01-02 08:00:00+00:00,1704182400000,0.0007438
2024-01-02 12:00:00+00:00,2024-01-02 08:00:00+00:00,1704182400000,0.0007438
2024-01-02 16:00:00+00:00,2024-01-02 16:00:00+00:00,1704211200000,0.00088883
2024-01-02 20:00:00+00:00,2024-01-02 16:00:00+00:00,1704211200000,0.00088883
2024-01-03 00:00:00+00:00,2024-01-03 00:00:00+00:00,1704240000000,0.00060533
2024-01-03 04:00:00+00:00,2024-01-03 00:00:00+00:00,1704240000000,0.00060533
2024-01-03 08:00:00+00:00,2024-01-03 08:00:00+00:00,1704268800000,0.00053286
2024-01-03 12:00:00+00:00,2024-01-03 08:00:00+00:00,1704268800000,0.00053286
2024-01-03 16:00:00+00:00,2024-01-03 16:00:00+00:00,1704297600000,0.0001
2024-01-03 20:00:00+00:00,2024-01-03 16:00:00+00:00,1704297600000,0.0001
2024-01-04 00:00:00+00:00,2024-01-04 00:00:00+00:00,1704326400000,0.0001
2024-01-04 04:00:00+00:00,2024-01-04 00:00:00+00:00,1704326400000,0.0001
2024-01-04 08:00:00+00:00,2024-01-04 08:00:00+00:00,1704355200000,0.0001
2024-01-04 12:00:00+00:00,2024-01-04 08:00:00+00:00,1704355200000,0.0001
2024-01-04 16:00:00+00:00,2024-01-04 16:00:00+00:00,1704384000000,0.0001
2024-01-04 20:00:00+00:00,2024-01-04 16:00:00+00:00,1704384000000,0.0001
2024-01-05 00:00:00+00:00,2024-01-05 00:00:00+00:00,1704412800000,0.0001
2024-01-05 04:00:00+00:00,2024-01-05 00:00:00+00:00,1704412800000,0.0001
2024-01-05 08:00:00+00:00,2024-01-05 08:00:00+00:00,1704441600000,0.0001
2024-01-05 12:00:00+00:00,2024-01-05 08:00:00+00:00,1704441600000,0.0001
2024-01-05 16:00:00+00:00,2024-01-05 16:00:00+00:00,1704470400000,0.0001
2024-01-05 20:00:00+00:00,2024-01-05 16:00:00+00:00,1704470400000,0.0001
2024-01-06 00:00:00+00:00,2024-01-06 00:00:00+00:00,1704499200000,0.0001
2024-01-06 04:00:00+00:00,2024-01-06 00:00:00+00:00,1704499200000,0.0001
2024-01-06 08:00:00+00:00,2024-01-06 08:00:00+00:00,1704528000000,0.0001
2024-01-06 12:00:00+00:00,2024-01-06 08:00:00+00:00,1704528000000,0.0001
2024-01-06 16:00:00+00:00,2024-01-06 16:00:00+00:00,1704556800000,0.0001
2024-01-06 20:00:00+00:00,2024-01-06 16:00:00+00:00,1704556800000,0.0001
2024-01-07 00:00:00+00:00,2024-01-07 00:00:00+00:00,1704585600000,0.0001
2024-01-07 04:00:00+00:00,2024-01-07 00:00:00+00:00,1704585600000,0.0001
2024-01-07 08:00:00+00:00,2024-01-07 08:00:00+00:00,1704614400000,0.0001
2024-01-07 12:00:00+00:00,2024-01-07 08:00:00+00:00,1704614400000,0.0001
2024-01-07 16:00:00+00:00,2024-01-07 16:00:00+00:00,1704643200000,0.0001
2024-01-07 20:00:00+00:00,2024-01-07 16:00:00+00:00,1704643200000,0.0001
2024-01-08 00:00:00+00:00,2024-01-08 00:00:00+00:00,1704672000000,0.0001
2024-01-08 04:00:00+00:00,2024-01-08 00:00:00+00:00,1704672000000,0.0001
2024-01-08 08:00:00+00:00,2024-01-08 08:00:00+00:00,1704700800000,0.0001
2024-01-08 12:00:00+00:00,2024-01-08 08:00:00+00:00,1704700800000,0.0001
2024-01-08 16:00:00+00:00,2024-01-08 16:00:00+00:00,1704729600000,0.0001
2024-01-08 20:00:00+00:00,2024-01-08 16:00:00+00:00,1704729600000,0.0001
2024-01-09 00:00:00+00:00,2024-01-09 00:00:00+00:00,1704758400000,0.0001
2024-01-09 04:00:00+00:00,2024-01-09 00:00:00+00:00,1704758400000,0.0001
2024-01-09 08:00:00+00:00,2024-01-09 08:00:00+00:00,1704787200000,0.0001
2024-01-09 12:00:00+00:00,2024-01-09 08:00:00+00:00,1704787200000,0.0001
2024-01-09 16:00:00+00:00,2024-01-09 16:00:00+00:00,1704816000000,0.0001
2024-01-09 20:00:00+00:00,2024-01-09 16:00:00+00:00,1704816000000,0.0001
2024-01-10 00:00:00+00:00,2024-01-10 00:00:00+00:00,1704844800000,0.0001
2024-01-10 04:00:00+00:00,2024-01-10 00:00:00+00:00,1704844800000,0.0001
2024-01-10 08:00:00+00:00,2024-01-10 08:00:00+00:00,1704873600000,0.0001
2024-01-10 12:00:00+00:00,2024-01-10 08:00:00+00:00,1704873600000,0.0001
2024-01-10 16:00:00+00:00,2024-01-10 16:00:00+00:00,1704902400000,0.0001
2024-01-10 20:00:00+00:00,2024-01-10 16:00:00+00:00,1704902400000,0.0001
2024-01-11 00:00:00+00:00,2024-01-11 00:00:00+00:00,1704931200000,0.0001
2024-01-11 04:00:00+00:00,2024-01-11 00:00:00+00:00,1704931200000,0.0001
2024-01-11 08:00:00+00:00,2024-01-11 08:00:00+00:00,1704960000000,0.0001
2024-01-11 12:00:00+00:00,2024-01-11 08:00:00+00:00,1704960000000,0.0001
2024-01-11 16:00:00+00:00,2024-01-11 16:00:00+00:00,1704988800000,0.00011001
2024-01-11 20:00:00+00:00,2024-01-11 16:00:00+00:00,1704988800000,0.00011001
2024-01-12 00:00:00+00:00,2024-01-12 00:00:00+00:00,1705017600000,0.0001
2024-01-12 04:00:00+00:00,2024-01-12 00:00:00+00:00,1705017600000,0.0001
2024-01-12 08:00:00+00:00,2024-01-12 08:00:00+00:00,1705046400000,0.0001
2024-01-12 12:00:00+00:00,2024-01-12 08:00:00+00:00,1705046400000,0.0001
2024-01-12 16:00:00+00:00,2024-01-12 16:00:00+00:00,1705075200000,0.0001
2024-01-12 20:00:00+00:00,2024-01-12 16:00:00+00:00,1705075200000,0.0001
2024-01-13 00:00:00+00:00,2024-01-13 00:00:00+00:00,1705104000000,0.0001
2024-01-13 04:00:00+00:00,2024-01-13 00:00:00+00:00,1705104000000,0.0001
2024-01-13 08:00:00+00:00,2024-01-13 08:00:00+00:00,1705132800000,0.0001
2024-01-13 12:00:00+00:00,2024-01-13 08:00:00+00:00,1705132800000,0.0001
2024-01-13 16:00:00+00:00,2024-01-13 16:00:00+00:00,1705161600000,0.0001
2024-01-13 20:00:00+00:00,2024-01-13 16:00:00+00:00,1705161600000,0.0001
2024-01-14 00:00:00+00:00,2024-01-14 00:00:00+00:00,1705190400000,0.0001
2024-01-14 04:00:00+00:00,2024-01-14 00:00:00+00:00,1705190400000,0.0001
2024-01-14 08:00:00+00:00,2024-01-14 08:00:00+00:00,1705219200000,0.0001
2024-01-14 12:00:00+00:00,2024-01-14 08:00:00+00:00,1705219200000,0.0001
2024-01-14 16:00:00+00:00,2024-01-14 16:00:00+00:00,1705248000000,0.0001
2024-01-14 20:00:00+00:00,2024-01-14 16:00:00+00:00,1705248000000,0.0001
2024-01-15 00:00:00+00:00,2024-01-15 00:00:00+00:00,1705276800000,0.0001
2024-01-15 04:00:00+00:00,2024-01-15 00:00:00+00:00,1705276800000,0.0001
2024-01-15 08:00:00+00:00,2024-01-15 08:00:00+00:00,1705305600000,0.0001
2024-01-15 12:00:00+00:00,2024-01-15 08:00:00+00:00,1705305600000,0.0001
2024-01-15 16:00:00+00:00,2024-01-15 16:00:00+00:00,1705334400000,0.0001
2024-01-15 20:00:00+00:00,2024-01-15 16:00:00+00:00,1705334400000,0.0001
2024-01-16 00:00:00+00:00,2024-01-16 00:00:00+00:00,1705363200000,0.0001
2024-01-16 04:00:00+00:00,2024-01-16 00:00:00+00:00,1705363200000,0.0001
2024-01-16 08:00:00+00:00,2024-01-16 08:00:00+00:00,1705392000000,0.0001
2024-01-16 12:00:00+00:00,2024-01-16 08:00:00+00:00,1705392000000,0.0001
2024-01-16 16:00:00+00:00,2024-01-16 16:00:00+00:00,1705420800000,0.0001
2024-01-16 20:00:00+00:00,2024-01-16 16:00:00+00:00,1705420800000,0.0001
2024-01-17 00:00:00+00:00,2024-01-17 00:00:00+00:00,1705449600000,0.0001
2024-01-17 04:00:00+00:00,2024-01-17 00:00:00+00:00,1705449600000,0.0001
2024-01-17 08:00:00+00:00,2024-01-17 08:00:00+00:00,1705478400000,0.0001
2024-01-17 12:00:00+00:00,2024-01-17 08:00:00+00:00,1705478400000,0.0001
2024-01-17 16:00:00+00:00,2024-01-17 16:00:00+00:00,1705507200000,0.0001
2024-01-17 20:00:00+00:00,2024-01-17 16:00:00+00:00,1705507200000,0.0001
2024-01-18 00:00:00+00:00,2024-01-18 00:00:00+00:00,1705536000000,0.0001
2024-01-18 04:00:00+00:00,2024-01-18 00:00:00+00:00,1705536000000,0.0001
2024-01-18 08:00:00+00:00,2024-01-18 08:00:00+00:00,1705564800000,0.0001
2024-01-18 12:00:00+00:00,2024-01-18 08:00:00+00:00,1705564800000,0.0001
2024-01-18 16:00:00+00:00,2024-01-18 16:00:00+00:00,1705593600000,0.0001
2024-01-18 20:00:00+00:00,2024-01-18 16:00:00+00:00,1705593600000,0.0001
2024-01-19 00:00:00+00:00,2024-01-19 00:00:00+00:00,1705622400000,0.0001
2024-01-19 04:00:00+00:00,2024-01-19 00:00:00+00:00,1705622400000,0.0001
2024-01-19 08:00:00+00:00,2024-01-19 08:00:00+00:00,1705651200000,0.0001
2024-01-19 12:00:00+00:00,2024-01-19 08:00:00+00:00,1705651200000,0.0001
2024-01-19 16:00:00+00:00,2024-01-19 16:00:00+00:00,1705680000000,0.0001
2024-01-19 20:00:00+00:00,2024-01-19 16:00:00+00:00,1705680000000,0.0001
2024-01-20 00:00:00+00:00,2024-01-20 00:00:00+00:00,1705708800000,0.0001
2024-01-20 04:00:00+00:00,2024-01-20 00:00:00+00:00,1705708800000,0.0001
2024-01-20 08:00:00+00:00,2024-01-20 08:00:00+00:00,1705737600000,0.0001
2024-01-20 12:00:00+00:00,2024-01-20 08:00:00+00:00,1705737600000,0.0001
2024-01-20 16:00:00+00:00,2024-01-20 16:00:00+00:00,1705766400000,0.0001
2024-01-20 20:00:00+00:00,2024-01-20 16:00:00+00:00,1705766400000,0.0001
2024-01-21 00:00:00+00:00,2024-01-21 00:00:00+00:00,1705795200000,0.0001
2024-01-21 04:00:00+00:00,2024-01-21 00:00:00+00:00,1705795200000,0.0001
2024-01-21 08:00:00+00:00,2024-01-21 08:00:00+00:00,1705824000000,0.0001
2024-01-21 12:00:00+00:00,2024-01-21 08:00:00+00:00,1705824000000,0.0001
2024-01-21 16:00:00+00:00,2024-01-21 16:00:00+00:00,1705852800000,0.0001
2024-01-21 20:00:00+00:00,2024-01-21 16:00:00+00:00,1705852800000,0.0001
2024-01-22 00:00:00+00:00,2024-01-22 00:00:00+00:00,1705881600000,0.0001
2024-01-22 04:00:00+00:00,2024-01-22 00:00:00+00:00,1705881600000,0.0001
2024-01-22 08:00:00+00:00,2024-01-22 08:00:00+00:00,1705910400000,0.0001
2024-01-22 12:00:00+00:00,2024-01-22 08:00:00+00:00,1705910400000,0.0001
2024-01-22 16:00:00+00:00,2024-01-22 16:00:00+00:00,1705939200000,0.0001
2024-01-22 20:00:00+00:00,2024-01-22 16:00:00+00:00,1705939200000,0.0001
2024-01-23 00:00:00+00:00,2024-01-23 00:00:00+00:00,1705968000000,0.0001
2024-01-23 04:00:00+00:00,2024-01-23 00:00:00+00:00,1705968000000,0.0001
2024-01-23 08:00:00+00:00,2024-01-23 08:00:00+00:00,1705996800000,0.0001
2024-01-23 12:00:00+00:00,2024-01-23 08:00:00+00:00,1705996800000,0.0001
2024-01-23 16:00:00+00:00,2024-01-23 16:00:00+00:00,1706025600000,0.0001
2024-01-23 20:00:00+00:00,2024-01-23 16:00:00+00:00,1706025600000,0.0001
2024-01-24 00:00:00+00:00,2024-01-24 00:00:00+00:00,1706054400000,0.0001
2024-01-24 04:00:00+00:00,2024-01-24 00:00:00+00:00,1706054400000,0.0001
2024-01-24 08:00:00+00:00,2024-01-24 08:00:00+00:00,1706083200000,0.0001
2024-01-24 12:00:00+00:00,2024-01-24 08:00:00+00:00,1706083200000,0.0001
2024-01-24 16:00:00+00:00,2024-01-24 16:00:00+00:00,1706112000000,0.0001
2024-01-24 20:00:00+00:00,2024-01-24 16:00:00+00:00,1706112000000,0.0001
2024-01-25 00:00:00+00:00,2024-01-25 00:00:00+00:00,1706140800000,0.0001
2024-01-25 04:00:00+00:00,2024-01-25 00:00:00+00:00,1706140800000,0.0001
2024-01-25 08:00:00+00:00,2024-01-25 08:00:00+00:00,1706169600000,0.0001
2024-01-25 12:00:00+00:00,2024-01-25 08:00:00+00:00,1706169600000,0.0001
2024-01-25 16:00:00+00:00,2024-01-25 16:00:00+00:00,1706198400000,0.0001
2024-01-25 20:00:00+00:00,2024-01-25 16:00:00+00:00,1706198400000,0.0001
2024-01-26 00:00:00+00:00,2024-01-26 00:00:00+00:00,1706227200000,0.0001
2024-01-26 04:00:00+00:00,2024-01-26 00:00:00+00:00,1706227200000,0.0001
2024-01-26 08:00:00+00:00,2024-01-26 08:00:00+00:00,1706256000000,0.0001
2024-01-26 12:00:00+00:00,2024-01-26 08:00:00+00:00,1706256000000,0.0001
2024-01-26 16:00:00+00:00,2024-01-26 16:00:00+00:00,1706284800000,0.0001
2024-01-26 20:00:00+00:00,2024-01-26 16:00:00+00:00,1706284800000,0.0001
2024-01-27 00:00:00+00:00,2024-01-27 00:00:00+00:00,1706313600000,0.0001
2024-01-27 04:00:00+00:00,2024-01-27 00:00:00+00:00,1706313600000,0.0001
2024-01-27 08:00:00+00:00,2024-01-27 08:00:00+00:00,1706342400000,0.0001
2024-01-27 12:00:00+00:00,2024-01-27 08:00:00+00:00,1706342400000,0.0001
2024-01-27 16:00:00+00:00,2024-01-27 16:00:00+00:00,1706371200000,0.0001
2024-01-27 20:00:00+00:00,2024-01-27 16:00:00+00:00,1706371200000,0.0001
2024-01-28 00:00:00+00:00,2024-01-28 00:00:00+00:00,1706400000000,0.0001
2024-01-28 04:00:00+00:00,2024-01-28 00:00:00+00:00,1706400000000,0.0001
2024-01-28 08:00:00+00:00,2024-01-28 08:00:00+00:00,1706428800000,0.0001
2024-01-28 12:00:00+00:00,2024-01-28 08:00:00+00:00,1706428800000,0.0001
2024-01-28 16:00:00+00:00,2024-01-28 16:00:00+00:00,1706457600000,0.0001
2024-01-28 20:00:00+00:00,2024-01-28 16:00:00+00:00,1706457600000,0.0001
2024-01-29 00:00:00+00:00,2024-01-29 00:00:00+00:00,1706486400000,0.0001
2024-01-29 04:00:00+00:00,2024-01-29 00:00:00+00:00,1706486400000,0.0001
2024-01-29 08:00:00+00:00,2024-01-29 08:00:00+00:00,1706515200000,0.0001
2024-01-29 12:00:00+00:00,2024-01-29 08:00:00+00:00,1706515200000,0.0001
2024-01-29 16:00:00+00:00,2024-01-29 16:00:00+00:00,1706544000000,0.0001
2024-01-29 20:00:00+00:00,2024-01-29 16:00:00+00:00,1706544000000,0.0001
2024-01-30 00:00:00+00:00,2024-01-30 00:00:00+00:00,1706572800000,0.0001
2024-01-30 04:00:00+00:00,2024-01-30 00:00:00+00:00,1706572800000,0.0001
2024-01-30 08:00:00+00:00,2024-01-30 08:00:00+00:00,1706601600000,0.0001
2024-01-30 12:00:00+00:00,2024-01-30 08:00:00+00:00,1706601600000,0.0001
2024-01-30 16:00:00+00:00,2024-01-30 16:00:00+00:00,1706630400000,0.0001
2024-01-30 20:00:00+00:00,2024-01-30 16:00:00+00:00,1706630400000,0.0001
2024-01-31 00:00:00+00:00,2024-01-31 00:00:00+00:00,1706659200000,0.0001
2024-01-31 04:00:00+00:00,2024-01-31 00:00:00+00:00,1706659200000,0.0001
2024-01-31 08:00:00+00:00,2024-01-31 08:00:00+00:00,1706688000000,0.0001
2024-01-31 12:00:00+00:00,2024-01-31 08:00:00+00:00,1706688000000,0.0001
2024-01-31 16:00:00+00:00,2024-01-31 16:00:00+00:00,1706716800000,0.0001
2024-01-31 20:00:00+00:00,2024-01-31 16:00:00+00:00,1706716800000,0.0001
2024-02-01 00:00:00+00:00,2024-02-01 00:00:00+00:00,1706745600000,0.0001
2024-02-01 04:00:00+00:00,2024-02-01 00:00:00+00:00,1706745600000,0.0001
2024-02-01 08:00:00+00:00,2024-02-01 08:00:00+00:00,1706774400000,5.823e-05
2024-02-01 12:00:00+00:00,2024-02-01 08:00:00+00:00,1706774400000,5.823e-05
2024-02-01 16:00:00+00:00,2024-02-01 16:00:00+00:00,1706803200000,0.0001
2024-02-01 20:00:00+00:00,2024-02-01 16:00:00+00:00,1706803200000,0.0001
2024-02-02 00:00:00+00:00,2024-02-02 00:00:00+00:00,1706832000000,0.0001
2024-02-02 04:00:00+00:00,2024-02-02 00:00:00+00:00,1706832000000,0.0001
2024-02-02 08:00:00+00:00,2024-02-02 08:00:00+00:00,1706860800000,0.0001
2024-02-02 12:00:00+00:00,2024-02-02 08:00:00+00:00,1706860800000,0.0001
2024-02-02 16:00:00+00:00,2024-02-02 16:00:00+00:00,1706889600000,0.0001
2024-02-02 20:00:00+00:00,2024-02-02 16:00:00+00:00,1706889600000,0.0001
2024-02-03 00:00:00+00:00,2024-02-03 00:00:00+00:00,1706918400000,0.0001
2024-02-03 04:00:00+00:00,2024-02-03 00:00:00+00:00,1706918400000,0.0001
2024-02-03 08:00:00+00:00,2024-02-03 08:00:00+00:00,1706947200000,0.0001
2024-02-03 12:00:00+00:00,2024-02-03 08:00:00+00:00,1706947200000,0.0001
2024-02-03 16:00:00+00:00,2024-02-03 16:00:00+00:00,1706976000000,0.0001
2024-02-03 20:00:00+00:00,2024-02-03 16:00:00+00:00,1706976000000,0.0001
2024-02-04 00:00:00+00:00,2024-02-04 00:00:00+00:00,1707004800000,0.0001
2024-02-04 04:00:00+00:00,2024-02-04 00:00:00+00:00,1707004800000,0.0001
2024-02-04 08:00:00+00:00,2024-02-04 08:00:00+00:00,1707033600000,0.0001
2024-02-04 12:00:00+00:00,2024-02-04 08:00:00+00:00,1707033600000,0.0001
2024-02-04 16:00:00+00:00,2024-02-04 16:00:00+00:00,1707062400000,0.0001
2024-02-04 20:00:00+00:00,2024-02-04 16:00:00+00:00,1707062400000,0.0001
2024-02-05 00:00:00+00:00,2024-02-05 00:00:00+00:00,1707091200000,0.0001
2024-02-05 04:00:00+00:00,2024-02-05 00:00:00+00:00,1707091200000,0.0001
2024-02-05 08:00:00+00:00,2024-02-05 08:00:00+00:00,1707120000000,0.0001
2024-02-05 12:00:00+00:00,2024-02-05 08:00:00+00:00,1707120000000,0.0001
2024-02-05 16:00:00+00:00,2024-02-05 16:00:00+00:00,1707148800000,0.0001
2024-02-05 20:00:00+00:00,2024-02-05 16:00:00+00:00,1707148800000,0.0001
2024-02-06 00:00:00+00:00,2024-02-06 00:00:00+00:00,1707177600000,0.0001
2024-02-06 04:00:00+00:00,2024-02-06 00:00:00+00:00,1707177600000,0.0001
2024-02-06 08:00:00+00:00,2024-02-06 08:00:00+00:00,1707206400000,0.0001
2024-02-06 12:00:00+00:00,2024-02-06 08:00:00+00:00,1707206400000,0.0001
2024-02-06 16:00:00+00:00,2024-02-06 16:00:00+00:00,1707235200000,0.0001
2024-02-06 20:00:00+00:00,2024-02-06 16:00:00+00:00,1707235200000,0.0001
2024-02-07 00:00:00+00:00,2024-02-07 00:00:00+00:00,1707264000000,0.0001
2024-02-07 04:00:00+00:00,2024-02-07 00:00:00+00:00,1707264000000,0.0001
2024-02-07 08:00:00+00:00,2024-02-07 08:00:00+00:00,1707292800000,0.0001
2024-02-07 12:00:00+00:00,2024-02-07 08:00:00+00:00,1707292800000,0.0001
2024-02-07 16:00:00+00:00,2024-02-07 16:00:00+00:00,1707321600000,0.0001
2024-02-07 20:00:00+00:00,2024-02-07 16:00:00+00:00,1707321600000,0.0001
2024-02-08 00:00:00+00:00,2024-02-08 00:00:00+00:00,1707350400000,0.0001
2024-02-08 04:00:00+00:00,2024-02-08 00:00:00+00:00,1707350400000,0.0001
2024-02-08 08:00:00+00:00,2024-02-08 08:00:00+00:00,1707379200000,0.0001
2024-02-08 12:00:00+00:00,2024-02-08 08:00:00+00:00,1707379200000,0.0001
2024-02-08 16:00:00+00:00,2024-02-08 16:00:00+00:00,1707408000000,0.0001
2024-02-08 20:00:00+00:00,2024-02-08 16:00:00+00:00,1707408000000,0.0001
2024-02-09 00:00:00+00:00,2024-02-09 00:00:00+00:00,1707436800000,0.0001
2024-02-09 04:00:00+00:00,2024-02-09 00:00:00+00:00,1707436800000,0.0001
2024-02-09 08:00:00+00:00,2024-02-09 08:00:00+00:00,1707465600000,0.0001
2024-02-09 12:00:00+00:00,2024-02-09 08:00:00+00:00,1707465600000,0.0001
2024-02-09 16:00:00+00:00,2024-02-09 16:00:00+00:00,1707494400000,0.0001
2024-02-09 20:00:00+00:00,2024-02-09 16:00:00+00:00,1707494400000,0.0001
2024-02-10 00:00:00+00:00,2024-02-10 00:00:00+00:00,1707523200000,0.0001
2024-02-10 04:00:00+00:00,2024-02-10 00:00:00+00:00,1707523200000,0.0001
2024-02-10 08:00:00+00:00,2024-02-10 08:00:00+00:00,1707552000000,0.0001
2024-02-10 12:00:00+00:00,2024-02-10 08:00:00+00:00,1707552000000,0.0001
2024-02-10 16:00:00+00:00,2024-02-10 16:00:00+00:00,1707580800000,0.0001
2024-02-10 20:00:00+00:00,2024-02-10 16:00:00+00:00,1707580800000,0.0001
2024-02-11 00:00:00+00:00,2024-02-11 00:00:00+00:00,1707609600000,0.0001
2024-02-11 04:00:00+00:00,2024-02-11 00:00:00+00:00,1707609600000,0.0001
2024-02-11 08:00:00+00:00,2024-02-11 08:00:00+00:00,1707638400000,0.0001
2024-02-11 12:00:00+00:00,2024-02-11 08:00:00+00:00,1707638400000,0.0001
2024-02-11 16:00:00+00:00,2024-02-11 16:00:00+00:00,1707667200000,0.0001
2024-02-11 20:00:00+00:00,2024-02-11 16:00:00+00:00,1707667200000,0.0001
2024-02-12 00:00:00+00:00,2024-02-12 00:00:00+00:00,1707696000000,0.0001
2024-02-12 04:00:00+00:00,2024-02-12 00:00:00+00:00,1707696000000,0.0001
2024-02-12 08:00:00+00:00,2024-02-12 08:00:00+00:00,1707724800000,0.0001
2024-02-12 12:00:00+00:00,2024-02-12 08:00:00+00:00,1707724800000,0.0001
2024-02-12 16:00:00+00:00,2024-02-12 16:00:00+00:00,1707753600000,0.0001
2024-02-12 20:00:00+00:00,2024-02-12 16:00:00+00:00,1707753600000,0.0001
2024-02-13 00:00:00+00:00,2024-02-13 00:00:00+00:00,1707782400000,0.0001
2024-02-13 04:00:00+00:00,2024-02-13 00:00:00+00:00,1707782400000,0.0001
2024-02-13 08:00:00+00:00,2024-02-13 08:00:00+00:00,1707811200000,0.00025937
2024-02-13 12:00:00+00:00,2024-02-13 08:00:00+00:00,1707811200000,0.00025937
2024-02-13 16:00:00+00:00,2024-02-13 16:00:00+00:00,1707840000000,0.00010131
2024-02-13 20:00:00+00:00,2024-02-13 16:00:00+00:00,1707840000000,0.00010131
2024-02-14 00:00:00+00:00,2024-02-14 00:00:00+00:00,1707868800000,0.0001
2024-02-14 04:00:00+00:00,2024-02-14 00:00:00+00:00,1707868800000,0.0001
2024-02-14 08:00:00+00:00,2024-02-14 08:00:00+00:00,1707897600000,0.0001
2024-02-14 12:00:00+00:00,2024-02-14 08:00:00+00:00,1707897600000,0.0001
2024-02-14 16:00:00+00:00,2024-02-14 16:00:00+00:00,1707926400000,0.00022007
2024-02-14 20:00:00+00:00,2024-02-14 16:00:00+00:00,1707926400000,0.00022007
2024-02-15 00:00:00+00:00,2024-02-15 00:00:00+00:00,1707955200000,0.0001
2024-02-15 04:00:00+00:00,2024-02-15 00:00:00+00:00,1707955200000,0.0001
2024-02-15 08:00:00+00:00,2024-02-15 08:00:00+00:00,1707984000000,0.0001
2024-02-15 12:00:00+00:00,2024-02-15 08:00:00+00:00,1707984000000,0.0001
2024-02-15 16:00:00+00:00,2024-02-15 16:00:00+00:00,1708012800000,0.00014198
2024-02-15 20:00:00+00:00,2024-02-15 16:00:00+00:00,1708012800000,0.00014198
2024-02-16 00:00:00+00:00,2024-02-16 00:00:00+00:00,1708041600000,0.0001
2024-02-16 04:00:00+00:00,2024-02-16 00:00:00+00:00,1708041600000,0.0001
2024-02-16 08:00:00+00:00,2024-02-16 08:00:00+00:00,1708070400000,0.00026404
2024-02-16 12:00:00+00:00,2024-02-16 08:00:00+00:00,1708070400000,0.00026404
2024-02-16 16:00:00+00:00,2024-02-16 16:00:00+00:00,1708099200000,0.0001
2024-02-16 20:00:00+00:00,2024-02-16 16:00:00+00:00,1708099200000,0.0001
2024-02-17 00:00:00+00:00,2024-02-17 00:00:00+00:00,1708128000000,0.00016129
2024-02-17 04:00:00+00:00,2024-02-17 00:00:00+00:00,1708128000000,0.00016129
2024-02-17 08:00:00+00:00,2024-02-17 08:00:00+00:00,1708156800000,0.00020728
2024-02-17 12:00:00+00:00,2024-02-17 08:00:00+00:00,1708156800000,0.00020728
2024-02-17 16:00:00+00:00,2024-02-17 16:00:00+00:00,1708185600000,0.0001
2024-02-17 20:00:00+00:00,2024-02-17 16:00:00+00:00,1708185600000,0.0001
2024-02-18 00:00:00+00:00,2024-02-18 00:00:00+00:00,1708214400000,0.0001
2024-02-18 04:00:00+00:00,2024-02-18 00:00:00+00:00,1708214400000,0.0001
2024-02-18 08:00:00+00:00,2024-02-18 08:00:00+00:00,1708243200000,0.0001
2024-02-18 12:00:00+00:00,2024-02-18 08:00:00+00:00,1708243200000,0.0001
2024-02-18 16:00:00+00:00,2024-02-18 16:00:00+00:00,1708272000000,0.00011442
2024-02-18 20:00:00+00:00,2024-02-18 16:00:00+00:00,1708272000000,0.00011442
2024-02-19 00:00:00+00:00,2024-02-19 00:00:00+00:00,1708300800000,0.00016591
2024-02-19 04:00:00+00:00,2024-02-19 00:00:00+00:00,1708300800000,0.00016591
2024-02-19 08:00:00+00:00,2024-02-19 08:00:00+00:00,1708329600000,0.00019888
2024-02-19 12:00:00+00:00,2024-02-19 08:00:00+00:00,1708329600000,0.00019888
2024-02-19 16:00:00+00:00,2024-02-19 16:00:00+00:00,1708358400000,0.00029329
2024-02-19 20:00:00+00:00,2024-02-19 16:00:00+00:00,1708358400000,0.00029329
2024-02-20 00:00:00+00:00,2024-02-20 00:00:00+00:00,1708387200000,0.00042516
2024-02-20 04:00:00+00:00,2024-02-20 00:00:00+00:00,1708387200000,0.00042516
2024-02-20 08:00:00+00:00,2024-02-20 08:00:00+00:00,1708416000000,0.00030604
2024-02-20 12:00:00+00:00,2024-02-20 08:00:00+00:00,1708416000000,0.00030604
2024-02-20 16:00:00+00:00,2024-02-20 16:00:00+00:00,1708444800000,0.0001992
2024-02-20 20:00:00+00:00,2024-02-20 16:00:00+00:00,1708444800000,0.0001992
2024-02-21 00:00:00+00:00,2024-02-21 00:00:00+00:00,1708473600000,0.0001
2024-02-21 04:00:00+00:00,2024-02-21 00:00:00+00:00,1708473600000,0.0001
2024-02-21 08:00:00+00:00,2024-02-21 08:00:00+00:00,1708502400000,0.0001
2024-02-21 12:00:00+00:00,2024-02-21 08:00:00+00:00,1708502400000,0.0001
2024-02-21 16:00:00+00:00,2024-02-21 16:00:00+00:00,1708531200000,0.0001
2024-02-21 20:00:00+00:00,2024-02-21 16:00:00+00:00,1708531200000,0.0001
2024-02-22 00:00:00+00:00,2024-02-22 00:00:00+00:00,1708560000000,0.0001
2024-02-22 04:00:00+00:00,2024-02-22 00:00:00+00:00,1708560000000,0.0001
2024-02-22 08:00:00+00:00,2024-02-22 08:00:00+00:00,1708588800000,0.0001
2024-02-22 12:00:00+00:00,2024-02-22 08:00:00+00:00,1708588800000,0.0001
2024-02-22 16:00:00+00:00,2024-02-22 16:00:00+00:00,1708617600000,0.0001
2024-02-22 20:00:00+00:00,2024-02-22 16:00:00+00:00,1708617600000,0.0001
2024-02-23 00:00:00+00:00,2024-02-23 00:00:00+00:00,1708646400000,0.0001
2024-02-23 04:00:00+00:00,2024-02-23 00:00:00+00:00,1708646400000,0.0001
2024-02-23 08:00:00+00:00,2024-02-23 08:00:00+00:00,1708675200000,0.00011732
2024-02-23 12:00:00+00:00,2024-02-23 08:00:00+00:00,1708675200000,0.00011732
2024-02-23 16:00:00+00:00,2024-02-23 16:00:00+00:00,1708704000000,0.00013271
2024-02-23 20:00:00+00:00,2024-02-23 16:00:00+00:00,1708704000000,0.00013271
2024-02-24 00:00:00+00:00,2024-02-24 00:00:00+00:00,1708732800000,0.0001
2024-02-24 04:00:00+00:00,2024-02-24 00:00:00+00:00,1708732800000,0.0001
2024-02-24 08:00:00+00:00,2024-02-24 08:00:00+00:00,1708761600000,0.00021572
2024-02-24 12:00:00+00:00,2024-02-24 08:00:00+00:00,1708761600000,0.00021572
2024-02-24 16:00:00+00:00,2024-02-24 16:00:00+00:00,1708790400000,0.00035467
2024-02-24 20:00:00+00:00,2024-02-24 16:00:00+00:00,1708790400000,0.00035467
2024-02-25 00:00:00+00:00,2024-02-25 00:00:00+00:00,1708819200000,0.00034049
2024-02-25 04:00:00+00:00,2024-02-25 00:00:00+00:00,1708819200000,0.00034049
2024-02-25 08:00:00+00:00,2024-02-25 08:00:00+00:00,1708848000000,0.00038558
2024-02-25 12:00:00+00:00,2024-02-25 08:00:00+00:00,1708848000000,0.00038558
2024-02-25 16:00:00+00:00,2024-02-25 16:00:00+00:00,1708876800000,0.00045779
2024-02-25 20:00:00+00:00,2024-02-25 16:00:00+00:00,1708876800000,0.00045779
2024-02-26 00:00:00+00:00,2024-02-26 00:00:00+00:00,1708905600000,0.00062858
2024-02-26 04:00:00+00:00,2024-02-26 00:00:00+00:00,1708905600000,0.00062858
2024-02-26 08:00:00+00:00,2024-02-26 08:00:00+00:00,1708934400000,0.00050902
2024-02-26 12:00:00+00:00,2024-02-26 08:00:00+00:00,1708934400000,0.00050902
2024-02-26 16:00:00+00:00,2024-02-26 16:00:00+00:00,1708963200000,0.00022305
2024-02-26 20:00:00+00:00,2024-02-26 16:00:00+00:00,1708963200000,0.00022305
2024-02-27 00:00:00+00:00,2024-02-27 00:00:00+00:00,1708992000000,0.00073161
2024-02-27 04:00:00+00:00,2024-02-27 00:00:00+00:00,1708992000000,0.00073161
2024-02-27 08:00:00+00:00,2024-02-27 08:00:00+00:00,1709020800000,0.00081327
2024-02-27 12:00:00+00:00,2024-02-27 08:00:00+00:00,1709020800000,0.00081327
2024-02-27 16:00:00+00:00,2024-02-27 16:00:00+00:00,1709049600000,0.00060503
2024-02-27 20:00:00+00:00,2024-02-27 16:00:00+00:00,1709049600000,0.00060503
2024-02-28 00:00:00+00:00,2024-02-28 00:00:00+00:00,1709078400000,0.0003806
2024-02-28 04:00:00+00:00,2024-02-28 00:00:00+00:00,1709078400000,0.0003806
2024-02-28 08:00:00+00:00,2024-02-28 08:00:00+00:00,1709107200000,0.00054957
2024-02-28 12:00:00+00:00,2024-02-28 08:00:00+00:00,1709107200000,0.00054957
2024-02-28 16:00:00+00:00,2024-02-28 16:00:00+00:00,1709136000000,0.00066762
2024-02-28 20:00:00+00:00,2024-02-28 16:00:00+00:00,1709136000000,0.00066762
2024-02-29 00:00:00+00:00,2024-02-29 00:00:00+00:00,1709164800000,0.00086307
2024-02-29 04:00:00+00:00,2024-02-29 00:00:00+00:00,1709164800000,0.00086307
2024-02-29 08:00:00+00:00,2024-02-29 08:00:00+00:00,1709193600000,0.00100496
2024-02-29 12:00:00+00:00,2024-02-29 08:00:00+00:00,1709193600000,0.00100496
2024-02-29 16:00:00+00:00,2024-02-29 16:00:00+00:00,1709222400000,0.00084785
2024-02-29 20:00:00+00:00,2024-02-29 16:00:00+00:00,1709222400000,0.00084785
2024-03-01 00:00:00+00:00,2024-03-01 00:00:00+00:00,1709251200000,0.0004891
2024-03-01 04:00:00+00:00,2024-03-01 00:00:00+00:00,1709251200000,0.0004891
2024-03-01 08:00:00+00:00,2024-03-01 08:00:00+00:00,1709280000000,0.00049605
2024-03-01 12:00:00+00:00,2024-03-01 08:00:00+00:00,1709280000000,0.00049605
2024-03-01 16:00:00+00:00,2024-03-01 16:00:00+00:00,1709308800000,0.00051148
2024-03-01 20:00:00+00:00,2024-03-01 16:00:00+00:00,1709308800000,0.00051148
2024-03-02 00:00:00+00:00,2024-03-02 00:00:00+00:00,1709337600000,0.00046136
2024-03-02 04:00:00+00:00,2024-03-02 00:00:00+00:00,1709337600000,0.00046136
2024-03-02 08:00:00+00:00,2024-03-02 08:00:00+00:00,1709366400000,0.00041764
2024-03-02 12:00:00+00:00,2024-03-02 08:00:00+00:00,1709366400000,0.00041764
2024-03-02 16:00:00+00:00,2024-03-02 16:00:00+00:00,1709395200000,0.0005891
2024-03-02 20:00:00+00:00,2024-03-02 16:00:00+00:00,1709395200000,0.0005891
2024-03-03 00:00:00+00:00,2024-03-03 00:00:00+00:00,1709424000000,0.00086223
2024-03-03 04:00:00+00:00,2024-03-03 00:00:00+00:00,1709424000000,0.00086223
2024-03-03 08:00:00+00:00,2024-03-03 08:00:00+00:00,1709452800000,0.00072381
2024-03-03 12:00:00+00:00,2024-03-03 08:00:00+00:00,1709452800000,0.00072381
2024-03-03 16:00:00+00:00,2024-03-03 16:00:00+00:00,1709481600000,0.00060849
2024-03-03 20:00:00+00:00,2024-03-03 16:00:00+00:00,1709481600000,0.00060849
2024-03-04 00:00:00+00:00,2024-03-04 00:00:00+00:00,1709510400000,0.00071348
2024-03-04 04:00:00+00:00,2024-03-04 00:00:00+00:00,1709510400000,0.00071348
2024-03-04 08:00:00+00:00,2024-03-04 08:00:00+00:00,1709539200000,0.00066946
2024-03-04 12:00:00+00:00,2024-03-04 08:00:00+00:00,1709539200000,0.00066946
2024-03-04 16:00:00+00:00,2024-03-04 16:00:00+00:00,1709568000000,0.00081939
2024-03-04 20:00:00+00:00,2024-03-04 16:00:00+00:00,1709568000000,0.00081939
2024-03-05 00:00:00+00:00,2024-03-05 00:00:00+00:00,1709596800000,0.00055222
2024-03-05 04:00:00+00:00,2024-03-05 00:00:00+00:00,1709596800000,0.00055222
2024-03-05 08:00:00+00:00,2024-03-05 08:00:00+00:00,1709625600000,0.00095478
2024-03-05 12:00:00+00:00,2024-03-05 08:00:00+00:00,1709625600000,0.00095478
2024-03-05 16:00:00+00:00,2024-03-05 16:00:00+00:00,1709654400000,0.00138762
2024-03-05 20:00:00+00:00,2024-03-05 16:00:00+00:00,1709654400000,0.00138762
2024-03-06 00:00:00+00:00,2024-03-06 00:00:00+00:00,1709683200000,0.0001
2024-03-06 04:00:00+00:00,2024-03-06 00:00:00+00:00,1709683200000,0.0001
2024-03-06 08:00:00+00:00,2024-03-06 08:00:00+00:00,1709712000000,0.00020596
2024-03-06 12:00:00+00:00,2024-03-06 08:00:00+00:00,1709712000000,0.00020596
2024-03-06 16:00:00+00:00,2024-03-06 16:00:00+00:00,1709740800000,0.00033512
2024-03-06 20:00:00+00:00,2024-03-06 16:00:00+00:00,1709740800000,0.00033512
2024-03-07 00:00:00+00:00,2024-03-07 00:00:00+00:00,1709769600000,0.00042196
2024-03-07 04:00:00+00:00,2024-03-07 00:00:00+00:00,1709769600000,0.00042196
2024-03-07 08:00:00+00:00,2024-03-07 08:00:00+00:00,1709798400000,0.00027558
2024-03-07 12:00:00+00:00,2024-03-07 08:00:00+00:00,1709798400000,0.00027558
2024-03-07 16:00:00+00:00,2024-03-07 16:00:00+00:00,1709827200000,0.00095988
2024-03-07 20:00:00+00:00,2024-03-07 16:00:00+00:00,1709827200000,0.00095988
2024-03-08 00:00:00+00:00,2024-03-08 00:00:00+00:00,1709856000000,0.00099979
2024-03-08 04:00:00+00:00,2024-03-08 00:00:00+00:00,1709856000000,0.00099979
2024-03-08 08:00:00+00:00,2024-03-08 08:00:00+00:00,1709884800000,0.00071383
2024-03-08 12:00:00+00:00,2024-03-08 08:00:00+00:00,1709884800000,0.00071383
2024-03-08 16:00:00+00:00,2024-03-08 16:00:00+00:00,1709913600000,0.00061268
2024-03-08 20:00:00+00:00,2024-03-08 16:00:00+00:00,1709913600000,0.00061268
2024-03-09 00:00:00+00:00,2024-03-09 00:00:00+00:00,1709942400000,0.00023571
2024-03-09 04:00:00+00:00,2024-03-09 00:00:00+00:00,1709942400000,0.00023571
2024-03-09 08:00:00+00:00,2024-03-09 08:00:00+00:00,1709971200000,0.00047139
2024-03-09 12:00:00+00:00,2024-03-09 08:00:00+00:00,1709971200000,0.00047139
2024-03-09 16:00:00+00:00,2024-03-09 16:00:00+00:00,1710000000000,0.00059037
2024-03-09 20:00:00+00:00,2024-03-09 16:00:00+00:00,1710000000000,0.00059037
2024-03-10 00:00:00+00:00,2024-03-10 00:00:00+00:00,1710028800000,0.00056979
2024-03-10 04:00:00+00:00,2024-03-10 00:00:00+00:00,1710028800000,0.00056979
2024-03-10 08:00:00+00:00,2024-03-10 08:00:00+00:00,1710057600000,0.00088335
2024-03-10 12:00:00+00:00,2024-03-10 08:00:00+00:00,1710057600000,0.00088335
2024-03-10 16:00:00+00:00,2024-03-10 16:00:00+00:00,1710086400000,0.00044047
2024-03-10 20:00:00+00:00,2024-03-10 16:00:00+00:00,1710086400000,0.00044047
2024-03-11 00:00:00+00:00,2024-03-11 00:00:00+00:00,1710115200000,0.00039871
2024-03-11 04:00:00+00:00,2024-03-11 00:00:00+00:00,1710115200000,0.00039871
2024-03-11 08:00:00+00:00,2024-03-11 08:00:00+00:00,1710144000000,0.00044333
2024-03-11 12:00:00+00:00,2024-03-11 08:00:00+00:00,1710144000000,0.00044333
2024-03-11 16:00:00+00:00,2024-03-11 16:00:00+00:00,1710172800000,0.0007588
2024-03-11 20:00:00+00:00,2024-03-11 16:00:00+00:00,1710172800000,0.0007588
2024-03-12 00:00:00+00:00,2024-03-12 00:00:00+00:00,1710201600000,0.00083745
2024-03-12 04:00:00+00:00,2024-03-12 00:00:00+00:00,1710201600000,0.00083745
2024-03-12 08:00:00+00:00,2024-03-12 08:00:00+00:00,1710230400000,0.00059247
2024-03-12 12:00:00+00:00,2024-03-12 08:00:00+00:00,1710230400000,0.00059247
2024-03-12 16:00:00+00:00,2024-03-12 16:00:00+00:00,1710259200000,0.00072737
2024-03-12 20:00:00+00:00,2024-03-12 16:00:00+00:00,1710259200000,0.00072737
2024-03-13 00:00:00+00:00,2024-03-13 00:00:00+00:00,1710288000000,0.00073323
2024-03-13 04:00:00+00:00,2024-03-13 00:00:00+00:00,1710288000000,0.00073323
2024-03-13 08:00:00+00:00,2024-03-13 08:00:00+00:00,1710316800000,0.00093147
2024-03-13 12:00:00+00:00,2024-03-13 08:00:00+00:00,1710316800000,0.00093147
2024-03-13 16:00:00+00:00,2024-03-13 16:00:00+00:00,1710345600000,0.00088756
2024-03-13 20:00:00+00:00,2024-03-13 16:00:00+00:00,1710345600000,0.00088756
2024-03-14 00:00:00+00:00,2024-03-14 00:00:00+00:00,1710374400000,0.00054055
2024-03-14 04:00:00+00:00,2024-03-14 00:00:00+00:00,1710374400000,0.00054055
2024-03-14 08:00:00+00:00,2024-03-14 08:00:00+00:00,1710403200000,0.00069996
2024-03-14 12:00:00+00:00,2024-03-14 08:00:00+00:00,1710403200000,0.00069996
2024-03-14 16:00:00+00:00,2024-03-14 16:00:00+00:00,1710432000000,0.00067145
2024-03-14 20:00:00+00:00,2024-03-14 16:00:00+00:00,1710432000000,0.00067145
2024-03-15 00:00:00+00:00,2024-03-15 00:00:00+00:00,1710460800000,0.00088781
2024-03-15 04:00:00+00:00,2024-03-15 00:00:00+00:00,1710460800000,0.00088781
2024-03-15 08:00:00+00:00,2024-03-15 08:00:00+00:00,1710489600000,0.0003007
2024-03-15 12:00:00+00:00,2024-03-15 08:00:00+00:00,1710489600000,0.0003007
2024-03-15 16:00:00+00:00,2024-03-15 16:00:00+00:00,1710518400000,0.00022134
2024-03-15 20:00:00+00:00,2024-03-15 16:00:00+00:00,1710518400000,0.00022134
2024-03-16 00:00:00+00:00,2024-03-16 00:00:00+00:00,1710547200000,0.00017657
2024-03-16 04:00:00+00:00,2024-03-16 00:00:00+00:00,1710547200000,0.00017657
2024-03-16 08:00:00+00:00,2024-03-16 08:00:00+00:00,1710576000000,0.0001
2024-03-16 12:00:00+00:00,2024-03-16 08:00:00+00:00,1710576000000,0.0001
2024-03-16 16:00:00+00:00,2024-03-16 16:00:00+00:00,1710604800000,0.0001
2024-03-16 20:00:00+00:00,2024-03-16 16:00:00+00:00,1710604800000,0.0001
2024-03-17 00:00:00+00:00,2024-03-17 00:00:00+00:00,1710633600000,0.0001
2024-03-17 04:00:00+00:00,2024-03-17 00:00:00+00:00,1710633600000,0.0001
2024-03-17 08:00:00+00:00,2024-03-17 08:00:00+00:00,1710662400000,0.0001
2024-03-17 12:00:00+00:00,2024-03-17 08:00:00+00:00,1710662400000,0.0001
2024-03-17 16:00:00+00:00,2024-03-17 16:00:00+00:00,1710691200000,0.0001
2024-03-17 20:00:00+00:00,2024-03-17 16:00:00+00:00,1710691200000,0.0001
2024-03-18 00:00:00+00:00,2024-03-18 00:00:00+00:00,1710720000000,0.00016141
2024-03-18 04:00:00+00:00,2024-03-18 00:00:00+00:00,1710720000000,0.00016141
2024-03-18 08:00:00+00:00,2024-03-18 08:00:00+00:00,1710748800000,0.00031725
2024-03-18 12:00:00+00:00,2024-03-18 08:00:00+00:00,1710748800000,0.00031725
2024-03-18 16:00:00+00:00,2024-03-18 16:00:00+00:00,1710777600000,0.0002486
2024-03-18 20:00:00+00:00,2024-03-18 16:00:00+00:00,1710777600000,0.0002486
2024-03-19 00:00:00+00:00,2024-03-19 00:00:00+00:00,1710806400000,0.0001
2024-03-19 04:00:00+00:00,2024-03-19 00:00:00+00:00,1710806400000,0.0001
2024-03-19 08:00:00+00:00,2024-03-19 08:00:00+00:00,1710835200000,0.0001
2024-03-19 12:00:00+00:00,2024-03-19 08:00:00+00:00,1710835200000,0.0001
2024-03-19 16:00:00+00:00,2024-03-19 16:00:00+00:00,1710864000000,0.0001
2024-03-19 20:00:00+00:00,2024-03-19 16:00:00+00:00,1710864000000,0.0001
2024-03-20 00:00:00+00:00,2024-03-20 00:00:00+00:00,1710892800000,0.0001
2024-03-20 04:00:00+00:00,2024-03-20 00:00:00+00:00,1710892800000,0.0001
2024-03-20 08:00:00+00:00,2024-03-20 08:00:00+00:00,1710921600000,0.0001
2024-03-20 12:00:00+00:00,2024-03-20 08:00:00+00:00,1710921600000,0.0001
2024-03-20 16:00:00+00:00,2024-03-20 16:00:00+00:00,1710950400000,0.0001
2024-03-20 20:00:00+00:00,2024-03-20 16:00:00+00:00,1710950400000,0.0001
2024-03-21 00:00:00+00:00,2024-03-21 00:00:00+00:00,1710979200000,0.0001
2024-03-21 04:00:00+00:00,2024-03-21 00:00:00+00:00,1710979200000,0.0001
2024-03-21 08:00:00+00:00,2024-03-21 08:00:00+00:00,1711008000000,0.0001
2024-03-21 12:00:00+00:00,2024-03-21 08:00:00+00:00,1711008000000,0.0001
2024-03-21 16:00:00+00:00,2024-03-21 16:00:00+00:00,1711036800000,0.0001
2024-03-21 20:00:00+00:00,2024-03-21 16:00:00+00:00,1711036800000,0.0001
2024-03-22 00:00:00+00:00,2024-03-22 00:00:00+00:00,1711065600000,0.00019794
2024-03-22 04:00:00+00:00,2024-03-22 00:00:00+00:00,1711065600000,0.00019794
2024-03-22 08:00:00+00:00,2024-03-22 08:00:00+00:00,1711094400000,0.0001
2024-03-22 12:00:00+00:00,2024-03-22 08:00:00+00:00,1711094400000,0.0001
2024-03-22 16:00:00+00:00,2024-03-22 16:00:00+00:00,1711123200000,0.00011371
2024-03-22 20:00:00+00:00,2024-03-22 16:00:00+00:00,1711123200000,0.00011371
2024-03-23 00:00:00+00:00,2024-03-23 00:00:00+00:00,1711152000000,0.0001
2024-03-23 04:00:00+00:00,2024-03-23 00:00:00+00:00,1711152000000,0.0001
2024-03-23 08:00:00+00:00,2024-03-23 08:00:00+00:00,1711180800000,0.0001
2024-03-23 12:00:00+00:00,2024-03-23 08:00:00+00:00,1711180800000,0.0001
2024-03-23 16:00:00+00:00,2024-03-23 16:00:00+00:00,1711209600000,0.0001
2024-03-23 20:00:00+00:00,2024-03-23 16:00:00+00:00,1711209600000,0.0001
2024-03-24 00:00:00+00:00,2024-03-24 00:00:00+00:00,1711238400000,0.0001
2024-03-24 04:00:00+00:00,2024-03-24 00:00:00+00:00,1711238400000,0.0001
2024-03-24 08:00:00+00:00,2024-03-24 08:00:00+00:00,1711267200000,0.00010394
2024-03-24 12:00:00+00:00,2024-03-24 08:00:00+00:00,1711267200000,0.00010394
2024-03-24 16:00:00+00:00,2024-03-24 16:00:00+00:00,1711296000000,0.0001713
2024-03-24 20:00:00+00:00,2024-03-24 16:00:00+00:00,1711296000000,0.0001713
2024-03-25 00:00:00+00:00,2024-03-25 00:00:00+00:00,1711324800000,0.00019095
2024-03-25 04:00:00+00:00,2024-03-25 00:00:00+00:00,1711324800000,0.00019095
2024-03-25 08:00:00+00:00,2024-03-25 08:00:00+00:00,1711353600000,0.0001975
2024-03-25 12:00:00+00:00,2024-03-25 08:00:00+00:00,1711353600000,0.0001975
2024-03-25 16:00:00+00:00,2024-03-25 16:00:00+00:00,1711382400000,0.00020806
2024-03-25 20:00:00+00:00,2024-03-25 16:00:00+00:00,1711382400000,0.00020806
2024-03-26 00:00:00+00:00,2024-03-26 00:00:00+00:00,1711411200000,0.00023529
2024-03-26 04:00:00+00:00,2024-03-26 00:00:00+00:00,1711411200000,0.00023529
2024-03-26 08:00:00+00:00,2024-03-26 08:00:00+00:00,1711440000000,0.00042242
2024-03-26 12:00:00+00:00,2024-03-26 08:00:00+00:00,1711440000000,0.00042242
2024-03-26 16:00:00+00:00,2024-03-26 16:00:00+00:00,1711468800000,0.00019121
2024-03-26 20:00:00+00:00,2024-03-26 16:00:00+00:00,1711468800000,0.00019121
2024-03-27 00:00:00+00:00,2024-03-27 00:00:00+00:00,1711497600000,0.00035834
2024-03-27 04:00:00+00:00,2024-03-27 00:00:00+00:00,1711497600000,0.00035834
2024-03-27 08:00:00+00:00,2024-03-27 08:00:00+00:00,1711526400000,0.00040396
2024-03-27 12:00:00+00:00,2024-03-27 08:00:00+00:00,1711526400000,0.00040396
2024-03-27 16:00:00+00:00,2024-03-27 16:00:00+00:00,1711555200000,0.00032067
2024-03-27 20:00:00+00:00,2024-03-27 16:00:00+00:00,1711555200000,0.00032067
2024-03-28 00:00:00+00:00,2024-03-28 00:00:00+00:00,1711584000000,0.00028678
2024-03-28 04:00:00+00:00,2024-03-28 00:00:00+00:00,1711584000000,0.00028678
2024-03-28 08:00:00+00:00,2024-03-28 08:00:00+00:00,1711612800000,0.0003681
2024-03-28 12:00:00+00:00,2024-03-28 08:00:00+00:00,1711612800000,0.0003681
2024-03-28 16:00:00+00:00,2024-03-28 16:00:00+00:00,1711641600000,0.00046148
2024-03-28 20:00:00+00:00,2024-03-28 16:00:00+00:00,1711641600000,0.00046148
2024-03-29 00:00:00+00:00,2024-03-29 00:00:00+00:00,1711670400000,0.00082814
2024-03-29 04:00:00+00:00,2024-03-29 00:00:00+00:00,1711670400000,0.00082814
2024-03-29 08:00:00+00:00,2024-03-29 08:00:00+00:00,1711699200000,0.00054783
2024-03-29 12:00:00+00:00,2024-03-29 08:00:00+00:00,1711699200000,0.00054783
2024-03-29 16:00:00+00:00,2024-03-29 16:00:00+00:00,1711728000000,0.00048436
2024-03-29 20:00:00+00:00,2024-03-29 16:00:00+00:00,1711728000000,0.00048436
2024-03-30 00:00:00+00:00,2024-03-30 00:00:00+00:00,1711756800000,0.00072073
2024-03-30 04:00:00+00:00,2024-03-30 00:00:00+00:00,1711756800000,0.00072073
2024-03-30 08:00:00+00:00,2024-03-30 08:00:00+00:00,1711785600000,0.00061344
2024-03-30 12:00:00+00:00,2024-03-30 08:00:00+00:00,1711785600000,0.00061344
2024-03-30 16:00:00+00:00,2024-03-30 16:00:00+00:00,1711814400000,0.00069025
2024-03-30 20:00:00+00:00,2024-03-30 16:00:00+00:00,1711814400000,0.00069025
2024-03-31 00:00:00+00:00,2024-03-31 00:00:00+00:00,1711843200000,0.00047078
2024-03-31 04:00:00+00:00,2024-03-31 00:00:00+00:00,1711843200000,0.00047078
2024-03-31 08:00:00+00:00,2024-03-31 08:00:00+00:00,1711872000000,0.00059822
2024-03-31 12:00:00+00:00,2024-03-31 08:00:00+00:00,1711872000000,0.00059822
2024-03-31 16:00:00+00:00,2024-03-31 16:00:00+00:00,1711900800000,0.00058722
2024-03-31 20:00:00+00:00,2024-03-31 16:00:00+00:00,1711900800000,0.00058722
2024-04-01 00:00:00+00:00,2024-04-01 00:00:00+00:00,1711929600000,0.00084687
2024-04-01 04:00:00+00:00,2024-04-01 00:00:00+00:00,1711929600000,0.00084687
2024-04-01 08:00:00+00:00,2024-04-01 08:00:00+00:00,1711958400000,0.00056757
2024-04-01 12:00:00+00:00,2024-04-01 08:00:00+00:00,1711958400000,0.00056757
2024-04-01 16:00:00+00:00,2024-04-01 16:00:00+00:00,1711987200000,0.00027707
2024-04-01 20:00:00+00:00,2024-04-01 16:00:00+00:00,1711987200000,0.00027707
2024-04-02 00:00:00+00:00,2024-04-02 00:00:00+00:00,1712016000000,0.00016039
2024-04-02 04:00:00+00:00,2024-04-02 00:00:00+00:00,1712016000000,0.00016039
2024-04-02 08:00:00+00:00,2024-04-02 08:00:00+00:00,1712044800000,0.00020963
2024-04-02 12:00:00+00:00,2024-04-02 08:00:00+00:00,1712044800000,0.00020963
2024-04-02 16:00:00+00:00,2024-04-02 16:00:00+00:00,1712073600000,0.00012127
2024-04-02 20:00:00+00:00,2024-04-02 16:00:00+00:00,1712073600000,0.00012127
2024-04-03 00:00:00+00:00,2024-04-03 00:00:00+00:00,1712102400000,0.0001
2024-04-03 04:00:00+00:00,2024-04-03 00:00:00+00:00,1712102400000,0.0001
2024-04-03 08:00:00+00:00,2024-04-03 08:00:00+00:00,1712131200000,0.0001
2024-04-03 12:00:00+00:00,2024-04-03 08:00:00+00:00,1712131200000,0.0001
2024-04-03 16:00:00+00:00,2024-04-03 16:00:00+00:00,1712160000000,0.0001
2024-04-03 20:00:00+00:00,2024-04-03 16:00:00+00:00,1712160000000,0.0001
2024-04-04 00:00:00+00:00,2024-04-04 00:00:00+00:00,1712188800000,0.0001
2024-04-04 04:00:00+00:00,2024-04-04 00:00:00+00:00,1712188800000,0.0001
2024-04-04 08:00:00+00:00,2024-04-04 08:00:00+00:00,1712217600000,0.00015206
2024-04-04 12:00:00+00:00,2024-04-04 08:00:00+00:00,1712217600000,0.00015206
2024-04-04 16:00:00+00:00,2024-04-04 16:00:00+00:00,1712246400000,0.00023535
2024-04-04 20:00:00+00:00,2024-04-04 16:00:00+00:00,1712246400000,0.00023535
2024-04-05 00:00:00+00:00,2024-04-05 00:00:00+00:00,1712275200000,0.0001
2024-04-05 04:00:00+00:00,2024-04-05 00:00:00+00:00,1712275200000,0.0001
2024-04-05 08:00:00+00:00,2024-04-05 08:00:00+00:00,1712304000000,0.0001
2024-04-05 12:00:00+00:00,2024-04-05 08:00:00+00:00,1712304000000,0.0001
2024-04-05 16:00:00+00:00,2024-04-05 16:00:00+00:00,1712332800000,0.00018262
2024-04-05 20:00:00+00:00,2024-04-05 16:00:00+00:00,1712332800000,0.00018262
2024-04-06 00:00:00+00:00,2024-04-06 00:00:00+00:00,1712361600000,0.0001
2024-04-06 04:00:00+00:00,2024-04-06 00:00:00+00:00,1712361600000,0.0001
2024-04-06 08:00:00+00:00,2024-04-06 08:00:00+00:00,1712390400000,0.0001
2024-04-06 12:00:00+00:00,2024-04-06 08:00:00+00:00,1712390400000,0.0001
2024-04-06 16:00:00+00:00,2024-04-06 16:00:00+00:00,1712419200000,0.0001
2024-04-06 20:00:00+00:00,2024-04-06 16:00:00+00:00,1712419200000,0.0001
2024-04-07 00:00:00+00:00,2024-04-07 00:00:00+00:00,1712448000000,0.00010229
2024-04-07 04:00:00+00:00,2024-04-07 00:00:00+00:00,1712448000000,0.00010229
2024-04-07 08:00:00+00:00,2024-04-07 08:00:00+00:00,1712476800000,0.0001
2024-04-07 12:00:00+00:00,2024-04-07 08:00:00+00:00,1712476800000,0.0001
2024-04-07 16:00:00+00:00,2024-04-07 16:00:00+00:00,1712505600000,0.0001
2024-04-07 20:00:00+00:00,2024-04-07 16:00:00+00:00,1712505600000,0.0001
2024-04-08 00:00:00+00:00,2024-04-08 00:00:00+00:00,1712534400000,0.00035971
2024-04-08 04:00:00+00:00,2024-04-08 00:00:00+00:00,1712534400000,0.00035971
2024-04-08 08:00:00+00:00,2024-04-08 08:00:00+00:00,1712563200000,0.00011726
2024-04-08 12:00:00+00:00,2024-04-08 08:00:00+00:00,1712563200000,0.00011726
2024-04-08 16:00:00+00:00,2024-04-08 16:00:00+00:00,1712592000000,0.0001744
2024-04-08 20:00:00+00:00,2024-04-08 16:00:00+00:00,1712592000000,0.0001744
2024-04-09 00:00:00+00:00,2024-04-09 00:00:00+00:00,1712620800000,0.00026253
2024-04-09 04:00:00+00:00,2024-04-09 00:00:00+00:00,1712620800000,0.00026253
2024-04-09 08:00:00+00:00,2024-04-09 08:00:00+00:00,1712649600000,0.00027034
2024-04-09 12:00:00+00:00,2024-04-09 08:00:00+00:00,1712649600000,0.00027034
2024-04-09 16:00:00+00:00,2024-04-09 16:00:00+00:00,1712678400000,0.00021236
2024-04-09 20:00:00+00:00,2024-04-09 16:00:00+00:00,1712678400000,0.00021236
2024-04-10 00:00:00+00:00,2024-04-10 00:00:00+00:00,1712707200000,0.00032715
2024-04-10 04:00:00+00:00,2024-04-10 00:00:00+00:00,1712707200000,0.00032715
2024-04-10 08:00:00+00:00,2024-04-10 08:00:00+00:00,1712736000000,0.00029655
2024-04-10 12:00:00+00:00,2024-04-10 08:00:00+00:00,1712736000000,0.00029655
2024-04-10 16:00:00+00:00,2024-04-10 16:00:00+00:00,1712764800000,0.000145
2024-04-10 20:00:00+00:00,2024-04-10 16:00:00+00:00,1712764800000,0.000145
2024-04-11 00:00:00+00:00,2024-04-11 00:00:00+00:00,1712793600000,0.00023674
2024-04-11 04:00:00+00:00,2024-04-11 00:00:00+00:00,1712793600000,0.00023674
2024-04-11 08:00:00+00:00,2024-04-11 08:00:00+00:00,1712822400000,0.00023551
2024-04-11 12:00:00+00:00,2024-04-11 08:00:00+00:00,1712822400000,0.00023551
2024-04-11 16:00:00+00:00,2024-04-11 16:00:00+00:00,1712851200000,0.0001
2024-04-11 20:00:00+00:00,2024-04-11 16:00:00+00:00,1712851200000,0.0001
2024-04-12 00:00:00+00:00,2024-04-12 00:00:00+00:00,1712880000000,0.0001
2024-04-12 04:00:00+00:00,2024-04-12 00:00:00+00:00,1712880000000,0.0001
2024-04-12 08:00:00+00:00,2024-04-12 08:00:00+00:00,1712908800000,0.00025894
2024-04-12 12:00:00+00:00,2024-04-12 08:00:00+00:00,1712908800000,0.00025894
2024-04-12 16:00:00+00:00,2024-04-12 16:00:00+00:00,1712937600000,0.0001
2024-04-12 20:00:00+00:00,2024-04-12 16:00:00+00:00,1712937600000,0.0001
2024-04-13 00:00:00+00:00,2024-04-13 00:00:00+00:00,1712966400000,0.0001
2024-04-13 04:00:00+00:00,2024-04-13 00:00:00+00:00,1712966400000,0.0001
2024-04-13 08:00:00+00:00,2024-04-13 08:00:00+00:00,1712995200000,0.0001
2024-04-13 12:00:00+00:00,2024-04-13 08:00:00+00:00,1712995200000,0.0001
2024-04-13 16:00:00+00:00,2024-04-13 16:00:00+00:00,1713024000000,0.0001
2024-04-13 20:00:00+00:00,2024-04-13 16:00:00+00:00,1713024000000,0.0001
2024-04-14 00:00:00+00:00,2024-04-14 00:00:00+00:00,1713052800000,-6.715e-05
2024-04-14 04:00:00+00:00,2024-04-14 00:00:00+00:00,1713052800000,-6.715e-05
2024-04-14 08:00:00+00:00,2024-04-14 08:00:00+00:00,1713081600000,0.0001
2024-04-14 12:00:00+00:00,2024-04-14 08:00:00+00:00,1713081600000,0.0001
2024-04-14 16:00:00+00:00,2024-04-14 16:00:00+00:00,1713110400000,7.927e-05
2024-04-14 20:00:00+00:00,2024-04-14 16:00:00+00:00,1713110400000,7.927e-05
2024-04-15 00:00:00+00:00,2024-04-15 00:00:00+00:00,1713139200000,-6.716e-05
2024-04-15 04:00:00+00:00,2024-04-15 00:00:00+00:00,1713139200000,-6.716e-05
2024-04-15 08:00:00+00:00,2024-04-15 08:00:00+00:00,1713168000000,9.863e-05
2024-04-15 12:00:00+00:00,2024-04-15 08:00:00+00:00,1713168000000,9.863e-05
2024-04-15 16:00:00+00:00,2024-04-15 16:00:00+00:00,1713196800000,3.691e-05
2024-04-15 20:00:00+00:00,2024-04-15 16:00:00+00:00,1713196800000,3.691e-05
2024-04-16 00:00:00+00:00,2024-04-16 00:00:00+00:00,1713225600000,2.412e-05
2024-04-16 04:00:00+00:00,2024-04-16 00:00:00+00:00,1713225600000,2.412e-05
2024-04-16 08:00:00+00:00,2024-04-16 08:00:00+00:00,1713254400000,1.327e-05
2024-04-16 12:00:00+00:00,2024-04-16 08:00:00+00:00,1713254400000,1.327e-05
2024-04-16 16:00:00+00:00,2024-04-16 16:00:00+00:00,1713283200000,9.856e-05
2024-04-16 20:00:00+00:00,2024-04-16 16:00:00+00:00,1713283200000,9.856e-05
2024-04-17 00:00:00+00:00,2024-04-17 00:00:00+00:00,1713312000000,0.0001
2024-04-17 04:00:00+00:00,2024-04-17 00:00:00+00:00,1713312000000,0.0001
2024-04-17 08:00:00+00:00,2024-04-17 08:00:00+00:00,1713340800000,0.0001
2024-04-17 12:00:00+00:00,2024-04-17 08:00:00+00:00,1713340800000,0.0001
2024-04-17 16:00:00+00:00,2024-04-17 16:00:00+00:00,1713369600000,-7.055e-05
2024-04-17 20:00:00+00:00,2024-04-17 16:00:00+00:00,1713369600000,-7.055e-05
2024-04-18 00:00:00+00:00,2024-04-18 00:00:00+00:00,1713398400000,0.0001
2024-04-18 04:00:00+00:00,2024-04-18 00:00:00+00:00,1713398400000,0.0001
2024-04-18 08:00:00+00:00,2024-04-18 08:00:00+00:00,1713427200000,-0.00015532
2024-04-18 12:00:00+00:00,2024-04-18 08:00:00+00:00,1713427200000,-0.00015532
2024-04-18 16:00:00+00:00,2024-04-18 16:00:00+00:00,1713456000000,5.143e-05
2024-04-18 20:00:00+00:00,2024-04-18 16:00:00+00:00,1713456000000,5.143e-05
2024-04-19 00:00:00+00:00,2024-04-19 00:00:00+00:00,1713484800000,7.06e-06
2024-04-19 04:00:00+00:00,2024-04-19 00:00:00+00:00,1713484800000,7.06e-06
2024-04-19 08:00:00+00:00,2024-04-19 08:00:00+00:00,1713513600000,0.0001
2024-04-19 12:00:00+00:00,2024-04-19 08:00:00+00:00,1713513600000,0.0001
2024-04-19 16:00:00+00:00,2024-04-19 16:00:00+00:00,1713542400000,0.0001
2024-04-19 20:00:00+00:00,2024-04-19 16:00:00+00:00,1713542400000,0.0001
2024-04-20 00:00:00+00:00,2024-04-20 00:00:00+00:00,1713571200000,2.565e-05
2024-04-20 04:00:00+00:00,2024-04-20 00:00:00+00:00,1713571200000,2.565e-05
2024-04-20 08:00:00+00:00,2024-04-20 08:00:00+00:00,1713600000000,9.91e-05
2024-04-20 12:00:00+00:00,2024-04-20 08:00:00+00:00,1713600000000,9.91e-05
2024-04-20 16:00:00+00:00,2024-04-20 16:00:00+00:00,1713628800000,-5.054e-05
2024-04-20 20:00:00+00:00,2024-04-20 16:00:00+00:00,1713628800000,-5.054e-05
2024-04-21 00:00:00+00:00,2024-04-21 00:00:00+00:00,1713657600000,9.711e-05
2024-04-21 04:00:00+00:00,2024-04-21 00:00:00+00:00,1713657600000,9.711e-05
2024-04-21 08:00:00+00:00,2024-04-21 08:00:00+00:00,1713686400000,0.0001
2024-04-21 12:00:00+00:00,2024-04-21 08:00:00+00:00,1713686400000,0.0001
2024-04-21 16:00:00+00:00,2024-04-21 16:00:00+00:00,1713715200000,0.0001
2024-04-21 20:00:00+00:00,2024-04-21 16:00:00+00:00,1713715200000,0.0001
2024-04-22 00:00:00+00:00,2024-04-22 00:00:00+00:00,1713744000000,0.0001
2024-04-22 04:00:00+00:00,2024-04-22 00:00:00+00:00,1713744000000,0.0001
2024-04-22 08:00:00+00:00,2024-04-22 08:00:00+00:00,1713772800000,4.507e-05
2024-04-22 12:00:00+00:00,2024-04-22 08:00:00+00:00,1713772800000,4.507e-05
2024-04-22 16:00:00+00:00,2024-04-22 16:00:00+00:00,1713801600000,-0.00010319
2024-04-22 20:00:00+00:00,2024-04-22 16:00:00+00:00,1713801600000,-0.00010319
2024-04-23 00:00:00+00:00,2024-04-23 00:00:00+00:00,1713830400000,0.0001
2024-04-23 04:00:00+00:00,2024-04-23 00:00:00+00:00,1713830400000,0.0001
2024-04-23 08:00:00+00:00,2024-04-23 08:00:00+00:00,1713859200000,6.834e-05
2024-04-23 12:00:00+00:00,2024-04-23 08:00:00+00:00,1713859200000,6.834e-05
2024-04-23 16:00:00+00:00,2024-04-23 16:00:00+00:00,1713888000000,0.0001
2024-04-23 20:00:00+00:00,2024-04-23 16:00:00+00:00,1713888000000,0.0001
2024-04-24 00:00:00+00:00,2024-04-24 00:00:00+00:00,1713916800000,0.0001
2024-04-24 04:00:00+00:00,2024-04-24 00:00:00+00:00,1713916800000,0.0001
2024-04-24 08:00:00+00:00,2024-04-24 08:00:00+00:00,1713945600000,0.0001
2024-04-24 12:00:00+00:00,2024-04-24 08:00:00+00:00,1713945600000,0.0001
2024-04-24 16:00:00+00:00,2024-04-24 16:00:00+00:00,1713974400000,0.0001
2024-04-24 20:00:00+00:00,2024-04-24 16:00:00+00:00,1713974400000,0.0001
2024-04-25 00:00:00+00:00,2024-04-25 00:00:00+00:00,1714003200000,0.0001
2024-04-25 04:00:00+00:00,2024-04-25 00:00:00+00:00,1714003200000,0.0001
2024-04-25 08:00:00+00:00,2024-04-25 08:00:00+00:00,1714032000000,-5.486e-05
2024-04-25 12:00:00+00:00,2024-04-25 08:00:00+00:00,1714032000000,-5.486e-05
2024-04-25 16:00:00+00:00,2024-04-25 16:00:00+00:00,1714060800000,0.0001
2024-04-25 20:00:00+00:00,2024-04-25 16:00:00+00:00,1714060800000,0.0001
2024-04-26 00:00:00+00:00,2024-04-26 00:00:00+00:00,1714089600000,0.0001
2024-04-26 04:00:00+00:00,2024-04-26 00:00:00+00:00,1714089600000,0.0001
2024-04-26 08:00:00+00:00,2024-04-26 08:00:00+00:00,1714118400000,0.0001
2024-04-26 12:00:00+00:00,2024-04-26 08:00:00+00:00,1714118400000,0.0001
2024-04-26 16:00:00+00:00,2024-04-26 16:00:00+00:00,1714147200000,7.358e-05
2024-04-26 20:00:00+00:00,2024-04-26 16:00:00+00:00,1714147200000,7.358e-05
2024-04-27 00:00:00+00:00,2024-04-27 00:00:00+00:00,1714176000000,0.0001
2024-04-27 04:00:00+00:00,2024-04-27 00:00:00+00:00,1714176000000,0.0001
2024-04-27 08:00:00+00:00,2024-04-27 08:00:00+00:00,1714204800000,5.479e-05
2024-04-27 12:00:00+00:00,2024-04-27 08:00:00+00:00,1714204800000,5.479e-05
2024-04-27 16:00:00+00:00,2024-04-27 16:00:00+00:00,1714233600000,-4.56e-05
2024-04-27 20:00:00+00:00,2024-04-27 16:00:00+00:00,1714233600000,-4.56e-05
2024-04-28 00:00:00+00:00,2024-04-28 00:00:00+00:00,1714262400000,7.37e-05
2024-04-28 04:00:00+00:00,2024-04-28 00:00:00+00:00,1714262400000,7.37e-05
2024-04-28 08:00:00+00:00,2024-04-28 08:00:00+00:00,1714291200000,0.0001
2024-04-28 12:00:00+00:00,2024-04-28 08:00:00+00:00,1714291200000,0.0001
2024-04-28 16:00:00+00:00,2024-04-28 16:00:00+00:00,1714320000000,0.0001
2024-04-28 20:00:00+00:00,2024-04-28 16:00:00+00:00,1714320000000,0.0001
2024-04-29 00:00:00+00:00,2024-04-29 00:00:00+00:00,1714348800000,7.04e-06
2024-04-29 04:00:00+00:00,2024-04-29 00:00:00+00:00,1714348800000,7.04e-06
2024-04-29 08:00:00+00:00,2024-04-29 08:00:00+00:00,1714377600000,6.61e-06
2024-04-29 12:00:00+00:00,2024-04-29 08:00:00+00:00,1714377600000,6.61e-06
2024-04-29 16:00:00+00:00,2024-04-29 16:00:00+00:00,1714406400000,0.0001
2024-04-29 20:00:00+00:00,2024-04-29 16:00:00+00:00,1714406400000,0.0001
2024-04-30 00:00:00+00:00,2024-04-30 00:00:00+00:00,1714435200000,0.0001
2024-04-30 04:00:00+00:00,2024-04-30 00:00:00+00:00,1714435200000,0.0001
2024-04-30 08:00:00+00:00,2024-04-30 08:00:00+00:00,1714464000000,0.0001
2024-04-30 12:00:00+00:00,2024-04-30 08:00:00+00:00,1714464000000,0.0001
2024-04-30 16:00:00+00:00,2024-04-30 16:00:00+00:00,1714492800000,0.0001
2024-04-30 20:00:00+00:00,2024-04-30 16:00:00+00:00,1714492800000,0.0001
2024-05-01 00:00:00+00:00,2024-05-01 00:00:00+00:00,1714521600000,8.67e-06
2024-05-01 04:00:00+00:00,2024-05-01 00:00:00+00:00,1714521600000,8.67e-06
2024-05-01 08:00:00+00:00,2024-05-01 08:00:00+00:00,1714550400000,3.964e-05
2024-05-01 12:00:00+00:00,2024-05-01 08:00:00+00:00,1714550400000,3.964e-05
2024-05-01 16:00:00+00:00,2024-05-01 16:00:00+00:00,1714579200000,-9.15e-06
2024-05-01 20:00:00+00:00,2024-05-01 16:00:00+00:00,1714579200000,-9.15e-06
2024-05-02 00:00:00+00:00,2024-05-02 00:00:00+00:00,1714608000000,-5.3e-06
2024-05-02 04:00:00+00:00,2024-05-02 00:00:00+00:00,1714608000000,-5.3e-06
2024-05-02 08:00:00+00:00,2024-05-02 08:00:00+00:00,1714636800000,0.0001
2024-05-02 12:00:00+00:00,2024-05-02 08:00:00+00:00,1714636800000,0.0001
2024-05-02 16:00:00+00:00,2024-05-02 16:00:00+00:00,1714665600000,8.261e-05
2024-05-02 20:00:00+00:00,2024-05-02 16:00:00+00:00,1714665600000,8.261e-05
2024-05-03 00:00:00+00:00,2024-05-03 00:00:00+00:00,1714694400000,6.418e-05
2024-05-03 04:00:00+00:00,2024-05-03 00:00:00+00:00,1714694400000,6.418e-05
2024-05-03 08:00:00+00:00,2024-05-03 08:00:00+00:00,1714723200000,-7.253e-05
2024-05-03 12:00:00+00:00,2024-05-03 08:00:00+00:00,1714723200000,-7.253e-05
2024-05-03 16:00:00+00:00,2024-05-03 16:00:00+00:00,1714752000000,7.433e-05
2024-05-03 20:00:00+00:00,2024-05-03 16:00:00+00:00,1714752000000,7.433e-05
2024-05-04 00:00:00+00:00,2024-05-04 00:00:00+00:00,1714780800000,-1.971e-05
2024-05-04 04:00:00+00:00,2024-05-04 00:00:00+00:00,1714780800000,-1.971e-05
2024-05-04 08:00:00+00:00,2024-05-04 08:00:00+00:00,1714809600000,0.0001
2024-05-04 12:00:00+00:00,2024-05-04 08:00:00+00:00,1714809600000,0.0001
2024-05-04 16:00:00+00:00,2024-05-04 16:00:00+00:00,1714838400000,9.851e-05
2024-05-04 20:00:00+00:00,2024-05-04 16:00:00+00:00,1714838400000,9.851e-05
2024-05-05 00:00:00+00:00,2024-05-05 00:00:00+00:00,1714867200000,4.63e-06
2024-05-05 04:00:00+00:00,2024-05-05 00:00:00+00:00,1714867200000,4.63e-06
2024-05-05 08:00:00+00:00,2024-05-05 08:00:00+00:00,1714896000000,4.934e-05
2024-05-05 12:00:00+00:00,2024-05-05 08:00:00+00:00,1714896000000,4.934e-05
2024-05-05 16:00:00+00:00,2024-05-05 16:00:00+00:00,1714924800000,-5.38e-06
2024-05-05 20:00:00+00:00,2024-05-05 16:00:00+00:00,1714924800000,-5.38e-06
2024-05-06 00:00:00+00:00,2024-05-06 00:00:00+00:00,1714953600000,9.882e-05
2024-05-06 04:00:00+00:00,2024-05-06 00:00:00+00:00,1714953600000,9.882e-05
2024-05-06 08:00:00+00:00,2024-05-06 08:00:00+00:00,1714982400000,8.408e-05
2024-05-06 12:00:00+00:00,2024-05-06 08:00:00+00:00,1714982400000,8.408e-05
2024-05-06 16:00:00+00:00,2024-05-06 16:00:00+00:00,1715011200000,9.537e-05
2024-05-06 20:00:00+00:00,2024-05-06 16:00:00+00:00,1715011200000,9.537e-05
2024-05-07 00:00:00+00:00,2024-05-07 00:00:00+00:00,1715040000000,0.0001
2024-05-07 04:00:00+00:00,2024-05-07 00:00:00+00:00,1715040000000,0.0001
2024-05-07 08:00:00+00:00,2024-05-07 08:00:00+00:00,1715068800000,0.0001
2024-05-07 12:00:00+00:00,2024-05-07 08:00:00+00:00,1715068800000,0.0001
2024-05-07 16:00:00+00:00,2024-05-07 16:00:00+00:00,1715097600000,0.0001
2024-05-07 20:00:00+00:00,2024-05-07 16:00:00+00:00,1715097600000,0.0001
2024-05-08 00:00:00+00:00,2024-05-08 00:00:00+00:00,1715126400000,0.0001
2024-05-08 04:00:00+00:00,2024-05-08 00:00:00+00:00,1715126400000,0.0001
2024-05-08 08:00:00+00:00,2024-05-08 08:00:00+00:00,1715155200000,0.0001
2024-05-08 12:00:00+00:00,2024-05-08 08:00:00+00:00,1715155200000,0.0001
2024-05-08 16:00:00+00:00,2024-05-08 16:00:00+00:00,1715184000000,0.0001
2024-05-08 20:00:00+00:00,2024-05-08 16:00:00+00:00,1715184000000,0.0001
2024-05-09 00:00:00+00:00,2024-05-09 00:00:00+00:00,1715212800000,0.0001
2024-05-09 04:00:00+00:00,2024-05-09 00:00:00+00:00,1715212800000,0.0001
2024-05-09 08:00:00+00:00,2024-05-09 08:00:00+00:00,1715241600000,8.89e-05
2024-05-09 12:00:00+00:00,2024-05-09 08:00:00+00:00,1715241600000,8.89e-05
2024-05-09 16:00:00+00:00,2024-05-09 16:00:00+00:00,1715270400000,4.55e-05
2024-05-09 20:00:00+00:00,2024-05-09 16:00:00+00:00,1715270400000,4.55e-05
2024-05-10 00:00:00+00:00,2024-05-10 00:00:00+00:00,1715299200000,9.099e-05
2024-05-10 04:00:00+00:00,2024-05-10 00:00:00+00:00,1715299200000,9.099e-05
2024-05-10 08:00:00+00:00,2024-05-10 08:00:00+00:00,1715328000000,0.0001
2024-05-10 12:00:00+00:00,2024-05-10 08:00:00+00:00,1715328000000,0.0001
2024-05-10 16:00:00+00:00,2024-05-10 16:00:00+00:00,1715356800000,0.0001
2024-05-10 20:00:00+00:00,2024-05-10 16:00:00+00:00,1715356800000,0.0001
2024-05-11 00:00:00+00:00,2024-05-11 00:00:00+00:00,1715385600000,0.0001
2024-05-11 04:00:00+00:00,2024-05-11 00:00:00+00:00,1715385600000,0.0001
2024-05-11 08:00:00+00:00,2024-05-11 08:00:00+00:00,1715414400000,0.0001
2024-05-11 12:00:00+00:00,2024-05-11 08:00:00+00:00,1715414400000,0.0001
2024-05-11 16:00:00+00:00,2024-05-11 16:00:00+00:00,1715443200000,4.591e-05
2024-05-11 20:00:00+00:00,2024-05-11 16:00:00+00:00,1715443200000,4.591e-05
2024-05-12 00:00:00+00:00,2024-05-12 00:00:00+00:00,1715472000000,3.42e-05
2024-05-12 04:00:00+00:00,2024-05-12 00:00:00+00:00,1715472000000,3.42e-05
2024-05-12 08:00:00+00:00,2024-05-12 08:00:00+00:00,1715500800000,5.706e-05
2024-05-12 12:00:00+00:00,2024-05-12 08:00:00+00:00,1715500800000,5.706e-05
2024-05-12 16:00:00+00:00,2024-05-12 16:00:00+00:00,1715529600000,-4.197e-05
2024-05-12 20:00:00+00:00,2024-05-12 16:00:00+00:00,1715529600000,-4.197e-05
2024-05-13 00:00:00+00:00,2024-05-13 00:00:00+00:00,1715558400000,4.832e-05
2024-05-13 04:00:00+00:00,2024-05-13 00:00:00+00:00,1715558400000,4.832e-05
2024-05-13 08:00:00+00:00,2024-05-13 08:00:00+00:00,1715587200000,6.881e-05
2024-05-13 12:00:00+00:00,2024-05-13 08:00:00+00:00,1715587200000,6.881e-05
2024-05-13 16:00:00+00:00,2024-05-13 16:00:00+00:00,1715616000000,-9.89e-06
2024-05-13 20:00:00+00:00,2024-05-13 16:00:00+00:00,1715616000000,-9.89e-06
2024-05-14 00:00:00+00:00,2024-05-14 00:00:00+00:00,1715644800000,-8.479e-05
2024-05-14 04:00:00+00:00,2024-05-14 00:00:00+00:00,1715644800000,-8.479e-05
2024-05-14 08:00:00+00:00,2024-05-14 08:00:00+00:00,1715673600000,5.867e-05
2024-05-14 12:00:00+00:00,2024-05-14 08:00:00+00:00,1715673600000,5.867e-05
2024-05-14 16:00:00+00:00,2024-05-14 16:00:00+00:00,1715702400000,0.0001
2024-05-14 20:00:00+00:00,2024-05-14 16:00:00+00:00,1715702400000,0.0001
2024-05-15 00:00:00+00:00,2024-05-15 00:00:00+00:00,1715731200000,0.0001
2024-05-15 04:00:00+00:00,2024-05-15 00:00:00+00:00,1715731200000,0.0001
2024-05-15 08:00:00+00:00,2024-05-15 08:00:00+00:00,1715760000000,7.132e-05
2024-05-15 12:00:00+00:00,2024-05-15 08:00:00+00:00,1715760000000,7.132e-05
2024-05-15 16:00:00+00:00,2024-05-15 16:00:00+00:00,1715788800000,-5.3e-05
2024-05-15 20:00:00+00:00,2024-05-15 16:00:00+00:00,1715788800000,-5.3e-05
2024-05-16 00:00:00+00:00,2024-05-16 00:00:00+00:00,1715817600000,0.0001
2024-05-16 04:00:00+00:00,2024-05-16 00:00:00+00:00,1715817600000,0.0001
2024-05-16 08:00:00+00:00,2024-05-16 08:00:00+00:00,1715846400000,0.0001
2024-05-16 12:00:00+00:00,2024-05-16 08:00:00+00:00,1715846400000,0.0001
2024-05-16 16:00:00+00:00,2024-05-16 16:00:00+00:00,1715875200000,0.0001
2024-05-16 20:00:00+00:00,2024-05-16 16:00:00+00:00,1715875200000,0.0001
2024-05-17 00:00:00+00:00,2024-05-17 00:00:00+00:00,1715904000000,0.0001
2024-05-17 04:00:00+00:00,2024-05-17 00:00:00+00:00,1715904000000,0.0001
2024-05-17 08:00:00+00:00,2024-05-17 08:00:00+00:00,1715932800000,0.0001
2024-05-17 12:00:00+00:00,2024-05-17 08:00:00+00:00,1715932800000,0.0001
2024-05-17 16:00:00+00:00,2024-05-17 16:00:00+00:00,1715961600000,0.0001
2024-05-17 20:00:00+00:00,2024-05-17 16:00:00+00:00,1715961600000,0.0001
2024-05-18 00:00:00+00:00,2024-05-18 00:00:00+00:00,1715990400000,0.0001
2024-05-18 04:00:00+00:00,2024-05-18 00:00:00+00:00,1715990400000,0.0001
2024-05-18 08:00:00+00:00,2024-05-18 08:00:00+00:00,1716019200000,0.0001
2024-05-18 12:00:00+00:00,2024-05-18 08:00:00+00:00,1716019200000,0.0001
2024-05-18 16:00:00+00:00,2024-05-18 16:00:00+00:00,1716048000000,0.0001
2024-05-18 20:00:00+00:00,2024-05-18 16:00:00+00:00,1716048000000,0.0001
2024-05-19 00:00:00+00:00,2024-05-19 00:00:00+00:00,1716076800000,0.0001
2024-05-19 04:00:00+00:00,2024-05-19 00:00:00+00:00,1716076800000,0.0001
2024-05-19 08:00:00+00:00,2024-05-19 08:00:00+00:00,1716105600000,0.0001
2024-05-19 12:00:00+00:00,2024-05-19 08:00:00+00:00,1716105600000,0.0001
2024-05-19 16:00:00+00:00,2024-05-19 16:00:00+00:00,1716134400000,0.0001
2024-05-19 20:00:00+00:00,2024-05-19 16:00:00+00:00,1716134400000,0.0001
2024-05-20 00:00:00+00:00,2024-05-20 00:00:00+00:00,1716163200000,0.0001
2024-05-20 04:00:00+00:00,2024-05-20 00:00:00+00:00,1716163200000,0.0001
2024-05-20 08:00:00+00:00,2024-05-20 08:00:00+00:00,1716192000000,0.0001
2024-05-20 12:00:00+00:00,2024-05-20 08:00:00+00:00,1716192000000,0.0001
2024-05-20 16:00:00+00:00,2024-05-20 16:00:00+00:00,1716220800000,0.0001
2024-05-20 20:00:00+00:00,2024-05-20 16:00:00+00:00,1716220800000,0.0001
2024-05-21 00:00:00+00:00,2024-05-21 00:00:00+00:00,1716249600000,0.0001
2024-05-21 04:00:00+00:00,2024-05-21 00:00:00+00:00,1716249600000,0.0001
2024-05-21 08:00:00+00:00,2024-05-21 08:00:00+00:00,1716278400000,0.0001
2024-05-21 12:00:00+00:00,2024-05-21 08:00:00+00:00,1716278400000,0.0001
2024-05-21 16:00:00+00:00,2024-05-21 16:00:00+00:00,1716307200000,0.0001
2024-05-21 20:00:00+00:00,2024-05-21 16:00:00+00:00,1716307200000,0.0001
2024-05-22 00:00:00+00:00,2024-05-22 00:00:00+00:00,1716336000000,0.0001
2024-05-22 04:00:00+00:00,2024-05-22 00:00:00+00:00,1716336000000,0.0001
2024-05-22 08:00:00+00:00,2024-05-22 08:00:00+00:00,1716364800000,0.0001
2024-05-22 12:00:00+00:00,2024-05-22 08:00:00+00:00,1716364800000,0.0001
2024-05-22 16:00:00+00:00,2024-05-22 16:00:00+00:00,1716393600000,0.00015025
2024-05-22 20:00:00+00:00,2024-05-22 16:00:00+00:00,1716393600000,0.00015025
2024-05-23 00:00:00+00:00,2024-05-23 00:00:00+00:00,1716422400000,0.00021788
2024-05-23 04:00:00+00:00,2024-05-23 00:00:00+00:00,1716422400000,0.00021788
2024-05-23 08:00:00+00:00,2024-05-23 08:00:00+00:00,1716451200000,0.00037291
2024-05-23 12:00:00+00:00,2024-05-23 08:00:00+00:00,1716451200000,0.00037291
2024-05-23 16:00:00+00:00,2024-05-23 16:00:00+00:00,1716480000000,0.00019188
2024-05-23 20:00:00+00:00,2024-05-23 16:00:00+00:00,1716480000000,0.00019188
2024-05-24 00:00:00+00:00,2024-05-24 00:00:00+00:00,1716508800000,0.0001
2024-05-24 04:00:00+00:00,2024-05-24 00:00:00+00:00,1716508800000,0.0001
2024-05-24 08:00:00+00:00,2024-05-24 08:00:00+00:00,1716537600000,0.0001
2024-05-24 12:00:00+00:00,2024-05-24 08:00:00+00:00,1716537600000,0.0001
2024-05-24 16:00:00+00:00,2024-05-24 16:00:00+00:00,1716566400000,0.0001
2024-05-24 20:00:00+00:00,2024-05-24 16:00:00+00:00,1716566400000,0.0001
2024-05-25 00:00:00+00:00,2024-05-25 00:00:00+00:00,1716595200000,0.0001
2024-05-25 04:00:00+00:00,2024-05-25 00:00:00+00:00,1716595200000,0.0001
2024-05-25 08:00:00+00:00,2024-05-25 08:00:00+00:00,1716624000000,0.0001
2024-05-25 12:00:00+00:00,2024-05-25 08:00:00+00:00,1716624000000,0.0001
2024-05-25 16:00:00+00:00,2024-05-25 16:00:00+00:00,1716652800000,0.0001
2024-05-25 20:00:00+00:00,2024-05-25 16:00:00+00:00,1716652800000,0.0001
2024-05-26 00:00:00+00:00,2024-05-26 00:00:00+00:00,1716681600000,0.0001
2024-05-26 04:00:00+00:00,2024-05-26 00:00:00+00:00,1716681600000,0.0001
2024-05-26 08:00:00+00:00,2024-05-26 08:00:00+00:00,1716710400000,0.0001
2024-05-26 12:00:00+00:00,2024-05-26 08:00:00+00:00,1716710400000,0.0001
2024-05-26 16:00:00+00:00,2024-05-26 16:00:00+00:00,1716739200000,0.0001
2024-05-26 20:00:00+00:00,2024-05-26 16:00:00+00:00,1716739200000,0.0001
2024-05-27 00:00:00+00:00,2024-05-27 00:00:00+00:00,1716768000000,0.0002203
2024-05-27 04:00:00+00:00,2024-05-27 00:00:00+00:00,1716768000000,0.0002203
2024-05-27 08:00:00+00:00,2024-05-27 08:00:00+00:00,1716796800000,0.0001
2024-05-27 12:00:00+00:00,2024-05-27 08:00:00+00:00,1716796800000,0.0001
2024-05-27 16:00:00+00:00,2024-05-27 16:00:00+00:00,1716825600000,0.0001
2024-05-27 20:00:00+00:00,2024-05-27 16:00:00+00:00,1716825600000,0.0001
2024-05-28 00:00:00+00:00,2024-05-28 00:00:00+00:00,1716854400000,0.00012334
2024-05-28 04:00:00+00:00,2024-05-28 00:00:00+00:00,1716854400000,0.00012334
2024-05-28 08:00:00+00:00,2024-05-28 08:00:00+00:00,1716883200000,0.0001
2024-05-28 12:00:00+00:00,2024-05-28 08:00:00+00:00,1716883200000,0.0001
2024-05-28 16:00:00+00:00,2024-05-28 16:00:00+00:00,1716912000000,0.000197
2024-05-28 20:00:00+00:00,2024-05-28 16:00:00+00:00,1716912000000,0.000197
2024-05-29 00:00:00+00:00,2024-05-29 00:00:00+00:00,1716940800000,0.00019351
2024-05-29 04:00:00+00:00,2024-05-29 00:00:00+00:00,1716940800000,0.00019351
2024-05-29 08:00:00+00:00,2024-05-29 08:00:00+00:00,1716969600000,0.00016916
2024-05-29 12:00:00+00:00,2024-05-29 08:00:00+00:00,1716969600000,0.00016916
2024-05-29 16:00:00+00:00,2024-05-29 16:00:00+00:00,1716998400000,0.0001
2024-05-29 20:00:00+00:00,2024-05-29 16:00:00+00:00,1716998400000,0.0001
2024-05-30 00:00:00+00:00,2024-05-30 00:00:00+00:00,1717027200000,0.0001
2024-05-30 04:00:00+00:00,2024-05-30 00:00:00+00:00,1717027200000,0.0001
2024-05-30 08:00:00+00:00,2024-05-30 08:00:00+00:00,1717056000000,0.0001
2024-05-30 12:00:00+00:00,2024-05-30 08:00:00+00:00,1717056000000,0.0001
2024-05-30 16:00:00+00:00,2024-05-30 16:00:00+00:00,1717084800000,0.0001
2024-05-30 20:00:00+00:00,2024-05-30 16:00:00+00:00,1717084800000,0.0001
2024-05-31 00:00:00+00:00,2024-05-31 00:00:00+00:00,1717113600000,0.0001
2024-05-31 04:00:00+00:00,2024-05-31 00:00:00+00:00,1717113600000,0.0001
2024-05-31 08:00:00+00:00,2024-05-31 08:00:00+00:00,1717142400000,0.0001
2024-05-31 12:00:00+00:00,2024-05-31 08:00:00+00:00,1717142400000,0.0001
2024-05-31 16:00:00+00:00,2024-05-31 16:00:00+00:00,1717171200000,0.0001
2024-05-31 20:00:00+00:00,2024-05-31 16:00:00+00:00,1717171200000,0.0001
2024-06-01 00:00:00+00:00,2024-06-01 00:00:00+00:00,1717200000000,0.0001
2024-06-01 04:00:00+00:00,2024-06-01 00:00:00+00:00,1717200000000,0.0001
2024-06-01 08:00:00+00:00,2024-06-01 08:00:00+00:00,1717228800000,0.0001
2024-06-01 12:00:00+00:00,2024-06-01 08:00:00+00:00,1717228800000,0.0001
2024-06-01 16:00:00+00:00,2024-06-01 16:00:00+00:00,1717257600000,0.0001582
2024-06-01 20:00:00+00:00,2024-06-01 16:00:00+00:00,1717257600000,0.0001582
2024-06-02 00:00:00+00:00,2024-06-02 00:00:00+00:00,1717286400000,0.00016831
2024-06-02 04:00:00+00:00,2024-06-02 00:00:00+00:00,1717286400000,0.00016831
2024-06-02 08:00:00+00:00,2024-06-02 08:00:00+00:00,1717315200000,0.00011969
2024-06-02 12:00:00+00:00,2024-06-02 08:00:00+00:00,1717315200000,0.00011969
2024-06-02 16:00:00+00:00,2024-06-02 16:00:00+00:00,1717344000000,0.0001
2024-06-02 20:00:00+00:00,2024-06-02 16:00:00+00:00,1717344000000,0.0001
2024-06-03 00:00:00+00:00,2024-06-03 00:00:00+00:00,1717372800000,0.00012493
2024-06-03 04:00:00+00:00,2024-06-03 00:00:00+00:00,1717372800000,0.00012493
2024-06-03 08:00:00+00:00,2024-06-03 08:00:00+00:00,1717401600000,0.00019728
2024-06-03 12:00:00+00:00,2024-06-03 08:00:00+00:00,1717401600000,0.00019728
2024-06-03 16:00:00+00:00,2024-06-03 16:00:00+00:00,1717430400000,0.0001
2024-06-03 20:00:00+00:00,2024-06-03 16:00:00+00:00,1717430400000,0.0001
2024-06-04 00:00:00+00:00,2024-06-04 00:00:00+00:00,1717459200000,0.00012829
2024-06-04 04:00:00+00:00,2024-06-04 00:00:00+00:00,1717459200000,0.00012829
2024-06-04 08:00:00+00:00,2024-06-04 08:00:00+00:00,1717488000000,0.0002028
2024-06-04 12:00:00+00:00,2024-06-04 08:00:00+00:00,1717488000000,0.0002028
2024-06-04 16:00:00+00:00,2024-06-04 16:00:00+00:00,1717516800000,0.0001693
2024-06-04 20:00:00+00:00,2024-06-04 16:00:00+00:00,1717516800000,0.0001693
2024-06-05 00:00:00+00:00,2024-06-05 00:00:00+00:00,1717545600000,0.00014066
2024-06-05 04:00:00+00:00,2024-06-05 00:00:00+00:00,1717545600000,0.00014066
2024-06-05 08:00:00+00:00,2024-06-05 08:00:00+00:00,1717574400000,0.0001
2024-06-05 12:00:00+00:00,2024-06-05 08:00:00+00:00,1717574400000,0.0001
2024-06-05 16:00:00+00:00,2024-06-05 16:00:00+00:00,1717603200000,0.0001
2024-06-05 20:00:00+00:00,2024-06-05 16:00:00+00:00,1717603200000,0.0001
2024-06-06 00:00:00+00:00,2024-06-06 00:00:00+00:00,1717632000000,0.0001
2024-06-06 04:00:00+00:00,2024-06-06 00:00:00+00:00,1717632000000,0.0001
2024-06-06 08:00:00+00:00,2024-06-06 08:00:00+00:00,1717660800000,0.00015416
2024-06-06 12:00:00+00:00,2024-06-06 08:00:00+00:00,1717660800000,0.00015416
2024-06-06 16:00:00+00:00,2024-06-06 16:00:00+00:00,1717689600000,0.0002063
2024-06-06 20:00:00+00:00,2024-06-06 16:00:00+00:00,1717689600000,0.0002063
2024-06-07 00:00:00+00:00,2024-06-07 00:00:00+00:00,1717718400000,0.0001
2024-06-07 04:00:00+00:00,2024-06-07 00:00:00+00:00,1717718400000,0.0001
2024-06-07 08:00:00+00:00,2024-06-07 08:00:00+00:00,1717747200000,0.0001
2024-06-07 12:00:00+00:00,2024-06-07 08:00:00+00:00,1717747200000,0.0001
2024-06-07 16:00:00+00:00,2024-06-07 16:00:00+00:00,1717776000000,0.00016334
2024-06-07 20:00:00+00:00,2024-06-07 16:00:00+00:00,1717776000000,0.00016334
2024-06-08 00:00:00+00:00,2024-06-08 00:00:00+00:00,1717804800000,0.0001
2024-06-08 04:00:00+00:00,2024-06-08 00:00:00+00:00,1717804800000,0.0001
2024-06-08 08:00:00+00:00,2024-06-08 08:00:00+00:00,1717833600000,0.0001
2024-06-08 12:00:00+00:00,2024-06-08 08:00:00+00:00,1717833600000,0.0001
2024-06-08 16:00:00+00:00,2024-06-08 16:00:00+00:00,1717862400000,0.0001
2024-06-08 20:00:00+00:00,2024-06-08 16:00:00+00:00,1717862400000,0.0001
2024-06-09 00:00:00+00:00,2024-06-09 00:00:00+00:00,1717891200000,0.0001
2024-06-09 04:00:00+00:00,2024-06-09 00:00:00+00:00,1717891200000,0.0001
2024-06-09 08:00:00+00:00,2024-06-09 08:00:00+00:00,1717920000000,0.0001
2024-06-09 12:00:00+00:00,2024-06-09 08:00:00+00:00,1717920000000,0.0001
2024-06-09 16:00:00+00:00,2024-06-09 16:00:00+00:00,1717948800000,0.0001
2024-06-09 20:00:00+00:00,2024-06-09 16:00:00+00:00,1717948800000,0.0001
2024-06-10 00:00:00+00:00,2024-06-10 00:00:00+00:00,1717977600000,0.0001
2024-06-10 04:00:00+00:00,2024-06-10 00:00:00+00:00,1717977600000,0.0001
2024-06-10 08:00:00+00:00,2024-06-10 08:00:00+00:00,1718006400000,0.0001
2024-06-10 12:00:00+00:00,2024-06-10 08:00:00+00:00,1718006400000,0.0001
2024-06-10 16:00:00+00:00,2024-06-10 16:00:00+00:00,1718035200000,0.0001
2024-06-10 20:00:00+00:00,2024-06-10 16:00:00+00:00,1718035200000,0.0001
2024-06-11 00:00:00+00:00,2024-06-11 00:00:00+00:00,1718064000000,0.0001
2024-06-11 04:00:00+00:00,2024-06-11 00:00:00+00:00,1718064000000,0.0001
2024-06-11 08:00:00+00:00,2024-06-11 08:00:00+00:00,1718092800000,0.0001
2024-06-11 12:00:00+00:00,2024-06-11 08:00:00+00:00,1718092800000,0.0001
2024-06-11 16:00:00+00:00,2024-06-11 16:00:00+00:00,1718121600000,0.0001
2024-06-11 20:00:00+00:00,2024-06-11 16:00:00+00:00,1718121600000,0.0001
2024-06-12 00:00:00+00:00,2024-06-12 00:00:00+00:00,1718150400000,0.0001
2024-06-12 04:00:00+00:00,2024-06-12 00:00:00+00:00,1718150400000,0.0001
2024-06-12 08:00:00+00:00,2024-06-12 08:00:00+00:00,1718179200000,6.766e-05
2024-06-12 12:00:00+00:00,2024-06-12 08:00:00+00:00,1718179200000,6.766e-05
2024-06-12 16:00:00+00:00,2024-06-12 16:00:00+00:00,1718208000000,4.797e-05
2024-06-12 20:00:00+00:00,2024-06-12 16:00:00+00:00,1718208000000,4.797e-05
2024-06-13 00:00:00+00:00,2024-06-13 00:00:00+00:00,1718236800000,0.0001
2024-06-13 04:00:00+00:00,2024-06-13 00:00:00+00:00,1718236800000,0.0001
2024-06-13 08:00:00+00:00,2024-06-13 08:00:00+00:00,1718265600000,0.0001
2024-06-13 12:00:00+00:00,2024-06-13 08:00:00+00:00,1718265600000,0.0001
2024-06-13 16:00:00+00:00,2024-06-13 16:00:00+00:00,1718294400000,-6.842e-05
2024-06-13 20:00:00+00:00,2024-06-13 16:00:00+00:00,1718294400000,-6.842e-05
2024-06-14 00:00:00+00:00,2024-06-14 00:00:00+00:00,1718323200000,4.886e-05
2024-06-14 04:00:00+00:00,2024-06-14 00:00:00+00:00,1718323200000,4.886e-05
2024-06-14 08:00:00+00:00,2024-06-14 08:00:00+00:00,1718352000000,-1.748e-05
2024-06-14 12:00:00+00:00,2024-06-14 08:00:00+00:00,1718352000000,-1.748e-05
2024-06-14 16:00:00+00:00,2024-06-14 16:00:00+00:00,1718380800000,2.433e-05
2024-06-14 20:00:00+00:00,2024-06-14 16:00:00+00:00,1718380800000,2.433e-05
2024-06-15 00:00:00+00:00,2024-06-15 00:00:00+00:00,1718409600000,-1.164e-05
2024-06-15 04:00:00+00:00,2024-06-15 00:00:00+00:00,1718409600000,-1.164e-05
2024-06-15 08:00:00+00:00,2024-06-15 08:00:00+00:00,1718438400000,4.009e-05
2024-06-15 12:00:00+00:00,2024-06-15 08:00:00+00:00,1718438400000,4.009e-05
2024-06-15 16:00:00+00:00,2024-06-15 16:00:00+00:00,1718467200000,-8.576e-05
2024-06-15 20:00:00+00:00,2024-06-15 16:00:00+00:00,1718467200000,-8.576e-05
2024-06-16 00:00:00+00:00,2024-06-16 00:00:00+00:00,1718496000000,-0.00010572
2024-06-16 04:00:00+00:00,2024-06-16 00:00:00+00:00,1718496000000,-0.00010572
2024-06-16 08:00:00+00:00,2024-06-16 08:00:00+00:00,1718524800000,-2.79e-05
2024-06-16 12:00:00+00:00,2024-06-16 08:00:00+00:00,1718524800000,-2.79e-05
2024-06-16 16:00:00+00:00,2024-06-16 16:00:00+00:00,1718553600000,6.225e-05
2024-06-16 20:00:00+00:00,2024-06-16 16:00:00+00:00,1718553600000,6.225e-05
2024-06-17 00:00:00+00:00,2024-06-17 00:00:00+00:00,1718582400000,4.655e-05
2024-06-17 04:00:00+00:00,2024-06-17 00:00:00+00:00,1718582400000,4.655e-05
2024-06-17 08:00:00+00:00,2024-06-17 08:00:00+00:00,1718611200000,0.0001
2024-06-17 12:00:00+00:00,2024-06-17 08:00:00+00:00,1718611200000,0.0001
2024-06-17 16:00:00+00:00,2024-06-17 16:00:00+00:00,1718640000000,-4.301e-05
2024-06-17 20:00:00+00:00,2024-06-17 16:00:00+00:00,1718640000000,-4.301e-05
2024-06-18 00:00:00+00:00,2024-06-18 00:00:00+00:00,1718668800000,1.7e-05
2024-06-18 04:00:00+00:00,2024-06-18 00:00:00+00:00,1718668800000,1.7e-05
2024-06-18 08:00:00+00:00,2024-06-18 08:00:00+00:00,1718697600000,-2.04e-05
2024-06-18 12:00:00+00:00,2024-06-18 08:00:00+00:00,1718697600000,-2.04e-05
2024-06-18 16:00:00+00:00,2024-06-18 16:00:00+00:00,1718726400000,0.0001
2024-06-18 20:00:00+00:00,2024-06-18 16:00:00+00:00,1718726400000,0.0001
2024-06-19 00:00:00+00:00,2024-06-19 00:00:00+00:00,1718755200000,0.0001
2024-06-19 04:00:00+00:00,2024-06-19 00:00:00+00:00,1718755200000,0.0001
2024-06-19 08:00:00+00:00,2024-06-19 08:00:00+00:00,1718784000000,0.0001
2024-06-19 12:00:00+00:00,2024-06-19 08:00:00+00:00,1718784000000,0.0001
2024-06-19 16:00:00+00:00,2024-06-19 16:00:00+00:00,1718812800000,6.966e-05
2024-06-19 20:00:00+00:00,2024-06-19 16:00:00+00:00,1718812800000,6.966e-05
2024-06-20 00:00:00+00:00,2024-06-20 00:00:00+00:00,1718841600000,-2.721e-05
2024-06-20 04:00:00+00:00,2024-06-20 00:00:00+00:00,1718841600000,-2.721e-05
2024-06-20 08:00:00+00:00,2024-06-20 08:00:00+00:00,1718870400000,7.46e-05
2024-06-20 12:00:00+00:00,2024-06-20 08:00:00+00:00,1718870400000,7.46e-05
2024-06-20 16:00:00+00:00,2024-06-20 16:00:00+00:00,1718899200000,-5.24e-05
2024-06-20 20:00:00+00:00,2024-06-20 16:00:00+00:00,1718899200000,-5.24e-05
2024-06-21 00:00:00+00:00,2024-06-21 00:00:00+00:00,1718928000000,8.142e-05
2024-06-21 04:00:00+00:00,2024-06-21 00:00:00+00:00,1718928000000,8.142e-05
2024-06-21 08:00:00+00:00,2024-06-21 08:00:00+00:00,1718956800000,-4.328e-05
2024-06-21 12:00:00+00:00,2024-06-21 08:00:00+00:00,1718956800000,-4.328e-05
2024-06-21 16:00:00+00:00,2024-06-21 16:00:00+00:00,1718985600000,4.955e-05
2024-06-21 20:00:00+00:00,2024-06-21 16:00:00+00:00,1718985600000,4.955e-05
2024-06-22 00:00:00+00:00,2024-06-22 00:00:00+00:00,1719014400000,0.0001
2024-06-22 04:00:00+00:00,2024-06-22 00:00:00+00:00,1719014400000,0.0001
2024-06-22 08:00:00+00:00,2024-06-22 08:00:00+00:00,1719043200000,0.0001
2024-06-22 12:00:00+00:00,2024-06-22 08:00:00+00:00,1719043200000,0.0001
2024-06-22 16:00:00+00:00,2024-06-22 16:00:00+00:00,1719072000000,0.0001
2024-06-22 20:00:00+00:00,2024-06-22 16:00:00+00:00,1719072000000,0.0001
2024-06-23 00:00:00+00:00,2024-06-23 00:00:00+00:00,1719100800000,0.0001
2024-06-23 04:00:00+00:00,2024-06-23 00:00:00+00:00,1719100800000,0.0001
2024-06-23 08:00:00+00:00,2024-06-23 08:00:00+00:00,1719129600000,0.0001
2024-06-23 12:00:00+00:00,2024-06-23 08:00:00+00:00,1719129600000,0.0001
2024-06-23 16:00:00+00:00,2024-06-23 16:00:00+00:00,1719158400000,-2.44e-06
2024-06-23 20:00:00+00:00,2024-06-23 16:00:00+00:00,1719158400000,-2.44e-06
2024-06-24 00:00:00+00:00,2024-06-24 00:00:00+00:00,1719187200000,0.0001
2024-06-24 04:00:00+00:00,2024-06-24 00:00:00+00:00,1719187200000,0.0001
2024-06-24 08:00:00+00:00,2024-06-24 08:00:00+00:00,1719216000000,-0.00014642
2024-06-24 12:00:00+00:00,2024-06-24 08:00:00+00:00,1719216000000,-0.00014642
2024-06-24 16:00:00+00:00,2024-06-24 16:00:00+00:00,1719244800000,5.292e-05
2024-06-24 20:00:00+00:00,2024-06-24 16:00:00+00:00,1719244800000,5.292e-05
2024-06-25 00:00:00+00:00,2024-06-25 00:00:00+00:00,1719273600000,6.696e-05
2024-06-25 04:00:00+00:00,2024-06-25 00:00:00+00:00,1719273600000,6.696e-05
2024-06-25 08:00:00+00:00,2024-06-25 08:00:00+00:00,1719302400000,6.42e-05
2024-06-25 12:00:00+00:00,2024-06-25 08:00:00+00:00,1719302400000,6.42e-05
2024-06-25 16:00:00+00:00,2024-06-25 16:00:00+00:00,1719331200000,3.359e-05
2024-06-25 20:00:00+00:00,2024-06-25 16:00:00+00:00,1719331200000,3.359e-05
2024-06-26 00:00:00+00:00,2024-06-26 00:00:00+00:00,1719360000000,-8.565e-05
2024-06-26 04:00:00+00:00,2024-06-26 00:00:00+00:00,1719360000000,-8.565e-05
2024-06-26 08:00:00+00:00,2024-06-26 08:00:00+00:00,1719388800000,2.563e-05
2024-06-26 12:00:00+00:00,2024-06-26 08:00:00+00:00,1719388800000,2.563e-05
2024-06-26 16:00:00+00:00,2024-06-26 16:00:00+00:00,1719417600000,1.135e-05
2024-06-26 20:00:00+00:00,2024-06-26 16:00:00+00:00,1719417600000,1.135e-05
2024-06-27 00:00:00+00:00,2024-06-27 00:00:00+00:00,1719446400000,-6.179e-05
2024-06-27 04:00:00+00:00,2024-06-27 00:00:00+00:00,1719446400000,-6.179e-05
2024-06-27 08:00:00+00:00,2024-06-27 08:00:00+00:00,1719475200000,-5.53e-06
2024-06-27 12:00:00+00:00,2024-06-27 08:00:00+00:00,1719475200000,-5.53e-06
2024-06-27 16:00:00+00:00,2024-06-27 16:00:00+00:00,1719504000000,0.0001
2024-06-27 20:00:00+00:00,2024-06-27 16:00:00+00:00,1719504000000,0.0001
2024-06-28 00:00:00+00:00,2024-06-28 00:00:00+00:00,1719532800000,0.0001
2024-06-28 04:00:00+00:00,2024-06-28 00:00:00+00:00,1719532800000,0.0001
2024-06-28 08:00:00+00:00,2024-06-28 08:00:00+00:00,1719561600000,-2.543e-05
2024-06-28 12:00:00+00:00,2024-06-28 08:00:00+00:00,1719561600000,-2.543e-05
2024-06-28 16:00:00+00:00,2024-06-28 16:00:00+00:00,1719590400000,-4.269e-05
2024-06-28 20:00:00+00:00,2024-06-28 16:00:00+00:00,1719590400000,-4.269e-05
2024-06-29 00:00:00+00:00,2024-06-29 00:00:00+00:00,1719619200000,0.0001
2024-06-29 04:00:00+00:00,2024-06-29 00:00:00+00:00,1719619200000,0.0001
2024-06-29 08:00:00+00:00,2024-06-29 08:00:00+00:00,1719648000000,7.723e-05
2024-06-29 12:00:00+00:00,2024-06-29 08:00:00+00:00,1719648000000,7.723e-05
2024-06-29 16:00:00+00:00,2024-06-29 16:00:00+00:00,1719676800000,0.0001
2024-06-29 20:00:00+00:00,2024-06-29 16:00:00+00:00,1719676800000,0.0001
2024-06-30 00:00:00+00:00,2024-06-30 00:00:00+00:00,1719705600000,0.0001
2024-06-30 04:00:00+00:00,2024-06-30 00:00:00+00:00,1719705600000,0.0001
2024-06-30 08:00:00+00:00,2024-06-30 08:00:00+00:00,1719734400000,6.466e-05
2024-06-30 12:00:00+00:00,2024-06-30 08:00:00+00:00,1719734400000,6.466e-05
2024-06-30 16:00:00+00:00,2024-06-30 16:00:00+00:00,1719763200000,2.088e-05
2024-06-30 20:00:00+00:00,2024-06-30 16:00:00+00:00,1719763200000,2.088e-05
2024-07-01 00:00:00+00:00,2024-07-01 00:00:00+00:00,1719792000000,-7.302e-05
2024-07-01 04:00:00+00:00,2024-07-01 00:00:00+00:00,1719792000000,-7.302e-05
2024-07-01 08:00:00+00:00,2024-07-01 08:00:00+00:00,1719820800000,1.04e-05
2024-07-01 12:00:00+00:00,2024-07-01 08:00:00+00:00,1719820800000,1.04e-05
2024-07-01 16:00:00+00:00,2024-07-01 16:00:00+00:00,1719849600000,6.487e-05
2024-07-01 20:00:00+00:00,2024-07-01 16:00:00+00:00,1719849600000,6.487e-05
2024-07-02 00:00:00+00:00,2024-07-02 00:00:00+00:00,1719878400000,0.0001
2024-07-02 04:00:00+00:00,2024-07-02 00:00:00+00:00,1719878400000,0.0001
2024-07-02 08:00:00+00:00,2024-07-02 08:00:00+00:00,1719907200000,6.277e-05
2024-07-02 12:00:00+00:00,2024-07-02 08:00:00+00:00,1719907200000,6.277e-05
2024-07-02 16:00:00+00:00,2024-07-02 16:00:00+00:00,1719936000000,-3.59e-06
2024-07-02 20:00:00+00:00,2024-07-02 16:00:00+00:00,1719936000000,-3.59e-06
2024-07-03 00:00:00+00:00,2024-07-03 00:00:00+00:00,1719964800000,0.0001
2024-07-03 04:00:00+00:00,2024-07-03 00:00:00+00:00,1719964800000,0.0001
2024-07-03 08:00:00+00:00,2024-07-03 08:00:00+00:00,1719993600000,8.392e-05
2024-07-03 12:00:00+00:00,2024-07-03 08:00:00+00:00,1719993600000,8.392e-05
2024-07-03 16:00:00+00:00,2024-07-03 16:00:00+00:00,1720022400000,9.513e-05
2024-07-03 20:00:00+00:00,2024-07-03 16:00:00+00:00,1720022400000,9.513e-05
2024-07-04 00:00:00+00:00,2024-07-04 00:00:00+00:00,1720051200000,-6.51e-05
2024-07-04 04:00:00+00:00,2024-07-04 00:00:00+00:00,1720051200000,-6.51e-05
2024-07-04 08:00:00+00:00,2024-07-04 08:00:00+00:00,1720080000000,-4.828e-05
2024-07-04 12:00:00+00:00,2024-07-04 08:00:00+00:00,1720080000000,-4.828e-05
2024-07-04 16:00:00+00:00,2024-07-04 16:00:00+00:00,1720108800000,5.748e-05
2024-07-04 20:00:00+00:00,2024-07-04 16:00:00+00:00,1720108800000,5.748e-05
2024-07-05 00:00:00+00:00,2024-07-05 00:00:00+00:00,1720137600000,-0.0001852
2024-07-05 04:00:00+00:00,2024-07-05 00:00:00+00:00,1720137600000,-0.0001852
2024-07-05 08:00:00+00:00,2024-07-05 08:00:00+00:00,1720166400000,5.681e-05
2024-07-05 12:00:00+00:00,2024-07-05 08:00:00+00:00,1720166400000,5.681e-05
2024-07-05 16:00:00+00:00,2024-07-05 16:00:00+00:00,1720195200000,-0.00014157
2024-07-05 20:00:00+00:00,2024-07-05 16:00:00+00:00,1720195200000,-0.00014157
2024-07-06 00:00:00+00:00,2024-07-06 00:00:00+00:00,1720224000000,-2.687e-05
2024-07-06 04:00:00+00:00,2024-07-06 00:00:00+00:00,1720224000000,-2.687e-05
2024-07-06 08:00:00+00:00,2024-07-06 08:00:00+00:00,1720252800000,2.487e-05
2024-07-06 12:00:00+00:00,2024-07-06 08:00:00+00:00,1720252800000,2.487e-05
2024-07-06 16:00:00+00:00,2024-07-06 16:00:00+00:00,1720281600000,-5.036e-05
2024-07-06 20:00:00+00:00,2024-07-06 16:00:00+00:00,1720281600000,-5.036e-05
2024-07-07 00:00:00+00:00,2024-07-07 00:00:00+00:00,1720310400000,-8.852e-05
2024-07-07 04:00:00+00:00,2024-07-07 00:00:00+00:00,1720310400000,-8.852e-05
2024-07-07 08:00:00+00:00,2024-07-07 08:00:00+00:00,1720339200000,0.0001
2024-07-07 12:00:00+00:00,2024-07-07 08:00:00+00:00,1720339200000,0.0001
2024-07-07 16:00:00+00:00,2024-07-07 16:00:00+00:00,1720368000000,4.559e-05
2024-07-07 20:00:00+00:00,2024-07-07 16:00:00+00:00,1720368000000,4.559e-05
2024-07-08 00:00:00+00:00,2024-07-08 00:00:00+00:00,1720396800000,-4.987e-05
2024-07-08 04:00:00+00:00,2024-07-08 00:00:00+00:00,1720396800000,-4.987e-05
2024-07-08 08:00:00+00:00,2024-07-08 08:00:00+00:00,1720425600000,-0.00010705
2024-07-08 12:00:00+00:00,2024-07-08 08:00:00+00:00,1720425600000,-0.00010705
2024-07-08 16:00:00+00:00,2024-07-08 16:00:00+00:00,1720454400000,0.0001
2024-07-08 20:00:00+00:00,2024-07-08 16:00:00+00:00,1720454400000,0.0001
2024-07-09 00:00:00+00:00,2024-07-09 00:00:00+00:00,1720483200000,0.0001
2024-07-09 04:00:00+00:00,2024-07-09 00:00:00+00:00,1720483200000,0.0001
2024-07-09 08:00:00+00:00,2024-07-09 08:00:00+00:00,1720512000000,0.0001
2024-07-09 12:00:00+00:00,2024-07-09 08:00:00+00:00,1720512000000,0.0001
2024-07-09 16:00:00+00:00,2024-07-09 16:00:00+00:00,1720540800000,-5.496e-05
2024-07-09 20:00:00+00:00,2024-07-09 16:00:00+00:00,1720540800000,-5.496e-05
2024-07-10 00:00:00+00:00,2024-07-10 00:00:00+00:00,1720569600000,8.894e-05
2024-07-10 04:00:00+00:00,2024-07-10 00:00:00+00:00,1720569600000,8.894e-05
2024-07-10 08:00:00+00:00,2024-07-10 08:00:00+00:00,1720598400000,0.0001
2024-07-10 12:00:00+00:00,2024-07-10 08:00:00+00:00,1720598400000,0.0001
2024-07-10 16:00:00+00:00,2024-07-10 16:00:00+00:00,1720627200000,4.032e-05
2024-07-10 20:00:00+00:00,2024-07-10 16:00:00+00:00,1720627200000,4.032e-05
2024-07-11 00:00:00+00:00,2024-07-11 00:00:00+00:00,1720656000000,-9.17e-06
2024-07-11 04:00:00+00:00,2024-07-11 00:00:00+00:00,1720656000000,-9.17e-06
2024-07-11 08:00:00+00:00,2024-07-11 08:00:00+00:00,1720684800000,4.73e-06
2024-07-11 12:00:00+00:00,2024-07-11 08:00:00+00:00,1720684800000,4.73e-06
2024-07-11 16:00:00+00:00,2024-07-11 16:00:00+00:00,1720713600000,-0.00011018
2024-07-11 20:00:00+00:00,2024-07-11 16:00:00+00:00,1720713600000,-0.00011018
2024-07-12 00:00:00+00:00,2024-07-12 00:00:00+00:00,1720742400000,-9.342e-05
2024-07-12 04:00:00+00:00,2024-07-12 00:00:00+00:00,1720742400000,-9.342e-05
2024-07-12 08:00:00+00:00,2024-07-12 08:00:00+00:00,1720771200000,-0.00014482
2024-07-12 12:00:00+00:00,2024-07-12 08:00:00+00:00,1720771200000,-0.00014482
2024-07-12 16:00:00+00:00,2024-07-12 16:00:00+00:00,1720800000000,1.849e-05
2024-07-12 20:00:00+00:00,2024-07-12 16:00:00+00:00,1720800000000,1.849e-05
2024-07-13 00:00:00+00:00,2024-07-13 00:00:00+00:00,1720828800000,-0.0001211
2024-07-13 04:00:00+00:00,2024-07-13 00:00:00+00:00,1720828800000,-0.0001211
2024-07-13 08:00:00+00:00,2024-07-13 08:00:00+00:00,1720857600000,5.638e-05
2024-07-13 12:00:00+00:00,2024-07-13 08:00:00+00:00,1720857600000,5.638e-05
2024-07-13 16:00:00+00:00,2024-07-13 16:00:00+00:00,1720886400000,8.659e-05
2024-07-13 20:00:00+00:00,2024-07-13 16:00:00+00:00,1720886400000,8.659e-05
2024-07-14 00:00:00+00:00,2024-07-14 00:00:00+00:00,1720915200000,6.049e-05
2024-07-14 04:00:00+00:00,2024-07-14 00:00:00+00:00,1720915200000,6.049e-05
2024-07-14 08:00:00+00:00,2024-07-14 08:00:00+00:00,1720944000000,-3.4e-07
2024-07-14 12:00:00+00:00,2024-07-14 08:00:00+00:00,1720944000000,-3.4e-07
2024-07-14 16:00:00+00:00,2024-07-14 16:00:00+00:00,1720972800000,-7.839e-05
2024-07-14 20:00:00+00:00,2024-07-14 16:00:00+00:00,1720972800000,-7.839e-05
2024-07-15 00:00:00+00:00,2024-07-15 00:00:00+00:00,1721001600000,9.31e-05
2024-07-15 04:00:00+00:00,2024-07-15 00:00:00+00:00,1721001600000,9.31e-05
2024-07-15 08:00:00+00:00,2024-07-15 08:00:00+00:00,1721030400000,-3.161e-05
2024-07-15 12:00:00+00:00,2024-07-15 08:00:00+00:00,1721030400000,-3.161e-05
2024-07-15 16:00:00+00:00,2024-07-15 16:00:00+00:00,1721059200000,0.0001
2024-07-15 20:00:00+00:00,2024-07-15 16:00:00+00:00,1721059200000,0.0001
2024-07-16 00:00:00+00:00,2024-07-16 00:00:00+00:00,1721088000000,0.0001
2024-07-16 04:00:00+00:00,2024-07-16 00:00:00+00:00,1721088000000,0.0001
2024-07-16 08:00:00+00:00,2024-07-16 08:00:00+00:00,1721116800000,0.0001
2024-07-16 12:00:00+00:00,2024-07-16 08:00:00+00:00,1721116800000,0.0001
2024-07-16 16:00:00+00:00,2024-07-16 16:00:00+00:00,1721145600000,0.0001
2024-07-16 20:00:00+00:00,2024-07-16 16:00:00+00:00,1721145600000,0.0001
2024-07-17 00:00:00+00:00,2024-07-17 00:00:00+00:00,1721174400000,9.834e-05
2024-07-17 04:00:00+00:00,2024-07-17 00:00:00+00:00,1721174400000,9.834e-05
2024-07-17 08:00:00+00:00,2024-07-17 08:00:00+00:00,1721203200000,0.0001
2024-07-17 12:00:00+00:00,2024-07-17 08:00:00+00:00,1721203200000,0.0001
2024-07-17 16:00:00+00:00,2024-07-17 16:00:00+00:00,1721232000000,0.0001
2024-07-17 20:00:00+00:00,2024-07-17 16:00:00+00:00,1721232000000,0.0001
2024-07-18 00:00:00+00:00,2024-07-18 00:00:00+00:00,1721260800000,0.0001
2024-07-18 04:00:00+00:00,2024-07-18 00:00:00+00:00,1721260800000,0.0001
2024-07-18 08:00:00+00:00,2024-07-18 08:00:00+00:00,1721289600000,0.0001
2024-07-18 12:00:00+00:00,2024-07-18 08:00:00+00:00,1721289600000,0.0001
2024-07-18 16:00:00+00:00,2024-07-18 16:00:00+00:00,1721318400000,5.031e-05
2024-07-18 20:00:00+00:00,2024-07-18 16:00:00+00:00,1721318400000,5.031e-05
2024-07-19 00:00:00+00:00,2024-07-19 00:00:00+00:00,1721347200000,0.0001
2024-07-19 04:00:00+00:00,2024-07-19 00:00:00+00:00,1721347200000,0.0001
2024-07-19 08:00:00+00:00,2024-07-19 08:00:00+00:00,1721376000000,0.0001
2024-07-19 12:00:00+00:00,2024-07-19 08:00:00+00:00,1721376000000,0.0001
2024-07-19 16:00:00+00:00,2024-07-19 16:00:00+00:00,1721404800000,2.398e-05
2024-07-19 20:00:00+00:00,2024-07-19 16:00:00+00:00,1721404800000,2.398e-05
2024-07-20 00:00:00+00:00,2024-07-20 00:00:00+00:00,1721433600000,0.0001
2024-07-20 04:00:00+00:00,2024-07-20 00:00:00+00:00,1721433600000,0.0001
2024-07-20 08:00:00+00:00,2024-07-20 08:00:00+00:00,1721462400000,7.826e-05
2024-07-20 12:00:00+00:00,2024-07-20 08:00:00+00:00,1721462400000,7.826e-05
2024-07-20 16:00:00+00:00,2024-07-20 16:00:00+00:00,1721491200000,-1.771e-05
2024-07-20 20:00:00+00:00,2024-07-20 16:00:00+00:00,1721491200000,-1.771e-05
2024-07-21 00:00:00+00:00,2024-07-21 00:00:00+00:00,1721520000000,0.0001
2024-07-21 04:00:00+00:00,2024-07-21 00:00:00+00:00,1721520000000,0.0001
2024-07-21 08:00:00+00:00,2024-07-21 08:00:00+00:00,1721548800000,0.0001
2024-07-21 12:00:00+00:00,2024-07-21 08:00:00+00:00,1721548800000,0.0001
2024-07-21 16:00:00+00:00,2024-07-21 16:00:00+00:00,1721577600000,0.0001
2024-07-21 20:00:00+00:00,2024-07-21 16:00:00+00:00,1721577600000,0.0001
2024-07-22 00:00:00+00:00,2024-07-22 00:00:00+00:00,1721606400000,0.0001
2024-07-22 04:00:00+00:00,2024-07-22 00:00:00+00:00,1721606400000,0.0001
2024-07-22 08:00:00+00:00,2024-07-22 08:00:00+00:00,1721635200000,0.0001
2024-07-22 12:00:00+00:00,2024-07-22 08:00:00+00:00,1721635200000,0.0001
2024-07-22 16:00:00+00:00,2024-07-22 16:00:00+00:00,1721664000000,7.202e-05
2024-07-22 20:00:00+00:00,2024-07-22 16:00:00+00:00,1721664000000,7.202e-05
2024-07-23 00:00:00+00:00,2024-07-23 00:00:00+00:00,1721692800000,0.0001
2024-07-23 04:00:00+00:00,2024-07-23 00:00:00+00:00,1721692800000,0.0001
2024-07-23 08:00:00+00:00,2024-07-23 08:00:00+00:00,1721721600000,0.0001
2024-07-23 12:00:00+00:00,2024-07-23 08:00:00+00:00,1721721600000,0.0001
2024-07-23 16:00:00+00:00,2024-07-23 16:00:00+00:00,1721750400000,0.0001
2024-07-23 20:00:00+00:00,2024-07-23 16:00:00+00:00,1721750400000,0.0001
2024-07-24 00:00:00+00:00,2024-07-24 00:00:00+00:00,1721779200000,0.0001
2024-07-24 04:00:00+00:00,2024-07-24 00:00:00+00:00,1721779200000,0.0001
2024-07-24 08:00:00+00:00,2024-07-24 08:00:00+00:00,1721808000000,0.0001
2024-07-24 12:00:00+00:00,2024-07-24 08:00:00+00:00,1721808000000,0.0001
2024-07-24 16:00:00+00:00,2024-07-24 16:00:00+00:00,1721836800000,0.0001
2024-07-24 20:00:00+00:00,2024-07-24 16:00:00+00:00,1721836800000,0.0001
2024-07-25 00:00:00+00:00,2024-07-25 00:00:00+00:00,1721865600000,0.0001
2024-07-25 04:00:00+00:00,2024-07-25 00:00:00+00:00,1721865600000,0.0001
2024-07-25 08:00:00+00:00,2024-07-25 08:00:00+00:00,1721894400000,0.0001
2024-07-25 12:00:00+00:00,2024-07-25 08:00:00+00:00,1721894400000,0.0001
2024-07-25 16:00:00+00:00,2024-07-25 16:00:00+00:00,1721923200000,0.0001
2024-07-25 20:00:00+00:00,2024-07-25 16:00:00+00:00,1721923200000,0.0001
2024-07-26 00:00:00+00:00,2024-07-26 00:00:00+00:00,1721952000000,7.344e-05
2024-07-26 04:00:00+00:00,2024-07-26 00:00:00+00:00,1721952000000,7.344e-05
2024-07-26 08:00:00+00:00,2024-07-26 08:00:00+00:00,1721980800000,0.0001
2024-07-26 12:00:00+00:00,2024-07-26 08:00:00+00:00,1721980800000,0.0001
2024-07-26 16:00:00+00:00,2024-07-26 16:00:00+00:00,1722009600000,0.0001
2024-07-26 20:00:00+00:00,2024-07-26 16:00:00+00:00,1722009600000,0.0001
2024-07-27 00:00:00+00:00,2024-07-27 00:00:00+00:00,1722038400000,0.0001
2024-07-27 04:00:00+00:00,2024-07-27 00:00:00+00:00,1722038400000,0.0001
2024-07-27 08:00:00+00:00,2024-07-27 08:00:00+00:00,1722067200000,0.0001
2024-07-27 12:00:00+00:00,2024-07-27 08:00:00+00:00,1722067200000,0.0001
2024-07-27 16:00:00+00:00,2024-07-27 16:00:00+00:00,1722096000000,0.0001
2024-07-27 20:00:00+00:00,2024-07-27 16:00:00+00:00,1722096000000,0.0001
2024-07-28 00:00:00+00:00,2024-07-28 00:00:00+00:00,1722124800000,0.0001
2024-07-28 04:00:00+00:00,2024-07-28 00:00:00+00:00,1722124800000,0.0001
2024-07-28 08:00:00+00:00,2024-07-28 08:00:00+00:00,1722153600000,0.0001
2024-07-28 12:00:00+00:00,2024-07-28 08:00:00+00:00,1722153600000,0.0001
2024-07-28 16:00:00+00:00,2024-07-28 16:00:00+00:00,1722182400000,0.0001
2024-07-28 20:00:00+00:00,2024-07-28 16:00:00+00:00,1722182400000,0.0001
2024-07-29 00:00:00+00:00,2024-07-29 00:00:00+00:00,1722211200000,0.0001
2024-07-29 04:00:00+00:00,2024-07-29 00:00:00+00:00,1722211200000,0.0001
2024-07-29 08:00:00+00:00,2024-07-29 08:00:00+00:00,1722240000000,0.0001
2024-07-29 12:00:00+00:00,2024-07-29 08:00:00+00:00,1722240000000,0.0001
2024-07-29 16:00:00+00:00,2024-07-29 16:00:00+00:00,1722268800000,0.0001
2024-07-29 20:00:00+00:00,2024-07-29 16:00:00+00:00,1722268800000,0.0001
2024-07-30 00:00:00+00:00,2024-07-30 00:00:00+00:00,1722297600000,0.0001
2024-07-30 04:00:00+00:00,2024-07-30 00:00:00+00:00,1722297600000,0.0001
2024-07-30 08:00:00+00:00,2024-07-30 08:00:00+00:00,1722326400000,4.649e-05
2024-07-30 12:00:00+00:00,2024-07-30 08:00:00+00:00,1722326400000,4.649e-05
2024-07-30 16:00:00+00:00,2024-07-30 16:00:00+00:00,1722355200000,0.0001
2024-07-30 20:00:00+00:00,2024-07-30 16:00:00+00:00,1722355200000,0.0001
2024-07-31 00:00:00+00:00,2024-07-31 00:00:00+00:00,1722384000000,7.149e-05
2024-07-31 04:00:00+00:00,2024-07-31 00:00:00+00:00,1722384000000,7.149e-05
2024-07-31 08:00:00+00:00,2024-07-31 08:00:00+00:00,1722412800000,0.0001
2024-07-31 12:00:00+00:00,2024-07-31 08:00:00+00:00,1722412800000,0.0001
2024-07-31 16:00:00+00:00,2024-07-31 16:00:00+00:00,1722441600000,0.0001
2024-07-31 20:00:00+00:00,2024-07-31 16:00:00+00:00,1722441600000,0.0001
2024-08-01 00:00:00+00:00,2024-08-01 00:00:00+00:00,1722470400000,-1.047e-05
2024-08-01 04:00:00+00:00,2024-08-01 00:00:00+00:00,1722470400000,-1.047e-05
2024-08-01 08:00:00+00:00,2024-08-01 08:00:00+00:00,1722499200000,-9.802e-05
2024-08-01 12:00:00+00:00,2024-08-01 08:00:00+00:00,1722499200000,-9.802e-05
2024-08-01 16:00:00+00:00,2024-08-01 16:00:00+00:00,1722528000000,5.477e-05
2024-08-01 20:00:00+00:00,2024-08-01 16:00:00+00:00,1722528000000,5.477e-05
2024-08-02 00:00:00+00:00,2024-08-02 00:00:00+00:00,1722556800000,-9.89e-05
2024-08-02 04:00:00+00:00,2024-08-02 00:00:00+00:00,1722556800000,-9.89e-05
2024-08-02 08:00:00+00:00,2024-08-02 08:00:00+00:00,1722585600000,-6.481e-05
2024-08-02 12:00:00+00:00,2024-08-02 08:00:00+00:00,1722585600000,-6.481e-05
2024-08-02 16:00:00+00:00,2024-08-02 16:00:00+00:00,1722614400000,2.235e-05
2024-08-02 20:00:00+00:00,2024-08-02 16:00:00+00:00,1722614400000,2.235e-05
2024-08-03 00:00:00+00:00,2024-08-03 00:00:00+00:00,1722643200000,5.941e-05
2024-08-03 04:00:00+00:00,2024-08-03 00:00:00+00:00,1722643200000,5.941e-05
2024-08-03 08:00:00+00:00,2024-08-03 08:00:00+00:00,1722672000000,2.033e-05
2024-08-03 12:00:00+00:00,2024-08-03 08:00:00+00:00,1722672000000,2.033e-05
2024-08-03 16:00:00+00:00,2024-08-03 16:00:00+00:00,1722700800000,0.0001
2024-08-03 20:00:00+00:00,2024-08-03 16:00:00+00:00,1722700800000,0.0001
2024-08-04 00:00:00+00:00,2024-08-04 00:00:00+00:00,1722729600000,-6.666e-05
2024-08-04 04:00:00+00:00,2024-08-04 00:00:00+00:00,1722729600000,-6.666e-05
2024-08-04 08:00:00+00:00,2024-08-04 08:00:00+00:00,1722758400000,-5.025e-05
2024-08-04 12:00:00+00:00,2024-08-04 08:00:00+00:00,1722758400000,-5.025e-05
2024-08-04 16:00:00+00:00,2024-08-04 16:00:00+00:00,1722787200000,6.809e-05
2024-08-04 20:00:00+00:00,2024-08-04 16:00:00+00:00,1722787200000,6.809e-05
2024-08-05 00:00:00+00:00,2024-08-05 00:00:00+00:00,1722816000000,7.244e-05
2024-08-05 04:00:00+00:00,2024-08-05 00:00:00+00:00,1722816000000,7.244e-05
2024-08-05 08:00:00+00:00,2024-08-05 08:00:00+00:00,1722844800000,-0.00026659
2024-08-05 12:00:00+00:00,2024-08-05 08:00:00+00:00,1722844800000,-0.00026659
2024-08-05 16:00:00+00:00,2024-08-05 16:00:00+00:00,1722873600000,-0.00021692
2024-08-05 20:00:00+00:00,2024-08-05 16:00:00+00:00,1722873600000,-0.00021692
2024-08-06 00:00:00+00:00,2024-08-06 00:00:00+00:00,1722902400000,-0.00011839
2024-08-06 04:00:00+00:00,2024-08-06 00:00:00+00:00,1722902400000,-0.00011839
2024-08-06 08:00:00+00:00,2024-08-06 08:00:00+00:00,1722931200000,-0.0003212
2024-08-06 12:00:00+00:00,2024-08-06 08:00:00+00:00,1722931200000,-0.0003212
2024-08-06 16:00:00+00:00,2024-08-06 16:00:00+00:00,1722960000000,-2.416e-05
2024-08-06 20:00:00+00:00,2024-08-06 16:00:00+00:00,1722960000000,-2.416e-05
2024-08-07 00:00:00+00:00,2024-08-07 00:00:00+00:00,1722988800000,-9.821e-05
2024-08-07 04:00:00+00:00,2024-08-07 00:00:00+00:00,1722988800000,-9.821e-05
2024-08-07 08:00:00+00:00,2024-08-07 08:00:00+00:00,1723017600000,1.757e-05
2024-08-07 12:00:00+00:00,2024-08-07 08:00:00+00:00,1723017600000,1.757e-05
2024-08-07 16:00:00+00:00,2024-08-07 16:00:00+00:00,1723046400000,-4.8e-06
2024-08-07 20:00:00+00:00,2024-08-07 16:00:00+00:00,1723046400000,-4.8e-06
2024-08-08 00:00:00+00:00,2024-08-08 00:00:00+00:00,1723075200000,0.0001
2024-08-08 04:00:00+00:00,2024-08-08 00:00:00+00:00,1723075200000,0.0001
2024-08-08 08:00:00+00:00,2024-08-08 08:00:00+00:00,1723104000000,7.156e-05
2024-08-08 12:00:00+00:00,2024-08-08 08:00:00+00:00,1723104000000,7.156e-05
2024-08-08 16:00:00+00:00,2024-08-08 16:00:00+00:00,1723132800000,-6.616e-05
2024-08-08 20:00:00+00:00,2024-08-08 16:00:00+00:00,1723132800000,-6.616e-05
2024-08-09 00:00:00+00:00,2024-08-09 00:00:00+00:00,1723161600000,-2.42e-06
2024-08-09 04:00:00+00:00,2024-08-09 00:00:00+00:00,1723161600000,-2.42e-06
2024-08-09 08:00:00+00:00,2024-08-09 08:00:00+00:00,1723190400000,-9.903e-05
2024-08-09 12:00:00+00:00,2024-08-09 08:00:00+00:00,1723190400000,-9.903e-05
2024-08-09 16:00:00+00:00,2024-08-09 16:00:00+00:00,1723219200000,0.0001
2024-08-09 20:00:00+00:00,2024-08-09 16:00:00+00:00,1723219200000,0.0001
2024-08-10 00:00:00+00:00,2024-08-10 00:00:00+00:00,1723248000000,-3.77e-06
2024-08-10 04:00:00+00:00,2024-08-10 00:00:00+00:00,1723248000000,-3.77e-06
2024-08-10 08:00:00+00:00,2024-08-10 08:00:00+00:00,1723276800000,0.0001
2024-08-10 12:00:00+00:00,2024-08-10 08:00:00+00:00,1723276800000,0.0001
2024-08-10 16:00:00+00:00,2024-08-10 16:00:00+00:00,1723305600000,-4.052e-05
2024-08-10 20:00:00+00:00,2024-08-10 16:00:00+00:00,1723305600000,-4.052e-05
2024-08-11 00:00:00+00:00,2024-08-11 00:00:00+00:00,1723334400000,3.312e-05
2024-08-11 04:00:00+00:00,2024-08-11 00:00:00+00:00,1723334400000,3.312e-05
2024-08-11 08:00:00+00:00,2024-08-11 08:00:00+00:00,1723363200000,2.07e-06
2024-08-11 12:00:00+00:00,2024-08-11 08:00:00+00:00,1723363200000,2.07e-06
2024-08-11 16:00:00+00:00,2024-08-11 16:00:00+00:00,1723392000000,-8.011e-05
2024-08-11 20:00:00+00:00,2024-08-11 16:00:00+00:00,1723392000000,-8.011e-05
2024-08-12 00:00:00+00:00,2024-08-12 00:00:00+00:00,1723420800000,4.429e-05
2024-08-12 04:00:00+00:00,2024-08-12 00:00:00+00:00,1723420800000,4.429e-05
2024-08-12 08:00:00+00:00,2024-08-12 08:00:00+00:00,1723449600000,-1.518e-05
2024-08-12 12:00:00+00:00,2024-08-12 08:00:00+00:00,1723449600000,-1.518e-05
2024-08-12 16:00:00+00:00,2024-08-12 16:00:00+00:00,1723478400000,-6.146e-05
2024-08-12 20:00:00+00:00,2024-08-12 16:00:00+00:00,1723478400000,-6.146e-05
2024-08-13 00:00:00+00:00,2024-08-13 00:00:00+00:00,1723507200000,-0.00027205
2024-08-13 04:00:00+00:00,2024-08-13 00:00:00+00:00,1723507200000,-0.00027205
2024-08-13 08:00:00+00:00,2024-08-13 08:00:00+00:00,1723536000000,0.0
2024-08-13 12:00:00+00:00,2024-08-13 08:00:00+00:00,1723536000000,0.0
2024-08-13 16:00:00+00:00,2024-08-13 16:00:00+00:00,1723564800000,-1.666e-05
2024-08-13 20:00:00+00:00,2024-08-13 16:00:00+00:00,1723564800000,-1.666e-05
2024-08-14 00:00:00+00:00,2024-08-14 00:00:00+00:00,1723593600000,-0.00011335
2024-08-14 04:00:00+00:00,2024-08-14 00:00:00+00:00,1723593600000,-0.00011335
2024-08-14 08:00:00+00:00,2024-08-14 08:00:00+00:00,1723622400000,-8.346e-05
2024-08-14 12:00:00+00:00,2024-08-14 08:00:00+00:00,1723622400000,-8.346e-05
2024-08-14 16:00:00+00:00,2024-08-14 16:00:00+00:00,1723651200000,-5.18e-06
2024-08-14 20:00:00+00:00,2024-08-14 16:00:00+00:00,1723651200000,-5.18e-06
2024-08-15 00:00:00+00:00,2024-08-15 00:00:00+00:00,1723680000000,-7.754e-05
2024-08-15 04:00:00+00:00,2024-08-15 00:00:00+00:00,1723680000000,-7.754e-05
2024-08-15 08:00:00+00:00,2024-08-15 08:00:00+00:00,1723708800000,-9.108e-05
2024-08-15 12:00:00+00:00,2024-08-15 08:00:00+00:00,1723708800000,-9.108e-05
2024-08-15 16:00:00+00:00,2024-08-15 16:00:00+00:00,1723737600000,3.527e-05
2024-08-15 20:00:00+00:00,2024-08-15 16:00:00+00:00,1723737600000,3.527e-05
2024-08-16 00:00:00+00:00,2024-08-16 00:00:00+00:00,1723766400000,4.194e-05
2024-08-16 04:00:00+00:00,2024-08-16 00:00:00+00:00,1723766400000,4.194e-05
2024-08-16 08:00:00+00:00,2024-08-16 08:00:00+00:00,1723795200000,0.0001
2024-08-16 12:00:00+00:00,2024-08-16 08:00:00+00:00,1723795200000,0.0001
2024-08-16 16:00:00+00:00,2024-08-16 16:00:00+00:00,1723824000000,-0.00016606
2024-08-16 20:00:00+00:00,2024-08-16 16:00:00+00:00,1723824000000,-0.00016606
2024-08-17 00:00:00+00:00,2024-08-17 00:00:00+00:00,1723852800000,1e-06
2024-08-17 04:00:00+00:00,2024-08-17 00:00:00+00:00,1723852800000,1e-06
2024-08-17 08:00:00+00:00,2024-08-17 08:00:00+00:00,1723881600000,-0.00024726
2024-08-17 12:00:00+00:00,2024-08-17 08:00:00+00:00,1723881600000,-0.00024726
2024-08-17 16:00:00+00:00,2024-08-17 16:00:00+00:00,1723910400000,-3.484e-05
2024-08-17 20:00:00+00:00,2024-08-17 16:00:00+00:00,1723910400000,-3.484e-05
2024-08-18 00:00:00+00:00,2024-08-18 00:00:00+00:00,1723939200000,0.0001
2024-08-18 04:00:00+00:00,2024-08-18 00:00:00+00:00,1723939200000,0.0001
2024-08-18 08:00:00+00:00,2024-08-18 08:00:00+00:00,1723968000000,-2.329e-05
2024-08-18 12:00:00+00:00,2024-08-18 08:00:00+00:00,1723968000000,-2.329e-05
2024-08-18 16:00:00+00:00,2024-08-18 16:00:00+00:00,1723996800000,-5.206e-05
2024-08-18 20:00:00+00:00,2024-08-18 16:00:00+00:00,1723996800000,-5.206e-05
2024-08-19 00:00:00+00:00,2024-08-19 00:00:00+00:00,1724025600000,-7.681e-05
2024-08-19 04:00:00+00:00,2024-08-19 00:00:00+00:00,1724025600000,-7.681e-05
2024-08-19 08:00:00+00:00,2024-08-19 08:00:00+00:00,1724054400000,-9.765e-05
2024-08-19 12:00:00+00:00,2024-08-19 08:00:00+00:00,1724054400000,-9.765e-05
2024-08-19 16:00:00+00:00,2024-08-19 16:00:00+00:00,1724083200000,6.61e-06
2024-08-19 20:00:00+00:00,2024-08-19 16:00:00+00:00,1724083200000,6.61e-06
2024-08-20 00:00:00+00:00,2024-08-20 00:00:00+00:00,1724112000000,-7.871e-05
2024-08-20 04:00:00+00:00,2024-08-20 00:00:00+00:00,1724112000000,-7.871e-05
2024-08-20 08:00:00+00:00,2024-08-20 08:00:00+00:00,1724140800000,5.265e-05
2024-08-20 12:00:00+00:00,2024-08-20 08:00:00+00:00,1724140800000,5.265e-05
2024-08-20 16:00:00+00:00,2024-08-20 16:00:00+00:00,1724169600000,-0.0001008
2024-08-20 20:00:00+00:00,2024-08-20 16:00:00+00:00,1724169600000,-0.0001008
2024-08-21 00:00:00+00:00,2024-08-21 00:00:00+00:00,1724198400000,6.811e-05
2024-08-21 04:00:00+00:00,2024-08-21 00:00:00+00:00,1724198400000,6.811e-05
2024-08-21 08:00:00+00:00,2024-08-21 08:00:00+00:00,1724227200000,9.754e-05
2024-08-21 12:00:00+00:00,2024-08-21 08:00:00+00:00,1724227200000,9.754e-05
2024-08-21 16:00:00+00:00,2024-08-21 16:00:00+00:00,1724256000000,-0.00019045
2024-08-21 20:00:00+00:00,2024-08-21 16:00:00+00:00,1724256000000,-0.00019045
2024-08-22 00:00:00+00:00,2024-08-22 00:00:00+00:00,1724284800000,3.872e-05
2024-08-22 04:00:00+00:00,2024-08-22 00:00:00+00:00,1724284800000,3.872e-05
2024-08-22 08:00:00+00:00,2024-08-22 08:00:00+00:00,1724313600000,5.064e-05
2024-08-22 12:00:00+00:00,2024-08-22 08:00:00+00:00,1724313600000,5.064e-05
2024-08-22 16:00:00+00:00,2024-08-22 16:00:00+00:00,1724342400000,6.15e-06
2024-08-22 20:00:00+00:00,2024-08-22 16:00:00+00:00,1724342400000,6.15e-06
2024-08-23 00:00:00+00:00,2024-08-23 00:00:00+00:00,1724371200000,1.503e-05
2024-08-23 04:00:00+00:00,2024-08-23 00:00:00+00:00,1724371200000,1.503e-05
2024-08-23 08:00:00+00:00,2024-08-23 08:00:00+00:00,1724400000000,5.616e-05
2024-08-23 12:00:00+00:00,2024-08-23 08:00:00+00:00,1724400000000,5.616e-05
2024-08-23 16:00:00+00:00,2024-08-23 16:00:00+00:00,1724428800000,-6.699e-05
2024-08-23 20:00:00+00:00,2024-08-23 16:00:00+00:00,1724428800000,-6.699e-05
2024-08-24 00:00:00+00:00,2024-08-24 00:00:00+00:00,1724457600000,0.0001
2024-08-24 04:00:00+00:00,2024-08-24 00:00:00+00:00,1724457600000,0.0001
2024-08-24 08:00:00+00:00,2024-08-24 08:00:00+00:00,1724486400000,0.0001
2024-08-24 12:00:00+00:00,2024-08-24 08:00:00+00:00,1724486400000,0.0001
2024-08-24 16:00:00+00:00,2024-08-24 16:00:00+00:00,1724515200000,0.0001
2024-08-24 20:00:00+00:00,2024-08-24 16:00:00+00:00,1724515200000,0.0001
2024-08-25 00:00:00+00:00,2024-08-25 00:00:00+00:00,1724544000000,0.0001
2024-08-25 04:00:00+00:00,2024-08-25 00:00:00+00:00,1724544000000,0.0001
2024-08-25 08:00:00+00:00,2024-08-25 08:00:00+00:00,1724572800000,0.0001
2024-08-25 12:00:00+00:00,2024-08-25 08:00:00+00:00,1724572800000,0.0001
2024-08-25 16:00:00+00:00,2024-08-25 16:00:00+00:00,1724601600000,0.0001
2024-08-25 20:00:00+00:00,2024-08-25 16:00:00+00:00,1724601600000,0.0001
2024-08-26 00:00:00+00:00,2024-08-26 00:00:00+00:00,1724630400000,0.0001
2024-08-26 04:00:00+00:00,2024-08-26 00:00:00+00:00,1724630400000,0.0001
2024-08-26 08:00:00+00:00,2024-08-26 08:00:00+00:00,1724659200000,0.0001
2024-08-26 12:00:00+00:00,2024-08-26 08:00:00+00:00,1724659200000,0.0001
2024-08-26 16:00:00+00:00,2024-08-26 16:00:00+00:00,1724688000000,7.958e-05
2024-08-26 20:00:00+00:00,2024-08-26 16:00:00+00:00,1724688000000,7.958e-05
2024-08-27 00:00:00+00:00,2024-08-27 00:00:00+00:00,1724716800000,9.526e-05
2024-08-27 04:00:00+00:00,2024-08-27 00:00:00+00:00,1724716800000,9.526e-05
2024-08-27 08:00:00+00:00,2024-08-27 08:00:00+00:00,1724745600000,2.816e-05
2024-08-27 12:00:00+00:00,2024-08-27 08:00:00+00:00,1724745600000,2.816e-05
2024-08-27 16:00:00+00:00,2024-08-27 16:00:00+00:00,1724774400000,8.904e-05
2024-08-27 20:00:00+00:00,2024-08-27 16:00:00+00:00,1724774400000,8.904e-05
2024-08-28 00:00:00+00:00,2024-08-28 00:00:00+00:00,1724803200000,-2.758e-05
2024-08-28 04:00:00+00:00,2024-08-28 00:00:00+00:00,1724803200000,-2.758e-05
2024-08-28 08:00:00+00:00,2024-08-28 08:00:00+00:00,1724832000000,1.254e-05
2024-08-28 12:00:00+00:00,2024-08-28 08:00:00+00:00,1724832000000,1.254e-05
2024-08-28 16:00:00+00:00,2024-08-28 16:00:00+00:00,1724860800000,-8.111e-05
2024-08-28 20:00:00+00:00,2024-08-28 16:00:00+00:00,1724860800000,-8.111e-05
2024-08-29 00:00:00+00:00,2024-08-29 00:00:00+00:00,1724889600000,-8.348e-05
2024-08-29 04:00:00+00:00,2024-08-29 00:00:00+00:00,1724889600000,-8.348e-05
2024-08-29 08:00:00+00:00,2024-08-29 08:00:00+00:00,1724918400000,-8.211e-05
2024-08-29 12:00:00+00:00,2024-08-29 08:00:00+00:00,1724918400000,-8.211e-05
2024-08-29 16:00:00+00:00,2024-08-29 16:00:00+00:00,1724947200000,8.43e-06
2024-08-29 20:00:00+00:00,2024-08-29 16:00:00+00:00,1724947200000,8.43e-06
2024-08-30 00:00:00+00:00,2024-08-30 00:00:00+00:00,1724976000000,-0.000104
2024-08-30 04:00:00+00:00,2024-08-30 00:00:00+00:00,1724976000000,-0.000104
2024-08-30 08:00:00+00:00,2024-08-30 08:00:00+00:00,1725004800000,-0.00017178
2024-08-30 12:00:00+00:00,2024-08-30 08:00:00+00:00,1725004800000,-0.00017178
2024-08-30 16:00:00+00:00,2024-08-30 16:00:00+00:00,1725033600000,-0.00016989
2024-08-30 20:00:00+00:00,2024-08-30 16:00:00+00:00,1725033600000,-0.00016989
2024-08-31 00:00:00+00:00,2024-08-31 00:00:00+00:00,1725062400000,-8.592e-05
2024-08-31 04:00:00+00:00,2024-08-31 00:00:00+00:00,1725062400000,-8.592e-05
2024-08-31 08:00:00+00:00,2024-08-31 08:00:00+00:00,1725091200000,-5.9e-07
2024-08-31 12:00:00+00:00,2024-08-31 08:00:00+00:00,1725091200000,-5.9e-07
2024-08-31 16:00:00+00:00,2024-08-31 16:00:00+00:00,1725120000000,-0.00017295
2024-08-31 20:00:00+00:00,2024-08-31 16:00:00+00:00,1725120000000,-0.00017295
2024-09-01 00:00:00+00:00,2024-09-01 00:00:00+00:00,1725148800000,-0.00017995
2024-09-01 04:00:00+00:00,2024-09-01 00:00:00+00:00,1725148800000,-0.00017995
2024-09-01 08:00:00+00:00,2024-09-01 08:00:00+00:00,1725177600000,-0.00010891
2024-09-01 12:00:00+00:00,2024-09-01 08:00:00+00:00,1725177600000,-0.00010891
2024-09-01 16:00:00+00:00,2024-09-01 16:00:00+00:00,1725206400000,-6.254e-05
2024-09-01 20:00:00+00:00,2024-09-01 16:00:00+00:00,1725206400000,-6.254e-05
2024-09-02 00:00:00+00:00,2024-09-02 00:00:00+00:00,1725235200000,-0.0001849
2024-09-02 04:00:00+00:00,2024-09-02 00:00:00+00:00,1725235200000,-0.0001849
2024-09-02 08:00:00+00:00,2024-09-02 08:00:00+00:00,1725264000000,-0.00017759
2024-09-02 12:00:00+00:00,2024-09-02 08:00:00+00:00,1725264000000,-0.00017759
2024-09-02 16:00:00+00:00,2024-09-02 16:00:00+00:00,1725292800000,-8.759e-05
2024-09-02 20:00:00+00:00,2024-09-02 16:00:00+00:00,1725292800000,-8.759e-05
2024-09-03 00:00:00+00:00,2024-09-03 00:00:00+00:00,1725321600000,-0.00025718
2024-09-03 04:00:00+00:00,2024-09-03 00:00:00+00:00,1725321600000,-0.00025718
2024-09-03 08:00:00+00:00,2024-09-03 08:00:00+00:00,1725350400000,-6.342e-05
2024-09-03 12:00:00+00:00,2024-09-03 08:00:00+00:00,1725350400000,-6.342e-05
2024-09-03 16:00:00+00:00,2024-09-03 16:00:00+00:00,1725379200000,-0.0001946
2024-09-03 20:00:00+00:00,2024-09-03 16:00:00+00:00,1725379200000,-0.0001946
2024-09-04 00:00:00+00:00,2024-09-04 00:00:00+00:00,1725408000000,-0.00011592
2024-09-04 04:00:00+00:00,2024-09-04 00:00:00+00:00,1725408000000,-0.00011592
2024-09-04 08:00:00+00:00,2024-09-04 08:00:00+00:00,1725436800000,-0.0001621
2024-09-04 12:00:00+00:00,2024-09-04 08:00:00+00:00,1725436800000,-0.0001621
2024-09-04 16:00:00+00:00,2024-09-04 16:00:00+00:00,1725465600000,-2.677e-05
2024-09-04 20:00:00+00:00,2024-09-04 16:00:00+00:00,1725465600000,-2.677e-05
2024-09-05 00:00:00+00:00,2024-09-05 00:00:00+00:00,1725494400000,-5.911e-05
2024-09-05 04:00:00+00:00,2024-09-05 00:00:00+00:00,1725494400000,-5.911e-05
2024-09-05 08:00:00+00:00,2024-09-05 08:00:00+00:00,1725523200000,3.522e-05
2024-09-05 12:00:00+00:00,2024-09-05 08:00:00+00:00,1725523200000,3.522e-05
2024-09-05 16:00:00+00:00,2024-09-05 16:00:00+00:00,1725552000000,8.1e-05
2024-09-05 20:00:00+00:00,2024-09-05 16:00:00+00:00,1725552000000,8.1e-05
2024-09-06 00:00:00+00:00,2024-09-06 00:00:00+00:00,1725580800000,-8.059e-05
2024-09-06 04:00:00+00:00,2024-09-06 00:00:00+00:00,1725580800000,-8.059e-05
2024-09-06 08:00:00+00:00,2024-09-06 08:00:00+00:00,1725609600000,5.267e-05
2024-09-06 12:00:00+00:00,2024-09-06 08:00:00+00:00,1725609600000,5.267e-05
2024-09-06 16:00:00+00:00,2024-09-06 16:00:00+00:00,1725638400000,-3.213e-05
2024-09-06 20:00:00+00:00,2024-09-06 16:00:00+00:00,1725638400000,-3.213e-05
2024-09-07 00:00:00+00:00,2024-09-07 00:00:00+00:00,1725667200000,-0.00016893
2024-09-07 04:00:00+00:00,2024-09-07 00:00:00+00:00,1725667200000,-0.00016893
2024-09-07 08:00:00+00:00,2024-09-07 08:00:00+00:00,1725696000000,-9.795e-05
2024-09-07 12:00:00+00:00,2024-09-07 08:00:00+00:00,1725696000000,-9.795e-05
2024-09-07 16:00:00+00:00,2024-09-07 16:00:00+00:00,1725724800000,3.5e-06
2024-09-07 20:00:00+00:00,2024-09-07 16:00:00+00:00,1725724800000,3.5e-06
2024-09-08 00:00:00+00:00,2024-09-08 00:00:00+00:00,1725753600000,-1.138e-05
2024-09-08 04:00:00+00:00,2024-09-08 00:00:00+00:00,1725753600000,-1.138e-05
2024-09-08 08:00:00+00:00,2024-09-08 08:00:00+00:00,1725782400000,1.227e-05
2024-09-08 12:00:00+00:00,2024-09-08 08:00:00+00:00,1725782400000,1.227e-05
2024-09-08 16:00:00+00:00,2024-09-08 16:00:00+00:00,1725811200000,-2.252e-05
2024-09-08 20:00:00+00:00,2024-09-08 16:00:00+00:00,1725811200000,-2.252e-05
2024-09-09 00:00:00+00:00,2024-09-09 00:00:00+00:00,1725840000000,8.367e-05
2024-09-09 04:00:00+00:00,2024-09-09 00:00:00+00:00,1725840000000,8.367e-05
2024-09-09 08:00:00+00:00,2024-09-09 08:00:00+00:00,1725868800000,8.074e-05
2024-09-09 12:00:00+00:00,2024-09-09 08:00:00+00:00,1725868800000,8.074e-05
2024-09-09 16:00:00+00:00,2024-09-09 16:00:00+00:00,1725897600000,-4.882e-05
2024-09-09 20:00:00+00:00,2024-09-09 16:00:00+00:00,1725897600000,-4.882e-05
2024-09-10 00:00:00+00:00,2024-09-10 00:00:00+00:00,1725926400000,0.0001
2024-09-10 04:00:00+00:00,2024-09-10 00:00:00+00:00,1725926400000,0.0001
2024-09-10 08:00:00+00:00,2024-09-10 08:00:00+00:00,1725955200000,0.0001
2024-09-10 12:00:00+00:00,2024-09-10 08:00:00+00:00,1725955200000,0.0001
2024-09-10 16:00:00+00:00,2024-09-10 16:00:00+00:00,1725984000000,8.925e-05
2024-09-10 20:00:00+00:00,2024-09-10 16:00:00+00:00,1725984000000,8.925e-05
2024-09-11 00:00:00+00:00,2024-09-11 00:00:00+00:00,1726012800000,2.87e-06
2024-09-11 04:00:00+00:00,2024-09-11 00:00:00+00:00,1726012800000,2.87e-06
2024-09-11 08:00:00+00:00,2024-09-11 08:00:00+00:00,1726041600000,-0.00021503
2024-09-11 12:00:00+00:00,2024-09-11 08:00:00+00:00,1726041600000,-0.00021503
2024-09-11 16:00:00+00:00,2024-09-11 16:00:00+00:00,1726070400000,-0.0001031
2024-09-11 20:00:00+00:00,2024-09-11 16:00:00+00:00,1726070400000,-0.0001031
2024-09-12 00:00:00+00:00,2024-09-12 00:00:00+00:00,1726099200000,-9.585e-05
2024-09-12 04:00:00+00:00,2024-09-12 00:00:00+00:00,1726099200000,-9.585e-05
2024-09-12 08:00:00+00:00,2024-09-12 08:00:00+00:00,1726128000000,0.0001
2024-09-12 12:00:00+00:00,2024-09-12 08:00:00+00:00,1726128000000,0.0001
2024-09-12 16:00:00+00:00,2024-09-12 16:00:00+00:00,1726156800000,1.978e-05
2024-09-12 20:00:00+00:00,2024-09-12 16:00:00+00:00,1726156800000,1.978e-05
2024-09-13 00:00:00+00:00,2024-09-13 00:00:00+00:00,1726185600000,0.0001
2024-09-13 04:00:00+00:00,2024-09-13 00:00:00+00:00,1726185600000,0.0001
2024-09-13 08:00:00+00:00,2024-09-13 08:00:00+00:00,1726214400000,-2.381e-05
2024-09-13 12:00:00+00:00,2024-09-13 08:00:00+00:00,1726214400000,-2.381e-05
2024-09-13 16:00:00+00:00,2024-09-13 16:00:00+00:00,1726243200000,5.48e-06
2024-09-13 20:00:00+00:00,2024-09-13 16:00:00+00:00,1726243200000,5.48e-06
2024-09-14 00:00:00+00:00,2024-09-14 00:00:00+00:00,1726272000000,2.71e-05
2024-09-14 04:00:00+00:00,2024-09-14 00:00:00+00:00,1726272000000,2.71e-05
2024-09-14 08:00:00+00:00,2024-09-14 08:00:00+00:00,1726300800000,-5.91e-06
2024-09-14 12:00:00+00:00,2024-09-14 08:00:00+00:00,1726300800000,-5.91e-06
2024-09-14 16:00:00+00:00,2024-09-14 16:00:00+00:00,1726329600000,3.4e-06
2024-09-14 20:00:00+00:00,2024-09-14 16:00:00+00:00,1726329600000,3.4e-06
2024-09-15 00:00:00+00:00,2024-09-15 00:00:00+00:00,1726358400000,4.978e-05
2024-09-15 04:00:00+00:00,2024-09-15 00:00:00+00:00,1726358400000,4.978e-05
2024-09-15 08:00:00+00:00,2024-09-15 08:00:00+00:00,1726387200000,-5.45e-05
2024-09-15 12:00:00+00:00,2024-09-15 08:00:00+00:00,1726387200000,-5.45e-05
2024-09-15 16:00:00+00:00,2024-09-15 16:00:00+00:00,1726416000000,-1.67e-06
2024-09-15 20:00:00+00:00,2024-09-15 16:00:00+00:00,1726416000000,-1.67e-06
2024-09-16 00:00:00+00:00,2024-09-16 00:00:00+00:00,1726444800000,-5.51e-05
2024-09-16 04:00:00+00:00,2024-09-16 00:00:00+00:00,1726444800000,-5.51e-05
2024-09-16 08:00:00+00:00,2024-09-16 08:00:00+00:00,1726473600000,-0.00013451
2024-09-16 12:00:00+00:00,2024-09-16 08:00:00+00:00,1726473600000,-0.00013451
2024-09-16 16:00:00+00:00,2024-09-16 16:00:00+00:00,1726502400000,2.941e-05
2024-09-16 20:00:00+00:00,2024-09-16 16:00:00+00:00,1726502400000,2.941e-05
2024-09-17 00:00:00+00:00,2024-09-17 00:00:00+00:00,1726531200000,7.89e-06
2024-09-17 04:00:00+00:00,2024-09-17 00:00:00+00:00,1726531200000,7.89e-06
2024-09-17 08:00:00+00:00,2024-09-17 08:00:00+00:00,1726560000000,9.297e-05
2024-09-17 12:00:00+00:00,2024-09-17 08:00:00+00:00,1726560000000,9.297e-05
2024-09-17 16:00:00+00:00,2024-09-17 16:00:00+00:00,1726588800000,7.015e-05
2024-09-17 20:00:00+00:00,2024-09-17 16:00:00+00:00,1726588800000,7.015e-05
2024-09-18 00:00:00+00:00,2024-09-18 00:00:00+00:00,1726617600000,-2.3e-05
2024-09-18 04:00:00+00:00,2024-09-18 00:00:00+00:00,1726617600000,-2.3e-05
2024-09-18 08:00:00+00:00,2024-09-18 08:00:00+00:00,1726646400000,-2.125e-05
2024-09-18 12:00:00+00:00,2024-09-18 08:00:00+00:00,1726646400000,-2.125e-05
2024-09-18 16:00:00+00:00,2024-09-18 16:00:00+00:00,1726675200000,-6.542e-05
2024-09-18 20:00:00+00:00,2024-09-18 16:00:00+00:00,1726675200000,-6.542e-05
2024-09-19 00:00:00+00:00,2024-09-19 00:00:00+00:00,1726704000000,3.667e-05
2024-09-19 04:00:00+00:00,2024-09-19 00:00:00+00:00,1726704000000,3.667e-05
2024-09-19 08:00:00+00:00,2024-09-19 08:00:00+00:00,1726732800000,0.0001
2024-09-19 12:00:00+00:00,2024-09-19 08:00:00+00:00,1726732800000,0.0001
2024-09-19 16:00:00+00:00,2024-09-19 16:00:00+00:00,1726761600000,0.0001
2024-09-19 20:00:00+00:00,2024-09-19 16:00:00+00:00,1726761600000,0.0001
2024-09-20 00:00:00+00:00,2024-09-20 00:00:00+00:00,1726790400000,0.0001
2024-09-20 04:00:00+00:00,2024-09-20 00:00:00+00:00,1726790400000,0.0001
2024-09-20 08:00:00+00:00,2024-09-20 08:00:00+00:00,1726819200000,0.0001
2024-09-20 12:00:00+00:00,2024-09-20 08:00:00+00:00,1726819200000,0.0001
2024-09-20 16:00:00+00:00,2024-09-20 16:00:00+00:00,1726848000000,0.0001
2024-09-20 20:00:00+00:00,2024-09-20 16:00:00+00:00,1726848000000,0.0001
2024-09-21 00:00:00+00:00,2024-09-21 00:00:00+00:00,1726876800000,0.0001
2024-09-21 04:00:00+00:00,2024-09-21 00:00:00+00:00,1726876800000,0.0001
2024-09-21 08:00:00+00:00,2024-09-21 08:00:00+00:00,1726905600000,0.0001
2024-09-21 12:00:00+00:00,2024-09-21 08:00:00+00:00,1726905600000,0.0001
2024-09-21 16:00:00+00:00,2024-09-21 16:00:00+00:00,1726934400000,6.85e-05
2024-09-21 20:00:00+00:00,2024-09-21 16:00:00+00:00,1726934400000,6.85e-05
2024-09-22 00:00:00+00:00,2024-09-22 00:00:00+00:00,1726963200000,0.0001
2024-09-22 04:00:00+00:00,2024-09-22 00:00:00+00:00,1726963200000,0.0001
2024-09-22 08:00:00+00:00,2024-09-22 08:00:00+00:00,1726992000000,3.219e-05
2024-09-22 12:00:00+00:00,2024-09-22 08:00:00+00:00,1726992000000,3.219e-05
2024-09-22 16:00:00+00:00,2024-09-22 16:00:00+00:00,1727020800000,3.305e-05
2024-09-22 20:00:00+00:00,2024-09-22 16:00:00+00:00,1727020800000,3.305e-05
2024-09-23 00:00:00+00:00,2024-09-23 00:00:00+00:00,1727049600000,0.0001
2024-09-23 04:00:00+00:00,2024-09-23 00:00:00+00:00,1727049600000,0.0001
2024-09-23 08:00:00+00:00,2024-09-23 08:00:00+00:00,1727078400000,0.0001
2024-09-23 12:00:00+00:00,2024-09-23 08:00:00+00:00,1727078400000,0.0001
2024-09-23 16:00:00+00:00,2024-09-23 16:00:00+00:00,1727107200000,1.753e-05
2024-09-23 20:00:00+00:00,2024-09-23 16:00:00+00:00,1727107200000,1.753e-05
2024-09-24 00:00:00+00:00,2024-09-24 00:00:00+00:00,1727136000000,4.334e-05
2024-09-24 04:00:00+00:00,2024-09-24 00:00:00+00:00,1727136000000,4.334e-05
2024-09-24 08:00:00+00:00,2024-09-24 08:00:00+00:00,1727164800000,1.874e-05
2024-09-24 12:00:00+00:00,2024-09-24 08:00:00+00:00,1727164800000,1.874e-05
2024-09-24 16:00:00+00:00,2024-09-24 16:00:00+00:00,1727193600000,9.527e-05
2024-09-24 20:00:00+00:00,2024-09-24 16:00:00+00:00,1727193600000,9.527e-05
2024-09-25 00:00:00+00:00,2024-09-25 00:00:00+00:00,1727222400000,0.0001
2024-09-25 04:00:00+00:00,2024-09-25 00:00:00+00:00,1727222400000,0.0001
2024-09-25 08:00:00+00:00,2024-09-25 08:00:00+00:00,1727251200000,0.0001
2024-09-25 12:00:00+00:00,2024-09-25 08:00:00+00:00,1727251200000,0.0001
2024-09-25 16:00:00+00:00,2024-09-25 16:00:00+00:00,1727280000000,7.86e-06
2024-09-25 20:00:00+00:00,2024-09-25 16:00:00+00:00,1727280000000,7.86e-06
2024-09-26 00:00:00+00:00,2024-09-26 00:00:00+00:00,1727308800000,3.633e-05
2024-09-26 04:00:00+00:00,2024-09-26 00:00:00+00:00,1727308800000,3.633e-05
2024-09-26 08:00:00+00:00,2024-09-26 08:00:00+00:00,1727337600000,0.0001
2024-09-26 12:00:00+00:00,2024-09-26 08:00:00+00:00,1727337600000,0.0001
2024-09-26 16:00:00+00:00,2024-09-26 16:00:00+00:00,1727366400000,0.0001
2024-09-26 20:00:00+00:00,2024-09-26 16:00:00+00:00,1727366400000,0.0001
2024-09-27 00:00:00+00:00,2024-09-27 00:00:00+00:00,1727395200000,4.288e-05
2024-09-27 04:00:00+00:00,2024-09-27 00:00:00+00:00,1727395200000,4.288e-05
2024-09-27 08:00:00+00:00,2024-09-27 08:00:00+00:00,1727424000000,0.0001
2024-09-27 12:00:00+00:00,2024-09-27 08:00:00+00:00,1727424000000,0.0001
2024-09-27 16:00:00+00:00,2024-09-27 16:00:00+00:00,1727452800000,0.0001
2024-09-27 20:00:00+00:00,2024-09-27 16:00:00+00:00,1727452800000,0.0001
2024-09-28 00:00:00+00:00,2024-09-28 00:00:00+00:00,1727481600000,5.044e-05
2024-09-28 04:00:00+00:00,2024-09-28 00:00:00+00:00,1727481600000,5.044e-05
2024-09-28 08:00:00+00:00,2024-09-28 08:00:00+00:00,1727510400000,4.32e-05
2024-09-28 12:00:00+00:00,2024-09-28 08:00:00+00:00,1727510400000,4.32e-05
2024-09-28 16:00:00+00:00,2024-09-28 16:00:00+00:00,1727539200000,0.0001
2024-09-28 20:00:00+00:00,2024-09-28 16:00:00+00:00,1727539200000,0.0001
2024-09-29 00:00:00+00:00,2024-09-29 00:00:00+00:00,1727568000000,3.866e-05
2024-09-29 04:00:00+00:00,2024-09-29 00:00:00+00:00,1727568000000,3.866e-05
2024-09-29 08:00:00+00:00,2024-09-29 08:00:00+00:00,1727596800000,9.558e-05
2024-09-29 12:00:00+00:00,2024-09-29 08:00:00+00:00,1727596800000,9.558e-05
2024-09-29 16:00:00+00:00,2024-09-29 16:00:00+00:00,1727625600000,1.295e-05
2024-09-29 20:00:00+00:00,2024-09-29 16:00:00+00:00,1727625600000,1.295e-05
2024-09-30 00:00:00+00:00,2024-09-30 00:00:00+00:00,1727654400000,0.0001
2024-09-30 04:00:00+00:00,2024-09-30 00:00:00+00:00,1727654400000,0.0001
2024-09-30 08:00:00+00:00,2024-09-30 08:00:00+00:00,1727683200000,4.426e-05
2024-09-30 12:00:00+00:00,2024-09-30 08:00:00+00:00,1727683200000,4.426e-05
2024-09-30 16:00:00+00:00,2024-09-30 16:00:00+00:00,1727712000000,0.0001
2024-09-30 20:00:00+00:00,2024-09-30 16:00:00+00:00,1727712000000,0.0001
2024-10-01 00:00:00+00:00,2024-10-01 00:00:00+00:00,1727740800000,0.0001
2024-10-01 04:00:00+00:00,2024-10-01 00:00:00+00:00,1727740800000,0.0001
2024-10-01 08:00:00+00:00,2024-10-01 08:00:00+00:00,1727769600000,0.0001
2024-10-01 12:00:00+00:00,2024-10-01 08:00:00+00:00,1727769600000,0.0001
2024-10-01 16:00:00+00:00,2024-10-01 16:00:00+00:00,1727798400000,0.0001
2024-10-01 20:00:00+00:00,2024-10-01 16:00:00+00:00,1727798400000,0.0001
2024-10-02 00:00:00+00:00,2024-10-02 00:00:00+00:00,1727827200000,6.66e-05
2024-10-02 04:00:00+00:00,2024-10-02 00:00:00+00:00,1727827200000,6.66e-05
2024-10-02 08:00:00+00:00,2024-10-02 08:00:00+00:00,1727856000000,9.31e-05
2024-10-02 12:00:00+00:00,2024-10-02 08:00:00+00:00,1727856000000,9.31e-05
2024-10-02 16:00:00+00:00,2024-10-02 16:00:00+00:00,1727884800000,1.925e-05
2024-10-02 20:00:00+00:00,2024-10-02 16:00:00+00:00,1727884800000,1.925e-05
2024-10-03 00:00:00+00:00,2024-10-03 00:00:00+00:00,1727913600000,-1.816e-05
2024-10-03 04:00:00+00:00,2024-10-03 00:00:00+00:00,1727913600000,-1.816e-05
2024-10-03 08:00:00+00:00,2024-10-03 08:00:00+00:00,1727942400000,-3.499e-05
2024-10-03 12:00:00+00:00,2024-10-03 08:00:00+00:00,1727942400000,-3.499e-05
2024-10-03 16:00:00+00:00,2024-10-03 16:00:00+00:00,1727971200000,-2.491e-05
2024-10-03 20:00:00+00:00,2024-10-03 16:00:00+00:00,1727971200000,-2.491e-05
2024-10-04 00:00:00+00:00,2024-10-04 00:00:00+00:00,1728000000000,-1.078e-05
2024-10-04 04:00:00+00:00,2024-10-04 00:00:00+00:00,1728000000000,-1.078e-05
2024-10-04 08:00:00+00:00,2024-10-04 08:00:00+00:00,1728028800000,-2.306e-05
2024-10-04 12:00:00+00:00,2024-10-04 08:00:00+00:00,1728028800000,-2.306e-05
2024-10-04 16:00:00+00:00,2024-10-04 16:00:00+00:00,1728057600000,6.032e-05
2024-10-04 20:00:00+00:00,2024-10-04 16:00:00+00:00,1728057600000,6.032e-05
2024-10-05 00:00:00+00:00,2024-10-05 00:00:00+00:00,1728086400000,4.809e-05
2024-10-05 04:00:00+00:00,2024-10-05 00:00:00+00:00,1728086400000,4.809e-05
2024-10-05 08:00:00+00:00,2024-10-05 08:00:00+00:00,1728115200000,2.911e-05
2024-10-05 12:00:00+00:00,2024-10-05 08:00:00+00:00,1728115200000,2.911e-05
2024-10-05 16:00:00+00:00,2024-10-05 16:00:00+00:00,1728144000000,-0.00010527
2024-10-05 20:00:00+00:00,2024-10-05 16:00:00+00:00,1728144000000,-0.00010527
2024-10-06 00:00:00+00:00,2024-10-06 00:00:00+00:00,1728172800000,-4.995e-05
2024-10-06 04:00:00+00:00,2024-10-06 00:00:00+00:00,1728172800000,-4.995e-05
2024-10-06 08:00:00+00:00,2024-10-06 08:00:00+00:00,1728201600000,6.914e-05
2024-10-06 12:00:00+00:00,2024-10-06 08:00:00+00:00,1728201600000,6.914e-05
2024-10-06 16:00:00+00:00,2024-10-06 16:00:00+00:00,1728230400000,-1.346e-05
2024-10-06 20:00:00+00:00,2024-10-06 16:00:00+00:00,1728230400000,-1.346e-05
2024-10-07 00:00:00+00:00,2024-10-07 00:00:00+00:00,1728259200000,-0.0001172
2024-10-07 04:00:00+00:00,2024-10-07 00:00:00+00:00,1728259200000,-0.0001172
2024-10-07 08:00:00+00:00,2024-10-07 08:00:00+00:00,1728288000000,5.255e-05
2024-10-07 12:00:00+00:00,2024-10-07 08:00:00+00:00,1728288000000,5.255e-05
2024-10-07 16:00:00+00:00,2024-10-07 16:00:00+00:00,1728316800000,7.548e-05
2024-10-07 20:00:00+00:00,2024-10-07 16:00:00+00:00,1728316800000,7.548e-05
2024-10-08 00:00:00+00:00,2024-10-08 00:00:00+00:00,1728345600000,-3.71e-05
2024-10-08 04:00:00+00:00,2024-10-08 00:00:00+00:00,1728345600000,-3.71e-05
2024-10-08 08:00:00+00:00,2024-10-08 08:00:00+00:00,1728374400000,-4.569e-05
2024-10-08 12:00:00+00:00,2024-10-08 08:00:00+00:00,1728374400000,-4.569e-05
2024-10-08 16:00:00+00:00,2024-10-08 16:00:00+00:00,1728403200000,5.986e-05
2024-10-08 20:00:00+00:00,2024-10-08 16:00:00+00:00,1728403200000,5.986e-05
2024-10-09 00:00:00+00:00,2024-10-09 00:00:00+00:00,1728432000000,-7.948e-05
2024-10-09 04:00:00+00:00,2024-10-09 00:00:00+00:00,1728432000000,-7.948e-05
2024-10-09 08:00:00+00:00,2024-10-09 08:00:00+00:00,1728460800000,-2.975e-05
2024-10-09 12:00:00+00:00,2024-10-09 08:00:00+00:00,1728460800000,-2.975e-05
2024-10-09 16:00:00+00:00,2024-10-09 16:00:00+00:00,1728489600000,-2.694e-05
2024-10-09 20:00:00+00:00,2024-10-09 16:00:00+00:00,1728489600000,-2.694e-05
2024-10-10 00:00:00+00:00,2024-10-10 00:00:00+00:00,1728518400000,3.159e-05
2024-10-10 04:00:00+00:00,2024-10-10 00:00:00+00:00,1728518400000,3.159e-05
2024-10-10 08:00:00+00:00,2024-10-10 08:00:00+00:00,1728547200000,4.683e-05
2024-10-10 12:00:00+00:00,2024-10-10 08:00:00+00:00,1728547200000,4.683e-05
2024-10-10 16:00:00+00:00,2024-10-10 16:00:00+00:00,1728576000000,-2.377e-05
2024-10-10 20:00:00+00:00,2024-10-10 16:00:00+00:00,1728576000000,-2.377e-05
2024-10-11 00:00:00+00:00,2024-10-11 00:00:00+00:00,1728604800000,-4.977e-05
2024-10-11 04:00:00+00:00,2024-10-11 00:00:00+00:00,1728604800000,-4.977e-05
2024-10-11 08:00:00+00:00,2024-10-11 08:00:00+00:00,1728633600000,4.99e-06
2024-10-11 12:00:00+00:00,2024-10-11 08:00:00+00:00,1728633600000,4.99e-06
2024-10-11 16:00:00+00:00,2024-10-11 16:00:00+00:00,1728662400000,0.0001
2024-10-11 20:00:00+00:00,2024-10-11 16:00:00+00:00,1728662400000,0.0001
2024-10-12 00:00:00+00:00,2024-10-12 00:00:00+00:00,1728691200000,0.0001
2024-10-12 04:00:00+00:00,2024-10-12 00:00:00+00:00,1728691200000,0.0001
2024-10-12 08:00:00+00:00,2024-10-12 08:00:00+00:00,1728720000000,0.0001
2024-10-12 12:00:00+00:00,2024-10-12 08:00:00+00:00,1728720000000,0.0001
2024-10-12 16:00:00+00:00,2024-10-12 16:00:00+00:00,1728748800000,0.0001
2024-10-12 20:00:00+00:00,2024-10-12 16:00:00+00:00,1728748800000,0.0001
2024-10-13 00:00:00+00:00,2024-10-13 00:00:00+00:00,1728777600000,0.0001
2024-10-13 04:00:00+00:00,2024-10-13 00:00:00+00:00,1728777600000,0.0001
2024-10-13 08:00:00+00:00,2024-10-13 08:00:00+00:00,1728806400000,0.0001
2024-10-13 12:00:00+00:00,2024-10-13 08:00:00+00:00,1728806400000,0.0001
2024-10-13 16:00:00+00:00,2024-10-13 16:00:00+00:00,1728835200000,0.0001
2024-10-13 20:00:00+00:00,2024-10-13 16:00:00+00:00,1728835200000,0.0001
2024-10-14 00:00:00+00:00,2024-10-14 00:00:00+00:00,1728864000000,0.0001
2024-10-14 04:00:00+00:00,2024-10-14 00:00:00+00:00,1728864000000,0.0001
2024-10-14 08:00:00+00:00,2024-10-14 08:00:00+00:00,1728892800000,0.0001
2024-10-14 12:00:00+00:00,2024-10-14 08:00:00+00:00,1728892800000,0.0001
2024-10-14 16:00:00+00:00,2024-10-14 16:00:00+00:00,1728921600000,0.0001
2024-10-14 20:00:00+00:00,2024-10-14 16:00:00+00:00,1728921600000,0.0001
2024-10-15 00:00:00+00:00,2024-10-15 00:00:00+00:00,1728950400000,0.0001
2024-10-15 04:00:00+00:00,2024-10-15 00:00:00+00:00,1728950400000,0.0001
2024-10-15 08:00:00+00:00,2024-10-15 08:00:00+00:00,1728979200000,0.0001
2024-10-15 12:00:00+00:00,2024-10-15 08:00:00+00:00,1728979200000,0.0001
2024-10-15 16:00:00+00:00,2024-10-15 16:00:00+00:00,1729008000000,0.0001
2024-10-15 20:00:00+00:00,2024-10-15 16:00:00+00:00,1729008000000,0.0001
2024-10-16 00:00:00+00:00,2024-10-16 00:00:00+00:00,1729036800000,0.0001
2024-10-16 04:00:00+00:00,2024-10-16 00:00:00+00:00,1729036800000,0.0001
2024-10-16 08:00:00+00:00,2024-10-16 08:00:00+00:00,1729065600000,3.527e-05
2024-10-16 12:00:00+00:00,2024-10-16 08:00:00+00:00,1729065600000,3.527e-05
2024-10-16 16:00:00+00:00,2024-10-16 16:00:00+00:00,1729094400000,0.0001
2024-10-16 20:00:00+00:00,2024-10-16 16:00:00+00:00,1729094400000,0.0001
2024-10-17 00:00:00+00:00,2024-10-17 00:00:00+00:00,1729123200000,0.0001
2024-10-17 04:00:00+00:00,2024-10-17 00:00:00+00:00,1729123200000,0.0001
2024-10-17 08:00:00+00:00,2024-10-17 08:00:00+00:00,1729152000000,0.0001
2024-10-17 12:00:00+00:00,2024-10-17 08:00:00+00:00,1729152000000,0.0001
2024-10-17 16:00:00+00:00,2024-10-17 16:00:00+00:00,1729180800000,0.0001
2024-10-17 20:00:00+00:00,2024-10-17 16:00:00+00:00,1729180800000,0.0001
2024-10-18 00:00:00+00:00,2024-10-18 00:00:00+00:00,1729209600000,4.978e-05
2024-10-18 04:00:00+00:00,2024-10-18 00:00:00+00:00,1729209600000,4.978e-05
2024-10-18 08:00:00+00:00,2024-10-18 08:00:00+00:00,1729238400000,0.0001
2024-10-18 12:00:00+00:00,2024-10-18 08:00:00+00:00,1729238400000,0.0001
2024-10-18 16:00:00+00:00,2024-10-18 16:00:00+00:00,1729267200000,0.0001
2024-10-18 20:00:00+00:00,2024-10-18 16:00:00+00:00,1729267200000,0.0001
2024-10-19 00:00:00+00:00,2024-10-19 00:00:00+00:00,1729296000000,0.0001
2024-10-19 04:00:00+00:00,2024-10-19 00:00:00+00:00,1729296000000,0.0001
2024-10-19 08:00:00+00:00,2024-10-19 08:00:00+00:00,1729324800000,0.0001
2024-10-19 12:00:00+00:00,2024-10-19 08:00:00+00:00,1729324800000,0.0001
2024-10-19 16:00:00+00:00,2024-10-19 16:00:00+00:00,1729353600000,0.0001
2024-10-19 20:00:00+00:00,2024-10-19 16:00:00+00:00,1729353600000,0.0001
2024-10-20 00:00:00+00:00,2024-10-20 00:00:00+00:00,1729382400000,0.0001
2024-10-20 04:00:00+00:00,2024-10-20 00:00:00+00:00,1729382400000,0.0001
2024-10-20 08:00:00+00:00,2024-10-20 08:00:00+00:00,1729411200000,0.0001
2024-10-20 12:00:00+00:00,2024-10-20 08:00:00+00:00,1729411200000,0.0001
2024-10-20 16:00:00+00:00,2024-10-20 16:00:00+00:00,1729440000000,0.0001
2024-10-20 20:00:00+00:00,2024-10-20 16:00:00+00:00,1729440000000,0.0001
2024-10-21 00:00:00+00:00,2024-10-21 00:00:00+00:00,1729468800000,0.0001
2024-10-21 04:00:00+00:00,2024-10-21 00:00:00+00:00,1729468800000,0.0001
2024-10-21 08:00:00+00:00,2024-10-21 08:00:00+00:00,1729497600000,0.0001
2024-10-21 12:00:00+00:00,2024-10-21 08:00:00+00:00,1729497600000,0.0001
2024-10-21 16:00:00+00:00,2024-10-21 16:00:00+00:00,1729526400000,0.0001
2024-10-21 20:00:00+00:00,2024-10-21 16:00:00+00:00,1729526400000,0.0001
2024-10-22 00:00:00+00:00,2024-10-22 00:00:00+00:00,1729555200000,0.0001
2024-10-22 04:00:00+00:00,2024-10-22 00:00:00+00:00,1729555200000,0.0001
2024-10-22 08:00:00+00:00,2024-10-22 08:00:00+00:00,1729584000000,0.0001
2024-10-22 12:00:00+00:00,2024-10-22 08:00:00+00:00,1729584000000,0.0001
2024-10-22 16:00:00+00:00,2024-10-22 16:00:00+00:00,1729612800000,0.0001
2024-10-22 20:00:00+00:00,2024-10-22 16:00:00+00:00,1729612800000,0.0001
2024-10-23 00:00:00+00:00,2024-10-23 00:00:00+00:00,1729641600000,0.0001
2024-10-23 04:00:00+00:00,2024-10-23 00:00:00+00:00,1729641600000,0.0001
2024-10-23 08:00:00+00:00,2024-10-23 08:00:00+00:00,1729670400000,0.0001
2024-10-23 12:00:00+00:00,2024-10-23 08:00:00+00:00,1729670400000,0.0001
2024-10-23 16:00:00+00:00,2024-10-23 16:00:00+00:00,1729699200000,0.0001
2024-10-23 20:00:00+00:00,2024-10-23 16:00:00+00:00,1729699200000,0.0001
2024-10-24 00:00:00+00:00,2024-10-24 00:00:00+00:00,1729728000000,0.0001
2024-10-24 04:00:00+00:00,2024-10-24 00:00:00+00:00,1729728000000,0.0001
2024-10-24 08:00:00+00:00,2024-10-24 08:00:00+00:00,1729756800000,0.0001
2024-10-24 12:00:00+00:00,2024-10-24 08:00:00+00:00,1729756800000,0.0001
2024-10-24 16:00:00+00:00,2024-10-24 16:00:00+00:00,1729785600000,0.0001
2024-10-24 20:00:00+00:00,2024-10-24 16:00:00+00:00,1729785600000,0.0001
2024-10-25 00:00:00+00:00,2024-10-25 00:00:00+00:00,1729814400000,0.0001
2024-10-25 04:00:00+00:00,2024-10-25 00:00:00+00:00,1729814400000,0.0001
2024-10-25 08:00:00+00:00,2024-10-25 08:00:00+00:00,1729843200000,9.782e-05
2024-10-25 12:00:00+00:00,2024-10-25 08:00:00+00:00,1729843200000,9.782e-05
2024-10-25 16:00:00+00:00,2024-10-25 16:00:00+00:00,1729872000000,0.0001
2024-10-25 20:00:00+00:00,2024-10-25 16:00:00+00:00,1729872000000,0.0001
2024-10-26 00:00:00+00:00,2024-10-26 00:00:00+00:00,1729900800000,0.0001
2024-10-26 04:00:00+00:00,2024-10-26 00:00:00+00:00,1729900800000,0.0001
2024-10-26 08:00:00+00:00,2024-10-26 08:00:00+00:00,1729929600000,0.0001
2024-10-26 12:00:00+00:00,2024-10-26 08:00:00+00:00,1729929600000,0.0001
2024-10-26 16:00:00+00:00,2024-10-26 16:00:00+00:00,1729958400000,0.0001
2024-10-26 20:00:00+00:00,2024-10-26 16:00:00+00:00,1729958400000,0.0001
2024-10-27 00:00:00+00:00,2024-10-27 00:00:00+00:00,1729987200000,0.0001
2024-10-27 04:00:00+00:00,2024-10-27 00:00:00+00:00,1729987200000,0.0001
2024-10-27 08:00:00+00:00,2024-10-27 08:00:00+00:00,1730016000000,4.777e-05
2024-10-27 12:00:00+00:00,2024-10-27 08:00:00+00:00,1730016000000,4.777e-05
2024-10-27 16:00:00+00:00,2024-10-27 16:00:00+00:00,1730044800000,2.66e-06
2024-10-27 20:00:00+00:00,2024-10-27 16:00:00+00:00,1730044800000,2.66e-06
2024-10-28 00:00:00+00:00,2024-10-28 00:00:00+00:00,1730073600000,-5.144e-05
2024-10-28 04:00:00+00:00,2024-10-28 00:00:00+00:00,1730073600000,-5.144e-05
2024-10-28 08:00:00+00:00,2024-10-28 08:00:00+00:00,1730102400000,4.382e-05
2024-10-28 12:00:00+00:00,2024-10-28 08:00:00+00:00,1730102400000,4.382e-05
2024-10-28 16:00:00+00:00,2024-10-28 16:00:00+00:00,1730131200000,-3.627e-05
2024-10-28 20:00:00+00:00,2024-10-28 16:00:00+00:00,1730131200000,-3.627e-05
2024-10-29 00:00:00+00:00,2024-10-29 00:00:00+00:00,1730160000000,0.0001
2024-10-29 04:00:00+00:00,2024-10-29 00:00:00+00:00,1730160000000,0.0001
2024-10-29 08:00:00+00:00,2024-10-29 08:00:00+00:00,1730188800000,0.0001
2024-10-29 12:00:00+00:00,2024-10-29 08:00:00+00:00,1730188800000,0.0001
2024-10-29 16:00:00+00:00,2024-10-29 16:00:00+00:00,1730217600000,0.0001
2024-10-29 20:00:00+00:00,2024-10-29 16:00:00+00:00,1730217600000,0.0001
2024-10-30 00:00:00+00:00,2024-10-30 00:00:00+00:00,1730246400000,0.0001
2024-10-30 04:00:00+00:00,2024-10-30 00:00:00+00:00,1730246400000,0.0001
2024-10-30 08:00:00+00:00,2024-10-30 08:00:00+00:00,1730275200000,0.0001
2024-10-30 12:00:00+00:00,2024-10-30 08:00:00+00:00,1730275200000,0.0001
2024-10-30 16:00:00+00:00,2024-10-30 16:00:00+00:00,1730304000000,0.0001
2024-10-30 20:00:00+00:00,2024-10-30 16:00:00+00:00,1730304000000,0.0001
2024-10-31 00:00:00+00:00,2024-10-31 00:00:00+00:00,1730332800000,0.0001
2024-10-31 04:00:00+00:00,2024-10-31 00:00:00+00:00,1730332800000,0.0001
2024-10-31 08:00:00+00:00,2024-10-31 08:00:00+00:00,1730361600000,0.0001
2024-10-31 12:00:00+00:00,2024-10-31 08:00:00+00:00,1730361600000,0.0001
2024-10-31 16:00:00+00:00,2024-10-31 16:00:00+00:00,1730390400000,0.0001
2024-10-31 20:00:00+00:00,2024-10-31 16:00:00+00:00,1730390400000,0.0001
2024-11-01 00:00:00+00:00,2024-11-01 00:00:00+00:00,1730419200000,0.0001
2024-11-01 04:00:00+00:00,2024-11-01 00:00:00+00:00,1730419200000,0.0001
2024-11-01 08:00:00+00:00,2024-11-01 08:00:00+00:00,1730448000000,0.0001
2024-11-01 12:00:00+00:00,2024-11-01 08:00:00+00:00,1730448000000,0.0001
2024-11-01 16:00:00+00:00,2024-11-01 16:00:00+00:00,1730476800000,0.0001
2024-11-01 20:00:00+00:00,2024-11-01 16:00:00+00:00,1730476800000,0.0001
2024-11-02 00:00:00+00:00,2024-11-02 00:00:00+00:00,1730505600000,0.0001
2024-11-02 04:00:00+00:00,2024-11-02 00:00:00+00:00,1730505600000,0.0001
2024-11-02 08:00:00+00:00,2024-11-02 08:00:00+00:00,1730534400000,0.0001
2024-11-02 12:00:00+00:00,2024-11-02 08:00:00+00:00,1730534400000,0.0001
2024-11-02 16:00:00+00:00,2024-11-02 16:00:00+00:00,1730563200000,0.0001
2024-11-02 20:00:00+00:00,2024-11-02 16:00:00+00:00,1730563200000,0.0001
2024-11-03 00:00:00+00:00,2024-11-03 00:00:00+00:00,1730592000000,4.113e-05
2024-11-03 04:00:00+00:00,2024-11-03 00:00:00+00:00,1730592000000,4.113e-05
2024-11-03 08:00:00+00:00,2024-11-03 08:00:00+00:00,1730620800000,0.0001
2024-11-03 12:00:00+00:00,2024-11-03 08:00:00+00:00,1730620800000,0.0001
2024-11-03 16:00:00+00:00,2024-11-03 16:00:00+00:00,1730649600000,0.0001
2024-11-03 20:00:00+00:00,2024-11-03 16:00:00+00:00,1730649600000,0.0001
2024-11-04 00:00:00+00:00,2024-11-04 00:00:00+00:00,1730678400000,0.0001
2024-11-04 04:00:00+00:00,2024-11-04 00:00:00+00:00,1730678400000,0.0001
2024-11-04 08:00:00+00:00,2024-11-04 08:00:00+00:00,1730707200000,0.0001
2024-11-04 12:00:00+00:00,2024-11-04 08:00:00+00:00,1730707200000,0.0001
2024-11-04 16:00:00+00:00,2024-11-04 16:00:00+00:00,1730736000000,2.139e-05
2024-11-04 20:00:00+00:00,2024-11-04 16:00:00+00:00,1730736000000,2.139e-05
2024-11-05 00:00:00+00:00,2024-11-05 00:00:00+00:00,1730764800000,2.98e-05
2024-11-05 04:00:00+00:00,2024-11-05 00:00:00+00:00,1730764800000,2.98e-05
2024-11-05 08:00:00+00:00,2024-11-05 08:00:00+00:00,1730793600000,0.0001
2024-11-05 12:00:00+00:00,2024-11-05 08:00:00+00:00,1730793600000,0.0001
2024-11-05 16:00:00+00:00,2024-11-05 16:00:00+00:00,1730822400000,-1.264e-05
2024-11-05 20:00:00+00:00,2024-11-05 16:00:00+00:00,1730822400000,-1.264e-05
2024-11-06 00:00:00+00:00,2024-11-06 00:00:00+00:00,1730851200000,-5.708e-05
2024-11-06 04:00:00+00:00,2024-11-06 00:00:00+00:00,1730851200000,-5.708e-05
2024-11-06 08:00:00+00:00,2024-11-06 08:00:00+00:00,1730880000000,0.0001
2024-11-06 12:00:00+00:00,2024-11-06 08:00:00+00:00,1730880000000,0.0001
2024-11-06 16:00:00+00:00,2024-11-06 16:00:00+00:00,1730908800000,0.0001
2024-11-06 20:00:00+00:00,2024-11-06 16:00:00+00:00,1730908800000,0.0001
2024-11-07 00:00:00+00:00,2024-11-07 00:00:00+00:00,1730937600000,0.0001
2024-11-07 04:00:00+00:00,2024-11-07 00:00:00+00:00,1730937600000,0.0001
2024-11-07 08:00:00+00:00,2024-11-07 08:00:00+00:00,1730966400000,0.00016831
2024-11-07 12:00:00+00:00,2024-11-07 08:00:00+00:00,1730966400000,0.00016831
2024-11-07 16:00:00+00:00,2024-11-07 16:00:00+00:00,1730995200000,0.0001
2024-11-07 20:00:00+00:00,2024-11-07 16:00:00+00:00,1730995200000,0.0001
2024-11-08 00:00:00+00:00,2024-11-08 00:00:00+00:00,1731024000000,0.0001
2024-11-08 04:00:00+00:00,2024-11-08 00:00:00+00:00,1731024000000,0.0001
2024-11-08 08:00:00+00:00,2024-11-08 08:00:00+00:00,1731052800000,0.0001
2024-11-08 12:00:00+00:00,2024-11-08 08:00:00+00:00,1731052800000,0.0001
2024-11-08 16:00:00+00:00,2024-11-08 16:00:00+00:00,1731081600000,0.0001
2024-11-08 20:00:00+00:00,2024-11-08 16:00:00+00:00,1731081600000,0.0001
2024-11-09 00:00:00+00:00,2024-11-09 00:00:00+00:00,1731110400000,0.0001
2024-11-09 04:00:00+00:00,2024-11-09 00:00:00+00:00,1731110400000,0.0001
2024-11-09 08:00:00+00:00,2024-11-09 08:00:00+00:00,1731139200000,0.00015578
2024-11-09 12:00:00+00:00,2024-11-09 08:00:00+00:00,1731139200000,0.00015578
2024-11-09 16:00:00+00:00,2024-11-09 16:00:00+00:00,1731168000000,0.0001
2024-11-09 20:00:00+00:00,2024-11-09 16:00:00+00:00,1731168000000,0.0001
2024-11-10 00:00:00+00:00,2024-11-10 00:00:00+00:00,1731196800000,0.0001
2024-11-10 04:00:00+00:00,2024-11-10 00:00:00+00:00,1731196800000,0.0001
2024-11-10 08:00:00+00:00,2024-11-10 08:00:00+00:00,1731225600000,0.00033635
2024-11-10 12:00:00+00:00,2024-11-10 08:00:00+00:00,1731225600000,0.00033635
2024-11-10 16:00:00+00:00,2024-11-10 16:00:00+00:00,1731254400000,0.00035287
2024-11-10 20:00:00+00:00,2024-11-10 16:00:00+00:00,1731254400000,0.00035287
2024-11-11 00:00:00+00:00,2024-11-11 00:00:00+00:00,1731283200000,0.00039465
2024-11-11 04:00:00+00:00,2024-11-11 00:00:00+00:00,1731283200000,0.00039465
2024-11-11 08:00:00+00:00,2024-11-11 08:00:00+00:00,1731312000000,0.0001
2024-11-11 12:00:00+00:00,2024-11-11 08:00:00+00:00,1731312000000,0.0001
2024-11-11 16:00:00+00:00,2024-11-11 16:00:00+00:00,1731340800000,0.00019047
2024-11-11 20:00:00+00:00,2024-11-11 16:00:00+00:00,1731340800000,0.00019047
2024-11-12 00:00:00+00:00,2024-11-12 00:00:00+00:00,1731369600000,0.0001
2024-11-12 04:00:00+00:00,2024-11-12 00:00:00+00:00,1731369600000,0.0001
2024-11-12 08:00:00+00:00,2024-11-12 08:00:00+00:00,1731398400000,0.00055079
2024-11-12 12:00:00+00:00,2024-11-12 08:00:00+00:00,1731398400000,0.00055079
2024-11-12 16:00:00+00:00,2024-11-12 16:00:00+00:00,1731427200000,0.00057029
2024-11-12 20:00:00+00:00,2024-11-12 16:00:00+00:00,1731427200000,0.00057029
2024-11-13 00:00:00+00:00,2024-11-13 00:00:00+00:00,1731456000000,0.00043958
2024-11-13 04:00:00+00:00,2024-11-13 00:00:00+00:00,1731456000000,0.00043958
2024-11-13 08:00:00+00:00,2024-11-13 08:00:00+00:00,1731484800000,0.00020718
2024-11-13 12:00:00+00:00,2024-11-13 08:00:00+00:00,1731484800000,0.00020718
2024-11-13 16:00:00+00:00,2024-11-13 16:00:00+00:00,1731513600000,0.00024003
2024-11-13 20:00:00+00:00,2024-11-13 16:00:00+00:00,1731513600000,0.00024003
2024-11-14 00:00:00+00:00,2024-11-14 00:00:00+00:00,1731542400000,0.00013097
2024-11-14 04:00:00+00:00,2024-11-14 00:00:00+00:00,1731542400000,0.00013097
2024-11-14 08:00:00+00:00,2024-11-14 08:00:00+00:00,1731571200000,0.00021953
2024-11-14 12:00:00+00:00,2024-11-14 08:00:00+00:00,1731571200000,0.00021953
2024-11-14 16:00:00+00:00,2024-11-14 16:00:00+00:00,1731600000000,0.0001
2024-11-14 20:00:00+00:00,2024-11-14 16:00:00+00:00,1731600000000,0.0001
2024-11-15 00:00:00+00:00,2024-11-15 00:00:00+00:00,1731628800000,0.0001
2024-11-15 04:00:00+00:00,2024-11-15 00:00:00+00:00,1731628800000,0.0001
2024-11-15 08:00:00+00:00,2024-11-15 08:00:00+00:00,1731657600000,0.0001
2024-11-15 12:00:00+00:00,2024-11-15 08:00:00+00:00,1731657600000,0.0001
2024-11-15 16:00:00+00:00,2024-11-15 16:00:00+00:00,1731686400000,0.0001
2024-11-15 20:00:00+00:00,2024-11-15 16:00:00+00:00,1731686400000,0.0001
2024-11-16 00:00:00+00:00,2024-11-16 00:00:00+00:00,1731715200000,0.00033752
2024-11-16 04:00:00+00:00,2024-11-16 00:00:00+00:00,1731715200000,0.00033752
2024-11-16 08:00:00+00:00,2024-11-16 08:00:00+00:00,1731744000000,0.00025338
2024-11-16 12:00:00+00:00,2024-11-16 08:00:00+00:00,1731744000000,0.00025338
2024-11-16 16:00:00+00:00,2024-11-16 16:00:00+00:00,1731772800000,0.0001
2024-11-16 20:00:00+00:00,2024-11-16 16:00:00+00:00,1731772800000,0.0001
2024-11-17 00:00:00+00:00,2024-11-17 00:00:00+00:00,1731801600000,0.00016995
2024-11-17 04:00:00+00:00,2024-11-17 00:00:00+00:00,1731801600000,0.00016995
2024-11-17 08:00:00+00:00,2024-11-17 08:00:00+00:00,1731830400000,0.00036217
2024-11-17 12:00:00+00:00,2024-11-17 08:00:00+00:00,1731830400000,0.00036217
2024-11-17 16:00:00+00:00,2024-11-17 16:00:00+00:00,1731859200000,0.000479
2024-11-17 20:00:00+00:00,2024-11-17 16:00:00+00:00,1731859200000,0.000479
2024-11-18 00:00:00+00:00,2024-11-18 00:00:00+00:00,1731888000000,0.00023215
2024-11-18 04:00:00+00:00,2024-11-18 00:00:00+00:00,1731888000000,0.00023215
2024-11-18 08:00:00+00:00,2024-11-18 08:00:00+00:00,1731916800000,0.00043922
2024-11-18 12:00:00+00:00,2024-11-18 08:00:00+00:00,1731916800000,0.00043922
2024-11-18 16:00:00+00:00,2024-11-18 16:00:00+00:00,1731945600000,0.00035653
2024-11-18 20:00:00+00:00,2024-11-18 16:00:00+00:00,1731945600000,0.00035653
2024-11-19 00:00:00+00:00,2024-11-19 00:00:00+00:00,1731974400000,0.00025108
2024-11-19 04:00:00+00:00,2024-11-19 00:00:00+00:00,1731974400000,0.00025108
2024-11-19 08:00:00+00:00,2024-11-19 08:00:00+00:00,1732003200000,0.00052206
2024-11-19 12:00:00+00:00,2024-11-19 08:00:00+00:00,1732003200000,0.00052206
2024-11-19 16:00:00+00:00,2024-11-19 16:00:00+00:00,1732032000000,0.0001793
2024-11-19 20:00:00+00:00,2024-11-19 16:00:00+00:00,1732032000000,0.0001793
2024-11-20 00:00:00+00:00,2024-11-20 00:00:00+00:00,1732060800000,0.0001
2024-11-20 04:00:00+00:00,2024-11-20 00:00:00+00:00,1732060800000,0.0001
2024-11-20 08:00:00+00:00,2024-11-20 08:00:00+00:00,1732089600000,0.0001
2024-11-20 12:00:00+00:00,2024-11-20 08:00:00+00:00,1732089600000,0.0001
2024-11-20 16:00:00+00:00,2024-11-20 16:00:00+00:00,1732118400000,0.0001
2024-11-20 20:00:00+00:00,2024-11-20 16:00:00+00:00,1732118400000,0.0001
2024-11-21 00:00:00+00:00,2024-11-21 00:00:00+00:00,1732147200000,0.0001
2024-11-21 04:00:00+00:00,2024-11-21 00:00:00+00:00,1732147200000,0.0001
2024-11-21 08:00:00+00:00,2024-11-21 08:00:00+00:00,1732176000000,0.0001
2024-11-21 12:00:00+00:00,2024-11-21 08:00:00+00:00,1732176000000,0.0001
2024-11-21 16:00:00+00:00,2024-11-21 16:00:00+00:00,1732204800000,0.00040386
2024-11-21 20:00:00+00:00,2024-11-21 16:00:00+00:00,1732204800000,0.00040386
2024-11-22 00:00:00+00:00,2024-11-22 00:00:00+00:00,1732233600000,0.0003706
2024-11-22 04:00:00+00:00,2024-11-22 00:00:00+00:00,1732233600000,0.0003706
2024-11-22 08:00:00+00:00,2024-11-22 08:00:00+00:00,1732262400000,0.00057742
2024-11-22 12:00:00+00:00,2024-11-22 08:00:00+00:00,1732262400000,0.00057742
2024-11-22 16:00:00+00:00,2024-11-22 16:00:00+00:00,1732291200000,0.00018091
2024-11-22 20:00:00+00:00,2024-11-22 16:00:00+00:00,1732291200000,0.00018091
2024-11-23 00:00:00+00:00,2024-11-23 00:00:00+00:00,1732320000000,0.00019082
2024-11-23 04:00:00+00:00,2024-11-23 00:00:00+00:00,1732320000000,0.00019082
2024-11-23 08:00:00+00:00,2024-11-23 08:00:00+00:00,1732348800000,0.00033664
2024-11-23 12:00:00+00:00,2024-11-23 08:00:00+00:00,1732348800000,0.00033664
2024-11-23 16:00:00+00:00,2024-11-23 16:00:00+00:00,1732377600000,0.00038443
2024-11-23 20:00:00+00:00,2024-11-23 16:00:00+00:00,1732377600000,0.00038443
2024-11-24 00:00:00+00:00,2024-11-24 00:00:00+00:00,1732406400000,0.00022246
2024-11-24 04:00:00+00:00,2024-11-24 00:00:00+00:00,1732406400000,0.00022246
2024-11-24 08:00:00+00:00,2024-11-24 08:00:00+00:00,1732435200000,0.0002937
2024-11-24 12:00:00+00:00,2024-11-24 08:00:00+00:00,1732435200000,0.0002937
2024-11-24 16:00:00+00:00,2024-11-24 16:00:00+00:00,1732464000000,0.00022584
2024-11-24 20:00:00+00:00,2024-11-24 16:00:00+00:00,1732464000000,0.00022584
2024-11-25 00:00:00+00:00,2024-11-25 00:00:00+00:00,1732492800000,0.0002249
2024-11-25 04:00:00+00:00,2024-11-25 00:00:00+00:00,1732492800000,0.0002249
2024-11-25 08:00:00+00:00,2024-11-25 08:00:00+00:00,1732521600000,0.00025352
2024-11-25 12:00:00+00:00,2024-11-25 08:00:00+00:00,1732521600000,0.00025352
2024-11-25 16:00:00+00:00,2024-11-25 16:00:00+00:00,1732550400000,0.00027611
2024-11-25 20:00:00+00:00,2024-11-25 16:00:00+00:00,1732550400000,0.00027611
2024-11-26 00:00:00+00:00,2024-11-26 00:00:00+00:00,1732579200000,0.0001
2024-11-26 04:00:00+00:00,2024-11-26 00:00:00+00:00,1732579200000,0.0001
2024-11-26 08:00:00+00:00,2024-11-26 08:00:00+00:00,1732608000000,0.0001
2024-11-26 12:00:00+00:00,2024-11-26 08:00:00+00:00,1732608000000,0.0001
2024-11-26 16:00:00+00:00,2024-11-26 16:00:00+00:00,1732636800000,0.0001
2024-11-26 20:00:00+00:00,2024-11-26 16:00:00+00:00,1732636800000,0.0001
2024-11-27 00:00:00+00:00,2024-11-27 00:00:00+00:00,1732665600000,0.0001
2024-11-27 04:00:00+00:00,2024-11-27 00:00:00+00:00,1732665600000,0.0001
2024-11-27 08:00:00+00:00,2024-11-27 08:00:00+00:00,1732694400000,0.00011439
2024-11-27 12:00:00+00:00,2024-11-27 08:00:00+00:00,1732694400000,0.00011439
2024-11-27 16:00:00+00:00,2024-11-27 16:00:00+00:00,1732723200000,0.00010353
2024-11-27 20:00:00+00:00,2024-11-27 16:00:00+00:00,1732723200000,0.00010353
2024-11-28 00:00:00+00:00,2024-11-28 00:00:00+00:00,1732752000000,0.0002786
2024-11-28 04:00:00+00:00,2024-11-28 00:00:00+00:00,1732752000000,0.0002786
2024-11-28 08:00:00+00:00,2024-11-28 08:00:00+00:00,1732780800000,0.00023641
2024-11-28 12:00:00+00:00,2024-11-28 08:00:00+00:00,1732780800000,0.00023641
2024-11-28 16:00:00+00:00,2024-11-28 16:00:00+00:00,1732809600000,0.0001
2024-11-28 20:00:00+00:00,2024-11-28 16:00:00+00:00,1732809600000,0.0001
2024-11-29 00:00:00+00:00,2024-11-29 00:00:00+00:00,1732838400000,0.00014601
2024-11-29 04:00:00+00:00,2024-11-29 00:00:00+00:00,1732838400000,0.00014601
2024-11-29 08:00:00+00:00,2024-11-29 08:00:00+00:00,1732867200000,0.00025179
2024-11-29 12:00:00+00:00,2024-11-29 08:00:00+00:00,1732867200000,0.00025179
2024-11-29 16:00:00+00:00,2024-11-29 16:00:00+00:00,1732896000000,0.00034883
2024-11-29 20:00:00+00:00,2024-11-29 16:00:00+00:00,1732896000000,0.00034883
2024-11-30 00:00:00+00:00,2024-11-30 00:00:00+00:00,1732924800000,0.00033037
2024-11-30 04:00:00+00:00,2024-11-30 00:00:00+00:00,1732924800000,0.00033037
2024-11-30 08:00:00+00:00,2024-11-30 08:00:00+00:00,1732953600000,0.00032214
2024-11-30 12:00:00+00:00,2024-11-30 08:00:00+00:00,1732953600000,0.00032214
2024-11-30 16:00:00+00:00,2024-11-30 16:00:00+00:00,1732982400000,0.00028714
2024-11-30 20:00:00+00:00,2024-11-30 16:00:00+00:00,1732982400000,0.00028714
2024-12-01 00:00:00+00:00,2024-12-01 00:00:00+00:00,1733011200000,0.00033176
2024-12-01 04:00:00+00:00,2024-12-01 00:00:00+00:00,1733011200000,0.00033176
2024-12-01 08:00:00+00:00,2024-12-01 08:00:00+00:00,1733040000000,0.00014083
2024-12-01 12:00:00+00:00,2024-12-01 08:00:00+00:00,1733040000000,0.00014083
2024-12-01 16:00:00+00:00,2024-12-01 16:00:00+00:00,1733068800000,0.00033284
2024-12-01 20:00:00+00:00,2024-12-01 16:00:00+00:00,1733068800000,0.00033284
2024-12-02 00:00:00+00:00,2024-12-02 00:00:00+00:00,1733097600000,0.00045393
2024-12-02 04:00:00+00:00,2024-12-02 00:00:00+00:00,1733097600000,0.00045393
2024-12-02 08:00:00+00:00,2024-12-02 08:00:00+00:00,1733126400000,0.0004121
2024-12-02 12:00:00+00:00,2024-12-02 08:00:00+00:00,1733126400000,0.0004121
2024-12-02 16:00:00+00:00,2024-12-02 16:00:00+00:00,1733155200000,0.00040855
2024-12-02 20:00:00+00:00,2024-12-02 16:00:00+00:00,1733155200000,0.00040855
2024-12-03 00:00:00+00:00,2024-12-03 00:00:00+00:00,1733184000000,0.00044601
2024-12-03 04:00:00+00:00,2024-12-03 00:00:00+00:00,1733184000000,0.00044601
2024-12-03 08:00:00+00:00,2024-12-03 08:00:00+00:00,1733212800000,0.00067383
2024-12-03 12:00:00+00:00,2024-12-03 08:00:00+00:00,1733212800000,0.00067383
2024-12-03 16:00:00+00:00,2024-12-03 16:00:00+00:00,1733241600000,0.00051121
2024-12-03 20:00:00+00:00,2024-12-03 16:00:00+00:00,1733241600000,0.00051121
2024-12-04 00:00:00+00:00,2024-12-04 00:00:00+00:00,1733270400000,0.00058476
2024-12-04 04:00:00+00:00,2024-12-04 00:00:00+00:00,1733270400000,0.00058476
2024-12-04 08:00:00+00:00,2024-12-04 08:00:00+00:00,1733299200000,0.00045308
2024-12-04 12:00:00+00:00,2024-12-04 08:00:00+00:00,1733299200000,0.00045308
2024-12-04 16:00:00+00:00,2024-12-04 16:00:00+00:00,1733328000000,0.00061973
2024-12-04 20:00:00+00:00,2024-12-04 16:00:00+00:00,1733328000000,0.00061973
2024-12-05 00:00:00+00:00,2024-12-05 00:00:00+00:00,1733356800000,0.00044221
2024-12-05 04:00:00+00:00,2024-12-05 00:00:00+00:00,1733356800000,0.00044221
2024-12-05 08:00:00+00:00,2024-12-05 08:00:00+00:00,1733385600000,0.00062607
2024-12-05 12:00:00+00:00,2024-12-05 08:00:00+00:00,1733385600000,0.00062607
2024-12-05 16:00:00+00:00,2024-12-05 16:00:00+00:00,1733414400000,0.00063745
2024-12-05 20:00:00+00:00,2024-12-05 16:00:00+00:00,1733414400000,0.00063745
2024-12-06 00:00:00+00:00,2024-12-06 00:00:00+00:00,1733443200000,0.00058546
2024-12-06 04:00:00+00:00,2024-12-06 00:00:00+00:00,1733443200000,0.00058546
2024-12-06 08:00:00+00:00,2024-12-06 08:00:00+00:00,1733472000000,0.00069202
2024-12-06 12:00:00+00:00,2024-12-06 08:00:00+00:00,1733472000000,0.00069202
2024-12-06 16:00:00+00:00,2024-12-06 16:00:00+00:00,1733500800000,0.00016635
2024-12-06 20:00:00+00:00,2024-12-06 16:00:00+00:00,1733500800000,0.00016635
2024-12-07 00:00:00+00:00,2024-12-07 00:00:00+00:00,1733529600000,0.0005978
2024-12-07 04:00:00+00:00,2024-12-07 00:00:00+00:00,1733529600000,0.0005978
2024-12-07 08:00:00+00:00,2024-12-07 08:00:00+00:00,1733558400000,0.00035755
2024-12-07 12:00:00+00:00,2024-12-07 08:00:00+00:00,1733558400000,0.00035755
2024-12-07 16:00:00+00:00,2024-12-07 16:00:00+00:00,1733587200000,0.00053257
2024-12-07 20:00:00+00:00,2024-12-07 16:00:00+00:00,1733587200000,0.00053257
2024-12-08 00:00:00+00:00,2024-12-08 00:00:00+00:00,1733616000000,0.00051876
2024-12-08 04:00:00+00:00,2024-12-08 00:00:00+00:00,1733616000000,0.00051876
2024-12-08 08:00:00+00:00,2024-12-08 08:00:00+00:00,1733644800000,0.00035584
2024-12-08 12:00:00+00:00,2024-12-08 08:00:00+00:00,1733644800000,0.00035584
2024-12-08 16:00:00+00:00,2024-12-08 16:00:00+00:00,1733673600000,0.00028726
2024-12-08 20:00:00+00:00,2024-12-08 16:00:00+00:00,1733673600000,0.00028726
2024-12-09 00:00:00+00:00,2024-12-09 00:00:00+00:00,1733702400000,0.00024823
2024-12-09 04:00:00+00:00,2024-12-09 00:00:00+00:00,1733702400000,0.00024823
2024-12-09 08:00:00+00:00,2024-12-09 08:00:00+00:00,1733731200000,0.00016404
2024-12-09 12:00:00+00:00,2024-12-09 08:00:00+00:00,1733731200000,0.00016404
2024-12-09 16:00:00+00:00,2024-12-09 16:00:00+00:00,1733760000000,0.00012019
2024-12-09 20:00:00+00:00,2024-12-09 16:00:00+00:00,1733760000000,0.00012019
2024-12-10 00:00:00+00:00,2024-12-10 00:00:00+00:00,1733788800000,0.0001
2024-12-10 04:00:00+00:00,2024-12-10 00:00:00+00:00,1733788800000,0.0001
2024-12-10 08:00:00+00:00,2024-12-10 08:00:00+00:00,1733817600000,0.0001
2024-12-10 12:00:00+00:00,2024-12-10 08:00:00+00:00,1733817600000,0.0001
2024-12-10 16:00:00+00:00,2024-12-10 16:00:00+00:00,1733846400000,0.0001
2024-12-10 20:00:00+00:00,2024-12-10 16:00:00+00:00,1733846400000,0.0001
2024-12-11 00:00:00+00:00,2024-12-11 00:00:00+00:00,1733875200000,0.0001
2024-12-11 04:00:00+00:00,2024-12-11 00:00:00+00:00,1733875200000,0.0001
2024-12-11 08:00:00+00:00,2024-12-11 08:00:00+00:00,1733904000000,0.0001
2024-12-11 12:00:00+00:00,2024-12-11 08:00:00+00:00,1733904000000,0.0001
2024-12-11 16:00:00+00:00,2024-12-11 16:00:00+00:00,1733932800000,0.0001
2024-12-11 20:00:00+00:00,2024-12-11 16:00:00+00:00,1733932800000,0.0001
2024-12-12 00:00:00+00:00,2024-12-12 00:00:00+00:00,1733961600000,0.0001
2024-12-12 04:00:00+00:00,2024-12-12 00:00:00+00:00,1733961600000,0.0001
2024-12-12 08:00:00+00:00,2024-12-12 08:00:00+00:00,1733990400000,0.0001
2024-12-12 12:00:00+00:00,2024-12-12 08:00:00+00:00,1733990400000,0.0001
2024-12-12 16:00:00+00:00,2024-12-12 16:00:00+00:00,1734019200000,0.0001
2024-12-12 20:00:00+00:00,2024-12-12 16:00:00+00:00,1734019200000,0.0001
2024-12-13 00:00:00+00:00,2024-12-13 00:00:00+00:00,1734048000000,0.0001
2024-12-13 04:00:00+00:00,2024-12-13 00:00:00+00:00,1734048000000,0.0001
2024-12-13 08:00:00+00:00,2024-12-13 08:00:00+00:00,1734076800000,0.0001
2024-12-13 12:00:00+00:00,2024-12-13 08:00:00+00:00,1734076800000,0.0001
2024-12-13 16:00:00+00:00,2024-12-13 16:00:00+00:00,1734105600000,0.0001
2024-12-13 20:00:00+00:00,2024-12-13 16:00:00+00:00,1734105600000,0.0001
2024-12-14 00:00:00+00:00,2024-12-14 00:00:00+00:00,1734134400000,0.0001
2024-12-14 04:00:00+00:00,2024-12-14 00:00:00+00:00,1734134400000,0.0001
2024-12-14 08:00:00+00:00,2024-12-14 08:00:00+00:00,1734163200000,0.0001
2024-12-14 12:00:00+00:00,2024-12-14 08:00:00+00:00,1734163200000,0.0001
2024-12-14 16:00:00+00:00,2024-12-14 16:00:00+00:00,1734192000000,0.0001
2024-12-14 20:00:00+00:00,2024-12-14 16:00:00+00:00,1734192000000,0.0001
2024-12-15 00:00:00+00:00,2024-12-15 00:00:00+00:00,1734220800000,0.0001
2024-12-15 04:00:00+00:00,2024-12-15 00:00:00+00:00,1734220800000,0.0001
2024-12-15 08:00:00+00:00,2024-12-15 08:00:00+00:00,1734249600000,0.0001
2024-12-15 12:00:00+00:00,2024-12-15 08:00:00+00:00,1734249600000,0.0001
2024-12-15 16:00:00+00:00,2024-12-15 16:00:00+00:00,1734278400000,0.0001
2024-12-15 20:00:00+00:00,2024-12-15 16:00:00+00:00,1734278400000,0.0001
2024-12-16 00:00:00+00:00,2024-12-16 00:00:00+00:00,1734307200000,0.0001
2024-12-16 04:00:00+00:00,2024-12-16 00:00:00+00:00,1734307200000,0.0001
2024-12-16 08:00:00+00:00,2024-12-16 08:00:00+00:00,1734336000000,0.0001
2024-12-16 12:00:00+00:00,2024-12-16 08:00:00+00:00,1734336000000,0.0001
2024-12-16 16:00:00+00:00,2024-12-16 16:00:00+00:00,1734364800000,0.0001
2024-12-16 20:00:00+00:00,2024-12-16 16:00:00+00:00,1734364800000,0.0001
2024-12-17 00:00:00+00:00,2024-12-17 00:00:00+00:00,1734393600000,0.0001
2024-12-17 04:00:00+00:00,2024-12-17 00:00:00+00:00,1734393600000,0.0001
2024-12-17 08:00:00+00:00,2024-12-17 08:00:00+00:00,1734422400000,0.0001
2024-12-17 12:00:00+00:00,2024-12-17 08:00:00+00:00,1734422400000,0.0001
2024-12-17 16:00:00+00:00,2024-12-17 16:00:00+00:00,1734451200000,0.0001
2024-12-17 20:00:00+00:00,2024-12-17 16:00:00+00:00,1734451200000,0.0001
2024-12-18 00:00:00+00:00,2024-12-18 00:00:00+00:00,1734480000000,0.0001
2024-12-18 04:00:00+00:00,2024-12-18 00:00:00+00:00,1734480000000,0.0001
2024-12-18 08:00:00+00:00,2024-12-18 08:00:00+00:00,1734508800000,0.0001
2024-12-18 12:00:00+00:00,2024-12-18 08:00:00+00:00,1734508800000,0.0001
2024-12-18 16:00:00+00:00,2024-12-18 16:00:00+00:00,1734537600000,0.0001
2024-12-18 20:00:00+00:00,2024-12-18 16:00:00+00:00,1734537600000,0.0001
2024-12-19 00:00:00+00:00,2024-12-19 00:00:00+00:00,1734566400000,0.0001
2024-12-19 04:00:00+00:00,2024-12-19 00:00:00+00:00,1734566400000,0.0001
2024-12-19 08:00:00+00:00,2024-12-19 08:00:00+00:00,1734595200000,0.0001
2024-12-19 12:00:00+00:00,2024-12-19 08:00:00+00:00,1734595200000,0.0001
2024-12-19 16:00:00+00:00,2024-12-19 16:00:00+00:00,1734624000000,0.0001
2024-12-19 20:00:00+00:00,2024-12-19 16:00:00+00:00,1734624000000,0.0001
2024-12-20 00:00:00+00:00,2024-12-20 00:00:00+00:00,1734652800000,1.239e-05
2024-12-20 04:00:00+00:00,2024-12-20 00:00:00+00:00,1734652800000,1.239e-05
2024-12-20 08:00:00+00:00,2024-12-20 08:00:00+00:00,1734681600000,0.0001
2024-12-20 12:00:00+00:00,2024-12-20 08:00:00+00:00,1734681600000,0.0001
2024-12-20 16:00:00+00:00,2024-12-20 16:00:00+00:00,1734710400000,2.646e-05
2024-12-20 20:00:00+00:00,2024-12-20 16:00:00+00:00,1734710400000,2.646e-05
2024-12-21 00:00:00+00:00,2024-12-21 00:00:00+00:00,1734739200000,3.415e-05
2024-12-21 04:00:00+00:00,2024-12-21 00:00:00+00:00,1734739200000,3.415e-05
2024-12-21 08:00:00+00:00,2024-12-21 08:00:00+00:00,1734768000000,9.216e-05
2024-12-21 12:00:00+00:00,2024-12-21 08:00:00+00:00,1734768000000,9.216e-05
2024-12-21 16:00:00+00:00,2024-12-21 16:00:00+00:00,1734796800000,9.438e-05
2024-12-21 20:00:00+00:00,2024-12-21 16:00:00+00:00,1734796800000,9.438e-05
2024-12-22 00:00:00+00:00,2024-12-22 00:00:00+00:00,1734825600000,1.185e-05
2024-12-22 04:00:00+00:00,2024-12-22 00:00:00+00:00,1734825600000,1.185e-05
2024-12-22 08:00:00+00:00,2024-12-22 08:00:00+00:00,1734854400000,4.616e-05
2024-12-22 12:00:00+00:00,2024-12-22 08:00:00+00:00,1734854400000,4.616e-05
2024-12-22 16:00:00+00:00,2024-12-22 16:00:00+00:00,1734883200000,-3.985e-05
2024-12-22 20:00:00+00:00,2024-12-22 16:00:00+00:00,1734883200000,-3.985e-05
2024-12-23 00:00:00+00:00,2024-12-23 00:00:00+00:00,1734912000000,1.534e-05
2024-12-23 04:00:00+00:00,2024-12-23 00:00:00+00:00,1734912000000,1.534e-05
2024-12-23 08:00:00+00:00,2024-12-23 08:00:00+00:00,1734940800000,1.931e-05
2024-12-23 12:00:00+00:00,2024-12-23 08:00:00+00:00,1734940800000,1.931e-05
2024-12-23 16:00:00+00:00,2024-12-23 16:00:00+00:00,1734969600000,9.327e-05
2024-12-23 20:00:00+00:00,2024-12-23 16:00:00+00:00,1734969600000,9.327e-05
2024-12-24 00:00:00+00:00,2024-12-24 00:00:00+00:00,1734998400000,0.0001
2024-12-24 04:00:00+00:00,2024-12-24 00:00:00+00:00,1734998400000,0.0001
2024-12-24 08:00:00+00:00,2024-12-24 08:00:00+00:00,1735027200000,0.0001
2024-12-24 12:00:00+00:00,2024-12-24 08:00:00+00:00,1735027200000,0.0001
2024-12-24 16:00:00+00:00,2024-12-24 16:00:00+00:00,1735056000000,0.0001
2024-12-24 20:00:00+00:00,2024-12-24 16:00:00+00:00,1735056000000,0.0001
2024-12-25 00:00:00+00:00,2024-12-25 00:00:00+00:00,1735084800000,0.0001
2024-12-25 04:00:00+00:00,2024-12-25 00:00:00+00:00,1735084800000,0.0001
2024-12-25 08:00:00+00:00,2024-12-25 08:00:00+00:00,1735113600000,5.269e-05
2024-12-25 12:00:00+00:00,2024-12-25 08:00:00+00:00,1735113600000,5.269e-05
2024-12-25 16:00:00+00:00,2024-12-25 16:00:00+00:00,1735142400000,7.298e-05
2024-12-25 20:00:00+00:00,2024-12-25 16:00:00+00:00,1735142400000,7.298e-05
2024-12-26 00:00:00+00:00,2024-12-26 00:00:00+00:00,1735171200000,8.145e-05
2024-12-26 04:00:00+00:00,2024-12-26 00:00:00+00:00,1735171200000,8.145e-05
2024-12-26 08:00:00+00:00,2024-12-26 08:00:00+00:00,1735200000000,0.0001
2024-12-26 12:00:00+00:00,2024-12-26 08:00:00+00:00,1735200000000,0.0001
2024-12-26 16:00:00+00:00,2024-12-26 16:00:00+00:00,1735228800000,4.827e-05
2024-12-26 20:00:00+00:00,2024-12-26 16:00:00+00:00,1735228800000,4.827e-05
2024-12-27 00:00:00+00:00,2024-12-27 00:00:00+00:00,1735257600000,9.111e-05
2024-12-27 04:00:00+00:00,2024-12-27 00:00:00+00:00,1735257600000,9.111e-05
2024-12-27 08:00:00+00:00,2024-12-27 08:00:00+00:00,1735286400000,0.0001
2024-12-27 12:00:00+00:00,2024-12-27 08:00:00+00:00,1735286400000,0.0001
2024-12-27 16:00:00+00:00,2024-12-27 16:00:00+00:00,1735315200000,-3.642e-05
2024-12-27 20:00:00+00:00,2024-12-27 16:00:00+00:00,1735315200000,-3.642e-05
2024-12-28 00:00:00+00:00,2024-12-28 00:00:00+00:00,1735344000000,6.371e-05
2024-12-28 04:00:00+00:00,2024-12-28 00:00:00+00:00,1735344000000,6.371e-05
2024-12-28 08:00:00+00:00,2024-12-28 08:00:00+00:00,1735372800000,8.809e-05
2024-12-28 12:00:00+00:00,2024-12-28 08:00:00+00:00,1735372800000,8.809e-05
2024-12-28 16:00:00+00:00,2024-12-28 16:00:00+00:00,1735401600000,7.387e-05
2024-12-28 20:00:00+00:00,2024-12-28 16:00:00+00:00,1735401600000,7.387e-05
2024-12-29 00:00:00+00:00,2024-12-29 00:00:00+00:00,1735430400000,0.0001
2024-12-29 04:00:00+00:00,2024-12-29 00:00:00+00:00,1735430400000,0.0001
2024-12-29 08:00:00+00:00,2024-12-29 08:00:00+00:00,1735459200000,0.0001
2024-12-29 12:00:00+00:00,2024-12-29 08:00:00+00:00,1735459200000,0.0001
2024-12-29 16:00:00+00:00,2024-12-29 16:00:00+00:00,1735488000000,0.0001
2024-12-29 20:00:00+00:00,2024-12-29 16:00:00+00:00,1735488000000,0.0001
2024-12-30 00:00:00+00:00,2024-12-30 00:00:00+00:00,1735516800000,2.928e-05
2024-12-30 04:00:00+00:00,2024-12-30 00:00:00+00:00,1735516800000,2.928e-05
2024-12-30 08:00:00+00:00,2024-12-30 08:00:00+00:00,1735545600000,0.0001
2024-12-30 12:00:00+00:00,2024-12-30 08:00:00+00:00,1735545600000,0.0001
2024-12-30 16:00:00+00:00,2024-12-30 16:00:00+00:00,1735574400000,7.439e-05
2024-12-30 20:00:00+00:00,2024-12-30 16:00:00+00:00,1735574400000,7.439e-05
2024-12-31 00:00:00+00:00,2024-12-31 00:00:00+00:00,1735603200000,2.97e-05
2024-12-31 04:00:00+00:00,2024-12-31 00:00:00+00:00,1735603200000,2.97e-05
2024-12-31 08:00:00+00:00,2024-12-31 08:00:00+00:00,1735632000000,5.08e-05
2024-12-31 12:00:00+00:00,2024-12-31 08:00:00+00:00,1735632000000,5.08e-05
2024-12-31 16:00:00+00:00,2024-12-31 16:00:00+00:00,1735660800000,4.524e-05
2024-12-31 20:00:00+00:00,2024-12-31 16:00:00+00:00,1735660800000,4.524e-05
2025-01-01 00:00:00+00:00,2025-01-01 00:00:00+00:00,1735689600000,3.888e-05
2025-01-01 04:00:00+00:00,2025-01-01 00:00:00+00:00,1735689600000,3.888e-05
2025-01-01 08:00:00+00:00,2025-01-01 08:00:00+00:00,1735718400000,4.603e-05
2025-01-01 12:00:00+00:00,2025-01-01 08:00:00+00:00,1735718400000,4.603e-05
2025-01-01 16:00:00+00:00,2025-01-01 16:00:00+00:00,1735747200000,7.774e-05
2025-01-01 20:00:00+00:00,2025-01-01 16:00:00+00:00,1735747200000,7.774e-05
2025-01-02 00:00:00+00:00,2025-01-02 00:00:00+00:00,1735776000000,0.0001
2025-01-02 04:00:00+00:00,2025-01-02 00:00:00+00:00,1735776000000,0.0001
2025-01-02 08:00:00+00:00,2025-01-02 08:00:00+00:00,1735804800000,9.813e-05
2025-01-02 12:00:00+00:00,2025-01-02 08:00:00+00:00,1735804800000,9.813e-05
2025-01-02 16:00:00+00:00,2025-01-02 16:00:00+00:00,1735833600000,0.0001
2025-01-02 20:00:00+00:00,2025-01-02 16:00:00+00:00,1735833600000,0.0001
2025-01-03 00:00:00+00:00,2025-01-03 00:00:00+00:00,1735862400000,0.0001
2025-01-03 04:00:00+00:00,2025-01-03 00:00:00+00:00,1735862400000,0.0001
2025-01-03 08:00:00+00:00,2025-01-03 08:00:00+00:00,1735891200000,6.217e-05
2025-01-03 12:00:00+00:00,2025-01-03 08:00:00+00:00,1735891200000,6.217e-05
2025-01-03 16:00:00+00:00,2025-01-03 16:00:00+00:00,1735920000000,-8.285e-05
2025-01-03 20:00:00+00:00,2025-01-03 16:00:00+00:00,1735920000000,-8.285e-05
2025-01-04 00:00:00+00:00,2025-01-04 00:00:00+00:00,1735948800000,5.709e-05
2025-01-04 04:00:00+00:00,2025-01-04 00:00:00+00:00,1735948800000,5.709e-05
2025-01-04 08:00:00+00:00,2025-01-04 08:00:00+00:00,1735977600000,0.0001
2025-01-04 12:00:00+00:00,2025-01-04 08:00:00+00:00,1735977600000,0.0001
2025-01-04 16:00:00+00:00,2025-01-04 16:00:00+00:00,1736006400000,0.0001
2025-01-04 20:00:00+00:00,2025-01-04 16:00:00+00:00,1736006400000,0.0001
2025-01-05 00:00:00+00:00,2025-01-05 00:00:00+00:00,1736035200000,6.771e-05
2025-01-05 04:00:00+00:00,2025-01-05 00:00:00+00:00,1736035200000,6.771e-05
2025-01-05 08:00:00+00:00,2025-01-05 08:00:00+00:00,1736064000000,4.45e-06
2025-01-05 12:00:00+00:00,2025-01-05 08:00:00+00:00,1736064000000,4.45e-06
2025-01-05 16:00:00+00:00,2025-01-05 16:00:00+00:00,1736092800000,0.0001
2025-01-05 20:00:00+00:00,2025-01-05 16:00:00+00:00,1736092800000,0.0001
2025-01-06 00:00:00+00:00,2025-01-06 00:00:00+00:00,1736121600000,9.024e-05
2025-01-06 04:00:00+00:00,2025-01-06 00:00:00+00:00,1736121600000,9.024e-05
2025-01-06 08:00:00+00:00,2025-01-06 08:00:00+00:00,1736150400000,9.8e-07
2025-01-06 12:00:00+00:00,2025-01-06 08:00:00+00:00,1736150400000,9.8e-07
2025-01-06 16:00:00+00:00,2025-01-06 16:00:00+00:00,1736179200000,0.0001
2025-01-06 20:00:00+00:00,2025-01-06 16:00:00+00:00,1736179200000,0.0001
2025-01-07 00:00:00+00:00,2025-01-07 00:00:00+00:00,1736208000000,8.791e-05
2025-01-07 04:00:00+00:00,2025-01-07 00:00:00+00:00,1736208000000,8.791e-05
2025-01-07 08:00:00+00:00,2025-01-07 08:00:00+00:00,1736236800000,0.0001
2025-01-07 12:00:00+00:00,2025-01-07 08:00:00+00:00,1736236800000,0.0001
2025-01-07 16:00:00+00:00,2025-01-07 16:00:00+00:00,1736265600000,9.281e-05
2025-01-07 20:00:00+00:00,2025-01-07 16:00:00+00:00,1736265600000,9.281e-05
2025-01-08 00:00:00+00:00,2025-01-08 00:00:00+00:00,1736294400000,7.058e-05
2025-01-08 04:00:00+00:00,2025-01-08 00:00:00+00:00,1736294400000,7.058e-05
2025-01-08 08:00:00+00:00,2025-01-08 08:00:00+00:00,1736323200000,2.5e-05
2025-01-08 12:00:00+00:00,2025-01-08 08:00:00+00:00,1736323200000,2.5e-05
2025-01-08 16:00:00+00:00,2025-01-08 16:00:00+00:00,1736352000000,7.73e-06
2025-01-08 20:00:00+00:00,2025-01-08 16:00:00+00:00,1736352000000,7.73e-06
2025-01-09 00:00:00+00:00,2025-01-09 00:00:00+00:00,1736380800000,1.513e-05
2025-01-09 04:00:00+00:00,2025-01-09 00:00:00+00:00,1736380800000,1.513e-05
2025-01-09 08:00:00+00:00,2025-01-09 08:00:00+00:00,1736409600000,-2.608e-05
2025-01-09 12:00:00+00:00,2025-01-09 08:00:00+00:00,1736409600000,-2.608e-05
2025-01-09 16:00:00+00:00,2025-01-09 16:00:00+00:00,1736438400000,2.138e-05
2025-01-09 20:00:00+00:00,2025-01-09 16:00:00+00:00,1736438400000,2.138e-05
2025-01-10 00:00:00+00:00,2025-01-10 00:00:00+00:00,1736467200000,2.349e-05
2025-01-10 04:00:00+00:00,2025-01-10 00:00:00+00:00,1736467200000,2.349e-05
2025-01-10 08:00:00+00:00,2025-01-10 08:00:00+00:00,1736496000000,8.94e-06
2025-01-10 12:00:00+00:00,2025-01-10 08:00:00+00:00,1736496000000,8.94e-06
2025-01-10 16:00:00+00:00,2025-01-10 16:00:00+00:00,1736524800000,8.043e-05
2025-01-10 20:00:00+00:00,2025-01-10 16:00:00+00:00,1736524800000,8.043e-05
2025-01-11 00:00:00+00:00,2025-01-11 00:00:00+00:00,1736553600000,-1.622e-05
2025-01-11 04:00:00+00:00,2025-01-11 00:00:00+00:00,1736553600000,-1.622e-05
2025-01-11 08:00:00+00:00,2025-01-11 08:00:00+00:00,1736582400000,2.09e-06
2025-01-11 12:00:00+00:00,2025-01-11 08:00:00+00:00,1736582400000,2.09e-06
2025-01-11 16:00:00+00:00,2025-01-11 16:00:00+00:00,1736611200000,8.981e-05
2025-01-11 20:00:00+00:00,2025-01-11 16:00:00+00:00,1736611200000,8.981e-05
2025-01-12 00:00:00+00:00,2025-01-12 00:00:00+00:00,1736640000000,0.0001
2025-01-12 04:00:00+00:00,2025-01-12 00:00:00+00:00,1736640000000,0.0001
2025-01-12 08:00:00+00:00,2025-01-12 08:00:00+00:00,1736668800000,3.174e-05
2025-01-12 12:00:00+00:00,2025-01-12 08:00:00+00:00,1736668800000,3.174e-05
2025-01-12 16:00:00+00:00,2025-01-12 16:00:00+00:00,1736697600000,0.0001
2025-01-12 20:00:00+00:00,2025-01-12 16:00:00+00:00,1736697600000,0.0001
2025-01-13 00:00:00+00:00,2025-01-13 00:00:00+00:00,1736726400000,0.0001
2025-01-13 04:00:00+00:00,2025-01-13 00:00:00+00:00,1736726400000,0.0001
2025-01-13 08:00:00+00:00,2025-01-13 08:00:00+00:00,1736755200000,2.688e-05
2025-01-13 12:00:00+00:00,2025-01-13 08:00:00+00:00,1736755200000,2.688e-05
2025-01-13 16:00:00+00:00,2025-01-13 16:00:00+00:00,1736784000000,5.719e-05
2025-01-13 20:00:00+00:00,2025-01-13 16:00:00+00:00,1736784000000,5.719e-05
2025-01-14 00:00:00+00:00,2025-01-14 00:00:00+00:00,1736812800000,7.014e-05
2025-01-14 04:00:00+00:00,2025-01-14 00:00:00+00:00,1736812800000,7.014e-05
2025-01-14 08:00:00+00:00,2025-01-14 08:00:00+00:00,1736841600000,5.946e-05
2025-01-14 12:00:00+00:00,2025-01-14 08:00:00+00:00,1736841600000,5.946e-05
2025-01-14 16:00:00+00:00,2025-01-14 16:00:00+00:00,1736870400000,0.0001
2025-01-14 20:00:00+00:00,2025-01-14 16:00:00+00:00,1736870400000,0.0001
2025-01-15 00:00:00+00:00,2025-01-15 00:00:00+00:00,1736899200000,9.577e-05
2025-01-15 04:00:00+00:00,2025-01-15 00:00:00+00:00,1736899200000,9.577e-05
2025-01-15 08:00:00+00:00,2025-01-15 08:00:00+00:00,1736928000000,2.051e-05
2025-01-15 12:00:00+00:00,2025-01-15 08:00:00+00:00,1736928000000,2.051e-05
2025-01-15 16:00:00+00:00,2025-01-15 16:00:00+00:00,1736956800000,5.289e-05
2025-01-15 20:00:00+00:00,2025-01-15 16:00:00+00:00,1736956800000,5.289e-05
2025-01-16 00:00:00+00:00,2025-01-16 00:00:00+00:00,1736985600000,0.0001
2025-01-16 04:00:00+00:00,2025-01-16 00:00:00+00:00,1736985600000,0.0001
2025-01-16 08:00:00+00:00,2025-01-16 08:00:00+00:00,1737014400000,0.0001
2025-01-16 12:00:00+00:00,2025-01-16 08:00:00+00:00,1737014400000,0.0001
2025-01-16 16:00:00+00:00,2025-01-16 16:00:00+00:00,1737043200000,0.0001
2025-01-16 20:00:00+00:00,2025-01-16 16:00:00+00:00,1737043200000,0.0001
2025-01-17 00:00:00+00:00,2025-01-17 00:00:00+00:00,1737072000000,0.0001
2025-01-17 04:00:00+00:00,2025-01-17 00:00:00+00:00,1737072000000,0.0001
2025-01-17 08:00:00+00:00,2025-01-17 08:00:00+00:00,1737100800000,0.0001
2025-01-17 12:00:00+00:00,2025-01-17 08:00:00+00:00,1737100800000,0.0001
2025-01-17 16:00:00+00:00,2025-01-17 16:00:00+00:00,1737129600000,0.0001
2025-01-17 20:00:00+00:00,2025-01-17 16:00:00+00:00,1737129600000,0.0001
2025-01-18 00:00:00+00:00,2025-01-18 00:00:00+00:00,1737158400000,0.0001
2025-01-18 04:00:00+00:00,2025-01-18 00:00:00+00:00,1737158400000,0.0001
2025-01-18 08:00:00+00:00,2025-01-18 08:00:00+00:00,1737187200000,0.0001
2025-01-18 12:00:00+00:00,2025-01-18 08:00:00+00:00,1737187200000,0.0001
2025-01-18 16:00:00+00:00,2025-01-18 16:00:00+00:00,1737216000000,8.219e-05
2025-01-18 20:00:00+00:00,2025-01-18 16:00:00+00:00,1737216000000,8.219e-05
2025-01-19 00:00:00+00:00,2025-01-19 00:00:00+00:00,1737244800000,0.0001
2025-01-19 04:00:00+00:00,2025-01-19 00:00:00+00:00,1737244800000,0.0001
2025-01-19 08:00:00+00:00,2025-01-19 08:00:00+00:00,1737273600000,0.0001
2025-01-19 12:00:00+00:00,2025-01-19 08:00:00+00:00,1737273600000,0.0001
2025-01-19 16:00:00+00:00,2025-01-19 16:00:00+00:00,1737302400000,0.0001
2025-01-19 20:00:00+00:00,2025-01-19 16:00:00+00:00,1737302400000,0.0001
2025-01-20 00:00:00+00:00,2025-01-20 00:00:00+00:00,1737331200000,-0.00085959
2025-01-20 04:00:00+00:00,2025-01-20 00:00:00+00:00,1737331200000,-0.00085959
2025-01-20 08:00:00+00:00,2025-01-20 08:00:00+00:00,1737360000000,0.0001
2025-01-20 12:00:00+00:00,2025-01-20 08:00:00+00:00,1737360000000,0.0001
2025-01-20 16:00:00+00:00,2025-01-20 16:00:00+00:00,1737388800000,0.0001
2025-01-20 20:00:00+00:00,2025-01-20 16:00:00+00:00,1737388800000,0.0001
2025-01-21 00:00:00+00:00,2025-01-21 00:00:00+00:00,1737417600000,7.58e-05
2025-01-21 04:00:00+00:00,2025-01-21 00:00:00+00:00,1737417600000,7.58e-05
2025-01-21 08:00:00+00:00,2025-01-21 08:00:00+00:00,1737446400000,0.0001
2025-01-21 12:00:00+00:00,2025-01-21 08:00:00+00:00,1737446400000,0.0001
2025-01-21 16:00:00+00:00,2025-01-21 16:00:00+00:00,1737475200000,0.0001
2025-01-21 20:00:00+00:00,2025-01-21 16:00:00+00:00,1737475200000,0.0001
2025-01-22 00:00:00+00:00,2025-01-22 00:00:00+00:00,1737504000000,0.0001
2025-01-22 04:00:00+00:00,2025-01-22 00:00:00+00:00,1737504000000,0.0001
2025-01-22 08:00:00+00:00,2025-01-22 08:00:00+00:00,1737532800000,0.0001
2025-01-22 12:00:00+00:00,2025-01-22 08:00:00+00:00,1737532800000,0.0001
2025-01-22 16:00:00+00:00,2025-01-22 16:00:00+00:00,1737561600000,0.0001
2025-01-22 20:00:00+00:00,2025-01-22 16:00:00+00:00,1737561600000,0.0001
2025-01-23 00:00:00+00:00,2025-01-23 00:00:00+00:00,1737590400000,0.0001
2025-01-23 04:00:00+00:00,2025-01-23 00:00:00+00:00,1737590400000,0.0001
2025-01-23 08:00:00+00:00,2025-01-23 08:00:00+00:00,1737619200000,9.68e-05
2025-01-23 12:00:00+00:00,2025-01-23 08:00:00+00:00,1737619200000,9.68e-05
2025-01-23 16:00:00+00:00,2025-01-23 16:00:00+00:00,1737648000000,1.031e-05
2025-01-23 20:00:00+00:00,2025-01-23 16:00:00+00:00,1737648000000,1.031e-05
2025-01-24 00:00:00+00:00,2025-01-24 00:00:00+00:00,1737676800000,6.057e-05
2025-01-24 04:00:00+00:00,2025-01-24 00:00:00+00:00,1737676800000,6.057e-05
2025-01-24 08:00:00+00:00,2025-01-24 08:00:00+00:00,1737705600000,0.0001
2025-01-24 12:00:00+00:00,2025-01-24 08:00:00+00:00,1737705600000,0.0001
2025-01-24 16:00:00+00:00,2025-01-24 16:00:00+00:00,1737734400000,0.0001
2025-01-24 20:00:00+00:00,2025-01-24 16:00:00+00:00,1737734400000,0.0001
2025-01-25 00:00:00+00:00,2025-01-25 00:00:00+00:00,1737763200000,1.242e-05
2025-01-25 04:00:00+00:00,2025-01-25 00:00:00+00:00,1737763200000,1.242e-05
2025-01-25 08:00:00+00:00,2025-01-25 08:00:00+00:00,1737792000000,-0.00010407
2025-01-25 12:00:00+00:00,2025-01-25 08:00:00+00:00,1737792000000,-0.00010407
2025-01-25 16:00:00+00:00,2025-01-25 16:00:00+00:00,1737820800000,-7.147e-05
2025-01-25 20:00:00+00:00,2025-01-25 16:00:00+00:00,1737820800000,-7.147e-05
2025-01-26 00:00:00+00:00,2025-01-26 00:00:00+00:00,1737849600000,8.856e-05
2025-01-26 04:00:00+00:00,2025-01-26 00:00:00+00:00,1737849600000,8.856e-05
2025-01-26 08:00:00+00:00,2025-01-26 08:00:00+00:00,1737878400000,0.0001
2025-01-26 12:00:00+00:00,2025-01-26 08:00:00+00:00,1737878400000,0.0001
2025-01-26 16:00:00+00:00,2025-01-26 16:00:00+00:00,1737907200000,0.0001
2025-01-26 20:00:00+00:00,2025-01-26 16:00:00+00:00,1737907200000,0.0001
2025-01-27 00:00:00+00:00,2025-01-27 00:00:00+00:00,1737936000000,2.849e-05
2025-01-27 04:00:00+00:00,2025-01-27 00:00:00+00:00,1737936000000,2.849e-05
2025-01-27 08:00:00+00:00,2025-01-27 08:00:00+00:00,1737964800000,1.57e-06
2025-01-27 12:00:00+00:00,2025-01-27 08:00:00+00:00,1737964800000,1.57e-06
2025-01-27 16:00:00+00:00,2025-01-27 16:00:00+00:00,1737993600000,-0.00012023
2025-01-27 20:00:00+00:00,2025-01-27 16:00:00+00:00,1737993600000,-0.00012023
2025-01-28 00:00:00+00:00,2025-01-28 00:00:00+00:00,1738022400000,0.0001
2025-01-28 04:00:00+00:00,2025-01-28 00:00:00+00:00,1738022400000,0.0001
2025-01-28 08:00:00+00:00,2025-01-28 08:00:00+00:00,1738051200000,-5.16e-06
2025-01-28 12:00:00+00:00,2025-01-28 08:00:00+00:00,1738051200000,-5.16e-06
2025-01-28 16:00:00+00:00,2025-01-28 16:00:00+00:00,1738080000000,9.599e-05
2025-01-28 20:00:00+00:00,2025-01-28 16:00:00+00:00,1738080000000,9.599e-05
2025-01-29 00:00:00+00:00,2025-01-29 00:00:00+00:00,1738108800000,4.987e-05
2025-01-29 04:00:00+00:00,2025-01-29 00:00:00+00:00,1738108800000,4.987e-05
2025-01-29 08:00:00+00:00,2025-01-29 08:00:00+00:00,1738137600000,0.0001
2025-01-29 12:00:00+00:00,2025-01-29 08:00:00+00:00,1738137600000,0.0001
2025-01-29 16:00:00+00:00,2025-01-29 16:00:00+00:00,1738166400000,5.8e-07
2025-01-29 20:00:00+00:00,2025-01-29 16:00:00+00:00,1738166400000,5.8e-07
2025-01-30 00:00:00+00:00,2025-01-30 00:00:00+00:00,1738195200000,3.645e-05
2025-01-30 04:00:00+00:00,2025-01-30 00:00:00+00:00,1738195200000,3.645e-05
2025-01-30 08:00:00+00:00,2025-01-30 08:00:00+00:00,1738224000000,0.0001
2025-01-30 12:00:00+00:00,2025-01-30 08:00:00+00:00,1738224000000,0.0001
2025-01-30 16:00:00+00:00,2025-01-30 16:00:00+00:00,1738252800000,0.0001
2025-01-30 20:00:00+00:00,2025-01-30 16:00:00+00:00,1738252800000,0.0001
2025-01-31 00:00:00+00:00,2025-01-31 00:00:00+00:00,1738281600000,-6.2e-07
2025-01-31 04:00:00+00:00,2025-01-31 00:00:00+00:00,1738281600000,-6.2e-07
2025-01-31 08:00:00+00:00,2025-01-31 08:00:00+00:00,1738310400000,9.503e-05
2025-01-31 12:00:00+00:00,2025-01-31 08:00:00+00:00,1738310400000,9.503e-05
2025-01-31 16:00:00+00:00,2025-01-31 16:00:00+00:00,1738339200000,6.718e-05
2025-01-31 20:00:00+00:00,2025-01-31 16:00:00+00:00,1738339200000,6.718e-05
2025-02-01 00:00:00+00:00,2025-02-01 00:00:00+00:00,1738368000000,-0.00011175
2025-02-01 04:00:00+00:00,2025-02-01 00:00:00+00:00,1738368000000,-0.00011175
2025-02-01 08:00:00+00:00,2025-02-01 08:00:00+00:00,1738396800000,4.204e-05
2025-02-01 12:00:00+00:00,2025-02-01 08:00:00+00:00,1738396800000,4.204e-05
2025-02-01 16:00:00+00:00,2025-02-01 16:00:00+00:00,1738425600000,2.509e-05
2025-02-01 20:00:00+00:00,2025-02-01 16:00:00+00:00,1738425600000,2.509e-05
2025-02-02 00:00:00+00:00,2025-02-02 00:00:00+00:00,1738454400000,1.328e-05
2025-02-02 04:00:00+00:00,2025-02-02 00:00:00+00:00,1738454400000,1.328e-05
2025-02-02 08:00:00+00:00,2025-02-02 08:00:00+00:00,1738483200000,-2.139e-05
2025-02-02 12:00:00+00:00,2025-02-02 08:00:00+00:00,1738483200000,-2.139e-05
2025-02-02 16:00:00+00:00,2025-02-02 16:00:00+00:00,1738512000000,-9.58e-06
2025-02-02 20:00:00+00:00,2025-02-02 16:00:00+00:00,1738512000000,-9.58e-06
2025-02-03 00:00:00+00:00,2025-02-03 00:00:00+00:00,1738540800000,-0.00014198
2025-02-03 04:00:00+00:00,2025-02-03 00:00:00+00:00,1738540800000,-0.00014198
2025-02-03 08:00:00+00:00,2025-02-03 08:00:00+00:00,1738569600000,-0.0001297
2025-02-03 12:00:00+00:00,2025-02-03 08:00:00+00:00,1738569600000,-0.0001297
2025-02-03 16:00:00+00:00,2025-02-03 16:00:00+00:00,1738598400000,-0.00014289
2025-02-03 20:00:00+00:00,2025-02-03 16:00:00+00:00,1738598400000,-0.00014289
2025-02-04 00:00:00+00:00,2025-02-04 00:00:00+00:00,1738627200000,-0.00031731
2025-02-04 04:00:00+00:00,2025-02-04 00:00:00+00:00,1738627200000,-0.00031731
2025-02-04 08:00:00+00:00,2025-02-04 08:00:00+00:00,1738656000000,1.938e-05
2025-02-04 12:00:00+00:00,2025-02-04 08:00:00+00:00,1738656000000,1.938e-05
2025-02-04 16:00:00+00:00,2025-02-04 16:00:00+00:00,1738684800000,0.0001
2025-02-04 20:00:00+00:00,2025-02-04 16:00:00+00:00,1738684800000,0.0001
2025-02-05 00:00:00+00:00,2025-02-05 00:00:00+00:00,1738713600000,-3.442e-05
2025-02-05 04:00:00+00:00,2025-02-05 00:00:00+00:00,1738713600000,-3.442e-05
2025-02-05 08:00:00+00:00,2025-02-05 08:00:00+00:00,1738742400000,-3.977e-05
2025-02-05 12:00:00+00:00,2025-02-05 08:00:00+00:00,1738742400000,-3.977e-05
2025-02-05 16:00:00+00:00,2025-02-05 16:00:00+00:00,1738771200000,-7.729e-05
2025-02-05 20:00:00+00:00,2025-02-05 16:00:00+00:00,1738771200000,-7.729e-05
2025-02-06 00:00:00+00:00,2025-02-06 00:00:00+00:00,1738800000000,-4.701e-05
2025-02-06 04:00:00+00:00,2025-02-06 00:00:00+00:00,1738800000000,-4.701e-05
2025-02-06 08:00:00+00:00,2025-02-06 08:00:00+00:00,1738828800000,-7.54e-06
2025-02-06 12:00:00+00:00,2025-02-06 08:00:00+00:00,1738828800000,-7.54e-06
2025-02-06 16:00:00+00:00,2025-02-06 16:00:00+00:00,1738857600000,-3.24e-05
2025-02-06 20:00:00+00:00,2025-02-06 16:00:00+00:00,1738857600000,-3.24e-05
2025-02-07 00:00:00+00:00,2025-02-07 00:00:00+00:00,1738886400000,-0.00010245
2025-02-07 04:00:00+00:00,2025-02-07 00:00:00+00:00,1738886400000,-0.00010245
2025-02-07 08:00:00+00:00,2025-02-07 08:00:00+00:00,1738915200000,-0.0001286
2025-02-07 12:00:00+00:00,2025-02-07 08:00:00+00:00,1738915200000,-0.0001286
2025-02-07 16:00:00+00:00,2025-02-07 16:00:00+00:00,1738944000000,9.62e-06
2025-02-07 20:00:00+00:00,2025-02-07 16:00:00+00:00,1738944000000,9.62e-06
2025-02-08 00:00:00+00:00,2025-02-08 00:00:00+00:00,1738972800000,-8.936e-05
2025-02-08 04:00:00+00:00,2025-02-08 00:00:00+00:00,1738972800000,-8.936e-05
2025-02-08 08:00:00+00:00,2025-02-08 08:00:00+00:00,1739001600000,-5.686e-05
2025-02-08 12:00:00+00:00,2025-02-08 08:00:00+00:00,1739001600000,-5.686e-05
2025-02-08 16:00:00+00:00,2025-02-08 16:00:00+00:00,1739030400000,3.838e-05
2025-02-08 20:00:00+00:00,2025-02-08 16:00:00+00:00,1739030400000,3.838e-05
2025-02-09 00:00:00+00:00,2025-02-09 00:00:00+00:00,1739059200000,-1.568e-05
2025-02-09 04:00:00+00:00,2025-02-09 00:00:00+00:00,1739059200000,-1.568e-05
2025-02-09 08:00:00+00:00,2025-02-09 08:00:00+00:00,1739088000000,-7.565e-05
2025-02-09 12:00:00+00:00,2025-02-09 08:00:00+00:00,1739088000000,-7.565e-05
2025-02-09 16:00:00+00:00,2025-02-09 16:00:00+00:00,1739116800000,-0.00013922
2025-02-09 20:00:00+00:00,2025-02-09 16:00:00+00:00,1739116800000,-0.00013922
2025-02-10 00:00:00+00:00,2025-02-10 00:00:00+00:00,1739145600000,-0.00015183
2025-02-10 04:00:00+00:00,2025-02-10 00:00:00+00:00,1739145600000,-0.00015183
2025-02-10 08:00:00+00:00,2025-02-10 08:00:00+00:00,1739174400000,1.366e-05
2025-02-10 12:00:00+00:00,2025-02-10 08:00:00+00:00,1739174400000,1.366e-05
2025-02-10 16:00:00+00:00,2025-02-10 16:00:00+00:00,1739203200000,3.55e-06
2025-02-10 20:00:00+00:00,2025-02-10 16:00:00+00:00,1739203200000,3.55e-06
2025-02-11 00:00:00+00:00,2025-02-11 00:00:00+00:00,1739232000000,-9.247e-05
2025-02-11 04:00:00+00:00,2025-02-11 00:00:00+00:00,1739232000000,-9.247e-05
2025-02-11 08:00:00+00:00,2025-02-11 08:00:00+00:00,1739260800000,4.427e-05
2025-02-11 12:00:00+00:00,2025-02-11 08:00:00+00:00,1739260800000,4.427e-05
2025-02-11 16:00:00+00:00,2025-02-11 16:00:00+00:00,1739289600000,-0.00016094
2025-02-11 20:00:00+00:00,2025-02-11 16:00:00+00:00,1739289600000,-0.00016094
2025-02-12 00:00:00+00:00,2025-02-12 00:00:00+00:00,1739318400000,-0.00015039
2025-02-12 04:00:00+00:00,2025-02-12 00:00:00+00:00,1739318400000,-0.00015039
2025-02-12 08:00:00+00:00,2025-02-12 08:00:00+00:00,1739347200000,-4.014e-05
2025-02-12 12:00:00+00:00,2025-02-12 08:00:00+00:00,1739347200000,-4.014e-05
2025-02-12 16:00:00+00:00,2025-02-12 16:00:00+00:00,1739376000000,3.374e-05
2025-02-12 20:00:00+00:00,2025-02-12 16:00:00+00:00,1739376000000,3.374e-05
2025-02-13 00:00:00+00:00,2025-02-13 00:00:00+00:00,1739404800000,4.566e-05
2025-02-13 04:00:00+00:00,2025-02-13 00:00:00+00:00,1739404800000,4.566e-05
2025-02-13 08:00:00+00:00,2025-02-13 08:00:00+00:00,1739433600000,-8.93e-05
2025-02-13 12:00:00+00:00,2025-02-13 08:00:00+00:00,1739433600000,-8.93e-05
2025-02-13 16:00:00+00:00,2025-02-13 16:00:00+00:00,1739462400000,-0.00011001
2025-02-13 20:00:00+00:00,2025-02-13 16:00:00+00:00,1739462400000,-0.00011001
2025-02-14 00:00:00+00:00,2025-02-14 00:00:00+00:00,1739491200000,1.41e-05
2025-02-14 04:00:00+00:00,2025-02-14 00:00:00+00:00,1739491200000,1.41e-05
2025-02-14 08:00:00+00:00,2025-02-14 08:00:00+00:00,1739520000000,0.0001
2025-02-14 12:00:00+00:00,2025-02-14 08:00:00+00:00,1739520000000,0.0001
2025-02-14 16:00:00+00:00,2025-02-14 16:00:00+00:00,1739548800000,0.0001
2025-02-14 20:00:00+00:00,2025-02-14 16:00:00+00:00,1739548800000,0.0001
2025-02-15 00:00:00+00:00,2025-02-15 00:00:00+00:00,1739577600000,0.0001
2025-02-15 04:00:00+00:00,2025-02-15 00:00:00+00:00,1739577600000,0.0001
2025-02-15 08:00:00+00:00,2025-02-15 08:00:00+00:00,1739606400000,2.89e-06
2025-02-15 12:00:00+00:00,2025-02-15 08:00:00+00:00,1739606400000,2.89e-06
2025-02-15 16:00:00+00:00,2025-02-15 16:00:00+00:00,1739635200000,-3.632e-05
2025-02-15 20:00:00+00:00,2025-02-15 16:00:00+00:00,1739635200000,-3.632e-05
2025-02-16 00:00:00+00:00,2025-02-16 00:00:00+00:00,1739664000000,-6e-07
2025-02-16 04:00:00+00:00,2025-02-16 00:00:00+00:00,1739664000000,-6e-07
2025-02-16 08:00:00+00:00,2025-02-16 08:00:00+00:00,1739692800000,5.381e-05
2025-02-16 12:00:00+00:00,2025-02-16 08:00:00+00:00,1739692800000,5.381e-05
2025-02-16 16:00:00+00:00,2025-02-16 16:00:00+00:00,1739721600000,-1.957e-05
2025-02-16 20:00:00+00:00,2025-02-16 16:00:00+00:00,1739721600000,-1.957e-05
2025-02-17 00:00:00+00:00,2025-02-17 00:00:00+00:00,1739750400000,-0.00010578
2025-02-17 04:00:00+00:00,2025-02-17 00:00:00+00:00,1739750400000,-0.00010578
2025-02-17 08:00:00+00:00,2025-02-17 08:00:00+00:00,1739779200000,-0.00014458
2025-02-17 12:00:00+00:00,2025-02-17 08:00:00+00:00,1739779200000,-0.00014458
2025-02-17 16:00:00+00:00,2025-02-17 16:00:00+00:00,1739808000000,9.248e-05
2025-02-17 20:00:00+00:00,2025-02-17 16:00:00+00:00,1739808000000,9.248e-05
2025-02-18 00:00:00+00:00,2025-02-18 00:00:00+00:00,1739836800000,-4.79e-06
2025-02-18 04:00:00+00:00,2025-02-18 00:00:00+00:00,1739836800000,-4.79e-06
2025-02-18 08:00:00+00:00,2025-02-18 08:00:00+00:00,1739865600000,8.735e-05
2025-02-18 12:00:00+00:00,2025-02-18 08:00:00+00:00,1739865600000,8.735e-05
2025-02-18 16:00:00+00:00,2025-02-18 16:00:00+00:00,1739894400000,0.0001
2025-02-18 20:00:00+00:00,2025-02-18 16:00:00+00:00,1739894400000,0.0001
2025-02-19 00:00:00+00:00,2025-02-19 00:00:00+00:00,1739923200000,9.815e-05
2025-02-19 04:00:00+00:00,2025-02-19 00:00:00+00:00,1739923200000,9.815e-05
2025-02-19 08:00:00+00:00,2025-02-19 08:00:00+00:00,1739952000000,3.623e-05
2025-02-19 12:00:00+00:00,2025-02-19 08:00:00+00:00,1739952000000,3.623e-05
2025-02-19 16:00:00+00:00,2025-02-19 16:00:00+00:00,1739980800000,6.654e-05
2025-02-19 20:00:00+00:00,2025-02-19 16:00:00+00:00,1739980800000,6.654e-05
2025-02-20 00:00:00+00:00,2025-02-20 00:00:00+00:00,1740009600000,5.426e-05
2025-02-20 04:00:00+00:00,2025-02-20 00:00:00+00:00,1740009600000,5.426e-05
2025-02-20 08:00:00+00:00,2025-02-20 08:00:00+00:00,1740038400000,9.255e-05
2025-02-20 12:00:00+00:00,2025-02-20 08:00:00+00:00,1740038400000,9.255e-05
2025-02-20 16:00:00+00:00,2025-02-20 16:00:00+00:00,1740067200000,-2.349e-05
2025-02-20 20:00:00+00:00,2025-02-20 16:00:00+00:00,1740067200000,-2.349e-05
2025-02-21 00:00:00+00:00,2025-02-21 00:00:00+00:00,1740096000000,6.42e-05
2025-02-21 04:00:00+00:00,2025-02-21 00:00:00+00:00,1740096000000,6.42e-05
2025-02-21 08:00:00+00:00,2025-02-21 08:00:00+00:00,1740124800000,0.0001
2025-02-21 12:00:00+00:00,2025-02-21 08:00:00+00:00,1740124800000,0.0001
2025-02-21 16:00:00+00:00,2025-02-21 16:00:00+00:00,1740153600000,-9.26e-06
2025-02-21 20:00:00+00:00,2025-02-21 16:00:00+00:00,1740153600000,-9.26e-06
2025-02-22 00:00:00+00:00,2025-02-22 00:00:00+00:00,1740182400000,0.00138731
2025-02-22 04:00:00+00:00,2025-02-22 00:00:00+00:00,1740182400000,0.00138731
2025-02-22 08:00:00+00:00,2025-02-22 08:00:00+00:00,1740211200000,0.0005474
2025-02-22 12:00:00+00:00,2025-02-22 08:00:00+00:00,1740211200000,0.0005474
2025-02-22 16:00:00+00:00,2025-02-22 16:00:00+00:00,1740240000000,0.0001
2025-02-22 20:00:00+00:00,2025-02-22 16:00:00+00:00,1740240000000,0.0001
2025-02-23 00:00:00+00:00,2025-02-23 00:00:00+00:00,1740268800000,0.0001
2025-02-23 04:00:00+00:00,2025-02-23 00:00:00+00:00,1740268800000,0.0001
2025-02-23 08:00:00+00:00,2025-02-23 08:00:00+00:00,1740297600000,0.0001
2025-02-23 12:00:00+00:00,2025-02-23 08:00:00+00:00,1740297600000,0.0001
2025-02-23 16:00:00+00:00,2025-02-23 16:00:00+00:00,1740326400000,-1.48e-06
2025-02-23 20:00:00+00:00,2025-02-23 16:00:00+00:00,1740326400000,-1.48e-06
2025-02-24 00:00:00+00:00,2025-02-24 00:00:00+00:00,1740355200000,0.0001
2025-02-24 04:00:00+00:00,2025-02-24 00:00:00+00:00,1740355200000,0.0001
2025-02-24 08:00:00+00:00,2025-02-24 08:00:00+00:00,1740384000000,0.0001
2025-02-24 12:00:00+00:00,2025-02-24 08:00:00+00:00,1740384000000,0.0001
2025-02-24 16:00:00+00:00,2025-02-24 16:00:00+00:00,1740412800000,0.0001
2025-02-24 20:00:00+00:00,2025-02-24 16:00:00+00:00,1740412800000,0.0001
2025-02-25 00:00:00+00:00,2025-02-25 00:00:00+00:00,1740441600000,0.0001
2025-02-25 04:00:00+00:00,2025-02-25 00:00:00+00:00,1740441600000,0.0001
2025-02-25 08:00:00+00:00,2025-02-25 08:00:00+00:00,1740470400000,0.0001
2025-02-25 12:00:00+00:00,2025-02-25 08:00:00+00:00,1740470400000,0.0001
2025-02-25 16:00:00+00:00,2025-02-25 16:00:00+00:00,1740499200000,0.0001
2025-02-25 20:00:00+00:00,2025-02-25 16:00:00+00:00,1740499200000,0.0001
2025-02-26 00:00:00+00:00,2025-02-26 00:00:00+00:00,1740528000000,0.0001
2025-02-26 04:00:00+00:00,2025-02-26 00:00:00+00:00,1740528000000,0.0001
2025-02-26 08:00:00+00:00,2025-02-26 08:00:00+00:00,1740556800000,0.0001
2025-02-26 12:00:00+00:00,2025-02-26 08:00:00+00:00,1740556800000,0.0001
2025-02-26 16:00:00+00:00,2025-02-26 16:00:00+00:00,1740585600000,0.0001
2025-02-26 20:00:00+00:00,2025-02-26 16:00:00+00:00,1740585600000,0.0001
2025-02-27 00:00:00+00:00,2025-02-27 00:00:00+00:00,1740614400000,0.0001
2025-02-27 04:00:00+00:00,2025-02-27 00:00:00+00:00,1740614400000,0.0001
2025-02-27 08:00:00+00:00,2025-02-27 08:00:00+00:00,1740643200000,0.0001
2025-02-27 12:00:00+00:00,2025-02-27 08:00:00+00:00,1740643200000,0.0001
2025-02-27 16:00:00+00:00,2025-02-27 16:00:00+00:00,1740672000000,0.0001
2025-02-27 20:00:00+00:00,2025-02-27 16:00:00+00:00,1740672000000,0.0001
2025-02-28 00:00:00+00:00,2025-02-28 00:00:00+00:00,1740700800000,0.0001
2025-02-28 04:00:00+00:00,2025-02-28 00:00:00+00:00,1740700800000,0.0001
2025-02-28 08:00:00+00:00,2025-02-28 08:00:00+00:00,1740729600000,0.0001
2025-02-28 12:00:00+00:00,2025-02-28 08:00:00+00:00,1740729600000,0.0001
2025-02-28 16:00:00+00:00,2025-02-28 16:00:00+00:00,1740758400000,6.556e-05
2025-02-28 20:00:00+00:00,2025-02-28 16:00:00+00:00,1740758400000,6.556e-05
2025-03-01 00:00:00+00:00,2025-03-01 00:00:00+00:00,1740787200000,0.0001
2025-03-01 04:00:00+00:00,2025-03-01 00:00:00+00:00,1740787200000,0.0001
2025-03-01 08:00:00+00:00,2025-03-01 08:00:00+00:00,1740816000000,0.0001
2025-03-01 12:00:00+00:00,2025-03-01 08:00:00+00:00,1740816000000,0.0001
2025-03-01 16:00:00+00:00,2025-03-01 16:00:00+00:00,1740844800000,0.0001
2025-03-01 20:00:00+00:00,2025-03-01 16:00:00+00:00,1740844800000,0.0001
2025-03-02 00:00:00+00:00,2025-03-02 00:00:00+00:00,1740873600000,0.0001
2025-03-02 04:00:00+00:00,2025-03-02 00:00:00+00:00,1740873600000,0.0001
2025-03-02 08:00:00+00:00,2025-03-02 08:00:00+00:00,1740902400000,0.0001
2025-03-02 12:00:00+00:00,2025-03-02 08:00:00+00:00,1740902400000,0.0001
2025-03-02 16:00:00+00:00,2025-03-02 16:00:00+00:00,1740931200000,0.0001
2025-03-02 20:00:00+00:00,2025-03-02 16:00:00+00:00,1740931200000,0.0001
2025-03-03 00:00:00+00:00,2025-03-03 00:00:00+00:00,1740960000000,0.0001
2025-03-03 04:00:00+00:00,2025-03-03 00:00:00+00:00,1740960000000,0.0001
2025-03-03 08:00:00+00:00,2025-03-03 08:00:00+00:00,1740988800000,0.0001
2025-03-03 12:00:00+00:00,2025-03-03 08:00:00+00:00,1740988800000,0.0001
2025-03-03 16:00:00+00:00,2025-03-03 16:00:00+00:00,1741017600000,0.0001
2025-03-03 20:00:00+00:00,2025-03-03 16:00:00+00:00,1741017600000,0.0001
2025-03-04 00:00:00+00:00,2025-03-04 00:00:00+00:00,1741046400000,-0.00018117
2025-03-04 04:00:00+00:00,2025-03-04 00:00:00+00:00,1741046400000,-0.00018117
2025-03-04 08:00:00+00:00,2025-03-04 08:00:00+00:00,1741075200000,-4.758e-05
2025-03-04 12:00:00+00:00,2025-03-04 08:00:00+00:00,1741075200000,-4.758e-05
2025-03-04 16:00:00+00:00,2025-03-04 16:00:00+00:00,1741104000000,-1.149e-05
2025-03-04 20:00:00+00:00,2025-03-04 16:00:00+00:00,1741104000000,-1.149e-05
2025-03-05 00:00:00+00:00,2025-03-05 00:00:00+00:00,1741132800000,-9.223e-05
2025-03-05 04:00:00+00:00,2025-03-05 00:00:00+00:00,1741132800000,-9.223e-05
2025-03-05 08:00:00+00:00,2025-03-05 08:00:00+00:00,1741161600000,2.85e-05
2025-03-05 12:00:00+00:00,2025-03-05 08:00:00+00:00,1741161600000,2.85e-05
2025-03-05 16:00:00+00:00,2025-03-05 16:00:00+00:00,1741190400000,1.433e-05
2025-03-05 20:00:00+00:00,2025-03-05 16:00:00+00:00,1741190400000,1.433e-05
2025-03-06 00:00:00+00:00,2025-03-06 00:00:00+00:00,1741219200000,-9.109e-05
2025-03-06 04:00:00+00:00,2025-03-06 00:00:00+00:00,1741219200000,-9.109e-05
2025-03-06 08:00:00+00:00,2025-03-06 08:00:00+00:00,1741248000000,-1.6e-07
2025-03-06 12:00:00+00:00,2025-03-06 08:00:00+00:00,1741248000000,-1.6e-07
2025-03-06 16:00:00+00:00,2025-03-06 16:00:00+00:00,1741276800000,-3.982e-05
2025-03-06 20:00:00+00:00,2025-03-06 16:00:00+00:00,1741276800000,-3.982e-05
2025-03-07 00:00:00+00:00,2025-03-07 00:00:00+00:00,1741305600000,-0.00010679
2025-03-07 04:00:00+00:00,2025-03-07 00:00:00+00:00,1741305600000,-0.00010679
2025-03-07 08:00:00+00:00,2025-03-07 08:00:00+00:00,1741334400000,-0.00015476
2025-03-07 12:00:00+00:00,2025-03-07 08:00:00+00:00,1741334400000,-0.00015476
2025-03-07 16:00:00+00:00,2025-03-07 16:00:00+00:00,1741363200000,2.059e-05
2025-03-07 20:00:00+00:00,2025-03-07 16:00:00+00:00,1741363200000,2.059e-05
2025-03-08 00:00:00+00:00,2025-03-08 00:00:00+00:00,1741392000000,8.641e-05
2025-03-08 04:00:00+00:00,2025-03-08 00:00:00+00:00,1741392000000,8.641e-05
2025-03-08 08:00:00+00:00,2025-03-08 08:00:00+00:00,1741420800000,-6.801e-05
2025-03-08 12:00:00+00:00,2025-03-08 08:00:00+00:00,1741420800000,-6.801e-05
2025-03-08 16:00:00+00:00,2025-03-08 16:00:00+00:00,1741449600000,-5.362e-05
2025-03-08 20:00:00+00:00,2025-03-08 16:00:00+00:00,1741449600000,-5.362e-05
2025-03-09 00:00:00+00:00,2025-03-09 00:00:00+00:00,1741478400000,1.066e-05
2025-03-09 04:00:00+00:00,2025-03-09 00:00:00+00:00,1741478400000,1.066e-05
2025-03-09 08:00:00+00:00,2025-03-09 08:00:00+00:00,1741507200000,0.0001
2025-03-09 12:00:00+00:00,2025-03-09 08:00:00+00:00,1741507200000,0.0001
2025-03-09 16:00:00+00:00,2025-03-09 16:00:00+00:00,1741536000000,0.0001
2025-03-09 20:00:00+00:00,2025-03-09 16:00:00+00:00,1741536000000,0.0001
2025-03-10 00:00:00+00:00,2025-03-10 00:00:00+00:00,1741564800000,4.159e-05
2025-03-10 04:00:00+00:00,2025-03-10 00:00:00+00:00,1741564800000,4.159e-05
2025-03-10 08:00:00+00:00,2025-03-10 08:00:00+00:00,1741593600000,2.941e-05
2025-03-10 12:00:00+00:00,2025-03-10 08:00:00+00:00,1741593600000,2.941e-05
2025-03-10 16:00:00+00:00,2025-03-10 16:00:00+00:00,1741622400000,-8.248e-05
2025-03-10 20:00:00+00:00,2025-03-10 16:00:00+00:00,1741622400000,-8.248e-05
2025-03-11 00:00:00+00:00,2025-03-11 00:00:00+00:00,1741651200000,0.0001
2025-03-11 04:00:00+00:00,2025-03-11 00:00:00+00:00,1741651200000,0.0001
2025-03-11 08:00:00+00:00,2025-03-11 08:00:00+00:00,1741680000000,0.0001
2025-03-11 12:00:00+00:00,2025-03-11 08:00:00+00:00,1741680000000,0.0001
2025-03-11 16:00:00+00:00,2025-03-11 16:00:00+00:00,1741708800000,3.875e-05
2025-03-11 20:00:00+00:00,2025-03-11 16:00:00+00:00,1741708800000,3.875e-05
2025-03-12 00:00:00+00:00,2025-03-12 00:00:00+00:00,1741737600000,-1.344e-05
2025-03-12 04:00:00+00:00,2025-03-12 00:00:00+00:00,1741737600000,-1.344e-05
2025-03-12 08:00:00+00:00,2025-03-12 08:00:00+00:00,1741766400000,-0.00013718
2025-03-12 12:00:00+00:00,2025-03-12 08:00:00+00:00,1741766400000,-0.00013718
2025-03-12 16:00:00+00:00,2025-03-12 16:00:00+00:00,1741795200000,-7.912e-05
2025-03-12 20:00:00+00:00,2025-03-12 16:00:00+00:00,1741795200000,-7.912e-05
2025-03-13 00:00:00+00:00,2025-03-13 00:00:00+00:00,1741824000000,-2.225e-05
2025-03-13 04:00:00+00:00,2025-03-13 00:00:00+00:00,1741824000000,-2.225e-05
2025-03-13 08:00:00+00:00,2025-03-13 08:00:00+00:00,1741852800000,-8.943e-05
2025-03-13 12:00:00+00:00,2025-03-13 08:00:00+00:00,1741852800000,-8.943e-05
2025-03-13 16:00:00+00:00,2025-03-13 16:00:00+00:00,1741881600000,-0.00010418
2025-03-13 20:00:00+00:00,2025-03-13 16:00:00+00:00,1741881600000,-0.00010418
2025-03-14 00:00:00+00:00,2025-03-14 00:00:00+00:00,1741910400000,-4.876e-05
2025-03-14 04:00:00+00:00,2025-03-14 00:00:00+00:00,1741910400000,-4.876e-05
2025-03-14 08:00:00+00:00,2025-03-14 08:00:00+00:00,1741939200000,0.0001
2025-03-14 12:00:00+00:00,2025-03-14 08:00:00+00:00,1741939200000,0.0001
2025-03-14 16:00:00+00:00,2025-03-14 16:00:00+00:00,1741968000000,0.0001
2025-03-14 20:00:00+00:00,2025-03-14 16:00:00+00:00,1741968000000,0.0001
2025-03-15 00:00:00+00:00,2025-03-15 00:00:00+00:00,1741996800000,5.615e-05
2025-03-15 04:00:00+00:00,2025-03-15 00:00:00+00:00,1741996800000,5.615e-05
2025-03-15 08:00:00+00:00,2025-03-15 08:00:00+00:00,1742025600000,0.0001
2025-03-15 12:00:00+00:00,2025-03-15 08:00:00+00:00,1742025600000,0.0001
2025-03-15 16:00:00+00:00,2025-03-15 16:00:00+00:00,1742054400000,6.575e-05
2025-03-15 20:00:00+00:00,2025-03-15 16:00:00+00:00,1742054400000,6.575e-05
2025-03-16 00:00:00+00:00,2025-03-16 00:00:00+00:00,1742083200000,3.727e-05
2025-03-16 04:00:00+00:00,2025-03-16 00:00:00+00:00,1742083200000,3.727e-05
2025-03-16 08:00:00+00:00,2025-03-16 08:00:00+00:00,1742112000000,-5.496e-05
2025-03-16 12:00:00+00:00,2025-03-16 08:00:00+00:00,1742112000000,-5.496e-05
2025-03-16 16:00:00+00:00,2025-03-16 16:00:00+00:00,1742140800000,-0.00014027
2025-03-16 20:00:00+00:00,2025-03-16 16:00:00+00:00,1742140800000,-0.00014027
2025-03-17 00:00:00+00:00,2025-03-17 00:00:00+00:00,1742169600000,-0.00010351
2025-03-17 04:00:00+00:00,2025-03-17 00:00:00+00:00,1742169600000,-0.00010351
2025-03-17 08:00:00+00:00,2025-03-17 08:00:00+00:00,1742198400000,-9.402e-05
2025-03-17 12:00:00+00:00,2025-03-17 08:00:00+00:00,1742198400000,-9.402e-05
2025-03-17 16:00:00+00:00,2025-03-17 16:00:00+00:00,1742227200000,-0.00010945
2025-03-17 20:00:00+00:00,2025-03-17 16:00:00+00:00,1742227200000,-0.00010945
2025-03-18 00:00:00+00:00,2025-03-18 00:00:00+00:00,1742256000000,-0.00011022
2025-03-18 04:00:00+00:00,2025-03-18 00:00:00+00:00,1742256000000,-0.00011022
2025-03-18 08:00:00+00:00,2025-03-18 08:00:00+00:00,1742284800000,-0.00014692
2025-03-18 12:00:00+00:00,2025-03-18 08:00:00+00:00,1742284800000,-0.00014692
2025-03-18 16:00:00+00:00,2025-03-18 16:00:00+00:00,1742313600000,-3.472e-05
2025-03-18 20:00:00+00:00,2025-03-18 16:00:00+00:00,1742313600000,-3.472e-05
2025-03-19 00:00:00+00:00,2025-03-19 00:00:00+00:00,1742342400000,3.638e-05
2025-03-19 04:00:00+00:00,2025-03-19 00:00:00+00:00,1742342400000,3.638e-05
2025-03-19 08:00:00+00:00,2025-03-19 08:00:00+00:00,1742371200000,0.0001
2025-03-19 12:00:00+00:00,2025-03-19 08:00:00+00:00,1742371200000,0.0001
2025-03-19 16:00:00+00:00,2025-03-19 16:00:00+00:00,1742400000000,9.123e-05
2025-03-19 20:00:00+00:00,2025-03-19 16:00:00+00:00,1742400000000,9.123e-05
2025-03-20 00:00:00+00:00,2025-03-20 00:00:00+00:00,1742428800000,0.0001
2025-03-20 04:00:00+00:00,2025-03-20 00:00:00+00:00,1742428800000,0.0001
2025-03-20 08:00:00+00:00,2025-03-20 08:00:00+00:00,1742457600000,6.484e-05
2025-03-20 12:00:00+00:00,2025-03-20 08:00:00+00:00,1742457600000,6.484e-05
2025-03-20 16:00:00+00:00,2025-03-20 16:00:00+00:00,1742486400000,-9.838e-05
2025-03-20 20:00:00+00:00,2025-03-20 16:00:00+00:00,1742486400000,-9.838e-05
2025-03-21 00:00:00+00:00,2025-03-21 00:00:00+00:00,1742515200000,-7.222e-05
2025-03-21 04:00:00+00:00,2025-03-21 00:00:00+00:00,1742515200000,-7.222e-05
2025-03-21 08:00:00+00:00,2025-03-21 08:00:00+00:00,1742544000000,1.599e-05
2025-03-21 12:00:00+00:00,2025-03-21 08:00:00+00:00,1742544000000,1.599e-05
2025-03-21 16:00:00+00:00,2025-03-21 16:00:00+00:00,1742572800000,-6.229e-05
2025-03-21 20:00:00+00:00,2025-03-21 16:00:00+00:00,1742572800000,-6.229e-05
2025-03-22 00:00:00+00:00,2025-03-22 00:00:00+00:00,1742601600000,6.936e-05
2025-03-22 04:00:00+00:00,2025-03-22 00:00:00+00:00,1742601600000,6.936e-05
2025-03-22 08:00:00+00:00,2025-03-22 08:00:00+00:00,1742630400000,5.237e-05
2025-03-22 12:00:00+00:00,2025-03-22 08:00:00+00:00,1742630400000,5.237e-05
2025-03-22 16:00:00+00:00,2025-03-22 16:00:00+00:00,1742659200000,5.877e-05
2025-03-22 20:00:00+00:00,2025-03-22 16:00:00+00:00,1742659200000,5.877e-05
2025-03-23 00:00:00+00:00,2025-03-23 00:00:00+00:00,1742688000000,2.968e-05
2025-03-23 04:00:00+00:00,2025-03-23 00:00:00+00:00,1742688000000,2.968e-05
2025-03-23 08:00:00+00:00,2025-03-23 08:00:00+00:00,1742716800000,0.0001
2025-03-23 12:00:00+00:00,2025-03-23 08:00:00+00:00,1742716800000,0.0001
2025-03-23 16:00:00+00:00,2025-03-23 16:00:00+00:00,1742745600000,0.0001
2025-03-23 20:00:00+00:00,2025-03-23 16:00:00+00:00,1742745600000,0.0001
2025-03-24 00:00:00+00:00,2025-03-24 00:00:00+00:00,1742774400000,-3.441e-05
2025-03-24 04:00:00+00:00,2025-03-24 00:00:00+00:00,1742774400000,-3.441e-05
2025-03-24 08:00:00+00:00,2025-03-24 08:00:00+00:00,1742803200000,7.537e-05
2025-03-24 12:00:00+00:00,2025-03-24 08:00:00+00:00,1742803200000,7.537e-05
2025-03-24 16:00:00+00:00,2025-03-24 16:00:00+00:00,1742832000000,0.0001
2025-03-24 20:00:00+00:00,2025-03-24 16:00:00+00:00,1742832000000,0.0001
2025-03-25 00:00:00+00:00,2025-03-25 00:00:00+00:00,1742860800000,9.645e-05
2025-03-25 04:00:00+00:00,2025-03-25 00:00:00+00:00,1742860800000,9.645e-05
2025-03-25 08:00:00+00:00,2025-03-25 08:00:00+00:00,1742889600000,0.0001
2025-03-25 12:00:00+00:00,2025-03-25 08:00:00+00:00,1742889600000,0.0001
2025-03-25 16:00:00+00:00,2025-03-25 16:00:00+00:00,1742918400000,-3.201e-05
2025-03-25 20:00:00+00:00,2025-03-25 16:00:00+00:00,1742918400000,-3.201e-05
2025-03-26 00:00:00+00:00,2025-03-26 00:00:00+00:00,1742947200000,2.756e-05
2025-03-26 04:00:00+00:00,2025-03-26 00:00:00+00:00,1742947200000,2.756e-05
2025-03-26 08:00:00+00:00,2025-03-26 08:00:00+00:00,1742976000000,9.665e-05
2025-03-26 12:00:00+00:00,2025-03-26 08:00:00+00:00,1742976000000,9.665e-05
2025-03-26 16:00:00+00:00,2025-03-26 16:00:00+00:00,1743004800000,-9.245e-05
2025-03-26 20:00:00+00:00,2025-03-26 16:00:00+00:00,1743004800000,-9.245e-05
2025-03-27 00:00:00+00:00,2025-03-27 00:00:00+00:00,1743033600000,5.497e-05
2025-03-27 04:00:00+00:00,2025-03-27 00:00:00+00:00,1743033600000,5.497e-05
2025-03-27 08:00:00+00:00,2025-03-27 08:00:00+00:00,1743062400000,0.0001
2025-03-27 12:00:00+00:00,2025-03-27 08:00:00+00:00,1743062400000,0.0001
2025-03-27 16:00:00+00:00,2025-03-27 16:00:00+00:00,1743091200000,4.19e-06
2025-03-27 20:00:00+00:00,2025-03-27 16:00:00+00:00,1743091200000,4.19e-06
2025-03-28 00:00:00+00:00,2025-03-28 00:00:00+00:00,1743120000000,4.191e-05
2025-03-28 04:00:00+00:00,2025-03-28 00:00:00+00:00,1743120000000,4.191e-05
2025-03-28 08:00:00+00:00,2025-03-28 08:00:00+00:00,1743148800000,-5.011e-05
2025-03-28 12:00:00+00:00,2025-03-28 08:00:00+00:00,1743148800000,-5.011e-05
2025-03-28 16:00:00+00:00,2025-03-28 16:00:00+00:00,1743177600000,-8.911e-05
2025-03-28 20:00:00+00:00,2025-03-28 16:00:00+00:00,1743177600000,-8.911e-05
2025-03-29 00:00:00+00:00,2025-03-29 00:00:00+00:00,1743206400000,-8.916e-05
2025-03-29 04:00:00+00:00,2025-03-29 00:00:00+00:00,1743206400000,-8.916e-05
2025-03-29 08:00:00+00:00,2025-03-29 08:00:00+00:00,1743235200000,-1.878e-05
2025-03-29 12:00:00+00:00,2025-03-29 08:00:00+00:00,1743235200000,-1.878e-05
2025-03-29 16:00:00+00:00,2025-03-29 16:00:00+00:00,1743264000000,-5.72e-05
2025-03-29 20:00:00+00:00,2025-03-29 16:00:00+00:00,1743264000000,-5.72e-05
2025-03-30 00:00:00+00:00,2025-03-30 00:00:00+00:00,1743292800000,-0.00012372
2025-03-30 04:00:00+00:00,2025-03-30 00:00:00+00:00,1743292800000,-0.00012372
2025-03-30 08:00:00+00:00,2025-03-30 08:00:00+00:00,1743321600000,-0.00021915
2025-03-30 12:00:00+00:00,2025-03-30 08:00:00+00:00,1743321600000,-0.00021915
2025-03-30 16:00:00+00:00,2025-03-30 16:00:00+00:00,1743350400000,-9.026e-05
2025-03-30 20:00:00+00:00,2025-03-30 16:00:00+00:00,1743350400000,-9.026e-05
2025-03-31 00:00:00+00:00,2025-03-31 00:00:00+00:00,1743379200000,-0.00011316
2025-03-31 04:00:00+00:00,2025-03-31 00:00:00+00:00,1743379200000,-0.00011316
2025-03-31 08:00:00+00:00,2025-03-31 08:00:00+00:00,1743408000000,6.768e-05
2025-03-31 12:00:00+00:00,2025-03-31 08:00:00+00:00,1743408000000,6.768e-05
2025-03-31 16:00:00+00:00,2025-03-31 16:00:00+00:00,1743436800000,-2.321e-05
2025-03-31 20:00:00+00:00,2025-03-31 16:00:00+00:00,1743436800000,-2.321e-05
2025-04-01 00:00:00+00:00,2025-04-01 00:00:00+00:00,1743465600000,-0.00017641
2025-04-01 04:00:00+00:00,2025-04-01 00:00:00+00:00,1743465600000,-0.00017641
2025-04-01 08:00:00+00:00,2025-04-01 08:00:00+00:00,1743494400000,-3.997e-05
2025-04-01 12:00:00+00:00,2025-04-01 08:00:00+00:00,1743494400000,-3.997e-05
2025-04-01 16:00:00+00:00,2025-04-01 16:00:00+00:00,1743523200000,-2.89e-06
2025-04-01 20:00:00+00:00,2025-04-01 16:00:00+00:00,1743523200000,-2.89e-06
2025-04-02 00:00:00+00:00,2025-04-02 00:00:00+00:00,1743552000000,-5.355e-05
2025-04-02 04:00:00+00:00,2025-04-02 00:00:00+00:00,1743552000000,-5.355e-05
2025-04-02 08:00:00+00:00,2025-04-02 08:00:00+00:00,1743580800000,-9.757e-05
2025-04-02 12:00:00+00:00,2025-04-02 08:00:00+00:00,1743580800000,-9.757e-05
2025-04-02 16:00:00+00:00,2025-04-02 16:00:00+00:00,1743609600000,0.0001
2025-04-02 20:00:00+00:00,2025-04-02 16:00:00+00:00,1743609600000,0.0001
2025-04-03 00:00:00+00:00,2025-04-03 00:00:00+00:00,1743638400000,-0.00012755
2025-04-03 04:00:00+00:00,2025-04-03 00:00:00+00:00,1743638400000,-0.00012755
2025-04-03 08:00:00+00:00,2025-04-03 08:00:00+00:00,1743667200000,-7.12e-05
2025-04-03 12:00:00+00:00,2025-04-03 08:00:00+00:00,1743667200000,-7.12e-05
2025-04-03 16:00:00+00:00,2025-04-03 16:00:00+00:00,1743696000000,-0.00014136
2025-04-03 20:00:00+00:00,2025-04-03 16:00:00+00:00,1743696000000,-0.00014136
2025-04-04 00:00:00+00:00,2025-04-04 00:00:00+00:00,1743724800000,-0.00031172
2025-04-04 04:00:00+00:00,2025-04-04 00:00:00+00:00,1743724800000,-0.00031172
2025-04-04 08:00:00+00:00,2025-04-04 08:00:00+00:00,1743753600000,-3.59e-06
2025-04-04 12:00:00+00:00,2025-04-04 08:00:00+00:00,1743753600000,-3.59e-06
2025-04-04 16:00:00+00:00,2025-04-04 16:00:00+00:00,1743782400000,-2.1e-05
2025-04-04 20:00:00+00:00,2025-04-04 16:00:00+00:00,1743782400000,-2.1e-05
2025-04-05 00:00:00+00:00,2025-04-05 00:00:00+00:00,1743811200000,0.0001
2025-04-05 04:00:00+00:00,2025-04-05 00:00:00+00:00,1743811200000,0.0001
2025-04-05 08:00:00+00:00,2025-04-05 08:00:00+00:00,1743840000000,6.626e-05
2025-04-05 12:00:00+00:00,2025-04-05 08:00:00+00:00,1743840000000,6.626e-05
2025-04-05 16:00:00+00:00,2025-04-05 16:00:00+00:00,1743868800000,8.538e-05
2025-04-05 20:00:00+00:00,2025-04-05 16:00:00+00:00,1743868800000,8.538e-05
2025-04-06 00:00:00+00:00,2025-04-06 00:00:00+00:00,1743897600000,0.0001
2025-04-06 04:00:00+00:00,2025-04-06 00:00:00+00:00,1743897600000,0.0001
2025-04-06 08:00:00+00:00,2025-04-06 08:00:00+00:00,1743926400000,5.66e-05
2025-04-06 12:00:00+00:00,2025-04-06 08:00:00+00:00,1743926400000,5.66e-05
2025-04-06 16:00:00+00:00,2025-04-06 16:00:00+00:00,1743955200000,3.536e-05
2025-04-06 20:00:00+00:00,2025-04-06 16:00:00+00:00,1743955200000,3.536e-05
2025-04-07 00:00:00+00:00,2025-04-07 00:00:00+00:00,1743984000000,-7.04e-06
2025-04-07 04:00:00+00:00,2025-04-07 00:00:00+00:00,1743984000000,-7.04e-06
2025-04-07 08:00:00+00:00,2025-04-07 08:00:00+00:00,1744012800000,-3.211e-05
2025-04-07 12:00:00+00:00,2025-04-07 08:00:00+00:00,1744012800000,-3.211e-05
2025-04-07 16:00:00+00:00,2025-04-07 16:00:00+00:00,1744041600000,-4.618e-05
2025-04-07 20:00:00+00:00,2025-04-07 16:00:00+00:00,1744041600000,-4.618e-05
2025-04-08 00:00:00+00:00,2025-04-08 00:00:00+00:00,1744070400000,9.359e-05
2025-04-08 04:00:00+00:00,2025-04-08 00:00:00+00:00,1744070400000,9.359e-05
2025-04-08 08:00:00+00:00,2025-04-08 08:00:00+00:00,1744099200000,4.919e-05
2025-04-08 12:00:00+00:00,2025-04-08 08:00:00+00:00,1744099200000,4.919e-05
2025-04-08 16:00:00+00:00,2025-04-08 16:00:00+00:00,1744128000000,-0.00012469
2025-04-08 20:00:00+00:00,2025-04-08 16:00:00+00:00,1744128000000,-0.00012469
2025-04-09 00:00:00+00:00,2025-04-09 00:00:00+00:00,1744156800000,-0.00014721
2025-04-09 04:00:00+00:00,2025-04-09 00:00:00+00:00,1744156800000,-0.00014721
2025-04-09 08:00:00+00:00,2025-04-09 08:00:00+00:00,1744185600000,5.89e-05
2025-04-09 12:00:00+00:00,2025-04-09 08:00:00+00:00,1744185600000,5.89e-05
2025-04-09 16:00:00+00:00,2025-04-09 16:00:00+00:00,1744214400000,0.0001
2025-04-09 20:00:00+00:00,2025-04-09 16:00:00+00:00,1744214400000,0.0001
2025-04-10 00:00:00+00:00,2025-04-10 00:00:00+00:00,1744243200000,0.0001
2025-04-10 04:00:00+00:00,2025-04-10 00:00:00+00:00,1744243200000,0.0001
2025-04-10 08:00:00+00:00,2025-04-10 08:00:00+00:00,1744272000000,3.455e-05
2025-04-10 12:00:00+00:00,2025-04-10 08:00:00+00:00,1744272000000,3.455e-05
2025-04-10 16:00:00+00:00,2025-04-10 16:00:00+00:00,1744300800000,-3.737e-05
2025-04-10 20:00:00+00:00,2025-04-10 16:00:00+00:00,1744300800000,-3.737e-05
2025-04-11 00:00:00+00:00,2025-04-11 00:00:00+00:00,1744329600000,-7.666e-05
2025-04-11 04:00:00+00:00,2025-04-11 00:00:00+00:00,1744329600000,-7.666e-05
2025-04-11 08:00:00+00:00,2025-04-11 08:00:00+00:00,1744358400000,0.0001
2025-04-11 12:00:00+00:00,2025-04-11 08:00:00+00:00,1744358400000,0.0001
2025-04-11 16:00:00+00:00,2025-04-11 16:00:00+00:00,1744387200000,0.0001
2025-04-11 20:00:00+00:00,2025-04-11 16:00:00+00:00,1744387200000,0.0001
2025-04-12 00:00:00+00:00,2025-04-12 00:00:00+00:00,1744416000000,0.0001
2025-04-12 04:00:00+00:00,2025-04-12 00:00:00+00:00,1744416000000,0.0001
2025-04-12 08:00:00+00:00,2025-04-12 08:00:00+00:00,1744444800000,0.0001
2025-04-12 12:00:00+00:00,2025-04-12 08:00:00+00:00,1744444800000,0.0001
2025-04-12 16:00:00+00:00,2025-04-12 16:00:00+00:00,1744473600000,6.016e-05
2025-04-12 20:00:00+00:00,2025-04-12 16:00:00+00:00,1744473600000,6.016e-05
2025-04-13 00:00:00+00:00,2025-04-13 00:00:00+00:00,1744502400000,0.0001
2025-04-13 04:00:00+00:00,2025-04-13 00:00:00+00:00,1744502400000,0.0001
2025-04-13 08:00:00+00:00,2025-04-13 08:00:00+00:00,1744531200000,4.776e-05
2025-04-13 12:00:00+00:00,2025-04-13 08:00:00+00:00,1744531200000,4.776e-05
2025-04-13 16:00:00+00:00,2025-04-13 16:00:00+00:00,1744560000000,8.324e-05
2025-04-13 20:00:00+00:00,2025-04-13 16:00:00+00:00,1744560000000,8.324e-05
2025-04-14 00:00:00+00:00,2025-04-14 00:00:00+00:00,1744588800000,0.0001
2025-04-14 04:00:00+00:00,2025-04-14 00:00:00+00:00,1744588800000,0.0001
2025-04-14 08:00:00+00:00,2025-04-14 08:00:00+00:00,1744617600000,2.89e-05
2025-04-14 12:00:00+00:00,2025-04-14 08:00:00+00:00,1744617600000,2.89e-05
2025-04-14 16:00:00+00:00,2025-04-14 16:00:00+00:00,1744646400000,6.03e-05
2025-04-14 20:00:00+00:00,2025-04-14 16:00:00+00:00,1744646400000,6.03e-05
2025-04-15 00:00:00+00:00,2025-04-15 00:00:00+00:00,1744675200000,-3.074e-05
2025-04-15 04:00:00+00:00,2025-04-15 00:00:00+00:00,1744675200000,-3.074e-05
2025-04-15 08:00:00+00:00,2025-04-15 08:00:00+00:00,1744704000000,-3.575e-05
2025-04-15 12:00:00+00:00,2025-04-15 08:00:00+00:00,1744704000000,-3.575e-05
2025-04-15 16:00:00+00:00,2025-04-15 16:00:00+00:00,1744732800000,4.676e-05
2025-04-15 20:00:00+00:00,2025-04-15 16:00:00+00:00,1744732800000,4.676e-05
2025-04-16 00:00:00+00:00,2025-04-16 00:00:00+00:00,1744761600000,-0.00012399
2025-04-16 04:00:00+00:00,2025-04-16 00:00:00+00:00,1744761600000,-0.00012399
2025-04-16 08:00:00+00:00,2025-04-16 08:00:00+00:00,1744790400000,-0.00016773
2025-04-16 12:00:00+00:00,2025-04-16 08:00:00+00:00,1744790400000,-0.00016773
2025-04-16 16:00:00+00:00,2025-04-16 16:00:00+00:00,1744819200000,-5.2e-07
2025-04-16 20:00:00+00:00,2025-04-16 16:00:00+00:00,1744819200000,-5.2e-07
2025-04-17 00:00:00+00:00,2025-04-17 00:00:00+00:00,1744848000000,0.0001
2025-04-17 04:00:00+00:00,2025-04-17 00:00:00+00:00,1744848000000,0.0001
2025-04-17 08:00:00+00:00,2025-04-17 08:00:00+00:00,1744876800000,9.449e-05
2025-04-17 12:00:00+00:00,2025-04-17 08:00:00+00:00,1744876800000,9.449e-05
2025-04-17 16:00:00+00:00,2025-04-17 16:00:00+00:00,1744905600000,-1.89e-06
2025-04-17 20:00:00+00:00,2025-04-17 16:00:00+00:00,1744905600000,-1.89e-06
2025-04-18 00:00:00+00:00,2025-04-18 00:00:00+00:00,1744934400000,-2.308e-05
2025-04-18 04:00:00+00:00,2025-04-18 00:00:00+00:00,1744934400000,-2.308e-05
2025-04-18 08:00:00+00:00,2025-04-18 08:00:00+00:00,1744963200000,-0.00010547
2025-04-18 12:00:00+00:00,2025-04-18 08:00:00+00:00,1744963200000,-0.00010547
2025-04-18 16:00:00+00:00,2025-04-18 16:00:00+00:00,1744992000000,-0.00013242
2025-04-18 20:00:00+00:00,2025-04-18 16:00:00+00:00,1744992000000,-0.00013242
2025-04-19 00:00:00+00:00,2025-04-19 00:00:00+00:00,1745020800000,-4.357e-05
2025-04-19 04:00:00+00:00,2025-04-19 00:00:00+00:00,1745020800000,-4.357e-05
2025-04-19 08:00:00+00:00,2025-04-19 08:00:00+00:00,1745049600000,-9.394e-05
2025-04-19 12:00:00+00:00,2025-04-19 08:00:00+00:00,1745049600000,-9.394e-05
2025-04-19 16:00:00+00:00,2025-04-19 16:00:00+00:00,1745078400000,-0.0001129
2025-04-19 20:00:00+00:00,2025-04-19 16:00:00+00:00,1745078400000,-0.0001129
2025-04-20 00:00:00+00:00,2025-04-20 00:00:00+00:00,1745107200000,-0.00020769
2025-04-20 04:00:00+00:00,2025-04-20 00:00:00+00:00,1745107200000,-0.00020769
2025-04-20 08:00:00+00:00,2025-04-20 08:00:00+00:00,1745136000000,-0.00026263
2025-04-20 12:00:00+00:00,2025-04-20 08:00:00+00:00,1745136000000,-0.00026263
2025-04-20 16:00:00+00:00,2025-04-20 16:00:00+00:00,1745164800000,-0.00027087
2025-04-20 20:00:00+00:00,2025-04-20 16:00:00+00:00,1745164800000,-0.00027087
2025-04-21 00:00:00+00:00,2025-04-21 00:00:00+00:00,1745193600000,-0.00021783
2025-04-21 04:00:00+00:00,2025-04-21 00:00:00+00:00,1745193600000,-0.00021783
2025-04-21 08:00:00+00:00,2025-04-21 08:00:00+00:00,1745222400000,-5.129e-05
2025-04-21 12:00:00+00:00,2025-04-21 08:00:00+00:00,1745222400000,-5.129e-05
2025-04-21 16:00:00+00:00,2025-04-21 16:00:00+00:00,1745251200000,-7.23e-05
2025-04-21 20:00:00+00:00,2025-04-21 16:00:00+00:00,1745251200000,-7.23e-05
2025-04-22 00:00:00+00:00,2025-04-22 00:00:00+00:00,1745280000000,-0.00010995
2025-04-22 04:00:00+00:00,2025-04-22 00:00:00+00:00,1745280000000,-0.00010995
2025-04-22 08:00:00+00:00,2025-04-22 08:00:00+00:00,1745308800000,4.879e-05
2025-04-22 12:00:00+00:00,2025-04-22 08:00:00+00:00,1745308800000,4.879e-05
2025-04-22 16:00:00+00:00,2025-04-22 16:00:00+00:00,1745337600000,6.134e-05
2025-04-22 20:00:00+00:00,2025-04-22 16:00:00+00:00,1745337600000,6.134e-05
2025-04-23 00:00:00+00:00,2025-04-23 00:00:00+00:00,1745366400000,0.0001
2025-04-23 04:00:00+00:00,2025-04-23 00:00:00+00:00,1745366400000,0.0001
2025-04-23 08:00:00+00:00,2025-04-23 08:00:00+00:00,1745395200000,6.125e-05
2025-04-23 12:00:00+00:00,2025-04-23 08:00:00+00:00,1745395200000,6.125e-05
2025-04-23 16:00:00+00:00,2025-04-23 16:00:00+00:00,1745424000000,5.334e-05
2025-04-23 20:00:00+00:00,2025-04-23 16:00:00+00:00,1745424000000,5.334e-05
2025-04-24 00:00:00+00:00,2025-04-24 00:00:00+00:00,1745452800000,9.707e-05
2025-04-24 04:00:00+00:00,2025-04-24 00:00:00+00:00,1745452800000,9.707e-05
2025-04-24 08:00:00+00:00,2025-04-24 08:00:00+00:00,1745481600000,7.843e-05
2025-04-24 12:00:00+00:00,2025-04-24 08:00:00+00:00,1745481600000,7.843e-05
2025-04-24 16:00:00+00:00,2025-04-24 16:00:00+00:00,1745510400000,2.156e-05
2025-04-24 20:00:00+00:00,2025-04-24 16:00:00+00:00,1745510400000,2.156e-05
2025-04-25 00:00:00+00:00,2025-04-25 00:00:00+00:00,1745539200000,0.0001
2025-04-25 04:00:00+00:00,2025-04-25 00:00:00+00:00,1745539200000,0.0001
2025-04-25 08:00:00+00:00,2025-04-25 08:00:00+00:00,1745568000000,0.0001
2025-04-25 12:00:00+00:00,2025-04-25 08:00:00+00:00,1745568000000,0.0001
2025-04-25 16:00:00+00:00,2025-04-25 16:00:00+00:00,1745596800000,-7.11e-06
2025-04-25 20:00:00+00:00,2025-04-25 16:00:00+00:00,1745596800000,-7.11e-06
2025-04-26 00:00:00+00:00,2025-04-26 00:00:00+00:00,1745625600000,-0.00014543
2025-04-26 04:00:00+00:00,2025-04-26 00:00:00+00:00,1745625600000,-0.00014543
2025-04-26 08:00:00+00:00,2025-04-26 08:00:00+00:00,1745654400000,-0.00015709
2025-04-26 12:00:00+00:00,2025-04-26 08:00:00+00:00,1745654400000,-0.00015709
2025-04-26 16:00:00+00:00,2025-04-26 16:00:00+00:00,1745683200000,-0.00014758
2025-04-26 20:00:00+00:00,2025-04-26 16:00:00+00:00,1745683200000,-0.00014758
2025-04-27 00:00:00+00:00,2025-04-27 00:00:00+00:00,1745712000000,6.963e-05
2025-04-27 04:00:00+00:00,2025-04-27 00:00:00+00:00,1745712000000,6.963e-05
2025-04-27 08:00:00+00:00,2025-04-27 08:00:00+00:00,1745740800000,-2.08e-05
2025-04-27 12:00:00+00:00,2025-04-27 08:00:00+00:00,1745740800000,-2.08e-05
2025-04-27 16:00:00+00:00,2025-04-27 16:00:00+00:00,1745769600000,0.0001
2025-04-27 20:00:00+00:00,2025-04-27 16:00:00+00:00,1745769600000,0.0001
2025-04-28 00:00:00+00:00,2025-04-28 00:00:00+00:00,1745798400000,1.902e-05
2025-04-28 04:00:00+00:00,2025-04-28 00:00:00+00:00,1745798400000,1.902e-05
2025-04-28 08:00:00+00:00,2025-04-28 08:00:00+00:00,1745827200000,0.0001
2025-04-28 12:00:00+00:00,2025-04-28 08:00:00+00:00,1745827200000,0.0001
2025-04-28 16:00:00+00:00,2025-04-28 16:00:00+00:00,1745856000000,-4.85e-05
2025-04-28 20:00:00+00:00,2025-04-28 16:00:00+00:00,1745856000000,-4.85e-05
2025-04-29 00:00:00+00:00,2025-04-29 00:00:00+00:00,1745884800000,-0.00013312
2025-04-29 04:00:00+00:00,2025-04-29 00:00:00+00:00,1745884800000,-0.00013312
2025-04-29 08:00:00+00:00,2025-04-29 08:00:00+00:00,1745913600000,-2.306e-05
2025-04-29 12:00:00+00:00,2025-04-29 08:00:00+00:00,1745913600000,-2.306e-05
2025-04-29 16:00:00+00:00,2025-04-29 16:00:00+00:00,1745942400000,-3.17e-06
2025-04-29 20:00:00+00:00,2025-04-29 16:00:00+00:00,1745942400000,-3.17e-06
2025-04-30 00:00:00+00:00,2025-04-30 00:00:00+00:00,1745971200000,1.32e-05
2025-04-30 04:00:00+00:00,2025-04-30 00:00:00+00:00,1745971200000,1.32e-05
2025-04-30 08:00:00+00:00,2025-04-30 08:00:00+00:00,1746000000000,3.18e-06
2025-04-30 12:00:00+00:00,2025-04-30 08:00:00+00:00,1746000000000,3.18e-06
2025-04-30 16:00:00+00:00,2025-04-30 16:00:00+00:00,1746028800000,-6.395e-05
2025-04-30 20:00:00+00:00,2025-04-30 16:00:00+00:00,1746028800000,-6.395e-05
2025-05-01 00:00:00+00:00,2025-05-01 00:00:00+00:00,1746057600000,0.0001
2025-05-01 04:00:00+00:00,2025-05-01 00:00:00+00:00,1746057600000,0.0001
2025-05-01 08:00:00+00:00,2025-05-01 08:00:00+00:00,1746086400000,0.0001
2025-05-01 12:00:00+00:00,2025-05-01 08:00:00+00:00,1746086400000,0.0001
2025-05-01 16:00:00+00:00,2025-05-01 16:00:00+00:00,1746115200000,0.0001
2025-05-01 20:00:00+00:00,2025-05-01 16:00:00+00:00,1746115200000,0.0001
2025-05-02 00:00:00+00:00,2025-05-02 00:00:00+00:00,1746144000000,8.5e-07
2025-05-02 04:00:00+00:00,2025-05-02 00:00:00+00:00,1746144000000,8.5e-07
2025-05-02 08:00:00+00:00,2025-05-02 08:00:00+00:00,1746172800000,2.23e-05
2025-05-02 12:00:00+00:00,2025-05-02 08:00:00+00:00,1746172800000,2.23e-05
2025-05-02 16:00:00+00:00,2025-05-02 16:00:00+00:00,1746201600000,-1.73e-06
2025-05-02 20:00:00+00:00,2025-05-02 16:00:00+00:00,1746201600000,-1.73e-06
2025-05-03 00:00:00+00:00,2025-05-03 00:00:00+00:00,1746230400000,-3.75e-05
2025-05-03 04:00:00+00:00,2025-05-03 00:00:00+00:00,1746230400000,-3.75e-05
2025-05-03 08:00:00+00:00,2025-05-03 08:00:00+00:00,1746259200000,-1.988e-05
2025-05-03 12:00:00+00:00,2025-05-03 08:00:00+00:00,1746259200000,-1.988e-05
2025-05-03 16:00:00+00:00,2025-05-03 16:00:00+00:00,1746288000000,7.687e-05
2025-05-03 20:00:00+00:00,2025-05-03 16:00:00+00:00,1746288000000,7.687e-05
2025-05-04 00:00:00+00:00,2025-05-04 00:00:00+00:00,1746316800000,4.698e-05
2025-05-04 04:00:00+00:00,2025-05-04 00:00:00+00:00,1746316800000,4.698e-05
2025-05-04 08:00:00+00:00,2025-05-04 08:00:00+00:00,1746345600000,-5.74e-05
2025-05-04 12:00:00+00:00,2025-05-04 08:00:00+00:00,1746345600000,-5.74e-05
2025-05-04 16:00:00+00:00,2025-05-04 16:00:00+00:00,1746374400000,9.66e-06
2025-05-04 20:00:00+00:00,2025-05-04 16:00:00+00:00,1746374400000,9.66e-06
2025-05-05 00:00:00+00:00,2025-05-05 00:00:00+00:00,1746403200000,2.773e-05
2025-05-05 04:00:00+00:00,2025-05-05 00:00:00+00:00,1746403200000,2.773e-05
2025-05-05 08:00:00+00:00,2025-05-05 08:00:00+00:00,1746432000000,0.0001
2025-05-05 12:00:00+00:00,2025-05-05 08:00:00+00:00,1746432000000,0.0001
2025-05-05 16:00:00+00:00,2025-05-05 16:00:00+00:00,1746460800000,-2.153e-05
2025-05-05 20:00:00+00:00,2025-05-05 16:00:00+00:00,1746460800000,-2.153e-05
2025-05-06 00:00:00+00:00,2025-05-06 00:00:00+00:00,1746489600000,8.939e-05
2025-05-06 04:00:00+00:00,2025-05-06 00:00:00+00:00,1746489600000,8.939e-05
2025-05-06 08:00:00+00:00,2025-05-06 08:00:00+00:00,1746518400000,-1.695e-05
2025-05-06 12:00:00+00:00,2025-05-06 08:00:00+00:00,1746518400000,-1.695e-05
2025-05-06 16:00:00+00:00,2025-05-06 16:00:00+00:00,1746547200000,7.06e-06
2025-05-06 20:00:00+00:00,2025-05-06 16:00:00+00:00,1746547200000,7.06e-06
2025-05-07 00:00:00+00:00,2025-05-07 00:00:00+00:00,1746576000000,5.522e-05
2025-05-07 04:00:00+00:00,2025-05-07 00:00:00+00:00,1746576000000,5.522e-05
2025-05-07 08:00:00+00:00,2025-05-07 08:00:00+00:00,1746604800000,9.402e-05
2025-05-07 12:00:00+00:00,2025-05-07 08:00:00+00:00,1746604800000,9.402e-05
2025-05-07 16:00:00+00:00,2025-05-07 16:00:00+00:00,1746633600000,0.0001
2025-05-07 20:00:00+00:00,2025-05-07 16:00:00+00:00,1746633600000,0.0001
2025-05-08 00:00:00+00:00,2025-05-08 00:00:00+00:00,1746662400000,0.0001
2025-05-08 04:00:00+00:00,2025-05-08 00:00:00+00:00,1746662400000,0.0001
2025-05-08 08:00:00+00:00,2025-05-08 08:00:00+00:00,1746691200000,4.45e-05
2025-05-08 12:00:00+00:00,2025-05-08 08:00:00+00:00,1746691200000,4.45e-05
2025-05-08 16:00:00+00:00,2025-05-08 16:00:00+00:00,1746720000000,0.0001
2025-05-08 20:00:00+00:00,2025-05-08 16:00:00+00:00,1746720000000,0.0001
2025-05-09 00:00:00+00:00,2025-05-09 00:00:00+00:00,1746748800000,0.0001
2025-05-09 04:00:00+00:00,2025-05-09 00:00:00+00:00,1746748800000,0.0001
2025-05-09 08:00:00+00:00,2025-05-09 08:00:00+00:00,1746777600000,0.0001
2025-05-09 12:00:00+00:00,2025-05-09 08:00:00+00:00,1746777600000,0.0001
2025-05-09 16:00:00+00:00,2025-05-09 16:00:00+00:00,1746806400000,0.0001
2025-05-09 20:00:00+00:00,2025-05-09 16:00:00+00:00,1746806400000,0.0001
2025-05-10 00:00:00+00:00,2025-05-10 00:00:00+00:00,1746835200000,0.0001
2025-05-10 04:00:00+00:00,2025-05-10 00:00:00+00:00,1746835200000,0.0001
2025-05-10 08:00:00+00:00,2025-05-10 08:00:00+00:00,1746864000000,0.0001
2025-05-10 12:00:00+00:00,2025-05-10 08:00:00+00:00,1746864000000,0.0001
2025-05-10 16:00:00+00:00,2025-05-10 16:00:00+00:00,1746892800000,0.0001
2025-05-10 20:00:00+00:00,2025-05-10 16:00:00+00:00,1746892800000,0.0001
2025-05-11 00:00:00+00:00,2025-05-11 00:00:00+00:00,1746921600000,0.0001
2025-05-11 04:00:00+00:00,2025-05-11 00:00:00+00:00,1746921600000,0.0001
2025-05-11 08:00:00+00:00,2025-05-11 08:00:00+00:00,1746950400000,0.0001
2025-05-11 12:00:00+00:00,2025-05-11 08:00:00+00:00,1746950400000,0.0001
2025-05-11 16:00:00+00:00,2025-05-11 16:00:00+00:00,1746979200000,0.0001
2025-05-11 20:00:00+00:00,2025-05-11 16:00:00+00:00,1746979200000,0.0001
2025-05-12 00:00:00+00:00,2025-05-12 00:00:00+00:00,1747008000000,0.0001
2025-05-12 04:00:00+00:00,2025-05-12 00:00:00+00:00,1747008000000,0.0001
2025-05-12 08:00:00+00:00,2025-05-12 08:00:00+00:00,1747036800000,0.0001
2025-05-12 12:00:00+00:00,2025-05-12 08:00:00+00:00,1747036800000,0.0001
2025-05-12 16:00:00+00:00,2025-05-12 16:00:00+00:00,1747065600000,0.0001
2025-05-12 20:00:00+00:00,2025-05-12 16:00:00+00:00,1747065600000,0.0001
2025-05-13 00:00:00+00:00,2025-05-13 00:00:00+00:00,1747094400000,0.0001
2025-05-13 04:00:00+00:00,2025-05-13 00:00:00+00:00,1747094400000,0.0001
2025-05-13 08:00:00+00:00,2025-05-13 08:00:00+00:00,1747123200000,0.0001
2025-05-13 12:00:00+00:00,2025-05-13 08:00:00+00:00,1747123200000,0.0001
2025-05-13 16:00:00+00:00,2025-05-13 16:00:00+00:00,1747152000000,0.0001
2025-05-13 20:00:00+00:00,2025-05-13 16:00:00+00:00,1747152000000,0.0001
2025-05-14 00:00:00+00:00,2025-05-14 00:00:00+00:00,1747180800000,0.0001
2025-05-14 04:00:00+00:00,2025-05-14 00:00:00+00:00,1747180800000,0.0001
2025-05-14 08:00:00+00:00,2025-05-14 08:00:00+00:00,1747209600000,0.0001
2025-05-14 12:00:00+00:00,2025-05-14 08:00:00+00:00,1747209600000,0.0001
2025-05-14 16:00:00+00:00,2025-05-14 16:00:00+00:00,1747238400000,4.15e-05
2025-05-14 20:00:00+00:00,2025-05-14 16:00:00+00:00,1747238400000,4.15e-05
2025-05-15 00:00:00+00:00,2025-05-15 00:00:00+00:00,1747267200000,4.399e-05
2025-05-15 04:00:00+00:00,2025-05-15 00:00:00+00:00,1747267200000,4.399e-05
2025-05-15 08:00:00+00:00,2025-05-15 08:00:00+00:00,1747296000000,8.407e-05
2025-05-15 12:00:00+00:00,2025-05-15 08:00:00+00:00,1747296000000,8.407e-05
2025-05-15 16:00:00+00:00,2025-05-15 16:00:00+00:00,1747324800000,0.0001
2025-05-15 20:00:00+00:00,2025-05-15 16:00:00+00:00,1747324800000,0.0001
2025-05-16 00:00:00+00:00,2025-05-16 00:00:00+00:00,1747353600000,-5.32e-06
2025-05-16 04:00:00+00:00,2025-05-16 00:00:00+00:00,1747353600000,-5.32e-06
2025-05-16 08:00:00+00:00,2025-05-16 08:00:00+00:00,1747382400000,0.0001
2025-05-16 12:00:00+00:00,2025-05-16 08:00:00+00:00,1747382400000,0.0001
2025-05-16 16:00:00+00:00,2025-05-16 16:00:00+00:00,1747411200000,0.0001
2025-05-16 20:00:00+00:00,2025-05-16 16:00:00+00:00,1747411200000,0.0001
2025-05-17 00:00:00+00:00,2025-05-17 00:00:00+00:00,1747440000000,2.389e-05
2025-05-17 04:00:00+00:00,2025-05-17 00:00:00+00:00,1747440000000,2.389e-05
2025-05-17 08:00:00+00:00,2025-05-17 08:00:00+00:00,1747468800000,0.0001
2025-05-17 12:00:00+00:00,2025-05-17 08:00:00+00:00,1747468800000,0.0001
2025-05-17 16:00:00+00:00,2025-05-17 16:00:00+00:00,1747497600000,6.663e-05
2025-05-17 20:00:00+00:00,2025-05-17 16:00:00+00:00,1747497600000,6.663e-05
2025-05-18 00:00:00+00:00,2025-05-18 00:00:00+00:00,1747526400000,6.609e-05
2025-05-18 04:00:00+00:00,2025-05-18 00:00:00+00:00,1747526400000,6.609e-05
2025-05-18 08:00:00+00:00,2025-05-18 08:00:00+00:00,1747555200000,0.0001
2025-05-18 12:00:00+00:00,2025-05-18 08:00:00+00:00,1747555200000,0.0001
2025-05-18 16:00:00+00:00,2025-05-18 16:00:00+00:00,1747584000000,0.0001
2025-05-18 20:00:00+00:00,2025-05-18 16:00:00+00:00,1747584000000,0.0001
2025-05-19 00:00:00+00:00,2025-05-19 00:00:00+00:00,1747612800000,-2.546e-05
2025-05-19 04:00:00+00:00,2025-05-19 00:00:00+00:00,1747612800000,-2.546e-05
2025-05-19 08:00:00+00:00,2025-05-19 08:00:00+00:00,1747641600000,-0.00011335
2025-05-19 12:00:00+00:00,2025-05-19 08:00:00+00:00,1747641600000,-0.00011335
2025-05-19 16:00:00+00:00,2025-05-19 16:00:00+00:00,1747670400000,-5.726e-05
2025-05-19 20:00:00+00:00,2025-05-19 16:00:00+00:00,1747670400000,-5.726e-05
2025-05-20 00:00:00+00:00,2025-05-20 00:00:00+00:00,1747699200000,0.0001
2025-05-20 04:00:00+00:00,2025-05-20 00:00:00+00:00,1747699200000,0.0001
2025-05-20 08:00:00+00:00,2025-05-20 08:00:00+00:00,1747728000000,0.0001
2025-05-20 12:00:00+00:00,2025-05-20 08:00:00+00:00,1747728000000,0.0001
2025-05-20 16:00:00+00:00,2025-05-20 16:00:00+00:00,1747756800000,0.0001
2025-05-20 20:00:00+00:00,2025-05-20 16:00:00+00:00,1747756800000,0.0001
2025-05-21 00:00:00+00:00,2025-05-21 00:00:00+00:00,1747785600000,4.224e-05
2025-05-21 04:00:00+00:00,2025-05-21 00:00:00+00:00,1747785600000,4.224e-05
2025-05-21 08:00:00+00:00,2025-05-21 08:00:00+00:00,1747814400000,0.0001
2025-05-21 12:00:00+00:00,2025-05-21 08:00:00+00:00,1747814400000,0.0001
2025-05-21 16:00:00+00:00,2025-05-21 16:00:00+00:00,1747843200000,0.0001
2025-05-21 20:00:00+00:00,2025-05-21 16:00:00+00:00,1747843200000,0.0001
2025-05-22 00:00:00+00:00,2025-05-22 00:00:00+00:00,1747872000000,0.0001
2025-05-22 04:00:00+00:00,2025-05-22 00:00:00+00:00,1747872000000,0.0001
2025-05-22 08:00:00+00:00,2025-05-22 08:00:00+00:00,1747900800000,0.0001
2025-05-22 12:00:00+00:00,2025-05-22 08:00:00+00:00,1747900800000,0.0001
2025-05-22 16:00:00+00:00,2025-05-22 16:00:00+00:00,1747929600000,0.0001
2025-05-22 20:00:00+00:00,2025-05-22 16:00:00+00:00,1747929600000,0.0001
2025-05-23 00:00:00+00:00,2025-05-23 00:00:00+00:00,1747958400000,0.0001
2025-05-23 04:00:00+00:00,2025-05-23 00:00:00+00:00,1747958400000,0.0001
2025-05-23 08:00:00+00:00,2025-05-23 08:00:00+00:00,1747987200000,0.0001
2025-05-23 12:00:00+00:00,2025-05-23 08:00:00+00:00,1747987200000,0.0001
2025-05-23 16:00:00+00:00,2025-05-23 16:00:00+00:00,1748016000000,0.0001
2025-05-23 20:00:00+00:00,2025-05-23 16:00:00+00:00,1748016000000,0.0001
2025-05-24 00:00:00+00:00,2025-05-24 00:00:00+00:00,1748044800000,0.0001
2025-05-24 04:00:00+00:00,2025-05-24 00:00:00+00:00,1748044800000,0.0001
2025-05-24 08:00:00+00:00,2025-05-24 08:00:00+00:00,1748073600000,0.0001
2025-05-24 12:00:00+00:00,2025-05-24 08:00:00+00:00,1748073600000,0.0001
2025-05-24 16:00:00+00:00,2025-05-24 16:00:00+00:00,1748102400000,0.0001
2025-05-24 20:00:00+00:00,2025-05-24 16:00:00+00:00,1748102400000,0.0001
2025-05-25 00:00:00+00:00,2025-05-25 00:00:00+00:00,1748131200000,-1.925e-05
2025-05-25 04:00:00+00:00,2025-05-25 00:00:00+00:00,1748131200000,-1.925e-05
2025-05-25 08:00:00+00:00,2025-05-25 08:00:00+00:00,1748160000000,0.0001
2025-05-25 12:00:00+00:00,2025-05-25 08:00:00+00:00,1748160000000,0.0001
2025-05-25 16:00:00+00:00,2025-05-25 16:00:00+00:00,1748188800000,0.0001
2025-05-25 20:00:00+00:00,2025-05-25 16:00:00+00:00,1748188800000,0.0001
2025-05-26 00:00:00+00:00,2025-05-26 00:00:00+00:00,1748217600000,0.0001
2025-05-26 04:00:00+00:00,2025-05-26 00:00:00+00:00,1748217600000,0.0001
2025-05-26 08:00:00+00:00,2025-05-26 08:00:00+00:00,1748246400000,0.0001
2025-05-26 12:00:00+00:00,2025-05-26 08:00:00+00:00,1748246400000,0.0001
2025-05-26 16:00:00+00:00,2025-05-26 16:00:00+00:00,1748275200000,3.732e-05
2025-05-26 20:00:00+00:00,2025-05-26 16:00:00+00:00,1748275200000,3.732e-05
2025-05-27 00:00:00+00:00,2025-05-27 00:00:00+00:00,1748304000000,1.433e-05
2025-05-27 04:00:00+00:00,2025-05-27 00:00:00+00:00,1748304000000,1.433e-05
2025-05-27 08:00:00+00:00,2025-05-27 08:00:00+00:00,1748332800000,7.468e-05
2025-05-27 12:00:00+00:00,2025-05-27 08:00:00+00:00,1748332800000,7.468e-05
2025-05-27 16:00:00+00:00,2025-05-27 16:00:00+00:00,1748361600000,0.0001
2025-05-27 20:00:00+00:00,2025-05-27 16:00:00+00:00,1748361600000,0.0001
2025-05-28 00:00:00+00:00,2025-05-28 00:00:00+00:00,1748390400000,1.228e-05
2025-05-28 04:00:00+00:00,2025-05-28 00:00:00+00:00,1748390400000,1.228e-05
2025-05-28 08:00:00+00:00,2025-05-28 08:00:00+00:00,1748419200000,-7.402e-05
2025-05-28 12:00:00+00:00,2025-05-28 08:00:00+00:00,1748419200000,-7.402e-05
2025-05-28 16:00:00+00:00,2025-05-28 16:00:00+00:00,1748448000000,-2.8e-07
2025-05-28 20:00:00+00:00,2025-05-28 16:00:00+00:00,1748448000000,-2.8e-07
2025-05-29 00:00:00+00:00,2025-05-29 00:00:00+00:00,1748476800000,-1.9e-07
2025-05-29 04:00:00+00:00,2025-05-29 00:00:00+00:00,1748476800000,-1.9e-07
2025-05-29 08:00:00+00:00,2025-05-29 08:00:00+00:00,1748505600000,4.468e-05
2025-05-29 12:00:00+00:00,2025-05-29 08:00:00+00:00,1748505600000,4.468e-05
2025-05-29 16:00:00+00:00,2025-05-29 16:00:00+00:00,1748534400000,4.026e-05
2025-05-29 20:00:00+00:00,2025-05-29 16:00:00+00:00,1748534400000,4.026e-05
2025-05-30 00:00:00+00:00,2025-05-30 00:00:00+00:00,1748563200000,0.0001
2025-05-30 04:00:00+00:00,2025-05-30 00:00:00+00:00,1748563200000,0.0001
2025-05-30 08:00:00+00:00,2025-05-30 08:00:00+00:00,1748592000000,8.322e-05
2025-05-30 12:00:00+00:00,2025-05-30 08:00:00+00:00,1748592000000,8.322e-05
2025-05-30 16:00:00+00:00,2025-05-30 16:00:00+00:00,1748620800000,3.796e-05
2025-05-30 20:00:00+00:00,2025-05-30 16:00:00+00:00,1748620800000,3.796e-05
2025-05-31 00:00:00+00:00,2025-05-31 00:00:00+00:00,1748649600000,9.762e-05
2025-05-31 04:00:00+00:00,2025-05-31 00:00:00+00:00,1748649600000,9.762e-05
2025-05-31 08:00:00+00:00,2025-05-31 08:00:00+00:00,1748678400000,4.073e-05
2025-05-31 12:00:00+00:00,2025-05-31 08:00:00+00:00,1748678400000,4.073e-05
2025-05-31 16:00:00+00:00,2025-05-31 16:00:00+00:00,1748707200000,4.549e-05
2025-05-31 20:00:00+00:00,2025-05-31 16:00:00+00:00,1748707200000,4.549e-05
2025-06-01 00:00:00+00:00,2025-06-01 00:00:00+00:00,1748736000000,-7.55e-05
2025-06-01 04:00:00+00:00,2025-06-01 00:00:00+00:00,1748736000000,-7.55e-05
2025-06-01 08:00:00+00:00,2025-06-01 08:00:00+00:00,1748764800000,-0.00011999
2025-06-01 12:00:00+00:00,2025-06-01 08:00:00+00:00,1748764800000,-0.00011999
2025-06-01 16:00:00+00:00,2025-06-01 16:00:00+00:00,1748793600000,-9.606e-05
2025-06-01 20:00:00+00:00,2025-06-01 16:00:00+00:00,1748793600000,-9.606e-05
2025-06-02 00:00:00+00:00,2025-06-02 00:00:00+00:00,1748822400000,0.0001
2025-06-02 04:00:00+00:00,2025-06-02 00:00:00+00:00,1748822400000,0.0001
2025-06-02 08:00:00+00:00,2025-06-02 08:00:00+00:00,1748851200000,2.461e-05
2025-06-02 12:00:00+00:00,2025-06-02 08:00:00+00:00,1748851200000,2.461e-05
2025-06-02 16:00:00+00:00,2025-06-02 16:00:00+00:00,1748880000000,-2.897e-05
2025-06-02 20:00:00+00:00,2025-06-02 16:00:00+00:00,1748880000000,-2.897e-05
2025-06-03 00:00:00+00:00,2025-06-03 00:00:00+00:00,1748908800000,3.117e-05
2025-06-03 04:00:00+00:00,2025-06-03 00:00:00+00:00,1748908800000,3.117e-05
2025-06-03 08:00:00+00:00,2025-06-03 08:00:00+00:00,1748937600000,-2.394e-05
2025-06-03 12:00:00+00:00,2025-06-03 08:00:00+00:00,1748937600000,-2.394e-05
2025-06-03 16:00:00+00:00,2025-06-03 16:00:00+00:00,1748966400000,0.0001
2025-06-03 20:00:00+00:00,2025-06-03 16:00:00+00:00,1748966400000,0.0001
2025-06-04 00:00:00+00:00,2025-06-04 00:00:00+00:00,1748995200000,-4.771e-05
2025-06-04 04:00:00+00:00,2025-06-04 00:00:00+00:00,1748995200000,-4.771e-05
2025-06-04 08:00:00+00:00,2025-06-04 08:00:00+00:00,1749024000000,-7.281e-05
2025-06-04 12:00:00+00:00,2025-06-04 08:00:00+00:00,1749024000000,-7.281e-05
2025-06-04 16:00:00+00:00,2025-06-04 16:00:00+00:00,1749052800000,4.038e-05
2025-06-04 20:00:00+00:00,2025-06-04 16:00:00+00:00,1749052800000,4.038e-05
2025-06-05 00:00:00+00:00,2025-06-05 00:00:00+00:00,1749081600000,5.487e-05
2025-06-05 04:00:00+00:00,2025-06-05 00:00:00+00:00,1749081600000,5.487e-05
2025-06-05 08:00:00+00:00,2025-06-05 08:00:00+00:00,1749110400000,3.967e-05
2025-06-05 12:00:00+00:00,2025-06-05 08:00:00+00:00,1749110400000,3.967e-05
2025-06-05 16:00:00+00:00,2025-06-05 16:00:00+00:00,1749139200000,8.45e-06
2025-06-05 20:00:00+00:00,2025-06-05 16:00:00+00:00,1749139200000,8.45e-06
2025-06-06 00:00:00+00:00,2025-06-06 00:00:00+00:00,1749168000000,-7.44e-06
2025-06-06 04:00:00+00:00,2025-06-06 00:00:00+00:00,1749168000000,-7.44e-06
2025-06-06 08:00:00+00:00,2025-06-06 08:00:00+00:00,1749196800000,-1.53e-06
2025-06-06 12:00:00+00:00,2025-06-06 08:00:00+00:00,1749196800000,-1.53e-06
2025-06-06 16:00:00+00:00,2025-06-06 16:00:00+00:00,1749225600000,3.766e-05
2025-06-06 20:00:00+00:00,2025-06-06 16:00:00+00:00,1749225600000,3.766e-05
2025-06-07 00:00:00+00:00,2025-06-07 00:00:00+00:00,1749254400000,-5.551e-05
2025-06-07 04:00:00+00:00,2025-06-07 00:00:00+00:00,1749254400000,-5.551e-05
2025-06-07 08:00:00+00:00,2025-06-07 08:00:00+00:00,1749283200000,7.004e-05
2025-06-07 12:00:00+00:00,2025-06-07 08:00:00+00:00,1749283200000,7.004e-05
2025-06-07 16:00:00+00:00,2025-06-07 16:00:00+00:00,1749312000000,-8.586e-05
2025-06-07 20:00:00+00:00,2025-06-07 16:00:00+00:00,1749312000000,-8.586e-05
2025-06-08 00:00:00+00:00,2025-06-08 00:00:00+00:00,1749340800000,-0.00015049
2025-06-08 04:00:00+00:00,2025-06-08 00:00:00+00:00,1749340800000,-0.00015049
2025-06-08 08:00:00+00:00,2025-06-08 08:00:00+00:00,1749369600000,-0.00010127
2025-06-08 12:00:00+00:00,2025-06-08 08:00:00+00:00,1749369600000,-0.00010127
2025-06-08 16:00:00+00:00,2025-06-08 16:00:00+00:00,1749398400000,-4.85e-05
2025-06-08 20:00:00+00:00,2025-06-08 16:00:00+00:00,1749398400000,-4.85e-05
2025-06-09 00:00:00+00:00,2025-06-09 00:00:00+00:00,1749427200000,7.137e-05
2025-06-09 04:00:00+00:00,2025-06-09 00:00:00+00:00,1749427200000,7.137e-05
2025-06-09 08:00:00+00:00,2025-06-09 08:00:00+00:00,1749456000000,-6.46e-06
2025-06-09 12:00:00+00:00,2025-06-09 08:00:00+00:00,1749456000000,-6.46e-06
2025-06-09 16:00:00+00:00,2025-06-09 16:00:00+00:00,1749484800000,7.094e-05
2025-06-09 20:00:00+00:00,2025-06-09 16:00:00+00:00,1749484800000,7.094e-05
2025-06-10 00:00:00+00:00,2025-06-10 00:00:00+00:00,1749513600000,3.839e-05
2025-06-10 04:00:00+00:00,2025-06-10 00:00:00+00:00,1749513600000,3.839e-05
2025-06-10 08:00:00+00:00,2025-06-10 08:00:00+00:00,1749542400000,5.929e-05
2025-06-10 12:00:00+00:00,2025-06-10 08:00:00+00:00,1749542400000,5.929e-05
2025-06-10 16:00:00+00:00,2025-06-10 16:00:00+00:00,1749571200000,-2.41e-06
2025-06-10 20:00:00+00:00,2025-06-10 16:00:00+00:00,1749571200000,-2.41e-06
2025-06-11 00:00:00+00:00,2025-06-11 00:00:00+00:00,1749600000000,0.0001
2025-06-11 04:00:00+00:00,2025-06-11 00:00:00+00:00,1749600000000,0.0001
2025-06-11 08:00:00+00:00,2025-06-11 08:00:00+00:00,1749628800000,0.0001
2025-06-11 12:00:00+00:00,2025-06-11 08:00:00+00:00,1749628800000,0.0001
2025-06-11 16:00:00+00:00,2025-06-11 16:00:00+00:00,1749657600000,0.0001
2025-06-11 20:00:00+00:00,2025-06-11 16:00:00+00:00,1749657600000,0.0001
2025-06-12 00:00:00+00:00,2025-06-12 00:00:00+00:00,1749686400000,-2.062e-05
2025-06-12 04:00:00+00:00,2025-06-12 00:00:00+00:00,1749686400000,-2.062e-05
2025-06-12 08:00:00+00:00,2025-06-12 08:00:00+00:00,1749715200000,1.14e-05
2025-06-12 12:00:00+00:00,2025-06-12 08:00:00+00:00,1749715200000,1.14e-05
2025-06-12 16:00:00+00:00,2025-06-12 16:00:00+00:00,1749744000000,0.0001
2025-06-12 20:00:00+00:00,2025-06-12 16:00:00+00:00,1749744000000,0.0001
2025-06-13 00:00:00+00:00,2025-06-13 00:00:00+00:00,1749772800000,-1.216e-05
2025-06-13 04:00:00+00:00,2025-06-13 00:00:00+00:00,1749772800000,-1.216e-05
2025-06-13 08:00:00+00:00,2025-06-13 08:00:00+00:00,1749801600000,-9.9e-06
2025-06-13 12:00:00+00:00,2025-06-13 08:00:00+00:00,1749801600000,-9.9e-06
2025-06-13 16:00:00+00:00,2025-06-13 16:00:00+00:00,1749830400000,9.28e-06
2025-06-13 20:00:00+00:00,2025-06-13 16:00:00+00:00,1749830400000,9.28e-06
2025-06-14 00:00:00+00:00,2025-06-14 00:00:00+00:00,1749859200000,0.0001
2025-06-14 04:00:00+00:00,2025-06-14 00:00:00+00:00,1749859200000,0.0001
2025-06-14 08:00:00+00:00,2025-06-14 08:00:00+00:00,1749888000000,4.957e-05
2025-06-14 12:00:00+00:00,2025-06-14 08:00:00+00:00,1749888000000,4.957e-05
2025-06-14 16:00:00+00:00,2025-06-14 16:00:00+00:00,1749916800000,2.708e-05
2025-06-14 20:00:00+00:00,2025-06-14 16:00:00+00:00,1749916800000,2.708e-05
2025-06-15 00:00:00+00:00,2025-06-15 00:00:00+00:00,1749945600000,-7.107e-05
2025-06-15 04:00:00+00:00,2025-06-15 00:00:00+00:00,1749945600000,-7.107e-05
2025-06-15 08:00:00+00:00,2025-06-15 08:00:00+00:00,1749974400000,1.945e-05
2025-06-15 12:00:00+00:00,2025-06-15 08:00:00+00:00,1749974400000,1.945e-05
2025-06-15 16:00:00+00:00,2025-06-15 16:00:00+00:00,1750003200000,6.47e-05
2025-06-15 20:00:00+00:00,2025-06-15 16:00:00+00:00,1750003200000,6.47e-05
2025-06-16 00:00:00+00:00,2025-06-16 00:00:00+00:00,1750032000000,5.896e-05
2025-06-16 04:00:00+00:00,2025-06-16 00:00:00+00:00,1750032000000,5.896e-05
2025-06-16 08:00:00+00:00,2025-06-16 08:00:00+00:00,1750060800000,0.0001
2025-06-16 12:00:00+00:00,2025-06-16 08:00:00+00:00,1750060800000,0.0001
2025-06-16 16:00:00+00:00,2025-06-16 16:00:00+00:00,1750089600000,6.171e-05
2025-06-16 20:00:00+00:00,2025-06-16 16:00:00+00:00,1750089600000,6.171e-05
2025-06-17 00:00:00+00:00,2025-06-17 00:00:00+00:00,1750118400000,-7.48e-06
2025-06-17 04:00:00+00:00,2025-06-17 00:00:00+00:00,1750118400000,-7.48e-06
2025-06-17 08:00:00+00:00,2025-06-17 08:00:00+00:00,1750147200000,1.6e-07
2025-06-17 12:00:00+00:00,2025-06-17 08:00:00+00:00,1750147200000,1.6e-07
2025-06-17 16:00:00+00:00,2025-06-17 16:00:00+00:00,1750176000000,8.5e-06
2025-06-17 20:00:00+00:00,2025-06-17 16:00:00+00:00,1750176000000,8.5e-06
2025-06-18 00:00:00+00:00,2025-06-18 00:00:00+00:00,1750204800000,5.345e-05
2025-06-18 04:00:00+00:00,2025-06-18 00:00:00+00:00,1750204800000,5.345e-05
2025-06-18 08:00:00+00:00,2025-06-18 08:00:00+00:00,1750233600000,-1.299e-05
2025-06-18 12:00:00+00:00,2025-06-18 08:00:00+00:00,1750233600000,-1.299e-05
2025-06-18 16:00:00+00:00,2025-06-18 16:00:00+00:00,1750262400000,-3.69e-06
2025-06-18 20:00:00+00:00,2025-06-18 16:00:00+00:00,1750262400000,-3.69e-06
2025-06-19 00:00:00+00:00,2025-06-19 00:00:00+00:00,1750291200000,-1.02e-05
2025-06-19 04:00:00+00:00,2025-06-19 00:00:00+00:00,1750291200000,-1.02e-05
2025-06-19 08:00:00+00:00,2025-06-19 08:00:00+00:00,1750320000000,-3.763e-05
2025-06-19 12:00:00+00:00,2025-06-19 08:00:00+00:00,1750320000000,-3.763e-05
2025-06-19 16:00:00+00:00,2025-06-19 16:00:00+00:00,1750348800000,-3.131e-05
2025-06-19 20:00:00+00:00,2025-06-19 16:00:00+00:00,1750348800000,-3.131e-05
2025-06-20 00:00:00+00:00,2025-06-20 00:00:00+00:00,1750377600000,0.0001
2025-06-20 04:00:00+00:00,2025-06-20 00:00:00+00:00,1750377600000,0.0001
2025-06-20 08:00:00+00:00,2025-06-20 08:00:00+00:00,1750406400000,2.916e-05
2025-06-20 12:00:00+00:00,2025-06-20 08:00:00+00:00,1750406400000,2.916e-05
2025-06-20 16:00:00+00:00,2025-06-20 16:00:00+00:00,1750435200000,-1.337e-05
2025-06-20 20:00:00+00:00,2025-06-20 16:00:00+00:00,1750435200000,-1.337e-05
2025-06-21 00:00:00+00:00,2025-06-21 00:00:00+00:00,1750464000000,-4.925e-05
2025-06-21 04:00:00+00:00,2025-06-21 00:00:00+00:00,1750464000000,-4.925e-05
2025-06-21 08:00:00+00:00,2025-06-21 08:00:00+00:00,1750492800000,-1.86e-05
2025-06-21 12:00:00+00:00,2025-06-21 08:00:00+00:00,1750492800000,-1.86e-05
2025-06-21 16:00:00+00:00,2025-06-21 16:00:00+00:00,1750521600000,6.16e-06
2025-06-21 20:00:00+00:00,2025-06-21 16:00:00+00:00,1750521600000,6.16e-06
2025-06-22 00:00:00+00:00,2025-06-22 00:00:00+00:00,1750550400000,-5.89e-06
2025-06-22 04:00:00+00:00,2025-06-22 00:00:00+00:00,1750550400000,-5.89e-06
2025-06-22 08:00:00+00:00,2025-06-22 08:00:00+00:00,1750579200000,2.154e-05
2025-06-22 12:00:00+00:00,2025-06-22 08:00:00+00:00,1750579200000,2.154e-05
2025-06-22 16:00:00+00:00,2025-06-22 16:00:00+00:00,1750608000000,-3.19e-06
2025-06-22 20:00:00+00:00,2025-06-22 16:00:00+00:00,1750608000000,-3.19e-06
2025-06-23 00:00:00+00:00,2025-06-23 00:00:00+00:00,1750636800000,3.696e-05
2025-06-23 04:00:00+00:00,2025-06-23 00:00:00+00:00,1750636800000,3.696e-05
2025-06-23 08:00:00+00:00,2025-06-23 08:00:00+00:00,1750665600000,-1.521e-05
2025-06-23 12:00:00+00:00,2025-06-23 08:00:00+00:00,1750665600000,-1.521e-05
2025-06-23 16:00:00+00:00,2025-06-23 16:00:00+00:00,1750694400000,-4.727e-05
2025-06-23 20:00:00+00:00,2025-06-23 16:00:00+00:00,1750694400000,-4.727e-05
2025-06-24 00:00:00+00:00,2025-06-24 00:00:00+00:00,1750723200000,1.04e-06
2025-06-24 04:00:00+00:00,2025-06-24 00:00:00+00:00,1750723200000,1.04e-06
2025-06-24 08:00:00+00:00,2025-06-24 08:00:00+00:00,1750752000000,-1.402e-05
2025-06-24 12:00:00+00:00,2025-06-24 08:00:00+00:00,1750752000000,-1.402e-05
2025-06-24 16:00:00+00:00,2025-06-24 16:00:00+00:00,1750780800000,6.097e-05
2025-06-24 20:00:00+00:00,2025-06-24 16:00:00+00:00,1750780800000,6.097e-05
2025-06-25 00:00:00+00:00,2025-06-25 00:00:00+00:00,1750809600000,4.21e-06
2025-06-25 04:00:00+00:00,2025-06-25 00:00:00+00:00,1750809600000,4.21e-06
2025-06-25 08:00:00+00:00,2025-06-25 08:00:00+00:00,1750838400000,0.0001
2025-06-25 12:00:00+00:00,2025-06-25 08:00:00+00:00,1750838400000,0.0001
2025-06-25 16:00:00+00:00,2025-06-25 16:00:00+00:00,1750867200000,4.643e-05
2025-06-25 20:00:00+00:00,2025-06-25 16:00:00+00:00,1750867200000,4.643e-05
2025-06-26 00:00:00+00:00,2025-06-26 00:00:00+00:00,1750896000000,-5.182e-05
2025-06-26 04:00:00+00:00,2025-06-26 00:00:00+00:00,1750896000000,-5.182e-05
2025-06-26 08:00:00+00:00,2025-06-26 08:00:00+00:00,1750924800000,-3.36e-05
2025-06-26 12:00:00+00:00,2025-06-26 08:00:00+00:00,1750924800000,-3.36e-05
2025-06-26 16:00:00+00:00,2025-06-26 16:00:00+00:00,1750953600000,-7.079e-05
2025-06-26 20:00:00+00:00,2025-06-26 16:00:00+00:00,1750953600000,-7.079e-05
2025-06-27 00:00:00+00:00,2025-06-27 00:00:00+00:00,1750982400000,-4.038e-05
2025-06-27 04:00:00+00:00,2025-06-27 00:00:00+00:00,1750982400000,-4.038e-05
2025-06-27 08:00:00+00:00,2025-06-27 08:00:00+00:00,1751011200000,0.0001
2025-06-27 12:00:00+00:00,2025-06-27 08:00:00+00:00,1751011200000,0.0001
2025-06-27 16:00:00+00:00,2025-06-27 16:00:00+00:00,1751040000000,5.319e-05
2025-06-27 20:00:00+00:00,2025-06-27 16:00:00+00:00,1751040000000,5.319e-05
2025-06-28 00:00:00+00:00,2025-06-28 00:00:00+00:00,1751068800000,9.184e-05
2025-06-28 04:00:00+00:00,2025-06-28 00:00:00+00:00,1751068800000,9.184e-05
2025-06-28 08:00:00+00:00,2025-06-28 08:00:00+00:00,1751097600000,0.0001
2025-06-28 12:00:00+00:00,2025-06-28 08:00:00+00:00,1751097600000,0.0001
2025-06-28 16:00:00+00:00,2025-06-28 16:00:00+00:00,1751126400000,0.0001
2025-06-28 20:00:00+00:00,2025-06-28 16:00:00+00:00,1751126400000,0.0001
2025-06-29 00:00:00+00:00,2025-06-29 00:00:00+00:00,1751155200000,7.63e-06
2025-06-29 04:00:00+00:00,2025-06-29 00:00:00+00:00,1751155200000,7.63e-06
2025-06-29 08:00:00+00:00,2025-06-29 08:00:00+00:00,1751184000000,6.567e-05
2025-06-29 12:00:00+00:00,2025-06-29 08:00:00+00:00,1751184000000,6.567e-05
2025-06-29 16:00:00+00:00,2025-06-29 16:00:00+00:00,1751212800000,6.333e-05
2025-06-29 20:00:00+00:00,2025-06-29 16:00:00+00:00,1751212800000,6.333e-05
2025-06-30 00:00:00+00:00,2025-06-30 00:00:00+00:00,1751241600000,3.178e-05
2025-06-30 04:00:00+00:00,2025-06-30 00:00:00+00:00,1751241600000,3.178e-05
2025-06-30 08:00:00+00:00,2025-06-30 08:00:00+00:00,1751270400000,-3.98e-06
2025-06-30 12:00:00+00:00,2025-06-30 08:00:00+00:00,1751270400000,-3.98e-06
2025-06-30 16:00:00+00:00,2025-06-30 16:00:00+00:00,1751299200000,2.282e-05
2025-06-30 20:00:00+00:00,2025-06-30 16:00:00+00:00,1751299200000,2.282e-05
2025-07-01 00:00:00+00:00,2025-07-01 00:00:00+00:00,1751328000000,6.317e-05
2025-07-01 04:00:00+00:00,2025-07-01 00:00:00+00:00,1751328000000,6.317e-05
2025-07-01 08:00:00+00:00,2025-07-01 08:00:00+00:00,1751356800000,-3.005e-05
2025-07-01 12:00:00+00:00,2025-07-01 08:00:00+00:00,1751356800000,-3.005e-05
2025-07-01 16:00:00+00:00,2025-07-01 16:00:00+00:00,1751385600000,-4.088e-05
2025-07-01 20:00:00+00:00,2025-07-01 16:00:00+00:00,1751385600000,-4.088e-05
2025-07-02 00:00:00+00:00,2025-07-02 00:00:00+00:00,1751414400000,-8.674e-05
2025-07-02 04:00:00+00:00,2025-07-02 00:00:00+00:00,1751414400000,-8.674e-05
2025-07-02 08:00:00+00:00,2025-07-02 08:00:00+00:00,1751443200000,-4.012e-05
2025-07-02 12:00:00+00:00,2025-07-02 08:00:00+00:00,1751443200000,-4.012e-05
2025-07-02 16:00:00+00:00,2025-07-02 16:00:00+00:00,1751472000000,-3.065e-05
2025-07-02 20:00:00+00:00,2025-07-02 16:00:00+00:00,1751472000000,-3.065e-05
2025-07-03 00:00:00+00:00,2025-07-03 00:00:00+00:00,1751500800000,4.047e-05
2025-07-03 04:00:00+00:00,2025-07-03 00:00:00+00:00,1751500800000,4.047e-05
2025-07-03 08:00:00+00:00,2025-07-03 08:00:00+00:00,1751529600000,8.791e-05
2025-07-03 12:00:00+00:00,2025-07-03 08:00:00+00:00,1751529600000,8.791e-05
2025-07-03 16:00:00+00:00,2025-07-03 16:00:00+00:00,1751558400000,-1.125e-05
2025-07-03 20:00:00+00:00,2025-07-03 16:00:00+00:00,1751558400000,-1.125e-05
2025-07-04 00:00:00+00:00,2025-07-04 00:00:00+00:00,1751587200000,1.16e-05
2025-07-04 04:00:00+00:00,2025-07-04 00:00:00+00:00,1751587200000,1.16e-05
2025-07-04 08:00:00+00:00,2025-07-04 08:00:00+00:00,1751616000000,4.465e-05
2025-07-04 12:00:00+00:00,2025-07-04 08:00:00+00:00,1751616000000,4.465e-05
2025-07-04 16:00:00+00:00,2025-07-04 16:00:00+00:00,1751644800000,-4.126e-05
2025-07-04 20:00:00+00:00,2025-07-04 16:00:00+00:00,1751644800000,-4.126e-05
2025-07-05 00:00:00+00:00,2025-07-05 00:00:00+00:00,1751673600000,-6.238e-05
2025-07-05 04:00:00+00:00,2025-07-05 00:00:00+00:00,1751673600000,-6.238e-05
2025-07-05 08:00:00+00:00,2025-07-05 08:00:00+00:00,1751702400000,-2.569e-05
2025-07-05 12:00:00+00:00,2025-07-05 08:00:00+00:00,1751702400000,-2.569e-05
2025-07-05 16:00:00+00:00,2025-07-05 16:00:00+00:00,1751731200000,-3.193e-05
2025-07-05 20:00:00+00:00,2025-07-05 16:00:00+00:00,1751731200000,-3.193e-05
2025-07-06 00:00:00+00:00,2025-07-06 00:00:00+00:00,1751760000000,-3.093e-05
2025-07-06 04:00:00+00:00,2025-07-06 00:00:00+00:00,1751760000000,-3.093e-05
2025-07-06 08:00:00+00:00,2025-07-06 08:00:00+00:00,1751788800000,5.46e-06
2025-07-06 12:00:00+00:00,2025-07-06 08:00:00+00:00,1751788800000,5.46e-06
2025-07-06 16:00:00+00:00,2025-07-06 16:00:00+00:00,1751817600000,6.698e-05
2025-07-06 20:00:00+00:00,2025-07-06 16:00:00+00:00,1751817600000,6.698e-05
2025-07-07 00:00:00+00:00,2025-07-07 00:00:00+00:00,1751846400000,7.397e-05
2025-07-07 04:00:00+00:00,2025-07-07 00:00:00+00:00,1751846400000,7.397e-05
2025-07-07 08:00:00+00:00,2025-07-07 08:00:00+00:00,1751875200000,9.517e-05
2025-07-07 12:00:00+00:00,2025-07-07 08:00:00+00:00,1751875200000,9.517e-05
2025-07-07 16:00:00+00:00,2025-07-07 16:00:00+00:00,1751904000000,7.851e-05
2025-07-07 20:00:00+00:00,2025-07-07 16:00:00+00:00,1751904000000,7.851e-05
2025-07-08 00:00:00+00:00,2025-07-08 00:00:00+00:00,1751932800000,-5.043e-05
2025-07-08 04:00:00+00:00,2025-07-08 00:00:00+00:00,1751932800000,-5.043e-05
2025-07-08 08:00:00+00:00,2025-07-08 08:00:00+00:00,1751961600000,-2.006e-05
2025-07-08 12:00:00+00:00,2025-07-08 08:00:00+00:00,1751961600000,-2.006e-05
2025-07-08 16:00:00+00:00,2025-07-08 16:00:00+00:00,1751990400000,6.489e-05
2025-07-08 20:00:00+00:00,2025-07-08 16:00:00+00:00,1751990400000,6.489e-05
2025-07-09 00:00:00+00:00,2025-07-09 00:00:00+00:00,1752019200000,8.415e-05
2025-07-09 04:00:00+00:00,2025-07-09 00:00:00+00:00,1752019200000,8.415e-05
2025-07-09 08:00:00+00:00,2025-07-09 08:00:00+00:00,1752048000000,8.636e-05
2025-07-09 12:00:00+00:00,2025-07-09 08:00:00+00:00,1752048000000,8.636e-05
2025-07-09 16:00:00+00:00,2025-07-09 16:00:00+00:00,1752076800000,-2.398e-05
2025-07-09 20:00:00+00:00,2025-07-09 16:00:00+00:00,1752076800000,-2.398e-05
2025-07-10 00:00:00+00:00,2025-07-10 00:00:00+00:00,1752105600000,0.0001
2025-07-10 04:00:00+00:00,2025-07-10 00:00:00+00:00,1752105600000,0.0001
2025-07-10 08:00:00+00:00,2025-07-10 08:00:00+00:00,1752134400000,0.0001
2025-07-10 12:00:00+00:00,2025-07-10 08:00:00+00:00,1752134400000,0.0001
2025-07-10 16:00:00+00:00,2025-07-10 16:00:00+00:00,1752163200000,0.0001
2025-07-10 20:00:00+00:00,2025-07-10 16:00:00+00:00,1752163200000,0.0001
2025-07-11 00:00:00+00:00,2025-07-11 00:00:00+00:00,1752192000000,0.0001
2025-07-11 04:00:00+00:00,2025-07-11 00:00:00+00:00,1752192000000,0.0001
2025-07-11 08:00:00+00:00,2025-07-11 08:00:00+00:00,1752220800000,7.747e-05
2025-07-11 12:00:00+00:00,2025-07-11 08:00:00+00:00,1752220800000,7.747e-05
2025-07-11 16:00:00+00:00,2025-07-11 16:00:00+00:00,1752249600000,0.0001
2025-07-11 20:00:00+00:00,2025-07-11 16:00:00+00:00,1752249600000,0.0001
2025-07-12 00:00:00+00:00,2025-07-12 00:00:00+00:00,1752278400000,-9.24e-06
2025-07-12 04:00:00+00:00,2025-07-12 00:00:00+00:00,1752278400000,-9.24e-06
2025-07-12 08:00:00+00:00,2025-07-12 08:00:00+00:00,1752307200000,5.715e-05
2025-07-12 12:00:00+00:00,2025-07-12 08:00:00+00:00,1752307200000,5.715e-05
2025-07-12 16:00:00+00:00,2025-07-12 16:00:00+00:00,1752336000000,2.61e-05
2025-07-12 20:00:00+00:00,2025-07-12 16:00:00+00:00,1752336000000,2.61e-05
2025-07-13 00:00:00+00:00,2025-07-13 00:00:00+00:00,1752364800000,0.0001
2025-07-13 04:00:00+00:00,2025-07-13 00:00:00+00:00,1752364800000,0.0001
2025-07-13 08:00:00+00:00,2025-07-13 08:00:00+00:00,1752393600000,0.0001
2025-07-13 12:00:00+00:00,2025-07-13 08:00:00+00:00,1752393600000,0.0001
2025-07-13 16:00:00+00:00,2025-07-13 16:00:00+00:00,1752422400000,0.0001
2025-07-13 20:00:00+00:00,2025-07-13 16:00:00+00:00,1752422400000,0.0001
2025-07-14 00:00:00+00:00,2025-07-14 00:00:00+00:00,1752451200000,-2.215e-05
2025-07-14 04:00:00+00:00,2025-07-14 00:00:00+00:00,1752451200000,-2.215e-05
2025-07-14 08:00:00+00:00,2025-07-14 08:00:00+00:00,1752480000000,0.0001
2025-07-14 12:00:00+00:00,2025-07-14 08:00:00+00:00,1752480000000,0.0001
2025-07-14 16:00:00+00:00,2025-07-14 16:00:00+00:00,1752508800000,0.0001
2025-07-14 20:00:00+00:00,2025-07-14 16:00:00+00:00,1752508800000,0.0001
2025-07-15 00:00:00+00:00,2025-07-15 00:00:00+00:00,1752537600000,3.954e-05
2025-07-15 04:00:00+00:00,2025-07-15 00:00:00+00:00,1752537600000,3.954e-05
2025-07-15 08:00:00+00:00,2025-07-15 08:00:00+00:00,1752566400000,3.95e-06
2025-07-15 12:00:00+00:00,2025-07-15 08:00:00+00:00,1752566400000,3.95e-06
2025-07-15 16:00:00+00:00,2025-07-15 16:00:00+00:00,1752595200000,9.302e-05
2025-07-15 20:00:00+00:00,2025-07-15 16:00:00+00:00,1752595200000,9.302e-05
2025-07-16 00:00:00+00:00,2025-07-16 00:00:00+00:00,1752624000000,7.56e-05
2025-07-16 04:00:00+00:00,2025-07-16 00:00:00+00:00,1752624000000,7.56e-05
2025-07-16 08:00:00+00:00,2025-07-16 08:00:00+00:00,1752652800000,0.0001
2025-07-16 12:00:00+00:00,2025-07-16 08:00:00+00:00,1752652800000,0.0001
2025-07-16 16:00:00+00:00,2025-07-16 16:00:00+00:00,1752681600000,0.0001
2025-07-16 20:00:00+00:00,2025-07-16 16:00:00+00:00,1752681600000,0.0001
2025-07-17 00:00:00+00:00,2025-07-17 00:00:00+00:00,1752710400000,0.0001
2025-07-17 04:00:00+00:00,2025-07-17 00:00:00+00:00,1752710400000,0.0001
2025-07-17 08:00:00+00:00,2025-07-17 08:00:00+00:00,1752739200000,0.0001
2025-07-17 12:00:00+00:00,2025-07-17 08:00:00+00:00,1752739200000,0.0001
2025-07-17 16:00:00+00:00,2025-07-17 16:00:00+00:00,1752768000000,0.0001
2025-07-17 20:00:00+00:00,2025-07-17 16:00:00+00:00,1752768000000,0.0001
2025-07-18 00:00:00+00:00,2025-07-18 00:00:00+00:00,1752796800000,0.0001
2025-07-18 04:00:00+00:00,2025-07-18 00:00:00+00:00,1752796800000,0.0001
2025-07-18 08:00:00+00:00,2025-07-18 08:00:00+00:00,1752825600000,0.00015481
2025-07-18 12:00:00+00:00,2025-07-18 08:00:00+00:00,1752825600000,0.00015481
2025-07-18 16:00:00+00:00,2025-07-18 16:00:00+00:00,1752854400000,0.0001
2025-07-18 20:00:00+00:00,2025-07-18 16:00:00+00:00,1752854400000,0.0001
2025-07-19 00:00:00+00:00,2025-07-19 00:00:00+00:00,1752883200000,0.0001
2025-07-19 04:00:00+00:00,2025-07-19 00:00:00+00:00,1752883200000,0.0001
2025-07-19 08:00:00+00:00,2025-07-19 08:00:00+00:00,1752912000000,0.0001
2025-07-19 12:00:00+00:00,2025-07-19 08:00:00+00:00,1752912000000,0.0001
2025-07-19 16:00:00+00:00,2025-07-19 16:00:00+00:00,1752940800000,0.0001
2025-07-19 20:00:00+00:00,2025-07-19 16:00:00+00:00,1752940800000,0.0001
2025-07-20 00:00:00+00:00,2025-07-20 00:00:00+00:00,1752969600000,0.0001
2025-07-20 04:00:00+00:00,2025-07-20 00:00:00+00:00,1752969600000,0.0001
2025-07-20 08:00:00+00:00,2025-07-20 08:00:00+00:00,1752998400000,0.0001
2025-07-20 12:00:00+00:00,2025-07-20 08:00:00+00:00,1752998400000,0.0001
2025-07-20 16:00:00+00:00,2025-07-20 16:00:00+00:00,1753027200000,0.0001
2025-07-20 20:00:00+00:00,2025-07-20 16:00:00+00:00,1753027200000,0.0001
2025-07-21 00:00:00+00:00,2025-07-21 00:00:00+00:00,1753056000000,0.0001
2025-07-21 04:00:00+00:00,2025-07-21 00:00:00+00:00,1753056000000,0.0001
2025-07-21 08:00:00+00:00,2025-07-21 08:00:00+00:00,1753084800000,0.0001
2025-07-21 12:00:00+00:00,2025-07-21 08:00:00+00:00,1753084800000,0.0001
2025-07-21 16:00:00+00:00,2025-07-21 16:00:00+00:00,1753113600000,0.00028769
2025-07-21 20:00:00+00:00,2025-07-21 16:00:00+00:00,1753113600000,0.00028769
2025-07-22 00:00:00+00:00,2025-07-22 00:00:00+00:00,1753142400000,0.0001
2025-07-22 04:00:00+00:00,2025-07-22 00:00:00+00:00,1753142400000,0.0001
2025-07-22 08:00:00+00:00,2025-07-22 08:00:00+00:00,1753171200000,0.0001
2025-07-22 12:00:00+00:00,2025-07-22 08:00:00+00:00,1753171200000,0.0001
2025-07-22 16:00:00+00:00,2025-07-22 16:00:00+00:00,1753200000000,0.0001
2025-07-22 20:00:00+00:00,2025-07-22 16:00:00+00:00,1753200000000,0.0001
2025-07-23 00:00:00+00:00,2025-07-23 00:00:00+00:00,1753228800000,0.00013426
2025-07-23 04:00:00+00:00,2025-07-23 00:00:00+00:00,1753228800000,0.00013426
2025-07-23 08:00:00+00:00,2025-07-23 08:00:00+00:00,1753257600000,0.00014097
2025-07-23 12:00:00+00:00,2025-07-23 08:00:00+00:00,1753257600000,0.00014097
2025-07-23 16:00:00+00:00,2025-07-23 16:00:00+00:00,1753286400000,0.0001
2025-07-23 20:00:00+00:00,2025-07-23 16:00:00+00:00,1753286400000,0.0001
2025-07-24 00:00:00+00:00,2025-07-24 00:00:00+00:00,1753315200000,0.0001
2025-07-24 04:00:00+00:00,2025-07-24 00:00:00+00:00,1753315200000,0.0001
2025-07-24 08:00:00+00:00,2025-07-24 08:00:00+00:00,1753344000000,0.0001
2025-07-24 12:00:00+00:00,2025-07-24 08:00:00+00:00,1753344000000,0.0001
2025-07-24 16:00:00+00:00,2025-07-24 16:00:00+00:00,1753372800000,0.0001
2025-07-24 20:00:00+00:00,2025-07-24 16:00:00+00:00,1753372800000,0.0001
2025-07-25 00:00:00+00:00,2025-07-25 00:00:00+00:00,1753401600000,0.0001
2025-07-25 04:00:00+00:00,2025-07-25 00:00:00+00:00,1753401600000,0.0001
2025-07-25 08:00:00+00:00,2025-07-25 08:00:00+00:00,1753430400000,0.0001
2025-07-25 12:00:00+00:00,2025-07-25 08:00:00+00:00,1753430400000,0.0001
2025-07-25 16:00:00+00:00,2025-07-25 16:00:00+00:00,1753459200000,0.0001
2025-07-25 20:00:00+00:00,2025-07-25 16:00:00+00:00,1753459200000,0.0001
2025-07-26 00:00:00+00:00,2025-07-26 00:00:00+00:00,1753488000000,0.0001
2025-07-26 04:00:00+00:00,2025-07-26 00:00:00+00:00,1753488000000,0.0001
2025-07-26 08:00:00+00:00,2025-07-26 08:00:00+00:00,1753516800000,0.0001
2025-07-26 12:00:00+00:00,2025-07-26 08:00:00+00:00,1753516800000,0.0001
2025-07-26 16:00:00+00:00,2025-07-26 16:00:00+00:00,1753545600000,0.0001
2025-07-26 20:00:00+00:00,2025-07-26 16:00:00+00:00,1753545600000,0.0001
2025-07-27 00:00:00+00:00,2025-07-27 00:00:00+00:00,1753574400000,0.0001
2025-07-27 04:00:00+00:00,2025-07-27 00:00:00+00:00,1753574400000,0.0001
2025-07-27 08:00:00+00:00,2025-07-27 08:00:00+00:00,1753603200000,0.0001
2025-07-27 12:00:00+00:00,2025-07-27 08:00:00+00:00,1753603200000,0.0001
2025-07-27 16:00:00+00:00,2025-07-27 16:00:00+00:00,1753632000000,0.0001
2025-07-27 20:00:00+00:00,2025-07-27 16:00:00+00:00,1753632000000,0.0001
2025-07-28 00:00:00+00:00,2025-07-28 00:00:00+00:00,1753660800000,0.0001
2025-07-28 04:00:00+00:00,2025-07-28 00:00:00+00:00,1753660800000,0.0001
2025-07-28 08:00:00+00:00,2025-07-28 08:00:00+00:00,1753689600000,0.0001
2025-07-28 12:00:00+00:00,2025-07-28 08:00:00+00:00,1753689600000,0.0001
2025-07-28 16:00:00+00:00,2025-07-28 16:00:00+00:00,1753718400000,0.0001
2025-07-28 20:00:00+00:00,2025-07-28 16:00:00+00:00,1753718400000,0.0001
2025-07-29 00:00:00+00:00,2025-07-29 00:00:00+00:00,1753747200000,0.0001
2025-07-29 04:00:00+00:00,2025-07-29 00:00:00+00:00,1753747200000,0.0001
2025-07-29 08:00:00+00:00,2025-07-29 08:00:00+00:00,1753776000000,1.52e-05
2025-07-29 12:00:00+00:00,2025-07-29 08:00:00+00:00,1753776000000,1.52e-05
2025-07-29 16:00:00+00:00,2025-07-29 16:00:00+00:00,1753804800000,3.03e-06
2025-07-29 20:00:00+00:00,2025-07-29 16:00:00+00:00,1753804800000,3.03e-06
2025-07-30 00:00:00+00:00,2025-07-30 00:00:00+00:00,1753833600000,3.694e-05
2025-07-30 04:00:00+00:00,2025-07-30 00:00:00+00:00,1753833600000,3.694e-05
2025-07-30 08:00:00+00:00,2025-07-30 08:00:00+00:00,1753862400000,4.114e-05
2025-07-30 12:00:00+00:00,2025-07-30 08:00:00+00:00,1753862400000,4.114e-05
2025-07-30 16:00:00+00:00,2025-07-30 16:00:00+00:00,1753891200000,-9.55e-06
2025-07-30 20:00:00+00:00,2025-07-30 16:00:00+00:00,1753891200000,-9.55e-06
2025-07-31 00:00:00+00:00,2025-07-31 00:00:00+00:00,1753920000000,4.897e-05
2025-07-31 04:00:00+00:00,2025-07-31 00:00:00+00:00,1753920000000,4.897e-05
2025-07-31 08:00:00+00:00,2025-07-31 08:00:00+00:00,1753948800000,0.0001
2025-07-31 12:00:00+00:00,2025-07-31 08:00:00+00:00,1753948800000,0.0001
2025-07-31 16:00:00+00:00,2025-07-31 16:00:00+00:00,1753977600000,0.0001
2025-07-31 20:00:00+00:00,2025-07-31 16:00:00+00:00,1753977600000,0.0001
2025-08-01 00:00:00+00:00,2025-08-01 00:00:00+00:00,1754006400000,0.0001
2025-08-01 04:00:00+00:00,2025-08-01 00:00:00+00:00,1754006400000,0.0001
2025-08-01 08:00:00+00:00,2025-08-01 08:00:00+00:00,1754035200000,7.181e-05
2025-08-01 12:00:00+00:00,2025-08-01 08:00:00+00:00,1754035200000,7.181e-05
2025-08-01 16:00:00+00:00,2025-08-01 16:00:00+00:00,1754064000000,3.631e-05
2025-08-01 20:00:00+00:00,2025-08-01 16:00:00+00:00,1754064000000,3.631e-05
2025-08-02 00:00:00+00:00,2025-08-02 00:00:00+00:00,1754092800000,-4.823e-05
2025-08-02 04:00:00+00:00,2025-08-02 00:00:00+00:00,1754092800000,-4.823e-05
2025-08-02 08:00:00+00:00,2025-08-02 08:00:00+00:00,1754121600000,5.263e-05
2025-08-02 12:00:00+00:00,2025-08-02 08:00:00+00:00,1754121600000,5.263e-05
2025-08-02 16:00:00+00:00,2025-08-02 16:00:00+00:00,1754150400000,0.0001
2025-08-02 20:00:00+00:00,2025-08-02 16:00:00+00:00,1754150400000,0.0001
2025-08-03 00:00:00+00:00,2025-08-03 00:00:00+00:00,1754179200000,-1.97e-06
2025-08-03 04:00:00+00:00,2025-08-03 00:00:00+00:00,1754179200000,-1.97e-06
2025-08-03 08:00:00+00:00,2025-08-03 08:00:00+00:00,1754208000000,9e-08
2025-08-03 12:00:00+00:00,2025-08-03 08:00:00+00:00,1754208000000,9e-08
2025-08-03 16:00:00+00:00,2025-08-03 16:00:00+00:00,1754236800000,-6.764e-05
2025-08-03 20:00:00+00:00,2025-08-03 16:00:00+00:00,1754236800000,-6.764e-05
2025-08-04 00:00:00+00:00,2025-08-04 00:00:00+00:00,1754265600000,-0.0001046
2025-08-04 04:00:00+00:00,2025-08-04 00:00:00+00:00,1754265600000,-0.0001046
2025-08-04 08:00:00+00:00,2025-08-04 08:00:00+00:00,1754294400000,-0.00010311
2025-08-04 12:00:00+00:00,2025-08-04 08:00:00+00:00,1754294400000,-0.00010311
2025-08-04 16:00:00+00:00,2025-08-04 16:00:00+00:00,1754323200000,-6.011e-05
2025-08-04 20:00:00+00:00,2025-08-04 16:00:00+00:00,1754323200000,-6.011e-05
2025-08-05 00:00:00+00:00,2025-08-05 00:00:00+00:00,1754352000000,3.93e-05
2025-08-05 04:00:00+00:00,2025-08-05 00:00:00+00:00,1754352000000,3.93e-05
2025-08-05 08:00:00+00:00,2025-08-05 08:00:00+00:00,1754380800000,5.844e-05
2025-08-05 12:00:00+00:00,2025-08-05 08:00:00+00:00,1754380800000,5.844e-05
2025-08-05 16:00:00+00:00,2025-08-05 16:00:00+00:00,1754409600000,-3.298e-05
2025-08-05 20:00:00+00:00,2025-08-05 16:00:00+00:00,1754409600000,-3.298e-05
2025-08-06 00:00:00+00:00,2025-08-06 00:00:00+00:00,1754438400000,-3.847e-05
2025-08-06 04:00:00+00:00,2025-08-06 00:00:00+00:00,1754438400000,-3.847e-05
2025-08-06 08:00:00+00:00,2025-08-06 08:00:00+00:00,1754467200000,-1.199e-05
2025-08-06 12:00:00+00:00,2025-08-06 08:00:00+00:00,1754467200000,-1.199e-05
2025-08-06 16:00:00+00:00,2025-08-06 16:00:00+00:00,1754496000000,3.52e-05
2025-08-06 20:00:00+00:00,2025-08-06 16:00:00+00:00,1754496000000,3.52e-05
2025-08-07 00:00:00+00:00,2025-08-07 00:00:00+00:00,1754524800000,1.232e-05
2025-08-07 04:00:00+00:00,2025-08-07 00:00:00+00:00,1754524800000,1.232e-05
2025-08-07 08:00:00+00:00,2025-08-07 08:00:00+00:00,1754553600000,1.966e-05
2025-08-07 12:00:00+00:00,2025-08-07 08:00:00+00:00,1754553600000,1.966e-05
2025-08-07 16:00:00+00:00,2025-08-07 16:00:00+00:00,1754582400000,7.927e-05
2025-08-07 20:00:00+00:00,2025-08-07 16:00:00+00:00,1754582400000,7.927e-05
2025-08-08 00:00:00+00:00,2025-08-08 00:00:00+00:00,1754611200000,2.309e-05
2025-08-08 04:00:00+00:00,2025-08-08 00:00:00+00:00,1754611200000,2.309e-05
2025-08-08 08:00:00+00:00,2025-08-08 08:00:00+00:00,1754640000000,0.0001
2025-08-08 12:00:00+00:00,2025-08-08 08:00:00+00:00,1754640000000,0.0001
2025-08-08 16:00:00+00:00,2025-08-08 16:00:00+00:00,1754668800000,-7.28e-06
2025-08-08 20:00:00+00:00,2025-08-08 16:00:00+00:00,1754668800000,-7.28e-06
2025-08-09 00:00:00+00:00,2025-08-09 00:00:00+00:00,1754697600000,7.106e-05
2025-08-09 04:00:00+00:00,2025-08-09 00:00:00+00:00,1754697600000,7.106e-05
2025-08-09 08:00:00+00:00,2025-08-09 08:00:00+00:00,1754726400000,0.0001
2025-08-09 12:00:00+00:00,2025-08-09 08:00:00+00:00,1754726400000,0.0001
2025-08-09 16:00:00+00:00,2025-08-09 16:00:00+00:00,1754755200000,0.0001
2025-08-09 20:00:00+00:00,2025-08-09 16:00:00+00:00,1754755200000,0.0001
2025-08-10 00:00:00+00:00,2025-08-10 00:00:00+00:00,1754784000000,0.0001
2025-08-10 04:00:00+00:00,2025-08-10 00:00:00+00:00,1754784000000,0.0001
2025-08-10 08:00:00+00:00,2025-08-10 08:00:00+00:00,1754812800000,0.0001
2025-08-10 12:00:00+00:00,2025-08-10 08:00:00+00:00,1754812800000,0.0001
2025-08-10 16:00:00+00:00,2025-08-10 16:00:00+00:00,1754841600000,0.0001
2025-08-10 20:00:00+00:00,2025-08-10 16:00:00+00:00,1754841600000,0.0001
2025-08-11 00:00:00+00:00,2025-08-11 00:00:00+00:00,1754870400000,0.0001
2025-08-11 04:00:00+00:00,2025-08-11 00:00:00+00:00,1754870400000,0.0001
2025-08-11 08:00:00+00:00,2025-08-11 08:00:00+00:00,1754899200000,0.0001
2025-08-11 12:00:00+00:00,2025-08-11 08:00:00+00:00,1754899200000,0.0001
2025-08-11 16:00:00+00:00,2025-08-11 16:00:00+00:00,1754928000000,9.053e-05
2025-08-11 20:00:00+00:00,2025-08-11 16:00:00+00:00,1754928000000,9.053e-05
2025-08-12 00:00:00+00:00,2025-08-12 00:00:00+00:00,1754956800000,9.17e-06
2025-08-12 04:00:00+00:00,2025-08-12 00:00:00+00:00,1754956800000,9.17e-06
2025-08-12 08:00:00+00:00,2025-08-12 08:00:00+00:00,1754985600000,4.074e-05
2025-08-12 12:00:00+00:00,2025-08-12 08:00:00+00:00,1754985600000,4.074e-05
2025-08-12 16:00:00+00:00,2025-08-12 16:00:00+00:00,1755014400000,3.551e-05
2025-08-12 20:00:00+00:00,2025-08-12 16:00:00+00:00,1755014400000,3.551e-05
2025-08-13 00:00:00+00:00,2025-08-13 00:00:00+00:00,1755043200000,0.0001
2025-08-13 04:00:00+00:00,2025-08-13 00:00:00+00:00,1755043200000,0.0001
2025-08-13 08:00:00+00:00,2025-08-13 08:00:00+00:00,1755072000000,0.0001
2025-08-13 12:00:00+00:00,2025-08-13 08:00:00+00:00,1755072000000,0.0001
2025-08-13 16:00:00+00:00,2025-08-13 16:00:00+00:00,1755100800000,0.0001
2025-08-13 20:00:00+00:00,2025-08-13 16:00:00+00:00,1755100800000,0.0001
2025-08-14 00:00:00+00:00,2025-08-14 00:00:00+00:00,1755129600000,0.0001
2025-08-14 04:00:00+00:00,2025-08-14 00:00:00+00:00,1755129600000,0.0001
2025-08-14 08:00:00+00:00,2025-08-14 08:00:00+00:00,1755158400000,0.00014816
2025-08-14 12:00:00+00:00,2025-08-14 08:00:00+00:00,1755158400000,0.00014816
2025-08-14 16:00:00+00:00,2025-08-14 16:00:00+00:00,1755187200000,0.0001
2025-08-14 20:00:00+00:00,2025-08-14 16:00:00+00:00,1755187200000,0.0001
2025-08-15 00:00:00+00:00,2025-08-15 00:00:00+00:00,1755216000000,0.0001
2025-08-15 04:00:00+00:00,2025-08-15 00:00:00+00:00,1755216000000,0.0001
2025-08-15 08:00:00+00:00,2025-08-15 08:00:00+00:00,1755244800000,0.0001
2025-08-15 12:00:00+00:00,2025-08-15 08:00:00+00:00,1755244800000,0.0001
2025-08-15 16:00:00+00:00,2025-08-15 16:00:00+00:00,1755273600000,7.659e-05
2025-08-15 20:00:00+00:00,2025-08-15 16:00:00+00:00,1755273600000,7.659e-05
2025-08-16 00:00:00+00:00,2025-08-16 00:00:00+00:00,1755302400000,3.766e-05
2025-08-16 04:00:00+00:00,2025-08-16 00:00:00+00:00,1755302400000,3.766e-05
2025-08-16 08:00:00+00:00,2025-08-16 08:00:00+00:00,1755331200000,9.221e-05
2025-08-16 12:00:00+00:00,2025-08-16 08:00:00+00:00,1755331200000,9.221e-05
2025-08-16 16:00:00+00:00,2025-08-16 16:00:00+00:00,1755360000000,4.457e-05
2025-08-16 20:00:00+00:00,2025-08-16 16:00:00+00:00,1755360000000,4.457e-05
2025-08-17 00:00:00+00:00,2025-08-17 00:00:00+00:00,1755388800000,0.0001
2025-08-17 04:00:00+00:00,2025-08-17 00:00:00+00:00,1755388800000,0.0001
2025-08-17 08:00:00+00:00,2025-08-17 08:00:00+00:00,1755417600000,5.668e-05
2025-08-17 12:00:00+00:00,2025-08-17 08:00:00+00:00,1755417600000,5.668e-05
2025-08-17 16:00:00+00:00,2025-08-17 16:00:00+00:00,1755446400000,1.781e-05
2025-08-17 20:00:00+00:00,2025-08-17 16:00:00+00:00,1755446400000,1.781e-05
2025-08-18 00:00:00+00:00,2025-08-18 00:00:00+00:00,1755475200000,7.297e-05
2025-08-18 04:00:00+00:00,2025-08-18 00:00:00+00:00,1755475200000,7.297e-05
2025-08-18 08:00:00+00:00,2025-08-18 08:00:00+00:00,1755504000000,-8.315e-05
2025-08-18 12:00:00+00:00,2025-08-18 08:00:00+00:00,1755504000000,-8.315e-05
2025-08-18 16:00:00+00:00,2025-08-18 16:00:00+00:00,1755532800000,-2.933e-05
2025-08-18 20:00:00+00:00,2025-08-18 16:00:00+00:00,1755532800000,-2.933e-05
2025-08-19 00:00:00+00:00,2025-08-19 00:00:00+00:00,1755561600000,3.25e-06
2025-08-19 04:00:00+00:00,2025-08-19 00:00:00+00:00,1755561600000,3.25e-06
2025-08-19 08:00:00+00:00,2025-08-19 08:00:00+00:00,1755590400000,2.712e-05
2025-08-19 12:00:00+00:00,2025-08-19 08:00:00+00:00,1755590400000,2.712e-05
2025-08-19 16:00:00+00:00,2025-08-19 16:00:00+00:00,1755619200000,0.0001
2025-08-19 20:00:00+00:00,2025-08-19 16:00:00+00:00,1755619200000,0.0001
2025-08-20 00:00:00+00:00,2025-08-20 00:00:00+00:00,1755648000000,0.0001
2025-08-20 04:00:00+00:00,2025-08-20 00:00:00+00:00,1755648000000,0.0001
2025-08-20 08:00:00+00:00,2025-08-20 08:00:00+00:00,1755676800000,0.0001
2025-08-20 12:00:00+00:00,2025-08-20 08:00:00+00:00,1755676800000,0.0001
2025-08-20 16:00:00+00:00,2025-08-20 16:00:00+00:00,1755705600000,0.0001
2025-08-20 20:00:00+00:00,2025-08-20 16:00:00+00:00,1755705600000,0.0001
2025-08-21 00:00:00+00:00,2025-08-21 00:00:00+00:00,1755734400000,0.0001
2025-08-21 04:00:00+00:00,2025-08-21 00:00:00+00:00,1755734400000,0.0001
2025-08-21 08:00:00+00:00,2025-08-21 08:00:00+00:00,1755763200000,0.0001
2025-08-21 12:00:00+00:00,2025-08-21 08:00:00+00:00,1755763200000,0.0001
2025-08-21 16:00:00+00:00,2025-08-21 16:00:00+00:00,1755792000000,-3.591e-05
2025-08-21 20:00:00+00:00,2025-08-21 16:00:00+00:00,1755792000000,-3.591e-05
2025-08-22 00:00:00+00:00,2025-08-22 00:00:00+00:00,1755820800000,2.474e-05
2025-08-22 04:00:00+00:00,2025-08-22 00:00:00+00:00,1755820800000,2.474e-05
2025-08-22 08:00:00+00:00,2025-08-22 08:00:00+00:00,1755849600000,0.0001
2025-08-22 12:00:00+00:00,2025-08-22 08:00:00+00:00,1755849600000,0.0001
2025-08-22 16:00:00+00:00,2025-08-22 16:00:00+00:00,1755878400000,0.0001
2025-08-22 20:00:00+00:00,2025-08-22 16:00:00+00:00,1755878400000,0.0001
2025-08-23 00:00:00+00:00,2025-08-23 00:00:00+00:00,1755907200000,0.0001
2025-08-23 04:00:00+00:00,2025-08-23 00:00:00+00:00,1755907200000,0.0001
2025-08-23 08:00:00+00:00,2025-08-23 08:00:00+00:00,1755936000000,0.0001
2025-08-23 12:00:00+00:00,2025-08-23 08:00:00+00:00,1755936000000,0.0001
2025-08-23 16:00:00+00:00,2025-08-23 16:00:00+00:00,1755964800000,0.0001
2025-08-23 20:00:00+00:00,2025-08-23 16:00:00+00:00,1755964800000,0.0001
2025-08-24 00:00:00+00:00,2025-08-24 00:00:00+00:00,1755993600000,0.0001
2025-08-24 04:00:00+00:00,2025-08-24 00:00:00+00:00,1755993600000,0.0001
2025-08-24 08:00:00+00:00,2025-08-24 08:00:00+00:00,1756022400000,0.0001
2025-08-24 12:00:00+00:00,2025-08-24 08:00:00+00:00,1756022400000,0.0001
2025-08-24 16:00:00+00:00,2025-08-24 16:00:00+00:00,1756051200000,0.0001
2025-08-24 20:00:00+00:00,2025-08-24 16:00:00+00:00,1756051200000,0.0001
2025-08-25 00:00:00+00:00,2025-08-25 00:00:00+00:00,1756080000000,0.0001
2025-08-25 04:00:00+00:00,2025-08-25 00:00:00+00:00,1756080000000,0.0001
2025-08-25 08:00:00+00:00,2025-08-25 08:00:00+00:00,1756108800000,0.0001
2025-08-25 12:00:00+00:00,2025-08-25 08:00:00+00:00,1756108800000,0.0001
2025-08-25 16:00:00+00:00,2025-08-25 16:00:00+00:00,1756137600000,-2.24e-05
2025-08-25 20:00:00+00:00,2025-08-25 16:00:00+00:00,1756137600000,-2.24e-05
2025-08-26 00:00:00+00:00,2025-08-26 00:00:00+00:00,1756166400000,-0.00012201
2025-08-26 04:00:00+00:00,2025-08-26 00:00:00+00:00,1756166400000,-0.00012201
2025-08-26 08:00:00+00:00,2025-08-26 08:00:00+00:00,1756195200000,-8.211e-05
2025-08-26 12:00:00+00:00,2025-08-26 08:00:00+00:00,1756195200000,-8.211e-05
2025-08-26 16:00:00+00:00,2025-08-26 16:00:00+00:00,1756224000000,-3.404e-05
2025-08-26 20:00:00+00:00,2025-08-26 16:00:00+00:00,1756224000000,-3.404e-05
2025-08-27 00:00:00+00:00,2025-08-27 00:00:00+00:00,1756252800000,0.0001
2025-08-27 04:00:00+00:00,2025-08-27 00:00:00+00:00,1756252800000,0.0001
2025-08-27 08:00:00+00:00,2025-08-27 08:00:00+00:00,1756281600000,0.0001
2025-08-27 12:00:00+00:00,2025-08-27 08:00:00+00:00,1756281600000,0.0001
2025-08-27 16:00:00+00:00,2025-08-27 16:00:00+00:00,1756310400000,0.0001
2025-08-27 20:00:00+00:00,2025-08-27 16:00:00+00:00,1756310400000,0.0001
2025-08-28 00:00:00+00:00,2025-08-28 00:00:00+00:00,1756339200000,0.0001
2025-08-28 04:00:00+00:00,2025-08-28 00:00:00+00:00,1756339200000,0.0001
2025-08-28 08:00:00+00:00,2025-08-28 08:00:00+00:00,1756368000000,0.0001
2025-08-28 12:00:00+00:00,2025-08-28 08:00:00+00:00,1756368000000,0.0001
2025-08-28 16:00:00+00:00,2025-08-28 16:00:00+00:00,1756396800000,0.0001
2025-08-28 20:00:00+00:00,2025-08-28 16:00:00+00:00,1756396800000,0.0001
2025-08-29 00:00:00+00:00,2025-08-29 00:00:00+00:00,1756425600000,3.82e-05
2025-08-29 04:00:00+00:00,2025-08-29 00:00:00+00:00,1756425600000,3.82e-05
2025-08-29 08:00:00+00:00,2025-08-29 08:00:00+00:00,1756454400000,8.334e-05
2025-08-29 12:00:00+00:00,2025-08-29 08:00:00+00:00,1756454400000,8.334e-05
2025-08-29 16:00:00+00:00,2025-08-29 16:00:00+00:00,1756483200000,-3.071e-05
2025-08-29 20:00:00+00:00,2025-08-29 16:00:00+00:00,1756483200000,-3.071e-05
2025-08-30 00:00:00+00:00,2025-08-30 00:00:00+00:00,1756512000000,5.253e-05
2025-08-30 04:00:00+00:00,2025-08-30 00:00:00+00:00,1756512000000,5.253e-05
2025-08-30 08:00:00+00:00,2025-08-30 08:00:00+00:00,1756540800000,0.0001
2025-08-30 12:00:00+00:00,2025-08-30 08:00:00+00:00,1756540800000,0.0001
2025-08-30 16:00:00+00:00,2025-08-30 16:00:00+00:00,1756569600000,-8.56e-06
2025-08-30 20:00:00+00:00,2025-08-30 16:00:00+00:00,1756569600000,-8.56e-06
2025-08-31 00:00:00+00:00,2025-08-31 00:00:00+00:00,1756598400000,0.0001
2025-08-31 04:00:00+00:00,2025-08-31 00:00:00+00:00,1756598400000,0.0001
2025-08-31 08:00:00+00:00,2025-08-31 08:00:00+00:00,1756627200000,0.0001
2025-08-31 12:00:00+00:00,2025-08-31 08:00:00+00:00,1756627200000,0.0001
2025-08-31 16:00:00+00:00,2025-08-31 16:00:00+00:00,1756656000000,7.55e-05
2025-08-31 20:00:00+00:00,2025-08-31 16:00:00+00:00,1756656000000,7.55e-05
2025-09-01 00:00:00+00:00,2025-09-01 00:00:00+00:00,1756684800000,0.0001
2025-09-01 04:00:00+00:00,2025-09-01 00:00:00+00:00,1756684800000,0.0001
2025-09-01 08:00:00+00:00,2025-09-01 08:00:00+00:00,1756713600000,9.536e-05
2025-09-01 12:00:00+00:00,2025-09-01 08:00:00+00:00,1756713600000,9.536e-05
2025-09-01 16:00:00+00:00,2025-09-01 16:00:00+00:00,1756742400000,0.0001
2025-09-01 20:00:00+00:00,2025-09-01 16:00:00+00:00,1756742400000,0.0001
2025-09-02 00:00:00+00:00,2025-09-02 00:00:00+00:00,1756771200000,-9.35e-06
2025-09-02 04:00:00+00:00,2025-09-02 00:00:00+00:00,1756771200000,-9.35e-06
2025-09-02 08:00:00+00:00,2025-09-02 08:00:00+00:00,1756800000000,0.0001
2025-09-02 12:00:00+00:00,2025-09-02 08:00:00+00:00,1756800000000,0.0001
2025-09-02 16:00:00+00:00,2025-09-02 16:00:00+00:00,1756828800000,0.0001
2025-09-02 20:00:00+00:00,2025-09-02 16:00:00+00:00,1756828800000,0.0001
2025-09-03 00:00:00+00:00,2025-09-03 00:00:00+00:00,1756857600000,0.0001
2025-09-03 04:00:00+00:00,2025-09-03 00:00:00+00:00,1756857600000,0.0001
2025-09-03 08:00:00+00:00,2025-09-03 08:00:00+00:00,1756886400000,0.0001
2025-09-03 12:00:00+00:00,2025-09-03 08:00:00+00:00,1756886400000,0.0001
2025-09-03 16:00:00+00:00,2025-09-03 16:00:00+00:00,1756915200000,0.0001
2025-09-03 20:00:00+00:00,2025-09-03 16:00:00+00:00,1756915200000,0.0001
2025-09-04 00:00:00+00:00,2025-09-04 00:00:00+00:00,1756944000000,-6.929e-05
2025-09-04 04:00:00+00:00,2025-09-04 00:00:00+00:00,1756944000000,-6.929e-05
2025-09-04 08:00:00+00:00,2025-09-04 08:00:00+00:00,1756972800000,1.979e-05
2025-09-04 12:00:00+00:00,2025-09-04 08:00:00+00:00,1756972800000,1.979e-05
2025-09-04 16:00:00+00:00,2025-09-04 16:00:00+00:00,1757001600000,8.12e-05
2025-09-04 20:00:00+00:00,2025-09-04 16:00:00+00:00,1757001600000,8.12e-05
2025-09-05 00:00:00+00:00,2025-09-05 00:00:00+00:00,1757030400000,-4.33e-06
2025-09-05 04:00:00+00:00,2025-09-05 00:00:00+00:00,1757030400000,-4.33e-06
2025-09-05 08:00:00+00:00,2025-09-05 08:00:00+00:00,1757059200000,1.555e-05
2025-09-05 12:00:00+00:00,2025-09-05 08:00:00+00:00,1757059200000,1.555e-05
2025-09-05 16:00:00+00:00,2025-09-05 16:00:00+00:00,1757088000000,3.122e-05
2025-09-05 20:00:00+00:00,2025-09-05 16:00:00+00:00,1757088000000,3.122e-05
2025-09-06 00:00:00+00:00,2025-09-06 00:00:00+00:00,1757116800000,0.0001
2025-09-06 04:00:00+00:00,2025-09-06 00:00:00+00:00,1757116800000,0.0001
2025-09-06 08:00:00+00:00,2025-09-06 08:00:00+00:00,1757145600000,0.0001
2025-09-06 12:00:00+00:00,2025-09-06 08:00:00+00:00,1757145600000,0.0001
2025-09-06 16:00:00+00:00,2025-09-06 16:00:00+00:00,1757174400000,2.866e-05
2025-09-06 20:00:00+00:00,2025-09-06 16:00:00+00:00,1757174400000,2.866e-05
2025-09-07 00:00:00+00:00,2025-09-07 00:00:00+00:00,1757203200000,0.0001
2025-09-07 04:00:00+00:00,2025-09-07 00:00:00+00:00,1757203200000,0.0001
2025-09-07 08:00:00+00:00,2025-09-07 08:00:00+00:00,1757232000000,0.0001
2025-09-07 12:00:00+00:00,2025-09-07 08:00:00+00:00,1757232000000,0.0001
2025-09-07 16:00:00+00:00,2025-09-07 16:00:00+00:00,1757260800000,0.0001
2025-09-07 20:00:00+00:00,2025-09-07 16:00:00+00:00,1757260800000,0.0001
2025-09-08 00:00:00+00:00,2025-09-08 00:00:00+00:00,1757289600000,0.0001
2025-09-08 04:00:00+00:00,2025-09-08 00:00:00+00:00,1757289600000,0.0001
2025-09-08 08:00:00+00:00,2025-09-08 08:00:00+00:00,1757318400000,0.0001
2025-09-08 12:00:00+00:00,2025-09-08 08:00:00+00:00,1757318400000,0.0001
2025-09-08 16:00:00+00:00,2025-09-08 16:00:00+00:00,1757347200000,0.0001
2025-09-08 20:00:00+00:00,2025-09-08 16:00:00+00:00,1757347200000,0.0001
2025-09-09 00:00:00+00:00,2025-09-09 00:00:00+00:00,1757376000000,6.151e-05
2025-09-09 04:00:00+00:00,2025-09-09 00:00:00+00:00,1757376000000,6.151e-05
2025-09-09 08:00:00+00:00,2025-09-09 08:00:00+00:00,1757404800000,0.0001
2025-09-09 12:00:00+00:00,2025-09-09 08:00:00+00:00,1757404800000,0.0001
2025-09-09 16:00:00+00:00,2025-09-09 16:00:00+00:00,1757433600000,0.0001
2025-09-09 20:00:00+00:00,2025-09-09 16:00:00+00:00,1757433600000,0.0001
2025-09-10 00:00:00+00:00,2025-09-10 00:00:00+00:00,1757462400000,6.564e-05
2025-09-10 04:00:00+00:00,2025-09-10 00:00:00+00:00,1757462400000,6.564e-05
2025-09-10 08:00:00+00:00,2025-09-10 08:00:00+00:00,1757491200000,0.0001
2025-09-10 12:00:00+00:00,2025-09-10 08:00:00+00:00,1757491200000,0.0001
2025-09-10 16:00:00+00:00,2025-09-10 16:00:00+00:00,1757520000000,1.008e-05
2025-09-10 20:00:00+00:00,2025-09-10 16:00:00+00:00,1757520000000,1.008e-05
2025-09-11 00:00:00+00:00,2025-09-11 00:00:00+00:00,1757548800000,7.054e-05
2025-09-11 04:00:00+00:00,2025-09-11 00:00:00+00:00,1757548800000,7.054e-05
2025-09-11 08:00:00+00:00,2025-09-11 08:00:00+00:00,1757577600000,-5.058e-05
2025-09-11 12:00:00+00:00,2025-09-11 08:00:00+00:00,1757577600000,-5.058e-05
2025-09-11 16:00:00+00:00,2025-09-11 16:00:00+00:00,1757606400000,-4.347e-05
2025-09-11 20:00:00+00:00,2025-09-11 16:00:00+00:00,1757606400000,-4.347e-05
2025-09-12 00:00:00+00:00,2025-09-12 00:00:00+00:00,1757635200000,-4.776e-05
2025-09-12 04:00:00+00:00,2025-09-12 00:00:00+00:00,1757635200000,-4.776e-05
2025-09-12 08:00:00+00:00,2025-09-12 08:00:00+00:00,1757664000000,0.0001
2025-09-12 12:00:00+00:00,2025-09-12 08:00:00+00:00,1757664000000,0.0001
2025-09-12 16:00:00+00:00,2025-09-12 16:00:00+00:00,1757692800000,5.476e-05
2025-09-12 20:00:00+00:00,2025-09-12 16:00:00+00:00,1757692800000,5.476e-05
2025-09-13 00:00:00+00:00,2025-09-13 00:00:00+00:00,1757721600000,-8.284e-05
2025-09-13 04:00:00+00:00,2025-09-13 00:00:00+00:00,1757721600000,-8.284e-05
2025-09-13 08:00:00+00:00,2025-09-13 08:00:00+00:00,1757750400000,2.43e-05
2025-09-13 12:00:00+00:00,2025-09-13 08:00:00+00:00,1757750400000,2.43e-05
2025-09-13 16:00:00+00:00,2025-09-13 16:00:00+00:00,1757779200000,0.0001
2025-09-13 20:00:00+00:00,2025-09-13 16:00:00+00:00,1757779200000,0.0001
2025-09-14 00:00:00+00:00,2025-09-14 00:00:00+00:00,1757808000000,0.0001
2025-09-14 04:00:00+00:00,2025-09-14 00:00:00+00:00,1757808000000,0.0001
2025-09-14 08:00:00+00:00,2025-09-14 08:00:00+00:00,1757836800000,4.272e-05
2025-09-14 12:00:00+00:00,2025-09-14 08:00:00+00:00,1757836800000,4.272e-05
2025-09-14 16:00:00+00:00,2025-09-14 16:00:00+00:00,1757865600000,-6e-08
2025-09-14 20:00:00+00:00,2025-09-14 16:00:00+00:00,1757865600000,-6e-08
2025-09-15 00:00:00+00:00,2025-09-15 00:00:00+00:00,1757894400000,-5.485e-05
2025-09-15 04:00:00+00:00,2025-09-15 00:00:00+00:00,1757894400000,-5.485e-05
2025-09-15 08:00:00+00:00,2025-09-15 08:00:00+00:00,1757923200000,1.089e-05
2025-09-15 12:00:00+00:00,2025-09-15 08:00:00+00:00,1757923200000,1.089e-05
2025-09-15 16:00:00+00:00,2025-09-15 16:00:00+00:00,1757952000000,0.0001
2025-09-15 20:00:00+00:00,2025-09-15 16:00:00+00:00,1757952000000,0.0001
2025-09-16 00:00:00+00:00,2025-09-16 00:00:00+00:00,1757980800000,0.0001
2025-09-16 04:00:00+00:00,2025-09-16 00:00:00+00:00,1757980800000,0.0001
2025-09-16 08:00:00+00:00,2025-09-16 08:00:00+00:00,1758009600000,0.0001
2025-09-16 12:00:00+00:00,2025-09-16 08:00:00+00:00,1758009600000,0.0001
2025-09-16 16:00:00+00:00,2025-09-16 16:00:00+00:00,1758038400000,0.0001
2025-09-16 20:00:00+00:00,2025-09-16 16:00:00+00:00,1758038400000,0.0001
2025-09-17 00:00:00+00:00,2025-09-17 00:00:00+00:00,1758067200000,-6.571e-05
2025-09-17 04:00:00+00:00,2025-09-17 00:00:00+00:00,1758067200000,-6.571e-05
2025-09-17 08:00:00+00:00,2025-09-17 08:00:00+00:00,1758096000000,1.583e-05
2025-09-17 12:00:00+00:00,2025-09-17 08:00:00+00:00,1758096000000,1.583e-05
2025-09-17 16:00:00+00:00,2025-09-17 16:00:00+00:00,1758124800000,0.0001
2025-09-17 20:00:00+00:00,2025-09-17 16:00:00+00:00,1758124800000,0.0001
2025-09-18 00:00:00+00:00,2025-09-18 00:00:00+00:00,1758153600000,0.0001
2025-09-18 04:00:00+00:00,2025-09-18 00:00:00+00:00,1758153600000,0.0001
2025-09-18 08:00:00+00:00,2025-09-18 08:00:00+00:00,1758182400000,0.0001
2025-09-18 12:00:00+00:00,2025-09-18 08:00:00+00:00,1758182400000,0.0001
2025-09-18 16:00:00+00:00,2025-09-18 16:00:00+00:00,1758211200000,-4.35e-06
2025-09-18 20:00:00+00:00,2025-09-18 16:00:00+00:00,1758211200000,-4.35e-06
2025-09-19 00:00:00+00:00,2025-09-19 00:00:00+00:00,1758240000000,3.709e-05
2025-09-19 04:00:00+00:00,2025-09-19 00:00:00+00:00,1758240000000,3.709e-05
2025-09-19 08:00:00+00:00,2025-09-19 08:00:00+00:00,1758268800000,4.876e-05
2025-09-19 12:00:00+00:00,2025-09-19 08:00:00+00:00,1758268800000,4.876e-05
2025-09-19 16:00:00+00:00,2025-09-19 16:00:00+00:00,1758297600000,3.466e-05
2025-09-19 20:00:00+00:00,2025-09-19 16:00:00+00:00,1758297600000,3.466e-05
2025-09-20 00:00:00+00:00,2025-09-20 00:00:00+00:00,1758326400000,0.0001
2025-09-20 04:00:00+00:00,2025-09-20 00:00:00+00:00,1758326400000,0.0001
2025-09-20 08:00:00+00:00,2025-09-20 08:00:00+00:00,1758355200000,-5.2e-07
2025-09-20 12:00:00+00:00,2025-09-20 08:00:00+00:00,1758355200000,-5.2e-07
2025-09-20 16:00:00+00:00,2025-09-20 16:00:00+00:00,1758384000000,-3.312e-05
2025-09-20 20:00:00+00:00,2025-09-20 16:00:00+00:00,1758384000000,-3.312e-05
2025-09-21 00:00:00+00:00,2025-09-21 00:00:00+00:00,1758412800000,-6.625e-05
2025-09-21 04:00:00+00:00,2025-09-21 00:00:00+00:00,1758412800000,-6.625e-05
2025-09-21 08:00:00+00:00,2025-09-21 08:00:00+00:00,1758441600000,-2.376e-05
2025-09-21 12:00:00+00:00,2025-09-21 08:00:00+00:00,1758441600000,-2.376e-05
2025-09-21 16:00:00+00:00,2025-09-21 16:00:00+00:00,1758470400000,6.986e-05
2025-09-21 20:00:00+00:00,2025-09-21 16:00:00+00:00,1758470400000,6.986e-05
2025-09-22 00:00:00+00:00,2025-09-22 00:00:00+00:00,1758499200000,9.212e-05
2025-09-22 04:00:00+00:00,2025-09-22 00:00:00+00:00,1758499200000,9.212e-05
2025-09-22 08:00:00+00:00,2025-09-22 08:00:00+00:00,1758528000000,0.0001
2025-09-22 12:00:00+00:00,2025-09-22 08:00:00+00:00,1758528000000,0.0001
2025-09-22 16:00:00+00:00,2025-09-22 16:00:00+00:00,1758556800000,0.0001
2025-09-22 20:00:00+00:00,2025-09-22 16:00:00+00:00,1758556800000,0.0001
2025-09-23 00:00:00+00:00,2025-09-23 00:00:00+00:00,1758585600000,7.935e-05
2025-09-23 04:00:00+00:00,2025-09-23 00:00:00+00:00,1758585600000,7.935e-05
2025-09-23 08:00:00+00:00,2025-09-23 08:00:00+00:00,1758614400000,0.0001
2025-09-23 12:00:00+00:00,2025-09-23 08:00:00+00:00,1758614400000,0.0001
2025-09-23 16:00:00+00:00,2025-09-23 16:00:00+00:00,1758643200000,-1.409e-05
2025-09-23 20:00:00+00:00,2025-09-23 16:00:00+00:00,1758643200000,-1.409e-05
2025-09-24 00:00:00+00:00,2025-09-24 00:00:00+00:00,1758672000000,0.0001
2025-09-24 04:00:00+00:00,2025-09-24 00:00:00+00:00,1758672000000,0.0001
2025-09-24 08:00:00+00:00,2025-09-24 08:00:00+00:00,1758700800000,0.0001
2025-09-24 12:00:00+00:00,2025-09-24 08:00:00+00:00,1758700800000,0.0001
2025-09-24 16:00:00+00:00,2025-09-24 16:00:00+00:00,1758729600000,0.0001
2025-09-24 20:00:00+00:00,2025-09-24 16:00:00+00:00,1758729600000,0.0001
2025-09-25 00:00:00+00:00,2025-09-25 00:00:00+00:00,1758758400000,-6.742e-05
2025-09-25 04:00:00+00:00,2025-09-25 00:00:00+00:00,1758758400000,-6.742e-05
2025-09-25 08:00:00+00:00,2025-09-25 08:00:00+00:00,1758787200000,2.75e-05
2025-09-25 12:00:00+00:00,2025-09-25 08:00:00+00:00,1758787200000,2.75e-05
2025-09-25 16:00:00+00:00,2025-09-25 16:00:00+00:00,1758816000000,1.486e-05
2025-09-25 20:00:00+00:00,2025-09-25 16:00:00+00:00,1758816000000,1.486e-05
2025-09-26 00:00:00+00:00,2025-09-26 00:00:00+00:00,1758844800000,0.0001
2025-09-26 04:00:00+00:00,2025-09-26 00:00:00+00:00,1758844800000,0.0001
2025-09-26 08:00:00+00:00,2025-09-26 08:00:00+00:00,1758873600000,8.848e-05
2025-09-26 12:00:00+00:00,2025-09-26 08:00:00+00:00,1758873600000,8.848e-05
2025-09-26 16:00:00+00:00,2025-09-26 16:00:00+00:00,1758902400000,5.481e-05
2025-09-26 20:00:00+00:00,2025-09-26 16:00:00+00:00,1758902400000,5.481e-05
2025-09-27 00:00:00+00:00,2025-09-27 00:00:00+00:00,1758931200000,-0.0001506
2025-09-27 04:00:00+00:00,2025-09-27 00:00:00+00:00,1758931200000,-0.0001506
2025-09-27 08:00:00+00:00,2025-09-27 08:00:00+00:00,1758960000000,0.0001
2025-09-27 12:00:00+00:00,2025-09-27 08:00:00+00:00,1758960000000,0.0001
2025-09-27 16:00:00+00:00,2025-09-27 16:00:00+00:00,1758988800000,-6.497e-05
2025-09-27 20:00:00+00:00,2025-09-27 16:00:00+00:00,1758988800000,-6.497e-05
2025-09-28 00:00:00+00:00,2025-09-28 00:00:00+00:00,1759017600000,5.945e-05
2025-09-28 04:00:00+00:00,2025-09-28 00:00:00+00:00,1759017600000,5.945e-05
2025-09-28 08:00:00+00:00,2025-09-28 08:00:00+00:00,1759046400000,-8.305e-05
2025-09-28 12:00:00+00:00,2025-09-28 08:00:00+00:00,1759046400000,-8.305e-05
2025-09-28 16:00:00+00:00,2025-09-28 16:00:00+00:00,1759075200000,-0.00010293
2025-09-28 20:00:00+00:00,2025-09-28 16:00:00+00:00,1759075200000,-0.00010293
2025-09-29 00:00:00+00:00,2025-09-29 00:00:00+00:00,1759104000000,-4.679e-05
2025-09-29 04:00:00+00:00,2025-09-29 00:00:00+00:00,1759104000000,-4.679e-05
2025-09-29 08:00:00+00:00,2025-09-29 08:00:00+00:00,1759132800000,6.621e-05
2025-09-29 12:00:00+00:00,2025-09-29 08:00:00+00:00,1759132800000,6.621e-05
2025-09-29 16:00:00+00:00,2025-09-29 16:00:00+00:00,1759161600000,-5.79e-05
2025-09-29 20:00:00+00:00,2025-09-29 16:00:00+00:00,1759161600000,-5.79e-05
2025-09-30 00:00:00+00:00,2025-09-30 00:00:00+00:00,1759190400000,-0.00012244
2025-09-30 04:00:00+00:00,2025-09-30 00:00:00+00:00,1759190400000,-0.00012244
2025-09-30 08:00:00+00:00,2025-09-30 08:00:00+00:00,1759219200000,-7.473e-05
2025-09-30 12:00:00+00:00,2025-09-30 08:00:00+00:00,1759219200000,-7.473e-05
2025-09-30 16:00:00+00:00,2025-09-30 16:00:00+00:00,1759248000000,-0.00020483
2025-09-30 20:00:00+00:00,2025-09-30 16:00:00+00:00,1759248000000,-0.00020483
2025-10-01 00:00:00+00:00,2025-10-01 00:00:00+00:00,1759276800000,0.0001
2025-10-01 04:00:00+00:00,2025-10-01 00:00:00+00:00,1759276800000,0.0001
2025-10-01 08:00:00+00:00,2025-10-01 08:00:00+00:00,1759305600000,6.811e-05
2025-10-01 12:00:00+00:00,2025-10-01 08:00:00+00:00,1759305600000,6.811e-05
2025-10-01 16:00:00+00:00,2025-10-01 16:00:00+00:00,1759334400000,7.274e-05
2025-10-01 20:00:00+00:00,2025-10-01 16:00:00+00:00,1759334400000,7.274e-05
2025-10-02 00:00:00+00:00,2025-10-02 00:00:00+00:00,1759363200000,-4.674e-05
2025-10-02 04:00:00+00:00,2025-10-02 00:00:00+00:00,1759363200000,-4.674e-05
2025-10-02 08:00:00+00:00,2025-10-02 08:00:00+00:00,1759392000000,0.0001
2025-10-02 12:00:00+00:00,2025-10-02 08:00:00+00:00,1759392000000,0.0001
2025-10-02 16:00:00+00:00,2025-10-02 16:00:00+00:00,1759420800000,-4.032e-05
2025-10-02 20:00:00+00:00,2025-10-02 16:00:00+00:00,1759420800000,-4.032e-05
2025-10-03 00:00:00+00:00,2025-10-03 00:00:00+00:00,1759449600000,-0.00012444
2025-10-03 04:00:00+00:00,2025-10-03 00:00:00+00:00,1759449600000,-0.00012444
2025-10-03 08:00:00+00:00,2025-10-03 08:00:00+00:00,1759478400000,-6.942e-05
2025-10-03 12:00:00+00:00,2025-10-03 08:00:00+00:00,1759478400000,-6.942e-05
2025-10-03 16:00:00+00:00,2025-10-03 16:00:00+00:00,1759507200000,6.425e-05
2025-10-03 20:00:00+00:00,2025-10-03 16:00:00+00:00,1759507200000,6.425e-05
2025-10-04 00:00:00+00:00,2025-10-04 00:00:00+00:00,1759536000000,4.386e-05
2025-10-04 04:00:00+00:00,2025-10-04 00:00:00+00:00,1759536000000,4.386e-05
2025-10-04 08:00:00+00:00,2025-10-04 08:00:00+00:00,1759564800000,8.945e-05
2025-10-04 12:00:00+00:00,2025-10-04 08:00:00+00:00,1759564800000,8.945e-05
2025-10-04 16:00:00+00:00,2025-10-04 16:00:00+00:00,1759593600000,-1.092e-05
2025-10-04 20:00:00+00:00,2025-10-04 16:00:00+00:00,1759593600000,-1.092e-05
2025-10-05 00:00:00+00:00,2025-10-05 00:00:00+00:00,1759622400000,0.0001
2025-10-05 04:00:00+00:00,2025-10-05 00:00:00+00:00,1759622400000,0.0001
2025-10-05 08:00:00+00:00,2025-10-05 08:00:00+00:00,1759651200000,0.0001
2025-10-05 12:00:00+00:00,2025-10-05 08:00:00+00:00,1759651200000,0.0001
2025-10-05 16:00:00+00:00,2025-10-05 16:00:00+00:00,1759680000000,0.0001
2025-10-05 20:00:00+00:00,2025-10-05 16:00:00+00:00,1759680000000,0.0001
2025-10-06 00:00:00+00:00,2025-10-06 00:00:00+00:00,1759708800000,0.0001
2025-10-06 04:00:00+00:00,2025-10-06 00:00:00+00:00,1759708800000,0.0001
2025-10-06 08:00:00+00:00,2025-10-06 08:00:00+00:00,1759737600000,4.185e-05
2025-10-06 12:00:00+00:00,2025-10-06 08:00:00+00:00,1759737600000,4.185e-05
2025-10-06 16:00:00+00:00,2025-10-06 16:00:00+00:00,1759766400000,9.617e-05
2025-10-06 20:00:00+00:00,2025-10-06 16:00:00+00:00,1759766400000,9.617e-05
2025-10-07 00:00:00+00:00,2025-10-07 00:00:00+00:00,1759795200000,9.836e-05
2025-10-07 04:00:00+00:00,2025-10-07 00:00:00+00:00,1759795200000,9.836e-05
2025-10-07 08:00:00+00:00,2025-10-07 08:00:00+00:00,1759824000000,0.0001
2025-10-07 12:00:00+00:00,2025-10-07 08:00:00+00:00,1759824000000,0.0001
2025-10-07 16:00:00+00:00,2025-10-07 16:00:00+00:00,1759852800000,0.0001
2025-10-07 20:00:00+00:00,2025-10-07 16:00:00+00:00,1759852800000,0.0001
2025-10-08 00:00:00+00:00,2025-10-08 00:00:00+00:00,1759881600000,0.0001
2025-10-08 04:00:00+00:00,2025-10-08 00:00:00+00:00,1759881600000,0.0001
2025-10-08 08:00:00+00:00,2025-10-08 08:00:00+00:00,1759910400000,1.35e-06
2025-10-08 12:00:00+00:00,2025-10-08 08:00:00+00:00,1759910400000,1.35e-06
2025-10-08 16:00:00+00:00,2025-10-08 16:00:00+00:00,1759939200000,-1.501e-05
2025-10-08 20:00:00+00:00,2025-10-08 16:00:00+00:00,1759939200000,-1.501e-05
2025-10-09 00:00:00+00:00,2025-10-09 00:00:00+00:00,1759968000000,3.559e-05
2025-10-09 04:00:00+00:00,2025-10-09 00:00:00+00:00,1759968000000,3.559e-05
2025-10-09 08:00:00+00:00,2025-10-09 08:00:00+00:00,1759996800000,2.954e-05
2025-10-09 12:00:00+00:00,2025-10-09 08:00:00+00:00,1759996800000,2.954e-05
2025-10-09 16:00:00+00:00,2025-10-09 16:00:00+00:00,1760025600000,7.18e-06
2025-10-09 20:00:00+00:00,2025-10-09 16:00:00+00:00,1760025600000,7.18e-06
2025-10-10 00:00:00+00:00,2025-10-10 00:00:00+00:00,1760054400000,8.556e-05
2025-10-10 04:00:00+00:00,2025-10-10 00:00:00+00:00,1760054400000,8.556e-05
2025-10-10 08:00:00+00:00,2025-10-10 08:00:00+00:00,1760083200000,3.914e-05
2025-10-10 12:00:00+00:00,2025-10-10 08:00:00+00:00,1760083200000,3.914e-05
2025-10-10 16:00:00+00:00,2025-10-10 16:00:00+00:00,1760112000000,2.645e-05
2025-10-10 20:00:00+00:00,2025-10-10 16:00:00+00:00,1760112000000,2.645e-05
2025-10-11 00:00:00+00:00,2025-10-11 00:00:00+00:00,1760140800000,-0.005
2025-10-11 04:00:00+00:00,2025-10-11 00:00:00+00:00,1760140800000,-0.005
2025-10-11 08:00:00+00:00,2025-10-11 08:00:00+00:00,1760169600000,-0.0013404
2025-10-11 12:00:00+00:00,2025-10-11 08:00:00+00:00,1760169600000,-0.0013404
2025-10-11 16:00:00+00:00,2025-10-11 16:00:00+00:00,1760198400000,-0.00105851
2025-10-11 20:00:00+00:00,2025-10-11 16:00:00+00:00,1760198400000,-0.00105851
2025-10-12 00:00:00+00:00,2025-10-12 00:00:00+00:00,1760227200000,-0.0009887
2025-10-12 04:00:00+00:00,2025-10-12 00:00:00+00:00,1760227200000,-0.0009887
2025-10-12 08:00:00+00:00,2025-10-12 08:00:00+00:00,1760256000000,-0.00083268
2025-10-12 12:00:00+00:00,2025-10-12 08:00:00+00:00,1760256000000,-0.00083268
2025-10-12 16:00:00+00:00,2025-10-12 16:00:00+00:00,1760284800000,-0.00064656
2025-10-12 20:00:00+00:00,2025-10-12 16:00:00+00:00,1760284800000,-0.00064656
2025-10-13 00:00:00+00:00,2025-10-13 00:00:00+00:00,1760313600000,-0.00035161
2025-10-13 04:00:00+00:00,2025-10-13 00:00:00+00:00,1760313600000,-0.00035161
2025-10-13 08:00:00+00:00,2025-10-13 08:00:00+00:00,1760342400000,-0.00025959
2025-10-13 12:00:00+00:00,2025-10-13 08:00:00+00:00,1760342400000,-0.00025959
2025-10-13 16:00:00+00:00,2025-10-13 16:00:00+00:00,1760371200000,-8.112e-05
2025-10-13 20:00:00+00:00,2025-10-13 16:00:00+00:00,1760371200000,-8.112e-05
2025-10-14 00:00:00+00:00,2025-10-14 00:00:00+00:00,1760400000000,6.827e-05
2025-10-14 04:00:00+00:00,2025-10-14 00:00:00+00:00,1760400000000,6.827e-05
2025-10-14 08:00:00+00:00,2025-10-14 08:00:00+00:00,1760428800000,-6.85e-06
2025-10-14 12:00:00+00:00,2025-10-14 08:00:00+00:00,1760428800000,-6.85e-06
2025-10-14 16:00:00+00:00,2025-10-14 16:00:00+00:00,1760457600000,-0.00013326
2025-10-14 20:00:00+00:00,2025-10-14 16:00:00+00:00,1760457600000,-0.00013326
2025-10-15 00:00:00+00:00,2025-10-15 00:00:00+00:00,1760486400000,-1.7e-06
2025-10-15 04:00:00+00:00,2025-10-15 00:00:00+00:00,1760486400000,-1.7e-06
2025-10-15 08:00:00+00:00,2025-10-15 08:00:00+00:00,1760515200000,0.0001
2025-10-15 12:00:00+00:00,2025-10-15 08:00:00+00:00,1760515200000,0.0001
2025-10-15 16:00:00+00:00,2025-10-15 16:00:00+00:00,1760544000000,4.574e-05
2025-10-15 20:00:00+00:00,2025-10-15 16:00:00+00:00,1760544000000,4.574e-05
2025-10-16 00:00:00+00:00,2025-10-16 00:00:00+00:00,1760572800000,-4.681e-05
2025-10-16 04:00:00+00:00,2025-10-16 00:00:00+00:00,1760572800000,-4.681e-05
2025-10-16 08:00:00+00:00,2025-10-16 08:00:00+00:00,1760601600000,-9.003e-05
2025-10-16 12:00:00+00:00,2025-10-16 08:00:00+00:00,1760601600000,-9.003e-05
2025-10-16 16:00:00+00:00,2025-10-16 16:00:00+00:00,1760630400000,-0.00013074
2025-10-16 20:00:00+00:00,2025-10-16 16:00:00+00:00,1760630400000,-0.00013074
2025-10-17 00:00:00+00:00,2025-10-17 00:00:00+00:00,1760659200000,-2.322e-05
2025-10-17 04:00:00+00:00,2025-10-17 00:00:00+00:00,1760659200000,-2.322e-05
2025-10-17 08:00:00+00:00,2025-10-17 08:00:00+00:00,1760688000000,9.66e-06
2025-10-17 12:00:00+00:00,2025-10-17 08:00:00+00:00,1760688000000,9.66e-06
2025-10-17 16:00:00+00:00,2025-10-17 16:00:00+00:00,1760716800000,5.126e-05
2025-10-17 20:00:00+00:00,2025-10-17 16:00:00+00:00,1760716800000,5.126e-05
2025-10-18 00:00:00+00:00,2025-10-18 00:00:00+00:00,1760745600000,-1.689e-05
2025-10-18 04:00:00+00:00,2025-10-18 00:00:00+00:00,1760745600000,-1.689e-05
2025-10-18 08:00:00+00:00,2025-10-18 08:00:00+00:00,1760774400000,-1.703e-05
2025-10-18 12:00:00+00:00,2025-10-18 08:00:00+00:00,1760774400000,-1.703e-05
2025-10-18 16:00:00+00:00,2025-10-18 16:00:00+00:00,1760803200000,-7.805e-05
2025-10-18 20:00:00+00:00,2025-10-18 16:00:00+00:00,1760803200000,-7.805e-05
2025-10-19 00:00:00+00:00,2025-10-19 00:00:00+00:00,1760832000000,0.0001
2025-10-19 04:00:00+00:00,2025-10-19 00:00:00+00:00,1760832000000,0.0001
2025-10-19 08:00:00+00:00,2025-10-19 08:00:00+00:00,1760860800000,5.227e-05
2025-10-19 12:00:00+00:00,2025-10-19 08:00:00+00:00,1760860800000,5.227e-05
2025-10-19 16:00:00+00:00,2025-10-19 16:00:00+00:00,1760889600000,7.382e-05
2025-10-19 20:00:00+00:00,2025-10-19 16:00:00+00:00,1760889600000,7.382e-05
2025-10-20 00:00:00+00:00,2025-10-20 00:00:00+00:00,1760918400000,-1.176e-05
2025-10-20 04:00:00+00:00,2025-10-20 00:00:00+00:00,1760918400000,-1.176e-05
2025-10-20 08:00:00+00:00,2025-10-20 08:00:00+00:00,1760947200000,-3.182e-05
2025-10-20 12:00:00+00:00,2025-10-20 08:00:00+00:00,1760947200000,-3.182e-05
2025-10-20 16:00:00+00:00,2025-10-20 16:00:00+00:00,1760976000000,3.824e-05
2025-10-20 20:00:00+00:00,2025-10-20 16:00:00+00:00,1760976000000,3.824e-05
2025-10-21 00:00:00+00:00,2025-10-21 00:00:00+00:00,1761004800000,8.238e-05
2025-10-21 04:00:00+00:00,2025-10-21 00:00:00+00:00,1761004800000,8.238e-05
2025-10-21 08:00:00+00:00,2025-10-21 08:00:00+00:00,1761033600000,-8.084e-05
2025-10-21 12:00:00+00:00,2025-10-21 08:00:00+00:00,1761033600000,-8.084e-05
2025-10-21 16:00:00+00:00,2025-10-21 16:00:00+00:00,1761062400000,9.479e-05
2025-10-21 20:00:00+00:00,2025-10-21 16:00:00+00:00,1761062400000,9.479e-05
2025-10-22 00:00:00+00:00,2025-10-22 00:00:00+00:00,1761091200000,0.0001
2025-10-22 04:00:00+00:00,2025-10-22 00:00:00+00:00,1761091200000,0.0001
2025-10-22 08:00:00+00:00,2025-10-22 08:00:00+00:00,1761120000000,-8.685e-05
2025-10-22 12:00:00+00:00,2025-10-22 08:00:00+00:00,1761120000000,-8.685e-05
2025-10-22 16:00:00+00:00,2025-10-22 16:00:00+00:00,1761148800000,7.068e-05
2025-10-22 20:00:00+00:00,2025-10-22 16:00:00+00:00,1761148800000,7.068e-05
2025-10-23 00:00:00+00:00,2025-10-23 00:00:00+00:00,1761177600000,-0.00015234
2025-10-23 04:00:00+00:00,2025-10-23 00:00:00+00:00,1761177600000,-0.00015234
2025-10-23 08:00:00+00:00,2025-10-23 08:00:00+00:00,1761206400000,8.553e-05
2025-10-23 12:00:00+00:00,2025-10-23 08:00:00+00:00,1761206400000,8.553e-05
2025-10-23 16:00:00+00:00,2025-10-23 16:00:00+00:00,1761235200000,0.0001
2025-10-23 20:00:00+00:00,2025-10-23 16:00:00+00:00,1761235200000,0.0001
2025-10-24 00:00:00+00:00,2025-10-24 00:00:00+00:00,1761264000000,7.581e-05
2025-10-24 04:00:00+00:00,2025-10-24 00:00:00+00:00,1761264000000,7.581e-05
2025-10-24 08:00:00+00:00,2025-10-24 08:00:00+00:00,1761292800000,7.286e-05
2025-10-24 12:00:00+00:00,2025-10-24 08:00:00+00:00,1761292800000,7.286e-05
2025-10-24 16:00:00+00:00,2025-10-24 16:00:00+00:00,1761321600000,-4.96e-05
2025-10-24 20:00:00+00:00,2025-10-24 16:00:00+00:00,1761321600000,-4.96e-05
2025-10-25 00:00:00+00:00,2025-10-25 00:00:00+00:00,1761350400000,-2.462e-05
2025-10-25 04:00:00+00:00,2025-10-25 00:00:00+00:00,1761350400000,-2.462e-05
2025-10-25 08:00:00+00:00,2025-10-25 08:00:00+00:00,1761379200000,5.127e-05
2025-10-25 12:00:00+00:00,2025-10-25 08:00:00+00:00,1761379200000,5.127e-05
2025-10-25 16:00:00+00:00,2025-10-25 16:00:00+00:00,1761408000000,-2.844e-05
2025-10-25 20:00:00+00:00,2025-10-25 16:00:00+00:00,1761408000000,-2.844e-05
2025-10-26 00:00:00+00:00,2025-10-26 00:00:00+00:00,1761436800000,0.0001
2025-10-26 04:00:00+00:00,2025-10-26 00:00:00+00:00,1761436800000,0.0001
2025-10-26 08:00:00+00:00,2025-10-26 08:00:00+00:00,1761465600000,9.11e-06
2025-10-26 12:00:00+00:00,2025-10-26 08:00:00+00:00,1761465600000,9.11e-06
2025-10-26 16:00:00+00:00,2025-10-26 16:00:00+00:00,1761494400000,0.0001
2025-10-26 20:00:00+00:00,2025-10-26 16:00:00+00:00,1761494400000,0.0001
2025-10-27 00:00:00+00:00,2025-10-27 00:00:00+00:00,1761523200000,0.0001
2025-10-27 04:00:00+00:00,2025-10-27 00:00:00+00:00,1761523200000,0.0001
2025-10-27 08:00:00+00:00,2025-10-27 08:00:00+00:00,1761552000000,0.0001
2025-10-27 12:00:00+00:00,2025-10-27 08:00:00+00:00,1761552000000,0.0001
2025-10-27 16:00:00+00:00,2025-10-27 16:00:00+00:00,1761580800000,0.0001
2025-10-27 20:00:00+00:00,2025-10-27 16:00:00+00:00,1761580800000,0.0001
2025-10-28 00:00:00+00:00,2025-10-28 00:00:00+00:00,1761609600000,0.0001
2025-10-28 04:00:00+00:00,2025-10-28 00:00:00+00:00,1761609600000,0.0001
2025-10-28 08:00:00+00:00,2025-10-28 08:00:00+00:00,1761638400000,0.0001
2025-10-28 12:00:00+00:00,2025-10-28 08:00:00+00:00,1761638400000,0.0001
2025-10-28 16:00:00+00:00,2025-10-28 16:00:00+00:00,1761667200000,9.77e-06
2025-10-28 20:00:00+00:00,2025-10-28 16:00:00+00:00,1761667200000,9.77e-06
2025-10-29 00:00:00+00:00,2025-10-29 00:00:00+00:00,1761696000000,-7.865e-05
2025-10-29 04:00:00+00:00,2025-10-29 00:00:00+00:00,1761696000000,-7.865e-05
2025-10-29 08:00:00+00:00,2025-10-29 08:00:00+00:00,1761724800000,-0.00013817
2025-10-29 12:00:00+00:00,2025-10-29 08:00:00+00:00,1761724800000,-0.00013817
2025-10-29 16:00:00+00:00,2025-10-29 16:00:00+00:00,1761753600000,9.876e-05
2025-10-29 20:00:00+00:00,2025-10-29 16:00:00+00:00,1761753600000,9.876e-05
2025-10-30 00:00:00+00:00,2025-10-30 00:00:00+00:00,1761782400000,0.0001
2025-10-30 04:00:00+00:00,2025-10-30 00:00:00+00:00,1761782400000,0.0001
2025-10-30 08:00:00+00:00,2025-10-30 08:00:00+00:00,1761811200000,4.868e-05
2025-10-30 12:00:00+00:00,2025-10-30 08:00:00+00:00,1761811200000,4.868e-05
2025-10-30 16:00:00+00:00,2025-10-30 16:00:00+00:00,1761840000000,-0.00020137
2025-10-30 20:00:00+00:00,2025-10-30 16:00:00+00:00,1761840000000,-0.00020137
2025-10-31 00:00:00+00:00,2025-10-31 00:00:00+00:00,1761868800000,-0.00031579
2025-10-31 04:00:00+00:00,2025-10-31 00:00:00+00:00,1761868800000,-0.00031579
2025-10-31 08:00:00+00:00,2025-10-31 08:00:00+00:00,1761897600000,-0.00011473
2025-10-31 12:00:00+00:00,2025-10-31 08:00:00+00:00,1761897600000,-0.00011473
2025-10-31 16:00:00+00:00,2025-10-31 16:00:00+00:00,1761926400000,3.848e-05
2025-10-31 20:00:00+00:00,2025-10-31 16:00:00+00:00,1761926400000,3.848e-05
2025-11-01 00:00:00+00:00,2025-11-01 00:00:00+00:00,1761955200000,-3.725e-05
2025-11-01 04:00:00+00:00,2025-11-01 00:00:00+00:00,1761955200000,-3.725e-05
2025-11-01 08:00:00+00:00,2025-11-01 08:00:00+00:00,1761984000000,-7.199e-05
2025-11-01 12:00:00+00:00,2025-11-01 08:00:00+00:00,1761984000000,-7.199e-05
2025-11-01 16:00:00+00:00,2025-11-01 16:00:00+00:00,1762012800000,-0.00013984
2025-11-01 20:00:00+00:00,2025-11-01 16:00:00+00:00,1762012800000,-0.00013984
2025-11-02 00:00:00+00:00,2025-11-02 00:00:00+00:00,1762041600000,2.928e-05
2025-11-02 04:00:00+00:00,2025-11-02 00:00:00+00:00,1762041600000,2.928e-05
2025-11-02 08:00:00+00:00,2025-11-02 08:00:00+00:00,1762070400000,-4.542e-05
2025-11-02 12:00:00+00:00,2025-11-02 08:00:00+00:00,1762070400000,-4.542e-05
2025-11-02 16:00:00+00:00,2025-11-02 16:00:00+00:00,1762099200000,-0.00023247
2025-11-02 20:00:00+00:00,2025-11-02 16:00:00+00:00,1762099200000,-0.00023247
2025-11-03 00:00:00+00:00,2025-11-03 00:00:00+00:00,1762128000000,3.085e-05
2025-11-03 04:00:00+00:00,2025-11-03 00:00:00+00:00,1762128000000,3.085e-05
2025-11-03 08:00:00+00:00,2025-11-03 08:00:00+00:00,1762156800000,-0.00025425
2025-11-03 12:00:00+00:00,2025-11-03 08:00:00+00:00,1762156800000,-0.00025425
2025-11-03 16:00:00+00:00,2025-11-03 16:00:00+00:00,1762185600000,-0.00019325
2025-11-03 20:00:00+00:00,2025-11-03 16:00:00+00:00,1762185600000,-0.00019325
2025-11-04 00:00:00+00:00,2025-11-04 00:00:00+00:00,1762214400000,-0.00023304
2025-11-04 04:00:00+00:00,2025-11-04 00:00:00+00:00,1762214400000,-0.00023304
2025-11-04 08:00:00+00:00,2025-11-04 08:00:00+00:00,1762243200000,-2.901e-05
2025-11-04 12:00:00+00:00,2025-11-04 08:00:00+00:00,1762243200000,-2.901e-05
2025-11-04 16:00:00+00:00,2025-11-04 16:00:00+00:00,1762272000000,0.0001
2025-11-04 20:00:00+00:00,2025-11-04 16:00:00+00:00,1762272000000,0.0001
2025-11-05 00:00:00+00:00,2025-11-05 00:00:00+00:00,1762300800000,7.083e-05
2025-11-05 04:00:00+00:00,2025-11-05 00:00:00+00:00,1762300800000,7.083e-05
2025-11-05 08:00:00+00:00,2025-11-05 08:00:00+00:00,1762329600000,-5.255e-05
2025-11-05 12:00:00+00:00,2025-11-05 08:00:00+00:00,1762329600000,-5.255e-05
2025-11-05 16:00:00+00:00,2025-11-05 16:00:00+00:00,1762358400000,-0.00012985
2025-11-05 20:00:00+00:00,2025-11-05 16:00:00+00:00,1762358400000,-0.00012985
2025-11-06 00:00:00+00:00,2025-11-06 00:00:00+00:00,1762387200000,-9.513e-05
2025-11-06 04:00:00+00:00,2025-11-06 00:00:00+00:00,1762387200000,-9.513e-05
2025-11-06 08:00:00+00:00,2025-11-06 08:00:00+00:00,1762416000000,5.022e-05
2025-11-06 12:00:00+00:00,2025-11-06 08:00:00+00:00,1762416000000,5.022e-05
2025-11-06 16:00:00+00:00,2025-11-06 16:00:00+00:00,1762444800000,5.65e-06
2025-11-06 20:00:00+00:00,2025-11-06 16:00:00+00:00,1762444800000,5.65e-06
2025-11-07 00:00:00+00:00,2025-11-07 00:00:00+00:00,1762473600000,-4.728e-05
2025-11-07 04:00:00+00:00,2025-11-07 00:00:00+00:00,1762473600000,-4.728e-05
2025-11-07 08:00:00+00:00,2025-11-07 08:00:00+00:00,1762502400000,-2.817e-05
2025-11-07 12:00:00+00:00,2025-11-07 08:00:00+00:00,1762502400000,-2.817e-05
2025-11-07 16:00:00+00:00,2025-11-07 16:00:00+00:00,1762531200000,1.957e-05
2025-11-07 20:00:00+00:00,2025-11-07 16:00:00+00:00,1762531200000,1.957e-05
2025-11-08 00:00:00+00:00,2025-11-08 00:00:00+00:00,1762560000000,-3.561e-05
2025-11-08 04:00:00+00:00,2025-11-08 00:00:00+00:00,1762560000000,-3.561e-05
2025-11-08 08:00:00+00:00,2025-11-08 08:00:00+00:00,1762588800000,7.541e-05
2025-11-08 12:00:00+00:00,2025-11-08 08:00:00+00:00,1762588800000,7.541e-05
2025-11-08 16:00:00+00:00,2025-11-08 16:00:00+00:00,1762617600000,5.165e-05
2025-11-08 20:00:00+00:00,2025-11-08 16:00:00+00:00,1762617600000,5.165e-05
2025-11-09 00:00:00+00:00,2025-11-09 00:00:00+00:00,1762646400000,-0.00014189
2025-11-09 04:00:00+00:00,2025-11-09 00:00:00+00:00,1762646400000,-0.00014189
2025-11-09 08:00:00+00:00,2025-11-09 08:00:00+00:00,1762675200000,5.741e-05
2025-11-09 12:00:00+00:00,2025-11-09 08:00:00+00:00,1762675200000,5.741e-05
2025-11-09 16:00:00+00:00,2025-11-09 16:00:00+00:00,1762704000000,6.502e-05
2025-11-09 20:00:00+00:00,2025-11-09 16:00:00+00:00,1762704000000,6.502e-05
2025-11-10 00:00:00+00:00,2025-11-10 00:00:00+00:00,1762732800000,0.0001
2025-11-10 04:00:00+00:00,2025-11-10 00:00:00+00:00,1762732800000,0.0001
2025-11-10 08:00:00+00:00,2025-11-10 08:00:00+00:00,1762761600000,4.49e-06
2025-11-10 12:00:00+00:00,2025-11-10 08:00:00+00:00,1762761600000,4.49e-06
2025-11-10 16:00:00+00:00,2025-11-10 16:00:00+00:00,1762790400000,2.97e-06
2025-11-10 20:00:00+00:00,2025-11-10 16:00:00+00:00,1762790400000,2.97e-06
2025-11-11 00:00:00+00:00,2025-11-11 00:00:00+00:00,1762819200000,4.142e-05
2025-11-11 04:00:00+00:00,2025-11-11 00:00:00+00:00,1762819200000,4.142e-05
2025-11-11 08:00:00+00:00,2025-11-11 08:00:00+00:00,1762848000000,1.453e-05
2025-11-11 12:00:00+00:00,2025-11-11 08:00:00+00:00,1762848000000,1.453e-05
2025-11-11 16:00:00+00:00,2025-11-11 16:00:00+00:00,1762876800000,1.739e-05
2025-11-11 20:00:00+00:00,2025-11-11 16:00:00+00:00,1762876800000,1.739e-05
2025-11-12 00:00:00+00:00,2025-11-12 00:00:00+00:00,1762905600000,-3.92e-06
2025-11-12 04:00:00+00:00,2025-11-12 00:00:00+00:00,1762905600000,-3.92e-06
2025-11-12 08:00:00+00:00,2025-11-12 08:00:00+00:00,1762934400000,-0.00024482
2025-11-12 12:00:00+00:00,2025-11-12 08:00:00+00:00,1762934400000,-0.00024482
2025-11-12 16:00:00+00:00,2025-11-12 16:00:00+00:00,1762963200000,2.608e-05
2025-11-12 20:00:00+00:00,2025-11-12 16:00:00+00:00,1762963200000,2.608e-05
2025-11-13 00:00:00+00:00,2025-11-13 00:00:00+00:00,1762992000000,-9.866e-05
2025-11-13 04:00:00+00:00,2025-11-13 00:00:00+00:00,1762992000000,-9.866e-05
2025-11-13 08:00:00+00:00,2025-11-13 08:00:00+00:00,1763020800000,8.571e-05
2025-11-13 12:00:00+00:00,2025-11-13 08:00:00+00:00,1763020800000,8.571e-05
2025-11-13 16:00:00+00:00,2025-11-13 16:00:00+00:00,1763049600000,3.949e-05
2025-11-13 20:00:00+00:00,2025-11-13 16:00:00+00:00,1763049600000,3.949e-05
2025-11-14 00:00:00+00:00,2025-11-14 00:00:00+00:00,1763078400000,-0.00024169
2025-11-14 04:00:00+00:00,2025-11-14 00:00:00+00:00,1763078400000,-0.00024169
2025-11-14 08:00:00+00:00,2025-11-14 08:00:00+00:00,1763107200000,2.64e-05
2025-11-14 12:00:00+00:00,2025-11-14 08:00:00+00:00,1763107200000,2.64e-05
2025-11-14 16:00:00+00:00,2025-11-14 16:00:00+00:00,1763136000000,0.0001
2025-11-14 20:00:00+00:00,2025-11-14 16:00:00+00:00,1763136000000,0.0001
2025-11-15 00:00:00+00:00,2025-11-15 00:00:00+00:00,1763164800000,8.891e-05
2025-11-15 04:00:00+00:00,2025-11-15 00:00:00+00:00,1763164800000,8.891e-05
2025-11-15 08:00:00+00:00,2025-11-15 08:00:00+00:00,1763193600000,0.0001
2025-11-15 12:00:00+00:00,2025-11-15 08:00:00+00:00,1763193600000,0.0001
2025-11-15 16:00:00+00:00,2025-11-15 16:00:00+00:00,1763222400000,0.0001
2025-11-15 20:00:00+00:00,2025-11-15 16:00:00+00:00,1763222400000,0.0001
2025-11-16 00:00:00+00:00,2025-11-16 00:00:00+00:00,1763251200000,-2.784e-05
2025-11-16 04:00:00+00:00,2025-11-16 00:00:00+00:00,1763251200000,-2.784e-05
2025-11-16 08:00:00+00:00,2025-11-16 08:00:00+00:00,1763280000000,8.564e-05
2025-11-16 12:00:00+00:00,2025-11-16 08:00:00+00:00,1763280000000,8.564e-05
2025-11-16 16:00:00+00:00,2025-11-16 16:00:00+00:00,1763308800000,3.378e-05
2025-11-16 20:00:00+00:00,2025-11-16 16:00:00+00:00,1763308800000,3.378e-05
2025-11-17 00:00:00+00:00,2025-11-17 00:00:00+00:00,1763337600000,4.672e-05
2025-11-17 04:00:00+00:00,2025-11-17 00:00:00+00:00,1763337600000,4.672e-05
2025-11-17 08:00:00+00:00,2025-11-17 08:00:00+00:00,1763366400000,0.0001
2025-11-17 12:00:00+00:00,2025-11-17 08:00:00+00:00,1763366400000,0.0001
2025-11-17 16:00:00+00:00,2025-11-17 16:00:00+00:00,1763395200000,0.0001
2025-11-17 20:00:00+00:00,2025-11-17 16:00:00+00:00,1763395200000,0.0001
2025-11-18 00:00:00+00:00,2025-11-18 00:00:00+00:00,1763424000000,-6.876e-05
2025-11-18 04:00:00+00:00,2025-11-18 00:00:00+00:00,1763424000000,-6.876e-05
2025-11-18 08:00:00+00:00,2025-11-18 08:00:00+00:00,1763452800000,0.0001
2025-11-18 12:00:00+00:00,2025-11-18 08:00:00+00:00,1763452800000,0.0001
2025-11-18 16:00:00+00:00,2025-11-18 16:00:00+00:00,1763481600000,0.0001
2025-11-18 20:00:00+00:00,2025-11-18 16:00:00+00:00,1763481600000,0.0001
2025-11-19 00:00:00+00:00,2025-11-19 00:00:00+00:00,1763510400000,0.0001
2025-11-19 04:00:00+00:00,2025-11-19 00:00:00+00:00,1763510400000,0.0001
2025-11-19 08:00:00+00:00,2025-11-19 08:00:00+00:00,1763539200000,-8.26e-06
2025-11-19 12:00:00+00:00,2025-11-19 08:00:00+00:00,1763539200000,-8.26e-06
2025-11-19 16:00:00+00:00,2025-11-19 16:00:00+00:00,1763568000000,-5.753e-05
2025-11-19 20:00:00+00:00,2025-11-19 16:00:00+00:00,1763568000000,-5.753e-05
2025-11-20 00:00:00+00:00,2025-11-20 00:00:00+00:00,1763596800000,-9.576e-05
2025-11-20 04:00:00+00:00,2025-11-20 00:00:00+00:00,1763596800000,-9.576e-05
2025-11-20 08:00:00+00:00,2025-11-20 08:00:00+00:00,1763625600000,0.0001
2025-11-20 12:00:00+00:00,2025-11-20 08:00:00+00:00,1763625600000,0.0001
2025-11-20 16:00:00+00:00,2025-11-20 16:00:00+00:00,1763654400000,0.0001
2025-11-20 20:00:00+00:00,2025-11-20 16:00:00+00:00,1763654400000,0.0001
2025-11-21 00:00:00+00:00,2025-11-21 00:00:00+00:00,1763683200000,-0.00011016
2025-11-21 04:00:00+00:00,2025-11-21 00:00:00+00:00,1763683200000,-0.00011016
2025-11-21 08:00:00+00:00,2025-11-21 08:00:00+00:00,1763712000000,-4.222e-05
2025-11-21 12:00:00+00:00,2025-11-21 08:00:00+00:00,1763712000000,-4.222e-05
2025-11-21 16:00:00+00:00,2025-11-21 16:00:00+00:00,1763740800000,-6.26e-05
2025-11-21 20:00:00+00:00,2025-11-21 16:00:00+00:00,1763740800000,-6.26e-05
2025-11-22 00:00:00+00:00,2025-11-22 00:00:00+00:00,1763769600000,1.092e-05
2025-11-22 04:00:00+00:00,2025-11-22 00:00:00+00:00,1763769600000,1.092e-05
2025-11-22 08:00:00+00:00,2025-11-22 08:00:00+00:00,1763798400000,-6.255e-05
2025-11-22 12:00:00+00:00,2025-11-22 08:00:00+00:00,1763798400000,-6.255e-05
2025-11-22 16:00:00+00:00,2025-11-22 16:00:00+00:00,1763827200000,-8.7e-06
2025-11-22 20:00:00+00:00,2025-11-22 16:00:00+00:00,1763827200000,-8.7e-06
2025-11-23 00:00:00+00:00,2025-11-23 00:00:00+00:00,1763856000000,8.48e-06
2025-11-23 04:00:00+00:00,2025-11-23 00:00:00+00:00,1763856000000,8.48e-06
2025-11-23 08:00:00+00:00,2025-11-23 08:00:00+00:00,1763884800000,-8.151e-05
2025-11-23 12:00:00+00:00,2025-11-23 08:00:00+00:00,1763884800000,-8.151e-05
2025-11-23 16:00:00+00:00,2025-11-23 16:00:00+00:00,1763913600000,-2.576e-05
2025-11-23 20:00:00+00:00,2025-11-23 16:00:00+00:00,1763913600000,-2.576e-05
2025-11-24 00:00:00+00:00,2025-11-24 00:00:00+00:00,1763942400000,-3.813e-05
2025-11-24 04:00:00+00:00,2025-11-24 00:00:00+00:00,1763942400000,-3.813e-05
2025-11-24 08:00:00+00:00,2025-11-24 08:00:00+00:00,1763971200000,-7.702e-05
2025-11-24 12:00:00+00:00,2025-11-24 08:00:00+00:00,1763971200000,-7.702e-05
2025-11-24 16:00:00+00:00,2025-11-24 16:00:00+00:00,1764000000000,1.344e-05
2025-11-24 20:00:00+00:00,2025-11-24 16:00:00+00:00,1764000000000,1.344e-05
2025-11-25 00:00:00+00:00,2025-11-25 00:00:00+00:00,1764028800000,2.435e-05
2025-11-25 04:00:00+00:00,2025-11-25 00:00:00+00:00,1764028800000,2.435e-05
2025-11-25 08:00:00+00:00,2025-11-25 08:00:00+00:00,1764057600000,1.454e-05
2025-11-25 12:00:00+00:00,2025-11-25 08:00:00+00:00,1764057600000,1.454e-05
2025-11-25 16:00:00+00:00,2025-11-25 16:00:00+00:00,1764086400000,-0.00013203
2025-11-25 20:00:00+00:00,2025-11-25 16:00:00+00:00,1764086400000,-0.00013203
2025-11-26 00:00:00+00:00,2025-11-26 00:00:00+00:00,1764115200000,8.959e-05
2025-11-26 04:00:00+00:00,2025-11-26 00:00:00+00:00,1764115200000,8.959e-05
2025-11-26 08:00:00+00:00,2025-11-26 08:00:00+00:00,1764144000000,0.0001
2025-11-26 12:00:00+00:00,2025-11-26 08:00:00+00:00,1764144000000,0.0001
2025-11-26 16:00:00+00:00,2025-11-26 16:00:00+00:00,1764172800000,-8.657e-05
2025-11-26 20:00:00+00:00,2025-11-26 16:00:00+00:00,1764172800000,-8.657e-05
2025-11-27 00:00:00+00:00,2025-11-27 00:00:00+00:00,1764201600000,0.0001
2025-11-27 04:00:00+00:00,2025-11-27 00:00:00+00:00,1764201600000,0.0001
2025-11-27 08:00:00+00:00,2025-11-27 08:00:00+00:00,1764230400000,-7.465e-05
2025-11-27 12:00:00+00:00,2025-11-27 08:00:00+00:00,1764230400000,-7.465e-05
2025-11-27 16:00:00+00:00,2025-11-27 16:00:00+00:00,1764259200000,-7e-08
2025-11-27 20:00:00+00:00,2025-11-27 16:00:00+00:00,1764259200000,-7e-08
2025-11-28 00:00:00+00:00,2025-11-28 00:00:00+00:00,1764288000000,3.973e-05
2025-11-28 04:00:00+00:00,2025-11-28 00:00:00+00:00,1764288000000,3.973e-05
2025-11-28 08:00:00+00:00,2025-11-28 08:00:00+00:00,1764316800000,-5.079e-05
2025-11-28 12:00:00+00:00,2025-11-28 08:00:00+00:00,1764316800000,-5.079e-05
2025-11-28 16:00:00+00:00,2025-11-28 16:00:00+00:00,1764345600000,-2.103e-05
2025-11-28 20:00:00+00:00,2025-11-28 16:00:00+00:00,1764345600000,-2.103e-05
2025-11-29 00:00:00+00:00,2025-11-29 00:00:00+00:00,1764374400000,-0.00012826
2025-11-29 04:00:00+00:00,2025-11-29 00:00:00+00:00,1764374400000,-0.00012826
2025-11-29 08:00:00+00:00,2025-11-29 08:00:00+00:00,1764403200000,1.159e-05
2025-11-29 12:00:00+00:00,2025-11-29 08:00:00+00:00,1764403200000,1.159e-05
2025-11-29 16:00:00+00:00,2025-11-29 16:00:00+00:00,1764432000000,-5.103e-05
2025-11-29 20:00:00+00:00,2025-11-29 16:00:00+00:00,1764432000000,-5.103e-05
2025-11-30 00:00:00+00:00,2025-11-30 00:00:00+00:00,1764460800000,-2.346e-05
2025-11-30 04:00:00+00:00,2025-11-30 00:00:00+00:00,1764460800000,-2.346e-05
2025-11-30 08:00:00+00:00,2025-11-30 08:00:00+00:00,1764489600000,-3.214e-05
2025-11-30 12:00:00+00:00,2025-11-30 08:00:00+00:00,1764489600000,-3.214e-05
2025-11-30 16:00:00+00:00,2025-11-30 16:00:00+00:00,1764518400000,4.467e-05
2025-11-30 20:00:00+00:00,2025-11-30 16:00:00+00:00,1764518400000,4.467e-05
2025-12-01 00:00:00+00:00,2025-12-01 00:00:00+00:00,1764547200000,4.659e-05
2025-12-01 04:00:00+00:00,2025-12-01 00:00:00+00:00,1764547200000,4.659e-05
2025-12-01 08:00:00+00:00,2025-12-01 08:00:00+00:00,1764576000000,-0.00015064
2025-12-01 12:00:00+00:00,2025-12-01 08:00:00+00:00,1764576000000,-0.00015064
2025-12-01 16:00:00+00:00,2025-12-01 16:00:00+00:00,1764604800000,2.398e-05
2025-12-01 20:00:00+00:00,2025-12-01 16:00:00+00:00,1764604800000,2.398e-05
2025-12-02 00:00:00+00:00,2025-12-02 00:00:00+00:00,1764633600000,-7.235e-05
2025-12-02 04:00:00+00:00,2025-12-02 00:00:00+00:00,1764633600000,-7.235e-05
2025-12-02 08:00:00+00:00,2025-12-02 08:00:00+00:00,1764662400000,-4.384e-05
2025-12-02 12:00:00+00:00,2025-12-02 08:00:00+00:00,1764662400000,-4.384e-05
2025-12-02 16:00:00+00:00,2025-12-02 16:00:00+00:00,1764691200000,4.751e-05
2025-12-02 20:00:00+00:00,2025-12-02 16:00:00+00:00,1764691200000,4.751e-05
2025-12-03 00:00:00+00:00,2025-12-03 00:00:00+00:00,1764720000000,0.0001
2025-12-03 04:00:00+00:00,2025-12-03 00:00:00+00:00,1764720000000,0.0001
2025-12-03 08:00:00+00:00,2025-12-03 08:00:00+00:00,1764748800000,0.0001
2025-12-03 12:00:00+00:00,2025-12-03 08:00:00+00:00,1764748800000,0.0001
2025-12-03 16:00:00+00:00,2025-12-03 16:00:00+00:00,1764777600000,0.0001
2025-12-03 20:00:00+00:00,2025-12-03 16:00:00+00:00,1764777600000,0.0001
2025-12-04 00:00:00+00:00,2025-12-04 00:00:00+00:00,1764806400000,0.0001
2025-12-04 04:00:00+00:00,2025-12-04 00:00:00+00:00,1764806400000,0.0001
2025-12-04 08:00:00+00:00,2025-12-04 08:00:00+00:00,1764835200000,0.0001
2025-12-04 12:00:00+00:00,2025-12-04 08:00:00+00:00,1764835200000,0.0001
2025-12-04 16:00:00+00:00,2025-12-04 16:00:00+00:00,1764864000000,9.219e-05
2025-12-04 20:00:00+00:00,2025-12-04 16:00:00+00:00,1764864000000,9.219e-05
2025-12-05 00:00:00+00:00,2025-12-05 00:00:00+00:00,1764892800000,4.266e-05
2025-12-05 04:00:00+00:00,2025-12-05 00:00:00+00:00,1764892800000,4.266e-05
2025-12-05 08:00:00+00:00,2025-12-05 08:00:00+00:00,1764921600000,-2.26e-06
2025-12-05 12:00:00+00:00,2025-12-05 08:00:00+00:00,1764921600000,-2.26e-06
2025-12-05 16:00:00+00:00,2025-12-05 16:00:00+00:00,1764950400000,-3.8e-06
2025-12-05 20:00:00+00:00,2025-12-05 16:00:00+00:00,1764950400000,-3.8e-06
2025-12-06 00:00:00+00:00,2025-12-06 00:00:00+00:00,1764979200000,-7.268e-05
2025-12-06 04:00:00+00:00,2025-12-06 00:00:00+00:00,1764979200000,-7.268e-05
2025-12-06 08:00:00+00:00,2025-12-06 08:00:00+00:00,1765008000000,3.533e-05
2025-12-06 12:00:00+00:00,2025-12-06 08:00:00+00:00,1765008000000,3.533e-05
2025-12-06 16:00:00+00:00,2025-12-06 16:00:00+00:00,1765036800000,-7.856e-05
2025-12-06 20:00:00+00:00,2025-12-06 16:00:00+00:00,1765036800000,-7.856e-05
2025-12-07 00:00:00+00:00,2025-12-07 00:00:00+00:00,1765065600000,-0.0001402
2025-12-07 04:00:00+00:00,2025-12-07 00:00:00+00:00,1765065600000,-0.0001402
2025-12-07 08:00:00+00:00,2025-12-07 08:00:00+00:00,1765094400000,-5.048e-05
2025-12-07 12:00:00+00:00,2025-12-07 08:00:00+00:00,1765094400000,-5.048e-05
2025-12-07 16:00:00+00:00,2025-12-07 16:00:00+00:00,1765123200000,-7.999e-05
2025-12-07 20:00:00+00:00,2025-12-07 16:00:00+00:00,1765123200000,-7.999e-05
2025-12-08 00:00:00+00:00,2025-12-08 00:00:00+00:00,1765152000000,-4.497e-05
2025-12-08 04:00:00+00:00,2025-12-08 00:00:00+00:00,1765152000000,-4.497e-05
2025-12-08 08:00:00+00:00,2025-12-08 08:00:00+00:00,1765180800000,-7e-08
2025-12-08 12:00:00+00:00,2025-12-08 08:00:00+00:00,1765180800000,-7e-08
2025-12-08 16:00:00+00:00,2025-12-08 16:00:00+00:00,1765209600000,7.622e-05
2025-12-08 20:00:00+00:00,2025-12-08 16:00:00+00:00,1765209600000,7.622e-05
2025-12-09 00:00:00+00:00,2025-12-09 00:00:00+00:00,1765238400000,-0.00014921
2025-12-09 04:00:00+00:00,2025-12-09 00:00:00+00:00,1765238400000,-0.00014921
2025-12-09 08:00:00+00:00,2025-12-09 08:00:00+00:00,1765267200000,-7.015e-05
2025-12-09 12:00:00+00:00,2025-12-09 08:00:00+00:00,1765267200000,-7.015e-05
2025-12-09 16:00:00+00:00,2025-12-09 16:00:00+00:00,1765296000000,-0.00014138
2025-12-09 20:00:00+00:00,2025-12-09 16:00:00+00:00,1765296000000,-0.00014138
2025-12-10 00:00:00+00:00,2025-12-10 00:00:00+00:00,1765324800000,0.0001
2025-12-10 04:00:00+00:00,2025-12-10 00:00:00+00:00,1765324800000,0.0001
2025-12-10 08:00:00+00:00,2025-12-10 08:00:00+00:00,1765353600000,5e-05
2025-12-10 12:00:00+00:00,2025-12-10 08:00:00+00:00,1765353600000,5e-05
2025-12-10 16:00:00+00:00,2025-12-10 16:00:00+00:00,1765382400000,3.757e-05
2025-12-10 20:00:00+00:00,2025-12-10 16:00:00+00:00,1765382400000,3.757e-05
2025-12-11 00:00:00+00:00,2025-12-11 00:00:00+00:00,1765411200000,-2.945e-05
2025-12-11 04:00:00+00:00,2025-12-11 00:00:00+00:00,1765411200000,-2.945e-05
2025-12-11 08:00:00+00:00,2025-12-11 08:00:00+00:00,1765440000000,-0.00012512
2025-12-11 12:00:00+00:00,2025-12-11 08:00:00+00:00,1765440000000,-0.00012512
2025-12-11 16:00:00+00:00,2025-12-11 16:00:00+00:00,1765468800000,-0.00014146
2025-12-11 20:00:00+00:00,2025-12-11 16:00:00+00:00,1765468800000,-0.00014146
2025-12-12 00:00:00+00:00,2025-12-12 00:00:00+00:00,1765497600000,5.401e-05
2025-12-12 04:00:00+00:00,2025-12-12 00:00:00+00:00,1765497600000,5.401e-05
2025-12-12 08:00:00+00:00,2025-12-12 08:00:00+00:00,1765526400000,0.0001
2025-12-12 12:00:00+00:00,2025-12-12 08:00:00+00:00,1765526400000,0.0001
2025-12-12 16:00:00+00:00,2025-12-12 16:00:00+00:00,1765555200000,0.0001
2025-12-12 20:00:00+00:00,2025-12-12 16:00:00+00:00,1765555200000,0.0001
2025-12-13 00:00:00+00:00,2025-12-13 00:00:00+00:00,1765584000000,-0.00013076
2025-12-13 04:00:00+00:00,2025-12-13 00:00:00+00:00,1765584000000,-0.00013076
2025-12-13 08:00:00+00:00,2025-12-13 08:00:00+00:00,1765612800000,-3.064e-05
2025-12-13 12:00:00+00:00,2025-12-13 08:00:00+00:00,1765612800000,-3.064e-05
2025-12-13 16:00:00+00:00,2025-12-13 16:00:00+00:00,1765641600000,-2.919e-05
2025-12-13 20:00:00+00:00,2025-12-13 16:00:00+00:00,1765641600000,-2.919e-05
2025-12-14 00:00:00+00:00,2025-12-14 00:00:00+00:00,1765670400000,6.131e-05
2025-12-14 04:00:00+00:00,2025-12-14 00:00:00+00:00,1765670400000,6.131e-05
2025-12-14 08:00:00+00:00,2025-12-14 08:00:00+00:00,1765699200000,-2.059e-05
2025-12-14 12:00:00+00:00,2025-12-14 08:00:00+00:00,1765699200000,-2.059e-05
2025-12-14 16:00:00+00:00,2025-12-14 16:00:00+00:00,1765728000000,-5.459e-05
2025-12-14 20:00:00+00:00,2025-12-14 16:00:00+00:00,1765728000000,-5.459e-05
2025-12-15 00:00:00+00:00,2025-12-15 00:00:00+00:00,1765756800000,-5.42e-06
2025-12-15 04:00:00+00:00,2025-12-15 00:00:00+00:00,1765756800000,-5.42e-06
2025-12-15 08:00:00+00:00,2025-12-15 08:00:00+00:00,1765785600000,0.0001
2025-12-15 12:00:00+00:00,2025-12-15 08:00:00+00:00,1765785600000,0.0001
2025-12-15 16:00:00+00:00,2025-12-15 16:00:00+00:00,1765814400000,0.0001
2025-12-15 20:00:00+00:00,2025-12-15 16:00:00+00:00,1765814400000,0.0001
2025-12-16 00:00:00+00:00,2025-12-16 00:00:00+00:00,1765843200000,-0.00010668
2025-12-16 04:00:00+00:00,2025-12-16 00:00:00+00:00,1765843200000,-0.00010668
2025-12-16 08:00:00+00:00,2025-12-16 08:00:00+00:00,1765872000000,-8.418e-05
2025-12-16 12:00:00+00:00,2025-12-16 08:00:00+00:00,1765872000000,-8.418e-05
2025-12-16 16:00:00+00:00,2025-12-16 16:00:00+00:00,1765900800000,5.453e-05
2025-12-16 20:00:00+00:00,2025-12-16 16:00:00+00:00,1765900800000,5.453e-05
2025-12-17 00:00:00+00:00,2025-12-17 00:00:00+00:00,1765929600000,1.634e-05
2025-12-17 04:00:00+00:00,2025-12-17 00:00:00+00:00,1765929600000,1.634e-05
2025-12-17 08:00:00+00:00,2025-12-17 08:00:00+00:00,1765958400000,0.0001
2025-12-17 12:00:00+00:00,2025-12-17 08:00:00+00:00,1765958400000,0.0001
2025-12-17 16:00:00+00:00,2025-12-17 16:00:00+00:00,1765987200000,0.0001
2025-12-17 20:00:00+00:00,2025-12-17 16:00:00+00:00,1765987200000,0.0001
2025-12-18 00:00:00+00:00,2025-12-18 00:00:00+00:00,1766016000000,-7.083e-05
2025-12-18 04:00:00+00:00,2025-12-18 00:00:00+00:00,1766016000000,-7.083e-05
2025-12-18 08:00:00+00:00,2025-12-18 08:00:00+00:00,1766044800000,0.0001
2025-12-18 12:00:00+00:00,2025-12-18 08:00:00+00:00,1766044800000,0.0001
2025-12-18 16:00:00+00:00,2025-12-18 16:00:00+00:00,1766073600000,9.609e-05
2025-12-18 20:00:00+00:00,2025-12-18 16:00:00+00:00,1766073600000,9.609e-05
2025-12-19 00:00:00+00:00,2025-12-19 00:00:00+00:00,1766102400000,-0.00017425
2025-12-19 04:00:00+00:00,2025-12-19 00:00:00+00:00,1766102400000,-0.00017425
2025-12-19 08:00:00+00:00,2025-12-19 08:00:00+00:00,1766131200000,0.0001
2025-12-19 12:00:00+00:00,2025-12-19 08:00:00+00:00,1766131200000,0.0001
2025-12-19 16:00:00+00:00,2025-12-19 16:00:00+00:00,1766160000000,0.0001
2025-12-19 20:00:00+00:00,2025-12-19 16:00:00+00:00,1766160000000,0.0001
2025-12-20 00:00:00+00:00,2025-12-20 00:00:00+00:00,1766188800000,0.0001
2025-12-20 04:00:00+00:00,2025-12-20 00:00:00+00:00,1766188800000,0.0001
2025-12-20 08:00:00+00:00,2025-12-20 08:00:00+00:00,1766217600000,-1.075e-05
2025-12-20 12:00:00+00:00,2025-12-20 08:00:00+00:00,1766217600000,-1.075e-05
2025-12-20 16:00:00+00:00,2025-12-20 16:00:00+00:00,1766246400000,2.123e-05
2025-12-20 20:00:00+00:00,2025-12-20 16:00:00+00:00,1766246400000,2.123e-05
2025-12-21 00:00:00+00:00,2025-12-21 00:00:00+00:00,1766275200000,2.781e-05
2025-12-21 04:00:00+00:00,2025-12-21 00:00:00+00:00,1766275200000,2.781e-05
2025-12-21 08:00:00+00:00,2025-12-21 08:00:00+00:00,1766304000000,7.371e-05
2025-12-21 12:00:00+00:00,2025-12-21 08:00:00+00:00,1766304000000,7.371e-05
2025-12-21 16:00:00+00:00,2025-12-21 16:00:00+00:00,1766332800000,-5.777e-05
2025-12-21 20:00:00+00:00,2025-12-21 16:00:00+00:00,1766332800000,-5.777e-05
2025-12-22 00:00:00+00:00,2025-12-22 00:00:00+00:00,1766361600000,1.203e-05
2025-12-22 04:00:00+00:00,2025-12-22 00:00:00+00:00,1766361600000,1.203e-05
2025-12-22 08:00:00+00:00,2025-12-22 08:00:00+00:00,1766390400000,3.938e-05
2025-12-22 12:00:00+00:00,2025-12-22 08:00:00+00:00,1766390400000,3.938e-05
2025-12-22 16:00:00+00:00,2025-12-22 16:00:00+00:00,1766419200000,1.417e-05
2025-12-22 20:00:00+00:00,2025-12-22 16:00:00+00:00,1766419200000,1.417e-05
2025-12-23 00:00:00+00:00,2025-12-23 00:00:00+00:00,1766448000000,-6.305e-05
2025-12-23 04:00:00+00:00,2025-12-23 00:00:00+00:00,1766448000000,-6.305e-05
2025-12-23 08:00:00+00:00,2025-12-23 08:00:00+00:00,1766476800000,4.638e-05
2025-12-23 12:00:00+00:00,2025-12-23 08:00:00+00:00,1766476800000,4.638e-05
2025-12-23 16:00:00+00:00,2025-12-23 16:00:00+00:00,1766505600000,-4.985e-05
2025-12-23 20:00:00+00:00,2025-12-23 16:00:00+00:00,1766505600000,-4.985e-05
2025-12-24 00:00:00+00:00,2025-12-24 00:00:00+00:00,1766534400000,7.768e-05
2025-12-24 04:00:00+00:00,2025-12-24 00:00:00+00:00,1766534400000,7.768e-05
2025-12-24 08:00:00+00:00,2025-12-24 08:00:00+00:00,1766563200000,-9.759e-05
2025-12-24 12:00:00+00:00,2025-12-24 08:00:00+00:00,1766563200000,-9.759e-05
2025-12-24 16:00:00+00:00,2025-12-24 16:00:00+00:00,1766592000000,4.039e-05
2025-12-24 20:00:00+00:00,2025-12-24 16:00:00+00:00,1766592000000,4.039e-05
2025-12-25 00:00:00+00:00,2025-12-25 00:00:00+00:00,1766620800000,0.0001
2025-12-25 04:00:00+00:00,2025-12-25 00:00:00+00:00,1766620800000,0.0001
2025-12-25 08:00:00+00:00,2025-12-25 08:00:00+00:00,1766649600000,0.0001
2025-12-25 12:00:00+00:00,2025-12-25 08:00:00+00:00,1766649600000,0.0001
2025-12-25 16:00:00+00:00,2025-12-25 16:00:00+00:00,1766678400000,-5.412e-05
2025-12-25 20:00:00+00:00,2025-12-25 16:00:00+00:00,1766678400000,-5.412e-05
2025-12-26 00:00:00+00:00,2025-12-26 00:00:00+00:00,1766707200000,3.57e-06
2025-12-26 04:00:00+00:00,2025-12-26 00:00:00+00:00,1766707200000,3.57e-06
2025-12-26 08:00:00+00:00,2025-12-26 08:00:00+00:00,1766736000000,9.506e-05
2025-12-26 12:00:00+00:00,2025-12-26 08:00:00+00:00,1766736000000,9.506e-05
2025-12-26 16:00:00+00:00,2025-12-26 16:00:00+00:00,1766764800000,0.0001
2025-12-26 20:00:00+00:00,2025-12-26 16:00:00+00:00,1766764800000,0.0001
2025-12-27 00:00:00+00:00,2025-12-27 00:00:00+00:00,1766793600000,-5.668e-05
2025-12-27 04:00:00+00:00,2025-12-27 00:00:00+00:00,1766793600000,-5.668e-05
2025-12-27 08:00:00+00:00,2025-12-27 08:00:00+00:00,1766822400000,0.0001
2025-12-27 12:00:00+00:00,2025-12-27 08:00:00+00:00,1766822400000,0.0001
2025-12-27 16:00:00+00:00,2025-12-27 16:00:00+00:00,1766851200000,0.0001
2025-12-27 20:00:00+00:00,2025-12-27 16:00:00+00:00,1766851200000,0.0001
2025-12-28 00:00:00+00:00,2025-12-28 00:00:00+00:00,1766880000000,0.0001
2025-12-28 04:00:00+00:00,2025-12-28 00:00:00+00:00,1766880000000,0.0001
2025-12-28 08:00:00+00:00,2025-12-28 08:00:00+00:00,1766908800000,4.03e-05
2025-12-28 12:00:00+00:00,2025-12-28 08:00:00+00:00,1766908800000,4.03e-05
2025-12-28 16:00:00+00:00,2025-12-28 16:00:00+00:00,1766937600000,8.458e-05
2025-12-28 20:00:00+00:00,2025-12-28 16:00:00+00:00,1766937600000,8.458e-05
2025-12-29 00:00:00+00:00,2025-12-29 00:00:00+00:00,1766966400000,6.393e-05
2025-12-29 04:00:00+00:00,2025-12-29 00:00:00+00:00,1766966400000,6.393e-05
2025-12-29 08:00:00+00:00,2025-12-29 08:00:00+00:00,1766995200000,0.0001
2025-12-29 12:00:00+00:00,2025-12-29 08:00:00+00:00,1766995200000,0.0001
2025-12-29 16:00:00+00:00,2025-12-29 16:00:00+00:00,1767024000000,4.048e-05
2025-12-29 20:00:00+00:00,2025-12-29 16:00:00+00:00,1767024000000,4.048e-05
2025-12-30 00:00:00+00:00,2025-12-30 00:00:00+00:00,1767052800000,-0.00014716
2025-12-30 04:00:00+00:00,2025-12-30 00:00:00+00:00,1767052800000,-0.00014716
2025-12-30 08:00:00+00:00,2025-12-30 08:00:00+00:00,1767081600000,-3.243e-05
2025-12-30 12:00:00+00:00,2025-12-30 08:00:00+00:00,1767081600000,-3.243e-05
2025-12-30 16:00:00+00:00,2025-12-30 16:00:00+00:00,1767110400000,0.0001
2025-12-30 20:00:00+00:00,2025-12-30 16:00:00+00:00,1767110400000,0.0001
2025-12-31 00:00:00+00:00,2025-12-31 00:00:00+00:00,1767139200000,0.0001
2025-12-31 04:00:00+00:00,2025-12-31 00:00:00+00:00,1767139200000,0.0001
2025-12-31 08:00:00+00:00,2025-12-31 08:00:00+00:00,1767168000000,2.201e-05
2025-12-31 12:00:00+00:00,2025-12-31 08:00:00+00:00,1767168000000,2.201e-05
2025-12-31 16:00:00+00:00,2025-12-31 16:00:00+00:00,1767196800000,0.0001
2025-12-31 20:00:00+00:00,2025-12-31 16:00:00+00:00,1767196800000,0.0001
2026-01-01 00:00:00+00:00,2026-01-01 00:00:00+00:00,1767225600000,0.0001
2026-01-01 04:00:00+00:00,2026-01-01 00:00:00+00:00,1767225600000,0.0001
2026-01-01 08:00:00+00:00,2026-01-01 08:00:00+00:00,1767254400000,0.0001
2026-01-01 12:00:00+00:00,2026-01-01 08:00:00+00:00,1767254400000,0.0001
2026-01-01 16:00:00+00:00,2026-01-01 16:00:00+00:00,1767283200000,0.0001
2026-01-01 20:00:00+00:00,2026-01-01 16:00:00+00:00,1767283200000,0.0001
2026-01-02 00:00:00+00:00,2026-01-02 00:00:00+00:00,1767312000000,0.0001
2026-01-02 04:00:00+00:00,2026-01-02 00:00:00+00:00,1767312000000,0.0001
2026-01-02 08:00:00+00:00,2026-01-02 08:00:00+00:00,1767340800000,0.0001
2026-01-02 12:00:00+00:00,2026-01-02 08:00:00+00:00,1767340800000,0.0001
2026-01-02 16:00:00+00:00,2026-01-02 16:00:00+00:00,1767369600000,0.0001
2026-01-02 20:00:00+00:00,2026-01-02 16:00:00+00:00,1767369600000,0.0001
2026-01-03 00:00:00+00:00,2026-01-03 00:00:00+00:00,1767398400000,0.0001
2026-01-03 04:00:00+00:00,2026-01-03 00:00:00+00:00,1767398400000,0.0001
2026-01-03 08:00:00+00:00,2026-01-03 08:00:00+00:00,1767427200000,9.48e-05
2026-01-03 12:00:00+00:00,2026-01-03 08:00:00+00:00,1767427200000,9.48e-05
2026-01-03 16:00:00+00:00,2026-01-03 16:00:00+00:00,1767456000000,4.915e-05
2026-01-03 20:00:00+00:00,2026-01-03 16:00:00+00:00,1767456000000,4.915e-05
2026-01-04 00:00:00+00:00,2026-01-04 00:00:00+00:00,1767484800000,2.958e-05
2026-01-04 04:00:00+00:00,2026-01-04 00:00:00+00:00,1767484800000,2.958e-05
2026-01-04 08:00:00+00:00,2026-01-04 08:00:00+00:00,1767513600000,5.793e-05
2026-01-04 12:00:00+00:00,2026-01-04 08:00:00+00:00,1767513600000,5.793e-05
2026-01-04 16:00:00+00:00,2026-01-04 16:00:00+00:00,1767542400000,6.096e-05
2026-01-04 20:00:00+00:00,2026-01-04 16:00:00+00:00,1767542400000,6.096e-05
2026-01-05 00:00:00+00:00,2026-01-05 00:00:00+00:00,1767571200000,-0.00012312
2026-01-05 04:00:00+00:00,2026-01-05 00:00:00+00:00,1767571200000,-0.00012312
2026-01-05 08:00:00+00:00,2026-01-05 08:00:00+00:00,1767600000000,-2.264e-05
2026-01-05 12:00:00+00:00,2026-01-05 08:00:00+00:00,1767600000000,-2.264e-05
2026-01-05 16:00:00+00:00,2026-01-05 16:00:00+00:00,1767628800000,9.05e-06
2026-01-05 20:00:00+00:00,2026-01-05 16:00:00+00:00,1767628800000,9.05e-06
2026-01-06 00:00:00+00:00,2026-01-06 00:00:00+00:00,1767657600000,0.0001
2026-01-06 04:00:00+00:00,2026-01-06 00:00:00+00:00,1767657600000,0.0001
2026-01-06 08:00:00+00:00,2026-01-06 08:00:00+00:00,1767686400000,-5.416e-05
2026-01-06 12:00:00+00:00,2026-01-06 08:00:00+00:00,1767686400000,-5.416e-05
2026-01-06 16:00:00+00:00,2026-01-06 16:00:00+00:00,1767715200000,3.383e-05
2026-01-06 20:00:00+00:00,2026-01-06 16:00:00+00:00,1767715200000,3.383e-05
2026-01-07 00:00:00+00:00,2026-01-07 00:00:00+00:00,1767744000000,8.991e-05
2026-01-07 04:00:00+00:00,2026-01-07 00:00:00+00:00,1767744000000,8.991e-05
2026-01-07 08:00:00+00:00,2026-01-07 08:00:00+00:00,1767772800000,-4.128e-05
2026-01-07 12:00:00+00:00,2026-01-07 08:00:00+00:00,1767772800000,-4.128e-05
2026-01-07 16:00:00+00:00,2026-01-07 16:00:00+00:00,1767801600000,-8.266e-05
2026-01-07 20:00:00+00:00,2026-01-07 16:00:00+00:00,1767801600000,-8.266e-05
2026-01-08 00:00:00+00:00,2026-01-08 00:00:00+00:00,1767830400000,-8.333e-05
2026-01-08 04:00:00+00:00,2026-01-08 00:00:00+00:00,1767830400000,-8.333e-05
2026-01-08 08:00:00+00:00,2026-01-08 08:00:00+00:00,1767859200000,-8.932e-05
2026-01-08 12:00:00+00:00,2026-01-08 08:00:00+00:00,1767859200000,-8.932e-05
2026-01-08 16:00:00+00:00,2026-01-08 16:00:00+00:00,1767888000000,1.846e-05
2026-01-08 20:00:00+00:00,2026-01-08 16:00:00+00:00,1767888000000,1.846e-05
2026-01-09 00:00:00+00:00,2026-01-09 00:00:00+00:00,1767916800000,0.0001
2026-01-09 04:00:00+00:00,2026-01-09 00:00:00+00:00,1767916800000,0.0001
2026-01-09 08:00:00+00:00,2026-01-09 08:00:00+00:00,1767945600000,4.117e-05
2026-01-09 12:00:00+00:00,2026-01-09 08:00:00+00:00,1767945600000,4.117e-05
2026-01-09 16:00:00+00:00,2026-01-09 16:00:00+00:00,1767974400000,-1.154e-05
2026-01-09 20:00:00+00:00,2026-01-09 16:00:00+00:00,1767974400000,-1.154e-05
2026-01-10 00:00:00+00:00,2026-01-10 00:00:00+00:00,1768003200000,-6.728e-05
2026-01-10 04:00:00+00:00,2026-01-10 00:00:00+00:00,1768003200000,-6.728e-05
2026-01-10 08:00:00+00:00,2026-01-10 08:00:00+00:00,1768032000000,0.0001
2026-01-10 12:00:00+00:00,2026-01-10 08:00:00+00:00,1768032000000,0.0001
2026-01-10 16:00:00+00:00,2026-01-10 16:00:00+00:00,1768060800000,0.0001
2026-01-10 20:00:00+00:00,2026-01-10 16:00:00+00:00,1768060800000,0.0001
2026-01-11 00:00:00+00:00,2026-01-11 00:00:00+00:00,1768089600000,5.345e-05
2026-01-11 04:00:00+00:00,2026-01-11 00:00:00+00:00,1768089600000,5.345e-05
2026-01-11 08:00:00+00:00,2026-01-11 08:00:00+00:00,1768118400000,8.715e-05
2026-01-11 12:00:00+00:00,2026-01-11 08:00:00+00:00,1768118400000,8.715e-05
2026-01-11 16:00:00+00:00,2026-01-11 16:00:00+00:00,1768147200000,9.039e-05
2026-01-11 20:00:00+00:00,2026-01-11 16:00:00+00:00,1768147200000,9.039e-05
2026-01-12 00:00:00+00:00,2026-01-12 00:00:00+00:00,1768176000000,7.264e-05
2026-01-12 04:00:00+00:00,2026-01-12 00:00:00+00:00,1768176000000,7.264e-05
2026-01-12 08:00:00+00:00,2026-01-12 08:00:00+00:00,1768204800000,2.374e-05
2026-01-12 12:00:00+00:00,2026-01-12 08:00:00+00:00,1768204800000,2.374e-05
2026-01-12 16:00:00+00:00,2026-01-12 16:00:00+00:00,1768233600000,-3.313e-05
2026-01-12 20:00:00+00:00,2026-01-12 16:00:00+00:00,1768233600000,-3.313e-05
2026-01-13 00:00:00+00:00,2026-01-13 00:00:00+00:00,1768262400000,-2.858e-05
2026-01-13 04:00:00+00:00,2026-01-13 00:00:00+00:00,1768262400000,-2.858e-05
2026-01-13 08:00:00+00:00,2026-01-13 08:00:00+00:00,1768291200000,6.693e-05
2026-01-13 12:00:00+00:00,2026-01-13 08:00:00+00:00,1768291200000,6.693e-05
2026-01-13 16:00:00+00:00,2026-01-13 16:00:00+00:00,1768320000000,0.0001
2026-01-13 20:00:00+00:00,2026-01-13 16:00:00+00:00,1768320000000,0.0001
2026-01-14 00:00:00+00:00,2026-01-14 00:00:00+00:00,1768348800000,0.0001
2026-01-14 04:00:00+00:00,2026-01-14 00:00:00+00:00,1768348800000,0.0001
2026-01-14 08:00:00+00:00,2026-01-14 08:00:00+00:00,1768377600000,0.0001
2026-01-14 12:00:00+00:00,2026-01-14 08:00:00+00:00,1768377600000,0.0001
2026-01-14 16:00:00+00:00,2026-01-14 16:00:00+00:00,1768406400000,6.261e-05
2026-01-14 20:00:00+00:00,2026-01-14 16:00:00+00:00,1768406400000,6.261e-05
2026-01-15 00:00:00+00:00,2026-01-15 00:00:00+00:00,1768435200000,-4.46e-05
2026-01-15 04:00:00+00:00,2026-01-15 00:00:00+00:00,1768435200000,-4.46e-05
2026-01-15 08:00:00+00:00,2026-01-15 08:00:00+00:00,1768464000000,-5.203e-05
2026-01-15 12:00:00+00:00,2026-01-15 08:00:00+00:00,1768464000000,-5.203e-05
2026-01-15 16:00:00+00:00,2026-01-15 16:00:00+00:00,1768492800000,-8.762e-05
2026-01-15 20:00:00+00:00,2026-01-15 16:00:00+00:00,1768492800000,-8.762e-05
2026-01-16 00:00:00+00:00,2026-01-16 00:00:00+00:00,1768521600000,-1.596e-05
2026-01-16 04:00:00+00:00,2026-01-16 00:00:00+00:00,1768521600000,-1.596e-05
2026-01-16 08:00:00+00:00,2026-01-16 08:00:00+00:00,1768550400000,5.228e-05
2026-01-16 12:00:00+00:00,2026-01-16 08:00:00+00:00,1768550400000,5.228e-05
2026-01-16 16:00:00+00:00,2026-01-16 16:00:00+00:00,1768579200000,-7.022e-05
2026-01-16 20:00:00+00:00,2026-01-16 16:00:00+00:00,1768579200000,-7.022e-05
2026-01-17 00:00:00+00:00,2026-01-17 00:00:00+00:00,1768608000000,0.0001
2026-01-17 04:00:00+00:00,2026-01-17 00:00:00+00:00,1768608000000,0.0001
2026-01-17 08:00:00+00:00,2026-01-17 08:00:00+00:00,1768636800000,0.0001
2026-01-17 12:00:00+00:00,2026-01-17 08:00:00+00:00,1768636800000,0.0001
2026-01-17 16:00:00+00:00,2026-01-17 16:00:00+00:00,1768665600000,-4.56e-05
2026-01-17 20:00:00+00:00,2026-01-17 16:00:00+00:00,1768665600000,-4.56e-05
2026-01-18 00:00:00+00:00,2026-01-18 00:00:00+00:00,1768694400000,1.518e-05
2026-01-18 04:00:00+00:00,2026-01-18 00:00:00+00:00,1768694400000,1.518e-05
2026-01-18 08:00:00+00:00,2026-01-18 08:00:00+00:00,1768723200000,-3.973e-05
2026-01-18 12:00:00+00:00,2026-01-18 08:00:00+00:00,1768723200000,-3.973e-05
2026-01-18 16:00:00+00:00,2026-01-18 16:00:00+00:00,1768752000000,1.959e-05
2026-01-18 20:00:00+00:00,2026-01-18 16:00:00+00:00,1768752000000,1.959e-05
2026-01-19 00:00:00+00:00,2026-01-19 00:00:00+00:00,1768780800000,-1.219e-05
2026-01-19 04:00:00+00:00,2026-01-19 00:00:00+00:00,1768780800000,-1.219e-05
2026-01-19 08:00:00+00:00,2026-01-19 08:00:00+00:00,1768809600000,-5.76e-05
2026-01-19 12:00:00+00:00,2026-01-19 08:00:00+00:00,1768809600000,-5.76e-05
2026-01-19 16:00:00+00:00,2026-01-19 16:00:00+00:00,1768838400000,7.248e-05
2026-01-19 20:00:00+00:00,2026-01-19 16:00:00+00:00,1768838400000,7.248e-05
2026-01-20 00:00:00+00:00,2026-01-20 00:00:00+00:00,1768867200000,6.149e-05
2026-01-20 04:00:00+00:00,2026-01-20 00:00:00+00:00,1768867200000,6.149e-05
2026-01-20 08:00:00+00:00,2026-01-20 08:00:00+00:00,1768896000000,0.0001
2026-01-20 12:00:00+00:00,2026-01-20 08:00:00+00:00,1768896000000,0.0001
2026-01-20 16:00:00+00:00,2026-01-20 16:00:00+00:00,1768924800000,2.253e-05
2026-01-20 20:00:00+00:00,2026-01-20 16:00:00+00:00,1768924800000,2.253e-05
2026-01-21 00:00:00+00:00,2026-01-21 00:00:00+00:00,1768953600000,2.061e-05
2026-01-21 04:00:00+00:00,2026-01-21 00:00:00+00:00,1768953600000,2.061e-05
2026-01-21 08:00:00+00:00,2026-01-21 08:00:00+00:00,1768982400000,-4.6e-07
2026-01-21 12:00:00+00:00,2026-01-21 08:00:00+00:00,1768982400000,-4.6e-07
2026-01-21 16:00:00+00:00,2026-01-21 16:00:00+00:00,1769011200000,0.0001
2026-01-21 20:00:00+00:00,2026-01-21 16:00:00+00:00,1769011200000,0.0001
2026-01-22 00:00:00+00:00,2026-01-22 00:00:00+00:00,1769040000000,8.58e-05
2026-01-22 04:00:00+00:00,2026-01-22 00:00:00+00:00,1769040000000,8.58e-05
2026-01-22 08:00:00+00:00,2026-01-22 08:00:00+00:00,1769068800000,-0.00010193
2026-01-22 12:00:00+00:00,2026-01-22 08:00:00+00:00,1769068800000,-0.00010193
2026-01-22 16:00:00+00:00,2026-01-22 16:00:00+00:00,1769097600000,-3.367e-05
2026-01-22 20:00:00+00:00,2026-01-22 16:00:00+00:00,1769097600000,-3.367e-05
2026-01-23 00:00:00+00:00,2026-01-23 00:00:00+00:00,1769126400000,-2.553e-05
2026-01-23 04:00:00+00:00,2026-01-23 00:00:00+00:00,1769126400000,-2.553e-05
2026-01-23 08:00:00+00:00,2026-01-23 08:00:00+00:00,1769155200000,4.41e-05
2026-01-23 12:00:00+00:00,2026-01-23 08:00:00+00:00,1769155200000,4.41e-05
2026-01-23 16:00:00+00:00,2026-01-23 16:00:00+00:00,1769184000000,-2.645e-05
2026-01-23 20:00:00+00:00,2026-01-23 16:00:00+00:00,1769184000000,-2.645e-05
2026-01-24 00:00:00+00:00,2026-01-24 00:00:00+00:00,1769212800000,-1.877e-05
2026-01-24 04:00:00+00:00,2026-01-24 00:00:00+00:00,1769212800000,-1.877e-05
2026-01-24 08:00:00+00:00,2026-01-24 08:00:00+00:00,1769241600000,-2.918e-05
2026-01-24 12:00:00+00:00,2026-01-24 08:00:00+00:00,1769241600000,-2.918e-05
2026-01-24 16:00:00+00:00,2026-01-24 16:00:00+00:00,1769270400000,5.257e-05
2026-01-24 20:00:00+00:00,2026-01-24 16:00:00+00:00,1769270400000,5.257e-05
2026-01-25 00:00:00+00:00,2026-01-25 00:00:00+00:00,1769299200000,4.383e-05
2026-01-25 04:00:00+00:00,2026-01-25 00:00:00+00:00,1769299200000,4.383e-05
2026-01-25 08:00:00+00:00,2026-01-25 08:00:00+00:00,1769328000000,-5.626e-05
2026-01-25 12:00:00+00:00,2026-01-25 08:00:00+00:00,1769328000000,-5.626e-05
2026-01-25 16:00:00+00:00,2026-01-25 16:00:00+00:00,1769356800000,4.117e-05
2026-01-25 20:00:00+00:00,2026-01-25 16:00:00+00:00,1769356800000,4.117e-05
2026-01-26 00:00:00+00:00,2026-01-26 00:00:00+00:00,1769385600000,-0.00022908
2026-01-26 04:00:00+00:00,2026-01-26 00:00:00+00:00,1769385600000,-0.00022908
2026-01-26 08:00:00+00:00,2026-01-26 08:00:00+00:00,1769414400000,1.33e-05
2026-01-26 12:00:00+00:00,2026-01-26 08:00:00+00:00,1769414400000,1.33e-05
2026-01-26 16:00:00+00:00,2026-01-26 16:00:00+00:00,1769443200000,5.551e-05
2026-01-26 20:00:00+00:00,2026-01-26 16:00:00+00:00,1769443200000,5.551e-05
2026-01-27 00:00:00+00:00,2026-01-27 00:00:00+00:00,1769472000000,-5.3e-06
2026-01-27 04:00:00+00:00,2026-01-27 00:00:00+00:00,1769472000000,-5.3e-06
2026-01-27 08:00:00+00:00,2026-01-27 08:00:00+00:00,1769500800000,4.55e-06
2026-01-27 12:00:00+00:00,2026-01-27 08:00:00+00:00,1769500800000,4.55e-06
2026-01-27 16:00:00+00:00,2026-01-27 16:00:00+00:00,1769529600000,2.247e-05
2026-01-27 20:00:00+00:00,2026-01-27 16:00:00+00:00,1769529600000,2.247e-05
2026-01-28 00:00:00+00:00,2026-01-28 00:00:00+00:00,1769558400000,6.121e-05
2026-01-28 04:00:00+00:00,2026-01-28 00:00:00+00:00,1769558400000,6.121e-05
2026-01-28 08:00:00+00:00,2026-01-28 08:00:00+00:00,1769587200000,-3.599e-05
2026-01-28 12:00:00+00:00,2026-01-28 08:00:00+00:00,1769587200000,-3.599e-05
2026-01-28 16:00:00+00:00,2026-01-28 16:00:00+00:00,1769616000000,-2.462e-05
2026-01-28 20:00:00+00:00,2026-01-28 16:00:00+00:00,1769616000000,-2.462e-05
2026-01-29 00:00:00+00:00,2026-01-29 00:00:00+00:00,1769644800000,2.59e-05
2026-01-29 04:00:00+00:00,2026-01-29 00:00:00+00:00,1769644800000,2.59e-05
2026-01-29 08:00:00+00:00,2026-01-29 08:00:00+00:00,1769673600000,-3.824e-05
2026-01-29 12:00:00+00:00,2026-01-29 08:00:00+00:00,1769673600000,-3.824e-05
2026-01-29 16:00:00+00:00,2026-01-29 16:00:00+00:00,1769702400000,-5.722e-05
2026-01-29 20:00:00+00:00,2026-01-29 16:00:00+00:00,1769702400000,-5.722e-05
2026-01-30 00:00:00+00:00,2026-01-30 00:00:00+00:00,1769731200000,-0.00012454
2026-01-30 04:00:00+00:00,2026-01-30 00:00:00+00:00,1769731200000,-0.00012454
2026-01-30 08:00:00+00:00,2026-01-30 08:00:00+00:00,1769760000000,-8.344e-05
2026-01-30 12:00:00+00:00,2026-01-30 08:00:00+00:00,1769760000000,-8.344e-05
2026-01-30 16:00:00+00:00,2026-01-30 16:00:00+00:00,1769788800000,-0.00012209
2026-01-30 20:00:00+00:00,2026-01-30 16:00:00+00:00,1769788800000,-0.00012209
2026-01-31 00:00:00+00:00,2026-01-31 00:00:00+00:00,1769817600000,-5.101e-05
2026-01-31 04:00:00+00:00,2026-01-31 00:00:00+00:00,1769817600000,-5.101e-05
2026-01-31 08:00:00+00:00,2026-01-31 08:00:00+00:00,1769846400000,-0.00014608
2026-01-31 12:00:00+00:00,2026-01-31 08:00:00+00:00,1769846400000,-0.00014608
2026-01-31 16:00:00+00:00,2026-01-31 16:00:00+00:00,1769875200000,-0.00013336
2026-01-31 20:00:00+00:00,2026-01-31 16:00:00+00:00,1769875200000,-0.00013336
2026-02-01 00:00:00+00:00,2026-02-01 00:00:00+00:00,1769904000000,-0.00046188
2026-02-01 04:00:00+00:00,2026-02-01 00:00:00+00:00,1769904000000,-0.00046188
2026-02-01 08:00:00+00:00,2026-02-01 08:00:00+00:00,1769932800000,2.496e-05
2026-02-01 12:00:00+00:00,2026-02-01 08:00:00+00:00,1769932800000,2.496e-05
2026-02-01 16:00:00+00:00,2026-02-01 16:00:00+00:00,1769961600000,-3.551e-05
2026-02-01 20:00:00+00:00,2026-02-01 16:00:00+00:00,1769961600000,-3.551e-05
2026-02-02 00:00:00+00:00,2026-02-02 00:00:00+00:00,1769990400000,-5.291e-05
2026-02-02 04:00:00+00:00,2026-02-02 00:00:00+00:00,1769990400000,-5.291e-05
2026-02-02 08:00:00+00:00,2026-02-02 08:00:00+00:00,1770019200000,-3.292e-05
2026-02-02 12:00:00+00:00,2026-02-02 08:00:00+00:00,1770019200000,-3.292e-05
2026-02-02 16:00:00+00:00,2026-02-02 16:00:00+00:00,1770048000000,-2.325e-05
2026-02-02 20:00:00+00:00,2026-02-02 16:00:00+00:00,1770048000000,-2.325e-05
2026-02-03 00:00:00+00:00,2026-02-03 00:00:00+00:00,1770076800000,-0.00012348
2026-02-03 04:00:00+00:00,2026-02-03 00:00:00+00:00,1770076800000,-0.00012348
2026-02-03 08:00:00+00:00,2026-02-03 08:00:00+00:00,1770105600000,-8.848e-05
2026-02-03 12:00:00+00:00,2026-02-03 08:00:00+00:00,1770105600000,-8.848e-05
2026-02-03 16:00:00+00:00,2026-02-03 16:00:00+00:00,1770134400000,-0.00013424
2026-02-03 20:00:00+00:00,2026-02-03 16:00:00+00:00,1770134400000,-0.00013424
2026-02-04 00:00:00+00:00,2026-02-04 00:00:00+00:00,1770163200000,-0.00027092
2026-02-04 04:00:00+00:00,2026-02-04 00:00:00+00:00,1770163200000,-0.00027092
2026-02-04 08:00:00+00:00,2026-02-04 08:00:00+00:00,1770192000000,-0.00049647
2026-02-04 12:00:00+00:00,2026-02-04 08:00:00+00:00,1770192000000,-0.00049647
2026-02-04 16:00:00+00:00,2026-02-04 16:00:00+00:00,1770220800000,-0.00037982
2026-02-04 20:00:00+00:00,2026-02-04 16:00:00+00:00,1770220800000,-0.00037982
2026-02-05 00:00:00+00:00,2026-02-05 00:00:00+00:00,1770249600000,1.075e-05
2026-02-05 04:00:00+00:00,2026-02-05 00:00:00+00:00,1770249600000,1.075e-05
2026-02-05 08:00:00+00:00,2026-02-05 08:00:00+00:00,1770278400000,0.0001
2026-02-05 12:00:00+00:00,2026-02-05 08:00:00+00:00,1770278400000,0.0001
2026-02-05 16:00:00+00:00,2026-02-05 16:00:00+00:00,1770307200000,0.0001
2026-02-05 20:00:00+00:00,2026-02-05 16:00:00+00:00,1770307200000,0.0001
2026-02-06 00:00:00+00:00,2026-02-06 00:00:00+00:00,1770336000000,-2.331e-05
2026-02-06 04:00:00+00:00,2026-02-06 00:00:00+00:00,1770336000000,-2.331e-05
2026-02-06 08:00:00+00:00,2026-02-06 08:00:00+00:00,1770364800000,-0.00013949
2026-02-06 12:00:00+00:00,2026-02-06 08:00:00+00:00,1770364800000,-0.00013949
2026-02-06 16:00:00+00:00,2026-02-06 16:00:00+00:00,1770393600000,-0.00031455
2026-02-06 20:00:00+00:00,2026-02-06 16:00:00+00:00,1770393600000,-0.00031455
2026-02-07 00:00:00+00:00,2026-02-07 00:00:00+00:00,1770422400000,-5.262e-05
2026-02-07 04:00:00+00:00,2026-02-07 00:00:00+00:00,1770422400000,-5.262e-05
2026-02-07 08:00:00+00:00,2026-02-07 08:00:00+00:00,1770451200000,-0.00010925
2026-02-07 12:00:00+00:00,2026-02-07 08:00:00+00:00,1770451200000,-0.00010925
2026-02-07 16:00:00+00:00,2026-02-07 16:00:00+00:00,1770480000000,3.563e-05
2026-02-07 20:00:00+00:00,2026-02-07 16:00:00+00:00,1770480000000,3.563e-05
2026-02-08 00:00:00+00:00,2026-02-08 00:00:00+00:00,1770508800000,-0.00011904
2026-02-08 04:00:00+00:00,2026-02-08 00:00:00+00:00,1770508800000,-0.00011904
2026-02-08 08:00:00+00:00,2026-02-08 08:00:00+00:00,1770537600000,-0.00027899
2026-02-08 12:00:00+00:00,2026-02-08 08:00:00+00:00,1770537600000,-0.00027899
2026-02-08 16:00:00+00:00,2026-02-08 16:00:00+00:00,1770566400000,-0.00013196
2026-02-08 20:00:00+00:00,2026-02-08 16:00:00+00:00,1770566400000,-0.00013196
2026-02-09 00:00:00+00:00,2026-02-09 00:00:00+00:00,1770595200000,-0.00016886
2026-02-09 04:00:00+00:00,2026-02-09 00:00:00+00:00,1770595200000,-0.00016886
2026-02-09 08:00:00+00:00,2026-02-09 08:00:00+00:00,1770624000000,-0.00011756
2026-02-09 12:00:00+00:00,2026-02-09 08:00:00+00:00,1770624000000,-0.00011756
2026-02-09 16:00:00+00:00,2026-02-09 16:00:00+00:00,1770652800000,-9.183e-05
2026-02-09 20:00:00+00:00,2026-02-09 16:00:00+00:00,1770652800000,-9.183e-05
2026-02-10 00:00:00+00:00,2026-02-10 00:00:00+00:00,1770681600000,1.356e-05
2026-02-10 04:00:00+00:00,2026-02-10 00:00:00+00:00,1770681600000,1.356e-05
2026-02-10 08:00:00+00:00,2026-02-10 08:00:00+00:00,1770710400000,-9.017e-05
2026-02-10 12:00:00+00:00,2026-02-10 08:00:00+00:00,1770710400000,-9.017e-05
2026-02-10 16:00:00+00:00,2026-02-10 16:00:00+00:00,1770739200000,3.351e-05
2026-02-10 20:00:00+00:00,2026-02-10 16:00:00+00:00,1770739200000,3.351e-05
2026-02-11 00:00:00+00:00,2026-02-11 00:00:00+00:00,1770768000000,2.59e-06
2026-02-11 04:00:00+00:00,2026-02-11 00:00:00+00:00,1770768000000,2.59e-06
2026-02-11 08:00:00+00:00,2026-02-11 08:00:00+00:00,1770796800000,2.47e-06
2026-02-11 12:00:00+00:00,2026-02-11 08:00:00+00:00,1770796800000,2.47e-06
2026-02-11 16:00:00+00:00,2026-02-11 16:00:00+00:00,1770825600000,-4.277e-05
2026-02-11 20:00:00+00:00,2026-02-11 16:00:00+00:00,1770825600000,-4.277e-05
2026-02-12 00:00:00+00:00,2026-02-12 00:00:00+00:00,1770854400000,-0.00031992
2026-02-12 04:00:00+00:00,2026-02-12 00:00:00+00:00,1770854400000,-0.00031992
2026-02-12 08:00:00+00:00,2026-02-12 08:00:00+00:00,1770883200000,7.059e-05
2026-02-12 12:00:00+00:00,2026-02-12 08:00:00+00:00,1770883200000,7.059e-05
2026-02-12 16:00:00+00:00,2026-02-12 16:00:00+00:00,1770912000000,4.94e-06
2026-02-12 20:00:00+00:00,2026-02-12 16:00:00+00:00,1770912000000,4.94e-06
2026-02-13 00:00:00+00:00,2026-02-13 00:00:00+00:00,1770940800000,5.343e-05
2026-02-13 04:00:00+00:00,2026-02-13 00:00:00+00:00,1770940800000,5.343e-05
2026-02-13 08:00:00+00:00,2026-02-13 08:00:00+00:00,1770969600000,-5.86e-05
2026-02-13 12:00:00+00:00,2026-02-13 08:00:00+00:00,1770969600000,-5.86e-05
2026-02-13 16:00:00+00:00,2026-02-13 16:00:00+00:00,1770998400000,8.105e-05
2026-02-13 20:00:00+00:00,2026-02-13 16:00:00+00:00,1770998400000,8.105e-05
2026-02-14 00:00:00+00:00,2026-02-14 00:00:00+00:00,1771027200000,1.348e-05
2026-02-14 04:00:00+00:00,2026-02-14 00:00:00+00:00,1771027200000,1.348e-05
2026-02-14 08:00:00+00:00,2026-02-14 08:00:00+00:00,1771056000000,-3.604e-05
2026-02-14 12:00:00+00:00,2026-02-14 08:00:00+00:00,1771056000000,-3.604e-05
2026-02-14 16:00:00+00:00,2026-02-14 16:00:00+00:00,1771084800000,-5.656e-05
2026-02-14 20:00:00+00:00,2026-02-14 16:00:00+00:00,1771084800000,-5.656e-05
2026-02-15 00:00:00+00:00,2026-02-15 00:00:00+00:00,1771113600000,-0.00011484
2026-02-15 04:00:00+00:00,2026-02-15 00:00:00+00:00,1771113600000,-0.00011484
2026-02-15 08:00:00+00:00,2026-02-15 08:00:00+00:00,1771142400000,0.0001
2026-02-15 12:00:00+00:00,2026-02-15 08:00:00+00:00,1771142400000,0.0001
2026-02-15 16:00:00+00:00,2026-02-15 16:00:00+00:00,1771171200000,6.496e-05
2026-02-15 20:00:00+00:00,2026-02-15 16:00:00+00:00,1771171200000,6.496e-05
2026-02-16 00:00:00+00:00,2026-02-16 00:00:00+00:00,1771200000000,-9.438e-05
2026-02-16 04:00:00+00:00,2026-02-16 00:00:00+00:00,1771200000000,-9.438e-05
2026-02-16 08:00:00+00:00,2026-02-16 08:00:00+00:00,1771228800000,-1.835e-05
2026-02-16 12:00:00+00:00,2026-02-16 08:00:00+00:00,1771228800000,-1.835e-05
2026-02-16 16:00:00+00:00,2026-02-16 16:00:00+00:00,1771257600000,-0.00013646
2026-02-16 20:00:00+00:00,2026-02-16 16:00:00+00:00,1771257600000,-0.00013646
2026-02-17 00:00:00+00:00,2026-02-17 00:00:00+00:00,1771286400000,0.0001
2026-02-17 04:00:00+00:00,2026-02-17 00:00:00+00:00,1771286400000,0.0001
2026-02-17 08:00:00+00:00,2026-02-17 08:00:00+00:00,1771315200000,3.08e-05
2026-02-17 12:00:00+00:00,2026-02-17 08:00:00+00:00,1771315200000,3.08e-05
2026-02-17 16:00:00+00:00,2026-02-17 16:00:00+00:00,1771344000000,-0.0001522
2026-02-17 20:00:00+00:00,2026-02-17 16:00:00+00:00,1771344000000,-0.0001522
2026-02-18 00:00:00+00:00,2026-02-18 00:00:00+00:00,1771372800000,-3.018e-05
2026-02-18 04:00:00+00:00,2026-02-18 00:00:00+00:00,1771372800000,-3.018e-05
2026-02-18 08:00:00+00:00,2026-02-18 08:00:00+00:00,1771401600000,-1.395e-05
2026-02-18 12:00:00+00:00,2026-02-18 08:00:00+00:00,1771401600000,-1.395e-05
2026-02-18 16:00:00+00:00,2026-02-18 16:00:00+00:00,1771430400000,-0.00021067
2026-02-18 20:00:00+00:00,2026-02-18 16:00:00+00:00,1771430400000,-0.00021067
2026-02-19 00:00:00+00:00,2026-02-19 00:00:00+00:00,1771459200000,-0.00011214
2026-02-19 04:00:00+00:00,2026-02-19 00:00:00+00:00,1771459200000,-0.00011214
2026-02-19 08:00:00+00:00,2026-02-19 08:00:00+00:00,1771488000000,-9.186e-05
2026-02-19 12:00:00+00:00,2026-02-19 08:00:00+00:00,1771488000000,-9.186e-05
2026-02-19 16:00:00+00:00,2026-02-19 16:00:00+00:00,1771516800000,2.08e-06
2026-02-19 20:00:00+00:00,2026-02-19 16:00:00+00:00,1771516800000,2.08e-06
2026-02-20 00:00:00+00:00,2026-02-20 00:00:00+00:00,1771545600000,2.882e-05
2026-02-20 04:00:00+00:00,2026-02-20 00:00:00+00:00,1771545600000,2.882e-05
2026-02-20 08:00:00+00:00,2026-02-20 08:00:00+00:00,1771574400000,-2.091e-05
2026-02-20 12:00:00+00:00,2026-02-20 08:00:00+00:00,1771574400000,-2.091e-05
2026-02-20 16:00:00+00:00,2026-02-20 16:00:00+00:00,1771603200000,-1.838e-05
2026-02-20 20:00:00+00:00,2026-02-20 16:00:00+00:00,1771603200000,-1.838e-05
2026-02-21 00:00:00+00:00,2026-02-21 00:00:00+00:00,1771632000000,0.0001
2026-02-21 04:00:00+00:00,2026-02-21 00:00:00+00:00,1771632000000,0.0001
2026-02-21 08:00:00+00:00,2026-02-21 08:00:00+00:00,1771660800000,7.805e-05
2026-02-21 12:00:00+00:00,2026-02-21 08:00:00+00:00,1771660800000,7.805e-05
2026-02-21 16:00:00+00:00,2026-02-21 16:00:00+00:00,1771689600000,0.0001
2026-02-21 20:00:00+00:00,2026-02-21 16:00:00+00:00,1771689600000,0.0001
2026-02-22 00:00:00+00:00,2026-02-22 00:00:00+00:00,1771718400000,-7.748e-05
2026-02-22 04:00:00+00:00,2026-02-22 00:00:00+00:00,1771718400000,-7.748e-05
2026-02-22 08:00:00+00:00,2026-02-22 08:00:00+00:00,1771747200000,-0.0001741
2026-02-22 12:00:00+00:00,2026-02-22 08:00:00+00:00,1771747200000,-0.0001741
2026-02-22 16:00:00+00:00,2026-02-22 16:00:00+00:00,1771776000000,-7.405e-05
2026-02-22 20:00:00+00:00,2026-02-22 16:00:00+00:00,1771776000000,-7.405e-05
2026-02-23 00:00:00+00:00,2026-02-23 00:00:00+00:00,1771804800000,-0.00014971
2026-02-23 04:00:00+00:00,2026-02-23 00:00:00+00:00,1771804800000,-0.00014971
2026-02-23 08:00:00+00:00,2026-02-23 08:00:00+00:00,1771833600000,-0.00044353
2026-02-23 12:00:00+00:00,2026-02-23 08:00:00+00:00,1771833600000,-0.00044353
2026-02-23 16:00:00+00:00,2026-02-23 16:00:00+00:00,1771862400000,-6.882e-05
2026-02-23 20:00:00+00:00,2026-02-23 16:00:00+00:00,1771862400000,-6.882e-05
2026-02-24 00:00:00+00:00,2026-02-24 00:00:00+00:00,1771891200000,-0.00010884
2026-02-24 04:00:00+00:00,2026-02-24 00:00:00+00:00,1771891200000,-0.00010884
2026-02-24 08:00:00+00:00,2026-02-24 08:00:00+00:00,1771920000000,-6.548e-05
2026-02-24 12:00:00+00:00,2026-02-24 08:00:00+00:00,1771920000000,-6.548e-05
2026-02-24 16:00:00+00:00,2026-02-24 16:00:00+00:00,1771948800000,-3.68e-05
2026-02-24 20:00:00+00:00,2026-02-24 16:00:00+00:00,1771948800000,-3.68e-05
2026-02-25 00:00:00+00:00,2026-02-25 00:00:00+00:00,1771977600000,-0.00017425
2026-02-25 04:00:00+00:00,2026-02-25 00:00:00+00:00,1771977600000,-0.00017425
2026-02-25 08:00:00+00:00,2026-02-25 08:00:00+00:00,1772006400000,0.0001
2026-02-25 12:00:00+00:00,2026-02-25 08:00:00+00:00,1772006400000,0.0001
2026-02-25 16:00:00+00:00,2026-02-25 16:00:00+00:00,1772035200000,0.0001
2026-02-25 20:00:00+00:00,2026-02-25 16:00:00+00:00,1772035200000,0.0001
2026-02-26 00:00:00+00:00,2026-02-26 00:00:00+00:00,1772064000000,0.0001
2026-02-26 04:00:00+00:00,2026-02-26 00:00:00+00:00,1772064000000,0.0001
2026-02-26 08:00:00+00:00,2026-02-26 08:00:00+00:00,1772092800000,0.0001
2026-02-26 12:00:00+00:00,2026-02-26 08:00:00+00:00,1772092800000,0.0001
2026-02-26 16:00:00+00:00,2026-02-26 16:00:00+00:00,1772121600000,-3.39e-06
2026-02-26 20:00:00+00:00,2026-02-26 16:00:00+00:00,1772121600000,-3.39e-06
2026-02-27 00:00:00+00:00,2026-02-27 00:00:00+00:00,1772150400000,-1.885e-05
2026-02-27 04:00:00+00:00,2026-02-27 00:00:00+00:00,1772150400000,-1.885e-05
2026-02-27 08:00:00+00:00,2026-02-27 08:00:00+00:00,1772179200000,3.753e-05
2026-02-27 12:00:00+00:00,2026-02-27 08:00:00+00:00,1772179200000,3.753e-05
2026-02-27 16:00:00+00:00,2026-02-27 16:00:00+00:00,1772208000000,-0.0001631
2026-02-27 20:00:00+00:00,2026-02-27 16:00:00+00:00,1772208000000,-0.0001631
2026-02-28 00:00:00+00:00,2026-02-28 00:00:00+00:00,1772236800000,-4.625e-05
2026-02-28 04:00:00+00:00,2026-02-28 00:00:00+00:00,1772236800000,-4.625e-05
2026-02-28 08:00:00+00:00,2026-02-28 08:00:00+00:00,1772265600000,-0.00012612
2026-02-28 12:00:00+00:00,2026-02-28 08:00:00+00:00,1772265600000,-0.00012612
2026-02-28 16:00:00+00:00,2026-02-28 16:00:00+00:00,1772294400000,-9.173e-05
2026-02-28 20:00:00+00:00,2026-02-28 16:00:00+00:00,1772294400000,-9.173e-05
2026-03-01 00:00:00+00:00,2026-03-01 00:00:00+00:00,1772323200000,-6.145e-05
2026-03-01 04:00:00+00:00,2026-03-01 00:00:00+00:00,1772323200000,-6.145e-05
2026-03-01 08:00:00+00:00,2026-03-01 08:00:00+00:00,1772352000000,0.0001
2026-03-01 12:00:00+00:00,2026-03-01 08:00:00+00:00,1772352000000,0.0001
2026-03-01 16:00:00+00:00,2026-03-01 16:00:00+00:00,1772380800000,0.0001
2026-03-01 20:00:00+00:00,2026-03-01 16:00:00+00:00,1772380800000,0.0001
2026-03-02 00:00:00+00:00,2026-03-02 00:00:00+00:00,1772409600000,-8.52e-06
2026-03-02 04:00:00+00:00,2026-03-02 00:00:00+00:00,1772409600000,-8.52e-06
2026-03-02 08:00:00+00:00,2026-03-02 08:00:00+00:00,1772438400000,9.91e-06
2026-03-02 12:00:00+00:00,2026-03-02 08:00:00+00:00,1772438400000,9.91e-06
2026-03-02 16:00:00+00:00,2026-03-02 16:00:00+00:00,1772467200000,3.344e-05
2026-03-02 20:00:00+00:00,2026-03-02 16:00:00+00:00,1772467200000,3.344e-05
2026-03-03 00:00:00+00:00,2026-03-03 00:00:00+00:00,1772496000000,0.0001
2026-03-03 04:00:00+00:00,2026-03-03 00:00:00+00:00,1772496000000,0.0001
2026-03-03 08:00:00+00:00,2026-03-03 08:00:00+00:00,1772524800000,-0.00015594
2026-03-03 12:00:00+00:00,2026-03-03 08:00:00+00:00,1772524800000,-0.00015594
2026-03-03 16:00:00+00:00,2026-03-03 16:00:00+00:00,1772553600000,-6.566e-05
2026-03-03 20:00:00+00:00,2026-03-03 16:00:00+00:00,1772553600000,-6.566e-05
2026-03-04 00:00:00+00:00,2026-03-04 00:00:00+00:00,1772582400000,0.0001
2026-03-04 04:00:00+00:00,2026-03-04 00:00:00+00:00,1772582400000,0.0001
2026-03-04 08:00:00+00:00,2026-03-04 08:00:00+00:00,1772611200000,-7.041e-05
2026-03-04 12:00:00+00:00,2026-03-04 08:00:00+00:00,1772611200000,-7.041e-05
2026-03-04 16:00:00+00:00,2026-03-04 16:00:00+00:00,1772640000000,0.0001
2026-03-04 20:00:00+00:00,2026-03-04 16:00:00+00:00,1772640000000,0.0001
2026-03-05 00:00:00+00:00,2026-03-05 00:00:00+00:00,1772668800000,-4.779e-05
2026-03-05 04:00:00+00:00,2026-03-05 00:00:00+00:00,1772668800000,-4.779e-05
2026-03-05 08:00:00+00:00,2026-03-05 08:00:00+00:00,1772697600000,-0.00013044
2026-03-05 12:00:00+00:00,2026-03-05 08:00:00+00:00,1772697600000,-0.00013044
2026-03-05 16:00:00+00:00,2026-03-05 16:00:00+00:00,1772726400000,-8.445e-05
2026-03-05 20:00:00+00:00,2026-03-05 16:00:00+00:00,1772726400000,-8.445e-05
2026-03-06 00:00:00+00:00,2026-03-06 00:00:00+00:00,1772755200000,2.311e-05
2026-03-06 04:00:00+00:00,2026-03-06 00:00:00+00:00,1772755200000,2.311e-05
2026-03-06 08:00:00+00:00,2026-03-06 08:00:00+00:00,1772784000000,-9.733e-05
2026-03-06 12:00:00+00:00,2026-03-06 08:00:00+00:00,1772784000000,-9.733e-05
2026-03-06 16:00:00+00:00,2026-03-06 16:00:00+00:00,1772812800000,-0.00018256
2026-03-06 20:00:00+00:00,2026-03-06 16:00:00+00:00,1772812800000,-0.00018256
2026-03-07 00:00:00+00:00,2026-03-07 00:00:00+00:00,1772841600000,-0.00010543
2026-03-07 04:00:00+00:00,2026-03-07 00:00:00+00:00,1772841600000,-0.00010543
2026-03-07 08:00:00+00:00,2026-03-07 08:00:00+00:00,1772870400000,2.493e-05
2026-03-07 12:00:00+00:00,2026-03-07 08:00:00+00:00,1772870400000,2.493e-05
2026-03-07 16:00:00+00:00,2026-03-07 16:00:00+00:00,1772899200000,-0.00017446
2026-03-07 20:00:00+00:00,2026-03-07 16:00:00+00:00,1772899200000,-0.00017446
2026-03-08 00:00:00+00:00,2026-03-08 00:00:00+00:00,1772928000000,-8.877e-05
2026-03-08 04:00:00+00:00,2026-03-08 00:00:00+00:00,1772928000000,-8.877e-05
2026-03-08 08:00:00+00:00,2026-03-08 08:00:00+00:00,1772956800000,-0.00015264
2026-03-08 12:00:00+00:00,2026-03-08 08:00:00+00:00,1772956800000,-0.00015264
2026-03-08 16:00:00+00:00,2026-03-08 16:00:00+00:00,1772985600000,-0.00015054
2026-03-08 20:00:00+00:00,2026-03-08 16:00:00+00:00,1772985600000,-0.00015054
2026-03-09 00:00:00+00:00,2026-03-09 00:00:00+00:00,1773014400000,-0.00019135
2026-03-09 04:00:00+00:00,2026-03-09 00:00:00+00:00,1773014400000,-0.00019135
2026-03-09 08:00:00+00:00,2026-03-09 08:00:00+00:00,1773043200000,-9.511e-05
2026-03-09 12:00:00+00:00,2026-03-09 08:00:00+00:00,1773043200000,-9.511e-05
2026-03-09 16:00:00+00:00,2026-03-09 16:00:00+00:00,1773072000000,8.534e-05
2026-03-09 20:00:00+00:00,2026-03-09 16:00:00+00:00,1773072000000,8.534e-05
2026-03-10 00:00:00+00:00,2026-03-10 00:00:00+00:00,1773100800000,-3.83e-06
2026-03-10 04:00:00+00:00,2026-03-10 00:00:00+00:00,1773100800000,-3.83e-06
2026-03-10 08:00:00+00:00,2026-03-10 08:00:00+00:00,1773129600000,-4.133e-05
2026-03-10 12:00:00+00:00,2026-03-10 08:00:00+00:00,1773129600000,-4.133e-05
2026-03-10 16:00:00+00:00,2026-03-10 16:00:00+00:00,1773158400000,0.0001
2026-03-10 20:00:00+00:00,2026-03-10 16:00:00+00:00,1773158400000,0.0001
2026-03-11 00:00:00+00:00,2026-03-11 00:00:00+00:00,1773187200000,-1.795e-05
2026-03-11 04:00:00+00:00,2026-03-11 00:00:00+00:00,1773187200000,-1.795e-05
2026-03-11 08:00:00+00:00,2026-03-11 08:00:00+00:00,1773216000000,-7.498e-05
2026-03-11 12:00:00+00:00,2026-03-11 08:00:00+00:00,1773216000000,-7.498e-05
2026-03-11 16:00:00+00:00,2026-03-11 16:00:00+00:00,1773244800000,-2.235e-05
2026-03-11 20:00:00+00:00,2026-03-11 16:00:00+00:00,1773244800000,-2.235e-05
2026-03-12 00:00:00+00:00,2026-03-12 00:00:00+00:00,1773273600000,0.0001
2026-03-12 04:00:00+00:00,2026-03-12 00:00:00+00:00,1773273600000,0.0001
2026-03-12 08:00:00+00:00,2026-03-12 08:00:00+00:00,1773302400000,-0.00016619
2026-03-12 12:00:00+00:00,2026-03-12 08:00:00+00:00,1773302400000,-0.00016619
2026-03-12 16:00:00+00:00,2026-03-12 16:00:00+00:00,1773331200000,0.0001
2026-03-12 20:00:00+00:00,2026-03-12 16:00:00+00:00,1773331200000,0.0001
2026-03-13 00:00:00+00:00,2026-03-13 00:00:00+00:00,1773360000000,5.329e-05
2026-03-13 04:00:00+00:00,2026-03-13 00:00:00+00:00,1773360000000,5.329e-05
2026-03-13 08:00:00+00:00,2026-03-13 08:00:00+00:00,1773388800000,0.0001
2026-03-13 12:00:00+00:00,2026-03-13 08:00:00+00:00,1773388800000,0.0001
2026-03-13 16:00:00+00:00,2026-03-13 16:00:00+00:00,1773417600000,0.0001
2026-03-13 20:00:00+00:00,2026-03-13 16:00:00+00:00,1773417600000,0.0001
2026-03-14 00:00:00+00:00,2026-03-14 00:00:00+00:00,1773446400000,-0.00017928
2026-03-14 04:00:00+00:00,2026-03-14 00:00:00+00:00,1773446400000,-0.00017928
2026-03-14 08:00:00+00:00,2026-03-14 08:00:00+00:00,1773475200000,-0.00019361
2026-03-14 12:00:00+00:00,2026-03-14 08:00:00+00:00,1773475200000,-0.00019361
2026-03-14 16:00:00+00:00,2026-03-14 16:00:00+00:00,1773504000000,-0.00018327
2026-03-14 20:00:00+00:00,2026-03-14 16:00:00+00:00,1773504000000,-0.00018327
2026-03-15 00:00:00+00:00,2026-03-15 00:00:00+00:00,1773532800000,-7.519e-05
2026-03-15 04:00:00+00:00,2026-03-15 00:00:00+00:00,1773532800000,-7.519e-05
2026-03-15 08:00:00+00:00,2026-03-15 08:00:00+00:00,1773561600000,4.106e-05
2026-03-15 12:00:00+00:00,2026-03-15 08:00:00+00:00,1773561600000,4.106e-05
2026-03-15 16:00:00+00:00,2026-03-15 16:00:00+00:00,1773590400000,6.661e-05
2026-03-15 20:00:00+00:00,2026-03-15 16:00:00+00:00,1773590400000,6.661e-05
2026-03-16 00:00:00+00:00,2026-03-16 00:00:00+00:00,1773619200000,0.0001
2026-03-16 04:00:00+00:00,2026-03-16 00:00:00+00:00,1773619200000,0.0001
2026-03-16 08:00:00+00:00,2026-03-16 08:00:00+00:00,1773648000000,0.0001
2026-03-16 12:00:00+00:00,2026-03-16 08:00:00+00:00,1773648000000,0.0001
2026-03-16 16:00:00+00:00,2026-03-16 16:00:00+00:00,1773676800000,6.744e-05
2026-03-16 20:00:00+00:00,2026-03-16 16:00:00+00:00,1773676800000,6.744e-05
2026-03-17 00:00:00+00:00,2026-03-17 00:00:00+00:00,1773705600000,6.177e-05
2026-03-17 04:00:00+00:00,2026-03-17 00:00:00+00:00,1773705600000,6.177e-05
2026-03-17 08:00:00+00:00,2026-03-17 08:00:00+00:00,1773734400000,-0.00012387
2026-03-17 12:00:00+00:00,2026-03-17 08:00:00+00:00,1773734400000,-0.00012387
2026-03-17 16:00:00+00:00,2026-03-17 16:00:00+00:00,1773763200000,-3.927e-05
2026-03-17 20:00:00+00:00,2026-03-17 16:00:00+00:00,1773763200000,-3.927e-05
2026-03-18 00:00:00+00:00,2026-03-18 00:00:00+00:00,1773792000000,1.39e-06
2026-03-18 04:00:00+00:00,2026-03-18 00:00:00+00:00,1773792000000,1.39e-06
2026-03-18 08:00:00+00:00,2026-03-18 08:00:00+00:00,1773820800000,-7.034e-05
2026-03-18 12:00:00+00:00,2026-03-18 08:00:00+00:00,1773820800000,-7.034e-05
2026-03-18 16:00:00+00:00,2026-03-18 16:00:00+00:00,1773849600000,-0.00017881
2026-03-18 20:00:00+00:00,2026-03-18 16:00:00+00:00,1773849600000,-0.00017881
2026-03-19 00:00:00+00:00,2026-03-19 00:00:00+00:00,1773878400000,-8.398e-05
2026-03-19 04:00:00+00:00,2026-03-19 00:00:00+00:00,1773878400000,-8.398e-05
2026-03-19 08:00:00+00:00,2026-03-19 08:00:00+00:00,1773907200000,-0.0001115
2026-03-19 12:00:00+00:00,2026-03-19 08:00:00+00:00,1773907200000,-0.0001115
2026-03-19 16:00:00+00:00,2026-03-19 16:00:00+00:00,1773936000000,-8.88e-05
2026-03-19 20:00:00+00:00,2026-03-19 16:00:00+00:00,1773936000000,-8.88e-05
2026-03-20 00:00:00+00:00,2026-03-20 00:00:00+00:00,1773964800000,8.497e-05
2026-03-20 04:00:00+00:00,2026-03-20 00:00:00+00:00,1773964800000,8.497e-05
2026-03-20 08:00:00+00:00,2026-03-20 08:00:00+00:00,1773993600000,-0.00011684
2026-03-20 12:00:00+00:00,2026-03-20 08:00:00+00:00,1773993600000,-0.00011684
2026-03-20 16:00:00+00:00,2026-03-20 16:00:00+00:00,1774022400000,-9.438e-05
2026-03-20 20:00:00+00:00,2026-03-20 16:00:00+00:00,1774022400000,-9.438e-05
2026-03-21 00:00:00+00:00,2026-03-21 00:00:00+00:00,1774051200000,7.556e-05
2026-03-21 04:00:00+00:00,2026-03-21 00:00:00+00:00,1774051200000,7.556e-05
2026-03-21 08:00:00+00:00,2026-03-21 08:00:00+00:00,1774080000000,7.556e-05
2026-03-21 12:00:00+00:00,2026-03-21 08:00:00+00:00,1774080000000,7.556e-05
2026-03-21 16:00:00+00:00,2026-03-21 16:00:00+00:00,1774108800000,-5.913e-05
2026-03-21 20:00:00+00:00,2026-03-21 16:00:00+00:00,1774108800000,-5.913e-05
2026-03-22 00:00:00+00:00,2026-03-22 00:00:00+00:00,1774137600000,-0.0001338
2026-03-22 04:00:00+00:00,2026-03-22 00:00:00+00:00,1774137600000,-0.0001338
2026-03-22 08:00:00+00:00,2026-03-22 08:00:00+00:00,1774166400000,-0.00010067
2026-03-22 12:00:00+00:00,2026-03-22 08:00:00+00:00,1774166400000,-0.00010067
2026-03-22 16:00:00+00:00,2026-03-22 16:00:00+00:00,1774195200000,-0.00013435
2026-03-22 20:00:00+00:00,2026-03-22 16:00:00+00:00,1774195200000,-0.00013435
2026-03-23 00:00:00+00:00,2026-03-23 00:00:00+00:00,1774224000000,-0.00011103
2026-03-23 04:00:00+00:00,2026-03-23 00:00:00+00:00,1774224000000,-0.00011103
2026-03-23 08:00:00+00:00,2026-03-23 08:00:00+00:00,1774252800000,-3.691e-05
2026-03-23 12:00:00+00:00,2026-03-23 08:00:00+00:00,1774252800000,-3.691e-05
2026-03-23 16:00:00+00:00,2026-03-23 16:00:00+00:00,1774281600000,0.0001
2026-03-23 20:00:00+00:00,2026-03-23 16:00:00+00:00,1774281600000,0.0001
2026-03-24 00:00:00+00:00,2026-03-24 00:00:00+00:00,1774310400000,0.0001
2026-03-24 04:00:00+00:00,2026-03-24 00:00:00+00:00,1774310400000,0.0001
2026-03-24 08:00:00+00:00,2026-03-24 08:00:00+00:00,1774339200000,2.709e-05
2026-03-24 12:00:00+00:00,2026-03-24 08:00:00+00:00,1774339200000,2.709e-05
2026-03-24 16:00:00+00:00,2026-03-24 16:00:00+00:00,1774368000000,-7.53e-06
2026-03-24 20:00:00+00:00,2026-03-24 16:00:00+00:00,1774368000000,-7.53e-06
2026-03-25 00:00:00+00:00,2026-03-25 00:00:00+00:00,1774396800000,3.307e-05
2026-03-25 04:00:00+00:00,2026-03-25 00:00:00+00:00,1774396800000,3.307e-05
2026-03-25 08:00:00+00:00,2026-03-25 08:00:00+00:00,1774425600000,0.0001
2026-03-25 12:00:00+00:00,2026-03-25 08:00:00+00:00,1774425600000,0.0001
2026-03-25 16:00:00+00:00,2026-03-25 16:00:00+00:00,1774454400000,0.0001
2026-03-25 20:00:00+00:00,2026-03-25 16:00:00+00:00,1774454400000,0.0001
2026-03-26 00:00:00+00:00,2026-03-26 00:00:00+00:00,1774483200000,1.12e-05
2026-03-26 04:00:00+00:00,2026-03-26 00:00:00+00:00,1774483200000,1.12e-05
2026-03-26 08:00:00+00:00,2026-03-26 08:00:00+00:00,1774512000000,-0.00023401
2026-03-26 12:00:00+00:00,2026-03-26 08:00:00+00:00,1774512000000,-0.00023401
2026-03-26 16:00:00+00:00,2026-03-26 16:00:00+00:00,1774540800000,-0.00018149
2026-03-26 20:00:00+00:00,2026-03-26 16:00:00+00:00,1774540800000,-0.00018149
2026-03-27 00:00:00+00:00,2026-03-27 00:00:00+00:00,1774569600000,-6.893e-05
2026-03-27 04:00:00+00:00,2026-03-27 00:00:00+00:00,1774569600000,-6.893e-05
2026-03-27 08:00:00+00:00,2026-03-27 08:00:00+00:00,1774598400000,-7.259e-05
2026-03-27 12:00:00+00:00,2026-03-27 08:00:00+00:00,1774598400000,-7.259e-05
2026-03-27 16:00:00+00:00,2026-03-27 16:00:00+00:00,1774627200000,-0.0003088
2026-03-27 20:00:00+00:00,2026-03-27 16:00:00+00:00,1774627200000,-0.0003088
2026-03-28 00:00:00+00:00,2026-03-28 00:00:00+00:00,1774656000000,-0.00013984
2026-03-28 04:00:00+00:00,2026-03-28 00:00:00+00:00,1774656000000,-0.00013984
2026-03-28 08:00:00+00:00,2026-03-28 08:00:00+00:00,1774684800000,5.2e-07
2026-03-28 12:00:00+00:00,2026-03-28 08:00:00+00:00,1774684800000,5.2e-07
2026-03-28 16:00:00+00:00,2026-03-28 16:00:00+00:00,1774713600000,-0.00016558
2026-03-28 20:00:00+00:00,2026-03-28 16:00:00+00:00,1774713600000,-0.00016558
2026-03-29 00:00:00+00:00,2026-03-29 00:00:00+00:00,1774742400000,-0.00028626
2026-03-29 04:00:00+00:00,2026-03-29 00:00:00+00:00,1774742400000,-0.00028626
2026-03-29 08:00:00+00:00,2026-03-29 08:00:00+00:00,1774771200000,-0.00014553
2026-03-29 12:00:00+00:00,2026-03-29 08:00:00+00:00,1774771200000,-0.00014553
2026-03-29 16:00:00+00:00,2026-03-29 16:00:00+00:00,1774800000000,-2.809e-05
2026-03-29 20:00:00+00:00,2026-03-29 16:00:00+00:00,1774800000000,-2.809e-05
2026-03-30 00:00:00+00:00,2026-03-30 00:00:00+00:00,1774828800000,-0.00025756
2026-03-30 04:00:00+00:00,2026-03-30 00:00:00+00:00,1774828800000,-0.00025756
2026-03-30 08:00:00+00:00,2026-03-30 08:00:00+00:00,1774857600000,1.48e-06
2026-03-30 12:00:00+00:00,2026-03-30 08:00:00+00:00,1774857600000,1.48e-06
2026-03-30 16:00:00+00:00,2026-03-30 16:00:00+00:00,1774886400000,0.0001
2026-03-30 20:00:00+00:00,2026-03-30 16:00:00+00:00,1774886400000,0.0001
2026-03-31 00:00:00+00:00,2026-03-31 00:00:00+00:00,1774915200000,-2.955e-05
2026-03-31 04:00:00+00:00,2026-03-31 00:00:00+00:00,1774915200000,-2.955e-05
2026-03-31 08:00:00+00:00,2026-03-31 08:00:00+00:00,1774944000000,6.38e-05
2026-03-31 12:00:00+00:00,2026-03-31 08:00:00+00:00,1774944000000,6.38e-05
2026-03-31 16:00:00+00:00,2026-03-31 16:00:00+00:00,1774972800000,-0.00011512
2026-03-31 20:00:00+00:00,2026-03-31 16:00:00+00:00,1774972800000,-0.00011512
2026-04-01 00:00:00+00:00,2026-04-01 00:00:00+00:00,1775001600000,1.646e-05
2026-04-01 04:00:00+00:00,2026-04-01 00:00:00+00:00,1775001600000,1.646e-05
2026-04-01 08:00:00+00:00,2026-04-01 08:00:00+00:00,1775030400000,-1.196e-05
2026-04-01 12:00:00+00:00,2026-04-01 08:00:00+00:00,1775030400000,-1.196e-05
2026-04-01 16:00:00+00:00,2026-04-01 16:00:00+00:00,1775059200000,-2.833e-05
2026-04-01 20:00:00+00:00,2026-04-01 16:00:00+00:00,1775059200000,-2.833e-05
2026-04-02 00:00:00+00:00,2026-04-02 00:00:00+00:00,1775088000000,2.832e-05
2026-04-02 04:00:00+00:00,2026-04-02 00:00:00+00:00,1775088000000,2.832e-05
2026-04-02 08:00:00+00:00,2026-04-02 08:00:00+00:00,1775116800000,-0.00020309
2026-04-02 12:00:00+00:00,2026-04-02 08:00:00+00:00,1775116800000,-0.00020309
2026-04-02 16:00:00+00:00,2026-04-02 16:00:00+00:00,1775145600000,-7.034e-05
2026-04-02 20:00:00+00:00,2026-04-02 16:00:00+00:00,1775145600000,-7.034e-05
2026-04-03 00:00:00+00:00,2026-04-03 00:00:00+00:00,1775174400000,-3.795e-05
2026-04-03 04:00:00+00:00,2026-04-03 00:00:00+00:00,1775174400000,-3.795e-05
2026-04-03 08:00:00+00:00,2026-04-03 08:00:00+00:00,1775203200000,2.517e-05
2026-04-03 12:00:00+00:00,2026-04-03 08:00:00+00:00,1775203200000,2.517e-05
2026-04-03 16:00:00+00:00,2026-04-03 16:00:00+00:00,1775232000000,2.297e-05
2026-04-03 20:00:00+00:00,2026-04-03 16:00:00+00:00,1775232000000,2.297e-05
2026-04-04 00:00:00+00:00,2026-04-04 00:00:00+00:00,1775260800000,6.169e-05
2026-04-04 04:00:00+00:00,2026-04-04 00:00:00+00:00,1775260800000,6.169e-05
2026-04-04 08:00:00+00:00,2026-04-04 08:00:00+00:00,1775289600000,6.41e-06
2026-04-04 12:00:00+00:00,2026-04-04 08:00:00+00:00,1775289600000,6.41e-06
2026-04-04 16:00:00+00:00,2026-04-04 16:00:00+00:00,1775318400000,-2.862e-05
2026-04-04 20:00:00+00:00,2026-04-04 16:00:00+00:00,1775318400000,-2.862e-05
2026-04-05 00:00:00+00:00,2026-04-05 00:00:00+00:00,1775347200000,8.367e-05
2026-04-05 04:00:00+00:00,2026-04-05 00:00:00+00:00,1775347200000,8.367e-05
2026-04-05 08:00:00+00:00,2026-04-05 08:00:00+00:00,1775376000000,-6.22e-06
2026-04-05 12:00:00+00:00,2026-04-05 08:00:00+00:00,1775376000000,-6.22e-06
2026-04-05 16:00:00+00:00,2026-04-05 16:00:00+00:00,1775404800000,-2.339e-05
2026-04-05 20:00:00+00:00,2026-04-05 16:00:00+00:00,1775404800000,-2.339e-05
2026-04-06 00:00:00+00:00,2026-04-06 00:00:00+00:00,1775433600000,-5.807e-05
2026-04-06 04:00:00+00:00,2026-04-06 00:00:00+00:00,1775433600000,-5.807e-05
2026-04-06 08:00:00+00:00,2026-04-06 08:00:00+00:00,1775462400000,0.0001
2026-04-06 12:00:00+00:00,2026-04-06 08:00:00+00:00,1775462400000,0.0001
2026-04-06 16:00:00+00:00,2026-04-06 16:00:00+00:00,1775491200000,0.0001
2026-04-06 20:00:00+00:00,2026-04-06 16:00:00+00:00,1775491200000,0.0001
2026-04-07 00:00:00+00:00,2026-04-07 00:00:00+00:00,1775520000000,-0.00016133
2026-04-07 04:00:00+00:00,2026-04-07 00:00:00+00:00,1775520000000,-0.00016133
2026-04-07 08:00:00+00:00,2026-04-07 08:00:00+00:00,1775548800000,-0.00025769
2026-04-07 12:00:00+00:00,2026-04-07 08:00:00+00:00,1775548800000,-0.00025769
2026-04-07 16:00:00+00:00,2026-04-07 16:00:00+00:00,1775577600000,-2.76e-05
2026-04-07 20:00:00+00:00,2026-04-07 16:00:00+00:00,1775577600000,-2.76e-05
2026-04-08 00:00:00+00:00,2026-04-08 00:00:00+00:00,1775606400000,0.0001
2026-04-08 04:00:00+00:00,2026-04-08 00:00:00+00:00,1775606400000,0.0001
2026-04-08 08:00:00+00:00,2026-04-08 08:00:00+00:00,1775635200000,0.0001
2026-04-08 12:00:00+00:00,2026-04-08 08:00:00+00:00,1775635200000,0.0001
2026-04-08 16:00:00+00:00,2026-04-08 16:00:00+00:00,1775664000000,0.0001
2026-04-08 20:00:00+00:00,2026-04-08 16:00:00+00:00,1775664000000,0.0001
2026-04-09 00:00:00+00:00,2026-04-09 00:00:00+00:00,1775692800000,0.0001
2026-04-09 04:00:00+00:00,2026-04-09 00:00:00+00:00,1775692800000,0.0001
2026-04-09 08:00:00+00:00,2026-04-09 08:00:00+00:00,1775721600000,-7.321e-05
2026-04-09 12:00:00+00:00,2026-04-09 08:00:00+00:00,1775721600000,-7.321e-05
2026-04-09 16:00:00+00:00,2026-04-09 16:00:00+00:00,1775750400000,1.077e-05
2026-04-09 20:00:00+00:00,2026-04-09 16:00:00+00:00,1775750400000,1.077e-05
2026-04-10 00:00:00+00:00,2026-04-10 00:00:00+00:00,1775779200000,0.0001
2026-04-10 04:00:00+00:00,2026-04-10 00:00:00+00:00,1775779200000,0.0001
2026-04-10 08:00:00+00:00,2026-04-10 08:00:00+00:00,1775808000000,0.0001
2026-04-10 12:00:00+00:00,2026-04-10 08:00:00+00:00,1775808000000,0.0001
2026-04-10 16:00:00+00:00,2026-04-10 16:00:00+00:00,1775836800000,8.925e-05
2026-04-10 20:00:00+00:00,2026-04-10 16:00:00+00:00,1775836800000,8.925e-05
2026-04-11 00:00:00+00:00,2026-04-11 00:00:00+00:00,1775865600000,0.0001
2026-04-11 04:00:00+00:00,2026-04-11 00:00:00+00:00,1775865600000,0.0001
2026-04-11 08:00:00+00:00,2026-04-11 08:00:00+00:00,1775894400000,-9.069e-05
2026-04-11 12:00:00+00:00,2026-04-11 08:00:00+00:00,1775894400000,-9.069e-05
2026-04-11 16:00:00+00:00,2026-04-11 16:00:00+00:00,1775923200000,-8e-08
2026-04-11 20:00:00+00:00,2026-04-11 16:00:00+00:00,1775923200000,-8e-08
2026-04-12 00:00:00+00:00,2026-04-12 00:00:00+00:00,1775952000000,0.0001
2026-04-12 04:00:00+00:00,2026-04-12 00:00:00+00:00,1775952000000,0.0001
2026-04-12 08:00:00+00:00,2026-04-12 08:00:00+00:00,1775980800000,6.789e-05
2026-04-12 12:00:00+00:00,2026-04-12 08:00:00+00:00,1775980800000,6.789e-05
2026-04-12 16:00:00+00:00,2026-04-12 16:00:00+00:00,1776009600000,-7.596e-05
2026-04-12 20:00:00+00:00,2026-04-12 16:00:00+00:00,1776009600000,-7.596e-05
2026-04-13 00:00:00+00:00,2026-04-13 00:00:00+00:00,1776038400000,0.0001
2026-04-13 04:00:00+00:00,2026-04-13 00:00:00+00:00,1776038400000,0.0001
2026-04-13 08:00:00+00:00,2026-04-13 08:00:00+00:00,1776067200000,-9.735e-05
2026-04-13 12:00:00+00:00,2026-04-13 08:00:00+00:00,1776067200000,-9.735e-05
2026-04-13 16:00:00+00:00,2026-04-13 16:00:00+00:00,1776096000000,2.525e-05
2026-04-13 20:00:00+00:00,2026-04-13 16:00:00+00:00,1776096000000,2.525e-05
2026-04-14 00:00:00+00:00,2026-04-14 00:00:00+00:00,1776124800000,0.0001
2026-04-14 04:00:00+00:00,2026-04-14 00:00:00+00:00,1776124800000,0.0001
2026-04-14 08:00:00+00:00,2026-04-14 08:00:00+00:00,1776153600000,0.0001
2026-04-14 12:00:00+00:00,2026-04-14 08:00:00+00:00,1776153600000,0.0001
2026-04-14 16:00:00+00:00,2026-04-14 16:00:00+00:00,1776182400000,0.0001
2026-04-14 20:00:00+00:00,2026-04-14 16:00:00+00:00,1776182400000,0.0001
2026-04-15 00:00:00+00:00,2026-04-15 00:00:00+00:00,1776211200000,-5.42e-06
2026-04-15 04:00:00+00:00,2026-04-15 00:00:00+00:00,1776211200000,-5.42e-06
2026-04-15 08:00:00+00:00,2026-04-15 08:00:00+00:00,1776240000000,-0.00011393
2026-04-15 12:00:00+00:00,2026-04-15 08:00:00+00:00,1776240000000,-0.00011393
2026-04-15 16:00:00+00:00,2026-04-15 16:00:00+00:00,1776268800000,2.272e-05
2026-04-15 20:00:00+00:00,2026-04-15 16:00:00+00:00,1776268800000,2.272e-05
2026-04-16 00:00:00+00:00,2026-04-16 00:00:00+00:00,1776297600000,0.0001
2026-04-16 04:00:00+00:00,2026-04-16 00:00:00+00:00,1776297600000,0.0001
2026-04-16 08:00:00+00:00,2026-04-16 08:00:00+00:00,1776326400000,5.79e-05
2026-04-16 12:00:00+00:00,2026-04-16 08:00:00+00:00,1776326400000,5.79e-05
2026-04-16 16:00:00+00:00,2026-04-16 16:00:00+00:00,1776355200000,8.617e-05
2026-04-16 20:00:00+00:00,2026-04-16 16:00:00+00:00,1776355200000,8.617e-05
2026-04-17 00:00:00+00:00,2026-04-17 00:00:00+00:00,1776384000000,8.078e-05
2026-04-17 04:00:00+00:00,2026-04-17 00:00:00+00:00,1776384000000,8.078e-05
2026-04-17 08:00:00+00:00,2026-04-17 08:00:00+00:00,1776412800000,-5.229e-05
2026-04-17 12:00:00+00:00,2026-04-17 08:00:00+00:00,1776412800000,-5.229e-05
2026-04-17 16:00:00+00:00,2026-04-17 16:00:00+00:00,1776441600000,0.0001
2026-04-17 20:00:00+00:00,2026-04-17 16:00:00+00:00,1776441600000,0.0001
2026-04-18 00:00:00+00:00,2026-04-18 00:00:00+00:00,1776470400000,-0.00010426
2026-04-18 04:00:00+00:00,2026-04-18 00:00:00+00:00,1776470400000,-0.00010426
2026-04-18 08:00:00+00:00,2026-04-18 08:00:00+00:00,1776499200000,-1.445e-05
2026-04-18 12:00:00+00:00,2026-04-18 08:00:00+00:00,1776499200000,-1.445e-05
2026-04-18 16:00:00+00:00,2026-04-18 16:00:00+00:00,1776528000000,1.914e-05
2026-04-18 20:00:00+00:00,2026-04-18 16:00:00+00:00,1776528000000,1.914e-05
2026-04-19 00:00:00+00:00,2026-04-19 00:00:00+00:00,1776556800000,-1.172e-05
2026-04-19 04:00:00+00:00,2026-04-19 00:00:00+00:00,1776556800000,-1.172e-05
2026-04-19 08:00:00+00:00,2026-04-19 08:00:00+00:00,1776585600000,1.417e-05
2026-04-19 12:00:00+00:00,2026-04-19 08:00:00+00:00,1776585600000,1.417e-05
2026-04-19 16:00:00+00:00,2026-04-19 16:00:00+00:00,1776614400000,-9.111e-05
2026-04-19 20:00:00+00:00,2026-04-19 16:00:00+00:00,1776614400000,-9.111e-05
2026-04-20 00:00:00+00:00,2026-04-20 00:00:00+00:00,1776643200000,0.0001
2026-04-20 04:00:00+00:00,2026-04-20 00:00:00+00:00,1776643200000,0.0001
2026-04-20 08:00:00+00:00,2026-04-20 08:00:00+00:00,1776672000000,-6.285e-05
2026-04-20 12:00:00+00:00,2026-04-20 08:00:00+00:00,1776672000000,-6.285e-05
2026-04-20 16:00:00+00:00,2026-04-20 16:00:00+00:00,1776700800000,0.0001
2026-04-20 20:00:00+00:00,2026-04-20 16:00:00+00:00,1776700800000,0.0001
2026-04-21 00:00:00+00:00,2026-04-21 00:00:00+00:00,1776729600000,0.0001
2026-04-21 04:00:00+00:00,2026-04-21 00:00:00+00:00,1776729600000,0.0001
2026-04-21 08:00:00+00:00,2026-04-21 08:00:00+00:00,1776758400000,2.322e-05
2026-04-21 12:00:00+00:00,2026-04-21 08:00:00+00:00,1776758400000,2.322e-05
2026-04-21 16:00:00+00:00,2026-04-21 16:00:00+00:00,1776787200000,8.752e-05
2026-04-21 20:00:00+00:00,2026-04-21 16:00:00+00:00,1776787200000,8.752e-05
2026-04-22 00:00:00+00:00,2026-04-22 00:00:00+00:00,1776816000000,3.789e-05
2026-04-22 04:00:00+00:00,2026-04-22 00:00:00+00:00,1776816000000,3.789e-05
2026-04-22 08:00:00+00:00,2026-04-22 08:00:00+00:00,1776844800000,9.131e-05
2026-04-22 12:00:00+00:00,2026-04-22 08:00:00+00:00,1776844800000,9.131e-05
2026-04-22 16:00:00+00:00,2026-04-22 16:00:00+00:00,1776873600000,6.001e-05
2026-04-22 20:00:00+00:00,2026-04-22 16:00:00+00:00,1776873600000,6.001e-05
2026-04-23 00:00:00+00:00,2026-04-23 00:00:00+00:00,1776902400000,-3.515e-05
2026-04-23 04:00:00+00:00,2026-04-23 00:00:00+00:00,1776902400000,-3.515e-05
2026-04-23 08:00:00+00:00,2026-04-23 08:00:00+00:00,1776931200000,9.59e-06
2026-04-23 12:00:00+00:00,2026-04-23 08:00:00+00:00,1776931200000,9.59e-06
2026-04-23 16:00:00+00:00,2026-04-23 16:00:00+00:00,1776960000000,1.66e-06
2026-04-23 20:00:00+00:00,2026-04-23 16:00:00+00:00,1776960000000,1.66e-06
2026-04-24 00:00:00+00:00,2026-04-24 00:00:00+00:00,1776988800000,4.85e-05
2026-04-24 04:00:00+00:00,2026-04-24 00:00:00+00:00,1776988800000,4.85e-05
2026-04-24 08:00:00+00:00,2026-04-24 08:00:00+00:00,1777017600000,1.513e-05
2026-04-24 12:00:00+00:00,2026-04-24 08:00:00+00:00,1777017600000,1.513e-05
2026-04-24 16:00:00+00:00,2026-04-24 16:00:00+00:00,1777046400000,-9.637e-05
2026-04-24 20:00:00+00:00,2026-04-24 16:00:00+00:00,1777046400000,-9.637e-05
2026-04-25 00:00:00+00:00,2026-04-25 00:00:00+00:00,1777075200000,-6.684e-05
2026-04-25 04:00:00+00:00,2026-04-25 00:00:00+00:00,1777075200000,-6.684e-05
2026-04-25 08:00:00+00:00,2026-04-25 08:00:00+00:00,1777104000000,0.0001
2026-04-25 12:00:00+00:00,2026-04-25 08:00:00+00:00,1777104000000,0.0001
2026-04-25 16:00:00+00:00,2026-04-25 16:00:00+00:00,1777132800000,3.072e-05
2026-04-25 20:00:00+00:00,2026-04-25 16:00:00+00:00,1777132800000,3.072e-05
2026-04-26 00:00:00+00:00,2026-04-26 00:00:00+00:00,1777161600000,-0.000145
2026-04-26 04:00:00+00:00,2026-04-26 00:00:00+00:00,1777161600000,-0.000145
2026-04-26 08:00:00+00:00,2026-04-26 08:00:00+00:00,1777190400000,4.632e-05
2026-04-26 12:00:00+00:00,2026-04-26 08:00:00+00:00,1777190400000,4.632e-05
2026-04-26 16:00:00+00:00,2026-04-26 16:00:00+00:00,1777219200000,3.343e-05
2026-04-26 20:00:00+00:00,2026-04-26 16:00:00+00:00,1777219200000,3.343e-05
2026-04-27 00:00:00+00:00,2026-04-27 00:00:00+00:00,1777248000000,-8.387e-05
2026-04-27 04:00:00+00:00,2026-04-27 00:00:00+00:00,1777248000000,-8.387e-05
2026-04-27 08:00:00+00:00,2026-04-27 08:00:00+00:00,1777276800000,-4.952e-05
2026-04-27 12:00:00+00:00,2026-04-27 08:00:00+00:00,1777276800000,-4.952e-05
2026-04-27 16:00:00+00:00,2026-04-27 16:00:00+00:00,1777305600000,-8.783e-05
2026-04-27 20:00:00+00:00,2026-04-27 16:00:00+00:00,1777305600000,-8.783e-05
2026-04-28 00:00:00+00:00,2026-04-28 00:00:00+00:00,1777334400000,5.244e-05
2026-04-28 04:00:00+00:00,2026-04-28 00:00:00+00:00,1777334400000,5.244e-05
2026-04-28 08:00:00+00:00,2026-04-28 08:00:00+00:00,1777363200000,2.694e-05
2026-04-28 12:00:00+00:00,2026-04-28 08:00:00+00:00,1777363200000,2.694e-05
2026-04-28 16:00:00+00:00,2026-04-28 16:00:00+00:00,1777392000000,4.934e-05
2026-04-28 20:00:00+00:00,2026-04-28 16:00:00+00:00,1777392000000,4.934e-05
2026-04-29 00:00:00+00:00,2026-04-29 00:00:00+00:00,1777420800000,9.92e-06
2026-04-29 04:00:00+00:00,2026-04-29 00:00:00+00:00,1777420800000,9.92e-06
2026-04-29 08:00:00+00:00,2026-04-29 08:00:00+00:00,1777449600000,0.0001
2026-04-29 12:00:00+00:00,2026-04-29 08:00:00+00:00,1777449600000,0.0001
2026-04-29 16:00:00+00:00,2026-04-29 16:00:00+00:00,1777478400000,-0.00012816
2026-04-29 20:00:00+00:00,2026-04-29 16:00:00+00:00,1777478400000,-0.00012816
2026-04-30 00:00:00+00:00,2026-04-30 00:00:00+00:00,1777507200000,0.0001
2026-04-30 04:00:00+00:00,2026-04-30 00:00:00+00:00,1777507200000,0.0001
2026-04-30 08:00:00+00:00,2026-04-30 08:00:00+00:00,1777536000000,0.0001
2026-04-30 12:00:00+00:00,2026-04-30 08:00:00+00:00,1777536000000,0.0001
2026-04-30 16:00:00+00:00,2026-04-30 16:00:00+00:00,1777564800000,0.0001
2026-04-30 20:00:00+00:00,2026-04-30 16:00:00+00:00,1777564800000,0.0001
2026-05-01 00:00:00+00:00,2026-05-01 00:00:00+00:00,1777593600000,6.875e-05
2026-05-01 04:00:00+00:00,2026-05-01 00:00:00+00:00,1777593600000,6.875e-05
2026-05-01 08:00:00+00:00,2026-05-01 08:00:00+00:00,1777622400000,0.0001
2026-05-01 12:00:00+00:00,2026-05-01 08:00:00+00:00,1777622400000,0.0001
2026-05-01 16:00:00+00:00,2026-05-01 16:00:00+00:00,1777651200000,1.139e-05
2026-05-01 20:00:00+00:00,2026-05-01 16:00:00+00:00,1777651200000,1.139e-05
2026-05-02 00:00:00+00:00,2026-05-02 00:00:00+00:00,1777680000000,0.0001
2026-05-02 04:00:00+00:00,2026-05-02 00:00:00+00:00,1777680000000,0.0001
2026-05-02 08:00:00+00:00,2026-05-02 08:00:00+00:00,1777708800000,3.084e-05
2026-05-02 12:00:00+00:00,2026-05-02 08:00:00+00:00,1777708800000,3.084e-05
2026-05-02 16:00:00+00:00,2026-05-02 16:00:00+00:00,1777737600000,2.273e-05
2026-05-02 20:00:00+00:00,2026-05-02 16:00:00+00:00,1777737600000,2.273e-05
2026-05-03 00:00:00+00:00,2026-05-03 00:00:00+00:00,1777766400000,5.777e-05
2026-05-03 04:00:00+00:00,2026-05-03 00:00:00+00:00,1777766400000,5.777e-05
2026-05-03 08:00:00+00:00,2026-05-03 08:00:00+00:00,1777795200000,-9.38e-05
2026-05-03 12:00:00+00:00,2026-05-03 08:00:00+00:00,1777795200000,-9.38e-05
2026-05-03 16:00:00+00:00,2026-05-03 16:00:00+00:00,1777824000000,-0.00014441
2026-05-03 20:00:00+00:00,2026-05-03 16:00:00+00:00,1777824000000,-0.00014441
2026-05-04 00:00:00+00:00,2026-05-04 00:00:00+00:00,1777852800000,4.697e-05
2026-05-04 04:00:00+00:00,2026-05-04 00:00:00+00:00,1777852800000,4.697e-05
2026-05-04 08:00:00+00:00,2026-05-04 08:00:00+00:00,1777881600000,0.0001
2026-05-04 12:00:00+00:00,2026-05-04 08:00:00+00:00,1777881600000,0.0001
2026-05-04 16:00:00+00:00,2026-05-04 16:00:00+00:00,1777910400000,9.41e-06
2026-05-04 20:00:00+00:00,2026-05-04 16:00:00+00:00,1777910400000,9.41e-06
2026-05-05 00:00:00+00:00,2026-05-05 00:00:00+00:00,1777939200000,0.0001
2026-05-05 04:00:00+00:00,2026-05-05 00:00:00+00:00,1777939200000,0.0001
2026-05-05 08:00:00+00:00,2026-05-05 08:00:00+00:00,1777968000000,0.0001
2026-05-05 12:00:00+00:00,2026-05-05 08:00:00+00:00,1777968000000,0.0001
2026-05-05 16:00:00+00:00,2026-05-05 16:00:00+00:00,1777996800000,0.0001
2026-05-05 20:00:00+00:00,2026-05-05 16:00:00+00:00,1777996800000,0.0001
2026-05-06 00:00:00+00:00,2026-05-06 00:00:00+00:00,1778025600000,0.0001
2026-05-06 04:00:00+00:00,2026-05-06 00:00:00+00:00,1778025600000,0.0001
2026-05-06 08:00:00+00:00,2026-05-06 08:00:00+00:00,1778054400000,0.0001
2026-05-06 12:00:00+00:00,2026-05-06 08:00:00+00:00,1778054400000,0.0001
2026-05-06 16:00:00+00:00,2026-05-06 16:00:00+00:00,1778083200000,0.0001
2026-05-06 20:00:00+00:00,2026-05-06 16:00:00+00:00,1778083200000,0.0001
2026-05-07 00:00:00+00:00,2026-05-07 00:00:00+00:00,1778112000000,8.72e-06
2026-05-07 04:00:00+00:00,2026-05-07 00:00:00+00:00,1778112000000,8.72e-06
2026-05-07 08:00:00+00:00,2026-05-07 08:00:00+00:00,1778140800000,8.851e-05
2026-05-07 12:00:00+00:00,2026-05-07 08:00:00+00:00,1778140800000,8.851e-05
2026-05-07 16:00:00+00:00,2026-05-07 16:00:00+00:00,1778169600000,8.202e-05
2026-05-07 20:00:00+00:00,2026-05-07 16:00:00+00:00,1778169600000,8.202e-05
2026-05-08 00:00:00+00:00,2026-05-08 00:00:00+00:00,1778198400000,-4.013e-05
2026-05-08 04:00:00+00:00,2026-05-08 00:00:00+00:00,1778198400000,-4.013e-05
2026-05-08 08:00:00+00:00,2026-05-08 08:00:00+00:00,1778227200000,8.975e-05
2026-05-08 12:00:00+00:00,2026-05-08 08:00:00+00:00,1778227200000,8.975e-05
2026-05-08 16:00:00+00:00,2026-05-08 16:00:00+00:00,1778256000000,2.549e-05
2026-05-08 20:00:00+00:00,2026-05-08 16:00:00+00:00,1778256000000,2.549e-05
2026-05-09 00:00:00+00:00,2026-05-09 00:00:00+00:00,1778284800000,-9.315e-05
2026-05-09 04:00:00+00:00,2026-05-09 00:00:00+00:00,1778284800000,-9.315e-05
2026-05-09 08:00:00+00:00,2026-05-09 08:00:00+00:00,1778313600000,-6.757e-05
2026-05-09 12:00:00+00:00,2026-05-09 08:00:00+00:00,1778313600000,-6.757e-05
2026-05-09 16:00:00+00:00,2026-05-09 16:00:00+00:00,1778342400000,8.12e-05
2026-05-09 20:00:00+00:00,2026-05-09 16:00:00+00:00,1778342400000,8.12e-05
2026-05-10 00:00:00+00:00,2026-05-10 00:00:00+00:00,1778371200000,-7.283e-05
2026-05-10 04:00:00+00:00,2026-05-10 00:00:00+00:00,1778371200000,-7.283e-05
2026-05-10 08:00:00+00:00,2026-05-10 08:00:00+00:00,1778400000000,-0.00010795
2026-05-10 12:00:00+00:00,2026-05-10 08:00:00+00:00,1778400000000,-0.00010795
2026-05-10 16:00:00+00:00,2026-05-10 16:00:00+00:00,1778428800000,0.0001
2026-05-10 20:00:00+00:00,2026-05-10 16:00:00+00:00,1778428800000,0.0001
2026-05-11 00:00:00+00:00,2026-05-11 00:00:00+00:00,1778457600000,0.0001
2026-05-11 04:00:00+00:00,2026-05-11 00:00:00+00:00,1778457600000,0.0001
2026-05-11 08:00:00+00:00,2026-05-11 08:00:00+00:00,1778486400000,7.566e-05
2026-05-11 12:00:00+00:00,2026-05-11 08:00:00+00:00,1778486400000,7.566e-05
2026-05-11 16:00:00+00:00,2026-05-11 16:00:00+00:00,1778515200000,0.0001
2026-05-11 20:00:00+00:00,2026-05-11 16:00:00+00:00,1778515200000,0.0001
2026-05-12 00:00:00+00:00,2026-05-12 00:00:00+00:00,1778544000000,6.38e-06
2026-05-12 04:00:00+00:00,2026-05-12 00:00:00+00:00,1778544000000,6.38e-06
2026-05-12 08:00:00+00:00,2026-05-12 08:00:00+00:00,1778572800000,-5.751e-05
2026-05-12 12:00:00+00:00,2026-05-12 08:00:00+00:00,1778572800000,-5.751e-05
2026-05-12 16:00:00+00:00,2026-05-12 16:00:00+00:00,1778601600000,0.0001
2026-05-12 20:00:00+00:00,2026-05-12 16:00:00+00:00,1778601600000,0.0001
2026-05-13 00:00:00+00:00,2026-05-13 00:00:00+00:00,1778630400000,8.37e-06
2026-05-13 04:00:00+00:00,2026-05-13 00:00:00+00:00,1778630400000,8.37e-06
2026-05-13 08:00:00+00:00,2026-05-13 08:00:00+00:00,1778659200000,-7.501e-05
2026-05-13 12:00:00+00:00,2026-05-13 08:00:00+00:00,1778659200000,-7.501e-05
2026-05-13 16:00:00+00:00,2026-05-13 16:00:00+00:00,1778688000000,9.54e-05
2026-05-13 20:00:00+00:00,2026-05-13 16:00:00+00:00,1778688000000,9.54e-05
2026-05-14 00:00:00+00:00,2026-05-14 00:00:00+00:00,1778716800000,-3.392e-05
2026-05-14 04:00:00+00:00,2026-05-14 00:00:00+00:00,1778716800000,-3.392e-05
2026-05-14 08:00:00+00:00,2026-05-14 08:00:00+00:00,1778745600000,1.784e-05
2026-05-14 12:00:00+00:00,2026-05-14 08:00:00+00:00,1778745600000,1.784e-05
2026-05-14 16:00:00+00:00,2026-05-14 16:00:00+00:00,1778774400000,-7.448e-05
2026-05-14 20:00:00+00:00,2026-05-14 16:00:00+00:00,1778774400000,-7.448e-05
2026-05-15 00:00:00+00:00,2026-05-15 00:00:00+00:00,1778803200000,1.76e-05
2026-05-15 04:00:00+00:00,2026-05-15 00:00:00+00:00,1778803200000,1.76e-05
2026-05-15 08:00:00+00:00,2026-05-15 08:00:00+00:00,1778832000000,8.069e-05
2026-05-15 12:00:00+00:00,2026-05-15 08:00:00+00:00,1778832000000,8.069e-05
2026-05-15 16:00:00+00:00,2026-05-15 16:00:00+00:00,1778860800000,-2.299e-05
2026-05-15 20:00:00+00:00,2026-05-15 16:00:00+00:00,1778860800000,-2.299e-05
2026-05-16 00:00:00+00:00,2026-05-16 00:00:00+00:00,1778889600000,0.0001
2026-05-16 04:00:00+00:00,2026-05-16 00:00:00+00:00,1778889600000,0.0001
2026-05-16 08:00:00+00:00,2026-05-16 08:00:00+00:00,1778918400000,7.244e-05
2026-05-16 12:00:00+00:00,2026-05-16 08:00:00+00:00,1778918400000,7.244e-05
2026-05-16 16:00:00+00:00,2026-05-16 16:00:00+00:00,1778947200000,-0.00015079
2026-05-16 20:00:00+00:00,2026-05-16 16:00:00+00:00,1778947200000,-0.00015079
2026-05-17 00:00:00+00:00,2026-05-17 00:00:00+00:00,1778976000000,-3.724e-05
2026-05-17 04:00:00+00:00,2026-05-17 00:00:00+00:00,1778976000000,-3.724e-05
2026-05-17 08:00:00+00:00,2026-05-17 08:00:00+00:00,1779004800000,5.593e-05
2026-05-17 12:00:00+00:00,2026-05-17 08:00:00+00:00,1779004800000,5.593e-05
2026-05-17 16:00:00+00:00,2026-05-17 16:00:00+00:00,1779033600000,-6.661e-05
2026-05-17 20:00:00+00:00,2026-05-17 16:00:00+00:00,1779033600000,-6.661e-05
2026-05-18 00:00:00+00:00,2026-05-18 00:00:00+00:00,1779062400000,-3.865e-05
2026-05-18 04:00:00+00:00,2026-05-18 00:00:00+00:00,1779062400000,-3.865e-05
2026-05-18 08:00:00+00:00,2026-05-18 08:00:00+00:00,1779091200000,-2.708e-05
2026-05-18 12:00:00+00:00,2026-05-18 08:00:00+00:00,1779091200000,-2.708e-05
2026-05-18 16:00:00+00:00,2026-05-18 16:00:00+00:00,1779120000000,-5.174e-05
2026-05-18 20:00:00+00:00,2026-05-18 16:00:00+00:00,1779120000000,-5.174e-05
2026-05-19 00:00:00+00:00,2026-05-19 00:00:00+00:00,1779148800000,0.0001
2026-05-19 04:00:00+00:00,2026-05-19 00:00:00+00:00,1779148800000,0.0001
2026-05-19 08:00:00+00:00,2026-05-19 08:00:00+00:00,1779177600000,8.163e-05
2026-05-19 12:00:00+00:00,2026-05-19 08:00:00+00:00,1779177600000,8.163e-05
2026-05-19 16:00:00+00:00,2026-05-19 16:00:00+00:00,1779206400000,-5.114e-05
2026-05-19 20:00:00+00:00,2026-05-19 16:00:00+00:00,1779206400000,-5.114e-05
2026-05-20 00:00:00+00:00,2026-05-20 00:00:00+00:00,1779235200000,0.0001
2026-05-20 04:00:00+00:00,2026-05-20 00:00:00+00:00,1779235200000,0.0001
2026-05-20 08:00:00+00:00,2026-05-20 08:00:00+00:00,1779264000000,0.0001
2026-05-20 12:00:00+00:00,2026-05-20 08:00:00+00:00,1779264000000,0.0001
2026-05-20 16:00:00+00:00,2026-05-20 16:00:00+00:00,1779292800000,5.294e-05
2026-05-20 20:00:00+00:00,2026-05-20 16:00:00+00:00,1779292800000,5.294e-05
2026-05-21 00:00:00+00:00,2026-05-21 00:00:00+00:00,1779321600000,3.061e-05
2026-05-21 04:00:00+00:00,2026-05-21 00:00:00+00:00,1779321600000,3.061e-05
2026-05-21 08:00:00+00:00,2026-05-21 08:00:00+00:00,1779350400000,0.0001
2026-05-21 12:00:00+00:00,2026-05-21 08:00:00+00:00,1779350400000,0.0001
2026-05-21 16:00:00+00:00,2026-05-21 16:00:00+00:00,1779379200000,0.0001
2026-05-21 20:00:00+00:00,2026-05-21 16:00:00+00:00,1779379200000,0.0001
2026-05-22 00:00:00+00:00,2026-05-22 00:00:00+00:00,1779408000000,0.0001
2026-05-22 04:00:00+00:00,2026-05-22 00:00:00+00:00,1779408000000,0.0001
2026-05-22 08:00:00+00:00,2026-05-22 08:00:00+00:00,1779436800000,0.0001
2026-05-22 12:00:00+00:00,2026-05-22 08:00:00+00:00,1779436800000,0.0001
2026-05-22 16:00:00+00:00,2026-05-22 16:00:00+00:00,1779465600000,0.0001
2026-05-22 20:00:00+00:00,2026-05-22 16:00:00+00:00,1779465600000,0.0001
2026-05-23 00:00:00+00:00,2026-05-23 00:00:00+00:00,1779494400000,4.218e-05
2026-05-23 04:00:00+00:00,2026-05-23 00:00:00+00:00,1779494400000,4.218e-05
2026-05-23 08:00:00+00:00,2026-05-23 08:00:00+00:00,1779523200000,-0.00012929
2026-05-23 12:00:00+00:00,2026-05-23 08:00:00+00:00,1779523200000,-0.00012929
2026-05-23 16:00:00+00:00,2026-05-23 16:00:00+00:00,1779552000000,-0.00012445
2026-05-23 20:00:00+00:00,2026-05-23 16:00:00+00:00,1779552000000,-0.00012445
2026-05-24 00:00:00+00:00,2026-05-24 00:00:00+00:00,1779580800000,3.998e-05
2026-05-24 04:00:00+00:00,2026-05-24 00:00:00+00:00,1779580800000,3.998e-05
2026-05-24 08:00:00+00:00,2026-05-24 08:00:00+00:00,1779609600000,6.963e-05
2026-05-24 12:00:00+00:00,2026-05-24 08:00:00+00:00,1779609600000,6.963e-05
2026-05-24 16:00:00+00:00,2026-05-24 16:00:00+00:00,1779638400000,1.552e-05
2026-05-24 20:00:00+00:00,2026-05-24 16:00:00+00:00,1779638400000,1.552e-05
2026-05-25 00:00:00+00:00,2026-05-25 00:00:00+00:00,1779667200000,-6.28e-06
2026-05-25 04:00:00+00:00,2026-05-25 00:00:00+00:00,1779667200000,-6.28e-06
2026-05-25 08:00:00+00:00,2026-05-25 08:00:00+00:00,1779696000000,-2.57e-06
2026-05-25 12:00:00+00:00,2026-05-25 08:00:00+00:00,1779696000000,-2.57e-06
2026-05-25 16:00:00+00:00,2026-05-25 16:00:00+00:00,1779724800000,0.0001
2026-05-25 20:00:00+00:00,2026-05-25 16:00:00+00:00,1779724800000,0.0001
2026-05-26 00:00:00+00:00,2026-05-26 00:00:00+00:00,1779753600000,0.0001
2026-05-26 04:00:00+00:00,2026-05-26 00:00:00+00:00,1779753600000,0.0001
2026-05-26 08:00:00+00:00,2026-05-26 08:00:00+00:00,1779782400000,-0.00010061
2026-05-26 12:00:00+00:00,2026-05-26 08:00:00+00:00,1779782400000,-0.00010061
2026-05-26 16:00:00+00:00,2026-05-26 16:00:00+00:00,1779811200000,9.175e-05
2026-05-26 20:00:00+00:00,2026-05-26 16:00:00+00:00,1779811200000,9.175e-05
2026-05-27 00:00:00+00:00,2026-05-27 00:00:00+00:00,1779840000000,-6.702e-05
2026-05-27 04:00:00+00:00,2026-05-27 00:00:00+00:00,1779840000000,-6.702e-05
2026-05-27 08:00:00+00:00,2026-05-27 08:00:00+00:00,1779868800000,-5.137e-05
2026-05-27 12:00:00+00:00,2026-05-27 08:00:00+00:00,1779868800000,-5.137e-05
2026-05-27 16:00:00+00:00,2026-05-27 16:00:00+00:00,1779897600000,4.831e-05
2026-05-27 20:00:00+00:00,2026-05-27 16:00:00+00:00,1779897600000,4.831e-05
2026-05-28 00:00:00+00:00,2026-05-28 00:00:00+00:00,1779926400000,-3.045e-05
2026-05-28 04:00:00+00:00,2026-05-28 00:00:00+00:00,1779926400000,-3.045e-05
2026-05-28 08:00:00+00:00,2026-05-28 08:00:00+00:00,1779955200000,-0.00016131
2026-05-28 12:00:00+00:00,2026-05-28 08:00:00+00:00,1779955200000,-0.00016131
2026-05-28 16:00:00+00:00,2026-05-28 16:00:00+00:00,1779984000000,-2.007e-05
2026-05-28 20:00:00+00:00,2026-05-28 16:00:00+00:00,1779984000000,-2.007e-05
2026-05-29 00:00:00+00:00,2026-05-29 00:00:00+00:00,1780012800000,3.395e-05
2026-05-29 04:00:00+00:00,2026-05-29 00:00:00+00:00,1780012800000,3.395e-05
2026-05-29 08:00:00+00:00,2026-05-29 08:00:00+00:00,1780041600000,5.31e-05
2026-05-29 12:00:00+00:00,2026-05-29 08:00:00+00:00,1780041600000,5.31e-05
2026-05-29 16:00:00+00:00,2026-05-29 16:00:00+00:00,1780070400000,7.496e-05
2026-05-29 20:00:00+00:00,2026-05-29 16:00:00+00:00,1780070400000,7.496e-05
2026-05-30 00:00:00+00:00,2026-05-30 00:00:00+00:00,1780099200000,0.0001
2026-05-30 04:00:00+00:00,2026-05-30 00:00:00+00:00,1780099200000,0.0001
2026-05-30 08:00:00+00:00,2026-05-30 08:00:00+00:00,1780128000000,0.0001
2026-05-30 12:00:00+00:00,2026-05-30 08:00:00+00:00,1780128000000,0.0001
2026-05-30 16:00:00+00:00,2026-05-30 16:00:00+00:00,1780156800000,7.537e-05
2026-05-30 20:00:00+00:00,2026-05-30 16:00:00+00:00,1780156800000,7.537e-05
2026-05-31 00:00:00+00:00,2026-05-31 00:00:00+00:00,1780185600000,6.344e-05
2026-05-31 04:00:00+00:00,2026-05-31 00:00:00+00:00,1780185600000,6.344e-05
2026-05-31 08:00:00+00:00,2026-05-31 08:00:00+00:00,1780214400000,5.934e-05
2026-05-31 12:00:00+00:00,2026-05-31 08:00:00+00:00,1780214400000,5.934e-05
2026-05-31 16:00:00+00:00,2026-05-31 16:00:00+00:00,1780243200000,8.245e-05
2026-05-31 20:00:00+00:00,2026-05-31 16:00:00+00:00,1780243200000,8.245e-05
2026-06-01 00:00:00+00:00,2026-06-01 00:00:00+00:00,1780272000000,7.83e-06
2026-06-01 04:00:00+00:00,2026-06-01 00:00:00+00:00,1780272000000,7.83e-06
2026-06-01 08:00:00+00:00,2026-06-01 08:00:00+00:00,1780300800000,-4.463e-05
2026-06-01 12:00:00+00:00,2026-06-01 08:00:00+00:00,1780300800000,-4.463e-05
2026-06-01 16:00:00+00:00,2026-06-01 16:00:00+00:00,1780329600000,8.337e-05
2026-06-01 20:00:00+00:00,2026-06-01 16:00:00+00:00,1780329600000,8.337e-05
2026-06-02 00:00:00+00:00,2026-06-02 00:00:00+00:00,1780358400000,8.725e-05
2026-06-02 04:00:00+00:00,2026-06-02 00:00:00+00:00,1780358400000,8.725e-05
2026-06-02 08:00:00+00:00,2026-06-02 08:00:00+00:00,1780387200000,-5.496e-05
2026-06-02 12:00:00+00:00,2026-06-02 08:00:00+00:00,1780387200000,-5.496e-05
2026-06-02 16:00:00+00:00,2026-06-02 16:00:00+00:00,1780416000000,-5.567e-05
2026-06-02 20:00:00+00:00,2026-06-02 16:00:00+00:00,1780416000000,-5.567e-05
2026-06-03 00:00:00+00:00,2026-06-03 00:00:00+00:00,1780444800000,-0.00013766
2026-06-03 04:00:00+00:00,2026-06-03 00:00:00+00:00,1780444800000,-0.00013766
2026-06-03 08:00:00+00:00,2026-06-03 08:00:00+00:00,1780473600000,-2.727e-05
2026-06-03 12:00:00+00:00,2026-06-03 08:00:00+00:00,1780473600000,-2.727e-05
2026-06-03 16:00:00+00:00,2026-06-03 16:00:00+00:00,1780502400000,-2.969e-05
2026-06-03 20:00:00+00:00,2026-06-03 16:00:00+00:00,1780502400000,-2.969e-05
2026-06-04 00:00:00+00:00,2026-06-04 00:00:00+00:00,1780531200000,-0.00014101
2026-06-04 04:00:00+00:00,2026-06-04 00:00:00+00:00,1780531200000,-0.00014101
2026-06-04 08:00:00+00:00,2026-06-04 08:00:00+00:00,1780560000000,-0.00013352
2026-06-04 12:00:00+00:00,2026-06-04 08:00:00+00:00,1780560000000,-0.00013352
2026-06-04 16:00:00+00:00,2026-06-04 16:00:00+00:00,1780588800000,-0.00010354
2026-06-04 20:00:00+00:00,2026-06-04 16:00:00+00:00,1780588800000,-0.00010354
2026-06-05 00:00:00+00:00,2026-06-05 00:00:00+00:00,1780617600000,-0.00013522
2026-06-05 04:00:00+00:00,2026-06-05 00:00:00+00:00,1780617600000,-0.00013522
2026-06-05 08:00:00+00:00,2026-06-05 08:00:00+00:00,1780646400000,-0.0002538
2026-06-05 12:00:00+00:00,2026-06-05 08:00:00+00:00,1780646400000,-0.0002538
2026-06-05 16:00:00+00:00,2026-06-05 16:00:00+00:00,1780675200000,-9.36e-05
2026-06-05 20:00:00+00:00,2026-06-05 16:00:00+00:00,1780675200000,-9.36e-05
2026-06-06 00:00:00+00:00,2026-06-06 00:00:00+00:00,1780704000000,-9.646e-05
2026-06-06 04:00:00+00:00,2026-06-06 00:00:00+00:00,1780704000000,-9.646e-05
2026-06-06 08:00:00+00:00,2026-06-06 08:00:00+00:00,1780732800000,-0.00018143
2026-06-06 12:00:00+00:00,2026-06-06 08:00:00+00:00,1780732800000,-0.00018143
2026-06-06 16:00:00+00:00,2026-06-06 16:00:00+00:00,1780761600000,-0.00022283
2026-06-06 20:00:00+00:00,2026-06-06 16:00:00+00:00,1780761600000,-0.00022283
2026-06-07 00:00:00+00:00,2026-06-07 00:00:00+00:00,1780790400000,-8.223e-05
2026-06-07 04:00:00+00:00,2026-06-07 00:00:00+00:00,1780790400000,-8.223e-05
2026-06-07 08:00:00+00:00,2026-06-07 08:00:00+00:00,1780819200000,-0.00020434
2026-06-07 12:00:00+00:00,2026-06-07 08:00:00+00:00,1780819200000,-0.00020434
2026-06-07 16:00:00+00:00,2026-06-07 16:00:00+00:00,1780848000000,-0.00032804
2026-06-07 20:00:00+00:00,2026-06-07 16:00:00+00:00,1780848000000,-0.00032804
2026-06-08 00:00:00+00:00,2026-06-08 00:00:00+00:00,1780876800000,-0.00030592
2026-06-08 04:00:00+00:00,2026-06-08 00:00:00+00:00,1780876800000,-0.00030592
2026-06-08 08:00:00+00:00,2026-06-08 08:00:00+00:00,1780905600000,-0.00021034
2026-06-08 12:00:00+00:00,2026-06-08 08:00:00+00:00,1780905600000,-0.00021034
2026-06-08 16:00:00+00:00,2026-06-08 16:00:00+00:00,1780934400000,2.953e-05
2026-06-08 20:00:00+00:00,2026-06-08 16:00:00+00:00,1780934400000,2.953e-05
2026-06-09 00:00:00+00:00,2026-06-09 00:00:00+00:00,1780963200000,-9.835e-05
2026-06-09 04:00:00+00:00,2026-06-09 00:00:00+00:00,1780963200000,-9.835e-05
2026-06-09 08:00:00+00:00,2026-06-09 08:00:00+00:00,1780992000000,5.148e-05
2026-06-09 12:00:00+00:00,2026-06-09 08:00:00+00:00,1780992000000,5.148e-05
2026-06-09 16:00:00+00:00,2026-06-09 16:00:00+00:00,1781020800000,-2.073e-05
2026-06-09 20:00:00+00:00,2026-06-09 16:00:00+00:00,1781020800000,-2.073e-05
2026-06-10 00:00:00+00:00,2026-06-10 00:00:00+00:00,1781049600000,7.94e-06
2026-06-10 04:00:00+00:00,2026-06-10 00:00:00+00:00,1781049600000,7.94e-06
2026-06-10 08:00:00+00:00,2026-06-10 08:00:00+00:00,1781078400000,-3.401e-05
2026-06-10 12:00:00+00:00,2026-06-10 08:00:00+00:00,1781078400000,-3.401e-05
2026-06-10 16:00:00+00:00,2026-06-10 16:00:00+00:00,1781107200000,2.1e-06
2026-06-10 20:00:00+00:00,2026-06-10 16:00:00+00:00,1781107200000,2.1e-06
2026-06-11 00:00:00+00:00,2026-06-11 00:00:00+00:00,1781136000000,-0.00012531
2026-06-11 04:00:00+00:00,2026-06-11 00:00:00+00:00,1781136000000,-0.00012531
2026-06-11 08:00:00+00:00,2026-06-11 08:00:00+00:00,1781164800000,0.0001
2026-06-11 12:00:00+00:00,2026-06-11 08:00:00+00:00,1781164800000,0.0001
2026-06-11 16:00:00+00:00,2026-06-11 16:00:00+00:00,1781193600000,0.0001
2026-06-11 20:00:00+00:00,2026-06-11 16:00:00+00:00,1781193600000,0.0001
2026-06-12 00:00:00+00:00,2026-06-12 00:00:00+00:00,1781222400000,9.888e-05
2026-06-12 04:00:00+00:00,2026-06-12 00:00:00+00:00,1781222400000,9.888e-05
2026-06-12 08:00:00+00:00,2026-06-12 08:00:00+00:00,1781251200000,-7.55e-06
2026-06-12 12:00:00+00:00,2026-06-12 08:00:00+00:00,1781251200000,-7.55e-06
2026-06-12 16:00:00+00:00,2026-06-12 16:00:00+00:00,1781280000000,6.352e-05
2026-06-12 20:00:00+00:00,2026-06-12 16:00:00+00:00,1781280000000,6.352e-05
2026-06-13 00:00:00+00:00,2026-06-13 00:00:00+00:00,1781308800000,-0.00012027
2026-06-13 04:00:00+00:00,2026-06-13 00:00:00+00:00,1781308800000,-0.00012027
2026-06-13 08:00:00+00:00,2026-06-13 08:00:00+00:00,1781337600000,-8.244e-05
2026-06-13 12:00:00+00:00,2026-06-13 08:00:00+00:00,1781337600000,-8.244e-05
2026-06-13 16:00:00+00:00,2026-06-13 16:00:00+00:00,1781366400000,-3.952e-05
2026-06-13 20:00:00+00:00,2026-06-13 16:00:00+00:00,1781366400000,-3.952e-05
2026-06-14 00:00:00+00:00,2026-06-14 00:00:00+00:00,1781395200000,-6.892e-05
2026-06-14 04:00:00+00:00,2026-06-14 00:00:00+00:00,1781395200000,-6.892e-05
2026-06-14 08:00:00+00:00,2026-06-14 08:00:00+00:00,1781424000000,-1.719e-05
2026-06-14 12:00:00+00:00,2026-06-14 08:00:00+00:00,1781424000000,-1.719e-05
2026-06-14 16:00:00+00:00,2026-06-14 16:00:00+00:00,1781452800000,-9.909e-05
2026-06-14 20:00:00+00:00,2026-06-14 16:00:00+00:00,1781452800000,-9.909e-05
2026-06-15 00:00:00+00:00,2026-06-15 00:00:00+00:00,1781481600000,-5.5e-05
2026-06-15 04:00:00+00:00,2026-06-15 00:00:00+00:00,1781481600000,-5.5e-05
2026-06-15 08:00:00+00:00,2026-06-15 08:00:00+00:00,1781510400000,7.438e-05
2026-06-15 12:00:00+00:00,2026-06-15 08:00:00+00:00,1781510400000,7.438e-05
2026-06-15 16:00:00+00:00,2026-06-15 16:00:00+00:00,1781539200000,1.934e-05
2026-06-15 20:00:00+00:00,2026-06-15 16:00:00+00:00,1781539200000,1.934e-05
2026-06-16 00:00:00+00:00,2026-06-16 00:00:00+00:00,1781568000000,7.087e-05
2026-06-16 04:00:00+00:00,2026-06-16 00:00:00+00:00,1781568000000,7.087e-05
2026-06-16 08:00:00+00:00,2026-06-16 08:00:00+00:00,1781596800000,-4.574e-05
2026-06-16 12:00:00+00:00,2026-06-16 08:00:00+00:00,1781596800000,-4.574e-05
2026-06-16 16:00:00+00:00,2026-06-16 16:00:00+00:00,1781625600000,3.007e-05
2026-06-16 20:00:00+00:00,2026-06-16 16:00:00+00:00,1781625600000,3.007e-05
2026-06-17 00:00:00+00:00,2026-06-17 00:00:00+00:00,1781654400000,-3.46e-06
2026-06-17 04:00:00+00:00,2026-06-17 00:00:00+00:00,1781654400000,-3.46e-06
2026-06-17 08:00:00+00:00,2026-06-17 08:00:00+00:00,1781683200000,-1.692e-05
2026-06-17 12:00:00+00:00,2026-06-17 08:00:00+00:00,1781683200000,-1.692e-05
2026-06-17 16:00:00+00:00,2026-06-17 16:00:00+00:00,1781712000000,-9.547e-05
2026-06-17 20:00:00+00:00,2026-06-17 16:00:00+00:00,1781712000000,-9.547e-05
2026-06-18 00:00:00+00:00,2026-06-18 00:00:00+00:00,1781740800000,-4.37e-05
2026-06-18 04:00:00+00:00,2026-06-18 00:00:00+00:00,1781740800000,-4.37e-05
2026-06-18 08:00:00+00:00,2026-06-18 08:00:00+00:00,1781769600000,-8.589e-05
2026-06-18 12:00:00+00:00,2026-06-18 08:00:00+00:00,1781769600000,-8.589e-05
2026-06-18 16:00:00+00:00,2026-06-18 16:00:00+00:00,1781798400000,-5.64e-06
2026-06-18 20:00:00+00:00,2026-06-18 16:00:00+00:00,1781798400000,-5.64e-06
2026-06-19 00:00:00+00:00,2026-06-19 00:00:00+00:00,1781827200000,0.0001
2026-06-19 04:00:00+00:00,2026-06-19 00:00:00+00:00,1781827200000,0.0001
2026-06-19 08:00:00+00:00,2026-06-19 08:00:00+00:00,1781856000000,4.211e-05
2026-06-19 12:00:00+00:00,2026-06-19 08:00:00+00:00,1781856000000,4.211e-05
2026-06-19 16:00:00+00:00,2026-06-19 16:00:00+00:00,1781884800000,-5.056e-05
2026-06-19 20:00:00+00:00,2026-06-19 16:00:00+00:00,1781884800000,-5.056e-05
2026-06-20 00:00:00+00:00,2026-06-20 00:00:00+00:00,1781913600000,-4.52e-05
2026-06-20 04:00:00+00:00,2026-06-20 00:00:00+00:00,1781913600000,-4.52e-05
2026-06-20 08:00:00+00:00,2026-06-20 08:00:00+00:00,1781942400000,8.828e-05
2026-06-20 12:00:00+00:00,2026-06-20 08:00:00+00:00,1781942400000,8.828e-05
2026-06-20 16:00:00+00:00,2026-06-20 16:00:00+00:00,1781971200000,0.0001
2026-06-20 20:00:00+00:00,2026-06-20 16:00:00+00:00,1781971200000,0.0001
2026-06-21 00:00:00+00:00,2026-06-21 00:00:00+00:00,1782000000000,0.0001
2026-06-21 04:00:00+00:00,2026-06-21 00:00:00+00:00,1782000000000,0.0001
2026-06-21 08:00:00+00:00,2026-06-21 08:00:00+00:00,1782028800000,2.776e-05
2026-06-21 12:00:00+00:00,2026-06-21 08:00:00+00:00,1782028800000,2.776e-05
2026-06-21 16:00:00+00:00,2026-06-21 16:00:00+00:00,1782057600000,0.0001
2026-06-21 20:00:00+00:00,2026-06-21 16:00:00+00:00,1782057600000,0.0001
2026-06-22 00:00:00+00:00,2026-06-22 00:00:00+00:00,1782086400000,7.759e-05
2026-06-22 04:00:00+00:00,2026-06-22 00:00:00+00:00,1782086400000,7.759e-05
2026-06-22 08:00:00+00:00,2026-06-22 08:00:00+00:00,1782115200000,5.808e-05
2026-06-22 12:00:00+00:00,2026-06-22 08:00:00+00:00,1782115200000,5.808e-05
2026-06-22 16:00:00+00:00,2026-06-22 16:00:00+00:00,1782144000000,1.597e-05
2026-06-22 20:00:00+00:00,2026-06-22 16:00:00+00:00,1782144000000,1.597e-05
2026-06-23 00:00:00+00:00,2026-06-23 00:00:00+00:00,1782172800000,-0.00014899
2026-06-23 04:00:00+00:00,2026-06-23 00:00:00+00:00,1782172800000,-0.00014899
2026-06-23 08:00:00+00:00,2026-06-23 08:00:00+00:00,1782201600000,-0.00012606
2026-06-23 12:00:00+00:00,2026-06-23 08:00:00+00:00,1782201600000,-0.00012606
2026-06-23 16:00:00+00:00,2026-06-23 16:00:00+00:00,1782230400000,-0.00016282
2026-06-23 20:00:00+00:00,2026-06-23 16:00:00+00:00,1782230400000,-0.00016282
2026-06-24 00:00:00+00:00,2026-06-24 00:00:00+00:00,1782259200000,-0.00015663
2026-06-24 04:00:00+00:00,2026-06-24 00:00:00+00:00,1782259200000,-0.00015663
2026-06-24 08:00:00+00:00,2026-06-24 08:00:00+00:00,1782288000000,-0.00016512
2026-06-24 12:00:00+00:00,2026-06-24 08:00:00+00:00,1782288000000,-0.00016512
2026-06-24 16:00:00+00:00,2026-06-24 16:00:00+00:00,1782316800000,1.409e-05
2026-06-24 20:00:00+00:00,2026-06-24 16:00:00+00:00,1782316800000,1.409e-05
2026-06-25 00:00:00+00:00,2026-06-25 00:00:00+00:00,1782345600000,-4.846e-05
2026-06-25 04:00:00+00:00,2026-06-25 00:00:00+00:00,1782345600000,-4.846e-05
2026-06-25 08:00:00+00:00,2026-06-25 08:00:00+00:00,1782374400000,2.41e-06
2026-06-25 12:00:00+00:00,2026-06-25 08:00:00+00:00,1782374400000,2.41e-06
2026-06-25 16:00:00+00:00,2026-06-25 16:00:00+00:00,1782403200000,-5.42e-05
2026-06-25 20:00:00+00:00,2026-06-25 16:00:00+00:00,1782403200000,-5.42e-05
2026-06-26 00:00:00+00:00,2026-06-26 00:00:00+00:00,1782432000000,2.899e-05
2026-06-26 04:00:00+00:00,2026-06-26 00:00:00+00:00,1782432000000,2.899e-05
2026-06-26 08:00:00+00:00,2026-06-26 08:00:00+00:00,1782460800000,0.0001
2026-06-26 12:00:00+00:00,2026-06-26 08:00:00+00:00,1782460800000,0.0001
2026-06-26 16:00:00+00:00,2026-06-26 16:00:00+00:00,1782489600000,0.0001
2026-06-26 20:00:00+00:00,2026-06-26 16:00:00+00:00,1782489600000,0.0001
2026-06-27 00:00:00+00:00,2026-06-27 00:00:00+00:00,1782518400000,7.431e-05
2026-06-27 04:00:00+00:00,2026-06-27 00:00:00+00:00,1782518400000,7.431e-05
2026-06-27 08:00:00+00:00,2026-06-27 08:00:00+00:00,1782547200000,-4.361e-05
2026-06-27 12:00:00+00:00,2026-06-27 08:00:00+00:00,1782547200000,-4.361e-05
2026-06-27 16:00:00+00:00,2026-06-27 16:00:00+00:00,1782576000000,-9.83e-06
2026-06-27 20:00:00+00:00,2026-06-27 16:00:00+00:00,1782576000000,-9.83e-06
2026-06-28 00:00:00+00:00,2026-06-28 00:00:00+00:00,1782604800000,-8.82e-06
2026-06-28 04:00:00+00:00,2026-06-28 00:00:00+00:00,1782604800000,-8.82e-06
2026-06-28 08:00:00+00:00,2026-06-28 08:00:00+00:00,1782633600000,-2.114e-05
2026-06-28 12:00:00+00:00,2026-06-28 08:00:00+00:00,1782633600000,-2.114e-05
2026-06-28 16:00:00+00:00,2026-06-28 16:00:00+00:00,1782662400000,9.849e-05
2026-06-28 20:00:00+00:00,2026-06-28 16:00:00+00:00,1782662400000,9.849e-05
2026-06-29 00:00:00+00:00,2026-06-29 00:00:00+00:00,1782691200000,-2.864e-05
2026-06-29 04:00:00+00:00,2026-06-29 00:00:00+00:00,1782691200000,-2.864e-05
2026-06-29 08:00:00+00:00,2026-06-29 08:00:00+00:00,1782720000000,0.0001
2026-06-29 12:00:00+00:00,2026-06-29 08:00:00+00:00,1782720000000,0.0001
2026-06-29 16:00:00+00:00,2026-06-29 16:00:00+00:00,1782748800000,7.992e-05
2026-06-29 20:00:00+00:00,2026-06-29 16:00:00+00:00,1782748800000,7.992e-05
2026-06-30 00:00:00+00:00,2026-06-30 00:00:00+00:00,1782777600000,9.993e-05
2026-06-30 04:00:00+00:00,2026-06-30 00:00:00+00:00,1782777600000,9.993e-05
2026-06-30 08:00:00+00:00,2026-06-30 08:00:00+00:00,1782806400000,-7.645e-05
2026-06-30 12:00:00+00:00,2026-06-30 08:00:00+00:00,1782806400000,-7.645e-05
2026-06-30 16:00:00+00:00,2026-06-30 16:00:00+00:00,1782835200000,3.013e-05
2026-06-30 20:00:00+00:00,2026-06-30 16:00:00+00:00,1782835200000,3.013e-05
2026-07-01 00:00:00+00:00,2026-07-01 00:00:00+00:00,1782864000000,0.0001
2026-07-01 04:00:00+00:00,2026-07-01 00:00:00+00:00,1782864000000,0.0001
2026-07-01 08:00:00+00:00,2026-07-01 08:00:00+00:00,1782892800000,0.0001
2026-07-01 12:00:00+00:00,2026-07-01 08:00:00+00:00,1782892800000,0.0001
2026-07-01 16:00:00+00:00,2026-07-01 16:00:00+00:00,1782921600000,8.091e-05
2026-07-01 20:00:00+00:00,2026-07-01 16:00:00+00:00,1782921600000,8.091e-05
2026-07-02 00:00:00+00:00,2026-07-02 00:00:00+00:00,1782950400000,5.005e-05
2026-07-02 04:00:00+00:00,2026-07-02 00:00:00+00:00,1782950400000,5.005e-05
2026-07-02 08:00:00+00:00,2026-07-02 08:00:00+00:00,1782979200000,2.471e-05
2026-07-02 12:00:00+00:00,2026-07-02 08:00:00+00:00,1782979200000,2.471e-05
2026-07-02 16:00:00+00:00,2026-07-02 16:00:00+00:00,1783008000000,1.75e-06
2026-07-02 20:00:00+00:00,2026-07-02 16:00:00+00:00,1783008000000,1.75e-06
2026-07-03 00:00:00+00:00,2026-07-03 00:00:00+00:00,1783036800000,-2.979e-05
2026-07-03 04:00:00+00:00,2026-07-03 00:00:00+00:00,1783036800000,-2.979e-05
2026-07-03 08:00:00+00:00,2026-07-03 08:00:00+00:00,1783065600000,1.452e-05
2026-07-03 12:00:00+00:00,2026-07-03 08:00:00+00:00,1783065600000,1.452e-05
2026-07-03 16:00:00+00:00,2026-07-03 16:00:00+00:00,1783094400000,-3.042e-05
2026-07-03 20:00:00+00:00,2026-07-03 16:00:00+00:00,1783094400000,-3.042e-05
2026-07-04 00:00:00+00:00,2026-07-04 00:00:00+00:00,1783123200000,5.33e-05
2026-07-04 04:00:00+00:00,2026-07-04 00:00:00+00:00,1783123200000,5.33e-05
2026-07-04 08:00:00+00:00,2026-07-04 08:00:00+00:00,1783152000000,0.0001
2026-07-04 12:00:00+00:00,2026-07-04 08:00:00+00:00,1783152000000,0.0001
2026-07-04 16:00:00+00:00,2026-07-04 16:00:00+00:00,1783180800000,2.683e-05
2026-07-04 20:00:00+00:00,2026-07-04 16:00:00+00:00,1783180800000,2.683e-05
2026-07-05 00:00:00+00:00,2026-07-05 00:00:00+00:00,1783209600000,3.16e-05
2026-07-05 04:00:00+00:00,2026-07-05 00:00:00+00:00,1783209600000,3.16e-05
2026-07-05 08:00:00+00:00,2026-07-05 08:00:00+00:00,1783238400000,-8.233e-05
2026-07-05 12:00:00+00:00,2026-07-05 08:00:00+00:00,1783238400000,-8.233e-05
2026-07-05 16:00:00+00:00,2026-07-05 16:00:00+00:00,1783267200000,-0.00013202
2026-07-05 20:00:00+00:00,2026-07-05 16:00:00+00:00,1783267200000,-0.00013202
2026-07-06 00:00:00+00:00,2026-07-06 00:00:00+00:00,1783296000000,6.79e-05
2026-07-06 04:00:00+00:00,2026-07-06 00:00:00+00:00,1783296000000,6.79e-05
2026-07-06 08:00:00+00:00,2026-07-06 08:00:00+00:00,1783324800000,1.57e-06
2026-07-06 12:00:00+00:00,2026-07-06 08:00:00+00:00,1783324800000,1.57e-06
2026-07-06 16:00:00+00:00,2026-07-06 16:00:00+00:00,1783353600000,3.777e-05
2026-07-06 20:00:00+00:00,2026-07-06 16:00:00+00:00,1783353600000,3.777e-05
2026-07-07 00:00:00+00:00,2026-07-07 00:00:00+00:00,1783382400000,0.0001
2026-07-07 04:00:00+00:00,2026-07-07 00:00:00+00:00,1783382400000,0.0001
2026-07-07 08:00:00+00:00,2026-07-07 08:00:00+00:00,1783411200000,4.5e-06
2026-07-07 12:00:00+00:00,2026-07-07 08:00:00+00:00,1783411200000,4.5e-06
2026-07-07 16:00:00+00:00,2026-07-07 16:00:00+00:00,1783440000000,1.986e-05
2026-07-07 20:00:00+00:00,2026-07-07 16:00:00+00:00,1783440000000,1.986e-05
2026-07-08 00:00:00+00:00,2026-07-08 00:00:00+00:00,1783468800000,-9.879e-05
2026-07-08 04:00:00+00:00,2026-07-08 00:00:00+00:00,1783468800000,-9.879e-05
2026-07-08 08:00:00+00:00,2026-07-08 08:00:00+00:00,1783497600000,2.674e-05
2026-07-08 12:00:00+00:00,2026-07-08 08:00:00+00:00,1783497600000,2.674e-05
2026-07-08 16:00:00+00:00,2026-07-08 16:00:00+00:00,1783526400000,-3.679e-05
2026-07-08 20:00:00+00:00,2026-07-08 16:00:00+00:00,1783526400000,-3.679e-05
2026-07-09 00:00:00+00:00,2026-07-09 00:00:00+00:00,1783555200000,2.984e-05
2026-07-09 04:00:00+00:00,2026-07-09 00:00:00+00:00,1783555200000,2.984e-05
2026-07-09 08:00:00+00:00,2026-07-09 08:00:00+00:00,1783584000000,9.26e-06
2026-07-09 12:00:00+00:00,2026-07-09 08:00:00+00:00,1783584000000,9.26e-06
2026-07-09 16:00:00+00:00,2026-07-09 16:00:00+00:00,1783612800000,-2.616e-05
2026-07-09 20:00:00+00:00,2026-07-09 16:00:00+00:00,1783612800000,-2.616e-05
2026-07-10 00:00:00+00:00,2026-07-10 00:00:00+00:00,1783641600000,-2.353e-05
2026-07-10 04:00:00+00:00,2026-07-10 00:00:00+00:00,1783641600000,-2.353e-05
2026-07-10 08:00:00+00:00,2026-07-10 08:00:00+00:00,1783670400000,2.896e-05
2026-07-10 12:00:00+00:00,2026-07-10 08:00:00+00:00,1783670400000,2.896e-05
2026-07-10 16:00:00+00:00,2026-07-10 16:00:00+00:00,1783699200000,0.0001
2026-07-10 20:00:00+00:00,2026-07-10 16:00:00+00:00,1783699200000,0.0001
2026-07-11 00:00:00+00:00,2026-07-11 00:00:00+00:00,1783728000000,1.918e-05
2026-07-11 04:00:00+00:00,2026-07-11 00:00:00+00:00,1783728000000,1.918e-05
2026-07-11 08:00:00+00:00,2026-07-11 08:00:00+00:00,1783756800000,-6.8e-06
2026-07-11 12:00:00+00:00,2026-07-11 08:00:00+00:00,1783756800000,-6.8e-06
2026-07-11 16:00:00+00:00,2026-07-11 16:00:00+00:00,1783785600000,1.02e-06
2026-07-11 20:00:00+00:00,2026-07-11 16:00:00+00:00,1783785600000,1.02e-06
2026-07-12 00:00:00+00:00,2026-07-12 00:00:00+00:00,1783814400000,3.463e-05
2026-07-12 04:00:00+00:00,2026-07-12 00:00:00+00:00,1783814400000,3.463e-05
2026-07-12 08:00:00+00:00,2026-07-12 08:00:00+00:00,1783843200000,-3.198e-05
2026-07-12 12:00:00+00:00,2026-07-12 08:00:00+00:00,1783843200000,-3.198e-05
2026-07-12 16:00:00+00:00,2026-07-12 16:00:00+00:00,1783872000000,3.574e-05
2026-07-12 20:00:00+00:00,2026-07-12 16:00:00+00:00,1783872000000,3.574e-05
2026-07-13 00:00:00+00:00,2026-07-13 00:00:00+00:00,1783900800000,3.352e-05
2026-07-13 04:00:00+00:00,2026-07-13 00:00:00+00:00,1783900800000,3.352e-05
2026-07-13 08:00:00+00:00,2026-07-13 08:00:00+00:00,1783929600000,1.49e-05
2026-07-13 12:00:00+00:00,2026-07-13 08:00:00+00:00,1783929600000,1.49e-05
2026-07-13 16:00:00+00:00,2026-07-13 16:00:00+00:00,1783958400000,6.794e-05
2026-07-13 20:00:00+00:00,2026-07-13 16:00:00+00:00,1783958400000,6.794e-05
2026-07-14 00:00:00+00:00,2026-07-14 00:00:00+00:00,1783987200000,-8.278e-05
2026-07-14 04:00:00+00:00,2026-07-14 00:00:00+00:00,1783987200000,-8.278e-05
2026-07-14 08:00:00+00:00,2026-07-14 08:00:00+00:00,1784016000000,-4.493e-05
2026-07-14 12:00:00+00:00,2026-07-14 08:00:00+00:00,1784016000000,-4.493e-05
2026-07-14 16:00:00+00:00,2026-07-14 16:00:00+00:00,1784044800000,0.0001
2026-07-14 20:00:00+00:00,2026-07-14 16:00:00+00:00,1784044800000,0.0001
2026-07-15 00:00:00+00:00,2026-07-15 00:00:00+00:00,1784073600000,4e-07
2026-07-15 04:00:00+00:00,2026-07-15 00:00:00+00:00,1784073600000,4e-07
2026-07-15 08:00:00+00:00,2026-07-15 08:00:00+00:00,1784102400000,-3.352e-05
2026-07-15 12:00:00+00:00,2026-07-15 08:00:00+00:00,1784102400000,-3.352e-05
2026-07-15 16:00:00+00:00,2026-07-15 16:00:00+00:00,1784131200000,1.284e-05
2026-07-15 20:00:00+00:00,2026-07-15 16:00:00+00:00,1784131200000,1.284e-05
2026-07-16 00:00:00+00:00,2026-07-16 00:00:00+00:00,1784160000000,-1.431e-05
2026-07-16 04:00:00+00:00,2026-07-16 00:00:00+00:00,1784160000000,-1.431e-05
2026-07-16 08:00:00+00:00,2026-07-16 08:00:00+00:00,1784188800000,-3.63e-06
2026-07-16 12:00:00+00:00,2026-07-16 08:00:00+00:00,1784188800000,-3.63e-06
2026-07-16 16:00:00+00:00,2026-07-16 16:00:00+00:00,1784217600000,4.48e-06
2026-07-16 20:00:00+00:00,2026-07-16 16:00:00+00:00,1784217600000,4.48e-06
2026-07-17 00:00:00+00:00,2026-07-17 00:00:00+00:00,1784246400000,-4.804e-05
2026-07-17 04:00:00+00:00,2026-07-17 00:00:00+00:00,1784246400000,-4.804e-05
2026-07-17 08:00:00+00:00,2026-07-17 08:00:00+00:00,1784275200000,-1.272e-05
2026-07-17 12:00:00+00:00,2026-07-17 08:00:00+00:00,1784275200000,-1.272e-05
2026-07-17 16:00:00+00:00,2026-07-17 16:00:00+00:00,1784304000000,1.861e-05
2026-07-17 20:00:00+00:00,2026-07-17 16:00:00+00:00,1784304000000,1.861e-05
2026-07-18 00:00:00+00:00,2026-07-18 00:00:00+00:00,1784332800000,-1.177e-05
2026-07-18 04:00:00+00:00,2026-07-18 00:00:00+00:00,1784332800000,-1.177e-05
2026-07-18 08:00:00+00:00,2026-07-18 08:00:00+00:00,1784361600000,-7.136e-05
2026-07-18 12:00:00+00:00,2026-07-18 08:00:00+00:00,1784361600000,-7.136e-05
2026-07-18 16:00:00+00:00,2026-07-18 16:00:00+00:00,1784390400000,3.137e-05
2026-07-18 20:00:00+00:00,2026-07-18 16:00:00+00:00,1784390400000,3.137e-05
2026-07-19 00:00:00+00:00,2026-07-19 00:00:00+00:00,1784419200000,2.13e-06
2026-07-19 04:00:00+00:00,2026-07-19 00:00:00+00:00,1784419200000,2.13e-06
2026-07-19 08:00:00+00:00,2026-07-19 08:00:00+00:00,1784448000000,3.71e-06
2026-07-19 12:00:00+00:00,2026-07-19 08:00:00+00:00,1784448000000,3.71e-06
2026-07-19 16:00:00+00:00,2026-07-19 16:00:00+00:00,1784476800000,8.549e-05
2026-07-19 20:00:00+00:00,2026-07-19 16:00:00+00:00,1784476800000,8.549e-05
2026-07-20 00:00:00+00:00,2026-07-20 00:00:00+00:00,1784505600000,6.116e-05
2026-07-20 04:00:00+00:00,2026-07-20 00:00:00+00:00,1784505600000,6.116e-05
2026-07-20 08:00:00+00:00,2026-07-20 08:00:00+00:00,1784534400000,-2.232e-05
2026-07-20 12:00:00+00:00,2026-07-20 08:00:00+00:00,1784534400000,-2.232e-05
2026-07-20 16:00:00+00:00,2026-07-20 16:00:00+00:00,1784563200000,8.056e-05
2026-07-20 20:00:00+00:00,2026-07-20 16:00:00+00:00,1784563200000,8.056e-05
2026-07-21 00:00:00+00:00,2026-07-21 00:00:00+00:00,1784592000000,0.0001
2026-07-21 04:00:00+00:00,2026-07-21 00:00:00+00:00,1784592000000,0.0001
2026-07-21 08:00:00+00:00,2026-07-21 08:00:00+00:00,1784620800000,0.0001
2026-07-21 12:00:00+00:00,2026-07-21 08:00:00+00:00,1784620800000,0.0001
2026-07-21 16:00:00+00:00,2026-07-21 16:00:00+00:00,1784649600000,3.238e-05
2026-07-21 20:00:00+00:00,2026-07-21 16:00:00+00:00,1784649600000,3.238e-05
2026-07-22 00:00:00+00:00,2026-07-22 00:00:00+00:00,1784678400000,5.394e-05
2026-07-22 04:00:00+00:00,2026-07-22 00:00:00+00:00,1784678400000,5.394e-05
2026-07-22 08:00:00+00:00,2026-07-22 08:00:00+00:00,1784707200000,-3.07e-06
2026-07-22 12:00:00+00:00,2026-07-22 08:00:00+00:00,1784707200000,-3.07e-06
2026-07-22 16:00:00+00:00,2026-07-22 16:00:00+00:00,1784736000000,0.0001
2026-07-22 20:00:00+00:00,2026-07-22 16:00:00+00:00,1784736000000,0.0001
2026-07-23 00:00:00+00:00,2026-07-23 00:00:00+00:00,1784764800000,-5.41e-06
2026-07-23 04:00:00+00:00,2026-07-23 00:00:00+00:00,1784764800000,-5.41e-06
2026-07-23 08:00:00+00:00,2026-07-23 08:00:00+00:00,1784793600000,-0.00012066
2026-07-23 12:00:00+00:00,2026-07-23 08:00:00+00:00,1784793600000,-0.00012066
2026-07-23 16:00:00+00:00,2026-07-23 16:00:00+00:00,1784822400000,-3.065e-05
2026-07-23 20:00:00+00:00,2026-07-23 16:00:00+00:00,1784822400000,-3.065e-05
2026-07-24 00:00:00+00:00,2026-07-24 00:00:00+00:00,1784851200000,-7.712e-05
2026-07-24 04:00:00+00:00,2026-07-24 00:00:00+00:00,1784851200000,-7.712e-05
2026-07-24 08:00:00+00:00,2026-07-24 08:00:00+00:00,1784880000000,6.248e-05
2026-07-24 12:00:00+00:00,2026-07-24 08:00:00+00:00,1784880000000,6.248e-05
2026-07-24 16:00:00+00:00,2026-07-24 16:00:00+00:00,1784908800000,-8.493e-05
2026-07-24 20:00:00+00:00,2026-07-24 16:00:00+00:00,1784908800000,-8.493e-05
2026-07-25 00:00:00+00:00,2026-07-25 00:00:00+00:00,1784937600000,-9.682e-05
2026-07-25 04:00:00+00:00,2026-07-25 00:00:00+00:00,1784937600000,-9.682e-05
2026-07-25 08:00:00+00:00,2026-07-25 08:00:00+00:00,1784966400000,-6.89e-05
2026-07-25 12:00:00+00:00,2026-07-25 08:00:00+00:00,1784966400000,-6.89e-05
2026-07-25 16:00:00+00:00,2026-07-25 16:00:00+00:00,1784995200000,-5.232e-05
2026-07-25 20:00:00+00:00,2026-07-25 16:00:00+00:00,1784995200000,-5.232e-05
2026-07-26 00:00:00+00:00,2026-07-26 00:00:00+00:00,1785024000000,-7.052e-05
2026-07-26 04:00:00+00:00,2026-07-26 00:00:00+00:00,1785024000000,-7.052e-05
2026-07-26 08:00:00+00:00,2026-07-26 08:00:00+00:00,1785052800000,2.379e-05
2026-07-26 12:00:00+00:00,2026-07-26 08:00:00+00:00,1785052800000,2.379e-05
2026-07-26 16:00:00+00:00,2026-07-26 16:00:00+00:00,1785081600000,-1.829e-05
2026-07-26 20:00:00+00:00,2026-07-26 16:00:00+00:00,1785081600000,-1.829e-05
2026-07-27 00:00:00+00:00,2026-07-27 00:00:00+00:00,1785110400000,2.72e-05
2026-07-27 04:00:00+00:00,2026-07-27 00:00:00+00:00,1785110400000,2.72e-05
2026-07-27 08:00:00+00:00,2026-07-27 08:00:00+00:00,1785139200000,6.554e-05
2026-07-27 12:00:00+00:00,2026-07-27 08:00:00+00:00,1785139200000,6.554e-05
2026-07-27 16:00:00+00:00,2026-07-27 16:00:00+00:00,1785168000000,-3.32e-06
2026-07-27 20:00:00+00:00,2026-07-27 16:00:00+00:00,1785168000000,-3.32e-06
2026-07-28 00:00:00+00:00,2026-07-28 00:00:00+00:00,1785196800000,-5.131e-05
2026-07-28 04:00:00+00:00,2026-07-28 00:00:00+00:00,1785196800000,-5.131e-05
2026-07-28 08:00:00+00:00,2026-07-28 08:00:00+00:00,1785225600000,-0.0001785
2026-07-28 12:00:00+00:00,2026-07-28 08:00:00+00:00,1785225600000,-0.0001785
2026-07-28 16:00:00+00:00,2026-07-28 16:00:00+00:00,1785254400000,-6.327e-05
2026-07-28 20:00:00+00:00,2026-07-28 16:00:00+00:00,1785254400000,-6.327e-05
2026-07-29 00:00:00+00:00,2026-07-29 00:00:00+00:00,1785283200000,2.682e-05
2026-07-29 04:00:00+00:00,2026-07-29 00:00:00+00:00,1785283200000,2.682e-05
2026-07-29 08:00:00+00:00,2026-07-29 08:00:00+00:00,1785312000000,6.357e-05
2026-07-29 12:00:00+00:00,2026-07-29 08:00:00+00:00,1785312000000,6.357e-05
2026-07-29 16:00:00+00:00,2026-07-29 16:00:00+00:00,1785340800000,4.14e-06
2026-07-29 20:00:00+00:00,2026-07-29 16:00:00+00:00,1785340800000,4.14e-06
2026-07-30 00:00:00+00:00,2026-07-30 00:00:00+00:00,1785369600000,1.99e-05
2026-07-30 04:00:00+00:00,2026-07-30 00:00:00+00:00,1785369600000,1.99e-05
2026-07-30 08:00:00+00:00,2026-07-30 08:00:00+00:00,1785398400000,8.438e-05
2026-07-30 12:00:00+00:00,2026-07-30 08:00:00+00:00,1785398400000,8.438e-05
2026-07-30 16:00:00+00:00,2026-07-30 16:00:00+00:00,1785427200000,5.941e-05
2026-07-30 20:00:00+00:00,2026-07-30 16:00:00+00:00,1785427200000,5.941e-05
2026-07-31 00:00:00+00:00,2026-07-31 00:00:00+00:00,1785456000000,4.704e-05
2026-07-31 04:00:00+00:00,2026-07-31 00:00:00+00:00,1785456000000,4.704e-05
2026-07-31 08:00:00+00:00,2026-07-31 08:00:00+00:00,1785484800000,6.52e-05
2026-07-31 12:00:00+00:00,2026-07-31 08:00:00+00:00,1785484800000,6.52e-05
2026-07-31 16:00:00+00:00,2026-07-31 16:00:00+00:00,1785513600000,3.14e-06
2026-07-31 20:00:00+00:00,2026-07-31 16:00:00+00:00,1785513600000,3.14e-06
2026-08-01 00:00:00+00:00,2026-08-01 00:00:00+00:00,1785542400000,2.097e-05
2026-08-01 04:00:00+00:00,2026-08-01 00:00:00+00:00,1785542400000,2.097e-05
2026-08-01 08:00:00+00:00,2026-08-01 08:00:00+00:00,1785571200000,2.325e-05
2026-08-01 12:00:00+00:00,2026-08-01 08:00:00+00:00,1785571200000,2.325e-05
2026-08-01 16:00:00+00:00,2026-08-01 16:00:00+00:00,1785600000000,5.598e-05
2026-08-01 20:00:00+00:00,2026-08-01 16:00:00+00:00,1785600000000,5.598e-05
2026-08-02 00:00:00+00:00,2026-08-02 00:00:00+00:00,1785628800000,-5.915e-05
2026-08-02 04:00:00+00:00,2026-08-02 00:00:00+00:00,1785628800000,-5.915e-05
2026-08-02 08:00:00+00:00,2026-08-02 08:00:00+00:00,1785657600000,0.0001
2026-08-02 12:00:00+00:00,2026-08-02 08:00:00+00:00,1785657600000,0.0001
2026-08-02 16:00:00+00:00,2026-08-02 16:00:00+00:00,1785686400000,0.0001
2026-08-02 20:00:00+00:00,2026-08-02 16:00:00+00:00,1785686400000,0.0001
2026-08-03 00:00:00+00:00,2026-08-03 00:00:00+00:00,1785715200000,5.15e-05
2026-08-03 04:00:00+00:00,2026-08-03 00:00:00+00:00,1785715200000,5.15e-05
2026-08-03 08:00:00+00:00,2026-08-03 08:00:00+00:00,1785744000000,-3.419e-05
2026-08-03 12:00:00+00:00,2026-08-03 08:00:00+00:00,1785744000000,-3.419e-05
2026-08-03 16:00:00+00:00,2026-08-03 16:00:00+00:00,1785772800000,7.852e-05
2026-08-03 20:00:00+00:00,2026-08-03 16:00:00+00:00,1785772800000,7.852e-05
2026-08-04 00:00:00+00:00,2026-08-04 00:00:00+00:00,1785801600000,5.307e-05
2026-08-04 04:00:00+00:00,2026-08-04 00:00:00+00:00,1785801600000,5.307e-05
2026-08-04 08:00:00+00:00,2026-08-04 08:00:00+00:00,1785830400000,5.08e-05
2026-08-04 12:00:00+00:00,2026-08-04 08:00:00+00:00,1785830400000,5.08e-05
2026-08-04 16:00:00+00:00,2026-08-04 16:00:00+00:00,1785859200000,2.705e-05
2026-08-04 20:00:00+00:00,2026-08-04 16:00:00+00:00,1785859200000,2.705e-05
2026-08-05 00:00:00+00:00,2026-08-05 00:00:00+00:00,1785888000000,5.883e-05
2026-08-05 04:00:00+00:00,2026-08-05 00:00:00+00:00,1785888000000,5.883e-05
2026-08-05 08:00:00+00:00,2026-08-05 08:00:00+00:00,1785916800000,3.596e-05
2026-08-05 12:00:00+00:00,2026-08-05 08:00:00+00:00,1785916800000,3.596e-05
2026-08-05 16:00:00+00:00,2026-08-05 16:00:00+00:00,1785945600000,3.781e-05
2026-08-05 20:00:00+00:00,2026-08-05 16:00:00+00:00,1785945600000,3.781e-05
2026-08-06 00:00:00+00:00,2026-08-06 00:00:00+00:00,1785974400000,-4.061e-05
2026-08-06 04:00:00+00:00,2026-08-06 00:00:00+00:00,1785974400000,-4.061e-05
2026-08-06 08:00:00+00:00,2026-08-06 08:00:00+00:00,1786003200000,-8.067e-05
2026-08-06 12:00:00+00:00,2026-08-06 08:00:00+00:00,1786003200000,-8.067e-05
2026-08-06 16:00:00+00:00,2026-08-06 16:00:00+00:00,1786032000000,-6.982e-05
2026-08-06 20:00:00+00:00,2026-08-06 16:00:00+00:00,1786032000000,-6.982e-05
2026-08-07 00:00:00+00:00,2026-08-07 00:00:00+00:00,1786060800000,-1.135e-05
2026-08-07 04:00:00+00:00,2026-08-07 00:00:00+00:00,1786060800000,-1.135e-05
2026-08-07 08:00:00+00:00,2026-08-07 08:00:00+00:00,1786089600000,3.768e-05
2026-08-07 12:00:00+00:00,2026-08-07 08:00:00+00:00,1786089600000,3.768e-05
2026-08-07 16:00:00+00:00,2026-08-07 16:00:00+00:00,1786118400000,-2.752e-05
2026-08-07 20:00:00+00:00,2026-08-07 16:00:00+00:00,1786118400000,-2.752e-05
2026-08-08 00:00:00+00:00,2026-08-08 00:00:00+00:00,1786147200000,5.781e-05
2026-08-08 04:00:00+00:00,2026-08-08 00:00:00+00:00,1786147200000,5.781e-05
2026-08-08 08:00:00+00:00,2026-08-08 08:00:00+00:00,1786176000000,9.329e-05
2026-08-08 12:00:00+00:00,2026-08-08 08:00:00+00:00,1786176000000,9.329e-05
2026-08-08 16:00:00+00:00,2026-08-08 16:00:00+00:00,1786204800000,0.0001
2026-08-08 20:00:00+00:00,2026-08-08 16:00:00+00:00,1786204800000,0.0001
2026-08-09 00:00:00+00:00,2026-08-09 00:00:00+00:00,1786233600000,9.5e-05
2026-08-09 04:00:00+00:00,2026-08-09 00:00:00+00:00,1786233600000,9.5e-05
2026-08-09 08:00:00+00:00,2026-08-09 08:00:00+00:00,1786262400000,0.0001
2026-08-09 12:00:00+00:00,2026-08-09 08:00:00+00:00,1786262400000,0.0001
2026-08-09 16:00:00+00:00,2026-08-09 16:00:00+00:00,1786291200000,6.05e-05
2026-08-09 20:00:00+00:00,2026-08-09 16:00:00+00:00,1786291200000,6.05e-05
2026-08-10 00:00:00+00:00,2026-08-10 00:00:00+00:00,1786320000000,4.667e-05
2026-08-10 04:00:00+00:00,2026-08-10 00:00:00+00:00,1786320000000,4.667e-05
2026-08-10 08:00:00+00:00,2026-08-10 08:00:00+00:00,1786348800000,0.0001
2026-08-10 12:00:00+00:00,2026-08-10 08:00:00+00:00,1786348800000,0.0001
2026-08-10 16:00:00+00:00,2026-08-10 16:00:00+00:00,1786377600000,0.0001
2026-08-10 20:00:00+00:00,2026-08-10 16:00:00+00:00,1786377600000,0.0001
2026-08-11 00:00:00+00:00,2026-08-11 00:00:00+00:00,1786406400000,0.0001
2026-08-11 04:00:00+00:00,2026-08-11 00:00:00+00:00,1786406400000,0.0001
2026-08-11 08:00:00+00:00,2026-08-11 08:00:00+00:00,1786435200000,9.95e-05
2026-08-11 12:00:00+00:00,2026-08-11 08:00:00+00:00,1786435200000,9.95e-05
2026-08-11 16:00:00+00:00,2026-08-11 16:00:00+00:00,1786464000000,8.86e-06
2026-08-11 20:00:00+00:00,2026-08-11 16:00:00+00:00,1786464000000,8.86e-06
2026-08-12 00:00:00+00:00,2026-08-12 00:00:00+00:00,1786492800000,6.419e-05
2026-08-12 04:00:00+00:00,2026-08-12 00:00:00+00:00,1786492800000,6.419e-05
2026-08-12 08:00:00+00:00,2026-08-12 08:00:00+00:00,1786521600000,5.35e-05
2026-08-12 12:00:00+00:00,2026-08-12 08:00:00+00:00,1786521600000,5.35e-05
2026-08-12 16:00:00+00:00,2026-08-12 16:00:00+00:00,1786550400000,-6.441e-05
2026-08-12 20:00:00+00:00,2026-08-12 16:00:00+00:00,1786550400000,-6.441e-05
2026-08-13 00:00:00+00:00,2026-08-13 00:00:00+00:00,1786579200000,-9.818e-05
2026-08-13 04:00:00+00:00,2026-08-13 00:00:00+00:00,1786579200000,-9.818e-05
2026-08-13 08:00:00+00:00,2026-08-13 08:00:00+00:00,1786608000000,0.0001
2026-08-13 12:00:00+00:00,2026-08-13 08:00:00+00:00,1786608000000,0.0001
2026-08-13 16:00:00+00:00,2026-08-13 16:00:00+00:00,1786636800000,-9.45e-06
2026-08-13 20:00:00+00:00,2026-08-13 16:00:00+00:00,1786636800000,-9.45e-06
2026-08-14 00:00:00+00:00,2026-08-14 00:00:00+00:00,1786665600000,-4.66e-06
2026-08-14 04:00:00+00:00,2026-08-14 00:00:00+00:00,1786665600000,-4.66e-06
2026-08-14 08:00:00+00:00,2026-08-14 08:00:00+00:00,1786694400000,4.587e-05
2026-08-14 12:00:00+00:00,2026-08-14 08:00:00+00:00,1786694400000,4.587e-05
2026-08-14 16:00:00+00:00,2026-08-14 16:00:00+00:00,1786723200000,-1.153e-05
2026-08-14 20:00:00+00:00,2026-08-14 16:00:00+00:00,1786723200000,-1.153e-05
2026-08-15 00:00:00+00:00,2026-08-15 00:00:00+00:00,1786752000000,-3.115e-05
2026-08-15 04:00:00+00:00,2026-08-15 00:00:00+00:00,1786752000000,-3.115e-05
2026-08-15 08:00:00+00:00,2026-08-15 08:00:00+00:00,1786780800000,3.25e-06
2026-08-15 12:00:00+00:00,2026-08-15 08:00:00+00:00,1786780800000,3.25e-06
2026-08-15 16:00:00+00:00,2026-08-15 16:00:00+00:00,1786809600000,5.197e-05
2026-08-15 20:00:00+00:00,2026-08-15 16:00:00+00:00,1786809600000,5.197e-05
2026-08-16 00:00:00+00:00,2026-08-16 00:00:00+00:00,1786838400000,8.998e-05
2026-08-16 04:00:00+00:00,2026-08-16 00:00:00+00:00,1786838400000,8.998e-05
2026-08-16 08:00:00+00:00,2026-08-16 08:00:00+00:00,1786867200000,3.089e-05
2026-08-16 12:00:00+00:00,2026-08-16 08:00:00+00:00,1786867200000,3.089e-05
2026-08-16 16:00:00+00:00,2026-08-16 16:00:00+00:00,1786896000000,2.711e-05
2026-08-16 20:00:00+00:00,2026-08-16 16:00:00+00:00,1786896000000,2.711e-05
2026-08-17 00:00:00+00:00,2026-08-17 00:00:00+00:00,1786924800000,1.768e-05
2026-08-17 04:00:00+00:00,2026-08-17 00:00:00+00:00,1786924800000,1.768e-05
2026-08-17 08:00:00+00:00,2026-08-17 08:00:00+00:00,1786953600000,-1.332e-05
2026-08-17 12:00:00+00:00,2026-08-17 08:00:00+00:00,1786953600000,-1.332e-05
2026-08-17 16:00:00+00:00,2026-08-17 16:00:00+00:00,1786982400000,6.701e-05
2026-08-17 20:00:00+00:00,2026-08-17 16:00:00+00:00,1786982400000,6.701e-05
2026-08-18 00:00:00+00:00,2026-08-18 00:00:00+00:00,1787011200000,4.084e-05
2026-08-18 04:00:00+00:00,2026-08-18 00:00:00+00:00,1787011200000,4.084e-05
2026-08-18 08:00:00+00:00,2026-08-18 08:00:00+00:00,1787040000000,6.17e-06
2026-08-18 12:00:00+00:00,2026-08-18 08:00:00+00:00,1787040000000,6.17e-06
2026-08-18 16:00:00+00:00,2026-08-18 16:00:00+00:00,1787068800000,0.0001
2026-08-18 20:00:00+00:00,2026-08-18 16:00:00+00:00,1787068800000,0.0001
2026-08-19 00:00:00+00:00,2026-08-19 00:00:00+00:00,1787097600000,7.453e-05
2026-08-19 04:00:00+00:00,2026-08-19 00:00:00+00:00,1787097600000,7.453e-05
2026-08-19 08:00:00+00:00,2026-08-19 08:00:00+00:00,1787126400000,6.865e-05
2026-08-19 12:00:00+00:00,2026-08-19 08:00:00+00:00,1787126400000,6.865e-05
2026-08-19 16:00:00+00:00,2026-08-19 16:00:00+00:00,1787155200000,1.021e-05
2026-08-19 20:00:00+00:00,2026-08-19 16:00:00+00:00,1787155200000,1.021e-05
2026-08-20 00:00:00+00:00,2026-08-20 00:00:00+00:00,1787184000000,0.0001
2026-08-20 04:00:00+00:00,2026-08-20 00:00:00+00:00,1787184000000,0.0001
2026-08-20 08:00:00+00:00,2026-08-20 08:00:00+00:00,1787212800000,0.0001
2026-08-20 12:00:00+00:00,2026-08-20 08:00:00+00:00,1787212800000,0.0001
2026-08-20 16:00:00+00:00,2026-08-20 16:00:00+00:00,1787241600000,0.0001
2026-08-20 20:00:00+00:00,2026-08-20 16:00:00+00:00,1787241600000,0.0001
2026-08-21 00:00:00+00:00,2026-08-21 00:00:00+00:00,1787270400000,0.0001
2026-08-21 04:00:00+00:00,2026-08-21 00:00:00+00:00,1787270400000,0.0001
2026-08-21 08:00:00+00:00,2026-08-21 08:00:00+00:00,1787299200000,0.0001
2026-08-21 12:00:00+00:00,2026-08-21 08:00:00+00:00,1787299200000,0.0001
2026-08-21 16:00:00+00:00,2026-08-21 16:00:00+00:00,1787328000000,0.0001
2026-08-21 20:00:00+00:00,2026-08-21 16:00:00+00:00,1787328000000,0.0001
2026-08-22 00:00:00+00:00,2026-08-22 00:00:00+00:00,1787356800000,0.0001
2026-08-22 04:00:00+00:00,2026-08-22 00:00:00+00:00,1787356800000,0.0001
2026-08-22 08:00:00+00:00,2026-08-22 08:00:00+00:00,1787385600000,0.0001
2026-08-22 12:00:00+00:00,2026-08-22 08:00:00+00:00,1787385600000,0.0001
2026-08-22 16:00:00+00:00,2026-08-22 16:00:00+00:00,1787414400000,0.0001
2026-08-22 20:00:00+00:00,2026-08-22 16:00:00+00:00,1787414400000,0.0001
2026-08-23 00:00:00+00:00,2026-08-23 00:00:00+00:00,1787443200000,0.0001
2026-08-23 04:00:00+00:00,2026-08-23 00:00:00+00:00,1787443200000,0.0001
2026-08-23 08:00:00+00:00,2026-08-23 08:00:00+00:00,1787472000000,0.0001
2026-08-23 12:00:00+00:00,2026-08-23 08:00:00+00:00,1787472000000,0.0001
2026-08-23 16:00:00+00:00,2026-08-23 16:00:00+00:00,1787500800000,0.0001
2026-08-23 20:00:00+00:00,2026-08-23 16:00:00+00:00,1787500800000,0.0001
2026-08-24 00:00:00+00:00,2026-08-24 00:00:00+00:00,1787529600000,0.0001
