date,funding_rate_last,funding_rate_mean,funding_rate_sum,event_count
2020-10-21 00:00:00+00:00,0.0001,0.0001,0.0002,2
2020-10-22 00:00:00+00:00,0.00099461,0.0007755433333333332,0.0023266299999999997,3
2020-10-23 00:00:00+00:00,0.00036178,0.0004968466666666666,0.00149054,3
2020-10-24 00:00:00+00:00,0.0001,0.00016606333333333333,0.00049819,3
2020-10-25 00:00:00+00:00,0.0001,0.00013196333333333332,0.00039589,3
2020-10-26 00:00:00+00:00,0.0001,0.0001,0.00030000000000000003,3
2020-10-27 00:00:00+00:00,0.0001,0.00011359333333333333,0.00034078,3
2020-10-28 00:00:00+00:00,0.00033981,0.00037243666666666666,0.00111731,3
2020-10-29 00:00:00+00:00,0.0001,0.0001,0.00030000000000000003,3
2020-10-30 00:00:00+00:00,0.0001,0.0001,0.00030000000000000003,3
2020-10-31 00:00:00+00:00,0.0001,0.0001,0.00030000000000000003,3
2020-11-01 00:00:00+00:00,0.00011412,0.00024233333333333333,0.000727,3
2020-11-02 00:00:00+00:00,0.00086948,0.0005187333333333333,0.0015562,3
2020-11-03 00:00:00+00:00,0.0001,0.00031357,0.00094071,3
2020-11-04 00:00:00+00:00,0.0001,0.00012060333333333333,0.00036181,3
2020-11-05 00:00:00+00:00,0.0014097,0.0009633466666666667,0.00289004,3
2020-11-06 00:00:00+00:00,0.00132615,0.0010694433333333332,0.0032083299999999997,3
2020-11-07 00:00:00+00:00,0.00103951,0.0008265,0.0024795,3
2020-11-08 00:00:00+00:00,0.00021327,0.00039466,0.00118398,3
2020-11-09 00:00:00+00:00,0.00040311,0.00042576666666666664,0.0012772999999999999,3
2020-11-10 00:00:00+00:00,0.00020313,0.00021231666666666666,0.00063695,3
2020-11-11 00:00:00+00:00,0.0006823,0.00067373,0.00202119,3
2020-11-12 00:00:00+00:00,0.00039396,0.00042423,0.00127269,3
2020-11-13 00:00:00+00:00,0.00037259,0.00047728000000000007,0.0014318400000000002,3
2020-11-14 00:00:00+00:00,0.00073787,0.0007213366666666667,0.00216401,3
2020-11-15 00:00:00+00:00,0.00037866,0.00044676666666666667,0.0013403,3
2020-11-16 00:00:00+00:00,0.00050466,0.0005749533333333333,0.00172486,3
2020-11-17 00:00:00+00:00,0.00080221,0.0006807166666666667,0.00204215,3
2020-11-18 00:00:00+00:00,0.00130319,0.0011186966666666667,0.00335609,3
2020-11-19 00:00:00+00:00,0.00071878,0.0007265700000000001,0.00217971,3
2020-11-20 00:00:00+00:00,0.00060391,0.00050801,0.00152403,3
2020-11-21 00:00:00+00:00,0.00040078,0.0007183633333333333,0.00215509,3
2020-11-22 00:00:00+00:00,0.00142431,0.0010603799999999999,0.00318114,3
2020-11-23 00:00:00+00:00,0.00187804,0.0016373400000000001,0.0049120200000000004,3
2020-11-24 00:00:00+00:00,0.00127134,0.0015551200000000001,0.00466536,3
2020-11-25 00:00:00+00:00,0.00076488,0.00104612,0.00313836,3
2020-11-26 00:00:00+00:00,0.00036442,0.0008949733333333333,0.00268492,3
2020-11-27 00:00:00+00:00,0.0001,0.00016381333333333333,0.00049144,3
2020-11-28 00:00:00+00:00,0.0001,0.0001,0.00030000000000000003,3
2020-11-29 00:00:00+00:00,0.0001,0.0001,0.00030000000000000003,3
2020-11-30 00:00:00+00:00,0.00026744,0.00015581333333333333,0.00046743999999999996,3
2020-12-01 00:00:00+00:00,0.00077458,0.0006257833333333332,0.0018773499999999999,3
2020-12-02 00:00:00+00:00,0.00043711,0.00062115,0.00186345,3
2020-12-03 00:00:00+00:00,0.0001,0.00011876666666666666,0.0003563,3
2020-12-04 00:00:00+00:00,0.00027857,0.00042836333333333334,0.00128509,3
2020-12-05 00:00:00+00:00,0.0001603,0.00015493333333333335,0.0004648,3
2020-12-06 00:00:00+00:00,0.0001,0.0001,0.00030000000000000003,3
2020-12-07 00:00:00+00:00,0.0001,0.0001,0.00030000000000000003,3
2020-12-08 00:00:00+00:00,0.00020141,0.00017804666666666668,0.00053414,3
2020-12-09 00:00:00+00:00,0.0001,0.00011860000000000001,0.00035580000000000003,3
2020-12-10 00:00:00+00:00,0.0001,0.0001,0.00030000000000000003,3
2020-12-11 00:00:00+00:00,0.00026869,0.00018587333333333332,0.00055762,3
2020-12-12 00:00:00+00:00,0.0001,0.0001,0.00030000000000000003,3
2020-12-13 00:00:00+00:00,0.0001,0.0001,0.00030000000000000003,3
2020-12-14 00:00:00+00:00,0.0001,0.0001,0.00030000000000000003,3
2020-12-15 00:00:00+00:00,0.0001,0.0001,0.00030000000000000003,3
2020-12-16 00:00:00+00:00,0.0001,0.0001,0.00030000000000000003,3
2020-12-17 00:00:00+00:00,0.00134431,0.0009837,0.0029511,3
2020-12-18 00:00:00+00:00,0.00075028,0.0013606566666666666,0.00408197,3
2020-12-19 00:00:00+00:00,0.00113616,0.0010892666666666667,0.0032678000000000004,3
2020-12-20 00:00:00+00:00,0.00073271,0.0011536,0.0034608,3
2020-12-21 00:00:00+00:00,0.00036658,0.0004815833333333334,0.00144475,3
2020-12-22 00:00:00+00:00,0.00020731,0.00022078666666666666,0.00066236,3
2020-12-23 00:00:00+00:00,0.00050361,0.00038211,0.00114633,3
2020-12-24 00:00:00+00:00,0.0001,0.00014457,0.00043371,3
2020-12-25 00:00:00+00:00,0.0001,0.0001,0.00030000000000000003,3
2020-12-26 00:00:00+00:00,0.00010924,0.00010308000000000001,0.00030924,3
2020-12-27 00:00:00+00:00,0.00066122,0.0004229266666666667,0.0012687800000000002,3
2020-12-28 00:00:00+00:00,0.00145218,0.0012024233333333334,0.00360727,3
2020-12-29 00:00:00+00:00,0.00075781,0.0008609133333333333,0.00258274,3
2020-12-30 00:00:00+00:00,0.00091281,0.0007468,0.0022404,3
2020-12-31 00:00:00+00:00,0.00053748,0.0006696533333333332,0.0020089599999999997,3
2021-01-01 00:00:00+00:00,0.0005071,0.00040946,0.00122838,3
2021-01-02 00:00:00+00:00,0.0004095,0.0004221033333333333,0.0012663099999999999,3
2021-01-03 00:00:00+00:00,0.00066401,0.0007387499999999999,0.00221625,3
2021-01-04 00:00:00+00:00,0.00375,0.00293353,0.00880059,3
2021-01-05 00:00:00+00:00,0.00135342,0.0023065866666666665,0.00691976,3
2021-01-06 00:00:00+00:00,0.00240987,0.0018249866666666668,0.00547496,3
2021-01-07 00:00:00+00:00,0.00245918,0.002755636666666667,0.00826691,3
2021-01-08 00:00:00+00:00,0.00139912,0.0019751833333333333,0.00592555,3
2021-01-09 00:00:00+00:00,0.00088534,0.0011722366666666666,0.00351671,3
2021-01-10 00:00:00+00:00,0.00342683,0.00279212,0.00837636,3
2021-01-11 00:00:00+00:00,0.00134316,0.00201267,0.00603801,3
2021-01-12 00:00:00+00:00,0.00021735,0.0002741766666666667,0.00082253,3
2021-01-13 00:00:00+00:00,0.0001,0.0002862133333333333,0.00085864,3
2021-01-14 00:00:00+00:00,0.00061791,0.0005349,0.0016047000000000001,3
2021-01-15 00:00:00+00:00,0.00059983,0.0005282033333333334,0.00158461,3
2021-01-16 00:00:00+00:00,0.0001534,0.00034909333333333335,0.00104728,3
2021-01-17 00:00:00+00:00,0.00128478,0.00130421,0.00391263,3
2021-01-18 00:00:00+00:00,0.00058408,0.0007521566666666667,0.00225647,3
2021-01-19 00:00:00+00:00,0.00224006,0.0014068100000000003,0.004220430000000001,3
2021-01-20 00:00:00+00:00,0.00171093,0.00246261,0.007387830000000001,3
2021-01-21 00:00:00+00:00,0.000527,0.0005564966666666667,0.00166949,3
2021-01-22 00:00:00+00:00,0.0001,0.00016141333333333333,0.00048424,3
2021-01-23 00:00:00+00:00,0.0001,0.0001,0.00030000000000000003,3
2021-01-24 00:00:00+00:00,0.0005103,0.00046383,0.00139149,3
2021-01-25 00:00:00+00:00,0.00121105,0.00087593,0.00262779,3
2021-01-26 00:00:00+00:00,0.0002431,0.0006631333333333334,0.0019894,3
2021-01-27 00:00:00+00:00,0.0001,0.0001,0.00030000000000000003,3
2021-01-28 00:00:00+00:00,0.0001,0.0001,0.00030000000000000003,3
2021-01-29 00:00:00+00:00,0.00092632,0.0006900366666666666,0.00207011,3
2021-01-30 00:00:00+00:00,0.00151236,0.00215007,0.00645021,3
2021-01-31 00:00:00+00:00,0.00125302,0.0011024033333333334,0.00330721,3
2021-02-01 00:00:00+00:00,0.00033673,0.0005818066666666667,0.00174542,3
2021-02-02 00:00:00+00:00,0.00126403,0.00076182,0.00228546,3
2021-02-03 00:00:00+00:00,0.00290019,0.0024502833333333333,0.00735085,3
2021-02-04 00:00:00+00:00,0.00210891,0.0023362866666666667,0.00700886,3
2021-02-05 00:00:00+00:00,0.00191542,0.0019860166666666665,0.0059580499999999995,3
2021-02-06 00:00:00+00:00,0.00155308,0.0018885366666666667,0.00566561,3
2021-02-07 00:00:00+00:00,0.00132934,0.0016847000000000001,0.005054100000000001,3
2021-02-08 00:00:00+00:00,0.00019266,0.0004453266666666666,0.0013359799999999998,3
2021-02-09 00:00:00+00:00,0.00351752,0.0030569799999999995,0.009170939999999999,3
2021-02-10 00:00:00+00:00,0.00262915,0.002740926666666666,0.008222779999999999,3
2021-02-11 00:00:00+00:00,0.00078662,0.0013541866666666666,0.00406256,3
2021-02-12 00:00:00+00:00,0.00108069,0.0013221533333333333,0.00396646,3
2021-02-13 00:00:00+00:00,0.00276189,0.00235993,0.00707979,3
2021-02-14 00:00:00+00:00,0.00181665,0.00163994,0.00491982,3
2021-02-15 00:00:00+00:00,0.00117331,0.0015643200000000001,0.00469296,3
2021-02-16 00:00:00+00:00,0.00146367,0.0011978633333333333,0.00359359,3
2021-02-17 00:00:00+00:00,0.00194229,0.0018704866666666667,0.00561146,3
2021-02-18 00:00:00+00:00,0.00287299,0.002847936666666667,0.00854381,3
2021-02-19 00:00:00+00:00,0.00144098,0.00179422,0.00538266,3
2021-02-20 00:00:00+00:00,0.00218499,0.002220516666666667,0.0066615500000000005,3
2021-02-21 00:00:00+00:00,0.00122471,0.0017179333333333334,0.0051538,3
2021-02-22 00:00:00+00:00,0.00076097,0.0011335100000000001,0.00340053,3
2021-02-23 00:00:00+00:00,0.00021526,0.00044081333333333334,0.00132244,3
2021-02-24 00:00:00+00:00,0.00014754,0.00011584666666666667,0.00034754,3
2021-02-25 00:00:00+00:00,0.00011826,0.00014903333333333331,0.00044709999999999997,3
2021-02-26 00:00:00+00:00,0.0001,0.0001,0.00030000000000000003,3
2021-02-27 00:00:00+00:00,0.00035622,0.00019800333333333333,0.00059401,3
2021-02-28 00:00:00+00:00,0.0001,0.0001,0.00030000000000000003,3
2021-03-01 00:00:00+00:00,0.0001,0.0001,0.00030000000000000003,3
2021-03-02 00:00:00+00:00,0.00014661,0.00016859666666666666,0.00050579,3
2021-03-03 00:00:00+00:00,0.0001,0.00010161000000000001,0.00030483,3
2021-03-04 00:00:00+00:00,0.00012299,0.0002969166666666667,0.00089075,3
2021-03-05 00:00:00+00:00,0.0001,0.00011943666666666668,0.00035831000000000003,3
2021-03-06 00:00:00+00:00,0.00026436,0.00016551333333333332,0.00049654,3
2021-03-07 00:00:00+00:00,0.0001,0.00025114,0.0007534200000000001,3
2021-03-08 00:00:00+00:00,0.00012102,0.0001417,0.00042510000000000003,3
2021-03-09 00:00:00+00:00,0.00043032,0.00025625333333333334,0.0007687600000000001,3
2021-03-10 00:00:00+00:00,0.00051175,0.0006218,0.0018654000000000001,3
2021-03-11 00:00:00+00:00,0.00056905,0.0007026633333333332,0.0021079899999999997,3
2021-03-12 00:00:00+00:00,0.00076273,0.0008387833333333333,0.00251635,3
2021-03-13 00:00:00+00:00,0.00044088,0.0004540566666666667,0.00136217,3
2021-03-14 00:00:00+00:00,0.00143589,0.0013904166666666665,0.00417125,3
2021-03-15 00:00:00+00:00,0.00110178,0.0011631766666666667,0.00348953,3
2021-03-16 00:00:00+00:00,0.00026705,0.00041544,0.00124632,3
2021-03-17 00:00:00+00:00,0.00024498,0.0002667066666666667,0.0008001200000000001,3
2021-03-18 00:00:00+00:00,0.00060846,0.00045161,0.00135483,3
2021-03-19 00:00:00+00:00,0.0001,0.00027007999999999996,0.0008102399999999999,3
2021-03-20 00:00:00+00:00,0.00042549,0.0003198466666666667,0.00095954,3
2021-03-21 00:00:00+00:00,0.00031201,0.00056414,0.00169242,3
2021-03-22 00:00:00+00:00,0.00028301,0.00038394,0.00115182,3
2021-03-23 00:00:00+00:00,0.0001,0.00017264666666666668,0.00051794,3
2021-03-24 00:00:00+00:00,0.00013902,0.00019144666666666668,0.00057434,3
2021-03-25 00:00:00+00:00,0.0001,0.00013974333333333335,0.00041923000000000004,3
2021-03-26 00:00:00+00:00,0.00034709,0.00032692333333333333,0.00098077,3
2021-03-27 00:00:00+00:00,0.0001,0.00010443000000000001,0.00031329000000000003,3
2021-03-28 00:00:00+00:00,0.00014327,0.00013064666666666666,0.00039194,3
2021-03-29 00:00:00+00:00,0.00017914,0.0001631,0.0004893,3
2021-03-30 00:00:00+00:00,0.00057326,0.0005991566666666666,0.00179747,3
2021-03-31 00:00:00+00:00,0.00076093,0.0005858266666666667,0.00175748,3
2021-04-01 00:00:00+00:00,0.00096974,0.0008335733333333333,0.0025007199999999997,3
2021-04-02 00:00:00+00:00,0.00087385,0.0006933366666666668,0.00208001,3
2021-04-03 00:00:00+00:00,0.00120803,0.00115925,0.00347775,3
2021-04-04 00:00:00+00:00,0.00136043,0.0009554033333333333,0.00286621,3
2021-04-05 00:00:00+00:00,0.00072126,0.0009105133333333334,0.00273154,3
2021-04-06 00:00:00+00:00,0.00077826,0.00082934,0.00248802,3
2021-04-07 00:00:00+00:00,0.0005417,0.0005897666666666667,0.0017693,3
2021-04-08 00:00:00+00:00,0.00012121,0.00021964666666666666,0.00065894,3
2021-04-09 00:00:00+00:00,0.00015494,0.00011831333333333332,0.00035494,3
2021-04-10 00:00:00+00:00,0.00115615,0.00052342,0.00157026,3
2021-04-11 00:00:00+00:00,0.00076747,0.00112036,0.00336108,3
2021-04-12 00:00:00+00:00,0.00114219,0.00089263,0.00267789,3
2021-04-13 00:00:00+00:00,0.00075309,0.00075441,0.0022632299999999998,3
2021-04-14 00:00:00+00:00,0.00158538,0.00141786,0.00425358,3
2021-04-15 00:00:00+00:00,0.00084618,0.0010359066666666666,0.00310772,3
2021-04-16 00:00:00+00:00,0.00105554,0.00093172,0.00279516,3
2021-04-17 00:00:00+00:00,0.0006374,0.0008147566666666667,0.00244427,3
2021-04-18 00:00:00+00:00,0.00026884,0.0005110733333333334,0.00153322,3
2021-04-19 00:00:00+00:00,0.0001,0.00017239,0.00051717,3
2021-04-20 00:00:00+00:00,0.0001,0.00012341,0.00037023000000000004,3
2021-04-21 00:00:00+00:00,0.0001,0.0001,0.00030000000000000003,3
2021-04-22 00:00:00+00:00,0.0001,0.0001,0.00030000000000000003,3
2021-04-23 00:00:00+00:00,0.00078509,0.00040609,0.00121827,3
2021-04-24 00:00:00+00:00,0.00015159,0.00038355333333333334,0.00115066,3
2021-04-25 00:00:00+00:00,0.0002837,0.00016123333333333334,0.0004837,3
2021-04-26 00:00:00+00:00,0.0001,0.0001,0.00030000000000000003,3
2021-04-27 00:00:00+00:00,0.0001,0.0001,0.00030000000000000003,3
2021-04-28 00:00:00+00:00,0.00010367,0.00013696666666666667,0.0004109,3
2021-04-29 00:00:00+00:00,0.0001,0.0001,0.00030000000000000003,3
2021-04-30 00:00:00+00:00,0.0001,0.0001,0.00030000000000000003,3
2021-05-01 00:00:00+00:00,0.00022978,0.00019818666666666668,0.00059456,3
2021-05-02 00:00:00+00:00,0.00016559,0.00013325666666666667,0.00039977,3
2021-05-03 00:00:00+00:00,0.0001,0.0001,0.00030000000000000003,3
2021-05-04 00:00:00+00:00,0.00078317,0.0005097366666666666,0.00152921,3
2021-05-05 00:00:00+00:00,0.00078022,0.0006193666666666666,0.0018581,3
2021-05-06 00:00:00+00:00,0.00058598,0.0006575266666666666,0.00197258,3
2021-05-07 00:00:00+00:00,0.00035828,0.0004992433333333334,0.00149773,3
2021-05-08 00:00:00+00:00,0.00044145,0.00034235666666666674,0.0010270700000000002,3
2021-05-09 00:00:00+00:00,0.00031988,0.00029509333333333334,0.00088528,3
2021-05-10 00:00:00+00:00,0.00052979,0.00048084666666666664,0.00144254,3
2021-05-11 00:00:00+00:00,0.0003563,0.0004419,0.0013257,3
2021-05-12 00:00:00+00:00,0.00038937,0.00028113666666666667,0.00084341,3
2021-05-13 00:00:00+00:00,0.00056529,0.0007561966666666666,0.00226859,3
2021-05-14 00:00:00+00:00,0.0001,0.00020722666666666667,0.00062168,3
2021-05-15 00:00:00+00:00,0.00077198,0.00039647000000000006,0.0011894100000000001,3
2021-05-16 00:00:00+00:00,0.00033272,0.00081202,0.00243606,3
2021-05-17 00:00:00+00:00,0.00041696,0.00035827666666666673,0.0010748300000000001,3
2021-05-18 00:00:00+00:00,0.00040307,0.0006065866666666667,0.0018197600000000001,3
2021-05-19 00:00:00+00:00,0.00054316,0.0004969166666666667,0.0014907499999999999,3
2021-05-20 00:00:00+00:00,0.0001,-0.0012417233333333333,-0.00372517,3
2021-05-21 00:00:00+00:00,0.0001,0.0001,0.00030000000000000003,3
2021-05-22 00:00:00+00:00,0.0001,0.0001,0.00030000000000000003,3
2021-05-23 00:00:00+00:00,0.0001,0.0001,0.00030000000000000003,3
2021-05-24 00:00:00+00:00,0.0001,0.0001,0.00030000000000000003,3
2021-05-25 00:00:00+00:00,0.0001,0.0001,0.00030000000000000003,3
2021-05-26 00:00:00+00:00,0.0001,0.0001,0.00030000000000000003,3
2021-05-27 00:00:00+00:00,0.0001,0.0001,0.00030000000000000003,3
2021-05-28 00:00:00+00:00,0.0001,0.0001,0.00030000000000000003,3
2021-05-29 00:00:00+00:00,0.0001,0.0001,0.00030000000000000003,3
2021-05-30 00:00:00+00:00,0.0001,0.0001,0.00030000000000000003,3
2021-05-31 00:00:00+00:00,0.0001,0.0001,0.00030000000000000003,3
2021-06-01 00:00:00+00:00,0.0001,0.0001,0.00030000000000000003,3
2021-06-02 00:00:00+00:00,0.0001,0.0001,0.00030000000000000003,3
2021-06-03 00:00:00+00:00,0.0001,0.0001,0.00030000000000000003,3
2021-06-04 00:00:00+00:00,0.0001,0.0001,0.00030000000000000003,3
2021-06-05 00:00:00+00:00,0.0001,0.0001,0.00030000000000000003,3
2021-06-06 00:00:00+00:00,0.0001,0.0001,0.00030000000000000003,3
2021-06-07 00:00:00+00:00,0.0001,-2.2079999999999995e-05,-6.623999999999999e-05,3
2021-06-08 00:00:00+00:00,0.0001,0.0001,0.00030000000000000003,3
2021-06-09 00:00:00+00:00,0.0001,9.769e-05,0.00029307,3
2021-06-10 00:00:00+00:00,0.0001,6.604666666666668e-05,0.00019814000000000002,3
2021-06-11 00:00:00+00:00,0.0001,0.0001,0.00030000000000000003,3
2021-06-12 00:00:00+00:00,0.0001,0.0001,0.00030000000000000003,3
2021-06-13 00:00:00+00:00,0.0001,0.0001,0.00030000000000000003,3
2021-06-14 00:00:00+00:00,0.0001,0.0001,0.00030000000000000003,3
2021-06-15 00:00:00+00:00,0.0001,0.0001,0.00030000000000000003,3
2021-06-16 00:00:00+00:00,0.0001,0.0001,0.00030000000000000003,3
2021-06-17 00:00:00+00:00,0.0001,0.0001,0.00030000000000000003,3
2021-06-18 00:00:00+00:00,0.0001,0.0001,0.00030000000000000003,3
2021-06-19 00:00:00+00:00,-2.116e-05,4.441666666666667e-05,0.00013325,3
2021-06-20 00:00:00+00:00,8.287e-05,6.580666666666667e-05,0.00019742000000000002,3
2021-06-21 00:00:00+00:00,2.03e-05,-6.446666666666667e-06,-1.934e-05,3
2021-06-22 00:00:00+00:00,5.092e-05,6.600000000000016e-07,1.9800000000000048e-06,3
2021-06-23 00:00:00+00:00,-0.00025721,-0.00015236333333333333,-0.00045709,3
2021-06-24 00:00:00+00:00,7.066e-05,-4.624333333333333e-05,-0.00013873,3
2021-06-25 00:00:00+00:00,0.0001,0.0001,0.00030000000000000003,3
2021-06-26 00:00:00+00:00,0.0001,0.0001,0.00030000000000000003,3
2021-06-27 00:00:00+00:00,-0.00017175,-0.00014642333333333334,-0.00043927,3
2021-06-28 00:00:00+00:00,0.0001,-6.097333333333333e-05,-0.00018292,3
2021-06-29 00:00:00+00:00,0.0001,3.6620000000000005e-05,0.00010986000000000001,3
2021-06-30 00:00:00+00:00,0.0001,6.312333333333333e-05,0.00018937,3
2021-07-01 00:00:00+00:00,0.0001,0.0001,0.00030000000000000003,3
2021-07-02 00:00:00+00:00,8.039e-05,2.3389999999999995e-05,7.016999999999999e-05,3
2021-07-03 00:00:00+00:00,0.0001,7.112333333333334e-05,0.00021337,3
2021-07-04 00:00:00+00:00,0.0001,0.0001,0.00030000000000000003,3
2021-07-05 00:00:00+00:00,0.0001,9.329e-05,0.00027987,3
2021-07-06 00:00:00+00:00,-0.0002537,-0.00019691,-0.00059073,3
2021-07-07 00:00:00+00:00,6.728e-05,-9.813333333333334e-05,-0.0002944,3
2021-07-08 00:00:00+00:00,0.0001,8.231e-05,0.00024693,3
2021-07-09 00:00:00+00:00,9.106e-05,9.702e-05,0.00029106,3
2021-07-10 00:00:00+00:00,0.0001,0.0001,0.00030000000000000003,3
2021-07-11 00:00:00+00:00,0.0001,0.0001,0.00030000000000000003,3
2021-07-12 00:00:00+00:00,0.0001,0.0001,0.00030000000000000003,3
2021-07-13 00:00:00+00:00,0.0001,0.0001,0.00030000000000000003,3
2021-07-14 00:00:00+00:00,0.0001,0.0001,0.00030000000000000003,3
2021-07-15 00:00:00+00:00,0.0001,0.0001,0.00030000000000000003,3
2021-07-16 00:00:00+00:00,0.0001,0.0001,0.00030000000000000003,3
2021-07-17 00:00:00+00:00,0.0001,1.897333333333334e-05,5.692000000000002e-05,3
2021-07-18 00:00:00+00:00,0.0001,0.0001,0.00030000000000000003,3
2021-07-19 00:00:00+00:00,0.0001,0.0001,0.00030000000000000003,3
2021-07-20 00:00:00+00:00,0.0001,0.0001,0.00030000000000000003,3
2021-07-21 00:00:00+00:00,3.03e-06,5.692333333333333e-05,0.00017077,3
2021-07-22 00:00:00+00:00,0.0001,3.4563333333333335e-05,0.00010369,3
2021-07-23 00:00:00+00:00,0.0001,2.5033333333333336e-05,7.510000000000001e-05,3
2021-07-24 00:00:00+00:00,0.0001,6.476000000000001e-05,0.00019428000000000002,3
2021-07-25 00:00:00+00:00,-0.00016559,-0.00015879999999999998,-0.0004764,3
2021-07-26 00:00:00+00:00,0.0001,9.219000000000001e-05,0.00027657,3
2021-07-27 00:00:00+00:00,0.0001,0.0001,0.00030000000000000003,3
2021-07-28 00:00:00+00:00,0.0001,0.0001,0.00030000000000000003,3
2021-07-29 00:00:00+00:00,0.0001,6.599333333333334e-05,0.00019798,3
2021-07-30 00:00:00+00:00,0.0001,0.0001,0.00030000000000000003,3
2021-07-31 00:00:00+00:00,0.0001,0.0001,0.00030000000000000003,3
2021-08-01 00:00:00+00:00,0.0001,0.0001,0.00030000000000000003,3
2021-08-02 00:00:00+00:00,0.0001,0.0001,0.00030000000000000003,3
2021-08-03 00:00:00+00:00,0.0001,0.0001,0.00030000000000000003,3
2021-08-04 00:00:00+00:00,1.079e-05,1.5819999999999998e-05,4.7459999999999996e-05,3
2021-08-05 00:00:00+00:00,0.0001,0.0001,0.00030000000000000003,3
2021-08-06 00:00:00+00:00,0.0001,0.0001,0.00030000000000000003,3
2021-08-07 00:00:00+00:00,0.0001,0.0001,0.00030000000000000003,3
2021-08-08 00:00:00+00:00,0.0001,0.0001,0.00030000000000000003,3
2021-08-09 00:00:00+00:00,0.0001,0.00012966666666666668,0.000389,3
2021-08-10 00:00:00+00:00,0.0001,0.0001,0.00030000000000000003,3
2021-08-11 00:00:00+00:00,0.0001,0.00020219333333333333,0.00060658,3
2021-08-12 00:00:00+00:00,0.0001,0.0001,0.00030000000000000003,3
2021-08-13 00:00:00+00:00,0.0001,0.00017802333333333332,0.00053407,3
2021-08-14 00:00:00+00:00,0.00018543,0.00012847666666666665,0.00038543,3
2021-08-15 00:00:00+00:00,0.00035487,0.00039684000000000003,0.00119052,3
2021-08-16 00:00:00+00:00,0.00018623,0.00024460333333333335,0.00073381,3
2021-08-17 00:00:00+00:00,0.0001,0.00018892666666666668,0.00056678,3
2021-08-18 00:00:00+00:00,0.0001,0.0001,0.00030000000000000003,3
2021-08-19 00:00:00+00:00,0.0001,0.0001,0.00030000000000000003,3
2021-08-20 00:00:00+00:00,0.0001,0.0001,0.00030000000000000003,3
2021-08-21 00:00:00+00:00,0.0001,0.00013035,0.00039105,3
2021-08-22 00:00:00+00:00,0.0001,0.0001,0.00030000000000000003,3
2021-08-23 00:00:00+00:00,0.00047137,0.00022379,0.00067137,3
2021-08-24 00:00:00+00:00,0.00025105,0.00017203,0.00051609,3
2021-08-25 00:00:00+00:00,0.00028806,0.00036415,0.00109245,3
2021-08-26 00:00:00+00:00,0.0001,0.0001,0.00030000000000000003,3
2021-08-27 00:00:00+00:00,0.00014814,0.00012453333333333334,0.00037360000000000003,3
2021-08-28 00:00:00+00:00,0.0001,0.0001,0.00030000000000000003,3
2021-08-29 00:00:00+00:00,0.0001,0.00010379333333333333,0.00031138,3
2021-08-30 00:00:00+00:00,0.0001,0.0001,0.00030000000000000003,3
2021-08-31 00:00:00+00:00,0.00023137,0.00023725666666666667,0.00071177,3
2021-09-01 00:00:00+00:00,0.0001,0.0001,0.00030000000000000003,3
2021-09-02 00:00:00+00:00,0.00086965,0.00035655,0.0010696500000000001,3
2021-09-03 00:00:00+00:00,0.00031878,0.00055799,0.0016739699999999999,3
2021-09-04 00:00:00+00:00,0.00122853,0.0009111833333333334,0.00273355,3
2021-09-05 00:00:00+00:00,0.00129526,0.0015236800000000001,0.00457104,3
2021-09-06 00:00:00+00:00,0.00077559,0.0007826633333333334,0.0023479900000000003,3
2021-09-07 00:00:00+00:00,0.00077833,0.00058829,0.00176487,3
2021-09-08 00:00:00+00:00,0.0001,0.00014302333333333334,0.00042907000000000004,3
2021-09-09 00:00:00+00:00,0.0001,0.0001,0.00030000000000000003,3
2021-09-10 00:00:00+00:00,0.0001,0.0001,0.00030000000000000003,3
2021-09-11 00:00:00+00:00,0.0001,0.0001,0.00030000000000000003,3
2021-09-12 00:00:00+00:00,0.00012502,0.00011861999999999999,0.00035585999999999994,3
2021-09-13 00:00:00+00:00,0.0001,0.0001,0.00030000000000000003,3
2021-09-14 00:00:00+00:00,0.0001,0.0001,0.00030000000000000003,3
2021-09-15 00:00:00+00:00,0.0001,0.0001,0.00030000000000000003,3
2021-09-16 00:00:00+00:00,0.0001,0.0001,0.00030000000000000003,3
2021-09-17 00:00:00+00:00,0.0001859,0.00012863333333333333,0.0003859,3
2021-09-18 00:00:00+00:00,0.00017513,0.00030557,0.00091671,3
2021-09-19 00:00:00+00:00,0.0001,0.0001,0.00030000000000000003,3
2021-09-20 00:00:00+00:00,0.0001,0.0001,0.00030000000000000003,3
2021-09-21 00:00:00+00:00,0.0001,0.0001,0.00030000000000000003,3
2021-09-22 00:00:00+00:00,0.0001,0.0001,0.00030000000000000003,3
2021-09-23 00:00:00+00:00,0.0001,0.0001,0.00030000000000000003,3
2021-09-24 00:00:00+00:00,0.0001,0.0001,0.00030000000000000003,3
2021-09-25 00:00:00+00:00,0.0001,0.0001,0.00030000000000000003,3
2021-09-26 00:00:00+00:00,0.0001,0.0001,0.00030000000000000003,3
2021-09-27 00:00:00+00:00,0.0001,0.0001,0.00030000000000000003,3
2021-09-28 00:00:00+00:00,0.0001,0.0001,0.00030000000000000003,3
2021-09-29 00:00:00+00:00,0.0001,0.0001,0.00030000000000000003,3
2021-09-30 00:00:00+00:00,0.0001,0.0001,0.00030000000000000003,3
2021-10-01 00:00:00+00:00,0.0001,0.0001,0.00030000000000000003,3
2021-10-02 00:00:00+00:00,0.0001,0.0001,0.00030000000000000003,3
2021-10-03 00:00:00+00:00,0.0001,0.0001,0.00030000000000000003,3
2021-10-04 00:00:00+00:00,0.0001,0.0001,0.00030000000000000003,3
2021-10-05 00:00:00+00:00,0.0001,0.0001,0.00030000000000000003,3
2021-10-06 00:00:00+00:00,0.0001,0.0001,0.00030000000000000003,3
2021-10-07 00:00:00+00:00,0.0001,0.0001,0.00030000000000000003,3
2021-10-08 00:00:00+00:00,0.0001,0.00012993333333333334,0.00038980000000000004,3
2021-10-09 00:00:00+00:00,0.0001,0.00012601666666666668,0.00037805,3
2021-10-10 00:00:00+00:00,0.0001,0.0001,0.00030000000000000003,3
2021-10-11 00:00:00+00:00,0.0001,0.0001,0.00030000000000000003,3
2021-10-12 00:00:00+00:00,0.0001,0.0001,0.00030000000000000003,3
2021-10-13 00:00:00+00:00,0.0001,0.0001,0.00030000000000000003,3
2021-10-14 00:00:00+00:00,0.0001,0.0001,0.00030000000000000003,3
2021-10-15 00:00:00+00:00,0.00055995,0.0002736633333333333,0.00082099,3
2021-10-16 00:00:00+00:00,0.00040744,0.00042343000000000003,0.00127029,3
2021-10-17 00:00:00+00:00,0.00067167,0.0007210599999999999,0.00216318,3
2021-10-18 00:00:00+00:00,0.00051344,0.00046666,0.0013999799999999999,3
2021-10-19 00:00:00+00:00,0.0007344,0.0006839766666666666,0.00205193,3
2021-10-20 00:00:00+00:00,0.00058729,0.00054287,0.00162861,3
2021-10-21 00:00:00+00:00,0.00120389,0.0010959833333333334,0.00328795,3
2021-10-22 00:00:00+00:00,0.00099455,0.0013062333333333336,0.003918700000000001,3
2021-10-23 00:00:00+00:00,0.00020204,0.0003893733333333333,0.00116812,3
2021-10-24 00:00:00+00:00,0.00041182,0.00020394,0.00061182,3
2021-10-25 00:00:00+00:00,0.00055382,0.00045059,0.00135177,3
2021-10-26 00:00:00+00:00,0.00030904,0.00050022,0.00150066,3
2021-10-27 00:00:00+00:00,0.00043379,0.00024391999999999998,0.0007317599999999999,3
2021-10-28 00:00:00+00:00,0.0001,0.00014015,0.00042045,3
2021-10-29 00:00:00+00:00,0.0001,0.0001,0.00030000000000000003,3
2021-10-30 00:00:00+00:00,0.00017716,0.00012571999999999998,0.00037716,3
2021-10-31 00:00:00+00:00,0.0001,0.00018202,0.00054606,3
2021-11-01 00:00:00+00:00,0.00023987,0.0003020366666666667,0.00090611,3
2021-11-02 00:00:00+00:00,0.00024139,0.0001969,0.0005907,3
2021-11-03 00:00:00+00:00,0.00027303,0.00043754999999999993,0.0013126499999999998,3
2021-11-04 00:00:00+00:00,0.00037454,0.00039571666666666664,0.0011871499999999999,3
2021-11-05 00:00:00+00:00,0.00026751,0.0002646,0.0007938,3
2021-11-06 00:00:00+00:00,0.00066131,0.00044751,0.00134253,3
2021-11-07 00:00:00+00:00,0.0001,0.00020019000000000002,0.00060057,3
2021-11-08 00:00:00+00:00,0.00015229,0.00011743,0.00035229,3
2021-11-09 00:00:00+00:00,0.0001,0.0001,0.00030000000000000003,3
2021-11-10 00:00:00+00:00,0.0001,0.0001,0.00030000000000000003,3
2021-11-11 00:00:00+00:00,0.00016424,0.00012141333333333335,0.00036424000000000005,3
2021-11-12 00:00:00+00:00,0.0001,0.0001,0.00030000000000000003,3
2021-11-13 00:00:00+00:00,0.0001,0.0001,0.00030000000000000003,3
2021-11-14 00:00:00+00:00,0.0001,0.0001,0.00030000000000000003,3
2021-11-15 00:00:00+00:00,0.00037235,0.00033397,0.00100191,3
2021-11-16 00:00:00+00:00,0.0001,0.0001,0.00030000000000000003,3
2021-11-17 00:00:00+00:00,0.0001,0.0001,0.00030000000000000003,3
2021-11-18 00:00:00+00:00,0.0001,0.0001,0.00030000000000000003,3
2021-11-19 00:00:00+00:00,0.0001,0.0001,0.00030000000000000003,3
2021-11-20 00:00:00+00:00,0.0001,0.0001,0.00030000000000000003,3
2021-11-21 00:00:00+00:00,0.0001,0.0001,0.00030000000000000003,3
2021-11-22 00:00:00+00:00,0.0001,0.0001,0.00030000000000000003,3
2021-11-23 00:00:00+00:00,0.0001,0.0001,0.00030000000000000003,3
2021-11-24 00:00:00+00:00,0.0001,0.0001,0.00030000000000000003,3
2021-11-25 00:00:00+00:00,0.0001,0.0001,0.00030000000000000003,3
2021-11-26 00:00:00+00:00,0.00013435,0.00027949999999999996,0.0008384999999999999,3
2021-11-27 00:00:00+00:00,0.0001,0.0001,0.00030000000000000003,3
2021-11-28 00:00:00+00:00,0.0001,0.0001,0.00030000000000000003,3
2021-11-29 00:00:00+00:00,0.0001,0.0001,0.00030000000000000003,3
2021-11-30 00:00:00+00:00,0.0001,0.0001,0.00030000000000000003,3
2021-12-01 00:00:00+00:00,0.0001,0.00012985333333333333,0.00038956,3
2021-12-02 00:00:00+00:00,0.0001,0.0001,0.00030000000000000003,3
2021-12-03 00:00:00+00:00,0.0001,0.00013028666666666666,0.00039086,3
2021-12-04 00:00:00+00:00,0.0001,0.0001,0.00030000000000000003,3
2021-12-05 00:00:00+00:00,0.0001,0.0001,0.00030000000000000003,3
2021-12-06 00:00:00+00:00,0.0001,0.0001,0.00030000000000000003,3
2021-12-07 00:00:00+00:00,0.0001,0.0001,0.00030000000000000003,3
2021-12-08 00:00:00+00:00,0.0001,0.0001,0.00030000000000000003,3
2021-12-09 00:00:00+00:00,0.0001,0.0001,0.00030000000000000003,3
2021-12-10 00:00:00+00:00,0.0001,0.0001,0.00030000000000000003,3
2021-12-11 00:00:00+00:00,0.0001,0.0001,0.00030000000000000003,3
2021-12-12 00:00:00+00:00,0.0001,0.0001,0.00030000000000000003,3
2021-12-13 00:00:00+00:00,0.0001,0.0001,0.00030000000000000003,3
2021-12-14 00:00:00+00:00,0.0001,7.782666666666666e-05,0.00023348,3
2021-12-15 00:00:00+00:00,0.0001,0.0001,0.00030000000000000003,3
2021-12-16 00:00:00+00:00,0.0001,0.0001,0.00030000000000000003,3
2021-12-17 00:00:00+00:00,0.0001,0.0001,0.00030000000000000003,3
2021-12-18 00:00:00+00:00,0.0001,0.0001,0.00030000000000000003,3
2021-12-19 00:00:00+00:00,0.0001,0.0001,0.00030000000000000003,3
2021-12-20 00:00:00+00:00,0.0001,0.0001,0.00030000000000000003,3
2021-12-21 00:00:00+00:00,0.0001,0.0001,0.00030000000000000003,3
2021-12-22 00:00:00+00:00,0.0001,0.0001,0.00030000000000000003,3
2021-12-23 00:00:00+00:00,0.0001,0.0001,0.00030000000000000003,3
2021-12-24 00:00:00+00:00,0.0001,0.0001,0.00030000000000000003,3
2021-12-25 00:00:00+00:00,0.0001,0.0001,0.00030000000000000003,3
2021-12-26 00:00:00+00:00,0.0001,0.0001,0.00030000000000000003,3
2021-12-27 00:00:00+00:00,0.0001,0.0001,0.00030000000000000003,3
2021-12-28 00:00:00+00:00,0.0001,0.0001,0.00030000000000000003,3
2021-12-29 00:00:00+00:00,0.0001,0.0001,0.00030000000000000003,3
2021-12-30 00:00:00+00:00,0.0001,0.0001,0.00030000000000000003,3
2021-12-31 00:00:00+00:00,0.0001,0.0001,0.00030000000000000003,3
2022-01-01 00:00:00+00:00,0.0001,0.0001,0.00030000000000000003,3
2022-01-02 00:00:00+00:00,0.0001,0.0001,0.00030000000000000003,3
2022-01-03 00:00:00+00:00,0.0001,0.0001,0.00030000000000000003,3
2022-01-04 00:00:00+00:00,0.0001,0.0001,0.00030000000000000003,3
2022-01-05 00:00:00+00:00,0.0001,0.0001,0.00030000000000000003,3
2022-01-06 00:00:00+00:00,0.0001,0.0001,0.00030000000000000003,3
2022-01-07 00:00:00+00:00,0.0001,0.0001,0.00030000000000000003,3
2022-01-08 00:00:00+00:00,0.0001,0.0001,0.00030000000000000003,3
2022-01-09 00:00:00+00:00,0.0001,0.0001,0.00030000000000000003,3
2022-01-10 00:00:00+00:00,0.0001,3.464333333333334e-05,0.00010393000000000002,3
2022-01-11 00:00:00+00:00,0.0001,9.014666666666667e-05,0.00027044,3
2022-01-12 00:00:00+00:00,4.71e-06,1.0556666666666667e-05,3.167e-05,3
2022-01-13 00:00:00+00:00,0.0001,4.8893333333333335e-05,0.00014668,3
2022-01-14 00:00:00+00:00,0.0001,0.0001,0.00030000000000000003,3
2022-01-15 00:00:00+00:00,0.0001,0.0001,0.00030000000000000003,3
2022-01-16 00:00:00+00:00,9.135e-05,8.682666666666667e-05,0.00026048,3
2022-01-17 00:00:00+00:00,3.345e-05,2.8313333333333332e-05,8.494e-05,3
2022-01-18 00:00:00+00:00,0.0001,7.927666666666667e-05,0.00023783000000000002,3
2022-01-19 00:00:00+00:00,0.0001,0.0001,0.00030000000000000003,3
2022-01-20 00:00:00+00:00,0.0001,0.0001,0.00030000000000000003,3
2022-01-21 00:00:00+00:00,0.0001,0.0001,0.00030000000000000003,3
2022-01-22 00:00:00+00:00,0.0001,0.0001,0.00030000000000000003,3
2022-01-23 00:00:00+00:00,0.0001,0.0001,0.00030000000000000003,3
2022-01-24 00:00:00+00:00,-1.4e-05,6.050000000000002e-06,1.8150000000000007e-05,3
2022-01-25 00:00:00+00:00,0.0001,7.893333333333333e-05,0.0002368,3
2022-01-26 00:00:00+00:00,-2.516e-05,-8.294666666666667e-05,-0.00024884,3
2022-01-27 00:00:00+00:00,-0.00010449,-4.856666666666667e-05,-0.00014570000000000002,3
2022-01-28 00:00:00+00:00,2.271e-05,2.707e-05,8.121e-05,3
2022-01-29 00:00:00+00:00,0.0001,5.863e-05,0.00017589,3
2022-01-30 00:00:00+00:00,-2.573e-05,-7.068e-05,-0.00021203999999999998,3
2022-01-31 00:00:00+00:00,9.63e-05,3.361333333333333e-05,0.00010084,3
2022-02-01 00:00:00+00:00,-9.087e-05,-4.249999999999999e-06,-1.2749999999999998e-05,3
2022-02-02 00:00:00+00:00,0.0001,-7.846666666666669e-06,-2.354000000000001e-05,3
2022-02-03 00:00:00+00:00,-3.15e-06,-5.601666666666666e-05,-0.00016805,3
2022-02-04 00:00:00+00:00,0.0001,0.0001,0.00030000000000000003,3
2022-02-05 00:00:00+00:00,0.0001,0.0001,0.00030000000000000003,3
2022-02-06 00:00:00+00:00,0.0001,0.0001,0.00030000000000000003,3
2022-02-07 00:00:00+00:00,3.856e-05,6.855e-05,0.00020564999999999998,3
2022-02-08 00:00:00+00:00,6.776e-05,6.594666666666668e-05,0.00019784000000000002,3
2022-02-09 00:00:00+00:00,-6.157e-05,4.6143333333333336e-05,0.00013843000000000001,3
2022-02-10 00:00:00+00:00,-3.454e-05,-6.646333333333332e-05,-0.00019938999999999997,3
2022-02-11 00:00:00+00:00,0.0001,2.8566666666666665e-05,8.57e-05,3
2022-02-12 00:00:00+00:00,0.0001,0.0001,0.00030000000000000003,3
2022-02-13 00:00:00+00:00,6.083e-05,8.694333333333333e-05,0.00026083,3
2022-02-14 00:00:00+00:00,0.0001,0.0001,0.00030000000000000003,3
2022-02-15 00:00:00+00:00,-1.226e-05,5.867333333333334e-05,0.00017602,3
2022-02-16 00:00:00+00:00,0.0001,1.171666666666667e-05,3.5150000000000014e-05,3
2022-02-17 00:00:00+00:00,0.0001,0.0001,0.00030000000000000003,3
2022-02-18 00:00:00+00:00,2.546e-05,7.005666666666666e-05,0.00021017,3
2022-02-19 00:00:00+00:00,0.0001,9.968e-05,0.00029904,3
2022-02-20 00:00:00+00:00,0.0001,0.0001,0.00030000000000000003,3
2022-02-21 00:00:00+00:00,0.0001,0.0001,0.00030000000000000003,3
2022-02-22 00:00:00+00:00,0.0001,0.0001,0.00030000000000000003,3
2022-02-23 00:00:00+00:00,0.0001,9.407666666666667e-05,0.00028223,3
2022-02-24 00:00:00+00:00,-4.434e-05,-4.398999999999999e-05,-0.00013196999999999997,3
2022-02-25 00:00:00+00:00,3.649e-05,5.257e-05,0.00015771,3
2022-02-26 00:00:00+00:00,0.0001,0.0001,0.00030000000000000003,3
2022-02-27 00:00:00+00:00,-0.00015607,1.0070000000000009e-05,3.0210000000000024e-05,3
2022-02-28 00:00:00+00:00,-0.0001346,-5.452999999999999e-05,-0.00016358999999999997,3
2022-03-01 00:00:00+00:00,0.0001,0.0001,0.00030000000000000003,3
2022-03-02 00:00:00+00:00,0.0001,0.0001,0.00030000000000000003,3
2022-03-03 00:00:00+00:00,0.0001,0.0001,0.00030000000000000003,3
2022-03-04 00:00:00+00:00,5.533e-05,8.511e-05,0.00025533,3
2022-03-05 00:00:00+00:00,-0.00023502,-0.00010715000000000002,-0.00032145000000000003,3
2022-03-06 00:00:00+00:00,-4.606e-05,-8.792000000000001e-05,-0.00026376000000000004,3
2022-03-07 00:00:00+00:00,-0.00014773,-7.107333333333334e-05,-0.00021322,3
2022-03-08 00:00:00+00:00,0.0001,5.336e-05,0.00016008,3
2022-03-09 00:00:00+00:00,0.0001,0.0001,0.00030000000000000003,3
2022-03-10 00:00:00+00:00,0.0001,0.0001,0.00030000000000000003,3
2022-03-11 00:00:00+00:00,-1.171e-05,5.8966666666666666e-05,0.0001769,3
2022-03-12 00:00:00+00:00,4.559e-05,8.186333333333333e-05,0.00024559,3
2022-03-13 00:00:00+00:00,0.0001,0.0001,0.00030000000000000003,3
2022-03-14 00:00:00+00:00,0.0001,0.0001,0.00030000000000000003,3
2022-03-15 00:00:00+00:00,6.663e-05,8.887666666666668e-05,0.00026663,3
2022-03-16 00:00:00+00:00,0.0001,9.058e-05,0.00027174,3
2022-03-17 00:00:00+00:00,0.0001,9.277666666666668e-05,0.00027833,3
2022-03-18 00:00:00+00:00,-3.593e-05,-5.3373333333333346e-05,-0.00016012000000000003,3
2022-03-19 00:00:00+00:00,0.0001,-2.6329999999999997e-05,-7.898999999999999e-05,3
2022-03-20 00:00:00+00:00,0.0001,9.191333333333333e-05,0.00027574,3
2022-03-21 00:00:00+00:00,0.0001,0.0001,0.00030000000000000003,3
2022-03-22 00:00:00+00:00,0.0001,7.122e-05,0.00021366,3
2022-03-23 00:00:00+00:00,1.598e-05,7.199333333333333e-05,0.00021598,3
2022-03-24 00:00:00+00:00,0.0001,1.0426666666666671e-05,3.128000000000001e-05,3
2022-03-25 00:00:00+00:00,0.0001,0.0001,0.00030000000000000003,3
2022-03-26 00:00:00+00:00,0.0001,0.0001,0.00030000000000000003,3
2022-03-27 00:00:00+00:00,-4.939e-05,1.3066666666666668e-05,3.9200000000000004e-05,3
2022-03-28 00:00:00+00:00,0.0001,6.362333333333333e-05,0.00019087,3
2022-03-29 00:00:00+00:00,0.0001,8.977666666666667e-05,0.00026933,3
2022-03-30 00:00:00+00:00,0.0001,8.608333333333334e-05,0.00025825,3
2022-03-31 00:00:00+00:00,0.0001,0.0001,0.00030000000000000003,3
2022-04-01 00:00:00+00:00,0.0001,0.0001,0.00030000000000000003,3
2022-04-02 00:00:00+00:00,0.0001,0.0001,0.00030000000000000003,3
2022-04-03 00:00:00+00:00,0.0001,0.0001,0.00030000000000000003,3
2022-04-04 00:00:00+00:00,6.378e-05,8.792666666666668e-05,0.00026378,3
2022-04-05 00:00:00+00:00,0.0001,0.0001,0.00030000000000000003,3
2022-04-06 00:00:00+00:00,-0.00011924,2.6920000000000003e-05,8.076e-05,3
2022-04-07 00:00:00+00:00,0.0001,0.0001,0.00030000000000000003,3
2022-04-08 00:00:00+00:00,6.724e-05,4.5896666666666664e-05,0.00013769,3
2022-04-09 00:00:00+00:00,0.0001,0.0001,0.00030000000000000003,3
2022-04-10 00:00:00+00:00,9.453e-05,9.817666666666666e-05,0.00029453,3
2022-04-11 00:00:00+00:00,9.007e-05,5.5803333333333335e-05,0.00016741,3
2022-04-12 00:00:00+00:00,0.0001,5.3370000000000006e-05,0.00016011,3
2022-04-13 00:00:00+00:00,-0.00016488,-6.811333333333334e-05,-0.00020434,3
2022-04-14 00:00:00+00:00,-8.051e-05,-1.0453333333333332e-05,-3.136e-05,3
2022-04-15 00:00:00+00:00,-9.66e-05,-3.563666666666667e-05,-0.00010691,3
2022-04-16 00:00:00+00:00,-5.437e-05,-3.768e-05,-0.00011304,3
2022-04-17 00:00:00+00:00,-0.00027831,-4.4393333333333334e-05,-0.00013318,3
2022-04-18 00:00:00+00:00,-9.654e-05,-4.329999999999998e-06,-1.2989999999999996e-05,3
2022-04-19 00:00:00+00:00,0.0001,7.546333333333334e-05,0.00022639,3
2022-04-20 00:00:00+00:00,-0.00019279,-2.7236666666666666e-05,-8.171e-05,3
2022-04-21 00:00:00+00:00,9.52e-06,1.753e-05,5.2589999999999996e-05,3
2022-04-22 00:00:00+00:00,3.451e-05,3.0513333333333335e-05,9.154000000000001e-05,3
2022-04-23 00:00:00+00:00,-0.00011081,-1.0296666666666666e-05,-3.089e-05,3
2022-04-24 00:00:00+00:00,2.485e-05,2.51e-05,7.53e-05,3
2022-04-25 00:00:00+00:00,-0.00018573,-5.966333333333333e-05,-0.00017899,3
2022-04-26 00:00:00+00:00,0.0001,1.1213333333333337e-05,3.364000000000001e-05,3
2022-04-27 00:00:00+00:00,-0.00024776,-4.474333333333334e-05,-0.00013423000000000002,3
2022-04-28 00:00:00+00:00,0.0001,0.0001,0.00030000000000000003,3
2022-04-29 00:00:00+00:00,0.0001,0.0001,0.00030000000000000003,3
2022-04-30 00:00:00+00:00,-5.608e-05,-1.1726666666666664e-05,-3.517999999999999e-05,3
2022-05-01 00:00:00+00:00,-0.00018161,-0.00011509333333333334,-0.00034528,3
2022-05-02 00:00:00+00:00,-7.234e-05,-6.135e-05,-0.00018405,3
2022-05-03 00:00:00+00:00,2.759e-05,6.183000000000001e-05,0.00018549000000000001,3
2022-05-04 00:00:00+00:00,0.0001,0.0001,0.00030000000000000003,3
2022-05-05 00:00:00+00:00,0.0001,0.0001,0.00030000000000000003,3
2022-05-06 00:00:00+00:00,-6.668e-05,4.444e-05,0.00013332,3
2022-05-07 00:00:00+00:00,0.0001,0.0001,0.00030000000000000003,3
2022-05-08 00:00:00+00:00,0.0001,0.0001,0.00030000000000000003,3
2022-05-09 00:00:00+00:00,0.0001,0.0001,0.00030000000000000003,3
2022-05-10 00:00:00+00:00,0.0001,0.0001,0.00030000000000000003,3
2022-05-11 00:00:00+00:00,0.0001,0.0001,0.00030000000000000003,3
2022-05-12 00:00:00+00:00,-0.00046214,-8.738000000000001e-05,-0.00026214,3
2022-05-13 00:00:00+00:00,6.227e-05,-1.696333333333333e-05,-5.0889999999999996e-05,3
2022-05-14 00:00:00+00:00,0.0001,0.0001,0.00030000000000000003,3
2022-05-15 00:00:00+00:00,0.0001,0.0001,0.00030000000000000003,3
2022-05-16 00:00:00+00:00,0.0001,0.0001,0.00030000000000000003,3
2022-05-17 00:00:00+00:00,1.66e-05,7.22e-05,0.0002166,3
2022-05-18 00:00:00+00:00,4.942e-05,8.314e-05,0.00024942,3
2022-05-19 00:00:00+00:00,-4.835e-05,-3.205666666666667e-05,-9.617e-05,3
2022-05-20 00:00:00+00:00,0.0001,9.513333333333333e-05,0.0002854,3
2022-05-21 00:00:00+00:00,8.513e-05,6.765e-05,0.00020295000000000003,3
2022-05-22 00:00:00+00:00,4.75e-06,4.4210000000000005e-05,0.00013263,3
2022-05-23 00:00:00+00:00,0.0001,0.0001,0.00030000000000000003,3
2022-05-24 00:00:00+00:00,-5.42e-06,4.9369999999999997e-05,0.00014811,3
2022-05-25 00:00:00+00:00,0.0001,7.714333333333334e-05,0.00023143000000000003,3
2022-05-26 00:00:00+00:00,0.0001,0.0001,0.00030000000000000003,3
2022-05-27 00:00:00+00:00,5.805e-05,4.975000000000001e-05,0.00014925000000000002,3
2022-05-28 00:00:00+00:00,0.0001,0.0001,0.00030000000000000003,3
2022-05-29 00:00:00+00:00,0.0001,6.673333333333333e-05,0.00020020000000000001,3
2022-05-30 00:00:00+00:00,-4.053e-05,3.6853333333333335e-05,0.00011056,3
2022-05-31 00:00:00+00:00,0.0001,5.679666666666668e-05,0.00017039000000000003,3
2022-06-01 00:00:00+00:00,0.0001,0.0001,0.00030000000000000003,3
2022-06-02 00:00:00+00:00,6.392e-05,5.818333333333333e-05,0.00017455,3
2022-06-03 00:00:00+00:00,0.0001,9.463666666666667e-05,0.00028391,3
2022-06-04 00:00:00+00:00,0.0001,0.0001,0.00030000000000000003,3
2022-06-05 00:00:00+00:00,0.0001,0.0001,0.00030000000000000003,3
2022-06-06 00:00:00+00:00,4.325e-05,8.108333333333333e-05,0.00024325,3
2022-06-07 00:00:00+00:00,-9.22e-06,5.343333333333333e-05,0.0001603,3
2022-06-08 00:00:00+00:00,0.0001,9.356e-05,0.00028068,3
2022-06-09 00:00:00+00:00,8.878e-05,9.625999999999999e-05,0.00028878,3
2022-06-10 00:00:00+00:00,0.0001,0.0001,0.00030000000000000003,3
2022-06-11 00:00:00+00:00,-3.21e-06,-3.0046666666666668e-05,-9.014e-05,3
2022-06-12 00:00:00+00:00,-0.00018475,-4.864666666666667e-05,-0.00014594,3
2022-06-13 00:00:00+00:00,4.072e-05,6.561333333333333e-05,0.00019684,3
2022-06-14 00:00:00+00:00,6.563e-05,8.854333333333333e-05,0.00026563,3
2022-06-15 00:00:00+00:00,0.0001,3.964333333333334e-05,0.00011893000000000001,3
2022-06-16 00:00:00+00:00,1.329e-05,4.883333333333334e-05,0.0001465,3
2022-06-17 00:00:00+00:00,-6.627e-05,-1.7666666666666668e-05,-5.3e-05,3
2022-06-18 00:00:00+00:00,-0.00023723,-5.2640000000000004e-05,-0.00015792,3
2022-06-19 00:00:00+00:00,-0.00024002,-0.00018072666666666665,-0.00054218,3
2022-06-20 00:00:00+00:00,-0.00012696,-1.745666666666666e-05,-5.236999999999999e-05,3
2022-06-21 00:00:00+00:00,0.0001,0.0001,0.00030000000000000003,3
2022-06-22 00:00:00+00:00,9.173e-05,6.371666666666667e-05,0.00019115,3
2022-06-23 00:00:00+00:00,-9.749e-05,-3.0736666666666667e-05,-9.221e-05,3
2022-06-24 00:00:00+00:00,-8.733e-05,-6.4500000000000035e-06,-1.935000000000001e-05,3
2022-06-25 00:00:00+00:00,0.0001,3.7476666666666666e-05,0.00011243,3
2022-06-26 00:00:00+00:00,1.664e-05,-8.983e-05,-0.00026949,3
2022-06-27 00:00:00+00:00,-0.00014203,-0.00014205333333333332,-0.00042615999999999997,3
2022-06-28 00:00:00+00:00,0.0001,9.496666666666668e-06,2.8490000000000007e-05,3
2022-06-29 00:00:00+00:00,2.61e-05,6.336e-05,0.00019008,3
2022-06-30 00:00:00+00:00,-0.0001122,-3.2833333333333317e-06,-9.849999999999995e-06,3
2022-07-01 00:00:00+00:00,6.238e-05,-9.356e-05,-0.00028068,3
2022-07-02 00:00:00+00:00,-3.792e-05,1.743e-05,5.229e-05,3
2022-07-03 00:00:00+00:00,0.0001,6.984666666666666e-05,0.00020954,3
2022-07-04 00:00:00+00:00,-0.00011853,-9.635e-05,-0.00028905,3
2022-07-05 00:00:00+00:00,6.601e-05,-4.435666666666667e-05,-0.00013307,3
2022-07-06 00:00:00+00:00,0.0001,5.153333333333334e-05,0.00015460000000000002,3
2022-07-07 00:00:00+00:00,-7.42e-06,6.419333333333333e-05,0.00019258,3
2022-07-08 00:00:00+00:00,4.27e-05,8.09e-05,0.00024270000000000002,3
2022-07-09 00:00:00+00:00,8.987e-05,9.662333333333333e-05,0.00028987,3
2022-07-10 00:00:00+00:00,0.0001,0.0001,0.00030000000000000003,3
2022-07-11 00:00:00+00:00,0.0001,8.848333333333335e-05,0.00026545000000000003,3
2022-07-12 00:00:00+00:00,-4.235e-05,2.293666666666667e-05,6.881000000000001e-05,3
2022-07-13 00:00:00+00:00,-0.00014763,-0.00012986666666666666,-0.0003896,3
2022-07-14 00:00:00+00:00,2.218e-05,-1.4466666666666667e-05,-4.34e-05,3
2022-07-15 00:00:00+00:00,-2.364e-05,5.2369999999999995e-05,0.00015711,3
2022-07-16 00:00:00+00:00,5.678e-05,8.590000000000002e-06,2.5770000000000006e-05,3
2022-07-17 00:00:00+00:00,5.406e-05,8.468666666666668e-05,0.00025406,3
2022-07-18 00:00:00+00:00,7.249e-05,4.8610000000000004e-05,0.00014583,3
2022-07-19 00:00:00+00:00,0.0001,8.560666666666666e-05,0.00025682,3
2022-07-20 00:00:00+00:00,0.0001,0.0001,0.00030000000000000003,3
2022-07-21 00:00:00+00:00,0.0001,0.0001,0.00030000000000000003,3
2022-07-22 00:00:00+00:00,0.0001,0.0001,0.00030000000000000003,3
2022-07-23 00:00:00+00:00,0.0001,8.92e-05,0.0002676,3
2022-07-24 00:00:00+00:00,0.0001,0.0001,0.00030000000000000003,3
2022-07-25 00:00:00+00:00,0.0001,0.0001,0.00030000000000000003,3
2022-07-26 00:00:00+00:00,0.0001,0.0001,0.00030000000000000003,3
2022-07-27 00:00:00+00:00,4.338e-05,6.053e-05,0.00018159,3
2022-07-28 00:00:00+00:00,0.0001,4.7743333333333334e-05,0.00014323,3
2022-07-29 00:00:00+00:00,0.0001,0.0001,0.00030000000000000003,3
2022-07-30 00:00:00+00:00,1.731e-05,7.243666666666668e-05,0.00021731000000000002,3
2022-07-31 00:00:00+00:00,0.0001,8.808666666666666e-05,0.00026426,3
2022-08-01 00:00:00+00:00,6.66e-05,5.406e-05,0.00016218,3
2022-08-02 00:00:00+00:00,-6.226e-05,4.591333333333334e-05,0.00013774000000000002,3
2022-08-03 00:00:00+00:00,-5.662e-05,-3.8826666666666665e-05,-0.00011648,3
2022-08-04 00:00:00+00:00,5.29e-05,6.572e-05,0.00019716,3
2022-08-05 00:00:00+00:00,5.306e-05,-5.276666666666667e-06,-1.5830000000000003e-05,3
2022-08-06 00:00:00+00:00,0.0001,9.646e-05,0.00028938,3
2022-08-07 00:00:00+00:00,5.79e-05,2.8476666666666668e-05,8.543e-05,3
2022-08-08 00:00:00+00:00,0.0001,8.682333333333334e-05,0.00026047,3
2022-08-09 00:00:00+00:00,0.0001,0.0001,0.00030000000000000003,3
2022-08-10 00:00:00+00:00,0.0001,0.0001,0.00030000000000000003,3
2022-08-11 00:00:00+00:00,0.0001,0.0001,0.00030000000000000003,3
2022-08-12 00:00:00+00:00,0.0001,0.0001,0.00030000000000000003,3
2022-08-13 00:00:00+00:00,0.0001,0.0001,0.00030000000000000003,3
2022-08-14 00:00:00+00:00,0.0001,0.0001,0.00030000000000000003,3
2022-08-15 00:00:00+00:00,0.0001,0.0001,0.00030000000000000003,3
2022-08-16 00:00:00+00:00,0.0001,0.0001,0.00030000000000000003,3
2022-08-17 00:00:00+00:00,0.0001,0.0001,0.00030000000000000003,3
2022-08-18 00:00:00+00:00,-8.11e-06,6.396333333333333e-05,0.00019189,3
2022-08-19 00:00:00+00:00,0.0001,4.5e-05,0.000135,3
2022-08-20 00:00:00+00:00,6.202e-05,5.9373333333333336e-05,0.00017812,3
2022-08-21 00:00:00+00:00,-2.69e-05,-2.182333333333333e-05,-6.547e-05,3
2022-08-22 00:00:00+00:00,-9.265e-05,-7.454666666666667e-05,-0.00022364,3
2022-08-23 00:00:00+00:00,-0.00022282,-0.00010784333333333335,-0.00032353000000000004,3
2022-08-24 00:00:00+00:00,1.16e-06,-9.948666666666666e-05,-0.00029845999999999996,3
2022-08-25 00:00:00+00:00,-5.022e-05,-8.112333333333334e-05,-0.00024337,3
2022-08-26 00:00:00+00:00,6.457e-05,-4.441e-05,-0.00013323,3
2022-08-27 00:00:00+00:00,-0.00014661,-0.00010446333333333333,-0.00031339,3
2022-08-28 00:00:00+00:00,-5.436e-05,-0.00016523333333333333,-0.0004957,3
2022-08-29 00:00:00+00:00,-0.00014834,-0.00013307,-0.00039921,3
2022-08-30 00:00:00+00:00,-9.62e-05,-0.00016069666666666666,-0.00048209,3
2022-08-31 00:00:00+00:00,-6.574e-05,-5.917333333333333e-05,-0.00017752,3
2022-09-01 00:00:00+00:00,-4.119e-05,-4.4959999999999996e-05,-0.00013487999999999998,3
2022-09-02 00:00:00+00:00,-6.629e-05,-2.3533333333333347e-06,-7.0600000000000036e-06,3
2022-09-03 00:00:00+00:00,-0.000117,-9.980333333333334e-05,-0.00029941,3
2022-09-04 00:00:00+00:00,-2.838e-05,-4.425333333333333e-05,-0.00013276,3
2022-09-05 00:00:00+00:00,7.541e-05,3.9036666666666665e-05,0.00011711,3
2022-09-06 00:00:00+00:00,-0.00013691,-0.00013121666666666664,-0.00039364999999999995,3
2022-09-07 00:00:00+00:00,-0.0001422,-0.00012644999999999998,-0.00037935,3
2022-09-08 00:00:00+00:00,-1.899e-05,-5.635000000000001e-05,-0.00016905000000000002,3
2022-09-09 00:00:00+00:00,-4.855e-05,-3.766666666666667e-05,-0.00011300000000000001,3
2022-09-10 00:00:00+00:00,-0.00017097,-0.0001224,-0.0003672,3
2022-09-11 00:00:00+00:00,-0.00028374,-0.00019207,-0.00057621,3
2022-09-12 00:00:00+00:00,-0.00034738,-0.00029654333333333334,-0.00088963,3
2022-09-13 00:00:00+00:00,-0.00038075,-0.0003614033333333333,-0.00108421,3
2022-09-14 00:00:00+00:00,-0.00161585,-0.00148441,-0.00445323,3
2022-09-15 00:00:00+00:00,0.0001,-0.00197802,-0.00593406,3
2022-09-16 00:00:00+00:00,0.0001,8.172666666666666e-05,0.00024518,3
2022-09-17 00:00:00+00:00,0.0001,0.0001,0.00030000000000000003,3
2022-09-18 00:00:00+00:00,9.46e-05,8.257333333333333e-05,0.00024772,3
2022-09-19 00:00:00+00:00,3.57e-06,6.82e-06,2.046e-05,3
2022-09-20 00:00:00+00:00,2.744e-05,3.6666666666666656e-07,1.0999999999999996e-06,3
2022-09-21 00:00:00+00:00,-1.01e-05,6.473333333333334e-06,1.942e-05,3
2022-09-22 00:00:00+00:00,1.057e-05,-7.138666666666667e-05,-0.00021416,3
2022-09-23 00:00:00+00:00,3.109e-05,-2.169999999999999e-06,-6.509999999999997e-06,3
2022-09-24 00:00:00+00:00,-1.12e-06,5.596666666666667e-06,1.679e-05,3
2022-09-25 00:00:00+00:00,4.976e-05,-9.559999999999997e-06,-2.867999999999999e-05,3
2022-09-26 00:00:00+00:00,9.224e-05,5.5860000000000004e-05,0.00016758000000000002,3
2022-09-27 00:00:00+00:00,-2.679e-05,1.1066666666666674e-06,3.320000000000002e-06,3
2022-09-28 00:00:00+00:00,-5.546e-05,-4.298e-05,-0.00012894,3
2022-09-29 00:00:00+00:00,7.1e-07,2.8500000000000002e-06,8.550000000000001e-06,3
2022-09-30 00:00:00+00:00,6.419e-05,2.202e-05,6.606e-05,3
2022-10-01 00:00:00+00:00,6.614e-05,6.289666666666667e-05,0.00018869,3
2022-10-02 00:00:00+00:00,3.276e-05,4.7676666666666664e-05,0.00014303,3
2022-10-03 00:00:00+00:00,5.269e-05,5.404666666666667e-05,0.00016214000000000002,3
2022-10-04 00:00:00+00:00,-3.014e-05,3.795666666666666e-05,0.00011386999999999999,3
2022-10-05 00:00:00+00:00,-2.582e-05,-1.2666666666666667e-05,-3.8e-05,3
2022-10-06 00:00:00+00:00,-1.43e-05,-2.95e-06,-8.85e-06,3
2022-10-07 00:00:00+00:00,5.558e-05,4.686666666666667e-05,0.0001406,3
2022-10-08 00:00:00+00:00,0.0001,9.855999999999999e-05,0.00029568,3
2022-10-09 00:00:00+00:00,7.34e-06,6.726666666666667e-05,0.0002018,3
2022-10-10 00:00:00+00:00,1.385e-05,4.5006666666666664e-05,0.00013502,3
2022-10-11 00:00:00+00:00,3.868e-05,6.770666666666666e-05,0.00020312,3
2022-10-12 00:00:00+00:00,2.374e-05,4.7583333333333336e-05,0.00014275,3
2022-10-13 00:00:00+00:00,-0.00013768,-4.769999999999997e-06,-1.430999999999999e-05,3
2022-10-14 00:00:00+00:00,8.648e-05,5.244666666666667e-05,0.00015734,3
2022-10-15 00:00:00+00:00,1.612e-05,3.149333333333333e-05,9.448e-05,3
2022-10-16 00:00:00+00:00,1.851e-05,2.4083333333333337e-05,7.225000000000001e-05,3
2022-10-17 00:00:00+00:00,-7.331e-05,1.3833333333333308e-06,4.1499999999999925e-06,3
2022-10-18 00:00:00+00:00,-2.075e-05,-2.8650000000000002e-05,-8.595e-05,3
2022-10-19 00:00:00+00:00,4.734e-05,4.376666666666666e-05,0.0001313,3
2022-10-20 00:00:00+00:00,-6.658e-05,1.1383333333333335e-05,3.415e-05,3
2022-10-21 00:00:00+00:00,3.75e-06,-6.543333333333332e-06,-1.9629999999999997e-05,3
2022-10-22 00:00:00+00:00,-9.916e-05,-6.239666666666667e-05,-0.00018719,3
2022-10-23 00:00:00+00:00,1.344e-05,-3.4773333333333335e-05,-0.00010432,3
2022-10-24 00:00:00+00:00,-5.04e-05,-3.2716666666666665e-05,-9.815e-05,3
2022-10-25 00:00:00+00:00,-0.0001278,-7.600333333333333e-05,-0.00022801,3
2022-10-26 00:00:00+00:00,2.216e-05,6.090000000000001e-06,1.8270000000000003e-05,3
2022-10-27 00:00:00+00:00,8.76e-06,5.700000000000008e-07,1.7100000000000023e-06,3
2022-10-28 00:00:00+00:00,-3.18e-05,-1.6393333333333334e-05,-4.918e-05,3
2022-10-29 00:00:00+00:00,1.877e-05,1.569e-05,4.707e-05,3
2022-10-30 00:00:00+00:00,4.103e-05,3.571666666666667e-05,0.00010715,3
2022-10-31 00:00:00+00:00,-3.432e-05,-6.156666666666666e-06,-1.8469999999999998e-05,3
2022-11-01 00:00:00+00:00,-1.179e-05,-2.798333333333333e-05,-8.395e-05,3
2022-11-02 00:00:00+00:00,-4.42e-06,2.3296666666666667e-05,6.989e-05,3
2022-11-03 00:00:00+00:00,-3.414e-05,-6.784666666666667e-05,-0.00020354,3
2022-11-04 00:00:00+00:00,-3.257e-05,-2.8396666666666662e-05,-8.518999999999999e-05,3
2022-11-05 00:00:00+00:00,3.533e-05,1.8683333333333335e-05,5.605000000000001e-05,3
2022-11-06 00:00:00+00:00,6.58e-06,2.735666666666667e-05,8.207e-05,3
2022-11-07 00:00:00+00:00,3.291e-05,3.4863333333333336e-05,0.00010459,3
2022-11-08 00:00:00+00:00,-0.0001082,-8.807333333333334e-05,-0.00026422,3
2022-11-09 00:00:00+00:00,-0.00028767,-0.00022939333333333334,-0.00068818,3
2022-11-10 00:00:00+00:00,8.57e-06,-0.00034248333333333335,-0.00102745,3
2022-11-11 00:00:00+00:00,1.151e-05,-3.360999999999999e-05,-0.00010082999999999998,3
2022-11-12 00:00:00+00:00,0.0001,8.513666666666667e-05,0.00025541,3
2022-11-13 00:00:00+00:00,0.0001,1.689e-05,5.067e-05,3
2022-11-14 00:00:00+00:00,0.0001,0.0001,0.00030000000000000003,3
2022-11-15 00:00:00+00:00,-0.00026977,-3.516000000000001e-05,-0.00010548000000000003,3
2022-11-16 00:00:00+00:00,7.653e-05,4.163666666666667e-05,0.00012491,3
2022-11-17 00:00:00+00:00,3.794e-05,6.847e-05,0.00020541,3
2022-11-18 00:00:00+00:00,3.05e-05,7.683333333333334e-05,0.00023050000000000002,3
2022-11-19 00:00:00+00:00,-9.367e-05,1.3266666666666668e-05,3.9800000000000005e-05,3
2022-11-20 00:00:00+00:00,0.0001,3.120333333333333e-05,9.361e-05,3
2022-11-21 00:00:00+00:00,0.0001,0.0001,0.00030000000000000003,3
2022-11-22 00:00:00+00:00,0.0001,5.1920000000000004e-05,0.00015576,3
2022-11-23 00:00:00+00:00,-0.00033427,-0.0002027966666666667,-0.0006083900000000001,3
2022-11-24 00:00:00+00:00,-4.887e-05,-0.00019006,-0.00057018,3
2022-11-25 00:00:00+00:00,-1.977e-05,-6.842333333333333e-05,-0.00020527,3
2022-11-26 00:00:00+00:00,-0.00036163,-0.00034515333333333333,-0.00103546,3
2022-11-27 00:00:00+00:00,-0.00012621,-0.00014749666666666667,-0.00044249000000000003,3
2022-11-28 00:00:00+00:00,-0.00021833,-0.00010721666666666668,-0.00032165000000000004,3
2022-11-29 00:00:00+00:00,3.638e-05,-6.009999999999998e-06,-1.8029999999999995e-05,3
2022-11-30 00:00:00+00:00,0.0001,6.775666666666667e-05,0.00020327000000000002,3
2022-12-01 00:00:00+00:00,7.25e-05,-2.7260000000000003e-05,-8.178e-05,3
2022-12-02 00:00:00+00:00,-0.00012032,-4.214666666666666e-05,-0.00012644,3
2022-12-03 00:00:00+00:00,0.0001,-2.606666666666668e-06,-7.820000000000003e-06,3
2022-12-04 00:00:00+00:00,0.0001,0.0001,0.00030000000000000003,3
2022-12-05 00:00:00+00:00,-0.00010009,-4.2546666666666664e-05,-0.00012764,3
2022-12-06 00:00:00+00:00,-2.41e-05,8.816666666666668e-06,2.6450000000000006e-05,3
2022-12-07 00:00:00+00:00,6.436e-05,5.6559999999999994e-05,0.00016968,3
2022-12-08 00:00:00+00:00,-8.139e-05,3.953666666666667e-05,0.00011861,3
2022-12-09 00:00:00+00:00,-1.324e-05,1.3389999999999999e-05,4.0169999999999997e-05,3
2022-12-10 00:00:00+00:00,-0.00012671,-0.00011147000000000002,-0.00033441000000000005,3
2022-12-11 00:00:00+00:00,-9.564e-05,-0.00012161666666666666,-0.00036485,3
2022-12-12 00:00:00+00:00,-5.348e-05,-1.934e-05,-5.8020000000000004e-05,3
2022-12-13 00:00:00+00:00,-0.00013732,-6.189333333333333e-05,-0.00018568,3
2022-12-14 00:00:00+00:00,0.0001,0.0001,0.00030000000000000003,3
2022-12-15 00:00:00+00:00,-0.00013229,1.626e-05,4.8780000000000004e-05,3
2022-12-16 00:00:00+00:00,1.27e-05,7.09e-05,0.00021270000000000002,3
2022-12-17 00:00:00+00:00,0.0001,0.0001,0.00030000000000000003,3
2022-12-18 00:00:00+00:00,-9.082e-05,3.916666666666667e-06,1.1750000000000001e-05,3
2022-12-19 00:00:00+00:00,1.902e-05,1.407e-05,4.2210000000000004e-05,3
2022-12-20 00:00:00+00:00,0.0001,0.0001,0.00030000000000000003,3
2022-12-21 00:00:00+00:00,0.0001,7.177666666666667e-05,0.00021533000000000001,3
2022-12-22 00:00:00+00:00,6.162e-05,8.720666666666667e-05,0.00026162,3
2022-12-23 00:00:00+00:00,0.0001,0.0001,0.00030000000000000003,3
2022-12-24 00:00:00+00:00,0.0001,0.0001,0.00030000000000000003,3
2022-12-25 00:00:00+00:00,3.79e-05,3.5543333333333336e-05,0.00010663,3
2022-12-26 00:00:00+00:00,2.57e-05,7.523333333333334e-05,0.0002257,3
2022-12-27 00:00:00+00:00,0.0001,7.868333333333334e-05,0.00023605000000000002,3
2022-12-28 00:00:00+00:00,0.0001,0.0001,0.00030000000000000003,3
2022-12-29 00:00:00+00:00,0.0001,0.0001,0.00030000000000000003,3
2022-12-30 00:00:00+00:00,0.0001,0.0001,0.00030000000000000003,3
2022-12-31 00:00:00+00:00,0.0001,0.0001,0.00030000000000000003,3
2023-01-01 00:00:00+00:00,0.0001,0.00010038666666666668,0.00030116,3
2023-01-02 00:00:00+00:00,0.0001,0.0001,0.00030000000000000003,3
2023-01-03 00:00:00+00:00,0.0001,0.0001,0.00030000000000000003,3
2023-01-04 00:00:00+00:00,0.0001,0.0001,0.00030000000000000003,3
2023-01-05 00:00:00+00:00,0.0001,6.214666666666667e-05,0.00018644,3
2023-01-06 00:00:00+00:00,0.0001,0.0001,0.00030000000000000003,3
2023-01-07 00:00:00+00:00,-0.00015197,-0.00016739666666666666,-0.00050219,3
2023-01-08 00:00:00+00:00,-0.00011484,-8.396333333333333e-05,-0.00025189,3
2023-01-09 00:00:00+00:00,-9.424e-05,-0.00025591666666666666,-0.00076775,3
2023-01-10 00:00:00+00:00,3.203e-05,2.85e-05,8.55e-05,3
2023-01-11 00:00:00+00:00,-0.00015541,-0.00015933,-0.00047799,3
2023-01-12 00:00:00+00:00,-4.404e-05,-0.0001098,-0.0003294,3
2023-01-13 00:00:00+00:00,3.98e-06,-0.00010972333333333333,-0.00032917,3
2023-01-14 00:00:00+00:00,0.0001,4.0463333333333336e-05,0.00012139000000000002,3
2023-01-15 00:00:00+00:00,0.0001,0.0001,0.00030000000000000003,3
2023-01-16 00:00:00+00:00,0.0001,0.0001,0.00030000000000000003,3
2023-01-17 00:00:00+00:00,4.945e-05,8.315e-05,0.00024945,3
2023-01-18 00:00:00+00:00,9.761e-05,9.920333333333334e-05,0.00029761,3
2023-01-19 00:00:00+00:00,0.0001,0.0001,0.00030000000000000003,3
2023-01-20 00:00:00+00:00,-1.309e-05,3.664e-05,0.00010992,3
2023-01-21 00:00:00+00:00,0.0001,0.0001,0.00030000000000000003,3
2023-01-22 00:00:00+00:00,0.0001,0.0001,0.00030000000000000003,3
2023-01-23 00:00:00+00:00,0.0001,0.0001,0.00030000000000000003,3
2023-01-24 00:00:00+00:00,0.0001,0.0001,0.00030000000000000003,3
2023-01-25 00:00:00+00:00,0.0001,0.0001,0.00030000000000000003,3
2023-01-26 00:00:00+00:00,0.0001,0.0001,0.00030000000000000003,3
2023-01-27 00:00:00+00:00,0.0001,0.0001,0.00030000000000000003,3
2023-01-28 00:00:00+00:00,0.0001,0.0001,0.00030000000000000003,3
2023-01-29 00:00:00+00:00,0.0001,0.0001,0.00030000000000000003,3
2023-01-30 00:00:00+00:00,0.0001,0.0001,0.00030000000000000003,3
2023-01-31 00:00:00+00:00,0.0001,0.0001,0.00030000000000000003,3
2023-02-01 00:00:00+00:00,0.0001,0.0001,0.00030000000000000003,3
2023-02-02 00:00:00+00:00,0.0001,0.0001,0.00030000000000000003,3
2023-02-03 00:00:00+00:00,0.0001,0.0001,0.00030000000000000003,3
2023-02-04 00:00:00+00:00,0.0001,0.0001,0.00030000000000000003,3
2023-02-05 00:00:00+00:00,0.0001,0.0001,0.00030000000000000003,3
2023-02-06 00:00:00+00:00,0.0001,0.0001,0.00030000000000000003,3
2023-02-07 00:00:00+00:00,0.0001,0.0001,0.00030000000000000003,3
2023-02-08 00:00:00+00:00,0.0001,0.0001,0.00030000000000000003,3
2023-02-09 00:00:00+00:00,0.0001,0.0001,0.00030000000000000003,3
2023-02-10 00:00:00+00:00,0.0001,0.0001,0.00030000000000000003,3
2023-02-11 00:00:00+00:00,0.0001,0.0001,0.00030000000000000003,3
2023-02-12 00:00:00+00:00,0.0001,0.0001,0.00030000000000000003,3
2023-02-13 00:00:00+00:00,0.0001,8.043666666666667e-05,0.00024131,3
2023-02-14 00:00:00+00:00,0.0001,0.0001,0.00030000000000000003,3
2023-02-15 00:00:00+00:00,2.554e-05,7.17e-06,2.151e-05,3
2023-02-16 00:00:00+00:00,0.0001,0.0001,0.00030000000000000003,3
2023-02-17 00:00:00+00:00,0.0001,0.0001,0.00030000000000000003,3
2023-02-18 00:00:00+00:00,0.0001,0.0001,0.00030000000000000003,3
2023-02-19 00:00:00+00:00,0.0001,0.0001,0.00030000000000000003,3
2023-02-20 00:00:00+00:00,0.0001,0.0001,0.00030000000000000003,3
2023-02-21 00:00:00+00:00,0.0001,0.0001,0.00030000000000000003,3
2023-02-22 00:00:00+00:00,0.0001,0.0001,0.00030000000000000003,3
2023-02-23 00:00:00+00:00,0.0001,0.0001,0.00030000000000000003,3
2023-02-24 00:00:00+00:00,0.0001,0.0001,0.00030000000000000003,3
2023-02-25 00:00:00+00:00,0.0001,0.0001,0.00030000000000000003,3
2023-02-26 00:00:00+00:00,0.0001,0.0001,0.00030000000000000003,3
2023-02-27 00:00:00+00:00,0.0001,0.0001,0.00030000000000000003,3
2023-02-28 00:00:00+00:00,0.0001,8.796e-05,0.00026388000000000003,3
2023-03-01 00:00:00+00:00,0.0001,0.0001,0.00030000000000000003,3
2023-03-02 00:00:00+00:00,0.0001,0.0001,0.00030000000000000003,3
2023-03-03 00:00:00+00:00,0.0001,0.0001,0.00030000000000000003,3
2023-03-04 00:00:00+00:00,-2.266e-05,4.513333333333333e-06,1.3539999999999999e-05,3
2023-03-05 00:00:00+00:00,4.746e-05,3.3956666666666666e-05,0.00010187,3
2023-03-06 00:00:00+00:00,9.449e-05,8.355666666666668e-05,0.00025067000000000004,3
2023-03-07 00:00:00+00:00,0.0001,7.889333333333334e-05,0.00023668000000000002,3
2023-03-08 00:00:00+00:00,0.0001,9.289e-05,0.00027867,3
2023-03-09 00:00:00+00:00,0.0001,0.0001,0.00030000000000000003,3
2023-03-10 00:00:00+00:00,9.554e-05,9.851333333333333e-05,0.00029554,3
2023-03-11 00:00:00+00:00,0.0001,4.428e-05,0.00013284,3
2023-03-12 00:00:00+00:00,0.0001,0.0001,0.00030000000000000003,3
2023-03-13 00:00:00+00:00,0.0001,5.788666666666667e-05,0.00017366000000000001,3
2023-03-14 00:00:00+00:00,0.0001,0.0001,0.00030000000000000003,3
2023-03-15 00:00:00+00:00,0.0001,0.0001,0.00030000000000000003,3
2023-03-16 00:00:00+00:00,0.0001,0.0001,0.00030000000000000003,3
2023-03-17 00:00:00+00:00,0.0001,0.0001,0.00030000000000000003,3
2023-03-18 00:00:00+00:00,0.0001,0.0001,0.00030000000000000003,3
2023-03-19 00:00:00+00:00,0.0001,0.0001,0.00030000000000000003,3
2023-03-20 00:00:00+00:00,0.0001,8.243e-05,0.00024729,3
2023-03-21 00:00:00+00:00,9.857e-05,4.658333333333334e-05,0.00013975,3
2023-03-22 00:00:00+00:00,1.601e-05,5.169666666666667e-05,0.00015509,3
2023-03-23 00:00:00+00:00,0.0001,5.7333333333333375e-06,1.720000000000001e-05,3
2023-03-24 00:00:00+00:00,-2.596e-05,5.7100000000000006e-05,0.00017130000000000002,3
2023-03-25 00:00:00+00:00,8.54e-06,2.4510000000000004e-05,7.353000000000001e-05,3
2023-03-26 00:00:00+00:00,0.0001,7.332666666666666e-05,0.00021998,3
2023-03-27 00:00:00+00:00,-1.658e-05,-3.5333333333333335e-06,-1.06e-05,3
2023-03-28 00:00:00+00:00,0.0001,4.753333333333334e-06,1.4260000000000002e-05,3
2023-03-29 00:00:00+00:00,0.0001,8.978333333333334e-05,0.00026935,3
2023-03-30 00:00:00+00:00,7.819e-05,5.253666666666667e-05,0.00015761,3
2023-03-31 00:00:00+00:00,0.0001,8.372333333333333e-05,0.00025117,3
2023-04-01 00:00:00+00:00,9.455e-05,9.818333333333333e-05,0.00029455,3
2023-04-02 00:00:00+00:00,2.425e-05,1.497e-05,4.491e-05,3
2023-04-03 00:00:00+00:00,2.512e-05,2.5466666666666668e-05,7.64e-05,3
2023-04-04 00:00:00+00:00,6.407e-05,1.7643333333333334e-05,5.293e-05,3
2023-04-05 00:00:00+00:00,0.0001,7.119666666666667e-05,0.00021359,3
2023-04-06 00:00:00+00:00,7.434e-05,4.6106666666666663e-05,0.00013832,3
2023-04-07 00:00:00+00:00,7.251e-05,5.65e-05,0.0001695,3
2023-04-08 00:00:00+00:00,0.0001,7.876e-05,0.00023628,3
2023-04-09 00:00:00+00:00,0.0001,3.558e-05,0.00010674,3
2023-04-10 00:00:00+00:00,0.0001,6.407666666666667e-05,0.00019223,3
2023-04-11 00:00:00+00:00,0.0001,0.0001,0.00030000000000000003,3
2023-04-12 00:00:00+00:00,4.175e-05,8.058333333333333e-05,0.00024175,3
2023-04-13 00:00:00+00:00,0.0001,0.0001,0.00030000000000000003,3
2023-04-14 00:00:00+00:00,0.0001,0.0001,0.00030000000000000003,3
2023-04-15 00:00:00+00:00,0.0001,0.0001,0.00030000000000000003,3
2023-04-16 00:00:00+00:00,0.0001,0.0001,0.00030000000000000003,3
2023-04-17 00:00:00+00:00,0.0001,0.0001,0.00030000000000000003,3
2023-04-18 00:00:00+00:00,0.0001,0.0001,0.00030000000000000003,3
2023-04-19 00:00:00+00:00,0.0001,0.0001,0.00030000000000000003,3
2023-04-20 00:00:00+00:00,0.0001,0.0001,0.00030000000000000003,3
2023-04-21 00:00:00+00:00,0.0001,0.0001,0.00030000000000000003,3
2023-04-22 00:00:00+00:00,0.0001,0.0001,0.00030000000000000003,3
2023-04-23 00:00:00+00:00,0.0001,9.099333333333335e-05,0.00027298000000000003,3
2023-04-24 00:00:00+00:00,0.0001,9.557000000000001e-05,0.00028671,3
2023-04-25 00:00:00+00:00,2.332e-05,7.415e-05,0.00022245,3
2023-04-26 00:00:00+00:00,0.0001,7.473999999999999e-05,0.00022422,3
2023-04-27 00:00:00+00:00,0.0001,0.0001,0.00030000000000000003,3
2023-04-28 00:00:00+00:00,9.026e-05,9.675333333333335e-05,0.00029026000000000003,3
2023-04-29 00:00:00+00:00,9.531e-05,9.843666666666667e-05,0.00029531,3
2023-04-30 00:00:00+00:00,9.135e-05,6.751e-05,0.00020253,3
2023-05-01 00:00:00+00:00,1.549e-05,2.7746666666666666e-05,8.324e-05,3
2023-05-02 00:00:00+00:00,0.0001,8.099666666666666e-05,0.00024299,3
2023-05-03 00:00:00+00:00,9.466e-05,9.822e-05,0.00029466000000000003,3
2023-05-04 00:00:00+00:00,0.0001,0.0001,0.00030000000000000003,3
2023-05-05 00:00:00+00:00,0.0001,0.0001,0.00030000000000000003,3
2023-05-06 00:00:00+00:00,5.594e-05,8.531333333333334e-05,0.00025594,3
2023-05-07 00:00:00+00:00,9.383e-05,5.417e-05,0.00016251,3
2023-05-08 00:00:00+00:00,0.0001,9.111e-05,0.00027333,3
2023-05-09 00:00:00+00:00,9.069e-05,9.689666666666667e-05,0.00029069,3
2023-05-10 00:00:00+00:00,1.779e-05,5.992e-05,0.00017976,3
2023-05-11 00:00:00+00:00,5.119e-05,4.7486666666666674e-05,0.00014246000000000002,3
2023-05-12 00:00:00+00:00,9.944e-05,5.589666666666666e-05,0.00016769,3
2023-05-13 00:00:00+00:00,9.34e-06,5.802333333333333e-05,0.00017407,3
2023-05-14 00:00:00+00:00,0.0001,7.416e-05,0.00022248,3
2023-05-15 00:00:00+00:00,-5.873e-05,-1.4683333333333334e-05,-4.405e-05,3
2023-05-16 00:00:00+00:00,0.0001,3.0200000000000002e-05,9.06e-05,3
2023-05-17 00:00:00+00:00,5.721e-05,8.573666666666668e-05,0.00025721,3
2023-05-18 00:00:00+00:00,0.0001,6.379666666666667e-05,0.00019139,3
2023-05-19 00:00:00+00:00,0.0001,9.432333333333333e-05,0.00028297,3
2023-05-20 00:00:00+00:00,6.333e-05,8.777666666666666e-05,0.00026333,3
2023-05-21 00:00:00+00:00,1.848e-05,5.2603333333333325e-05,0.00015780999999999998,3
2023-05-22 00:00:00+00:00,0.0001,9.765333333333333e-05,0.00029296,3
2023-05-23 00:00:00+00:00,7.297e-05,6.185333333333334e-05,0.00018556,3
2023-05-24 00:00:00+00:00,6.12e-05,6.209666666666666e-05,0.00018629,3
2023-05-25 00:00:00+00:00,9.143e-05,6.393666666666666e-05,0.00019181,3
2023-05-26 00:00:00+00:00,6.045e-05,4.746333333333333e-05,0.00014239,3
2023-05-27 00:00:00+00:00,1.422e-05,-6.470000000000001e-06,-1.9410000000000002e-05,3
2023-05-28 00:00:00+00:00,5.912e-05,-1.1366666666666667e-05,-3.41e-05,3
2023-05-29 00:00:00+00:00,0.0001,8.543333333333333e-05,0.0002563,3
2023-05-30 00:00:00+00:00,0.0001,0.0001,0.00030000000000000003,3
2023-05-31 00:00:00+00:00,0.0001,7.554000000000001e-05,0.00022662000000000002,3
2023-06-01 00:00:00+00:00,8.579e-05,6.867333333333333e-05,0.00020602,3
2023-06-02 00:00:00+00:00,0.0001,9.072666666666667e-05,0.00027218,3
2023-06-03 00:00:00+00:00,0.0001,8.897666666666668e-05,0.00026693,3
2023-06-04 00:00:00+00:00,0.0001,7.315666666666666e-05,0.00021946999999999998,3
2023-06-05 00:00:00+00:00,0.0001,0.0001,0.00030000000000000003,3
2023-06-06 00:00:00+00:00,9.199e-05,6.702e-05,0.00020106,3
2023-06-07 00:00:00+00:00,8.587e-05,9.529e-05,0.00028587,3
2023-06-08 00:00:00+00:00,7.264e-05,8.694666666666667e-05,0.00026084000000000003,3
2023-06-09 00:00:00+00:00,8.18e-05,6.186e-05,0.00018558,3
2023-06-10 00:00:00+00:00,0.0001,8.687333333333334e-05,0.00026062000000000004,3
2023-06-11 00:00:00+00:00,9.424e-05,9.050333333333333e-05,0.00027151,3
2023-06-12 00:00:00+00:00,9.2e-06,2.8650000000000002e-05,8.595e-05,3
2023-06-13 00:00:00+00:00,7.282e-05,6.310333333333333e-05,0.00018931,3
2023-06-14 00:00:00+00:00,0.0001,9.291000000000002e-05,0.00027873000000000004,3
2023-06-15 00:00:00+00:00,7.47e-05,2.6506666666666665e-05,7.952e-05,3
2023-06-16 00:00:00+00:00,4.885e-05,5.875666666666667e-05,0.00017627000000000002,3
2023-06-17 00:00:00+00:00,0.0001,0.0001,0.00030000000000000003,3
2023-06-18 00:00:00+00:00,7.71e-05,7.978666666666667e-05,0.00023935999999999999,3
2023-06-19 00:00:00+00:00,0.0001,8.854e-05,0.00026562,3
2023-06-20 00:00:00+00:00,5.525e-05,5.1223333333333335e-05,0.00015367,3
2023-06-21 00:00:00+00:00,-2.911e-05,1.6003333333333333e-05,4.801e-05,3
2023-06-22 00:00:00+00:00,4.708e-05,6.719666666666667e-05,0.00020159,3
2023-06-23 00:00:00+00:00,2.34e-06,4.5856666666666664e-05,0.00013757,3
2023-06-24 00:00:00+00:00,-5.43e-06,3.5650000000000006e-05,0.00010695000000000001,3
2023-06-25 00:00:00+00:00,0.0001,7.233666666666667e-05,0.00021701,3
2023-06-26 00:00:00+00:00,3.58e-05,2.228e-05,6.684e-05,3
2023-06-27 00:00:00+00:00,7.617e-05,4.484333333333333e-05,0.00013453,3
2023-06-28 00:00:00+00:00,6.535e-05,8.845000000000001e-05,0.00026535,3
2023-06-29 00:00:00+00:00,0.0001,9.046333333333335e-05,0.00027139000000000004,3
2023-06-30 00:00:00+00:00,0.0001,0.0001,0.00030000000000000003,3
2023-07-01 00:00:00+00:00,0.0001,0.0001,0.00030000000000000003,3
2023-07-02 00:00:00+00:00,0.0001,0.0001,0.00030000000000000003,3
2023-07-03 00:00:00+00:00,0.0001,0.0001,0.00030000000000000003,3
2023-07-04 00:00:00+00:00,0.0001,0.0001,0.00030000000000000003,3
2023-07-05 00:00:00+00:00,0.0001,0.0001,0.00030000000000000003,3
2023-07-06 00:00:00+00:00,7.181e-05,9.060333333333335e-05,0.00027181000000000004,3
2023-07-07 00:00:00+00:00,7.369e-05,7.886666666666667e-05,0.0002366,3
2023-07-08 00:00:00+00:00,2.497e-05,7.499e-05,0.00022497,3
2023-07-09 00:00:00+00:00,0.0001,0.0001,0.00030000000000000003,3
2023-07-10 00:00:00+00:00,8.099e-05,9.052333333333333e-05,0.00027157,3
2023-07-11 00:00:00+00:00,3.96e-06,2.682e-05,8.046e-05,3
2023-07-12 00:00:00+00:00,2.733e-05,5.845333333333333e-05,0.00017536,3
2023-07-13 00:00:00+00:00,8.424e-05,2.057e-05,6.171e-05,3
2023-07-14 00:00:00+00:00,0.0001,0.0001,0.00030000000000000003,3
2023-07-15 00:00:00+00:00,0.0001,8.185e-05,0.00024555,3
2023-07-16 00:00:00+00:00,0.0001,8.413666666666666e-05,0.00025241,3
2023-07-17 00:00:00+00:00,5.336e-05,6.021666666666667e-05,0.00018065,3
2023-07-18 00:00:00+00:00,0.0001,8.858333333333335e-05,0.00026575000000000004,3
2023-07-19 00:00:00+00:00,0.0001,9.965000000000001e-05,0.00029895000000000003,3
2023-07-20 00:00:00+00:00,2.869e-05,4.600000000000001e-05,0.00013800000000000002,3
2023-07-21 00:00:00+00:00,2.246e-05,3.7963333333333336e-05,0.00011389000000000001,3
2023-07-22 00:00:00+00:00,-4.06e-06,3.304333333333333e-05,9.913e-05,3
2023-07-23 00:00:00+00:00,1.977e-05,2.503e-05,7.509e-05,3
2023-07-24 00:00:00+00:00,3.146e-05,2.4166666666666667e-05,7.25e-05,3
2023-07-25 00:00:00+00:00,4.127e-05,4.0300000000000004e-05,0.00012090000000000001,3
2023-07-26 00:00:00+00:00,9.827e-05,7.292333333333334e-05,0.00021877000000000002,3
2023-07-27 00:00:00+00:00,7.437e-05,3.9506666666666666e-05,0.00011852,3
2023-07-28 00:00:00+00:00,6.807e-05,-5.596666666666669e-06,-1.6790000000000007e-05,3
2023-07-29 00:00:00+00:00,7.239e-05,9.079666666666667e-05,0.00027239,3
2023-07-30 00:00:00+00:00,-3.231e-05,4.3843333333333334e-05,0.00013153,3
2023-07-31 00:00:00+00:00,-2.809e-05,-5.67e-05,-0.00017010000000000001,3
2023-08-01 00:00:00+00:00,0.0001,6.0826666666666665e-05,0.00018248,3
2023-08-02 00:00:00+00:00,0.0001,0.0001,0.00030000000000000003,3
2023-08-03 00:00:00+00:00,0.0001,0.0001,0.00030000000000000003,3
2023-08-04 00:00:00+00:00,0.0001,8.611666666666667e-05,0.00025835,3
2023-08-05 00:00:00+00:00,0.0001,0.0001,0.00030000000000000003,3
2023-08-06 00:00:00+00:00,0.0001,0.0001,0.00030000000000000003,3
2023-08-07 00:00:00+00:00,0.0001,0.0001,0.00030000000000000003,3
2023-08-08 00:00:00+00:00,0.0001,0.0001,0.00030000000000000003,3
2023-08-09 00:00:00+00:00,0.0001,6.394e-05,0.00019182,3
2023-08-10 00:00:00+00:00,0.0001,9.509333333333334e-05,0.00028528,3
2023-08-11 00:00:00+00:00,0.0001,5.190666666666667e-05,0.00015572,3
2023-08-12 00:00:00+00:00,0.0001,0.0001,0.00030000000000000003,3
2023-08-13 00:00:00+00:00,0.0001,9.365000000000001e-05,0.00028095,3
2023-08-14 00:00:00+00:00,0.0001,0.0001,0.00030000000000000003,3
2023-08-15 00:00:00+00:00,0.0001,0.0001,0.00030000000000000003,3
2023-08-16 00:00:00+00:00,0.0001,0.0001,0.00030000000000000003,3
2023-08-17 00:00:00+00:00,0.0001,0.0001,0.00030000000000000003,3
2023-08-18 00:00:00+00:00,-2.368e-05,2.057e-05,6.171e-05,3
2023-08-19 00:00:00+00:00,-3.597e-05,-4.535333333333333e-05,-0.00013606,3
2023-08-20 00:00:00+00:00,7.199e-05,5.966666666666665e-06,1.7899999999999995e-05,3
2023-08-21 00:00:00+00:00,1.07e-06,4.533e-05,0.00013599,3
2023-08-22 00:00:00+00:00,-1.485e-05,-2.656333333333333e-05,-7.968999999999999e-05,3
2023-08-23 00:00:00+00:00,2.016e-05,-3.689999999999999e-06,-1.1069999999999997e-05,3
2023-08-24 00:00:00+00:00,-0.00012613,-7.390333333333333e-05,-0.00022171,3
2023-08-25 00:00:00+00:00,-3.264e-05,-1.3713333333333335e-05,-4.114e-05,3
2023-08-26 00:00:00+00:00,-4.47e-06,2.4223333333333336e-05,7.267000000000001e-05,3
2023-08-27 00:00:00+00:00,2.053e-05,4.755999999999999e-05,0.00014267999999999998,3
2023-08-28 00:00:00+00:00,7.658e-05,2.114666666666667e-05,6.344e-05,3
2023-08-29 00:00:00+00:00,4.496e-05,5.595666666666666e-05,0.00016786999999999998,3
2023-08-30 00:00:00+00:00,-2.89e-06,2.7050000000000004e-05,8.115000000000001e-05,3
2023-08-31 00:00:00+00:00,-6.47e-06,-1.6303333333333334e-05,-4.8910000000000004e-05,3
2023-09-01 00:00:00+00:00,-9.01e-06,-1.3896666666666667e-05,-4.169e-05,3
2023-09-02 00:00:00+00:00,3.755e-05,1.0709999999999999e-05,3.213e-05,3
2023-09-03 00:00:00+00:00,-4.437e-05,-2.3279999999999997e-05,-6.984e-05,3
2023-09-04 00:00:00+00:00,-3.828e-05,-1.9353333333333333e-05,-5.8059999999999996e-05,3
2023-09-05 00:00:00+00:00,6.532e-05,2.4843333333333337e-05,7.453e-05,3
2023-09-06 00:00:00+00:00,-5.91e-06,-2.0770000000000003e-05,-6.231e-05,3
2023-09-07 00:00:00+00:00,1.464e-05,6.455666666666666e-05,0.00019367,3
2023-09-08 00:00:00+00:00,-1.113e-05,2.925666666666667e-05,8.777000000000001e-05,3
2023-09-09 00:00:00+00:00,4.265e-05,3.5063333333333334e-05,0.00010519,3
2023-09-10 00:00:00+00:00,-9.89e-06,1.279e-05,3.837e-05,3
2023-09-11 00:00:00+00:00,-4.074e-05,-6.42e-06,-1.9260000000000002e-05,3
2023-09-12 00:00:00+00:00,1.454e-05,-1.7313333333333332e-05,-5.194e-05,3
2023-09-13 00:00:00+00:00,7.32e-06,-8.096666666666665e-06,-2.4289999999999996e-05,3
2023-09-14 00:00:00+00:00,-9.5e-06,-3.291e-05,-9.873e-05,3
2023-09-15 00:00:00+00:00,-5.194e-05,-6.436666666666668e-06,-1.9310000000000003e-05,3
2023-09-16 00:00:00+00:00,-5.16e-05,-2.2023333333333333e-05,-6.607e-05,3
2023-09-17 00:00:00+00:00,3.967e-05,-4.780000000000001e-06,-1.4340000000000002e-05,3
2023-09-18 00:00:00+00:00,3.279e-05,-2.437333333333333e-05,-7.311999999999999e-05,3
2023-09-19 00:00:00+00:00,7.4e-06,-2.2996666666666663e-05,-6.898999999999999e-05,3
2023-09-20 00:00:00+00:00,-1.485e-05,-3.351666666666667e-05,-0.00010055,3
2023-09-21 00:00:00+00:00,-4.271e-05,1.6966666666666645e-06,5.089999999999994e-06,3
2023-09-22 00:00:00+00:00,5.977e-05,7.917333333333333e-05,0.00023752,3
2023-09-23 00:00:00+00:00,4.649e-05,1.6826666666666666e-05,5.048e-05,3
2023-09-24 00:00:00+00:00,6.683e-05,6.328333333333333e-05,0.00018985,3
2023-09-25 00:00:00+00:00,2.471e-05,-9.323333333333334e-06,-2.7970000000000005e-05,3
2023-09-26 00:00:00+00:00,6.467e-05,5.293666666666667e-05,0.00015881,3
2023-09-27 00:00:00+00:00,4.619e-05,5.430999999999999e-05,0.00016293,3
2023-09-28 00:00:00+00:00,-1.16e-05,2.1706666666666667e-05,6.512e-05,3
2023-09-29 00:00:00+00:00,-1.329e-05,3.270666666666667e-05,9.812e-05,3
2023-09-30 00:00:00+00:00,4.679e-05,1.2476666666666667e-05,3.743e-05,3
2023-10-01 00:00:00+00:00,3.723e-05,1.6336666666666666e-05,4.901e-05,3
2023-10-02 00:00:00+00:00,-2.329e-05,3.3433333333333337e-06,1.003e-05,3
2023-10-03 00:00:00+00:00,4.79e-05,4.9766666666666666e-05,0.0001493,3
2023-10-04 00:00:00+00:00,4.91e-05,6.387e-05,0.00019161,3
2023-10-05 00:00:00+00:00,-2.822e-05,-4.3179999999999997e-05,-0.00012953999999999998,3
2023-10-06 00:00:00+00:00,5.383e-05,7.117666666666667e-05,0.00021353,3
2023-10-07 00:00:00+00:00,-1.944e-05,2.0136666666666666e-05,6.041e-05,3
2023-10-08 00:00:00+00:00,2.888e-05,4.7476666666666666e-05,0.00014243,3
2023-10-09 00:00:00+00:00,2.27e-06,-8.486666666666666e-06,-2.5459999999999997e-05,3
2023-10-10 00:00:00+00:00,8.641e-05,7.727999999999999e-05,0.00023183999999999998,3
2023-10-11 00:00:00+00:00,5.242e-05,3.7380000000000005e-05,0.00011214000000000001,3
2023-10-12 00:00:00+00:00,3.613e-05,5.4376666666666664e-05,0.00016313,3
2023-10-13 00:00:00+00:00,3.051e-05,4.378999999999999e-05,0.00013136999999999998,3
2023-10-14 00:00:00+00:00,0.0001,4.91e-05,0.0001473,3
2023-10-15 00:00:00+00:00,3.762e-05,7.551e-05,0.00022653000000000001,3
2023-10-16 00:00:00+00:00,4.418e-05,5.8206666666666666e-05,0.00017462,3
2023-10-17 00:00:00+00:00,-4.403e-05,-3.466666666666656e-07,-1.0399999999999968e-06,3
2023-10-18 00:00:00+00:00,-1.312e-05,-3.3896666666666663e-05,-0.00010169,3
2023-10-19 00:00:00+00:00,-1.264e-05,-9.107666666666665e-05,-0.00027322999999999996,3
2023-10-20 00:00:00+00:00,7.404e-05,7.543666666666667e-05,0.00022631000000000002,3
2023-10-21 00:00:00+00:00,2.131e-05,5.635666666666667e-05,0.00016907,3
2023-10-22 00:00:00+00:00,4.18e-06,6.764000000000001e-05,0.00020292000000000002,3
2023-10-23 00:00:00+00:00,6.712e-05,8.904000000000001e-05,0.00026712000000000003,3
2023-10-24 00:00:00+00:00,0.0001,0.0001,0.00030000000000000003,3
2023-10-25 00:00:00+00:00,0.0001,0.0001,0.00030000000000000003,3
2023-10-26 00:00:00+00:00,0.0001,0.0001,0.00030000000000000003,3
2023-10-27 00:00:00+00:00,0.0001,0.0001,0.00030000000000000003,3
2023-10-28 00:00:00+00:00,0.0001,0.0001,0.00030000000000000003,3
2023-10-29 00:00:00+00:00,0.0001,0.0001,0.00030000000000000003,3
2023-10-30 00:00:00+00:00,0.0001,0.0001,0.00030000000000000003,3
2023-10-31 00:00:00+00:00,0.0001,0.0001,0.00030000000000000003,3
2023-11-01 00:00:00+00:00,0.0001,0.00012306333333333332,0.00036919,3
2023-11-02 00:00:00+00:00,0.0001,0.00014535333333333332,0.00043606,3
2023-11-03 00:00:00+00:00,0.0001,0.0001,0.00030000000000000003,3
2023-11-04 00:00:00+00:00,0.0001,0.0001,0.00030000000000000003,3
2023-11-05 00:00:00+00:00,0.00012957,0.00010998000000000001,0.00032994000000000003,3
2023-11-06 00:00:00+00:00,0.0001,0.0001,0.00030000000000000003,3
2023-11-07 00:00:00+00:00,0.0001,0.0001,0.00030000000000000003,3
2023-11-08 00:00:00+00:00,0.0001,0.0001,0.00030000000000000003,3
2023-11-09 00:00:00+00:00,0.00064556,0.00028614,0.0008584199999999999,3
2023-11-10 00:00:00+00:00,0.0002994,0.00047504,0.00142512,3
2023-11-11 00:00:00+00:00,0.00038352,0.0003297633333333334,0.00098929,3
2023-11-12 00:00:00+00:00,0.00044772,0.0002708666666666666,0.0008125999999999999,3
2023-11-13 00:00:00+00:00,0.00025917,0.0003391033333333333,0.00101731,3
2023-11-14 00:00:00+00:00,0.0001,0.00012945333333333334,0.00038836000000000003,3
2023-11-15 00:00:00+00:00,0.0001,0.0001,0.00030000000000000003,3
2023-11-16 00:00:00+00:00,0.0001,0.00016346333333333335,0.00049039,3
2023-11-17 00:00:00+00:00,0.0001,0.0001,0.00030000000000000003,3
2023-11-18 00:00:00+00:00,0.0001,0.0001,0.00030000000000000003,3
2023-11-19 00:00:00+00:00,0.0001,0.0001,0.00030000000000000003,3
2023-11-20 00:00:00+00:00,0.00015755,0.00012501,0.00037503,3
2023-11-21 00:00:00+00:00,0.0001,0.0001,0.00030000000000000003,3
2023-11-22 00:00:00+00:00,0.0001,0.0001,0.00030000000000000003,3
2023-11-23 00:00:00+00:00,0.0001,0.0001,0.00030000000000000003,3
2023-11-24 00:00:00+00:00,0.0001,0.0001,0.00030000000000000003,3
2023-11-25 00:00:00+00:00,0.0001,0.0001,0.00030000000000000003,3
2023-11-26 00:00:00+00:00,0.0001,0.0001,0.00030000000000000003,3
2023-11-27 00:00:00+00:00,0.0001,0.0001,0.00030000000000000003,3
2023-11-28 00:00:00+00:00,0.0001,0.0001,0.00030000000000000003,3
2023-11-29 00:00:00+00:00,0.0001,0.0001,0.00030000000000000003,3
2023-11-30 00:00:00+00:00,0.0001,0.0001,0.00030000000000000003,3
2023-12-01 00:00:00+00:00,0.0001,0.0001,0.00030000000000000003,3
2023-12-02 00:00:00+00:00,0.0001,0.0001,0.00030000000000000003,3
2023-12-03 00:00:00+00:00,0.0001,0.00013631,0.00040893,3
2023-12-04 00:00:00+00:00,0.0001,0.00016225,0.00048675,3
2023-12-05 00:00:00+00:00,0.0001,0.0001,0.00030000000000000003,3
2023-12-06 00:00:00+00:00,0.0001,0.0001,0.00030000000000000003,3
2023-12-07 00:00:00+00:00,0.0001,0.0001,0.00030000000000000003,3
2023-12-08 00:00:00+00:00,0.00022809,0.00026063666666666666,0.00078191,3
2023-12-09 00:00:00+00:00,0.00030686,0.0003004733333333333,0.00090142,3
2023-12-10 00:00:00+00:00,0.0001,0.0001,0.00030000000000000003,3
2023-12-11 00:00:00+00:00,0.0001,0.0001375,0.0004125,3
2023-12-12 00:00:00+00:00,0.0001,0.00014368666666666666,0.00043106,3
2023-12-13 00:00:00+00:00,0.000165,0.00012166666666666667,0.000365,3
2023-12-14 00:00:00+00:00,0.00021791,0.00013930333333333334,0.00041791,3
2023-12-15 00:00:00+00:00,0.00018143,0.00015889,0.00047667,3
2023-12-16 00:00:00+00:00,0.0001,0.00011051666666666667,0.00033155,3
2023-12-17 00:00:00+00:00,0.0001,0.0001,0.00030000000000000003,3
2023-12-18 00:00:00+00:00,0.0001,0.00014588,0.00043764,3
2023-12-19 00:00:00+00:00,0.0001,0.00012740333333333335,0.00038221,3
2023-12-20 00:00:00+00:00,0.00021412,0.00013804,0.00041412,3
2023-12-21 00:00:00+00:00,0.00047259,0.00032491333333333335,0.00097474,3
2023-12-22 00:00:00+00:00,0.00051349,0.0005104766666666667,0.00153143,3
2023-12-23 00:00:00+00:00,0.00017894,0.00018812333333333335,0.00056437,3
2023-12-24 00:00:00+00:00,0.00017793,0.0001886,0.0005658,3
2023-12-25 00:00:00+00:00,0.0003346,0.00019853666666666667,0.00059561,3
2023-12-26 00:00:00+00:00,0.00025357,0.00024158333333333334,0.00072475,3
2023-12-27 00:00:00+00:00,0.0005471,0.0003861066666666667,0.00115832,3
2023-12-28 00:00:00+00:00,0.00052656,0.0005410333333333334,0.0016231000000000002,3
2023-12-29 00:00:00+00:00,0.00046429,0.0004358366666666667,0.00130751,3
2023-12-30 00:00:00+00:00,0.0002098,0.00023382333333333335,0.00070147,3
2023-12-31 00:00:00+00:00,0.00025447,0.0001979666666666667,0.0005939000000000001,3
2024-01-01 00:00:00+00:00,0.00043024,0.00032402666666666663,0.00097208,3
2024-01-02 00:00:00+00:00,0.00062325,0.0004890933333333334,0.00146728,3
2024-01-03 00:00:00+00:00,0.0001,0.00024793,0.00074379,3
2024-01-04 00:00:00+00:00,0.0001,0.0001,0.00030000000000000003,3
2024-01-05 00:00:00+00:00,0.0001,0.0001,0.00030000000000000003,3
2024-01-06 00:00:00+00:00,0.0001,0.0001,0.00030000000000000003,3
2024-01-07 00:00:00+00:00,0.0001,0.0001,0.00030000000000000003,3
2024-01-08 00:00:00+00:00,0.0001,0.0001,0.00030000000000000003,3
2024-01-09 00:00:00+00:00,0.0001,0.0001,0.00030000000000000003,3
2024-01-10 00:00:00+00:00,0.0001,0.0001,0.00030000000000000003,3
2024-01-11 00:00:00+00:00,0.0001,0.0001,0.00030000000000000003,3
2024-01-12 00:00:00+00:00,0.0001,0.0001,0.00030000000000000003,3
2024-01-13 00:00:00+00:00,0.0001,0.0001,0.00030000000000000003,3
2024-01-14 00:00:00+00:00,0.0001,0.0001,0.00030000000000000003,3
2024-01-15 00:00:00+00:00,0.0001,0.0001,0.00030000000000000003,3
2024-01-16 00:00:00+00:00,0.0001,0.0001,0.00030000000000000003,3
2024-01-17 00:00:00+00:00,0.0001,0.0001,0.00030000000000000003,3
2024-01-18 00:00:00+00:00,0.0001,0.0001,0.00030000000000000003,3
2024-01-19 00:00:00+00:00,0.0001,0.0001,0.00030000000000000003,3
2024-01-20 00:00:00+00:00,0.0001,0.0001,0.00030000000000000003,3
2024-01-21 00:00:00+00:00,0.0001,0.0001,0.00030000000000000003,3
2024-01-22 00:00:00+00:00,0.0001,0.0001,0.00030000000000000003,3
2024-01-23 00:00:00+00:00,0.0001,0.0001,0.00030000000000000003,3
2024-01-24 00:00:00+00:00,0.0001,0.0001,0.00030000000000000003,3
2024-01-25 00:00:00+00:00,0.0001,0.0001,0.00030000000000000003,3
2024-01-26 00:00:00+00:00,0.0001,0.0001,0.00030000000000000003,3
2024-01-27 00:00:00+00:00,0.0001,0.0001,0.00030000000000000003,3
2024-01-28 00:00:00+00:00,1.384e-05,5.297e-05,0.00015891,3
2024-01-29 00:00:00+00:00,0.0001,8.983666666666668e-05,0.00026951000000000004,3
2024-01-30 00:00:00+00:00,0.0001,0.0001,0.00030000000000000003,3
2024-01-31 00:00:00+00:00,7.863e-05,9.287666666666666e-05,0.00027863,3
2024-02-01 00:00:00+00:00,0.0001,4.377333333333334e-05,0.00013132,3
2024-02-02 00:00:00+00:00,8.816e-05,5.526666666666667e-05,0.00016580000000000002,3
2024-02-03 00:00:00+00:00,-4.991e-05,2.7923333333333334e-05,8.377e-05,3
2024-02-04 00:00:00+00:00,6.176e-05,5.2463333333333336e-05,0.00015739,3
2024-02-05 00:00:00+00:00,0.0001,7.451666666666667e-05,0.00022355,3
2024-02-06 00:00:00+00:00,0.0001,8.093e-05,0.00024279,3
2024-02-07 00:00:00+00:00,5.773e-05,5.249e-05,0.00015747,3
2024-02-08 00:00:00+00:00,0.0001,9.045666666666667e-05,0.00027137,3
2024-02-09 00:00:00+00:00,0.0001,8.961666666666667e-05,0.00026885,3
2024-02-10 00:00:00+00:00,0.0001,0.0001,0.00030000000000000003,3
2024-02-11 00:00:00+00:00,0.0001,0.0001,0.00030000000000000003,3
2024-02-12 00:00:00+00:00,0.0001,8.582000000000002e-05,0.00025746000000000005,3
2024-02-13 00:00:00+00:00,0.00012656,0.00010885333333333334,0.00032656000000000004,3
2024-02-14 00:00:00+00:00,0.00018199,0.00014406333333333334,0.00043219000000000005,3
2024-02-15 00:00:00+00:00,0.00023452,0.00018540666666666666,0.00055622,3
2024-02-16 00:00:00+00:00,0.0001,0.00015276333333333333,0.00045829000000000003,3
2024-02-17 00:00:00+00:00,0.0001,0.0001,0.00030000000000000003,3
2024-02-18 00:00:00+00:00,0.0001,0.00011352,0.00034056,3
2024-02-19 00:00:00+00:00,0.0001,0.0001,0.00030000000000000003,3
2024-02-20 00:00:00+00:00,0.00018636,0.00016792666666666666,0.00050378,3
2024-02-21 00:00:00+00:00,0.0001,0.00010046000000000001,0.00030138,3
2024-02-22 00:00:00+00:00,0.0001,0.0001,0.00030000000000000003,3
2024-02-23 00:00:00+00:00,0.0001,0.0001,0.00030000000000000003,3
2024-02-24 00:00:00+00:00,0.0001,0.0001,0.00030000000000000003,3
2024-02-25 00:00:00+00:00,0.0001,0.0001,0.00030000000000000003,3
2024-02-26 00:00:00+00:00,0.00013929,0.00020131,0.00060393,3
2024-02-27 00:00:00+00:00,0.0001,0.00016210666666666666,0.00048632,3
2024-02-28 00:00:00+00:00,0.00024289,0.00014763000000000002,0.00044289000000000004,3
2024-02-29 00:00:00+00:00,0.00062723,0.00052905,0.00158715,3
2024-03-01 00:00:00+00:00,0.0003705,0.0002706566666666667,0.00081197,3
2024-03-02 00:00:00+00:00,0.00038716,0.00032861666666666664,0.00098585,3
2024-03-03 00:00:00+00:00,0.00036188,0.00031237666666666665,0.00093713,3
2024-03-04 00:00:00+00:00,0.00031384,0.0002789,0.0008367,3
2024-03-05 00:00:00+00:00,0.00097166,0.0007437033333333332,0.0022311099999999997,3
2024-03-06 00:00:00+00:00,0.00045771,0.00034553,0.00103659,3
2024-03-07 00:00:00+00:00,0.00045527,0.0003470366666666667,0.00104111,3
2024-03-08 00:00:00+00:00,0.00051623,0.0004674133333333333,0.00140224,3
2024-03-09 00:00:00+00:00,0.00046204,0.00039768333333333334,0.00119305,3
2024-03-10 00:00:00+00:00,0.00028218,0.0004191366666666666,0.0012574099999999998,3
2024-03-11 00:00:00+00:00,0.00066537,0.0005331466666666666,0.00159944,3
2024-03-12 00:00:00+00:00,0.00044267,0.00045946333333333334,0.00137839,3
2024-03-13 00:00:00+00:00,0.00048064,0.00045668333333333337,0.00137005,3
2024-03-14 00:00:00+00:00,0.00052349,0.00045848333333333336,0.00137545,3
2024-03-15 00:00:00+00:00,0.00032197,0.0003530533333333333,0.00105916,3
2024-03-16 00:00:00+00:00,0.0001423,0.00014617666666666667,0.00043853,3
2024-03-17 00:00:00+00:00,0.00027589,0.00015863,0.00047588999999999997,3
2024-03-18 00:00:00+00:00,0.00012434,0.00014086333333333332,0.00042259,3
2024-03-19 00:00:00+00:00,0.00013453,0.00014314333333333333,0.00042943,3
2024-03-20 00:00:00+00:00,0.0001,0.0001,0.00030000000000000003,3
2024-03-21 00:00:00+00:00,0.00010625,0.00012580666666666668,0.00037742,3
2024-03-22 00:00:00+00:00,0.0001,0.00016003333333333334,0.0004801,3
2024-03-23 00:00:00+00:00,0.00017757,0.00012649333333333333,0.00037948,3
2024-03-24 00:00:00+00:00,0.00010575,0.00010191666666666667,0.00030575000000000003,3
2024-03-25 00:00:00+00:00,0.00026078,0.00018861666666666668,0.00056585,3
2024-03-26 00:00:00+00:00,0.00022147,0.00026269333333333336,0.00078808,3
2024-03-27 00:00:00+00:00,0.00030914,0.00034979,0.00104937,3
2024-03-28 00:00:00+00:00,0.00047361,0.0004280833333333333,0.00128425,3
2024-03-29 00:00:00+00:00,0.00042726,0.0004287333333333333,0.0012862,3
2024-03-30 00:00:00+00:00,0.00058362,0.0004281933333333333,0.00128458,3
2024-03-31 00:00:00+00:00,0.00058436,0.0005723466666666667,0.00171704,3
2024-04-01 00:00:00+00:00,0.00012708,0.00040705,0.00122115,3
2024-04-02 00:00:00+00:00,0.0001362,0.00023251333333333332,0.00069754,3
2024-04-03 00:00:00+00:00,0.0001,0.00010417,0.00031251,3
2024-04-04 00:00:00+00:00,0.0001,0.0001,0.00030000000000000003,3
2024-04-05 00:00:00+00:00,0.0001,0.0001,0.00030000000000000003,3
2024-04-06 00:00:00+00:00,0.0001,0.0001,0.00030000000000000003,3
2024-04-07 00:00:00+00:00,0.0001,0.0001,0.00030000000000000003,3
2024-04-08 00:00:00+00:00,0.00016766,0.00012612333333333333,0.00037837,3
2024-04-09 00:00:00+00:00,0.0001146,0.00016253666666666666,0.00048761,3
2024-04-10 00:00:00+00:00,0.0001,0.00012437666666666666,0.00037313,3
2024-04-11 00:00:00+00:00,0.0001,0.0001,0.00030000000000000003,3
2024-04-12 00:00:00+00:00,0.0001,0.0001,0.00030000000000000003,3
2024-04-13 00:00:00+00:00,0.0001,0.0001,0.00030000000000000003,3
2024-04-14 00:00:00+00:00,0.0001,1.825e-05,5.475e-05,3
2024-04-15 00:00:00+00:00,-1.996e-05,3.793333333333333e-05,0.0001138,3
2024-04-16 00:00:00+00:00,8.172e-05,8.912e-05,0.00026736,3
2024-04-17 00:00:00+00:00,-6.242e-05,-2.8420000000000002e-05,-8.526000000000001e-05,3
2024-04-18 00:00:00+00:00,2.602e-05,3.4636666666666667e-05,0.00010391,3
2024-04-19 00:00:00+00:00,9.376e-05,5.3950000000000004e-05,0.00016185,3
2024-04-20 00:00:00+00:00,1.69e-06,1.5213333333333334e-05,4.5640000000000003e-05,3
2024-04-21 00:00:00+00:00,-5.185e-05,3.566e-05,0.00010698000000000001,3
2024-04-22 00:00:00+00:00,-6.33e-05,1.1616666666666668e-05,3.485000000000001e-05,3
2024-04-23 00:00:00+00:00,0.0001,2.5880000000000003e-05,7.764000000000001e-05,3
2024-04-24 00:00:00+00:00,1.485e-05,5.207333333333333e-05,0.00015622,3
2024-04-25 00:00:00+00:00,2.514e-05,-9.053333333333335e-06,-2.7160000000000004e-05,3
2024-04-26 00:00:00+00:00,5.832e-05,1.7676666666666666e-05,5.303e-05,3
2024-04-27 00:00:00+00:00,5.917e-05,7.483333333333334e-05,0.0002245,3
2024-04-28 00:00:00+00:00,4.804e-05,3.106666666666667e-05,9.320000000000002e-05,3
2024-04-29 00:00:00+00:00,4.819e-05,5.503666666666667e-05,0.00016511,3
2024-04-30 00:00:00+00:00,1.04e-05,7.013333333333333e-05,0.00021040000000000002,3
2024-05-01 00:00:00+00:00,8.232e-05,5.7816666666666665e-05,0.00017345,3
2024-05-02 00:00:00+00:00,6.825e-05,7.124e-05,0.00021372,3
2024-05-03 00:00:00+00:00,1.202e-05,1.8020000000000004e-05,5.406000000000001e-05,3
2024-05-04 00:00:00+00:00,4.33e-06,6.423333333333333e-06,1.927e-05,3
2024-05-05 00:00:00+00:00,5.62e-06,1.4783333333333333e-05,4.435e-05,3
2024-05-06 00:00:00+00:00,0.0001,8.123e-05,0.00024369000000000002,3
2024-05-07 00:00:00+00:00,0.0001,0.0001,0.00030000000000000003,3
2024-05-08 00:00:00+00:00,0.0001,0.0001,0.00030000000000000003,3
2024-05-09 00:00:00+00:00,0.0001,9.644666666666667e-05,0.00028934,3
2024-05-10 00:00:00+00:00,1.437e-05,6.641666666666666e-05,0.00019925,3
2024-05-11 00:00:00+00:00,0.0001,0.0001,0.00030000000000000003,3
2024-05-12 00:00:00+00:00,0.0001,0.0001,0.00030000000000000003,3
2024-05-13 00:00:00+00:00,5.157e-05,4.778333333333334e-05,0.00014335000000000001,3
2024-05-14 00:00:00+00:00,7.534e-05,7.061666666666667e-05,0.00021185,3
2024-05-15 00:00:00+00:00,0.0001,0.0001,0.00030000000000000003,3
2024-05-16 00:00:00+00:00,8.788e-05,9.596000000000001e-05,0.00028788,3
2024-05-17 00:00:00+00:00,0.0001,0.0001,0.00030000000000000003,3
2024-05-18 00:00:00+00:00,0.0001,0.0001,0.00030000000000000003,3
2024-05-19 00:00:00+00:00,0.0001,0.0001,0.00030000000000000003,3
2024-05-20 00:00:00+00:00,9.772e-05,9.924e-05,0.00029772,3
2024-05-21 00:00:00+00:00,0.00015733,0.00023112000000000002,0.0006933600000000001,3
2024-05-22 00:00:00+00:00,0.00014748,0.00014579666666666668,0.00043739,3
2024-05-23 00:00:00+00:00,0.00021974,0.00021249666666666667,0.00063749,3
2024-05-24 00:00:00+00:00,0.0001,0.0001,0.00030000000000000003,3
2024-05-25 00:00:00+00:00,0.0001,0.0001,0.00030000000000000003,3
2024-05-26 00:00:00+00:00,0.0001,0.0001,0.00030000000000000003,3
2024-05-27 00:00:00+00:00,0.0001,0.00010844333333333333,0.00032533,3
2024-05-28 00:00:00+00:00,0.0001,0.0001,0.00030000000000000003,3
2024-05-29 00:00:00+00:00,0.0001,0.00012795333333333333,0.00038386000000000003,3
2024-05-30 00:00:00+00:00,0.0001,0.0001,0.00030000000000000003,3
2024-05-31 00:00:00+00:00,0.0001,0.0001,0.00030000000000000003,3
2024-06-01 00:00:00+00:00,0.0001,0.0001,0.00030000000000000003,3
2024-06-02 00:00:00+00:00,0.0001,0.0001,0.00030000000000000003,3
2024-06-03 00:00:00+00:00,0.0001,0.00014271666666666665,0.00042814999999999997,3
2024-06-04 00:00:00+00:00,0.0001,0.0001,0.00030000000000000003,3
2024-06-05 00:00:00+00:00,0.0001,0.00012951666666666665,0.00038855,3
2024-06-06 00:00:00+00:00,0.0001,0.0001,0.00030000000000000003,3
2024-06-07 00:00:00+00:00,0.0001,0.0001,0.00030000000000000003,3
2024-06-08 00:00:00+00:00,0.0001,0.0001,0.00030000000000000003,3
2024-06-09 00:00:00+00:00,0.0001,0.0001,0.00030000000000000003,3
2024-06-10 00:00:00+00:00,0.0001,0.0001,0.00030000000000000003,3
2024-06-11 00:00:00+00:00,0.0001,0.0001,0.00030000000000000003,3
2024-06-12 00:00:00+00:00,5.286e-05,8.428666666666667e-05,0.00025286,3
2024-06-13 00:00:00+00:00,-2.677e-05,2.361e-05,7.083e-05,3
2024-06-14 00:00:00+00:00,2.08e-06,4.571e-05,0.00013713,3
2024-06-15 00:00:00+00:00,0.0001,0.0001,0.00030000000000000003,3
2024-06-16 00:00:00+00:00,9.422e-05,6.267666666666666e-05,0.00018803,3
2024-06-17 00:00:00+00:00,3.187e-05,-4.563333333333333e-06,-1.369e-05,3
2024-06-18 00:00:00+00:00,-1.558e-05,-1.088e-05,-3.264e-05,3
2024-06-19 00:00:00+00:00,7.648e-05,9.216e-05,0.00027648,3
2024-06-20 00:00:00+00:00,-9.1e-06,4.712333333333334e-05,0.00014137,3
2024-06-21 00:00:00+00:00,0.0001,4.5043333333333336e-05,0.00013513000000000002,3
2024-06-22 00:00:00+00:00,5.133e-05,3.617e-05,0.00010851,3
2024-06-23 00:00:00+00:00,1.546e-05,7.182e-05,0.00021546,3
2024-06-24 00:00:00+00:00,-4.352e-05,-4.002666666666667e-05,-0.00012008,3
2024-06-25 00:00:00+00:00,0.0001,6.685666666666667e-05,0.00020057,3
2024-06-26 00:00:00+00:00,4.756e-05,-1.1633333333333363e-06,-3.490000000000009e-06,3
2024-06-27 00:00:00+00:00,0.0001,5.545e-05,0.00016635,3
2024-06-28 00:00:00+00:00,2.471e-05,1.5673333333333335e-05,4.702e-05,3
2024-06-29 00:00:00+00:00,-9.6e-07,1.0050000000000002e-05,3.0150000000000004e-05,3
2024-06-30 00:00:00+00:00,3.015e-05,-3.7233333333333342e-06,-1.1170000000000003e-05,3
2024-07-01 00:00:00+00:00,1.995e-05,9.826666666666667e-06,2.9480000000000002e-05,3
2024-07-02 00:00:00+00:00,9.479e-05,5.0910000000000006e-05,0.00015273,3
2024-07-03 00:00:00+00:00,-1.36e-06,5.0633333333333335e-05,0.0001519,3
2024-07-04 00:00:00+00:00,7.419e-05,6.687666666666667e-05,0.00020063,3
2024-07-05 00:00:00+00:00,8.528e-05,8.248666666666668e-05,0.00024746,3
2024-07-06 00:00:00+00:00,0.0001,4.437333333333333e-05,0.00013312,3
2024-07-07 00:00:00+00:00,-1.279e-05,-1.625e-05,-4.875e-05,3
2024-07-08 00:00:00+00:00,0.0001,4.7503333333333336e-05,0.00014251000000000002,3
2024-07-09 00:00:00+00:00,0.0001,0.0001,0.00030000000000000003,3
2024-07-10 00:00:00+00:00,0.0001,9.473666666666668e-05,0.00028421,3
2024-07-11 00:00:00+00:00,-5.4e-05,-1.495e-05,-4.485e-05,3
2024-07-12 00:00:00+00:00,0.0001,6.541e-05,0.00019623,3
2024-07-13 00:00:00+00:00,0.0001,6.058666666666667e-05,0.00018176,3
2024-07-14 00:00:00+00:00,1.566e-05,5.7100000000000006e-05,0.00017130000000000002,3
2024-07-15 00:00:00+00:00,9.973e-05,5.0606666666666664e-05,0.00015182,3
2024-07-16 00:00:00+00:00,0.0001,3.720333333333333e-05,0.00011161,3
2024-07-17 00:00:00+00:00,8.141e-05,7.013666666666668e-05,0.00021041,3
2024-07-18 00:00:00+00:00,1.15e-06,5.268e-05,0.00015804,3
2024-07-19 00:00:00+00:00,9.069e-05,9.619333333333333e-05,0.00028858,3
2024-07-20 00:00:00+00:00,8.368e-05,8.537666666666667e-05,0.00025613000000000003,3
2024-07-21 00:00:00+00:00,4.215e-05,5.380333333333334e-05,0.00016141000000000001,3
2024-07-22 00:00:00+00:00,1.243e-05,4.486e-05,0.00013458,3
2024-07-23 00:00:00+00:00,0.0001,0.0001,0.00030000000000000003,3
2024-07-24 00:00:00+00:00,0.0001,0.0001,0.00030000000000000003,3
2024-07-25 00:00:00+00:00,2.847e-05,4.6393333333333335e-05,0.00013918,3
2024-07-26 00:00:00+00:00,0.0001,0.0001,0.00030000000000000003,3
2024-07-27 00:00:00+00:00,0.0001,5.826e-05,0.00017478,3
2024-07-28 00:00:00+00:00,0.0001,6.245666666666667e-05,0.00018737000000000002,3
2024-07-29 00:00:00+00:00,0.0001,0.0001,0.00030000000000000003,3
2024-07-30 00:00:00+00:00,4.573e-05,8.191e-05,0.00024573,3
2024-07-31 00:00:00+00:00,0.0001,9.230000000000001e-05,0.0002769,3
2024-08-01 00:00:00+00:00,7.434e-05,6.0303333333333336e-05,0.00018091,3
2024-08-02 00:00:00+00:00,2.039e-05,4.369333333333333e-05,0.00013108,3
2024-08-03 00:00:00+00:00,3.068e-05,-3.508666666666667e-05,-0.00010526,3
2024-08-04 00:00:00+00:00,-8.13e-06,-3.2453333333333337e-05,-9.736e-05,3
2024-08-05 00:00:00+00:00,-8.804e-05,-3.157666666666667e-05,-9.473000000000001e-05,3
2024-08-06 00:00:00+00:00,-6.535e-05,-4.135e-05,-0.00012405,3
2024-08-07 00:00:00+00:00,-7.56e-05,-4.987e-05,-0.00014961,3
2024-08-08 00:00:00+00:00,-4.923e-05,-7.542333333333333e-05,-0.00022627,3
2024-08-09 00:00:00+00:00,-7.375e-05,-5.950000000000005e-06,-1.7850000000000014e-05,3
2024-08-10 00:00:00+00:00,2.589e-05,1.6013333333333335e-05,4.804000000000001e-05,3
2024-08-11 00:00:00+00:00,-8.62e-05,-2.5923333333333333e-05,-7.777e-05,3
2024-08-12 00:00:00+00:00,5.674e-05,3.319e-05,9.957e-05,3
2024-08-13 00:00:00+00:00,1.361e-05,4.0516666666666664e-05,0.00012155,3
2024-08-14 00:00:00+00:00,-0.00010081,1.9256666666666665e-05,5.777e-05,3
2024-08-15 00:00:00+00:00,-6.62e-06,5.243333333333334e-06,1.573e-05,3
2024-08-16 00:00:00+00:00,-2.741e-05,-1.3563333333333334e-05,-4.0690000000000005e-05,3
2024-08-17 00:00:00+00:00,8.16e-06,-1.704e-05,-5.112e-05,3
2024-08-18 00:00:00+00:00,-7.61e-06,-1.9413333333333333e-05,-5.824e-05,3
2024-08-19 00:00:00+00:00,-4.13e-05,-3.205e-05,-9.615e-05,3
2024-08-20 00:00:00+00:00,-5.507e-05,2.7263333333333334e-05,8.179e-05,3
2024-08-21 00:00:00+00:00,5.819e-05,2.5739999999999998e-05,7.722e-05,3
2024-08-22 00:00:00+00:00,7.71e-06,1.8553333333333334e-05,5.566e-05,3
2024-08-23 00:00:00+00:00,3.889e-05,6.373666666666667e-05,0.00019121,3
2024-08-24 00:00:00+00:00,-7.3e-07,2.9873333333333334e-05,8.962e-05,3
2024-08-25 00:00:00+00:00,0.0001,8.410333333333334e-05,0.00025231,3
2024-08-26 00:00:00+00:00,7.76e-06,7.633333333333334e-06,2.29e-05,3
2024-08-27 00:00:00+00:00,3.31e-06,4.415333333333333e-05,0.00013246,3
2024-08-28 00:00:00+00:00,-1.984e-05,-1.3156666666666667e-05,-3.947e-05,3
2024-08-29 00:00:00+00:00,4.05e-05,3.0010000000000002e-05,9.003e-05,3
2024-08-30 00:00:00+00:00,-4.504e-05,-4.160000000000001e-06,-1.2480000000000002e-05,3
2024-08-31 00:00:00+00:00,8.54e-06,4.8809999999999995e-05,0.00014643,3
2024-09-01 00:00:00+00:00,1.878e-05,4.8026666666666665e-05,0.00014408,3
2024-09-02 00:00:00+00:00,4.249e-05,-6.026666666666668e-06,-1.8080000000000003e-05,3
2024-09-03 00:00:00+00:00,-4.576e-05,7.513333333333332e-06,2.2539999999999998e-05,3
2024-09-04 00:00:00+00:00,7.38e-06,-1.7423333333333336e-05,-5.2270000000000006e-05,3
2024-09-05 00:00:00+00:00,-6.854e-05,-5.316333333333333e-05,-0.00015949,3
2024-09-06 00:00:00+00:00,4.52e-05,-3.024e-05,-9.072e-05,3
2024-09-07 00:00:00+00:00,-3.33e-06,-2.4026666666666668e-05,-7.208e-05,3
2024-09-08 00:00:00+00:00,-2.551e-05,-2.7876666666666667e-05,-8.363e-05,3
2024-09-09 00:00:00+00:00,1.333e-05,4.4829999999999996e-05,0.00013449,3
2024-09-10 00:00:00+00:00,-2.211e-05,1.294e-05,3.882e-05,3
2024-09-11 00:00:00+00:00,-2.347e-05,4.836666666666668e-06,1.4510000000000005e-05,3
2024-09-12 00:00:00+00:00,1.21e-05,3.673333333333333e-05,0.0001102,3
2024-09-13 00:00:00+00:00,8.192e-05,6.031666666666667e-05,0.00018095,3
2024-09-14 00:00:00+00:00,7.215e-05,8.265999999999998e-05,0.00024797999999999997,3
2024-09-15 00:00:00+00:00,7.819e-05,7.485666666666667e-05,0.00022457,3
2024-09-16 00:00:00+00:00,1e-06,-8.203333333333332e-06,-2.4609999999999993e-05,3
2024-09-17 00:00:00+00:00,7.748e-05,4.8966666666666667e-05,0.0001469,3
2024-09-18 00:00:00+00:00,-2.367e-05,-3.183e-05,-9.549e-05,3
2024-09-19 00:00:00+00:00,4.893e-05,6.65e-05,0.0001995,3
2024-09-20 00:00:00+00:00,0.0001,0.0001,0.00030000000000000003,3
2024-09-21 00:00:00+00:00,3.687e-05,7.601666666666667e-05,0.00022805000000000001,3
2024-09-22 00:00:00+00:00,5.736e-05,-7.260000000000002e-06,-2.1780000000000005e-05,3
2024-09-23 00:00:00+00:00,6.35e-05,4.998e-05,0.00014994,3
2024-09-24 00:00:00+00:00,9.818e-05,8.058333333333333e-05,0.00024175,3
2024-09-25 00:00:00+00:00,6.921e-05,8.433666666666667e-05,0.00025301,3
2024-09-26 00:00:00+00:00,0.0001,0.0001,0.00030000000000000003,3
2024-09-27 00:00:00+00:00,4.851e-05,7.426e-05,0.00022278,3
2024-09-28 00:00:00+00:00,6.304e-05,8.355999999999999e-05,0.00025068,3
2024-09-29 00:00:00+00:00,0.0001,7.257666666666667e-05,0.00021773000000000002,3
2024-09-30 00:00:00+00:00,0.0001,8.064666666666667e-05,0.00024194,3
2024-10-01 00:00:00+00:00,4.315e-05,5.314e-05,0.00015942000000000002,3
2024-10-02 00:00:00+00:00,-4.128e-05,1.9016666666666667e-05,5.7050000000000004e-05,3
2024-10-03 00:00:00+00:00,-1.57e-05,-3.630666666666666e-05,-0.00010892,3
2024-10-04 00:00:00+00:00,-1.65e-05,-2.8766666666666674e-06,-8.630000000000002e-06,3
2024-10-05 00:00:00+00:00,-4.003e-05,-4.476666666666667e-05,-0.0001343,3
2024-10-06 00:00:00+00:00,-5.832e-05,-9.883333333333332e-06,-2.965e-05,3
2024-10-07 00:00:00+00:00,4.746e-05,1.0239999999999999e-05,3.072e-05,3
2024-10-08 00:00:00+00:00,-2.444e-05,-5.143333333333333e-06,-1.543e-05,3
2024-10-09 00:00:00+00:00,7.01e-05,3.4496666666666664e-05,0.00010349,3
2024-10-10 00:00:00+00:00,3.352e-05,2.1273333333333332e-05,6.382e-05,3
2024-10-11 00:00:00+00:00,0.0001,5.7663333333333334e-05,0.00017299,3
2024-10-12 00:00:00+00:00,0.0001,9.945333333333333e-05,0.00029836,3
2024-10-13 00:00:00+00:00,6.384e-05,8.794666666666667e-05,0.00026384,3
2024-10-14 00:00:00+00:00,0.0001,0.0001,0.00030000000000000003,3
2024-10-15 00:00:00+00:00,0.0001,0.0001,0.00030000000000000003,3
2024-10-16 00:00:00+00:00,0.0001,0.0001,0.00030000000000000003,3
2024-10-17 00:00:00+00:00,6.868e-05,8.493333333333334e-05,0.0002548,3
2024-10-18 00:00:00+00:00,0.0001,0.0001,0.00030000000000000003,3
2024-10-19 00:00:00+00:00,0.0001,0.0001,0.00030000000000000003,3
2024-10-20 00:00:00+00:00,0.0001,0.0001,0.00030000000000000003,3
2024-10-21 00:00:00+00:00,0.0001,0.0001,0.00030000000000000003,3
2024-10-22 00:00:00+00:00,0.0001,0.0001,0.00030000000000000003,3
2024-10-23 00:00:00+00:00,0.0001,0.0001,0.00030000000000000003,3
2024-10-24 00:00:00+00:00,0.0001,0.0001,0.00030000000000000003,3
2024-10-25 00:00:00+00:00,0.0001,0.0001,0.00030000000000000003,3
2024-10-26 00:00:00+00:00,8.006e-05,9.182666666666668e-05,0.00027548000000000004,3
2024-10-27 00:00:00+00:00,0.0001,0.0001,0.00030000000000000003,3
2024-10-28 00:00:00+00:00,0.0001,0.0001,0.00030000000000000003,3
2024-10-29 00:00:00+00:00,0.0001,0.0001,0.00030000000000000003,3
2024-10-30 00:00:00+00:00,0.0001,0.0001,0.00030000000000000003,3
2024-10-31 00:00:00+00:00,0.0001,0.0001,0.00030000000000000003,3
2024-11-01 00:00:00+00:00,0.0001,0.0001,0.00030000000000000003,3
2024-11-02 00:00:00+00:00,0.0001,0.0001,0.00030000000000000003,3
2024-11-03 00:00:00+00:00,0.0001,0.0001,0.00030000000000000003,3
2024-11-04 00:00:00+00:00,0.0001,0.0001,0.00030000000000000003,3
2024-11-05 00:00:00+00:00,0.0001,0.0001,0.00030000000000000003,3
2024-11-06 00:00:00+00:00,0.0001,0.0001,0.00030000000000000003,3
2024-11-07 00:00:00+00:00,0.00015115,0.00018732666666666667,0.00056198,3
2024-11-08 00:00:00+00:00,0.00018748,0.0001555,0.0004665,3
2024-11-09 00:00:00+00:00,0.0001,0.00010998000000000001,0.00032994000000000003,3
2024-11-10 00:00:00+00:00,0.00025211,0.00021996000000000003,0.0006598800000000001,3
2024-11-11 00:00:00+00:00,0.00026205,0.00029637,0.00088911,3
2024-11-12 00:00:00+00:00,0.00047512,0.0003990266666666667,0.00119708,3
2024-11-13 00:00:00+00:00,0.00017601,0.00014118,0.00042354,3
2024-11-14 00:00:00+00:00,0.0001,0.00011385333333333333,0.00034156,3
2024-11-15 00:00:00+00:00,0.0001,0.0001,0.00030000000000000003,3
2024-11-16 00:00:00+00:00,0.00025586,0.00022658000000000002,0.0006797400000000001,3
2024-11-17 00:00:00+00:00,0.00024608,0.00018802666666666666,0.00056408,3
2024-11-18 00:00:00+00:00,0.00032966,0.00037377333333333336,0.00112132,3
2024-11-19 00:00:00+00:00,0.00026181,0.0003200166666666667,0.00096005,3
2024-11-20 00:00:00+00:00,0.00018608,0.00018431666666666666,0.00055295,3
2024-11-21 00:00:00+00:00,0.0004332,0.00021731,0.00065193,3
2024-11-22 00:00:00+00:00,0.00023877,0.0003808633333333333,0.00114259,3
2024-11-23 00:00:00+00:00,0.00050676,0.00040562666666666666,0.00121688,3
2024-11-24 00:00:00+00:00,0.00021154,0.00024299333333333332,0.00072898,3
2024-11-25 00:00:00+00:00,0.00047189,0.0003922066666666667,0.00117662,3
2024-11-26 00:00:00+00:00,0.00019216,0.00021507666666666667,0.00064523,3
2024-11-27 00:00:00+00:00,0.00039567,0.0003253433333333333,0.0009760299999999999,3
2024-11-28 00:00:00+00:00,0.00029457,0.00039696666666666665,0.0011909,3
2024-11-29 00:00:00+00:00,0.0003578,0.00034632,0.00103896,3
2024-11-30 00:00:00+00:00,0.00022245,0.00027903333333333336,0.0008371,3
2024-12-01 00:00:00+00:00,0.00031692,0.00026400666666666665,0.0007920199999999999,3
2024-12-02 00:00:00+00:00,0.00028917,0.0003600233333333333,0.00108007,3
2024-12-03 00:00:00+00:00,0.00023821,0.00031539000000000003,0.0009461700000000001,3
2024-12-04 00:00:00+00:00,0.00059758,0.00048908,0.00146724,3
2024-12-05 00:00:00+00:00,0.00060723,0.0006692766666666666,0.00200783,3
2024-12-06 00:00:00+00:00,0.0002623,0.0003018366666666667,0.00090551,3
2024-12-07 00:00:00+00:00,0.00041097,0.0003728266666666667,0.00111848,3
2024-12-08 00:00:00+00:00,0.00031976,0.00035211333333333336,0.00105634,3
2024-12-09 00:00:00+00:00,0.00018187,0.00021263333333333332,0.0006379,3
2024-12-10 00:00:00+00:00,0.0001,0.0001,0.00030000000000000003,3
2024-12-11 00:00:00+00:00,0.0001,0.0001,0.00030000000000000003,3
2024-12-12 00:00:00+00:00,0.0001,0.0001,0.00030000000000000003,3
2024-12-13 00:00:00+00:00,0.0001,0.0001,0.00030000000000000003,3
2024-12-14 00:00:00+00:00,0.0001,0.0001,0.00030000000000000003,3
2024-12-15 00:00:00+00:00,0.0001,0.0001,0.00030000000000000003,3
2024-12-16 00:00:00+00:00,0.0001,0.0001,0.00030000000000000003,3
2024-12-17 00:00:00+00:00,0.0001,0.0001,0.00030000000000000003,3
2024-12-18 00:00:00+00:00,0.0001,0.0001,0.00030000000000000003,3
2024-12-19 00:00:00+00:00,7.794e-05,8.920666666666667e-05,0.00026762,3
2024-12-20 00:00:00+00:00,4.759e-05,5.39e-05,0.0001617,3
2024-12-21 00:00:00+00:00,4.063e-05,4.089e-05,0.00012267000000000002,3
2024-12-22 00:00:00+00:00,-2.443e-05,-1.5456666666666667e-05,-4.6370000000000005e-05,3
2024-12-23 00:00:00+00:00,9.229e-05,4.691333333333334e-05,0.00014074,3
2024-12-24 00:00:00+00:00,0.0001,0.0001,0.00030000000000000003,3
2024-12-25 00:00:00+00:00,0.0001,0.0001,0.00030000000000000003,3
2024-12-26 00:00:00+00:00,4.98e-06,4.575666666666666e-05,0.00013727,3
2024-12-27 00:00:00+00:00,-1.7e-06,3.353333333333333e-05,0.0001006,3
2024-12-28 00:00:00+00:00,8.467e-05,8.011e-05,0.00024033,3
2024-12-29 00:00:00+00:00,5.989e-05,7.099333333333332e-05,0.00021297999999999998,3
2024-12-30 00:00:00+00:00,3.097e-05,4.005e-05,0.00012014999999999999,3
2024-12-31 00:00:00+00:00,0.0001,9.169333333333334e-05,0.00027508000000000003,3
2025-01-01 00:00:00+00:00,9.354e-05,7.482666666666666e-05,0.00022448,3
2025-01-02 00:00:00+00:00,0.0001,0.0001,0.00030000000000000003,3
2025-01-03 00:00:00+00:00,0.0001,0.0001,0.00030000000000000003,3
2025-01-04 00:00:00+00:00,0.0001,0.0001,0.00030000000000000003,3
2025-01-05 00:00:00+00:00,0.0001,0.0001,0.00030000000000000003,3
2025-01-06 00:00:00+00:00,0.0001,0.0001,0.00030000000000000003,3
2025-01-07 00:00:00+00:00,8.017e-05,9.339e-05,0.00028017,3
2025-01-08 00:00:00+00:00,7.706e-05,1.64e-05,4.9199999999999997e-05,3
2025-01-09 00:00:00+00:00,2.613e-05,6.220333333333333e-05,0.00018661,3
2025-01-10 00:00:00+00:00,4.375e-05,4.3043333333333335e-05,0.00012913,3
2025-01-11 00:00:00+00:00,9.365e-05,6.152333333333333e-05,0.00018457,3
2025-01-12 00:00:00+00:00,8.829e-05,8.285333333333334e-05,0.00024856,3
2025-01-13 00:00:00+00:00,-3.377e-05,9.983333333333335e-06,2.9950000000000003e-05,3
2025-01-14 00:00:00+00:00,0.0001,7.607000000000001e-05,0.00022821,3
2025-01-15 00:00:00+00:00,0.0001,8.447333333333334e-05,0.00025342,3
2025-01-16 00:00:00+00:00,0.0001,0.0001,0.00030000000000000003,3
2025-01-17 00:00:00+00:00,0.0001,0.0001,0.00030000000000000003,3
2025-01-18 00:00:00+00:00,0.0001,9.226e-05,0.00027678,3
2025-01-19 00:00:00+00:00,0.0001,0.0001,0.00030000000000000003,3
2025-01-20 00:00:00+00:00,0.0001,0.0001,0.00030000000000000003,3
2025-01-21 00:00:00+00:00,0.0001,0.0001,0.00030000000000000003,3
2025-01-22 00:00:00+00:00,0.0001,0.0001,0.00030000000000000003,3
2025-01-23 00:00:00+00:00,0.0001,9.201666666666668e-05,0.00027605,3
2025-01-24 00:00:00+00:00,0.0001,0.0001,0.00030000000000000003,3
2025-01-25 00:00:00+00:00,9.812e-05,9.196999999999999e-05,0.00027591,3
2025-01-26 00:00:00+00:00,9.126e-05,9.708666666666667e-05,0.00029126,3
2025-01-27 00:00:00+00:00,2.909e-05,2.4146666666666667e-05,7.244e-05,3
2025-01-28 00:00:00+00:00,6.131e-05,8.089e-05,0.00024267,3
2025-01-29 00:00:00+00:00,2.021e-05,2.2603333333333334e-05,6.781e-05,3
2025-01-30 00:00:00+00:00,0.0001,7.026333333333334e-05,0.00021079,3
2025-01-31 00:00:00+00:00,0.0001,0.0001,0.00030000000000000003,3
2025-02-01 00:00:00+00:00,-3.014e-05,4.742e-05,0.00014226,3
2025-02-02 00:00:00+00:00,-3.71e-06,-2.8616666666666667e-05,-8.585e-05,3
2025-02-03 00:00:00+00:00,-0.00015992,-9.261333333333334e-05,-0.00027784,3
2025-02-04 00:00:00+00:00,8.066e-05,3.1053333333333336e-05,9.316000000000001e-05,3
2025-02-05 00:00:00+00:00,9.437e-05,2.0600000000000003e-05,6.180000000000001e-05,3
2025-02-06 00:00:00+00:00,2.69e-06,3.850666666666667e-05,0.00011552,3
2025-02-07 00:00:00+00:00,3.758e-05,1.25e-05,3.7500000000000003e-05,3
2025-02-08 00:00:00+00:00,4.089e-05,2.8533333333333354e-06,8.560000000000006e-06,3
2025-02-09 00:00:00+00:00,2.069e-05,1.6343333333333333e-05,4.9029999999999996e-05,3
2025-02-10 00:00:00+00:00,9.077e-05,3.804333333333333e-05,0.00011412999999999999,3
2025-02-11 00:00:00+00:00,6.084e-05,6.268333333333333e-05,0.00018805,3
2025-02-12 00:00:00+00:00,2.617e-05,4.115e-05,0.00012345,3
2025-02-13 00:00:00+00:00,1.629e-05,7.209666666666666e-05,0.00021629,3
2025-02-14 00:00:00+00:00,0.0001,8.391333333333334e-05,0.00025174,3
2025-02-15 00:00:00+00:00,4.98e-06,2.8903333333333335e-05,8.671e-05,3
2025-02-16 00:00:00+00:00,1.284e-05,1.6266666666666668e-05,4.88e-05,3
2025-02-17 00:00:00+00:00,0.0001,4.811e-05,0.00014433,3
2025-02-18 00:00:00+00:00,4.496e-05,2.1869999999999996e-05,6.560999999999999e-05,3
2025-02-19 00:00:00+00:00,5.052e-05,8.06e-05,0.0002418,3
2025-02-20 00:00:00+00:00,5.464e-05,5.528e-05,0.00016584,3
2025-02-21 00:00:00+00:00,6.927e-05,4.608333333333334e-05,0.00013825000000000003,3
2025-02-22 00:00:00+00:00,0.00014289,0.00019285666666666668,0.00057857,3
2025-02-23 00:00:00+00:00,0.0001,0.0001,0.00030000000000000003,3
2025-02-24 00:00:00+00:00,4.19e-05,8.063333333333335e-05,0.00024190000000000003,3
2025-02-25 00:00:00+00:00,0.0001,1.0806666666666668e-05,3.2420000000000005e-05,3
2025-02-26 00:00:00+00:00,0.0001,0.0001,0.00030000000000000003,3
2025-02-27 00:00:00+00:00,-2.508e-05,-3.359666666666667e-05,-0.00010079,3
2025-02-28 00:00:00+00:00,2.33e-05,-1.554e-05,-4.662e-05,3
2025-03-01 00:00:00+00:00,6.328e-05,5.743666666666667e-05,0.00017231,3
2025-03-02 00:00:00+00:00,0.0001,7.237333333333334e-05,0.00021712,3
2025-03-03 00:00:00+00:00,0.0001,0.0001,0.00030000000000000003,3
2025-03-04 00:00:00+00:00,4.077e-05,2.926333333333333e-05,8.779e-05,3
2025-03-05 00:00:00+00:00,8.293e-05,9.431000000000001e-05,0.00028293000000000003,3
2025-03-06 00:00:00+00:00,1.132e-05,7.044e-05,0.00021132,3
2025-03-07 00:00:00+00:00,-2.599e-05,-6.672999999999999e-05,-0.00020019,3
2025-03-08 00:00:00+00:00,3.386e-05,-2.7380000000000002e-05,-8.214000000000001e-05,3
2025-03-09 00:00:00+00:00,-7.519e-05,-2.3713333333333332e-05,-7.114e-05,3
2025-03-10 00:00:00+00:00,-7.933e-05,-6.269999999999999e-05,-0.0001881,3
2025-03-11 00:00:00+00:00,9.742e-05,2.6293333333333335e-05,7.888e-05,3
2025-03-12 00:00:00+00:00,-8.444e-05,-6.560333333333334e-05,-0.00019681,3
2025-03-13 00:00:00+00:00,4.374e-05,3.34e-05,0.0001002,3
2025-03-14 00:00:00+00:00,7.276e-05,6.894333333333334e-05,0.00020683000000000002,3
2025-03-15 00:00:00+00:00,3.077e-05,6.749e-05,0.00020247,3
2025-03-16 00:00:00+00:00,-9.492e-05,-1.7233333333333333e-05,-5.17e-05,3
2025-03-17 00:00:00+00:00,-2.356e-05,-2.5353333333333333e-05,-7.606e-05,3
2025-03-18 00:00:00+00:00,-4.82e-05,-2.9946666666666666e-05,-8.984e-05,3
2025-03-19 00:00:00+00:00,0.0001,7.143333333333334e-05,0.0002143,3
2025-03-20 00:00:00+00:00,-2.597e-05,-1.4583333333333331e-05,-4.374999999999999e-05,3
2025-03-21 00:00:00+00:00,-3.802e-05,2.1936666666666666e-05,6.581e-05,3
2025-03-22 00:00:00+00:00,0.0001,6.217e-05,0.00018651,3
2025-03-23 00:00:00+00:00,5.531e-05,4.767333333333333e-05,0.00014302,3
2025-03-24 00:00:00+00:00,0.0001,7.799e-05,0.00023397,3
2025-03-25 00:00:00+00:00,4.64e-06,6.856666666666668e-06,2.0570000000000005e-05,3
2025-03-26 00:00:00+00:00,-1.778e-05,3.868000000000001e-05,0.00011604000000000002,3
2025-03-27 00:00:00+00:00,-1.369e-05,4.053666666666667e-05,0.00012161,3
2025-03-28 00:00:00+00:00,2.149e-05,-1.6796666666666668e-05,-5.0390000000000004e-05,3
2025-03-29 00:00:00+00:00,7.864e-05,7.098e-05,0.00021294,3
2025-03-30 00:00:00+00:00,-1.371e-05,-1.6206666666666665e-05,-4.861999999999999e-05,3
2025-03-31 00:00:00+00:00,7.639e-05,4.9699999999999995e-05,0.0001491,3
2025-04-01 00:00:00+00:00,5.83e-05,4.8710000000000006e-05,0.00014613,3
2025-04-02 00:00:00+00:00,2.951e-05,1.785e-05,5.355e-05,3
2025-04-03 00:00:00+00:00,-4.464e-05,-1.8453333333333332e-05,-5.536e-05,3
2025-04-04 00:00:00+00:00,-4.38e-06,6.816666666666666e-06,2.045e-05,3
2025-04-05 00:00:00+00:00,5.581e-05,7.437e-05,0.00022311,3
2025-04-06 00:00:00+00:00,3.19e-06,2.961e-05,8.883e-05,3
2025-04-07 00:00:00+00:00,-4.131e-05,-2.4436666666666666e-05,-7.331e-05,3
2025-04-08 00:00:00+00:00,-1.59e-06,4.5470000000000003e-05,0.00013641,3
2025-04-09 00:00:00+00:00,6.281e-05,4.085666666666667e-05,0.00012257000000000001,3
2025-04-10 00:00:00+00:00,-2.653e-05,4.338333333333333e-05,0.00013015,3
2025-04-11 00:00:00+00:00,5.068e-05,2.408e-05,7.224e-05,3
2025-04-12 00:00:00+00:00,0.0001,3.858666666666667e-05,0.00011576,3
2025-04-13 00:00:00+00:00,-7.139e-05,1.976e-05,5.928e-05,3
2025-04-14 00:00:00+00:00,0.0001,4.7566666666666666e-05,0.0001427,3
2025-04-15 00:00:00+00:00,-1.831e-05,3.439666666666666e-05,0.00010318999999999999,3
2025-04-16 00:00:00+00:00,7.483e-05,-2.5900000000000006e-06,-7.770000000000002e-06,3
2025-04-17 00:00:00+00:00,-2.042e-05,1.2573333333333332e-05,3.772e-05,3
2025-04-18 00:00:00+00:00,-2.822e-05,1.2e-07,3.5999999999999994e-07,3
2025-04-19 00:00:00+00:00,5.694e-05,2.1563333333333334e-05,6.469e-05,3
2025-04-20 00:00:00+00:00,-7.254e-05,-1.3736666666666665e-05,-4.120999999999999e-05,3
2025-04-21 00:00:00+00:00,2.735e-05,1.8350000000000002e-05,5.505000000000001e-05,3
2025-04-22 00:00:00+00:00,0.0001,4.454333333333334e-05,0.00013363,3
2025-04-23 00:00:00+00:00,5.611e-05,6.012666666666667e-05,0.00018038,3
2025-04-24 00:00:00+00:00,9.229e-05,3.8536666666666666e-05,0.00011561,3
2025-04-25 00:00:00+00:00,0.0001,9.379e-05,0.00028136999999999997,3
2025-04-26 00:00:00+00:00,1.407e-05,2.4826666666666667e-05,7.448e-05,3
2025-04-27 00:00:00+00:00,2.291e-05,3.5333333333333336e-05,0.000106,3
2025-04-28 00:00:00+00:00,-4.667e-05,-2.1000000000000015e-06,-6.300000000000004e-06,3
2025-04-29 00:00:00+00:00,9.811e-05,6.241666666666666e-05,0.00018725,3
2025-04-30 00:00:00+00:00,-7.811e-05,-1.4623333333333333e-05,-4.387e-05,3
2025-05-01 00:00:00+00:00,0.0001,9.022333333333333e-05,0.00027067,3
2025-05-02 00:00:00+00:00,-4.41e-06,2.345666666666667e-05,7.037e-05,3
2025-05-03 00:00:00+00:00,1.455e-05,3.553666666666667e-05,0.00010661,3
2025-05-04 00:00:00+00:00,8.434e-05,8.534666666666667e-05,0.00025604,3
2025-05-05 00:00:00+00:00,3.104e-05,1.212e-05,3.636e-05,3
2025-05-06 00:00:00+00:00,-1.747e-05,2.2146666666666666e-05,6.644e-05,3
2025-05-07 00:00:00+00:00,8.696e-05,8.051666666666667e-05,0.00024155,3
2025-05-08 00:00:00+00:00,0.0001,8.006333333333334e-05,0.00024019000000000002,3
2025-05-09 00:00:00+00:00,0.0001,0.0001,0.00030000000000000003,3
2025-05-10 00:00:00+00:00,0.0001,9.821e-05,0.00029463,3
2025-05-11 00:00:00+00:00,9.363e-05,8.681333333333334e-05,0.00026044,3
2025-05-12 00:00:00+00:00,0.0001,0.0001,0.00030000000000000003,3
2025-05-13 00:00:00+00:00,0.0001,7.601333333333333e-05,0.00022804,3
2025-05-14 00:00:00+00:00,1.533e-05,6.332666666666666e-05,0.00018998,3
2025-05-15 00:00:00+00:00,6.49e-06,-1.211e-05,-3.633e-05,3
2025-05-16 00:00:00+00:00,3.711e-05,3.465666666666666e-05,0.00010397,3
2025-05-17 00:00:00+00:00,7.954e-05,1.606666666666666e-06,4.819999999999998e-06,3
2025-05-18 00:00:00+00:00,0.0001,9.882e-05,0.00029646,3
2025-05-19 00:00:00+00:00,0.0001,6.662333333333334e-05,0.00019987,3
2025-05-20 00:00:00+00:00,9.258e-05,9.752666666666667e-05,0.00029258,3
2025-05-21 00:00:00+00:00,0.0001,9.559e-05,0.00028677,3
2025-05-22 00:00:00+00:00,0.0001,4.476666666666667e-05,0.0001343,3
2025-05-23 00:00:00+00:00,8.98e-05,7.374333333333334e-05,0.00022123,3
2025-05-24 00:00:00+00:00,9.481e-05,9.827e-05,0.00029481,3
2025-05-25 00:00:00+00:00,0.0001,8.325666666666667e-05,0.00024977,3
2025-05-26 00:00:00+00:00,8.533e-05,9.510999999999999e-05,0.00028533,3
2025-05-27 00:00:00+00:00,2.594e-05,7.531333333333334e-05,0.00022594,3
2025-05-28 00:00:00+00:00,9.718e-05,3.464666666666667e-05,0.00010394,3
2025-05-29 00:00:00+00:00,6.515e-05,8.838333333333334e-05,0.00026515,3
2025-05-30 00:00:00+00:00,-1.023e-05,6.322666666666668e-05,0.00018968,3
2025-05-31 00:00:00+00:00,4.071e-05,7.961e-05,0.00023883000000000002,3
2025-06-01 00:00:00+00:00,3.732e-05,-3.936666666666666e-06,-1.1809999999999997e-05,3
2025-06-02 00:00:00+00:00,0.0001,7.194666666666667e-05,0.00021584000000000002,3
2025-06-03 00:00:00+00:00,6.937e-05,7.130666666666667e-05,0.00021391999999999998,3
2025-06-04 00:00:00+00:00,0.0001,6.586333333333334e-05,0.00019759,3
2025-06-05 00:00:00+00:00,8.113e-05,5.214666666666667e-05,0.00015644,3
2025-06-06 00:00:00+00:00,1.965e-05,6.215666666666666e-05,0.00018647,3
2025-06-07 00:00:00+00:00,4.38e-06,1.4726666666666667e-05,4.418e-05,3
2025-06-08 00:00:00+00:00,9.33e-06,-7.326666666666665e-06,-2.1979999999999996e-05,3
2025-06-09 00:00:00+00:00,8.401e-05,1.9403333333333334e-05,5.821e-05,3
2025-06-10 00:00:00+00:00,0.0001,0.0001,0.00030000000000000003,3
2025-06-11 00:00:00+00:00,6e-05,8.392666666666666e-05,0.00025178,3
2025-06-12 00:00:00+00:00,3.527e-05,5.938e-05,0.00017814,3
2025-06-13 00:00:00+00:00,2.289e-05,-1.426e-05,-4.278e-05,3
2025-06-14 00:00:00+00:00,-3.518e-05,5.770000000000001e-06,1.7310000000000002e-05,3
2025-06-15 00:00:00+00:00,6.072e-05,5.775666666666667e-05,0.00017327,3
2025-06-16 00:00:00+00:00,2.399e-05,3.361666666666667e-05,0.00010085000000000001,3
2025-06-17 00:00:00+00:00,4.361e-05,1.3303333333333334e-05,3.991e-05,3
2025-06-18 00:00:00+00:00,1.508e-05,2.2810000000000004e-05,6.843000000000001e-05,3
2025-06-19 00:00:00+00:00,-2.676e-05,2.1973333333333332e-05,6.591999999999999e-05,3
2025-06-20 00:00:00+00:00,-3.207e-05,5.649999999999999e-06,1.695e-05,3
2025-06-21 00:00:00+00:00,-2.619e-05,-9.46e-06,-2.838e-05,3
2025-06-22 00:00:00+00:00,-2.185e-05,-3.372e-05,-0.00010116,3
2025-06-23 00:00:00+00:00,-3.689e-05,2.703e-05,8.109e-05,3
2025-06-24 00:00:00+00:00,7.699e-05,6.16666666666667e-06,1.850000000000001e-05,3
2025-06-25 00:00:00+00:00,-2.701e-05,-3.788333333333333e-05,-0.00011365,3
2025-06-26 00:00:00+00:00,5.045e-05,2.7443333333333335e-05,8.233e-05,3
2025-06-27 00:00:00+00:00,-1.334e-05,1.736666666666667e-06,5.210000000000001e-06,3
2025-06-28 00:00:00+00:00,6.205e-05,4.990666666666667e-05,0.00014972,3
2025-06-29 00:00:00+00:00,3.952e-05,5.5756666666666674e-05,0.00016727000000000002,3
2025-06-30 00:00:00+00:00,-3.807e-05,4.4773333333333334e-05,0.00013432,3
2025-07-01 00:00:00+00:00,-4.681e-05,7.236666666666669e-06,2.1710000000000007e-05,3
2025-07-02 00:00:00+00:00,0.0001,3.512666666666667e-05,0.00010538000000000001,3
2025-07-03 00:00:00+00:00,3.649e-05,7.883e-05,0.00023649,3
2025-07-04 00:00:00+00:00,-2.887e-05,1.4399999999999998e-06,4.319999999999999e-06,3
2025-07-05 00:00:00+00:00,-2.34e-05,4.5566666666666665e-06,1.367e-05,3
2025-07-06 00:00:00+00:00,9.892e-05,7.014e-05,0.00021042,3
2025-07-07 00:00:00+00:00,4.036e-05,4.720666666666666e-05,0.00014162,3
2025-07-08 00:00:00+00:00,0.0001,4.6930000000000006e-05,0.00014079,3
2025-07-09 00:00:00+00:00,0.0001,0.0001,0.00030000000000000003,3
2025-07-10 00:00:00+00:00,7.9e-05,9.3e-05,0.000279,3
2025-07-11 00:00:00+00:00,0.0001,0.0001,0.00030000000000000003,3
2025-07-12 00:00:00+00:00,0.0001,0.0001,0.00030000000000000003,3
2025-07-13 00:00:00+00:00,0.0001,8.431e-05,0.00025293,3
2025-07-14 00:00:00+00:00,0.0001,0.0001,0.00030000000000000003,3
2025-07-15 00:00:00+00:00,0.0001,0.0001,0.00030000000000000003,3
2025-07-16 00:00:00+00:00,0.0001,0.0001,0.00030000000000000003,3
2025-07-17 00:00:00+00:00,0.0001,0.0001,0.00030000000000000003,3
2025-07-18 00:00:00+00:00,0.0001,0.0001,0.00030000000000000003,3
2025-07-19 00:00:00+00:00,0.0001,0.0001,0.00030000000000000003,3
2025-07-20 00:00:00+00:00,0.0001,0.0001,0.00030000000000000003,3
2025-07-21 00:00:00+00:00,0.0001,0.0001,0.00030000000000000003,3
2025-07-22 00:00:00+00:00,0.0001,0.0001,0.00030000000000000003,3
2025-07-23 00:00:00+00:00,0.0001,0.0001,0.00030000000000000003,3
2025-07-24 00:00:00+00:00,0.0001,0.0001,0.00030000000000000003,3
2025-07-25 00:00:00+00:00,0.0001,0.0001,0.00030000000000000003,3
2025-07-26 00:00:00+00:00,0.0001,0.0001,0.00030000000000000003,3
2025-07-27 00:00:00+00:00,0.0001,0.0001,0.00030000000000000003,3
2025-07-28 00:00:00+00:00,0.0001,0.0001,0.00030000000000000003,3
2025-07-29 00:00:00+00:00,0.0001,0.0001,0.00030000000000000003,3
2025-07-30 00:00:00+00:00,3.773e-05,5.955333333333333e-05,0.00017866,3
2025-07-31 00:00:00+00:00,9.094e-05,9.698e-05,0.00029094,3
2025-08-01 00:00:00+00:00,2.63e-06,-6.567333333333334e-05,-0.00019702,3
2025-08-02 00:00:00+00:00,9.792e-05,8.563666666666667e-05,0.00025691,3
2025-08-03 00:00:00+00:00,-3.325e-05,3.5946666666666666e-05,0.00010784,3
2025-08-04 00:00:00+00:00,8.29e-05,3.753e-05,0.00011259,3
2025-08-05 00:00:00+00:00,-8.33e-06,1.7193333333333334e-05,5.1580000000000004e-05,3
2025-08-06 00:00:00+00:00,0.0001,6.376333333333333e-05,0.00019129,3
2025-08-07 00:00:00+00:00,7.814e-05,9.271333333333334e-05,0.00027814,3
2025-08-08 00:00:00+00:00,0.0001,9.067666666666668e-05,0.00027203000000000004,3
2025-08-09 00:00:00+00:00,0.0001,0.0001,0.00030000000000000003,3
2025-08-10 00:00:00+00:00,0.0001,0.0001,0.00030000000000000003,3
2025-08-11 00:00:00+00:00,9.695e-05,9.898333333333335e-05,0.00029695000000000004,3
2025-08-12 00:00:00+00:00,0.0001,7.150333333333333e-05,0.00021451,3
2025-08-13 00:00:00+00:00,0.0001,0.0001,0.00030000000000000003,3
2025-08-14 00:00:00+00:00,0.0001,0.0001,0.00030000000000000003,3
2025-08-15 00:00:00+00:00,0.0001,0.0001,0.00030000000000000003,3
2025-08-16 00:00:00+00:00,5.954e-05,6.868666666666667e-05,0.00020606,3
2025-08-17 00:00:00+00:00,1.507e-05,2.6856666666666666e-05,8.057e-05,3
2025-08-18 00:00:00+00:00,-8.91e-06,6.353333333333332e-06,1.9059999999999997e-05,3
2025-08-19 00:00:00+00:00,9.409e-05,8.242e-05,0.00024726,3
2025-08-20 00:00:00+00:00,0.0001,0.0001,0.00030000000000000003,3
2025-08-21 00:00:00+00:00,7.674e-05,5.7956666666666674e-05,0.00017387000000000001,3
2025-08-22 00:00:00+00:00,0.0001,9.673e-05,0.00029019,3
2025-08-23 00:00:00+00:00,0.0001,0.0001,0.00030000000000000003,3
2025-08-24 00:00:00+00:00,0.0001,9.760333333333334e-05,0.00029281,3
2025-08-25 00:00:00+00:00,2.5e-05,7.500000000000001e-05,0.00022500000000000002,3
2025-08-26 00:00:00+00:00,-2.697e-05,-3.653e-05,-0.00010959,3
2025-08-27 00:00:00+00:00,-2.053e-05,-3.383666666666667e-05,-0.00010151,3
2025-08-28 00:00:00+00:00,6.165e-05,2.705333333333333e-05,8.115999999999999e-05,3
2025-08-29 00:00:00+00:00,7.35e-06,1.8266666666666687e-06,5.480000000000006e-06,3
2025-08-30 00:00:00+00:00,5.071e-05,7.188666666666666e-05,0.00021566,3
2025-08-31 00:00:00+00:00,-6.512e-05,6.806666666666666e-06,2.0419999999999998e-05,3
2025-09-01 00:00:00+00:00,7.885e-05,5.238e-05,0.00015714,3
2025-09-02 00:00:00+00:00,7.474e-05,7.244333333333333e-05,0.00021733,3
2025-09-03 00:00:00+00:00,0.0001,9.379000000000001e-05,0.00028137,3
2025-09-04 00:00:00+00:00,-9.88e-06,3.1383333333333335e-05,9.415e-05,3
2025-09-05 00:00:00+00:00,2.623e-05,-8.53e-06,-2.559e-05,3
2025-09-06 00:00:00+00:00,2.833e-05,6.940666666666667e-05,0.00020822,3
2025-09-07 00:00:00+00:00,0.0001,0.0001,0.00030000000000000003,3
2025-09-08 00:00:00+00:00,9.084e-05,7.276666666666667e-05,0.0002183,3
2025-09-09 00:00:00+00:00,9.861e-05,9.020333333333334e-05,0.00027061,3
2025-09-10 00:00:00+00:00,8.112e-05,8.829999999999999e-05,0.0002649,3
2025-09-11 00:00:00+00:00,0.0001,7.210333333333333e-05,0.00021631,3
2025-09-12 00:00:00+00:00,0.0001,0.0001,0.00030000000000000003,3
2025-09-13 00:00:00+00:00,0.0001,9.274333333333334e-05,0.00027823,3
2025-09-14 00:00:00+00:00,0.0001,0.0001,0.00030000000000000003,3
2025-09-15 00:00:00+00:00,0.0001,0.0001,0.00030000000000000003,3
2025-09-16 00:00:00+00:00,3.588e-05,7.862666666666667e-05,0.00023588,3
2025-09-17 00:00:00+00:00,1.994e-05,6.072666666666666e-05,0.00018218,3
2025-09-18 00:00:00+00:00,-1.289e-05,5.504666666666667e-05,0.00016514,3
2025-09-19 00:00:00+00:00,6.204e-05,5.0490000000000006e-05,0.00015147,3
2025-09-20 00:00:00+00:00,0.0001,0.0001,0.00030000000000000003,3
2025-09-21 00:00:00+00:00,0.0001,0.0001,0.00030000000000000003,3
2025-09-22 00:00:00+00:00,-4.552e-05,-7.20333333333333e-06,-2.160999999999999e-05,3
2025-09-23 00:00:00+00:00,5.85e-06,-1.3276666666666668e-05,-3.983e-05,3
2025-09-24 00:00:00+00:00,5.898e-05,7.047333333333334e-05,0.00021142,3
2025-09-25 00:00:00+00:00,-9.97e-06,-5.800666666666666e-05,-0.00017402,3
2025-09-26 00:00:00+00:00,8.128e-05,7.395666666666666e-05,0.00022187,3
2025-09-27 00:00:00+00:00,2.664e-05,2.943333333333333e-06,8.829999999999998e-06,3
2025-09-28 00:00:00+00:00,-2.78e-05,2.4993333333333333e-05,7.498e-05,3
2025-09-29 00:00:00+00:00,5.443e-05,3.332333333333333e-05,9.996999999999999e-05,3
2025-09-30 00:00:00+00:00,-6.511e-05,-2.202e-05,-6.606e-05,3
2025-10-01 00:00:00+00:00,0.0001,0.0001,0.00030000000000000003,3
2025-10-02 00:00:00+00:00,0.0001,8.574666666666667e-05,0.00025724,3
2025-10-03 00:00:00+00:00,7.483e-05,4.496333333333334e-05,0.00013489,3
2025-10-04 00:00:00+00:00,0.0001,8.713e-05,0.00026139,3
2025-10-05 00:00:00+00:00,9.663e-05,9.887666666666666e-05,0.00029663,3
2025-10-06 00:00:00+00:00,0.0001,8.905000000000001e-05,0.00026715,3
2025-10-07 00:00:00+00:00,0.0001,0.0001,0.00030000000000000003,3
2025-10-08 00:00:00+00:00,6.077e-05,8.399333333333334e-05,0.00025198,3
2025-10-09 00:00:00+00:00,1.222e-05,7.074e-05,0.00021222,3
2025-10-10 00:00:00+00:00,5.397e-05,8.465666666666667e-05,0.00025397,3
2025-10-11 00:00:00+00:00,-3.695e-05,-0.00046227333333333334,-0.00138682,3
2025-10-12 00:00:00+00:00,-4.459e-05,-5.122000000000001e-05,-0.00015366000000000002,3
2025-10-13 00:00:00+00:00,1.677e-05,3.396e-05,0.00010188000000000001,3
2025-10-14 00:00:00+00:00,-1.694e-05,5.353333333333334e-06,1.6060000000000002e-05,3
2025-10-15 00:00:00+00:00,-1.645e-05,3.624e-05,0.00010872,3
2025-10-16 00:00:00+00:00,-3.789e-05,-2.9363333333333334e-05,-8.809e-05,3
2025-10-17 00:00:00+00:00,2.03e-05,2.8976666666666666e-05,8.693e-05,3
2025-10-18 00:00:00+00:00,2.434e-05,2.3613333333333337e-05,7.084e-05,3
2025-10-19 00:00:00+00:00,0.0001,5.7753333333333335e-05,0.00017326,3
2025-10-20 00:00:00+00:00,4.876e-05,7.634e-05,0.00022902000000000003,3
2025-10-21 00:00:00+00:00,0.0001,5.912666666666667e-05,0.00017738,3
2025-10-22 00:00:00+00:00,-2.394e-05,-4.7539999999999995e-05,-0.00014261999999999999,3
2025-10-23 00:00:00+00:00,5.438e-05,4.4416666666666664e-05,0.00013324999999999999,3
2025-10-24 00:00:00+00:00,8.238e-05,5.5763333333333335e-05,0.00016729,3
2025-10-25 00:00:00+00:00,0.0001,9.201000000000001e-05,0.00027603,3
2025-10-26 00:00:00+00:00,0.0001,0.0001,0.00030000000000000003,3
2025-10-27 00:00:00+00:00,7.82e-05,9.273333333333334e-05,0.00027820000000000004,3
2025-10-28 00:00:00+00:00,2.995e-05,7.139999999999999e-06,2.1419999999999998e-05,3
2025-10-29 00:00:00+00:00,2.57e-06,-1.3306666666666667e-05,-3.9920000000000004e-05,3
2025-10-30 00:00:00+00:00,-7.246e-05,-1.7563333333333332e-05,-5.268999999999999e-05,3
2025-10-31 00:00:00+00:00,-5.32e-06,-1.6236666666666667e-05,-4.871e-05,3
2025-11-01 00:00:00+00:00,7.532e-05,4.6700000000000036e-06,1.401000000000001e-05,3
2025-11-02 00:00:00+00:00,-7.398e-05,6.946666666666666e-06,2.0839999999999997e-05,3
2025-11-03 00:00:00+00:00,-6.695e-05,-5.284999999999999e-05,-0.00015854999999999998,3
2025-11-04 00:00:00+00:00,3.727e-05,-9.56666666666666e-07,-2.869999999999998e-06,3
2025-11-05 00:00:00+00:00,-5.307e-05,-9.693333333333333e-06,-2.908e-05,3
2025-11-06 00:00:00+00:00,-1.654e-05,-2.631e-05,-7.893e-05,3
2025-11-07 00:00:00+00:00,2.479e-05,9.153333333333336e-06,2.7460000000000008e-05,3
2025-11-08 00:00:00+00:00,3.396e-05,3.665333333333334e-05,0.00010996000000000001,3
2025-11-09 00:00:00+00:00,6.747e-05,2.289666666666667e-05,6.869000000000001e-05,3
2025-11-10 00:00:00+00:00,2.858e-05,4.207666666666667e-05,0.00012623000000000002,3
2025-11-11 00:00:00+00:00,3.623e-05,-3.853333333333333e-06,-1.1559999999999998e-05,3
2025-11-12 00:00:00+00:00,0.0001,1.7403333333333333e-05,5.221e-05,3
2025-11-13 00:00:00+00:00,8.96e-06,-1.2503333333333333e-05,-3.751e-05,3
2025-11-14 00:00:00+00:00,8.596e-05,-2.9729999999999998e-05,-8.918999999999999e-05,3
2025-11-15 00:00:00+00:00,0.0001,7.171e-05,0.00021513,3
2025-11-16 00:00:00+00:00,1.686e-05,3.280333333333333e-05,9.841e-05,3
2025-11-17 00:00:00+00:00,3.072e-05,6.663e-05,0.00019989,3
2025-11-18 00:00:00+00:00,0.0001,5.403666666666667e-05,0.00016211,3
2025-11-19 00:00:00+00:00,4.484e-05,4.092e-05,0.00012276,3
2025-11-20 00:00:00+00:00,0.0001,8.593333333333333e-05,0.0002578,3
2025-11-21 00:00:00+00:00,7.873e-05,5.225333333333333e-05,0.00015675999999999998,3
2025-11-22 00:00:00+00:00,4.122e-05,4.686666666666667e-05,0.0001406,3
2025-11-23 00:00:00+00:00,3.885e-05,5.601666666666666e-05,0.00016805,3
2025-11-24 00:00:00+00:00,4.9e-05,3.631333333333333e-05,0.00010894,3
2025-11-25 00:00:00+00:00,2.602e-05,3.968e-05,0.00011904,3
2025-11-26 00:00:00+00:00,2.405e-05,3.2693333333333334e-05,9.808e-05,3
2025-11-27 00:00:00+00:00,-2.334e-05,1.9936666666666665e-05,5.981e-05,3
2025-11-28 00:00:00+00:00,2.45e-06,3.015e-05,9.045e-05,3
2025-11-29 00:00:00+00:00,-2.13e-06,-3.506666666666667e-05,-0.0001052,3
2025-11-30 00:00:00+00:00,2.324e-05,4.135e-05,0.00012405,3
2025-12-01 00:00:00+00:00,-6.701e-05,-2.3713333333333332e-05,-7.114e-05,3
2025-12-02 00:00:00+00:00,4.708e-05,3.3056666666666665e-05,9.917e-05,3
2025-12-03 00:00:00+00:00,0.0001,5.7593333333333336e-05,0.00017278,3
2025-12-04 00:00:00+00:00,3.94e-06,3.658333333333333e-05,0.00010975,3
2025-12-05 00:00:00+00:00,1.6e-06,1.175e-05,3.5249999999999996e-05,3
2025-12-06 00:00:00+00:00,-3.967e-05,-2.5126666666666668e-05,-7.538e-05,3
2025-12-07 00:00:00+00:00,2.197e-05,1.0933333333333333e-05,3.28e-05,3
2025-12-08 00:00:00+00:00,5.471e-05,6.643333333333333e-05,0.0001993,3
2025-12-09 00:00:00+00:00,1.867e-05,4.087e-05,0.00012261,3
2025-12-10 00:00:00+00:00,1.899e-05,1.6726666666666667e-05,5.018e-05,3
2025-12-11 00:00:00+00:00,-4.132e-05,-3.786e-05,-0.00011358000000000001,3
2025-12-12 00:00:00+00:00,-5.72e-06,4.1263333333333335e-05,0.00012379,3
2025-12-13 00:00:00+00:00,-1.948e-05,-2.7893333333333333e-05,-8.368e-05,3
2025-12-14 00:00:00+00:00,-1.697e-05,-1.5166666666666665e-05,-4.5499999999999995e-05,3
2025-12-15 00:00:00+00:00,4.079e-05,2.162e-05,6.486e-05,3
2025-12-16 00:00:00+00:00,1.078e-05,-1.4560000000000001e-05,-4.368e-05,3
2025-12-17 00:00:00+00:00,4.129e-05,3.7166666666666664e-05,0.0001115,3
2025-12-18 00:00:00+00:00,5.829e-05,-8.923333333333331e-06,-2.6769999999999996e-05,3
2025-12-19 00:00:00+00:00,3.082e-05,-1.2366666666666678e-06,-3.7100000000000034e-06,3
2025-12-20 00:00:00+00:00,-2.581e-05,-2.5666666666666657e-06,-7.699999999999997e-06,3
2025-12-21 00:00:00+00:00,-4.839e-05,-3.5426666666666664e-05,-0.00010627999999999999,3
2025-12-22 00:00:00+00:00,-1.029e-05,2.6633333333333335e-05,7.99e-05,3
2025-12-23 00:00:00+00:00,-3.619e-05,-5.560333333333334e-05,-0.00016681,3
2025-12-24 00:00:00+00:00,3.261e-05,-1.2446666666666666e-05,-3.734e-05,3
2025-12-25 00:00:00+00:00,4.526e-05,7.283666666666666e-05,0.00021851,3
2025-12-26 00:00:00+00:00,3.605e-05,4.055e-05,0.00012165,3
2025-12-27 00:00:00+00:00,9.531e-05,5.099666666666666e-05,0.00015298999999999998,3
2025-12-28 00:00:00+00:00,3.472e-05,5.542333333333333e-05,0.00016627,3
2025-12-29 00:00:00+00:00,-6.46e-05,2.0373333333333334e-05,6.112e-05,3
2025-12-30 00:00:00+00:00,0.0001,4.455e-05,0.00013365,3
2025-12-31 00:00:00+00:00,8.619e-05,4.316666666666667e-05,0.0001295,3
2026-01-01 00:00:00+00:00,0.0001,0.0001,0.00030000000000000003,3
2026-01-02 00:00:00+00:00,2.836e-05,5.371333333333333e-05,0.00016114,3
2026-01-03 00:00:00+00:00,-1.138e-05,7.456666666666666e-06,2.2369999999999998e-05,3
2026-01-04 00:00:00+00:00,6.315e-05,3.807e-05,0.00011421,3
2026-01-05 00:00:00+00:00,3.014e-05,1.0639999999999998e-05,3.191999999999999e-05,3
2026-01-06 00:00:00+00:00,4.13e-05,5.877666666666666e-05,0.00017633,3
2026-01-07 00:00:00+00:00,1.114e-05,3.657666666666667e-05,0.00010973000000000001,3
2026-01-08 00:00:00+00:00,-2.669e-05,-5.245e-05,-0.00015735,3
2026-01-09 00:00:00+00:00,-3.501e-05,3.206666666666667e-05,9.620000000000001e-05,3
2026-01-10 00:00:00+00:00,7.386e-05,6.540666666666666e-05,0.00019622,3
2026-01-11 00:00:00+00:00,0.0001,8.279333333333333e-05,0.00024838,3
2026-01-12 00:00:00+00:00,-4.19e-06,4.875e-05,0.00014625,3
2026-01-13 00:00:00+00:00,7.064e-05,2.8423333333333333e-05,8.527e-05,3
2026-01-14 00:00:00+00:00,0.0001,9.484e-05,0.00028452,3
2026-01-15 00:00:00+00:00,1.778e-05,3.372e-05,0.00010116,3
2026-01-16 00:00:00+00:00,5.736e-05,6.520666666666667e-05,0.00019562,3
2026-01-17 00:00:00+00:00,2.556e-05,2.8216666666666667e-05,8.465e-05,3
2026-01-18 00:00:00+00:00,5.745e-05,4.018333333333333e-05,0.00012055,3
2026-01-19 00:00:00+00:00,-3.67e-06,-8.330000000000002e-06,-2.4990000000000006e-05,3
2026-01-20 00:00:00+00:00,-2.464e-05,-1.3586666666666665e-05,-4.0759999999999996e-05,3
2026-01-21 00:00:00+00:00,4.487e-05,3.764333333333333e-05,0.00011293,3
2026-01-22 00:00:00+00:00,1.947e-05,6.906666666666666e-05,0.0002072,3
2026-01-23 00:00:00+00:00,2.881e-05,1.7686666666666664e-05,5.306e-05,3
2026-01-24 00:00:00+00:00,-1.68e-06,8.376666666666667e-06,2.513e-05,3
2026-01-25 00:00:00+00:00,3.497e-05,1.8556666666666668e-05,5.567e-05,3
2026-01-26 00:00:00+00:00,6.56e-05,2.6676666666666665e-05,8.002999999999999e-05,3
2026-01-27 00:00:00+00:00,6.87e-06,5.281333333333334e-05,0.00015844,3
2026-01-28 00:00:00+00:00,6.269e-05,6.114666666666667e-05,0.00018344,3
2026-01-29 00:00:00+00:00,-4.5e-06,3.508e-05,0.00010524,3
2026-01-30 00:00:00+00:00,-6.342e-05,-4.292e-05,-0.00012876,3
2026-01-31 00:00:00+00:00,-6.175e-05,-4.5283333333333334e-05,-0.00013585,3
2026-02-01 00:00:00+00:00,-6.192e-05,-3.7533333333333335e-05,-0.0001126,3
2026-02-02 00:00:00+00:00,-9.314e-05,-3.5860000000000006e-05,-0.00010758000000000001,3
2026-02-03 00:00:00+00:00,-2.971e-05,-4.4563333333333334e-05,-0.00013369,3
2026-02-04 00:00:00+00:00,5.004e-05,5.7866666666666666e-05,0.0001736,3
2026-02-05 00:00:00+00:00,2.731e-05,7.476000000000001e-05,0.00022428000000000001,3
2026-02-06 00:00:00+00:00,8.689e-05,5.993333333333338e-06,1.7980000000000014e-05,3
2026-02-07 00:00:00+00:00,7.22e-06,4.154333333333333e-05,0.00012463,3
2026-02-08 00:00:00+00:00,-3.533e-05,-3.708e-05,-0.00011124,3
2026-02-09 00:00:00+00:00,2.194e-05,-1.2976666666666669e-05,-3.893000000000001e-05,3
2026-02-10 00:00:00+00:00,-3.588e-05,1.778e-05,5.334e-05,3
2026-02-11 00:00:00+00:00,-8.354e-05,-4.366666666666667e-05,-0.000131,3
2026-02-12 00:00:00+00:00,3.491e-05,3.394333333333334e-05,0.00010183,3
2026-02-13 00:00:00+00:00,0.0001,1.0653333333333334e-05,3.196e-05,3
2026-02-14 00:00:00+00:00,2.366e-05,-6.543333333333331e-06,-1.9629999999999993e-05,3
2026-02-15 00:00:00+00:00,-3.602e-05,3.764333333333333e-05,0.00011293,3
2026-02-16 00:00:00+00:00,6.67e-06,-1.1766666666666665e-05,-3.53e-05,3
2026-02-17 00:00:00+00:00,-5.486e-05,-6.593333333333334e-06,-1.9780000000000004e-05,3
2026-02-18 00:00:00+00:00,-4.352e-05,1.8933333333333334e-05,5.68e-05,3
2026-02-19 00:00:00+00:00,-5.059e-05,-2.1866666666666665e-05,-6.56e-05,3
2026-02-20 00:00:00+00:00,-5.243e-05,-2.7799999999999992e-06,-8.339999999999998e-06,3
2026-02-21 00:00:00+00:00,0.0001,8.134e-05,0.00024402,3
2026-02-22 00:00:00+00:00,-5.581e-05,2.5099999999999993e-06,7.529999999999997e-06,3
2026-02-23 00:00:00+00:00,2.452e-05,-7.687333333333334e-05,-0.00023062,3
2026-02-24 00:00:00+00:00,-1.053e-05,-5.0816666666666664e-05,-0.00015245,3
2026-02-25 00:00:00+00:00,0.0001,6.132666666666667e-05,0.00018398,3
2026-02-26 00:00:00+00:00,8.493e-05,9.497666666666667e-05,0.00028493,3
2026-02-27 00:00:00+00:00,-2.46e-05,1.1899999999999998e-05,3.5699999999999994e-05,3
2026-02-28 00:00:00+00:00,-2.844e-05,-5.649666666666667e-05,-0.00016949,3
2026-03-01 00:00:00+00:00,0.0001,7.789e-05,0.00023367,3
2026-03-02 00:00:00+00:00,2.819e-05,2.034e-05,6.1019999999999995e-05,3
2026-03-03 00:00:00+00:00,-5.368e-05,1.3453333333333336e-05,4.0360000000000007e-05,3
2026-03-04 00:00:00+00:00,0.0001,3.647666666666667e-05,0.00010943,3
2026-03-05 00:00:00+00:00,-2.984e-05,1.666666666666662e-07,4.999999999999986e-07,3
2026-03-06 00:00:00+00:00,-6.952e-05,1.527333333333333e-05,4.581999999999999e-05,3
2026-03-07 00:00:00+00:00,4.72e-06,-1.867e-05,-5.6009999999999994e-05,3
2026-03-08 00:00:00+00:00,-6.106e-05,-5.5133333333333336e-05,-0.0001654,3
2026-03-09 00:00:00+00:00,9.217e-05,7.2266666666666604e-06,2.1679999999999982e-05,3
2026-03-10 00:00:00+00:00,7.858e-05,6.0419999999999994e-05,0.00018125999999999998,3
2026-03-11 00:00:00+00:00,0.0001,3.0193333333333335e-05,9.058e-05,3
2026-03-12 00:00:00+00:00,4.451e-05,4.676666666666665e-06,1.4029999999999996e-05,3
2026-03-13 00:00:00+00:00,5.261e-05,4.125e-05,0.00012375,3
2026-03-14 00:00:00+00:00,-5.906e-05,-2.167e-05,-6.501e-05,3
2026-03-15 00:00:00+00:00,8.05e-06,1.594e-05,4.782e-05,3
2026-03-16 00:00:00+00:00,3.692e-05,7.158e-05,0.00021474,3
2026-03-17 00:00:00+00:00,4.974e-05,3.844e-05,0.00011532,3
2026-03-18 00:00:00+00:00,-2.873e-05,-2.9120000000000002e-05,-8.736e-05,3
2026-03-19 00:00:00+00:00,7.02e-06,1.5923333333333334e-05,4.777e-05,3
2026-03-20 00:00:00+00:00,-2.131e-05,5.11e-06,1.533e-05,3
2026-03-21 00:00:00+00:00,7.08e-06,2.2260000000000004e-05,6.678000000000001e-05,3
2026-03-22 00:00:00+00:00,1.084e-05,1.1636666666666668e-05,3.491e-05,3
2026-03-23 00:00:00+00:00,6.478e-05,1.212e-05,3.636e-05,3
2026-03-24 00:00:00+00:00,3.363e-05,2.898e-05,8.694e-05,3
2026-03-25 00:00:00+00:00,5.266e-05,6.041e-05,0.00018123,3
2026-03-26 00:00:00+00:00,-4.332e-05,-9.74e-06,-2.922e-05,3
2026-03-27 00:00:00+00:00,-0.00015665,-5.338000000000001e-05,-0.00016014000000000002,3
2026-03-28 00:00:00+00:00,-7.4e-07,1.598e-05,4.794e-05,3
2026-03-29 00:00:00+00:00,-6.661e-05,-3.2200000000000003e-05,-9.66e-05,3
2026-03-30 00:00:00+00:00,4.563e-05,4.538e-05,0.00013614,3
2026-03-31 00:00:00+00:00,6.342e-05,6.365666666666667e-05,0.00019097,3
2026-04-01 00:00:00+00:00,2.77e-06,5.505e-05,0.00016515,3
2026-04-02 00:00:00+00:00,-5.9e-05,-6.930333333333333e-05,-0.00020791,3
2026-04-03 00:00:00+00:00,-4.974e-05,1.1036666666666667e-05,3.311e-05,3
2026-04-04 00:00:00+00:00,-5.297e-05,-2.0566666666666664e-05,-6.17e-05,3
2026-04-05 00:00:00+00:00,-0.00010322,-5.475e-05,-0.00016425,3
2026-04-06 00:00:00+00:00,5.365e-05,6.474666666666667e-05,0.00019424,3
2026-04-07 00:00:00+00:00,4.32e-06,-5.5786666666666666e-05,-0.00016736,3
2026-04-08 00:00:00+00:00,2.924e-05,7.641333333333334e-05,0.00022924000000000002,3
2026-04-09 00:00:00+00:00,3.657e-05,3.627e-05,0.00010881,3
2026-04-10 00:00:00+00:00,3.563e-05,6.0433333333333336e-05,0.00018130000000000002,3
2026-04-11 00:00:00+00:00,-7.54e-06,3.0300000000000005e-05,9.090000000000001e-05,3
2026-04-12 00:00:00+00:00,-8.203e-05,-1.171e-05,-3.513e-05,3
2026-04-13 00:00:00+00:00,2.299e-05,-1.88e-06,-5.64e-06,3
2026-04-14 00:00:00+00:00,3.96e-05,7.487333333333333e-05,0.00022462,3
2026-04-15 00:00:00+00:00,-5.25e-06,-2.384666666666667e-05,-7.154000000000001e-05,3
2026-04-16 00:00:00+00:00,-6.616e-05,1.1566666666666686e-06,3.4700000000000057e-06,3
2026-04-17 00:00:00+00:00,1.083e-05,7.2e-06,2.16e-05,3
2026-04-18 00:00:00+00:00,-0.00013025,-0.0001350133333333333,-0.00040503999999999996,3
2026-04-19 00:00:00+00:00,-7.638e-05,-9.609333333333334e-05,-0.00028828,3
2026-04-20 00:00:00+00:00,2.374e-05,-1.269e-05,-3.807e-05,3
2026-04-21 00:00:00+00:00,-6.756e-05,-7.690333333333334e-05,-0.00023071000000000002,3
2026-04-22 00:00:00+00:00,8.56e-06,1.8076666666666666e-05,5.4229999999999994e-05,3
2026-04-23 00:00:00+00:00,-5.031e-05,-2.394e-05,-7.182e-05,3
2026-04-24 00:00:00+00:00,-5.208e-05,-4.4233333333333336e-05,-0.0001327,3
2026-04-25 00:00:00+00:00,-2.179e-05,2.17e-05,6.51e-05,3
2026-04-26 00:00:00+00:00,1.56e-05,3.2833333333333334e-06,9.85e-06,3
2026-04-27 00:00:00+00:00,-5.158e-05,-3.511e-05,-0.00010533,3
2026-04-28 00:00:00+00:00,-4.46e-06,-4.9103333333333335e-05,-0.00014731,3
2026-04-29 00:00:00+00:00,-2.069e-05,1.018e-05,3.054e-05,3
2026-04-30 00:00:00+00:00,-1.081e-05,-7.333333333333377e-08,-2.2000000000000128e-07,3
2026-05-01 00:00:00+00:00,-3.742e-05,7.210000000000003e-06,2.1630000000000008e-05,3
2026-05-02 00:00:00+00:00,-4.743e-05,-1.5696666666666665e-05,-4.709e-05,3
2026-05-03 00:00:00+00:00,5.71e-06,9.693333333333334e-06,2.9080000000000003e-05,3
2026-05-04 00:00:00+00:00,-4.032e-05,-1.0746666666666668e-05,-3.224e-05,3
2026-05-05 00:00:00+00:00,9.11e-06,1.5046666666666666e-05,4.514e-05,3
2026-05-06 00:00:00+00:00,-2.97e-05,-2.736e-05,-8.208e-05,3
2026-05-07 00:00:00+00:00,2.77e-06,-4.433333333333326e-07,-1.3299999999999979e-06,3
2026-05-08 00:00:00+00:00,2.74e-06,3.727666666666667e-05,0.00011183,3
2026-05-09 00:00:00+00:00,2.766e-05,5.365e-05,0.00016095,3
2026-05-10 00:00:00+00:00,8.374e-05,6.177666666666667e-05,0.00018533,3
2026-05-11 00:00:00+00:00,-8.6e-07,3.863666666666666e-05,0.00011590999999999999,3
2026-05-12 00:00:00+00:00,-8.61e-06,-8.833333333333334e-06,-2.65e-05,3
2026-05-13 00:00:00+00:00,-3.576e-05,2.2519999999999994e-05,6.755999999999998e-05,3
2026-05-14 00:00:00+00:00,4.135e-05,4.6320000000000004e-05,0.00013896,3
2026-05-15 00:00:00+00:00,3.393e-05,7.663333333333333e-06,2.299e-05,3
2026-05-16 00:00:00+00:00,4.977e-05,4.5453333333333334e-05,0.00013636,3
2026-05-17 00:00:00+00:00,7.246e-05,6.337999999999999e-05,0.00019014,3
2026-05-18 00:00:00+00:00,-2.562e-05,-5.343333333333333e-06,-1.6029999999999997e-05,3
2026-05-19 00:00:00+00:00,5.843e-05,4.8666666666666666e-05,0.000146,3
2026-05-20 00:00:00+00:00,5.126e-05,5.2403333333333334e-05,0.00015721,3
2026-05-21 00:00:00+00:00,5.692e-05,4.397e-05,0.00013191,3
2026-05-22 00:00:00+00:00,7.759e-05,5.349e-05,0.00016047,3
2026-05-23 00:00:00+00:00,6.454e-05,5.0723333333333336e-05,0.00015217,3
2026-05-24 00:00:00+00:00,5.118e-05,5.686e-05,0.00017058,3
2026-05-25 00:00:00+00:00,8.183e-05,6.482666666666666e-05,0.00019447999999999997,3
2026-05-26 00:00:00+00:00,2.548e-05,2.3596666666666664e-05,7.078999999999999e-05,3
2026-05-27 00:00:00+00:00,9.37e-06,-4.14e-06,-1.242e-05,3
2026-05-28 00:00:00+00:00,2.27e-05,-4.1196666666666665e-05,-0.00012359,3
2026-05-29 00:00:00+00:00,7.212e-05,5.851e-05,0.00017553,3
2026-05-30 00:00:00+00:00,6.093e-05,3.4126666666666666e-05,0.00010238,3
2026-05-31 00:00:00+00:00,-1.604e-05,4.975333333333333e-05,0.00014926,3
2026-06-01 00:00:00+00:00,0.0001,6.434e-05,0.00019302,3
2026-06-02 00:00:00+00:00,1.899e-05,4.3110000000000006e-05,0.00012933,3
2026-06-03 00:00:00+00:00,5.729e-05,3.6956666666666665e-05,0.00011087,3
2026-06-04 00:00:00+00:00,5.55e-06,2.5960000000000002e-05,7.788e-05,3
2026-06-05 00:00:00+00:00,-6.866e-05,-5.001333333333333e-05,-0.00015004,3
2026-06-06 00:00:00+00:00,-1.664e-05,-1.475e-05,-4.425e-05,3
2026-06-07 00:00:00+00:00,-9.555e-05,-7.914666666666667e-05,-0.00023744,3
2026-06-08 00:00:00+00:00,-6.42e-06,-4.409666666666667e-05,-0.00013229,3
2026-06-09 00:00:00+00:00,-3.623e-05,-3.9183333333333335e-05,-0.00011755,3
2026-06-10 00:00:00+00:00,1.88e-05,-1.3966666666666673e-06,-4.190000000000002e-06,3
2026-06-11 00:00:00+00:00,3.746e-05,2.6696666666666668e-05,8.009e-05,3
2026-06-12 00:00:00+00:00,3.138e-05,1.2736666666666668e-05,3.821e-05,3
2026-06-13 00:00:00+00:00,4.943e-05,1.9466666666666664e-05,5.8399999999999997e-05,3
2026-06-14 00:00:00+00:00,7e-07,8.266666666666667e-07,2.48e-06,3
2026-06-15 00:00:00+00:00,1.47e-06,2.4756666666666663e-05,7.426999999999999e-05,3
2026-06-16 00:00:00+00:00,3.072e-05,7.866666666666665e-06,2.3599999999999998e-05,3
2026-06-17 00:00:00+00:00,-5.85e-06,4.7296666666666664e-05,0.00014188999999999998,3
2026-06-18 00:00:00+00:00,-1.353e-05,-1.0126666666666666e-05,-3.0379999999999997e-05,3
2026-06-19 00:00:00+00:00,-1.938e-05,1.2989999999999998e-05,3.8969999999999994e-05,3
2026-06-20 00:00:00+00:00,6.553e-05,4.116333333333333e-05,0.00012349,3
2026-06-21 00:00:00+00:00,-5.91e-06,2.104e-05,6.311999999999999e-05,3
2026-06-22 00:00:00+00:00,5.8e-05,1.7673333333333336e-05,5.3020000000000004e-05,3
2026-06-23 00:00:00+00:00,-5.207e-05,-5.1916666666666664e-05,-0.00015575,3
2026-06-24 00:00:00+00:00,5.98e-06,-1.618e-05,-4.8540000000000006e-05,3
2026-06-25 00:00:00+00:00,-5.806e-05,-7.600000000000017e-07,-2.2800000000000053e-06,3
2026-06-26 00:00:00+00:00,2.916e-05,1.8493333333333335e-05,5.5480000000000004e-05,3
2026-06-27 00:00:00+00:00,-3.171e-05,-9.496666666666667e-06,-2.849e-05,3
2026-06-28 00:00:00+00:00,2.49e-06,-2.843e-05,-8.529e-05,3
2026-06-29 00:00:00+00:00,6.97e-06,3.88e-06,1.164e-05,3
2026-06-30 00:00:00+00:00,6.6e-06,6.76e-06,2.028e-05,3
2026-07-01 00:00:00+00:00,7.063e-05,7.260666666666667e-05,0.00021782,3
2026-07-02 00:00:00+00:00,7.85e-05,7.066333333333333e-05,0.00021199,3
2026-07-03 00:00:00+00:00,7.795e-05,6.187666666666667e-05,0.00018563,3
2026-07-04 00:00:00+00:00,5.822e-05,4.787000000000001e-05,0.00014361000000000002,3
2026-07-05 00:00:00+00:00,3.535e-05,3.0896666666666665e-05,9.269e-05,3
2026-07-06 00:00:00+00:00,4.799e-05,6.063e-05,0.00018189,3
2026-07-07 00:00:00+00:00,3.827e-05,4.368000000000001e-05,0.00013104000000000002,3
2026-07-08 00:00:00+00:00,2.581e-05,-5.426666666666667e-06,-1.628e-05,3
2026-07-09 00:00:00+00:00,1.279e-05,3.108e-05,9.324000000000001e-05,3
2026-07-10 00:00:00+00:00,4.938e-05,5.0826666666666666e-05,0.00015248,3
2026-07-11 00:00:00+00:00,4.533e-05,3.3346666666666664e-05,0.00010004,3
2026-07-12 00:00:00+00:00,6.062e-05,1.246e-05,3.738e-05,3
2026-07-13 00:00:00+00:00,3.082e-05,2.101e-05,6.303e-05,3
2026-07-14 00:00:00+00:00,0.0001,4.5010000000000004e-05,0.00013503,3
2026-07-15 00:00:00+00:00,5.944e-05,5.791666666666667e-05,0.00017375,3
2026-07-16 00:00:00+00:00,4.05e-05,3.59e-05,0.0001077,3
2026-07-17 00:00:00+00:00,3.372e-05,3.0263333333333336e-05,9.079e-05,3
2026-07-18 00:00:00+00:00,2.807e-05,1.656e-05,4.968e-05,3
2026-07-19 00:00:00+00:00,7.528e-05,5.288333333333333e-05,0.00015864999999999998,3
2026-07-20 00:00:00+00:00,5.649e-05,3.735000000000001e-05,0.00011205000000000001,3
2026-07-21 00:00:00+00:00,3.134e-05,5.783e-05,0.00017349,3
2026-07-22 00:00:00+00:00,5.349e-05,2.0696666666666664e-05,6.209e-05,3
2026-07-23 00:00:00+00:00,2.35e-06,-4.2033333333333335e-06,-1.2610000000000001e-05,3
2026-07-24 00:00:00+00:00,1.49e-06,3.1833333333333335e-06,9.55e-06,3
2026-07-25 00:00:00+00:00,6.889e-05,4.4813333333333333e-05,0.00013444,3
2026-07-26 00:00:00+00:00,7.67e-05,4.9793333333333337e-05,0.00014938,3
2026-07-27 00:00:00+00:00,1.043e-05,4.084666666666667e-05,0.00012254,3
2026-07-28 00:00:00+00:00,2.712e-05,4.576666666666667e-06,1.3730000000000002e-05,3
2026-07-29 00:00:00+00:00,2.025e-05,3.597333333333333e-05,0.00010792,3
2026-07-30 00:00:00+00:00,5.778e-05,6.297333333333333e-05,0.00018892,3
2026-07-31 00:00:00+00:00,-7.537e-05,-3.2600000000000014e-06,-9.780000000000005e-06,3
2026-08-01 00:00:00+00:00,4.746e-05,1.0183333333333335e-05,3.0550000000000004e-05,3
2026-08-02 00:00:00+00:00,-1.5e-07,2.7153333333333333e-05,8.146e-05,3
2026-08-03 00:00:00+00:00,4.011e-05,2.2706666666666667e-05,6.812e-05,3
2026-08-04 00:00:00+00:00,3.562e-05,3.000666666666667e-05,9.002000000000001e-05,3
2026-08-05 00:00:00+00:00,1.326e-05,9.903333333333332e-06,2.971e-05,3
2026-08-06 00:00:00+00:00,1.973e-05,3.6983333333333336e-05,0.00011095,3
2026-08-07 00:00:00+00:00,6.138e-05,2.594333333333333e-05,7.782999999999999e-05,3
2026-08-08 00:00:00+00:00,2.978e-05,2.4366666666666665e-06,7.3099999999999995e-06,3
2026-08-09 00:00:00+00:00,5.266e-05,4.906e-05,0.00014718,3
2026-08-10 00:00:00+00:00,3.473e-05,4.593666666666666e-05,0.00013780999999999998,3
2026-08-11 00:00:00+00:00,3.181e-05,1.4779999999999999e-05,4.434e-05,3
2026-08-12 00:00:00+00:00,4.742e-05,6.654666666666666e-05,0.00019964,3
2026-08-13 00:00:00+00:00,4.152e-05,6.411333333333333e-05,0.00019234,3
2026-08-14 00:00:00+00:00,2.58e-05,2.9703333333333334e-05,8.911e-05,3
2026-08-15 00:00:00+00:00,7.122e-05,3.9313333333333335e-05,0.00011794,3
2026-08-16 00:00:00+00:00,5.982e-05,6.224e-05,0.00018672,3
2026-08-17 00:00:00+00:00,7.211e-05,4.9810000000000006e-05,0.00014943,3
2026-08-18 00:00:00+00:00,3.519e-05,3.021e-05,9.063e-05,3
2026-08-19 00:00:00+00:00,0.0001,6.147333333333333e-05,0.00018442,3
2026-08-20 00:00:00+00:00,8.99e-05,9.663333333333333e-05,0.0002899,3
2026-08-21 00:00:00+00:00,0.0001,9.153666666666667e-05,0.00027461,3
2026-08-22 00:00:00+00:00,0.0001,0.0001,0.00030000000000000003,3
2026-08-23 00:00:00+00:00,0.0001,0.0001,0.00030000000000000003,3
2026-08-24 00:00:00+00:00,0.0001,0.0001,0.0001,1
