candle_time,event_time,funding_timestamp,funding_rate
2023-05-03 08:00:00+00:00,2023-05-03 08:00:00+00:00,1683100800000,0.0001
2023-05-03 12:00:00+00:00,2023-05-03 08:00:00+00:00,1683100800000,0.0001
2023-05-03 16:00:00+00:00,2023-05-03 16:00:00+00:00,1683129600000,-0.00458561
2023-05-03 20:00:00+00:00,2023-05-03 16:00:00+00:00,1683129600000,-0.00458561
2023-05-04 00:00:00+00:00,2023-05-04 00:00:00+00:00,1683158400000,-0.00561466
2023-05-04 04:00:00+00:00,2023-05-04 00:00:00+00:00,1683158400000,-0.00561466
2023-05-04 08:00:00+00:00,2023-05-04 08:00:00+00:00,1683187200000,-0.0101198
2023-05-04 12:00:00+00:00,2023-05-04 08:00:00+00:00,1683187200000,-0.0101198
2023-05-04 16:00:00+00:00,2023-05-04 16:00:00+00:00,1683216000000,-0.00577851
2023-05-04 20:00:00+00:00,2023-05-04 16:00:00+00:00,1683216000000,-0.00577851
2023-05-05 00:00:00+00:00,2023-05-05 00:00:00+00:00,1683244800000,-0.00735821
2023-05-05 04:00:00+00:00,2023-05-05 00:00:00+00:00,1683244800000,-0.00735821
2023-05-05 08:00:00+00:00,2023-05-05 08:00:00+00:00,1683273600000,-0.00155991
2023-05-05 12:00:00+00:00,2023-05-05 08:00:00+00:00,1683273600000,-0.00155991
2023-05-05 16:00:00+00:00,2023-05-05 16:00:00+00:00,1683302400000,-0.0100344
2023-05-05 20:00:00+00:00,2023-05-05 16:00:00+00:00,1683302400000,-0.0100344
2023-05-06 00:00:00+00:00,2023-05-06 00:00:00+00:00,1683331200000,0.0001
2023-05-06 04:00:00+00:00,2023-05-06 00:00:00+00:00,1683331200000,0.0001
2023-05-06 08:00:00+00:00,2023-05-06 08:00:00+00:00,1683360000000,0.0001
2023-05-06 12:00:00+00:00,2023-05-06 08:00:00+00:00,1683360000000,0.0001
2023-05-06 16:00:00+00:00,2023-05-06 16:00:00+00:00,1683388800000,0.0001
2023-05-06 20:00:00+00:00,2023-05-06 16:00:00+00:00,1683388800000,0.0001
2023-05-07 00:00:00+00:00,2023-05-07 00:00:00+00:00,1683417600000,0.0001
2023-05-07 04:00:00+00:00,2023-05-07 00:00:00+00:00,1683417600000,0.0001
2023-05-07 08:00:00+00:00,2023-05-07 08:00:00+00:00,1683446400000,0.0001
2023-05-07 12:00:00+00:00,2023-05-07 08:00:00+00:00,1683446400000,0.0001
2023-05-07 16:00:00+00:00,2023-05-07 16:00:00+00:00,1683475200000,0.0001
2023-05-07 20:00:00+00:00,2023-05-07 16:00:00+00:00,1683475200000,0.0001
2023-05-08 00:00:00+00:00,2023-05-08 00:00:00+00:00,1683504000000,0.0001
2023-05-08 04:00:00+00:00,2023-05-08 00:00:00+00:00,1683504000000,0.0001
2023-05-08 08:00:00+00:00,2023-05-08 08:00:00+00:00,1683532800000,0.0001
2023-05-08 12:00:00+00:00,2023-05-08 08:00:00+00:00,1683532800000,0.0001
2023-05-08 16:00:00+00:00,2023-05-08 16:00:00+00:00,1683561600000,0.00028487
2023-05-08 20:00:00+00:00,2023-05-08 16:00:00+00:00,1683561600000,0.00028487
2023-05-09 00:00:00+00:00,2023-05-09 00:00:00+00:00,1683590400000,0.00015305
2023-05-09 04:00:00+00:00,2023-05-09 00:00:00+00:00,1683590400000,0.00015305
2023-05-09 08:00:00+00:00,2023-05-09 08:00:00+00:00,1683619200000,0.0001
2023-05-09 12:00:00+00:00,2023-05-09 08:00:00+00:00,1683619200000,0.0001
2023-05-09 16:00:00+00:00,2023-05-09 16:00:00+00:00,1683648000000,0.0001
2023-05-09 20:00:00+00:00,2023-05-09 16:00:00+00:00,1683648000000,0.0001
2023-05-10 00:00:00+00:00,2023-05-10 00:00:00+00:00,1683676800000,0.0001
2023-05-10 04:00:00+00:00,2023-05-10 00:00:00+00:00,1683676800000,0.0001
2023-05-10 08:00:00+00:00,2023-05-10 08:00:00+00:00,1683705600000,0.0001
2023-05-10 12:00:00+00:00,2023-05-10 08:00:00+00:00,1683705600000,0.0001
2023-05-10 16:00:00+00:00,2023-05-10 16:00:00+00:00,1683734400000,0.0001
2023-05-10 20:00:00+00:00,2023-05-10 16:00:00+00:00,1683734400000,0.0001
2023-05-11 00:00:00+00:00,2023-05-11 00:00:00+00:00,1683763200000,0.0001
2023-05-11 04:00:00+00:00,2023-05-11 00:00:00+00:00,1683763200000,0.0001
2023-05-11 08:00:00+00:00,2023-05-11 08:00:00+00:00,1683792000000,0.0001
2023-05-11 12:00:00+00:00,2023-05-11 08:00:00+00:00,1683792000000,0.0001
2023-05-11 16:00:00+00:00,2023-05-11 16:00:00+00:00,1683820800000,0.0001
2023-05-11 20:00:00+00:00,2023-05-11 16:00:00+00:00,1683820800000,0.0001
2023-05-12 00:00:00+00:00,2023-05-12 00:00:00+00:00,1683849600000,0.0001
2023-05-12 04:00:00+00:00,2023-05-12 00:00:00+00:00,1683849600000,0.0001
2023-05-12 08:00:00+00:00,2023-05-12 08:00:00+00:00,1683878400000,0.0001
2023-05-12 12:00:00+00:00,2023-05-12 08:00:00+00:00,1683878400000,0.0001
2023-05-12 16:00:00+00:00,2023-05-12 16:00:00+00:00,1683907200000,0.0001
2023-05-12 20:00:00+00:00,2023-05-12 16:00:00+00:00,1683907200000,0.0001
2023-05-13 00:00:00+00:00,2023-05-13 00:00:00+00:00,1683936000000,-0.0006199
2023-05-13 04:00:00+00:00,2023-05-13 00:00:00+00:00,1683936000000,-0.0006199
2023-05-13 08:00:00+00:00,2023-05-13 08:00:00+00:00,1683964800000,-9.793e-05
2023-05-13 12:00:00+00:00,2023-05-13 08:00:00+00:00,1683964800000,-9.793e-05
2023-05-13 16:00:00+00:00,2023-05-13 16:00:00+00:00,1683993600000,-0.00174227
2023-05-13 20:00:00+00:00,2023-05-13 16:00:00+00:00,1683993600000,-0.00174227
2023-05-14 00:00:00+00:00,2023-05-14 00:00:00+00:00,1684022400000,-0.00095263
2023-05-14 04:00:00+00:00,2023-05-14 00:00:00+00:00,1684022400000,-0.00095263
2023-05-14 08:00:00+00:00,2023-05-14 08:00:00+00:00,1684051200000,-0.00143277
2023-05-14 12:00:00+00:00,2023-05-14 08:00:00+00:00,1684051200000,-0.00143277
2023-05-14 16:00:00+00:00,2023-05-14 16:00:00+00:00,1684080000000,-0.00079453
2023-05-14 20:00:00+00:00,2023-05-14 16:00:00+00:00,1684080000000,-0.00079453
2023-05-15 00:00:00+00:00,2023-05-15 00:00:00+00:00,1684108800000,-0.00042714
2023-05-15 04:00:00+00:00,2023-05-15 00:00:00+00:00,1684108800000,-0.00042714
2023-05-15 08:00:00+00:00,2023-05-15 08:00:00+00:00,1684137600000,-0.00020323
2023-05-15 12:00:00+00:00,2023-05-15 08:00:00+00:00,1684137600000,-0.00020323
2023-05-15 16:00:00+00:00,2023-05-15 16:00:00+00:00,1684166400000,-0.00016951
2023-05-15 20:00:00+00:00,2023-05-15 16:00:00+00:00,1684166400000,-0.00016951
2023-05-16 00:00:00+00:00,2023-05-16 00:00:00+00:00,1684195200000,3.53e-06
2023-05-16 04:00:00+00:00,2023-05-16 00:00:00+00:00,1684195200000,3.53e-06
2023-05-16 08:00:00+00:00,2023-05-16 08:00:00+00:00,1684224000000,-0.00024536
2023-05-16 12:00:00+00:00,2023-05-16 08:00:00+00:00,1684224000000,-0.00024536
2023-05-16 16:00:00+00:00,2023-05-16 16:00:00+00:00,1684252800000,-0.00017336
2023-05-16 20:00:00+00:00,2023-05-16 16:00:00+00:00,1684252800000,-0.00017336
2023-05-17 00:00:00+00:00,2023-05-17 00:00:00+00:00,1684281600000,-0.00024059
2023-05-17 04:00:00+00:00,2023-05-17 00:00:00+00:00,1684281600000,-0.00024059
2023-05-17 08:00:00+00:00,2023-05-17 08:00:00+00:00,1684310400000,-0.00020249
2023-05-17 12:00:00+00:00,2023-05-17 08:00:00+00:00,1684310400000,-0.00020249
2023-05-17 16:00:00+00:00,2023-05-17 16:00:00+00:00,1684339200000,4.8e-06
2023-05-17 20:00:00+00:00,2023-05-17 16:00:00+00:00,1684339200000,4.8e-06
2023-05-18 00:00:00+00:00,2023-05-18 00:00:00+00:00,1684368000000,0.0001
2023-05-18 04:00:00+00:00,2023-05-18 00:00:00+00:00,1684368000000,0.0001
2023-05-18 08:00:00+00:00,2023-05-18 08:00:00+00:00,1684396800000,0.0001
2023-05-18 12:00:00+00:00,2023-05-18 08:00:00+00:00,1684396800000,0.0001
2023-05-18 16:00:00+00:00,2023-05-18 16:00:00+00:00,1684425600000,0.0001
2023-05-18 20:00:00+00:00,2023-05-18 16:00:00+00:00,1684425600000,0.0001
2023-05-19 00:00:00+00:00,2023-05-19 00:00:00+00:00,1684454400000,0.0001
2023-05-19 04:00:00+00:00,2023-05-19 00:00:00+00:00,1684454400000,0.0001
2023-05-19 08:00:00+00:00,2023-05-19 08:00:00+00:00,1684483200000,0.0001
2023-05-19 12:00:00+00:00,2023-05-19 08:00:00+00:00,1684483200000,0.0001
2023-05-19 16:00:00+00:00,2023-05-19 16:00:00+00:00,1684512000000,0.0001
2023-05-19 20:00:00+00:00,2023-05-19 16:00:00+00:00,1684512000000,0.0001
2023-05-20 00:00:00+00:00,2023-05-20 00:00:00+00:00,1684540800000,0.0001
2023-05-20 04:00:00+00:00,2023-05-20 00:00:00+00:00,1684540800000,0.0001
2023-05-20 08:00:00+00:00,2023-05-20 08:00:00+00:00,1684569600000,0.0001
2023-05-20 12:00:00+00:00,2023-05-20 08:00:00+00:00,1684569600000,0.0001
2023-05-20 16:00:00+00:00,2023-05-20 16:00:00+00:00,1684598400000,0.0001
2023-05-20 20:00:00+00:00,2023-05-20 16:00:00+00:00,1684598400000,0.0001
2023-05-21 00:00:00+00:00,2023-05-21 00:00:00+00:00,1684627200000,0.0001
2023-05-21 04:00:00+00:00,2023-05-21 00:00:00+00:00,1684627200000,0.0001
2023-05-21 08:00:00+00:00,2023-05-21 08:00:00+00:00,1684656000000,0.0001
2023-05-21 12:00:00+00:00,2023-05-21 08:00:00+00:00,1684656000000,0.0001
2023-05-21 16:00:00+00:00,2023-05-21 16:00:00+00:00,1684684800000,0.0001
2023-05-21 20:00:00+00:00,2023-05-21 16:00:00+00:00,1684684800000,0.0001
2023-05-22 00:00:00+00:00,2023-05-22 00:00:00+00:00,1684713600000,0.0001
2023-05-22 04:00:00+00:00,2023-05-22 00:00:00+00:00,1684713600000,0.0001
2023-05-22 08:00:00+00:00,2023-05-22 08:00:00+00:00,1684742400000,0.0001
2023-05-22 12:00:00+00:00,2023-05-22 08:00:00+00:00,1684742400000,0.0001
2023-05-22 16:00:00+00:00,2023-05-22 16:00:00+00:00,1684771200000,0.0001
2023-05-22 20:00:00+00:00,2023-05-22 16:00:00+00:00,1684771200000,0.0001
2023-05-23 00:00:00+00:00,2023-05-23 00:00:00+00:00,1684800000000,0.0001
2023-05-23 04:00:00+00:00,2023-05-23 00:00:00+00:00,1684800000000,0.0001
2023-05-23 08:00:00+00:00,2023-05-23 08:00:00+00:00,1684828800000,0.0001
2023-05-23 12:00:00+00:00,2023-05-23 08:00:00+00:00,1684828800000,0.0001
2023-05-23 16:00:00+00:00,2023-05-23 16:00:00+00:00,1684857600000,0.0001
2023-05-23 20:00:00+00:00,2023-05-23 16:00:00+00:00,1684857600000,0.0001
2023-05-24 00:00:00+00:00,2023-05-24 00:00:00+00:00,1684886400000,0.0001
2023-05-24 04:00:00+00:00,2023-05-24 00:00:00+00:00,1684886400000,0.0001
2023-05-24 08:00:00+00:00,2023-05-24 08:00:00+00:00,1684915200000,0.0001
2023-05-24 12:00:00+00:00,2023-05-24 08:00:00+00:00,1684915200000,0.0001
2023-05-24 16:00:00+00:00,2023-05-24 16:00:00+00:00,1684944000000,0.0001
2023-05-24 20:00:00+00:00,2023-05-24 16:00:00+00:00,1684944000000,0.0001
2023-05-25 00:00:00+00:00,2023-05-25 00:00:00+00:00,1684972800000,0.0001
2023-05-25 04:00:00+00:00,2023-05-25 00:00:00+00:00,1684972800000,0.0001
2023-05-25 08:00:00+00:00,2023-05-25 08:00:00+00:00,1685001600000,0.0001
2023-05-25 12:00:00+00:00,2023-05-25 08:00:00+00:00,1685001600000,0.0001
2023-05-25 16:00:00+00:00,2023-05-25 16:00:00+00:00,1685030400000,0.0001
2023-05-25 20:00:00+00:00,2023-05-25 16:00:00+00:00,1685030400000,0.0001
2023-05-26 00:00:00+00:00,2023-05-26 00:00:00+00:00,1685059200000,0.0001
2023-05-26 04:00:00+00:00,2023-05-26 00:00:00+00:00,1685059200000,0.0001
2023-05-26 08:00:00+00:00,2023-05-26 08:00:00+00:00,1685088000000,0.0001
2023-05-26 12:00:00+00:00,2023-05-26 08:00:00+00:00,1685088000000,0.0001
2023-05-26 16:00:00+00:00,2023-05-26 16:00:00+00:00,1685116800000,0.0001
2023-05-26 20:00:00+00:00,2023-05-26 16:00:00+00:00,1685116800000,0.0001
2023-05-27 00:00:00+00:00,2023-05-27 00:00:00+00:00,1685145600000,0.0001
2023-05-27 04:00:00+00:00,2023-05-27 00:00:00+00:00,1685145600000,0.0001
2023-05-27 08:00:00+00:00,2023-05-27 08:00:00+00:00,1685174400000,0.0001
2023-05-27 12:00:00+00:00,2023-05-27 08:00:00+00:00,1685174400000,0.0001
2023-05-27 16:00:00+00:00,2023-05-27 16:00:00+00:00,1685203200000,0.0001
2023-05-27 20:00:00+00:00,2023-05-27 16:00:00+00:00,1685203200000,0.0001
2023-05-28 00:00:00+00:00,2023-05-28 00:00:00+00:00,1685232000000,0.0001
2023-05-28 04:00:00+00:00,2023-05-28 00:00:00+00:00,1685232000000,0.0001
2023-05-28 08:00:00+00:00,2023-05-28 08:00:00+00:00,1685260800000,0.0001
2023-05-28 12:00:00+00:00,2023-05-28 08:00:00+00:00,1685260800000,0.0001
2023-05-28 16:00:00+00:00,2023-05-28 16:00:00+00:00,1685289600000,0.0001
2023-05-28 20:00:00+00:00,2023-05-28 16:00:00+00:00,1685289600000,0.0001
2023-05-29 00:00:00+00:00,2023-05-29 00:00:00+00:00,1685318400000,0.0001
2023-05-29 04:00:00+00:00,2023-05-29 00:00:00+00:00,1685318400000,0.0001
2023-05-29 08:00:00+00:00,2023-05-29 08:00:00+00:00,1685347200000,0.0001
2023-05-29 12:00:00+00:00,2023-05-29 08:00:00+00:00,1685347200000,0.0001
2023-05-29 16:00:00+00:00,2023-05-29 16:00:00+00:00,1685376000000,0.0001
2023-05-29 20:00:00+00:00,2023-05-29 16:00:00+00:00,1685376000000,0.0001
2023-05-30 00:00:00+00:00,2023-05-30 00:00:00+00:00,1685404800000,0.0001
2023-05-30 04:00:00+00:00,2023-05-30 00:00:00+00:00,1685404800000,0.0001
2023-05-30 08:00:00+00:00,2023-05-30 08:00:00+00:00,1685433600000,0.0001
2023-05-30 12:00:00+00:00,2023-05-30 08:00:00+00:00,1685433600000,0.0001
2023-05-30 16:00:00+00:00,2023-05-30 16:00:00+00:00,1685462400000,0.0001
2023-05-30 20:00:00+00:00,2023-05-30 16:00:00+00:00,1685462400000,0.0001
2023-05-31 00:00:00+00:00,2023-05-31 00:00:00+00:00,1685491200000,0.0001
2023-05-31 04:00:00+00:00,2023-05-31 00:00:00+00:00,1685491200000,0.0001
2023-05-31 08:00:00+00:00,2023-05-31 08:00:00+00:00,1685520000000,0.0001
2023-05-31 12:00:00+00:00,2023-05-31 08:00:00+00:00,1685520000000,0.0001
2023-05-31 16:00:00+00:00,2023-05-31 16:00:00+00:00,1685548800000,0.0001
2023-05-31 20:00:00+00:00,2023-05-31 16:00:00+00:00,1685548800000,0.0001
2023-06-01 00:00:00+00:00,2023-06-01 00:00:00+00:00,1685577600000,0.0001
2023-06-01 04:00:00+00:00,2023-06-01 00:00:00+00:00,1685577600000,0.0001
2023-06-01 08:00:00+00:00,2023-06-01 08:00:00+00:00,1685606400000,0.0001
2023-06-01 12:00:00+00:00,2023-06-01 08:00:00+00:00,1685606400000,0.0001
2023-06-01 16:00:00+00:00,2023-06-01 16:00:00+00:00,1685635200000,0.0001
2023-06-01 20:00:00+00:00,2023-06-01 16:00:00+00:00,1685635200000,0.0001
2023-06-02 00:00:00+00:00,2023-06-02 00:00:00+00:00,1685664000000,0.0001
2023-06-02 04:00:00+00:00,2023-06-02 00:00:00+00:00,1685664000000,0.0001
2023-06-02 08:00:00+00:00,2023-06-02 08:00:00+00:00,1685692800000,0.0001
2023-06-02 12:00:00+00:00,2023-06-02 08:00:00+00:00,1685692800000,0.0001
2023-06-02 16:00:00+00:00,2023-06-02 16:00:00+00:00,1685721600000,0.0001
2023-06-02 20:00:00+00:00,2023-06-02 16:00:00+00:00,1685721600000,0.0001
2023-06-03 00:00:00+00:00,2023-06-03 00:00:00+00:00,1685750400000,0.0001
2023-06-03 04:00:00+00:00,2023-06-03 00:00:00+00:00,1685750400000,0.0001
2023-06-03 08:00:00+00:00,2023-06-03 08:00:00+00:00,1685779200000,0.0001
2023-06-03 12:00:00+00:00,2023-06-03 08:00:00+00:00,1685779200000,0.0001
2023-06-03 16:00:00+00:00,2023-06-03 16:00:00+00:00,1685808000000,0.0001
2023-06-03 20:00:00+00:00,2023-06-03 16:00:00+00:00,1685808000000,0.0001
2023-06-04 00:00:00+00:00,2023-06-04 00:00:00+00:00,1685836800000,0.0001
2023-06-04 04:00:00+00:00,2023-06-04 00:00:00+00:00,1685836800000,0.0001
2023-06-04 08:00:00+00:00,2023-06-04 08:00:00+00:00,1685865600000,0.0001
2023-06-04 12:00:00+00:00,2023-06-04 08:00:00+00:00,1685865600000,0.0001
2023-06-04 16:00:00+00:00,2023-06-04 16:00:00+00:00,1685894400000,0.0001
2023-06-04 20:00:00+00:00,2023-06-04 16:00:00+00:00,1685894400000,0.0001
2023-06-05 00:00:00+00:00,2023-06-05 00:00:00+00:00,1685923200000,0.0001
2023-06-05 04:00:00+00:00,2023-06-05 00:00:00+00:00,1685923200000,0.0001
2023-06-05 08:00:00+00:00,2023-06-05 08:00:00+00:00,1685952000000,0.0001
2023-06-05 12:00:00+00:00,2023-06-05 08:00:00+00:00,1685952000000,0.0001
2023-06-05 16:00:00+00:00,2023-06-05 16:00:00+00:00,1685980800000,0.0001
2023-06-05 20:00:00+00:00,2023-06-05 16:00:00+00:00,1685980800000,0.0001
2023-06-06 00:00:00+00:00,2023-06-06 00:00:00+00:00,1686009600000,0.0001
2023-06-06 04:00:00+00:00,2023-06-06 00:00:00+00:00,1686009600000,0.0001
2023-06-06 08:00:00+00:00,2023-06-06 08:00:00+00:00,1686038400000,0.0001
2023-06-06 12:00:00+00:00,2023-06-06 08:00:00+00:00,1686038400000,0.0001
2023-06-06 16:00:00+00:00,2023-06-06 16:00:00+00:00,1686067200000,8.787e-05
2023-06-06 20:00:00+00:00,2023-06-06 16:00:00+00:00,1686067200000,8.787e-05
2023-06-07 00:00:00+00:00,2023-06-07 00:00:00+00:00,1686096000000,0.0001
2023-06-07 04:00:00+00:00,2023-06-07 00:00:00+00:00,1686096000000,0.0001
2023-06-07 08:00:00+00:00,2023-06-07 08:00:00+00:00,1686124800000,0.0001
2023-06-07 12:00:00+00:00,2023-06-07 08:00:00+00:00,1686124800000,0.0001
2023-06-07 16:00:00+00:00,2023-06-07 16:00:00+00:00,1686153600000,0.0001
2023-06-07 20:00:00+00:00,2023-06-07 16:00:00+00:00,1686153600000,0.0001
2023-06-08 00:00:00+00:00,2023-06-08 00:00:00+00:00,1686182400000,0.0001
2023-06-08 04:00:00+00:00,2023-06-08 00:00:00+00:00,1686182400000,0.0001
2023-06-08 08:00:00+00:00,2023-06-08 08:00:00+00:00,1686211200000,0.0001
2023-06-08 12:00:00+00:00,2023-06-08 08:00:00+00:00,1686211200000,0.0001
2023-06-08 16:00:00+00:00,2023-06-08 16:00:00+00:00,1686240000000,0.0001
2023-06-08 20:00:00+00:00,2023-06-08 16:00:00+00:00,1686240000000,0.0001
2023-06-09 00:00:00+00:00,2023-06-09 00:00:00+00:00,1686268800000,0.0001
2023-06-09 04:00:00+00:00,2023-06-09 00:00:00+00:00,1686268800000,0.0001
2023-06-09 08:00:00+00:00,2023-06-09 08:00:00+00:00,1686297600000,0.0001
2023-06-09 12:00:00+00:00,2023-06-09 08:00:00+00:00,1686297600000,0.0001
2023-06-09 16:00:00+00:00,2023-06-09 16:00:00+00:00,1686326400000,0.0001
2023-06-09 20:00:00+00:00,2023-06-09 16:00:00+00:00,1686326400000,0.0001
2023-06-10 00:00:00+00:00,2023-06-10 00:00:00+00:00,1686355200000,0.0001
2023-06-10 04:00:00+00:00,2023-06-10 00:00:00+00:00,1686355200000,0.0001
2023-06-10 08:00:00+00:00,2023-06-10 08:00:00+00:00,1686384000000,0.0001
2023-06-10 12:00:00+00:00,2023-06-10 08:00:00+00:00,1686384000000,0.0001
2023-06-10 16:00:00+00:00,2023-06-10 16:00:00+00:00,1686412800000,-6.327e-05
2023-06-10 20:00:00+00:00,2023-06-10 16:00:00+00:00,1686412800000,-6.327e-05
2023-06-11 00:00:00+00:00,2023-06-11 00:00:00+00:00,1686441600000,8.372e-05
2023-06-11 04:00:00+00:00,2023-06-11 00:00:00+00:00,1686441600000,8.372e-05
2023-06-11 08:00:00+00:00,2023-06-11 08:00:00+00:00,1686470400000,-4.891e-05
2023-06-11 12:00:00+00:00,2023-06-11 08:00:00+00:00,1686470400000,-4.891e-05
2023-06-11 16:00:00+00:00,2023-06-11 16:00:00+00:00,1686499200000,0.0001
2023-06-11 20:00:00+00:00,2023-06-11 16:00:00+00:00,1686499200000,0.0001
2023-06-12 00:00:00+00:00,2023-06-12 00:00:00+00:00,1686528000000,0.0001
2023-06-12 04:00:00+00:00,2023-06-12 00:00:00+00:00,1686528000000,0.0001
2023-06-12 08:00:00+00:00,2023-06-12 08:00:00+00:00,1686556800000,-3.421e-05
2023-06-12 12:00:00+00:00,2023-06-12 08:00:00+00:00,1686556800000,-3.421e-05
2023-06-12 16:00:00+00:00,2023-06-12 16:00:00+00:00,1686585600000,8.439e-05
2023-06-12 20:00:00+00:00,2023-06-12 16:00:00+00:00,1686585600000,8.439e-05
2023-06-13 00:00:00+00:00,2023-06-13 00:00:00+00:00,1686614400000,0.0001
2023-06-13 04:00:00+00:00,2023-06-13 00:00:00+00:00,1686614400000,0.0001
2023-06-13 08:00:00+00:00,2023-06-13 08:00:00+00:00,1686643200000,0.0001
2023-06-13 12:00:00+00:00,2023-06-13 08:00:00+00:00,1686643200000,0.0001
2023-06-13 16:00:00+00:00,2023-06-13 16:00:00+00:00,1686672000000,0.0001
2023-06-13 20:00:00+00:00,2023-06-13 16:00:00+00:00,1686672000000,0.0001
2023-06-14 00:00:00+00:00,2023-06-14 00:00:00+00:00,1686700800000,0.0001
2023-06-14 04:00:00+00:00,2023-06-14 00:00:00+00:00,1686700800000,0.0001
2023-06-14 08:00:00+00:00,2023-06-14 08:00:00+00:00,1686729600000,0.0001
2023-06-14 12:00:00+00:00,2023-06-14 08:00:00+00:00,1686729600000,0.0001
2023-06-14 16:00:00+00:00,2023-06-14 16:00:00+00:00,1686758400000,0.0001
2023-06-14 20:00:00+00:00,2023-06-14 16:00:00+00:00,1686758400000,0.0001
2023-06-15 00:00:00+00:00,2023-06-15 00:00:00+00:00,1686787200000,0.0001
2023-06-15 04:00:00+00:00,2023-06-15 00:00:00+00:00,1686787200000,0.0001
2023-06-15 08:00:00+00:00,2023-06-15 08:00:00+00:00,1686816000000,0.0001
2023-06-15 12:00:00+00:00,2023-06-15 08:00:00+00:00,1686816000000,0.0001
2023-06-15 16:00:00+00:00,2023-06-15 16:00:00+00:00,1686844800000,3.765e-05
2023-06-15 20:00:00+00:00,2023-06-15 16:00:00+00:00,1686844800000,3.765e-05
2023-06-16 00:00:00+00:00,2023-06-16 00:00:00+00:00,1686873600000,0.0001
2023-06-16 04:00:00+00:00,2023-06-16 00:00:00+00:00,1686873600000,0.0001
2023-06-16 08:00:00+00:00,2023-06-16 08:00:00+00:00,1686902400000,0.0001
2023-06-16 12:00:00+00:00,2023-06-16 08:00:00+00:00,1686902400000,0.0001
2023-06-16 16:00:00+00:00,2023-06-16 16:00:00+00:00,1686931200000,0.0001
2023-06-16 20:00:00+00:00,2023-06-16 16:00:00+00:00,1686931200000,0.0001
2023-06-17 00:00:00+00:00,2023-06-17 00:00:00+00:00,1686960000000,0.0001
2023-06-17 04:00:00+00:00,2023-06-17 00:00:00+00:00,1686960000000,0.0001
2023-06-17 08:00:00+00:00,2023-06-17 08:00:00+00:00,1686988800000,0.0001
2023-06-17 12:00:00+00:00,2023-06-17 08:00:00+00:00,1686988800000,0.0001
2023-06-17 16:00:00+00:00,2023-06-17 16:00:00+00:00,1687017600000,0.0001
2023-06-17 20:00:00+00:00,2023-06-17 16:00:00+00:00,1687017600000,0.0001
2023-06-18 00:00:00+00:00,2023-06-18 00:00:00+00:00,1687046400000,0.0001
2023-06-18 04:00:00+00:00,2023-06-18 00:00:00+00:00,1687046400000,0.0001
2023-06-18 08:00:00+00:00,2023-06-18 08:00:00+00:00,1687075200000,0.0001
2023-06-18 12:00:00+00:00,2023-06-18 08:00:00+00:00,1687075200000,0.0001
2023-06-18 16:00:00+00:00,2023-06-18 16:00:00+00:00,1687104000000,0.0001
2023-06-18 20:00:00+00:00,2023-06-18 16:00:00+00:00,1687104000000,0.0001
2023-06-19 00:00:00+00:00,2023-06-19 00:00:00+00:00,1687132800000,0.0001
2023-06-19 04:00:00+00:00,2023-06-19 00:00:00+00:00,1687132800000,0.0001
2023-06-19 08:00:00+00:00,2023-06-19 08:00:00+00:00,1687161600000,0.0001
2023-06-19 12:00:00+00:00,2023-06-19 08:00:00+00:00,1687161600000,0.0001
2023-06-19 16:00:00+00:00,2023-06-19 16:00:00+00:00,1687190400000,0.0001
2023-06-19 20:00:00+00:00,2023-06-19 16:00:00+00:00,1687190400000,0.0001
2023-06-20 00:00:00+00:00,2023-06-20 00:00:00+00:00,1687219200000,0.0001
2023-06-20 04:00:00+00:00,2023-06-20 00:00:00+00:00,1687219200000,0.0001
2023-06-20 08:00:00+00:00,2023-06-20 08:00:00+00:00,1687248000000,9.42e-05
2023-06-20 12:00:00+00:00,2023-06-20 08:00:00+00:00,1687248000000,9.42e-05
2023-06-20 16:00:00+00:00,2023-06-20 16:00:00+00:00,1687276800000,3.518e-05
2023-06-20 20:00:00+00:00,2023-06-20 16:00:00+00:00,1687276800000,3.518e-05
2023-06-21 00:00:00+00:00,2023-06-21 00:00:00+00:00,1687305600000,0.0001
2023-06-21 04:00:00+00:00,2023-06-21 00:00:00+00:00,1687305600000,0.0001
2023-06-21 08:00:00+00:00,2023-06-21 08:00:00+00:00,1687334400000,0.0001
2023-06-21 12:00:00+00:00,2023-06-21 08:00:00+00:00,1687334400000,0.0001
2023-06-21 16:00:00+00:00,2023-06-21 16:00:00+00:00,1687363200000,0.0001
2023-06-21 20:00:00+00:00,2023-06-21 16:00:00+00:00,1687363200000,0.0001
2023-06-22 00:00:00+00:00,2023-06-22 00:00:00+00:00,1687392000000,0.0001
2023-06-22 04:00:00+00:00,2023-06-22 00:00:00+00:00,1687392000000,0.0001
2023-06-22 08:00:00+00:00,2023-06-22 08:00:00+00:00,1687420800000,0.0001
2023-06-22 12:00:00+00:00,2023-06-22 08:00:00+00:00,1687420800000,0.0001
2023-06-22 16:00:00+00:00,2023-06-22 16:00:00+00:00,1687449600000,0.0001
2023-06-22 20:00:00+00:00,2023-06-22 16:00:00+00:00,1687449600000,0.0001
2023-06-23 00:00:00+00:00,2023-06-23 00:00:00+00:00,1687478400000,7.002e-05
2023-06-23 04:00:00+00:00,2023-06-23 00:00:00+00:00,1687478400000,7.002e-05
2023-06-23 08:00:00+00:00,2023-06-23 08:00:00+00:00,1687507200000,0.0001
2023-06-23 12:00:00+00:00,2023-06-23 08:00:00+00:00,1687507200000,0.0001
2023-06-23 16:00:00+00:00,2023-06-23 16:00:00+00:00,1687536000000,0.0001
2023-06-23 20:00:00+00:00,2023-06-23 16:00:00+00:00,1687536000000,0.0001
2023-06-24 00:00:00+00:00,2023-06-24 00:00:00+00:00,1687564800000,0.0001
2023-06-24 04:00:00+00:00,2023-06-24 00:00:00+00:00,1687564800000,0.0001
2023-06-24 08:00:00+00:00,2023-06-24 08:00:00+00:00,1687593600000,0.0001
2023-06-24 12:00:00+00:00,2023-06-24 08:00:00+00:00,1687593600000,0.0001
2023-06-24 16:00:00+00:00,2023-06-24 16:00:00+00:00,1687622400000,0.0001
2023-06-24 20:00:00+00:00,2023-06-24 16:00:00+00:00,1687622400000,0.0001
2023-06-25 00:00:00+00:00,2023-06-25 00:00:00+00:00,1687651200000,0.0001
2023-06-25 04:00:00+00:00,2023-06-25 00:00:00+00:00,1687651200000,0.0001
2023-06-25 08:00:00+00:00,2023-06-25 08:00:00+00:00,1687680000000,0.0001
2023-06-25 12:00:00+00:00,2023-06-25 08:00:00+00:00,1687680000000,0.0001
2023-06-25 16:00:00+00:00,2023-06-25 16:00:00+00:00,1687708800000,0.0001
2023-06-25 20:00:00+00:00,2023-06-25 16:00:00+00:00,1687708800000,0.0001
2023-06-26 00:00:00+00:00,2023-06-26 00:00:00+00:00,1687737600000,0.0001
2023-06-26 04:00:00+00:00,2023-06-26 00:00:00+00:00,1687737600000,0.0001
2023-06-26 08:00:00+00:00,2023-06-26 08:00:00+00:00,1687766400000,0.0001
2023-06-26 12:00:00+00:00,2023-06-26 08:00:00+00:00,1687766400000,0.0001
2023-06-26 16:00:00+00:00,2023-06-26 16:00:00+00:00,1687795200000,0.0001
2023-06-26 20:00:00+00:00,2023-06-26 16:00:00+00:00,1687795200000,0.0001
2023-06-27 00:00:00+00:00,2023-06-27 00:00:00+00:00,1687824000000,0.0001
2023-06-27 04:00:00+00:00,2023-06-27 00:00:00+00:00,1687824000000,0.0001
2023-06-27 08:00:00+00:00,2023-06-27 08:00:00+00:00,1687852800000,0.0001
2023-06-27 12:00:00+00:00,2023-06-27 08:00:00+00:00,1687852800000,0.0001
2023-06-27 16:00:00+00:00,2023-06-27 16:00:00+00:00,1687881600000,0.0001
2023-06-27 20:00:00+00:00,2023-06-27 16:00:00+00:00,1687881600000,0.0001
2023-06-28 00:00:00+00:00,2023-06-28 00:00:00+00:00,1687910400000,0.0001
2023-06-28 04:00:00+00:00,2023-06-28 00:00:00+00:00,1687910400000,0.0001
2023-06-28 08:00:00+00:00,2023-06-28 08:00:00+00:00,1687939200000,0.0001
2023-06-28 12:00:00+00:00,2023-06-28 08:00:00+00:00,1687939200000,0.0001
2023-06-28 16:00:00+00:00,2023-06-28 16:00:00+00:00,1687968000000,0.0001
2023-06-28 20:00:00+00:00,2023-06-28 16:00:00+00:00,1687968000000,0.0001
2023-06-29 00:00:00+00:00,2023-06-29 00:00:00+00:00,1687996800000,0.0001
2023-06-29 04:00:00+00:00,2023-06-29 00:00:00+00:00,1687996800000,0.0001
2023-06-29 08:00:00+00:00,2023-06-29 08:00:00+00:00,1688025600000,0.0001
2023-06-29 12:00:00+00:00,2023-06-29 08:00:00+00:00,1688025600000,0.0001
2023-06-29 16:00:00+00:00,2023-06-29 16:00:00+00:00,1688054400000,0.0001
2023-06-29 20:00:00+00:00,2023-06-29 16:00:00+00:00,1688054400000,0.0001
2023-06-30 00:00:00+00:00,2023-06-30 00:00:00+00:00,1688083200000,0.0001
2023-06-30 04:00:00+00:00,2023-06-30 00:00:00+00:00,1688083200000,0.0001
2023-06-30 08:00:00+00:00,2023-06-30 08:00:00+00:00,1688112000000,0.0001
2023-06-30 12:00:00+00:00,2023-06-30 08:00:00+00:00,1688112000000,0.0001
2023-06-30 16:00:00+00:00,2023-06-30 16:00:00+00:00,1688140800000,0.0001
2023-06-30 20:00:00+00:00,2023-06-30 16:00:00+00:00,1688140800000,0.0001
2023-07-01 00:00:00+00:00,2023-07-01 00:00:00+00:00,1688169600000,0.0001
2023-07-01 04:00:00+00:00,2023-07-01 00:00:00+00:00,1688169600000,0.0001
2023-07-01 08:00:00+00:00,2023-07-01 08:00:00+00:00,1688198400000,0.0001
2023-07-01 12:00:00+00:00,2023-07-01 08:00:00+00:00,1688198400000,0.0001
2023-07-01 16:00:00+00:00,2023-07-01 16:00:00+00:00,1688227200000,0.0001
2023-07-01 20:00:00+00:00,2023-07-01 16:00:00+00:00,1688227200000,0.0001
2023-07-02 00:00:00+00:00,2023-07-02 00:00:00+00:00,1688256000000,0.0001
2023-07-02 04:00:00+00:00,2023-07-02 00:00:00+00:00,1688256000000,0.0001
2023-07-02 08:00:00+00:00,2023-07-02 08:00:00+00:00,1688284800000,0.0001
2023-07-02 12:00:00+00:00,2023-07-02 08:00:00+00:00,1688284800000,0.0001
2023-07-02 16:00:00+00:00,2023-07-02 16:00:00+00:00,1688313600000,0.0001
2023-07-02 20:00:00+00:00,2023-07-02 16:00:00+00:00,1688313600000,0.0001
2023-07-03 00:00:00+00:00,2023-07-03 00:00:00+00:00,1688342400000,0.0001
2023-07-03 04:00:00+00:00,2023-07-03 00:00:00+00:00,1688342400000,0.0001
2023-07-03 08:00:00+00:00,2023-07-03 08:00:00+00:00,1688371200000,0.0001
2023-07-03 12:00:00+00:00,2023-07-03 08:00:00+00:00,1688371200000,0.0001
2023-07-03 16:00:00+00:00,2023-07-03 16:00:00+00:00,1688400000000,0.0001
2023-07-03 20:00:00+00:00,2023-07-03 16:00:00+00:00,1688400000000,0.0001
2023-07-04 00:00:00+00:00,2023-07-04 00:00:00+00:00,1688428800000,0.0001
2023-07-04 04:00:00+00:00,2023-07-04 00:00:00+00:00,1688428800000,0.0001
2023-07-04 08:00:00+00:00,2023-07-04 08:00:00+00:00,1688457600000,0.0001
2023-07-04 12:00:00+00:00,2023-07-04 08:00:00+00:00,1688457600000,0.0001
2023-07-04 16:00:00+00:00,2023-07-04 16:00:00+00:00,1688486400000,0.0001
2023-07-04 20:00:00+00:00,2023-07-04 16:00:00+00:00,1688486400000,0.0001
2023-07-05 00:00:00+00:00,2023-07-05 00:00:00+00:00,1688515200000,0.0001
2023-07-05 04:00:00+00:00,2023-07-05 00:00:00+00:00,1688515200000,0.0001
2023-07-05 08:00:00+00:00,2023-07-05 08:00:00+00:00,1688544000000,0.0001
2023-07-05 12:00:00+00:00,2023-07-05 08:00:00+00:00,1688544000000,0.0001
2023-07-05 16:00:00+00:00,2023-07-05 16:00:00+00:00,1688572800000,0.0001
2023-07-05 20:00:00+00:00,2023-07-05 16:00:00+00:00,1688572800000,0.0001
2023-07-06 00:00:00+00:00,2023-07-06 00:00:00+00:00,1688601600000,0.0001
2023-07-06 04:00:00+00:00,2023-07-06 00:00:00+00:00,1688601600000,0.0001
2023-07-06 08:00:00+00:00,2023-07-06 08:00:00+00:00,1688630400000,0.0001
2023-07-06 12:00:00+00:00,2023-07-06 08:00:00+00:00,1688630400000,0.0001
2023-07-06 16:00:00+00:00,2023-07-06 16:00:00+00:00,1688659200000,0.0001
2023-07-06 20:00:00+00:00,2023-07-06 16:00:00+00:00,1688659200000,0.0001
2023-07-07 00:00:00+00:00,2023-07-07 00:00:00+00:00,1688688000000,-2.313e-05
2023-07-07 04:00:00+00:00,2023-07-07 00:00:00+00:00,1688688000000,-2.313e-05
2023-07-07 08:00:00+00:00,2023-07-07 08:00:00+00:00,1688716800000,0.0001
2023-07-07 12:00:00+00:00,2023-07-07 08:00:00+00:00,1688716800000,0.0001
2023-07-07 16:00:00+00:00,2023-07-07 16:00:00+00:00,1688745600000,-7.133e-05
2023-07-07 20:00:00+00:00,2023-07-07 16:00:00+00:00,1688745600000,-7.133e-05
2023-07-08 00:00:00+00:00,2023-07-08 00:00:00+00:00,1688774400000,0.0001
2023-07-08 04:00:00+00:00,2023-07-08 00:00:00+00:00,1688774400000,0.0001
2023-07-08 08:00:00+00:00,2023-07-08 08:00:00+00:00,1688803200000,0.0001
2023-07-08 12:00:00+00:00,2023-07-08 08:00:00+00:00,1688803200000,0.0001
2023-07-08 16:00:00+00:00,2023-07-08 16:00:00+00:00,1688832000000,0.0001
2023-07-08 20:00:00+00:00,2023-07-08 16:00:00+00:00,1688832000000,0.0001
2023-07-09 00:00:00+00:00,2023-07-09 00:00:00+00:00,1688860800000,0.0001
2023-07-09 04:00:00+00:00,2023-07-09 00:00:00+00:00,1688860800000,0.0001
2023-07-09 08:00:00+00:00,2023-07-09 08:00:00+00:00,1688889600000,0.0001
2023-07-09 12:00:00+00:00,2023-07-09 08:00:00+00:00,1688889600000,0.0001
2023-07-09 16:00:00+00:00,2023-07-09 16:00:00+00:00,1688918400000,0.0001
2023-07-09 20:00:00+00:00,2023-07-09 16:00:00+00:00,1688918400000,0.0001
2023-07-10 00:00:00+00:00,2023-07-10 00:00:00+00:00,1688947200000,0.0001
2023-07-10 04:00:00+00:00,2023-07-10 00:00:00+00:00,1688947200000,0.0001
2023-07-10 08:00:00+00:00,2023-07-10 08:00:00+00:00,1688976000000,0.0001
2023-07-10 12:00:00+00:00,2023-07-10 08:00:00+00:00,1688976000000,0.0001
2023-07-10 16:00:00+00:00,2023-07-10 16:00:00+00:00,1689004800000,-3.759e-05
2023-07-10 20:00:00+00:00,2023-07-10 16:00:00+00:00,1689004800000,-3.759e-05
2023-07-11 00:00:00+00:00,2023-07-11 00:00:00+00:00,1689033600000,0.0001
2023-07-11 04:00:00+00:00,2023-07-11 00:00:00+00:00,1689033600000,0.0001
2023-07-11 08:00:00+00:00,2023-07-11 08:00:00+00:00,1689062400000,0.0001
2023-07-11 12:00:00+00:00,2023-07-11 08:00:00+00:00,1689062400000,0.0001
2023-07-11 16:00:00+00:00,2023-07-11 16:00:00+00:00,1689091200000,0.0001
2023-07-11 20:00:00+00:00,2023-07-11 16:00:00+00:00,1689091200000,0.0001
2023-07-12 00:00:00+00:00,2023-07-12 00:00:00+00:00,1689120000000,0.0001
2023-07-12 04:00:00+00:00,2023-07-12 00:00:00+00:00,1689120000000,0.0001
2023-07-12 08:00:00+00:00,2023-07-12 08:00:00+00:00,1689148800000,0.0001
2023-07-12 12:00:00+00:00,2023-07-12 08:00:00+00:00,1689148800000,0.0001
2023-07-12 16:00:00+00:00,2023-07-12 16:00:00+00:00,1689177600000,0.0001
2023-07-12 20:00:00+00:00,2023-07-12 16:00:00+00:00,1689177600000,0.0001
2023-07-13 00:00:00+00:00,2023-07-13 00:00:00+00:00,1689206400000,0.0001
2023-07-13 04:00:00+00:00,2023-07-13 00:00:00+00:00,1689206400000,0.0001
2023-07-13 08:00:00+00:00,2023-07-13 08:00:00+00:00,1689235200000,-1.862e-05
2023-07-13 12:00:00+00:00,2023-07-13 08:00:00+00:00,1689235200000,-1.862e-05
2023-07-13 16:00:00+00:00,2023-07-13 16:00:00+00:00,1689264000000,0.0001
2023-07-13 20:00:00+00:00,2023-07-13 16:00:00+00:00,1689264000000,0.0001
2023-07-14 00:00:00+00:00,2023-07-14 00:00:00+00:00,1689292800000,0.00028902
2023-07-14 04:00:00+00:00,2023-07-14 00:00:00+00:00,1689292800000,0.00028902
2023-07-14 08:00:00+00:00,2023-07-14 08:00:00+00:00,1689321600000,0.00074564
2023-07-14 12:00:00+00:00,2023-07-14 08:00:00+00:00,1689321600000,0.00074564
2023-07-14 16:00:00+00:00,2023-07-14 16:00:00+00:00,1689350400000,0.0003951
2023-07-14 20:00:00+00:00,2023-07-14 16:00:00+00:00,1689350400000,0.0003951
2023-07-15 00:00:00+00:00,2023-07-15 00:00:00+00:00,1689379200000,0.0001
2023-07-15 04:00:00+00:00,2023-07-15 00:00:00+00:00,1689379200000,0.0001
2023-07-15 08:00:00+00:00,2023-07-15 08:00:00+00:00,1689408000000,0.0001
2023-07-15 12:00:00+00:00,2023-07-15 08:00:00+00:00,1689408000000,0.0001
2023-07-15 16:00:00+00:00,2023-07-15 16:00:00+00:00,1689436800000,0.0001
2023-07-15 20:00:00+00:00,2023-07-15 16:00:00+00:00,1689436800000,0.0001
2023-07-16 00:00:00+00:00,2023-07-16 00:00:00+00:00,1689465600000,0.0001
2023-07-16 04:00:00+00:00,2023-07-16 00:00:00+00:00,1689465600000,0.0001
2023-07-16 08:00:00+00:00,2023-07-16 08:00:00+00:00,1689494400000,0.0001
2023-07-16 12:00:00+00:00,2023-07-16 08:00:00+00:00,1689494400000,0.0001
2023-07-16 16:00:00+00:00,2023-07-16 16:00:00+00:00,1689523200000,0.0001
2023-07-16 20:00:00+00:00,2023-07-16 16:00:00+00:00,1689523200000,0.0001
2023-07-17 00:00:00+00:00,2023-07-17 00:00:00+00:00,1689552000000,0.0001
2023-07-17 04:00:00+00:00,2023-07-17 00:00:00+00:00,1689552000000,0.0001
2023-07-17 08:00:00+00:00,2023-07-17 08:00:00+00:00,1689580800000,2.175e-05
2023-07-17 12:00:00+00:00,2023-07-17 08:00:00+00:00,1689580800000,2.175e-05
2023-07-17 16:00:00+00:00,2023-07-17 16:00:00+00:00,1689609600000,0.0001
2023-07-17 20:00:00+00:00,2023-07-17 16:00:00+00:00,1689609600000,0.0001
2023-07-18 00:00:00+00:00,2023-07-18 00:00:00+00:00,1689638400000,0.0001
2023-07-18 04:00:00+00:00,2023-07-18 00:00:00+00:00,1689638400000,0.0001
2023-07-18 08:00:00+00:00,2023-07-18 08:00:00+00:00,1689667200000,0.0001
2023-07-18 12:00:00+00:00,2023-07-18 08:00:00+00:00,1689667200000,0.0001
2023-07-18 16:00:00+00:00,2023-07-18 16:00:00+00:00,1689696000000,0.0001
2023-07-18 20:00:00+00:00,2023-07-18 16:00:00+00:00,1689696000000,0.0001
2023-07-19 00:00:00+00:00,2023-07-19 00:00:00+00:00,1689724800000,0.0001
2023-07-19 04:00:00+00:00,2023-07-19 00:00:00+00:00,1689724800000,0.0001
2023-07-19 08:00:00+00:00,2023-07-19 08:00:00+00:00,1689753600000,0.0001
2023-07-19 12:00:00+00:00,2023-07-19 08:00:00+00:00,1689753600000,0.0001
2023-07-19 16:00:00+00:00,2023-07-19 16:00:00+00:00,1689782400000,0.0001
2023-07-19 20:00:00+00:00,2023-07-19 16:00:00+00:00,1689782400000,0.0001
2023-07-20 00:00:00+00:00,2023-07-20 00:00:00+00:00,1689811200000,0.0001
2023-07-20 04:00:00+00:00,2023-07-20 00:00:00+00:00,1689811200000,0.0001
2023-07-20 08:00:00+00:00,2023-07-20 08:00:00+00:00,1689840000000,0.0001
2023-07-20 12:00:00+00:00,2023-07-20 08:00:00+00:00,1689840000000,0.0001
2023-07-20 16:00:00+00:00,2023-07-20 16:00:00+00:00,1689868800000,0.0001
2023-07-20 20:00:00+00:00,2023-07-20 16:00:00+00:00,1689868800000,0.0001
2023-07-21 00:00:00+00:00,2023-07-21 00:00:00+00:00,1689897600000,0.0001
2023-07-21 04:00:00+00:00,2023-07-21 00:00:00+00:00,1689897600000,0.0001
2023-07-21 08:00:00+00:00,2023-07-21 08:00:00+00:00,1689926400000,0.0001
2023-07-21 12:00:00+00:00,2023-07-21 08:00:00+00:00,1689926400000,0.0001
2023-07-21 16:00:00+00:00,2023-07-21 16:00:00+00:00,1689955200000,0.0001
2023-07-21 20:00:00+00:00,2023-07-21 16:00:00+00:00,1689955200000,0.0001
2023-07-22 00:00:00+00:00,2023-07-22 00:00:00+00:00,1689984000000,0.0001
2023-07-22 04:00:00+00:00,2023-07-22 00:00:00+00:00,1689984000000,0.0001
2023-07-22 08:00:00+00:00,2023-07-22 08:00:00+00:00,1690012800000,0.0001
2023-07-22 12:00:00+00:00,2023-07-22 08:00:00+00:00,1690012800000,0.0001
2023-07-22 16:00:00+00:00,2023-07-22 16:00:00+00:00,1690041600000,0.0001
2023-07-22 20:00:00+00:00,2023-07-22 16:00:00+00:00,1690041600000,0.0001
2023-07-23 00:00:00+00:00,2023-07-23 00:00:00+00:00,1690070400000,0.0001
2023-07-23 04:00:00+00:00,2023-07-23 00:00:00+00:00,1690070400000,0.0001
2023-07-23 08:00:00+00:00,2023-07-23 08:00:00+00:00,1690099200000,0.0001
2023-07-23 12:00:00+00:00,2023-07-23 08:00:00+00:00,1690099200000,0.0001
2023-07-23 16:00:00+00:00,2023-07-23 16:00:00+00:00,1690128000000,0.0001
2023-07-23 20:00:00+00:00,2023-07-23 16:00:00+00:00,1690128000000,0.0001
2023-07-24 00:00:00+00:00,2023-07-24 00:00:00+00:00,1690156800000,0.0001
2023-07-24 04:00:00+00:00,2023-07-24 00:00:00+00:00,1690156800000,0.0001
2023-07-24 08:00:00+00:00,2023-07-24 08:00:00+00:00,1690185600000,0.0001
2023-07-24 12:00:00+00:00,2023-07-24 08:00:00+00:00,1690185600000,0.0001
2023-07-24 16:00:00+00:00,2023-07-24 16:00:00+00:00,1690214400000,8.53e-05
2023-07-24 20:00:00+00:00,2023-07-24 16:00:00+00:00,1690214400000,8.53e-05
2023-07-25 00:00:00+00:00,2023-07-25 00:00:00+00:00,1690243200000,-0.00042493
2023-07-25 04:00:00+00:00,2023-07-25 00:00:00+00:00,1690243200000,-0.00042493
2023-07-25 08:00:00+00:00,2023-07-25 08:00:00+00:00,1690272000000,0.0001
2023-07-25 12:00:00+00:00,2023-07-25 08:00:00+00:00,1690272000000,0.0001
2023-07-25 16:00:00+00:00,2023-07-25 16:00:00+00:00,1690300800000,0.0001
2023-07-25 20:00:00+00:00,2023-07-25 16:00:00+00:00,1690300800000,0.0001
2023-07-26 00:00:00+00:00,2023-07-26 00:00:00+00:00,1690329600000,0.0001
2023-07-26 04:00:00+00:00,2023-07-26 00:00:00+00:00,1690329600000,0.0001
2023-07-26 08:00:00+00:00,2023-07-26 08:00:00+00:00,1690358400000,0.0001
2023-07-26 12:00:00+00:00,2023-07-26 08:00:00+00:00,1690358400000,0.0001
2023-07-26 16:00:00+00:00,2023-07-26 16:00:00+00:00,1690387200000,0.0001
2023-07-26 20:00:00+00:00,2023-07-26 16:00:00+00:00,1690387200000,0.0001
2023-07-27 00:00:00+00:00,2023-07-27 00:00:00+00:00,1690416000000,-0.00012365
2023-07-27 04:00:00+00:00,2023-07-27 00:00:00+00:00,1690416000000,-0.00012365
2023-07-27 08:00:00+00:00,2023-07-27 08:00:00+00:00,1690444800000,-0.00021978
2023-07-27 12:00:00+00:00,2023-07-27 08:00:00+00:00,1690444800000,-0.00021978
2023-07-27 16:00:00+00:00,2023-07-27 16:00:00+00:00,1690473600000,0.0001
2023-07-27 20:00:00+00:00,2023-07-27 16:00:00+00:00,1690473600000,0.0001
2023-07-28 00:00:00+00:00,2023-07-28 00:00:00+00:00,1690502400000,7.697e-05
2023-07-28 04:00:00+00:00,2023-07-28 00:00:00+00:00,1690502400000,7.697e-05
2023-07-28 08:00:00+00:00,2023-07-28 08:00:00+00:00,1690531200000,0.0001
2023-07-28 12:00:00+00:00,2023-07-28 08:00:00+00:00,1690531200000,0.0001
2023-07-28 16:00:00+00:00,2023-07-28 16:00:00+00:00,1690560000000,0.0001
2023-07-28 20:00:00+00:00,2023-07-28 16:00:00+00:00,1690560000000,0.0001
2023-07-29 00:00:00+00:00,2023-07-29 00:00:00+00:00,1690588800000,-3.566e-05
2023-07-29 04:00:00+00:00,2023-07-29 00:00:00+00:00,1690588800000,-3.566e-05
2023-07-29 08:00:00+00:00,2023-07-29 08:00:00+00:00,1690617600000,0.0001
2023-07-29 12:00:00+00:00,2023-07-29 08:00:00+00:00,1690617600000,0.0001
2023-07-29 16:00:00+00:00,2023-07-29 16:00:00+00:00,1690646400000,0.0001
2023-07-29 20:00:00+00:00,2023-07-29 16:00:00+00:00,1690646400000,0.0001
2023-07-30 00:00:00+00:00,2023-07-30 00:00:00+00:00,1690675200000,6.011e-05
2023-07-30 04:00:00+00:00,2023-07-30 00:00:00+00:00,1690675200000,6.011e-05
2023-07-30 08:00:00+00:00,2023-07-30 08:00:00+00:00,1690704000000,0.0001
2023-07-30 12:00:00+00:00,2023-07-30 08:00:00+00:00,1690704000000,0.0001
2023-07-30 16:00:00+00:00,2023-07-30 16:00:00+00:00,1690732800000,0.0001
2023-07-30 20:00:00+00:00,2023-07-30 16:00:00+00:00,1690732800000,0.0001
2023-07-31 00:00:00+00:00,2023-07-31 00:00:00+00:00,1690761600000,0.0001
2023-07-31 04:00:00+00:00,2023-07-31 00:00:00+00:00,1690761600000,0.0001
2023-07-31 08:00:00+00:00,2023-07-31 08:00:00+00:00,1690790400000,0.0001
2023-07-31 12:00:00+00:00,2023-07-31 08:00:00+00:00,1690790400000,0.0001
2023-07-31 16:00:00+00:00,2023-07-31 16:00:00+00:00,1690819200000,0.0001
2023-07-31 20:00:00+00:00,2023-07-31 16:00:00+00:00,1690819200000,0.0001
2023-08-01 00:00:00+00:00,2023-08-01 00:00:00+00:00,1690848000000,-4.303e-05
2023-08-01 04:00:00+00:00,2023-08-01 00:00:00+00:00,1690848000000,-4.303e-05
2023-08-01 08:00:00+00:00,2023-08-01 08:00:00+00:00,1690876800000,0.0001
2023-08-01 12:00:00+00:00,2023-08-01 08:00:00+00:00,1690876800000,0.0001
2023-08-01 16:00:00+00:00,2023-08-01 16:00:00+00:00,1690905600000,0.0001
2023-08-01 20:00:00+00:00,2023-08-01 16:00:00+00:00,1690905600000,0.0001
2023-08-02 00:00:00+00:00,2023-08-02 00:00:00+00:00,1690934400000,0.0001
2023-08-02 04:00:00+00:00,2023-08-02 00:00:00+00:00,1690934400000,0.0001
2023-08-02 08:00:00+00:00,2023-08-02 08:00:00+00:00,1690963200000,0.0001
2023-08-02 12:00:00+00:00,2023-08-02 08:00:00+00:00,1690963200000,0.0001
2023-08-02 16:00:00+00:00,2023-08-02 16:00:00+00:00,1690992000000,0.0001
2023-08-02 20:00:00+00:00,2023-08-02 16:00:00+00:00,1690992000000,0.0001
2023-08-03 00:00:00+00:00,2023-08-03 00:00:00+00:00,1691020800000,0.0001
2023-08-03 04:00:00+00:00,2023-08-03 00:00:00+00:00,1691020800000,0.0001
2023-08-03 08:00:00+00:00,2023-08-03 08:00:00+00:00,1691049600000,0.0001
2023-08-03 12:00:00+00:00,2023-08-03 08:00:00+00:00,1691049600000,0.0001
2023-08-03 16:00:00+00:00,2023-08-03 16:00:00+00:00,1691078400000,0.0001
2023-08-03 20:00:00+00:00,2023-08-03 16:00:00+00:00,1691078400000,0.0001
2023-08-04 00:00:00+00:00,2023-08-04 00:00:00+00:00,1691107200000,0.0001
2023-08-04 04:00:00+00:00,2023-08-04 00:00:00+00:00,1691107200000,0.0001
2023-08-04 08:00:00+00:00,2023-08-04 08:00:00+00:00,1691136000000,0.0001
2023-08-04 12:00:00+00:00,2023-08-04 08:00:00+00:00,1691136000000,0.0001
2023-08-04 16:00:00+00:00,2023-08-04 16:00:00+00:00,1691164800000,0.0001
2023-08-04 20:00:00+00:00,2023-08-04 16:00:00+00:00,1691164800000,0.0001
2023-08-05 00:00:00+00:00,2023-08-05 00:00:00+00:00,1691193600000,0.0001
2023-08-05 04:00:00+00:00,2023-08-05 00:00:00+00:00,1691193600000,0.0001
2023-08-05 08:00:00+00:00,2023-08-05 08:00:00+00:00,1691222400000,0.0001
2023-08-05 12:00:00+00:00,2023-08-05 08:00:00+00:00,1691222400000,0.0001
2023-08-05 16:00:00+00:00,2023-08-05 16:00:00+00:00,1691251200000,0.0001
2023-08-05 20:00:00+00:00,2023-08-05 16:00:00+00:00,1691251200000,0.0001
2023-08-06 00:00:00+00:00,2023-08-06 00:00:00+00:00,1691280000000,0.0001
2023-08-06 04:00:00+00:00,2023-08-06 00:00:00+00:00,1691280000000,0.0001
2023-08-06 08:00:00+00:00,2023-08-06 08:00:00+00:00,1691308800000,0.0001
2023-08-06 12:00:00+00:00,2023-08-06 08:00:00+00:00,1691308800000,0.0001
2023-08-06 16:00:00+00:00,2023-08-06 16:00:00+00:00,1691337600000,0.0001
2023-08-06 20:00:00+00:00,2023-08-06 16:00:00+00:00,1691337600000,0.0001
2023-08-07 00:00:00+00:00,2023-08-07 00:00:00+00:00,1691366400000,0.0001
2023-08-07 04:00:00+00:00,2023-08-07 00:00:00+00:00,1691366400000,0.0001
2023-08-07 08:00:00+00:00,2023-08-07 08:00:00+00:00,1691395200000,0.0001
2023-08-07 12:00:00+00:00,2023-08-07 08:00:00+00:00,1691395200000,0.0001
2023-08-07 16:00:00+00:00,2023-08-07 16:00:00+00:00,1691424000000,0.0001
2023-08-07 20:00:00+00:00,2023-08-07 16:00:00+00:00,1691424000000,0.0001
2023-08-08 00:00:00+00:00,2023-08-08 00:00:00+00:00,1691452800000,0.0001
2023-08-08 04:00:00+00:00,2023-08-08 00:00:00+00:00,1691452800000,0.0001
2023-08-08 08:00:00+00:00,2023-08-08 08:00:00+00:00,1691481600000,0.0001
2023-08-08 12:00:00+00:00,2023-08-08 08:00:00+00:00,1691481600000,0.0001
2023-08-08 16:00:00+00:00,2023-08-08 16:00:00+00:00,1691510400000,0.0001
2023-08-08 20:00:00+00:00,2023-08-08 16:00:00+00:00,1691510400000,0.0001
2023-08-09 00:00:00+00:00,2023-08-09 00:00:00+00:00,1691539200000,0.0001
2023-08-09 04:00:00+00:00,2023-08-09 00:00:00+00:00,1691539200000,0.0001
2023-08-09 08:00:00+00:00,2023-08-09 08:00:00+00:00,1691568000000,0.0001
2023-08-09 12:00:00+00:00,2023-08-09 08:00:00+00:00,1691568000000,0.0001
2023-08-09 16:00:00+00:00,2023-08-09 16:00:00+00:00,1691596800000,0.0001
2023-08-09 20:00:00+00:00,2023-08-09 16:00:00+00:00,1691596800000,0.0001
2023-08-10 00:00:00+00:00,2023-08-10 00:00:00+00:00,1691625600000,0.0001
2023-08-10 04:00:00+00:00,2023-08-10 00:00:00+00:00,1691625600000,0.0001
2023-08-10 08:00:00+00:00,2023-08-10 08:00:00+00:00,1691654400000,0.0001
2023-08-10 12:00:00+00:00,2023-08-10 08:00:00+00:00,1691654400000,0.0001
2023-08-10 16:00:00+00:00,2023-08-10 16:00:00+00:00,1691683200000,0.0001
2023-08-10 20:00:00+00:00,2023-08-10 16:00:00+00:00,1691683200000,0.0001
2023-08-11 00:00:00+00:00,2023-08-11 00:00:00+00:00,1691712000000,-5.276e-05
2023-08-11 04:00:00+00:00,2023-08-11 00:00:00+00:00,1691712000000,-5.276e-05
2023-08-11 08:00:00+00:00,2023-08-11 08:00:00+00:00,1691740800000,0.0001
2023-08-11 12:00:00+00:00,2023-08-11 08:00:00+00:00,1691740800000,0.0001
2023-08-11 16:00:00+00:00,2023-08-11 16:00:00+00:00,1691769600000,0.0001
2023-08-11 20:00:00+00:00,2023-08-11 16:00:00+00:00,1691769600000,0.0001
2023-08-12 00:00:00+00:00,2023-08-12 00:00:00+00:00,1691798400000,0.0001
2023-08-12 04:00:00+00:00,2023-08-12 00:00:00+00:00,1691798400000,0.0001
2023-08-12 08:00:00+00:00,2023-08-12 08:00:00+00:00,1691827200000,0.0001
2023-08-12 12:00:00+00:00,2023-08-12 08:00:00+00:00,1691827200000,0.0001
2023-08-12 16:00:00+00:00,2023-08-12 16:00:00+00:00,1691856000000,0.0001
2023-08-12 20:00:00+00:00,2023-08-12 16:00:00+00:00,1691856000000,0.0001
2023-08-13 00:00:00+00:00,2023-08-13 00:00:00+00:00,1691884800000,0.0001
2023-08-13 04:00:00+00:00,2023-08-13 00:00:00+00:00,1691884800000,0.0001
2023-08-13 08:00:00+00:00,2023-08-13 08:00:00+00:00,1691913600000,0.0001
2023-08-13 12:00:00+00:00,2023-08-13 08:00:00+00:00,1691913600000,0.0001
2023-08-13 16:00:00+00:00,2023-08-13 16:00:00+00:00,1691942400000,0.0001
2023-08-13 20:00:00+00:00,2023-08-13 16:00:00+00:00,1691942400000,0.0001
2023-08-14 00:00:00+00:00,2023-08-14 00:00:00+00:00,1691971200000,0.0001
2023-08-14 04:00:00+00:00,2023-08-14 00:00:00+00:00,1691971200000,0.0001
2023-08-14 08:00:00+00:00,2023-08-14 08:00:00+00:00,1692000000000,0.0001
2023-08-14 12:00:00+00:00,2023-08-14 08:00:00+00:00,1692000000000,0.0001
2023-08-14 16:00:00+00:00,2023-08-14 16:00:00+00:00,1692028800000,0.0001
2023-08-14 20:00:00+00:00,2023-08-14 16:00:00+00:00,1692028800000,0.0001
2023-08-15 00:00:00+00:00,2023-08-15 00:00:00+00:00,1692057600000,0.0001
2023-08-15 04:00:00+00:00,2023-08-15 00:00:00+00:00,1692057600000,0.0001
2023-08-15 08:00:00+00:00,2023-08-15 08:00:00+00:00,1692086400000,0.0001
2023-08-15 12:00:00+00:00,2023-08-15 08:00:00+00:00,1692086400000,0.0001
2023-08-15 16:00:00+00:00,2023-08-15 16:00:00+00:00,1692115200000,0.0001
2023-08-15 20:00:00+00:00,2023-08-15 16:00:00+00:00,1692115200000,0.0001
2023-08-16 00:00:00+00:00,2023-08-16 00:00:00+00:00,1692144000000,0.0001
2023-08-16 04:00:00+00:00,2023-08-16 00:00:00+00:00,1692144000000,0.0001
2023-08-16 08:00:00+00:00,2023-08-16 08:00:00+00:00,1692172800000,0.0001
2023-08-16 12:00:00+00:00,2023-08-16 08:00:00+00:00,1692172800000,0.0001
2023-08-16 16:00:00+00:00,2023-08-16 16:00:00+00:00,1692201600000,0.0001
2023-08-16 20:00:00+00:00,2023-08-16 16:00:00+00:00,1692201600000,0.0001
2023-08-17 00:00:00+00:00,2023-08-17 00:00:00+00:00,1692230400000,0.0001
2023-08-17 04:00:00+00:00,2023-08-17 00:00:00+00:00,1692230400000,0.0001
2023-08-17 08:00:00+00:00,2023-08-17 08:00:00+00:00,1692259200000,0.0001
2023-08-17 12:00:00+00:00,2023-08-17 08:00:00+00:00,1692259200000,0.0001
2023-08-17 16:00:00+00:00,2023-08-17 16:00:00+00:00,1692288000000,0.0001
2023-08-17 20:00:00+00:00,2023-08-17 16:00:00+00:00,1692288000000,0.0001
2023-08-18 00:00:00+00:00,2023-08-18 00:00:00+00:00,1692316800000,-4.215e-05
2023-08-18 04:00:00+00:00,2023-08-18 00:00:00+00:00,1692316800000,-4.215e-05
2023-08-18 08:00:00+00:00,2023-08-18 08:00:00+00:00,1692345600000,-0.00036517
2023-08-18 12:00:00+00:00,2023-08-18 08:00:00+00:00,1692345600000,-0.00036517
2023-08-18 16:00:00+00:00,2023-08-18 16:00:00+00:00,1692374400000,0.0001
2023-08-18 20:00:00+00:00,2023-08-18 16:00:00+00:00,1692374400000,0.0001
2023-08-19 00:00:00+00:00,2023-08-19 00:00:00+00:00,1692403200000,-0.00011523
2023-08-19 04:00:00+00:00,2023-08-19 00:00:00+00:00,1692403200000,-0.00011523
2023-08-19 08:00:00+00:00,2023-08-19 08:00:00+00:00,1692432000000,1.924e-05
2023-08-19 12:00:00+00:00,2023-08-19 08:00:00+00:00,1692432000000,1.924e-05
2023-08-19 16:00:00+00:00,2023-08-19 16:00:00+00:00,1692460800000,-4.902e-05
2023-08-19 20:00:00+00:00,2023-08-19 16:00:00+00:00,1692460800000,-4.902e-05
2023-08-20 00:00:00+00:00,2023-08-20 00:00:00+00:00,1692489600000,-0.00030006
2023-08-20 04:00:00+00:00,2023-08-20 00:00:00+00:00,1692489600000,-0.00030006
2023-08-20 08:00:00+00:00,2023-08-20 08:00:00+00:00,1692518400000,3.042e-05
2023-08-20 12:00:00+00:00,2023-08-20 08:00:00+00:00,1692518400000,3.042e-05
2023-08-20 16:00:00+00:00,2023-08-20 16:00:00+00:00,1692547200000,0.0001
2023-08-20 20:00:00+00:00,2023-08-20 16:00:00+00:00,1692547200000,0.0001
2023-08-21 00:00:00+00:00,2023-08-21 00:00:00+00:00,1692576000000,0.0001
2023-08-21 04:00:00+00:00,2023-08-21 00:00:00+00:00,1692576000000,0.0001
2023-08-21 08:00:00+00:00,2023-08-21 08:00:00+00:00,1692604800000,0.0001
2023-08-21 12:00:00+00:00,2023-08-21 08:00:00+00:00,1692604800000,0.0001
2023-08-21 16:00:00+00:00,2023-08-21 16:00:00+00:00,1692633600000,0.0001
2023-08-21 20:00:00+00:00,2023-08-21 16:00:00+00:00,1692633600000,0.0001
2023-08-22 00:00:00+00:00,2023-08-22 00:00:00+00:00,1692662400000,-0.00016487
2023-08-22 04:00:00+00:00,2023-08-22 00:00:00+00:00,1692662400000,-0.00016487
2023-08-22 08:00:00+00:00,2023-08-22 08:00:00+00:00,1692691200000,0.0001
2023-08-22 12:00:00+00:00,2023-08-22 08:00:00+00:00,1692691200000,0.0001
2023-08-22 16:00:00+00:00,2023-08-22 16:00:00+00:00,1692720000000,7.939e-05
2023-08-22 20:00:00+00:00,2023-08-22 16:00:00+00:00,1692720000000,7.939e-05
2023-08-23 00:00:00+00:00,2023-08-23 00:00:00+00:00,1692748800000,-0.00018208
2023-08-23 04:00:00+00:00,2023-08-23 00:00:00+00:00,1692748800000,-0.00018208
2023-08-23 08:00:00+00:00,2023-08-23 08:00:00+00:00,1692777600000,0.0001
2023-08-23 12:00:00+00:00,2023-08-23 08:00:00+00:00,1692777600000,0.0001
2023-08-23 16:00:00+00:00,2023-08-23 16:00:00+00:00,1692806400000,2.585e-05
2023-08-23 20:00:00+00:00,2023-08-23 16:00:00+00:00,1692806400000,2.585e-05
2023-08-24 00:00:00+00:00,2023-08-24 00:00:00+00:00,1692835200000,-1.138e-05
2023-08-24 04:00:00+00:00,2023-08-24 00:00:00+00:00,1692835200000,-1.138e-05
2023-08-24 08:00:00+00:00,2023-08-24 08:00:00+00:00,1692864000000,0.0001
2023-08-24 12:00:00+00:00,2023-08-24 08:00:00+00:00,1692864000000,0.0001
2023-08-24 16:00:00+00:00,2023-08-24 16:00:00+00:00,1692892800000,0.0001
2023-08-24 20:00:00+00:00,2023-08-24 16:00:00+00:00,1692892800000,0.0001
2023-08-25 00:00:00+00:00,2023-08-25 00:00:00+00:00,1692921600000,-0.00030907
2023-08-25 04:00:00+00:00,2023-08-25 00:00:00+00:00,1692921600000,-0.00030907
2023-08-25 08:00:00+00:00,2023-08-25 08:00:00+00:00,1692950400000,-0.0013863
2023-08-25 12:00:00+00:00,2023-08-25 08:00:00+00:00,1692950400000,-0.0013863
2023-08-25 16:00:00+00:00,2023-08-25 16:00:00+00:00,1692979200000,-0.0012995
2023-08-25 20:00:00+00:00,2023-08-25 16:00:00+00:00,1692979200000,-0.0012995
2023-08-26 00:00:00+00:00,2023-08-26 00:00:00+00:00,1693008000000,-0.00042397
2023-08-26 04:00:00+00:00,2023-08-26 00:00:00+00:00,1693008000000,-0.00042397
2023-08-26 08:00:00+00:00,2023-08-26 08:00:00+00:00,1693036800000,-0.00053056
2023-08-26 12:00:00+00:00,2023-08-26 08:00:00+00:00,1693036800000,-0.00053056
2023-08-26 16:00:00+00:00,2023-08-26 16:00:00+00:00,1693065600000,-0.00034311
2023-08-26 20:00:00+00:00,2023-08-26 16:00:00+00:00,1693065600000,-0.00034311
2023-08-27 00:00:00+00:00,2023-08-27 00:00:00+00:00,1693094400000,-0.00029483
2023-08-27 04:00:00+00:00,2023-08-27 00:00:00+00:00,1693094400000,-0.00029483
2023-08-27 08:00:00+00:00,2023-08-27 08:00:00+00:00,1693123200000,-0.00018813
2023-08-27 12:00:00+00:00,2023-08-27 08:00:00+00:00,1693123200000,-0.00018813
2023-08-27 16:00:00+00:00,2023-08-27 16:00:00+00:00,1693152000000,0.0001
2023-08-27 20:00:00+00:00,2023-08-27 16:00:00+00:00,1693152000000,0.0001
2023-08-28 00:00:00+00:00,2023-08-28 00:00:00+00:00,1693180800000,0.0001
2023-08-28 04:00:00+00:00,2023-08-28 00:00:00+00:00,1693180800000,0.0001
2023-08-28 08:00:00+00:00,2023-08-28 08:00:00+00:00,1693209600000,0.0001
2023-08-28 12:00:00+00:00,2023-08-28 08:00:00+00:00,1693209600000,0.0001
2023-08-28 16:00:00+00:00,2023-08-28 16:00:00+00:00,1693238400000,0.0001
2023-08-28 20:00:00+00:00,2023-08-28 16:00:00+00:00,1693238400000,0.0001
2023-08-29 00:00:00+00:00,2023-08-29 00:00:00+00:00,1693267200000,-7.92e-05
2023-08-29 04:00:00+00:00,2023-08-29 00:00:00+00:00,1693267200000,-7.92e-05
2023-08-29 08:00:00+00:00,2023-08-29 08:00:00+00:00,1693296000000,0.0001
2023-08-29 12:00:00+00:00,2023-08-29 08:00:00+00:00,1693296000000,0.0001
2023-08-29 16:00:00+00:00,2023-08-29 16:00:00+00:00,1693324800000,4.356e-05
2023-08-29 20:00:00+00:00,2023-08-29 16:00:00+00:00,1693324800000,4.356e-05
2023-08-30 00:00:00+00:00,2023-08-30 00:00:00+00:00,1693353600000,0.0001
2023-08-30 04:00:00+00:00,2023-08-30 00:00:00+00:00,1693353600000,0.0001
2023-08-30 08:00:00+00:00,2023-08-30 08:00:00+00:00,1693382400000,0.0001
2023-08-30 12:00:00+00:00,2023-08-30 08:00:00+00:00,1693382400000,0.0001
2023-08-30 16:00:00+00:00,2023-08-30 16:00:00+00:00,1693411200000,0.0001
2023-08-30 20:00:00+00:00,2023-08-30 16:00:00+00:00,1693411200000,0.0001
2023-08-31 00:00:00+00:00,2023-08-31 00:00:00+00:00,1693440000000,0.0001
2023-08-31 04:00:00+00:00,2023-08-31 00:00:00+00:00,1693440000000,0.0001
2023-08-31 08:00:00+00:00,2023-08-31 08:00:00+00:00,1693468800000,2.372e-05
2023-08-31 12:00:00+00:00,2023-08-31 08:00:00+00:00,1693468800000,2.372e-05
2023-08-31 16:00:00+00:00,2023-08-31 16:00:00+00:00,1693497600000,2.311e-05
2023-08-31 20:00:00+00:00,2023-08-31 16:00:00+00:00,1693497600000,2.311e-05
2023-09-01 00:00:00+00:00,2023-09-01 00:00:00+00:00,1693526400000,-0.00030021
2023-09-01 04:00:00+00:00,2023-09-01 00:00:00+00:00,1693526400000,-0.00030021
2023-09-01 08:00:00+00:00,2023-09-01 08:00:00+00:00,1693555200000,-0.00038923
2023-09-01 12:00:00+00:00,2023-09-01 08:00:00+00:00,1693555200000,-0.00038923
2023-09-01 16:00:00+00:00,2023-09-01 16:00:00+00:00,1693584000000,0.0001
2023-09-01 20:00:00+00:00,2023-09-01 16:00:00+00:00,1693584000000,0.0001
2023-09-02 00:00:00+00:00,2023-09-02 00:00:00+00:00,1693612800000,5.061e-05
2023-09-02 04:00:00+00:00,2023-09-02 00:00:00+00:00,1693612800000,5.061e-05
2023-09-02 08:00:00+00:00,2023-09-02 08:00:00+00:00,1693641600000,0.0001
2023-09-02 12:00:00+00:00,2023-09-02 08:00:00+00:00,1693641600000,0.0001
2023-09-02 16:00:00+00:00,2023-09-02 16:00:00+00:00,1693670400000,9.402e-05
2023-09-02 20:00:00+00:00,2023-09-02 16:00:00+00:00,1693670400000,9.402e-05
2023-09-03 00:00:00+00:00,2023-09-03 00:00:00+00:00,1693699200000,0.0001
2023-09-03 04:00:00+00:00,2023-09-03 00:00:00+00:00,1693699200000,0.0001
2023-09-03 08:00:00+00:00,2023-09-03 08:00:00+00:00,1693728000000,0.0001
2023-09-03 12:00:00+00:00,2023-09-03 08:00:00+00:00,1693728000000,0.0001
2023-09-03 16:00:00+00:00,2023-09-03 16:00:00+00:00,1693756800000,-4.956e-05
2023-09-03 20:00:00+00:00,2023-09-03 16:00:00+00:00,1693756800000,-4.956e-05
2023-09-04 00:00:00+00:00,2023-09-04 00:00:00+00:00,1693785600000,0.0001
2023-09-04 04:00:00+00:00,2023-09-04 00:00:00+00:00,1693785600000,0.0001
2023-09-04 08:00:00+00:00,2023-09-04 08:00:00+00:00,1693814400000,0.0001
2023-09-04 12:00:00+00:00,2023-09-04 08:00:00+00:00,1693814400000,0.0001
2023-09-04 16:00:00+00:00,2023-09-04 16:00:00+00:00,1693843200000,0.0001
2023-09-04 20:00:00+00:00,2023-09-04 16:00:00+00:00,1693843200000,0.0001
2023-09-05 00:00:00+00:00,2023-09-05 00:00:00+00:00,1693872000000,0.0001
2023-09-05 04:00:00+00:00,2023-09-05 00:00:00+00:00,1693872000000,0.0001
2023-09-05 08:00:00+00:00,2023-09-05 08:00:00+00:00,1693900800000,0.0001
2023-09-05 12:00:00+00:00,2023-09-05 08:00:00+00:00,1693900800000,0.0001
2023-09-05 16:00:00+00:00,2023-09-05 16:00:00+00:00,1693929600000,6.137e-05
2023-09-05 20:00:00+00:00,2023-09-05 16:00:00+00:00,1693929600000,6.137e-05
2023-09-06 00:00:00+00:00,2023-09-06 00:00:00+00:00,1693958400000,0.0001
2023-09-06 04:00:00+00:00,2023-09-06 00:00:00+00:00,1693958400000,0.0001
2023-09-06 08:00:00+00:00,2023-09-06 08:00:00+00:00,1693987200000,0.0001
2023-09-06 12:00:00+00:00,2023-09-06 08:00:00+00:00,1693987200000,0.0001
2023-09-06 16:00:00+00:00,2023-09-06 16:00:00+00:00,1694016000000,-2.339e-05
2023-09-06 20:00:00+00:00,2023-09-06 16:00:00+00:00,1694016000000,-2.339e-05
2023-09-07 00:00:00+00:00,2023-09-07 00:00:00+00:00,1694044800000,0.0001
2023-09-07 04:00:00+00:00,2023-09-07 00:00:00+00:00,1694044800000,0.0001
2023-09-07 08:00:00+00:00,2023-09-07 08:00:00+00:00,1694073600000,0.0001
2023-09-07 12:00:00+00:00,2023-09-07 08:00:00+00:00,1694073600000,0.0001
2023-09-07 16:00:00+00:00,2023-09-07 16:00:00+00:00,1694102400000,0.0001
2023-09-07 20:00:00+00:00,2023-09-07 16:00:00+00:00,1694102400000,0.0001
2023-09-08 00:00:00+00:00,2023-09-08 00:00:00+00:00,1694131200000,0.0001
2023-09-08 04:00:00+00:00,2023-09-08 00:00:00+00:00,1694131200000,0.0001
2023-09-08 08:00:00+00:00,2023-09-08 08:00:00+00:00,1694160000000,0.0001
2023-09-08 12:00:00+00:00,2023-09-08 08:00:00+00:00,1694160000000,0.0001
2023-09-08 16:00:00+00:00,2023-09-08 16:00:00+00:00,1694188800000,0.0001
2023-09-08 20:00:00+00:00,2023-09-08 16:00:00+00:00,1694188800000,0.0001
2023-09-09 00:00:00+00:00,2023-09-09 00:00:00+00:00,1694217600000,-3.201e-05
2023-09-09 04:00:00+00:00,2023-09-09 00:00:00+00:00,1694217600000,-3.201e-05
2023-09-09 08:00:00+00:00,2023-09-09 08:00:00+00:00,1694246400000,0.0001
2023-09-09 12:00:00+00:00,2023-09-09 08:00:00+00:00,1694246400000,0.0001
2023-09-09 16:00:00+00:00,2023-09-09 16:00:00+00:00,1694275200000,0.00030618
2023-09-09 20:00:00+00:00,2023-09-09 16:00:00+00:00,1694275200000,0.00030618
2023-09-10 00:00:00+00:00,2023-09-10 00:00:00+00:00,1694304000000,0.00028745
2023-09-10 04:00:00+00:00,2023-09-10 00:00:00+00:00,1694304000000,0.00028745
2023-09-10 08:00:00+00:00,2023-09-10 08:00:00+00:00,1694332800000,-0.00053107
2023-09-10 12:00:00+00:00,2023-09-10 08:00:00+00:00,1694332800000,-0.00053107
2023-09-10 16:00:00+00:00,2023-09-10 16:00:00+00:00,1694361600000,-0.00026724
2023-09-10 20:00:00+00:00,2023-09-10 16:00:00+00:00,1694361600000,-0.00026724
2023-09-11 00:00:00+00:00,2023-09-11 00:00:00+00:00,1694390400000,-0.00029719
2023-09-11 04:00:00+00:00,2023-09-11 00:00:00+00:00,1694390400000,-0.00029719
2023-09-11 08:00:00+00:00,2023-09-11 08:00:00+00:00,1694419200000,-3.429e-05
2023-09-11 12:00:00+00:00,2023-09-11 08:00:00+00:00,1694419200000,-3.429e-05
2023-09-11 16:00:00+00:00,2023-09-11 16:00:00+00:00,1694448000000,-8.842e-05
2023-09-11 20:00:00+00:00,2023-09-11 16:00:00+00:00,1694448000000,-8.842e-05
2023-09-12 00:00:00+00:00,2023-09-12 00:00:00+00:00,1694476800000,3.755e-05
2023-09-12 04:00:00+00:00,2023-09-12 00:00:00+00:00,1694476800000,3.755e-05
2023-09-12 08:00:00+00:00,2023-09-12 08:00:00+00:00,1694505600000,5.679e-05
2023-09-12 12:00:00+00:00,2023-09-12 08:00:00+00:00,1694505600000,5.679e-05
2023-09-12 16:00:00+00:00,2023-09-12 16:00:00+00:00,1694534400000,0.0001
2023-09-12 20:00:00+00:00,2023-09-12 16:00:00+00:00,1694534400000,0.0001
2023-09-13 00:00:00+00:00,2023-09-13 00:00:00+00:00,1694563200000,-7.738e-05
2023-09-13 04:00:00+00:00,2023-09-13 00:00:00+00:00,1694563200000,-7.738e-05
2023-09-13 08:00:00+00:00,2023-09-13 08:00:00+00:00,1694592000000,0.0001
2023-09-13 12:00:00+00:00,2023-09-13 08:00:00+00:00,1694592000000,0.0001
2023-09-13 16:00:00+00:00,2023-09-13 16:00:00+00:00,1694620800000,0.0001
2023-09-13 20:00:00+00:00,2023-09-13 16:00:00+00:00,1694620800000,0.0001
2023-09-14 00:00:00+00:00,2023-09-14 00:00:00+00:00,1694649600000,-6.951e-05
2023-09-14 04:00:00+00:00,2023-09-14 00:00:00+00:00,1694649600000,-6.951e-05
2023-09-14 08:00:00+00:00,2023-09-14 08:00:00+00:00,1694678400000,0.0001
2023-09-14 12:00:00+00:00,2023-09-14 08:00:00+00:00,1694678400000,0.0001
2023-09-14 16:00:00+00:00,2023-09-14 16:00:00+00:00,1694707200000,0.0001
2023-09-14 20:00:00+00:00,2023-09-14 16:00:00+00:00,1694707200000,0.0001
2023-09-15 00:00:00+00:00,2023-09-15 00:00:00+00:00,1694736000000,-0.00025189
2023-09-15 04:00:00+00:00,2023-09-15 00:00:00+00:00,1694736000000,-0.00025189
2023-09-15 08:00:00+00:00,2023-09-15 08:00:00+00:00,1694764800000,0.0001
2023-09-15 12:00:00+00:00,2023-09-15 08:00:00+00:00,1694764800000,0.0001
2023-09-15 16:00:00+00:00,2023-09-15 16:00:00+00:00,1694793600000,0.0001
2023-09-15 20:00:00+00:00,2023-09-15 16:00:00+00:00,1694793600000,0.0001
2023-09-16 00:00:00+00:00,2023-09-16 00:00:00+00:00,1694822400000,0.0001
2023-09-16 04:00:00+00:00,2023-09-16 00:00:00+00:00,1694822400000,0.0001
2023-09-16 08:00:00+00:00,2023-09-16 08:00:00+00:00,1694851200000,0.0001
2023-09-16 12:00:00+00:00,2023-09-16 08:00:00+00:00,1694851200000,0.0001
2023-09-16 16:00:00+00:00,2023-09-16 16:00:00+00:00,1694880000000,4.274e-05
2023-09-16 20:00:00+00:00,2023-09-16 16:00:00+00:00,1694880000000,4.274e-05
2023-09-17 00:00:00+00:00,2023-09-17 00:00:00+00:00,1694908800000,-4.5e-06
2023-09-17 04:00:00+00:00,2023-09-17 00:00:00+00:00,1694908800000,-4.5e-06
2023-09-17 08:00:00+00:00,2023-09-17 08:00:00+00:00,1694937600000,-0.00017323
2023-09-17 12:00:00+00:00,2023-09-17 08:00:00+00:00,1694937600000,-0.00017323
2023-09-17 16:00:00+00:00,2023-09-17 16:00:00+00:00,1694966400000,-0.00015326
2023-09-17 20:00:00+00:00,2023-09-17 16:00:00+00:00,1694966400000,-0.00015326
2023-09-18 00:00:00+00:00,2023-09-18 00:00:00+00:00,1694995200000,-0.00021335
2023-09-18 04:00:00+00:00,2023-09-18 00:00:00+00:00,1694995200000,-0.00021335
2023-09-18 08:00:00+00:00,2023-09-18 08:00:00+00:00,1695024000000,-0.00054786
2023-09-18 12:00:00+00:00,2023-09-18 08:00:00+00:00,1695024000000,-0.00054786
2023-09-18 16:00:00+00:00,2023-09-18 16:00:00+00:00,1695052800000,0.0001
2023-09-18 20:00:00+00:00,2023-09-18 16:00:00+00:00,1695052800000,0.0001
2023-09-19 00:00:00+00:00,2023-09-19 00:00:00+00:00,1695081600000,1.015e-05
2023-09-19 04:00:00+00:00,2023-09-19 00:00:00+00:00,1695081600000,1.015e-05
2023-09-19 08:00:00+00:00,2023-09-19 08:00:00+00:00,1695110400000,-2.171e-05
2023-09-19 12:00:00+00:00,2023-09-19 08:00:00+00:00,1695110400000,-2.171e-05
2023-09-19 16:00:00+00:00,2023-09-19 16:00:00+00:00,1695139200000,0.0001
2023-09-19 20:00:00+00:00,2023-09-19 16:00:00+00:00,1695139200000,0.0001
2023-09-20 00:00:00+00:00,2023-09-20 00:00:00+00:00,1695168000000,0.0001
2023-09-20 04:00:00+00:00,2023-09-20 00:00:00+00:00,1695168000000,0.0001
2023-09-20 08:00:00+00:00,2023-09-20 08:00:00+00:00,1695196800000,0.0001
2023-09-20 12:00:00+00:00,2023-09-20 08:00:00+00:00,1695196800000,0.0001
2023-09-20 16:00:00+00:00,2023-09-20 16:00:00+00:00,1695225600000,-0.00020549
2023-09-20 20:00:00+00:00,2023-09-20 16:00:00+00:00,1695225600000,-0.00020549
2023-09-21 00:00:00+00:00,2023-09-21 00:00:00+00:00,1695254400000,0.00024321
2023-09-21 04:00:00+00:00,2023-09-21 00:00:00+00:00,1695254400000,0.00024321
2023-09-21 08:00:00+00:00,2023-09-21 08:00:00+00:00,1695283200000,6.234e-05
2023-09-21 12:00:00+00:00,2023-09-21 08:00:00+00:00,1695283200000,6.234e-05
2023-09-21 16:00:00+00:00,2023-09-21 16:00:00+00:00,1695312000000,-0.00021662
2023-09-21 20:00:00+00:00,2023-09-21 16:00:00+00:00,1695312000000,-0.00021662
2023-09-22 00:00:00+00:00,2023-09-22 00:00:00+00:00,1695340800000,-0.00029369
2023-09-22 04:00:00+00:00,2023-09-22 00:00:00+00:00,1695340800000,-0.00029369
2023-09-22 08:00:00+00:00,2023-09-22 08:00:00+00:00,1695369600000,-5.195e-05
2023-09-22 12:00:00+00:00,2023-09-22 08:00:00+00:00,1695369600000,-5.195e-05
2023-09-22 16:00:00+00:00,2023-09-22 16:00:00+00:00,1695398400000,0.0001
2023-09-22 20:00:00+00:00,2023-09-22 16:00:00+00:00,1695398400000,0.0001
2023-09-23 00:00:00+00:00,2023-09-23 00:00:00+00:00,1695427200000,7.01e-05
2023-09-23 04:00:00+00:00,2023-09-23 00:00:00+00:00,1695427200000,7.01e-05
2023-09-23 08:00:00+00:00,2023-09-23 08:00:00+00:00,1695456000000,0.0001
2023-09-23 12:00:00+00:00,2023-09-23 08:00:00+00:00,1695456000000,0.0001
2023-09-23 16:00:00+00:00,2023-09-23 16:00:00+00:00,1695484800000,0.00028997
2023-09-23 20:00:00+00:00,2023-09-23 16:00:00+00:00,1695484800000,0.00028997
2023-09-24 00:00:00+00:00,2023-09-24 00:00:00+00:00,1695513600000,0.00038184
2023-09-24 04:00:00+00:00,2023-09-24 00:00:00+00:00,1695513600000,0.00038184
2023-09-24 08:00:00+00:00,2023-09-24 08:00:00+00:00,1695542400000,0.0001
2023-09-24 12:00:00+00:00,2023-09-24 08:00:00+00:00,1695542400000,0.0001
2023-09-24 16:00:00+00:00,2023-09-24 16:00:00+00:00,1695571200000,0.0001
2023-09-24 20:00:00+00:00,2023-09-24 16:00:00+00:00,1695571200000,0.0001
2023-09-25 00:00:00+00:00,2023-09-25 00:00:00+00:00,1695600000000,0.0001
2023-09-25 04:00:00+00:00,2023-09-25 00:00:00+00:00,1695600000000,0.0001
2023-09-25 08:00:00+00:00,2023-09-25 08:00:00+00:00,1695628800000,0.0001
2023-09-25 12:00:00+00:00,2023-09-25 08:00:00+00:00,1695628800000,0.0001
2023-09-25 16:00:00+00:00,2023-09-25 16:00:00+00:00,1695657600000,0.0001
2023-09-25 20:00:00+00:00,2023-09-25 16:00:00+00:00,1695657600000,0.0001
2023-09-26 00:00:00+00:00,2023-09-26 00:00:00+00:00,1695686400000,-0.00010794
2023-09-26 04:00:00+00:00,2023-09-26 00:00:00+00:00,1695686400000,-0.00010794
2023-09-26 08:00:00+00:00,2023-09-26 08:00:00+00:00,1695715200000,0.0001
2023-09-26 12:00:00+00:00,2023-09-26 08:00:00+00:00,1695715200000,0.0001
2023-09-26 16:00:00+00:00,2023-09-26 16:00:00+00:00,1695744000000,0.0001
2023-09-26 20:00:00+00:00,2023-09-26 16:00:00+00:00,1695744000000,0.0001
2023-09-27 00:00:00+00:00,2023-09-27 00:00:00+00:00,1695772800000,7.859e-05
2023-09-27 04:00:00+00:00,2023-09-27 00:00:00+00:00,1695772800000,7.859e-05
2023-09-27 08:00:00+00:00,2023-09-27 08:00:00+00:00,1695801600000,0.0001
2023-09-27 12:00:00+00:00,2023-09-27 08:00:00+00:00,1695801600000,0.0001
2023-09-27 16:00:00+00:00,2023-09-27 16:00:00+00:00,1695830400000,0.0001
2023-09-27 20:00:00+00:00,2023-09-27 16:00:00+00:00,1695830400000,0.0001
2023-09-28 00:00:00+00:00,2023-09-28 00:00:00+00:00,1695859200000,0.0001
2023-09-28 04:00:00+00:00,2023-09-28 00:00:00+00:00,1695859200000,0.0001
2023-09-28 08:00:00+00:00,2023-09-28 08:00:00+00:00,1695888000000,0.0001
2023-09-28 12:00:00+00:00,2023-09-28 08:00:00+00:00,1695888000000,0.0001
2023-09-28 16:00:00+00:00,2023-09-28 16:00:00+00:00,1695916800000,-3e-05
2023-09-28 20:00:00+00:00,2023-09-28 16:00:00+00:00,1695916800000,-3e-05
2023-09-29 00:00:00+00:00,2023-09-29 00:00:00+00:00,1695945600000,0.0001
2023-09-29 04:00:00+00:00,2023-09-29 00:00:00+00:00,1695945600000,0.0001
2023-09-29 08:00:00+00:00,2023-09-29 08:00:00+00:00,1695974400000,0.0001
2023-09-29 12:00:00+00:00,2023-09-29 08:00:00+00:00,1695974400000,0.0001
2023-09-29 16:00:00+00:00,2023-09-29 16:00:00+00:00,1696003200000,0.0001
2023-09-29 20:00:00+00:00,2023-09-29 16:00:00+00:00,1696003200000,0.0001
2023-09-30 00:00:00+00:00,2023-09-30 00:00:00+00:00,1696032000000,0.0001
2023-09-30 04:00:00+00:00,2023-09-30 00:00:00+00:00,1696032000000,0.0001
2023-09-30 08:00:00+00:00,2023-09-30 08:00:00+00:00,1696060800000,0.0001
2023-09-30 12:00:00+00:00,2023-09-30 08:00:00+00:00,1696060800000,0.0001
2023-09-30 16:00:00+00:00,2023-09-30 16:00:00+00:00,1696089600000,0.0001
2023-09-30 20:00:00+00:00,2023-09-30 16:00:00+00:00,1696089600000,0.0001
2023-10-01 00:00:00+00:00,2023-10-01 00:00:00+00:00,1696118400000,0.0001
2023-10-01 04:00:00+00:00,2023-10-01 00:00:00+00:00,1696118400000,0.0001
2023-10-01 08:00:00+00:00,2023-10-01 08:00:00+00:00,1696147200000,0.0001
2023-10-01 12:00:00+00:00,2023-10-01 08:00:00+00:00,1696147200000,0.0001
2023-10-01 16:00:00+00:00,2023-10-01 16:00:00+00:00,1696176000000,0.0001
2023-10-01 20:00:00+00:00,2023-10-01 16:00:00+00:00,1696176000000,0.0001
2023-10-02 00:00:00+00:00,2023-10-02 00:00:00+00:00,1696204800000,0.0001
2023-10-02 04:00:00+00:00,2023-10-02 00:00:00+00:00,1696204800000,0.0001
2023-10-02 08:00:00+00:00,2023-10-02 08:00:00+00:00,1696233600000,0.0001
2023-10-02 12:00:00+00:00,2023-10-02 08:00:00+00:00,1696233600000,0.0001
2023-10-02 16:00:00+00:00,2023-10-02 16:00:00+00:00,1696262400000,0.0001
2023-10-02 20:00:00+00:00,2023-10-02 16:00:00+00:00,1696262400000,0.0001
2023-10-03 00:00:00+00:00,2023-10-03 00:00:00+00:00,1696291200000,-0.00023185
2023-10-03 04:00:00+00:00,2023-10-03 00:00:00+00:00,1696291200000,-0.00023185
2023-10-03 08:00:00+00:00,2023-10-03 08:00:00+00:00,1696320000000,-0.00029054
2023-10-03 12:00:00+00:00,2023-10-03 08:00:00+00:00,1696320000000,-0.00029054
2023-10-03 16:00:00+00:00,2023-10-03 16:00:00+00:00,1696348800000,8.301e-05
2023-10-03 20:00:00+00:00,2023-10-03 16:00:00+00:00,1696348800000,8.301e-05
2023-10-04 00:00:00+00:00,2023-10-04 00:00:00+00:00,1696377600000,2.209e-05
2023-10-04 04:00:00+00:00,2023-10-04 00:00:00+00:00,1696377600000,2.209e-05
2023-10-04 08:00:00+00:00,2023-10-04 08:00:00+00:00,1696406400000,-1.386e-05
2023-10-04 12:00:00+00:00,2023-10-04 08:00:00+00:00,1696406400000,-1.386e-05
2023-10-04 16:00:00+00:00,2023-10-04 16:00:00+00:00,1696435200000,0.0001
2023-10-04 20:00:00+00:00,2023-10-04 16:00:00+00:00,1696435200000,0.0001
2023-10-05 00:00:00+00:00,2023-10-05 00:00:00+00:00,1696464000000,-0.00018923
2023-10-05 04:00:00+00:00,2023-10-05 00:00:00+00:00,1696464000000,-0.00018923
2023-10-05 08:00:00+00:00,2023-10-05 08:00:00+00:00,1696492800000,-0.00023153
2023-10-05 12:00:00+00:00,2023-10-05 08:00:00+00:00,1696492800000,-0.00023153
2023-10-05 16:00:00+00:00,2023-10-05 16:00:00+00:00,1696521600000,-0.0003385
2023-10-05 20:00:00+00:00,2023-10-05 16:00:00+00:00,1696521600000,-0.0003385
2023-10-06 00:00:00+00:00,2023-10-06 00:00:00+00:00,1696550400000,0.0001
2023-10-06 04:00:00+00:00,2023-10-06 00:00:00+00:00,1696550400000,0.0001
2023-10-06 08:00:00+00:00,2023-10-06 08:00:00+00:00,1696579200000,0.0001
2023-10-06 12:00:00+00:00,2023-10-06 08:00:00+00:00,1696579200000,0.0001
2023-10-06 16:00:00+00:00,2023-10-06 16:00:00+00:00,1696608000000,7.829e-05
2023-10-06 20:00:00+00:00,2023-10-06 16:00:00+00:00,1696608000000,7.829e-05
2023-10-07 00:00:00+00:00,2023-10-07 00:00:00+00:00,1696636800000,-0.00034391
2023-10-07 04:00:00+00:00,2023-10-07 00:00:00+00:00,1696636800000,-0.00034391
2023-10-07 08:00:00+00:00,2023-10-07 08:00:00+00:00,1696665600000,9.386e-05
2023-10-07 12:00:00+00:00,2023-10-07 08:00:00+00:00,1696665600000,9.386e-05
2023-10-07 16:00:00+00:00,2023-10-07 16:00:00+00:00,1696694400000,-6.509e-05
2023-10-07 20:00:00+00:00,2023-10-07 16:00:00+00:00,1696694400000,-6.509e-05
2023-10-08 00:00:00+00:00,2023-10-08 00:00:00+00:00,1696723200000,-0.00019438
2023-10-08 04:00:00+00:00,2023-10-08 00:00:00+00:00,1696723200000,-0.00019438
2023-10-08 08:00:00+00:00,2023-10-08 08:00:00+00:00,1696752000000,0.0001
2023-10-08 12:00:00+00:00,2023-10-08 08:00:00+00:00,1696752000000,0.0001
2023-10-08 16:00:00+00:00,2023-10-08 16:00:00+00:00,1696780800000,0.0001
2023-10-08 20:00:00+00:00,2023-10-08 16:00:00+00:00,1696780800000,0.0001
2023-10-09 00:00:00+00:00,2023-10-09 00:00:00+00:00,1696809600000,-0.00018572
2023-10-09 04:00:00+00:00,2023-10-09 00:00:00+00:00,1696809600000,-0.00018572
2023-10-09 08:00:00+00:00,2023-10-09 08:00:00+00:00,1696838400000,0.0001
2023-10-09 12:00:00+00:00,2023-10-09 08:00:00+00:00,1696838400000,0.0001
2023-10-09 16:00:00+00:00,2023-10-09 16:00:00+00:00,1696867200000,-0.00032953
2023-10-09 20:00:00+00:00,2023-10-09 16:00:00+00:00,1696867200000,-0.00032953
2023-10-10 00:00:00+00:00,2023-10-10 00:00:00+00:00,1696896000000,-0.00023933
2023-10-10 04:00:00+00:00,2023-10-10 00:00:00+00:00,1696896000000,-0.00023933
2023-10-10 08:00:00+00:00,2023-10-10 08:00:00+00:00,1696924800000,-8.299e-05
2023-10-10 12:00:00+00:00,2023-10-10 08:00:00+00:00,1696924800000,-8.299e-05
2023-10-10 16:00:00+00:00,2023-10-10 16:00:00+00:00,1696953600000,-2.636e-05
2023-10-10 20:00:00+00:00,2023-10-10 16:00:00+00:00,1696953600000,-2.636e-05
2023-10-11 00:00:00+00:00,2023-10-11 00:00:00+00:00,1696982400000,7.541e-05
2023-10-11 04:00:00+00:00,2023-10-11 00:00:00+00:00,1696982400000,7.541e-05
2023-10-11 08:00:00+00:00,2023-10-11 08:00:00+00:00,1697011200000,0.0001
2023-10-11 12:00:00+00:00,2023-10-11 08:00:00+00:00,1697011200000,0.0001
2023-10-11 16:00:00+00:00,2023-10-11 16:00:00+00:00,1697040000000,0.0001
2023-10-11 20:00:00+00:00,2023-10-11 16:00:00+00:00,1697040000000,0.0001
2023-10-12 00:00:00+00:00,2023-10-12 00:00:00+00:00,1697068800000,0.0001
2023-10-12 04:00:00+00:00,2023-10-12 00:00:00+00:00,1697068800000,0.0001
2023-10-12 08:00:00+00:00,2023-10-12 08:00:00+00:00,1697097600000,0.0001
2023-10-12 12:00:00+00:00,2023-10-12 08:00:00+00:00,1697097600000,0.0001
2023-10-12 16:00:00+00:00,2023-10-12 16:00:00+00:00,1697126400000,0.0001
2023-10-12 20:00:00+00:00,2023-10-12 16:00:00+00:00,1697126400000,0.0001
2023-10-13 00:00:00+00:00,2023-10-13 00:00:00+00:00,1697155200000,0.0001
2023-10-13 04:00:00+00:00,2023-10-13 00:00:00+00:00,1697155200000,0.0001
2023-10-13 08:00:00+00:00,2023-10-13 08:00:00+00:00,1697184000000,2.192e-05
2023-10-13 12:00:00+00:00,2023-10-13 08:00:00+00:00,1697184000000,2.192e-05
2023-10-13 16:00:00+00:00,2023-10-13 16:00:00+00:00,1697212800000,4.193e-05
2023-10-13 20:00:00+00:00,2023-10-13 16:00:00+00:00,1697212800000,4.193e-05
2023-10-14 00:00:00+00:00,2023-10-14 00:00:00+00:00,1697241600000,4.634e-05
2023-10-14 04:00:00+00:00,2023-10-14 00:00:00+00:00,1697241600000,4.634e-05
2023-10-14 08:00:00+00:00,2023-10-14 08:00:00+00:00,1697270400000,-4.764e-05
2023-10-14 12:00:00+00:00,2023-10-14 08:00:00+00:00,1697270400000,-4.764e-05
2023-10-14 16:00:00+00:00,2023-10-14 16:00:00+00:00,1697299200000,2.472e-05
2023-10-14 20:00:00+00:00,2023-10-14 16:00:00+00:00,1697299200000,2.472e-05
2023-10-15 00:00:00+00:00,2023-10-15 00:00:00+00:00,1697328000000,0.0001
2023-10-15 04:00:00+00:00,2023-10-15 00:00:00+00:00,1697328000000,0.0001
2023-10-15 08:00:00+00:00,2023-10-15 08:00:00+00:00,1697356800000,9.062e-05
2023-10-15 12:00:00+00:00,2023-10-15 08:00:00+00:00,1697356800000,9.062e-05
2023-10-15 16:00:00+00:00,2023-10-15 16:00:00+00:00,1697385600000,0.0001
2023-10-15 20:00:00+00:00,2023-10-15 16:00:00+00:00,1697385600000,0.0001
2023-10-16 00:00:00+00:00,2023-10-16 00:00:00+00:00,1697414400000,7.266e-05
2023-10-16 04:00:00+00:00,2023-10-16 00:00:00+00:00,1697414400000,7.266e-05
2023-10-16 08:00:00+00:00,2023-10-16 08:00:00+00:00,1697443200000,0.0001
2023-10-16 12:00:00+00:00,2023-10-16 08:00:00+00:00,1697443200000,0.0001
2023-10-16 16:00:00+00:00,2023-10-16 16:00:00+00:00,1697472000000,0.0001
2023-10-16 20:00:00+00:00,2023-10-16 16:00:00+00:00,1697472000000,0.0001
2023-10-17 00:00:00+00:00,2023-10-17 00:00:00+00:00,1697500800000,0.0001
2023-10-17 04:00:00+00:00,2023-10-17 00:00:00+00:00,1697500800000,0.0001
2023-10-17 08:00:00+00:00,2023-10-17 08:00:00+00:00,1697529600000,0.0001
2023-10-17 12:00:00+00:00,2023-10-17 08:00:00+00:00,1697529600000,0.0001
2023-10-17 16:00:00+00:00,2023-10-17 16:00:00+00:00,1697558400000,1.841e-05
2023-10-17 20:00:00+00:00,2023-10-17 16:00:00+00:00,1697558400000,1.841e-05
2023-10-18 00:00:00+00:00,2023-10-18 00:00:00+00:00,1697587200000,5.297e-05
2023-10-18 04:00:00+00:00,2023-10-18 00:00:00+00:00,1697587200000,5.297e-05
2023-10-18 08:00:00+00:00,2023-10-18 08:00:00+00:00,1697616000000,8.507e-05
2023-10-18 12:00:00+00:00,2023-10-18 08:00:00+00:00,1697616000000,8.507e-05
2023-10-18 16:00:00+00:00,2023-10-18 16:00:00+00:00,1697644800000,-3.606e-05
2023-10-18 20:00:00+00:00,2023-10-18 16:00:00+00:00,1697644800000,-3.606e-05
2023-10-19 00:00:00+00:00,2023-10-19 00:00:00+00:00,1697673600000,0.0001
2023-10-19 04:00:00+00:00,2023-10-19 00:00:00+00:00,1697673600000,0.0001
2023-10-19 08:00:00+00:00,2023-10-19 08:00:00+00:00,1697702400000,5.374e-05
2023-10-19 12:00:00+00:00,2023-10-19 08:00:00+00:00,1697702400000,5.374e-05
2023-10-19 16:00:00+00:00,2023-10-19 16:00:00+00:00,1697731200000,0.0001
2023-10-19 20:00:00+00:00,2023-10-19 16:00:00+00:00,1697731200000,0.0001
2023-10-20 00:00:00+00:00,2023-10-20 00:00:00+00:00,1697760000000,9.441e-05
2023-10-20 04:00:00+00:00,2023-10-20 00:00:00+00:00,1697760000000,9.441e-05
2023-10-20 08:00:00+00:00,2023-10-20 08:00:00+00:00,1697788800000,0.0001
2023-10-20 12:00:00+00:00,2023-10-20 08:00:00+00:00,1697788800000,0.0001
2023-10-20 16:00:00+00:00,2023-10-20 16:00:00+00:00,1697817600000,0.0001
2023-10-20 20:00:00+00:00,2023-10-20 16:00:00+00:00,1697817600000,0.0001
2023-10-21 00:00:00+00:00,2023-10-21 00:00:00+00:00,1697846400000,0.0001
2023-10-21 04:00:00+00:00,2023-10-21 00:00:00+00:00,1697846400000,0.0001
2023-10-21 08:00:00+00:00,2023-10-21 08:00:00+00:00,1697875200000,0.0001
2023-10-21 12:00:00+00:00,2023-10-21 08:00:00+00:00,1697875200000,0.0001
2023-10-21 16:00:00+00:00,2023-10-21 16:00:00+00:00,1697904000000,0.0001
2023-10-21 20:00:00+00:00,2023-10-21 16:00:00+00:00,1697904000000,0.0001
2023-10-22 00:00:00+00:00,2023-10-22 00:00:00+00:00,1697932800000,0.0001
2023-10-22 04:00:00+00:00,2023-10-22 00:00:00+00:00,1697932800000,0.0001
2023-10-22 08:00:00+00:00,2023-10-22 08:00:00+00:00,1697961600000,0.0001
2023-10-22 12:00:00+00:00,2023-10-22 08:00:00+00:00,1697961600000,0.0001
2023-10-22 16:00:00+00:00,2023-10-22 16:00:00+00:00,1697990400000,0.0001
2023-10-22 20:00:00+00:00,2023-10-22 16:00:00+00:00,1697990400000,0.0001
2023-10-23 00:00:00+00:00,2023-10-23 00:00:00+00:00,1698019200000,0.0001
2023-10-23 04:00:00+00:00,2023-10-23 00:00:00+00:00,1698019200000,0.0001
2023-10-23 08:00:00+00:00,2023-10-23 08:00:00+00:00,1698048000000,0.0001
2023-10-23 12:00:00+00:00,2023-10-23 08:00:00+00:00,1698048000000,0.0001
2023-10-23 16:00:00+00:00,2023-10-23 16:00:00+00:00,1698076800000,0.0001
2023-10-23 20:00:00+00:00,2023-10-23 16:00:00+00:00,1698076800000,0.0001
2023-10-24 00:00:00+00:00,2023-10-24 00:00:00+00:00,1698105600000,0.0001
2023-10-24 04:00:00+00:00,2023-10-24 00:00:00+00:00,1698105600000,0.0001
2023-10-24 08:00:00+00:00,2023-10-24 08:00:00+00:00,1698134400000,0.0001
2023-10-24 12:00:00+00:00,2023-10-24 08:00:00+00:00,1698134400000,0.0001
2023-10-24 16:00:00+00:00,2023-10-24 16:00:00+00:00,1698163200000,0.0001
2023-10-24 20:00:00+00:00,2023-10-24 16:00:00+00:00,1698163200000,0.0001
2023-10-25 00:00:00+00:00,2023-10-25 00:00:00+00:00,1698192000000,0.0001
2023-10-25 04:00:00+00:00,2023-10-25 00:00:00+00:00,1698192000000,0.0001
2023-10-25 08:00:00+00:00,2023-10-25 08:00:00+00:00,1698220800000,0.0001
2023-10-25 12:00:00+00:00,2023-10-25 08:00:00+00:00,1698220800000,0.0001
2023-10-25 16:00:00+00:00,2023-10-25 16:00:00+00:00,1698249600000,0.0001
2023-10-25 20:00:00+00:00,2023-10-25 16:00:00+00:00,1698249600000,0.0001
2023-10-26 00:00:00+00:00,2023-10-26 00:00:00+00:00,1698278400000,0.0001
2023-10-26 04:00:00+00:00,2023-10-26 00:00:00+00:00,1698278400000,0.0001
2023-10-26 08:00:00+00:00,2023-10-26 08:00:00+00:00,1698307200000,0.0001
2023-10-26 12:00:00+00:00,2023-10-26 08:00:00+00:00,1698307200000,0.0001
2023-10-26 16:00:00+00:00,2023-10-26 16:00:00+00:00,1698336000000,0.0001
2023-10-26 20:00:00+00:00,2023-10-26 16:00:00+00:00,1698336000000,0.0001
2023-10-27 00:00:00+00:00,2023-10-27 00:00:00+00:00,1698364800000,0.0001
2023-10-27 04:00:00+00:00,2023-10-27 00:00:00+00:00,1698364800000,0.0001
2023-10-27 08:00:00+00:00,2023-10-27 08:00:00+00:00,1698393600000,0.0001
2023-10-27 12:00:00+00:00,2023-10-27 08:00:00+00:00,1698393600000,0.0001
2023-10-27 16:00:00+00:00,2023-10-27 16:00:00+00:00,1698422400000,0.0001
2023-10-27 20:00:00+00:00,2023-10-27 16:00:00+00:00,1698422400000,0.0001
2023-10-28 00:00:00+00:00,2023-10-28 00:00:00+00:00,1698451200000,0.0001
2023-10-28 04:00:00+00:00,2023-10-28 00:00:00+00:00,1698451200000,0.0001
2023-10-28 08:00:00+00:00,2023-10-28 08:00:00+00:00,1698480000000,0.00027877
2023-10-28 12:00:00+00:00,2023-10-28 08:00:00+00:00,1698480000000,0.00027877
2023-10-28 16:00:00+00:00,2023-10-28 16:00:00+00:00,1698508800000,0.0001
2023-10-28 20:00:00+00:00,2023-10-28 16:00:00+00:00,1698508800000,0.0001
2023-10-29 00:00:00+00:00,2023-10-29 00:00:00+00:00,1698537600000,0.0001
2023-10-29 04:00:00+00:00,2023-10-29 00:00:00+00:00,1698537600000,0.0001
2023-10-29 08:00:00+00:00,2023-10-29 08:00:00+00:00,1698566400000,0.0001
2023-10-29 12:00:00+00:00,2023-10-29 08:00:00+00:00,1698566400000,0.0001
2023-10-29 16:00:00+00:00,2023-10-29 16:00:00+00:00,1698595200000,0.00021616
2023-10-29 20:00:00+00:00,2023-10-29 16:00:00+00:00,1698595200000,0.00021616
2023-10-30 00:00:00+00:00,2023-10-30 00:00:00+00:00,1698624000000,0.00024084
2023-10-30 04:00:00+00:00,2023-10-30 00:00:00+00:00,1698624000000,0.00024084
2023-10-30 08:00:00+00:00,2023-10-30 08:00:00+00:00,1698652800000,0.00012282
2023-10-30 12:00:00+00:00,2023-10-30 08:00:00+00:00,1698652800000,0.00012282
2023-10-30 16:00:00+00:00,2023-10-30 16:00:00+00:00,1698681600000,0.00037073
2023-10-30 20:00:00+00:00,2023-10-30 16:00:00+00:00,1698681600000,0.00037073
2023-10-31 00:00:00+00:00,2023-10-31 00:00:00+00:00,1698710400000,0.00015655
2023-10-31 04:00:00+00:00,2023-10-31 00:00:00+00:00,1698710400000,0.00015655
2023-10-31 08:00:00+00:00,2023-10-31 08:00:00+00:00,1698739200000,0.0001
2023-10-31 12:00:00+00:00,2023-10-31 08:00:00+00:00,1698739200000,0.0001
2023-10-31 16:00:00+00:00,2023-10-31 16:00:00+00:00,1698768000000,0.0001
2023-10-31 20:00:00+00:00,2023-10-31 16:00:00+00:00,1698768000000,0.0001
2023-11-01 00:00:00+00:00,2023-11-01 00:00:00+00:00,1698796800000,0.0001
2023-11-01 04:00:00+00:00,2023-11-01 00:00:00+00:00,1698796800000,0.0001
2023-11-01 08:00:00+00:00,2023-11-01 08:00:00+00:00,1698825600000,0.0001
2023-11-01 12:00:00+00:00,2023-11-01 08:00:00+00:00,1698825600000,0.0001
2023-11-01 16:00:00+00:00,2023-11-01 16:00:00+00:00,1698854400000,0.0001
2023-11-01 20:00:00+00:00,2023-11-01 16:00:00+00:00,1698854400000,0.0001
2023-11-02 00:00:00+00:00,2023-11-02 00:00:00+00:00,1698883200000,0.00044942
2023-11-02 04:00:00+00:00,2023-11-02 00:00:00+00:00,1698883200000,0.00044942
2023-11-02 08:00:00+00:00,2023-11-02 08:00:00+00:00,1698912000000,0.00022026
2023-11-02 12:00:00+00:00,2023-11-02 08:00:00+00:00,1698912000000,0.00022026
2023-11-02 16:00:00+00:00,2023-11-02 16:00:00+00:00,1698940800000,0.0001
2023-11-02 20:00:00+00:00,2023-11-02 16:00:00+00:00,1698940800000,0.0001
2023-11-03 00:00:00+00:00,2023-11-03 00:00:00+00:00,1698969600000,0.0001
2023-11-03 04:00:00+00:00,2023-11-03 00:00:00+00:00,1698969600000,0.0001
2023-11-03 08:00:00+00:00,2023-11-03 08:00:00+00:00,1698998400000,0.0001
2023-11-03 12:00:00+00:00,2023-11-03 08:00:00+00:00,1698998400000,0.0001
2023-11-03 16:00:00+00:00,2023-11-03 16:00:00+00:00,1699027200000,0.0001
2023-11-03 20:00:00+00:00,2023-11-03 16:00:00+00:00,1699027200000,0.0001
2023-11-04 00:00:00+00:00,2023-11-04 00:00:00+00:00,1699056000000,0.0001
2023-11-04 04:00:00+00:00,2023-11-04 00:00:00+00:00,1699056000000,0.0001
2023-11-04 08:00:00+00:00,2023-11-04 08:00:00+00:00,1699084800000,0.0001
2023-11-04 12:00:00+00:00,2023-11-04 08:00:00+00:00,1699084800000,0.0001
2023-11-04 16:00:00+00:00,2023-11-04 16:00:00+00:00,1699113600000,0.0001
2023-11-04 20:00:00+00:00,2023-11-04 16:00:00+00:00,1699113600000,0.0001
2023-11-05 00:00:00+00:00,2023-11-05 00:00:00+00:00,1699142400000,0.0001
2023-11-05 04:00:00+00:00,2023-11-05 00:00:00+00:00,1699142400000,0.0001
2023-11-05 08:00:00+00:00,2023-11-05 08:00:00+00:00,1699171200000,0.0001
2023-11-05 12:00:00+00:00,2023-11-05 08:00:00+00:00,1699171200000,0.0001
2023-11-05 16:00:00+00:00,2023-11-05 16:00:00+00:00,1699200000000,0.0001
2023-11-05 20:00:00+00:00,2023-11-05 16:00:00+00:00,1699200000000,0.0001
2023-11-06 00:00:00+00:00,2023-11-06 00:00:00+00:00,1699228800000,0.00016147
2023-11-06 04:00:00+00:00,2023-11-06 00:00:00+00:00,1699228800000,0.00016147
2023-11-06 08:00:00+00:00,2023-11-06 08:00:00+00:00,1699257600000,0.00027729
2023-11-06 12:00:00+00:00,2023-11-06 08:00:00+00:00,1699257600000,0.00027729
2023-11-06 16:00:00+00:00,2023-11-06 16:00:00+00:00,1699286400000,0.00042511
2023-11-06 20:00:00+00:00,2023-11-06 16:00:00+00:00,1699286400000,0.00042511
2023-11-07 00:00:00+00:00,2023-11-07 00:00:00+00:00,1699315200000,0.00041609
2023-11-07 04:00:00+00:00,2023-11-07 00:00:00+00:00,1699315200000,0.00041609
2023-11-07 08:00:00+00:00,2023-11-07 08:00:00+00:00,1699344000000,0.00020681
2023-11-07 12:00:00+00:00,2023-11-07 08:00:00+00:00,1699344000000,0.00020681
2023-11-07 16:00:00+00:00,2023-11-07 16:00:00+00:00,1699372800000,0.00017033
2023-11-07 20:00:00+00:00,2023-11-07 16:00:00+00:00,1699372800000,0.00017033
2023-11-08 00:00:00+00:00,2023-11-08 00:00:00+00:00,1699401600000,0.0001
2023-11-08 04:00:00+00:00,2023-11-08 00:00:00+00:00,1699401600000,0.0001
2023-11-08 08:00:00+00:00,2023-11-08 08:00:00+00:00,1699430400000,0.00034026
2023-11-08 12:00:00+00:00,2023-11-08 08:00:00+00:00,1699430400000,0.00034026
2023-11-08 16:00:00+00:00,2023-11-08 16:00:00+00:00,1699459200000,0.00030309
2023-11-08 20:00:00+00:00,2023-11-08 16:00:00+00:00,1699459200000,0.00030309
2023-11-09 00:00:00+00:00,2023-11-09 00:00:00+00:00,1699488000000,0.00050395
2023-11-09 04:00:00+00:00,2023-11-09 00:00:00+00:00,1699488000000,0.00050395
2023-11-09 08:00:00+00:00,2023-11-09 08:00:00+00:00,1699516800000,0.00046264
2023-11-09 12:00:00+00:00,2023-11-09 08:00:00+00:00,1699516800000,0.00046264
2023-11-09 16:00:00+00:00,2023-11-09 16:00:00+00:00,1699545600000,0.00058274
2023-11-09 20:00:00+00:00,2023-11-09 16:00:00+00:00,1699545600000,0.00058274
2023-11-10 00:00:00+00:00,2023-11-10 00:00:00+00:00,1699574400000,0.0001
2023-11-10 04:00:00+00:00,2023-11-10 00:00:00+00:00,1699574400000,0.0001
2023-11-10 08:00:00+00:00,2023-11-10 08:00:00+00:00,1699603200000,0.0001
2023-11-10 12:00:00+00:00,2023-11-10 08:00:00+00:00,1699603200000,0.0001
2023-11-10 16:00:00+00:00,2023-11-10 16:00:00+00:00,1699632000000,0.0001
2023-11-10 20:00:00+00:00,2023-11-10 16:00:00+00:00,1699632000000,0.0001
2023-11-11 00:00:00+00:00,2023-11-11 00:00:00+00:00,1699660800000,0.0004931
2023-11-11 04:00:00+00:00,2023-11-11 00:00:00+00:00,1699660800000,0.0004931
2023-11-11 08:00:00+00:00,2023-11-11 08:00:00+00:00,1699689600000,0.0001
2023-11-11 12:00:00+00:00,2023-11-11 08:00:00+00:00,1699689600000,0.0001
2023-11-11 16:00:00+00:00,2023-11-11 16:00:00+00:00,1699718400000,0.00068583
2023-11-11 20:00:00+00:00,2023-11-11 16:00:00+00:00,1699718400000,0.00068583
2023-11-12 00:00:00+00:00,2023-11-12 00:00:00+00:00,1699747200000,0.00035352
2023-11-12 04:00:00+00:00,2023-11-12 00:00:00+00:00,1699747200000,0.00035352
2023-11-12 08:00:00+00:00,2023-11-12 08:00:00+00:00,1699776000000,0.0001163
2023-11-12 12:00:00+00:00,2023-11-12 08:00:00+00:00,1699776000000,0.0001163
2023-11-12 16:00:00+00:00,2023-11-12 16:00:00+00:00,1699804800000,0.00042101
2023-11-12 20:00:00+00:00,2023-11-12 16:00:00+00:00,1699804800000,0.00042101
2023-11-13 00:00:00+00:00,2023-11-13 00:00:00+00:00,1699833600000,0.00037605
2023-11-13 04:00:00+00:00,2023-11-13 00:00:00+00:00,1699833600000,0.00037605
2023-11-13 08:00:00+00:00,2023-11-13 08:00:00+00:00,1699862400000,0.00034862
2023-11-13 12:00:00+00:00,2023-11-13 08:00:00+00:00,1699862400000,0.00034862
2023-11-13 16:00:00+00:00,2023-11-13 16:00:00+00:00,1699891200000,0.00041757
2023-11-13 20:00:00+00:00,2023-11-13 16:00:00+00:00,1699891200000,0.00041757
2023-11-14 00:00:00+00:00,2023-11-14 00:00:00+00:00,1699920000000,0.0001
2023-11-14 04:00:00+00:00,2023-11-14 00:00:00+00:00,1699920000000,0.0001
2023-11-14 08:00:00+00:00,2023-11-14 08:00:00+00:00,1699948800000,0.0001
2023-11-14 12:00:00+00:00,2023-11-14 08:00:00+00:00,1699948800000,0.0001
2023-11-14 16:00:00+00:00,2023-11-14 16:00:00+00:00,1699977600000,0.0001
2023-11-14 20:00:00+00:00,2023-11-14 16:00:00+00:00,1699977600000,0.0001
2023-11-15 00:00:00+00:00,2023-11-15 00:00:00+00:00,1700006400000,0.0001
2023-11-15 04:00:00+00:00,2023-11-15 00:00:00+00:00,1700006400000,0.0001
2023-11-15 08:00:00+00:00,2023-11-15 08:00:00+00:00,1700035200000,0.00015905
2023-11-15 12:00:00+00:00,2023-11-15 08:00:00+00:00,1700035200000,0.00015905
2023-11-15 16:00:00+00:00,2023-11-15 16:00:00+00:00,1700064000000,0.00020931
2023-11-15 20:00:00+00:00,2023-11-15 16:00:00+00:00,1700064000000,0.00020931
2023-11-16 00:00:00+00:00,2023-11-16 00:00:00+00:00,1700092800000,0.000397
2023-11-16 04:00:00+00:00,2023-11-16 00:00:00+00:00,1700092800000,0.000397
2023-11-16 08:00:00+00:00,2023-11-16 08:00:00+00:00,1700121600000,0.00043393
2023-11-16 12:00:00+00:00,2023-11-16 08:00:00+00:00,1700121600000,0.00043393
2023-11-16 16:00:00+00:00,2023-11-16 16:00:00+00:00,1700150400000,0.0001
2023-11-16 20:00:00+00:00,2023-11-16 16:00:00+00:00,1700150400000,0.0001
2023-11-17 00:00:00+00:00,2023-11-17 00:00:00+00:00,1700179200000,0.0001
2023-11-17 04:00:00+00:00,2023-11-17 00:00:00+00:00,1700179200000,0.0001
2023-11-17 08:00:00+00:00,2023-11-17 08:00:00+00:00,1700208000000,0.0001
2023-11-17 12:00:00+00:00,2023-11-17 08:00:00+00:00,1700208000000,0.0001
2023-11-17 16:00:00+00:00,2023-11-17 16:00:00+00:00,1700236800000,0.0001
2023-11-17 20:00:00+00:00,2023-11-17 16:00:00+00:00,1700236800000,0.0001
2023-11-18 00:00:00+00:00,2023-11-18 00:00:00+00:00,1700265600000,0.0001
2023-11-18 04:00:00+00:00,2023-11-18 00:00:00+00:00,1700265600000,0.0001
2023-11-18 08:00:00+00:00,2023-11-18 08:00:00+00:00,1700294400000,0.0001
2023-11-18 12:00:00+00:00,2023-11-18 08:00:00+00:00,1700294400000,0.0001
2023-11-18 16:00:00+00:00,2023-11-18 16:00:00+00:00,1700323200000,0.0001
2023-11-18 20:00:00+00:00,2023-11-18 16:00:00+00:00,1700323200000,0.0001
2023-11-19 00:00:00+00:00,2023-11-19 00:00:00+00:00,1700352000000,0.0001
2023-11-19 04:00:00+00:00,2023-11-19 00:00:00+00:00,1700352000000,0.0001
2023-11-19 08:00:00+00:00,2023-11-19 08:00:00+00:00,1700380800000,0.0001
2023-11-19 12:00:00+00:00,2023-11-19 08:00:00+00:00,1700380800000,0.0001
2023-11-19 16:00:00+00:00,2023-11-19 16:00:00+00:00,1700409600000,0.0001
2023-11-19 20:00:00+00:00,2023-11-19 16:00:00+00:00,1700409600000,0.0001
2023-11-20 00:00:00+00:00,2023-11-20 00:00:00+00:00,1700438400000,0.00014852
2023-11-20 04:00:00+00:00,2023-11-20 00:00:00+00:00,1700438400000,0.00014852
2023-11-20 08:00:00+00:00,2023-11-20 08:00:00+00:00,1700467200000,0.00027768
2023-11-20 12:00:00+00:00,2023-11-20 08:00:00+00:00,1700467200000,0.00027768
2023-11-20 16:00:00+00:00,2023-11-20 16:00:00+00:00,1700496000000,0.00017409
2023-11-20 20:00:00+00:00,2023-11-20 16:00:00+00:00,1700496000000,0.00017409
2023-11-21 00:00:00+00:00,2023-11-21 00:00:00+00:00,1700524800000,0.0001
2023-11-21 04:00:00+00:00,2023-11-21 00:00:00+00:00,1700524800000,0.0001
2023-11-21 08:00:00+00:00,2023-11-21 08:00:00+00:00,1700553600000,0.0001
2023-11-21 12:00:00+00:00,2023-11-21 08:00:00+00:00,1700553600000,0.0001
2023-11-21 16:00:00+00:00,2023-11-21 16:00:00+00:00,1700582400000,0.0001
2023-11-21 20:00:00+00:00,2023-11-21 16:00:00+00:00,1700582400000,0.0001
2023-11-22 00:00:00+00:00,2023-11-22 00:00:00+00:00,1700611200000,0.0001
2023-11-22 04:00:00+00:00,2023-11-22 00:00:00+00:00,1700611200000,0.0001
2023-11-22 08:00:00+00:00,2023-11-22 08:00:00+00:00,1700640000000,0.0001
2023-11-22 12:00:00+00:00,2023-11-22 08:00:00+00:00,1700640000000,0.0001
2023-11-22 16:00:00+00:00,2023-11-22 16:00:00+00:00,1700668800000,0.0001
2023-11-22 20:00:00+00:00,2023-11-22 16:00:00+00:00,1700668800000,0.0001
2023-11-23 00:00:00+00:00,2023-11-23 00:00:00+00:00,1700697600000,0.0001
2023-11-23 04:00:00+00:00,2023-11-23 00:00:00+00:00,1700697600000,0.0001
2023-11-23 08:00:00+00:00,2023-11-23 08:00:00+00:00,1700726400000,0.0001
2023-11-23 12:00:00+00:00,2023-11-23 08:00:00+00:00,1700726400000,0.0001
2023-11-23 16:00:00+00:00,2023-11-23 16:00:00+00:00,1700755200000,0.0001
2023-11-23 20:00:00+00:00,2023-11-23 16:00:00+00:00,1700755200000,0.0001
2023-11-24 00:00:00+00:00,2023-11-24 00:00:00+00:00,1700784000000,0.0001
2023-11-24 04:00:00+00:00,2023-11-24 00:00:00+00:00,1700784000000,0.0001
2023-11-24 08:00:00+00:00,2023-11-24 08:00:00+00:00,1700812800000,0.0001
2023-11-24 12:00:00+00:00,2023-11-24 08:00:00+00:00,1700812800000,0.0001
2023-11-24 16:00:00+00:00,2023-11-24 16:00:00+00:00,1700841600000,0.0001
2023-11-24 20:00:00+00:00,2023-11-24 16:00:00+00:00,1700841600000,0.0001
2023-11-25 00:00:00+00:00,2023-11-25 00:00:00+00:00,1700870400000,0.0001
2023-11-25 04:00:00+00:00,2023-11-25 00:00:00+00:00,1700870400000,0.0001
2023-11-25 08:00:00+00:00,2023-11-25 08:00:00+00:00,1700899200000,0.0001
2023-11-25 12:00:00+00:00,2023-11-25 08:00:00+00:00,1700899200000,0.0001
2023-11-25 16:00:00+00:00,2023-11-25 16:00:00+00:00,1700928000000,0.0001
2023-11-25 20:00:00+00:00,2023-11-25 16:00:00+00:00,1700928000000,0.0001
2023-11-26 00:00:00+00:00,2023-11-26 00:00:00+00:00,1700956800000,0.0001
2023-11-26 04:00:00+00:00,2023-11-26 00:00:00+00:00,1700956800000,0.0001
2023-11-26 08:00:00+00:00,2023-11-26 08:00:00+00:00,1700985600000,0.00025456
2023-11-26 12:00:00+00:00,2023-11-26 08:00:00+00:00,1700985600000,0.00025456
2023-11-26 16:00:00+00:00,2023-11-26 16:00:00+00:00,1701014400000,0.00022431
2023-11-26 20:00:00+00:00,2023-11-26 16:00:00+00:00,1701014400000,0.00022431
2023-11-27 00:00:00+00:00,2023-11-27 00:00:00+00:00,1701043200000,0.0001
2023-11-27 04:00:00+00:00,2023-11-27 00:00:00+00:00,1701043200000,0.0001
2023-11-27 08:00:00+00:00,2023-11-27 08:00:00+00:00,1701072000000,0.0001
2023-11-27 12:00:00+00:00,2023-11-27 08:00:00+00:00,1701072000000,0.0001
2023-11-27 16:00:00+00:00,2023-11-27 16:00:00+00:00,1701100800000,0.0001
2023-11-27 20:00:00+00:00,2023-11-27 16:00:00+00:00,1701100800000,0.0001
2023-11-28 00:00:00+00:00,2023-11-28 00:00:00+00:00,1701129600000,0.0001
2023-11-28 04:00:00+00:00,2023-11-28 00:00:00+00:00,1701129600000,0.0001
2023-11-28 08:00:00+00:00,2023-11-28 08:00:00+00:00,1701158400000,0.0001
2023-11-28 12:00:00+00:00,2023-11-28 08:00:00+00:00,1701158400000,0.0001
2023-11-28 16:00:00+00:00,2023-11-28 16:00:00+00:00,1701187200000,0.0001
2023-11-28 20:00:00+00:00,2023-11-28 16:00:00+00:00,1701187200000,0.0001
2023-11-29 00:00:00+00:00,2023-11-29 00:00:00+00:00,1701216000000,0.0001
2023-11-29 04:00:00+00:00,2023-11-29 00:00:00+00:00,1701216000000,0.0001
2023-11-29 08:00:00+00:00,2023-11-29 08:00:00+00:00,1701244800000,0.0001
2023-11-29 12:00:00+00:00,2023-11-29 08:00:00+00:00,1701244800000,0.0001
2023-11-29 16:00:00+00:00,2023-11-29 16:00:00+00:00,1701273600000,0.0001
2023-11-29 20:00:00+00:00,2023-11-29 16:00:00+00:00,1701273600000,0.0001
2023-11-30 00:00:00+00:00,2023-11-30 00:00:00+00:00,1701302400000,0.0001
2023-11-30 04:00:00+00:00,2023-11-30 00:00:00+00:00,1701302400000,0.0001
2023-11-30 08:00:00+00:00,2023-11-30 08:00:00+00:00,1701331200000,0.0001
2023-11-30 12:00:00+00:00,2023-11-30 08:00:00+00:00,1701331200000,0.0001
2023-11-30 16:00:00+00:00,2023-11-30 16:00:00+00:00,1701360000000,0.0001
2023-11-30 20:00:00+00:00,2023-11-30 16:00:00+00:00,1701360000000,0.0001
2023-12-01 00:00:00+00:00,2023-12-01 00:00:00+00:00,1701388800000,0.0001
2023-12-01 04:00:00+00:00,2023-12-01 00:00:00+00:00,1701388800000,0.0001
2023-12-01 08:00:00+00:00,2023-12-01 08:00:00+00:00,1701417600000,0.0001
2023-12-01 12:00:00+00:00,2023-12-01 08:00:00+00:00,1701417600000,0.0001
2023-12-01 16:00:00+00:00,2023-12-01 16:00:00+00:00,1701446400000,0.0001
2023-12-01 20:00:00+00:00,2023-12-01 16:00:00+00:00,1701446400000,0.0001
2023-12-02 00:00:00+00:00,2023-12-02 00:00:00+00:00,1701475200000,0.0001
2023-12-02 04:00:00+00:00,2023-12-02 00:00:00+00:00,1701475200000,0.0001
2023-12-02 08:00:00+00:00,2023-12-02 08:00:00+00:00,1701504000000,0.0001
2023-12-02 12:00:00+00:00,2023-12-02 08:00:00+00:00,1701504000000,0.0001
2023-12-02 16:00:00+00:00,2023-12-02 16:00:00+00:00,1701532800000,0.00021957
2023-12-02 20:00:00+00:00,2023-12-02 16:00:00+00:00,1701532800000,0.00021957
2023-12-03 00:00:00+00:00,2023-12-03 00:00:00+00:00,1701561600000,0.00043836
2023-12-03 04:00:00+00:00,2023-12-03 00:00:00+00:00,1701561600000,0.00043836
2023-12-03 08:00:00+00:00,2023-12-03 08:00:00+00:00,1701590400000,0.00039052
2023-12-03 12:00:00+00:00,2023-12-03 08:00:00+00:00,1701590400000,0.00039052
2023-12-03 16:00:00+00:00,2023-12-03 16:00:00+00:00,1701619200000,0.00031494
2023-12-03 20:00:00+00:00,2023-12-03 16:00:00+00:00,1701619200000,0.00031494
2023-12-04 00:00:00+00:00,2023-12-04 00:00:00+00:00,1701648000000,0.00019206
2023-12-04 04:00:00+00:00,2023-12-04 00:00:00+00:00,1701648000000,0.00019206
2023-12-04 08:00:00+00:00,2023-12-04 08:00:00+00:00,1701676800000,0.00053411
2023-12-04 12:00:00+00:00,2023-12-04 08:00:00+00:00,1701676800000,0.00053411
2023-12-04 16:00:00+00:00,2023-12-04 16:00:00+00:00,1701705600000,0.00025281
2023-12-04 20:00:00+00:00,2023-12-04 16:00:00+00:00,1701705600000,0.00025281
2023-12-05 00:00:00+00:00,2023-12-05 00:00:00+00:00,1701734400000,0.0001
2023-12-05 04:00:00+00:00,2023-12-05 00:00:00+00:00,1701734400000,0.0001
2023-12-05 08:00:00+00:00,2023-12-05 08:00:00+00:00,1701763200000,0.0001
2023-12-05 12:00:00+00:00,2023-12-05 08:00:00+00:00,1701763200000,0.0001
2023-12-05 16:00:00+00:00,2023-12-05 16:00:00+00:00,1701792000000,0.00035373
2023-12-05 20:00:00+00:00,2023-12-05 16:00:00+00:00,1701792000000,0.00035373
2023-12-06 00:00:00+00:00,2023-12-06 00:00:00+00:00,1701820800000,0.00029438
2023-12-06 04:00:00+00:00,2023-12-06 00:00:00+00:00,1701820800000,0.00029438
2023-12-06 08:00:00+00:00,2023-12-06 08:00:00+00:00,1701849600000,0.0003065
2023-12-06 12:00:00+00:00,2023-12-06 08:00:00+00:00,1701849600000,0.0003065
2023-12-06 16:00:00+00:00,2023-12-06 16:00:00+00:00,1701878400000,0.0001
2023-12-06 20:00:00+00:00,2023-12-06 16:00:00+00:00,1701878400000,0.0001
2023-12-07 00:00:00+00:00,2023-12-07 00:00:00+00:00,1701907200000,0.00013512
2023-12-07 04:00:00+00:00,2023-12-07 00:00:00+00:00,1701907200000,0.00013512
2023-12-07 08:00:00+00:00,2023-12-07 08:00:00+00:00,1701936000000,0.0001
2023-12-07 12:00:00+00:00,2023-12-07 08:00:00+00:00,1701936000000,0.0001
2023-12-07 16:00:00+00:00,2023-12-07 16:00:00+00:00,1701964800000,0.00021432
2023-12-07 20:00:00+00:00,2023-12-07 16:00:00+00:00,1701964800000,0.00021432
2023-12-08 00:00:00+00:00,2023-12-08 00:00:00+00:00,1701993600000,0.0003275
2023-12-08 04:00:00+00:00,2023-12-08 00:00:00+00:00,1701993600000,0.0003275
2023-12-08 08:00:00+00:00,2023-12-08 08:00:00+00:00,1702022400000,0.00037657
2023-12-08 12:00:00+00:00,2023-12-08 08:00:00+00:00,1702022400000,0.00037657
2023-12-08 16:00:00+00:00,2023-12-08 16:00:00+00:00,1702051200000,0.00045758
2023-12-08 20:00:00+00:00,2023-12-08 16:00:00+00:00,1702051200000,0.00045758
2023-12-09 00:00:00+00:00,2023-12-09 00:00:00+00:00,1702080000000,0.00053114
2023-12-09 04:00:00+00:00,2023-12-09 00:00:00+00:00,1702080000000,0.00053114
2023-12-09 08:00:00+00:00,2023-12-09 08:00:00+00:00,1702108800000,0.00092564
2023-12-09 12:00:00+00:00,2023-12-09 08:00:00+00:00,1702108800000,0.00092564
2023-12-09 16:00:00+00:00,2023-12-09 16:00:00+00:00,1702137600000,0.00086137
2023-12-09 20:00:00+00:00,2023-12-09 16:00:00+00:00,1702137600000,0.00086137
2023-12-10 00:00:00+00:00,2023-12-10 00:00:00+00:00,1702166400000,0.00070792
2023-12-10 04:00:00+00:00,2023-12-10 00:00:00+00:00,1702166400000,0.00070792
2023-12-10 08:00:00+00:00,2023-12-10 08:00:00+00:00,1702195200000,0.0002232
2023-12-10 12:00:00+00:00,2023-12-10 08:00:00+00:00,1702195200000,0.0002232
2023-12-10 16:00:00+00:00,2023-12-10 16:00:00+00:00,1702224000000,0.00022906
2023-12-10 20:00:00+00:00,2023-12-10 16:00:00+00:00,1702224000000,0.00022906
2023-12-11 00:00:00+00:00,2023-12-11 00:00:00+00:00,1702252800000,0.00046346
2023-12-11 04:00:00+00:00,2023-12-11 00:00:00+00:00,1702252800000,0.00046346
2023-12-11 08:00:00+00:00,2023-12-11 08:00:00+00:00,1702281600000,0.0001
2023-12-11 12:00:00+00:00,2023-12-11 08:00:00+00:00,1702281600000,0.0001
2023-12-11 16:00:00+00:00,2023-12-11 16:00:00+00:00,1702310400000,0.0001
2023-12-11 20:00:00+00:00,2023-12-11 16:00:00+00:00,1702310400000,0.0001
2023-12-12 00:00:00+00:00,2023-12-12 00:00:00+00:00,1702339200000,0.0001
2023-12-12 04:00:00+00:00,2023-12-12 00:00:00+00:00,1702339200000,0.0001
2023-12-12 08:00:00+00:00,2023-12-12 08:00:00+00:00,1702368000000,0.0001
2023-12-12 12:00:00+00:00,2023-12-12 08:00:00+00:00,1702368000000,0.0001
2023-12-12 16:00:00+00:00,2023-12-12 16:00:00+00:00,1702396800000,0.0001
2023-12-12 20:00:00+00:00,2023-12-12 16:00:00+00:00,1702396800000,0.0001
2023-12-13 00:00:00+00:00,2023-12-13 00:00:00+00:00,1702425600000,0.0001
2023-12-13 04:00:00+00:00,2023-12-13 00:00:00+00:00,1702425600000,0.0001
2023-12-13 08:00:00+00:00,2023-12-13 08:00:00+00:00,1702454400000,0.0001
2023-12-13 12:00:00+00:00,2023-12-13 08:00:00+00:00,1702454400000,0.0001
2023-12-13 16:00:00+00:00,2023-12-13 16:00:00+00:00,1702483200000,0.0001
2023-12-13 20:00:00+00:00,2023-12-13 16:00:00+00:00,1702483200000,0.0001
2023-12-14 00:00:00+00:00,2023-12-14 00:00:00+00:00,1702512000000,0.0001
2023-12-14 04:00:00+00:00,2023-12-14 00:00:00+00:00,1702512000000,0.0001
2023-12-14 08:00:00+00:00,2023-12-14 08:00:00+00:00,1702540800000,0.0001
2023-12-14 12:00:00+00:00,2023-12-14 08:00:00+00:00,1702540800000,0.0001
2023-12-14 16:00:00+00:00,2023-12-14 16:00:00+00:00,1702569600000,0.0001
2023-12-14 20:00:00+00:00,2023-12-14 16:00:00+00:00,1702569600000,0.0001
2023-12-15 00:00:00+00:00,2023-12-15 00:00:00+00:00,1702598400000,0.00019169
2023-12-15 04:00:00+00:00,2023-12-15 00:00:00+00:00,1702598400000,0.00019169
2023-12-15 08:00:00+00:00,2023-12-15 08:00:00+00:00,1702627200000,0.00021256
2023-12-15 12:00:00+00:00,2023-12-15 08:00:00+00:00,1702627200000,0.00021256
2023-12-15 16:00:00+00:00,2023-12-15 16:00:00+00:00,1702656000000,0.00037537
2023-12-15 20:00:00+00:00,2023-12-15 16:00:00+00:00,1702656000000,0.00037537
2023-12-16 00:00:00+00:00,2023-12-16 00:00:00+00:00,1702684800000,0.00016145
2023-12-16 04:00:00+00:00,2023-12-16 00:00:00+00:00,1702684800000,0.00016145
2023-12-16 08:00:00+00:00,2023-12-16 08:00:00+00:00,1702713600000,0.0001
2023-12-16 12:00:00+00:00,2023-12-16 08:00:00+00:00,1702713600000,0.0001
2023-12-16 16:00:00+00:00,2023-12-16 16:00:00+00:00,1702742400000,0.00025067
2023-12-16 20:00:00+00:00,2023-12-16 16:00:00+00:00,1702742400000,0.00025067
2023-12-17 00:00:00+00:00,2023-12-17 00:00:00+00:00,1702771200000,0.00016235
2023-12-17 04:00:00+00:00,2023-12-17 00:00:00+00:00,1702771200000,0.00016235
2023-12-17 08:00:00+00:00,2023-12-17 08:00:00+00:00,1702800000000,0.0001
2023-12-17 12:00:00+00:00,2023-12-17 08:00:00+00:00,1702800000000,0.0001
2023-12-17 16:00:00+00:00,2023-12-17 16:00:00+00:00,1702828800000,0.0001
2023-12-17 20:00:00+00:00,2023-12-17 16:00:00+00:00,1702828800000,0.0001
2023-12-18 00:00:00+00:00,2023-12-18 00:00:00+00:00,1702857600000,0.00013251
2023-12-18 04:00:00+00:00,2023-12-18 00:00:00+00:00,1702857600000,0.00013251
2023-12-18 08:00:00+00:00,2023-12-18 08:00:00+00:00,1702886400000,0.0001
2023-12-18 12:00:00+00:00,2023-12-18 08:00:00+00:00,1702886400000,0.0001
2023-12-18 16:00:00+00:00,2023-12-18 16:00:00+00:00,1702915200000,0.0001
2023-12-18 20:00:00+00:00,2023-12-18 16:00:00+00:00,1702915200000,0.0001
2023-12-19 00:00:00+00:00,2023-12-19 00:00:00+00:00,1702944000000,0.0001
2023-12-19 04:00:00+00:00,2023-12-19 00:00:00+00:00,1702944000000,0.0001
2023-12-19 08:00:00+00:00,2023-12-19 08:00:00+00:00,1702972800000,0.0001
2023-12-19 12:00:00+00:00,2023-12-19 08:00:00+00:00,1702972800000,0.0001
2023-12-19 16:00:00+00:00,2023-12-19 16:00:00+00:00,1703001600000,0.0001
2023-12-19 20:00:00+00:00,2023-12-19 16:00:00+00:00,1703001600000,0.0001
2023-12-20 00:00:00+00:00,2023-12-20 00:00:00+00:00,1703030400000,0.0001
2023-12-20 04:00:00+00:00,2023-12-20 00:00:00+00:00,1703030400000,0.0001
2023-12-20 08:00:00+00:00,2023-12-20 08:00:00+00:00,1703059200000,0.0001
2023-12-20 12:00:00+00:00,2023-12-20 08:00:00+00:00,1703059200000,0.0001
2023-12-20 16:00:00+00:00,2023-12-20 16:00:00+00:00,1703088000000,0.00015668
2023-12-20 20:00:00+00:00,2023-12-20 16:00:00+00:00,1703088000000,0.00015668
2023-12-21 00:00:00+00:00,2023-12-21 00:00:00+00:00,1703116800000,0.00028942
2023-12-21 04:00:00+00:00,2023-12-21 00:00:00+00:00,1703116800000,0.00028942
2023-12-21 08:00:00+00:00,2023-12-21 08:00:00+00:00,1703145600000,0.00031515
2023-12-21 12:00:00+00:00,2023-12-21 08:00:00+00:00,1703145600000,0.00031515
2023-12-21 16:00:00+00:00,2023-12-21 16:00:00+00:00,1703174400000,0.00036275
2023-12-21 20:00:00+00:00,2023-12-21 16:00:00+00:00,1703174400000,0.00036275
2023-12-22 00:00:00+00:00,2023-12-22 00:00:00+00:00,1703203200000,0.00064767
2023-12-22 04:00:00+00:00,2023-12-22 00:00:00+00:00,1703203200000,0.00064767
2023-12-22 08:00:00+00:00,2023-12-22 08:00:00+00:00,1703232000000,0.0004926
2023-12-22 12:00:00+00:00,2023-12-22 08:00:00+00:00,1703232000000,0.0004926
2023-12-22 16:00:00+00:00,2023-12-22 16:00:00+00:00,1703260800000,0.00076711
2023-12-22 20:00:00+00:00,2023-12-22 16:00:00+00:00,1703260800000,0.00076711
2023-12-23 00:00:00+00:00,2023-12-23 00:00:00+00:00,1703289600000,0.00100991
2023-12-23 04:00:00+00:00,2023-12-23 00:00:00+00:00,1703289600000,0.00100991
2023-12-23 08:00:00+00:00,2023-12-23 08:00:00+00:00,1703318400000,0.00068551
2023-12-23 12:00:00+00:00,2023-12-23 08:00:00+00:00,1703318400000,0.00068551
2023-12-23 16:00:00+00:00,2023-12-23 16:00:00+00:00,1703347200000,0.00087413
2023-12-23 20:00:00+00:00,2023-12-23 16:00:00+00:00,1703347200000,0.00087413
2023-12-24 00:00:00+00:00,2023-12-24 00:00:00+00:00,1703376000000,0.00071729
2023-12-24 04:00:00+00:00,2023-12-24 00:00:00+00:00,1703376000000,0.00071729
2023-12-24 08:00:00+00:00,2023-12-24 08:00:00+00:00,1703404800000,0.00079666
2023-12-24 12:00:00+00:00,2023-12-24 08:00:00+00:00,1703404800000,0.00079666
2023-12-24 16:00:00+00:00,2023-12-24 16:00:00+00:00,1703433600000,0.00040057
2023-12-24 20:00:00+00:00,2023-12-24 16:00:00+00:00,1703433600000,0.00040057
2023-12-25 00:00:00+00:00,2023-12-25 00:00:00+00:00,1703462400000,0.00062402
2023-12-25 04:00:00+00:00,2023-12-25 00:00:00+00:00,1703462400000,0.00062402
2023-12-25 08:00:00+00:00,2023-12-25 08:00:00+00:00,1703491200000,0.00044989
2023-12-25 12:00:00+00:00,2023-12-25 08:00:00+00:00,1703491200000,0.00044989
2023-12-25 16:00:00+00:00,2023-12-25 16:00:00+00:00,1703520000000,0.00047907
2023-12-25 20:00:00+00:00,2023-12-25 16:00:00+00:00,1703520000000,0.00047907
2023-12-26 00:00:00+00:00,2023-12-26 00:00:00+00:00,1703548800000,0.00063035
2023-12-26 04:00:00+00:00,2023-12-26 00:00:00+00:00,1703548800000,0.00063035
2023-12-26 08:00:00+00:00,2023-12-26 08:00:00+00:00,1703577600000,0.00044513
2023-12-26 12:00:00+00:00,2023-12-26 08:00:00+00:00,1703577600000,0.00044513
2023-12-26 16:00:00+00:00,2023-12-26 16:00:00+00:00,1703606400000,0.00061143
2023-12-26 20:00:00+00:00,2023-12-26 16:00:00+00:00,1703606400000,0.00061143
2023-12-27 00:00:00+00:00,2023-12-27 00:00:00+00:00,1703635200000,0.00021805
2023-12-27 04:00:00+00:00,2023-12-27 00:00:00+00:00,1703635200000,0.00021805
2023-12-27 08:00:00+00:00,2023-12-27 08:00:00+00:00,1703664000000,0.00027011
2023-12-27 12:00:00+00:00,2023-12-27 08:00:00+00:00,1703664000000,0.00027011
2023-12-27 16:00:00+00:00,2023-12-27 16:00:00+00:00,1703692800000,0.00063357
2023-12-27 20:00:00+00:00,2023-12-27 16:00:00+00:00,1703692800000,0.00063357
2023-12-28 00:00:00+00:00,2023-12-28 00:00:00+00:00,1703721600000,0.0006956
2023-12-28 04:00:00+00:00,2023-12-28 00:00:00+00:00,1703721600000,0.0006956
2023-12-28 08:00:00+00:00,2023-12-28 08:00:00+00:00,1703750400000,0.00067667
2023-12-28 12:00:00+00:00,2023-12-28 08:00:00+00:00,1703750400000,0.00067667
2023-12-28 16:00:00+00:00,2023-12-28 16:00:00+00:00,1703779200000,0.00055485
2023-12-28 20:00:00+00:00,2023-12-28 16:00:00+00:00,1703779200000,0.00055485
2023-12-29 00:00:00+00:00,2023-12-29 00:00:00+00:00,1703808000000,0.00036457
2023-12-29 04:00:00+00:00,2023-12-29 00:00:00+00:00,1703808000000,0.00036457
2023-12-29 08:00:00+00:00,2023-12-29 08:00:00+00:00,1703836800000,0.00040425
2023-12-29 12:00:00+00:00,2023-12-29 08:00:00+00:00,1703836800000,0.00040425
2023-12-29 16:00:00+00:00,2023-12-29 16:00:00+00:00,1703865600000,0.00070215
2023-12-29 20:00:00+00:00,2023-12-29 16:00:00+00:00,1703865600000,0.00070215
2023-12-30 00:00:00+00:00,2023-12-30 00:00:00+00:00,1703894400000,0.0003856
2023-12-30 04:00:00+00:00,2023-12-30 00:00:00+00:00,1703894400000,0.0003856
2023-12-30 08:00:00+00:00,2023-12-30 08:00:00+00:00,1703923200000,0.00046359
2023-12-30 12:00:00+00:00,2023-12-30 08:00:00+00:00,1703923200000,0.00046359
2023-12-30 16:00:00+00:00,2023-12-30 16:00:00+00:00,1703952000000,0.00041664
2023-12-30 20:00:00+00:00,2023-12-30 16:00:00+00:00,1703952000000,0.00041664
2023-12-31 00:00:00+00:00,2023-12-31 00:00:00+00:00,1703980800000,0.00026449
2023-12-31 04:00:00+00:00,2023-12-31 00:00:00+00:00,1703980800000,0.00026449
2023-12-31 08:00:00+00:00,2023-12-31 08:00:00+00:00,1704009600000,0.00034714
2023-12-31 12:00:00+00:00,2023-12-31 08:00:00+00:00,1704009600000,0.00034714
2023-12-31 16:00:00+00:00,2023-12-31 16:00:00+00:00,1704038400000,0.00036294
2023-12-31 20:00:00+00:00,2023-12-31 16:00:00+00:00,1704038400000,0.00036294
2024-01-01 00:00:00+00:00,2024-01-01 00:00:00+00:00,1704067200000,0.00039396
2024-01-01 04:00:00+00:00,2024-01-01 00:00:00+00:00,1704067200000,0.00039396
2024-01-01 08:00:00+00:00,2024-01-01 08:00:00+00:00,1704096000000,0.00032352
2024-01-01 12:00:00+00:00,2024-01-01 08:00:00+00:00,1704096000000,0.00032352
2024-01-01 16:00:00+00:00,2024-01-01 16:00:00+00:00,1704124800000,0.0005808
2024-01-01 20:00:00+00:00,2024-01-01 16:00:00+00:00,1704124800000,0.0005808
2024-01-02 00:00:00+00:00,2024-01-02 00:00:00+00:00,1704153600000,0.00081946
2024-01-02 04:00:00+00:00,2024-01-02 00:00:00+00:00,1704153600000,0.00081946
2024-01-02 08:00:00+00:00,2024-01-02 08:00:00+00:00,1704182400000,0.00072385
2024-01-02 12:00:00+00:00,2024-01-02 08:00:00+00:00,1704182400000,0.00072385
2024-01-02 16:00:00+00:00,2024-01-02 16:00:00+00:00,1704211200000,0.00099771
2024-01-02 20:00:00+00:00,2024-01-02 16:00:00+00:00,1704211200000,0.00099771
2024-01-03 00:00:00+00:00,2024-01-03 00:00:00+00:00,1704240000000,0.00068675
2024-01-03 04:00:00+00:00,2024-01-03 00:00:00+00:00,1704240000000,0.00068675
2024-01-03 08:00:00+00:00,2024-01-03 08:00:00+00:00,1704268800000,0.00064294
2024-01-03 12:00:00+00:00,2024-01-03 08:00:00+00:00,1704268800000,0.00064294
2024-01-03 16:00:00+00:00,2024-01-03 16:00:00+00:00,1704297600000,0.00013538
2024-01-03 20:00:00+00:00,2024-01-03 16:00:00+00:00,1704297600000,0.00013538
2024-01-04 00:00:00+00:00,2024-01-04 00:00:00+00:00,1704326400000,0.0001
2024-01-04 04:00:00+00:00,2024-01-04 00:00:00+00:00,1704326400000,0.0001
2024-01-04 08:00:00+00:00,2024-01-04 08:00:00+00:00,1704355200000,0.0001
2024-01-04 12:00:00+00:00,2024-01-04 08:00:00+00:00,1704355200000,0.0001
2024-01-04 16:00:00+00:00,2024-01-04 16:00:00+00:00,1704384000000,0.0001
2024-01-04 20:00:00+00:00,2024-01-04 16:00:00+00:00,1704384000000,0.0001
2024-01-05 00:00:00+00:00,2024-01-05 00:00:00+00:00,1704412800000,0.0001
2024-01-05 04:00:00+00:00,2024-01-05 00:00:00+00:00,1704412800000,0.0001
2024-01-05 08:00:00+00:00,2024-01-05 08:00:00+00:00,1704441600000,0.0001
2024-01-05 12:00:00+00:00,2024-01-05 08:00:00+00:00,1704441600000,0.0001
2024-01-05 16:00:00+00:00,2024-01-05 16:00:00+00:00,1704470400000,0.0001
2024-01-05 20:00:00+00:00,2024-01-05 16:00:00+00:00,1704470400000,0.0001
2024-01-06 00:00:00+00:00,2024-01-06 00:00:00+00:00,1704499200000,0.0001
2024-01-06 04:00:00+00:00,2024-01-06 00:00:00+00:00,1704499200000,0.0001
2024-01-06 08:00:00+00:00,2024-01-06 08:00:00+00:00,1704528000000,0.0001
2024-01-06 12:00:00+00:00,2024-01-06 08:00:00+00:00,1704528000000,0.0001
2024-01-06 16:00:00+00:00,2024-01-06 16:00:00+00:00,1704556800000,0.0001
2024-01-06 20:00:00+00:00,2024-01-06 16:00:00+00:00,1704556800000,0.0001
2024-01-07 00:00:00+00:00,2024-01-07 00:00:00+00:00,1704585600000,0.0001
2024-01-07 04:00:00+00:00,2024-01-07 00:00:00+00:00,1704585600000,0.0001
2024-01-07 08:00:00+00:00,2024-01-07 08:00:00+00:00,1704614400000,0.0001
2024-01-07 12:00:00+00:00,2024-01-07 08:00:00+00:00,1704614400000,0.0001
2024-01-07 16:00:00+00:00,2024-01-07 16:00:00+00:00,1704643200000,0.0001
2024-01-07 20:00:00+00:00,2024-01-07 16:00:00+00:00,1704643200000,0.0001
2024-01-08 00:00:00+00:00,2024-01-08 00:00:00+00:00,1704672000000,0.0001
2024-01-08 04:00:00+00:00,2024-01-08 00:00:00+00:00,1704672000000,0.0001
2024-01-08 08:00:00+00:00,2024-01-08 08:00:00+00:00,1704700800000,0.0001
2024-01-08 12:00:00+00:00,2024-01-08 08:00:00+00:00,1704700800000,0.0001
2024-01-08 16:00:00+00:00,2024-01-08 16:00:00+00:00,1704729600000,0.0001
2024-01-08 20:00:00+00:00,2024-01-08 16:00:00+00:00,1704729600000,0.0001
2024-01-09 00:00:00+00:00,2024-01-09 00:00:00+00:00,1704758400000,0.0001
2024-01-09 04:00:00+00:00,2024-01-09 00:00:00+00:00,1704758400000,0.0001
2024-01-09 08:00:00+00:00,2024-01-09 08:00:00+00:00,1704787200000,0.0001
2024-01-09 12:00:00+00:00,2024-01-09 08:00:00+00:00,1704787200000,0.0001
2024-01-09 16:00:00+00:00,2024-01-09 16:00:00+00:00,1704816000000,0.0001
2024-01-09 20:00:00+00:00,2024-01-09 16:00:00+00:00,1704816000000,0.0001
2024-01-10 00:00:00+00:00,2024-01-10 00:00:00+00:00,1704844800000,0.0001
2024-01-10 04:00:00+00:00,2024-01-10 00:00:00+00:00,1704844800000,0.0001
2024-01-10 08:00:00+00:00,2024-01-10 08:00:00+00:00,1704873600000,0.0001
2024-01-10 12:00:00+00:00,2024-01-10 08:00:00+00:00,1704873600000,0.0001
2024-01-10 16:00:00+00:00,2024-01-10 16:00:00+00:00,1704902400000,0.0001
2024-01-10 20:00:00+00:00,2024-01-10 16:00:00+00:00,1704902400000,0.0001
2024-01-11 00:00:00+00:00,2024-01-11 00:00:00+00:00,1704931200000,0.0001
2024-01-11 04:00:00+00:00,2024-01-11 00:00:00+00:00,1704931200000,0.0001
2024-01-11 08:00:00+00:00,2024-01-11 08:00:00+00:00,1704960000000,0.0001
2024-01-11 12:00:00+00:00,2024-01-11 08:00:00+00:00,1704960000000,0.0001
2024-01-11 16:00:00+00:00,2024-01-11 16:00:00+00:00,1704988800000,0.0001
2024-01-11 20:00:00+00:00,2024-01-11 16:00:00+00:00,1704988800000,0.0001
2024-01-12 00:00:00+00:00,2024-01-12 00:00:00+00:00,1705017600000,0.0001
2024-01-12 04:00:00+00:00,2024-01-12 00:00:00+00:00,1705017600000,0.0001
2024-01-12 08:00:00+00:00,2024-01-12 08:00:00+00:00,1705046400000,0.0001
2024-01-12 12:00:00+00:00,2024-01-12 08:00:00+00:00,1705046400000,0.0001
2024-01-12 16:00:00+00:00,2024-01-12 16:00:00+00:00,1705075200000,0.0001
2024-01-12 20:00:00+00:00,2024-01-12 16:00:00+00:00,1705075200000,0.0001
2024-01-13 00:00:00+00:00,2024-01-13 00:00:00+00:00,1705104000000,0.0001
2024-01-13 04:00:00+00:00,2024-01-13 00:00:00+00:00,1705104000000,0.0001
2024-01-13 08:00:00+00:00,2024-01-13 08:00:00+00:00,1705132800000,0.0001
2024-01-13 12:00:00+00:00,2024-01-13 08:00:00+00:00,1705132800000,0.0001
2024-01-13 16:00:00+00:00,2024-01-13 16:00:00+00:00,1705161600000,0.0001
2024-01-13 20:00:00+00:00,2024-01-13 16:00:00+00:00,1705161600000,0.0001
2024-01-14 00:00:00+00:00,2024-01-14 00:00:00+00:00,1705190400000,0.0001
2024-01-14 04:00:00+00:00,2024-01-14 00:00:00+00:00,1705190400000,0.0001
2024-01-14 08:00:00+00:00,2024-01-14 08:00:00+00:00,1705219200000,0.0001
2024-01-14 12:00:00+00:00,2024-01-14 08:00:00+00:00,1705219200000,0.0001
2024-01-14 16:00:00+00:00,2024-01-14 16:00:00+00:00,1705248000000,0.0001
2024-01-14 20:00:00+00:00,2024-01-14 16:00:00+00:00,1705248000000,0.0001
2024-01-15 00:00:00+00:00,2024-01-15 00:00:00+00:00,1705276800000,0.0001
2024-01-15 04:00:00+00:00,2024-01-15 00:00:00+00:00,1705276800000,0.0001
2024-01-15 08:00:00+00:00,2024-01-15 08:00:00+00:00,1705305600000,0.0001
2024-01-15 12:00:00+00:00,2024-01-15 08:00:00+00:00,1705305600000,0.0001
2024-01-15 16:00:00+00:00,2024-01-15 16:00:00+00:00,1705334400000,0.0001
2024-01-15 20:00:00+00:00,2024-01-15 16:00:00+00:00,1705334400000,0.0001
2024-01-16 00:00:00+00:00,2024-01-16 00:00:00+00:00,1705363200000,0.0001
2024-01-16 04:00:00+00:00,2024-01-16 00:00:00+00:00,1705363200000,0.0001
2024-01-16 08:00:00+00:00,2024-01-16 08:00:00+00:00,1705392000000,0.0001
2024-01-16 12:00:00+00:00,2024-01-16 08:00:00+00:00,1705392000000,0.0001
2024-01-16 16:00:00+00:00,2024-01-16 16:00:00+00:00,1705420800000,0.0001
2024-01-16 20:00:00+00:00,2024-01-16 16:00:00+00:00,1705420800000,0.0001
2024-01-17 00:00:00+00:00,2024-01-17 00:00:00+00:00,1705449600000,0.0001
2024-01-17 04:00:00+00:00,2024-01-17 00:00:00+00:00,1705449600000,0.0001
2024-01-17 08:00:00+00:00,2024-01-17 08:00:00+00:00,1705478400000,0.0001
2024-01-17 12:00:00+00:00,2024-01-17 08:00:00+00:00,1705478400000,0.0001
2024-01-17 16:00:00+00:00,2024-01-17 16:00:00+00:00,1705507200000,0.0001
2024-01-17 20:00:00+00:00,2024-01-17 16:00:00+00:00,1705507200000,0.0001
2024-01-18 00:00:00+00:00,2024-01-18 00:00:00+00:00,1705536000000,0.0001
2024-01-18 04:00:00+00:00,2024-01-18 00:00:00+00:00,1705536000000,0.0001
2024-01-18 08:00:00+00:00,2024-01-18 08:00:00+00:00,1705564800000,0.0001
2024-01-18 12:00:00+00:00,2024-01-18 08:00:00+00:00,1705564800000,0.0001
2024-01-18 16:00:00+00:00,2024-01-18 16:00:00+00:00,1705593600000,0.0001
2024-01-18 20:00:00+00:00,2024-01-18 16:00:00+00:00,1705593600000,0.0001
2024-01-19 00:00:00+00:00,2024-01-19 00:00:00+00:00,1705622400000,0.0001
2024-01-19 04:00:00+00:00,2024-01-19 00:00:00+00:00,1705622400000,0.0001
2024-01-19 08:00:00+00:00,2024-01-19 08:00:00+00:00,1705651200000,0.0001
2024-01-19 12:00:00+00:00,2024-01-19 08:00:00+00:00,1705651200000,0.0001
2024-01-19 16:00:00+00:00,2024-01-19 16:00:00+00:00,1705680000000,0.0001
2024-01-19 20:00:00+00:00,2024-01-19 16:00:00+00:00,1705680000000,0.0001
2024-01-20 00:00:00+00:00,2024-01-20 00:00:00+00:00,1705708800000,0.0001
2024-01-20 04:00:00+00:00,2024-01-20 00:00:00+00:00,1705708800000,0.0001
2024-01-20 08:00:00+00:00,2024-01-20 08:00:00+00:00,1705737600000,0.0001
2024-01-20 12:00:00+00:00,2024-01-20 08:00:00+00:00,1705737600000,0.0001
2024-01-20 16:00:00+00:00,2024-01-20 16:00:00+00:00,1705766400000,0.0001
2024-01-20 20:00:00+00:00,2024-01-20 16:00:00+00:00,1705766400000,0.0001
2024-01-21 00:00:00+00:00,2024-01-21 00:00:00+00:00,1705795200000,0.0001
2024-01-21 04:00:00+00:00,2024-01-21 00:00:00+00:00,1705795200000,0.0001
2024-01-21 08:00:00+00:00,2024-01-21 08:00:00+00:00,1705824000000,0.0001
2024-01-21 12:00:00+00:00,2024-01-21 08:00:00+00:00,1705824000000,0.0001
2024-01-21 16:00:00+00:00,2024-01-21 16:00:00+00:00,1705852800000,0.0001
2024-01-21 20:00:00+00:00,2024-01-21 16:00:00+00:00,1705852800000,0.0001
2024-01-22 00:00:00+00:00,2024-01-22 00:00:00+00:00,1705881600000,0.0001
2024-01-22 04:00:00+00:00,2024-01-22 00:00:00+00:00,1705881600000,0.0001
2024-01-22 08:00:00+00:00,2024-01-22 08:00:00+00:00,1705910400000,0.0001
2024-01-22 12:00:00+00:00,2024-01-22 08:00:00+00:00,1705910400000,0.0001
2024-01-22 16:00:00+00:00,2024-01-22 16:00:00+00:00,1705939200000,0.0001
2024-01-22 20:00:00+00:00,2024-01-22 16:00:00+00:00,1705939200000,0.0001
2024-01-23 00:00:00+00:00,2024-01-23 00:00:00+00:00,1705968000000,0.0001
2024-01-23 04:00:00+00:00,2024-01-23 00:00:00+00:00,1705968000000,0.0001
2024-01-23 08:00:00+00:00,2024-01-23 08:00:00+00:00,1705996800000,0.0001
2024-01-23 12:00:00+00:00,2024-01-23 08:00:00+00:00,1705996800000,0.0001
2024-01-23 16:00:00+00:00,2024-01-23 16:00:00+00:00,1706025600000,0.0001
2024-01-23 20:00:00+00:00,2024-01-23 16:00:00+00:00,1706025600000,0.0001
2024-01-24 00:00:00+00:00,2024-01-24 00:00:00+00:00,1706054400000,0.0001
2024-01-24 04:00:00+00:00,2024-01-24 00:00:00+00:00,1706054400000,0.0001
2024-01-24 08:00:00+00:00,2024-01-24 08:00:00+00:00,1706083200000,0.0001
2024-01-24 12:00:00+00:00,2024-01-24 08:00:00+00:00,1706083200000,0.0001
2024-01-24 16:00:00+00:00,2024-01-24 16:00:00+00:00,1706112000000,0.0001
2024-01-24 20:00:00+00:00,2024-01-24 16:00:00+00:00,1706112000000,0.0001
2024-01-25 00:00:00+00:00,2024-01-25 00:00:00+00:00,1706140800000,0.0001
2024-01-25 04:00:00+00:00,2024-01-25 00:00:00+00:00,1706140800000,0.0001
2024-01-25 08:00:00+00:00,2024-01-25 08:00:00+00:00,1706169600000,0.0001
2024-01-25 12:00:00+00:00,2024-01-25 08:00:00+00:00,1706169600000,0.0001
2024-01-25 16:00:00+00:00,2024-01-25 16:00:00+00:00,1706198400000,0.0001
2024-01-25 20:00:00+00:00,2024-01-25 16:00:00+00:00,1706198400000,0.0001
2024-01-26 00:00:00+00:00,2024-01-26 00:00:00+00:00,1706227200000,0.0001
2024-01-26 04:00:00+00:00,2024-01-26 00:00:00+00:00,1706227200000,0.0001
2024-01-26 08:00:00+00:00,2024-01-26 08:00:00+00:00,1706256000000,0.0001
2024-01-26 12:00:00+00:00,2024-01-26 08:00:00+00:00,1706256000000,0.0001
2024-01-26 16:00:00+00:00,2024-01-26 16:00:00+00:00,1706284800000,0.0001
2024-01-26 20:00:00+00:00,2024-01-26 16:00:00+00:00,1706284800000,0.0001
2024-01-27 00:00:00+00:00,2024-01-27 00:00:00+00:00,1706313600000,0.0001
2024-01-27 04:00:00+00:00,2024-01-27 00:00:00+00:00,1706313600000,0.0001
2024-01-27 08:00:00+00:00,2024-01-27 08:00:00+00:00,1706342400000,0.0001
2024-01-27 12:00:00+00:00,2024-01-27 08:00:00+00:00,1706342400000,0.0001
2024-01-27 16:00:00+00:00,2024-01-27 16:00:00+00:00,1706371200000,0.0001
2024-01-27 20:00:00+00:00,2024-01-27 16:00:00+00:00,1706371200000,0.0001
2024-01-28 00:00:00+00:00,2024-01-28 00:00:00+00:00,1706400000000,0.0001
2024-01-28 04:00:00+00:00,2024-01-28 00:00:00+00:00,1706400000000,0.0001
2024-01-28 08:00:00+00:00,2024-01-28 08:00:00+00:00,1706428800000,0.0001
2024-01-28 12:00:00+00:00,2024-01-28 08:00:00+00:00,1706428800000,0.0001
2024-01-28 16:00:00+00:00,2024-01-28 16:00:00+00:00,1706457600000,0.0001
2024-01-28 20:00:00+00:00,2024-01-28 16:00:00+00:00,1706457600000,0.0001
2024-01-29 00:00:00+00:00,2024-01-29 00:00:00+00:00,1706486400000,0.0001
2024-01-29 04:00:00+00:00,2024-01-29 00:00:00+00:00,1706486400000,0.0001
2024-01-29 08:00:00+00:00,2024-01-29 08:00:00+00:00,1706515200000,0.0001
2024-01-29 12:00:00+00:00,2024-01-29 08:00:00+00:00,1706515200000,0.0001
2024-01-29 16:00:00+00:00,2024-01-29 16:00:00+00:00,1706544000000,0.0001
2024-01-29 20:00:00+00:00,2024-01-29 16:00:00+00:00,1706544000000,0.0001
2024-01-30 00:00:00+00:00,2024-01-30 00:00:00+00:00,1706572800000,0.0001
2024-01-30 04:00:00+00:00,2024-01-30 00:00:00+00:00,1706572800000,0.0001
2024-01-30 08:00:00+00:00,2024-01-30 08:00:00+00:00,1706601600000,0.0001
2024-01-30 12:00:00+00:00,2024-01-30 08:00:00+00:00,1706601600000,0.0001
2024-01-30 16:00:00+00:00,2024-01-30 16:00:00+00:00,1706630400000,0.0001
2024-01-30 20:00:00+00:00,2024-01-30 16:00:00+00:00,1706630400000,0.0001
2024-01-31 00:00:00+00:00,2024-01-31 00:00:00+00:00,1706659200000,0.0001
2024-01-31 04:00:00+00:00,2024-01-31 00:00:00+00:00,1706659200000,0.0001
2024-01-31 08:00:00+00:00,2024-01-31 08:00:00+00:00,1706688000000,0.0001
2024-01-31 12:00:00+00:00,2024-01-31 08:00:00+00:00,1706688000000,0.0001
2024-01-31 16:00:00+00:00,2024-01-31 16:00:00+00:00,1706716800000,0.0001
2024-01-31 20:00:00+00:00,2024-01-31 16:00:00+00:00,1706716800000,0.0001
2024-02-01 00:00:00+00:00,2024-02-01 00:00:00+00:00,1706745600000,0.0001
2024-02-01 04:00:00+00:00,2024-02-01 00:00:00+00:00,1706745600000,0.0001
2024-02-01 08:00:00+00:00,2024-02-01 08:00:00+00:00,1706774400000,0.0001
2024-02-01 12:00:00+00:00,2024-02-01 08:00:00+00:00,1706774400000,0.0001
2024-02-01 16:00:00+00:00,2024-02-01 16:00:00+00:00,1706803200000,0.0001
2024-02-01 20:00:00+00:00,2024-02-01 16:00:00+00:00,1706803200000,0.0001
2024-02-02 00:00:00+00:00,2024-02-02 00:00:00+00:00,1706832000000,0.0001
2024-02-02 04:00:00+00:00,2024-02-02 00:00:00+00:00,1706832000000,0.0001
2024-02-02 08:00:00+00:00,2024-02-02 08:00:00+00:00,1706860800000,0.0001
2024-02-02 12:00:00+00:00,2024-02-02 08:00:00+00:00,1706860800000,0.0001
2024-02-02 16:00:00+00:00,2024-02-02 16:00:00+00:00,1706889600000,0.0001
2024-02-02 20:00:00+00:00,2024-02-02 16:00:00+00:00,1706889600000,0.0001
2024-02-03 00:00:00+00:00,2024-02-03 00:00:00+00:00,1706918400000,0.0001
2024-02-03 04:00:00+00:00,2024-02-03 00:00:00+00:00,1706918400000,0.0001
2024-02-03 08:00:00+00:00,2024-02-03 08:00:00+00:00,1706947200000,0.0001
2024-02-03 12:00:00+00:00,2024-02-03 08:00:00+00:00,1706947200000,0.0001
2024-02-03 16:00:00+00:00,2024-02-03 16:00:00+00:00,1706976000000,0.0001
2024-02-03 20:00:00+00:00,2024-02-03 16:00:00+00:00,1706976000000,0.0001
2024-02-04 00:00:00+00:00,2024-02-04 00:00:00+00:00,1707004800000,0.0001
2024-02-04 04:00:00+00:00,2024-02-04 00:00:00+00:00,1707004800000,0.0001
2024-02-04 08:00:00+00:00,2024-02-04 08:00:00+00:00,1707033600000,0.0001
2024-02-04 12:00:00+00:00,2024-02-04 08:00:00+00:00,1707033600000,0.0001
2024-02-04 16:00:00+00:00,2024-02-04 16:00:00+00:00,1707062400000,0.0001
2024-02-04 20:00:00+00:00,2024-02-04 16:00:00+00:00,1707062400000,0.0001
2024-02-05 00:00:00+00:00,2024-02-05 00:00:00+00:00,1707091200000,0.0001
2024-02-05 04:00:00+00:00,2024-02-05 00:00:00+00:00,1707091200000,0.0001
2024-02-05 08:00:00+00:00,2024-02-05 08:00:00+00:00,1707120000000,0.0001
2024-02-05 12:00:00+00:00,2024-02-05 08:00:00+00:00,1707120000000,0.0001
2024-02-05 16:00:00+00:00,2024-02-05 16:00:00+00:00,1707148800000,0.0001
2024-02-05 20:00:00+00:00,2024-02-05 16:00:00+00:00,1707148800000,0.0001
2024-02-06 00:00:00+00:00,2024-02-06 00:00:00+00:00,1707177600000,0.0001
2024-02-06 04:00:00+00:00,2024-02-06 00:00:00+00:00,1707177600000,0.0001
2024-02-06 08:00:00+00:00,2024-02-06 08:00:00+00:00,1707206400000,0.0001
2024-02-06 12:00:00+00:00,2024-02-06 08:00:00+00:00,1707206400000,0.0001
2024-02-06 16:00:00+00:00,2024-02-06 16:00:00+00:00,1707235200000,0.0001
2024-02-06 20:00:00+00:00,2024-02-06 16:00:00+00:00,1707235200000,0.0001
2024-02-07 00:00:00+00:00,2024-02-07 00:00:00+00:00,1707264000000,0.0001
2024-02-07 04:00:00+00:00,2024-02-07 00:00:00+00:00,1707264000000,0.0001
2024-02-07 08:00:00+00:00,2024-02-07 08:00:00+00:00,1707292800000,0.0001
2024-02-07 12:00:00+00:00,2024-02-07 08:00:00+00:00,1707292800000,0.0001
2024-02-07 16:00:00+00:00,2024-02-07 16:00:00+00:00,1707321600000,0.0001
2024-02-07 20:00:00+00:00,2024-02-07 16:00:00+00:00,1707321600000,0.0001
2024-02-08 00:00:00+00:00,2024-02-08 00:00:00+00:00,1707350400000,0.0001
2024-02-08 04:00:00+00:00,2024-02-08 00:00:00+00:00,1707350400000,0.0001
2024-02-08 08:00:00+00:00,2024-02-08 08:00:00+00:00,1707379200000,0.0001
2024-02-08 12:00:00+00:00,2024-02-08 08:00:00+00:00,1707379200000,0.0001
2024-02-08 16:00:00+00:00,2024-02-08 16:00:00+00:00,1707408000000,0.0001
2024-02-08 20:00:00+00:00,2024-02-08 16:00:00+00:00,1707408000000,0.0001
2024-02-09 00:00:00+00:00,2024-02-09 00:00:00+00:00,1707436800000,0.0001
2024-02-09 04:00:00+00:00,2024-02-09 00:00:00+00:00,1707436800000,0.0001
2024-02-09 08:00:00+00:00,2024-02-09 08:00:00+00:00,1707465600000,0.0001
2024-02-09 12:00:00+00:00,2024-02-09 08:00:00+00:00,1707465600000,0.0001
2024-02-09 16:00:00+00:00,2024-02-09 16:00:00+00:00,1707494400000,0.0001
2024-02-09 20:00:00+00:00,2024-02-09 16:00:00+00:00,1707494400000,0.0001
2024-02-10 00:00:00+00:00,2024-02-10 00:00:00+00:00,1707523200000,0.0001
2024-02-10 04:00:00+00:00,2024-02-10 00:00:00+00:00,1707523200000,0.0001
2024-02-10 08:00:00+00:00,2024-02-10 08:00:00+00:00,1707552000000,0.0001
2024-02-10 12:00:00+00:00,2024-02-10 08:00:00+00:00,1707552000000,0.0001
2024-02-10 16:00:00+00:00,2024-02-10 16:00:00+00:00,1707580800000,0.0001
2024-02-10 20:00:00+00:00,2024-02-10 16:00:00+00:00,1707580800000,0.0001
2024-02-11 00:00:00+00:00,2024-02-11 00:00:00+00:00,1707609600000,0.0001
2024-02-11 04:00:00+00:00,2024-02-11 00:00:00+00:00,1707609600000,0.0001
2024-02-11 08:00:00+00:00,2024-02-11 08:00:00+00:00,1707638400000,0.0001
2024-02-11 12:00:00+00:00,2024-02-11 08:00:00+00:00,1707638400000,0.0001
2024-02-11 16:00:00+00:00,2024-02-11 16:00:00+00:00,1707667200000,0.0001
2024-02-11 20:00:00+00:00,2024-02-11 16:00:00+00:00,1707667200000,0.0001
2024-02-12 00:00:00+00:00,2024-02-12 00:00:00+00:00,1707696000000,0.0001
2024-02-12 04:00:00+00:00,2024-02-12 00:00:00+00:00,1707696000000,0.0001
2024-02-12 08:00:00+00:00,2024-02-12 08:00:00+00:00,1707724800000,0.0001
2024-02-12 12:00:00+00:00,2024-02-12 08:00:00+00:00,1707724800000,0.0001
2024-02-12 16:00:00+00:00,2024-02-12 16:00:00+00:00,1707753600000,0.0001
2024-02-12 20:00:00+00:00,2024-02-12 16:00:00+00:00,1707753600000,0.0001
2024-02-13 00:00:00+00:00,2024-02-13 00:00:00+00:00,1707782400000,0.0001
2024-02-13 04:00:00+00:00,2024-02-13 00:00:00+00:00,1707782400000,0.0001
2024-02-13 08:00:00+00:00,2024-02-13 08:00:00+00:00,1707811200000,0.0001
2024-02-13 12:00:00+00:00,2024-02-13 08:00:00+00:00,1707811200000,0.0001
2024-02-13 16:00:00+00:00,2024-02-13 16:00:00+00:00,1707840000000,0.0001
2024-02-13 20:00:00+00:00,2024-02-13 16:00:00+00:00,1707840000000,0.0001
2024-02-14 00:00:00+00:00,2024-02-14 00:00:00+00:00,1707868800000,0.0001
2024-02-14 04:00:00+00:00,2024-02-14 00:00:00+00:00,1707868800000,0.0001
2024-02-14 08:00:00+00:00,2024-02-14 08:00:00+00:00,1707897600000,0.00013836
2024-02-14 12:00:00+00:00,2024-02-14 08:00:00+00:00,1707897600000,0.00013836
2024-02-14 16:00:00+00:00,2024-02-14 16:00:00+00:00,1707926400000,0.0005104
2024-02-14 20:00:00+00:00,2024-02-14 16:00:00+00:00,1707926400000,0.0005104
2024-02-15 00:00:00+00:00,2024-02-15 00:00:00+00:00,1707955200000,0.00047192
2024-02-15 04:00:00+00:00,2024-02-15 00:00:00+00:00,1707955200000,0.00047192
2024-02-15 08:00:00+00:00,2024-02-15 08:00:00+00:00,1707984000000,0.0004735
2024-02-15 12:00:00+00:00,2024-02-15 08:00:00+00:00,1707984000000,0.0004735
2024-02-15 16:00:00+00:00,2024-02-15 16:00:00+00:00,1708012800000,0.00045698
2024-02-15 20:00:00+00:00,2024-02-15 16:00:00+00:00,1708012800000,0.00045698
2024-02-16 00:00:00+00:00,2024-02-16 00:00:00+00:00,1708041600000,0.00038072
2024-02-16 04:00:00+00:00,2024-02-16 00:00:00+00:00,1708041600000,0.00038072
2024-02-16 08:00:00+00:00,2024-02-16 08:00:00+00:00,1708070400000,0.000532
2024-02-16 12:00:00+00:00,2024-02-16 08:00:00+00:00,1708070400000,0.000532
2024-02-16 16:00:00+00:00,2024-02-16 16:00:00+00:00,1708099200000,0.00011806
2024-02-16 20:00:00+00:00,2024-02-16 16:00:00+00:00,1708099200000,0.00011806
2024-02-17 00:00:00+00:00,2024-02-17 00:00:00+00:00,1708128000000,0.0001
2024-02-17 04:00:00+00:00,2024-02-17 00:00:00+00:00,1708128000000,0.0001
2024-02-17 08:00:00+00:00,2024-02-17 08:00:00+00:00,1708156800000,0.0001668
2024-02-17 12:00:00+00:00,2024-02-17 08:00:00+00:00,1708156800000,0.0001668
2024-02-17 16:00:00+00:00,2024-02-17 16:00:00+00:00,1708185600000,0.00015643
2024-02-17 20:00:00+00:00,2024-02-17 16:00:00+00:00,1708185600000,0.00015643
2024-02-18 00:00:00+00:00,2024-02-18 00:00:00+00:00,1708214400000,0.00027518
2024-02-18 04:00:00+00:00,2024-02-18 00:00:00+00:00,1708214400000,0.00027518
2024-02-18 08:00:00+00:00,2024-02-18 08:00:00+00:00,1708243200000,0.0002903
2024-02-18 12:00:00+00:00,2024-02-18 08:00:00+00:00,1708243200000,0.0002903
2024-02-18 16:00:00+00:00,2024-02-18 16:00:00+00:00,1708272000000,0.00034384
2024-02-18 20:00:00+00:00,2024-02-18 16:00:00+00:00,1708272000000,0.00034384
2024-02-19 00:00:00+00:00,2024-02-19 00:00:00+00:00,1708300800000,0.00035697
2024-02-19 04:00:00+00:00,2024-02-19 00:00:00+00:00,1708300800000,0.00035697
2024-02-19 08:00:00+00:00,2024-02-19 08:00:00+00:00,1708329600000,0.00017191
2024-02-19 12:00:00+00:00,2024-02-19 08:00:00+00:00,1708329600000,0.00017191
2024-02-19 16:00:00+00:00,2024-02-19 16:00:00+00:00,1708358400000,0.00033044
2024-02-19 20:00:00+00:00,2024-02-19 16:00:00+00:00,1708358400000,0.00033044
2024-02-20 00:00:00+00:00,2024-02-20 00:00:00+00:00,1708387200000,0.00056458
2024-02-20 04:00:00+00:00,2024-02-20 00:00:00+00:00,1708387200000,0.00056458
2024-02-20 08:00:00+00:00,2024-02-20 08:00:00+00:00,1708416000000,0.00020897
2024-02-20 12:00:00+00:00,2024-02-20 08:00:00+00:00,1708416000000,0.00020897
2024-02-20 16:00:00+00:00,2024-02-20 16:00:00+00:00,1708444800000,0.00016601
2024-02-20 20:00:00+00:00,2024-02-20 16:00:00+00:00,1708444800000,0.00016601
2024-02-21 00:00:00+00:00,2024-02-21 00:00:00+00:00,1708473600000,0.00013231
2024-02-21 04:00:00+00:00,2024-02-21 00:00:00+00:00,1708473600000,0.00013231
2024-02-21 08:00:00+00:00,2024-02-21 08:00:00+00:00,1708502400000,0.00015722
2024-02-21 12:00:00+00:00,2024-02-21 08:00:00+00:00,1708502400000,0.00015722
2024-02-21 16:00:00+00:00,2024-02-21 16:00:00+00:00,1708531200000,0.0001
2024-02-21 20:00:00+00:00,2024-02-21 16:00:00+00:00,1708531200000,0.0001
2024-02-22 00:00:00+00:00,2024-02-22 00:00:00+00:00,1708560000000,0.0001
2024-02-22 04:00:00+00:00,2024-02-22 00:00:00+00:00,1708560000000,0.0001
2024-02-22 08:00:00+00:00,2024-02-22 08:00:00+00:00,1708588800000,0.0001
2024-02-22 12:00:00+00:00,2024-02-22 08:00:00+00:00,1708588800000,0.0001
2024-02-22 16:00:00+00:00,2024-02-22 16:00:00+00:00,1708617600000,0.00024185
2024-02-22 20:00:00+00:00,2024-02-22 16:00:00+00:00,1708617600000,0.00024185
2024-02-23 00:00:00+00:00,2024-02-23 00:00:00+00:00,1708646400000,0.00032178
2024-02-23 04:00:00+00:00,2024-02-23 00:00:00+00:00,1708646400000,0.00032178
2024-02-23 08:00:00+00:00,2024-02-23 08:00:00+00:00,1708675200000,0.0002102
2024-02-23 12:00:00+00:00,2024-02-23 08:00:00+00:00,1708675200000,0.0002102
2024-02-23 16:00:00+00:00,2024-02-23 16:00:00+00:00,1708704000000,0.00035771
2024-02-23 20:00:00+00:00,2024-02-23 16:00:00+00:00,1708704000000,0.00035771
2024-02-24 00:00:00+00:00,2024-02-24 00:00:00+00:00,1708732800000,0.00015076
2024-02-24 04:00:00+00:00,2024-02-24 00:00:00+00:00,1708732800000,0.00015076
2024-02-24 08:00:00+00:00,2024-02-24 08:00:00+00:00,1708761600000,0.0001
2024-02-24 12:00:00+00:00,2024-02-24 08:00:00+00:00,1708761600000,0.0001
2024-02-24 16:00:00+00:00,2024-02-24 16:00:00+00:00,1708790400000,0.00015318
2024-02-24 20:00:00+00:00,2024-02-24 16:00:00+00:00,1708790400000,0.00015318
2024-02-25 00:00:00+00:00,2024-02-25 00:00:00+00:00,1708819200000,0.00029126
2024-02-25 04:00:00+00:00,2024-02-25 00:00:00+00:00,1708819200000,0.00029126
2024-02-25 08:00:00+00:00,2024-02-25 08:00:00+00:00,1708848000000,0.0003902
2024-02-25 12:00:00+00:00,2024-02-25 08:00:00+00:00,1708848000000,0.0003902
2024-02-25 16:00:00+00:00,2024-02-25 16:00:00+00:00,1708876800000,0.00042798
2024-02-25 20:00:00+00:00,2024-02-25 16:00:00+00:00,1708876800000,0.00042798
2024-02-26 00:00:00+00:00,2024-02-26 00:00:00+00:00,1708905600000,0.00052354
2024-02-26 04:00:00+00:00,2024-02-26 00:00:00+00:00,1708905600000,0.00052354
2024-02-26 08:00:00+00:00,2024-02-26 08:00:00+00:00,1708934400000,0.00044344
2024-02-26 12:00:00+00:00,2024-02-26 08:00:00+00:00,1708934400000,0.00044344
2024-02-26 16:00:00+00:00,2024-02-26 16:00:00+00:00,1708963200000,0.00037707
2024-02-26 20:00:00+00:00,2024-02-26 16:00:00+00:00,1708963200000,0.00037707
2024-02-27 00:00:00+00:00,2024-02-27 00:00:00+00:00,1708992000000,0.00086115
2024-02-27 04:00:00+00:00,2024-02-27 00:00:00+00:00,1708992000000,0.00086115
2024-02-27 08:00:00+00:00,2024-02-27 08:00:00+00:00,1709020800000,0.00090475
2024-02-27 12:00:00+00:00,2024-02-27 08:00:00+00:00,1709020800000,0.00090475
2024-02-27 16:00:00+00:00,2024-02-27 16:00:00+00:00,1709049600000,0.00094436
2024-02-27 20:00:00+00:00,2024-02-27 16:00:00+00:00,1709049600000,0.00094436
2024-02-28 00:00:00+00:00,2024-02-28 00:00:00+00:00,1709078400000,0.00054187
2024-02-28 04:00:00+00:00,2024-02-28 00:00:00+00:00,1709078400000,0.00054187
2024-02-28 08:00:00+00:00,2024-02-28 08:00:00+00:00,1709107200000,0.00080844
2024-02-28 12:00:00+00:00,2024-02-28 08:00:00+00:00,1709107200000,0.00080844
2024-02-28 16:00:00+00:00,2024-02-28 16:00:00+00:00,1709136000000,0.00072367
2024-02-28 20:00:00+00:00,2024-02-28 16:00:00+00:00,1709136000000,0.00072367
2024-02-29 00:00:00+00:00,2024-02-29 00:00:00+00:00,1709164800000,0.00036423
2024-02-29 04:00:00+00:00,2024-02-29 00:00:00+00:00,1709164800000,0.00036423
2024-02-29 08:00:00+00:00,2024-02-29 08:00:00+00:00,1709193600000,0.00070414
2024-02-29 12:00:00+00:00,2024-02-29 08:00:00+00:00,1709193600000,0.00070414
2024-02-29 16:00:00+00:00,2024-02-29 16:00:00+00:00,1709222400000,0.00094291
2024-02-29 20:00:00+00:00,2024-02-29 16:00:00+00:00,1709222400000,0.00094291
2024-03-01 00:00:00+00:00,2024-03-01 00:00:00+00:00,1709251200000,0.0009422
2024-03-01 04:00:00+00:00,2024-03-01 00:00:00+00:00,1709251200000,0.0009422
2024-03-01 08:00:00+00:00,2024-03-01 08:00:00+00:00,1709280000000,0.00075733
2024-03-01 12:00:00+00:00,2024-03-01 08:00:00+00:00,1709280000000,0.00075733
2024-03-01 16:00:00+00:00,2024-03-01 16:00:00+00:00,1709308800000,0.00083485
2024-03-01 20:00:00+00:00,2024-03-01 16:00:00+00:00,1709308800000,0.00083485
2024-03-02 00:00:00+00:00,2024-03-02 00:00:00+00:00,1709337600000,0.0010148
2024-03-02 04:00:00+00:00,2024-03-02 00:00:00+00:00,1709337600000,0.0010148
2024-03-02 08:00:00+00:00,2024-03-02 08:00:00+00:00,1709366400000,0.0008835
2024-03-02 12:00:00+00:00,2024-03-02 08:00:00+00:00,1709366400000,0.0008835
2024-03-02 16:00:00+00:00,2024-03-02 16:00:00+00:00,1709395200000,0.00096018
2024-03-02 20:00:00+00:00,2024-03-02 16:00:00+00:00,1709395200000,0.00096018
2024-03-03 00:00:00+00:00,2024-03-03 00:00:00+00:00,1709424000000,0.00075685
2024-03-03 04:00:00+00:00,2024-03-03 00:00:00+00:00,1709424000000,0.00075685
2024-03-03 08:00:00+00:00,2024-03-03 08:00:00+00:00,1709452800000,0.00136611
2024-03-03 12:00:00+00:00,2024-03-03 08:00:00+00:00,1709452800000,0.00136611
2024-03-03 16:00:00+00:00,2024-03-03 16:00:00+00:00,1709481600000,0.00120226
2024-03-03 20:00:00+00:00,2024-03-03 16:00:00+00:00,1709481600000,0.00120226
2024-03-04 00:00:00+00:00,2024-03-04 00:00:00+00:00,1709510400000,0.00085044
2024-03-04 04:00:00+00:00,2024-03-04 00:00:00+00:00,1709510400000,0.00085044
2024-03-04 08:00:00+00:00,2024-03-04 08:00:00+00:00,1709539200000,0.0017203
2024-03-04 12:00:00+00:00,2024-03-04 08:00:00+00:00,1709539200000,0.0017203
2024-03-04 16:00:00+00:00,2024-03-04 16:00:00+00:00,1709568000000,0.00122851
2024-03-04 20:00:00+00:00,2024-03-04 16:00:00+00:00,1709568000000,0.00122851
2024-03-05 00:00:00+00:00,2024-03-05 00:00:00+00:00,1709596800000,0.00112661
2024-03-05 04:00:00+00:00,2024-03-05 00:00:00+00:00,1709596800000,0.00112661
2024-03-05 08:00:00+00:00,2024-03-05 08:00:00+00:00,1709625600000,0.00219486
2024-03-05 12:00:00+00:00,2024-03-05 08:00:00+00:00,1709625600000,0.00219486
2024-03-05 16:00:00+00:00,2024-03-05 16:00:00+00:00,1709654400000,0.00220189
2024-03-05 20:00:00+00:00,2024-03-05 16:00:00+00:00,1709654400000,0.00220189
2024-03-06 00:00:00+00:00,2024-03-06 00:00:00+00:00,1709683200000,0.00019585
2024-03-06 04:00:00+00:00,2024-03-06 00:00:00+00:00,1709683200000,0.00019585
2024-03-06 08:00:00+00:00,2024-03-06 08:00:00+00:00,1709712000000,0.00059621
2024-03-06 12:00:00+00:00,2024-03-06 08:00:00+00:00,1709712000000,0.00059621
2024-03-06 16:00:00+00:00,2024-03-06 16:00:00+00:00,1709740800000,0.0012454
2024-03-06 20:00:00+00:00,2024-03-06 16:00:00+00:00,1709740800000,0.0012454
2024-03-07 00:00:00+00:00,2024-03-07 00:00:00+00:00,1709769600000,0.0009547
2024-03-07 04:00:00+00:00,2024-03-07 00:00:00+00:00,1709769600000,0.0009547
2024-03-07 08:00:00+00:00,2024-03-07 08:00:00+00:00,1709798400000,0.00026428
2024-03-07 12:00:00+00:00,2024-03-07 08:00:00+00:00,1709798400000,0.00026428
2024-03-07 16:00:00+00:00,2024-03-07 16:00:00+00:00,1709827200000,0.00060316
2024-03-07 20:00:00+00:00,2024-03-07 16:00:00+00:00,1709827200000,0.00060316
2024-03-08 00:00:00+00:00,2024-03-08 00:00:00+00:00,1709856000000,0.00086235
2024-03-08 04:00:00+00:00,2024-03-08 00:00:00+00:00,1709856000000,0.00086235
2024-03-08 08:00:00+00:00,2024-03-08 08:00:00+00:00,1709884800000,0.00150162
2024-03-08 12:00:00+00:00,2024-03-08 08:00:00+00:00,1709884800000,0.00150162
2024-03-08 16:00:00+00:00,2024-03-08 16:00:00+00:00,1709913600000,0.00139773
2024-03-08 20:00:00+00:00,2024-03-08 16:00:00+00:00,1709913600000,0.00139773
2024-03-09 00:00:00+00:00,2024-03-09 00:00:00+00:00,1709942400000,0.00106823
2024-03-09 04:00:00+00:00,2024-03-09 00:00:00+00:00,1709942400000,0.00106823
2024-03-09 08:00:00+00:00,2024-03-09 08:00:00+00:00,1709971200000,0.00074699
2024-03-09 12:00:00+00:00,2024-03-09 08:00:00+00:00,1709971200000,0.00074699
2024-03-09 16:00:00+00:00,2024-03-09 16:00:00+00:00,1710000000000,0.00075948
2024-03-09 20:00:00+00:00,2024-03-09 16:00:00+00:00,1710000000000,0.00075948
2024-03-10 00:00:00+00:00,2024-03-10 00:00:00+00:00,1710028800000,0.00085866
2024-03-10 04:00:00+00:00,2024-03-10 00:00:00+00:00,1710028800000,0.00085866
2024-03-10 08:00:00+00:00,2024-03-10 08:00:00+00:00,1710057600000,0.00098078
2024-03-10 12:00:00+00:00,2024-03-10 08:00:00+00:00,1710057600000,0.00098078
2024-03-10 16:00:00+00:00,2024-03-10 16:00:00+00:00,1710086400000,0.00083576
2024-03-10 20:00:00+00:00,2024-03-10 16:00:00+00:00,1710086400000,0.00083576
2024-03-11 00:00:00+00:00,2024-03-11 00:00:00+00:00,1710115200000,0.0006201
2024-03-11 04:00:00+00:00,2024-03-11 00:00:00+00:00,1710115200000,0.0006201
2024-03-11 08:00:00+00:00,2024-03-11 08:00:00+00:00,1710144000000,0.00095385
2024-03-11 12:00:00+00:00,2024-03-11 08:00:00+00:00,1710144000000,0.00095385
2024-03-11 16:00:00+00:00,2024-03-11 16:00:00+00:00,1710172800000,0.00119037
2024-03-11 20:00:00+00:00,2024-03-11 16:00:00+00:00,1710172800000,0.00119037
2024-03-12 00:00:00+00:00,2024-03-12 00:00:00+00:00,1710201600000,0.00101656
2024-03-12 04:00:00+00:00,2024-03-12 00:00:00+00:00,1710201600000,0.00101656
2024-03-12 08:00:00+00:00,2024-03-12 08:00:00+00:00,1710230400000,0.00082265
2024-03-12 12:00:00+00:00,2024-03-12 08:00:00+00:00,1710230400000,0.00082265
2024-03-12 16:00:00+00:00,2024-03-12 16:00:00+00:00,1710259200000,0.00083001
2024-03-12 20:00:00+00:00,2024-03-12 16:00:00+00:00,1710259200000,0.00083001
2024-03-13 00:00:00+00:00,2024-03-13 00:00:00+00:00,1710288000000,0.00089625
2024-03-13 04:00:00+00:00,2024-03-13 00:00:00+00:00,1710288000000,0.00089625
2024-03-13 08:00:00+00:00,2024-03-13 08:00:00+00:00,1710316800000,0.00153178
2024-03-13 12:00:00+00:00,2024-03-13 08:00:00+00:00,1710316800000,0.00153178
2024-03-13 16:00:00+00:00,2024-03-13 16:00:00+00:00,1710345600000,0.00189692
2024-03-13 20:00:00+00:00,2024-03-13 16:00:00+00:00,1710345600000,0.00189692
2024-03-14 00:00:00+00:00,2024-03-14 00:00:00+00:00,1710374400000,0.002374
2024-03-14 04:00:00+00:00,2024-03-14 00:00:00+00:00,1710374400000,0.002374
2024-03-14 08:00:00+00:00,2024-03-14 08:00:00+00:00,1710403200000,0.00203252
2024-03-14 12:00:00+00:00,2024-03-14 08:00:00+00:00,1710403200000,0.00203252
2024-03-14 16:00:00+00:00,2024-03-14 16:00:00+00:00,1710432000000,0.00190927
2024-03-14 20:00:00+00:00,2024-03-14 16:00:00+00:00,1710432000000,0.00190927
2024-03-15 00:00:00+00:00,2024-03-15 00:00:00+00:00,1710460800000,0.00124181
2024-03-15 04:00:00+00:00,2024-03-15 00:00:00+00:00,1710460800000,0.00124181
2024-03-15 08:00:00+00:00,2024-03-15 08:00:00+00:00,1710489600000,0.00082346
2024-03-15 12:00:00+00:00,2024-03-15 08:00:00+00:00,1710489600000,0.00082346
2024-03-15 16:00:00+00:00,2024-03-15 16:00:00+00:00,1710518400000,0.0001
2024-03-15 20:00:00+00:00,2024-03-15 16:00:00+00:00,1710518400000,0.0001
2024-03-16 00:00:00+00:00,2024-03-16 00:00:00+00:00,1710547200000,0.00015817
2024-03-16 04:00:00+00:00,2024-03-16 00:00:00+00:00,1710547200000,0.00015817
2024-03-16 08:00:00+00:00,2024-03-16 08:00:00+00:00,1710576000000,0.0001
2024-03-16 12:00:00+00:00,2024-03-16 08:00:00+00:00,1710576000000,0.0001
2024-03-16 16:00:00+00:00,2024-03-16 16:00:00+00:00,1710604800000,0.00031117
2024-03-16 20:00:00+00:00,2024-03-16 16:00:00+00:00,1710604800000,0.00031117
2024-03-17 00:00:00+00:00,2024-03-17 00:00:00+00:00,1710633600000,0.0002186
2024-03-17 04:00:00+00:00,2024-03-17 00:00:00+00:00,1710633600000,0.0002186
2024-03-17 08:00:00+00:00,2024-03-17 08:00:00+00:00,1710662400000,0.00013198
2024-03-17 12:00:00+00:00,2024-03-17 08:00:00+00:00,1710662400000,0.00013198
2024-03-17 16:00:00+00:00,2024-03-17 16:00:00+00:00,1710691200000,0.00012777
2024-03-17 20:00:00+00:00,2024-03-17 16:00:00+00:00,1710691200000,0.00012777
2024-03-18 00:00:00+00:00,2024-03-18 00:00:00+00:00,1710720000000,0.0001
2024-03-18 04:00:00+00:00,2024-03-18 00:00:00+00:00,1710720000000,0.0001
2024-03-18 08:00:00+00:00,2024-03-18 08:00:00+00:00,1710748800000,0.00013457
2024-03-18 12:00:00+00:00,2024-03-18 08:00:00+00:00,1710748800000,0.00013457
2024-03-18 16:00:00+00:00,2024-03-18 16:00:00+00:00,1710777600000,0.00027134
2024-03-18 20:00:00+00:00,2024-03-18 16:00:00+00:00,1710777600000,0.00027134
2024-03-19 00:00:00+00:00,2024-03-19 00:00:00+00:00,1710806400000,0.0001
2024-03-19 04:00:00+00:00,2024-03-19 00:00:00+00:00,1710806400000,0.0001
2024-03-19 08:00:00+00:00,2024-03-19 08:00:00+00:00,1710835200000,0.00032926
2024-03-19 12:00:00+00:00,2024-03-19 08:00:00+00:00,1710835200000,0.00032926
2024-03-19 16:00:00+00:00,2024-03-19 16:00:00+00:00,1710864000000,0.00014447
2024-03-19 20:00:00+00:00,2024-03-19 16:00:00+00:00,1710864000000,0.00014447
2024-03-20 00:00:00+00:00,2024-03-20 00:00:00+00:00,1710892800000,0.00018831
2024-03-20 04:00:00+00:00,2024-03-20 00:00:00+00:00,1710892800000,0.00018831
2024-03-20 08:00:00+00:00,2024-03-20 08:00:00+00:00,1710921600000,0.0001
2024-03-20 12:00:00+00:00,2024-03-20 08:00:00+00:00,1710921600000,0.0001
2024-03-20 16:00:00+00:00,2024-03-20 16:00:00+00:00,1710950400000,0.00011898
2024-03-20 20:00:00+00:00,2024-03-20 16:00:00+00:00,1710950400000,0.00011898
2024-03-21 00:00:00+00:00,2024-03-21 00:00:00+00:00,1710979200000,0.00029137
2024-03-21 04:00:00+00:00,2024-03-21 00:00:00+00:00,1710979200000,0.00029137
2024-03-21 08:00:00+00:00,2024-03-21 08:00:00+00:00,1711008000000,0.00041439
2024-03-21 12:00:00+00:00,2024-03-21 08:00:00+00:00,1711008000000,0.00041439
2024-03-21 16:00:00+00:00,2024-03-21 16:00:00+00:00,1711036800000,0.00023027
2024-03-21 20:00:00+00:00,2024-03-21 16:00:00+00:00,1711036800000,0.00023027
2024-03-22 00:00:00+00:00,2024-03-22 00:00:00+00:00,1711065600000,0.00021651
2024-03-22 04:00:00+00:00,2024-03-22 00:00:00+00:00,1711065600000,0.00021651
2024-03-22 08:00:00+00:00,2024-03-22 08:00:00+00:00,1711094400000,0.00019038
2024-03-22 12:00:00+00:00,2024-03-22 08:00:00+00:00,1711094400000,0.00019038
2024-03-22 16:00:00+00:00,2024-03-22 16:00:00+00:00,1711123200000,0.00016004
2024-03-22 20:00:00+00:00,2024-03-22 16:00:00+00:00,1711123200000,0.00016004
2024-03-23 00:00:00+00:00,2024-03-23 00:00:00+00:00,1711152000000,0.0001
2024-03-23 04:00:00+00:00,2024-03-23 00:00:00+00:00,1711152000000,0.0001
2024-03-23 08:00:00+00:00,2024-03-23 08:00:00+00:00,1711180800000,0.00022818
2024-03-23 12:00:00+00:00,2024-03-23 08:00:00+00:00,1711180800000,0.00022818
2024-03-23 16:00:00+00:00,2024-03-23 16:00:00+00:00,1711209600000,0.000228
2024-03-23 20:00:00+00:00,2024-03-23 16:00:00+00:00,1711209600000,0.000228
2024-03-24 00:00:00+00:00,2024-03-24 00:00:00+00:00,1711238400000,0.00014731
2024-03-24 04:00:00+00:00,2024-03-24 00:00:00+00:00,1711238400000,0.00014731
2024-03-24 08:00:00+00:00,2024-03-24 08:00:00+00:00,1711267200000,0.0001
2024-03-24 12:00:00+00:00,2024-03-24 08:00:00+00:00,1711267200000,0.0001
2024-03-24 16:00:00+00:00,2024-03-24 16:00:00+00:00,1711296000000,0.0003374
2024-03-24 20:00:00+00:00,2024-03-24 16:00:00+00:00,1711296000000,0.0003374
2024-03-25 00:00:00+00:00,2024-03-25 00:00:00+00:00,1711324800000,0.00047165
2024-03-25 04:00:00+00:00,2024-03-25 00:00:00+00:00,1711324800000,0.00047165
2024-03-25 08:00:00+00:00,2024-03-25 08:00:00+00:00,1711353600000,0.00035721
2024-03-25 12:00:00+00:00,2024-03-25 08:00:00+00:00,1711353600000,0.00035721
2024-03-25 16:00:00+00:00,2024-03-25 16:00:00+00:00,1711382400000,0.00048011
2024-03-25 20:00:00+00:00,2024-03-25 16:00:00+00:00,1711382400000,0.00048011
2024-03-26 00:00:00+00:00,2024-03-26 00:00:00+00:00,1711411200000,0.00085059
2024-03-26 04:00:00+00:00,2024-03-26 00:00:00+00:00,1711411200000,0.00085059
2024-03-26 08:00:00+00:00,2024-03-26 08:00:00+00:00,1711440000000,0.00063003
2024-03-26 12:00:00+00:00,2024-03-26 08:00:00+00:00,1711440000000,0.00063003
2024-03-26 16:00:00+00:00,2024-03-26 16:00:00+00:00,1711468800000,0.00045691
2024-03-26 20:00:00+00:00,2024-03-26 16:00:00+00:00,1711468800000,0.00045691
2024-03-27 00:00:00+00:00,2024-03-27 00:00:00+00:00,1711497600000,0.00069879
2024-03-27 04:00:00+00:00,2024-03-27 00:00:00+00:00,1711497600000,0.00069879
2024-03-27 08:00:00+00:00,2024-03-27 08:00:00+00:00,1711526400000,0.00057685
2024-03-27 12:00:00+00:00,2024-03-27 08:00:00+00:00,1711526400000,0.00057685
2024-03-27 16:00:00+00:00,2024-03-27 16:00:00+00:00,1711555200000,0.00060631
2024-03-27 20:00:00+00:00,2024-03-27 16:00:00+00:00,1711555200000,0.00060631
2024-03-28 00:00:00+00:00,2024-03-28 00:00:00+00:00,1711584000000,0.00058701
2024-03-28 04:00:00+00:00,2024-03-28 00:00:00+00:00,1711584000000,0.00058701
2024-03-28 08:00:00+00:00,2024-03-28 08:00:00+00:00,1711612800000,0.00057293
2024-03-28 12:00:00+00:00,2024-03-28 08:00:00+00:00,1711612800000,0.00057293
2024-03-28 16:00:00+00:00,2024-03-28 16:00:00+00:00,1711641600000,0.00102481
2024-03-28 20:00:00+00:00,2024-03-28 16:00:00+00:00,1711641600000,0.00102481
2024-03-29 00:00:00+00:00,2024-03-29 00:00:00+00:00,1711670400000,0.00122818
2024-03-29 04:00:00+00:00,2024-03-29 00:00:00+00:00,1711670400000,0.00122818
2024-03-29 08:00:00+00:00,2024-03-29 08:00:00+00:00,1711699200000,0.00078716
2024-03-29 12:00:00+00:00,2024-03-29 08:00:00+00:00,1711699200000,0.00078716
2024-03-29 16:00:00+00:00,2024-03-29 16:00:00+00:00,1711728000000,0.00077834
2024-03-29 20:00:00+00:00,2024-03-29 16:00:00+00:00,1711728000000,0.00077834
2024-03-30 00:00:00+00:00,2024-03-30 00:00:00+00:00,1711756800000,0.00087742
2024-03-30 04:00:00+00:00,2024-03-30 00:00:00+00:00,1711756800000,0.00087742
2024-03-30 08:00:00+00:00,2024-03-30 08:00:00+00:00,1711785600000,0.00091059
2024-03-30 12:00:00+00:00,2024-03-30 08:00:00+00:00,1711785600000,0.00091059
2024-03-30 16:00:00+00:00,2024-03-30 16:00:00+00:00,1711814400000,0.00136478
2024-03-30 20:00:00+00:00,2024-03-30 16:00:00+00:00,1711814400000,0.00136478
2024-03-31 00:00:00+00:00,2024-03-31 00:00:00+00:00,1711843200000,0.0009044
2024-03-31 04:00:00+00:00,2024-03-31 00:00:00+00:00,1711843200000,0.0009044
2024-03-31 08:00:00+00:00,2024-03-31 08:00:00+00:00,1711872000000,0.0009063
2024-03-31 12:00:00+00:00,2024-03-31 08:00:00+00:00,1711872000000,0.0009063
2024-03-31 16:00:00+00:00,2024-03-31 16:00:00+00:00,1711900800000,0.00129508
2024-03-31 20:00:00+00:00,2024-03-31 16:00:00+00:00,1711900800000,0.00129508
2024-04-01 00:00:00+00:00,2024-04-01 00:00:00+00:00,1711929600000,0.00126101
2024-04-01 04:00:00+00:00,2024-04-01 00:00:00+00:00,1711929600000,0.00126101
2024-04-01 08:00:00+00:00,2024-04-01 08:00:00+00:00,1711958400000,0.00056087
2024-04-01 12:00:00+00:00,2024-04-01 08:00:00+00:00,1711958400000,0.00056087
2024-04-01 16:00:00+00:00,2024-04-01 16:00:00+00:00,1711987200000,0.00045693
2024-04-01 20:00:00+00:00,2024-04-01 16:00:00+00:00,1711987200000,0.00045693
2024-04-02 00:00:00+00:00,2024-04-02 00:00:00+00:00,1712016000000,0.00043101
2024-04-02 04:00:00+00:00,2024-04-02 00:00:00+00:00,1712016000000,0.00043101
2024-04-02 08:00:00+00:00,2024-04-02 08:00:00+00:00,1712044800000,0.00015101
2024-04-02 12:00:00+00:00,2024-04-02 08:00:00+00:00,1712044800000,0.00015101
2024-04-02 16:00:00+00:00,2024-04-02 16:00:00+00:00,1712073600000,0.00011404
2024-04-02 20:00:00+00:00,2024-04-02 16:00:00+00:00,1712073600000,0.00011404
2024-04-03 00:00:00+00:00,2024-04-03 00:00:00+00:00,1712102400000,0.0001
2024-04-03 04:00:00+00:00,2024-04-03 00:00:00+00:00,1712102400000,0.0001
2024-04-03 08:00:00+00:00,2024-04-03 08:00:00+00:00,1712131200000,0.00020716
2024-04-03 12:00:00+00:00,2024-04-03 08:00:00+00:00,1712131200000,0.00020716
2024-04-03 16:00:00+00:00,2024-04-03 16:00:00+00:00,1712160000000,0.00036885
2024-04-03 20:00:00+00:00,2024-04-03 16:00:00+00:00,1712160000000,0.00036885
2024-04-04 00:00:00+00:00,2024-04-04 00:00:00+00:00,1712188800000,0.00014586
2024-04-04 04:00:00+00:00,2024-04-04 00:00:00+00:00,1712188800000,0.00014586
2024-04-04 08:00:00+00:00,2024-04-04 08:00:00+00:00,1712217600000,0.00017043
2024-04-04 12:00:00+00:00,2024-04-04 08:00:00+00:00,1712217600000,0.00017043
2024-04-04 16:00:00+00:00,2024-04-04 16:00:00+00:00,1712246400000,0.00027712
2024-04-04 20:00:00+00:00,2024-04-04 16:00:00+00:00,1712246400000,0.00027712
2024-04-05 00:00:00+00:00,2024-04-05 00:00:00+00:00,1712275200000,0.0001
2024-04-05 04:00:00+00:00,2024-04-05 00:00:00+00:00,1712275200000,0.0001
2024-04-05 08:00:00+00:00,2024-04-05 08:00:00+00:00,1712304000000,0.0001
2024-04-05 12:00:00+00:00,2024-04-05 08:00:00+00:00,1712304000000,0.0001
2024-04-05 16:00:00+00:00,2024-04-05 16:00:00+00:00,1712332800000,0.0001
2024-04-05 20:00:00+00:00,2024-04-05 16:00:00+00:00,1712332800000,0.0001
2024-04-06 00:00:00+00:00,2024-04-06 00:00:00+00:00,1712361600000,0.00013948
2024-04-06 04:00:00+00:00,2024-04-06 00:00:00+00:00,1712361600000,0.00013948
2024-04-06 08:00:00+00:00,2024-04-06 08:00:00+00:00,1712390400000,0.0001
2024-04-06 12:00:00+00:00,2024-04-06 08:00:00+00:00,1712390400000,0.0001
2024-04-06 16:00:00+00:00,2024-04-06 16:00:00+00:00,1712419200000,0.00020551
2024-04-06 20:00:00+00:00,2024-04-06 16:00:00+00:00,1712419200000,0.00020551
2024-04-07 00:00:00+00:00,2024-04-07 00:00:00+00:00,1712448000000,0.00020265
2024-04-07 04:00:00+00:00,2024-04-07 00:00:00+00:00,1712448000000,0.00020265
2024-04-07 08:00:00+00:00,2024-04-07 08:00:00+00:00,1712476800000,0.00015908
2024-04-07 12:00:00+00:00,2024-04-07 08:00:00+00:00,1712476800000,0.00015908
2024-04-07 16:00:00+00:00,2024-04-07 16:00:00+00:00,1712505600000,0.00017911
2024-04-07 20:00:00+00:00,2024-04-07 16:00:00+00:00,1712505600000,0.00017911
2024-04-08 00:00:00+00:00,2024-04-08 00:00:00+00:00,1712534400000,0.00019475
2024-04-08 04:00:00+00:00,2024-04-08 00:00:00+00:00,1712534400000,0.00019475
2024-04-08 08:00:00+00:00,2024-04-08 08:00:00+00:00,1712563200000,0.0003113
2024-04-08 12:00:00+00:00,2024-04-08 08:00:00+00:00,1712563200000,0.0003113
2024-04-08 16:00:00+00:00,2024-04-08 16:00:00+00:00,1712592000000,0.00062571
2024-04-08 20:00:00+00:00,2024-04-08 16:00:00+00:00,1712592000000,0.00062571
2024-04-09 00:00:00+00:00,2024-04-09 00:00:00+00:00,1712620800000,0.00083442
2024-04-09 04:00:00+00:00,2024-04-09 00:00:00+00:00,1712620800000,0.00083442
2024-04-09 08:00:00+00:00,2024-04-09 08:00:00+00:00,1712649600000,0.00054312
2024-04-09 12:00:00+00:00,2024-04-09 08:00:00+00:00,1712649600000,0.00054312
2024-04-09 16:00:00+00:00,2024-04-09 16:00:00+00:00,1712678400000,0.0003403
2024-04-09 20:00:00+00:00,2024-04-09 16:00:00+00:00,1712678400000,0.0003403
2024-04-10 00:00:00+00:00,2024-04-10 00:00:00+00:00,1712707200000,0.0001
2024-04-10 04:00:00+00:00,2024-04-10 00:00:00+00:00,1712707200000,0.0001
2024-04-10 08:00:00+00:00,2024-04-10 08:00:00+00:00,1712736000000,0.0001
2024-04-10 12:00:00+00:00,2024-04-10 08:00:00+00:00,1712736000000,0.0001
2024-04-10 16:00:00+00:00,2024-04-10 16:00:00+00:00,1712764800000,0.00011247
2024-04-10 20:00:00+00:00,2024-04-10 16:00:00+00:00,1712764800000,0.00011247
2024-04-11 00:00:00+00:00,2024-04-11 00:00:00+00:00,1712793600000,0.00027019
2024-04-11 04:00:00+00:00,2024-04-11 00:00:00+00:00,1712793600000,0.00027019
2024-04-11 08:00:00+00:00,2024-04-11 08:00:00+00:00,1712822400000,0.0002615
2024-04-11 12:00:00+00:00,2024-04-11 08:00:00+00:00,1712822400000,0.0002615
2024-04-11 16:00:00+00:00,2024-04-11 16:00:00+00:00,1712851200000,0.0001
2024-04-11 20:00:00+00:00,2024-04-11 16:00:00+00:00,1712851200000,0.0001
2024-04-12 00:00:00+00:00,2024-04-12 00:00:00+00:00,1712880000000,0.00027857
2024-04-12 04:00:00+00:00,2024-04-12 00:00:00+00:00,1712880000000,0.00027857
2024-04-12 08:00:00+00:00,2024-04-12 08:00:00+00:00,1712908800000,0.00046834
2024-04-12 12:00:00+00:00,2024-04-12 08:00:00+00:00,1712908800000,0.00046834
2024-04-12 16:00:00+00:00,2024-04-12 16:00:00+00:00,1712937600000,0.00016882
2024-04-12 20:00:00+00:00,2024-04-12 16:00:00+00:00,1712937600000,0.00016882
2024-04-13 00:00:00+00:00,2024-04-13 00:00:00+00:00,1712966400000,0.0001
2024-04-13 04:00:00+00:00,2024-04-13 00:00:00+00:00,1712966400000,0.0001
2024-04-13 08:00:00+00:00,2024-04-13 08:00:00+00:00,1712995200000,0.0001
2024-04-13 12:00:00+00:00,2024-04-13 08:00:00+00:00,1712995200000,0.0001
2024-04-13 16:00:00+00:00,2024-04-13 16:00:00+00:00,1713024000000,0.0001
2024-04-13 20:00:00+00:00,2024-04-13 16:00:00+00:00,1713024000000,0.0001
2024-04-14 00:00:00+00:00,2024-04-14 00:00:00+00:00,1713052800000,-5.485e-05
2024-04-14 04:00:00+00:00,2024-04-14 00:00:00+00:00,1713052800000,-5.485e-05
2024-04-14 08:00:00+00:00,2024-04-14 08:00:00+00:00,1713081600000,5.134e-05
2024-04-14 12:00:00+00:00,2024-04-14 08:00:00+00:00,1713081600000,5.134e-05
2024-04-14 16:00:00+00:00,2024-04-14 16:00:00+00:00,1713110400000,0.0001
2024-04-14 20:00:00+00:00,2024-04-14 16:00:00+00:00,1713110400000,0.0001
2024-04-15 00:00:00+00:00,2024-04-15 00:00:00+00:00,1713139200000,0.0001
2024-04-15 04:00:00+00:00,2024-04-15 00:00:00+00:00,1713139200000,0.0001
2024-04-15 08:00:00+00:00,2024-04-15 08:00:00+00:00,1713168000000,1.966e-05
2024-04-15 12:00:00+00:00,2024-04-15 08:00:00+00:00,1713168000000,1.966e-05
2024-04-15 16:00:00+00:00,2024-04-15 16:00:00+00:00,1713196800000,0.0001
2024-04-15 20:00:00+00:00,2024-04-15 16:00:00+00:00,1713196800000,0.0001
2024-04-16 00:00:00+00:00,2024-04-16 00:00:00+00:00,1713225600000,4.874e-05
2024-04-16 04:00:00+00:00,2024-04-16 00:00:00+00:00,1713225600000,4.874e-05
2024-04-16 08:00:00+00:00,2024-04-16 08:00:00+00:00,1713254400000,0.0001
2024-04-16 12:00:00+00:00,2024-04-16 08:00:00+00:00,1713254400000,0.0001
2024-04-16 16:00:00+00:00,2024-04-16 16:00:00+00:00,1713283200000,0.0001
2024-04-16 20:00:00+00:00,2024-04-16 16:00:00+00:00,1713283200000,0.0001
2024-04-17 00:00:00+00:00,2024-04-17 00:00:00+00:00,1713312000000,0.0001
2024-04-17 04:00:00+00:00,2024-04-17 00:00:00+00:00,1713312000000,0.0001
2024-04-17 08:00:00+00:00,2024-04-17 08:00:00+00:00,1713340800000,5.045e-05
2024-04-17 12:00:00+00:00,2024-04-17 08:00:00+00:00,1713340800000,5.045e-05
2024-04-17 16:00:00+00:00,2024-04-17 16:00:00+00:00,1713369600000,9.224e-05
2024-04-17 20:00:00+00:00,2024-04-17 16:00:00+00:00,1713369600000,9.224e-05
2024-04-18 00:00:00+00:00,2024-04-18 00:00:00+00:00,1713398400000,6.881e-05
2024-04-18 04:00:00+00:00,2024-04-18 00:00:00+00:00,1713398400000,6.881e-05
2024-04-18 08:00:00+00:00,2024-04-18 08:00:00+00:00,1713427200000,-1.573e-05
2024-04-18 12:00:00+00:00,2024-04-18 08:00:00+00:00,1713427200000,-1.573e-05
2024-04-18 16:00:00+00:00,2024-04-18 16:00:00+00:00,1713456000000,0.0001
2024-04-18 20:00:00+00:00,2024-04-18 16:00:00+00:00,1713456000000,0.0001
2024-04-19 00:00:00+00:00,2024-04-19 00:00:00+00:00,1713484800000,9.923e-05
2024-04-19 04:00:00+00:00,2024-04-19 00:00:00+00:00,1713484800000,9.923e-05
2024-04-19 08:00:00+00:00,2024-04-19 08:00:00+00:00,1713513600000,0.0001
2024-04-19 12:00:00+00:00,2024-04-19 08:00:00+00:00,1713513600000,0.0001
2024-04-19 16:00:00+00:00,2024-04-19 16:00:00+00:00,1713542400000,0.0001
2024-04-19 20:00:00+00:00,2024-04-19 16:00:00+00:00,1713542400000,0.0001
2024-04-20 00:00:00+00:00,2024-04-20 00:00:00+00:00,1713571200000,0.0001
2024-04-20 04:00:00+00:00,2024-04-20 00:00:00+00:00,1713571200000,0.0001
2024-04-20 08:00:00+00:00,2024-04-20 08:00:00+00:00,1713600000000,0.0001
2024-04-20 12:00:00+00:00,2024-04-20 08:00:00+00:00,1713600000000,0.0001
2024-04-20 16:00:00+00:00,2024-04-20 16:00:00+00:00,1713628800000,0.0001
2024-04-20 20:00:00+00:00,2024-04-20 16:00:00+00:00,1713628800000,0.0001
2024-04-21 00:00:00+00:00,2024-04-21 00:00:00+00:00,1713657600000,0.0001
2024-04-21 04:00:00+00:00,2024-04-21 00:00:00+00:00,1713657600000,0.0001
2024-04-21 08:00:00+00:00,2024-04-21 08:00:00+00:00,1713686400000,0.0001
2024-04-21 12:00:00+00:00,2024-04-21 08:00:00+00:00,1713686400000,0.0001
2024-04-21 16:00:00+00:00,2024-04-21 16:00:00+00:00,1713715200000,0.0001
2024-04-21 20:00:00+00:00,2024-04-21 16:00:00+00:00,1713715200000,0.0001
2024-04-22 00:00:00+00:00,2024-04-22 00:00:00+00:00,1713744000000,0.0001
2024-04-22 04:00:00+00:00,2024-04-22 00:00:00+00:00,1713744000000,0.0001
2024-04-22 08:00:00+00:00,2024-04-22 08:00:00+00:00,1713772800000,0.0001
2024-04-22 12:00:00+00:00,2024-04-22 08:00:00+00:00,1713772800000,0.0001
2024-04-22 16:00:00+00:00,2024-04-22 16:00:00+00:00,1713801600000,0.0001
2024-04-22 20:00:00+00:00,2024-04-22 16:00:00+00:00,1713801600000,0.0001
2024-04-23 00:00:00+00:00,2024-04-23 00:00:00+00:00,1713830400000,-2.26e-06
2024-04-23 04:00:00+00:00,2024-04-23 00:00:00+00:00,1713830400000,-2.26e-06
2024-04-23 08:00:00+00:00,2024-04-23 08:00:00+00:00,1713859200000,0.0001
2024-04-23 12:00:00+00:00,2024-04-23 08:00:00+00:00,1713859200000,0.0001
2024-04-23 16:00:00+00:00,2024-04-23 16:00:00+00:00,1713888000000,0.0001
2024-04-23 20:00:00+00:00,2024-04-23 16:00:00+00:00,1713888000000,0.0001
2024-04-24 00:00:00+00:00,2024-04-24 00:00:00+00:00,1713916800000,0.0001
2024-04-24 04:00:00+00:00,2024-04-24 00:00:00+00:00,1713916800000,0.0001
2024-04-24 08:00:00+00:00,2024-04-24 08:00:00+00:00,1713945600000,0.0001
2024-04-24 12:00:00+00:00,2024-04-24 08:00:00+00:00,1713945600000,0.0001
2024-04-24 16:00:00+00:00,2024-04-24 16:00:00+00:00,1713974400000,0.0001
2024-04-24 20:00:00+00:00,2024-04-24 16:00:00+00:00,1713974400000,0.0001
2024-04-25 00:00:00+00:00,2024-04-25 00:00:00+00:00,1714003200000,0.0001
2024-04-25 04:00:00+00:00,2024-04-25 00:00:00+00:00,1714003200000,0.0001
2024-04-25 08:00:00+00:00,2024-04-25 08:00:00+00:00,1714032000000,0.0001
2024-04-25 12:00:00+00:00,2024-04-25 08:00:00+00:00,1714032000000,0.0001
2024-04-25 16:00:00+00:00,2024-04-25 16:00:00+00:00,1714060800000,0.0001
2024-04-25 20:00:00+00:00,2024-04-25 16:00:00+00:00,1714060800000,0.0001
2024-04-26 00:00:00+00:00,2024-04-26 00:00:00+00:00,1714089600000,0.0001
2024-04-26 04:00:00+00:00,2024-04-26 00:00:00+00:00,1714089600000,0.0001
2024-04-26 08:00:00+00:00,2024-04-26 08:00:00+00:00,1714118400000,0.0001
2024-04-26 12:00:00+00:00,2024-04-26 08:00:00+00:00,1714118400000,0.0001
2024-04-26 16:00:00+00:00,2024-04-26 16:00:00+00:00,1714147200000,0.0001
2024-04-26 20:00:00+00:00,2024-04-26 16:00:00+00:00,1714147200000,0.0001
2024-04-27 00:00:00+00:00,2024-04-27 00:00:00+00:00,1714176000000,0.0001
2024-04-27 04:00:00+00:00,2024-04-27 00:00:00+00:00,1714176000000,0.0001
2024-04-27 08:00:00+00:00,2024-04-27 08:00:00+00:00,1714204800000,0.0001
2024-04-27 12:00:00+00:00,2024-04-27 08:00:00+00:00,1714204800000,0.0001
2024-04-27 16:00:00+00:00,2024-04-27 16:00:00+00:00,1714233600000,0.0001
2024-04-27 20:00:00+00:00,2024-04-27 16:00:00+00:00,1714233600000,0.0001
2024-04-28 00:00:00+00:00,2024-04-28 00:00:00+00:00,1714262400000,0.0001
2024-04-28 04:00:00+00:00,2024-04-28 00:00:00+00:00,1714262400000,0.0001
2024-04-28 08:00:00+00:00,2024-04-28 08:00:00+00:00,1714291200000,0.0001
2024-04-28 12:00:00+00:00,2024-04-28 08:00:00+00:00,1714291200000,0.0001
2024-04-28 16:00:00+00:00,2024-04-28 16:00:00+00:00,1714320000000,0.0001
2024-04-28 20:00:00+00:00,2024-04-28 16:00:00+00:00,1714320000000,0.0001
2024-04-29 00:00:00+00:00,2024-04-29 00:00:00+00:00,1714348800000,0.0001
2024-04-29 04:00:00+00:00,2024-04-29 00:00:00+00:00,1714348800000,0.0001
2024-04-29 08:00:00+00:00,2024-04-29 08:00:00+00:00,1714377600000,0.0001
2024-04-29 12:00:00+00:00,2024-04-29 08:00:00+00:00,1714377600000,0.0001
2024-04-29 16:00:00+00:00,2024-04-29 16:00:00+00:00,1714406400000,0.0001
2024-04-29 20:00:00+00:00,2024-04-29 16:00:00+00:00,1714406400000,0.0001
2024-04-30 00:00:00+00:00,2024-04-30 00:00:00+00:00,1714435200000,0.0001
2024-04-30 04:00:00+00:00,2024-04-30 00:00:00+00:00,1714435200000,0.0001
2024-04-30 08:00:00+00:00,2024-04-30 08:00:00+00:00,1714464000000,0.0001
2024-04-30 12:00:00+00:00,2024-04-30 08:00:00+00:00,1714464000000,0.0001
2024-04-30 16:00:00+00:00,2024-04-30 16:00:00+00:00,1714492800000,8.207e-05
2024-04-30 20:00:00+00:00,2024-04-30 16:00:00+00:00,1714492800000,8.207e-05
2024-05-01 00:00:00+00:00,2024-05-01 00:00:00+00:00,1714521600000,4.263e-05
2024-05-01 04:00:00+00:00,2024-05-01 00:00:00+00:00,1714521600000,4.263e-05
2024-05-01 08:00:00+00:00,2024-05-01 08:00:00+00:00,1714550400000,6.51e-05
2024-05-01 12:00:00+00:00,2024-05-01 08:00:00+00:00,1714550400000,6.51e-05
2024-05-01 16:00:00+00:00,2024-05-01 16:00:00+00:00,1714579200000,9.254e-05
2024-05-01 20:00:00+00:00,2024-05-01 16:00:00+00:00,1714579200000,9.254e-05
2024-05-02 00:00:00+00:00,2024-05-02 00:00:00+00:00,1714608000000,0.0001
2024-05-02 04:00:00+00:00,2024-05-02 00:00:00+00:00,1714608000000,0.0001
2024-05-02 08:00:00+00:00,2024-05-02 08:00:00+00:00,1714636800000,0.0001
2024-05-02 12:00:00+00:00,2024-05-02 08:00:00+00:00,1714636800000,0.0001
2024-05-02 16:00:00+00:00,2024-05-02 16:00:00+00:00,1714665600000,0.0001
2024-05-02 20:00:00+00:00,2024-05-02 16:00:00+00:00,1714665600000,0.0001
2024-05-03 00:00:00+00:00,2024-05-03 00:00:00+00:00,1714694400000,0.0001
2024-05-03 04:00:00+00:00,2024-05-03 00:00:00+00:00,1714694400000,0.0001
2024-05-03 08:00:00+00:00,2024-05-03 08:00:00+00:00,1714723200000,0.0001
2024-05-03 12:00:00+00:00,2024-05-03 08:00:00+00:00,1714723200000,0.0001
2024-05-03 16:00:00+00:00,2024-05-03 16:00:00+00:00,1714752000000,0.0001
2024-05-03 20:00:00+00:00,2024-05-03 16:00:00+00:00,1714752000000,0.0001
2024-05-04 00:00:00+00:00,2024-05-04 00:00:00+00:00,1714780800000,0.0001
2024-05-04 04:00:00+00:00,2024-05-04 00:00:00+00:00,1714780800000,0.0001
2024-05-04 08:00:00+00:00,2024-05-04 08:00:00+00:00,1714809600000,0.0001
2024-05-04 12:00:00+00:00,2024-05-04 08:00:00+00:00,1714809600000,0.0001
2024-05-04 16:00:00+00:00,2024-05-04 16:00:00+00:00,1714838400000,0.0001
2024-05-04 20:00:00+00:00,2024-05-04 16:00:00+00:00,1714838400000,0.0001
2024-05-05 00:00:00+00:00,2024-05-05 00:00:00+00:00,1714867200000,0.00012722
2024-05-05 04:00:00+00:00,2024-05-05 00:00:00+00:00,1714867200000,0.00012722
2024-05-05 08:00:00+00:00,2024-05-05 08:00:00+00:00,1714896000000,0.0001
2024-05-05 12:00:00+00:00,2024-05-05 08:00:00+00:00,1714896000000,0.0001
2024-05-05 16:00:00+00:00,2024-05-05 16:00:00+00:00,1714924800000,0.0001
2024-05-05 20:00:00+00:00,2024-05-05 16:00:00+00:00,1714924800000,0.0001
2024-05-06 00:00:00+00:00,2024-05-06 00:00:00+00:00,1714953600000,0.0001
2024-05-06 04:00:00+00:00,2024-05-06 00:00:00+00:00,1714953600000,0.0001
2024-05-06 08:00:00+00:00,2024-05-06 08:00:00+00:00,1714982400000,0.0001
2024-05-06 12:00:00+00:00,2024-05-06 08:00:00+00:00,1714982400000,0.0001
2024-05-06 16:00:00+00:00,2024-05-06 16:00:00+00:00,1715011200000,0.0001
2024-05-06 20:00:00+00:00,2024-05-06 16:00:00+00:00,1715011200000,0.0001
2024-05-07 00:00:00+00:00,2024-05-07 00:00:00+00:00,1715040000000,0.0001
2024-05-07 04:00:00+00:00,2024-05-07 00:00:00+00:00,1715040000000,0.0001
2024-05-07 08:00:00+00:00,2024-05-07 08:00:00+00:00,1715068800000,0.0001
2024-05-07 12:00:00+00:00,2024-05-07 08:00:00+00:00,1715068800000,0.0001
2024-05-07 16:00:00+00:00,2024-05-07 16:00:00+00:00,1715097600000,0.0001
2024-05-07 20:00:00+00:00,2024-05-07 16:00:00+00:00,1715097600000,0.0001
2024-05-08 00:00:00+00:00,2024-05-08 00:00:00+00:00,1715126400000,0.0001
2024-05-08 04:00:00+00:00,2024-05-08 00:00:00+00:00,1715126400000,0.0001
2024-05-08 08:00:00+00:00,2024-05-08 08:00:00+00:00,1715155200000,0.0001
2024-05-08 12:00:00+00:00,2024-05-08 08:00:00+00:00,1715155200000,0.0001
2024-05-08 16:00:00+00:00,2024-05-08 16:00:00+00:00,1715184000000,0.0001
2024-05-08 20:00:00+00:00,2024-05-08 16:00:00+00:00,1715184000000,0.0001
2024-05-09 00:00:00+00:00,2024-05-09 00:00:00+00:00,1715212800000,6.348e-05
2024-05-09 04:00:00+00:00,2024-05-09 00:00:00+00:00,1715212800000,6.348e-05
2024-05-09 08:00:00+00:00,2024-05-09 08:00:00+00:00,1715241600000,0.0001
2024-05-09 12:00:00+00:00,2024-05-09 08:00:00+00:00,1715241600000,0.0001
2024-05-09 16:00:00+00:00,2024-05-09 16:00:00+00:00,1715270400000,0.0001
2024-05-09 20:00:00+00:00,2024-05-09 16:00:00+00:00,1715270400000,0.0001
2024-05-10 00:00:00+00:00,2024-05-10 00:00:00+00:00,1715299200000,0.0001
2024-05-10 04:00:00+00:00,2024-05-10 00:00:00+00:00,1715299200000,0.0001
2024-05-10 08:00:00+00:00,2024-05-10 08:00:00+00:00,1715328000000,0.0001
2024-05-10 12:00:00+00:00,2024-05-10 08:00:00+00:00,1715328000000,0.0001
2024-05-10 16:00:00+00:00,2024-05-10 16:00:00+00:00,1715356800000,0.0001
2024-05-10 20:00:00+00:00,2024-05-10 16:00:00+00:00,1715356800000,0.0001
2024-05-11 00:00:00+00:00,2024-05-11 00:00:00+00:00,1715385600000,8.021e-05
2024-05-11 04:00:00+00:00,2024-05-11 00:00:00+00:00,1715385600000,8.021e-05
2024-05-11 08:00:00+00:00,2024-05-11 08:00:00+00:00,1715414400000,0.0001
2024-05-11 12:00:00+00:00,2024-05-11 08:00:00+00:00,1715414400000,0.0001
2024-05-11 16:00:00+00:00,2024-05-11 16:00:00+00:00,1715443200000,9.809e-05
2024-05-11 20:00:00+00:00,2024-05-11 16:00:00+00:00,1715443200000,9.809e-05
2024-05-12 00:00:00+00:00,2024-05-12 00:00:00+00:00,1715472000000,-8.73e-06
2024-05-12 04:00:00+00:00,2024-05-12 00:00:00+00:00,1715472000000,-8.73e-06
2024-05-12 08:00:00+00:00,2024-05-12 08:00:00+00:00,1715500800000,0.0001
2024-05-12 12:00:00+00:00,2024-05-12 08:00:00+00:00,1715500800000,0.0001
2024-05-12 16:00:00+00:00,2024-05-12 16:00:00+00:00,1715529600000,0.0001
2024-05-12 20:00:00+00:00,2024-05-12 16:00:00+00:00,1715529600000,0.0001
2024-05-13 00:00:00+00:00,2024-05-13 00:00:00+00:00,1715558400000,0.0001
2024-05-13 04:00:00+00:00,2024-05-13 00:00:00+00:00,1715558400000,0.0001
2024-05-13 08:00:00+00:00,2024-05-13 08:00:00+00:00,1715587200000,0.0001
2024-05-13 12:00:00+00:00,2024-05-13 08:00:00+00:00,1715587200000,0.0001
2024-05-13 16:00:00+00:00,2024-05-13 16:00:00+00:00,1715616000000,0.0001
2024-05-13 20:00:00+00:00,2024-05-13 16:00:00+00:00,1715616000000,0.0001
2024-05-14 00:00:00+00:00,2024-05-14 00:00:00+00:00,1715644800000,0.0001
2024-05-14 04:00:00+00:00,2024-05-14 00:00:00+00:00,1715644800000,0.0001
2024-05-14 08:00:00+00:00,2024-05-14 08:00:00+00:00,1715673600000,0.0001
2024-05-14 12:00:00+00:00,2024-05-14 08:00:00+00:00,1715673600000,0.0001
2024-05-14 16:00:00+00:00,2024-05-14 16:00:00+00:00,1715702400000,0.0001
2024-05-14 20:00:00+00:00,2024-05-14 16:00:00+00:00,1715702400000,0.0001
2024-05-15 00:00:00+00:00,2024-05-15 00:00:00+00:00,1715731200000,0.0001
2024-05-15 04:00:00+00:00,2024-05-15 00:00:00+00:00,1715731200000,0.0001
2024-05-15 08:00:00+00:00,2024-05-15 08:00:00+00:00,1715760000000,0.0001
2024-05-15 12:00:00+00:00,2024-05-15 08:00:00+00:00,1715760000000,0.0001
2024-05-15 16:00:00+00:00,2024-05-15 16:00:00+00:00,1715788800000,0.0001
2024-05-15 20:00:00+00:00,2024-05-15 16:00:00+00:00,1715788800000,0.0001
2024-05-16 00:00:00+00:00,2024-05-16 00:00:00+00:00,1715817600000,0.0001
2024-05-16 04:00:00+00:00,2024-05-16 00:00:00+00:00,1715817600000,0.0001
2024-05-16 08:00:00+00:00,2024-05-16 08:00:00+00:00,1715846400000,0.0001
2024-05-16 12:00:00+00:00,2024-05-16 08:00:00+00:00,1715846400000,0.0001
2024-05-16 16:00:00+00:00,2024-05-16 16:00:00+00:00,1715875200000,0.0001
2024-05-16 20:00:00+00:00,2024-05-16 16:00:00+00:00,1715875200000,0.0001
2024-05-17 00:00:00+00:00,2024-05-17 00:00:00+00:00,1715904000000,0.0001
2024-05-17 04:00:00+00:00,2024-05-17 00:00:00+00:00,1715904000000,0.0001
2024-05-17 08:00:00+00:00,2024-05-17 08:00:00+00:00,1715932800000,0.0001
2024-05-17 12:00:00+00:00,2024-05-17 08:00:00+00:00,1715932800000,0.0001
2024-05-17 16:00:00+00:00,2024-05-17 16:00:00+00:00,1715961600000,0.0001
2024-05-17 20:00:00+00:00,2024-05-17 16:00:00+00:00,1715961600000,0.0001
2024-05-18 00:00:00+00:00,2024-05-18 00:00:00+00:00,1715990400000,0.0001
2024-05-18 04:00:00+00:00,2024-05-18 00:00:00+00:00,1715990400000,0.0001
2024-05-18 08:00:00+00:00,2024-05-18 08:00:00+00:00,1716019200000,0.0001
2024-05-18 12:00:00+00:00,2024-05-18 08:00:00+00:00,1716019200000,0.0001
2024-05-18 16:00:00+00:00,2024-05-18 16:00:00+00:00,1716048000000,0.0001
2024-05-18 20:00:00+00:00,2024-05-18 16:00:00+00:00,1716048000000,0.0001
2024-05-19 00:00:00+00:00,2024-05-19 00:00:00+00:00,1716076800000,0.0001
2024-05-19 04:00:00+00:00,2024-05-19 00:00:00+00:00,1716076800000,0.0001
2024-05-19 08:00:00+00:00,2024-05-19 08:00:00+00:00,1716105600000,0.0001
2024-05-19 12:00:00+00:00,2024-05-19 08:00:00+00:00,1716105600000,0.0001
2024-05-19 16:00:00+00:00,2024-05-19 16:00:00+00:00,1716134400000,0.0001
2024-05-19 20:00:00+00:00,2024-05-19 16:00:00+00:00,1716134400000,0.0001
2024-05-20 00:00:00+00:00,2024-05-20 00:00:00+00:00,1716163200000,0.0001
2024-05-20 04:00:00+00:00,2024-05-20 00:00:00+00:00,1716163200000,0.0001
2024-05-20 08:00:00+00:00,2024-05-20 08:00:00+00:00,1716192000000,0.0001
2024-05-20 12:00:00+00:00,2024-05-20 08:00:00+00:00,1716192000000,0.0001
2024-05-20 16:00:00+00:00,2024-05-20 16:00:00+00:00,1716220800000,0.0001
2024-05-20 20:00:00+00:00,2024-05-20 16:00:00+00:00,1716220800000,0.0001
2024-05-21 00:00:00+00:00,2024-05-21 00:00:00+00:00,1716249600000,0.00131486
2024-05-21 04:00:00+00:00,2024-05-21 00:00:00+00:00,1716249600000,0.00131486
2024-05-21 08:00:00+00:00,2024-05-21 08:00:00+00:00,1716278400000,0.00049407
2024-05-21 12:00:00+00:00,2024-05-21 08:00:00+00:00,1716278400000,0.00049407
2024-05-21 16:00:00+00:00,2024-05-21 16:00:00+00:00,1716307200000,0.0006708
2024-05-21 20:00:00+00:00,2024-05-21 16:00:00+00:00,1716307200000,0.0006708
2024-05-22 00:00:00+00:00,2024-05-22 00:00:00+00:00,1716336000000,0.00044362
2024-05-22 04:00:00+00:00,2024-05-22 00:00:00+00:00,1716336000000,0.00044362
2024-05-22 08:00:00+00:00,2024-05-22 08:00:00+00:00,1716364800000,0.00028736
2024-05-22 12:00:00+00:00,2024-05-22 08:00:00+00:00,1716364800000,0.00028736
2024-05-22 16:00:00+00:00,2024-05-22 16:00:00+00:00,1716393600000,0.00014238
2024-05-22 20:00:00+00:00,2024-05-22 16:00:00+00:00,1716393600000,0.00014238
2024-05-23 00:00:00+00:00,2024-05-23 00:00:00+00:00,1716422400000,0.00017566
2024-05-23 04:00:00+00:00,2024-05-23 00:00:00+00:00,1716422400000,0.00017566
2024-05-23 08:00:00+00:00,2024-05-23 08:00:00+00:00,1716451200000,0.00023706
2024-05-23 12:00:00+00:00,2024-05-23 08:00:00+00:00,1716451200000,0.00023706
2024-05-23 16:00:00+00:00,2024-05-23 16:00:00+00:00,1716480000000,0.0001
2024-05-23 20:00:00+00:00,2024-05-23 16:00:00+00:00,1716480000000,0.0001
2024-05-24 00:00:00+00:00,2024-05-24 00:00:00+00:00,1716508800000,0.0001
2024-05-24 04:00:00+00:00,2024-05-24 00:00:00+00:00,1716508800000,0.0001
2024-05-24 08:00:00+00:00,2024-05-24 08:00:00+00:00,1716537600000,0.0001
2024-05-24 12:00:00+00:00,2024-05-24 08:00:00+00:00,1716537600000,0.0001
2024-05-24 16:00:00+00:00,2024-05-24 16:00:00+00:00,1716566400000,0.0001
2024-05-24 20:00:00+00:00,2024-05-24 16:00:00+00:00,1716566400000,0.0001
2024-05-25 00:00:00+00:00,2024-05-25 00:00:00+00:00,1716595200000,0.0001
2024-05-25 04:00:00+00:00,2024-05-25 00:00:00+00:00,1716595200000,0.0001
2024-05-25 08:00:00+00:00,2024-05-25 08:00:00+00:00,1716624000000,0.0001
2024-05-25 12:00:00+00:00,2024-05-25 08:00:00+00:00,1716624000000,0.0001
2024-05-25 16:00:00+00:00,2024-05-25 16:00:00+00:00,1716652800000,0.00018333
2024-05-25 20:00:00+00:00,2024-05-25 16:00:00+00:00,1716652800000,0.00018333
2024-05-26 00:00:00+00:00,2024-05-26 00:00:00+00:00,1716681600000,0.0001
2024-05-26 04:00:00+00:00,2024-05-26 00:00:00+00:00,1716681600000,0.0001
2024-05-26 08:00:00+00:00,2024-05-26 08:00:00+00:00,1716710400000,0.0001
2024-05-26 12:00:00+00:00,2024-05-26 08:00:00+00:00,1716710400000,0.0001
2024-05-26 16:00:00+00:00,2024-05-26 16:00:00+00:00,1716739200000,0.00031953
2024-05-26 20:00:00+00:00,2024-05-26 16:00:00+00:00,1716739200000,0.00031953
2024-05-27 00:00:00+00:00,2024-05-27 00:00:00+00:00,1716768000000,0.0001
2024-05-27 04:00:00+00:00,2024-05-27 00:00:00+00:00,1716768000000,0.0001
2024-05-27 08:00:00+00:00,2024-05-27 08:00:00+00:00,1716796800000,0.0001
2024-05-27 12:00:00+00:00,2024-05-27 08:00:00+00:00,1716796800000,0.0001
2024-05-27 16:00:00+00:00,2024-05-27 16:00:00+00:00,1716825600000,0.0001
2024-05-27 20:00:00+00:00,2024-05-27 16:00:00+00:00,1716825600000,0.0001
2024-05-28 00:00:00+00:00,2024-05-28 00:00:00+00:00,1716854400000,0.00021947
2024-05-28 04:00:00+00:00,2024-05-28 00:00:00+00:00,1716854400000,0.00021947
2024-05-28 08:00:00+00:00,2024-05-28 08:00:00+00:00,1716883200000,0.0002335
2024-05-28 12:00:00+00:00,2024-05-28 08:00:00+00:00,1716883200000,0.0002335
2024-05-28 16:00:00+00:00,2024-05-28 16:00:00+00:00,1716912000000,0.00037564
2024-05-28 20:00:00+00:00,2024-05-28 16:00:00+00:00,1716912000000,0.00037564
2024-05-29 00:00:00+00:00,2024-05-29 00:00:00+00:00,1716940800000,0.00040183
2024-05-29 04:00:00+00:00,2024-05-29 00:00:00+00:00,1716940800000,0.00040183
2024-05-29 08:00:00+00:00,2024-05-29 08:00:00+00:00,1716969600000,0.00049331
2024-05-29 12:00:00+00:00,2024-05-29 08:00:00+00:00,1716969600000,0.00049331
2024-05-29 16:00:00+00:00,2024-05-29 16:00:00+00:00,1716998400000,0.00022922
2024-05-29 20:00:00+00:00,2024-05-29 16:00:00+00:00,1716998400000,0.00022922
2024-05-30 00:00:00+00:00,2024-05-30 00:00:00+00:00,1717027200000,0.00038073
2024-05-30 04:00:00+00:00,2024-05-30 00:00:00+00:00,1717027200000,0.00038073
2024-05-30 08:00:00+00:00,2024-05-30 08:00:00+00:00,1717056000000,0.00034445
2024-05-30 12:00:00+00:00,2024-05-30 08:00:00+00:00,1717056000000,0.00034445
2024-05-30 16:00:00+00:00,2024-05-30 16:00:00+00:00,1717084800000,0.0001
2024-05-30 20:00:00+00:00,2024-05-30 16:00:00+00:00,1717084800000,0.0001
2024-05-31 00:00:00+00:00,2024-05-31 00:00:00+00:00,1717113600000,0.0001
2024-05-31 04:00:00+00:00,2024-05-31 00:00:00+00:00,1717113600000,0.0001
2024-05-31 08:00:00+00:00,2024-05-31 08:00:00+00:00,1717142400000,0.00010672
2024-05-31 12:00:00+00:00,2024-05-31 08:00:00+00:00,1717142400000,0.00010672
2024-05-31 16:00:00+00:00,2024-05-31 16:00:00+00:00,1717171200000,0.0001
2024-05-31 20:00:00+00:00,2024-05-31 16:00:00+00:00,1717171200000,0.0001
2024-06-01 00:00:00+00:00,2024-06-01 00:00:00+00:00,1717200000000,0.0001921
2024-06-01 04:00:00+00:00,2024-06-01 00:00:00+00:00,1717200000000,0.0001921
2024-06-01 08:00:00+00:00,2024-06-01 08:00:00+00:00,1717228800000,0.00030435
2024-06-01 12:00:00+00:00,2024-06-01 08:00:00+00:00,1717228800000,0.00030435
2024-06-01 16:00:00+00:00,2024-06-01 16:00:00+00:00,1717257600000,0.00031498
2024-06-01 20:00:00+00:00,2024-06-01 16:00:00+00:00,1717257600000,0.00031498
2024-06-02 00:00:00+00:00,2024-06-02 00:00:00+00:00,1717286400000,0.00038826
2024-06-02 04:00:00+00:00,2024-06-02 00:00:00+00:00,1717286400000,0.00038826
2024-06-02 08:00:00+00:00,2024-06-02 08:00:00+00:00,1717315200000,0.00032154
2024-06-02 12:00:00+00:00,2024-06-02 08:00:00+00:00,1717315200000,0.00032154
2024-06-02 16:00:00+00:00,2024-06-02 16:00:00+00:00,1717344000000,0.00041518
2024-06-02 20:00:00+00:00,2024-06-02 16:00:00+00:00,1717344000000,0.00041518
2024-06-03 00:00:00+00:00,2024-06-03 00:00:00+00:00,1717372800000,0.00013728
2024-06-03 04:00:00+00:00,2024-06-03 00:00:00+00:00,1717372800000,0.00013728
2024-06-03 08:00:00+00:00,2024-06-03 08:00:00+00:00,1717401600000,0.00044362
2024-06-03 12:00:00+00:00,2024-06-03 08:00:00+00:00,1717401600000,0.00044362
2024-06-03 16:00:00+00:00,2024-06-03 16:00:00+00:00,1717430400000,0.00047477
2024-06-03 20:00:00+00:00,2024-06-03 16:00:00+00:00,1717430400000,0.00047477
2024-06-04 00:00:00+00:00,2024-06-04 00:00:00+00:00,1717459200000,0.0001697
2024-06-04 04:00:00+00:00,2024-06-04 00:00:00+00:00,1717459200000,0.0001697
2024-06-04 08:00:00+00:00,2024-06-04 08:00:00+00:00,1717488000000,0.00026505
2024-06-04 12:00:00+00:00,2024-06-04 08:00:00+00:00,1717488000000,0.00026505
2024-06-04 16:00:00+00:00,2024-06-04 16:00:00+00:00,1717516800000,0.00036771
2024-06-04 20:00:00+00:00,2024-06-04 16:00:00+00:00,1717516800000,0.00036771
2024-06-05 00:00:00+00:00,2024-06-05 00:00:00+00:00,1717545600000,0.00030651
2024-06-05 04:00:00+00:00,2024-06-05 00:00:00+00:00,1717545600000,0.00030651
2024-06-05 08:00:00+00:00,2024-06-05 08:00:00+00:00,1717574400000,0.00039438
2024-06-05 12:00:00+00:00,2024-06-05 08:00:00+00:00,1717574400000,0.00039438
2024-06-05 16:00:00+00:00,2024-06-05 16:00:00+00:00,1717603200000,0.00030819
2024-06-05 20:00:00+00:00,2024-06-05 16:00:00+00:00,1717603200000,0.00030819
2024-06-06 00:00:00+00:00,2024-06-06 00:00:00+00:00,1717632000000,0.00073264
2024-06-06 04:00:00+00:00,2024-06-06 00:00:00+00:00,1717632000000,0.00073264
2024-06-06 08:00:00+00:00,2024-06-06 08:00:00+00:00,1717660800000,0.00063987
2024-06-06 12:00:00+00:00,2024-06-06 08:00:00+00:00,1717660800000,0.00063987
2024-06-06 16:00:00+00:00,2024-06-06 16:00:00+00:00,1717689600000,0.0004938
2024-06-06 20:00:00+00:00,2024-06-06 16:00:00+00:00,1717689600000,0.0004938
2024-06-07 00:00:00+00:00,2024-06-07 00:00:00+00:00,1717718400000,0.00053475
2024-06-07 04:00:00+00:00,2024-06-07 00:00:00+00:00,1717718400000,0.00053475
2024-06-07 08:00:00+00:00,2024-06-07 08:00:00+00:00,1717747200000,0.00059288
2024-06-07 12:00:00+00:00,2024-06-07 08:00:00+00:00,1717747200000,0.00059288
2024-06-07 16:00:00+00:00,2024-06-07 16:00:00+00:00,1717776000000,0.00036452
2024-06-07 20:00:00+00:00,2024-06-07 16:00:00+00:00,1717776000000,0.00036452
2024-06-08 00:00:00+00:00,2024-06-08 00:00:00+00:00,1717804800000,0.0001
2024-06-08 04:00:00+00:00,2024-06-08 00:00:00+00:00,1717804800000,0.0001
2024-06-08 08:00:00+00:00,2024-06-08 08:00:00+00:00,1717833600000,0.0001
2024-06-08 12:00:00+00:00,2024-06-08 08:00:00+00:00,1717833600000,0.0001
2024-06-08 16:00:00+00:00,2024-06-08 16:00:00+00:00,1717862400000,0.0001
2024-06-08 20:00:00+00:00,2024-06-08 16:00:00+00:00,1717862400000,0.0001
2024-06-09 00:00:00+00:00,2024-06-09 00:00:00+00:00,1717891200000,0.0001
2024-06-09 04:00:00+00:00,2024-06-09 00:00:00+00:00,1717891200000,0.0001
2024-06-09 08:00:00+00:00,2024-06-09 08:00:00+00:00,1717920000000,0.0001
2024-06-09 12:00:00+00:00,2024-06-09 08:00:00+00:00,1717920000000,0.0001
2024-06-09 16:00:00+00:00,2024-06-09 16:00:00+00:00,1717948800000,0.0001
2024-06-09 20:00:00+00:00,2024-06-09 16:00:00+00:00,1717948800000,0.0001
2024-06-10 00:00:00+00:00,2024-06-10 00:00:00+00:00,1717977600000,0.0001
2024-06-10 04:00:00+00:00,2024-06-10 00:00:00+00:00,1717977600000,0.0001
2024-06-10 08:00:00+00:00,2024-06-10 08:00:00+00:00,1718006400000,0.0001
2024-06-10 12:00:00+00:00,2024-06-10 08:00:00+00:00,1718006400000,0.0001
2024-06-10 16:00:00+00:00,2024-06-10 16:00:00+00:00,1718035200000,0.0001
2024-06-10 20:00:00+00:00,2024-06-10 16:00:00+00:00,1718035200000,0.0001
2024-06-11 00:00:00+00:00,2024-06-11 00:00:00+00:00,1718064000000,0.0001
2024-06-11 04:00:00+00:00,2024-06-11 00:00:00+00:00,1718064000000,0.0001
2024-06-11 08:00:00+00:00,2024-06-11 08:00:00+00:00,1718092800000,0.0001
2024-06-11 12:00:00+00:00,2024-06-11 08:00:00+00:00,1718092800000,0.0001
2024-06-11 16:00:00+00:00,2024-06-11 16:00:00+00:00,1718121600000,0.0001
2024-06-11 20:00:00+00:00,2024-06-11 16:00:00+00:00,1718121600000,0.0001
2024-06-12 00:00:00+00:00,2024-06-12 00:00:00+00:00,1718150400000,0.0001
2024-06-12 04:00:00+00:00,2024-06-12 00:00:00+00:00,1718150400000,0.0001
2024-06-12 08:00:00+00:00,2024-06-12 08:00:00+00:00,1718179200000,0.0001
2024-06-12 12:00:00+00:00,2024-06-12 08:00:00+00:00,1718179200000,0.0001
2024-06-12 16:00:00+00:00,2024-06-12 16:00:00+00:00,1718208000000,0.0001
2024-06-12 20:00:00+00:00,2024-06-12 16:00:00+00:00,1718208000000,0.0001
2024-06-13 00:00:00+00:00,2024-06-13 00:00:00+00:00,1718236800000,0.0001
2024-06-13 04:00:00+00:00,2024-06-13 00:00:00+00:00,1718236800000,0.0001
2024-06-13 08:00:00+00:00,2024-06-13 08:00:00+00:00,1718265600000,0.0001
2024-06-13 12:00:00+00:00,2024-06-13 08:00:00+00:00,1718265600000,0.0001
2024-06-13 16:00:00+00:00,2024-06-13 16:00:00+00:00,1718294400000,0.0001
2024-06-13 20:00:00+00:00,2024-06-13 16:00:00+00:00,1718294400000,0.0001
2024-06-14 00:00:00+00:00,2024-06-14 00:00:00+00:00,1718323200000,0.0001
2024-06-14 04:00:00+00:00,2024-06-14 00:00:00+00:00,1718323200000,0.0001
2024-06-14 08:00:00+00:00,2024-06-14 08:00:00+00:00,1718352000000,0.0001
2024-06-14 12:00:00+00:00,2024-06-14 08:00:00+00:00,1718352000000,0.0001
2024-06-14 16:00:00+00:00,2024-06-14 16:00:00+00:00,1718380800000,0.0001
2024-06-14 20:00:00+00:00,2024-06-14 16:00:00+00:00,1718380800000,0.0001
2024-06-15 00:00:00+00:00,2024-06-15 00:00:00+00:00,1718409600000,0.0001
2024-06-15 04:00:00+00:00,2024-06-15 00:00:00+00:00,1718409600000,0.0001
2024-06-15 08:00:00+00:00,2024-06-15 08:00:00+00:00,1718438400000,0.0001
2024-06-15 12:00:00+00:00,2024-06-15 08:00:00+00:00,1718438400000,0.0001
2024-06-15 16:00:00+00:00,2024-06-15 16:00:00+00:00,1718467200000,0.0001
2024-06-15 20:00:00+00:00,2024-06-15 16:00:00+00:00,1718467200000,0.0001
2024-06-16 00:00:00+00:00,2024-06-16 00:00:00+00:00,1718496000000,0.0001
2024-06-16 04:00:00+00:00,2024-06-16 00:00:00+00:00,1718496000000,0.0001
2024-06-16 08:00:00+00:00,2024-06-16 08:00:00+00:00,1718524800000,0.0001
2024-06-16 12:00:00+00:00,2024-06-16 08:00:00+00:00,1718524800000,0.0001
2024-06-16 16:00:00+00:00,2024-06-16 16:00:00+00:00,1718553600000,0.0001
2024-06-16 20:00:00+00:00,2024-06-16 16:00:00+00:00,1718553600000,0.0001
2024-06-17 00:00:00+00:00,2024-06-17 00:00:00+00:00,1718582400000,0.0001
2024-06-17 04:00:00+00:00,2024-06-17 00:00:00+00:00,1718582400000,0.0001
2024-06-17 08:00:00+00:00,2024-06-17 08:00:00+00:00,1718611200000,0.0001
2024-06-17 12:00:00+00:00,2024-06-17 08:00:00+00:00,1718611200000,0.0001
2024-06-17 16:00:00+00:00,2024-06-17 16:00:00+00:00,1718640000000,0.0001
2024-06-17 20:00:00+00:00,2024-06-17 16:00:00+00:00,1718640000000,0.0001
2024-06-18 00:00:00+00:00,2024-06-18 00:00:00+00:00,1718668800000,0.0001
2024-06-18 04:00:00+00:00,2024-06-18 00:00:00+00:00,1718668800000,0.0001
2024-06-18 08:00:00+00:00,2024-06-18 08:00:00+00:00,1718697600000,0.0001
2024-06-18 12:00:00+00:00,2024-06-18 08:00:00+00:00,1718697600000,0.0001
2024-06-18 16:00:00+00:00,2024-06-18 16:00:00+00:00,1718726400000,0.0001
2024-06-18 20:00:00+00:00,2024-06-18 16:00:00+00:00,1718726400000,0.0001
2024-06-19 00:00:00+00:00,2024-06-19 00:00:00+00:00,1718755200000,0.0001
2024-06-19 04:00:00+00:00,2024-06-19 00:00:00+00:00,1718755200000,0.0001
2024-06-19 08:00:00+00:00,2024-06-19 08:00:00+00:00,1718784000000,0.0001
2024-06-19 12:00:00+00:00,2024-06-19 08:00:00+00:00,1718784000000,0.0001
2024-06-19 16:00:00+00:00,2024-06-19 16:00:00+00:00,1718812800000,0.0001
2024-06-19 20:00:00+00:00,2024-06-19 16:00:00+00:00,1718812800000,0.0001
2024-06-20 00:00:00+00:00,2024-06-20 00:00:00+00:00,1718841600000,0.0001
2024-06-20 04:00:00+00:00,2024-06-20 00:00:00+00:00,1718841600000,0.0001
2024-06-20 08:00:00+00:00,2024-06-20 08:00:00+00:00,1718870400000,0.0001
2024-06-20 12:00:00+00:00,2024-06-20 08:00:00+00:00,1718870400000,0.0001
2024-06-20 16:00:00+00:00,2024-06-20 16:00:00+00:00,1718899200000,-6.91e-06
2024-06-20 20:00:00+00:00,2024-06-20 16:00:00+00:00,1718899200000,-6.91e-06
2024-06-21 00:00:00+00:00,2024-06-21 00:00:00+00:00,1718928000000,7.058e-05
2024-06-21 04:00:00+00:00,2024-06-21 00:00:00+00:00,1718928000000,7.058e-05
2024-06-21 08:00:00+00:00,2024-06-21 08:00:00+00:00,1718956800000,0.0001
2024-06-21 12:00:00+00:00,2024-06-21 08:00:00+00:00,1718956800000,0.0001
2024-06-21 16:00:00+00:00,2024-06-21 16:00:00+00:00,1718985600000,0.0001
2024-06-21 20:00:00+00:00,2024-06-21 16:00:00+00:00,1718985600000,0.0001
2024-06-22 00:00:00+00:00,2024-06-22 00:00:00+00:00,1719014400000,0.0001
2024-06-22 04:00:00+00:00,2024-06-22 00:00:00+00:00,1719014400000,0.0001
2024-06-22 08:00:00+00:00,2024-06-22 08:00:00+00:00,1719043200000,0.0001
2024-06-22 12:00:00+00:00,2024-06-22 08:00:00+00:00,1719043200000,0.0001
2024-06-22 16:00:00+00:00,2024-06-22 16:00:00+00:00,1719072000000,0.0001
2024-06-22 20:00:00+00:00,2024-06-22 16:00:00+00:00,1719072000000,0.0001
2024-06-23 00:00:00+00:00,2024-06-23 00:00:00+00:00,1719100800000,0.0001
2024-06-23 04:00:00+00:00,2024-06-23 00:00:00+00:00,1719100800000,0.0001
2024-06-23 08:00:00+00:00,2024-06-23 08:00:00+00:00,1719129600000,0.0001
2024-06-23 12:00:00+00:00,2024-06-23 08:00:00+00:00,1719129600000,0.0001
2024-06-23 16:00:00+00:00,2024-06-23 16:00:00+00:00,1719158400000,0.0001
2024-06-23 20:00:00+00:00,2024-06-23 16:00:00+00:00,1719158400000,0.0001
2024-06-24 00:00:00+00:00,2024-06-24 00:00:00+00:00,1719187200000,0.0001
2024-06-24 04:00:00+00:00,2024-06-24 00:00:00+00:00,1719187200000,0.0001
2024-06-24 08:00:00+00:00,2024-06-24 08:00:00+00:00,1719216000000,4.681e-05
2024-06-24 12:00:00+00:00,2024-06-24 08:00:00+00:00,1719216000000,4.681e-05
2024-06-24 16:00:00+00:00,2024-06-24 16:00:00+00:00,1719244800000,6.321e-05
2024-06-24 20:00:00+00:00,2024-06-24 16:00:00+00:00,1719244800000,6.321e-05
2024-06-25 00:00:00+00:00,2024-06-25 00:00:00+00:00,1719273600000,0.0001
2024-06-25 04:00:00+00:00,2024-06-25 00:00:00+00:00,1719273600000,0.0001
2024-06-25 08:00:00+00:00,2024-06-25 08:00:00+00:00,1719302400000,0.0001
2024-06-25 12:00:00+00:00,2024-06-25 08:00:00+00:00,1719302400000,0.0001
2024-06-25 16:00:00+00:00,2024-06-25 16:00:00+00:00,1719331200000,0.0001
2024-06-25 20:00:00+00:00,2024-06-25 16:00:00+00:00,1719331200000,0.0001
2024-06-26 00:00:00+00:00,2024-06-26 00:00:00+00:00,1719360000000,0.0001
2024-06-26 04:00:00+00:00,2024-06-26 00:00:00+00:00,1719360000000,0.0001
2024-06-26 08:00:00+00:00,2024-06-26 08:00:00+00:00,1719388800000,0.0001
2024-06-26 12:00:00+00:00,2024-06-26 08:00:00+00:00,1719388800000,0.0001
2024-06-26 16:00:00+00:00,2024-06-26 16:00:00+00:00,1719417600000,0.0001
2024-06-26 20:00:00+00:00,2024-06-26 16:00:00+00:00,1719417600000,0.0001
2024-06-27 00:00:00+00:00,2024-06-27 00:00:00+00:00,1719446400000,0.0001
2024-06-27 04:00:00+00:00,2024-06-27 00:00:00+00:00,1719446400000,0.0001
2024-06-27 08:00:00+00:00,2024-06-27 08:00:00+00:00,1719475200000,0.0001
2024-06-27 12:00:00+00:00,2024-06-27 08:00:00+00:00,1719475200000,0.0001
2024-06-27 16:00:00+00:00,2024-06-27 16:00:00+00:00,1719504000000,0.0001
2024-06-27 20:00:00+00:00,2024-06-27 16:00:00+00:00,1719504000000,0.0001
2024-06-28 00:00:00+00:00,2024-06-28 00:00:00+00:00,1719532800000,0.0001
2024-06-28 04:00:00+00:00,2024-06-28 00:00:00+00:00,1719532800000,0.0001
2024-06-28 08:00:00+00:00,2024-06-28 08:00:00+00:00,1719561600000,0.0001
2024-06-28 12:00:00+00:00,2024-06-28 08:00:00+00:00,1719561600000,0.0001
2024-06-28 16:00:00+00:00,2024-06-28 16:00:00+00:00,1719590400000,0.0001
2024-06-28 20:00:00+00:00,2024-06-28 16:00:00+00:00,1719590400000,0.0001
2024-06-29 00:00:00+00:00,2024-06-29 00:00:00+00:00,1719619200000,0.0001
2024-06-29 04:00:00+00:00,2024-06-29 00:00:00+00:00,1719619200000,0.0001
2024-06-29 08:00:00+00:00,2024-06-29 08:00:00+00:00,1719648000000,0.0001
2024-06-29 12:00:00+00:00,2024-06-29 08:00:00+00:00,1719648000000,0.0001
2024-06-29 16:00:00+00:00,2024-06-29 16:00:00+00:00,1719676800000,8.185e-05
2024-06-29 20:00:00+00:00,2024-06-29 16:00:00+00:00,1719676800000,8.185e-05
2024-06-30 00:00:00+00:00,2024-06-30 00:00:00+00:00,1719705600000,0.0001
2024-06-30 04:00:00+00:00,2024-06-30 00:00:00+00:00,1719705600000,0.0001
2024-06-30 08:00:00+00:00,2024-06-30 08:00:00+00:00,1719734400000,-3.57e-06
2024-06-30 12:00:00+00:00,2024-06-30 08:00:00+00:00,1719734400000,-3.57e-06
2024-06-30 16:00:00+00:00,2024-06-30 16:00:00+00:00,1719763200000,0.0001
2024-06-30 20:00:00+00:00,2024-06-30 16:00:00+00:00,1719763200000,0.0001
2024-07-01 00:00:00+00:00,2024-07-01 00:00:00+00:00,1719792000000,0.0001
2024-07-01 04:00:00+00:00,2024-07-01 00:00:00+00:00,1719792000000,0.0001
2024-07-01 08:00:00+00:00,2024-07-01 08:00:00+00:00,1719820800000,0.0001
2024-07-01 12:00:00+00:00,2024-07-01 08:00:00+00:00,1719820800000,0.0001
2024-07-01 16:00:00+00:00,2024-07-01 16:00:00+00:00,1719849600000,0.0001
2024-07-01 20:00:00+00:00,2024-07-01 16:00:00+00:00,1719849600000,0.0001
2024-07-02 00:00:00+00:00,2024-07-02 00:00:00+00:00,1719878400000,0.0001
2024-07-02 04:00:00+00:00,2024-07-02 00:00:00+00:00,1719878400000,0.0001
2024-07-02 08:00:00+00:00,2024-07-02 08:00:00+00:00,1719907200000,0.0001
2024-07-02 12:00:00+00:00,2024-07-02 08:00:00+00:00,1719907200000,0.0001
2024-07-02 16:00:00+00:00,2024-07-02 16:00:00+00:00,1719936000000,0.0001
2024-07-02 20:00:00+00:00,2024-07-02 16:00:00+00:00,1719936000000,0.0001
2024-07-03 00:00:00+00:00,2024-07-03 00:00:00+00:00,1719964800000,0.0001
2024-07-03 04:00:00+00:00,2024-07-03 00:00:00+00:00,1719964800000,0.0001
2024-07-03 08:00:00+00:00,2024-07-03 08:00:00+00:00,1719993600000,4.972e-05
2024-07-03 12:00:00+00:00,2024-07-03 08:00:00+00:00,1719993600000,4.972e-05
2024-07-03 16:00:00+00:00,2024-07-03 16:00:00+00:00,1720022400000,0.0001
2024-07-03 20:00:00+00:00,2024-07-03 16:00:00+00:00,1720022400000,0.0001
2024-07-04 00:00:00+00:00,2024-07-04 00:00:00+00:00,1720051200000,4.189e-05
2024-07-04 04:00:00+00:00,2024-07-04 00:00:00+00:00,1720051200000,4.189e-05
2024-07-04 08:00:00+00:00,2024-07-04 08:00:00+00:00,1720080000000,0.0001
2024-07-04 12:00:00+00:00,2024-07-04 08:00:00+00:00,1720080000000,0.0001
2024-07-04 16:00:00+00:00,2024-07-04 16:00:00+00:00,1720108800000,3.806e-05
2024-07-04 20:00:00+00:00,2024-07-04 16:00:00+00:00,1720108800000,3.806e-05
2024-07-05 00:00:00+00:00,2024-07-05 00:00:00+00:00,1720137600000,7.926e-05
2024-07-05 04:00:00+00:00,2024-07-05 00:00:00+00:00,1720137600000,7.926e-05
2024-07-05 08:00:00+00:00,2024-07-05 08:00:00+00:00,1720166400000,3.859e-05
2024-07-05 12:00:00+00:00,2024-07-05 08:00:00+00:00,1720166400000,3.859e-05
2024-07-05 16:00:00+00:00,2024-07-05 16:00:00+00:00,1720195200000,-0.00018885
2024-07-05 20:00:00+00:00,2024-07-05 16:00:00+00:00,1720195200000,-0.00018885
2024-07-06 00:00:00+00:00,2024-07-06 00:00:00+00:00,1720224000000,0.0001
2024-07-06 04:00:00+00:00,2024-07-06 00:00:00+00:00,1720224000000,0.0001
2024-07-06 08:00:00+00:00,2024-07-06 08:00:00+00:00,1720252800000,0.0001
2024-07-06 12:00:00+00:00,2024-07-06 08:00:00+00:00,1720252800000,0.0001
2024-07-06 16:00:00+00:00,2024-07-06 16:00:00+00:00,1720281600000,0.0001
2024-07-06 20:00:00+00:00,2024-07-06 16:00:00+00:00,1720281600000,0.0001
2024-07-07 00:00:00+00:00,2024-07-07 00:00:00+00:00,1720310400000,0.0001
2024-07-07 04:00:00+00:00,2024-07-07 00:00:00+00:00,1720310400000,0.0001
2024-07-07 08:00:00+00:00,2024-07-07 08:00:00+00:00,1720339200000,0.0001
2024-07-07 12:00:00+00:00,2024-07-07 08:00:00+00:00,1720339200000,0.0001
2024-07-07 16:00:00+00:00,2024-07-07 16:00:00+00:00,1720368000000,0.0001
2024-07-07 20:00:00+00:00,2024-07-07 16:00:00+00:00,1720368000000,0.0001
2024-07-08 00:00:00+00:00,2024-07-08 00:00:00+00:00,1720396800000,8.806e-05
2024-07-08 04:00:00+00:00,2024-07-08 00:00:00+00:00,1720396800000,8.806e-05
2024-07-08 08:00:00+00:00,2024-07-08 08:00:00+00:00,1720425600000,-5.19e-05
2024-07-08 12:00:00+00:00,2024-07-08 08:00:00+00:00,1720425600000,-5.19e-05
2024-07-08 16:00:00+00:00,2024-07-08 16:00:00+00:00,1720454400000,0.0001
2024-07-08 20:00:00+00:00,2024-07-08 16:00:00+00:00,1720454400000,0.0001
2024-07-09 00:00:00+00:00,2024-07-09 00:00:00+00:00,1720483200000,0.0001
2024-07-09 04:00:00+00:00,2024-07-09 00:00:00+00:00,1720483200000,0.0001
2024-07-09 08:00:00+00:00,2024-07-09 08:00:00+00:00,1720512000000,0.0001
2024-07-09 12:00:00+00:00,2024-07-09 08:00:00+00:00,1720512000000,0.0001
2024-07-09 16:00:00+00:00,2024-07-09 16:00:00+00:00,1720540800000,0.0001
2024-07-09 20:00:00+00:00,2024-07-09 16:00:00+00:00,1720540800000,0.0001
2024-07-10 00:00:00+00:00,2024-07-10 00:00:00+00:00,1720569600000,6.852e-05
2024-07-10 04:00:00+00:00,2024-07-10 00:00:00+00:00,1720569600000,6.852e-05
2024-07-10 08:00:00+00:00,2024-07-10 08:00:00+00:00,1720598400000,0.0001
2024-07-10 12:00:00+00:00,2024-07-10 08:00:00+00:00,1720598400000,0.0001
2024-07-10 16:00:00+00:00,2024-07-10 16:00:00+00:00,1720627200000,0.0001
2024-07-10 20:00:00+00:00,2024-07-10 16:00:00+00:00,1720627200000,0.0001
2024-07-11 00:00:00+00:00,2024-07-11 00:00:00+00:00,1720656000000,0.0001
2024-07-11 04:00:00+00:00,2024-07-11 00:00:00+00:00,1720656000000,0.0001
2024-07-11 08:00:00+00:00,2024-07-11 08:00:00+00:00,1720684800000,0.0001
2024-07-11 12:00:00+00:00,2024-07-11 08:00:00+00:00,1720684800000,0.0001
2024-07-11 16:00:00+00:00,2024-07-11 16:00:00+00:00,1720713600000,0.0001
2024-07-11 20:00:00+00:00,2024-07-11 16:00:00+00:00,1720713600000,0.0001
2024-07-12 00:00:00+00:00,2024-07-12 00:00:00+00:00,1720742400000,-7.985e-05
2024-07-12 04:00:00+00:00,2024-07-12 00:00:00+00:00,1720742400000,-7.985e-05
2024-07-12 08:00:00+00:00,2024-07-12 08:00:00+00:00,1720771200000,6.013e-05
2024-07-12 12:00:00+00:00,2024-07-12 08:00:00+00:00,1720771200000,6.013e-05
2024-07-12 16:00:00+00:00,2024-07-12 16:00:00+00:00,1720800000000,4.43e-06
2024-07-12 20:00:00+00:00,2024-07-12 16:00:00+00:00,1720800000000,4.43e-06
2024-07-13 00:00:00+00:00,2024-07-13 00:00:00+00:00,1720828800000,0.0001
2024-07-13 04:00:00+00:00,2024-07-13 00:00:00+00:00,1720828800000,0.0001
2024-07-13 08:00:00+00:00,2024-07-13 08:00:00+00:00,1720857600000,0.0001
2024-07-13 12:00:00+00:00,2024-07-13 08:00:00+00:00,1720857600000,0.0001
2024-07-13 16:00:00+00:00,2024-07-13 16:00:00+00:00,1720886400000,1.497e-05
2024-07-13 20:00:00+00:00,2024-07-13 16:00:00+00:00,1720886400000,1.497e-05
2024-07-14 00:00:00+00:00,2024-07-14 00:00:00+00:00,1720915200000,0.0001
2024-07-14 04:00:00+00:00,2024-07-14 00:00:00+00:00,1720915200000,0.0001
2024-07-14 08:00:00+00:00,2024-07-14 08:00:00+00:00,1720944000000,0.0001
2024-07-14 12:00:00+00:00,2024-07-14 08:00:00+00:00,1720944000000,0.0001
2024-07-14 16:00:00+00:00,2024-07-14 16:00:00+00:00,1720972800000,2.162e-05
2024-07-14 20:00:00+00:00,2024-07-14 16:00:00+00:00,1720972800000,2.162e-05
2024-07-15 00:00:00+00:00,2024-07-15 00:00:00+00:00,1721001600000,0.0001
2024-07-15 04:00:00+00:00,2024-07-15 00:00:00+00:00,1721001600000,0.0001
2024-07-15 08:00:00+00:00,2024-07-15 08:00:00+00:00,1721030400000,0.0001
2024-07-15 12:00:00+00:00,2024-07-15 08:00:00+00:00,1721030400000,0.0001
2024-07-15 16:00:00+00:00,2024-07-15 16:00:00+00:00,1721059200000,0.0001
2024-07-15 20:00:00+00:00,2024-07-15 16:00:00+00:00,1721059200000,0.0001
2024-07-16 00:00:00+00:00,2024-07-16 00:00:00+00:00,1721088000000,0.0001
2024-07-16 04:00:00+00:00,2024-07-16 00:00:00+00:00,1721088000000,0.0001
2024-07-16 08:00:00+00:00,2024-07-16 08:00:00+00:00,1721116800000,0.0001
2024-07-16 12:00:00+00:00,2024-07-16 08:00:00+00:00,1721116800000,0.0001
2024-07-16 16:00:00+00:00,2024-07-16 16:00:00+00:00,1721145600000,0.0001
2024-07-16 20:00:00+00:00,2024-07-16 16:00:00+00:00,1721145600000,0.0001
2024-07-17 00:00:00+00:00,2024-07-17 00:00:00+00:00,1721174400000,0.0001
2024-07-17 04:00:00+00:00,2024-07-17 00:00:00+00:00,1721174400000,0.0001
2024-07-17 08:00:00+00:00,2024-07-17 08:00:00+00:00,1721203200000,0.0001
2024-07-17 12:00:00+00:00,2024-07-17 08:00:00+00:00,1721203200000,0.0001
2024-07-17 16:00:00+00:00,2024-07-17 16:00:00+00:00,1721232000000,0.0001
2024-07-17 20:00:00+00:00,2024-07-17 16:00:00+00:00,1721232000000,0.0001
2024-07-18 00:00:00+00:00,2024-07-18 00:00:00+00:00,1721260800000,0.0001
2024-07-18 04:00:00+00:00,2024-07-18 00:00:00+00:00,1721260800000,0.0001
2024-07-18 08:00:00+00:00,2024-07-18 08:00:00+00:00,1721289600000,0.0001
2024-07-18 12:00:00+00:00,2024-07-18 08:00:00+00:00,1721289600000,0.0001
2024-07-18 16:00:00+00:00,2024-07-18 16:00:00+00:00,1721318400000,0.0001
2024-07-18 20:00:00+00:00,2024-07-18 16:00:00+00:00,1721318400000,0.0001
2024-07-19 00:00:00+00:00,2024-07-19 00:00:00+00:00,1721347200000,0.0001
2024-07-19 04:00:00+00:00,2024-07-19 00:00:00+00:00,1721347200000,0.0001
2024-07-19 08:00:00+00:00,2024-07-19 08:00:00+00:00,1721376000000,0.0001
2024-07-19 12:00:00+00:00,2024-07-19 08:00:00+00:00,1721376000000,0.0001
2024-07-19 16:00:00+00:00,2024-07-19 16:00:00+00:00,1721404800000,0.0001
2024-07-19 20:00:00+00:00,2024-07-19 16:00:00+00:00,1721404800000,0.0001
2024-07-20 00:00:00+00:00,2024-07-20 00:00:00+00:00,1721433600000,0.0001
2024-07-20 04:00:00+00:00,2024-07-20 00:00:00+00:00,1721433600000,0.0001
2024-07-20 08:00:00+00:00,2024-07-20 08:00:00+00:00,1721462400000,0.0001
2024-07-20 12:00:00+00:00,2024-07-20 08:00:00+00:00,1721462400000,0.0001
2024-07-20 16:00:00+00:00,2024-07-20 16:00:00+00:00,1721491200000,0.0001
2024-07-20 20:00:00+00:00,2024-07-20 16:00:00+00:00,1721491200000,0.0001
2024-07-21 00:00:00+00:00,2024-07-21 00:00:00+00:00,1721520000000,0.0001
2024-07-21 04:00:00+00:00,2024-07-21 00:00:00+00:00,1721520000000,0.0001
2024-07-21 08:00:00+00:00,2024-07-21 08:00:00+00:00,1721548800000,0.0001
2024-07-21 12:00:00+00:00,2024-07-21 08:00:00+00:00,1721548800000,0.0001
2024-07-21 16:00:00+00:00,2024-07-21 16:00:00+00:00,1721577600000,0.0001
2024-07-21 20:00:00+00:00,2024-07-21 16:00:00+00:00,1721577600000,0.0001
2024-07-22 00:00:00+00:00,2024-07-22 00:00:00+00:00,1721606400000,0.0001
2024-07-22 04:00:00+00:00,2024-07-22 00:00:00+00:00,1721606400000,0.0001
2024-07-22 08:00:00+00:00,2024-07-22 08:00:00+00:00,1721635200000,0.0001
2024-07-22 12:00:00+00:00,2024-07-22 08:00:00+00:00,1721635200000,0.0001
2024-07-22 16:00:00+00:00,2024-07-22 16:00:00+00:00,1721664000000,0.0001
2024-07-22 20:00:00+00:00,2024-07-22 16:00:00+00:00,1721664000000,0.0001
2024-07-23 00:00:00+00:00,2024-07-23 00:00:00+00:00,1721692800000,0.0001
2024-07-23 04:00:00+00:00,2024-07-23 00:00:00+00:00,1721692800000,0.0001
2024-07-23 08:00:00+00:00,2024-07-23 08:00:00+00:00,1721721600000,0.0001
2024-07-23 12:00:00+00:00,2024-07-23 08:00:00+00:00,1721721600000,0.0001
2024-07-23 16:00:00+00:00,2024-07-23 16:00:00+00:00,1721750400000,0.0001
2024-07-23 20:00:00+00:00,2024-07-23 16:00:00+00:00,1721750400000,0.0001
2024-07-24 00:00:00+00:00,2024-07-24 00:00:00+00:00,1721779200000,0.00012425
2024-07-24 04:00:00+00:00,2024-07-24 00:00:00+00:00,1721779200000,0.00012425
2024-07-24 08:00:00+00:00,2024-07-24 08:00:00+00:00,1721808000000,0.0001
2024-07-24 12:00:00+00:00,2024-07-24 08:00:00+00:00,1721808000000,0.0001
2024-07-24 16:00:00+00:00,2024-07-24 16:00:00+00:00,1721836800000,0.0001
2024-07-24 20:00:00+00:00,2024-07-24 16:00:00+00:00,1721836800000,0.0001
2024-07-25 00:00:00+00:00,2024-07-25 00:00:00+00:00,1721865600000,0.0001
2024-07-25 04:00:00+00:00,2024-07-25 00:00:00+00:00,1721865600000,0.0001
2024-07-25 08:00:00+00:00,2024-07-25 08:00:00+00:00,1721894400000,7.513e-05
2024-07-25 12:00:00+00:00,2024-07-25 08:00:00+00:00,1721894400000,7.513e-05
2024-07-25 16:00:00+00:00,2024-07-25 16:00:00+00:00,1721923200000,0.0001
2024-07-25 20:00:00+00:00,2024-07-25 16:00:00+00:00,1721923200000,0.0001
2024-07-26 00:00:00+00:00,2024-07-26 00:00:00+00:00,1721952000000,6.288e-05
2024-07-26 04:00:00+00:00,2024-07-26 00:00:00+00:00,1721952000000,6.288e-05
2024-07-26 08:00:00+00:00,2024-07-26 08:00:00+00:00,1721980800000,0.0001
2024-07-26 12:00:00+00:00,2024-07-26 08:00:00+00:00,1721980800000,0.0001
2024-07-26 16:00:00+00:00,2024-07-26 16:00:00+00:00,1722009600000,0.0001
2024-07-26 20:00:00+00:00,2024-07-26 16:00:00+00:00,1722009600000,0.0001
2024-07-27 00:00:00+00:00,2024-07-27 00:00:00+00:00,1722038400000,0.0001
2024-07-27 04:00:00+00:00,2024-07-27 00:00:00+00:00,1722038400000,0.0001
2024-07-27 08:00:00+00:00,2024-07-27 08:00:00+00:00,1722067200000,0.0001
2024-07-27 12:00:00+00:00,2024-07-27 08:00:00+00:00,1722067200000,0.0001
2024-07-27 16:00:00+00:00,2024-07-27 16:00:00+00:00,1722096000000,0.0001
2024-07-27 20:00:00+00:00,2024-07-27 16:00:00+00:00,1722096000000,0.0001
2024-07-28 00:00:00+00:00,2024-07-28 00:00:00+00:00,1722124800000,0.0001
2024-07-28 04:00:00+00:00,2024-07-28 00:00:00+00:00,1722124800000,0.0001
2024-07-28 08:00:00+00:00,2024-07-28 08:00:00+00:00,1722153600000,-0.00010445
2024-07-28 12:00:00+00:00,2024-07-28 08:00:00+00:00,1722153600000,-0.00010445
2024-07-28 16:00:00+00:00,2024-07-28 16:00:00+00:00,1722182400000,0.0001
2024-07-28 20:00:00+00:00,2024-07-28 16:00:00+00:00,1722182400000,0.0001
2024-07-29 00:00:00+00:00,2024-07-29 00:00:00+00:00,1722211200000,7.415e-05
2024-07-29 04:00:00+00:00,2024-07-29 00:00:00+00:00,1722211200000,7.415e-05
2024-07-29 08:00:00+00:00,2024-07-29 08:00:00+00:00,1722240000000,0.0001
2024-07-29 12:00:00+00:00,2024-07-29 08:00:00+00:00,1722240000000,0.0001
2024-07-29 16:00:00+00:00,2024-07-29 16:00:00+00:00,1722268800000,0.0001
2024-07-29 20:00:00+00:00,2024-07-29 16:00:00+00:00,1722268800000,0.0001
2024-07-30 00:00:00+00:00,2024-07-30 00:00:00+00:00,1722297600000,0.0001
2024-07-30 04:00:00+00:00,2024-07-30 00:00:00+00:00,1722297600000,0.0001
2024-07-30 08:00:00+00:00,2024-07-30 08:00:00+00:00,1722326400000,0.0001
2024-07-30 12:00:00+00:00,2024-07-30 08:00:00+00:00,1722326400000,0.0001
2024-07-30 16:00:00+00:00,2024-07-30 16:00:00+00:00,1722355200000,2.707e-05
2024-07-30 20:00:00+00:00,2024-07-30 16:00:00+00:00,1722355200000,2.707e-05
2024-07-31 00:00:00+00:00,2024-07-31 00:00:00+00:00,1722384000000,-8.147e-05
2024-07-31 04:00:00+00:00,2024-07-31 00:00:00+00:00,1722384000000,-8.147e-05
2024-07-31 08:00:00+00:00,2024-07-31 08:00:00+00:00,1722412800000,0.0001
2024-07-31 12:00:00+00:00,2024-07-31 08:00:00+00:00,1722412800000,0.0001
2024-07-31 16:00:00+00:00,2024-07-31 16:00:00+00:00,1722441600000,0.0001
2024-07-31 20:00:00+00:00,2024-07-31 16:00:00+00:00,1722441600000,0.0001
2024-08-01 00:00:00+00:00,2024-08-01 00:00:00+00:00,1722470400000,7.346e-05
2024-08-01 04:00:00+00:00,2024-08-01 00:00:00+00:00,1722470400000,7.346e-05
2024-08-01 08:00:00+00:00,2024-08-01 08:00:00+00:00,1722499200000,0.0001
2024-08-01 12:00:00+00:00,2024-08-01 08:00:00+00:00,1722499200000,0.0001
2024-08-01 16:00:00+00:00,2024-08-01 16:00:00+00:00,1722528000000,0.0001
2024-08-01 20:00:00+00:00,2024-08-01 16:00:00+00:00,1722528000000,0.0001
2024-08-02 00:00:00+00:00,2024-08-02 00:00:00+00:00,1722556800000,2.634e-05
2024-08-02 04:00:00+00:00,2024-08-02 00:00:00+00:00,1722556800000,2.634e-05
2024-08-02 08:00:00+00:00,2024-08-02 08:00:00+00:00,1722585600000,8.567e-05
2024-08-02 12:00:00+00:00,2024-08-02 08:00:00+00:00,1722585600000,8.567e-05
2024-08-02 16:00:00+00:00,2024-08-02 16:00:00+00:00,1722614400000,9.503e-05
2024-08-02 20:00:00+00:00,2024-08-02 16:00:00+00:00,1722614400000,9.503e-05
2024-08-03 00:00:00+00:00,2024-08-03 00:00:00+00:00,1722643200000,0.0001
2024-08-03 04:00:00+00:00,2024-08-03 00:00:00+00:00,1722643200000,0.0001
2024-08-03 08:00:00+00:00,2024-08-03 08:00:00+00:00,1722672000000,-0.00012614
2024-08-03 12:00:00+00:00,2024-08-03 08:00:00+00:00,1722672000000,-0.00012614
2024-08-03 16:00:00+00:00,2024-08-03 16:00:00+00:00,1722700800000,0.0001
2024-08-03 20:00:00+00:00,2024-08-03 16:00:00+00:00,1722700800000,0.0001
2024-08-04 00:00:00+00:00,2024-08-04 00:00:00+00:00,1722729600000,-0.00022698
2024-08-04 04:00:00+00:00,2024-08-04 00:00:00+00:00,1722729600000,-0.00022698
2024-08-04 08:00:00+00:00,2024-08-04 08:00:00+00:00,1722758400000,7.775e-05
2024-08-04 12:00:00+00:00,2024-08-04 08:00:00+00:00,1722758400000,7.775e-05
2024-08-04 16:00:00+00:00,2024-08-04 16:00:00+00:00,1722787200000,0.0001
2024-08-04 20:00:00+00:00,2024-08-04 16:00:00+00:00,1722787200000,0.0001
2024-08-05 00:00:00+00:00,2024-08-05 00:00:00+00:00,1722816000000,0.0001
2024-08-05 04:00:00+00:00,2024-08-05 00:00:00+00:00,1722816000000,0.0001
2024-08-05 08:00:00+00:00,2024-08-05 08:00:00+00:00,1722844800000,-2.643e-05
2024-08-05 12:00:00+00:00,2024-08-05 08:00:00+00:00,1722844800000,-2.643e-05
2024-08-05 16:00:00+00:00,2024-08-05 16:00:00+00:00,1722873600000,-0.00013202
2024-08-05 20:00:00+00:00,2024-08-05 16:00:00+00:00,1722873600000,-0.00013202
2024-08-06 00:00:00+00:00,2024-08-06 00:00:00+00:00,1722902400000,0.0001
2024-08-06 04:00:00+00:00,2024-08-06 00:00:00+00:00,1722902400000,0.0001
2024-08-06 08:00:00+00:00,2024-08-06 08:00:00+00:00,1722931200000,-0.00020481
2024-08-06 12:00:00+00:00,2024-08-06 08:00:00+00:00,1722931200000,-0.00020481
2024-08-06 16:00:00+00:00,2024-08-06 16:00:00+00:00,1722960000000,0.0001
2024-08-06 20:00:00+00:00,2024-08-06 16:00:00+00:00,1722960000000,0.0001
2024-08-07 00:00:00+00:00,2024-08-07 00:00:00+00:00,1722988800000,0.0001
2024-08-07 04:00:00+00:00,2024-08-07 00:00:00+00:00,1722988800000,0.0001
2024-08-07 08:00:00+00:00,2024-08-07 08:00:00+00:00,1723017600000,-1.019e-05
2024-08-07 12:00:00+00:00,2024-08-07 08:00:00+00:00,1723017600000,-1.019e-05
2024-08-07 16:00:00+00:00,2024-08-07 16:00:00+00:00,1723046400000,2.524e-05
2024-08-07 20:00:00+00:00,2024-08-07 16:00:00+00:00,1723046400000,2.524e-05
2024-08-08 00:00:00+00:00,2024-08-08 00:00:00+00:00,1723075200000,0.0001
2024-08-08 04:00:00+00:00,2024-08-08 00:00:00+00:00,1723075200000,0.0001
2024-08-08 08:00:00+00:00,2024-08-08 08:00:00+00:00,1723104000000,0.0001
2024-08-08 12:00:00+00:00,2024-08-08 08:00:00+00:00,1723104000000,0.0001
2024-08-08 16:00:00+00:00,2024-08-08 16:00:00+00:00,1723132800000,8.341e-05
2024-08-08 20:00:00+00:00,2024-08-08 16:00:00+00:00,1723132800000,8.341e-05
2024-08-09 00:00:00+00:00,2024-08-09 00:00:00+00:00,1723161600000,0.0001
2024-08-09 04:00:00+00:00,2024-08-09 00:00:00+00:00,1723161600000,0.0001
2024-08-09 08:00:00+00:00,2024-08-09 08:00:00+00:00,1723190400000,0.0001
2024-08-09 12:00:00+00:00,2024-08-09 08:00:00+00:00,1723190400000,0.0001
2024-08-09 16:00:00+00:00,2024-08-09 16:00:00+00:00,1723219200000,0.0001
2024-08-09 20:00:00+00:00,2024-08-09 16:00:00+00:00,1723219200000,0.0001
2024-08-10 00:00:00+00:00,2024-08-10 00:00:00+00:00,1723248000000,-3.72e-06
2024-08-10 04:00:00+00:00,2024-08-10 00:00:00+00:00,1723248000000,-3.72e-06
2024-08-10 08:00:00+00:00,2024-08-10 08:00:00+00:00,1723276800000,1.986e-05
2024-08-10 12:00:00+00:00,2024-08-10 08:00:00+00:00,1723276800000,1.986e-05
2024-08-10 16:00:00+00:00,2024-08-10 16:00:00+00:00,1723305600000,6.633e-05
2024-08-10 20:00:00+00:00,2024-08-10 16:00:00+00:00,1723305600000,6.633e-05
2024-08-11 00:00:00+00:00,2024-08-11 00:00:00+00:00,1723334400000,6.461e-05
2024-08-11 04:00:00+00:00,2024-08-11 00:00:00+00:00,1723334400000,6.461e-05
2024-08-11 08:00:00+00:00,2024-08-11 08:00:00+00:00,1723363200000,0.0001
2024-08-11 12:00:00+00:00,2024-08-11 08:00:00+00:00,1723363200000,0.0001
2024-08-11 16:00:00+00:00,2024-08-11 16:00:00+00:00,1723392000000,2.732e-05
2024-08-11 20:00:00+00:00,2024-08-11 16:00:00+00:00,1723392000000,2.732e-05
2024-08-12 00:00:00+00:00,2024-08-12 00:00:00+00:00,1723420800000,-5.89e-05
2024-08-12 04:00:00+00:00,2024-08-12 00:00:00+00:00,1723420800000,-5.89e-05
2024-08-12 08:00:00+00:00,2024-08-12 08:00:00+00:00,1723449600000,-1.387e-05
2024-08-12 12:00:00+00:00,2024-08-12 08:00:00+00:00,1723449600000,-1.387e-05
2024-08-12 16:00:00+00:00,2024-08-12 16:00:00+00:00,1723478400000,0.0001
2024-08-12 20:00:00+00:00,2024-08-12 16:00:00+00:00,1723478400000,0.0001
2024-08-13 00:00:00+00:00,2024-08-13 00:00:00+00:00,1723507200000,-2.91e-05
2024-08-13 04:00:00+00:00,2024-08-13 00:00:00+00:00,1723507200000,-2.91e-05
2024-08-13 08:00:00+00:00,2024-08-13 08:00:00+00:00,1723536000000,-0.0001206
2024-08-13 12:00:00+00:00,2024-08-13 08:00:00+00:00,1723536000000,-0.0001206
2024-08-13 16:00:00+00:00,2024-08-13 16:00:00+00:00,1723564800000,-3.921e-05
2024-08-13 20:00:00+00:00,2024-08-13 16:00:00+00:00,1723564800000,-3.921e-05
2024-08-14 00:00:00+00:00,2024-08-14 00:00:00+00:00,1723593600000,4.335e-05
2024-08-14 04:00:00+00:00,2024-08-14 00:00:00+00:00,1723593600000,4.335e-05
2024-08-14 08:00:00+00:00,2024-08-14 08:00:00+00:00,1723622400000,4.762e-05
2024-08-14 12:00:00+00:00,2024-08-14 08:00:00+00:00,1723622400000,4.762e-05
2024-08-14 16:00:00+00:00,2024-08-14 16:00:00+00:00,1723651200000,5.744e-05
2024-08-14 20:00:00+00:00,2024-08-14 16:00:00+00:00,1723651200000,5.744e-05
2024-08-15 00:00:00+00:00,2024-08-15 00:00:00+00:00,1723680000000,-5.074e-05
2024-08-15 04:00:00+00:00,2024-08-15 00:00:00+00:00,1723680000000,-5.074e-05
2024-08-15 08:00:00+00:00,2024-08-15 08:00:00+00:00,1723708800000,-2.94e-06
2024-08-15 12:00:00+00:00,2024-08-15 08:00:00+00:00,1723708800000,-2.94e-06
2024-08-15 16:00:00+00:00,2024-08-15 16:00:00+00:00,1723737600000,-0.00015984
2024-08-15 20:00:00+00:00,2024-08-15 16:00:00+00:00,1723737600000,-0.00015984
2024-08-16 00:00:00+00:00,2024-08-16 00:00:00+00:00,1723766400000,-0.00010068
2024-08-16 04:00:00+00:00,2024-08-16 00:00:00+00:00,1723766400000,-0.00010068
2024-08-16 08:00:00+00:00,2024-08-16 08:00:00+00:00,1723795200000,-0.00017652
2024-08-16 12:00:00+00:00,2024-08-16 08:00:00+00:00,1723795200000,-0.00017652
2024-08-16 16:00:00+00:00,2024-08-16 16:00:00+00:00,1723824000000,8.141e-05
2024-08-16 20:00:00+00:00,2024-08-16 16:00:00+00:00,1723824000000,8.141e-05
2024-08-17 00:00:00+00:00,2024-08-17 00:00:00+00:00,1723852800000,4.171e-05
2024-08-17 04:00:00+00:00,2024-08-17 00:00:00+00:00,1723852800000,4.171e-05
2024-08-17 08:00:00+00:00,2024-08-17 08:00:00+00:00,1723881600000,5.002e-05
2024-08-17 12:00:00+00:00,2024-08-17 08:00:00+00:00,1723881600000,5.002e-05
2024-08-17 16:00:00+00:00,2024-08-17 16:00:00+00:00,1723910400000,-7.15e-06
2024-08-17 20:00:00+00:00,2024-08-17 16:00:00+00:00,1723910400000,-7.15e-06
2024-08-18 00:00:00+00:00,2024-08-18 00:00:00+00:00,1723939200000,2.895e-05
2024-08-18 04:00:00+00:00,2024-08-18 00:00:00+00:00,1723939200000,2.895e-05
2024-08-18 08:00:00+00:00,2024-08-18 08:00:00+00:00,1723968000000,5.664e-05
2024-08-18 12:00:00+00:00,2024-08-18 08:00:00+00:00,1723968000000,5.664e-05
2024-08-18 16:00:00+00:00,2024-08-18 16:00:00+00:00,1723996800000,0.0001
2024-08-18 20:00:00+00:00,2024-08-18 16:00:00+00:00,1723996800000,0.0001
2024-08-19 00:00:00+00:00,2024-08-19 00:00:00+00:00,1724025600000,0.0001
2024-08-19 04:00:00+00:00,2024-08-19 00:00:00+00:00,1724025600000,0.0001
2024-08-19 08:00:00+00:00,2024-08-19 08:00:00+00:00,1724054400000,3.16e-05
2024-08-19 12:00:00+00:00,2024-08-19 08:00:00+00:00,1724054400000,3.16e-05
2024-08-19 16:00:00+00:00,2024-08-19 16:00:00+00:00,1724083200000,0.0001
2024-08-19 20:00:00+00:00,2024-08-19 16:00:00+00:00,1724083200000,0.0001
2024-08-20 00:00:00+00:00,2024-08-20 00:00:00+00:00,1724112000000,0.0001
2024-08-20 04:00:00+00:00,2024-08-20 00:00:00+00:00,1724112000000,0.0001
2024-08-20 08:00:00+00:00,2024-08-20 08:00:00+00:00,1724140800000,0.0001
2024-08-20 12:00:00+00:00,2024-08-20 08:00:00+00:00,1724140800000,0.0001
2024-08-20 16:00:00+00:00,2024-08-20 16:00:00+00:00,1724169600000,0.0001
2024-08-20 20:00:00+00:00,2024-08-20 16:00:00+00:00,1724169600000,0.0001
2024-08-21 00:00:00+00:00,2024-08-21 00:00:00+00:00,1724198400000,0.0001
2024-08-21 04:00:00+00:00,2024-08-21 00:00:00+00:00,1724198400000,0.0001
2024-08-21 08:00:00+00:00,2024-08-21 08:00:00+00:00,1724227200000,6.925e-05
2024-08-21 12:00:00+00:00,2024-08-21 08:00:00+00:00,1724227200000,6.925e-05
2024-08-21 16:00:00+00:00,2024-08-21 16:00:00+00:00,1724256000000,-2.682e-05
2024-08-21 20:00:00+00:00,2024-08-21 16:00:00+00:00,1724256000000,-2.682e-05
2024-08-22 00:00:00+00:00,2024-08-22 00:00:00+00:00,1724284800000,0.0001
2024-08-22 04:00:00+00:00,2024-08-22 00:00:00+00:00,1724284800000,0.0001
2024-08-22 08:00:00+00:00,2024-08-22 08:00:00+00:00,1724313600000,0.0001
2024-08-22 12:00:00+00:00,2024-08-22 08:00:00+00:00,1724313600000,0.0001
2024-08-22 16:00:00+00:00,2024-08-22 16:00:00+00:00,1724342400000,0.0001
2024-08-22 20:00:00+00:00,2024-08-22 16:00:00+00:00,1724342400000,0.0001
2024-08-23 00:00:00+00:00,2024-08-23 00:00:00+00:00,1724371200000,0.0001
2024-08-23 04:00:00+00:00,2024-08-23 00:00:00+00:00,1724371200000,0.0001
2024-08-23 08:00:00+00:00,2024-08-23 08:00:00+00:00,1724400000000,0.0001
2024-08-23 12:00:00+00:00,2024-08-23 08:00:00+00:00,1724400000000,0.0001
2024-08-23 16:00:00+00:00,2024-08-23 16:00:00+00:00,1724428800000,0.0001
2024-08-23 20:00:00+00:00,2024-08-23 16:00:00+00:00,1724428800000,0.0001
2024-08-24 00:00:00+00:00,2024-08-24 00:00:00+00:00,1724457600000,0.0001
2024-08-24 04:00:00+00:00,2024-08-24 00:00:00+00:00,1724457600000,0.0001
2024-08-24 08:00:00+00:00,2024-08-24 08:00:00+00:00,1724486400000,0.0001
2024-08-24 12:00:00+00:00,2024-08-24 08:00:00+00:00,1724486400000,0.0001
2024-08-24 16:00:00+00:00,2024-08-24 16:00:00+00:00,1724515200000,0.0001
2024-08-24 20:00:00+00:00,2024-08-24 16:00:00+00:00,1724515200000,0.0001
2024-08-25 00:00:00+00:00,2024-08-25 00:00:00+00:00,1724544000000,0.0001
2024-08-25 04:00:00+00:00,2024-08-25 00:00:00+00:00,1724544000000,0.0001
2024-08-25 08:00:00+00:00,2024-08-25 08:00:00+00:00,1724572800000,0.0001
2024-08-25 12:00:00+00:00,2024-08-25 08:00:00+00:00,1724572800000,0.0001
2024-08-25 16:00:00+00:00,2024-08-25 16:00:00+00:00,1724601600000,0.0001
2024-08-25 20:00:00+00:00,2024-08-25 16:00:00+00:00,1724601600000,0.0001
2024-08-26 00:00:00+00:00,2024-08-26 00:00:00+00:00,1724630400000,0.0001
2024-08-26 04:00:00+00:00,2024-08-26 00:00:00+00:00,1724630400000,0.0001
2024-08-26 08:00:00+00:00,2024-08-26 08:00:00+00:00,1724659200000,0.0001
2024-08-26 12:00:00+00:00,2024-08-26 08:00:00+00:00,1724659200000,0.0001
2024-08-26 16:00:00+00:00,2024-08-26 16:00:00+00:00,1724688000000,0.0001
2024-08-26 20:00:00+00:00,2024-08-26 16:00:00+00:00,1724688000000,0.0001
2024-08-27 00:00:00+00:00,2024-08-27 00:00:00+00:00,1724716800000,0.0001
2024-08-27 04:00:00+00:00,2024-08-27 00:00:00+00:00,1724716800000,0.0001
2024-08-27 08:00:00+00:00,2024-08-27 08:00:00+00:00,1724745600000,0.0001
2024-08-27 12:00:00+00:00,2024-08-27 08:00:00+00:00,1724745600000,0.0001
2024-08-27 16:00:00+00:00,2024-08-27 16:00:00+00:00,1724774400000,1.03e-06
2024-08-27 20:00:00+00:00,2024-08-27 16:00:00+00:00,1724774400000,1.03e-06
2024-08-28 00:00:00+00:00,2024-08-28 00:00:00+00:00,1724803200000,-0.00031842
2024-08-28 04:00:00+00:00,2024-08-28 00:00:00+00:00,1724803200000,-0.00031842
2024-08-28 08:00:00+00:00,2024-08-28 08:00:00+00:00,1724832000000,-8.951e-05
2024-08-28 12:00:00+00:00,2024-08-28 08:00:00+00:00,1724832000000,-8.951e-05
2024-08-28 16:00:00+00:00,2024-08-28 16:00:00+00:00,1724860800000,-6.69e-05
2024-08-28 20:00:00+00:00,2024-08-28 16:00:00+00:00,1724860800000,-6.69e-05
2024-08-29 00:00:00+00:00,2024-08-29 00:00:00+00:00,1724889600000,-4.695e-05
2024-08-29 04:00:00+00:00,2024-08-29 00:00:00+00:00,1724889600000,-4.695e-05
2024-08-29 08:00:00+00:00,2024-08-29 08:00:00+00:00,1724918400000,-2.411e-05
2024-08-29 12:00:00+00:00,2024-08-29 08:00:00+00:00,1724918400000,-2.411e-05
2024-08-29 16:00:00+00:00,2024-08-29 16:00:00+00:00,1724947200000,8.836e-05
2024-08-29 20:00:00+00:00,2024-08-29 16:00:00+00:00,1724947200000,8.836e-05
2024-08-30 00:00:00+00:00,2024-08-30 00:00:00+00:00,1724976000000,3.633e-05
2024-08-30 04:00:00+00:00,2024-08-30 00:00:00+00:00,1724976000000,3.633e-05
2024-08-30 08:00:00+00:00,2024-08-30 08:00:00+00:00,1725004800000,0.0001
2024-08-30 12:00:00+00:00,2024-08-30 08:00:00+00:00,1725004800000,0.0001
2024-08-30 16:00:00+00:00,2024-08-30 16:00:00+00:00,1725033600000,5.003e-05
2024-08-30 20:00:00+00:00,2024-08-30 16:00:00+00:00,1725033600000,5.003e-05
2024-08-31 00:00:00+00:00,2024-08-31 00:00:00+00:00,1725062400000,9.54e-05
2024-08-31 04:00:00+00:00,2024-08-31 00:00:00+00:00,1725062400000,9.54e-05
2024-08-31 08:00:00+00:00,2024-08-31 08:00:00+00:00,1725091200000,0.0001
2024-08-31 12:00:00+00:00,2024-08-31 08:00:00+00:00,1725091200000,0.0001
2024-08-31 16:00:00+00:00,2024-08-31 16:00:00+00:00,1725120000000,0.0001
2024-08-31 20:00:00+00:00,2024-08-31 16:00:00+00:00,1725120000000,0.0001
2024-09-01 00:00:00+00:00,2024-09-01 00:00:00+00:00,1725148800000,1.85e-06
2024-09-01 04:00:00+00:00,2024-09-01 00:00:00+00:00,1725148800000,1.85e-06
2024-09-01 08:00:00+00:00,2024-09-01 08:00:00+00:00,1725177600000,3.337e-05
2024-09-01 12:00:00+00:00,2024-09-01 08:00:00+00:00,1725177600000,3.337e-05
2024-09-01 16:00:00+00:00,2024-09-01 16:00:00+00:00,1725206400000,1.72e-05
2024-09-01 20:00:00+00:00,2024-09-01 16:00:00+00:00,1725206400000,1.72e-05
2024-09-02 00:00:00+00:00,2024-09-02 00:00:00+00:00,1725235200000,-7.487e-05
2024-09-02 04:00:00+00:00,2024-09-02 00:00:00+00:00,1725235200000,-7.487e-05
2024-09-02 08:00:00+00:00,2024-09-02 08:00:00+00:00,1725264000000,-1.44e-06
2024-09-02 12:00:00+00:00,2024-09-02 08:00:00+00:00,1725264000000,-1.44e-06
2024-09-02 16:00:00+00:00,2024-09-02 16:00:00+00:00,1725292800000,7.9e-06
2024-09-02 20:00:00+00:00,2024-09-02 16:00:00+00:00,1725292800000,7.9e-06
2024-09-03 00:00:00+00:00,2024-09-03 00:00:00+00:00,1725321600000,2.661e-05
2024-09-03 04:00:00+00:00,2024-09-03 00:00:00+00:00,1725321600000,2.661e-05
2024-09-03 08:00:00+00:00,2024-09-03 08:00:00+00:00,1725350400000,0.0001
2024-09-03 12:00:00+00:00,2024-09-03 08:00:00+00:00,1725350400000,0.0001
2024-09-03 16:00:00+00:00,2024-09-03 16:00:00+00:00,1725379200000,-0.00013158
2024-09-03 20:00:00+00:00,2024-09-03 16:00:00+00:00,1725379200000,-0.00013158
2024-09-04 00:00:00+00:00,2024-09-04 00:00:00+00:00,1725408000000,0.0001
2024-09-04 04:00:00+00:00,2024-09-04 00:00:00+00:00,1725408000000,0.0001
2024-09-04 08:00:00+00:00,2024-09-04 08:00:00+00:00,1725436800000,-0.00013517
2024-09-04 12:00:00+00:00,2024-09-04 08:00:00+00:00,1725436800000,-0.00013517
2024-09-04 16:00:00+00:00,2024-09-04 16:00:00+00:00,1725465600000,-5.014e-05
2024-09-04 20:00:00+00:00,2024-09-04 16:00:00+00:00,1725465600000,-5.014e-05
2024-09-05 00:00:00+00:00,2024-09-05 00:00:00+00:00,1725494400000,1.356e-05
2024-09-05 04:00:00+00:00,2024-09-05 00:00:00+00:00,1725494400000,1.356e-05
2024-09-05 08:00:00+00:00,2024-09-05 08:00:00+00:00,1725523200000,0.0001
2024-09-05 12:00:00+00:00,2024-09-05 08:00:00+00:00,1725523200000,0.0001
2024-09-05 16:00:00+00:00,2024-09-05 16:00:00+00:00,1725552000000,-0.00010247
2024-09-05 20:00:00+00:00,2024-09-05 16:00:00+00:00,1725552000000,-0.00010247
2024-09-06 00:00:00+00:00,2024-09-06 00:00:00+00:00,1725580800000,-5.884e-05
2024-09-06 04:00:00+00:00,2024-09-06 00:00:00+00:00,1725580800000,-5.884e-05
2024-09-06 08:00:00+00:00,2024-09-06 08:00:00+00:00,1725609600000,-0.00022254
2024-09-06 12:00:00+00:00,2024-09-06 08:00:00+00:00,1725609600000,-0.00022254
2024-09-06 16:00:00+00:00,2024-09-06 16:00:00+00:00,1725638400000,-6.871e-05
2024-09-06 20:00:00+00:00,2024-09-06 16:00:00+00:00,1725638400000,-6.871e-05
2024-09-07 00:00:00+00:00,2024-09-07 00:00:00+00:00,1725667200000,-0.00043842
2024-09-07 04:00:00+00:00,2024-09-07 00:00:00+00:00,1725667200000,-0.00043842
2024-09-07 08:00:00+00:00,2024-09-07 08:00:00+00:00,1725696000000,1.035e-05
2024-09-07 12:00:00+00:00,2024-09-07 08:00:00+00:00,1725696000000,1.035e-05
2024-09-07 16:00:00+00:00,2024-09-07 16:00:00+00:00,1725724800000,0.0001
2024-09-07 20:00:00+00:00,2024-09-07 16:00:00+00:00,1725724800000,0.0001
2024-09-08 00:00:00+00:00,2024-09-08 00:00:00+00:00,1725753600000,8.743e-05
2024-09-08 04:00:00+00:00,2024-09-08 00:00:00+00:00,1725753600000,8.743e-05
2024-09-08 08:00:00+00:00,2024-09-08 08:00:00+00:00,1725782400000,0.0001
2024-09-08 12:00:00+00:00,2024-09-08 08:00:00+00:00,1725782400000,0.0001
2024-09-08 16:00:00+00:00,2024-09-08 16:00:00+00:00,1725811200000,0.0001
2024-09-08 20:00:00+00:00,2024-09-08 16:00:00+00:00,1725811200000,0.0001
2024-09-09 00:00:00+00:00,2024-09-09 00:00:00+00:00,1725840000000,0.0001
2024-09-09 04:00:00+00:00,2024-09-09 00:00:00+00:00,1725840000000,0.0001
2024-09-09 08:00:00+00:00,2024-09-09 08:00:00+00:00,1725868800000,7.662e-05
2024-09-09 12:00:00+00:00,2024-09-09 08:00:00+00:00,1725868800000,7.662e-05
2024-09-09 16:00:00+00:00,2024-09-09 16:00:00+00:00,1725897600000,6.072e-05
2024-09-09 20:00:00+00:00,2024-09-09 16:00:00+00:00,1725897600000,6.072e-05
2024-09-10 00:00:00+00:00,2024-09-10 00:00:00+00:00,1725926400000,0.0001
2024-09-10 04:00:00+00:00,2024-09-10 00:00:00+00:00,1725926400000,0.0001
2024-09-10 08:00:00+00:00,2024-09-10 08:00:00+00:00,1725955200000,4.93e-06
2024-09-10 12:00:00+00:00,2024-09-10 08:00:00+00:00,1725955200000,4.93e-06
2024-09-10 16:00:00+00:00,2024-09-10 16:00:00+00:00,1725984000000,0.0001
2024-09-10 20:00:00+00:00,2024-09-10 16:00:00+00:00,1725984000000,0.0001
2024-09-11 00:00:00+00:00,2024-09-11 00:00:00+00:00,1726012800000,0.0001
2024-09-11 04:00:00+00:00,2024-09-11 00:00:00+00:00,1726012800000,0.0001
2024-09-11 08:00:00+00:00,2024-09-11 08:00:00+00:00,1726041600000,-1.916e-05
2024-09-11 12:00:00+00:00,2024-09-11 08:00:00+00:00,1726041600000,-1.916e-05
2024-09-11 16:00:00+00:00,2024-09-11 16:00:00+00:00,1726070400000,-5.972e-05
2024-09-11 20:00:00+00:00,2024-09-11 16:00:00+00:00,1726070400000,-5.972e-05
2024-09-12 00:00:00+00:00,2024-09-12 00:00:00+00:00,1726099200000,0.0001
2024-09-12 04:00:00+00:00,2024-09-12 00:00:00+00:00,1726099200000,0.0001
2024-09-12 08:00:00+00:00,2024-09-12 08:00:00+00:00,1726128000000,1.02e-06
2024-09-12 12:00:00+00:00,2024-09-12 08:00:00+00:00,1726128000000,1.02e-06
2024-09-12 16:00:00+00:00,2024-09-12 16:00:00+00:00,1726156800000,0.0001
2024-09-12 20:00:00+00:00,2024-09-12 16:00:00+00:00,1726156800000,0.0001
2024-09-13 00:00:00+00:00,2024-09-13 00:00:00+00:00,1726185600000,0.0001
2024-09-13 04:00:00+00:00,2024-09-13 00:00:00+00:00,1726185600000,0.0001
2024-09-13 08:00:00+00:00,2024-09-13 08:00:00+00:00,1726214400000,-0.00010279
2024-09-13 12:00:00+00:00,2024-09-13 08:00:00+00:00,1726214400000,-0.00010279
2024-09-13 16:00:00+00:00,2024-09-13 16:00:00+00:00,1726243200000,0.0001
2024-09-13 20:00:00+00:00,2024-09-13 16:00:00+00:00,1726243200000,0.0001
2024-09-14 00:00:00+00:00,2024-09-14 00:00:00+00:00,1726272000000,0.0001
2024-09-14 04:00:00+00:00,2024-09-14 00:00:00+00:00,1726272000000,0.0001
2024-09-14 08:00:00+00:00,2024-09-14 08:00:00+00:00,1726300800000,0.0001
2024-09-14 12:00:00+00:00,2024-09-14 08:00:00+00:00,1726300800000,0.0001
2024-09-14 16:00:00+00:00,2024-09-14 16:00:00+00:00,1726329600000,6.257e-05
2024-09-14 20:00:00+00:00,2024-09-14 16:00:00+00:00,1726329600000,6.257e-05
2024-09-15 00:00:00+00:00,2024-09-15 00:00:00+00:00,1726358400000,0.0001
2024-09-15 04:00:00+00:00,2024-09-15 00:00:00+00:00,1726358400000,0.0001
2024-09-15 08:00:00+00:00,2024-09-15 08:00:00+00:00,1726387200000,-0.00022416
2024-09-15 12:00:00+00:00,2024-09-15 08:00:00+00:00,1726387200000,-0.00022416
2024-09-15 16:00:00+00:00,2024-09-15 16:00:00+00:00,1726416000000,0.0001
2024-09-15 20:00:00+00:00,2024-09-15 16:00:00+00:00,1726416000000,0.0001
2024-09-16 00:00:00+00:00,2024-09-16 00:00:00+00:00,1726444800000,-0.00026766
2024-09-16 04:00:00+00:00,2024-09-16 00:00:00+00:00,1726444800000,-0.00026766
2024-09-16 08:00:00+00:00,2024-09-16 08:00:00+00:00,1726473600000,-9.182e-05
2024-09-16 12:00:00+00:00,2024-09-16 08:00:00+00:00,1726473600000,-9.182e-05
2024-09-16 16:00:00+00:00,2024-09-16 16:00:00+00:00,1726502400000,8.602e-05
2024-09-16 20:00:00+00:00,2024-09-16 16:00:00+00:00,1726502400000,8.602e-05
2024-09-17 00:00:00+00:00,2024-09-17 00:00:00+00:00,1726531200000,-2.42e-06
2024-09-17 04:00:00+00:00,2024-09-17 00:00:00+00:00,1726531200000,-2.42e-06
2024-09-17 08:00:00+00:00,2024-09-17 08:00:00+00:00,1726560000000,2.21e-06
2024-09-17 12:00:00+00:00,2024-09-17 08:00:00+00:00,1726560000000,2.21e-06
2024-09-17 16:00:00+00:00,2024-09-17 16:00:00+00:00,1726588800000,0.0001
2024-09-17 20:00:00+00:00,2024-09-17 16:00:00+00:00,1726588800000,0.0001
2024-09-18 00:00:00+00:00,2024-09-18 00:00:00+00:00,1726617600000,0.0001
2024-09-18 04:00:00+00:00,2024-09-18 00:00:00+00:00,1726617600000,0.0001
2024-09-18 08:00:00+00:00,2024-09-18 08:00:00+00:00,1726646400000,9.664e-05
2024-09-18 12:00:00+00:00,2024-09-18 08:00:00+00:00,1726646400000,9.664e-05
2024-09-18 16:00:00+00:00,2024-09-18 16:00:00+00:00,1726675200000,1.97e-05
2024-09-18 20:00:00+00:00,2024-09-18 16:00:00+00:00,1726675200000,1.97e-05
2024-09-19 00:00:00+00:00,2024-09-19 00:00:00+00:00,1726704000000,0.0001
2024-09-19 04:00:00+00:00,2024-09-19 00:00:00+00:00,1726704000000,0.0001
2024-09-19 08:00:00+00:00,2024-09-19 08:00:00+00:00,1726732800000,0.0001
2024-09-19 12:00:00+00:00,2024-09-19 08:00:00+00:00,1726732800000,0.0001
2024-09-19 16:00:00+00:00,2024-09-19 16:00:00+00:00,1726761600000,0.0001
2024-09-19 20:00:00+00:00,2024-09-19 16:00:00+00:00,1726761600000,0.0001
2024-09-20 00:00:00+00:00,2024-09-20 00:00:00+00:00,1726790400000,0.0001
2024-09-20 04:00:00+00:00,2024-09-20 00:00:00+00:00,1726790400000,0.0001
2024-09-20 08:00:00+00:00,2024-09-20 08:00:00+00:00,1726819200000,0.0001
2024-09-20 12:00:00+00:00,2024-09-20 08:00:00+00:00,1726819200000,0.0001
2024-09-20 16:00:00+00:00,2024-09-20 16:00:00+00:00,1726848000000,0.0001
2024-09-20 20:00:00+00:00,2024-09-20 16:00:00+00:00,1726848000000,0.0001
2024-09-21 00:00:00+00:00,2024-09-21 00:00:00+00:00,1726876800000,0.0001
2024-09-21 04:00:00+00:00,2024-09-21 00:00:00+00:00,1726876800000,0.0001
2024-09-21 08:00:00+00:00,2024-09-21 08:00:00+00:00,1726905600000,0.0001
2024-09-21 12:00:00+00:00,2024-09-21 08:00:00+00:00,1726905600000,0.0001
2024-09-21 16:00:00+00:00,2024-09-21 16:00:00+00:00,1726934400000,0.0001
2024-09-21 20:00:00+00:00,2024-09-21 16:00:00+00:00,1726934400000,0.0001
2024-09-22 00:00:00+00:00,2024-09-22 00:00:00+00:00,1726963200000,0.0001
2024-09-22 04:00:00+00:00,2024-09-22 00:00:00+00:00,1726963200000,0.0001
2024-09-22 08:00:00+00:00,2024-09-22 08:00:00+00:00,1726992000000,0.0001
2024-09-22 12:00:00+00:00,2024-09-22 08:00:00+00:00,1726992000000,0.0001
2024-09-22 16:00:00+00:00,2024-09-22 16:00:00+00:00,1727020800000,0.0001
2024-09-22 20:00:00+00:00,2024-09-22 16:00:00+00:00,1727020800000,0.0001
2024-09-23 00:00:00+00:00,2024-09-23 00:00:00+00:00,1727049600000,-3.857e-05
2024-09-23 04:00:00+00:00,2024-09-23 00:00:00+00:00,1727049600000,-3.857e-05
2024-09-23 08:00:00+00:00,2024-09-23 08:00:00+00:00,1727078400000,0.0001
2024-09-23 12:00:00+00:00,2024-09-23 08:00:00+00:00,1727078400000,0.0001
2024-09-23 16:00:00+00:00,2024-09-23 16:00:00+00:00,1727107200000,0.0001
2024-09-23 20:00:00+00:00,2024-09-23 16:00:00+00:00,1727107200000,0.0001
2024-09-24 00:00:00+00:00,2024-09-24 00:00:00+00:00,1727136000000,0.0001
2024-09-24 04:00:00+00:00,2024-09-24 00:00:00+00:00,1727136000000,0.0001
2024-09-24 08:00:00+00:00,2024-09-24 08:00:00+00:00,1727164800000,0.0001
2024-09-24 12:00:00+00:00,2024-09-24 08:00:00+00:00,1727164800000,0.0001
2024-09-24 16:00:00+00:00,2024-09-24 16:00:00+00:00,1727193600000,0.0001
2024-09-24 20:00:00+00:00,2024-09-24 16:00:00+00:00,1727193600000,0.0001
2024-09-25 00:00:00+00:00,2024-09-25 00:00:00+00:00,1727222400000,0.0001
2024-09-25 04:00:00+00:00,2024-09-25 00:00:00+00:00,1727222400000,0.0001
2024-09-25 08:00:00+00:00,2024-09-25 08:00:00+00:00,1727251200000,0.0001
2024-09-25 12:00:00+00:00,2024-09-25 08:00:00+00:00,1727251200000,0.0001
2024-09-25 16:00:00+00:00,2024-09-25 16:00:00+00:00,1727280000000,0.0001
2024-09-25 20:00:00+00:00,2024-09-25 16:00:00+00:00,1727280000000,0.0001
2024-09-26 00:00:00+00:00,2024-09-26 00:00:00+00:00,1727308800000,0.0001
2024-09-26 04:00:00+00:00,2024-09-26 00:00:00+00:00,1727308800000,0.0001
2024-09-26 08:00:00+00:00,2024-09-26 08:00:00+00:00,1727337600000,0.0001
2024-09-26 12:00:00+00:00,2024-09-26 08:00:00+00:00,1727337600000,0.0001
2024-09-26 16:00:00+00:00,2024-09-26 16:00:00+00:00,1727366400000,0.0001
2024-09-26 20:00:00+00:00,2024-09-26 16:00:00+00:00,1727366400000,0.0001
2024-09-27 00:00:00+00:00,2024-09-27 00:00:00+00:00,1727395200000,0.0001
2024-09-27 04:00:00+00:00,2024-09-27 00:00:00+00:00,1727395200000,0.0001
2024-09-27 08:00:00+00:00,2024-09-27 08:00:00+00:00,1727424000000,0.0001
2024-09-27 12:00:00+00:00,2024-09-27 08:00:00+00:00,1727424000000,0.0001
2024-09-27 16:00:00+00:00,2024-09-27 16:00:00+00:00,1727452800000,0.0001
2024-09-27 20:00:00+00:00,2024-09-27 16:00:00+00:00,1727452800000,0.0001
2024-09-28 00:00:00+00:00,2024-09-28 00:00:00+00:00,1727481600000,0.0001
2024-09-28 04:00:00+00:00,2024-09-28 00:00:00+00:00,1727481600000,0.0001
2024-09-28 08:00:00+00:00,2024-09-28 08:00:00+00:00,1727510400000,0.0001
2024-09-28 12:00:00+00:00,2024-09-28 08:00:00+00:00,1727510400000,0.0001
2024-09-28 16:00:00+00:00,2024-09-28 16:00:00+00:00,1727539200000,0.0001
2024-09-28 20:00:00+00:00,2024-09-28 16:00:00+00:00,1727539200000,0.0001
2024-09-29 00:00:00+00:00,2024-09-29 00:00:00+00:00,1727568000000,0.0001
2024-09-29 04:00:00+00:00,2024-09-29 00:00:00+00:00,1727568000000,0.0001
2024-09-29 08:00:00+00:00,2024-09-29 08:00:00+00:00,1727596800000,0.0001
2024-09-29 12:00:00+00:00,2024-09-29 08:00:00+00:00,1727596800000,0.0001
2024-09-29 16:00:00+00:00,2024-09-29 16:00:00+00:00,1727625600000,0.0001
2024-09-29 20:00:00+00:00,2024-09-29 16:00:00+00:00,1727625600000,0.0001
2024-09-30 00:00:00+00:00,2024-09-30 00:00:00+00:00,1727654400000,0.0001
2024-09-30 04:00:00+00:00,2024-09-30 00:00:00+00:00,1727654400000,0.0001
2024-09-30 08:00:00+00:00,2024-09-30 08:00:00+00:00,1727683200000,0.0001
2024-09-30 12:00:00+00:00,2024-09-30 08:00:00+00:00,1727683200000,0.0001
2024-09-30 16:00:00+00:00,2024-09-30 16:00:00+00:00,1727712000000,0.0001
2024-09-30 20:00:00+00:00,2024-09-30 16:00:00+00:00,1727712000000,0.0001
2024-10-01 00:00:00+00:00,2024-10-01 00:00:00+00:00,1727740800000,0.0001
2024-10-01 04:00:00+00:00,2024-10-01 00:00:00+00:00,1727740800000,0.0001
2024-10-01 08:00:00+00:00,2024-10-01 08:00:00+00:00,1727769600000,0.0001
2024-10-01 12:00:00+00:00,2024-10-01 08:00:00+00:00,1727769600000,0.0001
2024-10-01 16:00:00+00:00,2024-10-01 16:00:00+00:00,1727798400000,0.0001
2024-10-01 20:00:00+00:00,2024-10-01 16:00:00+00:00,1727798400000,0.0001
2024-10-02 00:00:00+00:00,2024-10-02 00:00:00+00:00,1727827200000,0.0001
2024-10-02 04:00:00+00:00,2024-10-02 00:00:00+00:00,1727827200000,0.0001
2024-10-02 08:00:00+00:00,2024-10-02 08:00:00+00:00,1727856000000,0.0001
2024-10-02 12:00:00+00:00,2024-10-02 08:00:00+00:00,1727856000000,0.0001
2024-10-02 16:00:00+00:00,2024-10-02 16:00:00+00:00,1727884800000,-8.684e-05
2024-10-02 20:00:00+00:00,2024-10-02 16:00:00+00:00,1727884800000,-8.684e-05
2024-10-03 00:00:00+00:00,2024-10-03 00:00:00+00:00,1727913600000,8.03e-05
2024-10-03 04:00:00+00:00,2024-10-03 00:00:00+00:00,1727913600000,8.03e-05
2024-10-03 08:00:00+00:00,2024-10-03 08:00:00+00:00,1727942400000,3.552e-05
2024-10-03 12:00:00+00:00,2024-10-03 08:00:00+00:00,1727942400000,3.552e-05
2024-10-03 16:00:00+00:00,2024-10-03 16:00:00+00:00,1727971200000,-8.715e-05
2024-10-03 20:00:00+00:00,2024-10-03 16:00:00+00:00,1727971200000,-8.715e-05
2024-10-04 00:00:00+00:00,2024-10-04 00:00:00+00:00,1728000000000,4.77e-06
2024-10-04 04:00:00+00:00,2024-10-04 00:00:00+00:00,1728000000000,4.77e-06
2024-10-04 08:00:00+00:00,2024-10-04 08:00:00+00:00,1728028800000,-2.84e-05
2024-10-04 12:00:00+00:00,2024-10-04 08:00:00+00:00,1728028800000,-2.84e-05
2024-10-04 16:00:00+00:00,2024-10-04 16:00:00+00:00,1728057600000,1.37e-06
2024-10-04 20:00:00+00:00,2024-10-04 16:00:00+00:00,1728057600000,1.37e-06
2024-10-05 00:00:00+00:00,2024-10-05 00:00:00+00:00,1728086400000,-2.975e-05
2024-10-05 04:00:00+00:00,2024-10-05 00:00:00+00:00,1728086400000,-2.975e-05
2024-10-05 08:00:00+00:00,2024-10-05 08:00:00+00:00,1728115200000,9.457e-05
2024-10-05 12:00:00+00:00,2024-10-05 08:00:00+00:00,1728115200000,9.457e-05
2024-10-05 16:00:00+00:00,2024-10-05 16:00:00+00:00,1728144000000,4.641e-05
2024-10-05 20:00:00+00:00,2024-10-05 16:00:00+00:00,1728144000000,4.641e-05
2024-10-06 00:00:00+00:00,2024-10-06 00:00:00+00:00,1728172800000,0.0001
2024-10-06 04:00:00+00:00,2024-10-06 00:00:00+00:00,1728172800000,0.0001
2024-10-06 08:00:00+00:00,2024-10-06 08:00:00+00:00,1728201600000,3.699e-05
2024-10-06 12:00:00+00:00,2024-10-06 08:00:00+00:00,1728201600000,3.699e-05
2024-10-06 16:00:00+00:00,2024-10-06 16:00:00+00:00,1728230400000,0.0001
2024-10-06 20:00:00+00:00,2024-10-06 16:00:00+00:00,1728230400000,0.0001
2024-10-07 00:00:00+00:00,2024-10-07 00:00:00+00:00,1728259200000,0.0001
2024-10-07 04:00:00+00:00,2024-10-07 00:00:00+00:00,1728259200000,0.0001
2024-10-07 08:00:00+00:00,2024-10-07 08:00:00+00:00,1728288000000,0.0001
2024-10-07 12:00:00+00:00,2024-10-07 08:00:00+00:00,1728288000000,0.0001
2024-10-07 16:00:00+00:00,2024-10-07 16:00:00+00:00,1728316800000,0.0001
2024-10-07 20:00:00+00:00,2024-10-07 16:00:00+00:00,1728316800000,0.0001
2024-10-08 00:00:00+00:00,2024-10-08 00:00:00+00:00,1728345600000,0.0001
2024-10-08 04:00:00+00:00,2024-10-08 00:00:00+00:00,1728345600000,0.0001
2024-10-08 08:00:00+00:00,2024-10-08 08:00:00+00:00,1728374400000,2.044e-05
2024-10-08 12:00:00+00:00,2024-10-08 08:00:00+00:00,1728374400000,2.044e-05
2024-10-08 16:00:00+00:00,2024-10-08 16:00:00+00:00,1728403200000,-5.462e-05
2024-10-08 20:00:00+00:00,2024-10-08 16:00:00+00:00,1728403200000,-5.462e-05
2024-10-09 00:00:00+00:00,2024-10-09 00:00:00+00:00,1728432000000,0.0001
2024-10-09 04:00:00+00:00,2024-10-09 00:00:00+00:00,1728432000000,0.0001
2024-10-09 08:00:00+00:00,2024-10-09 08:00:00+00:00,1728460800000,0.0001
2024-10-09 12:00:00+00:00,2024-10-09 08:00:00+00:00,1728460800000,0.0001
2024-10-09 16:00:00+00:00,2024-10-09 16:00:00+00:00,1728489600000,0.0001
2024-10-09 20:00:00+00:00,2024-10-09 16:00:00+00:00,1728489600000,0.0001
2024-10-10 00:00:00+00:00,2024-10-10 00:00:00+00:00,1728518400000,2.872e-05
2024-10-10 04:00:00+00:00,2024-10-10 00:00:00+00:00,1728518400000,2.872e-05
2024-10-10 08:00:00+00:00,2024-10-10 08:00:00+00:00,1728547200000,0.0001
2024-10-10 12:00:00+00:00,2024-10-10 08:00:00+00:00,1728547200000,0.0001
2024-10-10 16:00:00+00:00,2024-10-10 16:00:00+00:00,1728576000000,0.0001
2024-10-10 20:00:00+00:00,2024-10-10 16:00:00+00:00,1728576000000,0.0001
2024-10-11 00:00:00+00:00,2024-10-11 00:00:00+00:00,1728604800000,0.0001
2024-10-11 04:00:00+00:00,2024-10-11 00:00:00+00:00,1728604800000,0.0001
2024-10-11 08:00:00+00:00,2024-10-11 08:00:00+00:00,1728633600000,0.0001
2024-10-11 12:00:00+00:00,2024-10-11 08:00:00+00:00,1728633600000,0.0001
2024-10-11 16:00:00+00:00,2024-10-11 16:00:00+00:00,1728662400000,0.0001
2024-10-11 20:00:00+00:00,2024-10-11 16:00:00+00:00,1728662400000,0.0001
2024-10-12 00:00:00+00:00,2024-10-12 00:00:00+00:00,1728691200000,0.0001
2024-10-12 04:00:00+00:00,2024-10-12 00:00:00+00:00,1728691200000,0.0001
2024-10-12 08:00:00+00:00,2024-10-12 08:00:00+00:00,1728720000000,0.0001
2024-10-12 12:00:00+00:00,2024-10-12 08:00:00+00:00,1728720000000,0.0001
2024-10-12 16:00:00+00:00,2024-10-12 16:00:00+00:00,1728748800000,0.0001
2024-10-12 20:00:00+00:00,2024-10-12 16:00:00+00:00,1728748800000,0.0001
2024-10-13 00:00:00+00:00,2024-10-13 00:00:00+00:00,1728777600000,0.0001
2024-10-13 04:00:00+00:00,2024-10-13 00:00:00+00:00,1728777600000,0.0001
2024-10-13 08:00:00+00:00,2024-10-13 08:00:00+00:00,1728806400000,0.0001
2024-10-13 12:00:00+00:00,2024-10-13 08:00:00+00:00,1728806400000,0.0001
2024-10-13 16:00:00+00:00,2024-10-13 16:00:00+00:00,1728835200000,0.0001
2024-10-13 20:00:00+00:00,2024-10-13 16:00:00+00:00,1728835200000,0.0001
2024-10-14 00:00:00+00:00,2024-10-14 00:00:00+00:00,1728864000000,0.0001
2024-10-14 04:00:00+00:00,2024-10-14 00:00:00+00:00,1728864000000,0.0001
2024-10-14 08:00:00+00:00,2024-10-14 08:00:00+00:00,1728892800000,0.0001
2024-10-14 12:00:00+00:00,2024-10-14 08:00:00+00:00,1728892800000,0.0001
2024-10-14 16:00:00+00:00,2024-10-14 16:00:00+00:00,1728921600000,0.0001
2024-10-14 20:00:00+00:00,2024-10-14 16:00:00+00:00,1728921600000,0.0001
2024-10-15 00:00:00+00:00,2024-10-15 00:00:00+00:00,1728950400000,0.0001
2024-10-15 04:00:00+00:00,2024-10-15 00:00:00+00:00,1728950400000,0.0001
2024-10-15 08:00:00+00:00,2024-10-15 08:00:00+00:00,1728979200000,0.0001
2024-10-15 12:00:00+00:00,2024-10-15 08:00:00+00:00,1728979200000,0.0001
2024-10-15 16:00:00+00:00,2024-10-15 16:00:00+00:00,1729008000000,0.0001
2024-10-15 20:00:00+00:00,2024-10-15 16:00:00+00:00,1729008000000,0.0001
2024-10-16 00:00:00+00:00,2024-10-16 00:00:00+00:00,1729036800000,0.0001
2024-10-16 04:00:00+00:00,2024-10-16 00:00:00+00:00,1729036800000,0.0001
2024-10-16 08:00:00+00:00,2024-10-16 08:00:00+00:00,1729065600000,0.0001
2024-10-16 12:00:00+00:00,2024-10-16 08:00:00+00:00,1729065600000,0.0001
2024-10-16 16:00:00+00:00,2024-10-16 16:00:00+00:00,1729094400000,0.0001
2024-10-16 20:00:00+00:00,2024-10-16 16:00:00+00:00,1729094400000,0.0001
2024-10-17 00:00:00+00:00,2024-10-17 00:00:00+00:00,1729123200000,0.0001
2024-10-17 04:00:00+00:00,2024-10-17 00:00:00+00:00,1729123200000,0.0001
2024-10-17 08:00:00+00:00,2024-10-17 08:00:00+00:00,1729152000000,0.0001
2024-10-17 12:00:00+00:00,2024-10-17 08:00:00+00:00,1729152000000,0.0001
2024-10-17 16:00:00+00:00,2024-10-17 16:00:00+00:00,1729180800000,0.0001
2024-10-17 20:00:00+00:00,2024-10-17 16:00:00+00:00,1729180800000,0.0001
2024-10-18 00:00:00+00:00,2024-10-18 00:00:00+00:00,1729209600000,3.663e-05
2024-10-18 04:00:00+00:00,2024-10-18 00:00:00+00:00,1729209600000,3.663e-05
2024-10-18 08:00:00+00:00,2024-10-18 08:00:00+00:00,1729238400000,0.0001
2024-10-18 12:00:00+00:00,2024-10-18 08:00:00+00:00,1729238400000,0.0001
2024-10-18 16:00:00+00:00,2024-10-18 16:00:00+00:00,1729267200000,0.0001
2024-10-18 20:00:00+00:00,2024-10-18 16:00:00+00:00,1729267200000,0.0001
2024-10-19 00:00:00+00:00,2024-10-19 00:00:00+00:00,1729296000000,0.0001
2024-10-19 04:00:00+00:00,2024-10-19 00:00:00+00:00,1729296000000,0.0001
2024-10-19 08:00:00+00:00,2024-10-19 08:00:00+00:00,1729324800000,0.0001
2024-10-19 12:00:00+00:00,2024-10-19 08:00:00+00:00,1729324800000,0.0001
2024-10-19 16:00:00+00:00,2024-10-19 16:00:00+00:00,1729353600000,0.0001
2024-10-19 20:00:00+00:00,2024-10-19 16:00:00+00:00,1729353600000,0.0001
2024-10-20 00:00:00+00:00,2024-10-20 00:00:00+00:00,1729382400000,0.0001
2024-10-20 04:00:00+00:00,2024-10-20 00:00:00+00:00,1729382400000,0.0001
2024-10-20 08:00:00+00:00,2024-10-20 08:00:00+00:00,1729411200000,0.0001
2024-10-20 12:00:00+00:00,2024-10-20 08:00:00+00:00,1729411200000,0.0001
2024-10-20 16:00:00+00:00,2024-10-20 16:00:00+00:00,1729440000000,0.0001
2024-10-20 20:00:00+00:00,2024-10-20 16:00:00+00:00,1729440000000,0.0001
2024-10-21 00:00:00+00:00,2024-10-21 00:00:00+00:00,1729468800000,0.0001
2024-10-21 04:00:00+00:00,2024-10-21 00:00:00+00:00,1729468800000,0.0001
2024-10-21 08:00:00+00:00,2024-10-21 08:00:00+00:00,1729497600000,0.00020571
2024-10-21 12:00:00+00:00,2024-10-21 08:00:00+00:00,1729497600000,0.00020571
2024-10-21 16:00:00+00:00,2024-10-21 16:00:00+00:00,1729526400000,0.0001
2024-10-21 20:00:00+00:00,2024-10-21 16:00:00+00:00,1729526400000,0.0001
2024-10-22 00:00:00+00:00,2024-10-22 00:00:00+00:00,1729555200000,0.0001
2024-10-22 04:00:00+00:00,2024-10-22 00:00:00+00:00,1729555200000,0.0001
2024-10-22 08:00:00+00:00,2024-10-22 08:00:00+00:00,1729584000000,0.0001
2024-10-22 12:00:00+00:00,2024-10-22 08:00:00+00:00,1729584000000,0.0001
2024-10-22 16:00:00+00:00,2024-10-22 16:00:00+00:00,1729612800000,0.0001
2024-10-22 20:00:00+00:00,2024-10-22 16:00:00+00:00,1729612800000,0.0001
2024-10-23 00:00:00+00:00,2024-10-23 00:00:00+00:00,1729641600000,0.0001
2024-10-23 04:00:00+00:00,2024-10-23 00:00:00+00:00,1729641600000,0.0001
2024-10-23 08:00:00+00:00,2024-10-23 08:00:00+00:00,1729670400000,0.0001
2024-10-23 12:00:00+00:00,2024-10-23 08:00:00+00:00,1729670400000,0.0001
2024-10-23 16:00:00+00:00,2024-10-23 16:00:00+00:00,1729699200000,0.0001
2024-10-23 20:00:00+00:00,2024-10-23 16:00:00+00:00,1729699200000,0.0001
2024-10-24 00:00:00+00:00,2024-10-24 00:00:00+00:00,1729728000000,0.0001
2024-10-24 04:00:00+00:00,2024-10-24 00:00:00+00:00,1729728000000,0.0001
2024-10-24 08:00:00+00:00,2024-10-24 08:00:00+00:00,1729756800000,0.0001
2024-10-24 12:00:00+00:00,2024-10-24 08:00:00+00:00,1729756800000,0.0001
2024-10-24 16:00:00+00:00,2024-10-24 16:00:00+00:00,1729785600000,0.0001
2024-10-24 20:00:00+00:00,2024-10-24 16:00:00+00:00,1729785600000,0.0001
2024-10-25 00:00:00+00:00,2024-10-25 00:00:00+00:00,1729814400000,0.0001
2024-10-25 04:00:00+00:00,2024-10-25 00:00:00+00:00,1729814400000,0.0001
2024-10-25 08:00:00+00:00,2024-10-25 08:00:00+00:00,1729843200000,0.0001
2024-10-25 12:00:00+00:00,2024-10-25 08:00:00+00:00,1729843200000,0.0001
2024-10-25 16:00:00+00:00,2024-10-25 16:00:00+00:00,1729872000000,0.0001
2024-10-25 20:00:00+00:00,2024-10-25 16:00:00+00:00,1729872000000,0.0001
2024-10-26 00:00:00+00:00,2024-10-26 00:00:00+00:00,1729900800000,8.244e-05
2024-10-26 04:00:00+00:00,2024-10-26 00:00:00+00:00,1729900800000,8.244e-05
2024-10-26 08:00:00+00:00,2024-10-26 08:00:00+00:00,1729929600000,0.0001
2024-10-26 12:00:00+00:00,2024-10-26 08:00:00+00:00,1729929600000,0.0001
2024-10-26 16:00:00+00:00,2024-10-26 16:00:00+00:00,1729958400000,0.0001
2024-10-26 20:00:00+00:00,2024-10-26 16:00:00+00:00,1729958400000,0.0001
2024-10-27 00:00:00+00:00,2024-10-27 00:00:00+00:00,1729987200000,0.0001
2024-10-27 04:00:00+00:00,2024-10-27 00:00:00+00:00,1729987200000,0.0001
2024-10-27 08:00:00+00:00,2024-10-27 08:00:00+00:00,1730016000000,0.0001
2024-10-27 12:00:00+00:00,2024-10-27 08:00:00+00:00,1730016000000,0.0001
2024-10-27 16:00:00+00:00,2024-10-27 16:00:00+00:00,1730044800000,0.0001
2024-10-27 20:00:00+00:00,2024-10-27 16:00:00+00:00,1730044800000,0.0001
2024-10-28 00:00:00+00:00,2024-10-28 00:00:00+00:00,1730073600000,0.0001
2024-10-28 04:00:00+00:00,2024-10-28 00:00:00+00:00,1730073600000,0.0001
2024-10-28 08:00:00+00:00,2024-10-28 08:00:00+00:00,1730102400000,0.0001
2024-10-28 12:00:00+00:00,2024-10-28 08:00:00+00:00,1730102400000,0.0001
2024-10-28 16:00:00+00:00,2024-10-28 16:00:00+00:00,1730131200000,0.0001
2024-10-28 20:00:00+00:00,2024-10-28 16:00:00+00:00,1730131200000,0.0001
2024-10-29 00:00:00+00:00,2024-10-29 00:00:00+00:00,1730160000000,0.0001
2024-10-29 04:00:00+00:00,2024-10-29 00:00:00+00:00,1730160000000,0.0001
2024-10-29 08:00:00+00:00,2024-10-29 08:00:00+00:00,1730188800000,0.0001
2024-10-29 12:00:00+00:00,2024-10-29 08:00:00+00:00,1730188800000,0.0001
2024-10-29 16:00:00+00:00,2024-10-29 16:00:00+00:00,1730217600000,0.0001
2024-10-29 20:00:00+00:00,2024-10-29 16:00:00+00:00,1730217600000,0.0001
2024-10-30 00:00:00+00:00,2024-10-30 00:00:00+00:00,1730246400000,0.0001
2024-10-30 04:00:00+00:00,2024-10-30 00:00:00+00:00,1730246400000,0.0001
2024-10-30 08:00:00+00:00,2024-10-30 08:00:00+00:00,1730275200000,0.0001
2024-10-30 12:00:00+00:00,2024-10-30 08:00:00+00:00,1730275200000,0.0001
2024-10-30 16:00:00+00:00,2024-10-30 16:00:00+00:00,1730304000000,0.00010055
2024-10-30 20:00:00+00:00,2024-10-30 16:00:00+00:00,1730304000000,0.00010055
2024-10-31 00:00:00+00:00,2024-10-31 00:00:00+00:00,1730332800000,0.0001
2024-10-31 04:00:00+00:00,2024-10-31 00:00:00+00:00,1730332800000,0.0001
2024-10-31 08:00:00+00:00,2024-10-31 08:00:00+00:00,1730361600000,0.0001
2024-10-31 12:00:00+00:00,2024-10-31 08:00:00+00:00,1730361600000,0.0001
2024-10-31 16:00:00+00:00,2024-10-31 16:00:00+00:00,1730390400000,0.0001
2024-10-31 20:00:00+00:00,2024-10-31 16:00:00+00:00,1730390400000,0.0001
2024-11-01 00:00:00+00:00,2024-11-01 00:00:00+00:00,1730419200000,0.0001
2024-11-01 04:00:00+00:00,2024-11-01 00:00:00+00:00,1730419200000,0.0001
2024-11-01 08:00:00+00:00,2024-11-01 08:00:00+00:00,1730448000000,0.0001
2024-11-01 12:00:00+00:00,2024-11-01 08:00:00+00:00,1730448000000,0.0001
2024-11-01 16:00:00+00:00,2024-11-01 16:00:00+00:00,1730476800000,0.0001
2024-11-01 20:00:00+00:00,2024-11-01 16:00:00+00:00,1730476800000,0.0001
2024-11-02 00:00:00+00:00,2024-11-02 00:00:00+00:00,1730505600000,0.0001
2024-11-02 04:00:00+00:00,2024-11-02 00:00:00+00:00,1730505600000,0.0001
2024-11-02 08:00:00+00:00,2024-11-02 08:00:00+00:00,1730534400000,0.0001
2024-11-02 12:00:00+00:00,2024-11-02 08:00:00+00:00,1730534400000,0.0001
2024-11-02 16:00:00+00:00,2024-11-02 16:00:00+00:00,1730563200000,0.0001
2024-11-02 20:00:00+00:00,2024-11-02 16:00:00+00:00,1730563200000,0.0001
2024-11-03 00:00:00+00:00,2024-11-03 00:00:00+00:00,1730592000000,0.0001
2024-11-03 04:00:00+00:00,2024-11-03 00:00:00+00:00,1730592000000,0.0001
2024-11-03 08:00:00+00:00,2024-11-03 08:00:00+00:00,1730620800000,2.991e-05
2024-11-03 12:00:00+00:00,2024-11-03 08:00:00+00:00,1730620800000,2.991e-05
2024-11-03 16:00:00+00:00,2024-11-03 16:00:00+00:00,1730649600000,0.0001
2024-11-03 20:00:00+00:00,2024-11-03 16:00:00+00:00,1730649600000,0.0001
2024-11-04 00:00:00+00:00,2024-11-04 00:00:00+00:00,1730678400000,0.0001
2024-11-04 04:00:00+00:00,2024-11-04 00:00:00+00:00,1730678400000,0.0001
2024-11-04 08:00:00+00:00,2024-11-04 08:00:00+00:00,1730707200000,0.0001
2024-11-04 12:00:00+00:00,2024-11-04 08:00:00+00:00,1730707200000,0.0001
2024-11-04 16:00:00+00:00,2024-11-04 16:00:00+00:00,1730736000000,0.0001
2024-11-04 20:00:00+00:00,2024-11-04 16:00:00+00:00,1730736000000,0.0001
2024-11-05 00:00:00+00:00,2024-11-05 00:00:00+00:00,1730764800000,0.0001
2024-11-05 04:00:00+00:00,2024-11-05 00:00:00+00:00,1730764800000,0.0001
2024-11-05 08:00:00+00:00,2024-11-05 08:00:00+00:00,1730793600000,0.0001
2024-11-05 12:00:00+00:00,2024-11-05 08:00:00+00:00,1730793600000,0.0001
2024-11-05 16:00:00+00:00,2024-11-05 16:00:00+00:00,1730822400000,0.0001
2024-11-05 20:00:00+00:00,2024-11-05 16:00:00+00:00,1730822400000,0.0001
2024-11-06 00:00:00+00:00,2024-11-06 00:00:00+00:00,1730851200000,0.0001
2024-11-06 04:00:00+00:00,2024-11-06 00:00:00+00:00,1730851200000,0.0001
2024-11-06 08:00:00+00:00,2024-11-06 08:00:00+00:00,1730880000000,0.0001
2024-11-06 12:00:00+00:00,2024-11-06 08:00:00+00:00,1730880000000,0.0001
2024-11-06 16:00:00+00:00,2024-11-06 16:00:00+00:00,1730908800000,0.0001
2024-11-06 20:00:00+00:00,2024-11-06 16:00:00+00:00,1730908800000,0.0001
2024-11-07 00:00:00+00:00,2024-11-07 00:00:00+00:00,1730937600000,0.00026054
2024-11-07 04:00:00+00:00,2024-11-07 00:00:00+00:00,1730937600000,0.00026054
2024-11-07 08:00:00+00:00,2024-11-07 08:00:00+00:00,1730966400000,0.00059203
2024-11-07 12:00:00+00:00,2024-11-07 08:00:00+00:00,1730966400000,0.00059203
2024-11-07 16:00:00+00:00,2024-11-07 16:00:00+00:00,1730995200000,0.00020572
2024-11-07 20:00:00+00:00,2024-11-07 16:00:00+00:00,1730995200000,0.00020572
2024-11-08 00:00:00+00:00,2024-11-08 00:00:00+00:00,1731024000000,0.00039585
2024-11-08 04:00:00+00:00,2024-11-08 00:00:00+00:00,1731024000000,0.00039585
2024-11-08 08:00:00+00:00,2024-11-08 08:00:00+00:00,1731052800000,0.000225
2024-11-08 12:00:00+00:00,2024-11-08 08:00:00+00:00,1731052800000,0.000225
2024-11-08 16:00:00+00:00,2024-11-08 16:00:00+00:00,1731081600000,0.00020968
2024-11-08 20:00:00+00:00,2024-11-08 16:00:00+00:00,1731081600000,0.00020968
2024-11-09 00:00:00+00:00,2024-11-09 00:00:00+00:00,1731110400000,0.0004556
2024-11-09 04:00:00+00:00,2024-11-09 00:00:00+00:00,1731110400000,0.0004556
2024-11-09 08:00:00+00:00,2024-11-09 08:00:00+00:00,1731139200000,0.00042266
2024-11-09 12:00:00+00:00,2024-11-09 08:00:00+00:00,1731139200000,0.00042266
2024-11-09 16:00:00+00:00,2024-11-09 16:00:00+00:00,1731168000000,0.0001
2024-11-09 20:00:00+00:00,2024-11-09 16:00:00+00:00,1731168000000,0.0001
2024-11-10 00:00:00+00:00,2024-11-10 00:00:00+00:00,1731196800000,0.00046769
2024-11-10 04:00:00+00:00,2024-11-10 00:00:00+00:00,1731196800000,0.00046769
2024-11-10 08:00:00+00:00,2024-11-10 08:00:00+00:00,1731225600000,0.00059334
2024-11-10 12:00:00+00:00,2024-11-10 08:00:00+00:00,1731225600000,0.00059334
2024-11-10 16:00:00+00:00,2024-11-10 16:00:00+00:00,1731254400000,0.00052276
2024-11-10 20:00:00+00:00,2024-11-10 16:00:00+00:00,1731254400000,0.00052276
2024-11-11 00:00:00+00:00,2024-11-11 00:00:00+00:00,1731283200000,0.00019203
2024-11-11 04:00:00+00:00,2024-11-11 00:00:00+00:00,1731283200000,0.00019203
2024-11-11 08:00:00+00:00,2024-11-11 08:00:00+00:00,1731312000000,0.00016916
2024-11-11 12:00:00+00:00,2024-11-11 08:00:00+00:00,1731312000000,0.00016916
2024-11-11 16:00:00+00:00,2024-11-11 16:00:00+00:00,1731340800000,0.00027399
2024-11-11 20:00:00+00:00,2024-11-11 16:00:00+00:00,1731340800000,0.00027399
2024-11-12 00:00:00+00:00,2024-11-12 00:00:00+00:00,1731369600000,0.00027153
2024-11-12 04:00:00+00:00,2024-11-12 00:00:00+00:00,1731369600000,0.00027153
2024-11-12 08:00:00+00:00,2024-11-12 08:00:00+00:00,1731398400000,0.00091649
2024-11-12 12:00:00+00:00,2024-11-12 08:00:00+00:00,1731398400000,0.00091649
2024-11-12 16:00:00+00:00,2024-11-12 16:00:00+00:00,1731427200000,0.00057168
2024-11-12 20:00:00+00:00,2024-11-12 16:00:00+00:00,1731427200000,0.00057168
2024-11-13 00:00:00+00:00,2024-11-13 00:00:00+00:00,1731456000000,0.0008515
2024-11-13 04:00:00+00:00,2024-11-13 00:00:00+00:00,1731456000000,0.0008515
2024-11-13 08:00:00+00:00,2024-11-13 08:00:00+00:00,1731484800000,0.00014436
2024-11-13 12:00:00+00:00,2024-11-13 08:00:00+00:00,1731484800000,0.00014436
2024-11-13 16:00:00+00:00,2024-11-13 16:00:00+00:00,1731513600000,0.00122813
2024-11-13 20:00:00+00:00,2024-11-13 16:00:00+00:00,1731513600000,0.00122813
2024-11-14 00:00:00+00:00,2024-11-14 00:00:00+00:00,1731542400000,0.00038391
2024-11-14 04:00:00+00:00,2024-11-14 00:00:00+00:00,1731542400000,0.00038391
2024-11-14 08:00:00+00:00,2024-11-14 08:00:00+00:00,1731571200000,0.00056049
2024-11-14 12:00:00+00:00,2024-11-14 08:00:00+00:00,1731571200000,0.00056049
2024-11-14 16:00:00+00:00,2024-11-14 16:00:00+00:00,1731600000000,0.00040381
2024-11-14 20:00:00+00:00,2024-11-14 16:00:00+00:00,1731600000000,0.00040381
2024-11-15 00:00:00+00:00,2024-11-15 00:00:00+00:00,1731628800000,0.0001
2024-11-15 04:00:00+00:00,2024-11-15 00:00:00+00:00,1731628800000,0.0001
2024-11-15 08:00:00+00:00,2024-11-15 08:00:00+00:00,1731657600000,0.00030169
2024-11-15 12:00:00+00:00,2024-11-15 08:00:00+00:00,1731657600000,0.00030169
2024-11-15 16:00:00+00:00,2024-11-15 16:00:00+00:00,1731686400000,0.00034462
2024-11-15 20:00:00+00:00,2024-11-15 16:00:00+00:00,1731686400000,0.00034462
2024-11-16 00:00:00+00:00,2024-11-16 00:00:00+00:00,1731715200000,0.00093806
2024-11-16 04:00:00+00:00,2024-11-16 00:00:00+00:00,1731715200000,0.00093806
2024-11-16 08:00:00+00:00,2024-11-16 08:00:00+00:00,1731744000000,0.00050604
2024-11-16 12:00:00+00:00,2024-11-16 08:00:00+00:00,1731744000000,0.00050604
2024-11-16 16:00:00+00:00,2024-11-16 16:00:00+00:00,1731772800000,0.00033284
2024-11-16 20:00:00+00:00,2024-11-16 16:00:00+00:00,1731772800000,0.00033284
2024-11-17 00:00:00+00:00,2024-11-17 00:00:00+00:00,1731801600000,0.00041504
2024-11-17 04:00:00+00:00,2024-11-17 00:00:00+00:00,1731801600000,0.00041504
2024-11-17 08:00:00+00:00,2024-11-17 08:00:00+00:00,1731830400000,0.00064979
2024-11-17 12:00:00+00:00,2024-11-17 08:00:00+00:00,1731830400000,0.00064979
2024-11-17 16:00:00+00:00,2024-11-17 16:00:00+00:00,1731859200000,0.00047336
2024-11-17 20:00:00+00:00,2024-11-17 16:00:00+00:00,1731859200000,0.00047336
2024-11-18 00:00:00+00:00,2024-11-18 00:00:00+00:00,1731888000000,0.00021579
2024-11-18 04:00:00+00:00,2024-11-18 00:00:00+00:00,1731888000000,0.00021579
2024-11-18 08:00:00+00:00,2024-11-18 08:00:00+00:00,1731916800000,0.00042227
2024-11-18 12:00:00+00:00,2024-11-18 08:00:00+00:00,1731916800000,0.00042227
2024-11-18 16:00:00+00:00,2024-11-18 16:00:00+00:00,1731945600000,0.00034445
2024-11-18 20:00:00+00:00,2024-11-18 16:00:00+00:00,1731945600000,0.00034445
2024-11-19 00:00:00+00:00,2024-11-19 00:00:00+00:00,1731974400000,0.00023413
2024-11-19 04:00:00+00:00,2024-11-19 00:00:00+00:00,1731974400000,0.00023413
2024-11-19 08:00:00+00:00,2024-11-19 08:00:00+00:00,1732003200000,0.00036488
2024-11-19 12:00:00+00:00,2024-11-19 08:00:00+00:00,1732003200000,0.00036488
2024-11-19 16:00:00+00:00,2024-11-19 16:00:00+00:00,1732032000000,0.000277
2024-11-19 20:00:00+00:00,2024-11-19 16:00:00+00:00,1732032000000,0.000277
2024-11-20 00:00:00+00:00,2024-11-20 00:00:00+00:00,1732060800000,0.0001
2024-11-20 04:00:00+00:00,2024-11-20 00:00:00+00:00,1732060800000,0.0001
2024-11-20 08:00:00+00:00,2024-11-20 08:00:00+00:00,1732089600000,0.00041075
2024-11-20 12:00:00+00:00,2024-11-20 08:00:00+00:00,1732089600000,0.00041075
2024-11-20 16:00:00+00:00,2024-11-20 16:00:00+00:00,1732118400000,0.00010847
2024-11-20 20:00:00+00:00,2024-11-20 16:00:00+00:00,1732118400000,0.00010847
2024-11-21 00:00:00+00:00,2024-11-21 00:00:00+00:00,1732147200000,0.0001
2024-11-21 04:00:00+00:00,2024-11-21 00:00:00+00:00,1732147200000,0.0001
2024-11-21 08:00:00+00:00,2024-11-21 08:00:00+00:00,1732176000000,0.00011508
2024-11-21 12:00:00+00:00,2024-11-21 08:00:00+00:00,1732176000000,0.00011508
2024-11-21 16:00:00+00:00,2024-11-21 16:00:00+00:00,1732204800000,0.00044295
2024-11-21 20:00:00+00:00,2024-11-21 16:00:00+00:00,1732204800000,0.00044295
2024-11-22 00:00:00+00:00,2024-11-22 00:00:00+00:00,1732233600000,0.00046308
2024-11-22 04:00:00+00:00,2024-11-22 00:00:00+00:00,1732233600000,0.00046308
2024-11-22 08:00:00+00:00,2024-11-22 08:00:00+00:00,1732262400000,0.00066778
2024-11-22 12:00:00+00:00,2024-11-22 08:00:00+00:00,1732262400000,0.00066778
2024-11-22 16:00:00+00:00,2024-11-22 16:00:00+00:00,1732291200000,0.00023531
2024-11-22 20:00:00+00:00,2024-11-22 16:00:00+00:00,1732291200000,0.00023531
2024-11-23 00:00:00+00:00,2024-11-23 00:00:00+00:00,1732320000000,0.00027815
2024-11-23 04:00:00+00:00,2024-11-23 00:00:00+00:00,1732320000000,0.00027815
2024-11-23 08:00:00+00:00,2024-11-23 08:00:00+00:00,1732348800000,0.00115389
2024-11-23 12:00:00+00:00,2024-11-23 08:00:00+00:00,1732348800000,0.00115389
2024-11-23 16:00:00+00:00,2024-11-23 16:00:00+00:00,1732377600000,0.00091587
2024-11-23 20:00:00+00:00,2024-11-23 16:00:00+00:00,1732377600000,0.00091587
2024-11-24 00:00:00+00:00,2024-11-24 00:00:00+00:00,1732406400000,0.00027689
2024-11-24 04:00:00+00:00,2024-11-24 00:00:00+00:00,1732406400000,0.00027689
2024-11-24 08:00:00+00:00,2024-11-24 08:00:00+00:00,1732435200000,0.000445
2024-11-24 12:00:00+00:00,2024-11-24 08:00:00+00:00,1732435200000,0.000445
2024-11-24 16:00:00+00:00,2024-11-24 16:00:00+00:00,1732464000000,0.00022893
2024-11-24 20:00:00+00:00,2024-11-24 16:00:00+00:00,1732464000000,0.00022893
2024-11-25 00:00:00+00:00,2024-11-25 00:00:00+00:00,1732492800000,0.00032522
2024-11-25 04:00:00+00:00,2024-11-25 00:00:00+00:00,1732492800000,0.00032522
2024-11-25 08:00:00+00:00,2024-11-25 08:00:00+00:00,1732521600000,0.00071872
2024-11-25 12:00:00+00:00,2024-11-25 08:00:00+00:00,1732521600000,0.00071872
2024-11-25 16:00:00+00:00,2024-11-25 16:00:00+00:00,1732550400000,0.00028666
2024-11-25 20:00:00+00:00,2024-11-25 16:00:00+00:00,1732550400000,0.00028666
2024-11-26 00:00:00+00:00,2024-11-26 00:00:00+00:00,1732579200000,0.00011746
2024-11-26 04:00:00+00:00,2024-11-26 00:00:00+00:00,1732579200000,0.00011746
2024-11-26 08:00:00+00:00,2024-11-26 08:00:00+00:00,1732608000000,0.00028946
2024-11-26 12:00:00+00:00,2024-11-26 08:00:00+00:00,1732608000000,0.00028946
2024-11-26 16:00:00+00:00,2024-11-26 16:00:00+00:00,1732636800000,0.0001
2024-11-26 20:00:00+00:00,2024-11-26 16:00:00+00:00,1732636800000,0.0001
2024-11-27 00:00:00+00:00,2024-11-27 00:00:00+00:00,1732665600000,0.00023682
2024-11-27 04:00:00+00:00,2024-11-27 00:00:00+00:00,1732665600000,0.00023682
2024-11-27 08:00:00+00:00,2024-11-27 08:00:00+00:00,1732694400000,0.00046154
2024-11-27 12:00:00+00:00,2024-11-27 08:00:00+00:00,1732694400000,0.00046154
2024-11-27 16:00:00+00:00,2024-11-27 16:00:00+00:00,1732723200000,0.00040685
2024-11-27 20:00:00+00:00,2024-11-27 16:00:00+00:00,1732723200000,0.00040685
2024-11-28 00:00:00+00:00,2024-11-28 00:00:00+00:00,1732752000000,0.0006822
2024-11-28 04:00:00+00:00,2024-11-28 00:00:00+00:00,1732752000000,0.0006822
2024-11-28 08:00:00+00:00,2024-11-28 08:00:00+00:00,1732780800000,0.00060053
2024-11-28 12:00:00+00:00,2024-11-28 08:00:00+00:00,1732780800000,0.00060053
2024-11-28 16:00:00+00:00,2024-11-28 16:00:00+00:00,1732809600000,0.0003658
2024-11-28 20:00:00+00:00,2024-11-28 16:00:00+00:00,1732809600000,0.0003658
2024-11-29 00:00:00+00:00,2024-11-29 00:00:00+00:00,1732838400000,0.00079664
2024-11-29 04:00:00+00:00,2024-11-29 00:00:00+00:00,1732838400000,0.00079664
2024-11-29 08:00:00+00:00,2024-11-29 08:00:00+00:00,1732867200000,0.00056958
2024-11-29 12:00:00+00:00,2024-11-29 08:00:00+00:00,1732867200000,0.00056958
2024-11-29 16:00:00+00:00,2024-11-29 16:00:00+00:00,1732896000000,0.00080343
2024-11-29 20:00:00+00:00,2024-11-29 16:00:00+00:00,1732896000000,0.00080343
2024-11-30 00:00:00+00:00,2024-11-30 00:00:00+00:00,1732924800000,0.00068002
2024-11-30 04:00:00+00:00,2024-11-30 00:00:00+00:00,1732924800000,0.00068002
2024-11-30 08:00:00+00:00,2024-11-30 08:00:00+00:00,1732953600000,0.00095163
2024-11-30 12:00:00+00:00,2024-11-30 08:00:00+00:00,1732953600000,0.00095163
2024-11-30 16:00:00+00:00,2024-11-30 16:00:00+00:00,1732982400000,0.00045174
2024-11-30 20:00:00+00:00,2024-11-30 16:00:00+00:00,1732982400000,0.00045174
2024-12-01 00:00:00+00:00,2024-12-01 00:00:00+00:00,1733011200000,0.00042705
2024-12-01 04:00:00+00:00,2024-12-01 00:00:00+00:00,1733011200000,0.00042705
2024-12-01 08:00:00+00:00,2024-12-01 08:00:00+00:00,1733040000000,0.00049448
2024-12-01 12:00:00+00:00,2024-12-01 08:00:00+00:00,1733040000000,0.00049448
2024-12-01 16:00:00+00:00,2024-12-01 16:00:00+00:00,1733068800000,0.00059619
2024-12-01 20:00:00+00:00,2024-12-01 16:00:00+00:00,1733068800000,0.00059619
2024-12-02 00:00:00+00:00,2024-12-02 00:00:00+00:00,1733097600000,0.00060346
2024-12-02 04:00:00+00:00,2024-12-02 00:00:00+00:00,1733097600000,0.00060346
2024-12-02 08:00:00+00:00,2024-12-02 08:00:00+00:00,1733126400000,0.00017978
2024-12-02 12:00:00+00:00,2024-12-02 08:00:00+00:00,1733126400000,0.00017978
2024-12-02 16:00:00+00:00,2024-12-02 16:00:00+00:00,1733155200000,0.00016873
2024-12-02 20:00:00+00:00,2024-12-02 16:00:00+00:00,1733155200000,0.00016873
2024-12-03 00:00:00+00:00,2024-12-03 00:00:00+00:00,1733184000000,0.00044388
2024-12-03 04:00:00+00:00,2024-12-03 00:00:00+00:00,1733184000000,0.00044388
2024-12-03 08:00:00+00:00,2024-12-03 08:00:00+00:00,1733212800000,0.00068888
2024-12-03 12:00:00+00:00,2024-12-03 08:00:00+00:00,1733212800000,0.00068888
2024-12-03 16:00:00+00:00,2024-12-03 16:00:00+00:00,1733241600000,0.00033797
2024-12-03 20:00:00+00:00,2024-12-03 16:00:00+00:00,1733241600000,0.00033797
2024-12-04 00:00:00+00:00,2024-12-04 00:00:00+00:00,1733270400000,0.00071252
2024-12-04 04:00:00+00:00,2024-12-04 00:00:00+00:00,1733270400000,0.00071252
2024-12-04 08:00:00+00:00,2024-12-04 08:00:00+00:00,1733299200000,0.00090622
2024-12-04 12:00:00+00:00,2024-12-04 08:00:00+00:00,1733299200000,0.00090622
2024-12-04 16:00:00+00:00,2024-12-04 16:00:00+00:00,1733328000000,0.00100585
2024-12-04 20:00:00+00:00,2024-12-04 16:00:00+00:00,1733328000000,0.00100585
2024-12-05 00:00:00+00:00,2024-12-05 00:00:00+00:00,1733356800000,0.00077946
2024-12-05 04:00:00+00:00,2024-12-05 00:00:00+00:00,1733356800000,0.00077946
2024-12-05 08:00:00+00:00,2024-12-05 08:00:00+00:00,1733385600000,0.00085317
2024-12-05 12:00:00+00:00,2024-12-05 08:00:00+00:00,1733385600000,0.00085317
2024-12-05 16:00:00+00:00,2024-12-05 16:00:00+00:00,1733414400000,0.0007105
2024-12-05 20:00:00+00:00,2024-12-05 16:00:00+00:00,1733414400000,0.0007105
2024-12-06 00:00:00+00:00,2024-12-06 00:00:00+00:00,1733443200000,0.00040799
2024-12-06 04:00:00+00:00,2024-12-06 00:00:00+00:00,1733443200000,0.00040799
2024-12-06 08:00:00+00:00,2024-12-06 08:00:00+00:00,1733472000000,0.00071685
2024-12-06 12:00:00+00:00,2024-12-06 08:00:00+00:00,1733472000000,0.00071685
2024-12-06 16:00:00+00:00,2024-12-06 16:00:00+00:00,1733500800000,0.00024714
2024-12-06 20:00:00+00:00,2024-12-06 16:00:00+00:00,1733500800000,0.00024714
2024-12-07 00:00:00+00:00,2024-12-07 00:00:00+00:00,1733529600000,0.0009075
2024-12-07 04:00:00+00:00,2024-12-07 00:00:00+00:00,1733529600000,0.0009075
2024-12-07 08:00:00+00:00,2024-12-07 08:00:00+00:00,1733558400000,0.00031072
2024-12-07 12:00:00+00:00,2024-12-07 08:00:00+00:00,1733558400000,0.00031072
2024-12-07 16:00:00+00:00,2024-12-07 16:00:00+00:00,1733587200000,0.00091577
2024-12-07 20:00:00+00:00,2024-12-07 16:00:00+00:00,1733587200000,0.00091577
2024-12-08 00:00:00+00:00,2024-12-08 00:00:00+00:00,1733616000000,0.00099113
2024-12-08 04:00:00+00:00,2024-12-08 00:00:00+00:00,1733616000000,0.00099113
2024-12-08 08:00:00+00:00,2024-12-08 08:00:00+00:00,1733644800000,0.00055608
2024-12-08 12:00:00+00:00,2024-12-08 08:00:00+00:00,1733644800000,0.00055608
2024-12-08 16:00:00+00:00,2024-12-08 16:00:00+00:00,1733673600000,0.00060121
2024-12-08 20:00:00+00:00,2024-12-08 16:00:00+00:00,1733673600000,0.00060121
2024-12-09 00:00:00+00:00,2024-12-09 00:00:00+00:00,1733702400000,0.00042175
2024-12-09 04:00:00+00:00,2024-12-09 00:00:00+00:00,1733702400000,0.00042175
2024-12-09 08:00:00+00:00,2024-12-09 08:00:00+00:00,1733731200000,0.00023188
2024-12-09 12:00:00+00:00,2024-12-09 08:00:00+00:00,1733731200000,0.00023188
2024-12-09 16:00:00+00:00,2024-12-09 16:00:00+00:00,1733760000000,0.00016207
2024-12-09 20:00:00+00:00,2024-12-09 16:00:00+00:00,1733760000000,0.00016207
2024-12-10 00:00:00+00:00,2024-12-10 00:00:00+00:00,1733788800000,0.0001
2024-12-10 04:00:00+00:00,2024-12-10 00:00:00+00:00,1733788800000,0.0001
2024-12-10 08:00:00+00:00,2024-12-10 08:00:00+00:00,1733817600000,0.0001
2024-12-10 12:00:00+00:00,2024-12-10 08:00:00+00:00,1733817600000,0.0001
2024-12-10 16:00:00+00:00,2024-12-10 16:00:00+00:00,1733846400000,0.0001
2024-12-10 20:00:00+00:00,2024-12-10 16:00:00+00:00,1733846400000,0.0001
2024-12-11 00:00:00+00:00,2024-12-11 00:00:00+00:00,1733875200000,0.0001
2024-12-11 04:00:00+00:00,2024-12-11 00:00:00+00:00,1733875200000,0.0001
2024-12-11 08:00:00+00:00,2024-12-11 08:00:00+00:00,1733904000000,0.0001
2024-12-11 12:00:00+00:00,2024-12-11 08:00:00+00:00,1733904000000,0.0001
2024-12-11 16:00:00+00:00,2024-12-11 16:00:00+00:00,1733932800000,0.0001
2024-12-11 20:00:00+00:00,2024-12-11 16:00:00+00:00,1733932800000,0.0001
2024-12-12 00:00:00+00:00,2024-12-12 00:00:00+00:00,1733961600000,0.0001
2024-12-12 04:00:00+00:00,2024-12-12 00:00:00+00:00,1733961600000,0.0001
2024-12-12 08:00:00+00:00,2024-12-12 08:00:00+00:00,1733990400000,0.0001
2024-12-12 12:00:00+00:00,2024-12-12 08:00:00+00:00,1733990400000,0.0001
2024-12-12 16:00:00+00:00,2024-12-12 16:00:00+00:00,1734019200000,0.0001
2024-12-12 20:00:00+00:00,2024-12-12 16:00:00+00:00,1734019200000,0.0001
2024-12-13 00:00:00+00:00,2024-12-13 00:00:00+00:00,1734048000000,0.0001
2024-12-13 04:00:00+00:00,2024-12-13 00:00:00+00:00,1734048000000,0.0001
2024-12-13 08:00:00+00:00,2024-12-13 08:00:00+00:00,1734076800000,0.0001
2024-12-13 12:00:00+00:00,2024-12-13 08:00:00+00:00,1734076800000,0.0001
2024-12-13 16:00:00+00:00,2024-12-13 16:00:00+00:00,1734105600000,0.0001
2024-12-13 20:00:00+00:00,2024-12-13 16:00:00+00:00,1734105600000,0.0001
2024-12-14 00:00:00+00:00,2024-12-14 00:00:00+00:00,1734134400000,0.0001
2024-12-14 04:00:00+00:00,2024-12-14 00:00:00+00:00,1734134400000,0.0001
2024-12-14 08:00:00+00:00,2024-12-14 08:00:00+00:00,1734163200000,0.0001
2024-12-14 12:00:00+00:00,2024-12-14 08:00:00+00:00,1734163200000,0.0001
2024-12-14 16:00:00+00:00,2024-12-14 16:00:00+00:00,1734192000000,0.0001
2024-12-14 20:00:00+00:00,2024-12-14 16:00:00+00:00,1734192000000,0.0001
2024-12-15 00:00:00+00:00,2024-12-15 00:00:00+00:00,1734220800000,0.0001
2024-12-15 04:00:00+00:00,2024-12-15 00:00:00+00:00,1734220800000,0.0001
2024-12-15 08:00:00+00:00,2024-12-15 08:00:00+00:00,1734249600000,0.0001
2024-12-15 12:00:00+00:00,2024-12-15 08:00:00+00:00,1734249600000,0.0001
2024-12-15 16:00:00+00:00,2024-12-15 16:00:00+00:00,1734278400000,0.0001
2024-12-15 20:00:00+00:00,2024-12-15 16:00:00+00:00,1734278400000,0.0001
2024-12-16 00:00:00+00:00,2024-12-16 00:00:00+00:00,1734307200000,0.0001
2024-12-16 04:00:00+00:00,2024-12-16 00:00:00+00:00,1734307200000,0.0001
2024-12-16 08:00:00+00:00,2024-12-16 08:00:00+00:00,1734336000000,0.0001
2024-12-16 12:00:00+00:00,2024-12-16 08:00:00+00:00,1734336000000,0.0001
2024-12-16 16:00:00+00:00,2024-12-16 16:00:00+00:00,1734364800000,0.0001
2024-12-16 20:00:00+00:00,2024-12-16 16:00:00+00:00,1734364800000,0.0001
2024-12-17 00:00:00+00:00,2024-12-17 00:00:00+00:00,1734393600000,0.0001
2024-12-17 04:00:00+00:00,2024-12-17 00:00:00+00:00,1734393600000,0.0001
2024-12-17 08:00:00+00:00,2024-12-17 08:00:00+00:00,1734422400000,0.0001
2024-12-17 12:00:00+00:00,2024-12-17 08:00:00+00:00,1734422400000,0.0001
2024-12-17 16:00:00+00:00,2024-12-17 16:00:00+00:00,1734451200000,0.0001
2024-12-17 20:00:00+00:00,2024-12-17 16:00:00+00:00,1734451200000,0.0001
2024-12-18 00:00:00+00:00,2024-12-18 00:00:00+00:00,1734480000000,0.0001
2024-12-18 04:00:00+00:00,2024-12-18 00:00:00+00:00,1734480000000,0.0001
2024-12-18 08:00:00+00:00,2024-12-18 08:00:00+00:00,1734508800000,0.0001
2024-12-18 12:00:00+00:00,2024-12-18 08:00:00+00:00,1734508800000,0.0001
2024-12-18 16:00:00+00:00,2024-12-18 16:00:00+00:00,1734537600000,0.0001
2024-12-18 20:00:00+00:00,2024-12-18 16:00:00+00:00,1734537600000,0.0001
2024-12-19 00:00:00+00:00,2024-12-19 00:00:00+00:00,1734566400000,0.0001
2024-12-19 04:00:00+00:00,2024-12-19 00:00:00+00:00,1734566400000,0.0001
2024-12-19 08:00:00+00:00,2024-12-19 08:00:00+00:00,1734595200000,0.0001
2024-12-19 12:00:00+00:00,2024-12-19 08:00:00+00:00,1734595200000,0.0001
2024-12-19 16:00:00+00:00,2024-12-19 16:00:00+00:00,1734624000000,0.0001
2024-12-19 20:00:00+00:00,2024-12-19 16:00:00+00:00,1734624000000,0.0001
2024-12-20 00:00:00+00:00,2024-12-20 00:00:00+00:00,1734652800000,-4.81e-06
2024-12-20 04:00:00+00:00,2024-12-20 00:00:00+00:00,1734652800000,-4.81e-06
2024-12-20 08:00:00+00:00,2024-12-20 08:00:00+00:00,1734681600000,0.0001
2024-12-20 12:00:00+00:00,2024-12-20 08:00:00+00:00,1734681600000,0.0001
2024-12-20 16:00:00+00:00,2024-12-20 16:00:00+00:00,1734710400000,-0.0001514
2024-12-20 20:00:00+00:00,2024-12-20 16:00:00+00:00,1734710400000,-0.0001514
2024-12-21 00:00:00+00:00,2024-12-21 00:00:00+00:00,1734739200000,1.343e-05
2024-12-21 04:00:00+00:00,2024-12-21 00:00:00+00:00,1734739200000,1.343e-05
2024-12-21 08:00:00+00:00,2024-12-21 08:00:00+00:00,1734768000000,0.0001
2024-12-21 12:00:00+00:00,2024-12-21 08:00:00+00:00,1734768000000,0.0001
2024-12-21 16:00:00+00:00,2024-12-21 16:00:00+00:00,1734796800000,0.0001
2024-12-21 20:00:00+00:00,2024-12-21 16:00:00+00:00,1734796800000,0.0001
2024-12-22 00:00:00+00:00,2024-12-22 00:00:00+00:00,1734825600000,0.0001
2024-12-22 04:00:00+00:00,2024-12-22 00:00:00+00:00,1734825600000,0.0001
2024-12-22 08:00:00+00:00,2024-12-22 08:00:00+00:00,1734854400000,0.0001
2024-12-22 12:00:00+00:00,2024-12-22 08:00:00+00:00,1734854400000,0.0001
2024-12-22 16:00:00+00:00,2024-12-22 16:00:00+00:00,1734883200000,6.916e-05
2024-12-22 20:00:00+00:00,2024-12-22 16:00:00+00:00,1734883200000,6.916e-05
2024-12-23 00:00:00+00:00,2024-12-23 00:00:00+00:00,1734912000000,6.008e-05
2024-12-23 04:00:00+00:00,2024-12-23 00:00:00+00:00,1734912000000,6.008e-05
2024-12-23 08:00:00+00:00,2024-12-23 08:00:00+00:00,1734940800000,7.832e-05
2024-12-23 12:00:00+00:00,2024-12-23 08:00:00+00:00,1734940800000,7.832e-05
2024-12-23 16:00:00+00:00,2024-12-23 16:00:00+00:00,1734969600000,0.0001
2024-12-23 20:00:00+00:00,2024-12-23 16:00:00+00:00,1734969600000,0.0001
2024-12-24 00:00:00+00:00,2024-12-24 00:00:00+00:00,1734998400000,0.0001
2024-12-24 04:00:00+00:00,2024-12-24 00:00:00+00:00,1734998400000,0.0001
2024-12-24 08:00:00+00:00,2024-12-24 08:00:00+00:00,1735027200000,8.82e-05
2024-12-24 12:00:00+00:00,2024-12-24 08:00:00+00:00,1735027200000,8.82e-05
2024-12-24 16:00:00+00:00,2024-12-24 16:00:00+00:00,1735056000000,0.0001
2024-12-24 20:00:00+00:00,2024-12-24 16:00:00+00:00,1735056000000,0.0001
2024-12-25 00:00:00+00:00,2024-12-25 00:00:00+00:00,1735084800000,0.0001
2024-12-25 04:00:00+00:00,2024-12-25 00:00:00+00:00,1735084800000,0.0001
2024-12-25 08:00:00+00:00,2024-12-25 08:00:00+00:00,1735113600000,9.371e-05
2024-12-25 12:00:00+00:00,2024-12-25 08:00:00+00:00,1735113600000,9.371e-05
2024-12-25 16:00:00+00:00,2024-12-25 16:00:00+00:00,1735142400000,8.69e-06
2024-12-25 20:00:00+00:00,2024-12-25 16:00:00+00:00,1735142400000,8.69e-06
2024-12-26 00:00:00+00:00,2024-12-26 00:00:00+00:00,1735171200000,8.461e-05
2024-12-26 04:00:00+00:00,2024-12-26 00:00:00+00:00,1735171200000,8.461e-05
2024-12-26 08:00:00+00:00,2024-12-26 08:00:00+00:00,1735200000000,0.0001
2024-12-26 12:00:00+00:00,2024-12-26 08:00:00+00:00,1735200000000,0.0001
2024-12-26 16:00:00+00:00,2024-12-26 16:00:00+00:00,1735228800000,9.761e-05
2024-12-26 20:00:00+00:00,2024-12-26 16:00:00+00:00,1735228800000,9.761e-05
2024-12-27 00:00:00+00:00,2024-12-27 00:00:00+00:00,1735257600000,4.453e-05
2024-12-27 04:00:00+00:00,2024-12-27 00:00:00+00:00,1735257600000,4.453e-05
2024-12-27 08:00:00+00:00,2024-12-27 08:00:00+00:00,1735286400000,-3.84e-06
2024-12-27 12:00:00+00:00,2024-12-27 08:00:00+00:00,1735286400000,-3.84e-06
2024-12-27 16:00:00+00:00,2024-12-27 16:00:00+00:00,1735315200000,0.0001
2024-12-27 20:00:00+00:00,2024-12-27 16:00:00+00:00,1735315200000,0.0001
2024-12-28 00:00:00+00:00,2024-12-28 00:00:00+00:00,1735344000000,0.0001
2024-12-28 04:00:00+00:00,2024-12-28 00:00:00+00:00,1735344000000,0.0001
2024-12-28 08:00:00+00:00,2024-12-28 08:00:00+00:00,1735372800000,0.0001
2024-12-28 12:00:00+00:00,2024-12-28 08:00:00+00:00,1735372800000,0.0001
2024-12-28 16:00:00+00:00,2024-12-28 16:00:00+00:00,1735401600000,0.0001
2024-12-28 20:00:00+00:00,2024-12-28 16:00:00+00:00,1735401600000,0.0001
2024-12-29 00:00:00+00:00,2024-12-29 00:00:00+00:00,1735430400000,0.0001
2024-12-29 04:00:00+00:00,2024-12-29 00:00:00+00:00,1735430400000,0.0001
2024-12-29 08:00:00+00:00,2024-12-29 08:00:00+00:00,1735459200000,0.0001
2024-12-29 12:00:00+00:00,2024-12-29 08:00:00+00:00,1735459200000,0.0001
2024-12-29 16:00:00+00:00,2024-12-29 16:00:00+00:00,1735488000000,0.0001
2024-12-29 20:00:00+00:00,2024-12-29 16:00:00+00:00,1735488000000,0.0001
2024-12-30 00:00:00+00:00,2024-12-30 00:00:00+00:00,1735516800000,0.0001
2024-12-30 04:00:00+00:00,2024-12-30 00:00:00+00:00,1735516800000,0.0001
2024-12-30 08:00:00+00:00,2024-12-30 08:00:00+00:00,1735545600000,0.0001
2024-12-30 12:00:00+00:00,2024-12-30 08:00:00+00:00,1735545600000,0.0001
2024-12-30 16:00:00+00:00,2024-12-30 16:00:00+00:00,1735574400000,0.0001
2024-12-30 20:00:00+00:00,2024-12-30 16:00:00+00:00,1735574400000,0.0001
2024-12-31 00:00:00+00:00,2024-12-31 00:00:00+00:00,1735603200000,0.0001
2024-12-31 04:00:00+00:00,2024-12-31 00:00:00+00:00,1735603200000,0.0001
2024-12-31 08:00:00+00:00,2024-12-31 08:00:00+00:00,1735632000000,-9.794e-05
2024-12-31 12:00:00+00:00,2024-12-31 08:00:00+00:00,1735632000000,-9.794e-05
2024-12-31 16:00:00+00:00,2024-12-31 16:00:00+00:00,1735660800000,1.096e-05
2024-12-31 20:00:00+00:00,2024-12-31 16:00:00+00:00,1735660800000,1.096e-05
2025-01-01 00:00:00+00:00,2025-01-01 00:00:00+00:00,1735689600000,0.0001
2025-01-01 04:00:00+00:00,2025-01-01 00:00:00+00:00,1735689600000,0.0001
2025-01-01 08:00:00+00:00,2025-01-01 08:00:00+00:00,1735718400000,0.0001
2025-01-01 12:00:00+00:00,2025-01-01 08:00:00+00:00,1735718400000,0.0001
2025-01-01 16:00:00+00:00,2025-01-01 16:00:00+00:00,1735747200000,-5.532e-05
2025-01-01 20:00:00+00:00,2025-01-01 16:00:00+00:00,1735747200000,-5.532e-05
2025-01-02 00:00:00+00:00,2025-01-02 00:00:00+00:00,1735776000000,6.614e-05
2025-01-02 04:00:00+00:00,2025-01-02 00:00:00+00:00,1735776000000,6.614e-05
2025-01-02 08:00:00+00:00,2025-01-02 08:00:00+00:00,1735804800000,1.146e-05
2025-01-02 12:00:00+00:00,2025-01-02 08:00:00+00:00,1735804800000,1.146e-05
2025-01-02 16:00:00+00:00,2025-01-02 16:00:00+00:00,1735833600000,0.0001
2025-01-02 20:00:00+00:00,2025-01-02 16:00:00+00:00,1735833600000,0.0001
2025-01-03 00:00:00+00:00,2025-01-03 00:00:00+00:00,1735862400000,0.0001
2025-01-03 04:00:00+00:00,2025-01-03 00:00:00+00:00,1735862400000,0.0001
2025-01-03 08:00:00+00:00,2025-01-03 08:00:00+00:00,1735891200000,2.005e-05
2025-01-03 12:00:00+00:00,2025-01-03 08:00:00+00:00,1735891200000,2.005e-05
2025-01-03 16:00:00+00:00,2025-01-03 16:00:00+00:00,1735920000000,0.0001
2025-01-03 20:00:00+00:00,2025-01-03 16:00:00+00:00,1735920000000,0.0001
2025-01-04 00:00:00+00:00,2025-01-04 00:00:00+00:00,1735948800000,0.0001
2025-01-04 04:00:00+00:00,2025-01-04 00:00:00+00:00,1735948800000,0.0001
2025-01-04 08:00:00+00:00,2025-01-04 08:00:00+00:00,1735977600000,0.0001
2025-01-04 12:00:00+00:00,2025-01-04 08:00:00+00:00,1735977600000,0.0001
2025-01-04 16:00:00+00:00,2025-01-04 16:00:00+00:00,1736006400000,0.0001
2025-01-04 20:00:00+00:00,2025-01-04 16:00:00+00:00,1736006400000,0.0001
2025-01-05 00:00:00+00:00,2025-01-05 00:00:00+00:00,1736035200000,0.0001
2025-01-05 04:00:00+00:00,2025-01-05 00:00:00+00:00,1736035200000,0.0001
2025-01-05 08:00:00+00:00,2025-01-05 08:00:00+00:00,1736064000000,0.0001
2025-01-05 12:00:00+00:00,2025-01-05 08:00:00+00:00,1736064000000,0.0001
2025-01-05 16:00:00+00:00,2025-01-05 16:00:00+00:00,1736092800000,0.0001
2025-01-05 20:00:00+00:00,2025-01-05 16:00:00+00:00,1736092800000,0.0001
2025-01-06 00:00:00+00:00,2025-01-06 00:00:00+00:00,1736121600000,0.0001
2025-01-06 04:00:00+00:00,2025-01-06 00:00:00+00:00,1736121600000,0.0001
2025-01-06 08:00:00+00:00,2025-01-06 08:00:00+00:00,1736150400000,0.0001
2025-01-06 12:00:00+00:00,2025-01-06 08:00:00+00:00,1736150400000,0.0001
2025-01-06 16:00:00+00:00,2025-01-06 16:00:00+00:00,1736179200000,0.0001
2025-01-06 20:00:00+00:00,2025-01-06 16:00:00+00:00,1736179200000,0.0001
2025-01-07 00:00:00+00:00,2025-01-07 00:00:00+00:00,1736208000000,0.0001
2025-01-07 04:00:00+00:00,2025-01-07 00:00:00+00:00,1736208000000,0.0001
2025-01-07 08:00:00+00:00,2025-01-07 08:00:00+00:00,1736236800000,0.0001
2025-01-07 12:00:00+00:00,2025-01-07 08:00:00+00:00,1736236800000,0.0001
2025-01-07 16:00:00+00:00,2025-01-07 16:00:00+00:00,1736265600000,0.0001
2025-01-07 20:00:00+00:00,2025-01-07 16:00:00+00:00,1736265600000,0.0001
2025-01-08 00:00:00+00:00,2025-01-08 00:00:00+00:00,1736294400000,0.0001
2025-01-08 04:00:00+00:00,2025-01-08 00:00:00+00:00,1736294400000,0.0001
2025-01-08 08:00:00+00:00,2025-01-08 08:00:00+00:00,1736323200000,0.0001
2025-01-08 12:00:00+00:00,2025-01-08 08:00:00+00:00,1736323200000,0.0001
2025-01-08 16:00:00+00:00,2025-01-08 16:00:00+00:00,1736352000000,0.0001
2025-01-08 20:00:00+00:00,2025-01-08 16:00:00+00:00,1736352000000,0.0001
2025-01-09 00:00:00+00:00,2025-01-09 00:00:00+00:00,1736380800000,8.057e-05
2025-01-09 04:00:00+00:00,2025-01-09 00:00:00+00:00,1736380800000,8.057e-05
2025-01-09 08:00:00+00:00,2025-01-09 08:00:00+00:00,1736409600000,0.0001
2025-01-09 12:00:00+00:00,2025-01-09 08:00:00+00:00,1736409600000,0.0001
2025-01-09 16:00:00+00:00,2025-01-09 16:00:00+00:00,1736438400000,0.0001
2025-01-09 20:00:00+00:00,2025-01-09 16:00:00+00:00,1736438400000,0.0001
2025-01-10 00:00:00+00:00,2025-01-10 00:00:00+00:00,1736467200000,7.226e-05
2025-01-10 04:00:00+00:00,2025-01-10 00:00:00+00:00,1736467200000,7.226e-05
2025-01-10 08:00:00+00:00,2025-01-10 08:00:00+00:00,1736496000000,0.0001
2025-01-10 12:00:00+00:00,2025-01-10 08:00:00+00:00,1736496000000,0.0001
2025-01-10 16:00:00+00:00,2025-01-10 16:00:00+00:00,1736524800000,0.0001
2025-01-10 20:00:00+00:00,2025-01-10 16:00:00+00:00,1736524800000,0.0001
2025-01-11 00:00:00+00:00,2025-01-11 00:00:00+00:00,1736553600000,0.0001
2025-01-11 04:00:00+00:00,2025-01-11 00:00:00+00:00,1736553600000,0.0001
2025-01-11 08:00:00+00:00,2025-01-11 08:00:00+00:00,1736582400000,0.0001
2025-01-11 12:00:00+00:00,2025-01-11 08:00:00+00:00,1736582400000,0.0001
2025-01-11 16:00:00+00:00,2025-01-11 16:00:00+00:00,1736611200000,0.0001
2025-01-11 20:00:00+00:00,2025-01-11 16:00:00+00:00,1736611200000,0.0001
2025-01-12 00:00:00+00:00,2025-01-12 00:00:00+00:00,1736640000000,0.0001
2025-01-12 04:00:00+00:00,2025-01-12 00:00:00+00:00,1736640000000,0.0001
2025-01-12 08:00:00+00:00,2025-01-12 08:00:00+00:00,1736668800000,0.0001
2025-01-12 12:00:00+00:00,2025-01-12 08:00:00+00:00,1736668800000,0.0001
2025-01-12 16:00:00+00:00,2025-01-12 16:00:00+00:00,1736697600000,0.0001
2025-01-12 20:00:00+00:00,2025-01-12 16:00:00+00:00,1736697600000,0.0001
2025-01-13 00:00:00+00:00,2025-01-13 00:00:00+00:00,1736726400000,0.0001
2025-01-13 04:00:00+00:00,2025-01-13 00:00:00+00:00,1736726400000,0.0001
2025-01-13 08:00:00+00:00,2025-01-13 08:00:00+00:00,1736755200000,0.0001
2025-01-13 12:00:00+00:00,2025-01-13 08:00:00+00:00,1736755200000,0.0001
2025-01-13 16:00:00+00:00,2025-01-13 16:00:00+00:00,1736784000000,1.949e-05
2025-01-13 20:00:00+00:00,2025-01-13 16:00:00+00:00,1736784000000,1.949e-05
2025-01-14 00:00:00+00:00,2025-01-14 00:00:00+00:00,1736812800000,8.468e-05
2025-01-14 04:00:00+00:00,2025-01-14 00:00:00+00:00,1736812800000,8.468e-05
2025-01-14 08:00:00+00:00,2025-01-14 08:00:00+00:00,1736841600000,8.807e-05
2025-01-14 12:00:00+00:00,2025-01-14 08:00:00+00:00,1736841600000,8.807e-05
2025-01-14 16:00:00+00:00,2025-01-14 16:00:00+00:00,1736870400000,0.0001
2025-01-14 20:00:00+00:00,2025-01-14 16:00:00+00:00,1736870400000,0.0001
2025-01-15 00:00:00+00:00,2025-01-15 00:00:00+00:00,1736899200000,0.0001
2025-01-15 04:00:00+00:00,2025-01-15 00:00:00+00:00,1736899200000,0.0001
2025-01-15 08:00:00+00:00,2025-01-15 08:00:00+00:00,1736928000000,0.0001
2025-01-15 12:00:00+00:00,2025-01-15 08:00:00+00:00,1736928000000,0.0001
2025-01-15 16:00:00+00:00,2025-01-15 16:00:00+00:00,1736956800000,0.0001
2025-01-15 20:00:00+00:00,2025-01-15 16:00:00+00:00,1736956800000,0.0001
2025-01-16 00:00:00+00:00,2025-01-16 00:00:00+00:00,1736985600000,0.0001
2025-01-16 04:00:00+00:00,2025-01-16 00:00:00+00:00,1736985600000,0.0001
2025-01-16 08:00:00+00:00,2025-01-16 08:00:00+00:00,1737014400000,0.0001
2025-01-16 12:00:00+00:00,2025-01-16 08:00:00+00:00,1737014400000,0.0001
2025-01-16 16:00:00+00:00,2025-01-16 16:00:00+00:00,1737043200000,0.0001
2025-01-16 20:00:00+00:00,2025-01-16 16:00:00+00:00,1737043200000,0.0001
2025-01-17 00:00:00+00:00,2025-01-17 00:00:00+00:00,1737072000000,0.0001
2025-01-17 04:00:00+00:00,2025-01-17 00:00:00+00:00,1737072000000,0.0001
2025-01-17 08:00:00+00:00,2025-01-17 08:00:00+00:00,1737100800000,0.0001
2025-01-17 12:00:00+00:00,2025-01-17 08:00:00+00:00,1737100800000,0.0001
2025-01-17 16:00:00+00:00,2025-01-17 16:00:00+00:00,1737129600000,0.0001
2025-01-17 20:00:00+00:00,2025-01-17 16:00:00+00:00,1737129600000,0.0001
2025-01-18 00:00:00+00:00,2025-01-18 00:00:00+00:00,1737158400000,0.0001
2025-01-18 04:00:00+00:00,2025-01-18 00:00:00+00:00,1737158400000,0.0001
2025-01-18 08:00:00+00:00,2025-01-18 08:00:00+00:00,1737187200000,0.0001
2025-01-18 12:00:00+00:00,2025-01-18 08:00:00+00:00,1737187200000,0.0001
2025-01-18 16:00:00+00:00,2025-01-18 16:00:00+00:00,1737216000000,0.0001
2025-01-18 20:00:00+00:00,2025-01-18 16:00:00+00:00,1737216000000,0.0001
2025-01-19 00:00:00+00:00,2025-01-19 00:00:00+00:00,1737244800000,0.0001
2025-01-19 04:00:00+00:00,2025-01-19 00:00:00+00:00,1737244800000,0.0001
2025-01-19 08:00:00+00:00,2025-01-19 08:00:00+00:00,1737273600000,0.0001
2025-01-19 12:00:00+00:00,2025-01-19 08:00:00+00:00,1737273600000,0.0001
2025-01-19 16:00:00+00:00,2025-01-19 16:00:00+00:00,1737302400000,0.0001
2025-01-19 20:00:00+00:00,2025-01-19 16:00:00+00:00,1737302400000,0.0001
2025-01-20 00:00:00+00:00,2025-01-20 00:00:00+00:00,1737331200000,0.0001
2025-01-20 04:00:00+00:00,2025-01-20 00:00:00+00:00,1737331200000,0.0001
2025-01-20 08:00:00+00:00,2025-01-20 08:00:00+00:00,1737360000000,0.0001
2025-01-20 12:00:00+00:00,2025-01-20 08:00:00+00:00,1737360000000,0.0001
2025-01-20 16:00:00+00:00,2025-01-20 16:00:00+00:00,1737388800000,0.0001
2025-01-20 20:00:00+00:00,2025-01-20 16:00:00+00:00,1737388800000,0.0001
2025-01-21 00:00:00+00:00,2025-01-21 00:00:00+00:00,1737417600000,0.0001
2025-01-21 04:00:00+00:00,2025-01-21 00:00:00+00:00,1737417600000,0.0001
2025-01-21 08:00:00+00:00,2025-01-21 08:00:00+00:00,1737446400000,0.0001
2025-01-21 12:00:00+00:00,2025-01-21 08:00:00+00:00,1737446400000,0.0001
2025-01-21 16:00:00+00:00,2025-01-21 16:00:00+00:00,1737475200000,0.0001
2025-01-21 20:00:00+00:00,2025-01-21 16:00:00+00:00,1737475200000,0.0001
2025-01-22 00:00:00+00:00,2025-01-22 00:00:00+00:00,1737504000000,0.0001
2025-01-22 04:00:00+00:00,2025-01-22 00:00:00+00:00,1737504000000,0.0001
2025-01-22 08:00:00+00:00,2025-01-22 08:00:00+00:00,1737532800000,0.0001
2025-01-22 12:00:00+00:00,2025-01-22 08:00:00+00:00,1737532800000,0.0001
2025-01-22 16:00:00+00:00,2025-01-22 16:00:00+00:00,1737561600000,0.0001
2025-01-22 20:00:00+00:00,2025-01-22 16:00:00+00:00,1737561600000,0.0001
2025-01-23 00:00:00+00:00,2025-01-23 00:00:00+00:00,1737590400000,0.0001
2025-01-23 04:00:00+00:00,2025-01-23 00:00:00+00:00,1737590400000,0.0001
2025-01-23 08:00:00+00:00,2025-01-23 08:00:00+00:00,1737619200000,0.0001
2025-01-23 12:00:00+00:00,2025-01-23 08:00:00+00:00,1737619200000,0.0001
2025-01-23 16:00:00+00:00,2025-01-23 16:00:00+00:00,1737648000000,0.0001
2025-01-23 20:00:00+00:00,2025-01-23 16:00:00+00:00,1737648000000,0.0001
2025-01-24 00:00:00+00:00,2025-01-24 00:00:00+00:00,1737676800000,0.0001
2025-01-24 04:00:00+00:00,2025-01-24 00:00:00+00:00,1737676800000,0.0001
2025-01-24 08:00:00+00:00,2025-01-24 08:00:00+00:00,1737705600000,0.0001
2025-01-24 12:00:00+00:00,2025-01-24 08:00:00+00:00,1737705600000,0.0001
2025-01-24 16:00:00+00:00,2025-01-24 16:00:00+00:00,1737734400000,0.0001
2025-01-24 20:00:00+00:00,2025-01-24 16:00:00+00:00,1737734400000,0.0001
2025-01-25 00:00:00+00:00,2025-01-25 00:00:00+00:00,1737763200000,0.0001
2025-01-25 04:00:00+00:00,2025-01-25 00:00:00+00:00,1737763200000,0.0001
2025-01-25 08:00:00+00:00,2025-01-25 08:00:00+00:00,1737792000000,0.0001
2025-01-25 12:00:00+00:00,2025-01-25 08:00:00+00:00,1737792000000,0.0001
2025-01-25 16:00:00+00:00,2025-01-25 16:00:00+00:00,1737820800000,0.0001
2025-01-25 20:00:00+00:00,2025-01-25 16:00:00+00:00,1737820800000,0.0001
2025-01-26 00:00:00+00:00,2025-01-26 00:00:00+00:00,1737849600000,0.0001
2025-01-26 04:00:00+00:00,2025-01-26 00:00:00+00:00,1737849600000,0.0001
2025-01-26 08:00:00+00:00,2025-01-26 08:00:00+00:00,1737878400000,0.0001
2025-01-26 12:00:00+00:00,2025-01-26 08:00:00+00:00,1737878400000,0.0001
2025-01-26 16:00:00+00:00,2025-01-26 16:00:00+00:00,1737907200000,0.0001
2025-01-26 20:00:00+00:00,2025-01-26 16:00:00+00:00,1737907200000,0.0001
2025-01-27 00:00:00+00:00,2025-01-27 00:00:00+00:00,1737936000000,0.0001
2025-01-27 04:00:00+00:00,2025-01-27 00:00:00+00:00,1737936000000,0.0001
2025-01-27 08:00:00+00:00,2025-01-27 08:00:00+00:00,1737964800000,0.0001
2025-01-27 12:00:00+00:00,2025-01-27 08:00:00+00:00,1737964800000,0.0001
2025-01-27 16:00:00+00:00,2025-01-27 16:00:00+00:00,1737993600000,5.575e-05
2025-01-27 20:00:00+00:00,2025-01-27 16:00:00+00:00,1737993600000,5.575e-05
2025-01-28 00:00:00+00:00,2025-01-28 00:00:00+00:00,1738022400000,1.368e-05
2025-01-28 04:00:00+00:00,2025-01-28 00:00:00+00:00,1738022400000,1.368e-05
2025-01-28 08:00:00+00:00,2025-01-28 08:00:00+00:00,1738051200000,0.0001
2025-01-28 12:00:00+00:00,2025-01-28 08:00:00+00:00,1738051200000,0.0001
2025-01-28 16:00:00+00:00,2025-01-28 16:00:00+00:00,1738080000000,0.0001
2025-01-28 20:00:00+00:00,2025-01-28 16:00:00+00:00,1738080000000,0.0001
2025-01-29 00:00:00+00:00,2025-01-29 00:00:00+00:00,1738108800000,0.0001
2025-01-29 04:00:00+00:00,2025-01-29 00:00:00+00:00,1738108800000,0.0001
2025-01-29 08:00:00+00:00,2025-01-29 08:00:00+00:00,1738137600000,0.0001
2025-01-29 12:00:00+00:00,2025-01-29 08:00:00+00:00,1738137600000,0.0001
2025-01-29 16:00:00+00:00,2025-01-29 16:00:00+00:00,1738166400000,0.0001
2025-01-29 20:00:00+00:00,2025-01-29 16:00:00+00:00,1738166400000,0.0001
2025-01-30 00:00:00+00:00,2025-01-30 00:00:00+00:00,1738195200000,3.396e-05
2025-01-30 04:00:00+00:00,2025-01-30 00:00:00+00:00,1738195200000,3.396e-05
2025-01-30 08:00:00+00:00,2025-01-30 08:00:00+00:00,1738224000000,-1.61e-06
2025-01-30 12:00:00+00:00,2025-01-30 08:00:00+00:00,1738224000000,-1.61e-06
2025-01-30 16:00:00+00:00,2025-01-30 16:00:00+00:00,1738252800000,1.592e-05
2025-01-30 20:00:00+00:00,2025-01-30 16:00:00+00:00,1738252800000,1.592e-05
2025-01-31 00:00:00+00:00,2025-01-31 00:00:00+00:00,1738281600000,-6.54e-05
2025-01-31 04:00:00+00:00,2025-01-31 00:00:00+00:00,1738281600000,-6.54e-05
2025-01-31 08:00:00+00:00,2025-01-31 08:00:00+00:00,1738310400000,0.0001
2025-01-31 12:00:00+00:00,2025-01-31 08:00:00+00:00,1738310400000,0.0001
2025-01-31 16:00:00+00:00,2025-01-31 16:00:00+00:00,1738339200000,0.0001
2025-01-31 20:00:00+00:00,2025-01-31 16:00:00+00:00,1738339200000,0.0001
2025-02-01 00:00:00+00:00,2025-02-01 00:00:00+00:00,1738368000000,0.0001
2025-02-01 04:00:00+00:00,2025-02-01 00:00:00+00:00,1738368000000,0.0001
2025-02-01 08:00:00+00:00,2025-02-01 08:00:00+00:00,1738396800000,6.21e-05
2025-02-01 12:00:00+00:00,2025-02-01 08:00:00+00:00,1738396800000,6.21e-05
2025-02-01 16:00:00+00:00,2025-02-01 16:00:00+00:00,1738425600000,0.0001
2025-02-01 20:00:00+00:00,2025-02-01 16:00:00+00:00,1738425600000,0.0001
2025-02-02 00:00:00+00:00,2025-02-02 00:00:00+00:00,1738454400000,5.887e-05
2025-02-02 04:00:00+00:00,2025-02-02 00:00:00+00:00,1738454400000,5.887e-05
2025-02-02 08:00:00+00:00,2025-02-02 08:00:00+00:00,1738483200000,3.374e-05
2025-02-02 12:00:00+00:00,2025-02-02 08:00:00+00:00,1738483200000,3.374e-05
2025-02-02 16:00:00+00:00,2025-02-02 16:00:00+00:00,1738512000000,1.548e-05
2025-02-02 20:00:00+00:00,2025-02-02 16:00:00+00:00,1738512000000,1.548e-05
2025-02-03 00:00:00+00:00,2025-02-03 00:00:00+00:00,1738540800000,8.86e-06
2025-02-03 04:00:00+00:00,2025-02-03 00:00:00+00:00,1738540800000,8.86e-06
2025-02-03 08:00:00+00:00,2025-02-03 08:00:00+00:00,1738569600000,-0.00015337
2025-02-03 12:00:00+00:00,2025-02-03 08:00:00+00:00,1738569600000,-0.00015337
2025-02-03 16:00:00+00:00,2025-02-03 16:00:00+00:00,1738598400000,-3.404e-05
2025-02-03 20:00:00+00:00,2025-02-03 16:00:00+00:00,1738598400000,-3.404e-05
2025-02-04 00:00:00+00:00,2025-02-04 00:00:00+00:00,1738627200000,1.924e-05
2025-02-04 04:00:00+00:00,2025-02-04 00:00:00+00:00,1738627200000,1.924e-05
2025-02-04 08:00:00+00:00,2025-02-04 08:00:00+00:00,1738656000000,5.142e-05
2025-02-04 12:00:00+00:00,2025-02-04 08:00:00+00:00,1738656000000,5.142e-05
2025-02-04 16:00:00+00:00,2025-02-04 16:00:00+00:00,1738684800000,-8.892e-05
2025-02-04 20:00:00+00:00,2025-02-04 16:00:00+00:00,1738684800000,-8.892e-05
2025-02-05 00:00:00+00:00,2025-02-05 00:00:00+00:00,1738713600000,3.767e-05
2025-02-05 04:00:00+00:00,2025-02-05 00:00:00+00:00,1738713600000,3.767e-05
2025-02-05 08:00:00+00:00,2025-02-05 08:00:00+00:00,1738742400000,6.507e-05
2025-02-05 12:00:00+00:00,2025-02-05 08:00:00+00:00,1738742400000,6.507e-05
2025-02-05 16:00:00+00:00,2025-02-05 16:00:00+00:00,1738771200000,1.72e-05
2025-02-05 20:00:00+00:00,2025-02-05 16:00:00+00:00,1738771200000,1.72e-05
2025-02-06 00:00:00+00:00,2025-02-06 00:00:00+00:00,1738800000000,2.244e-05
2025-02-06 04:00:00+00:00,2025-02-06 00:00:00+00:00,1738800000000,2.244e-05
2025-02-06 08:00:00+00:00,2025-02-06 08:00:00+00:00,1738828800000,4.807e-05
2025-02-06 12:00:00+00:00,2025-02-06 08:00:00+00:00,1738828800000,4.807e-05
2025-02-06 16:00:00+00:00,2025-02-06 16:00:00+00:00,1738857600000,-7.566e-05
2025-02-06 20:00:00+00:00,2025-02-06 16:00:00+00:00,1738857600000,-7.566e-05
2025-02-07 00:00:00+00:00,2025-02-07 00:00:00+00:00,1738886400000,-0.00013286
2025-02-07 04:00:00+00:00,2025-02-07 00:00:00+00:00,1738886400000,-0.00013286
2025-02-07 08:00:00+00:00,2025-02-07 08:00:00+00:00,1738915200000,-7.232e-05
2025-02-07 12:00:00+00:00,2025-02-07 08:00:00+00:00,1738915200000,-7.232e-05
2025-02-07 16:00:00+00:00,2025-02-07 16:00:00+00:00,1738944000000,-1.9e-06
2025-02-07 20:00:00+00:00,2025-02-07 16:00:00+00:00,1738944000000,-1.9e-06
2025-02-08 00:00:00+00:00,2025-02-08 00:00:00+00:00,1738972800000,-4.121e-05
2025-02-08 04:00:00+00:00,2025-02-08 00:00:00+00:00,1738972800000,-4.121e-05
2025-02-08 08:00:00+00:00,2025-02-08 08:00:00+00:00,1739001600000,8.527e-05
2025-02-08 12:00:00+00:00,2025-02-08 08:00:00+00:00,1739001600000,8.527e-05
2025-02-08 16:00:00+00:00,2025-02-08 16:00:00+00:00,1739030400000,0.0001
2025-02-08 20:00:00+00:00,2025-02-08 16:00:00+00:00,1739030400000,0.0001
2025-02-09 00:00:00+00:00,2025-02-09 00:00:00+00:00,1739059200000,6.601e-05
2025-02-09 04:00:00+00:00,2025-02-09 00:00:00+00:00,1739059200000,6.601e-05
2025-02-09 08:00:00+00:00,2025-02-09 08:00:00+00:00,1739088000000,1.096e-05
2025-02-09 12:00:00+00:00,2025-02-09 08:00:00+00:00,1739088000000,1.096e-05
2025-02-09 16:00:00+00:00,2025-02-09 16:00:00+00:00,1739116800000,0.0001
2025-02-09 20:00:00+00:00,2025-02-09 16:00:00+00:00,1739116800000,0.0001
2025-02-10 00:00:00+00:00,2025-02-10 00:00:00+00:00,1739145600000,7.38e-05
2025-02-10 04:00:00+00:00,2025-02-10 00:00:00+00:00,1739145600000,7.38e-05
2025-02-10 08:00:00+00:00,2025-02-10 08:00:00+00:00,1739174400000,0.0001
2025-02-10 12:00:00+00:00,2025-02-10 08:00:00+00:00,1739174400000,0.0001
2025-02-10 16:00:00+00:00,2025-02-10 16:00:00+00:00,1739203200000,0.0001
2025-02-10 20:00:00+00:00,2025-02-10 16:00:00+00:00,1739203200000,0.0001
2025-02-11 00:00:00+00:00,2025-02-11 00:00:00+00:00,1739232000000,0.0001
2025-02-11 04:00:00+00:00,2025-02-11 00:00:00+00:00,1739232000000,0.0001
2025-02-11 08:00:00+00:00,2025-02-11 08:00:00+00:00,1739260800000,0.0001
2025-02-11 12:00:00+00:00,2025-02-11 08:00:00+00:00,1739260800000,0.0001
2025-02-11 16:00:00+00:00,2025-02-11 16:00:00+00:00,1739289600000,1.7e-06
2025-02-11 20:00:00+00:00,2025-02-11 16:00:00+00:00,1739289600000,1.7e-06
2025-02-12 00:00:00+00:00,2025-02-12 00:00:00+00:00,1739318400000,8.6e-07
2025-02-12 04:00:00+00:00,2025-02-12 00:00:00+00:00,1739318400000,8.6e-07
2025-02-12 08:00:00+00:00,2025-02-12 08:00:00+00:00,1739347200000,-0.00011823
2025-02-12 12:00:00+00:00,2025-02-12 08:00:00+00:00,1739347200000,-0.00011823
2025-02-12 16:00:00+00:00,2025-02-12 16:00:00+00:00,1739376000000,4.898e-05
2025-02-12 20:00:00+00:00,2025-02-12 16:00:00+00:00,1739376000000,4.898e-05
2025-02-13 00:00:00+00:00,2025-02-13 00:00:00+00:00,1739404800000,0.0001
2025-02-13 04:00:00+00:00,2025-02-13 00:00:00+00:00,1739404800000,0.0001
2025-02-13 08:00:00+00:00,2025-02-13 08:00:00+00:00,1739433600000,0.0001
2025-02-13 12:00:00+00:00,2025-02-13 08:00:00+00:00,1739433600000,0.0001
2025-02-13 16:00:00+00:00,2025-02-13 16:00:00+00:00,1739462400000,-1.383e-05
2025-02-13 20:00:00+00:00,2025-02-13 16:00:00+00:00,1739462400000,-1.383e-05
2025-02-14 00:00:00+00:00,2025-02-14 00:00:00+00:00,1739491200000,2.929e-05
2025-02-14 04:00:00+00:00,2025-02-14 00:00:00+00:00,1739491200000,2.929e-05
2025-02-14 08:00:00+00:00,2025-02-14 08:00:00+00:00,1739520000000,0.0001
2025-02-14 12:00:00+00:00,2025-02-14 08:00:00+00:00,1739520000000,0.0001
2025-02-14 16:00:00+00:00,2025-02-14 16:00:00+00:00,1739548800000,0.0001
2025-02-14 20:00:00+00:00,2025-02-14 16:00:00+00:00,1739548800000,0.0001
2025-02-15 00:00:00+00:00,2025-02-15 00:00:00+00:00,1739577600000,0.0001
2025-02-15 04:00:00+00:00,2025-02-15 00:00:00+00:00,1739577600000,0.0001
2025-02-15 08:00:00+00:00,2025-02-15 08:00:00+00:00,1739606400000,0.0001
2025-02-15 12:00:00+00:00,2025-02-15 08:00:00+00:00,1739606400000,0.0001
2025-02-15 16:00:00+00:00,2025-02-15 16:00:00+00:00,1739635200000,6.172e-05
2025-02-15 20:00:00+00:00,2025-02-15 16:00:00+00:00,1739635200000,6.172e-05
2025-02-16 00:00:00+00:00,2025-02-16 00:00:00+00:00,1739664000000,7.931e-05
2025-02-16 04:00:00+00:00,2025-02-16 00:00:00+00:00,1739664000000,7.931e-05
2025-02-16 08:00:00+00:00,2025-02-16 08:00:00+00:00,1739692800000,9.976e-05
2025-02-16 12:00:00+00:00,2025-02-16 08:00:00+00:00,1739692800000,9.976e-05
2025-02-16 16:00:00+00:00,2025-02-16 16:00:00+00:00,1739721600000,0.0001
2025-02-16 20:00:00+00:00,2025-02-16 16:00:00+00:00,1739721600000,0.0001
2025-02-17 00:00:00+00:00,2025-02-17 00:00:00+00:00,1739750400000,3.453e-05
2025-02-17 04:00:00+00:00,2025-02-17 00:00:00+00:00,1739750400000,3.453e-05
2025-02-17 08:00:00+00:00,2025-02-17 08:00:00+00:00,1739779200000,-8.762e-05
2025-02-17 12:00:00+00:00,2025-02-17 08:00:00+00:00,1739779200000,-8.762e-05
2025-02-17 16:00:00+00:00,2025-02-17 16:00:00+00:00,1739808000000,6.435e-05
2025-02-17 20:00:00+00:00,2025-02-17 16:00:00+00:00,1739808000000,6.435e-05
2025-02-18 00:00:00+00:00,2025-02-18 00:00:00+00:00,1739836800000,0.0001
2025-02-18 04:00:00+00:00,2025-02-18 00:00:00+00:00,1739836800000,0.0001
2025-02-18 08:00:00+00:00,2025-02-18 08:00:00+00:00,1739865600000,-4.044e-05
2025-02-18 12:00:00+00:00,2025-02-18 08:00:00+00:00,1739865600000,-4.044e-05
2025-02-18 16:00:00+00:00,2025-02-18 16:00:00+00:00,1739894400000,-6.871e-05
2025-02-18 20:00:00+00:00,2025-02-18 16:00:00+00:00,1739894400000,-6.871e-05
2025-02-19 00:00:00+00:00,2025-02-19 00:00:00+00:00,1739923200000,-1.791e-05
2025-02-19 04:00:00+00:00,2025-02-19 00:00:00+00:00,1739923200000,-1.791e-05
2025-02-19 08:00:00+00:00,2025-02-19 08:00:00+00:00,1739952000000,6.377e-05
2025-02-19 12:00:00+00:00,2025-02-19 08:00:00+00:00,1739952000000,6.377e-05
2025-02-19 16:00:00+00:00,2025-02-19 16:00:00+00:00,1739980800000,2.795e-05
2025-02-19 20:00:00+00:00,2025-02-19 16:00:00+00:00,1739980800000,2.795e-05
2025-02-20 00:00:00+00:00,2025-02-20 00:00:00+00:00,1740009600000,6.435e-05
2025-02-20 04:00:00+00:00,2025-02-20 00:00:00+00:00,1740009600000,6.435e-05
2025-02-20 08:00:00+00:00,2025-02-20 08:00:00+00:00,1740038400000,7.625e-05
2025-02-20 12:00:00+00:00,2025-02-20 08:00:00+00:00,1740038400000,7.625e-05
2025-02-20 16:00:00+00:00,2025-02-20 16:00:00+00:00,1740067200000,1.298e-05
2025-02-20 20:00:00+00:00,2025-02-20 16:00:00+00:00,1740067200000,1.298e-05
2025-02-21 00:00:00+00:00,2025-02-21 00:00:00+00:00,1740096000000,0.0001
2025-02-21 04:00:00+00:00,2025-02-21 00:00:00+00:00,1740096000000,0.0001
2025-02-21 08:00:00+00:00,2025-02-21 08:00:00+00:00,1740124800000,0.0001
2025-02-21 12:00:00+00:00,2025-02-21 08:00:00+00:00,1740124800000,0.0001
2025-02-21 16:00:00+00:00,2025-02-21 16:00:00+00:00,1740153600000,0.0001
2025-02-21 20:00:00+00:00,2025-02-21 16:00:00+00:00,1740153600000,0.0001
2025-02-22 00:00:00+00:00,2025-02-22 00:00:00+00:00,1740182400000,0.0001
2025-02-22 04:00:00+00:00,2025-02-22 00:00:00+00:00,1740182400000,0.0001
2025-02-22 08:00:00+00:00,2025-02-22 08:00:00+00:00,1740211200000,0.0001
2025-02-22 12:00:00+00:00,2025-02-22 08:00:00+00:00,1740211200000,0.0001
2025-02-22 16:00:00+00:00,2025-02-22 16:00:00+00:00,1740240000000,0.0001
2025-02-22 20:00:00+00:00,2025-02-22 16:00:00+00:00,1740240000000,0.0001
2025-02-23 00:00:00+00:00,2025-02-23 00:00:00+00:00,1740268800000,0.0001
2025-02-23 04:00:00+00:00,2025-02-23 00:00:00+00:00,1740268800000,0.0001
2025-02-23 08:00:00+00:00,2025-02-23 08:00:00+00:00,1740297600000,0.0001
2025-02-23 12:00:00+00:00,2025-02-23 08:00:00+00:00,1740297600000,0.0001
2025-02-23 16:00:00+00:00,2025-02-23 16:00:00+00:00,1740326400000,7.887e-05
2025-02-23 20:00:00+00:00,2025-02-23 16:00:00+00:00,1740326400000,7.887e-05
2025-02-24 00:00:00+00:00,2025-02-24 00:00:00+00:00,1740355200000,0.0001
2025-02-24 04:00:00+00:00,2025-02-24 00:00:00+00:00,1740355200000,0.0001
2025-02-24 08:00:00+00:00,2025-02-24 08:00:00+00:00,1740384000000,0.0001
2025-02-24 12:00:00+00:00,2025-02-24 08:00:00+00:00,1740384000000,0.0001
2025-02-24 16:00:00+00:00,2025-02-24 16:00:00+00:00,1740412800000,0.0001
2025-02-24 20:00:00+00:00,2025-02-24 16:00:00+00:00,1740412800000,0.0001
2025-02-25 00:00:00+00:00,2025-02-25 00:00:00+00:00,1740441600000,5.49e-06
2025-02-25 04:00:00+00:00,2025-02-25 00:00:00+00:00,1740441600000,5.49e-06
2025-02-25 08:00:00+00:00,2025-02-25 08:00:00+00:00,1740470400000,0.0001
2025-02-25 12:00:00+00:00,2025-02-25 08:00:00+00:00,1740470400000,0.0001
2025-02-25 16:00:00+00:00,2025-02-25 16:00:00+00:00,1740499200000,0.0001
2025-02-25 20:00:00+00:00,2025-02-25 16:00:00+00:00,1740499200000,0.0001
2025-02-26 00:00:00+00:00,2025-02-26 00:00:00+00:00,1740528000000,0.0001
2025-02-26 04:00:00+00:00,2025-02-26 00:00:00+00:00,1740528000000,0.0001
2025-02-26 08:00:00+00:00,2025-02-26 08:00:00+00:00,1740556800000,0.0001
2025-02-26 12:00:00+00:00,2025-02-26 08:00:00+00:00,1740556800000,0.0001
2025-02-26 16:00:00+00:00,2025-02-26 16:00:00+00:00,1740585600000,0.0001
2025-02-26 20:00:00+00:00,2025-02-26 16:00:00+00:00,1740585600000,0.0001
2025-02-27 00:00:00+00:00,2025-02-27 00:00:00+00:00,1740614400000,0.0001
2025-02-27 04:00:00+00:00,2025-02-27 00:00:00+00:00,1740614400000,0.0001
2025-02-27 08:00:00+00:00,2025-02-27 08:00:00+00:00,1740643200000,0.0001
2025-02-27 12:00:00+00:00,2025-02-27 08:00:00+00:00,1740643200000,0.0001
2025-02-27 16:00:00+00:00,2025-02-27 16:00:00+00:00,1740672000000,0.0001
2025-02-27 20:00:00+00:00,2025-02-27 16:00:00+00:00,1740672000000,0.0001
2025-02-28 00:00:00+00:00,2025-02-28 00:00:00+00:00,1740700800000,0.0001
2025-02-28 04:00:00+00:00,2025-02-28 00:00:00+00:00,1740700800000,0.0001
2025-02-28 08:00:00+00:00,2025-02-28 08:00:00+00:00,1740729600000,2.137e-05
2025-02-28 12:00:00+00:00,2025-02-28 08:00:00+00:00,1740729600000,2.137e-05
2025-02-28 16:00:00+00:00,2025-02-28 16:00:00+00:00,1740758400000,4.675e-05
2025-02-28 20:00:00+00:00,2025-02-28 16:00:00+00:00,1740758400000,4.675e-05
2025-03-01 00:00:00+00:00,2025-03-01 00:00:00+00:00,1740787200000,0.0001
2025-03-01 04:00:00+00:00,2025-03-01 00:00:00+00:00,1740787200000,0.0001
2025-03-01 08:00:00+00:00,2025-03-01 08:00:00+00:00,1740816000000,0.0001
2025-03-01 12:00:00+00:00,2025-03-01 08:00:00+00:00,1740816000000,0.0001
2025-03-01 16:00:00+00:00,2025-03-01 16:00:00+00:00,1740844800000,0.0001
2025-03-01 20:00:00+00:00,2025-03-01 16:00:00+00:00,1740844800000,0.0001
2025-03-02 00:00:00+00:00,2025-03-02 00:00:00+00:00,1740873600000,0.0001
2025-03-02 04:00:00+00:00,2025-03-02 00:00:00+00:00,1740873600000,0.0001
2025-03-02 08:00:00+00:00,2025-03-02 08:00:00+00:00,1740902400000,0.0001
2025-03-02 12:00:00+00:00,2025-03-02 08:00:00+00:00,1740902400000,0.0001
2025-03-02 16:00:00+00:00,2025-03-02 16:00:00+00:00,1740931200000,0.0001
2025-03-02 20:00:00+00:00,2025-03-02 16:00:00+00:00,1740931200000,0.0001
2025-03-03 00:00:00+00:00,2025-03-03 00:00:00+00:00,1740960000000,0.0001
2025-03-03 04:00:00+00:00,2025-03-03 00:00:00+00:00,1740960000000,0.0001
2025-03-03 08:00:00+00:00,2025-03-03 08:00:00+00:00,1740988800000,0.0001
2025-03-03 12:00:00+00:00,2025-03-03 08:00:00+00:00,1740988800000,0.0001
2025-03-03 16:00:00+00:00,2025-03-03 16:00:00+00:00,1741017600000,0.0001
2025-03-03 20:00:00+00:00,2025-03-03 16:00:00+00:00,1741017600000,0.0001
2025-03-04 00:00:00+00:00,2025-03-04 00:00:00+00:00,1741046400000,-3.2e-06
2025-03-04 04:00:00+00:00,2025-03-04 00:00:00+00:00,1741046400000,-3.2e-06
2025-03-04 08:00:00+00:00,2025-03-04 08:00:00+00:00,1741075200000,-8.187e-05
2025-03-04 12:00:00+00:00,2025-03-04 08:00:00+00:00,1741075200000,-8.187e-05
2025-03-04 16:00:00+00:00,2025-03-04 16:00:00+00:00,1741104000000,-0.00023285
2025-03-04 20:00:00+00:00,2025-03-04 16:00:00+00:00,1741104000000,-0.00023285
2025-03-05 00:00:00+00:00,2025-03-05 00:00:00+00:00,1741132800000,-2.437e-05
2025-03-05 04:00:00+00:00,2025-03-05 00:00:00+00:00,1741132800000,-2.437e-05
2025-03-05 08:00:00+00:00,2025-03-05 08:00:00+00:00,1741161600000,4.471e-05
2025-03-05 12:00:00+00:00,2025-03-05 08:00:00+00:00,1741161600000,4.471e-05
2025-03-05 16:00:00+00:00,2025-03-05 16:00:00+00:00,1741190400000,0.0001
2025-03-05 20:00:00+00:00,2025-03-05 16:00:00+00:00,1741190400000,0.0001
2025-03-06 00:00:00+00:00,2025-03-06 00:00:00+00:00,1741219200000,0.0001
2025-03-06 04:00:00+00:00,2025-03-06 00:00:00+00:00,1741219200000,0.0001
2025-03-06 08:00:00+00:00,2025-03-06 08:00:00+00:00,1741248000000,0.0001
2025-03-06 12:00:00+00:00,2025-03-06 08:00:00+00:00,1741248000000,0.0001
2025-03-06 16:00:00+00:00,2025-03-06 16:00:00+00:00,1741276800000,-1.206e-05
2025-03-06 20:00:00+00:00,2025-03-06 16:00:00+00:00,1741276800000,-1.206e-05
2025-03-07 00:00:00+00:00,2025-03-07 00:00:00+00:00,1741305600000,-0.00013079
2025-03-07 04:00:00+00:00,2025-03-07 00:00:00+00:00,1741305600000,-0.00013079
2025-03-07 08:00:00+00:00,2025-03-07 08:00:00+00:00,1741334400000,-6.807e-05
2025-03-07 12:00:00+00:00,2025-03-07 08:00:00+00:00,1741334400000,-6.807e-05
2025-03-07 16:00:00+00:00,2025-03-07 16:00:00+00:00,1741363200000,1.657e-05
2025-03-07 20:00:00+00:00,2025-03-07 16:00:00+00:00,1741363200000,1.657e-05
2025-03-08 00:00:00+00:00,2025-03-08 00:00:00+00:00,1741392000000,0.0001
2025-03-08 04:00:00+00:00,2025-03-08 00:00:00+00:00,1741392000000,0.0001
2025-03-08 08:00:00+00:00,2025-03-08 08:00:00+00:00,1741420800000,6.846e-05
2025-03-08 12:00:00+00:00,2025-03-08 08:00:00+00:00,1741420800000,6.846e-05
2025-03-08 16:00:00+00:00,2025-03-08 16:00:00+00:00,1741449600000,7.369e-05
2025-03-08 20:00:00+00:00,2025-03-08 16:00:00+00:00,1741449600000,7.369e-05
2025-03-09 00:00:00+00:00,2025-03-09 00:00:00+00:00,1741478400000,-1.783e-05
2025-03-09 04:00:00+00:00,2025-03-09 00:00:00+00:00,1741478400000,-1.783e-05
2025-03-09 08:00:00+00:00,2025-03-09 08:00:00+00:00,1741507200000,-0.00012114
2025-03-09 12:00:00+00:00,2025-03-09 08:00:00+00:00,1741507200000,-0.00012114
2025-03-09 16:00:00+00:00,2025-03-09 16:00:00+00:00,1741536000000,-0.00013212
2025-03-09 20:00:00+00:00,2025-03-09 16:00:00+00:00,1741536000000,-0.00013212
2025-03-10 00:00:00+00:00,2025-03-10 00:00:00+00:00,1741564800000,-0.00016004
2025-03-10 04:00:00+00:00,2025-03-10 00:00:00+00:00,1741564800000,-0.00016004
2025-03-10 08:00:00+00:00,2025-03-10 08:00:00+00:00,1741593600000,-0.00011796
2025-03-10 12:00:00+00:00,2025-03-10 08:00:00+00:00,1741593600000,-0.00011796
2025-03-10 16:00:00+00:00,2025-03-10 16:00:00+00:00,1741622400000,-2.693e-05
2025-03-10 20:00:00+00:00,2025-03-10 16:00:00+00:00,1741622400000,-2.693e-05
2025-03-11 00:00:00+00:00,2025-03-11 00:00:00+00:00,1741651200000,6.708e-05
2025-03-11 04:00:00+00:00,2025-03-11 00:00:00+00:00,1741651200000,6.708e-05
2025-03-11 08:00:00+00:00,2025-03-11 08:00:00+00:00,1741680000000,-3.675e-05
2025-03-11 12:00:00+00:00,2025-03-11 08:00:00+00:00,1741680000000,-3.675e-05
2025-03-11 16:00:00+00:00,2025-03-11 16:00:00+00:00,1741708800000,-0.00014543
2025-03-11 20:00:00+00:00,2025-03-11 16:00:00+00:00,1741708800000,-0.00014543
2025-03-12 00:00:00+00:00,2025-03-12 00:00:00+00:00,1741737600000,-4.577e-05
2025-03-12 04:00:00+00:00,2025-03-12 00:00:00+00:00,1741737600000,-4.577e-05
2025-03-12 08:00:00+00:00,2025-03-12 08:00:00+00:00,1741766400000,3.715e-05
2025-03-12 12:00:00+00:00,2025-03-12 08:00:00+00:00,1741766400000,3.715e-05
2025-03-12 16:00:00+00:00,2025-03-12 16:00:00+00:00,1741795200000,3.383e-05
2025-03-12 20:00:00+00:00,2025-03-12 16:00:00+00:00,1741795200000,3.383e-05
2025-03-13 00:00:00+00:00,2025-03-13 00:00:00+00:00,1741824000000,-0.0002172
2025-03-13 04:00:00+00:00,2025-03-13 00:00:00+00:00,1741824000000,-0.0002172
2025-03-13 08:00:00+00:00,2025-03-13 08:00:00+00:00,1741852800000,-0.00017838
2025-03-13 12:00:00+00:00,2025-03-13 08:00:00+00:00,1741852800000,-0.00017838
2025-03-13 16:00:00+00:00,2025-03-13 16:00:00+00:00,1741881600000,2.112e-05
2025-03-13 20:00:00+00:00,2025-03-13 16:00:00+00:00,1741881600000,2.112e-05
2025-03-14 00:00:00+00:00,2025-03-14 00:00:00+00:00,1741910400000,-0.00023813
2025-03-14 04:00:00+00:00,2025-03-14 00:00:00+00:00,1741910400000,-0.00023813
2025-03-14 08:00:00+00:00,2025-03-14 08:00:00+00:00,1741939200000,-0.00010137
2025-03-14 12:00:00+00:00,2025-03-14 08:00:00+00:00,1741939200000,-0.00010137
2025-03-14 16:00:00+00:00,2025-03-14 16:00:00+00:00,1741968000000,-5.004e-05
2025-03-14 20:00:00+00:00,2025-03-14 16:00:00+00:00,1741968000000,-5.004e-05
2025-03-15 00:00:00+00:00,2025-03-15 00:00:00+00:00,1741996800000,4.244e-05
2025-03-15 04:00:00+00:00,2025-03-15 00:00:00+00:00,1741996800000,4.244e-05
2025-03-15 08:00:00+00:00,2025-03-15 08:00:00+00:00,1742025600000,-0.00014311
2025-03-15 12:00:00+00:00,2025-03-15 08:00:00+00:00,1742025600000,-0.00014311
2025-03-15 16:00:00+00:00,2025-03-15 16:00:00+00:00,1742054400000,2.743e-05
2025-03-15 20:00:00+00:00,2025-03-15 16:00:00+00:00,1742054400000,2.743e-05
2025-03-16 00:00:00+00:00,2025-03-16 00:00:00+00:00,1742083200000,0.0001
2025-03-16 04:00:00+00:00,2025-03-16 00:00:00+00:00,1742083200000,0.0001
2025-03-16 08:00:00+00:00,2025-03-16 08:00:00+00:00,1742112000000,-9.089e-05
2025-03-16 12:00:00+00:00,2025-03-16 08:00:00+00:00,1742112000000,-9.089e-05
2025-03-16 16:00:00+00:00,2025-03-16 16:00:00+00:00,1742140800000,9.76e-05
2025-03-16 20:00:00+00:00,2025-03-16 16:00:00+00:00,1742140800000,9.76e-05
2025-03-17 00:00:00+00:00,2025-03-17 00:00:00+00:00,1742169600000,-1.677e-05
2025-03-17 04:00:00+00:00,2025-03-17 00:00:00+00:00,1742169600000,-1.677e-05
2025-03-17 08:00:00+00:00,2025-03-17 08:00:00+00:00,1742198400000,-4.837e-05
2025-03-17 12:00:00+00:00,2025-03-17 08:00:00+00:00,1742198400000,-4.837e-05
2025-03-17 16:00:00+00:00,2025-03-17 16:00:00+00:00,1742227200000,0.0001
2025-03-17 20:00:00+00:00,2025-03-17 16:00:00+00:00,1742227200000,0.0001
2025-03-18 00:00:00+00:00,2025-03-18 00:00:00+00:00,1742256000000,0.0001
2025-03-18 04:00:00+00:00,2025-03-18 00:00:00+00:00,1742256000000,0.0001
2025-03-18 08:00:00+00:00,2025-03-18 08:00:00+00:00,1742284800000,0.0001
2025-03-18 12:00:00+00:00,2025-03-18 08:00:00+00:00,1742284800000,0.0001
2025-03-18 16:00:00+00:00,2025-03-18 16:00:00+00:00,1742313600000,7.955e-05
2025-03-18 20:00:00+00:00,2025-03-18 16:00:00+00:00,1742313600000,7.955e-05
2025-03-19 00:00:00+00:00,2025-03-19 00:00:00+00:00,1742342400000,-0.00014954
2025-03-19 04:00:00+00:00,2025-03-19 00:00:00+00:00,1742342400000,-0.00014954
2025-03-19 08:00:00+00:00,2025-03-19 08:00:00+00:00,1742371200000,7.43e-05
2025-03-19 12:00:00+00:00,2025-03-19 08:00:00+00:00,1742371200000,7.43e-05
2025-03-19 16:00:00+00:00,2025-03-19 16:00:00+00:00,1742400000000,2.304e-05
2025-03-19 20:00:00+00:00,2025-03-19 16:00:00+00:00,1742400000000,2.304e-05
2025-03-20 00:00:00+00:00,2025-03-20 00:00:00+00:00,1742428800000,-1.959e-05
2025-03-20 04:00:00+00:00,2025-03-20 00:00:00+00:00,1742428800000,-1.959e-05
2025-03-20 08:00:00+00:00,2025-03-20 08:00:00+00:00,1742457600000,4.796e-05
2025-03-20 12:00:00+00:00,2025-03-20 08:00:00+00:00,1742457600000,4.796e-05
2025-03-20 16:00:00+00:00,2025-03-20 16:00:00+00:00,1742486400000,3.062e-05
2025-03-20 20:00:00+00:00,2025-03-20 16:00:00+00:00,1742486400000,3.062e-05
2025-03-21 00:00:00+00:00,2025-03-21 00:00:00+00:00,1742515200000,-0.00010083
2025-03-21 04:00:00+00:00,2025-03-21 00:00:00+00:00,1742515200000,-0.00010083
2025-03-21 08:00:00+00:00,2025-03-21 08:00:00+00:00,1742544000000,-0.0001165
2025-03-21 12:00:00+00:00,2025-03-21 08:00:00+00:00,1742544000000,-0.0001165
2025-03-21 16:00:00+00:00,2025-03-21 16:00:00+00:00,1742572800000,-9.878e-05
2025-03-21 20:00:00+00:00,2025-03-21 16:00:00+00:00,1742572800000,-9.878e-05
2025-03-22 00:00:00+00:00,2025-03-22 00:00:00+00:00,1742601600000,-4.959e-05
2025-03-22 04:00:00+00:00,2025-03-22 00:00:00+00:00,1742601600000,-4.959e-05
2025-03-22 08:00:00+00:00,2025-03-22 08:00:00+00:00,1742630400000,5.214e-05
2025-03-22 12:00:00+00:00,2025-03-22 08:00:00+00:00,1742630400000,5.214e-05
2025-03-22 16:00:00+00:00,2025-03-22 16:00:00+00:00,1742659200000,5.7e-07
2025-03-22 20:00:00+00:00,2025-03-22 16:00:00+00:00,1742659200000,5.7e-07
2025-03-23 00:00:00+00:00,2025-03-23 00:00:00+00:00,1742688000000,0.0001
2025-03-23 04:00:00+00:00,2025-03-23 00:00:00+00:00,1742688000000,0.0001
2025-03-23 08:00:00+00:00,2025-03-23 08:00:00+00:00,1742716800000,0.0001
2025-03-23 12:00:00+00:00,2025-03-23 08:00:00+00:00,1742716800000,0.0001
2025-03-23 16:00:00+00:00,2025-03-23 16:00:00+00:00,1742745600000,-3.578e-05
2025-03-23 20:00:00+00:00,2025-03-23 16:00:00+00:00,1742745600000,-3.578e-05
2025-03-24 00:00:00+00:00,2025-03-24 00:00:00+00:00,1742774400000,-2.197e-05
2025-03-24 04:00:00+00:00,2025-03-24 00:00:00+00:00,1742774400000,-2.197e-05
2025-03-24 08:00:00+00:00,2025-03-24 08:00:00+00:00,1742803200000,9.99e-06
2025-03-24 12:00:00+00:00,2025-03-24 08:00:00+00:00,1742803200000,9.99e-06
2025-03-24 16:00:00+00:00,2025-03-24 16:00:00+00:00,1742832000000,0.0001
2025-03-24 20:00:00+00:00,2025-03-24 16:00:00+00:00,1742832000000,0.0001
2025-03-25 00:00:00+00:00,2025-03-25 00:00:00+00:00,1742860800000,0.0001
2025-03-25 04:00:00+00:00,2025-03-25 00:00:00+00:00,1742860800000,0.0001
2025-03-25 08:00:00+00:00,2025-03-25 08:00:00+00:00,1742889600000,0.0001
2025-03-25 12:00:00+00:00,2025-03-25 08:00:00+00:00,1742889600000,0.0001
2025-03-25 16:00:00+00:00,2025-03-25 16:00:00+00:00,1742918400000,0.0001
2025-03-25 20:00:00+00:00,2025-03-25 16:00:00+00:00,1742918400000,0.0001
2025-03-26 00:00:00+00:00,2025-03-26 00:00:00+00:00,1742947200000,1.508e-05
2025-03-26 04:00:00+00:00,2025-03-26 00:00:00+00:00,1742947200000,1.508e-05
2025-03-26 08:00:00+00:00,2025-03-26 08:00:00+00:00,1742976000000,0.0001
2025-03-26 12:00:00+00:00,2025-03-26 08:00:00+00:00,1742976000000,0.0001
2025-03-26 16:00:00+00:00,2025-03-26 16:00:00+00:00,1743004800000,0.0001
2025-03-26 20:00:00+00:00,2025-03-26 16:00:00+00:00,1743004800000,0.0001
2025-03-27 00:00:00+00:00,2025-03-27 00:00:00+00:00,1743033600000,0.0001
2025-03-27 04:00:00+00:00,2025-03-27 00:00:00+00:00,1743033600000,0.0001
2025-03-27 08:00:00+00:00,2025-03-27 08:00:00+00:00,1743062400000,3.499e-05
2025-03-27 12:00:00+00:00,2025-03-27 08:00:00+00:00,1743062400000,3.499e-05
2025-03-27 16:00:00+00:00,2025-03-27 16:00:00+00:00,1743091200000,8.339e-05
2025-03-27 20:00:00+00:00,2025-03-27 16:00:00+00:00,1743091200000,8.339e-05
2025-03-28 00:00:00+00:00,2025-03-28 00:00:00+00:00,1743120000000,-9.32e-06
2025-03-28 04:00:00+00:00,2025-03-28 00:00:00+00:00,1743120000000,-9.32e-06
2025-03-28 08:00:00+00:00,2025-03-28 08:00:00+00:00,1743148800000,8.054e-05
2025-03-28 12:00:00+00:00,2025-03-28 08:00:00+00:00,1743148800000,8.054e-05
2025-03-28 16:00:00+00:00,2025-03-28 16:00:00+00:00,1743177600000,0.0001
2025-03-28 20:00:00+00:00,2025-03-28 16:00:00+00:00,1743177600000,0.0001
2025-03-29 00:00:00+00:00,2025-03-29 00:00:00+00:00,1743206400000,7.401e-05
2025-03-29 04:00:00+00:00,2025-03-29 00:00:00+00:00,1743206400000,7.401e-05
2025-03-29 08:00:00+00:00,2025-03-29 08:00:00+00:00,1743235200000,9.96e-05
2025-03-29 12:00:00+00:00,2025-03-29 08:00:00+00:00,1743235200000,9.96e-05
2025-03-29 16:00:00+00:00,2025-03-29 16:00:00+00:00,1743264000000,0.0001
2025-03-29 20:00:00+00:00,2025-03-29 16:00:00+00:00,1743264000000,0.0001
2025-03-30 00:00:00+00:00,2025-03-30 00:00:00+00:00,1743292800000,0.0001
2025-03-30 04:00:00+00:00,2025-03-30 00:00:00+00:00,1743292800000,0.0001
2025-03-30 08:00:00+00:00,2025-03-30 08:00:00+00:00,1743321600000,-1.471e-05
2025-03-30 12:00:00+00:00,2025-03-30 08:00:00+00:00,1743321600000,-1.471e-05
2025-03-30 16:00:00+00:00,2025-03-30 16:00:00+00:00,1743350400000,-8.764e-05
2025-03-30 20:00:00+00:00,2025-03-30 16:00:00+00:00,1743350400000,-8.764e-05
2025-03-31 00:00:00+00:00,2025-03-31 00:00:00+00:00,1743379200000,-3.426e-05
2025-03-31 04:00:00+00:00,2025-03-31 00:00:00+00:00,1743379200000,-3.426e-05
2025-03-31 08:00:00+00:00,2025-03-31 08:00:00+00:00,1743408000000,7.147e-05
2025-03-31 12:00:00+00:00,2025-03-31 08:00:00+00:00,1743408000000,7.147e-05
2025-03-31 16:00:00+00:00,2025-03-31 16:00:00+00:00,1743436800000,1.7e-07
2025-03-31 20:00:00+00:00,2025-03-31 16:00:00+00:00,1743436800000,1.7e-07
2025-04-01 00:00:00+00:00,2025-04-01 00:00:00+00:00,1743465600000,1.453e-05
2025-04-01 04:00:00+00:00,2025-04-01 00:00:00+00:00,1743465600000,1.453e-05
2025-04-01 08:00:00+00:00,2025-04-01 08:00:00+00:00,1743494400000,1.065e-05
2025-04-01 12:00:00+00:00,2025-04-01 08:00:00+00:00,1743494400000,1.065e-05
2025-04-01 16:00:00+00:00,2025-04-01 16:00:00+00:00,1743523200000,7.859e-05
2025-04-01 20:00:00+00:00,2025-04-01 16:00:00+00:00,1743523200000,7.859e-05
2025-04-02 00:00:00+00:00,2025-04-02 00:00:00+00:00,1743552000000,0.0001
2025-04-02 04:00:00+00:00,2025-04-02 00:00:00+00:00,1743552000000,0.0001
2025-04-02 08:00:00+00:00,2025-04-02 08:00:00+00:00,1743580800000,7.81e-05
2025-04-02 12:00:00+00:00,2025-04-02 08:00:00+00:00,1743580800000,7.81e-05
2025-04-02 16:00:00+00:00,2025-04-02 16:00:00+00:00,1743609600000,7.023e-05
2025-04-02 20:00:00+00:00,2025-04-02 16:00:00+00:00,1743609600000,7.023e-05
2025-04-03 00:00:00+00:00,2025-04-03 00:00:00+00:00,1743638400000,0.0001
2025-04-03 04:00:00+00:00,2025-04-03 00:00:00+00:00,1743638400000,0.0001
2025-04-03 08:00:00+00:00,2025-04-03 08:00:00+00:00,1743667200000,4.687e-05
2025-04-03 12:00:00+00:00,2025-04-03 08:00:00+00:00,1743667200000,4.687e-05
2025-04-03 16:00:00+00:00,2025-04-03 16:00:00+00:00,1743696000000,0.0001
2025-04-03 20:00:00+00:00,2025-04-03 16:00:00+00:00,1743696000000,0.0001
2025-04-04 00:00:00+00:00,2025-04-04 00:00:00+00:00,1743724800000,-9.464e-05
2025-04-04 04:00:00+00:00,2025-04-04 00:00:00+00:00,1743724800000,-9.464e-05
2025-04-04 08:00:00+00:00,2025-04-04 08:00:00+00:00,1743753600000,-0.00024355
2025-04-04 12:00:00+00:00,2025-04-04 08:00:00+00:00,1743753600000,-0.00024355
2025-04-04 16:00:00+00:00,2025-04-04 16:00:00+00:00,1743782400000,-9.122e-05
2025-04-04 20:00:00+00:00,2025-04-04 16:00:00+00:00,1743782400000,-9.122e-05
2025-04-05 00:00:00+00:00,2025-04-05 00:00:00+00:00,1743811200000,0.0001
2025-04-05 04:00:00+00:00,2025-04-05 00:00:00+00:00,1743811200000,0.0001
2025-04-05 08:00:00+00:00,2025-04-05 08:00:00+00:00,1743840000000,0.0001
2025-04-05 12:00:00+00:00,2025-04-05 08:00:00+00:00,1743840000000,0.0001
2025-04-05 16:00:00+00:00,2025-04-05 16:00:00+00:00,1743868800000,0.0001
2025-04-05 20:00:00+00:00,2025-04-05 16:00:00+00:00,1743868800000,0.0001
2025-04-06 00:00:00+00:00,2025-04-06 00:00:00+00:00,1743897600000,-2.606e-05
2025-04-06 04:00:00+00:00,2025-04-06 00:00:00+00:00,1743897600000,-2.606e-05
2025-04-06 08:00:00+00:00,2025-04-06 08:00:00+00:00,1743926400000,-1.554e-05
2025-04-06 12:00:00+00:00,2025-04-06 08:00:00+00:00,1743926400000,-1.554e-05
2025-04-06 16:00:00+00:00,2025-04-06 16:00:00+00:00,1743955200000,0.0001
2025-04-06 20:00:00+00:00,2025-04-06 16:00:00+00:00,1743955200000,0.0001
2025-04-07 00:00:00+00:00,2025-04-07 00:00:00+00:00,1743984000000,6.219e-05
2025-04-07 04:00:00+00:00,2025-04-07 00:00:00+00:00,1743984000000,6.219e-05
2025-04-07 08:00:00+00:00,2025-04-07 08:00:00+00:00,1744012800000,-1.572e-05
2025-04-07 12:00:00+00:00,2025-04-07 08:00:00+00:00,1744012800000,-1.572e-05
2025-04-07 16:00:00+00:00,2025-04-07 16:00:00+00:00,1744041600000,1.035e-05
2025-04-07 20:00:00+00:00,2025-04-07 16:00:00+00:00,1744041600000,1.035e-05
2025-04-08 00:00:00+00:00,2025-04-08 00:00:00+00:00,1744070400000,3.152e-05
2025-04-08 04:00:00+00:00,2025-04-08 00:00:00+00:00,1744070400000,3.152e-05
2025-04-08 08:00:00+00:00,2025-04-08 08:00:00+00:00,1744099200000,-1.593e-05
2025-04-08 12:00:00+00:00,2025-04-08 08:00:00+00:00,1744099200000,-1.593e-05
2025-04-08 16:00:00+00:00,2025-04-08 16:00:00+00:00,1744128000000,-0.0001042
2025-04-08 20:00:00+00:00,2025-04-08 16:00:00+00:00,1744128000000,-0.0001042
2025-04-09 00:00:00+00:00,2025-04-09 00:00:00+00:00,1744156800000,-0.00010707
2025-04-09 04:00:00+00:00,2025-04-09 00:00:00+00:00,1744156800000,-0.00010707
2025-04-09 08:00:00+00:00,2025-04-09 08:00:00+00:00,1744185600000,-9.74e-05
2025-04-09 12:00:00+00:00,2025-04-09 08:00:00+00:00,1744185600000,-9.74e-05
2025-04-09 16:00:00+00:00,2025-04-09 16:00:00+00:00,1744214400000,6.291e-05
2025-04-09 20:00:00+00:00,2025-04-09 16:00:00+00:00,1744214400000,6.291e-05
2025-04-10 00:00:00+00:00,2025-04-10 00:00:00+00:00,1744243200000,0.0001
2025-04-10 04:00:00+00:00,2025-04-10 00:00:00+00:00,1744243200000,0.0001
2025-04-10 08:00:00+00:00,2025-04-10 08:00:00+00:00,1744272000000,0.0001
2025-04-10 12:00:00+00:00,2025-04-10 08:00:00+00:00,1744272000000,0.0001
2025-04-10 16:00:00+00:00,2025-04-10 16:00:00+00:00,1744300800000,1.438e-05
2025-04-10 20:00:00+00:00,2025-04-10 16:00:00+00:00,1744300800000,1.438e-05
2025-04-11 00:00:00+00:00,2025-04-11 00:00:00+00:00,1744329600000,0.0001
2025-04-11 04:00:00+00:00,2025-04-11 00:00:00+00:00,1744329600000,0.0001
2025-04-11 08:00:00+00:00,2025-04-11 08:00:00+00:00,1744358400000,0.0001
2025-04-11 12:00:00+00:00,2025-04-11 08:00:00+00:00,1744358400000,0.0001
2025-04-11 16:00:00+00:00,2025-04-11 16:00:00+00:00,1744387200000,0.0001
2025-04-11 20:00:00+00:00,2025-04-11 16:00:00+00:00,1744387200000,0.0001
2025-04-12 00:00:00+00:00,2025-04-12 00:00:00+00:00,1744416000000,0.0001
2025-04-12 04:00:00+00:00,2025-04-12 00:00:00+00:00,1744416000000,0.0001
2025-04-12 08:00:00+00:00,2025-04-12 08:00:00+00:00,1744444800000,0.0001
2025-04-12 12:00:00+00:00,2025-04-12 08:00:00+00:00,1744444800000,0.0001
2025-04-12 16:00:00+00:00,2025-04-12 16:00:00+00:00,1744473600000,0.0001
2025-04-12 20:00:00+00:00,2025-04-12 16:00:00+00:00,1744473600000,0.0001
2025-04-13 00:00:00+00:00,2025-04-13 00:00:00+00:00,1744502400000,0.0001
2025-04-13 04:00:00+00:00,2025-04-13 00:00:00+00:00,1744502400000,0.0001
2025-04-13 08:00:00+00:00,2025-04-13 08:00:00+00:00,1744531200000,0.0001
2025-04-13 12:00:00+00:00,2025-04-13 08:00:00+00:00,1744531200000,0.0001
2025-04-13 16:00:00+00:00,2025-04-13 16:00:00+00:00,1744560000000,0.0001
2025-04-13 20:00:00+00:00,2025-04-13 16:00:00+00:00,1744560000000,0.0001
2025-04-14 00:00:00+00:00,2025-04-14 00:00:00+00:00,1744588800000,0.0001
2025-04-14 04:00:00+00:00,2025-04-14 00:00:00+00:00,1744588800000,0.0001
2025-04-14 08:00:00+00:00,2025-04-14 08:00:00+00:00,1744617600000,0.0001
2025-04-14 12:00:00+00:00,2025-04-14 08:00:00+00:00,1744617600000,0.0001
2025-04-14 16:00:00+00:00,2025-04-14 16:00:00+00:00,1744646400000,0.0001
2025-04-14 20:00:00+00:00,2025-04-14 16:00:00+00:00,1744646400000,0.0001
2025-04-15 00:00:00+00:00,2025-04-15 00:00:00+00:00,1744675200000,-4.595e-05
2025-04-15 04:00:00+00:00,2025-04-15 00:00:00+00:00,1744675200000,-4.595e-05
2025-04-15 08:00:00+00:00,2025-04-15 08:00:00+00:00,1744704000000,0.0001
2025-04-15 12:00:00+00:00,2025-04-15 08:00:00+00:00,1744704000000,0.0001
2025-04-15 16:00:00+00:00,2025-04-15 16:00:00+00:00,1744732800000,-9.468e-05
2025-04-15 20:00:00+00:00,2025-04-15 16:00:00+00:00,1744732800000,-9.468e-05
2025-04-16 00:00:00+00:00,2025-04-16 00:00:00+00:00,1744761600000,1.91e-05
2025-04-16 04:00:00+00:00,2025-04-16 00:00:00+00:00,1744761600000,1.91e-05
2025-04-16 08:00:00+00:00,2025-04-16 08:00:00+00:00,1744790400000,5.111e-05
2025-04-16 12:00:00+00:00,2025-04-16 08:00:00+00:00,1744790400000,5.111e-05
2025-04-16 16:00:00+00:00,2025-04-16 16:00:00+00:00,1744819200000,5.001e-05
2025-04-16 20:00:00+00:00,2025-04-16 16:00:00+00:00,1744819200000,5.001e-05
2025-04-17 00:00:00+00:00,2025-04-17 00:00:00+00:00,1744848000000,0.0001
2025-04-17 04:00:00+00:00,2025-04-17 00:00:00+00:00,1744848000000,0.0001
2025-04-17 08:00:00+00:00,2025-04-17 08:00:00+00:00,1744876800000,0.0001
2025-04-17 12:00:00+00:00,2025-04-17 08:00:00+00:00,1744876800000,0.0001
2025-04-17 16:00:00+00:00,2025-04-17 16:00:00+00:00,1744905600000,0.0001
2025-04-17 20:00:00+00:00,2025-04-17 16:00:00+00:00,1744905600000,0.0001
2025-04-18 00:00:00+00:00,2025-04-18 00:00:00+00:00,1744934400000,0.0001
2025-04-18 04:00:00+00:00,2025-04-18 00:00:00+00:00,1744934400000,0.0001
2025-04-18 08:00:00+00:00,2025-04-18 08:00:00+00:00,1744963200000,5.405e-05
2025-04-18 12:00:00+00:00,2025-04-18 08:00:00+00:00,1744963200000,5.405e-05
2025-04-18 16:00:00+00:00,2025-04-18 16:00:00+00:00,1744992000000,1.838e-05
2025-04-18 20:00:00+00:00,2025-04-18 16:00:00+00:00,1744992000000,1.838e-05
2025-04-19 00:00:00+00:00,2025-04-19 00:00:00+00:00,1745020800000,0.0001
2025-04-19 04:00:00+00:00,2025-04-19 00:00:00+00:00,1745020800000,0.0001
2025-04-19 08:00:00+00:00,2025-04-19 08:00:00+00:00,1745049600000,0.0001
2025-04-19 12:00:00+00:00,2025-04-19 08:00:00+00:00,1745049600000,0.0001
2025-04-19 16:00:00+00:00,2025-04-19 16:00:00+00:00,1745078400000,0.0001
2025-04-19 20:00:00+00:00,2025-04-19 16:00:00+00:00,1745078400000,0.0001
2025-04-20 00:00:00+00:00,2025-04-20 00:00:00+00:00,1745107200000,0.0001
2025-04-20 04:00:00+00:00,2025-04-20 00:00:00+00:00,1745107200000,0.0001
2025-04-20 08:00:00+00:00,2025-04-20 08:00:00+00:00,1745136000000,0.0001
2025-04-20 12:00:00+00:00,2025-04-20 08:00:00+00:00,1745136000000,0.0001
2025-04-20 16:00:00+00:00,2025-04-20 16:00:00+00:00,1745164800000,0.0001
2025-04-20 20:00:00+00:00,2025-04-20 16:00:00+00:00,1745164800000,0.0001
2025-04-21 00:00:00+00:00,2025-04-21 00:00:00+00:00,1745193600000,0.0001
2025-04-21 04:00:00+00:00,2025-04-21 00:00:00+00:00,1745193600000,0.0001
2025-04-21 08:00:00+00:00,2025-04-21 08:00:00+00:00,1745222400000,8.493e-05
2025-04-21 12:00:00+00:00,2025-04-21 08:00:00+00:00,1745222400000,8.493e-05
2025-04-21 16:00:00+00:00,2025-04-21 16:00:00+00:00,1745251200000,-1.981e-05
2025-04-21 20:00:00+00:00,2025-04-21 16:00:00+00:00,1745251200000,-1.981e-05
2025-04-22 00:00:00+00:00,2025-04-22 00:00:00+00:00,1745280000000,0.0001
2025-04-22 04:00:00+00:00,2025-04-22 00:00:00+00:00,1745280000000,0.0001
2025-04-22 08:00:00+00:00,2025-04-22 08:00:00+00:00,1745308800000,-1.651e-05
2025-04-22 12:00:00+00:00,2025-04-22 08:00:00+00:00,1745308800000,-1.651e-05
2025-04-22 16:00:00+00:00,2025-04-22 16:00:00+00:00,1745337600000,-5.064e-05
2025-04-22 20:00:00+00:00,2025-04-22 16:00:00+00:00,1745337600000,-5.064e-05
2025-04-23 00:00:00+00:00,2025-04-23 00:00:00+00:00,1745366400000,2.249e-05
2025-04-23 04:00:00+00:00,2025-04-23 00:00:00+00:00,1745366400000,2.249e-05
2025-04-23 08:00:00+00:00,2025-04-23 08:00:00+00:00,1745395200000,-6.81e-06
2025-04-23 12:00:00+00:00,2025-04-23 08:00:00+00:00,1745395200000,-6.81e-06
2025-04-23 16:00:00+00:00,2025-04-23 16:00:00+00:00,1745424000000,0.0001
2025-04-23 20:00:00+00:00,2025-04-23 16:00:00+00:00,1745424000000,0.0001
2025-04-24 00:00:00+00:00,2025-04-24 00:00:00+00:00,1745452800000,9.393e-05
2025-04-24 04:00:00+00:00,2025-04-24 00:00:00+00:00,1745452800000,9.393e-05
2025-04-24 08:00:00+00:00,2025-04-24 08:00:00+00:00,1745481600000,9.586e-05
2025-04-24 12:00:00+00:00,2025-04-24 08:00:00+00:00,1745481600000,9.586e-05
2025-04-24 16:00:00+00:00,2025-04-24 16:00:00+00:00,1745510400000,-8.194e-05
2025-04-24 20:00:00+00:00,2025-04-24 16:00:00+00:00,1745510400000,-8.194e-05
2025-04-25 00:00:00+00:00,2025-04-25 00:00:00+00:00,1745539200000,-4.067e-05
2025-04-25 04:00:00+00:00,2025-04-25 00:00:00+00:00,1745539200000,-4.067e-05
2025-04-25 08:00:00+00:00,2025-04-25 08:00:00+00:00,1745568000000,0.0001
2025-04-25 12:00:00+00:00,2025-04-25 08:00:00+00:00,1745568000000,0.0001
2025-04-25 16:00:00+00:00,2025-04-25 16:00:00+00:00,1745596800000,3.294e-05
2025-04-25 20:00:00+00:00,2025-04-25 16:00:00+00:00,1745596800000,3.294e-05
2025-04-26 00:00:00+00:00,2025-04-26 00:00:00+00:00,1745625600000,7.894e-05
2025-04-26 04:00:00+00:00,2025-04-26 00:00:00+00:00,1745625600000,7.894e-05
2025-04-26 08:00:00+00:00,2025-04-26 08:00:00+00:00,1745654400000,0.0001
2025-04-26 12:00:00+00:00,2025-04-26 08:00:00+00:00,1745654400000,0.0001
2025-04-26 16:00:00+00:00,2025-04-26 16:00:00+00:00,1745683200000,0.0001
2025-04-26 20:00:00+00:00,2025-04-26 16:00:00+00:00,1745683200000,0.0001
2025-04-27 00:00:00+00:00,2025-04-27 00:00:00+00:00,1745712000000,-0.00020507
2025-04-27 04:00:00+00:00,2025-04-27 00:00:00+00:00,1745712000000,-0.00020507
2025-04-27 08:00:00+00:00,2025-04-27 08:00:00+00:00,1745740800000,-5.912e-05
2025-04-27 12:00:00+00:00,2025-04-27 08:00:00+00:00,1745740800000,-5.912e-05
2025-04-27 16:00:00+00:00,2025-04-27 16:00:00+00:00,1745769600000,6.84e-06
2025-04-27 20:00:00+00:00,2025-04-27 16:00:00+00:00,1745769600000,6.84e-06
2025-04-28 00:00:00+00:00,2025-04-28 00:00:00+00:00,1745798400000,2.563e-05
2025-04-28 04:00:00+00:00,2025-04-28 00:00:00+00:00,1745798400000,2.563e-05
2025-04-28 08:00:00+00:00,2025-04-28 08:00:00+00:00,1745827200000,3.88e-06
2025-04-28 12:00:00+00:00,2025-04-28 08:00:00+00:00,1745827200000,3.88e-06
2025-04-28 16:00:00+00:00,2025-04-28 16:00:00+00:00,1745856000000,4.031e-05
2025-04-28 20:00:00+00:00,2025-04-28 16:00:00+00:00,1745856000000,4.031e-05
2025-04-29 00:00:00+00:00,2025-04-29 00:00:00+00:00,1745884800000,8.307e-05
2025-04-29 04:00:00+00:00,2025-04-29 00:00:00+00:00,1745884800000,8.307e-05
2025-04-29 08:00:00+00:00,2025-04-29 08:00:00+00:00,1745913600000,0.0001
2025-04-29 12:00:00+00:00,2025-04-29 08:00:00+00:00,1745913600000,0.0001
2025-04-29 16:00:00+00:00,2025-04-29 16:00:00+00:00,1745942400000,0.0001
2025-04-29 20:00:00+00:00,2025-04-29 16:00:00+00:00,1745942400000,0.0001
2025-04-30 00:00:00+00:00,2025-04-30 00:00:00+00:00,1745971200000,0.0001
2025-04-30 04:00:00+00:00,2025-04-30 00:00:00+00:00,1745971200000,0.0001
2025-04-30 08:00:00+00:00,2025-04-30 08:00:00+00:00,1746000000000,4.44e-06
2025-04-30 12:00:00+00:00,2025-04-30 08:00:00+00:00,1746000000000,4.44e-06
2025-04-30 16:00:00+00:00,2025-04-30 16:00:00+00:00,1746028800000,5.245e-05
2025-04-30 20:00:00+00:00,2025-04-30 16:00:00+00:00,1746028800000,5.245e-05
2025-05-01 00:00:00+00:00,2025-05-01 00:00:00+00:00,1746057600000,0.0001
2025-05-01 04:00:00+00:00,2025-05-01 00:00:00+00:00,1746057600000,0.0001
2025-05-01 08:00:00+00:00,2025-05-01 08:00:00+00:00,1746086400000,8.933e-05
2025-05-01 12:00:00+00:00,2025-05-01 08:00:00+00:00,1746086400000,8.933e-05
2025-05-01 16:00:00+00:00,2025-05-01 16:00:00+00:00,1746115200000,0.0001
2025-05-01 20:00:00+00:00,2025-05-01 16:00:00+00:00,1746115200000,0.0001
2025-05-02 00:00:00+00:00,2025-05-02 00:00:00+00:00,1746144000000,3.836e-05
2025-05-02 04:00:00+00:00,2025-05-02 00:00:00+00:00,1746144000000,3.836e-05
2025-05-02 08:00:00+00:00,2025-05-02 08:00:00+00:00,1746172800000,3.925e-05
2025-05-02 12:00:00+00:00,2025-05-02 08:00:00+00:00,1746172800000,3.925e-05
2025-05-02 16:00:00+00:00,2025-05-02 16:00:00+00:00,1746201600000,1.713e-05
2025-05-02 20:00:00+00:00,2025-05-02 16:00:00+00:00,1746201600000,1.713e-05
2025-05-03 00:00:00+00:00,2025-05-03 00:00:00+00:00,1746230400000,0.0001
2025-05-03 04:00:00+00:00,2025-05-03 00:00:00+00:00,1746230400000,0.0001
2025-05-03 08:00:00+00:00,2025-05-03 08:00:00+00:00,1746259200000,0.0001
2025-05-03 12:00:00+00:00,2025-05-03 08:00:00+00:00,1746259200000,0.0001
2025-05-03 16:00:00+00:00,2025-05-03 16:00:00+00:00,1746288000000,9.522e-05
2025-05-03 20:00:00+00:00,2025-05-03 16:00:00+00:00,1746288000000,9.522e-05
2025-05-04 00:00:00+00:00,2025-05-04 00:00:00+00:00,1746316800000,0.0001
2025-05-04 04:00:00+00:00,2025-05-04 00:00:00+00:00,1746316800000,0.0001
2025-05-04 08:00:00+00:00,2025-05-04 08:00:00+00:00,1746345600000,0.0001
2025-05-04 12:00:00+00:00,2025-05-04 08:00:00+00:00,1746345600000,0.0001
2025-05-04 16:00:00+00:00,2025-05-04 16:00:00+00:00,1746374400000,0.0001
2025-05-04 20:00:00+00:00,2025-05-04 16:00:00+00:00,1746374400000,0.0001
2025-05-05 00:00:00+00:00,2025-05-05 00:00:00+00:00,1746403200000,2.589e-05
2025-05-05 04:00:00+00:00,2025-05-05 00:00:00+00:00,1746403200000,2.589e-05
2025-05-05 08:00:00+00:00,2025-05-05 08:00:00+00:00,1746432000000,-6.953e-05
2025-05-05 12:00:00+00:00,2025-05-05 08:00:00+00:00,1746432000000,-6.953e-05
2025-05-05 16:00:00+00:00,2025-05-05 16:00:00+00:00,1746460800000,0.0001
2025-05-05 20:00:00+00:00,2025-05-05 16:00:00+00:00,1746460800000,0.0001
2025-05-06 00:00:00+00:00,2025-05-06 00:00:00+00:00,1746489600000,3.562e-05
2025-05-06 04:00:00+00:00,2025-05-06 00:00:00+00:00,1746489600000,3.562e-05
2025-05-06 08:00:00+00:00,2025-05-06 08:00:00+00:00,1746518400000,0.0001
2025-05-06 12:00:00+00:00,2025-05-06 08:00:00+00:00,1746518400000,0.0001
2025-05-06 16:00:00+00:00,2025-05-06 16:00:00+00:00,1746547200000,0.0001
2025-05-06 20:00:00+00:00,2025-05-06 16:00:00+00:00,1746547200000,0.0001
2025-05-07 00:00:00+00:00,2025-05-07 00:00:00+00:00,1746576000000,0.0001
2025-05-07 04:00:00+00:00,2025-05-07 00:00:00+00:00,1746576000000,0.0001
2025-05-07 08:00:00+00:00,2025-05-07 08:00:00+00:00,1746604800000,-6.93e-06
2025-05-07 12:00:00+00:00,2025-05-07 08:00:00+00:00,1746604800000,-6.93e-06
2025-05-07 16:00:00+00:00,2025-05-07 16:00:00+00:00,1746633600000,-5.069e-05
2025-05-07 20:00:00+00:00,2025-05-07 16:00:00+00:00,1746633600000,-5.069e-05
2025-05-08 00:00:00+00:00,2025-05-08 00:00:00+00:00,1746662400000,8.122e-05
2025-05-08 04:00:00+00:00,2025-05-08 00:00:00+00:00,1746662400000,8.122e-05
2025-05-08 08:00:00+00:00,2025-05-08 08:00:00+00:00,1746691200000,6.846e-05
2025-05-08 12:00:00+00:00,2025-05-08 08:00:00+00:00,1746691200000,6.846e-05
2025-05-08 16:00:00+00:00,2025-05-08 16:00:00+00:00,1746720000000,0.0001
2025-05-08 20:00:00+00:00,2025-05-08 16:00:00+00:00,1746720000000,0.0001
2025-05-09 00:00:00+00:00,2025-05-09 00:00:00+00:00,1746748800000,0.0001
2025-05-09 04:00:00+00:00,2025-05-09 00:00:00+00:00,1746748800000,0.0001
2025-05-09 08:00:00+00:00,2025-05-09 08:00:00+00:00,1746777600000,0.0001
2025-05-09 12:00:00+00:00,2025-05-09 08:00:00+00:00,1746777600000,0.0001
2025-05-09 16:00:00+00:00,2025-05-09 16:00:00+00:00,1746806400000,0.0001
2025-05-09 20:00:00+00:00,2025-05-09 16:00:00+00:00,1746806400000,0.0001
2025-05-10 00:00:00+00:00,2025-05-10 00:00:00+00:00,1746835200000,0.0001
2025-05-10 04:00:00+00:00,2025-05-10 00:00:00+00:00,1746835200000,0.0001
2025-05-10 08:00:00+00:00,2025-05-10 08:00:00+00:00,1746864000000,0.0001
2025-05-10 12:00:00+00:00,2025-05-10 08:00:00+00:00,1746864000000,0.0001
2025-05-10 16:00:00+00:00,2025-05-10 16:00:00+00:00,1746892800000,0.0001
2025-05-10 20:00:00+00:00,2025-05-10 16:00:00+00:00,1746892800000,0.0001
2025-05-11 00:00:00+00:00,2025-05-11 00:00:00+00:00,1746921600000,0.0001
2025-05-11 04:00:00+00:00,2025-05-11 00:00:00+00:00,1746921600000,0.0001
2025-05-11 08:00:00+00:00,2025-05-11 08:00:00+00:00,1746950400000,0.0001
2025-05-11 12:00:00+00:00,2025-05-11 08:00:00+00:00,1746950400000,0.0001
2025-05-11 16:00:00+00:00,2025-05-11 16:00:00+00:00,1746979200000,0.0001
2025-05-11 20:00:00+00:00,2025-05-11 16:00:00+00:00,1746979200000,0.0001
2025-05-12 00:00:00+00:00,2025-05-12 00:00:00+00:00,1747008000000,0.0001
2025-05-12 04:00:00+00:00,2025-05-12 00:00:00+00:00,1747008000000,0.0001
2025-05-12 08:00:00+00:00,2025-05-12 08:00:00+00:00,1747036800000,0.0001
2025-05-12 12:00:00+00:00,2025-05-12 08:00:00+00:00,1747036800000,0.0001
2025-05-12 16:00:00+00:00,2025-05-12 16:00:00+00:00,1747065600000,0.0001
2025-05-12 20:00:00+00:00,2025-05-12 16:00:00+00:00,1747065600000,0.0001
2025-05-13 00:00:00+00:00,2025-05-13 00:00:00+00:00,1747094400000,0.0001
2025-05-13 04:00:00+00:00,2025-05-13 00:00:00+00:00,1747094400000,0.0001
2025-05-13 08:00:00+00:00,2025-05-13 08:00:00+00:00,1747123200000,0.0001
2025-05-13 12:00:00+00:00,2025-05-13 08:00:00+00:00,1747123200000,0.0001
2025-05-13 16:00:00+00:00,2025-05-13 16:00:00+00:00,1747152000000,0.0001
2025-05-13 20:00:00+00:00,2025-05-13 16:00:00+00:00,1747152000000,0.0001
2025-05-14 00:00:00+00:00,2025-05-14 00:00:00+00:00,1747180800000,0.0001
2025-05-14 04:00:00+00:00,2025-05-14 00:00:00+00:00,1747180800000,0.0001
2025-05-14 08:00:00+00:00,2025-05-14 08:00:00+00:00,1747209600000,0.0001
2025-05-14 12:00:00+00:00,2025-05-14 08:00:00+00:00,1747209600000,0.0001
2025-05-14 16:00:00+00:00,2025-05-14 16:00:00+00:00,1747238400000,0.0001
2025-05-14 20:00:00+00:00,2025-05-14 16:00:00+00:00,1747238400000,0.0001
2025-05-15 00:00:00+00:00,2025-05-15 00:00:00+00:00,1747267200000,0.0001
2025-05-15 04:00:00+00:00,2025-05-15 00:00:00+00:00,1747267200000,0.0001
2025-05-15 08:00:00+00:00,2025-05-15 08:00:00+00:00,1747296000000,0.0001
2025-05-15 12:00:00+00:00,2025-05-15 08:00:00+00:00,1747296000000,0.0001
2025-05-15 16:00:00+00:00,2025-05-15 16:00:00+00:00,1747324800000,0.0001
2025-05-15 20:00:00+00:00,2025-05-15 16:00:00+00:00,1747324800000,0.0001
2025-05-16 00:00:00+00:00,2025-05-16 00:00:00+00:00,1747353600000,-2.591e-05
2025-05-16 04:00:00+00:00,2025-05-16 00:00:00+00:00,1747353600000,-2.591e-05
2025-05-16 08:00:00+00:00,2025-05-16 08:00:00+00:00,1747382400000,0.0001
2025-05-16 12:00:00+00:00,2025-05-16 08:00:00+00:00,1747382400000,0.0001
2025-05-16 16:00:00+00:00,2025-05-16 16:00:00+00:00,1747411200000,0.0001
2025-05-16 20:00:00+00:00,2025-05-16 16:00:00+00:00,1747411200000,0.0001
2025-05-17 00:00:00+00:00,2025-05-17 00:00:00+00:00,1747440000000,7.117e-05
2025-05-17 04:00:00+00:00,2025-05-17 00:00:00+00:00,1747440000000,7.117e-05
2025-05-17 08:00:00+00:00,2025-05-17 08:00:00+00:00,1747468800000,1.693e-05
2025-05-17 12:00:00+00:00,2025-05-17 08:00:00+00:00,1747468800000,1.693e-05
2025-05-17 16:00:00+00:00,2025-05-17 16:00:00+00:00,1747497600000,7.317e-05
2025-05-17 20:00:00+00:00,2025-05-17 16:00:00+00:00,1747497600000,7.317e-05
2025-05-18 00:00:00+00:00,2025-05-18 00:00:00+00:00,1747526400000,0.0001
2025-05-18 04:00:00+00:00,2025-05-18 00:00:00+00:00,1747526400000,0.0001
2025-05-18 08:00:00+00:00,2025-05-18 08:00:00+00:00,1747555200000,8.017e-05
2025-05-18 12:00:00+00:00,2025-05-18 08:00:00+00:00,1747555200000,8.017e-05
2025-05-18 16:00:00+00:00,2025-05-18 16:00:00+00:00,1747584000000,0.0001
2025-05-18 20:00:00+00:00,2025-05-18 16:00:00+00:00,1747584000000,0.0001
2025-05-19 00:00:00+00:00,2025-05-19 00:00:00+00:00,1747612800000,4.99e-06
2025-05-19 04:00:00+00:00,2025-05-19 00:00:00+00:00,1747612800000,4.99e-06
2025-05-19 08:00:00+00:00,2025-05-19 08:00:00+00:00,1747641600000,7.85e-06
2025-05-19 12:00:00+00:00,2025-05-19 08:00:00+00:00,1747641600000,7.85e-06
2025-05-19 16:00:00+00:00,2025-05-19 16:00:00+00:00,1747670400000,-5.477e-05
2025-05-19 20:00:00+00:00,2025-05-19 16:00:00+00:00,1747670400000,-5.477e-05
2025-05-20 00:00:00+00:00,2025-05-20 00:00:00+00:00,1747699200000,0.0001
2025-05-20 04:00:00+00:00,2025-05-20 00:00:00+00:00,1747699200000,0.0001
2025-05-20 08:00:00+00:00,2025-05-20 08:00:00+00:00,1747728000000,7.647e-05
2025-05-20 12:00:00+00:00,2025-05-20 08:00:00+00:00,1747728000000,7.647e-05
2025-05-20 16:00:00+00:00,2025-05-20 16:00:00+00:00,1747756800000,-6.401e-05
2025-05-20 20:00:00+00:00,2025-05-20 16:00:00+00:00,1747756800000,-6.401e-05
2025-05-21 00:00:00+00:00,2025-05-21 00:00:00+00:00,1747785600000,0.0001
2025-05-21 04:00:00+00:00,2025-05-21 00:00:00+00:00,1747785600000,0.0001
2025-05-21 08:00:00+00:00,2025-05-21 08:00:00+00:00,1747814400000,0.0001
2025-05-21 12:00:00+00:00,2025-05-21 08:00:00+00:00,1747814400000,0.0001
2025-05-21 16:00:00+00:00,2025-05-21 16:00:00+00:00,1747843200000,0.0001
2025-05-21 20:00:00+00:00,2025-05-21 16:00:00+00:00,1747843200000,0.0001
2025-05-22 00:00:00+00:00,2025-05-22 00:00:00+00:00,1747872000000,5.465e-05
2025-05-22 04:00:00+00:00,2025-05-22 00:00:00+00:00,1747872000000,5.465e-05
2025-05-22 08:00:00+00:00,2025-05-22 08:00:00+00:00,1747900800000,0.0001
2025-05-22 12:00:00+00:00,2025-05-22 08:00:00+00:00,1747900800000,0.0001
2025-05-22 16:00:00+00:00,2025-05-22 16:00:00+00:00,1747929600000,0.0001
2025-05-22 20:00:00+00:00,2025-05-22 16:00:00+00:00,1747929600000,0.0001
2025-05-23 00:00:00+00:00,2025-05-23 00:00:00+00:00,1747958400000,0.0001
2025-05-23 04:00:00+00:00,2025-05-23 00:00:00+00:00,1747958400000,0.0001
2025-05-23 08:00:00+00:00,2025-05-23 08:00:00+00:00,1747987200000,0.0001
2025-05-23 12:00:00+00:00,2025-05-23 08:00:00+00:00,1747987200000,0.0001
2025-05-23 16:00:00+00:00,2025-05-23 16:00:00+00:00,1748016000000,0.0001
2025-05-23 20:00:00+00:00,2025-05-23 16:00:00+00:00,1748016000000,0.0001
2025-05-24 00:00:00+00:00,2025-05-24 00:00:00+00:00,1748044800000,0.0001
2025-05-24 04:00:00+00:00,2025-05-24 00:00:00+00:00,1748044800000,0.0001
2025-05-24 08:00:00+00:00,2025-05-24 08:00:00+00:00,1748073600000,3.496e-05
2025-05-24 12:00:00+00:00,2025-05-24 08:00:00+00:00,1748073600000,3.496e-05
2025-05-24 16:00:00+00:00,2025-05-24 16:00:00+00:00,1748102400000,6.135e-05
2025-05-24 20:00:00+00:00,2025-05-24 16:00:00+00:00,1748102400000,6.135e-05
2025-05-25 00:00:00+00:00,2025-05-25 00:00:00+00:00,1748131200000,0.0001
2025-05-25 04:00:00+00:00,2025-05-25 00:00:00+00:00,1748131200000,0.0001
2025-05-25 08:00:00+00:00,2025-05-25 08:00:00+00:00,1748160000000,0.0001
2025-05-25 12:00:00+00:00,2025-05-25 08:00:00+00:00,1748160000000,0.0001
2025-05-25 16:00:00+00:00,2025-05-25 16:00:00+00:00,1748188800000,0.0001
2025-05-25 20:00:00+00:00,2025-05-25 16:00:00+00:00,1748188800000,0.0001
2025-05-26 00:00:00+00:00,2025-05-26 00:00:00+00:00,1748217600000,5.683e-05
2025-05-26 04:00:00+00:00,2025-05-26 00:00:00+00:00,1748217600000,5.683e-05
2025-05-26 08:00:00+00:00,2025-05-26 08:00:00+00:00,1748246400000,0.0001
2025-05-26 12:00:00+00:00,2025-05-26 08:00:00+00:00,1748246400000,0.0001
2025-05-26 16:00:00+00:00,2025-05-26 16:00:00+00:00,1748275200000,0.0001
2025-05-26 20:00:00+00:00,2025-05-26 16:00:00+00:00,1748275200000,0.0001
2025-05-27 00:00:00+00:00,2025-05-27 00:00:00+00:00,1748304000000,0.0001
2025-05-27 04:00:00+00:00,2025-05-27 00:00:00+00:00,1748304000000,0.0001
2025-05-27 08:00:00+00:00,2025-05-27 08:00:00+00:00,1748332800000,0.0001
2025-05-27 12:00:00+00:00,2025-05-27 08:00:00+00:00,1748332800000,0.0001
2025-05-27 16:00:00+00:00,2025-05-27 16:00:00+00:00,1748361600000,0.0001
2025-05-27 20:00:00+00:00,2025-05-27 16:00:00+00:00,1748361600000,0.0001
2025-05-28 00:00:00+00:00,2025-05-28 00:00:00+00:00,1748390400000,0.0001
2025-05-28 04:00:00+00:00,2025-05-28 00:00:00+00:00,1748390400000,0.0001
2025-05-28 08:00:00+00:00,2025-05-28 08:00:00+00:00,1748419200000,0.0001
2025-05-28 12:00:00+00:00,2025-05-28 08:00:00+00:00,1748419200000,0.0001
2025-05-28 16:00:00+00:00,2025-05-28 16:00:00+00:00,1748448000000,0.0001
2025-05-28 20:00:00+00:00,2025-05-28 16:00:00+00:00,1748448000000,0.0001
2025-05-29 00:00:00+00:00,2025-05-29 00:00:00+00:00,1748476800000,0.0001
2025-05-29 04:00:00+00:00,2025-05-29 00:00:00+00:00,1748476800000,0.0001
2025-05-29 08:00:00+00:00,2025-05-29 08:00:00+00:00,1748505600000,0.0001
2025-05-29 12:00:00+00:00,2025-05-29 08:00:00+00:00,1748505600000,0.0001
2025-05-29 16:00:00+00:00,2025-05-29 16:00:00+00:00,1748534400000,0.0001
2025-05-29 20:00:00+00:00,2025-05-29 16:00:00+00:00,1748534400000,0.0001
2025-05-30 00:00:00+00:00,2025-05-30 00:00:00+00:00,1748563200000,0.0001
2025-05-30 04:00:00+00:00,2025-05-30 00:00:00+00:00,1748563200000,0.0001
2025-05-30 08:00:00+00:00,2025-05-30 08:00:00+00:00,1748592000000,-8.505e-05
2025-05-30 12:00:00+00:00,2025-05-30 08:00:00+00:00,1748592000000,-8.505e-05
2025-05-30 16:00:00+00:00,2025-05-30 16:00:00+00:00,1748620800000,9.036e-05
2025-05-30 20:00:00+00:00,2025-05-30 16:00:00+00:00,1748620800000,9.036e-05
2025-05-31 00:00:00+00:00,2025-05-31 00:00:00+00:00,1748649600000,6.176e-05
2025-05-31 04:00:00+00:00,2025-05-31 00:00:00+00:00,1748649600000,6.176e-05
2025-05-31 08:00:00+00:00,2025-05-31 08:00:00+00:00,1748678400000,4.773e-05
2025-05-31 12:00:00+00:00,2025-05-31 08:00:00+00:00,1748678400000,4.773e-05
2025-05-31 16:00:00+00:00,2025-05-31 16:00:00+00:00,1748707200000,-5.195e-05
2025-05-31 20:00:00+00:00,2025-05-31 16:00:00+00:00,1748707200000,-5.195e-05
2025-06-01 00:00:00+00:00,2025-06-01 00:00:00+00:00,1748736000000,6.06e-06
2025-06-01 04:00:00+00:00,2025-06-01 00:00:00+00:00,1748736000000,6.06e-06
2025-06-01 08:00:00+00:00,2025-06-01 08:00:00+00:00,1748764800000,2.846e-05
2025-06-01 12:00:00+00:00,2025-06-01 08:00:00+00:00,1748764800000,2.846e-05
2025-06-01 16:00:00+00:00,2025-06-01 16:00:00+00:00,1748793600000,0.0001
2025-06-01 20:00:00+00:00,2025-06-01 16:00:00+00:00,1748793600000,0.0001
2025-06-02 00:00:00+00:00,2025-06-02 00:00:00+00:00,1748822400000,0.0001
2025-06-02 04:00:00+00:00,2025-06-02 00:00:00+00:00,1748822400000,0.0001
2025-06-02 08:00:00+00:00,2025-06-02 08:00:00+00:00,1748851200000,8.492e-05
2025-06-02 12:00:00+00:00,2025-06-02 08:00:00+00:00,1748851200000,8.492e-05
2025-06-02 16:00:00+00:00,2025-06-02 16:00:00+00:00,1748880000000,0.0001
2025-06-02 20:00:00+00:00,2025-06-02 16:00:00+00:00,1748880000000,0.0001
2025-06-03 00:00:00+00:00,2025-06-03 00:00:00+00:00,1748908800000,0.0001
2025-06-03 04:00:00+00:00,2025-06-03 00:00:00+00:00,1748908800000,0.0001
2025-06-03 08:00:00+00:00,2025-06-03 08:00:00+00:00,1748937600000,0.0001
2025-06-03 12:00:00+00:00,2025-06-03 08:00:00+00:00,1748937600000,0.0001
2025-06-03 16:00:00+00:00,2025-06-03 16:00:00+00:00,1748966400000,0.0001
2025-06-03 20:00:00+00:00,2025-06-03 16:00:00+00:00,1748966400000,0.0001
2025-06-04 00:00:00+00:00,2025-06-04 00:00:00+00:00,1748995200000,0.0001
2025-06-04 04:00:00+00:00,2025-06-04 00:00:00+00:00,1748995200000,0.0001
2025-06-04 08:00:00+00:00,2025-06-04 08:00:00+00:00,1749024000000,0.0001
2025-06-04 12:00:00+00:00,2025-06-04 08:00:00+00:00,1749024000000,0.0001
2025-06-04 16:00:00+00:00,2025-06-04 16:00:00+00:00,1749052800000,0.0001
2025-06-04 20:00:00+00:00,2025-06-04 16:00:00+00:00,1749052800000,0.0001
2025-06-05 00:00:00+00:00,2025-06-05 00:00:00+00:00,1749081600000,5.869e-05
2025-06-05 04:00:00+00:00,2025-06-05 00:00:00+00:00,1749081600000,5.869e-05
2025-06-05 08:00:00+00:00,2025-06-05 08:00:00+00:00,1749110400000,5.815e-05
2025-06-05 12:00:00+00:00,2025-06-05 08:00:00+00:00,1749110400000,5.815e-05
2025-06-05 16:00:00+00:00,2025-06-05 16:00:00+00:00,1749139200000,5.795e-05
2025-06-05 20:00:00+00:00,2025-06-05 16:00:00+00:00,1749139200000,5.795e-05
2025-06-06 00:00:00+00:00,2025-06-06 00:00:00+00:00,1749168000000,-3.524e-05
2025-06-06 04:00:00+00:00,2025-06-06 00:00:00+00:00,1749168000000,-3.524e-05
2025-06-06 08:00:00+00:00,2025-06-06 08:00:00+00:00,1749196800000,-0.00016919
2025-06-06 12:00:00+00:00,2025-06-06 08:00:00+00:00,1749196800000,-0.00016919
2025-06-06 16:00:00+00:00,2025-06-06 16:00:00+00:00,1749225600000,-0.00020561
2025-06-06 20:00:00+00:00,2025-06-06 16:00:00+00:00,1749225600000,-0.00020561
2025-06-07 00:00:00+00:00,2025-06-07 00:00:00+00:00,1749254400000,1.051e-05
2025-06-07 04:00:00+00:00,2025-06-07 00:00:00+00:00,1749254400000,1.051e-05
2025-06-07 08:00:00+00:00,2025-06-07 08:00:00+00:00,1749283200000,9.238e-05
2025-06-07 12:00:00+00:00,2025-06-07 08:00:00+00:00,1749283200000,9.238e-05
2025-06-07 16:00:00+00:00,2025-06-07 16:00:00+00:00,1749312000000,-1.27e-05
2025-06-07 20:00:00+00:00,2025-06-07 16:00:00+00:00,1749312000000,-1.27e-05
2025-06-08 00:00:00+00:00,2025-06-08 00:00:00+00:00,1749340800000,6.024e-05
2025-06-08 04:00:00+00:00,2025-06-08 00:00:00+00:00,1749340800000,6.024e-05
2025-06-08 08:00:00+00:00,2025-06-08 08:00:00+00:00,1749369600000,0.0001
2025-06-08 12:00:00+00:00,2025-06-08 08:00:00+00:00,1749369600000,0.0001
2025-06-08 16:00:00+00:00,2025-06-08 16:00:00+00:00,1749398400000,0.0001
2025-06-08 20:00:00+00:00,2025-06-08 16:00:00+00:00,1749398400000,0.0001
2025-06-09 00:00:00+00:00,2025-06-09 00:00:00+00:00,1749427200000,0.0001
2025-06-09 04:00:00+00:00,2025-06-09 00:00:00+00:00,1749427200000,0.0001
2025-06-09 08:00:00+00:00,2025-06-09 08:00:00+00:00,1749456000000,0.0001
2025-06-09 12:00:00+00:00,2025-06-09 08:00:00+00:00,1749456000000,0.0001
2025-06-09 16:00:00+00:00,2025-06-09 16:00:00+00:00,1749484800000,0.0001
2025-06-09 20:00:00+00:00,2025-06-09 16:00:00+00:00,1749484800000,0.0001
2025-06-10 00:00:00+00:00,2025-06-10 00:00:00+00:00,1749513600000,0.0001
2025-06-10 04:00:00+00:00,2025-06-10 00:00:00+00:00,1749513600000,0.0001
2025-06-10 08:00:00+00:00,2025-06-10 08:00:00+00:00,1749542400000,0.0001
2025-06-10 12:00:00+00:00,2025-06-10 08:00:00+00:00,1749542400000,0.0001
2025-06-10 16:00:00+00:00,2025-06-10 16:00:00+00:00,1749571200000,0.0001
2025-06-10 20:00:00+00:00,2025-06-10 16:00:00+00:00,1749571200000,0.0001
2025-06-11 00:00:00+00:00,2025-06-11 00:00:00+00:00,1749600000000,0.0001
2025-06-11 04:00:00+00:00,2025-06-11 00:00:00+00:00,1749600000000,0.0001
2025-06-11 08:00:00+00:00,2025-06-11 08:00:00+00:00,1749628800000,0.0001
2025-06-11 12:00:00+00:00,2025-06-11 08:00:00+00:00,1749628800000,0.0001
2025-06-11 16:00:00+00:00,2025-06-11 16:00:00+00:00,1749657600000,0.0001
2025-06-11 20:00:00+00:00,2025-06-11 16:00:00+00:00,1749657600000,0.0001
2025-06-12 00:00:00+00:00,2025-06-12 00:00:00+00:00,1749686400000,3.467e-05
2025-06-12 04:00:00+00:00,2025-06-12 00:00:00+00:00,1749686400000,3.467e-05
2025-06-12 08:00:00+00:00,2025-06-12 08:00:00+00:00,1749715200000,7.65e-05
2025-06-12 12:00:00+00:00,2025-06-12 08:00:00+00:00,1749715200000,7.65e-05
2025-06-12 16:00:00+00:00,2025-06-12 16:00:00+00:00,1749744000000,0.0001
2025-06-12 20:00:00+00:00,2025-06-12 16:00:00+00:00,1749744000000,0.0001
2025-06-13 00:00:00+00:00,2025-06-13 00:00:00+00:00,1749772800000,1.026e-05
2025-06-13 04:00:00+00:00,2025-06-13 00:00:00+00:00,1749772800000,1.026e-05
2025-06-13 08:00:00+00:00,2025-06-13 08:00:00+00:00,1749801600000,-0.00012419
2025-06-13 12:00:00+00:00,2025-06-13 08:00:00+00:00,1749801600000,-0.00012419
2025-06-13 16:00:00+00:00,2025-06-13 16:00:00+00:00,1749830400000,-1.2e-06
2025-06-13 20:00:00+00:00,2025-06-13 16:00:00+00:00,1749830400000,-1.2e-06
2025-06-14 00:00:00+00:00,2025-06-14 00:00:00+00:00,1749859200000,1.742e-05
2025-06-14 04:00:00+00:00,2025-06-14 00:00:00+00:00,1749859200000,1.742e-05
2025-06-14 08:00:00+00:00,2025-06-14 08:00:00+00:00,1749888000000,0.0001
2025-06-14 12:00:00+00:00,2025-06-14 08:00:00+00:00,1749888000000,0.0001
2025-06-14 16:00:00+00:00,2025-06-14 16:00:00+00:00,1749916800000,0.0001
2025-06-14 20:00:00+00:00,2025-06-14 16:00:00+00:00,1749916800000,0.0001
2025-06-15 00:00:00+00:00,2025-06-15 00:00:00+00:00,1749945600000,9.856e-05
2025-06-15 04:00:00+00:00,2025-06-15 00:00:00+00:00,1749945600000,9.856e-05
2025-06-15 08:00:00+00:00,2025-06-15 08:00:00+00:00,1749974400000,-1.145e-05
2025-06-15 12:00:00+00:00,2025-06-15 08:00:00+00:00,1749974400000,-1.145e-05
2025-06-15 16:00:00+00:00,2025-06-15 16:00:00+00:00,1750003200000,-2.139e-05
2025-06-15 20:00:00+00:00,2025-06-15 16:00:00+00:00,1750003200000,-2.139e-05
2025-06-16 00:00:00+00:00,2025-06-16 00:00:00+00:00,1750032000000,-7.202e-05
2025-06-16 04:00:00+00:00,2025-06-16 00:00:00+00:00,1750032000000,-7.202e-05
2025-06-16 08:00:00+00:00,2025-06-16 08:00:00+00:00,1750060800000,0.0001
2025-06-16 12:00:00+00:00,2025-06-16 08:00:00+00:00,1750060800000,0.0001
2025-06-16 16:00:00+00:00,2025-06-16 16:00:00+00:00,1750089600000,0.0001
2025-06-16 20:00:00+00:00,2025-06-16 16:00:00+00:00,1750089600000,0.0001
2025-06-17 00:00:00+00:00,2025-06-17 00:00:00+00:00,1750118400000,0.0001
2025-06-17 04:00:00+00:00,2025-06-17 00:00:00+00:00,1750118400000,0.0001
2025-06-17 08:00:00+00:00,2025-06-17 08:00:00+00:00,1750147200000,0.0001
2025-06-17 12:00:00+00:00,2025-06-17 08:00:00+00:00,1750147200000,0.0001
2025-06-17 16:00:00+00:00,2025-06-17 16:00:00+00:00,1750176000000,0.0001
2025-06-17 20:00:00+00:00,2025-06-17 16:00:00+00:00,1750176000000,0.0001
2025-06-18 00:00:00+00:00,2025-06-18 00:00:00+00:00,1750204800000,6.763e-05
2025-06-18 04:00:00+00:00,2025-06-18 00:00:00+00:00,1750204800000,6.763e-05
2025-06-18 08:00:00+00:00,2025-06-18 08:00:00+00:00,1750233600000,3.305e-05
2025-06-18 12:00:00+00:00,2025-06-18 08:00:00+00:00,1750233600000,3.305e-05
2025-06-18 16:00:00+00:00,2025-06-18 16:00:00+00:00,1750262400000,0.0001
2025-06-18 20:00:00+00:00,2025-06-18 16:00:00+00:00,1750262400000,0.0001
2025-06-19 00:00:00+00:00,2025-06-19 00:00:00+00:00,1750291200000,0.0001
2025-06-19 04:00:00+00:00,2025-06-19 00:00:00+00:00,1750291200000,0.0001
2025-06-19 08:00:00+00:00,2025-06-19 08:00:00+00:00,1750320000000,0.0001
2025-06-19 12:00:00+00:00,2025-06-19 08:00:00+00:00,1750320000000,0.0001
2025-06-19 16:00:00+00:00,2025-06-19 16:00:00+00:00,1750348800000,0.0001
2025-06-19 20:00:00+00:00,2025-06-19 16:00:00+00:00,1750348800000,0.0001
2025-06-20 00:00:00+00:00,2025-06-20 00:00:00+00:00,1750377600000,0.0001
2025-06-20 04:00:00+00:00,2025-06-20 00:00:00+00:00,1750377600000,0.0001
2025-06-20 08:00:00+00:00,2025-06-20 08:00:00+00:00,1750406400000,0.0001
2025-06-20 12:00:00+00:00,2025-06-20 08:00:00+00:00,1750406400000,0.0001
2025-06-20 16:00:00+00:00,2025-06-20 16:00:00+00:00,1750435200000,6.364e-05
2025-06-20 20:00:00+00:00,2025-06-20 16:00:00+00:00,1750435200000,6.364e-05
2025-06-21 00:00:00+00:00,2025-06-21 00:00:00+00:00,1750464000000,-3.428e-05
2025-06-21 04:00:00+00:00,2025-06-21 00:00:00+00:00,1750464000000,-3.428e-05
2025-06-21 08:00:00+00:00,2025-06-21 08:00:00+00:00,1750492800000,-4.135e-05
2025-06-21 12:00:00+00:00,2025-06-21 08:00:00+00:00,1750492800000,-4.135e-05
2025-06-21 16:00:00+00:00,2025-06-21 16:00:00+00:00,1750521600000,1.482e-05
2025-06-21 20:00:00+00:00,2025-06-21 16:00:00+00:00,1750521600000,1.482e-05
2025-06-22 00:00:00+00:00,2025-06-22 00:00:00+00:00,1750550400000,1.963e-05
2025-06-22 04:00:00+00:00,2025-06-22 00:00:00+00:00,1750550400000,1.963e-05
2025-06-22 08:00:00+00:00,2025-06-22 08:00:00+00:00,1750579200000,-5.178e-05
2025-06-22 12:00:00+00:00,2025-06-22 08:00:00+00:00,1750579200000,-5.178e-05
2025-06-22 16:00:00+00:00,2025-06-22 16:00:00+00:00,1750608000000,1.477e-05
2025-06-22 20:00:00+00:00,2025-06-22 16:00:00+00:00,1750608000000,1.477e-05
2025-06-23 00:00:00+00:00,2025-06-23 00:00:00+00:00,1750636800000,3.623e-05
2025-06-23 04:00:00+00:00,2025-06-23 00:00:00+00:00,1750636800000,3.623e-05
2025-06-23 08:00:00+00:00,2025-06-23 08:00:00+00:00,1750665600000,8.36e-06
2025-06-23 12:00:00+00:00,2025-06-23 08:00:00+00:00,1750665600000,8.36e-06
2025-06-23 16:00:00+00:00,2025-06-23 16:00:00+00:00,1750694400000,6.47e-06
2025-06-23 20:00:00+00:00,2025-06-23 16:00:00+00:00,1750694400000,6.47e-06
2025-06-24 00:00:00+00:00,2025-06-24 00:00:00+00:00,1750723200000,0.0001
2025-06-24 04:00:00+00:00,2025-06-24 00:00:00+00:00,1750723200000,0.0001
2025-06-24 08:00:00+00:00,2025-06-24 08:00:00+00:00,1750752000000,5.431e-05
2025-06-24 12:00:00+00:00,2025-06-24 08:00:00+00:00,1750752000000,5.431e-05
2025-06-24 16:00:00+00:00,2025-06-24 16:00:00+00:00,1750780800000,1.962e-05
2025-06-24 20:00:00+00:00,2025-06-24 16:00:00+00:00,1750780800000,1.962e-05
2025-06-25 00:00:00+00:00,2025-06-25 00:00:00+00:00,1750809600000,4.582e-05
2025-06-25 04:00:00+00:00,2025-06-25 00:00:00+00:00,1750809600000,4.582e-05
2025-06-25 08:00:00+00:00,2025-06-25 08:00:00+00:00,1750838400000,0.0001
2025-06-25 12:00:00+00:00,2025-06-25 08:00:00+00:00,1750838400000,0.0001
2025-06-25 16:00:00+00:00,2025-06-25 16:00:00+00:00,1750867200000,1.865e-05
2025-06-25 20:00:00+00:00,2025-06-25 16:00:00+00:00,1750867200000,1.865e-05
2025-06-26 00:00:00+00:00,2025-06-26 00:00:00+00:00,1750896000000,-2.918e-05
2025-06-26 04:00:00+00:00,2025-06-26 00:00:00+00:00,1750896000000,-2.918e-05
2025-06-26 08:00:00+00:00,2025-06-26 08:00:00+00:00,1750924800000,-9.942e-05
2025-06-26 12:00:00+00:00,2025-06-26 08:00:00+00:00,1750924800000,-9.942e-05
2025-06-26 16:00:00+00:00,2025-06-26 16:00:00+00:00,1750953600000,7.393e-05
2025-06-26 20:00:00+00:00,2025-06-26 16:00:00+00:00,1750953600000,7.393e-05
2025-06-27 00:00:00+00:00,2025-06-27 00:00:00+00:00,1750982400000,7.721e-05
2025-06-27 04:00:00+00:00,2025-06-27 00:00:00+00:00,1750982400000,7.721e-05
2025-06-27 08:00:00+00:00,2025-06-27 08:00:00+00:00,1751011200000,3.571e-05
2025-06-27 12:00:00+00:00,2025-06-27 08:00:00+00:00,1751011200000,3.571e-05
2025-06-27 16:00:00+00:00,2025-06-27 16:00:00+00:00,1751040000000,8.465e-05
2025-06-27 20:00:00+00:00,2025-06-27 16:00:00+00:00,1751040000000,8.465e-05
2025-06-28 00:00:00+00:00,2025-06-28 00:00:00+00:00,1751068800000,4.959e-05
2025-06-28 04:00:00+00:00,2025-06-28 00:00:00+00:00,1751068800000,4.959e-05
2025-06-28 08:00:00+00:00,2025-06-28 08:00:00+00:00,1751097600000,0.0001
2025-06-28 12:00:00+00:00,2025-06-28 08:00:00+00:00,1751097600000,0.0001
2025-06-28 16:00:00+00:00,2025-06-28 16:00:00+00:00,1751126400000,0.0001
2025-06-28 20:00:00+00:00,2025-06-28 16:00:00+00:00,1751126400000,0.0001
2025-06-29 00:00:00+00:00,2025-06-29 00:00:00+00:00,1751155200000,3.694e-05
2025-06-29 04:00:00+00:00,2025-06-29 00:00:00+00:00,1751155200000,3.694e-05
2025-06-29 08:00:00+00:00,2025-06-29 08:00:00+00:00,1751184000000,5.965e-05
2025-06-29 12:00:00+00:00,2025-06-29 08:00:00+00:00,1751184000000,5.965e-05
2025-06-29 16:00:00+00:00,2025-06-29 16:00:00+00:00,1751212800000,-6.485e-05
2025-06-29 20:00:00+00:00,2025-06-29 16:00:00+00:00,1751212800000,-6.485e-05
2025-06-30 00:00:00+00:00,2025-06-30 00:00:00+00:00,1751241600000,6.273e-05
2025-06-30 04:00:00+00:00,2025-06-30 00:00:00+00:00,1751241600000,6.273e-05
2025-06-30 08:00:00+00:00,2025-06-30 08:00:00+00:00,1751270400000,4.069e-05
2025-06-30 12:00:00+00:00,2025-06-30 08:00:00+00:00,1751270400000,4.069e-05
2025-06-30 16:00:00+00:00,2025-06-30 16:00:00+00:00,1751299200000,9.369e-05
2025-06-30 20:00:00+00:00,2025-06-30 16:00:00+00:00,1751299200000,9.369e-05
2025-07-01 00:00:00+00:00,2025-07-01 00:00:00+00:00,1751328000000,9.313e-05
2025-07-01 04:00:00+00:00,2025-07-01 00:00:00+00:00,1751328000000,9.313e-05
2025-07-01 08:00:00+00:00,2025-07-01 08:00:00+00:00,1751356800000,-9.496e-05
2025-07-01 12:00:00+00:00,2025-07-01 08:00:00+00:00,1751356800000,-9.496e-05
2025-07-01 16:00:00+00:00,2025-07-01 16:00:00+00:00,1751385600000,-5.313e-05
2025-07-01 20:00:00+00:00,2025-07-01 16:00:00+00:00,1751385600000,-5.313e-05
2025-07-02 00:00:00+00:00,2025-07-02 00:00:00+00:00,1751414400000,-1.218e-05
2025-07-02 04:00:00+00:00,2025-07-02 00:00:00+00:00,1751414400000,-1.218e-05
2025-07-02 08:00:00+00:00,2025-07-02 08:00:00+00:00,1751443200000,-5.78e-05
2025-07-02 12:00:00+00:00,2025-07-02 08:00:00+00:00,1751443200000,-5.78e-05
2025-07-02 16:00:00+00:00,2025-07-02 16:00:00+00:00,1751472000000,8.064e-05
2025-07-02 20:00:00+00:00,2025-07-02 16:00:00+00:00,1751472000000,8.064e-05
2025-07-03 00:00:00+00:00,2025-07-03 00:00:00+00:00,1751500800000,0.0001
2025-07-03 04:00:00+00:00,2025-07-03 00:00:00+00:00,1751500800000,0.0001
2025-07-03 08:00:00+00:00,2025-07-03 08:00:00+00:00,1751529600000,0.0001
2025-07-03 12:00:00+00:00,2025-07-03 08:00:00+00:00,1751529600000,0.0001
2025-07-03 16:00:00+00:00,2025-07-03 16:00:00+00:00,1751558400000,0.0001
2025-07-03 20:00:00+00:00,2025-07-03 16:00:00+00:00,1751558400000,0.0001
2025-07-04 00:00:00+00:00,2025-07-04 00:00:00+00:00,1751587200000,2.569e-05
2025-07-04 04:00:00+00:00,2025-07-04 00:00:00+00:00,1751587200000,2.569e-05
2025-07-04 08:00:00+00:00,2025-07-04 08:00:00+00:00,1751616000000,1.98e-06
2025-07-04 12:00:00+00:00,2025-07-04 08:00:00+00:00,1751616000000,1.98e-06
2025-07-04 16:00:00+00:00,2025-07-04 16:00:00+00:00,1751644800000,-6.842e-05
2025-07-04 20:00:00+00:00,2025-07-04 16:00:00+00:00,1751644800000,-6.842e-05
2025-07-05 00:00:00+00:00,2025-07-05 00:00:00+00:00,1751673600000,-4.909e-05
2025-07-05 04:00:00+00:00,2025-07-05 00:00:00+00:00,1751673600000,-4.909e-05
2025-07-05 08:00:00+00:00,2025-07-05 08:00:00+00:00,1751702400000,7.093e-05
2025-07-05 12:00:00+00:00,2025-07-05 08:00:00+00:00,1751702400000,7.093e-05
2025-07-05 16:00:00+00:00,2025-07-05 16:00:00+00:00,1751731200000,0.0001
2025-07-05 20:00:00+00:00,2025-07-05 16:00:00+00:00,1751731200000,0.0001
2025-07-06 00:00:00+00:00,2025-07-06 00:00:00+00:00,1751760000000,6.349e-05
2025-07-06 04:00:00+00:00,2025-07-06 00:00:00+00:00,1751760000000,6.349e-05
2025-07-06 08:00:00+00:00,2025-07-06 08:00:00+00:00,1751788800000,-5.192e-05
2025-07-06 12:00:00+00:00,2025-07-06 08:00:00+00:00,1751788800000,-5.192e-05
2025-07-06 16:00:00+00:00,2025-07-06 16:00:00+00:00,1751817600000,6.197e-05
2025-07-06 20:00:00+00:00,2025-07-06 16:00:00+00:00,1751817600000,6.197e-05
2025-07-07 00:00:00+00:00,2025-07-07 00:00:00+00:00,1751846400000,0.0001
2025-07-07 04:00:00+00:00,2025-07-07 00:00:00+00:00,1751846400000,0.0001
2025-07-07 08:00:00+00:00,2025-07-07 08:00:00+00:00,1751875200000,0.0001
2025-07-07 12:00:00+00:00,2025-07-07 08:00:00+00:00,1751875200000,0.0001
2025-07-07 16:00:00+00:00,2025-07-07 16:00:00+00:00,1751904000000,4.751e-05
2025-07-07 20:00:00+00:00,2025-07-07 16:00:00+00:00,1751904000000,4.751e-05
2025-07-08 00:00:00+00:00,2025-07-08 00:00:00+00:00,1751932800000,0.0001
2025-07-08 04:00:00+00:00,2025-07-08 00:00:00+00:00,1751932800000,0.0001
2025-07-08 08:00:00+00:00,2025-07-08 08:00:00+00:00,1751961600000,8.528e-05
2025-07-08 12:00:00+00:00,2025-07-08 08:00:00+00:00,1751961600000,8.528e-05
2025-07-08 16:00:00+00:00,2025-07-08 16:00:00+00:00,1751990400000,0.0001
2025-07-08 20:00:00+00:00,2025-07-08 16:00:00+00:00,1751990400000,0.0001
2025-07-09 00:00:00+00:00,2025-07-09 00:00:00+00:00,1752019200000,0.0001
2025-07-09 04:00:00+00:00,2025-07-09 00:00:00+00:00,1752019200000,0.0001
2025-07-09 08:00:00+00:00,2025-07-09 08:00:00+00:00,1752048000000,0.0001
2025-07-09 12:00:00+00:00,2025-07-09 08:00:00+00:00,1752048000000,0.0001
2025-07-09 16:00:00+00:00,2025-07-09 16:00:00+00:00,1752076800000,0.0001
2025-07-09 20:00:00+00:00,2025-07-09 16:00:00+00:00,1752076800000,0.0001
2025-07-10 00:00:00+00:00,2025-07-10 00:00:00+00:00,1752105600000,0.0001
2025-07-10 04:00:00+00:00,2025-07-10 00:00:00+00:00,1752105600000,0.0001
2025-07-10 08:00:00+00:00,2025-07-10 08:00:00+00:00,1752134400000,0.0001
2025-07-10 12:00:00+00:00,2025-07-10 08:00:00+00:00,1752134400000,0.0001
2025-07-10 16:00:00+00:00,2025-07-10 16:00:00+00:00,1752163200000,0.0001
2025-07-10 20:00:00+00:00,2025-07-10 16:00:00+00:00,1752163200000,0.0001
2025-07-11 00:00:00+00:00,2025-07-11 00:00:00+00:00,1752192000000,0.0001
2025-07-11 04:00:00+00:00,2025-07-11 00:00:00+00:00,1752192000000,0.0001
2025-07-11 08:00:00+00:00,2025-07-11 08:00:00+00:00,1752220800000,0.0001
2025-07-11 12:00:00+00:00,2025-07-11 08:00:00+00:00,1752220800000,0.0001
2025-07-11 16:00:00+00:00,2025-07-11 16:00:00+00:00,1752249600000,0.0001
2025-07-11 20:00:00+00:00,2025-07-11 16:00:00+00:00,1752249600000,0.0001
2025-07-12 00:00:00+00:00,2025-07-12 00:00:00+00:00,1752278400000,0.0001
2025-07-12 04:00:00+00:00,2025-07-12 00:00:00+00:00,1752278400000,0.0001
2025-07-12 08:00:00+00:00,2025-07-12 08:00:00+00:00,1752307200000,0.0001
2025-07-12 12:00:00+00:00,2025-07-12 08:00:00+00:00,1752307200000,0.0001
2025-07-12 16:00:00+00:00,2025-07-12 16:00:00+00:00,1752336000000,0.0001
2025-07-12 20:00:00+00:00,2025-07-12 16:00:00+00:00,1752336000000,0.0001
2025-07-13 00:00:00+00:00,2025-07-13 00:00:00+00:00,1752364800000,0.0001
2025-07-13 04:00:00+00:00,2025-07-13 00:00:00+00:00,1752364800000,0.0001
2025-07-13 08:00:00+00:00,2025-07-13 08:00:00+00:00,1752393600000,0.0001
2025-07-13 12:00:00+00:00,2025-07-13 08:00:00+00:00,1752393600000,0.0001
2025-07-13 16:00:00+00:00,2025-07-13 16:00:00+00:00,1752422400000,0.0001
2025-07-13 20:00:00+00:00,2025-07-13 16:00:00+00:00,1752422400000,0.0001
2025-07-14 00:00:00+00:00,2025-07-14 00:00:00+00:00,1752451200000,0.0001
2025-07-14 04:00:00+00:00,2025-07-14 00:00:00+00:00,1752451200000,0.0001
2025-07-14 08:00:00+00:00,2025-07-14 08:00:00+00:00,1752480000000,0.0001
2025-07-14 12:00:00+00:00,2025-07-14 08:00:00+00:00,1752480000000,0.0001
2025-07-14 16:00:00+00:00,2025-07-14 16:00:00+00:00,1752508800000,0.0001
2025-07-14 20:00:00+00:00,2025-07-14 16:00:00+00:00,1752508800000,0.0001
2025-07-15 00:00:00+00:00,2025-07-15 00:00:00+00:00,1752537600000,0.0001
2025-07-15 04:00:00+00:00,2025-07-15 00:00:00+00:00,1752537600000,0.0001
2025-07-15 08:00:00+00:00,2025-07-15 08:00:00+00:00,1752566400000,0.0001
2025-07-15 12:00:00+00:00,2025-07-15 08:00:00+00:00,1752566400000,0.0001
2025-07-15 16:00:00+00:00,2025-07-15 16:00:00+00:00,1752595200000,0.0001
2025-07-15 20:00:00+00:00,2025-07-15 16:00:00+00:00,1752595200000,0.0001
2025-07-16 00:00:00+00:00,2025-07-16 00:00:00+00:00,1752624000000,0.0001
2025-07-16 04:00:00+00:00,2025-07-16 00:00:00+00:00,1752624000000,0.0001
2025-07-16 08:00:00+00:00,2025-07-16 08:00:00+00:00,1752652800000,0.0001
2025-07-16 12:00:00+00:00,2025-07-16 08:00:00+00:00,1752652800000,0.0001
2025-07-16 16:00:00+00:00,2025-07-16 16:00:00+00:00,1752681600000,0.00012311
2025-07-16 20:00:00+00:00,2025-07-16 16:00:00+00:00,1752681600000,0.00012311
2025-07-17 00:00:00+00:00,2025-07-17 00:00:00+00:00,1752710400000,0.0001
2025-07-17 04:00:00+00:00,2025-07-17 00:00:00+00:00,1752710400000,0.0001
2025-07-17 08:00:00+00:00,2025-07-17 08:00:00+00:00,1752739200000,0.0001
2025-07-17 12:00:00+00:00,2025-07-17 08:00:00+00:00,1752739200000,0.0001
2025-07-17 16:00:00+00:00,2025-07-17 16:00:00+00:00,1752768000000,0.0001
2025-07-17 20:00:00+00:00,2025-07-17 16:00:00+00:00,1752768000000,0.0001
2025-07-18 00:00:00+00:00,2025-07-18 00:00:00+00:00,1752796800000,0.0001
2025-07-18 04:00:00+00:00,2025-07-18 00:00:00+00:00,1752796800000,0.0001
2025-07-18 08:00:00+00:00,2025-07-18 08:00:00+00:00,1752825600000,0.00017064
2025-07-18 12:00:00+00:00,2025-07-18 08:00:00+00:00,1752825600000,0.00017064
2025-07-18 16:00:00+00:00,2025-07-18 16:00:00+00:00,1752854400000,0.0001
2025-07-18 20:00:00+00:00,2025-07-18 16:00:00+00:00,1752854400000,0.0001
2025-07-19 00:00:00+00:00,2025-07-19 00:00:00+00:00,1752883200000,0.0001
2025-07-19 04:00:00+00:00,2025-07-19 00:00:00+00:00,1752883200000,0.0001
2025-07-19 08:00:00+00:00,2025-07-19 08:00:00+00:00,1752912000000,0.0001
2025-07-19 12:00:00+00:00,2025-07-19 08:00:00+00:00,1752912000000,0.0001
2025-07-19 16:00:00+00:00,2025-07-19 16:00:00+00:00,1752940800000,0.0001
2025-07-19 20:00:00+00:00,2025-07-19 16:00:00+00:00,1752940800000,0.0001
2025-07-20 00:00:00+00:00,2025-07-20 00:00:00+00:00,1752969600000,0.0001
2025-07-20 04:00:00+00:00,2025-07-20 00:00:00+00:00,1752969600000,0.0001
2025-07-20 08:00:00+00:00,2025-07-20 08:00:00+00:00,1752998400000,0.0001347
2025-07-20 12:00:00+00:00,2025-07-20 08:00:00+00:00,1752998400000,0.0001347
2025-07-20 16:00:00+00:00,2025-07-20 16:00:00+00:00,1753027200000,0.0002742
2025-07-20 20:00:00+00:00,2025-07-20 16:00:00+00:00,1753027200000,0.0002742
2025-07-21 00:00:00+00:00,2025-07-21 00:00:00+00:00,1753056000000,0.00025567
2025-07-21 04:00:00+00:00,2025-07-21 00:00:00+00:00,1753056000000,0.00025567
2025-07-21 08:00:00+00:00,2025-07-21 08:00:00+00:00,1753084800000,0.00029563
2025-07-21 12:00:00+00:00,2025-07-21 08:00:00+00:00,1753084800000,0.00029563
2025-07-21 16:00:00+00:00,2025-07-21 16:00:00+00:00,1753113600000,0.0001
2025-07-21 20:00:00+00:00,2025-07-21 16:00:00+00:00,1753113600000,0.0001
2025-07-22 00:00:00+00:00,2025-07-22 00:00:00+00:00,1753142400000,0.0001
2025-07-22 04:00:00+00:00,2025-07-22 00:00:00+00:00,1753142400000,0.0001
2025-07-22 08:00:00+00:00,2025-07-22 08:00:00+00:00,1753171200000,0.0001
2025-07-22 12:00:00+00:00,2025-07-22 08:00:00+00:00,1753171200000,0.0001
2025-07-22 16:00:00+00:00,2025-07-22 16:00:00+00:00,1753200000000,0.0001
2025-07-22 20:00:00+00:00,2025-07-22 16:00:00+00:00,1753200000000,0.0001
2025-07-23 00:00:00+00:00,2025-07-23 00:00:00+00:00,1753228800000,0.0001
2025-07-23 04:00:00+00:00,2025-07-23 00:00:00+00:00,1753228800000,0.0001
2025-07-23 08:00:00+00:00,2025-07-23 08:00:00+00:00,1753257600000,0.00026357
2025-07-23 12:00:00+00:00,2025-07-23 08:00:00+00:00,1753257600000,0.00026357
2025-07-23 16:00:00+00:00,2025-07-23 16:00:00+00:00,1753286400000,0.0001
2025-07-23 20:00:00+00:00,2025-07-23 16:00:00+00:00,1753286400000,0.0001
2025-07-24 00:00:00+00:00,2025-07-24 00:00:00+00:00,1753315200000,0.0001
2025-07-24 04:00:00+00:00,2025-07-24 00:00:00+00:00,1753315200000,0.0001
2025-07-24 08:00:00+00:00,2025-07-24 08:00:00+00:00,1753344000000,0.0001
2025-07-24 12:00:00+00:00,2025-07-24 08:00:00+00:00,1753344000000,0.0001
2025-07-24 16:00:00+00:00,2025-07-24 16:00:00+00:00,1753372800000,0.0001
2025-07-24 20:00:00+00:00,2025-07-24 16:00:00+00:00,1753372800000,0.0001
2025-07-25 00:00:00+00:00,2025-07-25 00:00:00+00:00,1753401600000,0.0001
2025-07-25 04:00:00+00:00,2025-07-25 00:00:00+00:00,1753401600000,0.0001
2025-07-25 08:00:00+00:00,2025-07-25 08:00:00+00:00,1753430400000,0.0001
2025-07-25 12:00:00+00:00,2025-07-25 08:00:00+00:00,1753430400000,0.0001
2025-07-25 16:00:00+00:00,2025-07-25 16:00:00+00:00,1753459200000,0.0001
2025-07-25 20:00:00+00:00,2025-07-25 16:00:00+00:00,1753459200000,0.0001
2025-07-26 00:00:00+00:00,2025-07-26 00:00:00+00:00,1753488000000,0.0001
2025-07-26 04:00:00+00:00,2025-07-26 00:00:00+00:00,1753488000000,0.0001
2025-07-26 08:00:00+00:00,2025-07-26 08:00:00+00:00,1753516800000,0.0001
2025-07-26 12:00:00+00:00,2025-07-26 08:00:00+00:00,1753516800000,0.0001
2025-07-26 16:00:00+00:00,2025-07-26 16:00:00+00:00,1753545600000,0.0001
2025-07-26 20:00:00+00:00,2025-07-26 16:00:00+00:00,1753545600000,0.0001
2025-07-27 00:00:00+00:00,2025-07-27 00:00:00+00:00,1753574400000,0.0001
2025-07-27 04:00:00+00:00,2025-07-27 00:00:00+00:00,1753574400000,0.0001
2025-07-27 08:00:00+00:00,2025-07-27 08:00:00+00:00,1753603200000,0.0001
2025-07-27 12:00:00+00:00,2025-07-27 08:00:00+00:00,1753603200000,0.0001
2025-07-27 16:00:00+00:00,2025-07-27 16:00:00+00:00,1753632000000,0.0001
2025-07-27 20:00:00+00:00,2025-07-27 16:00:00+00:00,1753632000000,0.0001
2025-07-28 00:00:00+00:00,2025-07-28 00:00:00+00:00,1753660800000,0.0001
2025-07-28 04:00:00+00:00,2025-07-28 00:00:00+00:00,1753660800000,0.0001
2025-07-28 08:00:00+00:00,2025-07-28 08:00:00+00:00,1753689600000,0.0001
2025-07-28 12:00:00+00:00,2025-07-28 08:00:00+00:00,1753689600000,0.0001
2025-07-28 16:00:00+00:00,2025-07-28 16:00:00+00:00,1753718400000,0.0001
2025-07-28 20:00:00+00:00,2025-07-28 16:00:00+00:00,1753718400000,0.0001
2025-07-29 00:00:00+00:00,2025-07-29 00:00:00+00:00,1753747200000,0.0001
2025-07-29 04:00:00+00:00,2025-07-29 00:00:00+00:00,1753747200000,0.0001
2025-07-29 08:00:00+00:00,2025-07-29 08:00:00+00:00,1753776000000,0.0001
2025-07-29 12:00:00+00:00,2025-07-29 08:00:00+00:00,1753776000000,0.0001
2025-07-29 16:00:00+00:00,2025-07-29 16:00:00+00:00,1753804800000,0.0001
2025-07-29 20:00:00+00:00,2025-07-29 16:00:00+00:00,1753804800000,0.0001
2025-07-30 00:00:00+00:00,2025-07-30 00:00:00+00:00,1753833600000,0.0001
2025-07-30 04:00:00+00:00,2025-07-30 00:00:00+00:00,1753833600000,0.0001
2025-07-30 08:00:00+00:00,2025-07-30 08:00:00+00:00,1753862400000,0.0001
2025-07-30 12:00:00+00:00,2025-07-30 08:00:00+00:00,1753862400000,0.0001
2025-07-30 16:00:00+00:00,2025-07-30 16:00:00+00:00,1753891200000,8.207e-05
2025-07-30 20:00:00+00:00,2025-07-30 16:00:00+00:00,1753891200000,8.207e-05
2025-07-31 00:00:00+00:00,2025-07-31 00:00:00+00:00,1753920000000,2.593e-05
2025-07-31 04:00:00+00:00,2025-07-31 00:00:00+00:00,1753920000000,2.593e-05
2025-07-31 08:00:00+00:00,2025-07-31 08:00:00+00:00,1753948800000,8.742e-05
2025-07-31 12:00:00+00:00,2025-07-31 08:00:00+00:00,1753948800000,8.742e-05
2025-07-31 16:00:00+00:00,2025-07-31 16:00:00+00:00,1753977600000,0.0001
2025-07-31 20:00:00+00:00,2025-07-31 16:00:00+00:00,1753977600000,0.0001
2025-08-01 00:00:00+00:00,2025-08-01 00:00:00+00:00,1754006400000,2.304e-05
2025-08-01 04:00:00+00:00,2025-08-01 00:00:00+00:00,1754006400000,2.304e-05
2025-08-01 08:00:00+00:00,2025-08-01 08:00:00+00:00,1754035200000,3.726e-05
2025-08-01 12:00:00+00:00,2025-08-01 08:00:00+00:00,1754035200000,3.726e-05
2025-08-01 16:00:00+00:00,2025-08-01 16:00:00+00:00,1754064000000,4.267e-05
2025-08-01 20:00:00+00:00,2025-08-01 16:00:00+00:00,1754064000000,4.267e-05
2025-08-02 00:00:00+00:00,2025-08-02 00:00:00+00:00,1754092800000,4.087e-05
2025-08-02 04:00:00+00:00,2025-08-02 00:00:00+00:00,1754092800000,4.087e-05
2025-08-02 08:00:00+00:00,2025-08-02 08:00:00+00:00,1754121600000,0.0001
2025-08-02 12:00:00+00:00,2025-08-02 08:00:00+00:00,1754121600000,0.0001
2025-08-02 16:00:00+00:00,2025-08-02 16:00:00+00:00,1754150400000,5.031e-05
2025-08-02 20:00:00+00:00,2025-08-02 16:00:00+00:00,1754150400000,5.031e-05
2025-08-03 00:00:00+00:00,2025-08-03 00:00:00+00:00,1754179200000,0.0001
2025-08-03 04:00:00+00:00,2025-08-03 00:00:00+00:00,1754179200000,0.0001
2025-08-03 08:00:00+00:00,2025-08-03 08:00:00+00:00,1754208000000,3.709e-05
2025-08-03 12:00:00+00:00,2025-08-03 08:00:00+00:00,1754208000000,3.709e-05
2025-08-03 16:00:00+00:00,2025-08-03 16:00:00+00:00,1754236800000,7.541e-05
2025-08-03 20:00:00+00:00,2025-08-03 16:00:00+00:00,1754236800000,7.541e-05
2025-08-04 00:00:00+00:00,2025-08-04 00:00:00+00:00,1754265600000,0.0001
2025-08-04 04:00:00+00:00,2025-08-04 00:00:00+00:00,1754265600000,0.0001
2025-08-04 08:00:00+00:00,2025-08-04 08:00:00+00:00,1754294400000,4.079e-05
2025-08-04 12:00:00+00:00,2025-08-04 08:00:00+00:00,1754294400000,4.079e-05
2025-08-04 16:00:00+00:00,2025-08-04 16:00:00+00:00,1754323200000,4.147e-05
2025-08-04 20:00:00+00:00,2025-08-04 16:00:00+00:00,1754323200000,4.147e-05
2025-08-05 00:00:00+00:00,2025-08-05 00:00:00+00:00,1754352000000,0.0001
2025-08-05 04:00:00+00:00,2025-08-05 00:00:00+00:00,1754352000000,0.0001
2025-08-05 08:00:00+00:00,2025-08-05 08:00:00+00:00,1754380800000,0.0001
2025-08-05 12:00:00+00:00,2025-08-05 08:00:00+00:00,1754380800000,0.0001
2025-08-05 16:00:00+00:00,2025-08-05 16:00:00+00:00,1754409600000,7.949e-05
2025-08-05 20:00:00+00:00,2025-08-05 16:00:00+00:00,1754409600000,7.949e-05
2025-08-06 00:00:00+00:00,2025-08-06 00:00:00+00:00,1754438400000,0.0001
2025-08-06 04:00:00+00:00,2025-08-06 00:00:00+00:00,1754438400000,0.0001
2025-08-06 08:00:00+00:00,2025-08-06 08:00:00+00:00,1754467200000,9.566e-05
2025-08-06 12:00:00+00:00,2025-08-06 08:00:00+00:00,1754467200000,9.566e-05
2025-08-06 16:00:00+00:00,2025-08-06 16:00:00+00:00,1754496000000,0.0001
2025-08-06 20:00:00+00:00,2025-08-06 16:00:00+00:00,1754496000000,0.0001
2025-08-07 00:00:00+00:00,2025-08-07 00:00:00+00:00,1754524800000,0.0001
2025-08-07 04:00:00+00:00,2025-08-07 00:00:00+00:00,1754524800000,0.0001
2025-08-07 08:00:00+00:00,2025-08-07 08:00:00+00:00,1754553600000,0.0001
2025-08-07 12:00:00+00:00,2025-08-07 08:00:00+00:00,1754553600000,0.0001
2025-08-07 16:00:00+00:00,2025-08-07 16:00:00+00:00,1754582400000,0.0001
2025-08-07 20:00:00+00:00,2025-08-07 16:00:00+00:00,1754582400000,0.0001
2025-08-08 00:00:00+00:00,2025-08-08 00:00:00+00:00,1754611200000,0.0001
2025-08-08 04:00:00+00:00,2025-08-08 00:00:00+00:00,1754611200000,0.0001
2025-08-08 08:00:00+00:00,2025-08-08 08:00:00+00:00,1754640000000,0.0001
2025-08-08 12:00:00+00:00,2025-08-08 08:00:00+00:00,1754640000000,0.0001
2025-08-08 16:00:00+00:00,2025-08-08 16:00:00+00:00,1754668800000,3.36e-05
2025-08-08 20:00:00+00:00,2025-08-08 16:00:00+00:00,1754668800000,3.36e-05
2025-08-09 00:00:00+00:00,2025-08-09 00:00:00+00:00,1754697600000,0.0001
2025-08-09 04:00:00+00:00,2025-08-09 00:00:00+00:00,1754697600000,0.0001
2025-08-09 08:00:00+00:00,2025-08-09 08:00:00+00:00,1754726400000,0.0001
2025-08-09 12:00:00+00:00,2025-08-09 08:00:00+00:00,1754726400000,0.0001
2025-08-09 16:00:00+00:00,2025-08-09 16:00:00+00:00,1754755200000,0.0001
2025-08-09 20:00:00+00:00,2025-08-09 16:00:00+00:00,1754755200000,0.0001
2025-08-10 00:00:00+00:00,2025-08-10 00:00:00+00:00,1754784000000,0.0001
2025-08-10 04:00:00+00:00,2025-08-10 00:00:00+00:00,1754784000000,0.0001
2025-08-10 08:00:00+00:00,2025-08-10 08:00:00+00:00,1754812800000,0.0001
2025-08-10 12:00:00+00:00,2025-08-10 08:00:00+00:00,1754812800000,0.0001
2025-08-10 16:00:00+00:00,2025-08-10 16:00:00+00:00,1754841600000,0.0001
2025-08-10 20:00:00+00:00,2025-08-10 16:00:00+00:00,1754841600000,0.0001
2025-08-11 00:00:00+00:00,2025-08-11 00:00:00+00:00,1754870400000,0.0001
2025-08-11 04:00:00+00:00,2025-08-11 00:00:00+00:00,1754870400000,0.0001
2025-08-11 08:00:00+00:00,2025-08-11 08:00:00+00:00,1754899200000,0.0001
2025-08-11 12:00:00+00:00,2025-08-11 08:00:00+00:00,1754899200000,0.0001
2025-08-11 16:00:00+00:00,2025-08-11 16:00:00+00:00,1754928000000,0.0001
2025-08-11 20:00:00+00:00,2025-08-11 16:00:00+00:00,1754928000000,0.0001
2025-08-12 00:00:00+00:00,2025-08-12 00:00:00+00:00,1754956800000,1.124e-05
2025-08-12 04:00:00+00:00,2025-08-12 00:00:00+00:00,1754956800000,1.124e-05
2025-08-12 08:00:00+00:00,2025-08-12 08:00:00+00:00,1754985600000,-5.187e-05
2025-08-12 12:00:00+00:00,2025-08-12 08:00:00+00:00,1754985600000,-5.187e-05
2025-08-12 16:00:00+00:00,2025-08-12 16:00:00+00:00,1755014400000,-5.105e-05
2025-08-12 20:00:00+00:00,2025-08-12 16:00:00+00:00,1755014400000,-5.105e-05
2025-08-13 00:00:00+00:00,2025-08-13 00:00:00+00:00,1755043200000,0.0001
2025-08-13 04:00:00+00:00,2025-08-13 00:00:00+00:00,1755043200000,0.0001
2025-08-13 08:00:00+00:00,2025-08-13 08:00:00+00:00,1755072000000,0.0001
2025-08-13 12:00:00+00:00,2025-08-13 08:00:00+00:00,1755072000000,0.0001
2025-08-13 16:00:00+00:00,2025-08-13 16:00:00+00:00,1755100800000,0.0001
2025-08-13 20:00:00+00:00,2025-08-13 16:00:00+00:00,1755100800000,0.0001
2025-08-14 00:00:00+00:00,2025-08-14 00:00:00+00:00,1755129600000,0.0001
2025-08-14 04:00:00+00:00,2025-08-14 00:00:00+00:00,1755129600000,0.0001
2025-08-14 08:00:00+00:00,2025-08-14 08:00:00+00:00,1755158400000,0.0001
2025-08-14 12:00:00+00:00,2025-08-14 08:00:00+00:00,1755158400000,0.0001
2025-08-14 16:00:00+00:00,2025-08-14 16:00:00+00:00,1755187200000,0.0001
2025-08-14 20:00:00+00:00,2025-08-14 16:00:00+00:00,1755187200000,0.0001
2025-08-15 00:00:00+00:00,2025-08-15 00:00:00+00:00,1755216000000,0.0001
2025-08-15 04:00:00+00:00,2025-08-15 00:00:00+00:00,1755216000000,0.0001
2025-08-15 08:00:00+00:00,2025-08-15 08:00:00+00:00,1755244800000,0.0001
2025-08-15 12:00:00+00:00,2025-08-15 08:00:00+00:00,1755244800000,0.0001
2025-08-15 16:00:00+00:00,2025-08-15 16:00:00+00:00,1755273600000,0.0001
2025-08-15 20:00:00+00:00,2025-08-15 16:00:00+00:00,1755273600000,0.0001
2025-08-16 00:00:00+00:00,2025-08-16 00:00:00+00:00,1755302400000,0.0001
2025-08-16 04:00:00+00:00,2025-08-16 00:00:00+00:00,1755302400000,0.0001
2025-08-16 08:00:00+00:00,2025-08-16 08:00:00+00:00,1755331200000,0.0001
2025-08-16 12:00:00+00:00,2025-08-16 08:00:00+00:00,1755331200000,0.0001
2025-08-16 16:00:00+00:00,2025-08-16 16:00:00+00:00,1755360000000,0.0001
2025-08-16 20:00:00+00:00,2025-08-16 16:00:00+00:00,1755360000000,0.0001
2025-08-17 00:00:00+00:00,2025-08-17 00:00:00+00:00,1755388800000,0.0001
2025-08-17 04:00:00+00:00,2025-08-17 00:00:00+00:00,1755388800000,0.0001
2025-08-17 08:00:00+00:00,2025-08-17 08:00:00+00:00,1755417600000,0.0001
2025-08-17 12:00:00+00:00,2025-08-17 08:00:00+00:00,1755417600000,0.0001
2025-08-17 16:00:00+00:00,2025-08-17 16:00:00+00:00,1755446400000,0.0001
2025-08-17 20:00:00+00:00,2025-08-17 16:00:00+00:00,1755446400000,0.0001
2025-08-18 00:00:00+00:00,2025-08-18 00:00:00+00:00,1755475200000,0.0001
2025-08-18 04:00:00+00:00,2025-08-18 00:00:00+00:00,1755475200000,0.0001
2025-08-18 08:00:00+00:00,2025-08-18 08:00:00+00:00,1755504000000,0.0001
2025-08-18 12:00:00+00:00,2025-08-18 08:00:00+00:00,1755504000000,0.0001
2025-08-18 16:00:00+00:00,2025-08-18 16:00:00+00:00,1755532800000,4.039e-05
2025-08-18 20:00:00+00:00,2025-08-18 16:00:00+00:00,1755532800000,4.039e-05
2025-08-19 00:00:00+00:00,2025-08-19 00:00:00+00:00,1755561600000,6.759e-05
2025-08-19 04:00:00+00:00,2025-08-19 00:00:00+00:00,1755561600000,6.759e-05
2025-08-19 08:00:00+00:00,2025-08-19 08:00:00+00:00,1755590400000,0.0001
2025-08-19 12:00:00+00:00,2025-08-19 08:00:00+00:00,1755590400000,0.0001
2025-08-19 16:00:00+00:00,2025-08-19 16:00:00+00:00,1755619200000,0.0001
2025-08-19 20:00:00+00:00,2025-08-19 16:00:00+00:00,1755619200000,0.0001
2025-08-20 00:00:00+00:00,2025-08-20 00:00:00+00:00,1755648000000,0.0001
2025-08-20 04:00:00+00:00,2025-08-20 00:00:00+00:00,1755648000000,0.0001
2025-08-20 08:00:00+00:00,2025-08-20 08:00:00+00:00,1755676800000,0.0001
2025-08-20 12:00:00+00:00,2025-08-20 08:00:00+00:00,1755676800000,0.0001
2025-08-20 16:00:00+00:00,2025-08-20 16:00:00+00:00,1755705600000,0.0001
2025-08-20 20:00:00+00:00,2025-08-20 16:00:00+00:00,1755705600000,0.0001
2025-08-21 00:00:00+00:00,2025-08-21 00:00:00+00:00,1755734400000,0.0001
2025-08-21 04:00:00+00:00,2025-08-21 00:00:00+00:00,1755734400000,0.0001
2025-08-21 08:00:00+00:00,2025-08-21 08:00:00+00:00,1755763200000,0.0001
2025-08-21 12:00:00+00:00,2025-08-21 08:00:00+00:00,1755763200000,0.0001
2025-08-21 16:00:00+00:00,2025-08-21 16:00:00+00:00,1755792000000,0.0001
2025-08-21 20:00:00+00:00,2025-08-21 16:00:00+00:00,1755792000000,0.0001
2025-08-22 00:00:00+00:00,2025-08-22 00:00:00+00:00,1755820800000,0.0001
2025-08-22 04:00:00+00:00,2025-08-22 00:00:00+00:00,1755820800000,0.0001
2025-08-22 08:00:00+00:00,2025-08-22 08:00:00+00:00,1755849600000,7.783e-05
2025-08-22 12:00:00+00:00,2025-08-22 08:00:00+00:00,1755849600000,7.783e-05
2025-08-22 16:00:00+00:00,2025-08-22 16:00:00+00:00,1755878400000,7.17e-06
2025-08-22 20:00:00+00:00,2025-08-22 16:00:00+00:00,1755878400000,7.17e-06
2025-08-23 00:00:00+00:00,2025-08-23 00:00:00+00:00,1755907200000,0.0001
2025-08-23 04:00:00+00:00,2025-08-23 00:00:00+00:00,1755907200000,0.0001
2025-08-23 08:00:00+00:00,2025-08-23 08:00:00+00:00,1755936000000,0.0001
2025-08-23 12:00:00+00:00,2025-08-23 08:00:00+00:00,1755936000000,0.0001
2025-08-23 16:00:00+00:00,2025-08-23 16:00:00+00:00,1755964800000,0.0001
2025-08-23 20:00:00+00:00,2025-08-23 16:00:00+00:00,1755964800000,0.0001
2025-08-24 00:00:00+00:00,2025-08-24 00:00:00+00:00,1755993600000,0.0001
2025-08-24 04:00:00+00:00,2025-08-24 00:00:00+00:00,1755993600000,0.0001
2025-08-24 08:00:00+00:00,2025-08-24 08:00:00+00:00,1756022400000,0.0001
2025-08-24 12:00:00+00:00,2025-08-24 08:00:00+00:00,1756022400000,0.0001
2025-08-24 16:00:00+00:00,2025-08-24 16:00:00+00:00,1756051200000,0.0001
2025-08-24 20:00:00+00:00,2025-08-24 16:00:00+00:00,1756051200000,0.0001
2025-08-25 00:00:00+00:00,2025-08-25 00:00:00+00:00,1756080000000,0.0001
2025-08-25 04:00:00+00:00,2025-08-25 00:00:00+00:00,1756080000000,0.0001
2025-08-25 08:00:00+00:00,2025-08-25 08:00:00+00:00,1756108800000,0.0001
2025-08-25 12:00:00+00:00,2025-08-25 08:00:00+00:00,1756108800000,0.0001
2025-08-25 16:00:00+00:00,2025-08-25 16:00:00+00:00,1756137600000,-2.091e-05
2025-08-25 20:00:00+00:00,2025-08-25 16:00:00+00:00,1756137600000,-2.091e-05
2025-08-26 00:00:00+00:00,2025-08-26 00:00:00+00:00,1756166400000,-0.00015027
2025-08-26 04:00:00+00:00,2025-08-26 00:00:00+00:00,1756166400000,-0.00015027
2025-08-26 08:00:00+00:00,2025-08-26 08:00:00+00:00,1756195200000,2.384e-05
2025-08-26 12:00:00+00:00,2025-08-26 08:00:00+00:00,1756195200000,2.384e-05
2025-08-26 16:00:00+00:00,2025-08-26 16:00:00+00:00,1756224000000,0.0001
2025-08-26 20:00:00+00:00,2025-08-26 16:00:00+00:00,1756224000000,0.0001
2025-08-27 00:00:00+00:00,2025-08-27 00:00:00+00:00,1756252800000,0.0001
2025-08-27 04:00:00+00:00,2025-08-27 00:00:00+00:00,1756252800000,0.0001
2025-08-27 08:00:00+00:00,2025-08-27 08:00:00+00:00,1756281600000,0.0001
2025-08-27 12:00:00+00:00,2025-08-27 08:00:00+00:00,1756281600000,0.0001
2025-08-27 16:00:00+00:00,2025-08-27 16:00:00+00:00,1756310400000,0.0001
2025-08-27 20:00:00+00:00,2025-08-27 16:00:00+00:00,1756310400000,0.0001
2025-08-28 00:00:00+00:00,2025-08-28 00:00:00+00:00,1756339200000,0.0001
2025-08-28 04:00:00+00:00,2025-08-28 00:00:00+00:00,1756339200000,0.0001
2025-08-28 08:00:00+00:00,2025-08-28 08:00:00+00:00,1756368000000,0.0001
2025-08-28 12:00:00+00:00,2025-08-28 08:00:00+00:00,1756368000000,0.0001
2025-08-28 16:00:00+00:00,2025-08-28 16:00:00+00:00,1756396800000,0.0001
2025-08-28 20:00:00+00:00,2025-08-28 16:00:00+00:00,1756396800000,0.0001
2025-08-29 00:00:00+00:00,2025-08-29 00:00:00+00:00,1756425600000,0.0001
2025-08-29 04:00:00+00:00,2025-08-29 00:00:00+00:00,1756425600000,0.0001
2025-08-29 08:00:00+00:00,2025-08-29 08:00:00+00:00,1756454400000,0.0001
2025-08-29 12:00:00+00:00,2025-08-29 08:00:00+00:00,1756454400000,0.0001
2025-08-29 16:00:00+00:00,2025-08-29 16:00:00+00:00,1756483200000,2.451e-05
2025-08-29 20:00:00+00:00,2025-08-29 16:00:00+00:00,1756483200000,2.451e-05
2025-08-30 00:00:00+00:00,2025-08-30 00:00:00+00:00,1756512000000,-6.025e-05
2025-08-30 04:00:00+00:00,2025-08-30 00:00:00+00:00,1756512000000,-6.025e-05
2025-08-30 08:00:00+00:00,2025-08-30 08:00:00+00:00,1756540800000,0.0001
2025-08-30 12:00:00+00:00,2025-08-30 08:00:00+00:00,1756540800000,0.0001
2025-08-30 16:00:00+00:00,2025-08-30 16:00:00+00:00,1756569600000,0.0001
2025-08-30 20:00:00+00:00,2025-08-30 16:00:00+00:00,1756569600000,0.0001
2025-08-31 00:00:00+00:00,2025-08-31 00:00:00+00:00,1756598400000,0.0001
2025-08-31 04:00:00+00:00,2025-08-31 00:00:00+00:00,1756598400000,0.0001
2025-08-31 08:00:00+00:00,2025-08-31 08:00:00+00:00,1756627200000,0.0001
2025-08-31 12:00:00+00:00,2025-08-31 08:00:00+00:00,1756627200000,0.0001
2025-08-31 16:00:00+00:00,2025-08-31 16:00:00+00:00,1756656000000,0.0001
2025-08-31 20:00:00+00:00,2025-08-31 16:00:00+00:00,1756656000000,0.0001
2025-09-01 00:00:00+00:00,2025-09-01 00:00:00+00:00,1756684800000,0.0001
2025-09-01 04:00:00+00:00,2025-09-01 00:00:00+00:00,1756684800000,0.0001
2025-09-01 08:00:00+00:00,2025-09-01 08:00:00+00:00,1756713600000,9.007e-05
2025-09-01 12:00:00+00:00,2025-09-01 08:00:00+00:00,1756713600000,9.007e-05
2025-09-01 16:00:00+00:00,2025-09-01 16:00:00+00:00,1756742400000,0.0001
2025-09-01 20:00:00+00:00,2025-09-01 16:00:00+00:00,1756742400000,0.0001
2025-09-02 00:00:00+00:00,2025-09-02 00:00:00+00:00,1756771200000,3.524e-05
2025-09-02 04:00:00+00:00,2025-09-02 00:00:00+00:00,1756771200000,3.524e-05
2025-09-02 08:00:00+00:00,2025-09-02 08:00:00+00:00,1756800000000,0.0001
2025-09-02 12:00:00+00:00,2025-09-02 08:00:00+00:00,1756800000000,0.0001
2025-09-02 16:00:00+00:00,2025-09-02 16:00:00+00:00,1756828800000,0.0001
2025-09-02 20:00:00+00:00,2025-09-02 16:00:00+00:00,1756828800000,0.0001
2025-09-03 00:00:00+00:00,2025-09-03 00:00:00+00:00,1756857600000,0.0001
2025-09-03 04:00:00+00:00,2025-09-03 00:00:00+00:00,1756857600000,0.0001
2025-09-03 08:00:00+00:00,2025-09-03 08:00:00+00:00,1756886400000,0.0001
2025-09-03 12:00:00+00:00,2025-09-03 08:00:00+00:00,1756886400000,0.0001
2025-09-03 16:00:00+00:00,2025-09-03 16:00:00+00:00,1756915200000,0.0001
2025-09-03 20:00:00+00:00,2025-09-03 16:00:00+00:00,1756915200000,0.0001
2025-09-04 00:00:00+00:00,2025-09-04 00:00:00+00:00,1756944000000,0.0001
2025-09-04 04:00:00+00:00,2025-09-04 00:00:00+00:00,1756944000000,0.0001
2025-09-04 08:00:00+00:00,2025-09-04 08:00:00+00:00,1756972800000,0.0001
2025-09-04 12:00:00+00:00,2025-09-04 08:00:00+00:00,1756972800000,0.0001
2025-09-04 16:00:00+00:00,2025-09-04 16:00:00+00:00,1757001600000,9.57e-05
2025-09-04 20:00:00+00:00,2025-09-04 16:00:00+00:00,1757001600000,9.57e-05
2025-09-05 00:00:00+00:00,2025-09-05 00:00:00+00:00,1757030400000,9.713e-05
2025-09-05 04:00:00+00:00,2025-09-05 00:00:00+00:00,1757030400000,9.713e-05
2025-09-05 08:00:00+00:00,2025-09-05 08:00:00+00:00,1757059200000,8.297e-05
2025-09-05 12:00:00+00:00,2025-09-05 08:00:00+00:00,1757059200000,8.297e-05
2025-09-05 16:00:00+00:00,2025-09-05 16:00:00+00:00,1757088000000,0.0001
2025-09-05 20:00:00+00:00,2025-09-05 16:00:00+00:00,1757088000000,0.0001
2025-09-06 00:00:00+00:00,2025-09-06 00:00:00+00:00,1757116800000,0.0001
2025-09-06 04:00:00+00:00,2025-09-06 00:00:00+00:00,1757116800000,0.0001
2025-09-06 08:00:00+00:00,2025-09-06 08:00:00+00:00,1757145600000,0.0001
2025-09-06 12:00:00+00:00,2025-09-06 08:00:00+00:00,1757145600000,0.0001
2025-09-06 16:00:00+00:00,2025-09-06 16:00:00+00:00,1757174400000,0.0001
2025-09-06 20:00:00+00:00,2025-09-06 16:00:00+00:00,1757174400000,0.0001
2025-09-07 00:00:00+00:00,2025-09-07 00:00:00+00:00,1757203200000,0.0001
2025-09-07 04:00:00+00:00,2025-09-07 00:00:00+00:00,1757203200000,0.0001
2025-09-07 08:00:00+00:00,2025-09-07 08:00:00+00:00,1757232000000,0.0001
2025-09-07 12:00:00+00:00,2025-09-07 08:00:00+00:00,1757232000000,0.0001
2025-09-07 16:00:00+00:00,2025-09-07 16:00:00+00:00,1757260800000,0.0001
2025-09-07 20:00:00+00:00,2025-09-07 16:00:00+00:00,1757260800000,0.0001
2025-09-08 00:00:00+00:00,2025-09-08 00:00:00+00:00,1757289600000,0.0001
2025-09-08 04:00:00+00:00,2025-09-08 00:00:00+00:00,1757289600000,0.0001
2025-09-08 08:00:00+00:00,2025-09-08 08:00:00+00:00,1757318400000,0.0001
2025-09-08 12:00:00+00:00,2025-09-08 08:00:00+00:00,1757318400000,0.0001
2025-09-08 16:00:00+00:00,2025-09-08 16:00:00+00:00,1757347200000,0.0001
2025-09-08 20:00:00+00:00,2025-09-08 16:00:00+00:00,1757347200000,0.0001
2025-09-09 00:00:00+00:00,2025-09-09 00:00:00+00:00,1757376000000,0.0001
2025-09-09 04:00:00+00:00,2025-09-09 00:00:00+00:00,1757376000000,0.0001
2025-09-09 08:00:00+00:00,2025-09-09 08:00:00+00:00,1757404800000,0.0001
2025-09-09 12:00:00+00:00,2025-09-09 08:00:00+00:00,1757404800000,0.0001
2025-09-09 16:00:00+00:00,2025-09-09 16:00:00+00:00,1757433600000,0.0001
2025-09-09 20:00:00+00:00,2025-09-09 16:00:00+00:00,1757433600000,0.0001
2025-09-10 00:00:00+00:00,2025-09-10 00:00:00+00:00,1757462400000,0.0001
2025-09-10 04:00:00+00:00,2025-09-10 00:00:00+00:00,1757462400000,0.0001
2025-09-10 08:00:00+00:00,2025-09-10 08:00:00+00:00,1757491200000,0.0001
2025-09-10 12:00:00+00:00,2025-09-10 08:00:00+00:00,1757491200000,0.0001
2025-09-10 16:00:00+00:00,2025-09-10 16:00:00+00:00,1757520000000,0.0001
2025-09-10 20:00:00+00:00,2025-09-10 16:00:00+00:00,1757520000000,0.0001
2025-09-11 00:00:00+00:00,2025-09-11 00:00:00+00:00,1757548800000,0.0001
2025-09-11 04:00:00+00:00,2025-09-11 00:00:00+00:00,1757548800000,0.0001
2025-09-11 08:00:00+00:00,2025-09-11 08:00:00+00:00,1757577600000,0.0001
2025-09-11 12:00:00+00:00,2025-09-11 08:00:00+00:00,1757577600000,0.0001
2025-09-11 16:00:00+00:00,2025-09-11 16:00:00+00:00,1757606400000,0.0001
2025-09-11 20:00:00+00:00,2025-09-11 16:00:00+00:00,1757606400000,0.0001
2025-09-12 00:00:00+00:00,2025-09-12 00:00:00+00:00,1757635200000,0.0001
2025-09-12 04:00:00+00:00,2025-09-12 00:00:00+00:00,1757635200000,0.0001
2025-09-12 08:00:00+00:00,2025-09-12 08:00:00+00:00,1757664000000,0.0001
2025-09-12 12:00:00+00:00,2025-09-12 08:00:00+00:00,1757664000000,0.0001
2025-09-12 16:00:00+00:00,2025-09-12 16:00:00+00:00,1757692800000,0.0001
2025-09-12 20:00:00+00:00,2025-09-12 16:00:00+00:00,1757692800000,0.0001
2025-09-13 00:00:00+00:00,2025-09-13 00:00:00+00:00,1757721600000,0.0001
2025-09-13 04:00:00+00:00,2025-09-13 00:00:00+00:00,1757721600000,0.0001
2025-09-13 08:00:00+00:00,2025-09-13 08:00:00+00:00,1757750400000,0.0001
2025-09-13 12:00:00+00:00,2025-09-13 08:00:00+00:00,1757750400000,0.0001
2025-09-13 16:00:00+00:00,2025-09-13 16:00:00+00:00,1757779200000,0.0001
2025-09-13 20:00:00+00:00,2025-09-13 16:00:00+00:00,1757779200000,0.0001
2025-09-14 00:00:00+00:00,2025-09-14 00:00:00+00:00,1757808000000,0.0001
2025-09-14 04:00:00+00:00,2025-09-14 00:00:00+00:00,1757808000000,0.0001
2025-09-14 08:00:00+00:00,2025-09-14 08:00:00+00:00,1757836800000,0.0001
2025-09-14 12:00:00+00:00,2025-09-14 08:00:00+00:00,1757836800000,0.0001
2025-09-14 16:00:00+00:00,2025-09-14 16:00:00+00:00,1757865600000,0.0001
2025-09-14 20:00:00+00:00,2025-09-14 16:00:00+00:00,1757865600000,0.0001
2025-09-15 00:00:00+00:00,2025-09-15 00:00:00+00:00,1757894400000,0.0001
2025-09-15 04:00:00+00:00,2025-09-15 00:00:00+00:00,1757894400000,0.0001
2025-09-15 08:00:00+00:00,2025-09-15 08:00:00+00:00,1757923200000,0.0001
2025-09-15 12:00:00+00:00,2025-09-15 08:00:00+00:00,1757923200000,0.0001
2025-09-15 16:00:00+00:00,2025-09-15 16:00:00+00:00,1757952000000,-2.15e-06
2025-09-15 20:00:00+00:00,2025-09-15 16:00:00+00:00,1757952000000,-2.15e-06
2025-09-16 00:00:00+00:00,2025-09-16 00:00:00+00:00,1757980800000,9.15e-06
2025-09-16 04:00:00+00:00,2025-09-16 00:00:00+00:00,1757980800000,9.15e-06
2025-09-16 08:00:00+00:00,2025-09-16 08:00:00+00:00,1758009600000,2.626e-05
2025-09-16 12:00:00+00:00,2025-09-16 08:00:00+00:00,1758009600000,2.626e-05
2025-09-16 16:00:00+00:00,2025-09-16 16:00:00+00:00,1758038400000,0.0001
2025-09-16 20:00:00+00:00,2025-09-16 16:00:00+00:00,1758038400000,0.0001
2025-09-17 00:00:00+00:00,2025-09-17 00:00:00+00:00,1758067200000,0.0001
2025-09-17 04:00:00+00:00,2025-09-17 00:00:00+00:00,1758067200000,0.0001
2025-09-17 08:00:00+00:00,2025-09-17 08:00:00+00:00,1758096000000,8.201e-05
2025-09-17 12:00:00+00:00,2025-09-17 08:00:00+00:00,1758096000000,8.201e-05
2025-09-17 16:00:00+00:00,2025-09-17 16:00:00+00:00,1758124800000,0.0001
2025-09-17 20:00:00+00:00,2025-09-17 16:00:00+00:00,1758124800000,0.0001
2025-09-18 00:00:00+00:00,2025-09-18 00:00:00+00:00,1758153600000,0.0001
2025-09-18 04:00:00+00:00,2025-09-18 00:00:00+00:00,1758153600000,0.0001
2025-09-18 08:00:00+00:00,2025-09-18 08:00:00+00:00,1758182400000,0.0001
2025-09-18 12:00:00+00:00,2025-09-18 08:00:00+00:00,1758182400000,0.0001
2025-09-18 16:00:00+00:00,2025-09-18 16:00:00+00:00,1758211200000,0.0001
2025-09-18 20:00:00+00:00,2025-09-18 16:00:00+00:00,1758211200000,0.0001
2025-09-19 00:00:00+00:00,2025-09-19 00:00:00+00:00,1758240000000,0.0001
2025-09-19 04:00:00+00:00,2025-09-19 00:00:00+00:00,1758240000000,0.0001
2025-09-19 08:00:00+00:00,2025-09-19 08:00:00+00:00,1758268800000,0.0001
2025-09-19 12:00:00+00:00,2025-09-19 08:00:00+00:00,1758268800000,0.0001
2025-09-19 16:00:00+00:00,2025-09-19 16:00:00+00:00,1758297600000,0.0001
2025-09-19 20:00:00+00:00,2025-09-19 16:00:00+00:00,1758297600000,0.0001
2025-09-20 00:00:00+00:00,2025-09-20 00:00:00+00:00,1758326400000,1.76e-06
2025-09-20 04:00:00+00:00,2025-09-20 00:00:00+00:00,1758326400000,1.76e-06
2025-09-20 08:00:00+00:00,2025-09-20 08:00:00+00:00,1758355200000,-0.00013166
2025-09-20 12:00:00+00:00,2025-09-20 08:00:00+00:00,1758355200000,-0.00013166
2025-09-20 16:00:00+00:00,2025-09-20 16:00:00+00:00,1758384000000,-3.153e-05
2025-09-20 20:00:00+00:00,2025-09-20 16:00:00+00:00,1758384000000,-3.153e-05
2025-09-21 00:00:00+00:00,2025-09-21 00:00:00+00:00,1758412800000,0.0001
2025-09-21 04:00:00+00:00,2025-09-21 00:00:00+00:00,1758412800000,0.0001
2025-09-21 08:00:00+00:00,2025-09-21 08:00:00+00:00,1758441600000,0.0001
2025-09-21 12:00:00+00:00,2025-09-21 08:00:00+00:00,1758441600000,0.0001
2025-09-21 16:00:00+00:00,2025-09-21 16:00:00+00:00,1758470400000,0.0001
2025-09-21 20:00:00+00:00,2025-09-21 16:00:00+00:00,1758470400000,0.0001
2025-09-22 00:00:00+00:00,2025-09-22 00:00:00+00:00,1758499200000,0.0001
2025-09-22 04:00:00+00:00,2025-09-22 00:00:00+00:00,1758499200000,0.0001
2025-09-22 08:00:00+00:00,2025-09-22 08:00:00+00:00,1758528000000,-0.00010035
2025-09-22 12:00:00+00:00,2025-09-22 08:00:00+00:00,1758528000000,-0.00010035
2025-09-22 16:00:00+00:00,2025-09-22 16:00:00+00:00,1758556800000,-9.654e-05
2025-09-22 20:00:00+00:00,2025-09-22 16:00:00+00:00,1758556800000,-9.654e-05
2025-09-23 00:00:00+00:00,2025-09-23 00:00:00+00:00,1758585600000,4.756e-05
2025-09-23 04:00:00+00:00,2025-09-23 00:00:00+00:00,1758585600000,4.756e-05
2025-09-23 08:00:00+00:00,2025-09-23 08:00:00+00:00,1758614400000,-4.953e-05
2025-09-23 12:00:00+00:00,2025-09-23 08:00:00+00:00,1758614400000,-4.953e-05
2025-09-23 16:00:00+00:00,2025-09-23 16:00:00+00:00,1758643200000,8.81e-06
2025-09-23 20:00:00+00:00,2025-09-23 16:00:00+00:00,1758643200000,8.81e-06
2025-09-24 00:00:00+00:00,2025-09-24 00:00:00+00:00,1758672000000,0.0001
2025-09-24 04:00:00+00:00,2025-09-24 00:00:00+00:00,1758672000000,0.0001
2025-09-24 08:00:00+00:00,2025-09-24 08:00:00+00:00,1758700800000,0.0001
2025-09-24 12:00:00+00:00,2025-09-24 08:00:00+00:00,1758700800000,0.0001
2025-09-24 16:00:00+00:00,2025-09-24 16:00:00+00:00,1758729600000,0.0001
2025-09-24 20:00:00+00:00,2025-09-24 16:00:00+00:00,1758729600000,0.0001
2025-09-25 00:00:00+00:00,2025-09-25 00:00:00+00:00,1758758400000,0.0001
2025-09-25 04:00:00+00:00,2025-09-25 00:00:00+00:00,1758758400000,0.0001
2025-09-25 08:00:00+00:00,2025-09-25 08:00:00+00:00,1758787200000,9.279e-05
2025-09-25 12:00:00+00:00,2025-09-25 08:00:00+00:00,1758787200000,9.279e-05
2025-09-25 16:00:00+00:00,2025-09-25 16:00:00+00:00,1758816000000,-2.101e-05
2025-09-25 20:00:00+00:00,2025-09-25 16:00:00+00:00,1758816000000,-2.101e-05
2025-09-26 00:00:00+00:00,2025-09-26 00:00:00+00:00,1758844800000,-4.591e-05
2025-09-26 04:00:00+00:00,2025-09-26 00:00:00+00:00,1758844800000,-4.591e-05
2025-09-26 08:00:00+00:00,2025-09-26 08:00:00+00:00,1758873600000,-4.379e-05
2025-09-26 12:00:00+00:00,2025-09-26 08:00:00+00:00,1758873600000,-4.379e-05
2025-09-26 16:00:00+00:00,2025-09-26 16:00:00+00:00,1758902400000,2.57e-05
2025-09-26 20:00:00+00:00,2025-09-26 16:00:00+00:00,1758902400000,2.57e-05
2025-09-27 00:00:00+00:00,2025-09-27 00:00:00+00:00,1758931200000,2.962e-05
2025-09-27 04:00:00+00:00,2025-09-27 00:00:00+00:00,1758931200000,2.962e-05
2025-09-27 08:00:00+00:00,2025-09-27 08:00:00+00:00,1758960000000,0.0001
2025-09-27 12:00:00+00:00,2025-09-27 08:00:00+00:00,1758960000000,0.0001
2025-09-27 16:00:00+00:00,2025-09-27 16:00:00+00:00,1758988800000,0.0001
2025-09-27 20:00:00+00:00,2025-09-27 16:00:00+00:00,1758988800000,0.0001
2025-09-28 00:00:00+00:00,2025-09-28 00:00:00+00:00,1759017600000,0.0001
2025-09-28 04:00:00+00:00,2025-09-28 00:00:00+00:00,1759017600000,0.0001
2025-09-28 08:00:00+00:00,2025-09-28 08:00:00+00:00,1759046400000,0.0001
2025-09-28 12:00:00+00:00,2025-09-28 08:00:00+00:00,1759046400000,0.0001
2025-09-28 16:00:00+00:00,2025-09-28 16:00:00+00:00,1759075200000,9.335e-05
2025-09-28 20:00:00+00:00,2025-09-28 16:00:00+00:00,1759075200000,9.335e-05
2025-09-29 00:00:00+00:00,2025-09-29 00:00:00+00:00,1759104000000,3.831e-05
2025-09-29 04:00:00+00:00,2025-09-29 00:00:00+00:00,1759104000000,3.831e-05
2025-09-29 08:00:00+00:00,2025-09-29 08:00:00+00:00,1759132800000,0.0001
2025-09-29 12:00:00+00:00,2025-09-29 08:00:00+00:00,1759132800000,0.0001
2025-09-29 16:00:00+00:00,2025-09-29 16:00:00+00:00,1759161600000,7.352e-05
2025-09-29 20:00:00+00:00,2025-09-29 16:00:00+00:00,1759161600000,7.352e-05
2025-09-30 00:00:00+00:00,2025-09-30 00:00:00+00:00,1759190400000,0.0001
2025-09-30 04:00:00+00:00,2025-09-30 00:00:00+00:00,1759190400000,0.0001
2025-09-30 08:00:00+00:00,2025-09-30 08:00:00+00:00,1759219200000,6.149e-05
2025-09-30 12:00:00+00:00,2025-09-30 08:00:00+00:00,1759219200000,6.149e-05
2025-09-30 16:00:00+00:00,2025-09-30 16:00:00+00:00,1759248000000,-5.626e-05
2025-09-30 20:00:00+00:00,2025-09-30 16:00:00+00:00,1759248000000,-5.626e-05
2025-10-01 00:00:00+00:00,2025-10-01 00:00:00+00:00,1759276800000,0.0001
2025-10-01 04:00:00+00:00,2025-10-01 00:00:00+00:00,1759276800000,0.0001
2025-10-01 08:00:00+00:00,2025-10-01 08:00:00+00:00,1759305600000,0.0001
2025-10-01 12:00:00+00:00,2025-10-01 08:00:00+00:00,1759305600000,0.0001
2025-10-01 16:00:00+00:00,2025-10-01 16:00:00+00:00,1759334400000,0.0001
2025-10-01 20:00:00+00:00,2025-10-01 16:00:00+00:00,1759334400000,0.0001
2025-10-02 00:00:00+00:00,2025-10-02 00:00:00+00:00,1759363200000,0.0001
2025-10-02 04:00:00+00:00,2025-10-02 00:00:00+00:00,1759363200000,0.0001
2025-10-02 08:00:00+00:00,2025-10-02 08:00:00+00:00,1759392000000,0.0001
2025-10-02 12:00:00+00:00,2025-10-02 08:00:00+00:00,1759392000000,0.0001
2025-10-02 16:00:00+00:00,2025-10-02 16:00:00+00:00,1759420800000,0.0001
2025-10-02 20:00:00+00:00,2025-10-02 16:00:00+00:00,1759420800000,0.0001
2025-10-03 00:00:00+00:00,2025-10-03 00:00:00+00:00,1759449600000,0.0001
2025-10-03 04:00:00+00:00,2025-10-03 00:00:00+00:00,1759449600000,0.0001
2025-10-03 08:00:00+00:00,2025-10-03 08:00:00+00:00,1759478400000,0.0001
2025-10-03 12:00:00+00:00,2025-10-03 08:00:00+00:00,1759478400000,0.0001
2025-10-03 16:00:00+00:00,2025-10-03 16:00:00+00:00,1759507200000,0.0001
2025-10-03 20:00:00+00:00,2025-10-03 16:00:00+00:00,1759507200000,0.0001
2025-10-04 00:00:00+00:00,2025-10-04 00:00:00+00:00,1759536000000,0.0001
2025-10-04 04:00:00+00:00,2025-10-04 00:00:00+00:00,1759536000000,0.0001
2025-10-04 08:00:00+00:00,2025-10-04 08:00:00+00:00,1759564800000,0.0001
2025-10-04 12:00:00+00:00,2025-10-04 08:00:00+00:00,1759564800000,0.0001
2025-10-04 16:00:00+00:00,2025-10-04 16:00:00+00:00,1759593600000,0.0001
2025-10-04 20:00:00+00:00,2025-10-04 16:00:00+00:00,1759593600000,0.0001
2025-10-05 00:00:00+00:00,2025-10-05 00:00:00+00:00,1759622400000,6.935e-05
2025-10-05 04:00:00+00:00,2025-10-05 00:00:00+00:00,1759622400000,6.935e-05
2025-10-05 08:00:00+00:00,2025-10-05 08:00:00+00:00,1759651200000,0.0001
2025-10-05 12:00:00+00:00,2025-10-05 08:00:00+00:00,1759651200000,0.0001
2025-10-05 16:00:00+00:00,2025-10-05 16:00:00+00:00,1759680000000,0.0001
2025-10-05 20:00:00+00:00,2025-10-05 16:00:00+00:00,1759680000000,0.0001
2025-10-06 00:00:00+00:00,2025-10-06 00:00:00+00:00,1759708800000,0.0001
2025-10-06 04:00:00+00:00,2025-10-06 00:00:00+00:00,1759708800000,0.0001
2025-10-06 08:00:00+00:00,2025-10-06 08:00:00+00:00,1759737600000,5.494e-05
2025-10-06 12:00:00+00:00,2025-10-06 08:00:00+00:00,1759737600000,5.494e-05
2025-10-06 16:00:00+00:00,2025-10-06 16:00:00+00:00,1759766400000,0.0001
2025-10-06 20:00:00+00:00,2025-10-06 16:00:00+00:00,1759766400000,0.0001
2025-10-07 00:00:00+00:00,2025-10-07 00:00:00+00:00,1759795200000,0.0001
2025-10-07 04:00:00+00:00,2025-10-07 00:00:00+00:00,1759795200000,0.0001
2025-10-07 08:00:00+00:00,2025-10-07 08:00:00+00:00,1759824000000,0.0001
2025-10-07 12:00:00+00:00,2025-10-07 08:00:00+00:00,1759824000000,0.0001
2025-10-07 16:00:00+00:00,2025-10-07 16:00:00+00:00,1759852800000,0.0001
2025-10-07 20:00:00+00:00,2025-10-07 16:00:00+00:00,1759852800000,0.0001
2025-10-08 00:00:00+00:00,2025-10-08 00:00:00+00:00,1759881600000,7.166e-05
2025-10-08 04:00:00+00:00,2025-10-08 00:00:00+00:00,1759881600000,7.166e-05
2025-10-08 08:00:00+00:00,2025-10-08 08:00:00+00:00,1759910400000,-8.579e-05
2025-10-08 12:00:00+00:00,2025-10-08 08:00:00+00:00,1759910400000,-8.579e-05
2025-10-08 16:00:00+00:00,2025-10-08 16:00:00+00:00,1759939200000,6.304e-05
2025-10-08 20:00:00+00:00,2025-10-08 16:00:00+00:00,1759939200000,6.304e-05
2025-10-09 00:00:00+00:00,2025-10-09 00:00:00+00:00,1759968000000,0.0001
2025-10-09 04:00:00+00:00,2025-10-09 00:00:00+00:00,1759968000000,0.0001
2025-10-09 08:00:00+00:00,2025-10-09 08:00:00+00:00,1759996800000,0.0001
2025-10-09 12:00:00+00:00,2025-10-09 08:00:00+00:00,1759996800000,0.0001
2025-10-09 16:00:00+00:00,2025-10-09 16:00:00+00:00,1760025600000,2.36e-05
2025-10-09 20:00:00+00:00,2025-10-09 16:00:00+00:00,1760025600000,2.36e-05
2025-10-10 00:00:00+00:00,2025-10-10 00:00:00+00:00,1760054400000,8.224e-05
2025-10-10 04:00:00+00:00,2025-10-10 00:00:00+00:00,1760054400000,8.224e-05
2025-10-10 08:00:00+00:00,2025-10-10 08:00:00+00:00,1760083200000,0.0001
2025-10-10 12:00:00+00:00,2025-10-10 08:00:00+00:00,1760083200000,0.0001
2025-10-10 16:00:00+00:00,2025-10-10 16:00:00+00:00,1760112000000,0.0001
2025-10-10 20:00:00+00:00,2025-10-10 16:00:00+00:00,1760112000000,0.0001
2025-10-11 00:00:00+00:00,2025-10-11 00:00:00+00:00,1760140800000,-0.00506956
2025-10-11 04:00:00+00:00,2025-10-11 00:00:00+00:00,1760140800000,-0.00506956
2025-10-11 08:00:00+00:00,2025-10-11 08:00:00+00:00,1760169600000,-0.00010964
2025-10-11 12:00:00+00:00,2025-10-11 08:00:00+00:00,1760169600000,-0.00010964
2025-10-11 16:00:00+00:00,2025-10-11 16:00:00+00:00,1760198400000,-0.00029513
2025-10-11 20:00:00+00:00,2025-10-11 16:00:00+00:00,1760198400000,-0.00029513
2025-10-12 00:00:00+00:00,2025-10-12 00:00:00+00:00,1760227200000,4.802e-05
2025-10-12 04:00:00+00:00,2025-10-12 00:00:00+00:00,1760227200000,4.802e-05
2025-10-12 08:00:00+00:00,2025-10-12 08:00:00+00:00,1760256000000,-0.00019139
2025-10-12 12:00:00+00:00,2025-10-12 08:00:00+00:00,1760256000000,-0.00019139
2025-10-12 16:00:00+00:00,2025-10-12 16:00:00+00:00,1760284800000,-0.00012203
2025-10-12 20:00:00+00:00,2025-10-12 16:00:00+00:00,1760284800000,-0.00012203
2025-10-13 00:00:00+00:00,2025-10-13 00:00:00+00:00,1760313600000,9.806e-05
2025-10-13 04:00:00+00:00,2025-10-13 00:00:00+00:00,1760313600000,9.806e-05
2025-10-13 08:00:00+00:00,2025-10-13 08:00:00+00:00,1760342400000,-7.108e-05
2025-10-13 12:00:00+00:00,2025-10-13 08:00:00+00:00,1760342400000,-7.108e-05
2025-10-13 16:00:00+00:00,2025-10-13 16:00:00+00:00,1760371200000,0.0001
2025-10-13 20:00:00+00:00,2025-10-13 16:00:00+00:00,1760371200000,0.0001
2025-10-14 00:00:00+00:00,2025-10-14 00:00:00+00:00,1760400000000,9.109e-05
2025-10-14 04:00:00+00:00,2025-10-14 00:00:00+00:00,1760400000000,9.109e-05
2025-10-14 08:00:00+00:00,2025-10-14 08:00:00+00:00,1760428800000,7.346e-05
2025-10-14 12:00:00+00:00,2025-10-14 08:00:00+00:00,1760428800000,7.346e-05
2025-10-14 16:00:00+00:00,2025-10-14 16:00:00+00:00,1760457600000,-1.439e-05
2025-10-14 20:00:00+00:00,2025-10-14 16:00:00+00:00,1760457600000,-1.439e-05
2025-10-15 00:00:00+00:00,2025-10-15 00:00:00+00:00,1760486400000,0.0001
2025-10-15 04:00:00+00:00,2025-10-15 00:00:00+00:00,1760486400000,0.0001
2025-10-15 08:00:00+00:00,2025-10-15 08:00:00+00:00,1760515200000,9.351e-05
2025-10-15 12:00:00+00:00,2025-10-15 08:00:00+00:00,1760515200000,9.351e-05
2025-10-15 16:00:00+00:00,2025-10-15 16:00:00+00:00,1760544000000,-8.66e-05
2025-10-15 20:00:00+00:00,2025-10-15 16:00:00+00:00,1760544000000,-8.66e-05
2025-10-16 00:00:00+00:00,2025-10-16 00:00:00+00:00,1760572800000,3.968e-05
2025-10-16 04:00:00+00:00,2025-10-16 00:00:00+00:00,1760572800000,3.968e-05
2025-10-16 08:00:00+00:00,2025-10-16 08:00:00+00:00,1760601600000,-2.179e-05
2025-10-16 12:00:00+00:00,2025-10-16 08:00:00+00:00,1760601600000,-2.179e-05
2025-10-16 16:00:00+00:00,2025-10-16 16:00:00+00:00,1760630400000,4.989e-05
2025-10-16 20:00:00+00:00,2025-10-16 16:00:00+00:00,1760630400000,4.989e-05
2025-10-17 00:00:00+00:00,2025-10-17 00:00:00+00:00,1760659200000,2.676e-05
2025-10-17 04:00:00+00:00,2025-10-17 00:00:00+00:00,1760659200000,2.676e-05
2025-10-17 08:00:00+00:00,2025-10-17 08:00:00+00:00,1760688000000,-3.884e-05
2025-10-17 12:00:00+00:00,2025-10-17 08:00:00+00:00,1760688000000,-3.884e-05
2025-10-17 16:00:00+00:00,2025-10-17 16:00:00+00:00,1760716800000,-2.388e-05
2025-10-17 20:00:00+00:00,2025-10-17 16:00:00+00:00,1760716800000,-2.388e-05
2025-10-18 00:00:00+00:00,2025-10-18 00:00:00+00:00,1760745600000,0.0001
2025-10-18 04:00:00+00:00,2025-10-18 00:00:00+00:00,1760745600000,0.0001
2025-10-18 08:00:00+00:00,2025-10-18 08:00:00+00:00,1760774400000,0.0001
2025-10-18 12:00:00+00:00,2025-10-18 08:00:00+00:00,1760774400000,0.0001
2025-10-18 16:00:00+00:00,2025-10-18 16:00:00+00:00,1760803200000,4.619e-05
2025-10-18 20:00:00+00:00,2025-10-18 16:00:00+00:00,1760803200000,4.619e-05
2025-10-19 00:00:00+00:00,2025-10-19 00:00:00+00:00,1760832000000,5.487e-05
2025-10-19 04:00:00+00:00,2025-10-19 00:00:00+00:00,1760832000000,5.487e-05
2025-10-19 08:00:00+00:00,2025-10-19 08:00:00+00:00,1760860800000,7e-08
2025-10-19 12:00:00+00:00,2025-10-19 08:00:00+00:00,1760860800000,7e-08
2025-10-19 16:00:00+00:00,2025-10-19 16:00:00+00:00,1760889600000,-8.481e-05
2025-10-19 20:00:00+00:00,2025-10-19 16:00:00+00:00,1760889600000,-8.481e-05
2025-10-20 00:00:00+00:00,2025-10-20 00:00:00+00:00,1760918400000,-7.06e-06
2025-10-20 04:00:00+00:00,2025-10-20 00:00:00+00:00,1760918400000,-7.06e-06
2025-10-20 08:00:00+00:00,2025-10-20 08:00:00+00:00,1760947200000,5.281e-05
2025-10-20 12:00:00+00:00,2025-10-20 08:00:00+00:00,1760947200000,5.281e-05
2025-10-20 16:00:00+00:00,2025-10-20 16:00:00+00:00,1760976000000,-1.059e-05
2025-10-20 20:00:00+00:00,2025-10-20 16:00:00+00:00,1760976000000,-1.059e-05
2025-10-21 00:00:00+00:00,2025-10-21 00:00:00+00:00,1761004800000,8.603e-05
2025-10-21 04:00:00+00:00,2025-10-21 00:00:00+00:00,1761004800000,8.603e-05
2025-10-21 08:00:00+00:00,2025-10-21 08:00:00+00:00,1761033600000,3.251e-05
2025-10-21 12:00:00+00:00,2025-10-21 08:00:00+00:00,1761033600000,3.251e-05
2025-10-21 16:00:00+00:00,2025-10-21 16:00:00+00:00,1761062400000,5.849e-05
2025-10-21 20:00:00+00:00,2025-10-21 16:00:00+00:00,1761062400000,5.849e-05
2025-10-22 00:00:00+00:00,2025-10-22 00:00:00+00:00,1761091200000,0.0001
2025-10-22 04:00:00+00:00,2025-10-22 00:00:00+00:00,1761091200000,0.0001
2025-10-22 08:00:00+00:00,2025-10-22 08:00:00+00:00,1761120000000,-0.00010034
2025-10-22 12:00:00+00:00,2025-10-22 08:00:00+00:00,1761120000000,-0.00010034
2025-10-22 16:00:00+00:00,2025-10-22 16:00:00+00:00,1761148800000,-7.022e-05
2025-10-22 20:00:00+00:00,2025-10-22 16:00:00+00:00,1761148800000,-7.022e-05
2025-10-23 00:00:00+00:00,2025-10-23 00:00:00+00:00,1761177600000,0.0001
2025-10-23 04:00:00+00:00,2025-10-23 00:00:00+00:00,1761177600000,0.0001
2025-10-23 08:00:00+00:00,2025-10-23 08:00:00+00:00,1761206400000,-6.643e-05
2025-10-23 12:00:00+00:00,2025-10-23 08:00:00+00:00,1761206400000,-6.643e-05
2025-10-23 16:00:00+00:00,2025-10-23 16:00:00+00:00,1761235200000,0.0001
2025-10-23 20:00:00+00:00,2025-10-23 16:00:00+00:00,1761235200000,0.0001
2025-10-24 00:00:00+00:00,2025-10-24 00:00:00+00:00,1761264000000,0.0001
2025-10-24 04:00:00+00:00,2025-10-24 00:00:00+00:00,1761264000000,0.0001
2025-10-24 08:00:00+00:00,2025-10-24 08:00:00+00:00,1761292800000,0.0001
2025-10-24 12:00:00+00:00,2025-10-24 08:00:00+00:00,1761292800000,0.0001
2025-10-24 16:00:00+00:00,2025-10-24 16:00:00+00:00,1761321600000,0.0001
2025-10-24 20:00:00+00:00,2025-10-24 16:00:00+00:00,1761321600000,0.0001
2025-10-25 00:00:00+00:00,2025-10-25 00:00:00+00:00,1761350400000,0.0001
2025-10-25 04:00:00+00:00,2025-10-25 00:00:00+00:00,1761350400000,0.0001
2025-10-25 08:00:00+00:00,2025-10-25 08:00:00+00:00,1761379200000,0.0001
2025-10-25 12:00:00+00:00,2025-10-25 08:00:00+00:00,1761379200000,0.0001
2025-10-25 16:00:00+00:00,2025-10-25 16:00:00+00:00,1761408000000,0.0001
2025-10-25 20:00:00+00:00,2025-10-25 16:00:00+00:00,1761408000000,0.0001
2025-10-26 00:00:00+00:00,2025-10-26 00:00:00+00:00,1761436800000,0.0001
2025-10-26 04:00:00+00:00,2025-10-26 00:00:00+00:00,1761436800000,0.0001
2025-10-26 08:00:00+00:00,2025-10-26 08:00:00+00:00,1761465600000,0.0001
2025-10-26 12:00:00+00:00,2025-10-26 08:00:00+00:00,1761465600000,0.0001
2025-10-26 16:00:00+00:00,2025-10-26 16:00:00+00:00,1761494400000,0.0001
2025-10-26 20:00:00+00:00,2025-10-26 16:00:00+00:00,1761494400000,0.0001
2025-10-27 00:00:00+00:00,2025-10-27 00:00:00+00:00,1761523200000,0.0001
2025-10-27 04:00:00+00:00,2025-10-27 00:00:00+00:00,1761523200000,0.0001
2025-10-27 08:00:00+00:00,2025-10-27 08:00:00+00:00,1761552000000,7.91e-05
2025-10-27 12:00:00+00:00,2025-10-27 08:00:00+00:00,1761552000000,7.91e-05
2025-10-27 16:00:00+00:00,2025-10-27 16:00:00+00:00,1761580800000,4.45e-06
2025-10-27 20:00:00+00:00,2025-10-27 16:00:00+00:00,1761580800000,4.45e-06
2025-10-28 00:00:00+00:00,2025-10-28 00:00:00+00:00,1761609600000,0.0001
2025-10-28 04:00:00+00:00,2025-10-28 00:00:00+00:00,1761609600000,0.0001
2025-10-28 08:00:00+00:00,2025-10-28 08:00:00+00:00,1761638400000,1.997e-05
2025-10-28 12:00:00+00:00,2025-10-28 08:00:00+00:00,1761638400000,1.997e-05
2025-10-28 16:00:00+00:00,2025-10-28 16:00:00+00:00,1761667200000,9.216e-05
2025-10-28 20:00:00+00:00,2025-10-28 16:00:00+00:00,1761667200000,9.216e-05
2025-10-29 00:00:00+00:00,2025-10-29 00:00:00+00:00,1761696000000,-0.00014385
2025-10-29 04:00:00+00:00,2025-10-29 00:00:00+00:00,1761696000000,-0.00014385
2025-10-29 08:00:00+00:00,2025-10-29 08:00:00+00:00,1761724800000,-6.358e-05
2025-10-29 12:00:00+00:00,2025-10-29 08:00:00+00:00,1761724800000,-6.358e-05
2025-10-29 16:00:00+00:00,2025-10-29 16:00:00+00:00,1761753600000,0.0001
2025-10-29 20:00:00+00:00,2025-10-29 16:00:00+00:00,1761753600000,0.0001
2025-10-30 00:00:00+00:00,2025-10-30 00:00:00+00:00,1761782400000,0.0001
2025-10-30 04:00:00+00:00,2025-10-30 00:00:00+00:00,1761782400000,0.0001
2025-10-30 08:00:00+00:00,2025-10-30 08:00:00+00:00,1761811200000,4.56e-06
2025-10-30 12:00:00+00:00,2025-10-30 08:00:00+00:00,1761811200000,4.56e-06
2025-10-30 16:00:00+00:00,2025-10-30 16:00:00+00:00,1761840000000,-0.00029159
2025-10-30 20:00:00+00:00,2025-10-30 16:00:00+00:00,1761840000000,-0.00029159
2025-10-31 00:00:00+00:00,2025-10-31 00:00:00+00:00,1761868800000,-0.00023041
2025-10-31 04:00:00+00:00,2025-10-31 00:00:00+00:00,1761868800000,-0.00023041
2025-10-31 08:00:00+00:00,2025-10-31 08:00:00+00:00,1761897600000,-8.14e-05
2025-10-31 12:00:00+00:00,2025-10-31 08:00:00+00:00,1761897600000,-8.14e-05
2025-10-31 16:00:00+00:00,2025-10-31 16:00:00+00:00,1761926400000,-1.505e-05
2025-10-31 20:00:00+00:00,2025-10-31 16:00:00+00:00,1761926400000,-1.505e-05
2025-11-01 00:00:00+00:00,2025-11-01 00:00:00+00:00,1761955200000,0.0001
2025-11-01 04:00:00+00:00,2025-11-01 00:00:00+00:00,1761955200000,0.0001
2025-11-01 08:00:00+00:00,2025-11-01 08:00:00+00:00,1761984000000,0.0001
2025-11-01 12:00:00+00:00,2025-11-01 08:00:00+00:00,1761984000000,0.0001
2025-11-01 16:00:00+00:00,2025-11-01 16:00:00+00:00,1762012800000,0.0001
2025-11-01 20:00:00+00:00,2025-11-01 16:00:00+00:00,1762012800000,0.0001
2025-11-02 00:00:00+00:00,2025-11-02 00:00:00+00:00,1762041600000,0.0001
2025-11-02 04:00:00+00:00,2025-11-02 00:00:00+00:00,1762041600000,0.0001
2025-11-02 08:00:00+00:00,2025-11-02 08:00:00+00:00,1762070400000,0.0001
2025-11-02 12:00:00+00:00,2025-11-02 08:00:00+00:00,1762070400000,0.0001
2025-11-02 16:00:00+00:00,2025-11-02 16:00:00+00:00,1762099200000,0.0001
2025-11-02 20:00:00+00:00,2025-11-02 16:00:00+00:00,1762099200000,0.0001
2025-11-03 00:00:00+00:00,2025-11-03 00:00:00+00:00,1762128000000,0.0001
2025-11-03 04:00:00+00:00,2025-11-03 00:00:00+00:00,1762128000000,0.0001
2025-11-03 08:00:00+00:00,2025-11-03 08:00:00+00:00,1762156800000,-4.972e-05
2025-11-03 12:00:00+00:00,2025-11-03 08:00:00+00:00,1762156800000,-4.972e-05
2025-11-03 16:00:00+00:00,2025-11-03 16:00:00+00:00,1762185600000,-0.00025387
2025-11-03 20:00:00+00:00,2025-11-03 16:00:00+00:00,1762185600000,-0.00025387
2025-11-04 00:00:00+00:00,2025-11-04 00:00:00+00:00,1762214400000,3.986e-05
2025-11-04 04:00:00+00:00,2025-11-04 00:00:00+00:00,1762214400000,3.986e-05
2025-11-04 08:00:00+00:00,2025-11-04 08:00:00+00:00,1762243200000,-1.032e-05
2025-11-04 12:00:00+00:00,2025-11-04 08:00:00+00:00,1762243200000,-1.032e-05
2025-11-04 16:00:00+00:00,2025-11-04 16:00:00+00:00,1762272000000,0.0001
2025-11-04 20:00:00+00:00,2025-11-04 16:00:00+00:00,1762272000000,0.0001
2025-11-05 00:00:00+00:00,2025-11-05 00:00:00+00:00,1762300800000,0.0001
2025-11-05 04:00:00+00:00,2025-11-05 00:00:00+00:00,1762300800000,0.0001
2025-11-05 08:00:00+00:00,2025-11-05 08:00:00+00:00,1762329600000,0.0001
2025-11-05 12:00:00+00:00,2025-11-05 08:00:00+00:00,1762329600000,0.0001
2025-11-05 16:00:00+00:00,2025-11-05 16:00:00+00:00,1762358400000,8.297e-05
2025-11-05 20:00:00+00:00,2025-11-05 16:00:00+00:00,1762358400000,8.297e-05
2025-11-06 00:00:00+00:00,2025-11-06 00:00:00+00:00,1762387200000,8.168e-05
2025-11-06 04:00:00+00:00,2025-11-06 00:00:00+00:00,1762387200000,8.168e-05
2025-11-06 08:00:00+00:00,2025-11-06 08:00:00+00:00,1762416000000,0.0001
2025-11-06 12:00:00+00:00,2025-11-06 08:00:00+00:00,1762416000000,0.0001
2025-11-06 16:00:00+00:00,2025-11-06 16:00:00+00:00,1762444800000,-3.62e-06
2025-11-06 20:00:00+00:00,2025-11-06 16:00:00+00:00,1762444800000,-3.62e-06
2025-11-07 00:00:00+00:00,2025-11-07 00:00:00+00:00,1762473600000,9.12e-06
2025-11-07 04:00:00+00:00,2025-11-07 00:00:00+00:00,1762473600000,9.12e-06
2025-11-07 08:00:00+00:00,2025-11-07 08:00:00+00:00,1762502400000,0.0001
2025-11-07 12:00:00+00:00,2025-11-07 08:00:00+00:00,1762502400000,0.0001
2025-11-07 16:00:00+00:00,2025-11-07 16:00:00+00:00,1762531200000,0.0001
2025-11-07 20:00:00+00:00,2025-11-07 16:00:00+00:00,1762531200000,0.0001
2025-11-08 00:00:00+00:00,2025-11-08 00:00:00+00:00,1762560000000,0.0001
2025-11-08 04:00:00+00:00,2025-11-08 00:00:00+00:00,1762560000000,0.0001
2025-11-08 08:00:00+00:00,2025-11-08 08:00:00+00:00,1762588800000,0.0001
2025-11-08 12:00:00+00:00,2025-11-08 08:00:00+00:00,1762588800000,0.0001
2025-11-08 16:00:00+00:00,2025-11-08 16:00:00+00:00,1762617600000,6.795e-05
2025-11-08 20:00:00+00:00,2025-11-08 16:00:00+00:00,1762617600000,6.795e-05
2025-11-09 00:00:00+00:00,2025-11-09 00:00:00+00:00,1762646400000,-2.61e-06
2025-11-09 04:00:00+00:00,2025-11-09 00:00:00+00:00,1762646400000,-2.61e-06
2025-11-09 08:00:00+00:00,2025-11-09 08:00:00+00:00,1762675200000,6.514e-05
2025-11-09 12:00:00+00:00,2025-11-09 08:00:00+00:00,1762675200000,6.514e-05
2025-11-09 16:00:00+00:00,2025-11-09 16:00:00+00:00,1762704000000,1.178e-05
2025-11-09 20:00:00+00:00,2025-11-09 16:00:00+00:00,1762704000000,1.178e-05
2025-11-10 00:00:00+00:00,2025-11-10 00:00:00+00:00,1762732800000,0.0001
2025-11-10 04:00:00+00:00,2025-11-10 00:00:00+00:00,1762732800000,0.0001
2025-11-10 08:00:00+00:00,2025-11-10 08:00:00+00:00,1762761600000,4.618e-05
2025-11-10 12:00:00+00:00,2025-11-10 08:00:00+00:00,1762761600000,4.618e-05
2025-11-10 16:00:00+00:00,2025-11-10 16:00:00+00:00,1762790400000,0.0001
2025-11-10 20:00:00+00:00,2025-11-10 16:00:00+00:00,1762790400000,0.0001
2025-11-11 00:00:00+00:00,2025-11-11 00:00:00+00:00,1762819200000,7.313e-05
2025-11-11 04:00:00+00:00,2025-11-11 00:00:00+00:00,1762819200000,7.313e-05
2025-11-11 08:00:00+00:00,2025-11-11 08:00:00+00:00,1762848000000,-7.558e-05
2025-11-11 12:00:00+00:00,2025-11-11 08:00:00+00:00,1762848000000,-7.558e-05
2025-11-11 16:00:00+00:00,2025-11-11 16:00:00+00:00,1762876800000,3.988e-05
2025-11-11 20:00:00+00:00,2025-11-11 16:00:00+00:00,1762876800000,3.988e-05
2025-11-12 00:00:00+00:00,2025-11-12 00:00:00+00:00,1762905600000,7.208e-05
2025-11-12 04:00:00+00:00,2025-11-12 00:00:00+00:00,1762905600000,7.208e-05
2025-11-12 08:00:00+00:00,2025-11-12 08:00:00+00:00,1762934400000,-0.00016451
2025-11-12 12:00:00+00:00,2025-11-12 08:00:00+00:00,1762934400000,-0.00016451
2025-11-12 16:00:00+00:00,2025-11-12 16:00:00+00:00,1762963200000,9.243e-05
2025-11-12 20:00:00+00:00,2025-11-12 16:00:00+00:00,1762963200000,9.243e-05
2025-11-13 00:00:00+00:00,2025-11-13 00:00:00+00:00,1762992000000,-5.157e-05
2025-11-13 04:00:00+00:00,2025-11-13 00:00:00+00:00,1762992000000,-5.157e-05
2025-11-13 08:00:00+00:00,2025-11-13 08:00:00+00:00,1763020800000,9.269e-05
2025-11-13 12:00:00+00:00,2025-11-13 08:00:00+00:00,1763020800000,9.269e-05
2025-11-13 16:00:00+00:00,2025-11-13 16:00:00+00:00,1763049600000,0.0001
2025-11-13 20:00:00+00:00,2025-11-13 16:00:00+00:00,1763049600000,0.0001
2025-11-14 00:00:00+00:00,2025-11-14 00:00:00+00:00,1763078400000,-0.00012191
2025-11-14 04:00:00+00:00,2025-11-14 00:00:00+00:00,1763078400000,-0.00012191
2025-11-14 08:00:00+00:00,2025-11-14 08:00:00+00:00,1763107200000,-3.916e-05
2025-11-14 12:00:00+00:00,2025-11-14 08:00:00+00:00,1763107200000,-3.916e-05
2025-11-14 16:00:00+00:00,2025-11-14 16:00:00+00:00,1763136000000,1.603e-05
2025-11-14 20:00:00+00:00,2025-11-14 16:00:00+00:00,1763136000000,1.603e-05
2025-11-15 00:00:00+00:00,2025-11-15 00:00:00+00:00,1763164800000,-5.957e-05
2025-11-15 04:00:00+00:00,2025-11-15 00:00:00+00:00,1763164800000,-5.957e-05
2025-11-15 08:00:00+00:00,2025-11-15 08:00:00+00:00,1763193600000,-0.0001752
2025-11-15 12:00:00+00:00,2025-11-15 08:00:00+00:00,1763193600000,-0.0001752
2025-11-15 16:00:00+00:00,2025-11-15 16:00:00+00:00,1763222400000,5.576e-05
2025-11-15 20:00:00+00:00,2025-11-15 16:00:00+00:00,1763222400000,5.576e-05
2025-11-16 00:00:00+00:00,2025-11-16 00:00:00+00:00,1763251200000,6.583e-05
2025-11-16 04:00:00+00:00,2025-11-16 00:00:00+00:00,1763251200000,6.583e-05
2025-11-16 08:00:00+00:00,2025-11-16 08:00:00+00:00,1763280000000,7.133e-05
2025-11-16 12:00:00+00:00,2025-11-16 08:00:00+00:00,1763280000000,7.133e-05
2025-11-16 16:00:00+00:00,2025-11-16 16:00:00+00:00,1763308800000,-1.499e-05
2025-11-16 20:00:00+00:00,2025-11-16 16:00:00+00:00,1763308800000,-1.499e-05
2025-11-17 00:00:00+00:00,2025-11-17 00:00:00+00:00,1763337600000,0.0001
2025-11-17 04:00:00+00:00,2025-11-17 00:00:00+00:00,1763337600000,0.0001
2025-11-17 08:00:00+00:00,2025-11-17 08:00:00+00:00,1763366400000,0.0001
2025-11-17 12:00:00+00:00,2025-11-17 08:00:00+00:00,1763366400000,0.0001
2025-11-17 16:00:00+00:00,2025-11-17 16:00:00+00:00,1763395200000,0.0001
2025-11-17 20:00:00+00:00,2025-11-17 16:00:00+00:00,1763395200000,0.0001
2025-11-18 00:00:00+00:00,2025-11-18 00:00:00+00:00,1763424000000,1.028e-05
2025-11-18 04:00:00+00:00,2025-11-18 00:00:00+00:00,1763424000000,1.028e-05
2025-11-18 08:00:00+00:00,2025-11-18 08:00:00+00:00,1763452800000,0.0001
2025-11-18 12:00:00+00:00,2025-11-18 08:00:00+00:00,1763452800000,0.0001
2025-11-18 16:00:00+00:00,2025-11-18 16:00:00+00:00,1763481600000,0.0001
2025-11-18 20:00:00+00:00,2025-11-18 16:00:00+00:00,1763481600000,0.0001
2025-11-19 00:00:00+00:00,2025-11-19 00:00:00+00:00,1763510400000,7.932e-05
2025-11-19 04:00:00+00:00,2025-11-19 00:00:00+00:00,1763510400000,7.932e-05
2025-11-19 08:00:00+00:00,2025-11-19 08:00:00+00:00,1763539200000,9.14e-05
2025-11-19 12:00:00+00:00,2025-11-19 08:00:00+00:00,1763539200000,9.14e-05
2025-11-19 16:00:00+00:00,2025-11-19 16:00:00+00:00,1763568000000,2.211e-05
2025-11-19 20:00:00+00:00,2025-11-19 16:00:00+00:00,1763568000000,2.211e-05
2025-11-20 00:00:00+00:00,2025-11-20 00:00:00+00:00,1763596800000,0.0001
2025-11-20 04:00:00+00:00,2025-11-20 00:00:00+00:00,1763596800000,0.0001
2025-11-20 08:00:00+00:00,2025-11-20 08:00:00+00:00,1763625600000,0.0001
2025-11-20 12:00:00+00:00,2025-11-20 08:00:00+00:00,1763625600000,0.0001
2025-11-20 16:00:00+00:00,2025-11-20 16:00:00+00:00,1763654400000,0.0001
2025-11-20 20:00:00+00:00,2025-11-20 16:00:00+00:00,1763654400000,0.0001
2025-11-21 00:00:00+00:00,2025-11-21 00:00:00+00:00,1763683200000,-0.00010835
2025-11-21 04:00:00+00:00,2025-11-21 00:00:00+00:00,1763683200000,-0.00010835
2025-11-21 08:00:00+00:00,2025-11-21 08:00:00+00:00,1763712000000,5.671e-05
2025-11-21 12:00:00+00:00,2025-11-21 08:00:00+00:00,1763712000000,5.671e-05
2025-11-21 16:00:00+00:00,2025-11-21 16:00:00+00:00,1763740800000,0.0001
2025-11-21 20:00:00+00:00,2025-11-21 16:00:00+00:00,1763740800000,0.0001
2025-11-22 00:00:00+00:00,2025-11-22 00:00:00+00:00,1763769600000,1.857e-05
2025-11-22 04:00:00+00:00,2025-11-22 00:00:00+00:00,1763769600000,1.857e-05
2025-11-22 08:00:00+00:00,2025-11-22 08:00:00+00:00,1763798400000,7.739e-05
2025-11-22 12:00:00+00:00,2025-11-22 08:00:00+00:00,1763798400000,7.739e-05
2025-11-22 16:00:00+00:00,2025-11-22 16:00:00+00:00,1763827200000,-5.812e-05
2025-11-22 20:00:00+00:00,2025-11-22 16:00:00+00:00,1763827200000,-5.812e-05
2025-11-23 00:00:00+00:00,2025-11-23 00:00:00+00:00,1763856000000,0.0001
2025-11-23 04:00:00+00:00,2025-11-23 00:00:00+00:00,1763856000000,0.0001
2025-11-23 08:00:00+00:00,2025-11-23 08:00:00+00:00,1763884800000,6.462e-05
2025-11-23 12:00:00+00:00,2025-11-23 08:00:00+00:00,1763884800000,6.462e-05
2025-11-23 16:00:00+00:00,2025-11-23 16:00:00+00:00,1763913600000,0.0001
2025-11-23 20:00:00+00:00,2025-11-23 16:00:00+00:00,1763913600000,0.0001
2025-11-24 00:00:00+00:00,2025-11-24 00:00:00+00:00,1763942400000,0.0001
2025-11-24 04:00:00+00:00,2025-11-24 00:00:00+00:00,1763942400000,0.0001
2025-11-24 08:00:00+00:00,2025-11-24 08:00:00+00:00,1763971200000,8.594e-05
2025-11-24 12:00:00+00:00,2025-11-24 08:00:00+00:00,1763971200000,8.594e-05
2025-11-24 16:00:00+00:00,2025-11-24 16:00:00+00:00,1764000000000,-6.94e-06
2025-11-24 20:00:00+00:00,2025-11-24 16:00:00+00:00,1764000000000,-6.94e-06
2025-11-25 00:00:00+00:00,2025-11-25 00:00:00+00:00,1764028800000,0.0001
2025-11-25 04:00:00+00:00,2025-11-25 00:00:00+00:00,1764028800000,0.0001
2025-11-25 08:00:00+00:00,2025-11-25 08:00:00+00:00,1764057600000,-4.07e-05
2025-11-25 12:00:00+00:00,2025-11-25 08:00:00+00:00,1764057600000,-4.07e-05
2025-11-25 16:00:00+00:00,2025-11-25 16:00:00+00:00,1764086400000,5.814e-05
2025-11-25 20:00:00+00:00,2025-11-25 16:00:00+00:00,1764086400000,5.814e-05
2025-11-26 00:00:00+00:00,2025-11-26 00:00:00+00:00,1764115200000,0.0001
2025-11-26 04:00:00+00:00,2025-11-26 00:00:00+00:00,1764115200000,0.0001
2025-11-26 08:00:00+00:00,2025-11-26 08:00:00+00:00,1764144000000,0.0001
2025-11-26 12:00:00+00:00,2025-11-26 08:00:00+00:00,1764144000000,0.0001
2025-11-26 16:00:00+00:00,2025-11-26 16:00:00+00:00,1764172800000,3.161e-05
2025-11-26 20:00:00+00:00,2025-11-26 16:00:00+00:00,1764172800000,3.161e-05
2025-11-27 00:00:00+00:00,2025-11-27 00:00:00+00:00,1764201600000,0.0001
2025-11-27 04:00:00+00:00,2025-11-27 00:00:00+00:00,1764201600000,0.0001
2025-11-27 08:00:00+00:00,2025-11-27 08:00:00+00:00,1764230400000,0.0001
2025-11-27 12:00:00+00:00,2025-11-27 08:00:00+00:00,1764230400000,0.0001
2025-11-27 16:00:00+00:00,2025-11-27 16:00:00+00:00,1764259200000,0.0001
2025-11-27 20:00:00+00:00,2025-11-27 16:00:00+00:00,1764259200000,0.0001
2025-11-28 00:00:00+00:00,2025-11-28 00:00:00+00:00,1764288000000,0.0001
2025-11-28 04:00:00+00:00,2025-11-28 00:00:00+00:00,1764288000000,0.0001
2025-11-28 08:00:00+00:00,2025-11-28 08:00:00+00:00,1764316800000,8.623e-05
2025-11-28 12:00:00+00:00,2025-11-28 08:00:00+00:00,1764316800000,8.623e-05
2025-11-28 16:00:00+00:00,2025-11-28 16:00:00+00:00,1764345600000,5.136e-05
2025-11-28 20:00:00+00:00,2025-11-28 16:00:00+00:00,1764345600000,5.136e-05
2025-11-29 00:00:00+00:00,2025-11-29 00:00:00+00:00,1764374400000,-4.82e-05
2025-11-29 04:00:00+00:00,2025-11-29 00:00:00+00:00,1764374400000,-4.82e-05
2025-11-29 08:00:00+00:00,2025-11-29 08:00:00+00:00,1764403200000,-3.333e-05
2025-11-29 12:00:00+00:00,2025-11-29 08:00:00+00:00,1764403200000,-3.333e-05
2025-11-29 16:00:00+00:00,2025-11-29 16:00:00+00:00,1764432000000,0.0001
2025-11-29 20:00:00+00:00,2025-11-29 16:00:00+00:00,1764432000000,0.0001
2025-11-30 00:00:00+00:00,2025-11-30 00:00:00+00:00,1764460800000,8.237e-05
2025-11-30 04:00:00+00:00,2025-11-30 00:00:00+00:00,1764460800000,8.237e-05
2025-11-30 08:00:00+00:00,2025-11-30 08:00:00+00:00,1764489600000,0.0001
2025-11-30 12:00:00+00:00,2025-11-30 08:00:00+00:00,1764489600000,0.0001
2025-11-30 16:00:00+00:00,2025-11-30 16:00:00+00:00,1764518400000,0.0001
2025-11-30 20:00:00+00:00,2025-11-30 16:00:00+00:00,1764518400000,0.0001
2025-12-01 00:00:00+00:00,2025-12-01 00:00:00+00:00,1764547200000,4.047e-05
2025-12-01 04:00:00+00:00,2025-12-01 00:00:00+00:00,1764547200000,4.047e-05
2025-12-01 08:00:00+00:00,2025-12-01 08:00:00+00:00,1764576000000,-2.264e-05
2025-12-01 12:00:00+00:00,2025-12-01 08:00:00+00:00,1764576000000,-2.264e-05
2025-12-01 16:00:00+00:00,2025-12-01 16:00:00+00:00,1764604800000,-2.494e-05
2025-12-01 20:00:00+00:00,2025-12-01 16:00:00+00:00,1764604800000,-2.494e-05
2025-12-02 00:00:00+00:00,2025-12-02 00:00:00+00:00,1764633600000,6.789e-05
2025-12-02 04:00:00+00:00,2025-12-02 00:00:00+00:00,1764633600000,6.789e-05
2025-12-02 08:00:00+00:00,2025-12-02 08:00:00+00:00,1764662400000,0.0001
2025-12-02 12:00:00+00:00,2025-12-02 08:00:00+00:00,1764662400000,0.0001
2025-12-02 16:00:00+00:00,2025-12-02 16:00:00+00:00,1764691200000,-4.089e-05
2025-12-02 20:00:00+00:00,2025-12-02 16:00:00+00:00,1764691200000,-4.089e-05
2025-12-03 00:00:00+00:00,2025-12-03 00:00:00+00:00,1764720000000,0.0001
2025-12-03 04:00:00+00:00,2025-12-03 00:00:00+00:00,1764720000000,0.0001
2025-12-03 08:00:00+00:00,2025-12-03 08:00:00+00:00,1764748800000,0.0001
2025-12-03 12:00:00+00:00,2025-12-03 08:00:00+00:00,1764748800000,0.0001
2025-12-03 16:00:00+00:00,2025-12-03 16:00:00+00:00,1764777600000,0.0001
2025-12-03 20:00:00+00:00,2025-12-03 16:00:00+00:00,1764777600000,0.0001
2025-12-04 00:00:00+00:00,2025-12-04 00:00:00+00:00,1764806400000,0.0001
2025-12-04 04:00:00+00:00,2025-12-04 00:00:00+00:00,1764806400000,0.0001
2025-12-04 08:00:00+00:00,2025-12-04 08:00:00+00:00,1764835200000,0.0001
2025-12-04 12:00:00+00:00,2025-12-04 08:00:00+00:00,1764835200000,0.0001
2025-12-04 16:00:00+00:00,2025-12-04 16:00:00+00:00,1764864000000,0.0001
2025-12-04 20:00:00+00:00,2025-12-04 16:00:00+00:00,1764864000000,0.0001
2025-12-05 00:00:00+00:00,2025-12-05 00:00:00+00:00,1764892800000,7.93e-05
2025-12-05 04:00:00+00:00,2025-12-05 00:00:00+00:00,1764892800000,7.93e-05
2025-12-05 08:00:00+00:00,2025-12-05 08:00:00+00:00,1764921600000,0.0001
2025-12-05 12:00:00+00:00,2025-12-05 08:00:00+00:00,1764921600000,0.0001
2025-12-05 16:00:00+00:00,2025-12-05 16:00:00+00:00,1764950400000,-4.2e-06
2025-12-05 20:00:00+00:00,2025-12-05 16:00:00+00:00,1764950400000,-4.2e-06
2025-12-06 00:00:00+00:00,2025-12-06 00:00:00+00:00,1764979200000,-0.00010499
2025-12-06 04:00:00+00:00,2025-12-06 00:00:00+00:00,1764979200000,-0.00010499
2025-12-06 08:00:00+00:00,2025-12-06 08:00:00+00:00,1765008000000,-0.00014458
2025-12-06 12:00:00+00:00,2025-12-06 08:00:00+00:00,1765008000000,-0.00014458
2025-12-06 16:00:00+00:00,2025-12-06 16:00:00+00:00,1765036800000,1.06e-05
2025-12-06 20:00:00+00:00,2025-12-06 16:00:00+00:00,1765036800000,1.06e-05
2025-12-07 00:00:00+00:00,2025-12-07 00:00:00+00:00,1765065600000,0.0001
2025-12-07 04:00:00+00:00,2025-12-07 00:00:00+00:00,1765065600000,0.0001
2025-12-07 08:00:00+00:00,2025-12-07 08:00:00+00:00,1765094400000,1.755e-05
2025-12-07 12:00:00+00:00,2025-12-07 08:00:00+00:00,1765094400000,1.755e-05
2025-12-07 16:00:00+00:00,2025-12-07 16:00:00+00:00,1765123200000,2.573e-05
2025-12-07 20:00:00+00:00,2025-12-07 16:00:00+00:00,1765123200000,2.573e-05
2025-12-08 00:00:00+00:00,2025-12-08 00:00:00+00:00,1765152000000,-7.538e-05
2025-12-08 04:00:00+00:00,2025-12-08 00:00:00+00:00,1765152000000,-7.538e-05
2025-12-08 08:00:00+00:00,2025-12-08 08:00:00+00:00,1765180800000,0.0001
2025-12-08 12:00:00+00:00,2025-12-08 08:00:00+00:00,1765180800000,0.0001
2025-12-08 16:00:00+00:00,2025-12-08 16:00:00+00:00,1765209600000,0.0001
2025-12-08 20:00:00+00:00,2025-12-08 16:00:00+00:00,1765209600000,0.0001
2025-12-09 00:00:00+00:00,2025-12-09 00:00:00+00:00,1765238400000,0.0001
2025-12-09 04:00:00+00:00,2025-12-09 00:00:00+00:00,1765238400000,0.0001
2025-12-09 08:00:00+00:00,2025-12-09 08:00:00+00:00,1765267200000,-6.048e-05
2025-12-09 12:00:00+00:00,2025-12-09 08:00:00+00:00,1765267200000,-6.048e-05
2025-12-09 16:00:00+00:00,2025-12-09 16:00:00+00:00,1765296000000,-7.099e-05
2025-12-09 20:00:00+00:00,2025-12-09 16:00:00+00:00,1765296000000,-7.099e-05
2025-12-10 00:00:00+00:00,2025-12-10 00:00:00+00:00,1765324800000,0.0001
2025-12-10 04:00:00+00:00,2025-12-10 00:00:00+00:00,1765324800000,0.0001
2025-12-10 08:00:00+00:00,2025-12-10 08:00:00+00:00,1765353600000,4.761e-05
2025-12-10 12:00:00+00:00,2025-12-10 08:00:00+00:00,1765353600000,4.761e-05
2025-12-10 16:00:00+00:00,2025-12-10 16:00:00+00:00,1765382400000,-6.171e-05
2025-12-10 20:00:00+00:00,2025-12-10 16:00:00+00:00,1765382400000,-6.171e-05
2025-12-11 00:00:00+00:00,2025-12-11 00:00:00+00:00,1765411200000,0.0001
2025-12-11 04:00:00+00:00,2025-12-11 00:00:00+00:00,1765411200000,0.0001
2025-12-11 08:00:00+00:00,2025-12-11 08:00:00+00:00,1765440000000,-7.683e-05
2025-12-11 12:00:00+00:00,2025-12-11 08:00:00+00:00,1765440000000,-7.683e-05
2025-12-11 16:00:00+00:00,2025-12-11 16:00:00+00:00,1765468800000,9.629e-05
2025-12-11 20:00:00+00:00,2025-12-11 16:00:00+00:00,1765468800000,9.629e-05
2025-12-12 00:00:00+00:00,2025-12-12 00:00:00+00:00,1765497600000,0.0001
2025-12-12 04:00:00+00:00,2025-12-12 00:00:00+00:00,1765497600000,0.0001
2025-12-12 08:00:00+00:00,2025-12-12 08:00:00+00:00,1765526400000,-3.994e-05
2025-12-12 12:00:00+00:00,2025-12-12 08:00:00+00:00,1765526400000,-3.994e-05
2025-12-12 16:00:00+00:00,2025-12-12 16:00:00+00:00,1765555200000,2.737e-05
2025-12-12 20:00:00+00:00,2025-12-12 16:00:00+00:00,1765555200000,2.737e-05
2025-12-13 00:00:00+00:00,2025-12-13 00:00:00+00:00,1765584000000,3.884e-05
2025-12-13 04:00:00+00:00,2025-12-13 00:00:00+00:00,1765584000000,3.884e-05
2025-12-13 08:00:00+00:00,2025-12-13 08:00:00+00:00,1765612800000,0.0001
2025-12-13 12:00:00+00:00,2025-12-13 08:00:00+00:00,1765612800000,0.0001
2025-12-13 16:00:00+00:00,2025-12-13 16:00:00+00:00,1765641600000,5.148e-05
2025-12-13 20:00:00+00:00,2025-12-13 16:00:00+00:00,1765641600000,5.148e-05
2025-12-14 00:00:00+00:00,2025-12-14 00:00:00+00:00,1765670400000,0.0001
2025-12-14 04:00:00+00:00,2025-12-14 00:00:00+00:00,1765670400000,0.0001
2025-12-14 08:00:00+00:00,2025-12-14 08:00:00+00:00,1765699200000,-6.576e-05
2025-12-14 12:00:00+00:00,2025-12-14 08:00:00+00:00,1765699200000,-6.576e-05
2025-12-14 16:00:00+00:00,2025-12-14 16:00:00+00:00,1765728000000,-7.507e-05
2025-12-14 20:00:00+00:00,2025-12-14 16:00:00+00:00,1765728000000,-7.507e-05
2025-12-15 00:00:00+00:00,2025-12-15 00:00:00+00:00,1765756800000,-1.328e-05
2025-12-15 04:00:00+00:00,2025-12-15 00:00:00+00:00,1765756800000,-1.328e-05
2025-12-15 08:00:00+00:00,2025-12-15 08:00:00+00:00,1765785600000,0.0001
2025-12-15 12:00:00+00:00,2025-12-15 08:00:00+00:00,1765785600000,0.0001
2025-12-15 16:00:00+00:00,2025-12-15 16:00:00+00:00,1765814400000,1.483e-05
2025-12-15 20:00:00+00:00,2025-12-15 16:00:00+00:00,1765814400000,1.483e-05
2025-12-16 00:00:00+00:00,2025-12-16 00:00:00+00:00,1765843200000,-0.00013502
2025-12-16 04:00:00+00:00,2025-12-16 00:00:00+00:00,1765843200000,-0.00013502
2025-12-16 08:00:00+00:00,2025-12-16 08:00:00+00:00,1765872000000,-4.243e-05
2025-12-16 12:00:00+00:00,2025-12-16 08:00:00+00:00,1765872000000,-4.243e-05
2025-12-16 16:00:00+00:00,2025-12-16 16:00:00+00:00,1765900800000,-4.12e-06
2025-12-16 20:00:00+00:00,2025-12-16 16:00:00+00:00,1765900800000,-4.12e-06
2025-12-17 00:00:00+00:00,2025-12-17 00:00:00+00:00,1765929600000,-0.00020249
2025-12-17 04:00:00+00:00,2025-12-17 00:00:00+00:00,1765929600000,-0.00020249
2025-12-17 08:00:00+00:00,2025-12-17 08:00:00+00:00,1765958400000,0.0001
2025-12-17 12:00:00+00:00,2025-12-17 08:00:00+00:00,1765958400000,0.0001
2025-12-17 16:00:00+00:00,2025-12-17 16:00:00+00:00,1765987200000,0.0001
2025-12-17 20:00:00+00:00,2025-12-17 16:00:00+00:00,1765987200000,0.0001
2025-12-18 00:00:00+00:00,2025-12-18 00:00:00+00:00,1766016000000,-0.00021103
2025-12-18 04:00:00+00:00,2025-12-18 00:00:00+00:00,1766016000000,-0.00021103
2025-12-18 08:00:00+00:00,2025-12-18 08:00:00+00:00,1766044800000,1.387e-05
2025-12-18 12:00:00+00:00,2025-12-18 08:00:00+00:00,1766044800000,1.387e-05
2025-12-18 16:00:00+00:00,2025-12-18 16:00:00+00:00,1766073600000,0.0001
2025-12-18 20:00:00+00:00,2025-12-18 16:00:00+00:00,1766073600000,0.0001
2025-12-19 00:00:00+00:00,2025-12-19 00:00:00+00:00,1766102400000,8.893e-05
2025-12-19 04:00:00+00:00,2025-12-19 00:00:00+00:00,1766102400000,8.893e-05
2025-12-19 08:00:00+00:00,2025-12-19 08:00:00+00:00,1766131200000,0.0001
2025-12-19 12:00:00+00:00,2025-12-19 08:00:00+00:00,1766131200000,0.0001
2025-12-19 16:00:00+00:00,2025-12-19 16:00:00+00:00,1766160000000,0.0001
2025-12-19 20:00:00+00:00,2025-12-19 16:00:00+00:00,1766160000000,0.0001
2025-12-20 00:00:00+00:00,2025-12-20 00:00:00+00:00,1766188800000,0.0001
2025-12-20 04:00:00+00:00,2025-12-20 00:00:00+00:00,1766188800000,0.0001
2025-12-20 08:00:00+00:00,2025-12-20 08:00:00+00:00,1766217600000,-3.785e-05
2025-12-20 12:00:00+00:00,2025-12-20 08:00:00+00:00,1766217600000,-3.785e-05
2025-12-20 16:00:00+00:00,2025-12-20 16:00:00+00:00,1766246400000,0.0001
2025-12-20 20:00:00+00:00,2025-12-20 16:00:00+00:00,1766246400000,0.0001
2025-12-21 00:00:00+00:00,2025-12-21 00:00:00+00:00,1766275200000,0.0001
2025-12-21 04:00:00+00:00,2025-12-21 00:00:00+00:00,1766275200000,0.0001
2025-12-21 08:00:00+00:00,2025-12-21 08:00:00+00:00,1766304000000,5.23e-05
2025-12-21 12:00:00+00:00,2025-12-21 08:00:00+00:00,1766304000000,5.23e-05
2025-12-21 16:00:00+00:00,2025-12-21 16:00:00+00:00,1766332800000,-0.00010512
2025-12-21 20:00:00+00:00,2025-12-21 16:00:00+00:00,1766332800000,-0.00010512
2025-12-22 00:00:00+00:00,2025-12-22 00:00:00+00:00,1766361600000,0.0001
2025-12-22 04:00:00+00:00,2025-12-22 00:00:00+00:00,1766361600000,0.0001
2025-12-22 08:00:00+00:00,2025-12-22 08:00:00+00:00,1766390400000,-2.351e-05
2025-12-22 12:00:00+00:00,2025-12-22 08:00:00+00:00,1766390400000,-2.351e-05
2025-12-22 16:00:00+00:00,2025-12-22 16:00:00+00:00,1766419200000,-9.125e-05
2025-12-22 20:00:00+00:00,2025-12-22 16:00:00+00:00,1766419200000,-9.125e-05
2025-12-23 00:00:00+00:00,2025-12-23 00:00:00+00:00,1766448000000,0.0001
2025-12-23 04:00:00+00:00,2025-12-23 00:00:00+00:00,1766448000000,0.0001
2025-12-23 08:00:00+00:00,2025-12-23 08:00:00+00:00,1766476800000,0.0001
2025-12-23 12:00:00+00:00,2025-12-23 08:00:00+00:00,1766476800000,0.0001
2025-12-23 16:00:00+00:00,2025-12-23 16:00:00+00:00,1766505600000,0.0001
2025-12-23 20:00:00+00:00,2025-12-23 16:00:00+00:00,1766505600000,0.0001
2025-12-24 00:00:00+00:00,2025-12-24 00:00:00+00:00,1766534400000,0.0001
2025-12-24 04:00:00+00:00,2025-12-24 00:00:00+00:00,1766534400000,0.0001
2025-12-24 08:00:00+00:00,2025-12-24 08:00:00+00:00,1766563200000,4.864e-05
2025-12-24 12:00:00+00:00,2025-12-24 08:00:00+00:00,1766563200000,4.864e-05
2025-12-24 16:00:00+00:00,2025-12-24 16:00:00+00:00,1766592000000,-5.25e-06
2025-12-24 20:00:00+00:00,2025-12-24 16:00:00+00:00,1766592000000,-5.25e-06
2025-12-25 00:00:00+00:00,2025-12-25 00:00:00+00:00,1766620800000,9.186e-05
2025-12-25 04:00:00+00:00,2025-12-25 00:00:00+00:00,1766620800000,9.186e-05
2025-12-25 08:00:00+00:00,2025-12-25 08:00:00+00:00,1766649600000,0.0001
2025-12-25 12:00:00+00:00,2025-12-25 08:00:00+00:00,1766649600000,0.0001
2025-12-25 16:00:00+00:00,2025-12-25 16:00:00+00:00,1766678400000,9.812e-05
2025-12-25 20:00:00+00:00,2025-12-25 16:00:00+00:00,1766678400000,9.812e-05
2025-12-26 00:00:00+00:00,2025-12-26 00:00:00+00:00,1766707200000,8.544e-05
2025-12-26 04:00:00+00:00,2025-12-26 00:00:00+00:00,1766707200000,8.544e-05
2025-12-26 08:00:00+00:00,2025-12-26 08:00:00+00:00,1766736000000,2.71e-06
2025-12-26 12:00:00+00:00,2025-12-26 08:00:00+00:00,1766736000000,2.71e-06
2025-12-26 16:00:00+00:00,2025-12-26 16:00:00+00:00,1766764800000,4.145e-05
2025-12-26 20:00:00+00:00,2025-12-26 16:00:00+00:00,1766764800000,4.145e-05
2025-12-27 00:00:00+00:00,2025-12-27 00:00:00+00:00,1766793600000,0.0001
2025-12-27 04:00:00+00:00,2025-12-27 00:00:00+00:00,1766793600000,0.0001
2025-12-27 08:00:00+00:00,2025-12-27 08:00:00+00:00,1766822400000,0.0001
2025-12-27 12:00:00+00:00,2025-12-27 08:00:00+00:00,1766822400000,0.0001
2025-12-27 16:00:00+00:00,2025-12-27 16:00:00+00:00,1766851200000,0.0001
2025-12-27 20:00:00+00:00,2025-12-27 16:00:00+00:00,1766851200000,0.0001
2025-12-28 00:00:00+00:00,2025-12-28 00:00:00+00:00,1766880000000,7.197e-05
2025-12-28 04:00:00+00:00,2025-12-28 00:00:00+00:00,1766880000000,7.197e-05
2025-12-28 08:00:00+00:00,2025-12-28 08:00:00+00:00,1766908800000,0.0001
2025-12-28 12:00:00+00:00,2025-12-28 08:00:00+00:00,1766908800000,0.0001
2025-12-28 16:00:00+00:00,2025-12-28 16:00:00+00:00,1766937600000,0.0001
2025-12-28 20:00:00+00:00,2025-12-28 16:00:00+00:00,1766937600000,0.0001
2025-12-29 00:00:00+00:00,2025-12-29 00:00:00+00:00,1766966400000,0.0001
2025-12-29 04:00:00+00:00,2025-12-29 00:00:00+00:00,1766966400000,0.0001
2025-12-29 08:00:00+00:00,2025-12-29 08:00:00+00:00,1766995200000,-5.339e-05
2025-12-29 12:00:00+00:00,2025-12-29 08:00:00+00:00,1766995200000,-5.339e-05
2025-12-29 16:00:00+00:00,2025-12-29 16:00:00+00:00,1767024000000,-1.096e-05
2025-12-29 20:00:00+00:00,2025-12-29 16:00:00+00:00,1767024000000,-1.096e-05
2025-12-30 00:00:00+00:00,2025-12-30 00:00:00+00:00,1767052800000,3.303e-05
2025-12-30 04:00:00+00:00,2025-12-30 00:00:00+00:00,1767052800000,3.303e-05
2025-12-30 08:00:00+00:00,2025-12-30 08:00:00+00:00,1767081600000,-7.441e-05
2025-12-30 12:00:00+00:00,2025-12-30 08:00:00+00:00,1767081600000,-7.441e-05
2025-12-30 16:00:00+00:00,2025-12-30 16:00:00+00:00,1767110400000,-2.528e-05
2025-12-30 20:00:00+00:00,2025-12-30 16:00:00+00:00,1767110400000,-2.528e-05
2025-12-31 00:00:00+00:00,2025-12-31 00:00:00+00:00,1767139200000,-5.013e-05
2025-12-31 04:00:00+00:00,2025-12-31 00:00:00+00:00,1767139200000,-5.013e-05
2025-12-31 08:00:00+00:00,2025-12-31 08:00:00+00:00,1767168000000,-6.615e-05
2025-12-31 12:00:00+00:00,2025-12-31 08:00:00+00:00,1767168000000,-6.615e-05
2025-12-31 16:00:00+00:00,2025-12-31 16:00:00+00:00,1767196800000,0.0001
2025-12-31 20:00:00+00:00,2025-12-31 16:00:00+00:00,1767196800000,0.0001
2026-01-01 00:00:00+00:00,2026-01-01 00:00:00+00:00,1767225600000,0.0001
2026-01-01 04:00:00+00:00,2026-01-01 00:00:00+00:00,1767225600000,0.0001
2026-01-01 08:00:00+00:00,2026-01-01 08:00:00+00:00,1767254400000,0.0001
2026-01-01 12:00:00+00:00,2026-01-01 08:00:00+00:00,1767254400000,0.0001
2026-01-01 16:00:00+00:00,2026-01-01 16:00:00+00:00,1767283200000,0.0001
2026-01-01 20:00:00+00:00,2026-01-01 16:00:00+00:00,1767283200000,0.0001
2026-01-02 00:00:00+00:00,2026-01-02 00:00:00+00:00,1767312000000,0.0001
2026-01-02 04:00:00+00:00,2026-01-02 00:00:00+00:00,1767312000000,0.0001
2026-01-02 08:00:00+00:00,2026-01-02 08:00:00+00:00,1767340800000,0.0001
2026-01-02 12:00:00+00:00,2026-01-02 08:00:00+00:00,1767340800000,0.0001
2026-01-02 16:00:00+00:00,2026-01-02 16:00:00+00:00,1767369600000,0.0001
2026-01-02 20:00:00+00:00,2026-01-02 16:00:00+00:00,1767369600000,0.0001
2026-01-03 00:00:00+00:00,2026-01-03 00:00:00+00:00,1767398400000,0.0001
2026-01-03 04:00:00+00:00,2026-01-03 00:00:00+00:00,1767398400000,0.0001
2026-01-03 08:00:00+00:00,2026-01-03 08:00:00+00:00,1767427200000,0.0001
2026-01-03 12:00:00+00:00,2026-01-03 08:00:00+00:00,1767427200000,0.0001
2026-01-03 16:00:00+00:00,2026-01-03 16:00:00+00:00,1767456000000,0.0001
2026-01-03 20:00:00+00:00,2026-01-03 16:00:00+00:00,1767456000000,0.0001
2026-01-04 00:00:00+00:00,2026-01-04 00:00:00+00:00,1767484800000,0.0001
2026-01-04 04:00:00+00:00,2026-01-04 00:00:00+00:00,1767484800000,0.0001
2026-01-04 08:00:00+00:00,2026-01-04 08:00:00+00:00,1767513600000,3.699e-05
2026-01-04 12:00:00+00:00,2026-01-04 08:00:00+00:00,1767513600000,3.699e-05
2026-01-04 16:00:00+00:00,2026-01-04 16:00:00+00:00,1767542400000,0.0001
2026-01-04 20:00:00+00:00,2026-01-04 16:00:00+00:00,1767542400000,0.0001
2026-01-05 00:00:00+00:00,2026-01-05 00:00:00+00:00,1767571200000,0.0001
2026-01-05 04:00:00+00:00,2026-01-05 00:00:00+00:00,1767571200000,0.0001
2026-01-05 08:00:00+00:00,2026-01-05 08:00:00+00:00,1767600000000,8.058e-05
2026-01-05 12:00:00+00:00,2026-01-05 08:00:00+00:00,1767600000000,8.058e-05
2026-01-05 16:00:00+00:00,2026-01-05 16:00:00+00:00,1767628800000,0.0001
2026-01-05 20:00:00+00:00,2026-01-05 16:00:00+00:00,1767628800000,0.0001
2026-01-06 00:00:00+00:00,2026-01-06 00:00:00+00:00,1767657600000,0.0001
2026-01-06 04:00:00+00:00,2026-01-06 00:00:00+00:00,1767657600000,0.0001
2026-01-06 08:00:00+00:00,2026-01-06 08:00:00+00:00,1767686400000,5.894e-05
2026-01-06 12:00:00+00:00,2026-01-06 08:00:00+00:00,1767686400000,5.894e-05
2026-01-06 16:00:00+00:00,2026-01-06 16:00:00+00:00,1767715200000,0.0001
2026-01-06 20:00:00+00:00,2026-01-06 16:00:00+00:00,1767715200000,0.0001
2026-01-07 00:00:00+00:00,2026-01-07 00:00:00+00:00,1767744000000,0.0001
2026-01-07 04:00:00+00:00,2026-01-07 00:00:00+00:00,1767744000000,0.0001
2026-01-07 08:00:00+00:00,2026-01-07 08:00:00+00:00,1767772800000,0.0001
2026-01-07 12:00:00+00:00,2026-01-07 08:00:00+00:00,1767772800000,0.0001
2026-01-07 16:00:00+00:00,2026-01-07 16:00:00+00:00,1767801600000,0.0001
2026-01-07 20:00:00+00:00,2026-01-07 16:00:00+00:00,1767801600000,0.0001
2026-01-08 00:00:00+00:00,2026-01-08 00:00:00+00:00,1767830400000,0.0001
2026-01-08 04:00:00+00:00,2026-01-08 00:00:00+00:00,1767830400000,0.0001
2026-01-08 08:00:00+00:00,2026-01-08 08:00:00+00:00,1767859200000,0.0001
2026-01-08 12:00:00+00:00,2026-01-08 08:00:00+00:00,1767859200000,0.0001
2026-01-08 16:00:00+00:00,2026-01-08 16:00:00+00:00,1767888000000,0.0001
2026-01-08 20:00:00+00:00,2026-01-08 16:00:00+00:00,1767888000000,0.0001
2026-01-09 00:00:00+00:00,2026-01-09 00:00:00+00:00,1767916800000,0.0001
2026-01-09 04:00:00+00:00,2026-01-09 00:00:00+00:00,1767916800000,0.0001
2026-01-09 08:00:00+00:00,2026-01-09 08:00:00+00:00,1767945600000,0.0001
2026-01-09 12:00:00+00:00,2026-01-09 08:00:00+00:00,1767945600000,0.0001
2026-01-09 16:00:00+00:00,2026-01-09 16:00:00+00:00,1767974400000,0.0001
2026-01-09 20:00:00+00:00,2026-01-09 16:00:00+00:00,1767974400000,0.0001
2026-01-10 00:00:00+00:00,2026-01-10 00:00:00+00:00,1768003200000,-3.139e-05
2026-01-10 04:00:00+00:00,2026-01-10 00:00:00+00:00,1768003200000,-3.139e-05
2026-01-10 08:00:00+00:00,2026-01-10 08:00:00+00:00,1768032000000,0.0001
2026-01-10 12:00:00+00:00,2026-01-10 08:00:00+00:00,1768032000000,0.0001
2026-01-10 16:00:00+00:00,2026-01-10 16:00:00+00:00,1768060800000,0.0001
2026-01-10 20:00:00+00:00,2026-01-10 16:00:00+00:00,1768060800000,0.0001
2026-01-11 00:00:00+00:00,2026-01-11 00:00:00+00:00,1768089600000,0.0001
2026-01-11 04:00:00+00:00,2026-01-11 00:00:00+00:00,1768089600000,0.0001
2026-01-11 08:00:00+00:00,2026-01-11 08:00:00+00:00,1768118400000,0.0001
2026-01-11 12:00:00+00:00,2026-01-11 08:00:00+00:00,1768118400000,0.0001
2026-01-11 16:00:00+00:00,2026-01-11 16:00:00+00:00,1768147200000,3.758e-05
2026-01-11 20:00:00+00:00,2026-01-11 16:00:00+00:00,1768147200000,3.758e-05
2026-01-12 00:00:00+00:00,2026-01-12 00:00:00+00:00,1768176000000,0.0001
2026-01-12 04:00:00+00:00,2026-01-12 00:00:00+00:00,1768176000000,0.0001
2026-01-12 08:00:00+00:00,2026-01-12 08:00:00+00:00,1768204800000,0.0001
2026-01-12 12:00:00+00:00,2026-01-12 08:00:00+00:00,1768204800000,0.0001
2026-01-12 16:00:00+00:00,2026-01-12 16:00:00+00:00,1768233600000,0.0001
2026-01-12 20:00:00+00:00,2026-01-12 16:00:00+00:00,1768233600000,0.0001
2026-01-13 00:00:00+00:00,2026-01-13 00:00:00+00:00,1768262400000,5.192e-05
2026-01-13 04:00:00+00:00,2026-01-13 00:00:00+00:00,1768262400000,5.192e-05
2026-01-13 08:00:00+00:00,2026-01-13 08:00:00+00:00,1768291200000,0.0001
2026-01-13 12:00:00+00:00,2026-01-13 08:00:00+00:00,1768291200000,0.0001
2026-01-13 16:00:00+00:00,2026-01-13 16:00:00+00:00,1768320000000,0.0001
2026-01-13 20:00:00+00:00,2026-01-13 16:00:00+00:00,1768320000000,0.0001
2026-01-14 00:00:00+00:00,2026-01-14 00:00:00+00:00,1768348800000,0.0001
2026-01-14 04:00:00+00:00,2026-01-14 00:00:00+00:00,1768348800000,0.0001
2026-01-14 08:00:00+00:00,2026-01-14 08:00:00+00:00,1768377600000,0.0001
2026-01-14 12:00:00+00:00,2026-01-14 08:00:00+00:00,1768377600000,0.0001
2026-01-14 16:00:00+00:00,2026-01-14 16:00:00+00:00,1768406400000,0.0001
2026-01-14 20:00:00+00:00,2026-01-14 16:00:00+00:00,1768406400000,0.0001
2026-01-15 00:00:00+00:00,2026-01-15 00:00:00+00:00,1768435200000,9.304e-05
2026-01-15 04:00:00+00:00,2026-01-15 00:00:00+00:00,1768435200000,9.304e-05
2026-01-15 08:00:00+00:00,2026-01-15 08:00:00+00:00,1768464000000,-0.00011615
2026-01-15 12:00:00+00:00,2026-01-15 08:00:00+00:00,1768464000000,-0.00011615
2026-01-15 16:00:00+00:00,2026-01-15 16:00:00+00:00,1768492800000,1.495e-05
2026-01-15 20:00:00+00:00,2026-01-15 16:00:00+00:00,1768492800000,1.495e-05
2026-01-16 00:00:00+00:00,2026-01-16 00:00:00+00:00,1768521600000,4.831e-05
2026-01-16 04:00:00+00:00,2026-01-16 00:00:00+00:00,1768521600000,4.831e-05
2026-01-16 08:00:00+00:00,2026-01-16 08:00:00+00:00,1768550400000,6.006e-05
2026-01-16 12:00:00+00:00,2026-01-16 08:00:00+00:00,1768550400000,6.006e-05
2026-01-16 16:00:00+00:00,2026-01-16 16:00:00+00:00,1768579200000,-4.973e-05
2026-01-16 20:00:00+00:00,2026-01-16 16:00:00+00:00,1768579200000,-4.973e-05
2026-01-17 00:00:00+00:00,2026-01-17 00:00:00+00:00,1768608000000,0.0001
2026-01-17 04:00:00+00:00,2026-01-17 00:00:00+00:00,1768608000000,0.0001
2026-01-17 08:00:00+00:00,2026-01-17 08:00:00+00:00,1768636800000,0.0001
2026-01-17 12:00:00+00:00,2026-01-17 08:00:00+00:00,1768636800000,0.0001
2026-01-17 16:00:00+00:00,2026-01-17 16:00:00+00:00,1768665600000,-0.00013763
2026-01-17 20:00:00+00:00,2026-01-17 16:00:00+00:00,1768665600000,-0.00013763
2026-01-18 00:00:00+00:00,2026-01-18 00:00:00+00:00,1768694400000,-5.865e-05
2026-01-18 04:00:00+00:00,2026-01-18 00:00:00+00:00,1768694400000,-5.865e-05
2026-01-18 08:00:00+00:00,2026-01-18 08:00:00+00:00,1768723200000,-9.548e-05
2026-01-18 12:00:00+00:00,2026-01-18 08:00:00+00:00,1768723200000,-9.548e-05
2026-01-18 16:00:00+00:00,2026-01-18 16:00:00+00:00,1768752000000,0.0001
2026-01-18 20:00:00+00:00,2026-01-18 16:00:00+00:00,1768752000000,0.0001
2026-01-19 00:00:00+00:00,2026-01-19 00:00:00+00:00,1768780800000,0.0001
2026-01-19 04:00:00+00:00,2026-01-19 00:00:00+00:00,1768780800000,0.0001
2026-01-19 08:00:00+00:00,2026-01-19 08:00:00+00:00,1768809600000,1.265e-05
2026-01-19 12:00:00+00:00,2026-01-19 08:00:00+00:00,1768809600000,1.265e-05
2026-01-19 16:00:00+00:00,2026-01-19 16:00:00+00:00,1768838400000,0.0001
2026-01-19 20:00:00+00:00,2026-01-19 16:00:00+00:00,1768838400000,0.0001
2026-01-20 00:00:00+00:00,2026-01-20 00:00:00+00:00,1768867200000,0.0001
2026-01-20 04:00:00+00:00,2026-01-20 00:00:00+00:00,1768867200000,0.0001
2026-01-20 08:00:00+00:00,2026-01-20 08:00:00+00:00,1768896000000,0.0001
2026-01-20 12:00:00+00:00,2026-01-20 08:00:00+00:00,1768896000000,0.0001
2026-01-20 16:00:00+00:00,2026-01-20 16:00:00+00:00,1768924800000,0.0001
2026-01-20 20:00:00+00:00,2026-01-20 16:00:00+00:00,1768924800000,0.0001
2026-01-21 00:00:00+00:00,2026-01-21 00:00:00+00:00,1768953600000,0.0001
2026-01-21 04:00:00+00:00,2026-01-21 00:00:00+00:00,1768953600000,0.0001
2026-01-21 08:00:00+00:00,2026-01-21 08:00:00+00:00,1768982400000,0.0001
2026-01-21 12:00:00+00:00,2026-01-21 08:00:00+00:00,1768982400000,0.0001
2026-01-21 16:00:00+00:00,2026-01-21 16:00:00+00:00,1769011200000,0.0001
2026-01-21 20:00:00+00:00,2026-01-21 16:00:00+00:00,1769011200000,0.0001
2026-01-22 00:00:00+00:00,2026-01-22 00:00:00+00:00,1769040000000,0.0001
2026-01-22 04:00:00+00:00,2026-01-22 00:00:00+00:00,1769040000000,0.0001
2026-01-22 08:00:00+00:00,2026-01-22 08:00:00+00:00,1769068800000,0.0001
2026-01-22 12:00:00+00:00,2026-01-22 08:00:00+00:00,1769068800000,0.0001
2026-01-22 16:00:00+00:00,2026-01-22 16:00:00+00:00,1769097600000,3.367e-05
2026-01-22 20:00:00+00:00,2026-01-22 16:00:00+00:00,1769097600000,3.367e-05
2026-01-23 00:00:00+00:00,2026-01-23 00:00:00+00:00,1769126400000,0.0001
2026-01-23 04:00:00+00:00,2026-01-23 00:00:00+00:00,1769126400000,0.0001
2026-01-23 08:00:00+00:00,2026-01-23 08:00:00+00:00,1769155200000,0.0001
2026-01-23 12:00:00+00:00,2026-01-23 08:00:00+00:00,1769155200000,0.0001
2026-01-23 16:00:00+00:00,2026-01-23 16:00:00+00:00,1769184000000,3.374e-05
2026-01-23 20:00:00+00:00,2026-01-23 16:00:00+00:00,1769184000000,3.374e-05
2026-01-24 00:00:00+00:00,2026-01-24 00:00:00+00:00,1769212800000,-5e-06
2026-01-24 04:00:00+00:00,2026-01-24 00:00:00+00:00,1769212800000,-5e-06
2026-01-24 08:00:00+00:00,2026-01-24 08:00:00+00:00,1769241600000,0.0001
2026-01-24 12:00:00+00:00,2026-01-24 08:00:00+00:00,1769241600000,0.0001
2026-01-24 16:00:00+00:00,2026-01-24 16:00:00+00:00,1769270400000,5.818e-05
2026-01-24 20:00:00+00:00,2026-01-24 16:00:00+00:00,1769270400000,5.818e-05
2026-01-25 00:00:00+00:00,2026-01-25 00:00:00+00:00,1769299200000,0.0001
2026-01-25 04:00:00+00:00,2026-01-25 00:00:00+00:00,1769299200000,0.0001
2026-01-25 08:00:00+00:00,2026-01-25 08:00:00+00:00,1769328000000,0.0001
2026-01-25 12:00:00+00:00,2026-01-25 08:00:00+00:00,1769328000000,0.0001
2026-01-25 16:00:00+00:00,2026-01-25 16:00:00+00:00,1769356800000,3.64e-06
2026-01-25 20:00:00+00:00,2026-01-25 16:00:00+00:00,1769356800000,3.64e-06
2026-01-26 00:00:00+00:00,2026-01-26 00:00:00+00:00,1769385600000,-0.00019733
2026-01-26 04:00:00+00:00,2026-01-26 00:00:00+00:00,1769385600000,-0.00019733
2026-01-26 08:00:00+00:00,2026-01-26 08:00:00+00:00,1769414400000,0.0001
2026-01-26 12:00:00+00:00,2026-01-26 08:00:00+00:00,1769414400000,0.0001
2026-01-26 16:00:00+00:00,2026-01-26 16:00:00+00:00,1769443200000,0.0001
2026-01-26 20:00:00+00:00,2026-01-26 16:00:00+00:00,1769443200000,0.0001
2026-01-27 00:00:00+00:00,2026-01-27 00:00:00+00:00,1769472000000,6.536e-05
2026-01-27 04:00:00+00:00,2026-01-27 00:00:00+00:00,1769472000000,6.536e-05
2026-01-27 08:00:00+00:00,2026-01-27 08:00:00+00:00,1769500800000,-3.713e-05
2026-01-27 12:00:00+00:00,2026-01-27 08:00:00+00:00,1769500800000,-3.713e-05
2026-01-27 16:00:00+00:00,2026-01-27 16:00:00+00:00,1769529600000,-0.00027628
2026-01-27 20:00:00+00:00,2026-01-27 16:00:00+00:00,1769529600000,-0.00027628
2026-01-28 00:00:00+00:00,2026-01-28 00:00:00+00:00,1769558400000,0.0001
2026-01-28 04:00:00+00:00,2026-01-28 00:00:00+00:00,1769558400000,0.0001
2026-01-28 08:00:00+00:00,2026-01-28 08:00:00+00:00,1769587200000,0.0001
2026-01-28 12:00:00+00:00,2026-01-28 08:00:00+00:00,1769587200000,0.0001
2026-01-28 16:00:00+00:00,2026-01-28 16:00:00+00:00,1769616000000,0.0001
2026-01-28 20:00:00+00:00,2026-01-28 16:00:00+00:00,1769616000000,0.0001
2026-01-29 00:00:00+00:00,2026-01-29 00:00:00+00:00,1769644800000,0.0001
2026-01-29 04:00:00+00:00,2026-01-29 00:00:00+00:00,1769644800000,0.0001
2026-01-29 08:00:00+00:00,2026-01-29 08:00:00+00:00,1769673600000,-8.457e-05
2026-01-29 12:00:00+00:00,2026-01-29 08:00:00+00:00,1769673600000,-8.457e-05
2026-01-29 16:00:00+00:00,2026-01-29 16:00:00+00:00,1769702400000,6.96e-06
2026-01-29 20:00:00+00:00,2026-01-29 16:00:00+00:00,1769702400000,6.96e-06
2026-01-30 00:00:00+00:00,2026-01-30 00:00:00+00:00,1769731200000,0.0001
2026-01-30 04:00:00+00:00,2026-01-30 00:00:00+00:00,1769731200000,0.0001
2026-01-30 08:00:00+00:00,2026-01-30 08:00:00+00:00,1769760000000,0.0001
2026-01-30 12:00:00+00:00,2026-01-30 08:00:00+00:00,1769760000000,0.0001
2026-01-30 16:00:00+00:00,2026-01-30 16:00:00+00:00,1769788800000,0.0001
2026-01-30 20:00:00+00:00,2026-01-30 16:00:00+00:00,1769788800000,0.0001
2026-01-31 00:00:00+00:00,2026-01-31 00:00:00+00:00,1769817600000,0.0001
2026-01-31 04:00:00+00:00,2026-01-31 00:00:00+00:00,1769817600000,0.0001
2026-01-31 08:00:00+00:00,2026-01-31 08:00:00+00:00,1769846400000,5.257e-05
2026-01-31 12:00:00+00:00,2026-01-31 08:00:00+00:00,1769846400000,5.257e-05
2026-01-31 16:00:00+00:00,2026-01-31 16:00:00+00:00,1769875200000,4.519e-05
2026-01-31 20:00:00+00:00,2026-01-31 16:00:00+00:00,1769875200000,4.519e-05
2026-02-01 00:00:00+00:00,2026-02-01 00:00:00+00:00,1769904000000,9.274e-05
2026-02-01 04:00:00+00:00,2026-02-01 00:00:00+00:00,1769904000000,9.274e-05
2026-02-01 08:00:00+00:00,2026-02-01 08:00:00+00:00,1769932800000,0.0001
2026-02-01 12:00:00+00:00,2026-02-01 08:00:00+00:00,1769932800000,0.0001
2026-02-01 16:00:00+00:00,2026-02-01 16:00:00+00:00,1769961600000,0.0001
2026-02-01 20:00:00+00:00,2026-02-01 16:00:00+00:00,1769961600000,0.0001
2026-02-02 00:00:00+00:00,2026-02-02 00:00:00+00:00,1769990400000,0.0001
2026-02-02 04:00:00+00:00,2026-02-02 00:00:00+00:00,1769990400000,0.0001
2026-02-02 08:00:00+00:00,2026-02-02 08:00:00+00:00,1770019200000,5.144e-05
2026-02-02 12:00:00+00:00,2026-02-02 08:00:00+00:00,1770019200000,5.144e-05
2026-02-02 16:00:00+00:00,2026-02-02 16:00:00+00:00,1770048000000,0.0001
2026-02-02 20:00:00+00:00,2026-02-02 16:00:00+00:00,1770048000000,0.0001
2026-02-03 00:00:00+00:00,2026-02-03 00:00:00+00:00,1770076800000,0.0001
2026-02-03 04:00:00+00:00,2026-02-03 00:00:00+00:00,1770076800000,0.0001
2026-02-03 08:00:00+00:00,2026-02-03 08:00:00+00:00,1770105600000,0.0001
2026-02-03 12:00:00+00:00,2026-02-03 08:00:00+00:00,1770105600000,0.0001
2026-02-03 16:00:00+00:00,2026-02-03 16:00:00+00:00,1770134400000,9.251e-05
2026-02-03 20:00:00+00:00,2026-02-03 16:00:00+00:00,1770134400000,9.251e-05
2026-02-04 00:00:00+00:00,2026-02-04 00:00:00+00:00,1770163200000,0.0001
2026-02-04 04:00:00+00:00,2026-02-04 00:00:00+00:00,1770163200000,0.0001
2026-02-04 08:00:00+00:00,2026-02-04 08:00:00+00:00,1770192000000,0.0001
2026-02-04 12:00:00+00:00,2026-02-04 08:00:00+00:00,1770192000000,0.0001
2026-02-04 16:00:00+00:00,2026-02-04 16:00:00+00:00,1770220800000,-0.00015915
2026-02-04 20:00:00+00:00,2026-02-04 16:00:00+00:00,1770220800000,-0.00015915
2026-02-05 00:00:00+00:00,2026-02-05 00:00:00+00:00,1770249600000,0.0001
2026-02-05 04:00:00+00:00,2026-02-05 00:00:00+00:00,1770249600000,0.0001
2026-02-05 08:00:00+00:00,2026-02-05 08:00:00+00:00,1770278400000,1.522e-05
2026-02-05 12:00:00+00:00,2026-02-05 08:00:00+00:00,1770278400000,1.522e-05
2026-02-05 16:00:00+00:00,2026-02-05 16:00:00+00:00,1770307200000,7.593e-05
2026-02-05 20:00:00+00:00,2026-02-05 16:00:00+00:00,1770307200000,7.593e-05
2026-02-06 00:00:00+00:00,2026-02-06 00:00:00+00:00,1770336000000,0.0001
2026-02-06 04:00:00+00:00,2026-02-06 00:00:00+00:00,1770336000000,0.0001
2026-02-06 08:00:00+00:00,2026-02-06 08:00:00+00:00,1770364800000,0.0001
2026-02-06 12:00:00+00:00,2026-02-06 08:00:00+00:00,1770364800000,0.0001
2026-02-06 16:00:00+00:00,2026-02-06 16:00:00+00:00,1770393600000,7.046e-05
2026-02-06 20:00:00+00:00,2026-02-06 16:00:00+00:00,1770393600000,7.046e-05
2026-02-07 00:00:00+00:00,2026-02-07 00:00:00+00:00,1770422400000,2.552e-05
2026-02-07 04:00:00+00:00,2026-02-07 00:00:00+00:00,1770422400000,2.552e-05
2026-02-07 08:00:00+00:00,2026-02-07 08:00:00+00:00,1770451200000,-2e-06
2026-02-07 12:00:00+00:00,2026-02-07 08:00:00+00:00,1770451200000,-2e-06
2026-02-07 16:00:00+00:00,2026-02-07 16:00:00+00:00,1770480000000,0.0001
2026-02-07 20:00:00+00:00,2026-02-07 16:00:00+00:00,1770480000000,0.0001
2026-02-08 00:00:00+00:00,2026-02-08 00:00:00+00:00,1770508800000,3.298e-05
2026-02-08 04:00:00+00:00,2026-02-08 00:00:00+00:00,1770508800000,3.298e-05
2026-02-08 08:00:00+00:00,2026-02-08 08:00:00+00:00,1770537600000,5.248e-05
2026-02-08 12:00:00+00:00,2026-02-08 08:00:00+00:00,1770537600000,5.248e-05
2026-02-08 16:00:00+00:00,2026-02-08 16:00:00+00:00,1770566400000,1.772e-05
2026-02-08 20:00:00+00:00,2026-02-08 16:00:00+00:00,1770566400000,1.772e-05
2026-02-09 00:00:00+00:00,2026-02-09 00:00:00+00:00,1770595200000,-1.723e-05
2026-02-09 04:00:00+00:00,2026-02-09 00:00:00+00:00,1770595200000,-1.723e-05
2026-02-09 08:00:00+00:00,2026-02-09 08:00:00+00:00,1770624000000,0.0001
2026-02-09 12:00:00+00:00,2026-02-09 08:00:00+00:00,1770624000000,0.0001
2026-02-09 16:00:00+00:00,2026-02-09 16:00:00+00:00,1770652800000,3.547e-05
2026-02-09 20:00:00+00:00,2026-02-09 16:00:00+00:00,1770652800000,3.547e-05
2026-02-10 00:00:00+00:00,2026-02-10 00:00:00+00:00,1770681600000,0.0001
2026-02-10 04:00:00+00:00,2026-02-10 00:00:00+00:00,1770681600000,0.0001
2026-02-10 08:00:00+00:00,2026-02-10 08:00:00+00:00,1770710400000,-4.661e-05
2026-02-10 12:00:00+00:00,2026-02-10 08:00:00+00:00,1770710400000,-4.661e-05
2026-02-10 16:00:00+00:00,2026-02-10 16:00:00+00:00,1770739200000,-0.00017345
2026-02-10 20:00:00+00:00,2026-02-10 16:00:00+00:00,1770739200000,-0.00017345
2026-02-11 00:00:00+00:00,2026-02-11 00:00:00+00:00,1770768000000,-0.00010282
2026-02-11 04:00:00+00:00,2026-02-11 00:00:00+00:00,1770768000000,-0.00010282
2026-02-11 08:00:00+00:00,2026-02-11 08:00:00+00:00,1770796800000,-1.71e-06
2026-02-11 12:00:00+00:00,2026-02-11 08:00:00+00:00,1770796800000,-1.71e-06
2026-02-11 16:00:00+00:00,2026-02-11 16:00:00+00:00,1770825600000,-0.00014171
2026-02-11 20:00:00+00:00,2026-02-11 16:00:00+00:00,1770825600000,-0.00014171
2026-02-12 00:00:00+00:00,2026-02-12 00:00:00+00:00,1770854400000,-1.314e-05
2026-02-12 04:00:00+00:00,2026-02-12 00:00:00+00:00,1770854400000,-1.314e-05
2026-02-12 08:00:00+00:00,2026-02-12 08:00:00+00:00,1770883200000,0.0001
2026-02-12 12:00:00+00:00,2026-02-12 08:00:00+00:00,1770883200000,0.0001
2026-02-12 16:00:00+00:00,2026-02-12 16:00:00+00:00,1770912000000,4.313e-05
2026-02-12 20:00:00+00:00,2026-02-12 16:00:00+00:00,1770912000000,4.313e-05
2026-02-13 00:00:00+00:00,2026-02-13 00:00:00+00:00,1770940800000,-3.735e-05
2026-02-13 04:00:00+00:00,2026-02-13 00:00:00+00:00,1770940800000,-3.735e-05
2026-02-13 08:00:00+00:00,2026-02-13 08:00:00+00:00,1770969600000,-0.00011091
2026-02-13 12:00:00+00:00,2026-02-13 08:00:00+00:00,1770969600000,-0.00011091
2026-02-13 16:00:00+00:00,2026-02-13 16:00:00+00:00,1770998400000,-4.859e-05
2026-02-13 20:00:00+00:00,2026-02-13 16:00:00+00:00,1770998400000,-4.859e-05
2026-02-14 00:00:00+00:00,2026-02-14 00:00:00+00:00,1771027200000,1.224e-05
2026-02-14 04:00:00+00:00,2026-02-14 00:00:00+00:00,1771027200000,1.224e-05
2026-02-14 08:00:00+00:00,2026-02-14 08:00:00+00:00,1771056000000,-0.00015867
2026-02-14 12:00:00+00:00,2026-02-14 08:00:00+00:00,1771056000000,-0.00015867
2026-02-14 16:00:00+00:00,2026-02-14 16:00:00+00:00,1771084800000,4.962e-05
2026-02-14 20:00:00+00:00,2026-02-14 16:00:00+00:00,1771084800000,4.962e-05
2026-02-15 00:00:00+00:00,2026-02-15 00:00:00+00:00,1771113600000,0.0001
2026-02-15 04:00:00+00:00,2026-02-15 00:00:00+00:00,1771113600000,0.0001
2026-02-15 08:00:00+00:00,2026-02-15 08:00:00+00:00,1771142400000,0.0001
2026-02-15 12:00:00+00:00,2026-02-15 08:00:00+00:00,1771142400000,0.0001
2026-02-15 16:00:00+00:00,2026-02-15 16:00:00+00:00,1771171200000,0.0001
2026-02-15 20:00:00+00:00,2026-02-15 16:00:00+00:00,1771171200000,0.0001
2026-02-16 00:00:00+00:00,2026-02-16 00:00:00+00:00,1771200000000,0.0001
2026-02-16 04:00:00+00:00,2026-02-16 00:00:00+00:00,1771200000000,0.0001
2026-02-16 08:00:00+00:00,2026-02-16 08:00:00+00:00,1771228800000,-1.64e-05
2026-02-16 12:00:00+00:00,2026-02-16 08:00:00+00:00,1771228800000,-1.64e-05
2026-02-16 16:00:00+00:00,2026-02-16 16:00:00+00:00,1771257600000,-0.00015335
2026-02-16 20:00:00+00:00,2026-02-16 16:00:00+00:00,1771257600000,-0.00015335
2026-02-17 00:00:00+00:00,2026-02-17 00:00:00+00:00,1771286400000,1.411e-05
2026-02-17 04:00:00+00:00,2026-02-17 00:00:00+00:00,1771286400000,1.411e-05
2026-02-17 08:00:00+00:00,2026-02-17 08:00:00+00:00,1771315200000,-9.823e-05
2026-02-17 12:00:00+00:00,2026-02-17 08:00:00+00:00,1771315200000,-9.823e-05
2026-02-17 16:00:00+00:00,2026-02-17 16:00:00+00:00,1771344000000,0.0001
2026-02-17 20:00:00+00:00,2026-02-17 16:00:00+00:00,1771344000000,0.0001
2026-02-18 00:00:00+00:00,2026-02-18 00:00:00+00:00,1771372800000,5.407e-05
2026-02-18 04:00:00+00:00,2026-02-18 00:00:00+00:00,1771372800000,5.407e-05
2026-02-18 08:00:00+00:00,2026-02-18 08:00:00+00:00,1771401600000,-4.381e-05
2026-02-18 12:00:00+00:00,2026-02-18 08:00:00+00:00,1771401600000,-4.381e-05
2026-02-18 16:00:00+00:00,2026-02-18 16:00:00+00:00,1771430400000,-4.24e-05
2026-02-18 20:00:00+00:00,2026-02-18 16:00:00+00:00,1771430400000,-4.24e-05
2026-02-19 00:00:00+00:00,2026-02-19 00:00:00+00:00,1771459200000,0.0001
2026-02-19 04:00:00+00:00,2026-02-19 00:00:00+00:00,1771459200000,0.0001
2026-02-19 08:00:00+00:00,2026-02-19 08:00:00+00:00,1771488000000,0.0001
2026-02-19 12:00:00+00:00,2026-02-19 08:00:00+00:00,1771488000000,0.0001
2026-02-19 16:00:00+00:00,2026-02-19 16:00:00+00:00,1771516800000,3.125e-05
2026-02-19 20:00:00+00:00,2026-02-19 16:00:00+00:00,1771516800000,3.125e-05
2026-02-20 00:00:00+00:00,2026-02-20 00:00:00+00:00,1771545600000,6.584e-05
2026-02-20 04:00:00+00:00,2026-02-20 00:00:00+00:00,1771545600000,6.584e-05
2026-02-20 08:00:00+00:00,2026-02-20 08:00:00+00:00,1771574400000,-9.762e-05
2026-02-20 12:00:00+00:00,2026-02-20 08:00:00+00:00,1771574400000,-9.762e-05
2026-02-20 16:00:00+00:00,2026-02-20 16:00:00+00:00,1771603200000,-4.844e-05
2026-02-20 20:00:00+00:00,2026-02-20 16:00:00+00:00,1771603200000,-4.844e-05
2026-02-21 00:00:00+00:00,2026-02-21 00:00:00+00:00,1771632000000,3.799e-05
2026-02-21 04:00:00+00:00,2026-02-21 00:00:00+00:00,1771632000000,3.799e-05
2026-02-21 08:00:00+00:00,2026-02-21 08:00:00+00:00,1771660800000,0.0001
2026-02-21 12:00:00+00:00,2026-02-21 08:00:00+00:00,1771660800000,0.0001
2026-02-21 16:00:00+00:00,2026-02-21 16:00:00+00:00,1771689600000,-0.0001219
2026-02-21 20:00:00+00:00,2026-02-21 16:00:00+00:00,1771689600000,-0.0001219
2026-02-22 00:00:00+00:00,2026-02-22 00:00:00+00:00,1771718400000,-1.003e-05
2026-02-22 04:00:00+00:00,2026-02-22 00:00:00+00:00,1771718400000,-1.003e-05
2026-02-22 08:00:00+00:00,2026-02-22 08:00:00+00:00,1771747200000,-7.429e-05
2026-02-22 12:00:00+00:00,2026-02-22 08:00:00+00:00,1771747200000,-7.429e-05
2026-02-22 16:00:00+00:00,2026-02-22 16:00:00+00:00,1771776000000,0.0001
2026-02-22 20:00:00+00:00,2026-02-22 16:00:00+00:00,1771776000000,0.0001
2026-02-23 00:00:00+00:00,2026-02-23 00:00:00+00:00,1771804800000,8.36e-05
2026-02-23 04:00:00+00:00,2026-02-23 00:00:00+00:00,1771804800000,8.36e-05
2026-02-23 08:00:00+00:00,2026-02-23 08:00:00+00:00,1771833600000,0.0001
2026-02-23 12:00:00+00:00,2026-02-23 08:00:00+00:00,1771833600000,0.0001
2026-02-23 16:00:00+00:00,2026-02-23 16:00:00+00:00,1771862400000,0.0001
2026-02-23 20:00:00+00:00,2026-02-23 16:00:00+00:00,1771862400000,0.0001
2026-02-24 00:00:00+00:00,2026-02-24 00:00:00+00:00,1771891200000,0.0001
2026-02-24 04:00:00+00:00,2026-02-24 00:00:00+00:00,1771891200000,0.0001
2026-02-24 08:00:00+00:00,2026-02-24 08:00:00+00:00,1771920000000,2.086e-05
2026-02-24 12:00:00+00:00,2026-02-24 08:00:00+00:00,1771920000000,2.086e-05
2026-02-24 16:00:00+00:00,2026-02-24 16:00:00+00:00,1771948800000,4.962e-05
2026-02-24 20:00:00+00:00,2026-02-24 16:00:00+00:00,1771948800000,4.962e-05
2026-02-25 00:00:00+00:00,2026-02-25 00:00:00+00:00,1771977600000,9.002e-05
2026-02-25 04:00:00+00:00,2026-02-25 00:00:00+00:00,1771977600000,9.002e-05
2026-02-25 08:00:00+00:00,2026-02-25 08:00:00+00:00,1772006400000,-0.00039497
2026-02-25 12:00:00+00:00,2026-02-25 08:00:00+00:00,1772006400000,-0.00039497
2026-02-25 16:00:00+00:00,2026-02-25 16:00:00+00:00,1772035200000,-5.032e-05
2026-02-25 20:00:00+00:00,2026-02-25 16:00:00+00:00,1772035200000,-5.032e-05
2026-02-26 00:00:00+00:00,2026-02-26 00:00:00+00:00,1772064000000,0.0001
2026-02-26 04:00:00+00:00,2026-02-26 00:00:00+00:00,1772064000000,0.0001
2026-02-26 08:00:00+00:00,2026-02-26 08:00:00+00:00,1772092800000,0.0001
2026-02-26 12:00:00+00:00,2026-02-26 08:00:00+00:00,1772092800000,0.0001
2026-02-26 16:00:00+00:00,2026-02-26 16:00:00+00:00,1772121600000,-0.00023196
2026-02-26 20:00:00+00:00,2026-02-26 16:00:00+00:00,1772121600000,-0.00023196
2026-02-27 00:00:00+00:00,2026-02-27 00:00:00+00:00,1772150400000,-0.00018817
2026-02-27 04:00:00+00:00,2026-02-27 00:00:00+00:00,1772150400000,-0.00018817
2026-02-27 08:00:00+00:00,2026-02-27 08:00:00+00:00,1772179200000,9.885e-05
2026-02-27 12:00:00+00:00,2026-02-27 08:00:00+00:00,1772179200000,9.885e-05
2026-02-27 16:00:00+00:00,2026-02-27 16:00:00+00:00,1772208000000,-0.00015879
2026-02-27 20:00:00+00:00,2026-02-27 16:00:00+00:00,1772208000000,-0.00015879
2026-02-28 00:00:00+00:00,2026-02-28 00:00:00+00:00,1772236800000,-4.495e-05
2026-02-28 04:00:00+00:00,2026-02-28 00:00:00+00:00,1772236800000,-4.495e-05
2026-02-28 08:00:00+00:00,2026-02-28 08:00:00+00:00,1772265600000,-4.075e-05
2026-02-28 12:00:00+00:00,2026-02-28 08:00:00+00:00,1772265600000,-4.075e-05
2026-02-28 16:00:00+00:00,2026-02-28 16:00:00+00:00,1772294400000,0.0001
2026-02-28 20:00:00+00:00,2026-02-28 16:00:00+00:00,1772294400000,0.0001
2026-03-01 00:00:00+00:00,2026-03-01 00:00:00+00:00,1772323200000,0.0001
2026-03-01 04:00:00+00:00,2026-03-01 00:00:00+00:00,1772323200000,0.0001
2026-03-01 08:00:00+00:00,2026-03-01 08:00:00+00:00,1772352000000,7.532e-05
2026-03-01 12:00:00+00:00,2026-03-01 08:00:00+00:00,1772352000000,7.532e-05
2026-03-01 16:00:00+00:00,2026-03-01 16:00:00+00:00,1772380800000,-4.981e-05
2026-03-01 20:00:00+00:00,2026-03-01 16:00:00+00:00,1772380800000,-4.981e-05
2026-03-02 00:00:00+00:00,2026-03-02 00:00:00+00:00,1772409600000,-0.00026357
2026-03-02 04:00:00+00:00,2026-03-02 00:00:00+00:00,1772409600000,-0.00026357
2026-03-02 08:00:00+00:00,2026-03-02 08:00:00+00:00,1772438400000,0.0001
2026-03-02 12:00:00+00:00,2026-03-02 08:00:00+00:00,1772438400000,0.0001
2026-03-02 16:00:00+00:00,2026-03-02 16:00:00+00:00,1772467200000,-0.00023334
2026-03-02 20:00:00+00:00,2026-03-02 16:00:00+00:00,1772467200000,-0.00023334
2026-03-03 00:00:00+00:00,2026-03-03 00:00:00+00:00,1772496000000,0.0001
2026-03-03 04:00:00+00:00,2026-03-03 00:00:00+00:00,1772496000000,0.0001
2026-03-03 08:00:00+00:00,2026-03-03 08:00:00+00:00,1772524800000,-7.683e-05
2026-03-03 12:00:00+00:00,2026-03-03 08:00:00+00:00,1772524800000,-7.683e-05
2026-03-03 16:00:00+00:00,2026-03-03 16:00:00+00:00,1772553600000,-0.00031728
2026-03-03 20:00:00+00:00,2026-03-03 16:00:00+00:00,1772553600000,-0.00031728
2026-03-04 00:00:00+00:00,2026-03-04 00:00:00+00:00,1772582400000,-1.674e-05
2026-03-04 04:00:00+00:00,2026-03-04 00:00:00+00:00,1772582400000,-1.674e-05
2026-03-04 08:00:00+00:00,2026-03-04 08:00:00+00:00,1772611200000,-1.76e-06
2026-03-04 12:00:00+00:00,2026-03-04 08:00:00+00:00,1772611200000,-1.76e-06
2026-03-04 16:00:00+00:00,2026-03-04 16:00:00+00:00,1772640000000,7.806e-05
2026-03-04 20:00:00+00:00,2026-03-04 16:00:00+00:00,1772640000000,7.806e-05
2026-03-05 00:00:00+00:00,2026-03-05 00:00:00+00:00,1772668800000,0.0001
2026-03-05 04:00:00+00:00,2026-03-05 00:00:00+00:00,1772668800000,0.0001
2026-03-05 08:00:00+00:00,2026-03-05 08:00:00+00:00,1772697600000,-0.00017752
2026-03-05 12:00:00+00:00,2026-03-05 08:00:00+00:00,1772697600000,-0.00017752
2026-03-05 16:00:00+00:00,2026-03-05 16:00:00+00:00,1772726400000,-0.00027462
2026-03-05 20:00:00+00:00,2026-03-05 16:00:00+00:00,1772726400000,-0.00027462
2026-03-06 00:00:00+00:00,2026-03-06 00:00:00+00:00,1772755200000,-0.00023075
2026-03-06 04:00:00+00:00,2026-03-06 00:00:00+00:00,1772755200000,-0.00023075
2026-03-06 08:00:00+00:00,2026-03-06 08:00:00+00:00,1772784000000,3.533e-05
2026-03-06 12:00:00+00:00,2026-03-06 08:00:00+00:00,1772784000000,3.533e-05
2026-03-06 16:00:00+00:00,2026-03-06 16:00:00+00:00,1772812800000,-0.00042426
2026-03-06 20:00:00+00:00,2026-03-06 16:00:00+00:00,1772812800000,-0.00042426
2026-03-07 00:00:00+00:00,2026-03-07 00:00:00+00:00,1772841600000,-0.00054136
2026-03-07 04:00:00+00:00,2026-03-07 00:00:00+00:00,1772841600000,-0.00054136
2026-03-07 08:00:00+00:00,2026-03-07 08:00:00+00:00,1772870400000,-0.00018549
2026-03-07 12:00:00+00:00,2026-03-07 08:00:00+00:00,1772870400000,-0.00018549
2026-03-07 16:00:00+00:00,2026-03-07 16:00:00+00:00,1772899200000,-0.00063565
2026-03-07 20:00:00+00:00,2026-03-07 16:00:00+00:00,1772899200000,-0.00063565
2026-03-08 00:00:00+00:00,2026-03-08 00:00:00+00:00,1772928000000,-0.00070093
2026-03-08 04:00:00+00:00,2026-03-08 00:00:00+00:00,1772928000000,-0.00070093
2026-03-08 08:00:00+00:00,2026-03-08 08:00:00+00:00,1772956800000,-0.00061302
2026-03-08 12:00:00+00:00,2026-03-08 08:00:00+00:00,1772956800000,-0.00061302
2026-03-08 16:00:00+00:00,2026-03-08 16:00:00+00:00,1772985600000,-0.00036212
2026-03-08 20:00:00+00:00,2026-03-08 16:00:00+00:00,1772985600000,-0.00036212
2026-03-09 00:00:00+00:00,2026-03-09 00:00:00+00:00,1773014400000,-0.00056884
2026-03-09 04:00:00+00:00,2026-03-09 00:00:00+00:00,1773014400000,-0.00056884
2026-03-09 08:00:00+00:00,2026-03-09 08:00:00+00:00,1773043200000,-0.00071009
2026-03-09 12:00:00+00:00,2026-03-09 08:00:00+00:00,1773043200000,-0.00071009
2026-03-09 16:00:00+00:00,2026-03-09 16:00:00+00:00,1773072000000,-0.00051606
2026-03-09 20:00:00+00:00,2026-03-09 16:00:00+00:00,1773072000000,-0.00051606
2026-03-10 00:00:00+00:00,2026-03-10 00:00:00+00:00,1773100800000,-0.00013051
2026-03-10 04:00:00+00:00,2026-03-10 00:00:00+00:00,1773100800000,-0.00013051
2026-03-10 08:00:00+00:00,2026-03-10 08:00:00+00:00,1773129600000,-0.00024092
2026-03-10 12:00:00+00:00,2026-03-10 08:00:00+00:00,1773129600000,-0.00024092
2026-03-10 16:00:00+00:00,2026-03-10 16:00:00+00:00,1773158400000,9.578e-05
2026-03-10 20:00:00+00:00,2026-03-10 16:00:00+00:00,1773158400000,9.578e-05
2026-03-11 00:00:00+00:00,2026-03-11 00:00:00+00:00,1773187200000,-0.00031062
2026-03-11 04:00:00+00:00,2026-03-11 00:00:00+00:00,1773187200000,-0.00031062
2026-03-11 08:00:00+00:00,2026-03-11 08:00:00+00:00,1773216000000,-0.00017209
2026-03-11 12:00:00+00:00,2026-03-11 08:00:00+00:00,1773216000000,-0.00017209
2026-03-11 16:00:00+00:00,2026-03-11 16:00:00+00:00,1773244800000,-0.00024456
2026-03-11 20:00:00+00:00,2026-03-11 16:00:00+00:00,1773244800000,-0.00024456
2026-03-12 00:00:00+00:00,2026-03-12 00:00:00+00:00,1773273600000,-7.53e-06
2026-03-12 04:00:00+00:00,2026-03-12 00:00:00+00:00,1773273600000,-7.53e-06
2026-03-12 08:00:00+00:00,2026-03-12 08:00:00+00:00,1773302400000,-0.00021495
2026-03-12 12:00:00+00:00,2026-03-12 08:00:00+00:00,1773302400000,-0.00021495
2026-03-12 16:00:00+00:00,2026-03-12 16:00:00+00:00,1773331200000,-0.00021188
2026-03-12 20:00:00+00:00,2026-03-12 16:00:00+00:00,1773331200000,-0.00021188
2026-03-13 00:00:00+00:00,2026-03-13 00:00:00+00:00,1773360000000,6.459e-05
2026-03-13 04:00:00+00:00,2026-03-13 00:00:00+00:00,1773360000000,6.459e-05
2026-03-13 08:00:00+00:00,2026-03-13 08:00:00+00:00,1773388800000,6.824e-05
2026-03-13 12:00:00+00:00,2026-03-13 08:00:00+00:00,1773388800000,6.824e-05
2026-03-13 16:00:00+00:00,2026-03-13 16:00:00+00:00,1773417600000,0.0001
2026-03-13 20:00:00+00:00,2026-03-13 16:00:00+00:00,1773417600000,0.0001
2026-03-14 00:00:00+00:00,2026-03-14 00:00:00+00:00,1773446400000,-5.719e-05
2026-03-14 04:00:00+00:00,2026-03-14 00:00:00+00:00,1773446400000,-5.719e-05
2026-03-14 08:00:00+00:00,2026-03-14 08:00:00+00:00,1773475200000,-0.00024502
2026-03-14 12:00:00+00:00,2026-03-14 08:00:00+00:00,1773475200000,-0.00024502
2026-03-14 16:00:00+00:00,2026-03-14 16:00:00+00:00,1773504000000,-0.00035951
2026-03-14 20:00:00+00:00,2026-03-14 16:00:00+00:00,1773504000000,-0.00035951
2026-03-15 00:00:00+00:00,2026-03-15 00:00:00+00:00,1773532800000,-0.00020235
2026-03-15 04:00:00+00:00,2026-03-15 00:00:00+00:00,1773532800000,-0.00020235
2026-03-15 08:00:00+00:00,2026-03-15 08:00:00+00:00,1773561600000,-0.00022785
2026-03-15 12:00:00+00:00,2026-03-15 08:00:00+00:00,1773561600000,-0.00022785
2026-03-15 16:00:00+00:00,2026-03-15 16:00:00+00:00,1773590400000,6.9e-05
2026-03-15 20:00:00+00:00,2026-03-15 16:00:00+00:00,1773590400000,6.9e-05
2026-03-16 00:00:00+00:00,2026-03-16 00:00:00+00:00,1773619200000,3.552e-05
2026-03-16 04:00:00+00:00,2026-03-16 00:00:00+00:00,1773619200000,3.552e-05
2026-03-16 08:00:00+00:00,2026-03-16 08:00:00+00:00,1773648000000,0.0001
2026-03-16 12:00:00+00:00,2026-03-16 08:00:00+00:00,1773648000000,0.0001
2026-03-16 16:00:00+00:00,2026-03-16 16:00:00+00:00,1773676800000,0.0001
2026-03-16 20:00:00+00:00,2026-03-16 16:00:00+00:00,1773676800000,0.0001
2026-03-17 00:00:00+00:00,2026-03-17 00:00:00+00:00,1773705600000,0.0001
2026-03-17 04:00:00+00:00,2026-03-17 00:00:00+00:00,1773705600000,0.0001
2026-03-17 08:00:00+00:00,2026-03-17 08:00:00+00:00,1773734400000,0.0001
2026-03-17 12:00:00+00:00,2026-03-17 08:00:00+00:00,1773734400000,0.0001
2026-03-17 16:00:00+00:00,2026-03-17 16:00:00+00:00,1773763200000,-0.00017663
2026-03-17 20:00:00+00:00,2026-03-17 16:00:00+00:00,1773763200000,-0.00017663
2026-03-18 00:00:00+00:00,2026-03-18 00:00:00+00:00,1773792000000,-0.00015537
2026-03-18 04:00:00+00:00,2026-03-18 00:00:00+00:00,1773792000000,-0.00015537
2026-03-18 08:00:00+00:00,2026-03-18 08:00:00+00:00,1773820800000,-0.00021451
2026-03-18 12:00:00+00:00,2026-03-18 08:00:00+00:00,1773820800000,-0.00021451
2026-03-18 16:00:00+00:00,2026-03-18 16:00:00+00:00,1773849600000,0.0001
2026-03-18 20:00:00+00:00,2026-03-18 16:00:00+00:00,1773849600000,0.0001
2026-03-19 00:00:00+00:00,2026-03-19 00:00:00+00:00,1773878400000,-0.00017659
2026-03-19 04:00:00+00:00,2026-03-19 00:00:00+00:00,1773878400000,-0.00017659
2026-03-19 08:00:00+00:00,2026-03-19 08:00:00+00:00,1773907200000,-8.084e-05
2026-03-19 12:00:00+00:00,2026-03-19 08:00:00+00:00,1773907200000,-8.084e-05
2026-03-19 16:00:00+00:00,2026-03-19 16:00:00+00:00,1773936000000,1.641e-05
2026-03-19 20:00:00+00:00,2026-03-19 16:00:00+00:00,1773936000000,1.641e-05
2026-03-20 00:00:00+00:00,2026-03-20 00:00:00+00:00,1773964800000,-0.00011463
2026-03-20 04:00:00+00:00,2026-03-20 00:00:00+00:00,1773964800000,-0.00011463
2026-03-20 08:00:00+00:00,2026-03-20 08:00:00+00:00,1773993600000,-0.00027868
2026-03-20 12:00:00+00:00,2026-03-20 08:00:00+00:00,1773993600000,-0.00027868
2026-03-20 16:00:00+00:00,2026-03-20 16:00:00+00:00,1774022400000,-0.00032111
2026-03-20 20:00:00+00:00,2026-03-20 16:00:00+00:00,1774022400000,-0.00032111
2026-03-21 00:00:00+00:00,2026-03-21 00:00:00+00:00,1774051200000,-0.00017617
2026-03-21 04:00:00+00:00,2026-03-21 00:00:00+00:00,1774051200000,-0.00017617
2026-03-21 08:00:00+00:00,2026-03-21 08:00:00+00:00,1774080000000,-0.0003439
2026-03-21 12:00:00+00:00,2026-03-21 08:00:00+00:00,1774080000000,-0.0003439
2026-03-21 16:00:00+00:00,2026-03-21 16:00:00+00:00,1774108800000,-0.00024199
2026-03-21 20:00:00+00:00,2026-03-21 16:00:00+00:00,1774108800000,-0.00024199
2026-03-22 00:00:00+00:00,2026-03-22 00:00:00+00:00,1774137600000,-0.00025238
2026-03-22 04:00:00+00:00,2026-03-22 00:00:00+00:00,1774137600000,-0.00025238
2026-03-22 08:00:00+00:00,2026-03-22 08:00:00+00:00,1774166400000,-0.00043263
2026-03-22 12:00:00+00:00,2026-03-22 08:00:00+00:00,1774166400000,-0.00043263
2026-03-22 16:00:00+00:00,2026-03-22 16:00:00+00:00,1774195200000,-0.00024366
2026-03-22 20:00:00+00:00,2026-03-22 16:00:00+00:00,1774195200000,-0.00024366
2026-03-23 00:00:00+00:00,2026-03-23 00:00:00+00:00,1774224000000,-0.00017763
2026-03-23 04:00:00+00:00,2026-03-23 00:00:00+00:00,1774224000000,-0.00017763
2026-03-23 08:00:00+00:00,2026-03-23 08:00:00+00:00,1774252800000,-4.934e-05
2026-03-23 12:00:00+00:00,2026-03-23 08:00:00+00:00,1774252800000,-4.934e-05
2026-03-23 16:00:00+00:00,2026-03-23 16:00:00+00:00,1774281600000,-0.00021322
2026-03-23 20:00:00+00:00,2026-03-23 16:00:00+00:00,1774281600000,-0.00021322
2026-03-24 00:00:00+00:00,2026-03-24 00:00:00+00:00,1774310400000,-0.00011185
2026-03-24 04:00:00+00:00,2026-03-24 00:00:00+00:00,1774310400000,-0.00011185
2026-03-24 08:00:00+00:00,2026-03-24 08:00:00+00:00,1774339200000,2.293e-05
2026-03-24 12:00:00+00:00,2026-03-24 08:00:00+00:00,1774339200000,2.293e-05
2026-03-24 16:00:00+00:00,2026-03-24 16:00:00+00:00,1774368000000,7.86e-06
2026-03-24 20:00:00+00:00,2026-03-24 16:00:00+00:00,1774368000000,7.86e-06
2026-03-25 00:00:00+00:00,2026-03-25 00:00:00+00:00,1774396800000,0.0001
2026-03-25 04:00:00+00:00,2026-03-25 00:00:00+00:00,1774396800000,0.0001
2026-03-25 08:00:00+00:00,2026-03-25 08:00:00+00:00,1774425600000,0.0001
2026-03-25 12:00:00+00:00,2026-03-25 08:00:00+00:00,1774425600000,0.0001
2026-03-25 16:00:00+00:00,2026-03-25 16:00:00+00:00,1774454400000,0.0001
2026-03-25 20:00:00+00:00,2026-03-25 16:00:00+00:00,1774454400000,0.0001
2026-03-26 00:00:00+00:00,2026-03-26 00:00:00+00:00,1774483200000,0.0001
2026-03-26 04:00:00+00:00,2026-03-26 00:00:00+00:00,1774483200000,0.0001
2026-03-26 08:00:00+00:00,2026-03-26 08:00:00+00:00,1774512000000,-0.00010565
2026-03-26 12:00:00+00:00,2026-03-26 08:00:00+00:00,1774512000000,-0.00010565
2026-03-26 16:00:00+00:00,2026-03-26 16:00:00+00:00,1774540800000,-0.00014961
2026-03-26 20:00:00+00:00,2026-03-26 16:00:00+00:00,1774540800000,-0.00014961
2026-03-27 00:00:00+00:00,2026-03-27 00:00:00+00:00,1774569600000,-9.237e-05
2026-03-27 04:00:00+00:00,2026-03-27 00:00:00+00:00,1774569600000,-9.237e-05
2026-03-27 08:00:00+00:00,2026-03-27 08:00:00+00:00,1774598400000,9.686e-05
2026-03-27 12:00:00+00:00,2026-03-27 08:00:00+00:00,1774598400000,9.686e-05
2026-03-27 16:00:00+00:00,2026-03-27 16:00:00+00:00,1774627200000,-0.00031349
2026-03-27 20:00:00+00:00,2026-03-27 16:00:00+00:00,1774627200000,-0.00031349
2026-03-28 00:00:00+00:00,2026-03-28 00:00:00+00:00,1774656000000,-1.995e-05
2026-03-28 04:00:00+00:00,2026-03-28 00:00:00+00:00,1774656000000,-1.995e-05
2026-03-28 08:00:00+00:00,2026-03-28 08:00:00+00:00,1774684800000,-6.701e-05
2026-03-28 12:00:00+00:00,2026-03-28 08:00:00+00:00,1774684800000,-6.701e-05
2026-03-28 16:00:00+00:00,2026-03-28 16:00:00+00:00,1774713600000,7.977e-05
2026-03-28 20:00:00+00:00,2026-03-28 16:00:00+00:00,1774713600000,7.977e-05
2026-03-29 00:00:00+00:00,2026-03-29 00:00:00+00:00,1774742400000,8.233e-05
2026-03-29 04:00:00+00:00,2026-03-29 00:00:00+00:00,1774742400000,8.233e-05
2026-03-29 08:00:00+00:00,2026-03-29 08:00:00+00:00,1774771200000,-0.00028753
2026-03-29 12:00:00+00:00,2026-03-29 08:00:00+00:00,1774771200000,-0.00028753
2026-03-29 16:00:00+00:00,2026-03-29 16:00:00+00:00,1774800000000,-0.00026642
2026-03-29 20:00:00+00:00,2026-03-29 16:00:00+00:00,1774800000000,-0.00026642
2026-03-30 00:00:00+00:00,2026-03-30 00:00:00+00:00,1774828800000,-1.802e-05
2026-03-30 04:00:00+00:00,2026-03-30 00:00:00+00:00,1774828800000,-1.802e-05
2026-03-30 08:00:00+00:00,2026-03-30 08:00:00+00:00,1774857600000,5.575e-05
2026-03-30 12:00:00+00:00,2026-03-30 08:00:00+00:00,1774857600000,5.575e-05
2026-03-30 16:00:00+00:00,2026-03-30 16:00:00+00:00,1774886400000,0.0001
2026-03-30 20:00:00+00:00,2026-03-30 16:00:00+00:00,1774886400000,0.0001
2026-03-31 00:00:00+00:00,2026-03-31 00:00:00+00:00,1774915200000,0.0001
2026-03-31 04:00:00+00:00,2026-03-31 00:00:00+00:00,1774915200000,0.0001
2026-03-31 08:00:00+00:00,2026-03-31 08:00:00+00:00,1774944000000,-4.876e-05
2026-03-31 12:00:00+00:00,2026-03-31 08:00:00+00:00,1774944000000,-4.876e-05
2026-03-31 16:00:00+00:00,2026-03-31 16:00:00+00:00,1774972800000,-1.082e-05
2026-03-31 20:00:00+00:00,2026-03-31 16:00:00+00:00,1774972800000,-1.082e-05
2026-04-01 00:00:00+00:00,2026-04-01 00:00:00+00:00,1775001600000,0.0001
2026-04-01 04:00:00+00:00,2026-04-01 00:00:00+00:00,1775001600000,0.0001
2026-04-01 08:00:00+00:00,2026-04-01 08:00:00+00:00,1775030400000,9.998e-05
2026-04-01 12:00:00+00:00,2026-04-01 08:00:00+00:00,1775030400000,9.998e-05
2026-04-01 16:00:00+00:00,2026-04-01 16:00:00+00:00,1775059200000,-0.00028343
2026-04-01 20:00:00+00:00,2026-04-01 16:00:00+00:00,1775059200000,-0.00028343
2026-04-02 00:00:00+00:00,2026-04-02 00:00:00+00:00,1775088000000,8.23e-06
2026-04-02 04:00:00+00:00,2026-04-02 00:00:00+00:00,1775088000000,8.23e-06
2026-04-02 08:00:00+00:00,2026-04-02 08:00:00+00:00,1775116800000,-0.00048478
2026-04-02 12:00:00+00:00,2026-04-02 08:00:00+00:00,1775116800000,-0.00048478
2026-04-02 16:00:00+00:00,2026-04-02 16:00:00+00:00,1775145600000,-7.73e-05
2026-04-02 20:00:00+00:00,2026-04-02 16:00:00+00:00,1775145600000,-7.73e-05
2026-04-03 00:00:00+00:00,2026-04-03 00:00:00+00:00,1775174400000,5.216e-05
2026-04-03 04:00:00+00:00,2026-04-03 00:00:00+00:00,1775174400000,5.216e-05
2026-04-03 08:00:00+00:00,2026-04-03 08:00:00+00:00,1775203200000,0.0001
2026-04-03 12:00:00+00:00,2026-04-03 08:00:00+00:00,1775203200000,0.0001
2026-04-03 16:00:00+00:00,2026-04-03 16:00:00+00:00,1775232000000,0.0001
2026-04-03 20:00:00+00:00,2026-04-03 16:00:00+00:00,1775232000000,0.0001
2026-04-04 00:00:00+00:00,2026-04-04 00:00:00+00:00,1775260800000,0.0001
2026-04-04 04:00:00+00:00,2026-04-04 00:00:00+00:00,1775260800000,0.0001
2026-04-04 08:00:00+00:00,2026-04-04 08:00:00+00:00,1775289600000,-3.839e-05
2026-04-04 12:00:00+00:00,2026-04-04 08:00:00+00:00,1775289600000,-3.839e-05
2026-04-04 16:00:00+00:00,2026-04-04 16:00:00+00:00,1775318400000,-0.00016978
2026-04-04 20:00:00+00:00,2026-04-04 16:00:00+00:00,1775318400000,-0.00016978
2026-04-05 00:00:00+00:00,2026-04-05 00:00:00+00:00,1775347200000,4e-05
2026-04-05 04:00:00+00:00,2026-04-05 00:00:00+00:00,1775347200000,4e-05
2026-04-05 08:00:00+00:00,2026-04-05 08:00:00+00:00,1775376000000,-0.00023055
2026-04-05 12:00:00+00:00,2026-04-05 08:00:00+00:00,1775376000000,-0.00023055
2026-04-05 16:00:00+00:00,2026-04-05 16:00:00+00:00,1775404800000,-0.00015082
2026-04-05 20:00:00+00:00,2026-04-05 16:00:00+00:00,1775404800000,-0.00015082
2026-04-06 00:00:00+00:00,2026-04-06 00:00:00+00:00,1775433600000,0.0001
2026-04-06 04:00:00+00:00,2026-04-06 00:00:00+00:00,1775433600000,0.0001
2026-04-06 08:00:00+00:00,2026-04-06 08:00:00+00:00,1775462400000,0.0001
2026-04-06 12:00:00+00:00,2026-04-06 08:00:00+00:00,1775462400000,0.0001
2026-04-06 16:00:00+00:00,2026-04-06 16:00:00+00:00,1775491200000,0.0001
2026-04-06 20:00:00+00:00,2026-04-06 16:00:00+00:00,1775491200000,0.0001
2026-04-07 00:00:00+00:00,2026-04-07 00:00:00+00:00,1775520000000,-0.00016543
2026-04-07 04:00:00+00:00,2026-04-07 00:00:00+00:00,1775520000000,-0.00016543
2026-04-07 08:00:00+00:00,2026-04-07 08:00:00+00:00,1775548800000,-0.00025654
2026-04-07 12:00:00+00:00,2026-04-07 08:00:00+00:00,1775548800000,-0.00025654
2026-04-07 16:00:00+00:00,2026-04-07 16:00:00+00:00,1775577600000,-4.448e-05
2026-04-07 20:00:00+00:00,2026-04-07 16:00:00+00:00,1775577600000,-4.448e-05
2026-04-08 00:00:00+00:00,2026-04-08 00:00:00+00:00,1775606400000,0.0001
2026-04-08 04:00:00+00:00,2026-04-08 00:00:00+00:00,1775606400000,0.0001
2026-04-08 08:00:00+00:00,2026-04-08 08:00:00+00:00,1775635200000,0.0001
2026-04-08 12:00:00+00:00,2026-04-08 08:00:00+00:00,1775635200000,0.0001
2026-04-08 16:00:00+00:00,2026-04-08 16:00:00+00:00,1775664000000,0.0001
2026-04-08 20:00:00+00:00,2026-04-08 16:00:00+00:00,1775664000000,0.0001
2026-04-09 00:00:00+00:00,2026-04-09 00:00:00+00:00,1775692800000,0.0001
2026-04-09 04:00:00+00:00,2026-04-09 00:00:00+00:00,1775692800000,0.0001
2026-04-09 08:00:00+00:00,2026-04-09 08:00:00+00:00,1775721600000,-0.00013145
2026-04-09 12:00:00+00:00,2026-04-09 08:00:00+00:00,1775721600000,-0.00013145
2026-04-09 16:00:00+00:00,2026-04-09 16:00:00+00:00,1775750400000,-0.00017389
2026-04-09 20:00:00+00:00,2026-04-09 16:00:00+00:00,1775750400000,-0.00017389
2026-04-10 00:00:00+00:00,2026-04-10 00:00:00+00:00,1775779200000,-5.691e-05
2026-04-10 04:00:00+00:00,2026-04-10 00:00:00+00:00,1775779200000,-5.691e-05
2026-04-10 08:00:00+00:00,2026-04-10 08:00:00+00:00,1775808000000,0.0001
2026-04-10 12:00:00+00:00,2026-04-10 08:00:00+00:00,1775808000000,0.0001
2026-04-10 16:00:00+00:00,2026-04-10 16:00:00+00:00,1775836800000,0.0001
2026-04-10 20:00:00+00:00,2026-04-10 16:00:00+00:00,1775836800000,0.0001
2026-04-11 00:00:00+00:00,2026-04-11 00:00:00+00:00,1775865600000,0.0001
2026-04-11 04:00:00+00:00,2026-04-11 00:00:00+00:00,1775865600000,0.0001
2026-04-11 08:00:00+00:00,2026-04-11 08:00:00+00:00,1775894400000,0.0001
2026-04-11 12:00:00+00:00,2026-04-11 08:00:00+00:00,1775894400000,0.0001
2026-04-11 16:00:00+00:00,2026-04-11 16:00:00+00:00,1775923200000,-9.319e-05
2026-04-11 20:00:00+00:00,2026-04-11 16:00:00+00:00,1775923200000,-9.319e-05
2026-04-12 00:00:00+00:00,2026-04-12 00:00:00+00:00,1775952000000,0.0001
2026-04-12 04:00:00+00:00,2026-04-12 00:00:00+00:00,1775952000000,0.0001
2026-04-12 08:00:00+00:00,2026-04-12 08:00:00+00:00,1775980800000,-0.00026075
2026-04-12 12:00:00+00:00,2026-04-12 08:00:00+00:00,1775980800000,-0.00026075
2026-04-12 16:00:00+00:00,2026-04-12 16:00:00+00:00,1776009600000,2.79e-06
2026-04-12 20:00:00+00:00,2026-04-12 16:00:00+00:00,1776009600000,2.79e-06
2026-04-13 00:00:00+00:00,2026-04-13 00:00:00+00:00,1776038400000,-0.00016861
2026-04-13 04:00:00+00:00,2026-04-13 00:00:00+00:00,1776038400000,-0.00016861
2026-04-13 08:00:00+00:00,2026-04-13 08:00:00+00:00,1776067200000,-0.00024943
2026-04-13 12:00:00+00:00,2026-04-13 08:00:00+00:00,1776067200000,-0.00024943
2026-04-13 16:00:00+00:00,2026-04-13 16:00:00+00:00,1776096000000,-4.468e-05
2026-04-13 20:00:00+00:00,2026-04-13 16:00:00+00:00,1776096000000,-4.468e-05
2026-04-14 00:00:00+00:00,2026-04-14 00:00:00+00:00,1776124800000,0.0001
2026-04-14 04:00:00+00:00,2026-04-14 00:00:00+00:00,1776124800000,0.0001
2026-04-14 08:00:00+00:00,2026-04-14 08:00:00+00:00,1776153600000,0.0001
2026-04-14 12:00:00+00:00,2026-04-14 08:00:00+00:00,1776153600000,0.0001
2026-04-14 16:00:00+00:00,2026-04-14 16:00:00+00:00,1776182400000,0.0001
2026-04-14 20:00:00+00:00,2026-04-14 16:00:00+00:00,1776182400000,0.0001
2026-04-15 00:00:00+00:00,2026-04-15 00:00:00+00:00,1776211200000,-0.00021005
2026-04-15 04:00:00+00:00,2026-04-15 00:00:00+00:00,1776211200000,-0.00021005
2026-04-15 08:00:00+00:00,2026-04-15 08:00:00+00:00,1776240000000,-0.00017833
2026-04-15 12:00:00+00:00,2026-04-15 08:00:00+00:00,1776240000000,-0.00017833
2026-04-15 16:00:00+00:00,2026-04-15 16:00:00+00:00,1776268800000,4.661e-05
2026-04-15 20:00:00+00:00,2026-04-15 16:00:00+00:00,1776268800000,4.661e-05
2026-04-16 00:00:00+00:00,2026-04-16 00:00:00+00:00,1776297600000,0.0001
2026-04-16 04:00:00+00:00,2026-04-16 00:00:00+00:00,1776297600000,0.0001
2026-04-16 08:00:00+00:00,2026-04-16 08:00:00+00:00,1776326400000,0.0001
2026-04-16 12:00:00+00:00,2026-04-16 08:00:00+00:00,1776326400000,0.0001
2026-04-16 16:00:00+00:00,2026-04-16 16:00:00+00:00,1776355200000,8.849e-05
2026-04-16 20:00:00+00:00,2026-04-16 16:00:00+00:00,1776355200000,8.849e-05
2026-04-17 00:00:00+00:00,2026-04-17 00:00:00+00:00,1776384000000,0.0001
2026-04-17 04:00:00+00:00,2026-04-17 00:00:00+00:00,1776384000000,0.0001
2026-04-17 08:00:00+00:00,2026-04-17 08:00:00+00:00,1776412800000,0.0001
2026-04-17 12:00:00+00:00,2026-04-17 08:00:00+00:00,1776412800000,0.0001
2026-04-17 16:00:00+00:00,2026-04-17 16:00:00+00:00,1776441600000,8.459e-05
2026-04-17 20:00:00+00:00,2026-04-17 16:00:00+00:00,1776441600000,8.459e-05
2026-04-18 00:00:00+00:00,2026-04-18 00:00:00+00:00,1776470400000,6.052e-05
2026-04-18 04:00:00+00:00,2026-04-18 00:00:00+00:00,1776470400000,6.052e-05
2026-04-18 08:00:00+00:00,2026-04-18 08:00:00+00:00,1776499200000,-0.00028146
2026-04-18 12:00:00+00:00,2026-04-18 08:00:00+00:00,1776499200000,-0.00028146
2026-04-18 16:00:00+00:00,2026-04-18 16:00:00+00:00,1776528000000,-2.958e-05
2026-04-18 20:00:00+00:00,2026-04-18 16:00:00+00:00,1776528000000,-2.958e-05
2026-04-19 00:00:00+00:00,2026-04-19 00:00:00+00:00,1776556800000,-0.00019784
2026-04-19 04:00:00+00:00,2026-04-19 00:00:00+00:00,1776556800000,-0.00019784
2026-04-19 08:00:00+00:00,2026-04-19 08:00:00+00:00,1776585600000,-0.00016749
2026-04-19 12:00:00+00:00,2026-04-19 08:00:00+00:00,1776585600000,-0.00016749
2026-04-19 16:00:00+00:00,2026-04-19 16:00:00+00:00,1776614400000,-4.378e-05
2026-04-19 20:00:00+00:00,2026-04-19 16:00:00+00:00,1776614400000,-4.378e-05
2026-04-20 00:00:00+00:00,2026-04-20 00:00:00+00:00,1776643200000,0.0001
2026-04-20 04:00:00+00:00,2026-04-20 00:00:00+00:00,1776643200000,0.0001
2026-04-20 08:00:00+00:00,2026-04-20 08:00:00+00:00,1776672000000,0.0001
2026-04-20 12:00:00+00:00,2026-04-20 08:00:00+00:00,1776672000000,0.0001
2026-04-20 16:00:00+00:00,2026-04-20 16:00:00+00:00,1776700800000,0.0001
2026-04-20 20:00:00+00:00,2026-04-20 16:00:00+00:00,1776700800000,0.0001
2026-04-21 00:00:00+00:00,2026-04-21 00:00:00+00:00,1776729600000,-9.54e-06
2026-04-21 04:00:00+00:00,2026-04-21 00:00:00+00:00,1776729600000,-9.54e-06
2026-04-21 08:00:00+00:00,2026-04-21 08:00:00+00:00,1776758400000,2.722e-05
2026-04-21 12:00:00+00:00,2026-04-21 08:00:00+00:00,1776758400000,2.722e-05
2026-04-21 16:00:00+00:00,2026-04-21 16:00:00+00:00,1776787200000,9.018e-05
2026-04-21 20:00:00+00:00,2026-04-21 16:00:00+00:00,1776787200000,9.018e-05
2026-04-22 00:00:00+00:00,2026-04-22 00:00:00+00:00,1776816000000,0.0001
2026-04-22 04:00:00+00:00,2026-04-22 00:00:00+00:00,1776816000000,0.0001
2026-04-22 08:00:00+00:00,2026-04-22 08:00:00+00:00,1776844800000,0.0001
2026-04-22 12:00:00+00:00,2026-04-22 08:00:00+00:00,1776844800000,0.0001
2026-04-22 16:00:00+00:00,2026-04-22 16:00:00+00:00,1776873600000,8.47e-06
2026-04-22 20:00:00+00:00,2026-04-22 16:00:00+00:00,1776873600000,8.47e-06
2026-04-23 00:00:00+00:00,2026-04-23 00:00:00+00:00,1776902400000,-7.376e-05
2026-04-23 04:00:00+00:00,2026-04-23 00:00:00+00:00,1776902400000,-7.376e-05
2026-04-23 08:00:00+00:00,2026-04-23 08:00:00+00:00,1776931200000,-0.00036015
2026-04-23 12:00:00+00:00,2026-04-23 08:00:00+00:00,1776931200000,-0.00036015
2026-04-23 16:00:00+00:00,2026-04-23 16:00:00+00:00,1776960000000,-6.108e-05
2026-04-23 20:00:00+00:00,2026-04-23 16:00:00+00:00,1776960000000,-6.108e-05
2026-04-24 00:00:00+00:00,2026-04-24 00:00:00+00:00,1776988800000,0.0001
2026-04-24 04:00:00+00:00,2026-04-24 00:00:00+00:00,1776988800000,0.0001
2026-04-24 08:00:00+00:00,2026-04-24 08:00:00+00:00,1777017600000,0.0001
2026-04-24 12:00:00+00:00,2026-04-24 08:00:00+00:00,1777017600000,0.0001
2026-04-24 16:00:00+00:00,2026-04-24 16:00:00+00:00,1777046400000,0.0001
2026-04-24 20:00:00+00:00,2026-04-24 16:00:00+00:00,1777046400000,0.0001
2026-04-25 00:00:00+00:00,2026-04-25 00:00:00+00:00,1777075200000,0.0001
2026-04-25 04:00:00+00:00,2026-04-25 00:00:00+00:00,1777075200000,0.0001
2026-04-25 08:00:00+00:00,2026-04-25 08:00:00+00:00,1777104000000,0.0001
2026-04-25 12:00:00+00:00,2026-04-25 08:00:00+00:00,1777104000000,0.0001
2026-04-25 16:00:00+00:00,2026-04-25 16:00:00+00:00,1777132800000,-4.963e-05
2026-04-25 20:00:00+00:00,2026-04-25 16:00:00+00:00,1777132800000,-4.963e-05
2026-04-26 00:00:00+00:00,2026-04-26 00:00:00+00:00,1777161600000,-5.841e-05
2026-04-26 04:00:00+00:00,2026-04-26 00:00:00+00:00,1777161600000,-5.841e-05
2026-04-26 08:00:00+00:00,2026-04-26 08:00:00+00:00,1777190400000,0.0001
2026-04-26 12:00:00+00:00,2026-04-26 08:00:00+00:00,1777190400000,0.0001
2026-04-26 16:00:00+00:00,2026-04-26 16:00:00+00:00,1777219200000,0.0001
2026-04-26 20:00:00+00:00,2026-04-26 16:00:00+00:00,1777219200000,0.0001
2026-04-27 00:00:00+00:00,2026-04-27 00:00:00+00:00,1777248000000,0.0001
2026-04-27 04:00:00+00:00,2026-04-27 00:00:00+00:00,1777248000000,0.0001
2026-04-27 08:00:00+00:00,2026-04-27 08:00:00+00:00,1777276800000,-0.00017056
2026-04-27 12:00:00+00:00,2026-04-27 08:00:00+00:00,1777276800000,-0.00017056
2026-04-27 16:00:00+00:00,2026-04-27 16:00:00+00:00,1777305600000,7.22e-06
2026-04-27 20:00:00+00:00,2026-04-27 16:00:00+00:00,1777305600000,7.22e-06
2026-04-28 00:00:00+00:00,2026-04-28 00:00:00+00:00,1777334400000,0.0001
2026-04-28 04:00:00+00:00,2026-04-28 00:00:00+00:00,1777334400000,0.0001
2026-04-28 08:00:00+00:00,2026-04-28 08:00:00+00:00,1777363200000,0.0001
2026-04-28 12:00:00+00:00,2026-04-28 08:00:00+00:00,1777363200000,0.0001
2026-04-28 16:00:00+00:00,2026-04-28 16:00:00+00:00,1777392000000,0.0001
2026-04-28 20:00:00+00:00,2026-04-28 16:00:00+00:00,1777392000000,0.0001
2026-04-29 00:00:00+00:00,2026-04-29 00:00:00+00:00,1777420800000,0.0001
2026-04-29 04:00:00+00:00,2026-04-29 00:00:00+00:00,1777420800000,0.0001
2026-04-29 08:00:00+00:00,2026-04-29 08:00:00+00:00,1777449600000,0.0001
2026-04-29 12:00:00+00:00,2026-04-29 08:00:00+00:00,1777449600000,0.0001
2026-04-29 16:00:00+00:00,2026-04-29 16:00:00+00:00,1777478400000,-0.00019679
2026-04-29 20:00:00+00:00,2026-04-29 16:00:00+00:00,1777478400000,-0.00019679
2026-04-30 00:00:00+00:00,2026-04-30 00:00:00+00:00,1777507200000,-7.813e-05
2026-04-30 04:00:00+00:00,2026-04-30 00:00:00+00:00,1777507200000,-7.813e-05
2026-04-30 08:00:00+00:00,2026-04-30 08:00:00+00:00,1777536000000,6.773e-05
2026-04-30 12:00:00+00:00,2026-04-30 08:00:00+00:00,1777536000000,6.773e-05
2026-04-30 16:00:00+00:00,2026-04-30 16:00:00+00:00,1777564800000,6.322e-05
2026-04-30 20:00:00+00:00,2026-04-30 16:00:00+00:00,1777564800000,6.322e-05
2026-05-01 00:00:00+00:00,2026-05-01 00:00:00+00:00,1777593600000,-3.867e-05
2026-05-01 04:00:00+00:00,2026-05-01 00:00:00+00:00,1777593600000,-3.867e-05
2026-05-01 08:00:00+00:00,2026-05-01 08:00:00+00:00,1777622400000,0.0001
2026-05-01 12:00:00+00:00,2026-05-01 08:00:00+00:00,1777622400000,0.0001
2026-05-01 16:00:00+00:00,2026-05-01 16:00:00+00:00,1777651200000,0.0001
2026-05-01 20:00:00+00:00,2026-05-01 16:00:00+00:00,1777651200000,0.0001
2026-05-02 00:00:00+00:00,2026-05-02 00:00:00+00:00,1777680000000,0.0001
2026-05-02 04:00:00+00:00,2026-05-02 00:00:00+00:00,1777680000000,0.0001
2026-05-02 08:00:00+00:00,2026-05-02 08:00:00+00:00,1777708800000,-0.00013189
2026-05-02 12:00:00+00:00,2026-05-02 08:00:00+00:00,1777708800000,-0.00013189
2026-05-02 16:00:00+00:00,2026-05-02 16:00:00+00:00,1777737600000,0.0001
2026-05-02 20:00:00+00:00,2026-05-02 16:00:00+00:00,1777737600000,0.0001
2026-05-03 00:00:00+00:00,2026-05-03 00:00:00+00:00,1777766400000,0.0001
2026-05-03 04:00:00+00:00,2026-05-03 00:00:00+00:00,1777766400000,0.0001
2026-05-03 08:00:00+00:00,2026-05-03 08:00:00+00:00,1777795200000,-0.00019937
2026-05-03 12:00:00+00:00,2026-05-03 08:00:00+00:00,1777795200000,-0.00019937
2026-05-03 16:00:00+00:00,2026-05-03 16:00:00+00:00,1777824000000,-0.0001024
2026-05-03 20:00:00+00:00,2026-05-03 16:00:00+00:00,1777824000000,-0.0001024
2026-05-04 00:00:00+00:00,2026-05-04 00:00:00+00:00,1777852800000,2.074e-05
2026-05-04 04:00:00+00:00,2026-05-04 00:00:00+00:00,1777852800000,2.074e-05
2026-05-04 08:00:00+00:00,2026-05-04 08:00:00+00:00,1777881600000,0.0001
2026-05-04 12:00:00+00:00,2026-05-04 08:00:00+00:00,1777881600000,0.0001
2026-05-04 16:00:00+00:00,2026-05-04 16:00:00+00:00,1777910400000,4.672e-05
2026-05-04 20:00:00+00:00,2026-05-04 16:00:00+00:00,1777910400000,4.672e-05
2026-05-05 00:00:00+00:00,2026-05-05 00:00:00+00:00,1777939200000,0.0001
2026-05-05 04:00:00+00:00,2026-05-05 00:00:00+00:00,1777939200000,0.0001
2026-05-05 08:00:00+00:00,2026-05-05 08:00:00+00:00,1777968000000,0.0001
2026-05-05 12:00:00+00:00,2026-05-05 08:00:00+00:00,1777968000000,0.0001
2026-05-05 16:00:00+00:00,2026-05-05 16:00:00+00:00,1777996800000,0.0001
2026-05-05 20:00:00+00:00,2026-05-05 16:00:00+00:00,1777996800000,0.0001
2026-05-06 00:00:00+00:00,2026-05-06 00:00:00+00:00,1778025600000,0.0001
2026-05-06 04:00:00+00:00,2026-05-06 00:00:00+00:00,1778025600000,0.0001
2026-05-06 08:00:00+00:00,2026-05-06 08:00:00+00:00,1778054400000,0.0001
2026-05-06 12:00:00+00:00,2026-05-06 08:00:00+00:00,1778054400000,0.0001
2026-05-06 16:00:00+00:00,2026-05-06 16:00:00+00:00,1778083200000,0.0001
2026-05-06 20:00:00+00:00,2026-05-06 16:00:00+00:00,1778083200000,0.0001
2026-05-07 00:00:00+00:00,2026-05-07 00:00:00+00:00,1778112000000,0.0001
2026-05-07 04:00:00+00:00,2026-05-07 00:00:00+00:00,1778112000000,0.0001
2026-05-07 08:00:00+00:00,2026-05-07 08:00:00+00:00,1778140800000,0.0001
2026-05-07 12:00:00+00:00,2026-05-07 08:00:00+00:00,1778140800000,0.0001
2026-05-07 16:00:00+00:00,2026-05-07 16:00:00+00:00,1778169600000,9.195e-05
2026-05-07 20:00:00+00:00,2026-05-07 16:00:00+00:00,1778169600000,9.195e-05
2026-05-08 00:00:00+00:00,2026-05-08 00:00:00+00:00,1778198400000,4.753e-05
2026-05-08 04:00:00+00:00,2026-05-08 00:00:00+00:00,1778198400000,4.753e-05
2026-05-08 08:00:00+00:00,2026-05-08 08:00:00+00:00,1778227200000,6.88e-06
2026-05-08 12:00:00+00:00,2026-05-08 08:00:00+00:00,1778227200000,6.88e-06
2026-05-08 16:00:00+00:00,2026-05-08 16:00:00+00:00,1778256000000,0.0001
2026-05-08 20:00:00+00:00,2026-05-08 16:00:00+00:00,1778256000000,0.0001
2026-05-09 00:00:00+00:00,2026-05-09 00:00:00+00:00,1778284800000,0.0001
2026-05-09 04:00:00+00:00,2026-05-09 00:00:00+00:00,1778284800000,0.0001
2026-05-09 08:00:00+00:00,2026-05-09 08:00:00+00:00,1778313600000,5.529e-05
2026-05-09 12:00:00+00:00,2026-05-09 08:00:00+00:00,1778313600000,5.529e-05
2026-05-09 16:00:00+00:00,2026-05-09 16:00:00+00:00,1778342400000,3.742e-05
2026-05-09 20:00:00+00:00,2026-05-09 16:00:00+00:00,1778342400000,3.742e-05
2026-05-10 00:00:00+00:00,2026-05-10 00:00:00+00:00,1778371200000,7.825e-05
2026-05-10 04:00:00+00:00,2026-05-10 00:00:00+00:00,1778371200000,7.825e-05
2026-05-10 08:00:00+00:00,2026-05-10 08:00:00+00:00,1778400000000,-8.83e-05
2026-05-10 12:00:00+00:00,2026-05-10 08:00:00+00:00,1778400000000,-8.83e-05
2026-05-10 16:00:00+00:00,2026-05-10 16:00:00+00:00,1778428800000,9.579e-05
2026-05-10 20:00:00+00:00,2026-05-10 16:00:00+00:00,1778428800000,9.579e-05
2026-05-11 00:00:00+00:00,2026-05-11 00:00:00+00:00,1778457600000,9.407e-05
2026-05-11 04:00:00+00:00,2026-05-11 00:00:00+00:00,1778457600000,9.407e-05
2026-05-11 08:00:00+00:00,2026-05-11 08:00:00+00:00,1778486400000,-0.00039795
2026-05-11 12:00:00+00:00,2026-05-11 08:00:00+00:00,1778486400000,-0.00039795
2026-05-11 16:00:00+00:00,2026-05-11 16:00:00+00:00,1778515200000,-0.00011428
2026-05-11 20:00:00+00:00,2026-05-11 16:00:00+00:00,1778515200000,-0.00011428
2026-05-12 00:00:00+00:00,2026-05-12 00:00:00+00:00,1778544000000,0.0001
2026-05-12 04:00:00+00:00,2026-05-12 00:00:00+00:00,1778544000000,0.0001
2026-05-12 08:00:00+00:00,2026-05-12 08:00:00+00:00,1778572800000,3.805e-05
2026-05-12 12:00:00+00:00,2026-05-12 08:00:00+00:00,1778572800000,3.805e-05
2026-05-12 16:00:00+00:00,2026-05-12 16:00:00+00:00,1778601600000,-8.27e-05
2026-05-12 20:00:00+00:00,2026-05-12 16:00:00+00:00,1778601600000,-8.27e-05
2026-05-13 00:00:00+00:00,2026-05-13 00:00:00+00:00,1778630400000,0.0001
2026-05-13 04:00:00+00:00,2026-05-13 00:00:00+00:00,1778630400000,0.0001
2026-05-13 08:00:00+00:00,2026-05-13 08:00:00+00:00,1778659200000,0.0001
2026-05-13 12:00:00+00:00,2026-05-13 08:00:00+00:00,1778659200000,0.0001
2026-05-13 16:00:00+00:00,2026-05-13 16:00:00+00:00,1778688000000,-3.814e-05
2026-05-13 20:00:00+00:00,2026-05-13 16:00:00+00:00,1778688000000,-3.814e-05
2026-05-14 00:00:00+00:00,2026-05-14 00:00:00+00:00,1778716800000,0.0001
2026-05-14 04:00:00+00:00,2026-05-14 00:00:00+00:00,1778716800000,0.0001
2026-05-14 08:00:00+00:00,2026-05-14 08:00:00+00:00,1778745600000,0.0001
2026-05-14 12:00:00+00:00,2026-05-14 08:00:00+00:00,1778745600000,0.0001
2026-05-14 16:00:00+00:00,2026-05-14 16:00:00+00:00,1778774400000,0.0001
2026-05-14 20:00:00+00:00,2026-05-14 16:00:00+00:00,1778774400000,0.0001
2026-05-15 00:00:00+00:00,2026-05-15 00:00:00+00:00,1778803200000,0.0001
2026-05-15 04:00:00+00:00,2026-05-15 00:00:00+00:00,1778803200000,0.0001
2026-05-15 08:00:00+00:00,2026-05-15 08:00:00+00:00,1778832000000,-0.0001515
2026-05-15 12:00:00+00:00,2026-05-15 08:00:00+00:00,1778832000000,-0.0001515
2026-05-15 16:00:00+00:00,2026-05-15 16:00:00+00:00,1778860800000,-0.00020627
2026-05-15 20:00:00+00:00,2026-05-15 16:00:00+00:00,1778860800000,-0.00020627
2026-05-16 00:00:00+00:00,2026-05-16 00:00:00+00:00,1778889600000,0.0001
2026-05-16 04:00:00+00:00,2026-05-16 00:00:00+00:00,1778889600000,0.0001
2026-05-16 08:00:00+00:00,2026-05-16 08:00:00+00:00,1778918400000,0.0001
2026-05-16 12:00:00+00:00,2026-05-16 08:00:00+00:00,1778918400000,0.0001
2026-05-16 16:00:00+00:00,2026-05-16 16:00:00+00:00,1778947200000,3.72e-06
2026-05-16 20:00:00+00:00,2026-05-16 16:00:00+00:00,1778947200000,3.72e-06
2026-05-17 00:00:00+00:00,2026-05-17 00:00:00+00:00,1778976000000,5.788e-05
2026-05-17 04:00:00+00:00,2026-05-17 00:00:00+00:00,1778976000000,5.788e-05
2026-05-17 08:00:00+00:00,2026-05-17 08:00:00+00:00,1779004800000,6.38e-06
2026-05-17 12:00:00+00:00,2026-05-17 08:00:00+00:00,1779004800000,6.38e-06
2026-05-17 16:00:00+00:00,2026-05-17 16:00:00+00:00,1779033600000,-0.00014203
2026-05-17 20:00:00+00:00,2026-05-17 16:00:00+00:00,1779033600000,-0.00014203
2026-05-18 00:00:00+00:00,2026-05-18 00:00:00+00:00,1779062400000,0.0001
2026-05-18 04:00:00+00:00,2026-05-18 00:00:00+00:00,1779062400000,0.0001
2026-05-18 08:00:00+00:00,2026-05-18 08:00:00+00:00,1779091200000,0.0001
2026-05-18 12:00:00+00:00,2026-05-18 08:00:00+00:00,1779091200000,0.0001
2026-05-18 16:00:00+00:00,2026-05-18 16:00:00+00:00,1779120000000,0.0001
2026-05-18 20:00:00+00:00,2026-05-18 16:00:00+00:00,1779120000000,0.0001
2026-05-19 00:00:00+00:00,2026-05-19 00:00:00+00:00,1779148800000,0.0001
2026-05-19 04:00:00+00:00,2026-05-19 00:00:00+00:00,1779148800000,0.0001
2026-05-19 08:00:00+00:00,2026-05-19 08:00:00+00:00,1779177600000,0.0001
2026-05-19 12:00:00+00:00,2026-05-19 08:00:00+00:00,1779177600000,0.0001
2026-05-19 16:00:00+00:00,2026-05-19 16:00:00+00:00,1779206400000,7.251e-05
2026-05-19 20:00:00+00:00,2026-05-19 16:00:00+00:00,1779206400000,7.251e-05
2026-05-20 00:00:00+00:00,2026-05-20 00:00:00+00:00,1779235200000,0.0001
2026-05-20 04:00:00+00:00,2026-05-20 00:00:00+00:00,1779235200000,0.0001
2026-05-20 08:00:00+00:00,2026-05-20 08:00:00+00:00,1779264000000,2.83e-05
2026-05-20 12:00:00+00:00,2026-05-20 08:00:00+00:00,1779264000000,2.83e-05
2026-05-20 16:00:00+00:00,2026-05-20 16:00:00+00:00,1779292800000,2.945e-05
2026-05-20 20:00:00+00:00,2026-05-20 16:00:00+00:00,1779292800000,2.945e-05
2026-05-21 00:00:00+00:00,2026-05-21 00:00:00+00:00,1779321600000,3.73e-05
2026-05-21 04:00:00+00:00,2026-05-21 00:00:00+00:00,1779321600000,3.73e-05
2026-05-21 08:00:00+00:00,2026-05-21 08:00:00+00:00,1779350400000,6.456e-05
2026-05-21 12:00:00+00:00,2026-05-21 08:00:00+00:00,1779350400000,6.456e-05
2026-05-21 16:00:00+00:00,2026-05-21 16:00:00+00:00,1779379200000,-2.587e-05
2026-05-21 20:00:00+00:00,2026-05-21 16:00:00+00:00,1779379200000,-2.587e-05
2026-05-22 00:00:00+00:00,2026-05-22 00:00:00+00:00,1779408000000,0.0001
2026-05-22 04:00:00+00:00,2026-05-22 00:00:00+00:00,1779408000000,0.0001
2026-05-22 08:00:00+00:00,2026-05-22 08:00:00+00:00,1779436800000,0.0001
2026-05-22 12:00:00+00:00,2026-05-22 08:00:00+00:00,1779436800000,0.0001
2026-05-22 16:00:00+00:00,2026-05-22 16:00:00+00:00,1779465600000,0.0001
2026-05-22 20:00:00+00:00,2026-05-22 16:00:00+00:00,1779465600000,0.0001
2026-05-23 00:00:00+00:00,2026-05-23 00:00:00+00:00,1779494400000,6.429e-05
2026-05-23 04:00:00+00:00,2026-05-23 00:00:00+00:00,1779494400000,6.429e-05
2026-05-23 08:00:00+00:00,2026-05-23 08:00:00+00:00,1779523200000,2.027e-05
2026-05-23 12:00:00+00:00,2026-05-23 08:00:00+00:00,1779523200000,2.027e-05
2026-05-23 16:00:00+00:00,2026-05-23 16:00:00+00:00,1779552000000,-0.00016397
2026-05-23 20:00:00+00:00,2026-05-23 16:00:00+00:00,1779552000000,-0.00016397
2026-05-24 00:00:00+00:00,2026-05-24 00:00:00+00:00,1779580800000,0.0001
2026-05-24 04:00:00+00:00,2026-05-24 00:00:00+00:00,1779580800000,0.0001
2026-05-24 08:00:00+00:00,2026-05-24 08:00:00+00:00,1779609600000,0.0001
2026-05-24 12:00:00+00:00,2026-05-24 08:00:00+00:00,1779609600000,0.0001
2026-05-24 16:00:00+00:00,2026-05-24 16:00:00+00:00,1779638400000,6.233e-05
2026-05-24 20:00:00+00:00,2026-05-24 16:00:00+00:00,1779638400000,6.233e-05
2026-05-25 00:00:00+00:00,2026-05-25 00:00:00+00:00,1779667200000,8.734e-05
2026-05-25 04:00:00+00:00,2026-05-25 00:00:00+00:00,1779667200000,8.734e-05
2026-05-25 08:00:00+00:00,2026-05-25 08:00:00+00:00,1779696000000,4.435e-05
2026-05-25 12:00:00+00:00,2026-05-25 08:00:00+00:00,1779696000000,4.435e-05
2026-05-25 16:00:00+00:00,2026-05-25 16:00:00+00:00,1779724800000,0.0001
2026-05-25 20:00:00+00:00,2026-05-25 16:00:00+00:00,1779724800000,0.0001
2026-05-26 00:00:00+00:00,2026-05-26 00:00:00+00:00,1779753600000,0.0001
2026-05-26 04:00:00+00:00,2026-05-26 00:00:00+00:00,1779753600000,0.0001
2026-05-26 08:00:00+00:00,2026-05-26 08:00:00+00:00,1779782400000,4.31e-05
2026-05-26 12:00:00+00:00,2026-05-26 08:00:00+00:00,1779782400000,4.31e-05
2026-05-26 16:00:00+00:00,2026-05-26 16:00:00+00:00,1779811200000,0.0001
2026-05-26 20:00:00+00:00,2026-05-26 16:00:00+00:00,1779811200000,0.0001
2026-05-27 00:00:00+00:00,2026-05-27 00:00:00+00:00,1779840000000,-1.588e-05
2026-05-27 04:00:00+00:00,2026-05-27 00:00:00+00:00,1779840000000,-1.588e-05
2026-05-27 08:00:00+00:00,2026-05-27 08:00:00+00:00,1779868800000,-2.56e-06
2026-05-27 12:00:00+00:00,2026-05-27 08:00:00+00:00,1779868800000,-2.56e-06
2026-05-27 16:00:00+00:00,2026-05-27 16:00:00+00:00,1779897600000,-4.662e-05
2026-05-27 20:00:00+00:00,2026-05-27 16:00:00+00:00,1779897600000,-4.662e-05
2026-05-28 00:00:00+00:00,2026-05-28 00:00:00+00:00,1779926400000,9.154e-05
2026-05-28 04:00:00+00:00,2026-05-28 00:00:00+00:00,1779926400000,9.154e-05
2026-05-28 08:00:00+00:00,2026-05-28 08:00:00+00:00,1779955200000,-0.00010521
2026-05-28 12:00:00+00:00,2026-05-28 08:00:00+00:00,1779955200000,-0.00010521
2026-05-28 16:00:00+00:00,2026-05-28 16:00:00+00:00,1779984000000,1.27e-06
2026-05-28 20:00:00+00:00,2026-05-28 16:00:00+00:00,1779984000000,1.27e-06
2026-05-29 00:00:00+00:00,2026-05-29 00:00:00+00:00,1780012800000,8.864e-05
2026-05-29 04:00:00+00:00,2026-05-29 00:00:00+00:00,1780012800000,8.864e-05
2026-05-29 08:00:00+00:00,2026-05-29 08:00:00+00:00,1780041600000,1.745e-05
2026-05-29 12:00:00+00:00,2026-05-29 08:00:00+00:00,1780041600000,1.745e-05
2026-05-29 16:00:00+00:00,2026-05-29 16:00:00+00:00,1780070400000,5.521e-05
2026-05-29 20:00:00+00:00,2026-05-29 16:00:00+00:00,1780070400000,5.521e-05
2026-05-30 00:00:00+00:00,2026-05-30 00:00:00+00:00,1780099200000,0.0001
2026-05-30 04:00:00+00:00,2026-05-30 00:00:00+00:00,1780099200000,0.0001
2026-05-30 08:00:00+00:00,2026-05-30 08:00:00+00:00,1780128000000,8.383e-05
2026-05-30 12:00:00+00:00,2026-05-30 08:00:00+00:00,1780128000000,8.383e-05
2026-05-30 16:00:00+00:00,2026-05-30 16:00:00+00:00,1780156800000,-5.952e-05
2026-05-30 20:00:00+00:00,2026-05-30 16:00:00+00:00,1780156800000,-5.952e-05
2026-05-31 00:00:00+00:00,2026-05-31 00:00:00+00:00,1780185600000,7.19e-05
2026-05-31 04:00:00+00:00,2026-05-31 00:00:00+00:00,1780185600000,7.19e-05
2026-05-31 08:00:00+00:00,2026-05-31 08:00:00+00:00,1780214400000,7.866e-05
2026-05-31 12:00:00+00:00,2026-05-31 08:00:00+00:00,1780214400000,7.866e-05
2026-05-31 16:00:00+00:00,2026-05-31 16:00:00+00:00,1780243200000,6.416e-05
2026-05-31 20:00:00+00:00,2026-05-31 16:00:00+00:00,1780243200000,6.416e-05
2026-06-01 00:00:00+00:00,2026-06-01 00:00:00+00:00,1780272000000,9.146e-05
2026-06-01 04:00:00+00:00,2026-06-01 00:00:00+00:00,1780272000000,9.146e-05
2026-06-01 08:00:00+00:00,2026-06-01 08:00:00+00:00,1780300800000,-7.329e-05
2026-06-01 12:00:00+00:00,2026-06-01 08:00:00+00:00,1780300800000,-7.329e-05
2026-06-01 16:00:00+00:00,2026-06-01 16:00:00+00:00,1780329600000,6.293e-05
2026-06-01 20:00:00+00:00,2026-06-01 16:00:00+00:00,1780329600000,6.293e-05
2026-06-02 00:00:00+00:00,2026-06-02 00:00:00+00:00,1780358400000,0.0001
2026-06-02 04:00:00+00:00,2026-06-02 00:00:00+00:00,1780358400000,0.0001
2026-06-02 08:00:00+00:00,2026-06-02 08:00:00+00:00,1780387200000,0.0001
2026-06-02 12:00:00+00:00,2026-06-02 08:00:00+00:00,1780387200000,0.0001
2026-06-02 16:00:00+00:00,2026-06-02 16:00:00+00:00,1780416000000,-2.449e-05
2026-06-02 20:00:00+00:00,2026-06-02 16:00:00+00:00,1780416000000,-2.449e-05
2026-06-03 00:00:00+00:00,2026-06-03 00:00:00+00:00,1780444800000,3.97e-06
2026-06-03 04:00:00+00:00,2026-06-03 00:00:00+00:00,1780444800000,3.97e-06
2026-06-03 08:00:00+00:00,2026-06-03 08:00:00+00:00,1780473600000,-7.087e-05
2026-06-03 12:00:00+00:00,2026-06-03 08:00:00+00:00,1780473600000,-7.087e-05
2026-06-03 16:00:00+00:00,2026-06-03 16:00:00+00:00,1780502400000,4.218e-05
2026-06-03 20:00:00+00:00,2026-06-03 16:00:00+00:00,1780502400000,4.218e-05
2026-06-04 00:00:00+00:00,2026-06-04 00:00:00+00:00,1780531200000,5.744e-05
2026-06-04 04:00:00+00:00,2026-06-04 00:00:00+00:00,1780531200000,5.744e-05
2026-06-04 08:00:00+00:00,2026-06-04 08:00:00+00:00,1780560000000,-0.00017194
2026-06-04 12:00:00+00:00,2026-06-04 08:00:00+00:00,1780560000000,-0.00017194
2026-06-04 16:00:00+00:00,2026-06-04 16:00:00+00:00,1780588800000,-1.13e-05
2026-06-04 20:00:00+00:00,2026-06-04 16:00:00+00:00,1780588800000,-1.13e-05
2026-06-05 00:00:00+00:00,2026-06-05 00:00:00+00:00,1780617600000,-3.615e-05
2026-06-05 04:00:00+00:00,2026-06-05 00:00:00+00:00,1780617600000,-3.615e-05
2026-06-05 08:00:00+00:00,2026-06-05 08:00:00+00:00,1780646400000,-5.618e-05
2026-06-05 12:00:00+00:00,2026-06-05 08:00:00+00:00,1780646400000,-5.618e-05
2026-06-05 16:00:00+00:00,2026-06-05 16:00:00+00:00,1780675200000,4.495e-05
2026-06-05 20:00:00+00:00,2026-06-05 16:00:00+00:00,1780675200000,4.495e-05
2026-06-06 00:00:00+00:00,2026-06-06 00:00:00+00:00,1780704000000,0.0001
2026-06-06 04:00:00+00:00,2026-06-06 00:00:00+00:00,1780704000000,0.0001
2026-06-06 08:00:00+00:00,2026-06-06 08:00:00+00:00,1780732800000,9.449e-05
2026-06-06 12:00:00+00:00,2026-06-06 08:00:00+00:00,1780732800000,9.449e-05
2026-06-06 16:00:00+00:00,2026-06-06 16:00:00+00:00,1780761600000,0.0001
2026-06-06 20:00:00+00:00,2026-06-06 16:00:00+00:00,1780761600000,0.0001
2026-06-07 00:00:00+00:00,2026-06-07 00:00:00+00:00,1780790400000,5.21e-06
2026-06-07 04:00:00+00:00,2026-06-07 00:00:00+00:00,1780790400000,5.21e-06
2026-06-07 08:00:00+00:00,2026-06-07 08:00:00+00:00,1780819200000,1.91e-06
2026-06-07 12:00:00+00:00,2026-06-07 08:00:00+00:00,1780819200000,1.91e-06
2026-06-07 16:00:00+00:00,2026-06-07 16:00:00+00:00,1780848000000,9.636e-05
2026-06-07 20:00:00+00:00,2026-06-07 16:00:00+00:00,1780848000000,9.636e-05
2026-06-08 00:00:00+00:00,2026-06-08 00:00:00+00:00,1780876800000,0.0001
2026-06-08 04:00:00+00:00,2026-06-08 00:00:00+00:00,1780876800000,0.0001
2026-06-08 08:00:00+00:00,2026-06-08 08:00:00+00:00,1780905600000,0.0001
2026-06-08 12:00:00+00:00,2026-06-08 08:00:00+00:00,1780905600000,0.0001
2026-06-08 16:00:00+00:00,2026-06-08 16:00:00+00:00,1780934400000,0.0001
2026-06-08 20:00:00+00:00,2026-06-08 16:00:00+00:00,1780934400000,0.0001
2026-06-09 00:00:00+00:00,2026-06-09 00:00:00+00:00,1780963200000,-2.818e-05
2026-06-09 04:00:00+00:00,2026-06-09 00:00:00+00:00,1780963200000,-2.818e-05
2026-06-09 08:00:00+00:00,2026-06-09 08:00:00+00:00,1780992000000,-2.823e-05
2026-06-09 12:00:00+00:00,2026-06-09 08:00:00+00:00,1780992000000,-2.823e-05
2026-06-09 16:00:00+00:00,2026-06-09 16:00:00+00:00,1781020800000,8.288e-05
2026-06-09 20:00:00+00:00,2026-06-09 16:00:00+00:00,1781020800000,8.288e-05
2026-06-10 00:00:00+00:00,2026-06-10 00:00:00+00:00,1781049600000,0.0001
2026-06-10 04:00:00+00:00,2026-06-10 00:00:00+00:00,1781049600000,0.0001
2026-06-10 08:00:00+00:00,2026-06-10 08:00:00+00:00,1781078400000,-7.234e-05
2026-06-10 12:00:00+00:00,2026-06-10 08:00:00+00:00,1781078400000,-7.234e-05
2026-06-10 16:00:00+00:00,2026-06-10 16:00:00+00:00,1781107200000,1.73e-05
2026-06-10 20:00:00+00:00,2026-06-10 16:00:00+00:00,1781107200000,1.73e-05
2026-06-11 00:00:00+00:00,2026-06-11 00:00:00+00:00,1781136000000,-5.025e-05
2026-06-11 04:00:00+00:00,2026-06-11 00:00:00+00:00,1781136000000,-5.025e-05
2026-06-11 08:00:00+00:00,2026-06-11 08:00:00+00:00,1781164800000,0.0001
2026-06-11 12:00:00+00:00,2026-06-11 08:00:00+00:00,1781164800000,0.0001
2026-06-11 16:00:00+00:00,2026-06-11 16:00:00+00:00,1781193600000,0.0001
2026-06-11 20:00:00+00:00,2026-06-11 16:00:00+00:00,1781193600000,0.0001
2026-06-12 00:00:00+00:00,2026-06-12 00:00:00+00:00,1781222400000,0.0001
2026-06-12 04:00:00+00:00,2026-06-12 00:00:00+00:00,1781222400000,0.0001
2026-06-12 08:00:00+00:00,2026-06-12 08:00:00+00:00,1781251200000,7.882e-05
2026-06-12 12:00:00+00:00,2026-06-12 08:00:00+00:00,1781251200000,7.882e-05
2026-06-12 16:00:00+00:00,2026-06-12 16:00:00+00:00,1781280000000,0.0001
2026-06-12 20:00:00+00:00,2026-06-12 16:00:00+00:00,1781280000000,0.0001
2026-06-13 00:00:00+00:00,2026-06-13 00:00:00+00:00,1781308800000,2.47e-06
2026-06-13 04:00:00+00:00,2026-06-13 00:00:00+00:00,1781308800000,2.47e-06
2026-06-13 08:00:00+00:00,2026-06-13 08:00:00+00:00,1781337600000,6.545e-05
2026-06-13 12:00:00+00:00,2026-06-13 08:00:00+00:00,1781337600000,6.545e-05
2026-06-13 16:00:00+00:00,2026-06-13 16:00:00+00:00,1781366400000,4.213e-05
2026-06-13 20:00:00+00:00,2026-06-13 16:00:00+00:00,1781366400000,4.213e-05
2026-06-14 00:00:00+00:00,2026-06-14 00:00:00+00:00,1781395200000,1.245e-05
2026-06-14 04:00:00+00:00,2026-06-14 00:00:00+00:00,1781395200000,1.245e-05
2026-06-14 08:00:00+00:00,2026-06-14 08:00:00+00:00,1781424000000,-5.24e-06
2026-06-14 12:00:00+00:00,2026-06-14 08:00:00+00:00,1781424000000,-5.24e-06
2026-06-14 16:00:00+00:00,2026-06-14 16:00:00+00:00,1781452800000,-1.026e-05
2026-06-14 20:00:00+00:00,2026-06-14 16:00:00+00:00,1781452800000,-1.026e-05
2026-06-15 00:00:00+00:00,2026-06-15 00:00:00+00:00,1781481600000,0.0001
2026-06-15 04:00:00+00:00,2026-06-15 00:00:00+00:00,1781481600000,0.0001
2026-06-15 08:00:00+00:00,2026-06-15 08:00:00+00:00,1781510400000,-2.32e-06
2026-06-15 12:00:00+00:00,2026-06-15 08:00:00+00:00,1781510400000,-2.32e-06
2026-06-15 16:00:00+00:00,2026-06-15 16:00:00+00:00,1781539200000,4.788e-05
2026-06-15 20:00:00+00:00,2026-06-15 16:00:00+00:00,1781539200000,4.788e-05
2026-06-16 00:00:00+00:00,2026-06-16 00:00:00+00:00,1781568000000,3.622e-05
2026-06-16 04:00:00+00:00,2026-06-16 00:00:00+00:00,1781568000000,3.622e-05
2026-06-16 08:00:00+00:00,2026-06-16 08:00:00+00:00,1781596800000,3.384e-05
2026-06-16 12:00:00+00:00,2026-06-16 08:00:00+00:00,1781596800000,3.384e-05
2026-06-16 16:00:00+00:00,2026-06-16 16:00:00+00:00,1781625600000,2.84e-06
2026-06-16 20:00:00+00:00,2026-06-16 16:00:00+00:00,1781625600000,2.84e-06
2026-06-17 00:00:00+00:00,2026-06-17 00:00:00+00:00,1781654400000,9.674e-05
2026-06-17 04:00:00+00:00,2026-06-17 00:00:00+00:00,1781654400000,9.674e-05
2026-06-17 08:00:00+00:00,2026-06-17 08:00:00+00:00,1781683200000,4.054e-05
2026-06-17 12:00:00+00:00,2026-06-17 08:00:00+00:00,1781683200000,4.054e-05
2026-06-17 16:00:00+00:00,2026-06-17 16:00:00+00:00,1781712000000,8.486e-05
2026-06-17 20:00:00+00:00,2026-06-17 16:00:00+00:00,1781712000000,8.486e-05
2026-06-18 00:00:00+00:00,2026-06-18 00:00:00+00:00,1781740800000,-0.00010967
2026-06-18 04:00:00+00:00,2026-06-18 00:00:00+00:00,1781740800000,-0.00010967
2026-06-18 08:00:00+00:00,2026-06-18 08:00:00+00:00,1781769600000,-0.00021182
2026-06-18 12:00:00+00:00,2026-06-18 08:00:00+00:00,1781769600000,-0.00021182
2026-06-18 16:00:00+00:00,2026-06-18 16:00:00+00:00,1781798400000,-9.224e-05
2026-06-18 20:00:00+00:00,2026-06-18 16:00:00+00:00,1781798400000,-9.224e-05
2026-06-19 00:00:00+00:00,2026-06-19 00:00:00+00:00,1781827200000,0.0001
2026-06-19 04:00:00+00:00,2026-06-19 00:00:00+00:00,1781827200000,0.0001
2026-06-19 08:00:00+00:00,2026-06-19 08:00:00+00:00,1781856000000,0.0001
2026-06-19 12:00:00+00:00,2026-06-19 08:00:00+00:00,1781856000000,0.0001
2026-06-19 16:00:00+00:00,2026-06-19 16:00:00+00:00,1781884800000,-0.00011236
2026-06-19 20:00:00+00:00,2026-06-19 16:00:00+00:00,1781884800000,-0.00011236
2026-06-20 00:00:00+00:00,2026-06-20 00:00:00+00:00,1781913600000,-9.938e-05
2026-06-20 04:00:00+00:00,2026-06-20 00:00:00+00:00,1781913600000,-9.938e-05
2026-06-20 08:00:00+00:00,2026-06-20 08:00:00+00:00,1781942400000,2.502e-05
2026-06-20 12:00:00+00:00,2026-06-20 08:00:00+00:00,1781942400000,2.502e-05
2026-06-20 16:00:00+00:00,2026-06-20 16:00:00+00:00,1781971200000,0.0001
2026-06-20 20:00:00+00:00,2026-06-20 16:00:00+00:00,1781971200000,0.0001
2026-06-21 00:00:00+00:00,2026-06-21 00:00:00+00:00,1782000000000,0.0001
2026-06-21 04:00:00+00:00,2026-06-21 00:00:00+00:00,1782000000000,0.0001
2026-06-21 08:00:00+00:00,2026-06-21 08:00:00+00:00,1782028800000,0.0001
2026-06-21 12:00:00+00:00,2026-06-21 08:00:00+00:00,1782028800000,0.0001
2026-06-21 16:00:00+00:00,2026-06-21 16:00:00+00:00,1782057600000,0.0001
2026-06-21 20:00:00+00:00,2026-06-21 16:00:00+00:00,1782057600000,0.0001
2026-06-22 00:00:00+00:00,2026-06-22 00:00:00+00:00,1782086400000,0.0001
2026-06-22 04:00:00+00:00,2026-06-22 00:00:00+00:00,1782086400000,0.0001
2026-06-22 08:00:00+00:00,2026-06-22 08:00:00+00:00,1782115200000,0.0001
2026-06-22 12:00:00+00:00,2026-06-22 08:00:00+00:00,1782115200000,0.0001
2026-06-22 16:00:00+00:00,2026-06-22 16:00:00+00:00,1782144000000,0.0001
2026-06-22 20:00:00+00:00,2026-06-22 16:00:00+00:00,1782144000000,0.0001
2026-06-23 00:00:00+00:00,2026-06-23 00:00:00+00:00,1782172800000,-1.35e-05
2026-06-23 04:00:00+00:00,2026-06-23 00:00:00+00:00,1782172800000,-1.35e-05
2026-06-23 08:00:00+00:00,2026-06-23 08:00:00+00:00,1782201600000,-6.758e-05
2026-06-23 12:00:00+00:00,2026-06-23 08:00:00+00:00,1782201600000,-6.758e-05
2026-06-23 16:00:00+00:00,2026-06-23 16:00:00+00:00,1782230400000,-6.695e-05
2026-06-23 20:00:00+00:00,2026-06-23 16:00:00+00:00,1782230400000,-6.695e-05
2026-06-24 00:00:00+00:00,2026-06-24 00:00:00+00:00,1782259200000,0.0001
2026-06-24 04:00:00+00:00,2026-06-24 00:00:00+00:00,1782259200000,0.0001
2026-06-24 08:00:00+00:00,2026-06-24 08:00:00+00:00,1782288000000,0.0001
2026-06-24 12:00:00+00:00,2026-06-24 08:00:00+00:00,1782288000000,0.0001
2026-06-24 16:00:00+00:00,2026-06-24 16:00:00+00:00,1782316800000,-0.00019606
2026-06-24 20:00:00+00:00,2026-06-24 16:00:00+00:00,1782316800000,-0.00019606
2026-06-25 00:00:00+00:00,2026-06-25 00:00:00+00:00,1782345600000,-0.00012021
2026-06-25 04:00:00+00:00,2026-06-25 00:00:00+00:00,1782345600000,-0.00012021
2026-06-25 08:00:00+00:00,2026-06-25 08:00:00+00:00,1782374400000,-5.557e-05
2026-06-25 12:00:00+00:00,2026-06-25 08:00:00+00:00,1782374400000,-5.557e-05
2026-06-25 16:00:00+00:00,2026-06-25 16:00:00+00:00,1782403200000,-6.892e-05
2026-06-25 20:00:00+00:00,2026-06-25 16:00:00+00:00,1782403200000,-6.892e-05
2026-06-26 00:00:00+00:00,2026-06-26 00:00:00+00:00,1782432000000,-1.329e-05
2026-06-26 04:00:00+00:00,2026-06-26 00:00:00+00:00,1782432000000,-1.329e-05
2026-06-26 08:00:00+00:00,2026-06-26 08:00:00+00:00,1782460800000,0.0001
2026-06-26 12:00:00+00:00,2026-06-26 08:00:00+00:00,1782460800000,0.0001
2026-06-26 16:00:00+00:00,2026-06-26 16:00:00+00:00,1782489600000,0.0001
2026-06-26 20:00:00+00:00,2026-06-26 16:00:00+00:00,1782489600000,0.0001
2026-06-27 00:00:00+00:00,2026-06-27 00:00:00+00:00,1782518400000,9.813e-05
2026-06-27 04:00:00+00:00,2026-06-27 00:00:00+00:00,1782518400000,9.813e-05
2026-06-27 08:00:00+00:00,2026-06-27 08:00:00+00:00,1782547200000,4.459e-05
2026-06-27 12:00:00+00:00,2026-06-27 08:00:00+00:00,1782547200000,4.459e-05
2026-06-27 16:00:00+00:00,2026-06-27 16:00:00+00:00,1782576000000,-2.79e-06
2026-06-27 20:00:00+00:00,2026-06-27 16:00:00+00:00,1782576000000,-2.79e-06
2026-06-28 00:00:00+00:00,2026-06-28 00:00:00+00:00,1782604800000,-5.634e-05
2026-06-28 04:00:00+00:00,2026-06-28 00:00:00+00:00,1782604800000,-5.634e-05
2026-06-28 08:00:00+00:00,2026-06-28 08:00:00+00:00,1782633600000,-3.667e-05
2026-06-28 12:00:00+00:00,2026-06-28 08:00:00+00:00,1782633600000,-3.667e-05
2026-06-28 16:00:00+00:00,2026-06-28 16:00:00+00:00,1782662400000,-5.53e-05
2026-06-28 20:00:00+00:00,2026-06-28 16:00:00+00:00,1782662400000,-5.53e-05
2026-06-29 00:00:00+00:00,2026-06-29 00:00:00+00:00,1782691200000,-2.886e-05
2026-06-29 04:00:00+00:00,2026-06-29 00:00:00+00:00,1782691200000,-2.886e-05
2026-06-29 08:00:00+00:00,2026-06-29 08:00:00+00:00,1782720000000,-2.729e-05
2026-06-29 12:00:00+00:00,2026-06-29 08:00:00+00:00,1782720000000,-2.729e-05
2026-06-29 16:00:00+00:00,2026-06-29 16:00:00+00:00,1782748800000,-8.801e-05
2026-06-29 20:00:00+00:00,2026-06-29 16:00:00+00:00,1782748800000,-8.801e-05
2026-06-30 00:00:00+00:00,2026-06-30 00:00:00+00:00,1782777600000,2.799e-05
2026-06-30 04:00:00+00:00,2026-06-30 00:00:00+00:00,1782777600000,2.799e-05
2026-06-30 08:00:00+00:00,2026-06-30 08:00:00+00:00,1782806400000,-0.00017658
2026-06-30 12:00:00+00:00,2026-06-30 08:00:00+00:00,1782806400000,-0.00017658
2026-06-30 16:00:00+00:00,2026-06-30 16:00:00+00:00,1782835200000,-0.00017078
2026-06-30 20:00:00+00:00,2026-06-30 16:00:00+00:00,1782835200000,-0.00017078
2026-07-01 00:00:00+00:00,2026-07-01 00:00:00+00:00,1782864000000,0.0001
2026-07-01 04:00:00+00:00,2026-07-01 00:00:00+00:00,1782864000000,0.0001
2026-07-01 08:00:00+00:00,2026-07-01 08:00:00+00:00,1782892800000,-0.0001497
2026-07-01 12:00:00+00:00,2026-07-01 08:00:00+00:00,1782892800000,-0.0001497
2026-07-01 16:00:00+00:00,2026-07-01 16:00:00+00:00,1782921600000,-0.00019703
2026-07-01 20:00:00+00:00,2026-07-01 16:00:00+00:00,1782921600000,-0.00019703
2026-07-02 00:00:00+00:00,2026-07-02 00:00:00+00:00,1782950400000,1.435e-05
2026-07-02 04:00:00+00:00,2026-07-02 00:00:00+00:00,1782950400000,1.435e-05
2026-07-02 08:00:00+00:00,2026-07-02 08:00:00+00:00,1782979200000,0.0001
2026-07-02 12:00:00+00:00,2026-07-02 08:00:00+00:00,1782979200000,0.0001
2026-07-02 16:00:00+00:00,2026-07-02 16:00:00+00:00,1783008000000,0.0001
2026-07-02 20:00:00+00:00,2026-07-02 16:00:00+00:00,1783008000000,0.0001
2026-07-03 00:00:00+00:00,2026-07-03 00:00:00+00:00,1783036800000,0.0001
2026-07-03 04:00:00+00:00,2026-07-03 00:00:00+00:00,1783036800000,0.0001
2026-07-03 08:00:00+00:00,2026-07-03 08:00:00+00:00,1783065600000,0.0001
2026-07-03 12:00:00+00:00,2026-07-03 08:00:00+00:00,1783065600000,0.0001
2026-07-03 16:00:00+00:00,2026-07-03 16:00:00+00:00,1783094400000,0.0001
2026-07-03 20:00:00+00:00,2026-07-03 16:00:00+00:00,1783094400000,0.0001
2026-07-04 00:00:00+00:00,2026-07-04 00:00:00+00:00,1783123200000,8.502e-05
2026-07-04 04:00:00+00:00,2026-07-04 00:00:00+00:00,1783123200000,8.502e-05
2026-07-04 08:00:00+00:00,2026-07-04 08:00:00+00:00,1783152000000,0.0001
2026-07-04 12:00:00+00:00,2026-07-04 08:00:00+00:00,1783152000000,0.0001
2026-07-04 16:00:00+00:00,2026-07-04 16:00:00+00:00,1783180800000,0.0001
2026-07-04 20:00:00+00:00,2026-07-04 16:00:00+00:00,1783180800000,0.0001
2026-07-05 00:00:00+00:00,2026-07-05 00:00:00+00:00,1783209600000,0.0001
2026-07-05 04:00:00+00:00,2026-07-05 00:00:00+00:00,1783209600000,0.0001
2026-07-05 08:00:00+00:00,2026-07-05 08:00:00+00:00,1783238400000,8.734e-05
2026-07-05 12:00:00+00:00,2026-07-05 08:00:00+00:00,1783238400000,8.734e-05
2026-07-05 16:00:00+00:00,2026-07-05 16:00:00+00:00,1783267200000,-4.061e-05
2026-07-05 20:00:00+00:00,2026-07-05 16:00:00+00:00,1783267200000,-4.061e-05
2026-07-06 00:00:00+00:00,2026-07-06 00:00:00+00:00,1783296000000,0.0001
2026-07-06 04:00:00+00:00,2026-07-06 00:00:00+00:00,1783296000000,0.0001
2026-07-06 08:00:00+00:00,2026-07-06 08:00:00+00:00,1783324800000,9.964e-05
2026-07-06 12:00:00+00:00,2026-07-06 08:00:00+00:00,1783324800000,9.964e-05
2026-07-06 16:00:00+00:00,2026-07-06 16:00:00+00:00,1783353600000,0.0001
2026-07-06 20:00:00+00:00,2026-07-06 16:00:00+00:00,1783353600000,0.0001
2026-07-07 00:00:00+00:00,2026-07-07 00:00:00+00:00,1783382400000,0.0001
2026-07-07 04:00:00+00:00,2026-07-07 00:00:00+00:00,1783382400000,0.0001
2026-07-07 08:00:00+00:00,2026-07-07 08:00:00+00:00,1783411200000,6.53e-05
2026-07-07 12:00:00+00:00,2026-07-07 08:00:00+00:00,1783411200000,6.53e-05
2026-07-07 16:00:00+00:00,2026-07-07 16:00:00+00:00,1783440000000,0.0001
2026-07-07 20:00:00+00:00,2026-07-07 16:00:00+00:00,1783440000000,0.0001
2026-07-08 00:00:00+00:00,2026-07-08 00:00:00+00:00,1783468800000,8.762e-05
2026-07-08 04:00:00+00:00,2026-07-08 00:00:00+00:00,1783468800000,8.762e-05
2026-07-08 08:00:00+00:00,2026-07-08 08:00:00+00:00,1783497600000,-8.327e-05
2026-07-08 12:00:00+00:00,2026-07-08 08:00:00+00:00,1783497600000,-8.327e-05
2026-07-08 16:00:00+00:00,2026-07-08 16:00:00+00:00,1783526400000,9.186e-05
2026-07-08 20:00:00+00:00,2026-07-08 16:00:00+00:00,1783526400000,9.186e-05
2026-07-09 00:00:00+00:00,2026-07-09 00:00:00+00:00,1783555200000,9.863e-05
2026-07-09 04:00:00+00:00,2026-07-09 00:00:00+00:00,1783555200000,9.863e-05
2026-07-09 08:00:00+00:00,2026-07-09 08:00:00+00:00,1783584000000,3.034e-05
2026-07-09 12:00:00+00:00,2026-07-09 08:00:00+00:00,1783584000000,3.034e-05
2026-07-09 16:00:00+00:00,2026-07-09 16:00:00+00:00,1783612800000,4.224e-05
2026-07-09 20:00:00+00:00,2026-07-09 16:00:00+00:00,1783612800000,4.224e-05
2026-07-10 00:00:00+00:00,2026-07-10 00:00:00+00:00,1783641600000,0.0001
2026-07-10 04:00:00+00:00,2026-07-10 00:00:00+00:00,1783641600000,0.0001
2026-07-10 08:00:00+00:00,2026-07-10 08:00:00+00:00,1783670400000,-1.557e-05
2026-07-10 12:00:00+00:00,2026-07-10 08:00:00+00:00,1783670400000,-1.557e-05
2026-07-10 16:00:00+00:00,2026-07-10 16:00:00+00:00,1783699200000,-4.022e-05
2026-07-10 20:00:00+00:00,2026-07-10 16:00:00+00:00,1783699200000,-4.022e-05
2026-07-11 00:00:00+00:00,2026-07-11 00:00:00+00:00,1783728000000,0.0001
2026-07-11 04:00:00+00:00,2026-07-11 00:00:00+00:00,1783728000000,0.0001
2026-07-11 08:00:00+00:00,2026-07-11 08:00:00+00:00,1783756800000,6.536e-05
2026-07-11 12:00:00+00:00,2026-07-11 08:00:00+00:00,1783756800000,6.536e-05
2026-07-11 16:00:00+00:00,2026-07-11 16:00:00+00:00,1783785600000,8.389e-05
2026-07-11 20:00:00+00:00,2026-07-11 16:00:00+00:00,1783785600000,8.389e-05
2026-07-12 00:00:00+00:00,2026-07-12 00:00:00+00:00,1783814400000,1.091e-05
2026-07-12 04:00:00+00:00,2026-07-12 00:00:00+00:00,1783814400000,1.091e-05
2026-07-12 08:00:00+00:00,2026-07-12 08:00:00+00:00,1783843200000,-5.075e-05
2026-07-12 12:00:00+00:00,2026-07-12 08:00:00+00:00,1783843200000,-5.075e-05
2026-07-12 16:00:00+00:00,2026-07-12 16:00:00+00:00,1783872000000,0.0001
2026-07-12 20:00:00+00:00,2026-07-12 16:00:00+00:00,1783872000000,0.0001
2026-07-13 00:00:00+00:00,2026-07-13 00:00:00+00:00,1783900800000,-3.886e-05
2026-07-13 04:00:00+00:00,2026-07-13 00:00:00+00:00,1783900800000,-3.886e-05
2026-07-13 08:00:00+00:00,2026-07-13 08:00:00+00:00,1783929600000,-4.535e-05
2026-07-13 12:00:00+00:00,2026-07-13 08:00:00+00:00,1783929600000,-4.535e-05
2026-07-13 16:00:00+00:00,2026-07-13 16:00:00+00:00,1783958400000,0.0001
2026-07-13 20:00:00+00:00,2026-07-13 16:00:00+00:00,1783958400000,0.0001
2026-07-14 00:00:00+00:00,2026-07-14 00:00:00+00:00,1783987200000,7.197e-05
2026-07-14 04:00:00+00:00,2026-07-14 00:00:00+00:00,1783987200000,7.197e-05
2026-07-14 08:00:00+00:00,2026-07-14 08:00:00+00:00,1784016000000,0.0001
2026-07-14 12:00:00+00:00,2026-07-14 08:00:00+00:00,1784016000000,0.0001
2026-07-14 16:00:00+00:00,2026-07-14 16:00:00+00:00,1784044800000,0.0001
2026-07-14 20:00:00+00:00,2026-07-14 16:00:00+00:00,1784044800000,0.0001
2026-07-15 00:00:00+00:00,2026-07-15 00:00:00+00:00,1784073600000,7.529e-05
2026-07-15 04:00:00+00:00,2026-07-15 00:00:00+00:00,1784073600000,7.529e-05
2026-07-15 08:00:00+00:00,2026-07-15 08:00:00+00:00,1784102400000,-1.252e-05
2026-07-15 12:00:00+00:00,2026-07-15 08:00:00+00:00,1784102400000,-1.252e-05
2026-07-15 16:00:00+00:00,2026-07-15 16:00:00+00:00,1784131200000,3.791e-05
2026-07-15 20:00:00+00:00,2026-07-15 16:00:00+00:00,1784131200000,3.791e-05
2026-07-16 00:00:00+00:00,2026-07-16 00:00:00+00:00,1784160000000,-6.95e-06
2026-07-16 04:00:00+00:00,2026-07-16 00:00:00+00:00,1784160000000,-6.95e-06
2026-07-16 08:00:00+00:00,2026-07-16 08:00:00+00:00,1784188800000,-8.23e-05
2026-07-16 12:00:00+00:00,2026-07-16 08:00:00+00:00,1784188800000,-8.23e-05
2026-07-16 16:00:00+00:00,2026-07-16 16:00:00+00:00,1784217600000,0.0001
2026-07-16 20:00:00+00:00,2026-07-16 16:00:00+00:00,1784217600000,0.0001
2026-07-17 00:00:00+00:00,2026-07-17 00:00:00+00:00,1784246400000,0.0001
2026-07-17 04:00:00+00:00,2026-07-17 00:00:00+00:00,1784246400000,0.0001
2026-07-17 08:00:00+00:00,2026-07-17 08:00:00+00:00,1784275200000,0.0001
2026-07-17 12:00:00+00:00,2026-07-17 08:00:00+00:00,1784275200000,0.0001
2026-07-17 16:00:00+00:00,2026-07-17 16:00:00+00:00,1784304000000,-0.0001176
2026-07-17 20:00:00+00:00,2026-07-17 16:00:00+00:00,1784304000000,-0.0001176
2026-07-18 00:00:00+00:00,2026-07-18 00:00:00+00:00,1784332800000,9.981e-05
2026-07-18 04:00:00+00:00,2026-07-18 00:00:00+00:00,1784332800000,9.981e-05
2026-07-18 08:00:00+00:00,2026-07-18 08:00:00+00:00,1784361600000,-0.00016614
2026-07-18 12:00:00+00:00,2026-07-18 08:00:00+00:00,1784361600000,-0.00016614
2026-07-18 16:00:00+00:00,2026-07-18 16:00:00+00:00,1784390400000,-5.297e-05
2026-07-18 20:00:00+00:00,2026-07-18 16:00:00+00:00,1784390400000,-5.297e-05
2026-07-19 00:00:00+00:00,2026-07-19 00:00:00+00:00,1784419200000,1.996e-05
2026-07-19 04:00:00+00:00,2026-07-19 00:00:00+00:00,1784419200000,1.996e-05
2026-07-19 08:00:00+00:00,2026-07-19 08:00:00+00:00,1784448000000,9.827e-05
2026-07-19 12:00:00+00:00,2026-07-19 08:00:00+00:00,1784448000000,9.827e-05
2026-07-19 16:00:00+00:00,2026-07-19 16:00:00+00:00,1784476800000,0.0001
2026-07-19 20:00:00+00:00,2026-07-19 16:00:00+00:00,1784476800000,0.0001
2026-07-20 00:00:00+00:00,2026-07-20 00:00:00+00:00,1784505600000,0.0001
2026-07-20 04:00:00+00:00,2026-07-20 00:00:00+00:00,1784505600000,0.0001
2026-07-20 08:00:00+00:00,2026-07-20 08:00:00+00:00,1784534400000,-1.69e-06
2026-07-20 12:00:00+00:00,2026-07-20 08:00:00+00:00,1784534400000,-1.69e-06
2026-07-20 16:00:00+00:00,2026-07-20 16:00:00+00:00,1784563200000,0.0001
2026-07-20 20:00:00+00:00,2026-07-20 16:00:00+00:00,1784563200000,0.0001
2026-07-21 00:00:00+00:00,2026-07-21 00:00:00+00:00,1784592000000,0.0001
2026-07-21 04:00:00+00:00,2026-07-21 00:00:00+00:00,1784592000000,0.0001
2026-07-21 08:00:00+00:00,2026-07-21 08:00:00+00:00,1784620800000,0.0001
2026-07-21 12:00:00+00:00,2026-07-21 08:00:00+00:00,1784620800000,0.0001
2026-07-21 16:00:00+00:00,2026-07-21 16:00:00+00:00,1784649600000,0.0001
2026-07-21 20:00:00+00:00,2026-07-21 16:00:00+00:00,1784649600000,0.0001
2026-07-22 00:00:00+00:00,2026-07-22 00:00:00+00:00,1784678400000,0.0001
2026-07-22 04:00:00+00:00,2026-07-22 00:00:00+00:00,1784678400000,0.0001
2026-07-22 08:00:00+00:00,2026-07-22 08:00:00+00:00,1784707200000,0.0001
2026-07-22 12:00:00+00:00,2026-07-22 08:00:00+00:00,1784707200000,0.0001
2026-07-22 16:00:00+00:00,2026-07-22 16:00:00+00:00,1784736000000,0.0001
2026-07-22 20:00:00+00:00,2026-07-22 16:00:00+00:00,1784736000000,0.0001
2026-07-23 00:00:00+00:00,2026-07-23 00:00:00+00:00,1784764800000,0.0001
2026-07-23 04:00:00+00:00,2026-07-23 00:00:00+00:00,1784764800000,0.0001
2026-07-23 08:00:00+00:00,2026-07-23 08:00:00+00:00,1784793600000,0.0001
2026-07-23 12:00:00+00:00,2026-07-23 08:00:00+00:00,1784793600000,0.0001
2026-07-23 16:00:00+00:00,2026-07-23 16:00:00+00:00,1784822400000,0.0001
2026-07-23 20:00:00+00:00,2026-07-23 16:00:00+00:00,1784822400000,0.0001
2026-07-24 00:00:00+00:00,2026-07-24 00:00:00+00:00,1784851200000,0.0001
2026-07-24 04:00:00+00:00,2026-07-24 00:00:00+00:00,1784851200000,0.0001
2026-07-24 08:00:00+00:00,2026-07-24 08:00:00+00:00,1784880000000,-5.036e-05
2026-07-24 12:00:00+00:00,2026-07-24 08:00:00+00:00,1784880000000,-5.036e-05
2026-07-24 16:00:00+00:00,2026-07-24 16:00:00+00:00,1784908800000,-0.00015593
2026-07-24 20:00:00+00:00,2026-07-24 16:00:00+00:00,1784908800000,-0.00015593
2026-07-25 00:00:00+00:00,2026-07-25 00:00:00+00:00,1784937600000,-3.907e-05
2026-07-25 04:00:00+00:00,2026-07-25 00:00:00+00:00,1784937600000,-3.907e-05
2026-07-25 08:00:00+00:00,2026-07-25 08:00:00+00:00,1784966400000,-1.444e-05
2026-07-25 12:00:00+00:00,2026-07-25 08:00:00+00:00,1784966400000,-1.444e-05
2026-07-25 16:00:00+00:00,2026-07-25 16:00:00+00:00,1784995200000,7.292e-05
2026-07-25 20:00:00+00:00,2026-07-25 16:00:00+00:00,1784995200000,7.292e-05
2026-07-26 00:00:00+00:00,2026-07-26 00:00:00+00:00,1785024000000,-0.00014568
2026-07-26 04:00:00+00:00,2026-07-26 00:00:00+00:00,1785024000000,-0.00014568
2026-07-26 08:00:00+00:00,2026-07-26 08:00:00+00:00,1785052800000,0.0001
2026-07-26 12:00:00+00:00,2026-07-26 08:00:00+00:00,1785052800000,0.0001
2026-07-26 16:00:00+00:00,2026-07-26 16:00:00+00:00,1785081600000,0.0001
2026-07-26 20:00:00+00:00,2026-07-26 16:00:00+00:00,1785081600000,0.0001
2026-07-27 00:00:00+00:00,2026-07-27 00:00:00+00:00,1785110400000,0.0001
2026-07-27 04:00:00+00:00,2026-07-27 00:00:00+00:00,1785110400000,0.0001
2026-07-27 08:00:00+00:00,2026-07-27 08:00:00+00:00,1785139200000,0.0001
2026-07-27 12:00:00+00:00,2026-07-27 08:00:00+00:00,1785139200000,0.0001
2026-07-27 16:00:00+00:00,2026-07-27 16:00:00+00:00,1785168000000,0.0001
2026-07-27 20:00:00+00:00,2026-07-27 16:00:00+00:00,1785168000000,0.0001
2026-07-28 00:00:00+00:00,2026-07-28 00:00:00+00:00,1785196800000,9.74e-05
2026-07-28 04:00:00+00:00,2026-07-28 00:00:00+00:00,1785196800000,9.74e-05
2026-07-28 08:00:00+00:00,2026-07-28 08:00:00+00:00,1785225600000,6.077e-05
2026-07-28 12:00:00+00:00,2026-07-28 08:00:00+00:00,1785225600000,6.077e-05
2026-07-28 16:00:00+00:00,2026-07-28 16:00:00+00:00,1785254400000,1.106e-05
2026-07-28 20:00:00+00:00,2026-07-28 16:00:00+00:00,1785254400000,1.106e-05
2026-07-29 00:00:00+00:00,2026-07-29 00:00:00+00:00,1785283200000,4.222e-05
2026-07-29 04:00:00+00:00,2026-07-29 00:00:00+00:00,1785283200000,4.222e-05
2026-07-29 08:00:00+00:00,2026-07-29 08:00:00+00:00,1785312000000,0.0001
2026-07-29 12:00:00+00:00,2026-07-29 08:00:00+00:00,1785312000000,0.0001
2026-07-29 16:00:00+00:00,2026-07-29 16:00:00+00:00,1785340800000,-5.369e-05
2026-07-29 20:00:00+00:00,2026-07-29 16:00:00+00:00,1785340800000,-5.369e-05
2026-07-30 00:00:00+00:00,2026-07-30 00:00:00+00:00,1785369600000,0.0001
2026-07-30 04:00:00+00:00,2026-07-30 00:00:00+00:00,1785369600000,0.0001
2026-07-30 08:00:00+00:00,2026-07-30 08:00:00+00:00,1785398400000,0.0001
2026-07-30 12:00:00+00:00,2026-07-30 08:00:00+00:00,1785398400000,0.0001
2026-07-30 16:00:00+00:00,2026-07-30 16:00:00+00:00,1785427200000,-5.851e-05
2026-07-30 20:00:00+00:00,2026-07-30 16:00:00+00:00,1785427200000,-5.851e-05
2026-07-31 00:00:00+00:00,2026-07-31 00:00:00+00:00,1785456000000,-3.759e-05
2026-07-31 04:00:00+00:00,2026-07-31 00:00:00+00:00,1785456000000,-3.759e-05
2026-07-31 08:00:00+00:00,2026-07-31 08:00:00+00:00,1785484800000,0.0001
2026-07-31 12:00:00+00:00,2026-07-31 08:00:00+00:00,1785484800000,0.0001
2026-07-31 16:00:00+00:00,2026-07-31 16:00:00+00:00,1785513600000,-0.00016731
2026-07-31 20:00:00+00:00,2026-07-31 16:00:00+00:00,1785513600000,-0.00016731
2026-08-01 00:00:00+00:00,2026-08-01 00:00:00+00:00,1785542400000,2.716e-05
2026-08-01 04:00:00+00:00,2026-08-01 00:00:00+00:00,1785542400000,2.716e-05
2026-08-01 08:00:00+00:00,2026-08-01 08:00:00+00:00,1785571200000,0.0001
2026-08-01 12:00:00+00:00,2026-08-01 08:00:00+00:00,1785571200000,0.0001
2026-08-01 16:00:00+00:00,2026-08-01 16:00:00+00:00,1785600000000,-1.395e-05
2026-08-01 20:00:00+00:00,2026-08-01 16:00:00+00:00,1785600000000,-1.395e-05
2026-08-02 00:00:00+00:00,2026-08-02 00:00:00+00:00,1785628800000,0.0001
2026-08-02 04:00:00+00:00,2026-08-02 00:00:00+00:00,1785628800000,0.0001
2026-08-02 08:00:00+00:00,2026-08-02 08:00:00+00:00,1785657600000,0.0001
2026-08-02 12:00:00+00:00,2026-08-02 08:00:00+00:00,1785657600000,0.0001
2026-08-02 16:00:00+00:00,2026-08-02 16:00:00+00:00,1785686400000,0.0001
2026-08-02 20:00:00+00:00,2026-08-02 16:00:00+00:00,1785686400000,0.0001
2026-08-03 00:00:00+00:00,2026-08-03 00:00:00+00:00,1785715200000,0.0001
2026-08-03 04:00:00+00:00,2026-08-03 00:00:00+00:00,1785715200000,0.0001
2026-08-03 08:00:00+00:00,2026-08-03 08:00:00+00:00,1785744000000,0.0001
2026-08-03 12:00:00+00:00,2026-08-03 08:00:00+00:00,1785744000000,0.0001
2026-08-03 16:00:00+00:00,2026-08-03 16:00:00+00:00,1785772800000,8.174e-05
2026-08-03 20:00:00+00:00,2026-08-03 16:00:00+00:00,1785772800000,8.174e-05
2026-08-04 00:00:00+00:00,2026-08-04 00:00:00+00:00,1785801600000,0.0001
2026-08-04 04:00:00+00:00,2026-08-04 00:00:00+00:00,1785801600000,0.0001
2026-08-04 08:00:00+00:00,2026-08-04 08:00:00+00:00,1785830400000,0.0001
2026-08-04 12:00:00+00:00,2026-08-04 08:00:00+00:00,1785830400000,0.0001
2026-08-04 16:00:00+00:00,2026-08-04 16:00:00+00:00,1785859200000,4.826e-05
2026-08-04 20:00:00+00:00,2026-08-04 16:00:00+00:00,1785859200000,4.826e-05
2026-08-05 00:00:00+00:00,2026-08-05 00:00:00+00:00,1785888000000,0.0001
2026-08-05 04:00:00+00:00,2026-08-05 00:00:00+00:00,1785888000000,0.0001
2026-08-05 08:00:00+00:00,2026-08-05 08:00:00+00:00,1785916800000,0.0001
2026-08-05 12:00:00+00:00,2026-08-05 08:00:00+00:00,1785916800000,0.0001
2026-08-05 16:00:00+00:00,2026-08-05 16:00:00+00:00,1785945600000,4.935e-05
2026-08-05 20:00:00+00:00,2026-08-05 16:00:00+00:00,1785945600000,4.935e-05
2026-08-06 00:00:00+00:00,2026-08-06 00:00:00+00:00,1785974400000,2.804e-05
2026-08-06 04:00:00+00:00,2026-08-06 00:00:00+00:00,1785974400000,2.804e-05
2026-08-06 08:00:00+00:00,2026-08-06 08:00:00+00:00,1786003200000,2.433e-05
2026-08-06 12:00:00+00:00,2026-08-06 08:00:00+00:00,1786003200000,2.433e-05
2026-08-06 16:00:00+00:00,2026-08-06 16:00:00+00:00,1786032000000,-0.00018193
2026-08-06 20:00:00+00:00,2026-08-06 16:00:00+00:00,1786032000000,-0.00018193
2026-08-07 00:00:00+00:00,2026-08-07 00:00:00+00:00,1786060800000,0.0001
2026-08-07 04:00:00+00:00,2026-08-07 00:00:00+00:00,1786060800000,0.0001
2026-08-07 08:00:00+00:00,2026-08-07 08:00:00+00:00,1786089600000,0.0001
2026-08-07 12:00:00+00:00,2026-08-07 08:00:00+00:00,1786089600000,0.0001
2026-08-07 16:00:00+00:00,2026-08-07 16:00:00+00:00,1786118400000,0.0001
2026-08-07 20:00:00+00:00,2026-08-07 16:00:00+00:00,1786118400000,0.0001
2026-08-08 00:00:00+00:00,2026-08-08 00:00:00+00:00,1786147200000,0.0001
2026-08-08 04:00:00+00:00,2026-08-08 00:00:00+00:00,1786147200000,0.0001
2026-08-08 08:00:00+00:00,2026-08-08 08:00:00+00:00,1786176000000,0.0001
2026-08-08 12:00:00+00:00,2026-08-08 08:00:00+00:00,1786176000000,0.0001
2026-08-08 16:00:00+00:00,2026-08-08 16:00:00+00:00,1786204800000,0.0001
2026-08-08 20:00:00+00:00,2026-08-08 16:00:00+00:00,1786204800000,0.0001
2026-08-09 00:00:00+00:00,2026-08-09 00:00:00+00:00,1786233600000,6.119e-05
2026-08-09 04:00:00+00:00,2026-08-09 00:00:00+00:00,1786233600000,6.119e-05
2026-08-09 08:00:00+00:00,2026-08-09 08:00:00+00:00,1786262400000,0.0001
2026-08-09 12:00:00+00:00,2026-08-09 08:00:00+00:00,1786262400000,0.0001
2026-08-09 16:00:00+00:00,2026-08-09 16:00:00+00:00,1786291200000,-4.84e-06
2026-08-09 20:00:00+00:00,2026-08-09 16:00:00+00:00,1786291200000,-4.84e-06
2026-08-10 00:00:00+00:00,2026-08-10 00:00:00+00:00,1786320000000,0.0001
2026-08-10 04:00:00+00:00,2026-08-10 00:00:00+00:00,1786320000000,0.0001
2026-08-10 08:00:00+00:00,2026-08-10 08:00:00+00:00,1786348800000,9.976e-05
2026-08-10 12:00:00+00:00,2026-08-10 08:00:00+00:00,1786348800000,9.976e-05
2026-08-10 16:00:00+00:00,2026-08-10 16:00:00+00:00,1786377600000,0.0001
2026-08-10 20:00:00+00:00,2026-08-10 16:00:00+00:00,1786377600000,0.0001
2026-08-11 00:00:00+00:00,2026-08-11 00:00:00+00:00,1786406400000,0.0001
2026-08-11 04:00:00+00:00,2026-08-11 00:00:00+00:00,1786406400000,0.0001
2026-08-11 08:00:00+00:00,2026-08-11 08:00:00+00:00,1786435200000,5.304e-05
2026-08-11 12:00:00+00:00,2026-08-11 08:00:00+00:00,1786435200000,5.304e-05
2026-08-11 16:00:00+00:00,2026-08-11 16:00:00+00:00,1786464000000,-2.971e-05
2026-08-11 20:00:00+00:00,2026-08-11 16:00:00+00:00,1786464000000,-2.971e-05
2026-08-12 00:00:00+00:00,2026-08-12 00:00:00+00:00,1786492800000,0.0001
2026-08-12 04:00:00+00:00,2026-08-12 00:00:00+00:00,1786492800000,0.0001
2026-08-12 08:00:00+00:00,2026-08-12 08:00:00+00:00,1786521600000,0.0001
2026-08-12 12:00:00+00:00,2026-08-12 08:00:00+00:00,1786521600000,0.0001
2026-08-12 16:00:00+00:00,2026-08-12 16:00:00+00:00,1786550400000,0.0001
2026-08-12 20:00:00+00:00,2026-08-12 16:00:00+00:00,1786550400000,0.0001
2026-08-13 00:00:00+00:00,2026-08-13 00:00:00+00:00,1786579200000,-0.0002164
2026-08-13 04:00:00+00:00,2026-08-13 00:00:00+00:00,1786579200000,-0.0002164
2026-08-13 08:00:00+00:00,2026-08-13 08:00:00+00:00,1786608000000,1.024e-05
2026-08-13 12:00:00+00:00,2026-08-13 08:00:00+00:00,1786608000000,1.024e-05
2026-08-13 16:00:00+00:00,2026-08-13 16:00:00+00:00,1786636800000,-3.489e-05
2026-08-13 20:00:00+00:00,2026-08-13 16:00:00+00:00,1786636800000,-3.489e-05
2026-08-14 00:00:00+00:00,2026-08-14 00:00:00+00:00,1786665600000,9.303e-05
2026-08-14 04:00:00+00:00,2026-08-14 00:00:00+00:00,1786665600000,9.303e-05
2026-08-14 08:00:00+00:00,2026-08-14 08:00:00+00:00,1786694400000,1.96e-06
2026-08-14 12:00:00+00:00,2026-08-14 08:00:00+00:00,1786694400000,1.96e-06
2026-08-14 16:00:00+00:00,2026-08-14 16:00:00+00:00,1786723200000,-0.00027786
2026-08-14 20:00:00+00:00,2026-08-14 16:00:00+00:00,1786723200000,-0.00027786
2026-08-15 00:00:00+00:00,2026-08-15 00:00:00+00:00,1786752000000,7.175e-05
2026-08-15 04:00:00+00:00,2026-08-15 00:00:00+00:00,1786752000000,7.175e-05
2026-08-15 08:00:00+00:00,2026-08-15 08:00:00+00:00,1786780800000,-0.00014266
2026-08-15 12:00:00+00:00,2026-08-15 08:00:00+00:00,1786780800000,-0.00014266
2026-08-15 16:00:00+00:00,2026-08-15 16:00:00+00:00,1786809600000,-0.0001544
2026-08-15 20:00:00+00:00,2026-08-15 16:00:00+00:00,1786809600000,-0.0001544
2026-08-16 00:00:00+00:00,2026-08-16 00:00:00+00:00,1786838400000,-2e-06
2026-08-16 04:00:00+00:00,2026-08-16 00:00:00+00:00,1786838400000,-2e-06
2026-08-16 08:00:00+00:00,2026-08-16 08:00:00+00:00,1786867200000,8.224e-05
2026-08-16 12:00:00+00:00,2026-08-16 08:00:00+00:00,1786867200000,8.224e-05
2026-08-16 16:00:00+00:00,2026-08-16 16:00:00+00:00,1786896000000,3.4e-07
2026-08-16 20:00:00+00:00,2026-08-16 16:00:00+00:00,1786896000000,3.4e-07
2026-08-17 00:00:00+00:00,2026-08-17 00:00:00+00:00,1786924800000,-1.484e-05
2026-08-17 04:00:00+00:00,2026-08-17 00:00:00+00:00,1786924800000,-1.484e-05
2026-08-17 08:00:00+00:00,2026-08-17 08:00:00+00:00,1786953600000,0.0001
2026-08-17 12:00:00+00:00,2026-08-17 08:00:00+00:00,1786953600000,0.0001
2026-08-17 16:00:00+00:00,2026-08-17 16:00:00+00:00,1786982400000,0.0001
2026-08-17 20:00:00+00:00,2026-08-17 16:00:00+00:00,1786982400000,0.0001
2026-08-18 00:00:00+00:00,2026-08-18 00:00:00+00:00,1787011200000,5.812e-05
2026-08-18 04:00:00+00:00,2026-08-18 00:00:00+00:00,1787011200000,5.812e-05
2026-08-18 08:00:00+00:00,2026-08-18 08:00:00+00:00,1787040000000,6.649e-05
2026-08-18 12:00:00+00:00,2026-08-18 08:00:00+00:00,1787040000000,6.649e-05
2026-08-18 16:00:00+00:00,2026-08-18 16:00:00+00:00,1787068800000,0.0001
2026-08-18 20:00:00+00:00,2026-08-18 16:00:00+00:00,1787068800000,0.0001
2026-08-19 00:00:00+00:00,2026-08-19 00:00:00+00:00,1787097600000,0.0001
2026-08-19 04:00:00+00:00,2026-08-19 00:00:00+00:00,1787097600000,0.0001
2026-08-19 08:00:00+00:00,2026-08-19 08:00:00+00:00,1787126400000,0.0001
2026-08-19 12:00:00+00:00,2026-08-19 08:00:00+00:00,1787126400000,0.0001
2026-08-19 16:00:00+00:00,2026-08-19 16:00:00+00:00,1787155200000,0.0001
2026-08-19 20:00:00+00:00,2026-08-19 16:00:00+00:00,1787155200000,0.0001
2026-08-20 00:00:00+00:00,2026-08-20 00:00:00+00:00,1787184000000,0.0001
2026-08-20 04:00:00+00:00,2026-08-20 00:00:00+00:00,1787184000000,0.0001
2026-08-20 08:00:00+00:00,2026-08-20 08:00:00+00:00,1787212800000,0.0001
2026-08-20 12:00:00+00:00,2026-08-20 08:00:00+00:00,1787212800000,0.0001
2026-08-20 16:00:00+00:00,2026-08-20 16:00:00+00:00,1787241600000,0.0001
2026-08-20 20:00:00+00:00,2026-08-20 16:00:00+00:00,1787241600000,0.0001
2026-08-21 00:00:00+00:00,2026-08-21 00:00:00+00:00,1787270400000,0.0001
2026-08-21 04:00:00+00:00,2026-08-21 00:00:00+00:00,1787270400000,0.0001
2026-08-21 08:00:00+00:00,2026-08-21 08:00:00+00:00,1787299200000,0.0001
2026-08-21 12:00:00+00:00,2026-08-21 08:00:00+00:00,1787299200000,0.0001
2026-08-21 16:00:00+00:00,2026-08-21 16:00:00+00:00,1787328000000,0.0001
2026-08-21 20:00:00+00:00,2026-08-21 16:00:00+00:00,1787328000000,0.0001
2026-08-22 00:00:00+00:00,2026-08-22 00:00:00+00:00,1787356800000,0.0001
2026-08-22 04:00:00+00:00,2026-08-22 00:00:00+00:00,1787356800000,0.0001
2026-08-22 08:00:00+00:00,2026-08-22 08:00:00+00:00,1787385600000,0.0001
2026-08-22 12:00:00+00:00,2026-08-22 08:00:00+00:00,1787385600000,0.0001
2026-08-22 16:00:00+00:00,2026-08-22 16:00:00+00:00,1787414400000,0.0001
2026-08-22 20:00:00+00:00,2026-08-22 16:00:00+00:00,1787414400000,0.0001
2026-08-23 00:00:00+00:00,2026-08-23 00:00:00+00:00,1787443200000,0.0001
2026-08-23 04:00:00+00:00,2026-08-23 00:00:00+00:00,1787443200000,0.0001
2026-08-23 08:00:00+00:00,2026-08-23 08:00:00+00:00,1787472000000,0.0001
2026-08-23 12:00:00+00:00,2026-08-23 08:00:00+00:00,1787472000000,0.0001
2026-08-23 16:00:00+00:00,2026-08-23 16:00:00+00:00,1787500800000,0.0001
2026-08-23 20:00:00+00:00,2026-08-23 16:00:00+00:00,1787500800000,0.0001
2026-08-24 00:00:00+00:00,2026-08-24 00:00:00+00:00,1787529600000,0.0001
