date,funding_rate_last,funding_rate_mean,funding_rate_sum,event_count
2021-06-02 00:00:00+00:00,0.0001,0.0001,0.0001,1
2021-06-03 00:00:00+00:00,0.0001,0.00013664333333333333,0.00040993,3
2021-06-04 00:00:00+00:00,0.0001,0.00021869333333333335,0.0006560800000000001,3
2021-06-05 00:00:00+00:00,0.0001,0.0001,0.00030000000000000003,3
2021-06-06 00:00:00+00:00,0.0001,0.0001,0.00030000000000000003,3
2021-06-07 00:00:00+00:00,0.00032232,0.00027198,0.00081594,3
2021-06-08 00:00:00+00:00,5.077e-05,0.0002815033333333333,0.00084451,3
2021-06-09 00:00:00+00:00,4.533e-05,6.539000000000001e-05,0.00019617000000000001,3
2021-06-10 00:00:00+00:00,0.0001,0.0001,0.00030000000000000003,3
2021-06-11 00:00:00+00:00,0.00017834,0.00012611333333333334,0.00037834,3
2021-06-12 00:00:00+00:00,0.0001,0.00021587666666666669,0.0006476300000000001,3
2021-06-13 00:00:00+00:00,0.0001,0.0001,0.00030000000000000003,3
2021-06-14 00:00:00+00:00,0.00065002,0.00028334,0.0008500199999999999,3
2021-06-15 00:00:00+00:00,0.0001,0.00015871333333333334,0.00047614,3
2021-06-16 00:00:00+00:00,0.00018852,0.00022769999999999998,0.0006831,3
2021-06-17 00:00:00+00:00,0.00014778,0.00011592666666666667,0.00034778,3
2021-06-18 00:00:00+00:00,0.0001,0.00044674,0.00134022,3
2021-06-19 00:00:00+00:00,4.634e-05,8.211333333333334e-05,0.00024634,3
2021-06-20 00:00:00+00:00,-5.57e-06,6.481000000000001e-05,0.00019443000000000002,3
2021-06-21 00:00:00+00:00,-8.642e-05,-0.0002616666666666666,-0.0007849999999999999,3
2021-06-22 00:00:00+00:00,-0.00102195,-0.0007553433333333334,-0.00226603,3
2021-06-23 00:00:00+00:00,-0.0007059,-0.00083461,-0.00250383,3
2021-06-24 00:00:00+00:00,-0.00044396,-0.0003750733333333334,-0.0011252200000000001,3
2021-06-25 00:00:00+00:00,-0.00018516,-0.00015766,-0.00047298,3
2021-06-26 00:00:00+00:00,-9.97e-06,-1.649e-05,-4.947e-05,3
2021-06-27 00:00:00+00:00,0.0001,-4.9416666666666664e-05,-0.00014825,3
2021-06-28 00:00:00+00:00,0.00024586,0.00014862,0.00044585999999999996,3
2021-06-29 00:00:00+00:00,0.00064812,0.00029476999999999997,0.0008843099999999999,3
2021-06-30 00:00:00+00:00,0.0001,0.0002792233333333333,0.00083767,3
2021-07-01 00:00:00+00:00,7.997e-05,9.332333333333333e-05,0.00027997,3
2021-07-02 00:00:00+00:00,0.0001,0.0001,0.00030000000000000003,3
2021-07-03 00:00:00+00:00,0.0001,0.0001,0.00030000000000000003,3
2021-07-04 00:00:00+00:00,0.0001,0.0001,0.00030000000000000003,3
2021-07-05 00:00:00+00:00,0.00047122,0.00022374000000000002,0.00067122,3
2021-07-06 00:00:00+00:00,0.0001,0.0001,0.00030000000000000003,3
2021-07-07 00:00:00+00:00,0.0001,0.0001,0.00030000000000000003,3
2021-07-08 00:00:00+00:00,9.085e-05,9.695e-05,0.00029085,3
2021-07-09 00:00:00+00:00,-4.968e-05,5.010666666666667e-05,0.00015032,3
2021-07-10 00:00:00+00:00,0.0001,0.0001,0.00030000000000000003,3
2021-07-11 00:00:00+00:00,0.0001,0.0001,0.00030000000000000003,3
2021-07-12 00:00:00+00:00,0.0001,0.0001,0.00030000000000000003,3
2021-07-13 00:00:00+00:00,0.0001,0.0001,0.00030000000000000003,3
2021-07-14 00:00:00+00:00,0.0001,0.0001,0.00030000000000000003,3
2021-07-15 00:00:00+00:00,0.0001,0.0001,0.00030000000000000003,3
2021-07-16 00:00:00+00:00,0.0001,0.0001,0.00030000000000000003,3
2021-07-17 00:00:00+00:00,0.0001,0.0001,0.00030000000000000003,3
2021-07-18 00:00:00+00:00,0.0001,0.0001,0.00030000000000000003,3
2021-07-19 00:00:00+00:00,0.0001,0.0001,0.00030000000000000003,3
2021-07-20 00:00:00+00:00,0.0001,0.0001,0.00030000000000000003,3
2021-07-21 00:00:00+00:00,-0.00023757,-5.303666666666666e-05,-0.00015910999999999999,3
2021-07-22 00:00:00+00:00,0.0001,-0.00013172666666666665,-0.00039517999999999997,3
2021-07-23 00:00:00+00:00,0.0001739,0.00015437333333333334,0.00046312,3
2021-07-24 00:00:00+00:00,0.0001,0.00020704,0.00062112,3
2021-07-25 00:00:00+00:00,0.0001,0.0001,0.00030000000000000003,3
2021-07-26 00:00:00+00:00,0.00073755,0.0003703066666666667,0.00111092,3
2021-07-27 00:00:00+00:00,0.0001,0.00017621666666666665,0.00052865,3
2021-07-28 00:00:00+00:00,0.00029325,0.00016441666666666666,0.00049325,3
2021-07-29 00:00:00+00:00,0.0001,0.00010446333333333333,0.00031339,3
2021-07-30 00:00:00+00:00,0.00073194,0.0003106466666666667,0.00093194,3
2021-07-31 00:00:00+00:00,0.00027615,0.00031524333333333336,0.0009457300000000001,3
2021-08-01 00:00:00+00:00,0.0001,0.0001,0.00030000000000000003,3
2021-08-02 00:00:00+00:00,0.0001,0.00016468333333333334,0.00049405,3
2021-08-03 00:00:00+00:00,0.00054699,0.00042028333333333335,0.00126085,3
2021-08-04 00:00:00+00:00,0.0001,0.00010833000000000001,0.00032499000000000004,3
2021-08-05 00:00:00+00:00,0.00033305,0.00017768333333333333,0.00053305,3
2021-08-06 00:00:00+00:00,0.0001,0.00012837666666666667,0.00038513,3
2021-08-07 00:00:00+00:00,0.00044803,0.0003648133333333333,0.00109444,3
2021-08-08 00:00:00+00:00,0.00159837,0.0008760866666666667,0.0026282600000000003,3
2021-08-09 00:00:00+00:00,0.00043282,0.0003398033333333334,0.00101941,3
2021-08-10 00:00:00+00:00,0.00083789,0.0005902899999999999,0.00177087,3
2021-08-11 00:00:00+00:00,0.00042288,0.0008637066666666665,0.0025911199999999997,3
2021-08-12 00:00:00+00:00,0.00123373,0.0006147733333333334,0.00184432,3
2021-08-13 00:00:00+00:00,0.00032393,0.00019278,0.00057834,3
2021-08-14 00:00:00+00:00,0.00184629,0.00114746,0.00344238,3
2021-08-15 00:00:00+00:00,0.00183753,0.0011868566666666666,0.00356057,3
2021-08-16 00:00:00+00:00,0.00168431,0.0007820766666666667,0.00234623,3
2021-08-17 00:00:00+00:00,0.00063153,0.0007974599999999999,0.00239238,3
2021-08-18 00:00:00+00:00,0.0001,0.00032889333333333334,0.00098668,3
2021-08-19 00:00:00+00:00,0.00034497,0.00039216000000000007,0.0011764800000000001,3
2021-08-20 00:00:00+00:00,0.00038564,0.00022113000000000002,0.00066339,3
2021-08-21 00:00:00+00:00,0.00060488,0.0007741699999999999,0.00232251,3
2021-08-22 00:00:00+00:00,0.00083398,0.0005637233333333334,0.00169117,3
2021-08-23 00:00:00+00:00,0.00081457,0.0008172966666666667,0.00245189,3
2021-08-24 00:00:00+00:00,0.00132915,0.00133577,0.00400731,3
2021-08-25 00:00:00+00:00,0.00019959,0.0004374133333333333,0.0013122399999999999,3
2021-08-26 00:00:00+00:00,0.00023844,0.00018687,0.00056061,3
2021-08-27 00:00:00+00:00,0.00017765,0.00040105666666666664,0.00120317,3
2021-08-28 00:00:00+00:00,0.00059793,0.00055063,0.00165189,3
2021-08-29 00:00:00+00:00,0.00047013,0.0004281266666666667,0.0012843800000000001,3
2021-08-30 00:00:00+00:00,0.0011001,0.0008717466666666667,0.00261524,3
2021-08-31 00:00:00+00:00,0.00067563,0.0005125866666666666,0.00153776,3
2021-09-01 00:00:00+00:00,0.00071736,0.0005646666666666668,0.0016940000000000002,3
2021-09-02 00:00:00+00:00,0.00147986,0.00096675,0.00290025,3
2021-09-03 00:00:00+00:00,0.00133111,0.0011127466666666667,0.00333824,3
2021-09-04 00:00:00+00:00,0.0015765,0.0013989033333333333,0.00419671,3
2021-09-05 00:00:00+00:00,0.00119361,0.0013615866666666667,0.00408476,3
2021-09-06 00:00:00+00:00,0.00188393,0.00133477,0.0040043100000000005,3
2021-09-07 00:00:00+00:00,0.00135954,0.0012793866666666667,0.00383816,3
2021-09-08 00:00:00+00:00,0.0001,0.0001,0.00030000000000000003,3
2021-09-09 00:00:00+00:00,0.0001,3.842e-05,0.00011526,3
2021-09-10 00:00:00+00:00,0.0001,0.0001,0.00030000000000000003,3
2021-09-11 00:00:00+00:00,-2.879e-05,5.707e-05,0.00017121,3
2021-09-12 00:00:00+00:00,0.00028334,0.00016111333333333332,0.00048333999999999996,3
2021-09-13 00:00:00+00:00,0.0001,0.0001,0.00030000000000000003,3
2021-09-14 00:00:00+00:00,0.0001,0.0001,0.00030000000000000003,3
2021-09-15 00:00:00+00:00,0.0001,0.00016394333333333332,0.00049183,3
2021-09-16 00:00:00+00:00,0.0001,0.0001,0.00030000000000000003,3
2021-09-17 00:00:00+00:00,0.00024154,0.00014718,0.00044154000000000003,3
2021-09-18 00:00:00+00:00,0.00022796,0.0004590566666666666,0.0013771699999999998,3
2021-09-19 00:00:00+00:00,0.00050741,0.00040343999999999997,0.00121032,3
2021-09-20 00:00:00+00:00,0.0001,0.00010034666666666667,0.00030104000000000003,3
2021-09-21 00:00:00+00:00,0.0001,7.574333333333333e-05,0.00022723,3
2021-09-22 00:00:00+00:00,0.0001,0.0001,0.00030000000000000003,3
2021-09-23 00:00:00+00:00,0.0001,0.0001,0.00030000000000000003,3
2021-09-24 00:00:00+00:00,0.0001,0.0001,0.00030000000000000003,3
2021-09-25 00:00:00+00:00,0.0001,0.0001,0.00030000000000000003,3
2021-09-26 00:00:00+00:00,0.0001,0.0001,0.00030000000000000003,3
2021-09-27 00:00:00+00:00,0.0001,0.0001,0.00030000000000000003,3
2021-09-28 00:00:00+00:00,0.0001,0.0001,0.00030000000000000003,3
2021-09-29 00:00:00+00:00,0.0001,0.0001,0.00030000000000000003,3
2021-09-30 00:00:00+00:00,0.0001,0.0001,0.00030000000000000003,3
2021-10-01 00:00:00+00:00,0.0001,0.00013768666666666668,0.00041306000000000003,3
2021-10-02 00:00:00+00:00,0.0003334,0.0001778,0.0005334000000000001,3
2021-10-03 00:00:00+00:00,0.00010559,0.00013578333333333335,0.00040735,3
2021-10-04 00:00:00+00:00,0.00010812,0.00010940333333333333,0.00032821,3
2021-10-05 00:00:00+00:00,0.00058599,0.00026199666666666666,0.00078599,3
2021-10-06 00:00:00+00:00,0.00067166,0.0003237066666666667,0.00097112,3
2021-10-07 00:00:00+00:00,0.00018509,0.0003581066666666667,0.0010743200000000001,3
2021-10-08 00:00:00+00:00,0.00081795,0.0009889833333333333,0.00296695,3
2021-10-09 00:00:00+00:00,0.000688,0.0007679733333333334,0.00230392,3
2021-10-10 00:00:00+00:00,0.00075468,0.0005942133333333333,0.0017826399999999998,3
2021-10-11 00:00:00+00:00,0.0001,0.0003407733333333333,0.00102232,3
2021-10-12 00:00:00+00:00,0.0001,0.00022048333333333332,0.00066145,3
2021-10-13 00:00:00+00:00,0.0001,0.0001,0.00030000000000000003,3
2021-10-14 00:00:00+00:00,0.0001,0.0001,0.00030000000000000003,3
2021-10-15 00:00:00+00:00,0.00113307,0.0010212666666666668,0.0030638,3
2021-10-16 00:00:00+00:00,0.00115285,0.00093876,0.00281628,3
2021-10-17 00:00:00+00:00,0.00132626,0.0011401,0.0034203000000000002,3
2021-10-18 00:00:00+00:00,0.00053616,0.0006018866666666667,0.0018056600000000002,3
2021-10-19 00:00:00+00:00,0.00093906,0.0007981300000000001,0.00239439,3
2021-10-20 00:00:00+00:00,0.00088142,0.00046637666666666665,0.00139913,3
2021-10-21 00:00:00+00:00,0.00177036,0.00103064,0.0030919199999999997,3
2021-10-22 00:00:00+00:00,0.00100338,0.0011396866666666665,0.00341906,3
2021-10-23 00:00:00+00:00,0.0001,0.00042090000000000004,0.0012627,3
2021-10-24 00:00:00+00:00,0.00117057,0.0008587899999999999,0.0025763699999999997,3
2021-10-25 00:00:00+00:00,0.00093766,0.0009157166666666668,0.0027471500000000003,3
2021-10-26 00:00:00+00:00,0.00088679,0.0009729666666666668,0.0029189000000000003,3
2021-10-27 00:00:00+00:00,0.00042927,0.0007650199999999999,0.00229506,3
2021-10-28 00:00:00+00:00,0.0001,0.0001,0.00030000000000000003,3
2021-10-29 00:00:00+00:00,0.00075682,0.00079094,0.00237282,3
2021-10-30 00:00:00+00:00,0.00113323,0.0006606533333333334,0.00198196,3
2021-10-31 00:00:00+00:00,0.00073227,0.0006160533333333334,0.0018481600000000002,3
2021-11-01 00:00:00+00:00,0.00057899,0.00043024,0.00129072,3
2021-11-02 00:00:00+00:00,0.00083008,0.0007422633333333334,0.00222679,3
2021-11-03 00:00:00+00:00,0.00117089,0.00124554,0.00373662,3
2021-11-04 00:00:00+00:00,0.001841,0.0013589933333333333,0.00407698,3
2021-11-05 00:00:00+00:00,0.00058674,0.0007949200000000001,0.00238476,3
2021-11-06 00:00:00+00:00,0.00105095,0.00094889,0.00284667,3
2021-11-07 00:00:00+00:00,0.00053628,0.00045662666666666666,0.00136988,3
2021-11-08 00:00:00+00:00,0.0006411,0.00083071,0.00249213,3
2021-11-09 00:00:00+00:00,0.00176371,0.0013908166666666665,0.004172449999999999,3
2021-11-10 00:00:00+00:00,0.0013281,0.0013491500000000001,0.00404745,3
2021-11-11 00:00:00+00:00,0.0001,0.0007431633333333333,0.0022294899999999998,3
2021-11-12 00:00:00+00:00,0.00011982,0.00010660666666666667,0.00031982,3
2021-11-13 00:00:00+00:00,0.00033781,0.00017927,0.00053781,3
2021-11-14 00:00:00+00:00,0.00020903,0.00017174333333333332,0.00051523,3
2021-11-15 00:00:00+00:00,0.0002182,0.0001394,0.0004182,3
2021-11-16 00:00:00+00:00,0.0001,0.00015510333333333334,0.00046531000000000003,3
2021-11-17 00:00:00+00:00,0.0001,0.0001,0.00030000000000000003,3
2021-11-18 00:00:00+00:00,0.0001,0.0001,0.00030000000000000003,3
2021-11-19 00:00:00+00:00,0.0001,0.0001,0.00030000000000000003,3
2021-11-20 00:00:00+00:00,0.0002055,0.00013516666666666668,0.00040550000000000004,3
2021-11-21 00:00:00+00:00,0.00049382,0.0003306066666666667,0.00099182,3
2021-11-22 00:00:00+00:00,0.00026006,0.00033518333333333334,0.00100555,3
2021-11-23 00:00:00+00:00,0.0001,0.00020971333333333334,0.00062914,3
2021-11-24 00:00:00+00:00,0.0001,0.00014729666666666666,0.00044189,3
2021-11-25 00:00:00+00:00,0.0001,0.0001,0.00030000000000000003,3
2021-11-26 00:00:00+00:00,0.00036931,0.00036291,0.00108873,3
2021-11-27 00:00:00+00:00,0.0001,-0.00014143333333333335,-0.00042430000000000007,3
2021-11-28 00:00:00+00:00,0.0001,0.0001,0.00030000000000000003,3
2021-11-29 00:00:00+00:00,0.0001,0.0001,0.00030000000000000003,3
2021-11-30 00:00:00+00:00,0.0001518,0.00011826000000000001,0.00035478,3
2021-12-01 00:00:00+00:00,0.00064029,0.00034255,0.00102765,3
2021-12-02 00:00:00+00:00,0.00047823,0.00046594999999999997,0.00139785,3
2021-12-03 00:00:00+00:00,0.00033755,0.00021943666666666666,0.00065831,3
2021-12-04 00:00:00+00:00,-0.00121897,-0.00029777666666666667,-0.00089333,3
2021-12-05 00:00:00+00:00,0.0001,-4.247999999999999e-05,-0.00012743999999999999,3
2021-12-06 00:00:00+00:00,-0.00037408,-0.00010514,-0.00031542,3
2021-12-07 00:00:00+00:00,0.0001,0.0001,0.00030000000000000003,3
2021-12-08 00:00:00+00:00,0.0001,0.0001,0.00030000000000000003,3
2021-12-09 00:00:00+00:00,0.0001,0.0001,0.00030000000000000003,3
2021-12-10 00:00:00+00:00,0.0001,0.0001,0.00030000000000000003,3
2021-12-11 00:00:00+00:00,0.0001,0.0001,0.00030000000000000003,3
2021-12-12 00:00:00+00:00,0.0001,0.0001,0.00030000000000000003,3
2021-12-13 00:00:00+00:00,0.0001,0.0001,0.00030000000000000003,3
2021-12-14 00:00:00+00:00,0.0001,0.0001,0.00030000000000000003,3
2021-12-15 00:00:00+00:00,0.0001144,-1.3499999999999966e-06,-4.04999999999999e-06,3
2021-12-16 00:00:00+00:00,0.00019644,0.00013214666666666667,0.00039644,3
2021-12-17 00:00:00+00:00,0.0001,0.0001,0.00030000000000000003,3
2021-12-18 00:00:00+00:00,0.0001,0.0001,0.00030000000000000003,3
2021-12-19 00:00:00+00:00,0.0001,0.0001,0.00030000000000000003,3
2021-12-20 00:00:00+00:00,0.0001,0.0001,0.00030000000000000003,3
2021-12-21 00:00:00+00:00,0.0001,0.0001,0.00030000000000000003,3
2021-12-22 00:00:00+00:00,0.0001,0.0001,0.00030000000000000003,3
2021-12-23 00:00:00+00:00,0.0001,0.0001,0.00030000000000000003,3
2021-12-24 00:00:00+00:00,0.0001,0.0001,0.00030000000000000003,3
2021-12-25 00:00:00+00:00,0.0001,0.0001,0.00030000000000000003,3
2021-12-26 00:00:00+00:00,0.0001,0.0001,0.00030000000000000003,3
2021-12-27 00:00:00+00:00,0.00040873,0.00020291000000000002,0.00060873,3
2021-12-28 00:00:00+00:00,0.0001,0.0001,0.00030000000000000003,3
2021-12-29 00:00:00+00:00,0.0001,0.0001,0.00030000000000000003,3
2021-12-30 00:00:00+00:00,0.0001,0.0001,0.00030000000000000003,3
2021-12-31 00:00:00+00:00,0.0001,0.0001,0.00030000000000000003,3
2022-01-01 00:00:00+00:00,0.0001,0.0001,0.00030000000000000003,3
2022-01-02 00:00:00+00:00,0.0001,0.0001,0.00030000000000000003,3
2022-01-03 00:00:00+00:00,0.0001,0.0001,0.00030000000000000003,3
2022-01-04 00:00:00+00:00,0.0001,0.00012769666666666667,0.00038309,3
2022-01-05 00:00:00+00:00,0.0001,0.0001,0.00030000000000000003,3
2022-01-06 00:00:00+00:00,-0.00019076,3.0800000000000044e-06,9.240000000000013e-06,3
2022-01-07 00:00:00+00:00,0.0001,9.713e-05,0.00029139,3
2022-01-08 00:00:00+00:00,0.0001,0.0001,0.00030000000000000003,3
2022-01-09 00:00:00+00:00,0.0001,0.0001,0.00030000000000000003,3
2022-01-10 00:00:00+00:00,0.0001,0.0001,0.00030000000000000003,3
2022-01-11 00:00:00+00:00,8.727e-05,-1.820333333333334e-05,-5.461000000000002e-05,3
2022-01-12 00:00:00+00:00,0.0001,6.172000000000001e-05,0.00018516000000000002,3
2022-01-13 00:00:00+00:00,0.0001,0.0001,0.00030000000000000003,3
2022-01-14 00:00:00+00:00,0.0001,0.0001,0.00030000000000000003,3
2022-01-15 00:00:00+00:00,0.0001,0.0001,0.00030000000000000003,3
2022-01-16 00:00:00+00:00,0.0001,0.0001,0.00030000000000000003,3
2022-01-17 00:00:00+00:00,0.0001,0.0001,0.00030000000000000003,3
2022-01-18 00:00:00+00:00,0.0001,0.0001,0.00030000000000000003,3
2022-01-19 00:00:00+00:00,0.0001,0.0001,0.00030000000000000003,3
2022-01-20 00:00:00+00:00,0.0001,0.0001,0.00030000000000000003,3
2022-01-21 00:00:00+00:00,0.0001,0.0001,0.00030000000000000003,3
2022-01-22 00:00:00+00:00,0.0001,0.0001,0.00030000000000000003,3
2022-01-23 00:00:00+00:00,0.0001,-2.3453333333333324e-05,-7.035999999999997e-05,3
2022-01-24 00:00:00+00:00,0.0001,0.0001,0.00030000000000000003,3
2022-01-25 00:00:00+00:00,0.0001,0.0001,0.00030000000000000003,3
2022-01-26 00:00:00+00:00,0.0001,0.0001,0.00030000000000000003,3
2022-01-27 00:00:00+00:00,0.0001,5.617e-05,0.00016851,3
2022-01-28 00:00:00+00:00,0.0001,0.0001,0.00030000000000000003,3
2022-01-29 00:00:00+00:00,0.0001,0.0001,0.00030000000000000003,3
2022-01-30 00:00:00+00:00,0.0001,0.0001,0.00030000000000000003,3
2022-01-31 00:00:00+00:00,0.0001,0.0001,0.00030000000000000003,3
2022-02-01 00:00:00+00:00,0.0001,0.0001,0.00030000000000000003,3
2022-02-02 00:00:00+00:00,0.0001,0.0001,0.00030000000000000003,3
2022-02-03 00:00:00+00:00,0.0001,0.0001,0.00030000000000000003,3
2022-02-04 00:00:00+00:00,-0.00028988,-2.996e-05,-8.988e-05,3
2022-02-05 00:00:00+00:00,0.0001,7.402e-05,0.00022206,3
2022-02-06 00:00:00+00:00,0.0001,0.0001,0.00030000000000000003,3
2022-02-07 00:00:00+00:00,0.0001,8.681e-05,0.00026043,3
2022-02-08 00:00:00+00:00,0.0001,0.0001,0.00030000000000000003,3
2022-02-09 00:00:00+00:00,0.0001,0.0001,0.00030000000000000003,3
2022-02-10 00:00:00+00:00,0.0001,0.0001,0.00030000000000000003,3
2022-02-11 00:00:00+00:00,0.0001,0.0001,0.00030000000000000003,3
2022-02-12 00:00:00+00:00,-1.048e-05,4.061666666666667e-05,0.00012185000000000001,3
2022-02-13 00:00:00+00:00,0.0001,0.0001,0.00030000000000000003,3
2022-02-14 00:00:00+00:00,0.0001,3.290666666666667e-05,9.872e-05,3
2022-02-15 00:00:00+00:00,2.653e-05,1.928e-05,5.7839999999999995e-05,3
2022-02-16 00:00:00+00:00,0.0001,0.0001,0.00030000000000000003,3
2022-02-17 00:00:00+00:00,0.0001,0.0001,0.00030000000000000003,3
2022-02-18 00:00:00+00:00,-2.18e-05,-2.5190000000000004e-05,-7.557000000000001e-05,3
2022-02-19 00:00:00+00:00,0.0001,0.0001,0.00030000000000000003,3
2022-02-20 00:00:00+00:00,0.0001,0.0001,0.00030000000000000003,3
2022-02-21 00:00:00+00:00,-2.172e-05,-6.891e-05,-0.00020673,3
2022-02-22 00:00:00+00:00,-0.0002692,-0.00010692,-0.00032076,3
2022-02-23 00:00:00+00:00,0.0001,1.5356666666666665e-05,4.607e-05,3
2022-02-24 00:00:00+00:00,-0.00056238,-0.00012079333333333334,-0.00036238000000000004,3
2022-02-25 00:00:00+00:00,6.515e-05,-0.00020197666666666665,-0.00060593,3
2022-02-26 00:00:00+00:00,0.0001,5.9073333333333336e-05,0.00017722000000000001,3
2022-02-27 00:00:00+00:00,-2.594e-05,5.802000000000001e-05,0.00017406000000000002,3
2022-02-28 00:00:00+00:00,0.0001,6.037666666666667e-05,0.00018113,3
2022-03-01 00:00:00+00:00,0.0001,0.0001,0.00030000000000000003,3
2022-03-02 00:00:00+00:00,0.0001,0.0001,0.00030000000000000003,3
2022-03-03 00:00:00+00:00,0.0001,0.0001,0.00030000000000000003,3
2022-03-04 00:00:00+00:00,0.0001,0.0001,0.00030000000000000003,3
2022-03-05 00:00:00+00:00,0.0001,0.0001,0.00030000000000000003,3
2022-03-06 00:00:00+00:00,0.0001,0.0001,0.00030000000000000003,3
2022-03-07 00:00:00+00:00,5.581e-05,8.527000000000002e-05,0.00025581000000000003,3
2022-03-08 00:00:00+00:00,6.891e-05,2.8533333333333337e-05,8.560000000000001e-05,3
2022-03-09 00:00:00+00:00,0.0001,0.0001,0.00030000000000000003,3
2022-03-10 00:00:00+00:00,0.0001,0.0001,0.00030000000000000003,3
2022-03-11 00:00:00+00:00,0.0001,0.0001,0.00030000000000000003,3
2022-03-12 00:00:00+00:00,0.0001,0.0001,0.00030000000000000003,3
2022-03-13 00:00:00+00:00,0.0001,0.0001,0.00030000000000000003,3
2022-03-14 00:00:00+00:00,0.0001,0.0001,0.00030000000000000003,3
2022-03-15 00:00:00+00:00,0.0001,0.0001,0.00030000000000000003,3
2022-03-16 00:00:00+00:00,0.0001,0.0001,0.00030000000000000003,3
2022-03-17 00:00:00+00:00,0.0001,0.0001,0.00030000000000000003,3
2022-03-18 00:00:00+00:00,0.0001,0.0001,0.00030000000000000003,3
2022-03-19 00:00:00+00:00,0.0001,0.0001,0.00030000000000000003,3
2022-03-20 00:00:00+00:00,0.0001,0.0001,0.00030000000000000003,3
2022-03-21 00:00:00+00:00,0.0001,0.0001,0.00030000000000000003,3
2022-03-22 00:00:00+00:00,0.0001,0.0001,0.00030000000000000003,3
2022-03-23 00:00:00+00:00,0.0001,0.0001,0.00030000000000000003,3
2022-03-24 00:00:00+00:00,0.0001,0.0001,0.00030000000000000003,3
2022-03-25 00:00:00+00:00,0.0001,0.0001,0.00030000000000000003,3
2022-03-26 00:00:00+00:00,0.0001,0.0001,0.00030000000000000003,3
2022-03-27 00:00:00+00:00,0.0001,0.0001,0.00030000000000000003,3
2022-03-28 00:00:00+00:00,0.00011782,0.00010594,0.00031782,3
2022-03-29 00:00:00+00:00,0.00011163,0.00012754,0.00038261999999999997,3
2022-03-30 00:00:00+00:00,0.0001,0.00014274333333333335,0.00042823000000000004,3
2022-03-31 00:00:00+00:00,0.0002438,0.00020504333333333332,0.00061513,3
2022-04-01 00:00:00+00:00,0.0001,0.00014823666666666666,0.00044470999999999996,3
2022-04-02 00:00:00+00:00,0.0001,0.0001,0.00030000000000000003,3
2022-04-03 00:00:00+00:00,0.0001,0.0001,0.00030000000000000003,3
2022-04-04 00:00:00+00:00,0.0001,0.0001,0.00030000000000000003,3
2022-04-05 00:00:00+00:00,0.0001,0.00013801000000000002,0.00041403,3
2022-04-06 00:00:00+00:00,0.0001,0.00011569,0.00034707,3
2022-04-07 00:00:00+00:00,0.0001,0.0001,0.00030000000000000003,3
2022-04-08 00:00:00+00:00,0.0001,0.0001,0.00030000000000000003,3
2022-04-09 00:00:00+00:00,0.0001,0.0001,0.00030000000000000003,3
2022-04-10 00:00:00+00:00,0.0001,0.0001,0.00030000000000000003,3
2022-04-11 00:00:00+00:00,0.0001,0.0001,0.00030000000000000003,3
2022-04-12 00:00:00+00:00,-2.357e-05,5.881000000000001e-05,0.00017643000000000002,3
2022-04-13 00:00:00+00:00,0.0001,9.560666666666667e-05,0.00028682,3
2022-04-14 00:00:00+00:00,0.0001,0.0001,0.00030000000000000003,3
2022-04-15 00:00:00+00:00,0.0001,0.0001,0.00030000000000000003,3
2022-04-16 00:00:00+00:00,0.0001,0.0001,0.00030000000000000003,3
2022-04-17 00:00:00+00:00,0.0001,0.0001,0.00030000000000000003,3
2022-04-18 00:00:00+00:00,0.0001,0.0001,0.00030000000000000003,3
2022-04-19 00:00:00+00:00,0.0001,0.0001,0.00030000000000000003,3
2022-04-20 00:00:00+00:00,0.0001,0.0001,0.00030000000000000003,3
2022-04-21 00:00:00+00:00,0.0001,0.0001,0.00030000000000000003,3
2022-04-22 00:00:00+00:00,0.0001,0.0001,0.00030000000000000003,3
2022-04-23 00:00:00+00:00,0.0001,0.0001,0.00030000000000000003,3
2022-04-24 00:00:00+00:00,0.0001,0.0001,0.00030000000000000003,3
2022-04-25 00:00:00+00:00,-4.368e-05,5.210666666666667e-05,0.00015632,3
2022-04-26 00:00:00+00:00,0.0001,3.6360000000000004e-05,0.00010908,3
2022-04-27 00:00:00+00:00,0.0001,0.0001,0.00030000000000000003,3
2022-04-28 00:00:00+00:00,0.0001,0.0001,0.00030000000000000003,3
2022-04-29 00:00:00+00:00,0.0001,0.0001,0.00030000000000000003,3
2022-04-30 00:00:00+00:00,0.0001,0.0001,0.00030000000000000003,3
2022-05-01 00:00:00+00:00,0.0001,0.0001,0.00030000000000000003,3
2022-05-02 00:00:00+00:00,0.0001,0.0001,0.00030000000000000003,3
2022-05-03 00:00:00+00:00,0.0001,0.0001,0.00030000000000000003,3
2022-05-04 00:00:00+00:00,0.0001,0.0001,0.00030000000000000003,3
2022-05-05 00:00:00+00:00,0.0001,0.0001,0.00030000000000000003,3
2022-05-06 00:00:00+00:00,0.0001,0.0001,0.00030000000000000003,3
2022-05-07 00:00:00+00:00,0.0001,0.0001,0.00030000000000000003,3
2022-05-08 00:00:00+00:00,0.0001,0.0001,0.00030000000000000003,3
2022-05-09 00:00:00+00:00,8.732e-05,9.577333333333333e-05,0.00028732,3
2022-05-10 00:00:00+00:00,-0.00020959,-5.637333333333334e-05,-0.00016912,3
2022-05-11 00:00:00+00:00,0.0001,8.311333333333334e-05,0.00024934,3
2022-05-12 00:00:00+00:00,-0.00107607,-0.0006826033333333332,-0.0020478099999999997,3
2022-05-13 00:00:00+00:00,-0.00020439,-0.00063231,-0.00189693,3
2022-05-14 00:00:00+00:00,8.241e-05,5.350000000000004e-06,1.605000000000001e-05,3
2022-05-15 00:00:00+00:00,0.0001,-1.2716666666666665e-05,-3.814999999999999e-05,3
2022-05-16 00:00:00+00:00,-0.00012733,-2.776333333333333e-05,-8.328999999999998e-05,3
2022-05-17 00:00:00+00:00,-0.00013985,-6.013333333333333e-05,-0.0001804,3
2022-05-18 00:00:00+00:00,3.051e-05,5.880333333333333e-05,0.00017641,3
2022-05-19 00:00:00+00:00,3.654e-05,-3.3906666666666665e-05,-0.00010172,3
2022-05-20 00:00:00+00:00,0.0001,0.0001,0.00030000000000000003,3
2022-05-21 00:00:00+00:00,3.861e-05,6.629666666666667e-05,0.00019889000000000002,3
2022-05-22 00:00:00+00:00,0.0001,0.0001,0.00030000000000000003,3
2022-05-23 00:00:00+00:00,0.0001,0.0001,0.00030000000000000003,3
2022-05-24 00:00:00+00:00,1.28e-06,6.709333333333334e-05,0.00020128,3
2022-05-25 00:00:00+00:00,0.0001,8.518000000000001e-05,0.00025554,3
2022-05-26 00:00:00+00:00,0.0001,0.0001,0.00030000000000000003,3
2022-05-27 00:00:00+00:00,-0.00028802,-0.00015879666666666667,-0.00047639000000000004,3
2022-05-28 00:00:00+00:00,0.0001,9.073333333333333e-05,0.0002722,3
2022-05-29 00:00:00+00:00,0.0001,0.0001,0.00030000000000000003,3
2022-05-30 00:00:00+00:00,0.0001,0.0001,0.00030000000000000003,3
2022-05-31 00:00:00+00:00,0.0001,0.0001,0.00030000000000000003,3
2022-06-01 00:00:00+00:00,0.0001,0.0001,0.00030000000000000003,3
2022-06-02 00:00:00+00:00,0.0001,0.0001,0.00030000000000000003,3
2022-06-03 00:00:00+00:00,0.0001,0.0001,0.00030000000000000003,3
2022-06-04 00:00:00+00:00,0.0001,0.0001,0.00030000000000000003,3
2022-06-05 00:00:00+00:00,0.0001,0.0001,0.00030000000000000003,3
2022-06-06 00:00:00+00:00,0.0001,0.0001,0.00030000000000000003,3
2022-06-07 00:00:00+00:00,0.0001,0.0001,0.00030000000000000003,3
2022-06-08 00:00:00+00:00,0.0001,0.0001,0.00030000000000000003,3
2022-06-09 00:00:00+00:00,0.0001,0.0001,0.00030000000000000003,3
2022-06-10 00:00:00+00:00,0.0001,0.0001,0.00030000000000000003,3
2022-06-11 00:00:00+00:00,0.0001,9.421000000000001e-05,0.00028263,3
2022-06-12 00:00:00+00:00,-0.00017536,-0.00015531666666666668,-0.00046595,3
2022-06-13 00:00:00+00:00,-1.624e-05,1.296e-05,3.888e-05,3
2022-06-14 00:00:00+00:00,0.0001,7.37e-05,0.0002211,3
2022-06-15 00:00:00+00:00,0.0001,0.0001,0.00030000000000000003,3
2022-06-16 00:00:00+00:00,0.0001,0.0001,0.00030000000000000003,3
2022-06-17 00:00:00+00:00,0.0001,0.0001,0.00030000000000000003,3
2022-06-18 00:00:00+00:00,0.0001,0.0001,0.00030000000000000003,3
2022-06-19 00:00:00+00:00,4.406e-05,8.135333333333334e-05,0.00024406000000000002,3
2022-06-20 00:00:00+00:00,0.0001,8.427333333333333e-05,0.00025282,3
2022-06-21 00:00:00+00:00,0.0001,0.0001,0.00030000000000000003,3
2022-06-22 00:00:00+00:00,0.0001,0.0001,0.00030000000000000003,3
2022-06-23 00:00:00+00:00,0.0001,0.0001,0.00030000000000000003,3
2022-06-24 00:00:00+00:00,0.0001,0.0001,0.00030000000000000003,3
2022-06-25 00:00:00+00:00,0.0001,0.0001,0.00030000000000000003,3
2022-06-26 00:00:00+00:00,0.0001,0.0001,0.00030000000000000003,3
2022-06-27 00:00:00+00:00,-0.00020232,-7.733333333333304e-07,-2.3199999999999913e-06,3
2022-06-28 00:00:00+00:00,0.0001,9.802666666666667e-05,0.00029408,3
2022-06-29 00:00:00+00:00,0.0001,0.0001,0.00030000000000000003,3
2022-06-30 00:00:00+00:00,0.0001,0.0001,0.00030000000000000003,3
2022-07-01 00:00:00+00:00,0.0001,0.0001,0.00030000000000000003,3
2022-07-02 00:00:00+00:00,0.0001,0.0001,0.00030000000000000003,3
2022-07-03 00:00:00+00:00,0.0001,0.0001,0.00030000000000000003,3
2022-07-04 00:00:00+00:00,0.0001,0.0001,0.00030000000000000003,3
2022-07-05 00:00:00+00:00,0.0001,0.0001,0.00030000000000000003,3
2022-07-06 00:00:00+00:00,0.0001,0.0001,0.00030000000000000003,3
2022-07-07 00:00:00+00:00,0.0001,0.0001,0.00030000000000000003,3
2022-07-08 00:00:00+00:00,0.0001,0.0001,0.00030000000000000003,3
2022-07-09 00:00:00+00:00,0.0001,0.0001,0.00030000000000000003,3
2022-07-10 00:00:00+00:00,0.0001,0.0001,0.00030000000000000003,3
2022-07-11 00:00:00+00:00,0.0001,0.0001,0.00030000000000000003,3
2022-07-12 00:00:00+00:00,0.0001,0.0001,0.00030000000000000003,3
2022-07-13 00:00:00+00:00,0.0001,0.0001,0.00030000000000000003,3
2022-07-14 00:00:00+00:00,0.0001,0.0001,0.00030000000000000003,3
2022-07-15 00:00:00+00:00,0.0001,0.0001,0.00030000000000000003,3
2022-07-16 00:00:00+00:00,0.0001,0.0001,0.00030000000000000003,3
2022-07-17 00:00:00+00:00,0.0001,0.0001,0.00030000000000000003,3
2022-07-18 00:00:00+00:00,0.0001,0.0001,0.00030000000000000003,3
2022-07-19 00:00:00+00:00,0.0001,0.0001,0.00030000000000000003,3
2022-07-20 00:00:00+00:00,0.0001,0.0001,0.00030000000000000003,3
2022-07-21 00:00:00+00:00,0.0001,0.0001,0.00030000000000000003,3
2022-07-22 00:00:00+00:00,0.0001,0.0001,0.00030000000000000003,3
2022-07-23 00:00:00+00:00,0.0001,0.0001,0.00030000000000000003,3
2022-07-24 00:00:00+00:00,0.0001,0.0001,0.00030000000000000003,3
2022-07-25 00:00:00+00:00,0.0001,0.0001,0.00030000000000000003,3
2022-07-26 00:00:00+00:00,0.0001,0.0001,0.00030000000000000003,3
2022-07-27 00:00:00+00:00,0.0001,0.0001,0.00030000000000000003,3
2022-07-28 00:00:00+00:00,0.0001,0.0001,0.00030000000000000003,3
2022-07-29 00:00:00+00:00,0.0001,0.0001,0.00030000000000000003,3
2022-07-30 00:00:00+00:00,0.0001,0.0001,0.00030000000000000003,3
2022-07-31 00:00:00+00:00,0.0001,0.0001,0.00030000000000000003,3
2022-08-01 00:00:00+00:00,0.0001,0.0001,0.00030000000000000003,3
2022-08-02 00:00:00+00:00,0.0001,0.0001,0.00030000000000000003,3
2022-08-03 00:00:00+00:00,0.0001,0.0001,0.00030000000000000003,3
2022-08-04 00:00:00+00:00,0.0001,0.0001,0.00030000000000000003,3
2022-08-05 00:00:00+00:00,0.0001,0.0001,0.00030000000000000003,3
2022-08-06 00:00:00+00:00,0.0001,0.0001,0.00030000000000000003,3
2022-08-07 00:00:00+00:00,0.0001,0.0001,0.00030000000000000003,3
2022-08-08 00:00:00+00:00,0.0001,0.0001,0.00030000000000000003,3
2022-08-09 00:00:00+00:00,0.0001,0.0001,0.00030000000000000003,3
2022-08-10 00:00:00+00:00,0.0001,0.0001,0.00030000000000000003,3
2022-08-11 00:00:00+00:00,0.0001,0.0001,0.00030000000000000003,3
2022-08-12 00:00:00+00:00,0.0001,0.0001,0.00030000000000000003,3
2022-08-13 00:00:00+00:00,0.0001,0.0001,0.00030000000000000003,3
2022-08-14 00:00:00+00:00,0.0001,0.0001,0.00030000000000000003,3
2022-08-15 00:00:00+00:00,0.0001,0.0001,0.00030000000000000003,3
2022-08-16 00:00:00+00:00,0.0001,0.0001,0.00030000000000000003,3
2022-08-17 00:00:00+00:00,0.0001,0.0001,0.00030000000000000003,3
2022-08-18 00:00:00+00:00,0.0001,0.0001,0.00030000000000000003,3
2022-08-19 00:00:00+00:00,0.0001,0.0001,0.00030000000000000003,3
2022-08-20 00:00:00+00:00,0.0001,0.0001,0.00030000000000000003,3
2022-08-21 00:00:00+00:00,0.0001,0.0001,0.00030000000000000003,3
2022-08-22 00:00:00+00:00,0.0001,0.0001,0.00030000000000000003,3
2022-08-23 00:00:00+00:00,0.0001,0.0001,0.00030000000000000003,3
2022-08-24 00:00:00+00:00,0.0001,0.0001,0.00030000000000000003,3
2022-08-25 00:00:00+00:00,0.0001,0.0001,0.00030000000000000003,3
2022-08-26 00:00:00+00:00,0.0001,0.0001,0.00030000000000000003,3
2022-08-27 00:00:00+00:00,0.0001,0.0001,0.00030000000000000003,3
2022-08-28 00:00:00+00:00,0.0001,0.0001,0.00030000000000000003,3
2022-08-29 00:00:00+00:00,0.0001,0.0001,0.00030000000000000003,3
2022-08-30 00:00:00+00:00,0.0001,0.0001,0.00030000000000000003,3
2022-08-31 00:00:00+00:00,0.0001,0.0001,0.00030000000000000003,3
2022-09-01 00:00:00+00:00,0.0001,0.0001,0.00030000000000000003,3
2022-09-02 00:00:00+00:00,0.0001,0.0001,0.00030000000000000003,3
2022-09-03 00:00:00+00:00,0.0001,0.0001,0.00030000000000000003,3
2022-09-04 00:00:00+00:00,0.0001,0.0001,0.00030000000000000003,3
2022-09-05 00:00:00+00:00,0.0001,0.0001,0.00030000000000000003,3
2022-09-06 00:00:00+00:00,0.0001,0.0001,0.00030000000000000003,3
2022-09-07 00:00:00+00:00,0.0001,0.0001,0.00030000000000000003,3
2022-09-08 00:00:00+00:00,0.0001,0.0001,0.00030000000000000003,3
2022-09-09 00:00:00+00:00,0.0001,0.0001,0.00030000000000000003,3
2022-09-10 00:00:00+00:00,0.0001,0.0001,0.00030000000000000003,3
2022-09-11 00:00:00+00:00,0.0001,0.0001,0.00030000000000000003,3
2022-09-12 00:00:00+00:00,0.0001,0.0001,0.00030000000000000003,3
2022-09-13 00:00:00+00:00,0.0001,0.0001,0.00030000000000000003,3
2022-09-14 00:00:00+00:00,0.0001,0.0001,0.00030000000000000003,3
2022-09-15 00:00:00+00:00,0.0001,0.0001,0.00030000000000000003,3
2022-09-16 00:00:00+00:00,0.0001,0.0001,0.00030000000000000003,3
2022-09-17 00:00:00+00:00,0.0001,7.163e-05,0.00021489000000000002,3
2022-09-18 00:00:00+00:00,0.0001,0.0001,0.00030000000000000003,3
2022-09-19 00:00:00+00:00,0.0001,0.0001,0.00030000000000000003,3
2022-09-20 00:00:00+00:00,0.0001,0.0001,0.00030000000000000003,3
2022-09-21 00:00:00+00:00,0.0001,0.0001,0.00030000000000000003,3
2022-09-22 00:00:00+00:00,0.0001,0.0001,0.00030000000000000003,3
2022-09-23 00:00:00+00:00,0.0001,0.0001,0.00030000000000000003,3
2022-09-24 00:00:00+00:00,0.0001,0.0001,0.00030000000000000003,3
2022-09-25 00:00:00+00:00,0.0001,0.0001,0.00030000000000000003,3
2022-09-26 00:00:00+00:00,0.0001,0.0001,0.00030000000000000003,3
2022-09-27 00:00:00+00:00,0.0001,0.0001,0.00030000000000000003,3
2022-09-28 00:00:00+00:00,0.0001,0.0001,0.00030000000000000003,3
2022-09-29 00:00:00+00:00,0.0001,0.0001,0.00030000000000000003,3
2022-09-30 00:00:00+00:00,0.0001,0.0001,0.00030000000000000003,3
2022-10-01 00:00:00+00:00,0.0001,0.0001,0.00030000000000000003,3
2022-10-02 00:00:00+00:00,0.0001,0.0001,0.00030000000000000003,3
2022-10-03 00:00:00+00:00,0.0001,0.0001,0.00030000000000000003,3
2022-10-04 00:00:00+00:00,0.0001,0.0001,0.00030000000000000003,3
2022-10-05 00:00:00+00:00,0.0001,0.0001,0.00030000000000000003,3
2022-10-06 00:00:00+00:00,0.0001,0.0001,0.00030000000000000003,3
2022-10-07 00:00:00+00:00,0.0001,0.0001,0.00030000000000000003,3
2022-10-08 00:00:00+00:00,0.0001,0.0001,0.00030000000000000003,3
2022-10-09 00:00:00+00:00,0.0001,0.0001,0.00030000000000000003,3
2022-10-10 00:00:00+00:00,0.0001,0.0001,0.00030000000000000003,3
2022-10-11 00:00:00+00:00,0.0001,0.0001,0.00030000000000000003,3
2022-10-12 00:00:00+00:00,0.0001,0.0001,0.00030000000000000003,3
2022-10-13 00:00:00+00:00,0.0001,0.0001,0.00030000000000000003,3
2022-10-14 00:00:00+00:00,0.0001,0.0001,0.00030000000000000003,3
2022-10-15 00:00:00+00:00,0.0001,0.0001,0.00030000000000000003,3
2022-10-16 00:00:00+00:00,0.0001,0.0001,0.00030000000000000003,3
2022-10-17 00:00:00+00:00,0.0001,0.0001,0.00030000000000000003,3
2022-10-18 00:00:00+00:00,0.0001,0.0001,0.00030000000000000003,3
2022-10-19 00:00:00+00:00,0.0001,0.0001,0.00030000000000000003,3
2022-10-20 00:00:00+00:00,0.0001,0.0001,0.00030000000000000003,3
2022-10-21 00:00:00+00:00,0.0001,0.0001,0.00030000000000000003,3
2022-10-22 00:00:00+00:00,0.0001,0.0001,0.00030000000000000003,3
2022-10-23 00:00:00+00:00,0.0001,0.0001,0.00030000000000000003,3
2022-10-24 00:00:00+00:00,0.0001,0.0001,0.00030000000000000003,3
2022-10-25 00:00:00+00:00,0.0001,0.0001,0.00030000000000000003,3
2022-10-26 00:00:00+00:00,0.0001,0.0001,0.00030000000000000003,3
2022-10-27 00:00:00+00:00,0.0001,7.785000000000001e-05,0.00023355,3
2022-10-28 00:00:00+00:00,-0.00027402,-2.4673333333333323e-05,-7.401999999999997e-05,3
2022-10-29 00:00:00+00:00,-6.744e-05,-8.188333333333332e-05,-0.00024565,3
2022-10-30 00:00:00+00:00,0.0001,0.0001,0.00030000000000000003,3
2022-10-31 00:00:00+00:00,0.0001,0.0001,0.00030000000000000003,3
2022-11-01 00:00:00+00:00,0.0001,9.910333333333334e-05,0.00029731,3
2022-11-02 00:00:00+00:00,0.0001,0.0001,0.00030000000000000003,3
2022-11-03 00:00:00+00:00,0.0001,0.0001,0.00030000000000000003,3
2022-11-04 00:00:00+00:00,0.0001,0.0001,0.00030000000000000003,3
2022-11-05 00:00:00+00:00,0.0001,0.0001,0.00030000000000000003,3
2022-11-06 00:00:00+00:00,0.0001,0.0001,0.00030000000000000003,3
2022-11-07 00:00:00+00:00,0.0001,9.807333333333333e-05,0.00029422,3
2022-11-08 00:00:00+00:00,0.0001,0.0001,0.00030000000000000003,3
2022-11-09 00:00:00+00:00,0.0001,-0.00010055999999999999,-0.00030167999999999997,3
2022-11-10 00:00:00+00:00,0.0001,0.0001,0.00030000000000000003,3
2022-11-11 00:00:00+00:00,0.0001,0.0001,0.00030000000000000003,3
2022-11-12 00:00:00+00:00,0.0001,0.0001,0.00030000000000000003,3
2022-11-13 00:00:00+00:00,0.0001,0.0001,0.00030000000000000003,3
2022-11-14 00:00:00+00:00,0.0001,0.0001,0.00030000000000000003,3
2022-11-15 00:00:00+00:00,0.0001,0.0001,0.00030000000000000003,3
2022-11-16 00:00:00+00:00,0.0001,0.0001,0.00030000000000000003,3
2022-11-17 00:00:00+00:00,0.0001,0.0001,0.00030000000000000003,3
2022-11-18 00:00:00+00:00,0.0001,0.0001,0.00030000000000000003,3
2022-11-19 00:00:00+00:00,0.0001,0.0001,0.00030000000000000003,3
2022-11-20 00:00:00+00:00,0.0001,0.0001,0.00030000000000000003,3
2022-11-21 00:00:00+00:00,0.0001,0.0001,0.00030000000000000003,3
2022-11-22 00:00:00+00:00,0.0001,0.0001,0.00030000000000000003,3
2022-11-23 00:00:00+00:00,0.0001,0.0001,0.00030000000000000003,3
2022-11-24 00:00:00+00:00,0.0001,0.0001,0.00030000000000000003,3
2022-11-25 00:00:00+00:00,0.0001,0.0001,0.00030000000000000003,3
2022-11-26 00:00:00+00:00,0.0001,0.0001,0.00030000000000000003,3
2022-11-27 00:00:00+00:00,0.0001,0.0001,0.00030000000000000003,3
2022-11-28 00:00:00+00:00,0.0001,0.0001,0.00030000000000000003,3
2022-11-29 00:00:00+00:00,0.0001,-0.0009530466666666668,-0.0028591400000000005,3
2022-11-30 00:00:00+00:00,0.0001,2.9036666666666666e-05,8.711e-05,3
2022-12-01 00:00:00+00:00,0.0001,0.0001,0.00030000000000000003,3
2022-12-02 00:00:00+00:00,0.0001,9.874333333333335e-05,0.00029623000000000003,3
2022-12-03 00:00:00+00:00,0.0001,8.674666666666667e-05,0.00026024,3
2022-12-04 00:00:00+00:00,5.656e-05,7.424666666666668e-05,0.00022274000000000003,3
2022-12-05 00:00:00+00:00,0.0001,3.2716666666666665e-05,9.815e-05,3
2022-12-06 00:00:00+00:00,0.0001,0.0001,0.00030000000000000003,3
2022-12-07 00:00:00+00:00,0.0001,0.0001,0.00030000000000000003,3
2022-12-08 00:00:00+00:00,0.0001,9.456666666666667e-05,0.0002837,3
2022-12-09 00:00:00+00:00,0.0001,0.0001,0.00030000000000000003,3
2022-12-10 00:00:00+00:00,0.0001,0.0001,0.00030000000000000003,3
2022-12-11 00:00:00+00:00,0.0001,0.0001,0.00030000000000000003,3
2022-12-12 00:00:00+00:00,0.0001,7.211333333333334e-05,0.00021634,3
2022-12-13 00:00:00+00:00,0.0001,0.0001,0.00030000000000000003,3
2022-12-14 00:00:00+00:00,0.0001,0.0001,0.00030000000000000003,3
2022-12-15 00:00:00+00:00,0.0001,0.0001,0.00030000000000000003,3
2022-12-16 00:00:00+00:00,0.0001,0.0001,0.00030000000000000003,3
2022-12-17 00:00:00+00:00,0.0001,0.0001,0.00030000000000000003,3
2022-12-18 00:00:00+00:00,8.478e-05,8.342e-05,0.00025026,3
2022-12-19 00:00:00+00:00,0.0001,0.0001,0.00030000000000000003,3
2022-12-20 00:00:00+00:00,1.062e-05,3.0426666666666664e-05,9.128e-05,3
2022-12-21 00:00:00+00:00,9.206e-05,5.559e-05,0.00016677,3
2022-12-22 00:00:00+00:00,0.0001,0.0001,0.00030000000000000003,3
2022-12-23 00:00:00+00:00,0.0001,9.457e-05,0.00028371,3
2022-12-24 00:00:00+00:00,0.0001,0.0001,0.00030000000000000003,3
2022-12-25 00:00:00+00:00,0.0001,0.0001,0.00030000000000000003,3
2022-12-26 00:00:00+00:00,0.0001,0.0001,0.00030000000000000003,3
2022-12-27 00:00:00+00:00,0.0001,0.0001,0.00030000000000000003,3
2022-12-28 00:00:00+00:00,6.275e-05,8.758333333333334e-05,0.00026275,3
2022-12-29 00:00:00+00:00,0.0001,7.361000000000001e-05,0.00022083,3
2022-12-30 00:00:00+00:00,5.014e-05,3.426666666666667e-05,0.0001028,3
2022-12-31 00:00:00+00:00,2.685e-05,-2.2653333333333336e-05,-6.796e-05,3
2023-01-01 00:00:00+00:00,0.0001,0.0001,0.00030000000000000003,3
2023-01-02 00:00:00+00:00,0.0001,0.0001,0.00030000000000000003,3
2023-01-03 00:00:00+00:00,0.0001,0.0001,0.00030000000000000003,3
2023-01-04 00:00:00+00:00,0.0001,0.0001,0.00030000000000000003,3
2023-01-05 00:00:00+00:00,0.0001,0.0001,0.00030000000000000003,3
2023-01-06 00:00:00+00:00,0.0001,0.0001,0.00030000000000000003,3
2023-01-07 00:00:00+00:00,0.0001,0.0001,0.00030000000000000003,3
2023-01-08 00:00:00+00:00,0.0001,0.0001,0.00030000000000000003,3
2023-01-09 00:00:00+00:00,0.0001,0.0001,0.00030000000000000003,3
2023-01-10 00:00:00+00:00,0.0001,0.0001,0.00030000000000000003,3
2023-01-11 00:00:00+00:00,0.0001,0.0001,0.00030000000000000003,3
2023-01-12 00:00:00+00:00,0.0001,0.0001,0.00030000000000000003,3
2023-01-13 00:00:00+00:00,0.0001,0.0001,0.00030000000000000003,3
2023-01-14 00:00:00+00:00,0.0001,0.00019742666666666667,0.00059228,3
2023-01-15 00:00:00+00:00,0.00014265,0.00012011,0.00036033,3
2023-01-16 00:00:00+00:00,0.0001,0.00014216,0.00042648,3
2023-01-17 00:00:00+00:00,0.0001,0.0001,0.00030000000000000003,3
2023-01-18 00:00:00+00:00,0.0001,0.0001,0.00030000000000000003,3
2023-01-19 00:00:00+00:00,0.0001,0.0001,0.00030000000000000003,3
2023-01-20 00:00:00+00:00,0.0001,0.0001,0.00030000000000000003,3
2023-01-21 00:00:00+00:00,0.0001,0.00010997333333333333,0.00032992,3
2023-01-22 00:00:00+00:00,0.0001,0.0001,0.00030000000000000003,3
2023-01-23 00:00:00+00:00,0.00019354,0.00013118,0.00039354,3
2023-01-24 00:00:00+00:00,0.0001,0.0001682,0.0005046,3
2023-01-25 00:00:00+00:00,0.0001,0.0001,0.00030000000000000003,3
2023-01-26 00:00:00+00:00,0.0001,0.0001,0.00030000000000000003,3
2023-01-27 00:00:00+00:00,0.0001,0.0001,0.00030000000000000003,3
2023-01-28 00:00:00+00:00,0.0001,0.0001,0.00030000000000000003,3
2023-01-29 00:00:00+00:00,0.0001,0.0001,0.00030000000000000003,3
2023-01-30 00:00:00+00:00,0.0001,0.00010643000000000001,0.00031929,3
2023-01-31 00:00:00+00:00,0.0001,0.0001,0.00030000000000000003,3
2023-02-01 00:00:00+00:00,0.0001,0.00010027333333333334,0.00030082000000000004,3
2023-02-02 00:00:00+00:00,0.00017837,0.00018417,0.00055251,3
2023-02-03 00:00:00+00:00,0.00025605,0.00015201666666666668,0.00045605000000000005,3
2023-02-04 00:00:00+00:00,0.00033181,0.0002312233333333333,0.00069367,3
2023-02-05 00:00:00+00:00,0.0001,0.00012520666666666666,0.00037562,3
2023-02-06 00:00:00+00:00,0.0001,0.0001,0.00030000000000000003,3
2023-02-07 00:00:00+00:00,0.0001,0.0001,0.00030000000000000003,3
2023-02-08 00:00:00+00:00,0.0001,0.0001,0.00030000000000000003,3
2023-02-09 00:00:00+00:00,0.0001,0.0001,0.00030000000000000003,3
2023-02-10 00:00:00+00:00,0.0001,0.0001,0.00030000000000000003,3
2023-02-11 00:00:00+00:00,6.03e-05,8.427e-05,0.00025281,3
2023-02-12 00:00:00+00:00,0.0001,8.927e-05,0.00026781,3
2023-02-13 00:00:00+00:00,0.0001,7.801666666666667e-05,0.00023405000000000002,3
2023-02-14 00:00:00+00:00,0.0001,0.0001,0.00030000000000000003,3
2023-02-15 00:00:00+00:00,8.681e-05,6.256666666666667e-05,0.0001877,3
2023-02-16 00:00:00+00:00,0.0001,0.0001,0.00030000000000000003,3
2023-02-17 00:00:00+00:00,0.0001,0.0001,0.00030000000000000003,3
2023-02-18 00:00:00+00:00,0.0001,0.0001,0.00030000000000000003,3
2023-02-19 00:00:00+00:00,0.0001,0.0001,0.00030000000000000003,3
2023-02-20 00:00:00+00:00,0.0001,0.0001,0.00030000000000000003,3
2023-02-21 00:00:00+00:00,0.0001,0.0001,0.00030000000000000003,3
2023-02-22 00:00:00+00:00,0.0001,0.0001,0.00030000000000000003,3
2023-02-23 00:00:00+00:00,0.0001,0.0001,0.00030000000000000003,3
2023-02-24 00:00:00+00:00,0.0001,0.0001,0.00030000000000000003,3
2023-02-25 00:00:00+00:00,0.0001,0.0001,0.00030000000000000003,3
2023-02-26 00:00:00+00:00,0.0001,0.0001,0.00030000000000000003,3
2023-02-27 00:00:00+00:00,0.0001,0.0001,0.00030000000000000003,3
2023-02-28 00:00:00+00:00,0.0001,0.0001,0.00030000000000000003,3
2023-03-01 00:00:00+00:00,0.0001,0.0001,0.00030000000000000003,3
2023-03-02 00:00:00+00:00,0.0001,0.0001,0.00030000000000000003,3
2023-03-03 00:00:00+00:00,4.925e-05,8.308333333333334e-05,0.00024925,3
2023-03-04 00:00:00+00:00,0.0001,0.0001,0.00030000000000000003,3
2023-03-05 00:00:00+00:00,9.858e-05,7.173333333333333e-05,0.0002152,3
2023-03-06 00:00:00+00:00,9.326e-05,6.921333333333332e-05,0.00020763999999999998,3
2023-03-07 00:00:00+00:00,8.094e-05,7.812333333333334e-05,0.00023437000000000002,3
2023-03-08 00:00:00+00:00,9.935e-05,4.521666666666667e-05,0.00013565000000000002,3
2023-03-09 00:00:00+00:00,0.0001,9.222000000000001e-05,0.00027666,3
2023-03-10 00:00:00+00:00,1.2e-06,-6.820333333333333e-05,-0.00020461,3
2023-03-11 00:00:00+00:00,0.0001,6.480666666666667e-05,0.00019442,3
2023-03-12 00:00:00+00:00,0.0001,0.0001,0.00030000000000000003,3
2023-03-13 00:00:00+00:00,0.0001,0.0001,0.00030000000000000003,3
2023-03-14 00:00:00+00:00,0.0001,8.794333333333333e-05,0.00026383,3
2023-03-15 00:00:00+00:00,0.0001,0.00010267,0.00030801,3
2023-03-16 00:00:00+00:00,0.0001,0.0001,0.00030000000000000003,3
2023-03-17 00:00:00+00:00,0.0001,0.0001,0.00030000000000000003,3
2023-03-18 00:00:00+00:00,0.0001,0.0001,0.00030000000000000003,3
2023-03-19 00:00:00+00:00,0.0001,0.0001,0.00030000000000000003,3
2023-03-20 00:00:00+00:00,0.0001,0.0001,0.00030000000000000003,3
2023-03-21 00:00:00+00:00,0.0001,9.646333333333334e-05,0.00028939,3
2023-03-22 00:00:00+00:00,0.0001,0.0001,0.00030000000000000003,3
2023-03-23 00:00:00+00:00,0.0001,8.885e-05,0.00026655,3
2023-03-24 00:00:00+00:00,8e-06,6.901333333333333e-05,0.00020704,3
2023-03-25 00:00:00+00:00,0.0001,0.0001,0.00030000000000000003,3
2023-03-26 00:00:00+00:00,0.0001,7.893666666666667e-05,0.00023681,3
2023-03-27 00:00:00+00:00,9.7e-06,-5.73333333333333e-07,-1.7199999999999988e-06,3
2023-03-28 00:00:00+00:00,5.676e-05,8.558666666666667e-05,0.00025676000000000003,3
2023-03-29 00:00:00+00:00,0.0001,0.0001,0.00030000000000000003,3
2023-03-30 00:00:00+00:00,0.0001,0.0001,0.00030000000000000003,3
2023-03-31 00:00:00+00:00,0.0001,0.0001,0.00030000000000000003,3
2023-04-01 00:00:00+00:00,0.0001,0.0001,0.00030000000000000003,3
2023-04-02 00:00:00+00:00,0.0001,0.0001,0.00030000000000000003,3
2023-04-03 00:00:00+00:00,0.0001,0.0001,0.00030000000000000003,3
2023-04-04 00:00:00+00:00,0.0001,0.0001,0.00030000000000000003,3
2023-04-05 00:00:00+00:00,0.0001,0.0001,0.00030000000000000003,3
2023-04-06 00:00:00+00:00,0.0001,0.0001,0.00030000000000000003,3
2023-04-07 00:00:00+00:00,0.0001,0.0001,0.00030000000000000003,3
2023-04-08 00:00:00+00:00,0.0001,0.0001,0.00030000000000000003,3
2023-04-09 00:00:00+00:00,0.0001,8.491666666666667e-05,0.00025475,3
2023-04-10 00:00:00+00:00,0.0001,8.839333333333334e-05,0.00026518,3
2023-04-11 00:00:00+00:00,0.0001,8.353333333333334e-05,0.0002506,3
2023-04-12 00:00:00+00:00,-1e-08,5.6840000000000005e-05,0.00017052000000000001,3
2023-04-13 00:00:00+00:00,0.0001,7.296666666666667e-05,0.0002189,3
2023-04-14 00:00:00+00:00,0.0001,0.00013564,0.00040692,3
2023-04-15 00:00:00+00:00,0.0001,0.0001,0.00030000000000000003,3
2023-04-16 00:00:00+00:00,0.0001,0.0001,0.00030000000000000003,3
2023-04-17 00:00:00+00:00,0.00012522,0.00010840666666666666,0.00032522,3
2023-04-18 00:00:00+00:00,0.00032981,0.00017660333333333335,0.00052981,3
2023-04-19 00:00:00+00:00,0.0001,0.0001,0.00030000000000000003,3
2023-04-20 00:00:00+00:00,0.0001,0.0001,0.00030000000000000003,3
2023-04-21 00:00:00+00:00,0.0001,0.0001,0.00030000000000000003,3
2023-04-22 00:00:00+00:00,-8.49e-06,-2.5560000000000003e-05,-7.668e-05,3
2023-04-23 00:00:00+00:00,0.0001,9.963333333333333e-05,0.0002989,3
2023-04-24 00:00:00+00:00,7.188e-05,6.490666666666667e-05,0.00019472,3
2023-04-25 00:00:00+00:00,6.746e-05,7.877666666666666e-05,0.00023632999999999998,3
2023-04-26 00:00:00+00:00,7.629e-05,6.321666666666667e-05,0.00018965,3
2023-04-27 00:00:00+00:00,6.541e-05,1.286e-05,3.858e-05,3
2023-04-28 00:00:00+00:00,2.406e-05,5.3286666666666666e-05,0.00015986,3
2023-04-29 00:00:00+00:00,0.0001,7.572666666666667e-05,0.00022718,3
2023-04-30 00:00:00+00:00,0.0001,9.274000000000001e-05,0.00027822000000000003,3
2023-05-01 00:00:00+00:00,0.0001,7.992e-05,0.00023976,3
2023-05-02 00:00:00+00:00,6.747e-05,6.516333333333333e-05,0.00019549,3
2023-05-03 00:00:00+00:00,0.0001,7.492333333333333e-05,0.00022477,3
2023-05-04 00:00:00+00:00,0.0001,7.703333333333334e-05,0.0002311,3
2023-05-05 00:00:00+00:00,0.0001,0.0001,0.00030000000000000003,3
2023-05-06 00:00:00+00:00,-1.7e-05,6.1e-05,0.000183,3
2023-05-07 00:00:00+00:00,4.808e-05,5.743333333333334e-06,1.7230000000000003e-05,3
2023-05-08 00:00:00+00:00,2.409e-05,6.14e-05,0.0001842,3
2023-05-09 00:00:00+00:00,-7.27e-06,-0.00010325666666666667,-0.00030977,3
2023-05-10 00:00:00+00:00,0.0001,8.263e-05,0.00024789,3
2023-05-11 00:00:00+00:00,4.12e-06,5.2833333333333335e-05,0.0001585,3
2023-05-12 00:00:00+00:00,1.303e-05,1.4436666666666668e-05,4.3310000000000004e-05,3
2023-05-13 00:00:00+00:00,0.0001,6.611e-05,0.00019833,3
2023-05-14 00:00:00+00:00,1.434e-05,-1.3989999999999998e-05,-4.196999999999999e-05,3
2023-05-15 00:00:00+00:00,1.835e-05,1.0199999999999993e-06,3.059999999999998e-06,3
2023-05-16 00:00:00+00:00,4.783e-05,2.7113333333333333e-05,8.134e-05,3
2023-05-17 00:00:00+00:00,7.137e-05,6.633333333333334e-05,0.000199,3
2023-05-18 00:00:00+00:00,6.018e-05,5.992e-05,0.00017976,3
2023-05-19 00:00:00+00:00,0.0001,8.363333333333332e-05,0.00025089999999999997,3
2023-05-20 00:00:00+00:00,0.0001,7.317e-05,0.00021951000000000002,3
2023-05-21 00:00:00+00:00,2.322e-05,6.285666666666666e-05,0.00018857,3
2023-05-22 00:00:00+00:00,6.335e-05,-1.1566666666666686e-06,-3.4700000000000057e-06,3
2023-05-23 00:00:00+00:00,0.0001,0.0001,0.00030000000000000003,3
2023-05-24 00:00:00+00:00,0.0001,0.0001,0.00030000000000000003,3
2023-05-25 00:00:00+00:00,0.0001,7.189333333333333e-05,0.00021568,3
2023-05-26 00:00:00+00:00,0.0001,9.052000000000001e-05,0.00027156,3
2023-05-27 00:00:00+00:00,0.0001,0.0001,0.00030000000000000003,3
2023-05-28 00:00:00+00:00,0.0001,0.0001,0.00030000000000000003,3
2023-05-29 00:00:00+00:00,0.0001,9.609666666666668e-05,0.00028829,3
2023-05-30 00:00:00+00:00,0.0001,0.0001,0.00030000000000000003,3
2023-05-31 00:00:00+00:00,0.0001,0.0001,0.00030000000000000003,3
2023-06-01 00:00:00+00:00,0.0001,0.0001,0.00030000000000000003,3
2023-06-02 00:00:00+00:00,0.0001,0.0001,0.00030000000000000003,3
2023-06-03 00:00:00+00:00,0.0001,0.0001,0.00030000000000000003,3
2023-06-04 00:00:00+00:00,0.0001,0.0001,0.00030000000000000003,3
2023-06-05 00:00:00+00:00,0.0001,0.0001,0.00030000000000000003,3
2023-06-06 00:00:00+00:00,7.387e-05,-8.523333333333334e-06,-2.557e-05,3
2023-06-07 00:00:00+00:00,0.0001,9.617666666666666e-05,0.00028853,3
2023-06-08 00:00:00+00:00,0.0001,1.979666666666667e-05,5.9390000000000006e-05,3
2023-06-09 00:00:00+00:00,0.0001,8.983666666666668e-05,0.00026951000000000004,3
2023-06-10 00:00:00+00:00,-0.00030365,-0.00015322666666666668,-0.00045968,3
2023-06-11 00:00:00+00:00,-5.356e-05,-7.694666666666667e-05,-0.00023084,3
2023-06-12 00:00:00+00:00,-6.38e-06,-3.472e-05,-0.00010416,3
2023-06-13 00:00:00+00:00,5.958e-05,2.5196666666666665e-05,7.559e-05,3
2023-06-14 00:00:00+00:00,5.128e-05,8.376e-05,0.00025128,3
2023-06-15 00:00:00+00:00,0.0001,1.813e-05,5.439e-05,3
2023-06-16 00:00:00+00:00,0.0001,9.094000000000001e-05,0.00027282,3
2023-06-17 00:00:00+00:00,4.932e-05,1.3613333333333334e-05,4.084e-05,3
2023-06-18 00:00:00+00:00,2.785e-05,-1.8633333333333333e-05,-5.5900000000000004e-05,3
2023-06-19 00:00:00+00:00,5.784e-05,3.313e-05,9.939000000000001e-05,3
2023-06-20 00:00:00+00:00,-6.13e-06,2.9356666666666666e-05,8.807e-05,3
2023-06-21 00:00:00+00:00,0.0001,8.828666666666667e-05,0.00026486,3
2023-06-22 00:00:00+00:00,0.0001,0.0001,0.00030000000000000003,3
2023-06-23 00:00:00+00:00,8.471e-05,7.677e-05,0.00023031,3
2023-06-24 00:00:00+00:00,0.0001,0.0001,0.00030000000000000003,3
2023-06-25 00:00:00+00:00,0.0001,7.576e-05,0.00022728,3
2023-06-26 00:00:00+00:00,6.94e-05,5.132666666666667e-05,0.00015398,3
2023-06-27 00:00:00+00:00,6.747e-05,-5.056e-05,-0.00015167999999999998,3
2023-06-28 00:00:00+00:00,-1.995e-05,6.001666666666667e-05,0.00018005,3
2023-06-29 00:00:00+00:00,-4.563e-05,-0.00013893,-0.00041679,3
2023-06-30 00:00:00+00:00,3.93e-06,5.119666666666668e-05,0.00015359000000000003,3
2023-07-01 00:00:00+00:00,0.0001,0.0001,0.00030000000000000003,3
2023-07-02 00:00:00+00:00,0.0001,0.0001,0.00030000000000000003,3
2023-07-03 00:00:00+00:00,0.0001,0.0001,0.00030000000000000003,3
2023-07-04 00:00:00+00:00,0.0001,0.0001,0.00030000000000000003,3
2023-07-05 00:00:00+00:00,3.541e-05,7.847000000000001e-05,0.00023541000000000002,3
2023-07-06 00:00:00+00:00,8.485e-05,-2.5090000000000002e-05,-7.527e-05,3
2023-07-07 00:00:00+00:00,-2.698e-05,3.477e-05,0.00010431,3
2023-07-08 00:00:00+00:00,-2.87e-05,-0.00012289333333333332,-0.00036868,3
2023-07-09 00:00:00+00:00,-4.9e-07,-1.4973333333333333e-05,-4.492e-05,3
2023-07-10 00:00:00+00:00,0.0001,4.966333333333333e-05,0.00014899,3
2023-07-11 00:00:00+00:00,0.0001,8.649000000000001e-05,0.00025947000000000003,3
2023-07-12 00:00:00+00:00,0.0001,9.344333333333334e-05,0.00028033,3
2023-07-13 00:00:00+00:00,0.0001,4.488666666666667e-05,0.00013466000000000002,3
2023-07-14 00:00:00+00:00,0.0001,0.0001,0.00030000000000000003,3
2023-07-15 00:00:00+00:00,0.0001,0.0001,0.00030000000000000003,3
2023-07-16 00:00:00+00:00,0.0001,0.0001,0.00030000000000000003,3
2023-07-17 00:00:00+00:00,0.0001,0.0001,0.00030000000000000003,3
2023-07-18 00:00:00+00:00,0.0001,0.0001,0.00030000000000000003,3
2023-07-19 00:00:00+00:00,0.0001,0.0001,0.00030000000000000003,3
2023-07-20 00:00:00+00:00,0.0001,0.0001,0.00030000000000000003,3
2023-07-21 00:00:00+00:00,0.0001,0.0001,0.00030000000000000003,3
2023-07-22 00:00:00+00:00,0.0001,0.0001,0.00030000000000000003,3
2023-07-23 00:00:00+00:00,0.0001,0.0001,0.00030000000000000003,3
2023-07-24 00:00:00+00:00,0.0001,0.0001,0.00030000000000000003,3
2023-07-25 00:00:00+00:00,0.0001,0.0001,0.00030000000000000003,3
2023-07-26 00:00:00+00:00,0.0001,0.0001,0.00030000000000000003,3
2023-07-27 00:00:00+00:00,0.0001,0.0001,0.00030000000000000003,3
2023-07-28 00:00:00+00:00,0.0001,8.680000000000001e-05,0.00026040000000000004,3
2023-07-29 00:00:00+00:00,0.0001,0.0001,0.00030000000000000003,3
2023-07-30 00:00:00+00:00,0.0001,0.0001,0.00030000000000000003,3
2023-07-31 00:00:00+00:00,0.0001,0.0001,0.00030000000000000003,3
2023-08-01 00:00:00+00:00,0.0001,0.0001,0.00030000000000000003,3
2023-08-02 00:00:00+00:00,0.0001,0.0001,0.00030000000000000003,3
2023-08-03 00:00:00+00:00,0.0001,0.0001,0.00030000000000000003,3
2023-08-04 00:00:00+00:00,0.0001,0.0001,0.00030000000000000003,3
2023-08-05 00:00:00+00:00,0.0001,9.727333333333335e-05,0.00029182000000000004,3
2023-08-06 00:00:00+00:00,0.0001,0.0001,0.00030000000000000003,3
2023-08-07 00:00:00+00:00,0.0001,0.0001,0.00030000000000000003,3
2023-08-08 00:00:00+00:00,0.0001,0.0001,0.00030000000000000003,3
2023-08-09 00:00:00+00:00,0.0001,0.0001,0.00030000000000000003,3
2023-08-10 00:00:00+00:00,0.0001,0.0001,0.00030000000000000003,3
2023-08-11 00:00:00+00:00,0.0001,0.0001,0.00030000000000000003,3
2023-08-12 00:00:00+00:00,0.0001,0.0001,0.00030000000000000003,3
2023-08-13 00:00:00+00:00,0.0001,0.0001,0.00030000000000000003,3
2023-08-14 00:00:00+00:00,0.0001,0.0001,0.00030000000000000003,3
2023-08-15 00:00:00+00:00,0.0001,0.0001,0.00030000000000000003,3
2023-08-16 00:00:00+00:00,0.0001,0.0001,0.00030000000000000003,3
2023-08-17 00:00:00+00:00,0.0001,8.314e-05,0.00024942,3
2023-08-18 00:00:00+00:00,0.0001,4.033333333333332e-06,1.2099999999999996e-05,3
2023-08-19 00:00:00+00:00,0.0001,4.7730000000000005e-05,0.00014319000000000002,3
2023-08-20 00:00:00+00:00,5.756e-05,-5.653333333333333e-06,-1.696e-05,3
2023-08-21 00:00:00+00:00,0.0001,6.902333333333334e-05,0.00020707,3
2023-08-22 00:00:00+00:00,6.556e-05,-2.2813333333333324e-05,-6.843999999999997e-05,3
2023-08-23 00:00:00+00:00,0.0001,9.33e-05,0.00027990000000000003,3
2023-08-24 00:00:00+00:00,4.273e-05,6.389e-05,0.00019167,3
2023-08-25 00:00:00+00:00,1.986e-05,-1.294e-05,-3.882e-05,3
2023-08-26 00:00:00+00:00,0.0001,5.905e-05,0.00017715,3
2023-08-27 00:00:00+00:00,0.0001,7.636e-05,0.00022908,3
2023-08-28 00:00:00+00:00,0.0001,7.558333333333333e-05,0.00022675,3
2023-08-29 00:00:00+00:00,0.0001,0.0001,0.00030000000000000003,3
2023-08-30 00:00:00+00:00,6.674e-05,7.208666666666667e-05,0.00021626000000000002,3
2023-08-31 00:00:00+00:00,6.869e-05,8.956333333333334e-05,0.00026869000000000003,3
2023-09-01 00:00:00+00:00,4.066e-05,6.417666666666667e-05,0.00019253,3
2023-09-02 00:00:00+00:00,-3.941e-05,-4.625666666666667e-05,-0.00013877,3
2023-09-03 00:00:00+00:00,-1.766e-05,-2.0280000000000002e-05,-6.084000000000001e-05,3
2023-09-04 00:00:00+00:00,-4.751e-05,-6.894333333333333e-05,-0.00020683,3
2023-09-05 00:00:00+00:00,8.421e-05,3.542e-05,0.00010626,3
2023-09-06 00:00:00+00:00,0.0001,8.761000000000001e-05,0.00026283000000000003,3
2023-09-07 00:00:00+00:00,3.1e-05,-2.2050000000000004e-05,-6.615000000000001e-05,3
2023-09-08 00:00:00+00:00,-0.00013885,-4.946666666666662e-06,-1.4839999999999987e-05,3
2023-09-09 00:00:00+00:00,5.063e-05,3.1146666666666664e-05,9.344e-05,3
2023-09-10 00:00:00+00:00,-0.00012186,-5.2720000000000003e-05,-0.00015816000000000002,3
2023-09-11 00:00:00+00:00,2.209e-05,-8.773333333333333e-06,-2.632e-05,3
2023-09-12 00:00:00+00:00,6.928e-05,7.645666666666667e-05,0.00022937,3
2023-09-13 00:00:00+00:00,0.0001,5.734333333333333e-05,0.00017203,3
2023-09-14 00:00:00+00:00,-3.971e-05,2.289666666666667e-05,6.869000000000001e-05,3
2023-09-15 00:00:00+00:00,0.0001,4.251333333333334e-05,0.00012754000000000002,3
2023-09-16 00:00:00+00:00,-0.00013625,-2.2053333333333335e-05,-6.616e-05,3
2023-09-17 00:00:00+00:00,0.0001,4.82666666666667e-06,1.448000000000001e-05,3
2023-09-18 00:00:00+00:00,0.0001,2.742666666666667e-05,8.228e-05,3
2023-09-19 00:00:00+00:00,0.0001,5.410666666666667e-05,0.00016232,3
2023-09-20 00:00:00+00:00,2.409e-05,6.161333333333333e-05,0.00018484,3
2023-09-21 00:00:00+00:00,0.0001,5.7096666666666665e-05,0.00017129,3
2023-09-22 00:00:00+00:00,7.73e-05,1.531333333333333e-05,4.594e-05,3
2023-09-23 00:00:00+00:00,0.0001,4.523e-05,0.00013569,3
2023-09-24 00:00:00+00:00,0.0001,-7.16666666666666e-07,-2.149999999999998e-06,3
2023-09-25 00:00:00+00:00,0.0001,3.857333333333334e-05,0.00011572000000000001,3
2023-09-26 00:00:00+00:00,6.089e-05,2.4563333333333336e-05,7.369000000000001e-05,3
2023-09-27 00:00:00+00:00,5.965e-05,5.555e-05,0.00016665,3
2023-09-28 00:00:00+00:00,7.426e-05,9.142e-05,0.00027426,3
2023-09-29 00:00:00+00:00,0.0001,4.0113333333333334e-05,0.00012034,3
2023-09-30 00:00:00+00:00,9.882e-05,8.306e-05,0.00024918,3
2023-10-01 00:00:00+00:00,1.308e-05,3.4473333333333334e-05,0.00010342000000000001,3
2023-10-02 00:00:00+00:00,-8.601e-05,-3.18e-05,-9.54e-05,3
2023-10-03 00:00:00+00:00,0.0001,8.395e-05,0.00025184999999999997,3
2023-10-04 00:00:00+00:00,-1.98e-05,8.433333333333326e-07,2.529999999999998e-06,3
2023-10-05 00:00:00+00:00,7.59e-06,-9.356666666666665e-06,-2.8069999999999994e-05,3
2023-10-06 00:00:00+00:00,6.822e-05,1.3403333333333333e-05,4.0209999999999996e-05,3
2023-10-07 00:00:00+00:00,8.717e-05,9.572333333333334e-05,0.00028717,3
2023-10-08 00:00:00+00:00,6.636e-05,6.545666666666666e-05,0.00019637,3
2023-10-09 00:00:00+00:00,-0.00010016,-2.7733333333333334e-05,-8.32e-05,3
2023-10-10 00:00:00+00:00,-2.46e-05,-0.00012647666666666665,-0.00037943,3
2023-10-11 00:00:00+00:00,7.12e-05,-2.8173333333333337e-05,-8.452000000000001e-05,3
2023-10-12 00:00:00+00:00,2.718e-05,-5.068e-05,-0.00015204000000000001,3
2023-10-13 00:00:00+00:00,-6.644e-05,1.0530000000000004e-05,3.1590000000000014e-05,3
2023-10-14 00:00:00+00:00,0.0001,7.281e-05,0.00021843,3
2023-10-15 00:00:00+00:00,0.0001,0.0001,0.00030000000000000003,3
2023-10-16 00:00:00+00:00,7.59e-06,6.919666666666667e-05,0.00020759,3
2023-10-17 00:00:00+00:00,0.0001,6.009666666666666e-05,0.00018029,3
2023-10-18 00:00:00+00:00,-6.554e-05,1.3746666666666668e-05,4.1240000000000005e-05,3
2023-10-19 00:00:00+00:00,0.0001,0.0001,0.00030000000000000003,3
2023-10-20 00:00:00+00:00,0.0001,7.981e-05,0.00023943,3
2023-10-21 00:00:00+00:00,0.0001,0.0001,0.00030000000000000003,3
2023-10-22 00:00:00+00:00,0.0001,0.0001,0.00030000000000000003,3
2023-10-23 00:00:00+00:00,0.0001,0.0001,0.00030000000000000003,3
2023-10-24 00:00:00+00:00,0.0001,0.0001,0.00030000000000000003,3
2023-10-25 00:00:00+00:00,0.0001,0.0001,0.00030000000000000003,3
2023-10-26 00:00:00+00:00,0.00013332,0.00015471,0.00046413,3
2023-10-27 00:00:00+00:00,0.0001,0.0001,0.00030000000000000003,3
2023-10-28 00:00:00+00:00,0.0001,0.0001,0.00030000000000000003,3
2023-10-29 00:00:00+00:00,0.00022513,0.00018862666666666665,0.0005658799999999999,3
2023-10-30 00:00:00+00:00,0.00023317,0.00015442666666666666,0.00046328,3
2023-10-31 00:00:00+00:00,0.0001,0.00016234,0.00048702,3
2023-11-01 00:00:00+00:00,0.0001,0.0001,0.00030000000000000003,3
2023-11-02 00:00:00+00:00,0.00021039,0.0002510733333333333,0.00075322,3
2023-11-03 00:00:00+00:00,0.0001,0.0001,0.00030000000000000003,3
2023-11-04 00:00:00+00:00,0.00019511,0.00019838666666666666,0.00059516,3
2023-11-05 00:00:00+00:00,0.00025819,0.0002772466666666667,0.0008317400000000001,3
2023-11-06 00:00:00+00:00,0.00050107,0.0003525533333333334,0.0010576600000000002,3
2023-11-07 00:00:00+00:00,0.00011464,0.00023058666666666669,0.00069176,3
2023-11-08 00:00:00+00:00,0.0003081,0.00018435666666666666,0.00055307,3
2023-11-09 00:00:00+00:00,0.00032168,0.00026892666666666665,0.00080678,3
2023-11-10 00:00:00+00:00,0.00028711,0.0002199933333333333,0.0006599799999999999,3
2023-11-11 00:00:00+00:00,0.00058275,0.0003221666666666667,0.0009665,3
2023-11-12 00:00:00+00:00,0.00036236,0.00031591333333333334,0.0009477400000000001,3
2023-11-13 00:00:00+00:00,0.00017434,0.00021862,0.00065586,3
2023-11-14 00:00:00+00:00,0.0001,0.00011114000000000001,0.00033342,3
2023-11-15 00:00:00+00:00,0.0001,0.0001,0.00030000000000000003,3
2023-11-16 00:00:00+00:00,0.00029892,0.00027653,0.00082959,3
2023-11-17 00:00:00+00:00,0.00012116,0.00020041000000000001,0.00060123,3
2023-11-18 00:00:00+00:00,0.0001,0.0001,0.00030000000000000003,3
2023-11-19 00:00:00+00:00,0.0001,0.0001,0.00030000000000000003,3
2023-11-20 00:00:00+00:00,0.00014507,0.00014639666666666667,0.00043919,3
2023-11-21 00:00:00+00:00,0.0001,0.0001,0.00030000000000000003,3
2023-11-22 00:00:00+00:00,0.0001,0.0001,0.00030000000000000003,3
2023-11-23 00:00:00+00:00,0.0001,0.0001,0.00030000000000000003,3
2023-11-24 00:00:00+00:00,0.0001,0.0001,0.00030000000000000003,3
2023-11-25 00:00:00+00:00,0.0001,0.0001,0.00030000000000000003,3
2023-11-26 00:00:00+00:00,0.0001,0.0001,0.00030000000000000003,3
2023-11-27 00:00:00+00:00,0.0001,0.0001,0.00030000000000000003,3
2023-11-28 00:00:00+00:00,0.0001,0.0001,0.00030000000000000003,3
2023-11-29 00:00:00+00:00,0.0001,0.0001,0.00030000000000000003,3
2023-11-30 00:00:00+00:00,0.0001,0.0001,0.00030000000000000003,3
2023-12-01 00:00:00+00:00,0.0001,0.0001,0.00030000000000000003,3
2023-12-02 00:00:00+00:00,0.0001,0.0001,0.00030000000000000003,3
2023-12-03 00:00:00+00:00,0.00013321,0.00024096666666666668,0.0007229000000000001,3
2023-12-04 00:00:00+00:00,0.00034419,0.00035816666666666674,0.0010745000000000002,3
2023-12-05 00:00:00+00:00,0.0001,0.00023511666666666667,0.00070535,3
2023-12-06 00:00:00+00:00,0.00033388,0.00042790999999999993,0.0012837299999999999,3
2023-12-07 00:00:00+00:00,0.00025651,0.00021149333333333334,0.00063448,3
2023-12-08 00:00:00+00:00,0.00044268,0.0003426733333333333,0.00102802,3
2023-12-09 00:00:00+00:00,0.00069941,0.0005877333333333333,0.0017632,3
2023-12-10 00:00:00+00:00,0.0003185,0.00036955666666666664,0.00110867,3
2023-12-11 00:00:00+00:00,0.00011849,0.00023395333333333334,0.00070186,3
2023-12-12 00:00:00+00:00,0.00018434,0.00012811333333333333,0.00038434,3
2023-12-13 00:00:00+00:00,0.00013504,0.00011168,0.00033504,3
2023-12-14 00:00:00+00:00,0.00012308,0.00012825666666666665,0.00038477,3
2023-12-15 00:00:00+00:00,0.00013413,0.00012805,0.00038415,3
2023-12-16 00:00:00+00:00,0.0001,0.0001,0.00030000000000000003,3
2023-12-17 00:00:00+00:00,0.0001,0.0001,0.00030000000000000003,3
2023-12-18 00:00:00+00:00,0.0001,0.00011120333333333335,0.00033361,3
2023-12-19 00:00:00+00:00,0.0001,0.0001,0.00030000000000000003,3
2023-12-20 00:00:00+00:00,0.000254,0.00018404333333333335,0.0005521300000000001,3
2023-12-21 00:00:00+00:00,0.00030398,0.00033745666666666667,0.00101237,3
2023-12-22 00:00:00+00:00,0.00044627,0.0005174666666666667,0.0015524,3
2023-12-23 00:00:00+00:00,0.00024081,0.00031116,0.00093348,3
2023-12-24 00:00:00+00:00,0.00043383,0.0003934633333333333,0.00118039,3
2023-12-25 00:00:00+00:00,0.00054552,0.00031323666666666664,0.00093971,3
2023-12-26 00:00:00+00:00,0.0004595,0.0005139266666666667,0.00154178,3
2023-12-27 00:00:00+00:00,0.000554,0.00028940666666666667,0.0008682200000000001,3
2023-12-28 00:00:00+00:00,0.00060874,0.0006655166666666668,0.00199655,3
2023-12-29 00:00:00+00:00,0.00058362,0.00044304,0.00132912,3
2023-12-30 00:00:00+00:00,0.00028563,0.00024464666666666664,0.00073394,3
2023-12-31 00:00:00+00:00,0.0002724,0.00027338666666666667,0.00082016,3
2024-01-01 00:00:00+00:00,0.0002442,0.00025109000000000004,0.0007532700000000001,3
2024-01-02 00:00:00+00:00,0.00074106,0.0006462999999999999,0.0019389,3
2024-01-03 00:00:00+00:00,0.0001,0.00033496333333333335,0.00100489,3
2024-01-04 00:00:00+00:00,0.0001,0.0001,0.00030000000000000003,3
2024-01-05 00:00:00+00:00,0.0001,0.0001,0.00030000000000000003,3
2024-01-06 00:00:00+00:00,0.0001,0.0001,0.00030000000000000003,3
2024-01-07 00:00:00+00:00,0.0001,0.0001,0.00030000000000000003,3
2024-01-08 00:00:00+00:00,0.0001,0.0001,0.00030000000000000003,3
2024-01-09 00:00:00+00:00,0.0001,0.0001,0.00030000000000000003,3
2024-01-10 00:00:00+00:00,0.0001,0.0001,0.00030000000000000003,3
2024-01-11 00:00:00+00:00,0.0001,0.0001,0.00030000000000000003,3
2024-01-12 00:00:00+00:00,0.0001,0.0001,0.00030000000000000003,3
2024-01-13 00:00:00+00:00,0.0001,0.0001,0.00030000000000000003,3
2024-01-14 00:00:00+00:00,0.0001,0.0001,0.00030000000000000003,3
2024-01-15 00:00:00+00:00,0.0001,0.0001,0.00030000000000000003,3
2024-01-16 00:00:00+00:00,0.0001,0.0001,0.00030000000000000003,3
2024-01-17 00:00:00+00:00,0.0001,0.0001,0.00030000000000000003,3
2024-01-18 00:00:00+00:00,0.0001,0.0001,0.00030000000000000003,3
2024-01-19 00:00:00+00:00,0.0001,0.0001,0.00030000000000000003,3
2024-01-20 00:00:00+00:00,0.0001,0.0001,0.00030000000000000003,3
2024-01-21 00:00:00+00:00,0.0001,0.0001,0.00030000000000000003,3
2024-01-22 00:00:00+00:00,0.0001,0.0001,0.00030000000000000003,3
2024-01-23 00:00:00+00:00,0.0001,0.0001,0.00030000000000000003,3
2024-01-24 00:00:00+00:00,0.0001,0.0001,0.00030000000000000003,3
2024-01-25 00:00:00+00:00,0.0001,0.0001,0.00030000000000000003,3
2024-01-26 00:00:00+00:00,0.0001,0.0001,0.00030000000000000003,3
2024-01-27 00:00:00+00:00,0.0001,0.0001,0.00030000000000000003,3
2024-01-28 00:00:00+00:00,0.0001,0.0001,0.00030000000000000003,3
2024-01-29 00:00:00+00:00,0.0001,0.0001,0.00030000000000000003,3
2024-01-30 00:00:00+00:00,0.0001,0.0001,0.00030000000000000003,3
2024-01-31 00:00:00+00:00,0.0001,0.0001,0.00030000000000000003,3
2024-02-01 00:00:00+00:00,0.0001,0.0001,0.00030000000000000003,3
2024-02-02 00:00:00+00:00,0.0001,0.0001,0.00030000000000000003,3
2024-02-03 00:00:00+00:00,0.0001,0.0001,0.00030000000000000003,3
2024-02-04 00:00:00+00:00,0.0001,0.0001,0.00030000000000000003,3
2024-02-05 00:00:00+00:00,0.0001,0.0001,0.00030000000000000003,3
2024-02-06 00:00:00+00:00,0.0001,0.0001,0.00030000000000000003,3
2024-02-07 00:00:00+00:00,0.0001,0.0001,0.00030000000000000003,3
2024-02-08 00:00:00+00:00,0.0001,0.0001,0.00030000000000000003,3
2024-02-09 00:00:00+00:00,0.0001,9.044666666666668e-05,0.00027134,3
2024-02-10 00:00:00+00:00,0.0001,0.0001,0.00030000000000000003,3
2024-02-11 00:00:00+00:00,0.0001,0.0001,0.00030000000000000003,3
2024-02-12 00:00:00+00:00,0.0001,0.0001,0.00030000000000000003,3
2024-02-13 00:00:00+00:00,0.00018613,0.00014323333333333334,0.0004297,3
2024-02-14 00:00:00+00:00,0.00020879,0.00016046,0.00048138,3
2024-02-15 00:00:00+00:00,0.00027772,0.00029918333333333333,0.00089755,3
2024-02-16 00:00:00+00:00,0.0001,0.000233,0.000699,3
2024-02-17 00:00:00+00:00,0.00010833,0.00013668333333333334,0.00041005,3
2024-02-18 00:00:00+00:00,0.00017103,0.0001738033333333333,0.0005214099999999999,3
2024-02-19 00:00:00+00:00,0.0002242,0.00028769,0.00086307,3
2024-02-20 00:00:00+00:00,0.000115,0.00025057666666666666,0.00075173,3
2024-02-21 00:00:00+00:00,0.0001,0.0001,0.00030000000000000003,3
2024-02-22 00:00:00+00:00,0.00017744,0.00012581333333333336,0.00037744000000000005,3
2024-02-23 00:00:00+00:00,0.00013961,0.00015414666666666667,0.00046244,3
2024-02-24 00:00:00+00:00,0.00028575,0.00023463,0.00070389,3
2024-02-25 00:00:00+00:00,0.00023228,0.00021695000000000002,0.00065085,3
2024-02-26 00:00:00+00:00,0.00033275,0.00032053666666666665,0.00096161,3
2024-02-27 00:00:00+00:00,0.00060487,0.0005451566666666666,0.00163547,3
2024-02-28 00:00:00+00:00,0.00062422,0.0004897500000000001,0.00146925,3
2024-02-29 00:00:00+00:00,0.00116529,0.0011158066666666665,0.00334742,3
2024-03-01 00:00:00+00:00,0.00058281,0.0006065166666666667,0.00181955,3
2024-03-02 00:00:00+00:00,0.00105314,0.00104915,0.00314745,3
2024-03-03 00:00:00+00:00,0.00065736,0.0009841,0.0029522999999999997,3
2024-03-04 00:00:00+00:00,0.00107211,0.0015916266666666668,0.0047748800000000004,3
2024-03-05 00:00:00+00:00,0.00129802,0.0013999233333333333,0.00419977,3
2024-03-06 00:00:00+00:00,0.00028605,0.00017058666666666666,0.00051176,3
2024-03-07 00:00:00+00:00,0.00033185,0.00023875,0.00071625,3
2024-03-08 00:00:00+00:00,0.00062691,0.0005360533333333334,0.00160816,3
2024-03-09 00:00:00+00:00,0.00051351,0.0004369833333333333,0.00131095,3
2024-03-10 00:00:00+00:00,0.00038397,0.0006996,0.0020988,3
2024-03-11 00:00:00+00:00,0.00056315,0.00036556999999999996,0.0010967099999999999,3
2024-03-12 00:00:00+00:00,0.00043317,0.0006056866666666667,0.00181706,3
2024-03-13 00:00:00+00:00,0.00060913,0.0005702799999999999,0.00171084,3
2024-03-14 00:00:00+00:00,0.00082048,0.0008828733333333333,0.00264862,3
2024-03-15 00:00:00+00:00,0.0001,0.00022277333333333335,0.00066832,3
2024-03-16 00:00:00+00:00,0.0001,0.0001,0.00030000000000000003,3
2024-03-17 00:00:00+00:00,0.0001143,0.00010476666666666666,0.0003143,3
2024-03-18 00:00:00+00:00,0.0001,0.0001,0.00030000000000000003,3
2024-03-19 00:00:00+00:00,0.0001,0.0001,0.00030000000000000003,3
2024-03-20 00:00:00+00:00,0.0001,0.0001,0.00030000000000000003,3
2024-03-21 00:00:00+00:00,0.0001,0.0001,0.00030000000000000003,3
2024-03-22 00:00:00+00:00,0.0001,0.00017718,0.00053154,3
2024-03-23 00:00:00+00:00,0.00015912,0.00011970666666666666,0.00035912,3
2024-03-24 00:00:00+00:00,0.00021953,0.00024782,0.00074346,3
2024-03-25 00:00:00+00:00,0.00034799,0.0002699766666666667,0.00080993,3
2024-03-26 00:00:00+00:00,0.00031787,0.0003862166666666667,0.00115865,3
2024-03-27 00:00:00+00:00,0.00038508,0.0005432066666666667,0.00162962,3
2024-03-28 00:00:00+00:00,0.00086388,0.0006936133333333333,0.00208084,3
2024-03-29 00:00:00+00:00,0.00073818,0.0007409566666666667,0.00222287,3
2024-03-30 00:00:00+00:00,0.00091362,0.0008702133333333334,0.00261064,3
2024-03-31 00:00:00+00:00,0.00063717,0.0006055766666666667,0.00181673,3
2024-04-01 00:00:00+00:00,0.0001,0.00046626,0.00139878,3
2024-04-02 00:00:00+00:00,0.00010739,0.00016337666666666668,0.0004901300000000001,3
2024-04-03 00:00:00+00:00,0.00015916,0.00012269333333333335,0.00036808,3
2024-04-04 00:00:00+00:00,0.00016134,0.00012044666666666667,0.00036134000000000003,3
2024-04-05 00:00:00+00:00,0.0001,0.0001,0.00030000000000000003,3
2024-04-06 00:00:00+00:00,0.0001,0.0001,0.00030000000000000003,3
2024-04-07 00:00:00+00:00,0.0002253,0.00021784666666666667,0.00065354,3
2024-04-08 00:00:00+00:00,0.00038988,0.00024475666666666664,0.00073427,3
2024-04-09 00:00:00+00:00,0.0001,0.00017768333333333333,0.00053305,3
2024-04-10 00:00:00+00:00,0.0001,0.0001,0.00030000000000000003,3
2024-04-11 00:00:00+00:00,0.0001,0.00028635333333333336,0.00085906,3
2024-04-12 00:00:00+00:00,0.00011735,0.00015498666666666666,0.00046496,3
2024-04-13 00:00:00+00:00,9.172e-05,6.557e-05,0.00019671,3
2024-04-14 00:00:00+00:00,8.114e-05,5.0600000000000003e-05,0.0001518,3
2024-04-15 00:00:00+00:00,-7.884e-05,4.038666666666667e-05,0.00012116000000000001,3
2024-04-16 00:00:00+00:00,0.0001,0.0001,0.00030000000000000003,3
2024-04-17 00:00:00+00:00,-3.561e-05,4.717333333333334e-05,0.00014152000000000001,3
2024-04-18 00:00:00+00:00,1.658e-05,2.376666666666667e-06,7.130000000000001e-06,3
2024-04-19 00:00:00+00:00,0.0001,4.163666666666667e-05,0.00012491,3
2024-04-20 00:00:00+00:00,2.123e-05,4.316000000000001e-05,0.00012948000000000001,3
2024-04-21 00:00:00+00:00,7.634e-05,8.541333333333334e-05,0.00025624,3
2024-04-22 00:00:00+00:00,5.646e-05,3.4053333333333335e-05,0.00010216000000000001,3
2024-04-23 00:00:00+00:00,0.0001,8.049e-05,0.00024147,3
2024-04-24 00:00:00+00:00,4.653e-05,8.217666666666668e-05,0.00024653,3
2024-04-25 00:00:00+00:00,1.114e-05,-1.4633333333333336e-05,-4.390000000000001e-05,3
2024-04-26 00:00:00+00:00,4.047e-05,7.007e-05,0.00021021,3
2024-04-27 00:00:00+00:00,-4.73e-06,3.885e-05,0.00011655,3
2024-04-28 00:00:00+00:00,0.0001,6.787e-05,0.00020361,3
2024-04-29 00:00:00+00:00,3.405e-05,7.801666666666667e-05,0.00023405000000000002,3
2024-04-30 00:00:00+00:00,-2.5e-06,5.753333333333332e-06,1.7259999999999997e-05,3
2024-05-01 00:00:00+00:00,4.324e-05,3.491666666666667e-05,0.00010475000000000001,3
2024-05-02 00:00:00+00:00,1.01e-05,-6.040000000000001e-06,-1.8120000000000003e-05,3
2024-05-03 00:00:00+00:00,4.8e-07,2.038e-05,6.114e-05,3
2024-05-04 00:00:00+00:00,0.0001,8.869333333333335e-05,0.00026608000000000003,3
2024-05-05 00:00:00+00:00,0.0001,0.0001,0.00030000000000000003,3
2024-05-06 00:00:00+00:00,0.0001,9.076666666666667e-05,0.0002723,3
2024-05-07 00:00:00+00:00,0.0001,0.0001,0.00030000000000000003,3
2024-05-08 00:00:00+00:00,5.823e-05,8.607666666666668e-05,0.00025823,3
2024-05-09 00:00:00+00:00,1.605e-05,6.81e-05,0.0002043,3
2024-05-10 00:00:00+00:00,0.0001,6.712666666666666e-05,0.00020138,3
2024-05-11 00:00:00+00:00,-9.084e-05,-3.960666666666667e-05,-0.00011882,3
2024-05-12 00:00:00+00:00,0.0001,8.376e-05,0.00025128,3
2024-05-13 00:00:00+00:00,0.0001,4.966666666666715e-07,1.4900000000000145e-06,3
2024-05-14 00:00:00+00:00,0.0001,0.0001,0.00030000000000000003,3
2024-05-15 00:00:00+00:00,0.0001,7.494333333333334e-05,0.00022483000000000003,3
2024-05-16 00:00:00+00:00,0.0001,0.0001,0.00030000000000000003,3
2024-05-17 00:00:00+00:00,0.0001,0.0001,0.00030000000000000003,3
2024-05-18 00:00:00+00:00,0.0001,0.0001,0.00030000000000000003,3
2024-05-19 00:00:00+00:00,6.279e-05,8.759666666666666e-05,0.00026279,3
2024-05-20 00:00:00+00:00,0.0001,7.001666666666667e-05,0.00021005,3
2024-05-21 00:00:00+00:00,0.00014503,0.00011501000000000001,0.00034503,3
2024-05-22 00:00:00+00:00,0.0001,0.00011206666666666668,0.00033620000000000004,3
2024-05-23 00:00:00+00:00,0.0001,0.00012477666666666667,0.00037433,3
2024-05-24 00:00:00+00:00,0.0001,0.0001,0.00030000000000000003,3
2024-05-25 00:00:00+00:00,0.0001,0.0001,0.00030000000000000003,3
2024-05-26 00:00:00+00:00,0.0001,0.00011857333333333334,0.00035572,3
2024-05-27 00:00:00+00:00,0.00013493,0.00011164333333333334,0.00033493,3
2024-05-28 00:00:00+00:00,0.0001,0.0001,0.00030000000000000003,3
2024-05-29 00:00:00+00:00,0.0001,0.00016879666666666667,0.00050639,3
2024-05-30 00:00:00+00:00,0.0001,0.0001,0.00030000000000000003,3
2024-05-31 00:00:00+00:00,0.0001,0.0001,0.00030000000000000003,3
2024-06-01 00:00:00+00:00,0.0001,0.0001,0.00030000000000000003,3
2024-06-02 00:00:00+00:00,0.0001,0.0001,0.00030000000000000003,3
2024-06-03 00:00:00+00:00,0.0001,0.00012937,0.00038811,3
2024-06-04 00:00:00+00:00,0.00011643,0.00011842333333333332,0.00035527,3
2024-06-05 00:00:00+00:00,0.00017626,0.00018283666666666666,0.00054851,3
2024-06-06 00:00:00+00:00,0.00022847,0.00021482,0.00064446,3
2024-06-07 00:00:00+00:00,0.00020029,0.00014532666666666665,0.00043598,3
2024-06-08 00:00:00+00:00,0.0001,0.0001,0.00030000000000000003,3
2024-06-09 00:00:00+00:00,0.0001,0.0001,0.00030000000000000003,3
2024-06-10 00:00:00+00:00,0.0001,0.0001,0.00030000000000000003,3
2024-06-11 00:00:00+00:00,0.0001,0.0001,0.00030000000000000003,3
2024-06-12 00:00:00+00:00,2.78e-05,6.914666666666667e-05,0.00020744,3
2024-06-13 00:00:00+00:00,0.0001,0.0001,0.00030000000000000003,3
2024-06-14 00:00:00+00:00,2.035e-05,6.116e-05,0.00018348,3
2024-06-15 00:00:00+00:00,-2.035e-05,-4.246666666666665e-06,-1.2739999999999997e-05,3
2024-06-16 00:00:00+00:00,0.0001,0.0001,0.00030000000000000003,3
2024-06-17 00:00:00+00:00,7.149e-05,9.049666666666666e-05,0.00027149,3
2024-06-18 00:00:00+00:00,2.21e-05,-4.293333333333334e-06,-1.2880000000000002e-05,3
2024-06-19 00:00:00+00:00,0.0001,3.31e-05,9.93e-05,3
2024-06-20 00:00:00+00:00,6.712e-05,1.1719999999999998e-05,3.5159999999999995e-05,3
2024-06-21 00:00:00+00:00,6.47e-05,1.3053333333333333e-05,3.916e-05,3
2024-06-22 00:00:00+00:00,8.726e-05,9.575333333333334e-05,0.00028726,3
2024-06-23 00:00:00+00:00,-3.115e-05,5.090333333333334e-05,0.00015271000000000002,3
2024-06-24 00:00:00+00:00,5.296e-05,6.579333333333333e-05,0.00019738,3
2024-06-25 00:00:00+00:00,5.29e-05,7.465e-05,0.00022395,3
2024-06-26 00:00:00+00:00,0.0001,0.0001,0.00030000000000000003,3
2024-06-27 00:00:00+00:00,0.0001,0.0001,0.00030000000000000003,3
2024-06-28 00:00:00+00:00,0.0001,0.0001,0.00030000000000000003,3
2024-06-29 00:00:00+00:00,1.6e-05,2.0666666666666666e-05,6.2e-05,3
2024-06-30 00:00:00+00:00,5.918e-05,3.3213333333333336e-05,9.964e-05,3
2024-07-01 00:00:00+00:00,0.0001,8.277666666666666e-05,0.00024833,3
2024-07-02 00:00:00+00:00,0.0001,7.878666666666667e-05,0.00023636000000000002,3
2024-07-03 00:00:00+00:00,-3.095e-05,1.5476666666666664e-05,4.6429999999999994e-05,3
2024-07-04 00:00:00+00:00,-6.314e-05,-2.6836666666666667e-05,-8.051e-05,3
2024-07-05 00:00:00+00:00,-0.00018191,-8.839333333333334e-05,-0.00026518,3
2024-07-06 00:00:00+00:00,8.45e-06,-0.00012254,-0.00036762,3
2024-07-07 00:00:00+00:00,5.826e-05,4.8636666666666675e-05,0.00014591000000000002,3
2024-07-08 00:00:00+00:00,4.634e-05,2.2956666666666667e-05,6.887e-05,3
2024-07-09 00:00:00+00:00,8.091e-05,4.3526666666666664e-05,0.00013057999999999999,3
2024-07-10 00:00:00+00:00,0.0001,7.576e-05,0.00022728,3
2024-07-11 00:00:00+00:00,0.0001,6.629666666666667e-05,0.00019889000000000002,3
2024-07-12 00:00:00+00:00,6.767e-05,-1.1083333333333331e-05,-3.3249999999999995e-05,3
2024-07-13 00:00:00+00:00,9.313e-05,6.409999999999997e-06,1.922999999999999e-05,3
2024-07-14 00:00:00+00:00,7.088e-05,5.532666666666667e-05,0.00016598,3
2024-07-15 00:00:00+00:00,5.525e-05,3.080666666666667e-05,9.242000000000001e-05,3
2024-07-16 00:00:00+00:00,5.118e-05,8.299e-05,0.00024897,3
2024-07-17 00:00:00+00:00,0.0001,0.0001,0.00030000000000000003,3
2024-07-18 00:00:00+00:00,5.953e-05,8.651e-05,0.00025953,3
2024-07-19 00:00:00+00:00,4.982e-05,2.365666666666667e-05,7.097e-05,3
2024-07-20 00:00:00+00:00,0.0001,0.0001,0.00030000000000000003,3
2024-07-21 00:00:00+00:00,2.877e-05,7.625666666666668e-05,0.00022877000000000002,3
2024-07-22 00:00:00+00:00,0.0001,0.0001,0.00030000000000000003,3
2024-07-23 00:00:00+00:00,3.424e-05,6.296333333333333e-05,0.00018889,3
2024-07-24 00:00:00+00:00,8.661e-05,9.553666666666667e-05,0.00028661,3
2024-07-25 00:00:00+00:00,1.502e-05,5.516666666666667e-05,0.0001655,3
2024-07-26 00:00:00+00:00,0.0001,9.094000000000001e-05,0.00027282,3
2024-07-27 00:00:00+00:00,9.717e-05,9.905666666666668e-05,0.00029717000000000003,3
2024-07-28 00:00:00+00:00,0.0001,7.465666666666667e-05,0.00022397,3
2024-07-29 00:00:00+00:00,0.0001,8.242e-05,0.00024726,3
2024-07-30 00:00:00+00:00,8.492e-05,4.374333333333333e-05,0.00013123,3
2024-07-31 00:00:00+00:00,0.0001,8.239333333333333e-05,0.00024718,3
2024-08-01 00:00:00+00:00,-1.447e-05,7.4466666666666685e-06,2.2340000000000006e-05,3
2024-08-02 00:00:00+00:00,1.538e-05,5.306666666666667e-06,1.592e-05,3
2024-08-03 00:00:00+00:00,3.844e-05,4.783666666666666e-05,0.00014350999999999999,3
2024-08-04 00:00:00+00:00,-4.46e-06,-1.4606666666666665e-05,-4.382e-05,3
2024-08-05 00:00:00+00:00,-7.328e-05,-2.0156666666666666e-05,-6.047e-05,3
2024-08-06 00:00:00+00:00,6.955e-05,-2.703e-05,-8.109e-05,3
2024-08-07 00:00:00+00:00,4.991e-05,5.7969999999999996e-05,0.00017391,3
2024-08-08 00:00:00+00:00,8.105e-05,8.006666666666667e-05,0.0002402,3
2024-08-09 00:00:00+00:00,4.96e-05,3.332333333333333e-05,9.996999999999999e-05,3
2024-08-10 00:00:00+00:00,-3.683e-05,-2.627666666666667e-05,-7.883e-05,3
2024-08-11 00:00:00+00:00,1.343e-05,1.0713333333333333e-05,3.214e-05,3
2024-08-12 00:00:00+00:00,4.047e-05,7.2266666666666655e-06,2.1679999999999996e-05,3
2024-08-13 00:00:00+00:00,-8.07e-06,-2.4996666666666667e-05,-7.499e-05,3
2024-08-14 00:00:00+00:00,8.52e-06,6.463333333333332e-06,1.9389999999999996e-05,3
2024-08-15 00:00:00+00:00,1.89e-05,1.3116666666666664e-05,3.9349999999999994e-05,3
2024-08-16 00:00:00+00:00,-1.27e-06,-2.112666666666667e-05,-6.338e-05,3
2024-08-17 00:00:00+00:00,-3.04e-06,1.866333333333333e-05,5.599e-05,3
2024-08-18 00:00:00+00:00,7.011e-05,8.692333333333334e-05,0.00026077,3
2024-08-19 00:00:00+00:00,1.506e-05,6.2466666666666664e-06,1.874e-05,3
2024-08-20 00:00:00+00:00,0.0001,9.094000000000001e-05,0.00027282,3
2024-08-21 00:00:00+00:00,1.922e-05,5.0186666666666665e-05,0.00015056,3
2024-08-22 00:00:00+00:00,6.732e-05,7.416e-05,0.00022248,3
2024-08-23 00:00:00+00:00,3.157e-05,5.859666666666667e-05,0.00017579,3
2024-08-24 00:00:00+00:00,1.706e-05,3.060333333333333e-05,9.181e-05,3
2024-08-25 00:00:00+00:00,3.272e-05,4.583666666666666e-05,0.00013750999999999998,3
2024-08-26 00:00:00+00:00,8.758e-05,7.022333333333333e-05,0.00021067,3
2024-08-27 00:00:00+00:00,5.166e-05,2.6356666666666668e-05,7.907e-05,3
2024-08-28 00:00:00+00:00,9.814e-05,-1.935e-05,-5.805e-05,3
2024-08-29 00:00:00+00:00,4.8e-05,-2.8536666666666664e-05,-8.560999999999999e-05,3
2024-08-30 00:00:00+00:00,-9.49e-06,2.0186666666666668e-05,6.056e-05,3
2024-08-31 00:00:00+00:00,0.0001,9.931333333333334e-05,0.00029794,3
2024-09-01 00:00:00+00:00,-6.822e-05,1.602333333333333e-05,4.806999999999999e-05,3
2024-09-02 00:00:00+00:00,-7.35e-06,-6.490333333333333e-05,-0.00019471,3
2024-09-03 00:00:00+00:00,-3.002e-05,2.525e-05,7.575e-05,3
2024-09-04 00:00:00+00:00,-2.372e-05,-2.204e-05,-6.612e-05,3
2024-09-05 00:00:00+00:00,5.248e-05,6.524e-05,0.00019572,3
2024-09-06 00:00:00+00:00,-9.806e-05,1.704e-05,5.112e-05,3
2024-09-07 00:00:00+00:00,-2.156e-05,-7.242e-05,-0.00021726000000000002,3
2024-09-08 00:00:00+00:00,-5.362e-05,2.566666666666668e-06,7.700000000000004e-06,3
2024-09-09 00:00:00+00:00,-1.159e-05,5.560666666666667e-05,0.00016682,3
2024-09-10 00:00:00+00:00,9.015e-05,5.905e-05,0.00017715,3
2024-09-11 00:00:00+00:00,2.244e-05,5.740666666666667e-05,0.00017222,3
2024-09-12 00:00:00+00:00,7.512e-05,6.080333333333333e-05,0.00018240999999999998,3
2024-09-13 00:00:00+00:00,8.803e-05,9.601e-05,0.00028803,3
2024-09-14 00:00:00+00:00,5.957e-05,5.661666666666667e-05,0.00016985,3
2024-09-15 00:00:00+00:00,6.098e-05,2.8806666666666666e-05,8.642e-05,3
2024-09-16 00:00:00+00:00,6.37e-06,-2.046e-05,-6.138e-05,3
2024-09-17 00:00:00+00:00,7.561e-05,1.0466666666666669e-06,3.1400000000000004e-06,3
2024-09-18 00:00:00+00:00,6.057e-05,5.008333333333333e-05,0.00015025,3
2024-09-19 00:00:00+00:00,9.148e-05,7.065333333333334e-05,0.00021196,3
2024-09-20 00:00:00+00:00,2.622e-05,7.243e-05,0.00021729,3
2024-09-21 00:00:00+00:00,8.706e-05,9.064e-05,0.00027192,3
2024-09-22 00:00:00+00:00,4.231e-05,8.077e-05,0.00024231,3
2024-09-23 00:00:00+00:00,3.622e-05,4.962e-05,0.00014886,3
2024-09-24 00:00:00+00:00,0.0001,9.129e-05,0.00027387,3
2024-09-25 00:00:00+00:00,9.338e-05,9.779333333333332e-05,0.00029338,3
2024-09-26 00:00:00+00:00,0.0001,0.0001,0.00030000000000000003,3
2024-09-27 00:00:00+00:00,0.0001,0.0001,0.00030000000000000003,3
2024-09-28 00:00:00+00:00,0.0001,9.719666666666666e-05,0.00029159,3
2024-09-29 00:00:00+00:00,0.0001,0.0001,0.00030000000000000003,3
2024-09-30 00:00:00+00:00,0.0001,0.0001,0.00030000000000000003,3
2024-10-01 00:00:00+00:00,0.0001,7.767666666666667e-05,0.00023303,3
2024-10-02 00:00:00+00:00,-7.586e-05,-1.1709999999999996e-05,-3.512999999999999e-05,3
2024-10-03 00:00:00+00:00,-2.284e-05,-1.646666666666667e-05,-4.940000000000001e-05,3
2024-10-04 00:00:00+00:00,3.678e-05,4.476666666666667e-05,0.0001343,3
2024-10-05 00:00:00+00:00,7.323e-05,3.192e-05,9.576e-05,3
2024-10-06 00:00:00+00:00,6.3e-05,7.697666666666667e-05,0.00023093,3
2024-10-07 00:00:00+00:00,9.53e-05,4.7533333333333334e-05,0.0001426,3
2024-10-08 00:00:00+00:00,2.249e-05,2.0076666666666667e-05,6.023e-05,3
2024-10-09 00:00:00+00:00,7.302e-05,7.684333333333333e-05,0.00023053,3
2024-10-10 00:00:00+00:00,-3.44e-05,4.174666666666667e-05,0.00012524000000000001,3
2024-10-11 00:00:00+00:00,0.0001,7.735333333333334e-05,0.00023206,3
2024-10-12 00:00:00+00:00,0.0001,0.0001,0.00030000000000000003,3
2024-10-13 00:00:00+00:00,0.0001,8.996333333333334e-05,0.00026989,3
2024-10-14 00:00:00+00:00,0.0001,0.0001,0.00030000000000000003,3
2024-10-15 00:00:00+00:00,0.0001,0.0001,0.00030000000000000003,3
2024-10-16 00:00:00+00:00,0.0001,0.0001,0.00030000000000000003,3
2024-10-17 00:00:00+00:00,0.0001,0.0001,0.00030000000000000003,3
2024-10-18 00:00:00+00:00,0.0001,0.0001,0.00030000000000000003,3
2024-10-19 00:00:00+00:00,0.0001,0.0001,0.00030000000000000003,3
2024-10-20 00:00:00+00:00,0.0001,0.0001,0.00030000000000000003,3
2024-10-21 00:00:00+00:00,0.0001,0.0001,0.00030000000000000003,3
2024-10-22 00:00:00+00:00,0.0001,0.0001,0.00030000000000000003,3
2024-10-23 00:00:00+00:00,0.0001,0.0001,0.00030000000000000003,3
2024-10-24 00:00:00+00:00,0.0001,0.0001,0.00030000000000000003,3
2024-10-25 00:00:00+00:00,0.0001,0.0001,0.00030000000000000003,3
2024-10-26 00:00:00+00:00,0.0001,0.0001,0.00030000000000000003,3
2024-10-27 00:00:00+00:00,0.0001,0.0001,0.00030000000000000003,3
2024-10-28 00:00:00+00:00,0.0001,0.0001,0.00030000000000000003,3
2024-10-29 00:00:00+00:00,0.0001,0.0001,0.00030000000000000003,3
2024-10-30 00:00:00+00:00,0.0001,0.0001,0.00030000000000000003,3
2024-10-31 00:00:00+00:00,0.0001,0.0001,0.00030000000000000003,3
2024-11-01 00:00:00+00:00,0.0001,0.0001,0.00030000000000000003,3
2024-11-02 00:00:00+00:00,0.0001,0.0001,0.00030000000000000003,3
2024-11-03 00:00:00+00:00,0.0001,0.0001,0.00030000000000000003,3
2024-11-04 00:00:00+00:00,9.673e-05,9.891000000000001e-05,0.00029673000000000004,3
2024-11-05 00:00:00+00:00,0.0001,0.0001,0.00030000000000000003,3
2024-11-06 00:00:00+00:00,0.0001,0.0001,0.00030000000000000003,3
2024-11-07 00:00:00+00:00,0.0001,0.0001,0.00030000000000000003,3
2024-11-08 00:00:00+00:00,0.0001,0.00014454333333333334,0.00043363,3
2024-11-09 00:00:00+00:00,0.0001,0.0001,0.00030000000000000003,3
2024-11-10 00:00:00+00:00,0.0003873,0.00022900333333333332,0.0006870099999999999,3
2024-11-11 00:00:00+00:00,0.0001,0.00014317,0.00042951,3
2024-11-12 00:00:00+00:00,0.00057057,0.0003695933333333333,0.00110878,3
2024-11-13 00:00:00+00:00,0.0003637,0.00026126666666666666,0.0007838,3
2024-11-14 00:00:00+00:00,0.0001,0.0001,0.00030000000000000003,3
2024-11-15 00:00:00+00:00,0.0001,0.0001,0.00030000000000000003,3
2024-11-16 00:00:00+00:00,0.00026345,0.00029651,0.0008895299999999999,3
2024-11-17 00:00:00+00:00,0.00050867,0.00032988,0.00098964,3
2024-11-18 00:00:00+00:00,0.00022081,0.0004643033333333333,0.00139291,3
2024-11-19 00:00:00+00:00,0.00033727,0.0004145433333333333,0.00124363,3
2024-11-20 00:00:00+00:00,0.00018487,0.00013866,0.00041598,3
2024-11-21 00:00:00+00:00,0.00036219,0.00018739666666666666,0.00056219,3
2024-11-22 00:00:00+00:00,0.00057121,0.0005882666666666667,0.0017648,3
2024-11-23 00:00:00+00:00,0.00082728,0.0007584766666666668,0.00227543,3
2024-11-24 00:00:00+00:00,0.0001,0.00022028,0.00066084,3
2024-11-25 00:00:00+00:00,0.00015918,0.00033048666666666665,0.00099146,3
2024-11-26 00:00:00+00:00,0.0001,0.00015871333333333334,0.00047614,3
2024-11-27 00:00:00+00:00,0.0001,0.00011088333333333332,0.00033265,3
2024-11-28 00:00:00+00:00,0.00019003,0.0002584733333333333,0.00077542,3
2024-11-29 00:00:00+00:00,0.00043264,0.00038441999999999995,0.00115326,3
2024-11-30 00:00:00+00:00,0.00024827,0.0005023866666666667,0.00150716,3
2024-12-01 00:00:00+00:00,0.00035756,0.0003279066666666667,0.00098372,3
2024-12-02 00:00:00+00:00,0.0001,0.00036647666666666666,0.00109943,3
2024-12-03 00:00:00+00:00,0.00027104,0.00038002666666666664,0.00114008,3
2024-12-04 00:00:00+00:00,0.00056702,0.0006239333333333333,0.0018717999999999999,3
2024-12-05 00:00:00+00:00,0.00075898,0.0008923033333333334,0.0026769100000000002,3
2024-12-06 00:00:00+00:00,0.0003457,0.00048032,0.00144096,3
2024-12-07 00:00:00+00:00,0.0009381,0.0007033966666666667,0.00211019,3
2024-12-08 00:00:00+00:00,0.0003395,0.00056537,0.00169611,3
2024-12-09 00:00:00+00:00,0.0001,0.00021909666666666667,0.00065729,3
2024-12-10 00:00:00+00:00,0.0001,3.788666666666667e-05,0.00011366,3
2024-12-11 00:00:00+00:00,0.0001,9.545666666666666e-05,0.00028637,3
2024-12-12 00:00:00+00:00,0.0001,0.0001,0.00030000000000000003,3
2024-12-13 00:00:00+00:00,0.0001,0.0001,0.00030000000000000003,3
2024-12-14 00:00:00+00:00,0.0001,0.0001,0.00030000000000000003,3
2024-12-15 00:00:00+00:00,0.0001,0.0001,0.00030000000000000003,3
2024-12-16 00:00:00+00:00,0.0001,0.0001,0.00030000000000000003,3
2024-12-17 00:00:00+00:00,0.0001,0.0001,0.00030000000000000003,3
2024-12-18 00:00:00+00:00,0.0001,9.059e-05,0.00027177,3
2024-12-19 00:00:00+00:00,0.0001,6.222666666666666e-05,0.00018668,3
2024-12-20 00:00:00+00:00,-6.854e-05,-3.041666666666667e-05,-9.125000000000001e-05,3
2024-12-21 00:00:00+00:00,5.932e-05,4.277333333333334e-05,0.00012832000000000002,3
2024-12-22 00:00:00+00:00,-3.412e-05,2.0853333333333332e-05,6.256e-05,3
2024-12-23 00:00:00+00:00,0.0001,3.283666666666667e-05,9.851e-05,3
2024-12-24 00:00:00+00:00,0.0001,0.0001,0.00030000000000000003,3
2024-12-25 00:00:00+00:00,5.519e-05,8.506333333333334e-05,0.00025519000000000003,3
2024-12-26 00:00:00+00:00,1.317e-05,4.493e-05,0.00013479,3
2024-12-27 00:00:00+00:00,9.994e-05,7.677e-05,0.00023031,3
2024-12-28 00:00:00+00:00,0.0001,0.0001,0.00030000000000000003,3
2024-12-29 00:00:00+00:00,0.0001,0.0001,0.00030000000000000003,3
2024-12-30 00:00:00+00:00,0.0001,8.459333333333333e-05,0.00025378,3
2024-12-31 00:00:00+00:00,0.0001,5.549333333333333e-05,0.00016648,3
2025-01-01 00:00:00+00:00,5.86e-05,7.114666666666667e-05,0.00021344000000000002,3
2025-01-02 00:00:00+00:00,0.0001,0.0001,0.00030000000000000003,3
2025-01-03 00:00:00+00:00,0.0001,0.0001,0.00030000000000000003,3
2025-01-04 00:00:00+00:00,0.0001,0.0001,0.00030000000000000003,3
2025-01-05 00:00:00+00:00,0.0001,0.0001,0.00030000000000000003,3
2025-01-06 00:00:00+00:00,0.0001,0.0001,0.00030000000000000003,3
2025-01-07 00:00:00+00:00,0.0001,0.0001,0.00030000000000000003,3
2025-01-08 00:00:00+00:00,6.741e-05,3.572e-05,0.00010716,3
2025-01-09 00:00:00+00:00,2.8e-05,4.489333333333333e-05,0.00013468,3
2025-01-10 00:00:00+00:00,4.751e-05,-1.1413333333333335e-05,-3.4240000000000004e-05,3
2025-01-11 00:00:00+00:00,0.0001,7.108333333333333e-05,0.00021325,3
2025-01-12 00:00:00+00:00,0.0001,9.158333333333334e-05,0.00027475000000000004,3
2025-01-13 00:00:00+00:00,2.816e-05,5.9506666666666664e-05,0.00017852,3
2025-01-14 00:00:00+00:00,0.0001,9.706000000000001e-05,0.00029118000000000004,3
2025-01-15 00:00:00+00:00,0.0001,0.0001,0.00030000000000000003,3
2025-01-16 00:00:00+00:00,0.0001,0.0001,0.00030000000000000003,3
2025-01-17 00:00:00+00:00,0.0001,0.0001,0.00030000000000000003,3
2025-01-18 00:00:00+00:00,0.0001,0.0001,0.00030000000000000003,3
2025-01-19 00:00:00+00:00,0.0001,0.0001,0.00030000000000000003,3
2025-01-20 00:00:00+00:00,0.0001,0.0001,0.00030000000000000003,3
2025-01-21 00:00:00+00:00,0.0001,0.0001,0.00030000000000000003,3
2025-01-22 00:00:00+00:00,0.0001,0.0001,0.00030000000000000003,3
2025-01-23 00:00:00+00:00,0.0001,0.0001,0.00030000000000000003,3
2025-01-24 00:00:00+00:00,0.0001,0.0001,0.00030000000000000003,3
2025-01-25 00:00:00+00:00,0.0001,0.0001,0.00030000000000000003,3
2025-01-26 00:00:00+00:00,0.0001,0.0001,0.00030000000000000003,3
2025-01-27 00:00:00+00:00,-1.922e-05,2.337e-05,7.011e-05,3
2025-01-28 00:00:00+00:00,0.0001,6.671333333333334e-05,0.00020014000000000002,3
2025-01-29 00:00:00+00:00,0.0001,8.274333333333334e-05,0.00024823,3
2025-01-30 00:00:00+00:00,0.0001,0.0001,0.00030000000000000003,3
2025-01-31 00:00:00+00:00,0.0001,0.0001,0.00030000000000000003,3
2025-02-01 00:00:00+00:00,3.005e-05,7.668333333333333e-05,0.00023005,3
2025-02-02 00:00:00+00:00,6.9e-07,9.073333333333332e-06,2.7219999999999997e-05,3
2025-02-03 00:00:00+00:00,-6.213e-05,-7.187666666666667e-05,-0.00021563000000000002,3
2025-02-04 00:00:00+00:00,3.326e-05,3.8310000000000004e-05,0.00011493000000000001,3
2025-02-05 00:00:00+00:00,1.051e-05,2.4846666666666667e-05,7.454e-05,3
2025-02-06 00:00:00+00:00,9.371e-05,4.090999999999999e-05,0.00012272999999999999,3
2025-02-07 00:00:00+00:00,6.872e-05,4.357666666666667e-05,0.00013073000000000002,3
2025-02-08 00:00:00+00:00,6.955e-05,4.188e-05,0.00012564,3
2025-02-09 00:00:00+00:00,7.642e-05,8.041333333333334e-05,0.00024124000000000001,3
2025-02-10 00:00:00+00:00,0.0001,3.7090000000000006e-05,0.00011127000000000001,3
2025-02-11 00:00:00+00:00,7.622e-05,7.248999999999999e-05,0.00021747,3
2025-02-12 00:00:00+00:00,3.407e-05,-1.4323333333333334e-05,-4.2970000000000004e-05,3
2025-02-13 00:00:00+00:00,2.85e-05,7.616666666666667e-05,0.00022850000000000002,3
2025-02-14 00:00:00+00:00,0.0001,8.295666666666666e-05,0.00024887,3
2025-02-15 00:00:00+00:00,3.149e-05,5.826666666666666e-05,0.0001748,3
2025-02-16 00:00:00+00:00,9.94e-06,8.353333333333332e-06,2.5059999999999997e-05,3
2025-02-17 00:00:00+00:00,2.862e-05,1.4776666666666669e-05,4.4330000000000004e-05,3
2025-02-18 00:00:00+00:00,1.955e-05,4.174333333333333e-05,0.00012523,3
2025-02-19 00:00:00+00:00,4.527e-05,3.5260000000000005e-05,0.00010578000000000001,3
2025-02-20 00:00:00+00:00,4.899e-05,4.1796666666666666e-05,0.00012539,3
2025-02-21 00:00:00+00:00,0.0001,9.716333333333335e-05,0.00029149000000000004,3
2025-02-22 00:00:00+00:00,0.0001,0.0001,0.00030000000000000003,3
2025-02-23 00:00:00+00:00,0.0001,0.0001,0.00030000000000000003,3
2025-02-24 00:00:00+00:00,0.0001,0.0001,0.00030000000000000003,3
2025-02-25 00:00:00+00:00,0.0001,0.0001,0.00030000000000000003,3
2025-02-26 00:00:00+00:00,0.0001,0.0001,0.00030000000000000003,3
2025-02-27 00:00:00+00:00,0.0001,0.0001,0.00030000000000000003,3
2025-02-28 00:00:00+00:00,-2.498e-05,5.834000000000001e-05,0.00017502000000000001,3
2025-03-01 00:00:00+00:00,0.0001,0.0001,0.00030000000000000003,3
2025-03-02 00:00:00+00:00,9.877e-05,8.364666666666667e-05,0.00025094,3
2025-03-03 00:00:00+00:00,0.0001,0.0001,0.00030000000000000003,3
2025-03-04 00:00:00+00:00,-2.741e-05,-5.3423333333333334e-05,-0.00016027,3
2025-03-05 00:00:00+00:00,5.718e-05,2.7786666666666666e-05,8.336e-05,3
2025-03-06 00:00:00+00:00,0.0001,8.418666666666666e-05,0.00025256,3
2025-03-07 00:00:00+00:00,7.771e-05,4.943333333333331e-06,1.4829999999999992e-05,3
2025-03-08 00:00:00+00:00,2.693e-05,4.2113333333333336e-05,0.00012634,3
2025-03-09 00:00:00+00:00,-3.653e-05,-1.0956666666666665e-05,-3.2869999999999995e-05,3
2025-03-10 00:00:00+00:00,-9.21e-06,-6.245333333333333e-05,-0.00018736,3
2025-03-11 00:00:00+00:00,5.546e-05,-5.091333333333333e-05,-0.00015274,3
2025-03-12 00:00:00+00:00,4.94e-05,6.114666666666667e-05,0.00018344,3
2025-03-13 00:00:00+00:00,-1.17e-05,3.5299999999999997e-06,1.0589999999999999e-05,3
2025-03-14 00:00:00+00:00,7.139e-05,5.568000000000001e-05,0.00016704000000000003,3
2025-03-15 00:00:00+00:00,6.512e-05,7.713e-05,0.00023139,3
2025-03-16 00:00:00+00:00,-5.54e-05,-1.3629999999999998e-05,-4.0889999999999996e-05,3
2025-03-17 00:00:00+00:00,2.031e-05,1.3170000000000003e-05,3.9510000000000006e-05,3
2025-03-18 00:00:00+00:00,-1.497e-05,2.269333333333334e-05,6.808000000000001e-05,3
2025-03-19 00:00:00+00:00,4.169e-05,1.2513333333333334e-05,3.754e-05,3
2025-03-20 00:00:00+00:00,-7.187e-05,-3.7666666666666656e-06,-1.1299999999999997e-05,3
2025-03-21 00:00:00+00:00,-5.206e-05,-4.3326666666666666e-05,-0.00012998,3
2025-03-22 00:00:00+00:00,-5.65e-06,5.216666666666667e-06,1.565e-05,3
2025-03-23 00:00:00+00:00,8.745e-05,2.474e-05,7.422e-05,3
2025-03-24 00:00:00+00:00,5.425e-05,5.181666666666667e-05,0.00015545,3
2025-03-25 00:00:00+00:00,-6.24e-06,3.072e-05,9.216e-05,3
2025-03-26 00:00:00+00:00,4.164e-05,9.75e-06,2.925e-05,3
2025-03-27 00:00:00+00:00,2.371e-05,2.6343333333333336e-05,7.903000000000001e-05,3
2025-03-28 00:00:00+00:00,-3.38e-06,2.958e-05,8.874000000000001e-05,3
2025-03-29 00:00:00+00:00,-1.398e-05,1.28e-05,3.84e-05,3
2025-03-30 00:00:00+00:00,-1.993e-05,-5.514999999999999e-05,-0.00016544999999999998,3
2025-03-31 00:00:00+00:00,-2.918e-05,-1.5063333333333334e-05,-4.519e-05,3
2025-04-01 00:00:00+00:00,4.016e-05,-1.4676666666666668e-05,-4.4030000000000004e-05,3
2025-04-02 00:00:00+00:00,6.14e-05,6.965333333333334e-05,0.00020896,3
2025-04-03 00:00:00+00:00,7.05e-06,1.5583333333333334e-05,4.675e-05,3
2025-04-04 00:00:00+00:00,3.726e-05,2.8456666666666668e-05,8.537e-05,3
2025-04-05 00:00:00+00:00,6.983e-05,6.127e-05,0.00018381000000000002,3
2025-04-06 00:00:00+00:00,1.349e-05,2.878666666666667e-05,8.636e-05,3
2025-04-07 00:00:00+00:00,-3.01e-06,3.303333333333333e-06,9.91e-06,3
2025-04-08 00:00:00+00:00,4.637e-05,6.805666666666667e-05,0.00020417,3
2025-04-09 00:00:00+00:00,8.862e-05,5.21e-05,0.0001563,3
2025-04-10 00:00:00+00:00,2.889e-05,4.864e-05,0.00014592,3
2025-04-11 00:00:00+00:00,8.003e-05,5.562666666666667e-05,0.00016688,3
2025-04-12 00:00:00+00:00,7.943e-05,6.367e-05,0.00019101,3
2025-04-13 00:00:00+00:00,3.013e-05,7.671e-05,0.00023013000000000002,3
2025-04-14 00:00:00+00:00,3.847e-05,5.815666666666668e-05,0.00017447000000000003,3
2025-04-15 00:00:00+00:00,-4.478e-05,-4.2136666666666666e-05,-0.00012641,3
2025-04-16 00:00:00+00:00,-8.49e-06,-3.071e-05,-9.213e-05,3
2025-04-17 00:00:00+00:00,3.345e-05,5.4636666666666665e-05,0.00016391,3
2025-04-18 00:00:00+00:00,8.331e-05,3.623333333333333e-05,0.0001087,3
2025-04-19 00:00:00+00:00,1.824e-05,5.966666666666667e-05,0.00017900000000000001,3
2025-04-20 00:00:00+00:00,-5.1e-06,3.205e-05,9.614999999999999e-05,3
2025-04-21 00:00:00+00:00,0.0001,6.708333333333334e-05,0.00020125,3
2025-04-22 00:00:00+00:00,0.0001,9.801333333333335e-05,0.00029404,3
2025-04-23 00:00:00+00:00,0.0001,0.0001,0.00030000000000000003,3
2025-04-24 00:00:00+00:00,9.527e-05,9.842333333333335e-05,0.00029527000000000004,3
2025-04-25 00:00:00+00:00,0.0001,9.904666666666667e-05,0.00029714,3
2025-04-26 00:00:00+00:00,-2.672e-05,3.333e-05,9.999e-05,3
2025-04-27 00:00:00+00:00,3.819e-05,1.597e-05,4.791e-05,3
2025-04-28 00:00:00+00:00,2.955e-05,1.7453333333333335e-05,5.236e-05,3
2025-04-29 00:00:00+00:00,8.58e-06,1.9806666666666665e-05,5.942e-05,3
2025-04-30 00:00:00+00:00,-3.578e-05,-4.0543333333333335e-05,-0.00012163,3
2025-05-01 00:00:00+00:00,9.127e-05,7.956666666666667e-05,0.0002387,3
2025-05-02 00:00:00+00:00,1.734e-05,7.244666666666667e-05,0.00021734,3
2025-05-03 00:00:00+00:00,6.591e-05,6.257333333333333e-05,0.00018772,3
2025-05-04 00:00:00+00:00,2.872e-05,6.281e-05,0.00018843,3
2025-05-05 00:00:00+00:00,-3.36e-06,1.6666666666666676e-07,5.000000000000003e-07,3
2025-05-06 00:00:00+00:00,-3.334e-05,-1.0913333333333334e-05,-3.274e-05,3
2025-05-07 00:00:00+00:00,1.852e-05,1.9616666666666665e-05,5.8849999999999994e-05,3
2025-05-08 00:00:00+00:00,0.0001,6.739333333333333e-05,0.00020218,3
2025-05-09 00:00:00+00:00,0.0001,0.0001,0.00030000000000000003,3
2025-05-10 00:00:00+00:00,0.0001,0.0001,0.00030000000000000003,3
2025-05-11 00:00:00+00:00,9.154e-05,9.718e-05,0.00029154,3
2025-05-12 00:00:00+00:00,0.0001,0.0001,0.00030000000000000003,3
2025-05-13 00:00:00+00:00,8.402e-05,8.220333333333332e-05,0.00024660999999999997,3
2025-05-14 00:00:00+00:00,0.0001,0.0001,0.00030000000000000003,3
2025-05-15 00:00:00+00:00,-4.786e-05,4.7486666666666674e-05,0.00014246000000000002,3
2025-05-16 00:00:00+00:00,9.562e-05,3.1456666666666666e-05,9.437e-05,3
2025-05-17 00:00:00+00:00,1.346e-05,3.904333333333333e-05,0.00011713,3
2025-05-18 00:00:00+00:00,0.0001,4.968e-05,0.00014904,3
2025-05-19 00:00:00+00:00,-2.817e-05,-2.1866666666666693e-06,-6.560000000000008e-06,3
2025-05-20 00:00:00+00:00,-5.475e-05,4.269666666666667e-05,0.00012809,3
2025-05-21 00:00:00+00:00,0.0001,0.0001,0.00030000000000000003,3
2025-05-22 00:00:00+00:00,0.0001,0.0001,0.00030000000000000003,3
2025-05-23 00:00:00+00:00,0.0001,0.0001,0.00030000000000000003,3
2025-05-24 00:00:00+00:00,4.438e-05,7.616666666666667e-05,0.0002285,3
2025-05-25 00:00:00+00:00,2.982e-05,7.165666666666667e-05,0.00021497,3
2025-05-26 00:00:00+00:00,0.0001,9.924e-05,0.00029772,3
2025-05-27 00:00:00+00:00,0.0001,0.0001,0.00030000000000000003,3
2025-05-28 00:00:00+00:00,-9.67e-06,2.1526666666666665e-05,6.458e-05,3
2025-05-29 00:00:00+00:00,4.803e-05,4.9056666666666674e-05,0.00014717000000000002,3
2025-05-30 00:00:00+00:00,8.619e-05,7.960333333333334e-05,0.00023881,3
2025-05-31 00:00:00+00:00,2.192e-05,-1.3233333333333325e-06,-3.9699999999999976e-06,3
2025-06-01 00:00:00+00:00,8.66e-06,-1.0566666666666667e-05,-3.17e-05,3
2025-06-02 00:00:00+00:00,7.073e-05,5.139333333333333e-05,0.00015418,3
2025-06-03 00:00:00+00:00,8.3e-05,6.421e-05,0.00019263,3
2025-06-04 00:00:00+00:00,-2.899e-05,1.834666666666667e-05,5.504e-05,3
2025-06-05 00:00:00+00:00,5.454e-05,4.032666666666667e-05,0.00012098,3
2025-06-06 00:00:00+00:00,1.14e-06,-2.6159999999999997e-05,-7.848e-05,3
2025-06-07 00:00:00+00:00,-8.15e-06,-6.81e-06,-2.043e-05,3
2025-06-08 00:00:00+00:00,5.053e-05,3.49e-05,0.0001047,3
2025-06-09 00:00:00+00:00,0.0001,7.36e-05,0.0002208,3
2025-06-10 00:00:00+00:00,0.0001,0.0001,0.00030000000000000003,3
2025-06-11 00:00:00+00:00,0.0001,0.0001,0.00030000000000000003,3
2025-06-12 00:00:00+00:00,3.029e-05,2.5523333333333337e-05,7.657000000000001e-05,3
2025-06-13 00:00:00+00:00,9.3e-06,-9.813333333333333e-06,-2.944e-05,3
2025-06-14 00:00:00+00:00,-9.74e-06,-1.9410000000000002e-05,-5.823e-05,3
2025-06-15 00:00:00+00:00,3.867e-05,-6.026666666666668e-06,-1.8080000000000003e-05,3
2025-06-16 00:00:00+00:00,0.0001,5.338666666666667e-05,0.00016016,3
2025-06-17 00:00:00+00:00,7.522e-05,5.781e-05,0.00017343,3
2025-06-18 00:00:00+00:00,2.477e-05,2.5246666666666667e-05,7.574e-05,3
2025-06-19 00:00:00+00:00,8.15e-06,3.485e-05,0.00010455,3
2025-06-20 00:00:00+00:00,4.855e-05,6.706333333333334e-05,0.00020119000000000002,3
2025-06-21 00:00:00+00:00,8.93e-06,-3.1433333333333326e-06,-9.429999999999998e-06,3
2025-06-22 00:00:00+00:00,-5.919e-05,-1.5326666666666667e-05,-4.5980000000000004e-05,3
2025-06-23 00:00:00+00:00,-3.69e-05,8.806666666666665e-06,2.6419999999999994e-05,3
2025-06-24 00:00:00+00:00,-2.829e-05,-8.913333333333333e-06,-2.6739999999999998e-05,3
2025-06-25 00:00:00+00:00,4.372e-05,3.6200000000000006e-05,0.00010860000000000001,3
2025-06-26 00:00:00+00:00,2.898e-05,8.916666666666667e-06,2.6750000000000003e-05,3
2025-06-27 00:00:00+00:00,-3.024e-05,3.673666666666667e-05,0.00011021,3
2025-06-28 00:00:00+00:00,6.036e-05,4.6790000000000004e-05,0.00014037,3
2025-06-29 00:00:00+00:00,2.713e-05,7.571e-05,0.00022713,3
2025-06-30 00:00:00+00:00,-9.89e-06,4.3066666666666665e-05,0.0001292,3
2025-07-01 00:00:00+00:00,3.335e-05,5.876000000000001e-05,0.00017628,3
2025-07-02 00:00:00+00:00,4.046e-05,2.7860000000000004e-05,8.358000000000001e-05,3
2025-07-03 00:00:00+00:00,8.182e-05,9.394e-05,0.00028182,3
2025-07-04 00:00:00+00:00,1.063e-05,3.9546666666666665e-05,0.00011864,3
2025-07-05 00:00:00+00:00,-1.508e-05,-2.4486666666666664e-05,-7.345999999999999e-05,3
2025-07-06 00:00:00+00:00,0.0001,3.444666666666666e-05,0.00010334,3
2025-07-07 00:00:00+00:00,0.0001,0.0001,0.00030000000000000003,3
2025-07-08 00:00:00+00:00,5.926e-05,1.4076666666666667e-05,4.223e-05,3
2025-07-09 00:00:00+00:00,0.0001,0.0001,0.00030000000000000003,3
2025-07-10 00:00:00+00:00,0.0001,0.0001,0.00030000000000000003,3
2025-07-11 00:00:00+00:00,0.0001,0.0001,0.00030000000000000003,3
2025-07-12 00:00:00+00:00,0.0001,0.0001,0.00030000000000000003,3
2025-07-13 00:00:00+00:00,0.0001,0.0001,0.00030000000000000003,3
2025-07-14 00:00:00+00:00,0.0001,0.0001,0.00030000000000000003,3
2025-07-15 00:00:00+00:00,0.0001,0.0001,0.00030000000000000003,3
2025-07-16 00:00:00+00:00,0.0001,0.0001,0.00030000000000000003,3
2025-07-17 00:00:00+00:00,0.0001,0.0001,0.00030000000000000003,3
2025-07-18 00:00:00+00:00,0.0001,0.00018575666666666667,0.00055727,3
2025-07-19 00:00:00+00:00,0.0001,0.0001,0.00030000000000000003,3
2025-07-20 00:00:00+00:00,0.0001,0.0001,0.00030000000000000003,3
2025-07-21 00:00:00+00:00,0.00025883,0.00015294333333333335,0.00045883,3
2025-07-22 00:00:00+00:00,0.0001,0.0001,0.00030000000000000003,3
2025-07-23 00:00:00+00:00,0.0001,0.00014434333333333336,0.00043303000000000005,3
2025-07-24 00:00:00+00:00,0.0001,0.0001,0.00030000000000000003,3
2025-07-25 00:00:00+00:00,0.0001,0.0001,0.00030000000000000003,3
2025-07-26 00:00:00+00:00,0.0001,0.0001,0.00030000000000000003,3
2025-07-27 00:00:00+00:00,0.0001,0.0001,0.00030000000000000003,3
2025-07-28 00:00:00+00:00,0.0001,0.0001,0.00030000000000000003,3
2025-07-29 00:00:00+00:00,0.0001,0.0001,0.00030000000000000003,3
2025-07-30 00:00:00+00:00,0.0001,0.0001,0.00030000000000000003,3
2025-07-31 00:00:00+00:00,0.0001,0.0001,0.00030000000000000003,3
2025-08-01 00:00:00+00:00,0.0001,6.703333333333334e-05,0.0002011,3
2025-08-02 00:00:00+00:00,0.0001,6.336333333333334e-05,0.00019009000000000002,3
2025-08-03 00:00:00+00:00,-6.86e-06,4.9273333333333335e-05,0.00014782,3
2025-08-04 00:00:00+00:00,-2.32e-06,-3.293333333333333e-06,-9.879999999999999e-06,3
2025-08-05 00:00:00+00:00,7.211e-05,5.417e-05,0.00016251,3
2025-08-06 00:00:00+00:00,5.595e-05,1.7366666666666668e-05,5.21e-05,3
2025-08-07 00:00:00+00:00,0.0001,0.0001,0.00030000000000000003,3
2025-08-08 00:00:00+00:00,0.0001,0.0001,0.00030000000000000003,3
2025-08-09 00:00:00+00:00,8.582e-05,7.591666666666666e-05,0.00022775,3
2025-08-10 00:00:00+00:00,0.0001,0.0001,0.00030000000000000003,3
2025-08-11 00:00:00+00:00,0.0001,0.0001,0.00030000000000000003,3
2025-08-12 00:00:00+00:00,6.253e-05,6.600333333333333e-05,0.00019801,3
2025-08-13 00:00:00+00:00,0.0001,0.0001,0.00030000000000000003,3
2025-08-14 00:00:00+00:00,0.0001,0.0001,0.00030000000000000003,3
2025-08-15 00:00:00+00:00,0.0001,4.196666666666671e-06,1.2590000000000013e-05,3
2025-08-16 00:00:00+00:00,0.0001,0.0001,0.00030000000000000003,3
2025-08-17 00:00:00+00:00,0.0001,0.0001,0.00030000000000000003,3
2025-08-18 00:00:00+00:00,-3.561e-05,-1.506e-05,-4.518e-05,3
2025-08-19 00:00:00+00:00,0.0001,3.141333333333333e-05,9.424e-05,3
2025-08-20 00:00:00+00:00,6.655e-05,6.875333333333333e-05,0.00020626,3
2025-08-21 00:00:00+00:00,-1.07e-05,5.148000000000001e-05,0.00015444000000000002,3
2025-08-22 00:00:00+00:00,0.0001,0.0001,0.00030000000000000003,3
2025-08-23 00:00:00+00:00,0.0001,0.0001,0.00030000000000000003,3
2025-08-24 00:00:00+00:00,0.0001,0.0001,0.00030000000000000003,3
2025-08-25 00:00:00+00:00,9.497e-05,9.832333333333332e-05,0.00029497,3
2025-08-26 00:00:00+00:00,-1.287e-05,-2.3686666666666668e-05,-7.106e-05,3
2025-08-27 00:00:00+00:00,8.327e-05,7.206999999999999e-05,0.00021621,3
2025-08-28 00:00:00+00:00,0.0001,0.0001,0.00030000000000000003,3
2025-08-29 00:00:00+00:00,1.625e-05,7.208333333333333e-05,0.00021625,3
2025-08-30 00:00:00+00:00,0.0001,6.916000000000001e-05,0.00020748,3
2025-08-31 00:00:00+00:00,0.0001,0.0001,0.00030000000000000003,3
2025-09-01 00:00:00+00:00,5.192e-05,4.0379999999999996e-05,0.00012114,3
2025-09-02 00:00:00+00:00,6.405e-05,2.73e-05,8.19e-05,3
2025-09-03 00:00:00+00:00,0.0001,0.0001,0.00030000000000000003,3
2025-09-04 00:00:00+00:00,-2.805e-05,5.404e-05,0.00016212,3
2025-09-05 00:00:00+00:00,0.0001,2.420666666666667e-05,7.262e-05,3
2025-09-06 00:00:00+00:00,8.57e-06,6.952333333333334e-05,0.00020857000000000002,3
2025-09-07 00:00:00+00:00,0.0001,5.909333333333334e-05,0.00017728,3
2025-09-08 00:00:00+00:00,0.0001,0.0001,0.00030000000000000003,3
2025-09-09 00:00:00+00:00,0.0001,0.0001,0.00030000000000000003,3
2025-09-10 00:00:00+00:00,0.0001,0.0001,0.00030000000000000003,3
2025-09-11 00:00:00+00:00,9.545e-05,9.848333333333333e-05,0.00029545,3
2025-09-12 00:00:00+00:00,0.0001,9.600333333333333e-05,0.00028801,3
2025-09-13 00:00:00+00:00,0.0001,0.0001,0.00030000000000000003,3
2025-09-14 00:00:00+00:00,0.0001,0.0001,0.00030000000000000003,3
2025-09-15 00:00:00+00:00,3.532e-05,7.844e-05,0.00023532000000000002,3
2025-09-16 00:00:00+00:00,-1.008e-05,6.330666666666666e-05,0.00018992,3
2025-09-17 00:00:00+00:00,4.937e-05,6.945666666666668e-05,0.00020837,3
2025-09-18 00:00:00+00:00,0.0001,8.677333333333332e-05,0.00026032,3
2025-09-19 00:00:00+00:00,0.0001,0.0001,0.00030000000000000003,3
2025-09-20 00:00:00+00:00,7.576e-05,6.698e-05,0.00020094,3
2025-09-21 00:00:00+00:00,0.0001,0.0001,0.00030000000000000003,3
2025-09-22 00:00:00+00:00,7.071e-05,6.777333333333334e-05,0.00020332,3
2025-09-23 00:00:00+00:00,7.452e-05,9.150666666666667e-05,0.00027452,3
2025-09-24 00:00:00+00:00,1.18e-05,7.06e-05,0.0002118,3
2025-09-25 00:00:00+00:00,-2.946e-05,1.4099999999999999e-05,4.23e-05,3
2025-09-26 00:00:00+00:00,5.35e-06,2.7413333333333334e-05,8.224e-05,3
2025-09-27 00:00:00+00:00,3.374e-05,6.692e-05,0.00020076,3
2025-09-28 00:00:00+00:00,2.74e-05,6.708e-05,0.00020124,3
2025-09-29 00:00:00+00:00,-9.45e-06,4.230333333333333e-05,0.00012691,3
2025-09-30 00:00:00+00:00,-5.74e-06,1.2950000000000001e-05,3.885e-05,3
2025-10-01 00:00:00+00:00,-3.169e-05,5.610333333333334e-05,0.00016831000000000002,3
2025-10-02 00:00:00+00:00,6.173e-05,6.851666666666666e-05,0.00020554999999999998,3
2025-10-03 00:00:00+00:00,0.0001,8.228333333333333e-05,0.00024685,3
2025-10-04 00:00:00+00:00,4.55e-05,8.183333333333333e-05,0.0002455,3
2025-10-05 00:00:00+00:00,4.881e-05,8.293666666666668e-05,0.00024881,3
2025-10-06 00:00:00+00:00,0.0001,6.439333333333333e-05,0.00019318,3
2025-10-07 00:00:00+00:00,0.0001,0.0001,0.00030000000000000003,3
2025-10-08 00:00:00+00:00,0.0001,1.9256666666666665e-05,5.777e-05,3
2025-10-09 00:00:00+00:00,2.384e-05,5.367666666666667e-05,0.00016103,3
2025-10-10 00:00:00+00:00,0.0001,0.0001,0.00030000000000000003,3
2025-10-11 00:00:00+00:00,-6.503e-05,-0.0019691166666666667,-0.00590735,3
2025-10-12 00:00:00+00:00,-7.639e-05,-3.5680000000000004e-05,-0.00010704,3
2025-10-13 00:00:00+00:00,-1e-07,3.110333333333333e-05,9.331e-05,3
2025-10-14 00:00:00+00:00,-2.367e-05,-3.9466666666666664e-06,-1.1839999999999998e-05,3
2025-10-15 00:00:00+00:00,-6.692e-05,-2.2876666666666667e-05,-6.863e-05,3
2025-10-16 00:00:00+00:00,1.493e-05,-6.398666666666666e-05,-0.00019196,3
2025-10-17 00:00:00+00:00,-7.439e-05,-2.7943333333333334e-05,-8.383e-05,3
2025-10-18 00:00:00+00:00,1.923e-05,-5.47e-06,-1.641e-05,3
2025-10-19 00:00:00+00:00,8.264e-05,3.103666666666667e-05,9.311e-05,3
2025-10-20 00:00:00+00:00,0.0001,6.577333333333334e-05,0.00019732000000000001,3
2025-10-21 00:00:00+00:00,1.721e-05,2.387333333333333e-05,7.162e-05,3
2025-10-22 00:00:00+00:00,-4.744e-05,-3.4863333333333336e-05,-0.00010459,3
2025-10-23 00:00:00+00:00,0.0001,6.0540000000000007e-05,0.00018162,3
2025-10-24 00:00:00+00:00,6.683e-05,8.237666666666668e-05,0.00024713000000000003,3
2025-10-25 00:00:00+00:00,5.052e-05,7.569666666666667e-05,0.00022709,3
2025-10-26 00:00:00+00:00,0.0001,4.4890000000000006e-05,0.00013467,3
2025-10-27 00:00:00+00:00,7.846e-05,9.282000000000001e-05,0.00027846,3
2025-10-28 00:00:00+00:00,0.0001,3.551e-05,0.00010653,3
2025-10-29 00:00:00+00:00,3.451e-05,-5.0050000000000004e-05,-0.00015015000000000002,3
2025-10-30 00:00:00+00:00,-0.00015685,-4.542e-05,-0.00013626,3
2025-10-31 00:00:00+00:00,-1.184e-05,-5.956666666666666e-05,-0.00017869999999999998,3
2025-11-01 00:00:00+00:00,6.005e-05,7.800666666666667e-05,0.00023402,3
2025-11-02 00:00:00+00:00,-4.45e-06,4.580666666666666e-05,0.00013742,3
2025-11-03 00:00:00+00:00,-5.557e-05,-6.965333333333334e-05,-0.00020896,3
2025-11-04 00:00:00+00:00,0.0001,2.6396666666666667e-05,7.919e-05,3
2025-11-05 00:00:00+00:00,-5.045e-05,4.985e-05,0.00014955,3
2025-11-06 00:00:00+00:00,-6.557e-05,-2.415333333333333e-05,-7.246e-05,3
2025-11-07 00:00:00+00:00,2.976e-05,6.339666666666667e-05,0.00019019,3
2025-11-08 00:00:00+00:00,6.222e-05,8.569666666666667e-05,0.00025709,3
2025-11-09 00:00:00+00:00,6.797e-05,2.890666666666667e-05,8.672000000000001e-05,3
2025-11-10 00:00:00+00:00,0.0001,9.758666666666667e-05,0.00029276,3
2025-11-11 00:00:00+00:00,-3.799e-05,-1.3636666666666664e-05,-4.090999999999999e-05,3
2025-11-12 00:00:00+00:00,4.916e-05,-1.7736666666666666e-05,-5.321e-05,3
2025-11-13 00:00:00+00:00,7.508e-05,6.167333333333334e-05,0.00018502000000000001,3
2025-11-14 00:00:00+00:00,-4.809e-05,-5.350333333333333e-05,-0.00016051,3
2025-11-15 00:00:00+00:00,0.0001,3.3973333333333336e-05,0.00010192,3
2025-11-16 00:00:00+00:00,0.0001,9.539666666666667e-05,0.00028619,3
2025-11-17 00:00:00+00:00,9.394e-05,2.287e-05,6.861e-05,3
2025-11-18 00:00:00+00:00,0.0001,1.5283333333333333e-05,4.585e-05,3
2025-11-19 00:00:00+00:00,8.775e-05,8.169e-05,0.00024507,3
2025-11-20 00:00:00+00:00,0.0001,8.355666666666668e-05,0.00025067000000000004,3
2025-11-21 00:00:00+00:00,-3.385e-05,-3.3656666666666666e-05,-0.00010097,3
2025-11-22 00:00:00+00:00,-7.05e-05,-3.117e-05,-9.351e-05,3
2025-11-23 00:00:00+00:00,-3.81e-06,7.609999999999999e-06,2.2829999999999997e-05,3
2025-11-24 00:00:00+00:00,6.175e-05,1.8006666666666665e-05,5.4019999999999994e-05,3
2025-11-25 00:00:00+00:00,-2.84e-06,3.044333333333333e-05,9.133e-05,3
2025-11-26 00:00:00+00:00,1.358e-05,5.7216666666666664e-05,0.00017165,3
2025-11-27 00:00:00+00:00,3.135e-05,7.083000000000001e-05,0.00021249000000000002,3
2025-11-28 00:00:00+00:00,5.067e-05,4.981666666666667e-05,0.00014945,3
2025-11-29 00:00:00+00:00,9.139e-05,2.5893333333333335e-05,7.768e-05,3
2025-11-30 00:00:00+00:00,5.784e-05,6.288333333333333e-05,0.00018865,3
2025-12-01 00:00:00+00:00,-6.124e-05,-8.066666666666667e-05,-0.000242,3
2025-12-02 00:00:00+00:00,6.734e-05,7.086666666666668e-06,2.1260000000000003e-05,3
2025-12-03 00:00:00+00:00,0.0001,8.496666666666667e-05,0.0002549,3
2025-12-04 00:00:00+00:00,0.0001,8.540666666666668e-05,0.00025622000000000004,3
2025-12-05 00:00:00+00:00,-1.238e-05,2.2939999999999997e-05,6.882e-05,3
2025-12-06 00:00:00+00:00,-2.811e-05,-2.876e-05,-8.628e-05,3
2025-12-07 00:00:00+00:00,-5.848e-05,-3.6466666666666668e-06,-1.094e-05,3
2025-12-08 00:00:00+00:00,0.0001,4.9130000000000006e-05,0.00014739,3
2025-12-09 00:00:00+00:00,9.26e-05,7.876333333333334e-05,0.00023629,3
2025-12-10 00:00:00+00:00,2.732e-05,5.028666666666667e-05,0.00015086,3
2025-12-11 00:00:00+00:00,-3.173e-05,-2.1603333333333334e-05,-6.481e-05,3
2025-12-12 00:00:00+00:00,6.131e-05,3.0483333333333333e-05,9.145e-05,3
2025-12-13 00:00:00+00:00,0.0001,-2.305e-05,-6.915e-05,3
2025-12-14 00:00:00+00:00,-0.00010234,-5.3509999999999994e-05,-0.00016052999999999998,3
2025-12-15 00:00:00+00:00,-4.713e-05,8.220000000000001e-06,2.4660000000000004e-05,3
2025-12-16 00:00:00+00:00,6e-07,-4.418666666666666e-05,-0.00013256,3
2025-12-17 00:00:00+00:00,0.0001,4.921666666666667e-05,0.00014765,3
2025-12-18 00:00:00+00:00,8.071e-05,-5.476666666666668e-06,-1.6430000000000004e-05,3
2025-12-19 00:00:00+00:00,7.411e-05,3.8809999999999996e-05,0.00011643,3
2025-12-20 00:00:00+00:00,6.919e-05,5.146333333333334e-05,0.00015439000000000002,3
2025-12-21 00:00:00+00:00,-6.414e-05,2.8633333333333332e-05,8.59e-05,3
2025-12-22 00:00:00+00:00,6.354e-05,2.078333333333333e-05,6.235e-05,3
2025-12-23 00:00:00+00:00,6.011e-05,1.4866666666666666e-05,4.46e-05,3
2025-12-24 00:00:00+00:00,7.209e-05,2.2073333333333334e-05,6.622e-05,3
2025-12-25 00:00:00+00:00,-8.8e-07,6.637333333333333e-05,0.00019912,3
2025-12-26 00:00:00+00:00,-3.32e-05,2.565666666666667e-05,7.697000000000002e-05,3
2025-12-27 00:00:00+00:00,7.065e-05,3.9916666666666663e-05,0.00011975,3
2025-12-28 00:00:00+00:00,0.0001,9.552333333333333e-05,0.00028657,3
2025-12-29 00:00:00+00:00,-2.631e-05,3.1893333333333335e-05,9.568e-05,3
2025-12-30 00:00:00+00:00,1.524e-05,-8.79e-06,-2.6370000000000003e-05,3
2025-12-31 00:00:00+00:00,3.804e-05,2.4326666666666665e-05,7.298e-05,3
2026-01-01 00:00:00+00:00,2.638e-05,2.5883333333333333e-05,7.765e-05,3
2026-01-02 00:00:00+00:00,0.0001,4.055e-05,0.00012165,3
2026-01-03 00:00:00+00:00,5.239e-05,8.097333333333333e-05,0.00024292,3
2026-01-04 00:00:00+00:00,0.0001,8.725666666666667e-05,0.00026177000000000004,3
2026-01-05 00:00:00+00:00,0.0001,9.357666666666665e-05,0.00028073,3
2026-01-06 00:00:00+00:00,0.0001,7.269666666666666e-05,0.00021809,3
2026-01-07 00:00:00+00:00,-4.172e-05,3.619e-05,0.00010857,3
2026-01-08 00:00:00+00:00,7.722e-05,3.146666666666666e-05,9.439999999999999e-05,3
2026-01-09 00:00:00+00:00,8.308e-05,6.447666666666667e-05,0.00019343,3
2026-01-10 00:00:00+00:00,7.003e-05,6.550666666666666e-05,0.00019652,3
2026-01-11 00:00:00+00:00,2.86e-05,5.55e-05,0.0001665,3
2026-01-12 00:00:00+00:00,2.833e-05,1.4653333333333336e-05,4.3960000000000006e-05,3
2026-01-13 00:00:00+00:00,0.0001,6.684666666666667e-05,0.00020054,3
2026-01-14 00:00:00+00:00,0.0001,0.0001,0.00030000000000000003,3
2026-01-15 00:00:00+00:00,-2.977e-05,-8.493333333333334e-06,-2.548e-05,3
2026-01-16 00:00:00+00:00,4.925e-05,2.9936666666666664e-05,8.981e-05,3
2026-01-17 00:00:00+00:00,1.147e-05,2.9106666666666667e-05,8.732e-05,3
2026-01-18 00:00:00+00:00,7.215e-05,6.0043333333333335e-05,0.00018013,3
2026-01-19 00:00:00+00:00,2.047e-05,-1.8600000000000036e-06,-5.580000000000011e-06,3
2026-01-20 00:00:00+00:00,-2.743e-05,7.166666666666682e-07,2.150000000000005e-06,3
2026-01-21 00:00:00+00:00,-2.959e-05,-1.1346666666666666e-05,-3.404e-05,3
2026-01-22 00:00:00+00:00,-2.47e-06,4.676666666666667e-05,0.0001403,3
2026-01-23 00:00:00+00:00,-5.067e-05,-1.1246666666666669e-05,-3.3740000000000006e-05,3
2026-01-24 00:00:00+00:00,4.783e-05,3.444666666666666e-05,0.00010334,3
2026-01-25 00:00:00+00:00,-4.565e-05,-2.784e-05,-8.352e-05,3
2026-01-26 00:00:00+00:00,2.483e-05,-2.9803333333333333e-05,-8.941e-05,3
2026-01-27 00:00:00+00:00,-6.846e-05,-2.756666666666669e-06,-8.270000000000007e-06,3
2026-01-28 00:00:00+00:00,2.302e-05,5.9783333333333334e-05,0.00017935,3
2026-01-29 00:00:00+00:00,-0.00011677,-2.759333333333333e-05,-8.277999999999999e-05,3
2026-01-30 00:00:00+00:00,-5.034e-05,-9.911666666666666e-05,-0.00029735,3
2026-01-31 00:00:00+00:00,-0.00010901,-5.333666666666667e-05,-0.00016001,3
2026-02-01 00:00:00+00:00,9.13e-06,-5.0910000000000006e-05,-0.00015273,3
2026-02-02 00:00:00+00:00,4.91e-06,1.3013333333333333e-05,3.904e-05,3
2026-02-03 00:00:00+00:00,-5.279e-05,-8.963666666666668e-05,-0.00026891,3
2026-02-04 00:00:00+00:00,-3.57e-05,3.2393333333333334e-05,9.718e-05,3
2026-02-05 00:00:00+00:00,-1.512e-05,4.765e-05,0.00014295,3
2026-02-06 00:00:00+00:00,2.322e-05,2.5503333333333334e-05,7.651e-05,3
2026-02-07 00:00:00+00:00,5.251e-05,1.622333333333333e-05,4.866999999999999e-05,3
2026-02-08 00:00:00+00:00,-7.731e-05,1.4489999999999997e-05,4.346999999999999e-05,3
2026-02-09 00:00:00+00:00,6.741e-05,3.233333333333331e-07,9.699999999999992e-07,3
2026-02-10 00:00:00+00:00,-2.701e-05,-2.0666666666666663e-05,-6.199999999999999e-05,3
2026-02-11 00:00:00+00:00,-4.242e-05,-4.348333333333333e-05,-0.00013045,3
2026-02-12 00:00:00+00:00,1.673e-05,-3.5079999999999996e-05,-0.00010523999999999999,3
2026-02-13 00:00:00+00:00,-6.881e-05,-5.98e-06,-1.794e-05,3
2026-02-14 00:00:00+00:00,5.428e-05,4.233333333333333e-05,0.000127,3
2026-02-15 00:00:00+00:00,5.81e-06,4.3946666666666664e-05,0.00013183999999999998,3
2026-02-16 00:00:00+00:00,-0.00011975,-0.00013003,-0.00039009,3
2026-02-17 00:00:00+00:00,1.906e-05,1.23e-06,3.6900000000000002e-06,3
2026-02-18 00:00:00+00:00,-3.507e-05,-3.425666666666667e-05,-0.00010277,3
2026-02-19 00:00:00+00:00,1.691e-05,-1.4493333333333334e-05,-4.3480000000000004e-05,3
2026-02-20 00:00:00+00:00,5.781e-05,3.441e-05,0.00010323,3
2026-02-21 00:00:00+00:00,-0.0001108,-9.426666666666664e-06,-2.8279999999999994e-05,3
2026-02-22 00:00:00+00:00,-1.605e-05,6.256666666666667e-06,1.877e-05,3
2026-02-23 00:00:00+00:00,2.263e-05,6.99999999999999e-08,2.0999999999999968e-07,3
2026-02-24 00:00:00+00:00,-7.953e-05,-3.5833333333333335e-05,-0.00010750000000000001,3
2026-02-25 00:00:00+00:00,0.0001,4.237333333333333e-05,0.00012712,3
2026-02-26 00:00:00+00:00,-1.203e-05,4.326666666666667e-05,0.0001298,3
2026-02-27 00:00:00+00:00,-6.819e-05,2.1373333333333334e-05,6.412e-05,3
2026-02-28 00:00:00+00:00,-5.291e-05,-6.055e-05,-0.00018165,3
2026-03-01 00:00:00+00:00,5.205e-05,7.299e-05,0.00021897,3
2026-03-02 00:00:00+00:00,2.736e-05,9.526666666666666e-06,2.8579999999999997e-05,3
2026-03-03 00:00:00+00:00,-7.975e-05,-4.556333333333333e-05,-0.00013669,3
2026-03-04 00:00:00+00:00,0.0001,-1.741e-05,-5.2230000000000006e-05,3
2026-03-05 00:00:00+00:00,-9.904e-05,-3.065e-05,-9.195e-05,3
2026-03-06 00:00:00+00:00,-0.0001337,-6.987e-05,-0.00020961,3
2026-03-07 00:00:00+00:00,-7.201e-05,-8.719333333333334e-05,-0.00026158,3
2026-03-08 00:00:00+00:00,-0.00012593,-9.377e-05,-0.00028131,3
2026-03-09 00:00:00+00:00,5.461e-05,3.845333333333333e-05,0.00011536000000000001,3
2026-03-10 00:00:00+00:00,0.0001,6.749e-05,0.00020247,3
2026-03-11 00:00:00+00:00,-6.02e-05,-9.623666666666666e-05,-0.00028870999999999996,3
2026-03-12 00:00:00+00:00,0.0001,2.0166666666666668e-05,6.050000000000001e-05,3
2026-03-13 00:00:00+00:00,0.0001,0.0001,0.00030000000000000003,3
2026-03-14 00:00:00+00:00,1.117e-05,-2.2749999999999997e-05,-6.824999999999999e-05,3
2026-03-15 00:00:00+00:00,-2.966e-05,-7.932e-05,-0.00023796,3
2026-03-16 00:00:00+00:00,0.0001,8.476666666666666e-05,0.0002543,3
2026-03-17 00:00:00+00:00,-5.997e-05,-1.3999999999999996e-05,-4.199999999999999e-05,3
2026-03-18 00:00:00+00:00,-1.024e-05,1.1800000000000023e-06,3.5400000000000068e-06,3
2026-03-19 00:00:00+00:00,-2.47e-05,2.0283333333333333e-05,6.085e-05,3
2026-03-20 00:00:00+00:00,-5.484e-05,-3.167666666666666e-05,-9.502999999999999e-05,3
2026-03-21 00:00:00+00:00,-5.533e-05,-2.43e-06,-7.29e-06,3
2026-03-22 00:00:00+00:00,-1.906e-05,-2.797666666666667e-05,-8.393e-05,3
2026-03-23 00:00:00+00:00,0.0001,-4.4333333333332965e-07,-1.329999999999989e-06,3
2026-03-24 00:00:00+00:00,1.318e-05,5.534e-05,0.00016602,3
2026-03-25 00:00:00+00:00,0.0001,0.0001,0.00030000000000000003,3
2026-03-26 00:00:00+00:00,-0.0001366,-4.76e-05,-0.0001428,3
2026-03-27 00:00:00+00:00,-9.004e-05,2.761e-05,8.283e-05,3
2026-03-28 00:00:00+00:00,0.0001,3.333333333333414e-08,1.0000000000000243e-07,3
2026-03-29 00:00:00+00:00,-0.00011616,-4.54e-05,-0.0001362,3
2026-03-30 00:00:00+00:00,0.0001,5.7073333333333335e-05,0.00017122,3
2026-03-31 00:00:00+00:00,-8.46e-06,6.384666666666667e-05,0.00019154,3
2026-04-01 00:00:00+00:00,0.0001,0.0001,0.00030000000000000003,3
2026-04-02 00:00:00+00:00,-2.699e-05,-1.6643333333333334e-05,-4.9930000000000005e-05,3
2026-04-03 00:00:00+00:00,0.0001,4.296e-05,0.00012888,3
2026-04-04 00:00:00+00:00,-5.815e-05,1.6986666666666668e-05,5.096000000000001e-05,3
2026-04-05 00:00:00+00:00,-2.122e-05,1.3026666666666667e-05,3.908e-05,3
2026-04-06 00:00:00+00:00,0.0001,8.305666666666667e-05,0.00024917,3
2026-04-07 00:00:00+00:00,-3.53e-06,-3.624333333333333e-05,-0.00010873,3
2026-04-08 00:00:00+00:00,0.0001,0.0001,0.00030000000000000003,3
2026-04-09 00:00:00+00:00,-3.379e-05,-2.4119999999999996e-05,-7.235999999999999e-05,3
2026-04-10 00:00:00+00:00,9.736e-05,9.912e-05,0.00029736,3
2026-04-11 00:00:00+00:00,-4.448e-05,3.9019999999999996e-05,0.00011706,3
2026-04-12 00:00:00+00:00,-0.00013591,-3.305e-05,-9.914999999999998e-05,3
2026-04-13 00:00:00+00:00,1.727e-05,-9.386666666666668e-06,-2.816e-05,3
2026-04-14 00:00:00+00:00,0.0001,0.0001,0.00030000000000000003,3
2026-04-15 00:00:00+00:00,0.0001,4.26333333333333e-06,1.2789999999999991e-05,3
2026-04-16 00:00:00+00:00,0.0001,0.0001,0.00030000000000000003,3
2026-04-17 00:00:00+00:00,0.0001,4.740666666666667e-05,0.00014222,3
2026-04-18 00:00:00+00:00,3.18e-05,4.48e-06,1.344e-05,3
2026-04-19 00:00:00+00:00,9.813e-05,8.206666666666664e-06,2.461999999999999e-05,3
2026-04-20 00:00:00+00:00,5.292e-05,6.108666666666667e-05,0.00018326,3
2026-04-21 00:00:00+00:00,0.0001,6.901333333333335e-05,0.00020704000000000002,3
2026-04-22 00:00:00+00:00,8.66e-06,2.007e-05,6.021e-05,3
2026-04-23 00:00:00+00:00,4.897e-05,-5.7456666666666675e-05,-0.00017237000000000003,3
2026-04-24 00:00:00+00:00,4.77e-05,3.111333333333333e-05,9.334e-05,3
2026-04-25 00:00:00+00:00,9.138e-05,3.291e-05,9.873e-05,3
2026-04-26 00:00:00+00:00,-9.68e-06,2.154333333333333e-05,6.463e-05,3
2026-04-27 00:00:00+00:00,-4.149e-05,-3.8893333333333336e-05,-0.00011668,3
2026-04-28 00:00:00+00:00,8.685e-05,7.820666666666667e-05,0.00023462,3
2026-04-29 00:00:00+00:00,0.0001,7.274e-05,0.00021822,3
2026-04-30 00:00:00+00:00,-3.88e-06,-1.4323333333333332e-05,-4.297e-05,3
2026-05-01 00:00:00+00:00,4.514e-05,4.2806666666666665e-05,0.00012842,3
2026-05-02 00:00:00+00:00,6.7e-07,-6.696666666666666e-06,-2.009e-05,3
2026-05-03 00:00:00+00:00,2.507e-05,-3.0056666666666666e-05,-9.017e-05,3
2026-05-04 00:00:00+00:00,-9.837e-05,-1.08e-05,-3.24e-05,3
2026-05-05 00:00:00+00:00,8.787e-05,8.224333333333334e-05,0.00024673,3
2026-05-06 00:00:00+00:00,6.15e-05,7.263666666666666e-05,0.00021790999999999998,3
2026-05-07 00:00:00+00:00,4.356e-05,5.438333333333334e-05,0.00016315,3
2026-05-08 00:00:00+00:00,0.0001,0.0001,0.00030000000000000003,3
2026-05-09 00:00:00+00:00,0.0001,4.864e-05,0.00014592,3
2026-05-10 00:00:00+00:00,7.043e-05,2.892e-05,8.676e-05,3
2026-05-11 00:00:00+00:00,1.81e-05,3.4943333333333335e-05,0.00010483000000000001,3
2026-05-12 00:00:00+00:00,1.769e-05,2.2966666666666666e-06,6.89e-06,3
2026-05-13 00:00:00+00:00,1.9e-05,6.770666666666666e-05,0.00020312,3
2026-05-14 00:00:00+00:00,0.0001,7.232666666666667e-05,0.00021698,3
2026-05-15 00:00:00+00:00,-3.946e-05,-3.031e-05,-9.093e-05,3
2026-05-16 00:00:00+00:00,2.412e-05,1.567e-05,4.701e-05,3
2026-05-17 00:00:00+00:00,4.131e-05,3.121666666666667e-05,9.365e-05,3
2026-05-18 00:00:00+00:00,-0.00010691,-7.408000000000001e-05,-0.00022224,3
2026-05-19 00:00:00+00:00,-4.88e-06,4.0503333333333336e-05,0.00012151000000000001,3
2026-05-20 00:00:00+00:00,8.653e-05,6.732e-05,0.00020196,3
2026-05-21 00:00:00+00:00,5.278e-05,1.738e-05,5.214e-05,3
2026-05-22 00:00:00+00:00,0.0001,9.213333333333333e-05,0.0002764,3
2026-05-23 00:00:00+00:00,-6.602e-05,-3.860333333333333e-05,-0.00011580999999999999,3
2026-05-24 00:00:00+00:00,6.76e-06,5.8133333333333335e-05,0.0001744,3
2026-05-25 00:00:00+00:00,8.168e-05,2.8483333333333336e-05,8.545e-05,3
2026-05-26 00:00:00+00:00,-6.113e-05,5.486666666666667e-06,1.646e-05,3
2026-05-27 00:00:00+00:00,8.058e-05,8.036666666666669e-06,2.4110000000000005e-05,3
2026-05-28 00:00:00+00:00,7.908e-05,-4.2356666666666674e-05,-0.00012707000000000001,3
2026-05-29 00:00:00+00:00,6.685e-05,8.895000000000001e-05,0.00026685,3
2026-05-30 00:00:00+00:00,3.019e-05,6.273333333333333e-05,0.0001882,3
2026-05-31 00:00:00+00:00,6.905e-05,8.078666666666666e-05,0.00024236,3
2026-06-01 00:00:00+00:00,0.0001,4.6176666666666675e-05,0.00013853000000000002,3
2026-06-02 00:00:00+00:00,-6.4e-06,4.612e-05,0.00013836,3
2026-06-03 00:00:00+00:00,3.194e-05,1.268e-05,3.804e-05,3
2026-06-04 00:00:00+00:00,4.5e-06,-3.293e-05,-9.879e-05,3
2026-06-05 00:00:00+00:00,4.782e-05,-3.936666666666668e-06,-1.1810000000000004e-05,3
2026-06-06 00:00:00+00:00,3.886e-05,4.4149999999999996e-05,0.00013245,3
2026-06-07 00:00:00+00:00,0.0001,4.5933333333333314e-06,1.3779999999999993e-05,3
2026-06-08 00:00:00+00:00,6.54e-05,3.3173333333333336e-05,9.952000000000001e-05,3
2026-06-09 00:00:00+00:00,5.4e-07,2.919e-05,8.757e-05,3
2026-06-10 00:00:00+00:00,3.829e-05,3.049666666666667e-05,9.149e-05,3
2026-06-11 00:00:00+00:00,0.0001,1.5466666666666672e-05,4.6400000000000017e-05,3
2026-06-12 00:00:00+00:00,7.254e-05,9.084666666666666e-05,0.00027254,3
2026-06-13 00:00:00+00:00,4.285e-05,-4.399666666666667e-05,-0.00013199000000000002,3
2026-06-14 00:00:00+00:00,0.0001,0.0001,0.00030000000000000003,3
2026-06-15 00:00:00+00:00,4.794e-05,5.8450000000000005e-05,0.00017535,3
2026-06-16 00:00:00+00:00,2.282e-05,-5.0146666666666665e-05,-0.00015044,3
2026-06-17 00:00:00+00:00,1.377e-05,4.0826666666666667e-05,0.00012248,3
2026-06-18 00:00:00+00:00,-5.824e-05,-2.0786666666666665e-05,-6.235999999999999e-05,3
2026-06-19 00:00:00+00:00,1.722e-05,1.6603333333333334e-05,4.981e-05,3
2026-06-20 00:00:00+00:00,3.459e-05,-1.603333333333333e-05,-4.81e-05,3
2026-06-21 00:00:00+00:00,3.438e-05,2.64e-05,7.92e-05,3
2026-06-22 00:00:00+00:00,2.12e-05,2.5663333333333336e-05,7.699e-05,3
2026-06-23 00:00:00+00:00,-6.855e-05,-8.696666666666668e-06,-2.6090000000000003e-05,3
2026-06-24 00:00:00+00:00,-6.452e-05,-6.217666666666668e-05,-0.00018653000000000002,3
2026-06-25 00:00:00+00:00,-8.1e-06,2.6616666666666662e-05,7.984999999999999e-05,3
2026-06-26 00:00:00+00:00,2.871e-05,7.623666666666667e-05,0.00022871000000000002,3
2026-06-27 00:00:00+00:00,1.057e-05,1.2636666666666669e-05,3.791000000000001e-05,3
2026-06-28 00:00:00+00:00,-4.383e-05,-2.9536666666666665e-05,-8.861e-05,3
2026-06-29 00:00:00+00:00,2.533e-05,3.272666666666667e-05,9.818000000000001e-05,3
2026-06-30 00:00:00+00:00,-1.696e-05,-2.411e-05,-7.233000000000001e-05,3
2026-07-01 00:00:00+00:00,9.373e-05,5.422e-05,0.00016266,3
2026-07-02 00:00:00+00:00,0.0001,1.48e-05,4.44e-05,3
2026-07-03 00:00:00+00:00,0.0001,6.337999999999999e-05,0.00019014,3
2026-07-04 00:00:00+00:00,0.0001,9.535000000000001e-05,0.00028605000000000004,3
2026-07-05 00:00:00+00:00,-3.048e-05,7.200000000000001e-06,2.1600000000000003e-05,3
2026-07-06 00:00:00+00:00,-6.64e-06,4.419666666666667e-05,0.00013259,3
2026-07-07 00:00:00+00:00,-3.528e-05,2.173333333333335e-06,6.520000000000005e-06,3
2026-07-08 00:00:00+00:00,3.794e-05,2.1870000000000002e-05,6.561e-05,3
2026-07-09 00:00:00+00:00,-3.038e-05,1.119e-05,3.357e-05,3
2026-07-10 00:00:00+00:00,7.493e-05,9.164333333333334e-05,0.00027493,3
2026-07-11 00:00:00+00:00,-4.6e-07,6.651333333333334e-05,0.00019954,3
2026-07-12 00:00:00+00:00,0.0001,5.068666666666667e-05,0.00015206,3
2026-07-13 00:00:00+00:00,4.099e-05,2.405e-05,7.214999999999999e-05,3
2026-07-14 00:00:00+00:00,8.526e-05,3.1286666666666666e-05,9.386e-05,3
2026-07-15 00:00:00+00:00,6.336e-05,8.182333333333334e-05,0.00024547,3
2026-07-16 00:00:00+00:00,9.209e-05,5.3213333333333334e-05,0.00015964,3
2026-07-17 00:00:00+00:00,-1.187e-05,5.990000000000002e-06,1.7970000000000006e-05,3
2026-07-18 00:00:00+00:00,-8.148e-05,9.723333333333336e-06,2.9170000000000007e-05,3
2026-07-19 00:00:00+00:00,1.063e-05,-1.2196666666666666e-05,-3.659e-05,3
2026-07-20 00:00:00+00:00,0.0001,3.4916666666666664e-05,0.00010475,3
2026-07-21 00:00:00+00:00,0.0001,6.032333333333334e-05,0.00018097000000000002,3
2026-07-22 00:00:00+00:00,0.0001,2.8213333333333333e-05,8.464e-05,3
2026-07-23 00:00:00+00:00,-4.129e-05,-1.5426666666666666e-05,-4.628e-05,3
2026-07-24 00:00:00+00:00,9.37e-06,-1.3973333333333336e-05,-4.1920000000000005e-05,3
2026-07-25 00:00:00+00:00,2.019e-05,-3.0333333333333327e-07,-9.099999999999998e-07,3
2026-07-26 00:00:00+00:00,9.873e-05,9.016666666666667e-05,0.0002705,3
2026-07-27 00:00:00+00:00,5.899e-05,5.785333333333334e-05,0.00017356,3
2026-07-28 00:00:00+00:00,-3.01e-06,2.1173333333333333e-05,6.352e-05,3
2026-07-29 00:00:00+00:00,7.147e-05,5.804666666666667e-05,0.00017414,3
2026-07-30 00:00:00+00:00,5.61e-06,3.6366666666666665e-05,0.0001091,3
2026-07-31 00:00:00+00:00,-3.02e-05,-1.929999999999998e-06,-5.789999999999994e-06,3
2026-08-01 00:00:00+00:00,5.032e-05,-1.7033333333333335e-05,-5.11e-05,3
2026-08-02 00:00:00+00:00,6.601e-05,6.44e-05,0.00019319999999999998,3
2026-08-03 00:00:00+00:00,3.728e-05,3.0423333333333337e-05,9.127000000000001e-05,3
2026-08-04 00:00:00+00:00,8.355e-05,9.451666666666668e-05,0.00028355000000000003,3
2026-08-05 00:00:00+00:00,0.0001,4.9493333333333336e-05,0.00014848000000000001,3
2026-08-06 00:00:00+00:00,-3.484e-05,1.533e-05,4.5990000000000005e-05,3
2026-08-07 00:00:00+00:00,0.0001,6.487666666666666e-05,0.00019463,3
2026-08-08 00:00:00+00:00,5.761e-05,3.501333333333333e-05,0.00010504,3
2026-08-09 00:00:00+00:00,0.0001,8.661333333333334e-05,0.00025984,3
2026-08-10 00:00:00+00:00,4.856e-05,6.567666666666667e-05,0.00019703,3
2026-08-11 00:00:00+00:00,0.0001,9.543666666666667e-05,0.00028631,3
2026-08-12 00:00:00+00:00,5.669e-05,5.6590000000000005e-05,0.00016977000000000002,3
2026-08-13 00:00:00+00:00,6.443e-05,-1.601666666666667e-05,-4.805e-05,3
2026-08-14 00:00:00+00:00,0.0001,5.3490000000000005e-05,0.00016047000000000001,3
2026-08-15 00:00:00+00:00,-3.268e-05,7.220000000000002e-06,2.1660000000000006e-05,3
2026-08-16 00:00:00+00:00,7.297e-05,8.896666666666667e-06,2.6690000000000004e-05,3
2026-08-17 00:00:00+00:00,9.45e-06,5.636e-05,0.00016908,3
2026-08-18 00:00:00+00:00,0.0001,2.0923333333333337e-05,6.277000000000001e-05,3
2026-08-19 00:00:00+00:00,0.0001,7.148e-05,0.00021444,3
2026-08-20 00:00:00+00:00,0.0001,0.0001,0.00030000000000000003,3
2026-08-21 00:00:00+00:00,0.0001,0.0001,0.00030000000000000003,3
2026-08-22 00:00:00+00:00,0.0001,0.0001,0.00030000000000000003,3
2026-08-23 00:00:00+00:00,0.0001,8.786e-05,0.00026358,3
2026-08-24 00:00:00+00:00,0.0001,0.0001,0.0001,1
