date,funding_rate_last,funding_rate_mean,funding_rate_sum,event_count
2021-10-11 00:00:00+00:00,0.0001,0.0001,0.0002,2
2021-10-12 00:00:00+00:00,0.00033078,0.00050288,0.0015086400000000001,3
2021-10-13 00:00:00+00:00,0.00038338,0.00023084666666666666,0.00069254,3
2021-10-14 00:00:00+00:00,0.001277,0.0008718333333333333,0.0026154999999999998,3
2021-10-15 00:00:00+00:00,0.00095705,0.0011258166666666665,0.0033774499999999997,3
2021-10-16 00:00:00+00:00,0.00164322,0.00133299,0.00399897,3
2021-10-17 00:00:00+00:00,0.00136344,0.0015935333333333334,0.0047806,3
2021-10-18 00:00:00+00:00,0.00094188,0.0010336533333333332,0.00310096,3
2021-10-19 00:00:00+00:00,0.00121794,0.0011747033333333334,0.00352411,3
2021-10-20 00:00:00+00:00,0.00109286,0.0010357766666666667,0.00310733,3
2021-10-21 00:00:00+00:00,0.00180119,0.0013891066666666667,0.00416732,3
2021-10-22 00:00:00+00:00,0.00165102,0.00198579,0.00595737,3
2021-10-23 00:00:00+00:00,0.00056721,0.0008888333333333334,0.0026665,3
2021-10-24 00:00:00+00:00,0.00200233,0.0013500566666666668,0.0040501700000000005,3
2021-10-25 00:00:00+00:00,0.00066127,0.0010310266666666665,0.00309308,3
2021-10-26 00:00:00+00:00,0.00185008,0.0012757833333333333,0.00382735,3
2021-10-27 00:00:00+00:00,0.00160194,0.0019850833333333335,0.0059552500000000005,3
2021-10-28 00:00:00+00:00,0.0001,0.0001,0.00030000000000000003,3
2021-10-29 00:00:00+00:00,0.00035735,0.00019037666666666666,0.00057113,3
2021-10-30 00:00:00+00:00,0.00124366,0.0009417066666666667,0.00282512,3
2021-10-31 00:00:00+00:00,0.00115717,0.0010292066666666667,0.00308762,3
2021-11-01 00:00:00+00:00,0.00068739,0.00101273,0.00303819,3
2021-11-02 00:00:00+00:00,0.00072063,0.00042386333333333334,0.00127159,3
2021-11-03 00:00:00+00:00,0.00112468,0.0012254833333333335,0.0036764500000000004,3
2021-11-04 00:00:00+00:00,0.00161844,0.0013021733333333334,0.00390652,3
2021-11-05 00:00:00+00:00,0.00132016,0.00159307,0.00477921,3
2021-11-06 00:00:00+00:00,0.00022188,0.00049517,0.00148551,3
2021-11-07 00:00:00+00:00,0.00088486,0.0007176766666666667,0.0021530300000000002,3
2021-11-08 00:00:00+00:00,0.00083293,0.00067198,0.00201594,3
2021-11-09 00:00:00+00:00,0.00213582,0.0018284666666666665,0.0054854,3
2021-11-10 00:00:00+00:00,0.0013349,0.0015053733333333333,0.00451612,3
2021-11-11 00:00:00+00:00,0.00042452,0.0008946599999999999,0.00268398,3
2021-11-12 00:00:00+00:00,0.0003802,0.00041288,0.00123864,3
2021-11-13 00:00:00+00:00,0.00028537,0.00027843666666666666,0.00083531,3
2021-11-14 00:00:00+00:00,0.00024139,0.00030727,0.00092181,3
2021-11-15 00:00:00+00:00,0.00079274,0.0005787833333333333,0.00173635,3
2021-11-16 00:00:00+00:00,0.0001455,0.0003635866666666667,0.00109076,3
2021-11-17 00:00:00+00:00,0.0001,0.0001,0.00030000000000000003,3
2021-11-18 00:00:00+00:00,0.0001,0.0001,0.00030000000000000003,3
2021-11-19 00:00:00+00:00,0.0001,0.0001,0.00030000000000000003,3
2021-11-20 00:00:00+00:00,0.0001,0.0001,0.00030000000000000003,3
2021-11-21 00:00:00+00:00,0.00015185,0.00012591333333333333,0.00037774,3
2021-11-22 00:00:00+00:00,0.00037911,0.00042722666666666665,0.0012816799999999999,3
2021-11-23 00:00:00+00:00,0.0001,0.00024545666666666666,0.00073637,3
2021-11-24 00:00:00+00:00,0.0002417,0.00014723333333333333,0.0004417,3
2021-11-25 00:00:00+00:00,0.00037037,0.00021932333333333335,0.00065797,3
2021-11-26 00:00:00+00:00,0.00080018,0.0007907633333333334,0.00237229,3
2021-11-27 00:00:00+00:00,0.00013327,0.00014685999999999999,0.00044058,3
2021-11-28 00:00:00+00:00,0.0001,0.0001,0.00030000000000000003,3
2021-11-29 00:00:00+00:00,0.0001,0.0001,0.00030000000000000003,3
2021-11-30 00:00:00+00:00,0.00014934,0.00011644666666666667,0.00034934,3
2021-12-01 00:00:00+00:00,0.00028444,0.00022389333333333334,0.00067168,3
2021-12-02 00:00:00+00:00,0.0001,0.00012106333333333334,0.00036319,3
2021-12-03 00:00:00+00:00,0.0001,0.0001,0.00030000000000000003,3
2021-12-04 00:00:00+00:00,2.851e-05,7.617000000000001e-05,0.00022851000000000002,3
2021-12-05 00:00:00+00:00,0.0001,0.0001,0.00030000000000000003,3
2021-12-06 00:00:00+00:00,0.0001,0.0001,0.00030000000000000003,3
2021-12-07 00:00:00+00:00,-0.00015638,1.4540000000000006e-05,4.362000000000002e-05,3
2021-12-08 00:00:00+00:00,0.0001,0.0001,0.00030000000000000003,3
2021-12-09 00:00:00+00:00,0.0001,0.0001,0.00030000000000000003,3
2021-12-10 00:00:00+00:00,0.0001,0.0001,0.00030000000000000003,3
2021-12-11 00:00:00+00:00,0.0001,2.6203333333333337e-05,7.861000000000001e-05,3
2021-12-12 00:00:00+00:00,0.0001,9.488333333333334e-05,0.00028465,3
2021-12-13 00:00:00+00:00,0.0001,0.0001,0.00030000000000000003,3
2021-12-14 00:00:00+00:00,0.0001,0.0001,0.00030000000000000003,3
2021-12-15 00:00:00+00:00,0.0001,0.0001,0.00030000000000000003,3
2021-12-16 00:00:00+00:00,0.0001,0.0001,0.00030000000000000003,3
2021-12-17 00:00:00+00:00,0.0001,0.0001,0.00030000000000000003,3
2021-12-18 00:00:00+00:00,0.0001,0.0001,0.00030000000000000003,3
2021-12-19 00:00:00+00:00,0.0001,0.0001,0.00030000000000000003,3
2021-12-20 00:00:00+00:00,0.0001,0.0001,0.00030000000000000003,3
2021-12-21 00:00:00+00:00,0.0001,0.0001,0.00030000000000000003,3
2021-12-22 00:00:00+00:00,0.0001,0.0001,0.00030000000000000003,3
2021-12-23 00:00:00+00:00,0.0001,0.0001,0.00030000000000000003,3
2021-12-24 00:00:00+00:00,0.0001,0.0001,0.00030000000000000003,3
2021-12-25 00:00:00+00:00,0.0001,0.0001,0.00030000000000000003,3
2021-12-26 00:00:00+00:00,0.0001,0.0001,0.00030000000000000003,3
2021-12-27 00:00:00+00:00,0.0001,0.0001,0.00030000000000000003,3
2021-12-28 00:00:00+00:00,0.0001,0.0001,0.00030000000000000003,3
2021-12-29 00:00:00+00:00,0.0001,0.0001,0.00030000000000000003,3
2021-12-30 00:00:00+00:00,0.0001,0.0001,0.00030000000000000003,3
2021-12-31 00:00:00+00:00,0.0001,0.0001,0.00030000000000000003,3
2022-01-01 00:00:00+00:00,0.0001,0.0001,0.00030000000000000003,3
2022-01-02 00:00:00+00:00,0.0001,9.543333333333334e-05,0.0002863,3
2022-01-03 00:00:00+00:00,0.0001,0.0001,0.00030000000000000003,3
2022-01-04 00:00:00+00:00,0.0001,0.0001,0.00030000000000000003,3
2022-01-05 00:00:00+00:00,0.0001,0.0001,0.00030000000000000003,3
2022-01-06 00:00:00+00:00,0.0001,0.0001,0.00030000000000000003,3
2022-01-07 00:00:00+00:00,0.0001,0.0001,0.00030000000000000003,3
2022-01-08 00:00:00+00:00,0.0001,0.0001,0.00030000000000000003,3
2022-01-09 00:00:00+00:00,0.0001,0.0001,0.00030000000000000003,3
2022-01-10 00:00:00+00:00,0.0001,0.0001,0.00030000000000000003,3
2022-01-11 00:00:00+00:00,0.0001,0.0001,0.00030000000000000003,3
2022-01-12 00:00:00+00:00,0.0001,5.485333333333334e-05,0.00016456,3
2022-01-13 00:00:00+00:00,0.0001,0.0001,0.00030000000000000003,3
2022-01-14 00:00:00+00:00,0.0001,0.0001,0.00030000000000000003,3
2022-01-15 00:00:00+00:00,-7.405e-05,-4.293666666666667e-05,-0.00012881,3
2022-01-16 00:00:00+00:00,0.0001,6.371000000000001e-05,0.00019113000000000002,3
2022-01-17 00:00:00+00:00,0.0001,0.0001,0.00030000000000000003,3
2022-01-18 00:00:00+00:00,0.0001,0.0001,0.00030000000000000003,3
2022-01-19 00:00:00+00:00,-9.27e-06,6.357666666666667e-05,0.00019073,3
2022-01-20 00:00:00+00:00,-0.0001326,-0.00010411333333333335,-0.00031234000000000004,3
2022-01-21 00:00:00+00:00,-0.00018591,-0.00026401333333333333,-0.0007920399999999999,3
2022-01-22 00:00:00+00:00,0.0001,-0.00016951,-0.00050853,3
2022-01-23 00:00:00+00:00,0.0001,-6.946333333333333e-05,-0.00020839,3
2022-01-24 00:00:00+00:00,0.0001,7.225333333333333e-05,0.00021676,3
2022-01-25 00:00:00+00:00,0.0001,1.6570000000000002e-05,4.971000000000001e-05,3
2022-01-26 00:00:00+00:00,0.0001,0.0001,0.00030000000000000003,3
2022-01-27 00:00:00+00:00,3.149e-05,2.11e-05,6.330000000000001e-05,3
2022-01-28 00:00:00+00:00,0.0001,0.0001,0.00030000000000000003,3
2022-01-29 00:00:00+00:00,0.0001,0.0001,0.00030000000000000003,3
2022-01-30 00:00:00+00:00,0.0001,9.22e-05,0.0002766,3
2022-01-31 00:00:00+00:00,0.0001,8.472666666666667e-05,0.00025418,3
2022-02-01 00:00:00+00:00,0.0001,9.787333333333334e-05,0.00029362,3
2022-02-02 00:00:00+00:00,-1.632e-05,6.122666666666667e-05,0.00018368,3
2022-02-03 00:00:00+00:00,-4.877e-05,-0.00010154,-0.00030461999999999997,3
2022-02-04 00:00:00+00:00,7.146e-05,7.506666666666667e-06,2.252e-05,3
2022-02-05 00:00:00+00:00,0.0001,0.0001,0.00030000000000000003,3
2022-02-06 00:00:00+00:00,0.0001,7.942666666666666e-05,0.00023828,3
2022-02-07 00:00:00+00:00,-1.385e-05,-7.716666666666665e-06,-2.3149999999999993e-05,3
2022-02-08 00:00:00+00:00,0.0001,5.721333333333334e-05,0.00017164,3
2022-02-09 00:00:00+00:00,4.919e-05,8.306333333333333e-05,0.00024919,3
2022-02-10 00:00:00+00:00,0.0001,-4.916666666666669e-06,-1.4750000000000006e-05,3
2022-02-11 00:00:00+00:00,-0.00010673,-0.00011131333333333334,-0.00033394,3
2022-02-12 00:00:00+00:00,8.056e-05,-0.0001800166666666667,-0.00054005,3
2022-02-13 00:00:00+00:00,-9.986e-05,-7.369e-05,-0.00022107,3
2022-02-14 00:00:00+00:00,-3.744e-05,-0.00010727000000000001,-0.00032181,3
2022-02-15 00:00:00+00:00,0.0001,-0.00018595666666666667,-0.00055787,3
2022-02-16 00:00:00+00:00,0.0001,8.183333333333333e-05,0.0002455,3
2022-02-17 00:00:00+00:00,0.0001,0.0001,0.00030000000000000003,3
2022-02-18 00:00:00+00:00,-0.00016128,-0.00018218666666666665,-0.00054656,3
2022-02-19 00:00:00+00:00,0.0001,5.617333333333334e-05,0.00016852000000000002,3
2022-02-20 00:00:00+00:00,0.0001,7.607666666666666e-05,0.00022823,3
2022-02-21 00:00:00+00:00,0.0001,2.869333333333334e-05,8.608000000000002e-05,3
2022-02-22 00:00:00+00:00,-5.484e-05,-7.354666666666666e-05,-0.00022063999999999997,3
2022-02-23 00:00:00+00:00,0.0001,0.0001,0.00030000000000000003,3
2022-02-24 00:00:00+00:00,9.155e-05,9.718333333333334e-05,0.00029155,3
2022-02-25 00:00:00+00:00,0.0001,0.0001,0.00030000000000000003,3
2022-02-26 00:00:00+00:00,7.72e-06,-1.0446666666666661e-05,-3.133999999999998e-05,3
2022-02-27 00:00:00+00:00,-0.00027838,-0.00016100333333333335,-0.00048301,3
2022-02-28 00:00:00+00:00,5.153e-05,-9.432e-05,-0.00028296,3
2022-03-01 00:00:00+00:00,0.0001,3.9733333333333335e-05,0.00011920000000000001,3
2022-03-02 00:00:00+00:00,0.0001,0.0001,0.00030000000000000003,3
2022-03-03 00:00:00+00:00,0.0001,0.0001,0.00030000000000000003,3
2022-03-04 00:00:00+00:00,0.0001,0.0001,0.00030000000000000003,3
2022-03-05 00:00:00+00:00,3.236e-05,7.745333333333334e-05,0.00023236,3
2022-03-06 00:00:00+00:00,0.0001,9.078333333333332e-05,0.00027235,3
2022-03-07 00:00:00+00:00,0.0001,0.0001,0.00030000000000000003,3
2022-03-08 00:00:00+00:00,0.0001,6.980333333333333e-05,0.00020941,3
2022-03-09 00:00:00+00:00,4.001e-05,8.000333333333333e-05,0.00024001,3
2022-03-10 00:00:00+00:00,0.0001,9.762000000000002e-05,0.00029286000000000004,3
2022-03-11 00:00:00+00:00,0.0001,0.0001,0.00030000000000000003,3
2022-03-12 00:00:00+00:00,0.0001,0.0001,0.00030000000000000003,3
2022-03-13 00:00:00+00:00,0.0001,0.0001,0.00030000000000000003,3
2022-03-14 00:00:00+00:00,0.0001,0.0001,0.00030000000000000003,3
2022-03-15 00:00:00+00:00,0.0001,0.0001,0.00030000000000000003,3
2022-03-16 00:00:00+00:00,0.0001,0.0001,0.00030000000000000003,3
2022-03-17 00:00:00+00:00,0.0001,0.0001,0.00030000000000000003,3
2022-03-18 00:00:00+00:00,0.0001,0.0001,0.00030000000000000003,3
2022-03-19 00:00:00+00:00,0.0001,8.766999999999999e-05,0.00026301,3
2022-03-20 00:00:00+00:00,-6.135e-05,-6.2633333333333315e-06,-1.8789999999999995e-05,3
2022-03-21 00:00:00+00:00,0.0001,0.0001,0.00030000000000000003,3
2022-03-22 00:00:00+00:00,3.199e-05,-0.00012828666666666667,-0.00038486,3
2022-03-23 00:00:00+00:00,0.0001,0.0001,0.00030000000000000003,3
2022-03-24 00:00:00+00:00,0.0001,0.0001,0.00030000000000000003,3
2022-03-25 00:00:00+00:00,0.0001,0.0001,0.00030000000000000003,3
2022-03-26 00:00:00+00:00,0.0001,0.0001,0.00030000000000000003,3
2022-03-27 00:00:00+00:00,0.0001,0.0001,0.00030000000000000003,3
2022-03-28 00:00:00+00:00,0.0001,0.0001,0.00030000000000000003,3
2022-03-29 00:00:00+00:00,0.0001,0.0001,0.00030000000000000003,3
2022-03-30 00:00:00+00:00,0.0001,0.0001,0.00030000000000000003,3
2022-03-31 00:00:00+00:00,0.0001,0.0001,0.00030000000000000003,3
2022-04-01 00:00:00+00:00,0.0001,0.0001,0.00030000000000000003,3
2022-04-02 00:00:00+00:00,0.0001,0.0001,0.00030000000000000003,3
2022-04-03 00:00:00+00:00,0.0001,0.0001,0.00030000000000000003,3
2022-04-04 00:00:00+00:00,0.0001,0.0001,0.00030000000000000003,3
2022-04-05 00:00:00+00:00,-3.016e-05,5.6613333333333336e-05,0.00016984000000000001,3
2022-04-06 00:00:00+00:00,0.0001,0.0001,0.00030000000000000003,3
2022-04-07 00:00:00+00:00,0.0001,0.0001,0.00030000000000000003,3
2022-04-08 00:00:00+00:00,0.0001,0.0001,0.00030000000000000003,3
2022-04-09 00:00:00+00:00,0.0001,0.0001,0.00030000000000000003,3
2022-04-10 00:00:00+00:00,0.0001,0.0001,0.00030000000000000003,3
2022-04-11 00:00:00+00:00,0.0001,0.0001,0.00030000000000000003,3
2022-04-12 00:00:00+00:00,0.0001,0.0001,0.00030000000000000003,3
2022-04-13 00:00:00+00:00,0.0001,0.0001,0.00030000000000000003,3
2022-04-14 00:00:00+00:00,0.0001,0.0001,0.00030000000000000003,3
2022-04-15 00:00:00+00:00,0.0001,0.0001,0.00030000000000000003,3
2022-04-16 00:00:00+00:00,0.0001,0.0001,0.00030000000000000003,3
2022-04-17 00:00:00+00:00,0.0001,0.0001,0.00030000000000000003,3
2022-04-18 00:00:00+00:00,0.0001,0.0001,0.00030000000000000003,3
2022-04-19 00:00:00+00:00,0.0001,0.0001,0.00030000000000000003,3
2022-04-20 00:00:00+00:00,0.0001,0.0001,0.00030000000000000003,3
2022-04-21 00:00:00+00:00,0.0001,0.0001,0.00030000000000000003,3
2022-04-22 00:00:00+00:00,0.0001,0.0001,0.00030000000000000003,3
2022-04-23 00:00:00+00:00,0.0001,0.0001,0.00030000000000000003,3
2022-04-24 00:00:00+00:00,0.0001,0.0001,0.00030000000000000003,3
2022-04-25 00:00:00+00:00,0.0001,0.0001,0.00030000000000000003,3
2022-04-26 00:00:00+00:00,0.0001,0.0001,0.00030000000000000003,3
2022-04-27 00:00:00+00:00,0.0001,0.0001,0.00030000000000000003,3
2022-04-28 00:00:00+00:00,0.0001,0.0001,0.00030000000000000003,3
2022-04-29 00:00:00+00:00,0.0001,0.0001,0.00030000000000000003,3
2022-04-30 00:00:00+00:00,0.0001,0.0001,0.00030000000000000003,3
2022-05-01 00:00:00+00:00,0.0001,0.0001,0.00030000000000000003,3
2022-05-02 00:00:00+00:00,0.0001,0.0001,0.00030000000000000003,3
2022-05-03 00:00:00+00:00,0.0001,0.0001,0.00030000000000000003,3
2022-05-04 00:00:00+00:00,0.0001,0.0001,0.00030000000000000003,3
2022-05-05 00:00:00+00:00,0.0001,0.0001,0.00030000000000000003,3
2022-05-06 00:00:00+00:00,0.0001,0.0001,0.00030000000000000003,3
2022-05-07 00:00:00+00:00,0.0001,0.0001,0.00030000000000000003,3
2022-05-08 00:00:00+00:00,0.0001,0.0001,0.00030000000000000003,3
2022-05-09 00:00:00+00:00,0.0001,0.0001,0.00030000000000000003,3
2022-05-10 00:00:00+00:00,0.0001,0.0001,0.00030000000000000003,3
2022-05-11 00:00:00+00:00,0.0001,7.616e-05,0.00022848,3
2022-05-12 00:00:00+00:00,-0.00057576,-0.0005136966666666667,-0.00154109,3
2022-05-13 00:00:00+00:00,-0.0002054,-0.0003555066666666667,-0.00106652,3
2022-05-14 00:00:00+00:00,7.115e-05,-1.877e-05,-5.631000000000001e-05,3
2022-05-15 00:00:00+00:00,-0.00018572,-8.993333333333333e-05,-0.0002698,3
2022-05-16 00:00:00+00:00,-0.00042569,-0.00023561333333333334,-0.00070684,3
2022-05-17 00:00:00+00:00,-0.00038917,-0.0001817133333333333,-0.00054514,3
2022-05-18 00:00:00+00:00,0.0001,-9.002e-05,-0.00027005999999999997,3
2022-05-19 00:00:00+00:00,-2.853e-05,-0.00020679000000000002,-0.0006203700000000001,3
2022-05-20 00:00:00+00:00,-6.522e-05,-4.682666666666667e-05,-0.00014048,3
2022-05-21 00:00:00+00:00,0.0001,0.0001,0.00030000000000000003,3
2022-05-22 00:00:00+00:00,-0.00012302,-8.309999999999998e-06,-2.4929999999999993e-05,3
2022-05-23 00:00:00+00:00,5.21e-05,-0.00013345666666666667,-0.00040037,3
2022-05-24 00:00:00+00:00,-2.77e-05,-8.966999999999999e-05,-0.00026901,3
2022-05-25 00:00:00+00:00,-2.431e-05,-6.735666666666666e-05,-0.00020207,3
2022-05-26 00:00:00+00:00,-8.414e-05,-0.00017829666666666666,-0.00053489,3
2022-05-27 00:00:00+00:00,-1.121e-05,-4.7486666666666674e-05,-0.00014246000000000002,3
2022-05-28 00:00:00+00:00,1.94e-05,-1.145333333333333e-05,-3.435999999999999e-05,3
2022-05-29 00:00:00+00:00,6.589e-05,-4.8389999999999996e-05,-0.00014517,3
2022-05-30 00:00:00+00:00,5.653e-05,3.992333333333333e-05,0.00011977,3
2022-05-31 00:00:00+00:00,-0.00010207,-4.2376666666666664e-05,-0.00012712999999999998,3
2022-06-01 00:00:00+00:00,0.0001,7.975333333333334e-05,0.00023926,3
2022-06-02 00:00:00+00:00,0.0001,9.731666666666667e-05,0.00029195,3
2022-06-03 00:00:00+00:00,0.0001,0.0001,0.00030000000000000003,3
2022-06-04 00:00:00+00:00,-3.107e-05,5.353333333333333e-05,0.0001606,3
2022-06-05 00:00:00+00:00,0.0001,6.344666666666667e-05,0.00019034,3
2022-06-06 00:00:00+00:00,0.0001,0.0001,0.00030000000000000003,3
2022-06-07 00:00:00+00:00,0.0001,0.0001,0.00030000000000000003,3
2022-06-08 00:00:00+00:00,0.0001,9.348333333333333e-05,0.00028045,3
2022-06-09 00:00:00+00:00,0.0001,0.0001,0.00030000000000000003,3
2022-06-10 00:00:00+00:00,0.0001,0.0001,0.00030000000000000003,3
2022-06-11 00:00:00+00:00,0.0001,0.0001,0.00030000000000000003,3
2022-06-12 00:00:00+00:00,2.128e-05,7.376000000000001e-05,0.00022128000000000002,3
2022-06-13 00:00:00+00:00,0.0001,0.0001,0.00030000000000000003,3
2022-06-14 00:00:00+00:00,-1.535e-05,6.155e-05,0.00018465000000000002,3
2022-06-15 00:00:00+00:00,-5.186e-05,2.9033333333333335e-05,8.71e-05,3
2022-06-16 00:00:00+00:00,-1.64e-05,-8.976333333333335e-05,-0.00026929000000000005,3
2022-06-17 00:00:00+00:00,-0.00014848,-3.323666666666666e-05,-9.970999999999998e-05,3
2022-06-18 00:00:00+00:00,0.0001,0.0001,0.00030000000000000003,3
2022-06-19 00:00:00+00:00,-0.00023237,-5.327e-05,-0.00015981,3
2022-06-20 00:00:00+00:00,7.406e-05,2.091333333333334e-05,6.274000000000001e-05,3
2022-06-21 00:00:00+00:00,-0.00022011,-0.00020098666666666667,-0.00060296,3
2022-06-22 00:00:00+00:00,4.198e-05,2.926666666666667e-06,8.78e-06,3
2022-06-23 00:00:00+00:00,-0.00012464,-0.00012433,-0.00037299,3
2022-06-24 00:00:00+00:00,-0.00024225,-9.990666666666667e-05,-0.00029972,3
2022-06-25 00:00:00+00:00,4.496e-05,-3.991666666666667e-05,-0.00011975000000000001,3
2022-06-26 00:00:00+00:00,8e-07,-5.4569999999999994e-05,-0.00016371,3
2022-06-27 00:00:00+00:00,0.0001,3.7653333333333334e-05,0.00011296,3
2022-06-28 00:00:00+00:00,-0.00017771,7.430000000000002e-06,2.2290000000000005e-05,3
2022-06-29 00:00:00+00:00,-6.397e-05,-0.00014604333333333335,-0.00043813,3
2022-06-30 00:00:00+00:00,0.0001,-1.1806666666666665e-05,-3.5419999999999996e-05,3
2022-07-01 00:00:00+00:00,0.0001,0.0001,0.00030000000000000003,3
2022-07-02 00:00:00+00:00,0.0001,0.0001,0.00030000000000000003,3
2022-07-03 00:00:00+00:00,-3.563e-05,5.479e-05,0.00016437,3
2022-07-04 00:00:00+00:00,-0.00042691,-0.00023892333333333334,-0.00071677,3
2022-07-05 00:00:00+00:00,-0.00033199,-0.0006674766666666666,-0.00200243,3
2022-07-06 00:00:00+00:00,0.0001,8.591666666666666e-05,0.00025775,3
2022-07-07 00:00:00+00:00,-0.00018055,6.483333333333337e-06,1.9450000000000012e-05,3
2022-07-08 00:00:00+00:00,-8.132e-05,-3.203e-05,-9.609000000000001e-05,3
2022-07-09 00:00:00+00:00,-0.00011873,-0.00022908,-0.00068724,3
2022-07-10 00:00:00+00:00,-5.644e-05,1.2523333333333334e-05,3.757e-05,3
2022-07-11 00:00:00+00:00,0.0001,0.0001,0.00030000000000000003,3
2022-07-12 00:00:00+00:00,0.0001,0.0001,0.00030000000000000003,3
2022-07-13 00:00:00+00:00,0.0001,0.0001,0.00030000000000000003,3
2022-07-14 00:00:00+00:00,0.0001,0.0001,0.00030000000000000003,3
2022-07-15 00:00:00+00:00,-0.00018421,-8.794333333333333e-05,-0.00026383,3
2022-07-16 00:00:00+00:00,0.0001,9.932e-05,0.00029796,3
2022-07-17 00:00:00+00:00,0.0001,0.0001,0.00030000000000000003,3
2022-07-18 00:00:00+00:00,0.0001,0.0001,0.00030000000000000003,3
2022-07-19 00:00:00+00:00,0.0001,0.0001,0.00030000000000000003,3
2022-07-20 00:00:00+00:00,0.0001,0.0001,0.00030000000000000003,3
2022-07-21 00:00:00+00:00,0.0001,0.0001,0.00030000000000000003,3
2022-07-22 00:00:00+00:00,0.0001,0.0001,0.00030000000000000003,3
2022-07-23 00:00:00+00:00,0.0001,0.0001,0.00030000000000000003,3
2022-07-24 00:00:00+00:00,0.0001,0.0001,0.00030000000000000003,3
2022-07-25 00:00:00+00:00,0.0001,0.0001,0.00030000000000000003,3
2022-07-26 00:00:00+00:00,0.0001,0.0001,0.00030000000000000003,3
2022-07-27 00:00:00+00:00,-6.49e-06,4.457666666666667e-05,0.00013373,3
2022-07-28 00:00:00+00:00,-0.00010673,-2.8310000000000002e-05,-8.493e-05,3
2022-07-29 00:00:00+00:00,2.475e-05,-3.919e-05,-0.00011757,3
2022-07-30 00:00:00+00:00,0.0001,9.858333333333334e-05,0.00029575,3
2022-07-31 00:00:00+00:00,5.314e-05,2.9780000000000003e-05,8.934000000000001e-05,3
2022-08-01 00:00:00+00:00,-9.991e-05,-3.829666666666666e-05,-0.00011488999999999999,3
2022-08-02 00:00:00+00:00,-8.266e-05,3.413333333333337e-06,1.024000000000001e-05,3
2022-08-03 00:00:00+00:00,-0.00010977,-6.177333333333333e-05,-0.00018532,3
2022-08-04 00:00:00+00:00,0.0001,1.2333333333333363e-06,3.7000000000000086e-06,3
2022-08-05 00:00:00+00:00,0.0001,0.0001,0.00030000000000000003,3
2022-08-06 00:00:00+00:00,0.0001,0.0001,0.00030000000000000003,3
2022-08-07 00:00:00+00:00,0.0001,0.0001,0.00030000000000000003,3
2022-08-08 00:00:00+00:00,0.0001,0.0001,0.00030000000000000003,3
2022-08-09 00:00:00+00:00,0.0001,0.0001,0.00030000000000000003,3
2022-08-10 00:00:00+00:00,0.0001,0.0001,0.00030000000000000003,3
2022-08-11 00:00:00+00:00,0.0001,0.0001,0.00030000000000000003,3
2022-08-12 00:00:00+00:00,0.0001,0.0001,0.00030000000000000003,3
2022-08-13 00:00:00+00:00,0.0001,0.0001,0.00030000000000000003,3
2022-08-14 00:00:00+00:00,0.0001,0.0001,0.00030000000000000003,3
2022-08-15 00:00:00+00:00,0.0001,0.0001,0.00030000000000000003,3
2022-08-16 00:00:00+00:00,0.0001,0.0001,0.00030000000000000003,3
2022-08-17 00:00:00+00:00,0.0001,0.0001,0.00030000000000000003,3
2022-08-18 00:00:00+00:00,0.0001,0.0001,0.00030000000000000003,3
2022-08-19 00:00:00+00:00,0.0001,0.0001,0.00030000000000000003,3
2022-08-20 00:00:00+00:00,0.0001,8.628e-05,0.00025884,3
2022-08-21 00:00:00+00:00,-0.00010888,3.0373333333333336e-05,9.112000000000001e-05,3
2022-08-22 00:00:00+00:00,0.0001,-2.0216666666666666e-05,-6.065e-05,3
2022-08-23 00:00:00+00:00,-0.00014853,-9.771333333333334e-05,-0.00029314,3
2022-08-24 00:00:00+00:00,0.0001,3.252666666666667e-05,9.758e-05,3
2022-08-25 00:00:00+00:00,0.0001,6.759666666666666e-05,0.00020279,3
2022-08-26 00:00:00+00:00,-7.898e-05,-0.00012905333333333333,-0.00038716,3
2022-08-27 00:00:00+00:00,-0.0001114,-0.00013068000000000002,-0.00039204,3
2022-08-28 00:00:00+00:00,0.0001,0.0001,0.00030000000000000003,3
2022-08-29 00:00:00+00:00,0.0001,0.0001,0.00030000000000000003,3
2022-08-30 00:00:00+00:00,-1.11e-06,6.629666666666667e-05,0.00019889000000000002,3
2022-08-31 00:00:00+00:00,6.018e-05,8.672666666666666e-05,0.00026018,3
2022-09-01 00:00:00+00:00,0.0001,0.0001,0.00030000000000000003,3
2022-09-02 00:00:00+00:00,0.0001,0.0001,0.00030000000000000003,3
2022-09-03 00:00:00+00:00,0.0001,0.0001,0.00030000000000000003,3
2022-09-04 00:00:00+00:00,0.0001,0.0001,0.00030000000000000003,3
2022-09-05 00:00:00+00:00,0.0001,0.0001,0.00030000000000000003,3
2022-09-06 00:00:00+00:00,0.0001,0.0001,0.00030000000000000003,3
2022-09-07 00:00:00+00:00,0.0001,0.0001,0.00030000000000000003,3
2022-09-08 00:00:00+00:00,0.0001,0.0001,0.00030000000000000003,3
2022-09-09 00:00:00+00:00,0.0001,0.0001,0.00030000000000000003,3
2022-09-10 00:00:00+00:00,0.0001,0.0001,0.00030000000000000003,3
2022-09-11 00:00:00+00:00,0.0001,0.0001,0.00030000000000000003,3
2022-09-12 00:00:00+00:00,0.0001,0.0001,0.00030000000000000003,3
2022-09-13 00:00:00+00:00,0.0001,0.0001,0.00030000000000000003,3
2022-09-14 00:00:00+00:00,0.0001,0.0001,0.00030000000000000003,3
2022-09-15 00:00:00+00:00,0.0001,0.0001,0.00030000000000000003,3
2022-09-16 00:00:00+00:00,0.0001,0.0001,0.00030000000000000003,3
2022-09-17 00:00:00+00:00,0.0001,0.0001,0.00030000000000000003,3
2022-09-18 00:00:00+00:00,0.0001,0.0001,0.00030000000000000003,3
2022-09-19 00:00:00+00:00,0.0001,0.0001,0.00030000000000000003,3
2022-09-20 00:00:00+00:00,0.0001,0.0001,0.00030000000000000003,3
2022-09-21 00:00:00+00:00,0.0001,0.0001,0.00030000000000000003,3
2022-09-22 00:00:00+00:00,0.0001,9.340333333333335e-05,0.00028021000000000003,3
2022-09-23 00:00:00+00:00,0.0001,0.0001,0.00030000000000000003,3
2022-09-24 00:00:00+00:00,0.0001,0.0001,0.00030000000000000003,3
2022-09-25 00:00:00+00:00,0.0001,0.0001,0.00030000000000000003,3
2022-09-26 00:00:00+00:00,0.0001,0.0001,0.00030000000000000003,3
2022-09-27 00:00:00+00:00,0.0001,0.0001,0.00030000000000000003,3
2022-09-28 00:00:00+00:00,0.0001,0.0001,0.00030000000000000003,3
2022-09-29 00:00:00+00:00,0.0001,0.0001,0.00030000000000000003,3
2022-09-30 00:00:00+00:00,0.0001,0.0001,0.00030000000000000003,3
2022-10-01 00:00:00+00:00,0.0001,0.0001,0.00030000000000000003,3
2022-10-02 00:00:00+00:00,0.0001,0.0001,0.00030000000000000003,3
2022-10-03 00:00:00+00:00,0.0001,0.0001,0.00030000000000000003,3
2022-10-04 00:00:00+00:00,0.0001,0.0001,0.00030000000000000003,3
2022-10-05 00:00:00+00:00,0.0001,0.0001,0.00030000000000000003,3
2022-10-06 00:00:00+00:00,0.0001,0.0001,0.00030000000000000003,3
2022-10-07 00:00:00+00:00,0.0001,0.0001,0.00030000000000000003,3
2022-10-08 00:00:00+00:00,0.0001,0.0001,0.00030000000000000003,3
2022-10-09 00:00:00+00:00,0.0001,0.0001,0.00030000000000000003,3
2022-10-10 00:00:00+00:00,0.0001,6.765e-05,0.00020295000000000003,3
2022-10-11 00:00:00+00:00,-0.00019301,2.3300000000000044e-06,6.990000000000013e-06,3
2022-10-12 00:00:00+00:00,-6.376e-05,-6.083333333333333e-05,-0.0001825,3
2022-10-13 00:00:00+00:00,0.0001,0.0001,0.00030000000000000003,3
2022-10-14 00:00:00+00:00,0.0001,0.0001,0.00030000000000000003,3
2022-10-15 00:00:00+00:00,0.0001,5.3490000000000005e-05,0.00016047000000000001,3
2022-10-16 00:00:00+00:00,0.0001,9.507000000000001e-05,0.00028521000000000004,3
2022-10-17 00:00:00+00:00,0.0001,0.0001,0.00030000000000000003,3
2022-10-18 00:00:00+00:00,-7.936e-05,-3.723666666666666e-05,-0.00011170999999999999,3
2022-10-19 00:00:00+00:00,-1.282e-05,-5.765e-05,-0.00017295,3
2022-10-20 00:00:00+00:00,-0.0001098,-8.026333333333333e-05,-0.00024079,3
2022-10-21 00:00:00+00:00,0.0001,0.0001,0.00030000000000000003,3
2022-10-22 00:00:00+00:00,0.0001,0.0001,0.00030000000000000003,3
2022-10-23 00:00:00+00:00,0.0001,0.0001,0.00030000000000000003,3
2022-10-24 00:00:00+00:00,4.54e-05,8.18e-05,0.0002454,3
2022-10-25 00:00:00+00:00,0.0001,0.0001,0.00030000000000000003,3
2022-10-26 00:00:00+00:00,0.0001,0.0001,0.00030000000000000003,3
2022-10-27 00:00:00+00:00,0.0001,0.0001,0.00030000000000000003,3
2022-10-28 00:00:00+00:00,0.0001,9.983666666666667e-05,0.00029951,3
2022-10-29 00:00:00+00:00,0.0001,-4.6233333333333294e-06,-1.3869999999999987e-05,3
2022-10-30 00:00:00+00:00,0.0001,0.0001,0.00030000000000000003,3
2022-10-31 00:00:00+00:00,0.0001,0.0001,0.00030000000000000003,3
2022-11-01 00:00:00+00:00,8.636e-05,9.545333333333334e-05,0.00028636000000000004,3
2022-11-02 00:00:00+00:00,0.0001,6.76e-05,0.0002028,3
2022-11-03 00:00:00+00:00,7.218e-05,9.072666666666667e-05,0.00027218,3
2022-11-04 00:00:00+00:00,5.57e-06,5.656666666666669e-06,1.6970000000000005e-05,3
2022-11-05 00:00:00+00:00,0.0001,7.885666666666667e-05,0.00023657000000000002,3
2022-11-06 00:00:00+00:00,0.0001,0.0001,0.00030000000000000003,3
2022-11-07 00:00:00+00:00,0.0001,9.715666666666667e-05,0.00029147,3
2022-11-08 00:00:00+00:00,0.0001,0.0001,0.00030000000000000003,3
2022-11-09 00:00:00+00:00,-1.53e-05,-0.00017523333333333336,-0.0005257,3
2022-11-10 00:00:00+00:00,-0.00037764,-0.0002755766666666667,-0.00082673,3
2022-11-11 00:00:00+00:00,-0.00034113,-0.00014112666666666666,-0.00042338,3
2022-11-12 00:00:00+00:00,0.0001,0.0001,0.00030000000000000003,3
2022-11-13 00:00:00+00:00,-0.00344382,-0.00215523,-0.0064656900000000005,3
2022-11-14 00:00:00+00:00,7.193e-05,-0.00093069,-0.00279207,3
2022-11-15 00:00:00+00:00,-0.00018207,-0.0007099866666666668,-0.00212996,3
2022-11-16 00:00:00+00:00,0.0001,0.0001,0.00030000000000000003,3
2022-11-17 00:00:00+00:00,0.0001,0.0001,0.00030000000000000003,3
2022-11-18 00:00:00+00:00,0.0001,0.0001,0.00030000000000000003,3
2022-11-19 00:00:00+00:00,0.0001,0.0001,0.00030000000000000003,3
2022-11-20 00:00:00+00:00,0.0001,0.0001,0.00030000000000000003,3
2022-11-21 00:00:00+00:00,0.0001,0.00014844666666666666,0.00044534,3
2022-11-22 00:00:00+00:00,0.0001,0.0001,0.00030000000000000003,3
2022-11-23 00:00:00+00:00,0.0001,0.0001,0.00030000000000000003,3
2022-11-24 00:00:00+00:00,0.0001,0.0001,0.00030000000000000003,3
2022-11-25 00:00:00+00:00,0.0001,0.0001,0.00030000000000000003,3
2022-11-26 00:00:00+00:00,0.0001,0.0001,0.00030000000000000003,3
2022-11-27 00:00:00+00:00,0.0001,0.0001,0.00030000000000000003,3
2022-11-28 00:00:00+00:00,0.0001,0.0001,0.00030000000000000003,3
2022-11-29 00:00:00+00:00,0.0001,0.0001,0.00030000000000000003,3
2022-11-30 00:00:00+00:00,0.0001,0.0001,0.00030000000000000003,3
2022-12-01 00:00:00+00:00,0.0001,0.0001,0.00030000000000000003,3
2022-12-02 00:00:00+00:00,0.0001,0.0001,0.00030000000000000003,3
2022-12-03 00:00:00+00:00,0.0001,0.0001,0.00030000000000000003,3
2022-12-04 00:00:00+00:00,0.0001,0.0001,0.00030000000000000003,3
2022-12-05 00:00:00+00:00,0.0001,0.0001,0.00030000000000000003,3
2022-12-06 00:00:00+00:00,0.0001,0.0001,0.00030000000000000003,3
2022-12-07 00:00:00+00:00,0.0001,0.0001,0.00030000000000000003,3
2022-12-08 00:00:00+00:00,0.0001,0.0001,0.00030000000000000003,3
2022-12-09 00:00:00+00:00,0.0001,0.0001,0.00030000000000000003,3
2022-12-10 00:00:00+00:00,0.0001,0.0001,0.00030000000000000003,3
2022-12-11 00:00:00+00:00,0.0001,0.0001,0.00030000000000000003,3
2022-12-12 00:00:00+00:00,0.0001,0.0001,0.00030000000000000003,3
2022-12-13 00:00:00+00:00,-0.00010426,-0.00010254000000000002,-0.00030762000000000004,3
2022-12-14 00:00:00+00:00,0.0001,0.0001,0.00030000000000000003,3
2022-12-15 00:00:00+00:00,0.0001,0.0001,0.00030000000000000003,3
2022-12-16 00:00:00+00:00,0.0001,0.0001,0.00030000000000000003,3
2022-12-17 00:00:00+00:00,0.0001,0.0001,0.00030000000000000003,3
2022-12-18 00:00:00+00:00,0.0001,0.0001,0.00030000000000000003,3
2022-12-19 00:00:00+00:00,0.0001,0.0001,0.00030000000000000003,3
2022-12-20 00:00:00+00:00,0.0001,0.0001,0.00030000000000000003,3
2022-12-21 00:00:00+00:00,0.0001,0.0001,0.00030000000000000003,3
2022-12-22 00:00:00+00:00,0.0001,0.0001,0.00030000000000000003,3
2022-12-23 00:00:00+00:00,0.0001,0.0001,0.00030000000000000003,3
2022-12-24 00:00:00+00:00,0.0001,0.0001,0.00030000000000000003,3
2022-12-25 00:00:00+00:00,0.0001,0.0001,0.00030000000000000003,3
2022-12-26 00:00:00+00:00,0.0001,0.0001,0.00030000000000000003,3
2022-12-27 00:00:00+00:00,0.0001,0.0001,0.00030000000000000003,3
2022-12-28 00:00:00+00:00,0.0001,0.0001,0.00030000000000000003,3
2022-12-29 00:00:00+00:00,0.0001,0.0001,0.00030000000000000003,3
2022-12-30 00:00:00+00:00,0.0001,0.0001,0.00030000000000000003,3
2022-12-31 00:00:00+00:00,0.0001,4.550666666666667e-05,0.00013652,3
2023-01-01 00:00:00+00:00,0.0001,0.0001,0.00030000000000000003,3
2023-01-02 00:00:00+00:00,0.0001,2.1473333333333337e-05,6.442000000000001e-05,3
2023-01-03 00:00:00+00:00,-0.00021849,-6.163333333333332e-06,-1.8489999999999994e-05,3
2023-01-04 00:00:00+00:00,0.0001,0.0001,0.00030000000000000003,3
2023-01-05 00:00:00+00:00,0.0001,0.0001,0.00030000000000000003,3
2023-01-06 00:00:00+00:00,0.0001,0.0001,0.00030000000000000003,3
2023-01-07 00:00:00+00:00,0.0001,0.0001,0.00030000000000000003,3
2023-01-08 00:00:00+00:00,0.0001,0.0001,0.00030000000000000003,3
2023-01-09 00:00:00+00:00,0.0001,0.0001,0.00030000000000000003,3
2023-01-10 00:00:00+00:00,0.0001,0.0001,0.00030000000000000003,3
2023-01-11 00:00:00+00:00,0.0001,0.0001,0.00030000000000000003,3
2023-01-12 00:00:00+00:00,0.0001,0.0001,0.00030000000000000003,3
2023-01-13 00:00:00+00:00,0.0001,0.0001,0.00030000000000000003,3
2023-01-14 00:00:00+00:00,0.0001,0.0001,0.00030000000000000003,3
2023-01-15 00:00:00+00:00,0.0001,0.0001,0.00030000000000000003,3
2023-01-16 00:00:00+00:00,0.0001,0.0001,0.00030000000000000003,3
2023-01-17 00:00:00+00:00,0.0001,0.0001,0.00030000000000000003,3
2023-01-18 00:00:00+00:00,0.0001,0.0001,0.00030000000000000003,3
2023-01-19 00:00:00+00:00,0.0001,0.0001,0.00030000000000000003,3
2023-01-20 00:00:00+00:00,0.0001,0.0001,0.00030000000000000003,3
2023-01-21 00:00:00+00:00,0.0001,0.0001,0.00030000000000000003,3
2023-01-22 00:00:00+00:00,0.0001,0.0001,0.00030000000000000003,3
2023-01-23 00:00:00+00:00,0.0001,0.0001,0.00030000000000000003,3
2023-01-24 00:00:00+00:00,0.0001,0.00012631,0.00037893,3
2023-01-25 00:00:00+00:00,0.0001,0.0001,0.00030000000000000003,3
2023-01-26 00:00:00+00:00,0.0001,0.0001,0.00030000000000000003,3
2023-01-27 00:00:00+00:00,0.0001,0.0001,0.00030000000000000003,3
2023-01-28 00:00:00+00:00,0.00017107,0.00012369,0.00037107000000000004,3
2023-01-29 00:00:00+00:00,0.0001,0.0001,0.00030000000000000003,3
2023-01-30 00:00:00+00:00,0.0001,0.0001,0.00030000000000000003,3
2023-01-31 00:00:00+00:00,0.0001,0.0001,0.00030000000000000003,3
2023-02-01 00:00:00+00:00,0.0001,0.0001,0.00030000000000000003,3
2023-02-02 00:00:00+00:00,0.0002843,0.00016143333333333335,0.0004843,3
2023-02-03 00:00:00+00:00,0.0001,0.00012604,0.00037812,3
2023-02-04 00:00:00+00:00,0.0001,0.0001,0.00030000000000000003,3
2023-02-05 00:00:00+00:00,0.00012663,0.00014584,0.00043752,3
2023-02-06 00:00:00+00:00,0.0001,0.00013708,0.00041124,3
2023-02-07 00:00:00+00:00,0.0001,0.0001,0.00030000000000000003,3
2023-02-08 00:00:00+00:00,0.00018316,0.00018983333333333333,0.0005695,3
2023-02-09 00:00:00+00:00,0.0001,0.0001,0.00030000000000000003,3
2023-02-10 00:00:00+00:00,0.0001,0.0001,0.00030000000000000003,3
2023-02-11 00:00:00+00:00,0.0001,0.0001,0.00030000000000000003,3
2023-02-12 00:00:00+00:00,0.0001,0.0001,0.00030000000000000003,3
2023-02-13 00:00:00+00:00,0.0001,0.0001,0.00030000000000000003,3
2023-02-14 00:00:00+00:00,0.0001,0.0001,0.00030000000000000003,3
2023-02-15 00:00:00+00:00,0.0001,0.0001,0.00030000000000000003,3
2023-02-16 00:00:00+00:00,0.0001,0.0001,0.00030000000000000003,3
2023-02-17 00:00:00+00:00,0.0001,0.0001,0.00030000000000000003,3
2023-02-18 00:00:00+00:00,0.0001,0.0001,0.00030000000000000003,3
2023-02-19 00:00:00+00:00,0.0001,0.0001,0.00030000000000000003,3
2023-02-20 00:00:00+00:00,0.0001,0.0001,0.00030000000000000003,3
2023-02-21 00:00:00+00:00,0.0001,0.0001,0.00030000000000000003,3
2023-02-22 00:00:00+00:00,0.0001,0.00015178000000000001,0.00045534000000000004,3
2023-02-23 00:00:00+00:00,0.0001,0.0001,0.00030000000000000003,3
2023-02-24 00:00:00+00:00,0.0001,0.0001,0.00030000000000000003,3
2023-02-25 00:00:00+00:00,0.0001,0.0001,0.00030000000000000003,3
2023-02-26 00:00:00+00:00,0.0001,0.0001,0.00030000000000000003,3
2023-02-27 00:00:00+00:00,0.0001,0.0001,0.00030000000000000003,3
2023-02-28 00:00:00+00:00,0.0001,0.0001,0.00030000000000000003,3
2023-03-01 00:00:00+00:00,0.0001,0.0001,0.00030000000000000003,3
2023-03-02 00:00:00+00:00,0.0001,0.0001,0.00030000000000000003,3
2023-03-03 00:00:00+00:00,0.0001,0.0001,0.00030000000000000003,3
2023-03-04 00:00:00+00:00,0.0001,0.0001,0.00030000000000000003,3
2023-03-05 00:00:00+00:00,0.0001,0.0001,0.00030000000000000003,3
2023-03-06 00:00:00+00:00,0.0001,0.0001,0.00030000000000000003,3
2023-03-07 00:00:00+00:00,0.0001,0.0001,0.00030000000000000003,3
2023-03-08 00:00:00+00:00,0.0001,0.0001,0.00030000000000000003,3
2023-03-09 00:00:00+00:00,6.42e-06,6.880666666666667e-05,0.00020642000000000002,3
2023-03-10 00:00:00+00:00,0.0001,8.991333333333334e-05,0.00026974000000000003,3
2023-03-11 00:00:00+00:00,0.0001,0.0001,0.00030000000000000003,3
2023-03-12 00:00:00+00:00,0.0001,0.0001,0.00030000000000000003,3
2023-03-13 00:00:00+00:00,8.691e-05,9.191e-05,0.00027573,3
2023-03-14 00:00:00+00:00,0.0001,0.0001,0.00030000000000000003,3
2023-03-15 00:00:00+00:00,0.0001,0.0001,0.00030000000000000003,3
2023-03-16 00:00:00+00:00,-6.503e-05,4.943333333333331e-06,1.4829999999999992e-05,3
2023-03-17 00:00:00+00:00,0.0001,5.872666666666667e-05,0.00017618,3
2023-03-18 00:00:00+00:00,0.0001,9.887e-05,0.00029661,3
2023-03-19 00:00:00+00:00,0.0001,0.0001,0.00030000000000000003,3
2023-03-20 00:00:00+00:00,0.0001,0.0001,0.00030000000000000003,3
2023-03-21 00:00:00+00:00,0.0001,7.478333333333334e-05,0.00022435,3
2023-03-22 00:00:00+00:00,0.0001,6.873e-05,0.00020619,3
2023-03-23 00:00:00+00:00,-3.507e-05,-1.4386666666666667e-05,-4.316e-05,3
2023-03-24 00:00:00+00:00,5.133e-05,8.377666666666667e-05,0.00025133,3
2023-03-25 00:00:00+00:00,0.0001,5.1063333333333336e-05,0.00015319000000000002,3
2023-03-26 00:00:00+00:00,6.669e-05,7.812333333333334e-05,0.00023437000000000002,3
2023-03-27 00:00:00+00:00,0.0001,9.703000000000001e-05,0.00029109000000000003,3
2023-03-28 00:00:00+00:00,0.0001,8.963333333333332e-05,0.0002689,3
2023-03-29 00:00:00+00:00,0.0001,6.382000000000001e-05,0.00019146,3
2023-03-30 00:00:00+00:00,0.0001,0.0001,0.00030000000000000003,3
2023-03-31 00:00:00+00:00,0.0001,5.7493333333333334e-05,0.00017248,3
2023-04-01 00:00:00+00:00,0.0001,0.0001,0.00030000000000000003,3
2023-04-02 00:00:00+00:00,0.0001,0.0001,0.00030000000000000003,3
2023-04-03 00:00:00+00:00,-2.087e-05,5.971e-05,0.00017913,3
2023-04-04 00:00:00+00:00,0.0001,0.0001,0.00030000000000000003,3
2023-04-05 00:00:00+00:00,0.0001,0.0001,0.00030000000000000003,3
2023-04-06 00:00:00+00:00,0.0001,7.478666666666667e-05,0.00022436,3
2023-04-07 00:00:00+00:00,0.0001,0.0001,0.00030000000000000003,3
2023-04-08 00:00:00+00:00,0.0001,0.0001,0.00030000000000000003,3
2023-04-09 00:00:00+00:00,0.0001,0.0001,0.00030000000000000003,3
2023-04-10 00:00:00+00:00,0.0001,0.0001,0.00030000000000000003,3
2023-04-11 00:00:00+00:00,0.0001,0.0001,0.00030000000000000003,3
2023-04-12 00:00:00+00:00,0.0001,0.0001,0.00030000000000000003,3
2023-04-13 00:00:00+00:00,0.0001,0.0001,0.00030000000000000003,3
2023-04-14 00:00:00+00:00,0.0001,0.0001,0.00030000000000000003,3
2023-04-15 00:00:00+00:00,0.0001,0.0001,0.00030000000000000003,3
2023-04-16 00:00:00+00:00,0.00019095,0.00013164,0.00039492,3
2023-04-17 00:00:00+00:00,0.0001,0.00011565,0.00034695,3
2023-04-18 00:00:00+00:00,0.0001,0.0001,0.00030000000000000003,3
2023-04-19 00:00:00+00:00,0.0001,0.0001,0.00030000000000000003,3
2023-04-20 00:00:00+00:00,0.0001,0.0001,0.00030000000000000003,3
2023-04-21 00:00:00+00:00,0.0001,0.0001,0.00030000000000000003,3
2023-04-22 00:00:00+00:00,0.0001,0.0001,0.00030000000000000003,3
2023-04-23 00:00:00+00:00,0.0001,0.0001,0.00030000000000000003,3
2023-04-24 00:00:00+00:00,0.0001,9.854666666666667e-05,0.00029564,3
2023-04-25 00:00:00+00:00,0.0001,8.895666666666666e-05,0.00026687,3
2023-04-26 00:00:00+00:00,0.0001,9.017e-05,0.00027051,3
2023-04-27 00:00:00+00:00,0.0001,9.239666666666667e-05,0.00027719,3
2023-04-28 00:00:00+00:00,0.0001,0.0001,0.00030000000000000003,3
2023-04-29 00:00:00+00:00,0.0001,7.001333333333333e-05,0.00021004,3
2023-04-30 00:00:00+00:00,0.0001,8.335666666666667e-05,0.00025007,3
2023-05-01 00:00:00+00:00,0.0001,0.0001,0.00030000000000000003,3
2023-05-02 00:00:00+00:00,0.0001,0.0001,0.00030000000000000003,3
2023-05-03 00:00:00+00:00,0.0001,6.174e-05,0.00018522,3
2023-05-04 00:00:00+00:00,8.406e-05,4.244e-05,0.00012732,3
2023-05-05 00:00:00+00:00,0.0001,7.95e-05,0.0002385,3
2023-05-06 00:00:00+00:00,0.0001,0.0001,0.00030000000000000003,3
2023-05-07 00:00:00+00:00,0.0001,3.752333333333334e-05,0.00011257000000000001,3
2023-05-08 00:00:00+00:00,-1.61e-05,5.8973333333333333e-05,0.00017692,3
2023-05-09 00:00:00+00:00,4.644e-05,-2.1800000000000007e-06,-6.540000000000002e-06,3
2023-05-10 00:00:00+00:00,5.61e-06,6.853666666666666e-05,0.00020561,3
2023-05-11 00:00:00+00:00,0.0001,9.836333333333334e-05,0.00029509,3
2023-05-12 00:00:00+00:00,-4.334e-05,1.8546666666666666e-05,5.5639999999999996e-05,3
2023-05-13 00:00:00+00:00,5.214e-05,2.918666666666667e-05,8.756000000000001e-05,3
2023-05-14 00:00:00+00:00,-2.104e-05,1.780000000000001e-06,5.340000000000003e-06,3
2023-05-15 00:00:00+00:00,5.905e-05,1.6523333333333335e-05,4.957e-05,3
2023-05-16 00:00:00+00:00,8.699e-05,5.8506666666666673e-05,0.00017552000000000003,3
2023-05-17 00:00:00+00:00,0.0001,1.5066666666666668e-05,4.52e-05,3
2023-05-18 00:00:00+00:00,0.0001,0.0001,0.00030000000000000003,3
2023-05-19 00:00:00+00:00,0.0001,9.426666666666666e-05,0.0002828,3
2023-05-20 00:00:00+00:00,0.0001,0.0001,0.00030000000000000003,3
2023-05-21 00:00:00+00:00,0.0001,7.128666666666668e-05,0.00021386000000000002,3
2023-05-22 00:00:00+00:00,6.487e-05,8.829e-05,0.00026487,3
2023-05-23 00:00:00+00:00,0.0001,0.0001,0.00030000000000000003,3
2023-05-24 00:00:00+00:00,0.0001,0.0001,0.00030000000000000003,3
2023-05-25 00:00:00+00:00,0.0001,0.0001,0.00030000000000000003,3
2023-05-26 00:00:00+00:00,0.0001,0.0001,0.00030000000000000003,3
2023-05-27 00:00:00+00:00,0.0001,0.0001,0.00030000000000000003,3
2023-05-28 00:00:00+00:00,0.0001,0.0001,0.00030000000000000003,3
2023-05-29 00:00:00+00:00,0.0001,0.0001,0.00030000000000000003,3
2023-05-30 00:00:00+00:00,0.0001,0.0001,0.00030000000000000003,3
2023-05-31 00:00:00+00:00,0.0001,0.0001,0.00030000000000000003,3
2023-06-01 00:00:00+00:00,0.0001,0.0001,0.00030000000000000003,3
2023-06-02 00:00:00+00:00,0.0001,0.0001,0.00030000000000000003,3
2023-06-03 00:00:00+00:00,0.0001,0.0001,0.00030000000000000003,3
2023-06-04 00:00:00+00:00,0.0001,0.0001,0.00030000000000000003,3
2023-06-05 00:00:00+00:00,0.0001,0.0001,0.00030000000000000003,3
2023-06-06 00:00:00+00:00,7.718e-05,7.446666666666667e-05,0.0002234,3
2023-06-07 00:00:00+00:00,0.0001,0.0001,0.00030000000000000003,3
2023-06-08 00:00:00+00:00,0.0001,0.0001,0.00030000000000000003,3
2023-06-09 00:00:00+00:00,0.0001,0.0001,0.00030000000000000003,3
2023-06-10 00:00:00+00:00,-5.427e-05,-7.748333333333334e-05,-0.00023245,3
2023-06-11 00:00:00+00:00,0.0001,0.0001,0.00030000000000000003,3
2023-06-12 00:00:00+00:00,-0.00013356,7.173333333333332e-06,2.1519999999999997e-05,3
2023-06-13 00:00:00+00:00,7.84e-05,4.94e-05,0.0001482,3
2023-06-14 00:00:00+00:00,0.0001,5.915e-05,0.00017745,3
2023-06-15 00:00:00+00:00,7.687e-05,9.229000000000001e-05,0.00027687,3
2023-06-16 00:00:00+00:00,0.0001,1.5266666666666667e-05,4.58e-05,3
2023-06-17 00:00:00+00:00,0.0001,8.923e-05,0.00026769,3
2023-06-18 00:00:00+00:00,0.0001,5.672333333333333e-05,0.00017017,3
2023-06-19 00:00:00+00:00,-2.55e-06,6.581666666666666e-05,0.00019745,3
2023-06-20 00:00:00+00:00,7.518e-05,-5.370000000000002e-06,-1.6110000000000007e-05,3
2023-06-21 00:00:00+00:00,0.0001,6.958333333333334e-05,0.00020875,3
2023-06-22 00:00:00+00:00,0.0001,0.0001,0.00030000000000000003,3
2023-06-23 00:00:00+00:00,0.0001,0.0001,0.00030000000000000003,3
2023-06-24 00:00:00+00:00,0.0001,0.0001,0.00030000000000000003,3
2023-06-25 00:00:00+00:00,-5.154e-05,3.3933333333333336e-05,0.00010180000000000001,3
2023-06-26 00:00:00+00:00,0.0001,9.545333333333334e-05,0.00028636000000000004,3
2023-06-27 00:00:00+00:00,0.0001,-6.973333333333332e-06,-2.0919999999999996e-05,3
2023-06-28 00:00:00+00:00,0.0001,8.490333333333333e-05,0.00025471,3
2023-06-29 00:00:00+00:00,-8.221e-05,-3.87e-05,-0.0001161,3
2023-06-30 00:00:00+00:00,0.0001,4.249666666666667e-05,0.00012749000000000001,3
2023-07-01 00:00:00+00:00,-0.00011998,2.4553333333333338e-05,7.366000000000001e-05,3
2023-07-02 00:00:00+00:00,5.79e-06,6.859666666666667e-05,0.00020579000000000002,3
2023-07-03 00:00:00+00:00,0.0001,4.962e-05,0.00014886,3
2023-07-04 00:00:00+00:00,0.0001,0.0001,0.00030000000000000003,3
2023-07-05 00:00:00+00:00,0.0001,0.0001,0.00030000000000000003,3
2023-07-06 00:00:00+00:00,9.389e-05,9.796333333333333e-05,0.00029389,3
2023-07-07 00:00:00+00:00,0.0001,0.0001,0.00030000000000000003,3
2023-07-08 00:00:00+00:00,0.0001,8.112333333333334e-05,0.00024337000000000002,3
2023-07-09 00:00:00+00:00,0.0001,0.0001,0.00030000000000000003,3
2023-07-10 00:00:00+00:00,7.013e-05,6.784666666666667e-05,0.00020354,3
2023-07-11 00:00:00+00:00,0.0001,0.0001,0.00030000000000000003,3
2023-07-12 00:00:00+00:00,0.0001,0.0001,0.00030000000000000003,3
2023-07-13 00:00:00+00:00,0.0001,0.0001,0.00030000000000000003,3
2023-07-14 00:00:00+00:00,0.0001,0.0001,0.00030000000000000003,3
2023-07-15 00:00:00+00:00,0.0001,0.0001,0.00030000000000000003,3
2023-07-16 00:00:00+00:00,0.0001,0.0001,0.00030000000000000003,3
2023-07-17 00:00:00+00:00,0.0001,0.0001,0.00030000000000000003,3
2023-07-18 00:00:00+00:00,0.0001,0.0001,0.00030000000000000003,3
2023-07-19 00:00:00+00:00,9.598e-05,8.734666666666667e-05,0.00026204,3
2023-07-20 00:00:00+00:00,0.0001,8.568999999999999e-05,0.00025707,3
2023-07-21 00:00:00+00:00,0.0001,0.0001,0.00030000000000000003,3
2023-07-22 00:00:00+00:00,-1.311e-05,-9.999999999999735e-08,-2.9999999999999205e-07,3
2023-07-23 00:00:00+00:00,-1.489e-05,5.967e-05,0.00017901,3
2023-07-24 00:00:00+00:00,1.777e-05,7.259e-05,0.00021777,3
2023-07-25 00:00:00+00:00,0.0001,0.0001,0.00030000000000000003,3
2023-07-26 00:00:00+00:00,0.0001,-2.0093333333333333e-05,-6.028e-05,3
2023-07-27 00:00:00+00:00,0.0001,0.0001,0.00030000000000000003,3
2023-07-28 00:00:00+00:00,0.0001,0.0001,0.00030000000000000003,3
2023-07-29 00:00:00+00:00,0.0001,3.886333333333334e-05,0.00011659000000000001,3
2023-07-30 00:00:00+00:00,0.0001,0.0001,0.00030000000000000003,3
2023-07-31 00:00:00+00:00,9.52e-05,8.246666666666666e-05,0.0002474,3
2023-08-01 00:00:00+00:00,0.0001,4.157e-05,0.00012471,3
2023-08-02 00:00:00+00:00,-0.00013939,-0.00010602333333333335,-0.00031807000000000005,3
2023-08-03 00:00:00+00:00,0.0001,0.0001,0.00030000000000000003,3
2023-08-04 00:00:00+00:00,0.0001,0.0001,0.00030000000000000003,3
2023-08-05 00:00:00+00:00,-9.149e-05,-8.803333333333333e-06,-2.641e-05,3
2023-08-06 00:00:00+00:00,0.0001,0.0001,0.00030000000000000003,3
2023-08-07 00:00:00+00:00,0.0001,0.0001,0.00030000000000000003,3
2023-08-08 00:00:00+00:00,0.0001,0.0001,0.00030000000000000003,3
2023-08-09 00:00:00+00:00,0.0001,0.0001,0.00030000000000000003,3
2023-08-10 00:00:00+00:00,0.0001,0.0001,0.00030000000000000003,3
2023-08-11 00:00:00+00:00,0.0001,0.0001,0.00030000000000000003,3
2023-08-12 00:00:00+00:00,0.0001,0.0001,0.00030000000000000003,3
2023-08-13 00:00:00+00:00,0.0001,5.509000000000001e-05,0.00016527000000000002,3
2023-08-14 00:00:00+00:00,0.0001,0.0001,0.00030000000000000003,3
2023-08-15 00:00:00+00:00,0.0001,0.0001,0.00030000000000000003,3
2023-08-16 00:00:00+00:00,0.0001,0.0001,0.00030000000000000003,3
2023-08-17 00:00:00+00:00,0.0001,0.0001,0.00030000000000000003,3
2023-08-18 00:00:00+00:00,0.0001,0.0001,0.00030000000000000003,3
2023-08-19 00:00:00+00:00,0.0001,0.0001,0.00030000000000000003,3
2023-08-20 00:00:00+00:00,0.0001,0.0001,0.00030000000000000003,3
2023-08-21 00:00:00+00:00,0.0001,8.991666666666668e-05,0.00026975,3
2023-08-22 00:00:00+00:00,3.477e-05,7.825666666666667e-05,0.00023477,3
2023-08-23 00:00:00+00:00,-0.00014526,1.824666666666667e-05,5.474000000000001e-05,3
2023-08-24 00:00:00+00:00,-0.00010634,-7.213333333333333e-05,-0.0002164,3
2023-08-25 00:00:00+00:00,-9.807e-05,-7.336666666666666e-05,-0.00022009999999999998,3
2023-08-26 00:00:00+00:00,6.281e-05,-6.253333333333333e-05,-0.00018759999999999998,3
2023-08-27 00:00:00+00:00,-8.118e-05,-0.00011023333333333333,-0.0003307,3
2023-08-28 00:00:00+00:00,-0.00011479,-0.00015652333333333334,-0.00046957,3
2023-08-29 00:00:00+00:00,-5.52e-06,-8.123333333333333e-05,-0.0002437,3
2023-08-30 00:00:00+00:00,-1.996e-05,-7.963e-05,-0.00023888999999999998,3
2023-08-31 00:00:00+00:00,-0.00010481,3.870000000000002e-06,1.1610000000000006e-05,3
2023-09-01 00:00:00+00:00,-0.00011099,-0.00014535333333333332,-0.00043606,3
2023-09-02 00:00:00+00:00,-5.949e-05,-3.37e-05,-0.0001011,3
2023-09-03 00:00:00+00:00,-0.00018321,-3.3243333333333334e-05,-9.973000000000001e-05,3
2023-09-04 00:00:00+00:00,-3.062e-05,-9.189333333333333e-05,-0.00027568,3
2023-09-05 00:00:00+00:00,-4.383e-05,-2.129333333333333e-05,-6.387999999999999e-05,3
2023-09-06 00:00:00+00:00,2.162e-05,-9.626666666666669e-06,-2.8880000000000008e-05,3
2023-09-07 00:00:00+00:00,0.0001,7.538666666666667e-05,0.00022616000000000002,3
2023-09-08 00:00:00+00:00,8.591e-05,6.823e-05,0.00020469,3
2023-09-09 00:00:00+00:00,0.0001,0.0001,0.00030000000000000003,3
2023-09-10 00:00:00+00:00,0.0001,6.667666666666668e-05,0.00020003000000000002,3
2023-09-11 00:00:00+00:00,3.904e-05,7.968000000000001e-05,0.00023904000000000002,3
2023-09-12 00:00:00+00:00,-0.00016144,-8.506333333333333e-05,-0.00025519,3
2023-09-13 00:00:00+00:00,-3.841e-05,7.846666666666667e-06,2.354e-05,3
2023-09-14 00:00:00+00:00,-6.242e-05,1.6456666666666664e-05,4.9369999999999997e-05,3
2023-09-15 00:00:00+00:00,0.0001,4.652666666666667e-05,0.00013958000000000002,3
2023-09-16 00:00:00+00:00,0.0001,0.0001,0.00030000000000000003,3
2023-09-17 00:00:00+00:00,0.0001,9.468e-05,0.00028404,3
2023-09-18 00:00:00+00:00,7.59e-05,8.382000000000001e-05,0.00025146,3
2023-09-19 00:00:00+00:00,-3.637e-05,5.298666666666667e-05,0.00015896,3
2023-09-20 00:00:00+00:00,3.121e-05,7.707e-05,0.00023121,3
2023-09-21 00:00:00+00:00,0.0001,3.4466666666666666e-05,0.0001034,3
2023-09-22 00:00:00+00:00,-0.00016624,-8.213333333333337e-06,-2.4640000000000008e-05,3
2023-09-23 00:00:00+00:00,0.0001,5.7766666666666664e-05,0.00017329999999999998,3
2023-09-24 00:00:00+00:00,-5.422e-05,2.6870000000000002e-05,8.061e-05,3
2023-09-25 00:00:00+00:00,0.0001,0.0001,0.00030000000000000003,3
2023-09-26 00:00:00+00:00,0.0001,0.0001,0.00030000000000000003,3
2023-09-27 00:00:00+00:00,0.0001,0.0001,0.00030000000000000003,3
2023-09-28 00:00:00+00:00,0.0001,0.0001,0.00030000000000000003,3
2023-09-29 00:00:00+00:00,7.008e-05,7.335333333333333e-05,0.00022006,3
2023-09-30 00:00:00+00:00,7.541e-05,5.218333333333334e-05,0.00015655,3
2023-10-01 00:00:00+00:00,7.003e-05,9.001e-05,0.00027003,3
2023-10-02 00:00:00+00:00,-5.379e-05,2.2590000000000002e-05,6.777000000000001e-05,3
2023-10-03 00:00:00+00:00,5.262e-05,3.171e-05,9.513e-05,3
2023-10-04 00:00:00+00:00,3.024e-05,6.860333333333334e-05,0.00020581,3
2023-10-05 00:00:00+00:00,1.736e-05,4.479333333333333e-05,0.00013438,3
2023-10-06 00:00:00+00:00,0.0001,0.0001,0.00030000000000000003,3
2023-10-07 00:00:00+00:00,0.0001,0.0001,0.00030000000000000003,3
2023-10-08 00:00:00+00:00,0.0001,0.0001,0.00030000000000000003,3
2023-10-09 00:00:00+00:00,8.98e-05,4.579e-05,0.00013737,3
2023-10-10 00:00:00+00:00,2.16e-05,-1.0633333333333334e-05,-3.19e-05,3
2023-10-11 00:00:00+00:00,0.0001,0.0001,0.00030000000000000003,3
2023-10-12 00:00:00+00:00,0.0001,0.0001,0.00030000000000000003,3
2023-10-13 00:00:00+00:00,0.0001,0.0001,0.00030000000000000003,3
2023-10-14 00:00:00+00:00,0.0001,9.423333333333332e-05,0.0002827,3
2023-10-15 00:00:00+00:00,0.0001,0.0001,0.00030000000000000003,3
2023-10-16 00:00:00+00:00,-7.555e-05,4.1483333333333337e-05,0.00012445000000000002,3
2023-10-17 00:00:00+00:00,0.0001,0.0001,0.00030000000000000003,3
2023-10-18 00:00:00+00:00,-6.14e-06,3.162333333333333e-05,9.487e-05,3
2023-10-19 00:00:00+00:00,1.354e-05,3.4336666666666666e-05,0.00010301,3
2023-10-20 00:00:00+00:00,0.0001,0.0001,0.00030000000000000003,3
2023-10-21 00:00:00+00:00,0.0001,0.0001,0.00030000000000000003,3
2023-10-22 00:00:00+00:00,6.036e-05,8.678666666666667e-05,0.00026036,3
2023-10-23 00:00:00+00:00,0.0001,6.190666666666667e-05,0.00018572,3
2023-10-24 00:00:00+00:00,0.0001,0.0001,0.00030000000000000003,3
2023-10-25 00:00:00+00:00,0.0001,0.0001,0.00030000000000000003,3
2023-10-26 00:00:00+00:00,0.0001,0.0001,0.00030000000000000003,3
2023-10-27 00:00:00+00:00,0.0001,0.0001,0.00030000000000000003,3
2023-10-28 00:00:00+00:00,0.0001,0.0001,0.00030000000000000003,3
2023-10-29 00:00:00+00:00,0.0001,0.0001,0.00030000000000000003,3
2023-10-30 00:00:00+00:00,0.0001,0.0001,0.00030000000000000003,3
2023-10-31 00:00:00+00:00,0.0001,0.0001,0.00030000000000000003,3
2023-11-01 00:00:00+00:00,0.0001,0.0001,0.00030000000000000003,3
2023-11-02 00:00:00+00:00,0.0001,0.0001,0.00030000000000000003,3
2023-11-03 00:00:00+00:00,0.0001,0.0001,0.00030000000000000003,3
2023-11-04 00:00:00+00:00,0.0001,0.00010132333333333333,0.00030397,3
2023-11-05 00:00:00+00:00,0.0001,0.0001,0.00030000000000000003,3
2023-11-06 00:00:00+00:00,0.00027153,0.00023116333333333332,0.00069349,3
2023-11-07 00:00:00+00:00,0.0001,0.0002230033333333333,0.0006690099999999999,3
2023-11-08 00:00:00+00:00,0.00047788,0.00022596,0.0006778800000000001,3
2023-11-09 00:00:00+00:00,0.00072278,0.0005951366666666667,0.0017854099999999999,3
2023-11-10 00:00:00+00:00,0.0001343,0.00011143333333333335,0.00033430000000000005,3
2023-11-11 00:00:00+00:00,0.0006757,0.0005171433333333333,0.00155143,3
2023-11-12 00:00:00+00:00,0.00053306,0.0007143333333333333,0.002143,3
2023-11-13 00:00:00+00:00,0.00041523,0.0004977800000000001,0.0014933400000000001,3
2023-11-14 00:00:00+00:00,0.0001,0.00023897000000000002,0.0007169100000000001,3
2023-11-15 00:00:00+00:00,0.00043758,0.00030620666666666664,0.00091862,3
2023-11-16 00:00:00+00:00,0.00046303,0.0004142633333333334,0.0012427900000000001,3
2023-11-17 00:00:00+00:00,0.0001,0.00012063666666666667,0.00036191,3
2023-11-18 00:00:00+00:00,0.0001,0.00015048333333333335,0.00045145000000000005,3
2023-11-19 00:00:00+00:00,0.0001439,0.00011463333333333333,0.0003439,3
2023-11-20 00:00:00+00:00,0.00033308,0.00017769333333333333,0.00053308,3
2023-11-21 00:00:00+00:00,0.00018513,0.00021505333333333334,0.00064516,3
2023-11-22 00:00:00+00:00,0.0001,0.00011184,0.00033552,3
2023-11-23 00:00:00+00:00,0.0001,0.0001,0.00030000000000000003,3
2023-11-24 00:00:00+00:00,0.0001,0.0001,0.00030000000000000003,3
2023-11-25 00:00:00+00:00,0.00026507,0.00015502333333333336,0.00046507000000000004,3
2023-11-26 00:00:00+00:00,0.0001,0.00016268,0.00048804,3
2023-11-27 00:00:00+00:00,0.0001,0.0001,0.00030000000000000003,3
2023-11-28 00:00:00+00:00,0.0001,0.0001,0.00030000000000000003,3
2023-11-29 00:00:00+00:00,0.0001,0.0001,0.00030000000000000003,3
2023-11-30 00:00:00+00:00,0.0001,0.0001,0.00030000000000000003,3
2023-12-01 00:00:00+00:00,0.00031498,0.0002791966666666667,0.00083759,3
2023-12-02 00:00:00+00:00,0.00046039,0.0005027366666666666,0.0015082099999999998,3
2023-12-03 00:00:00+00:00,0.00032945,0.00027790666666666666,0.00083372,3
2023-12-04 00:00:00+00:00,0.00012195,0.00040768333333333337,0.00122305,3
2023-12-05 00:00:00+00:00,0.00040753,0.00033154666666666664,0.00099464,3
2023-12-06 00:00:00+00:00,0.0001,0.00025001,0.0007500300000000001,3
2023-12-07 00:00:00+00:00,0.00019268,0.00033366,0.00100098,3
2023-12-08 00:00:00+00:00,0.00074486,0.0006445566666666667,0.00193367,3
2023-12-09 00:00:00+00:00,0.00049048,0.0006913766666666667,0.00207413,3
2023-12-10 00:00:00+00:00,0.0008036,0.0006303533333333333,0.00189106,3
2023-12-11 00:00:00+00:00,0.00025357,0.00029479,0.00088437,3
2023-12-12 00:00:00+00:00,0.0002986,0.0001662,0.0004986,3
2023-12-13 00:00:00+00:00,0.00030661,0.00033883333333333335,0.0010165,3
2023-12-14 00:00:00+00:00,0.00041838,0.0004263266666666666,0.0012789799999999999,3
2023-12-15 00:00:00+00:00,0.00059782,0.00043253,0.00129759,3
2023-12-16 00:00:00+00:00,0.00038812,0.00028986666666666665,0.0008696,3
2023-12-17 00:00:00+00:00,0.00036496,0.00020343666666666665,0.00061031,3
2023-12-18 00:00:00+00:00,0.00023748,0.00021003000000000002,0.00063009,3
2023-12-19 00:00:00+00:00,0.00023869,0.0003342,0.0010026,3
2023-12-20 00:00:00+00:00,0.00048196,0.00029420333333333336,0.00088261,3
2023-12-21 00:00:00+00:00,0.00026937,0.0002926133333333333,0.00087784,3
2023-12-22 00:00:00+00:00,0.00032457,0.0003699733333333333,0.00110992,3
2023-12-23 00:00:00+00:00,0.00055416,0.00043715666666666665,0.00131147,3
2023-12-24 00:00:00+00:00,0.00036631,0.0004407366666666667,0.00132221,3
2023-12-25 00:00:00+00:00,0.00070795,0.0004870466666666667,0.00146114,3
2023-12-26 00:00:00+00:00,0.00038219,0.0005816833333333334,0.0017450500000000002,3
2023-12-27 00:00:00+00:00,0.00052865,0.0003515,0.0010544999999999999,3
2023-12-28 00:00:00+00:00,0.00072698,0.0005457266666666666,0.0016371799999999998,3
2023-12-29 00:00:00+00:00,0.0005085,0.00042892999999999995,0.00128679,3
2023-12-30 00:00:00+00:00,0.00018157,0.00028179666666666665,0.00084539,3
2023-12-31 00:00:00+00:00,0.00029052,0.00036456333333333336,0.00109369,3
2024-01-01 00:00:00+00:00,0.00059861,0.0004770533333333333,0.00143116,3
2024-01-02 00:00:00+00:00,0.00078883,0.00065168,0.00195504,3
2024-01-03 00:00:00+00:00,0.0001,0.00038951333333333334,0.00116854,3
2024-01-04 00:00:00+00:00,0.0001,0.0001,0.00030000000000000003,3
2024-01-05 00:00:00+00:00,0.0001,0.0001,0.00030000000000000003,3
2024-01-06 00:00:00+00:00,0.0001,0.0001,0.00030000000000000003,3
2024-01-07 00:00:00+00:00,0.0001,0.0001,0.00030000000000000003,3
2024-01-08 00:00:00+00:00,0.0001,0.0001,0.00030000000000000003,3
2024-01-09 00:00:00+00:00,0.0001,0.0001,0.00030000000000000003,3
2024-01-10 00:00:00+00:00,0.0001,0.0001,0.00030000000000000003,3
2024-01-11 00:00:00+00:00,0.0001,0.0001,0.00030000000000000003,3
2024-01-12 00:00:00+00:00,0.0001,0.0001,0.00030000000000000003,3
2024-01-13 00:00:00+00:00,0.0001,0.0001,0.00030000000000000003,3
2024-01-14 00:00:00+00:00,0.00010159,0.00010053,0.00030159,3
2024-01-15 00:00:00+00:00,0.0001,0.0001,0.00030000000000000003,3
2024-01-16 00:00:00+00:00,0.0001,0.0001,0.00030000000000000003,3
2024-01-17 00:00:00+00:00,0.0001,0.0001,0.00030000000000000003,3
2024-01-18 00:00:00+00:00,0.0001,0.0001,0.00030000000000000003,3
2024-01-19 00:00:00+00:00,0.0001,0.00012427,0.00037281,3
2024-01-20 00:00:00+00:00,0.0001,0.0001,0.00030000000000000003,3
2024-01-21 00:00:00+00:00,0.0001,0.0001,0.00030000000000000003,3
2024-01-22 00:00:00+00:00,0.0001,0.0001,0.00030000000000000003,3
2024-01-23 00:00:00+00:00,0.0001,0.0001,0.00030000000000000003,3
2024-01-24 00:00:00+00:00,0.0001,0.0001,0.00030000000000000003,3
2024-01-25 00:00:00+00:00,0.0001,0.0001,0.00030000000000000003,3
2024-01-26 00:00:00+00:00,0.0001,0.0001,0.00030000000000000003,3
2024-01-27 00:00:00+00:00,0.0001,0.0001,0.00030000000000000003,3
2024-01-28 00:00:00+00:00,0.0001,0.0001,0.00030000000000000003,3
2024-01-29 00:00:00+00:00,0.0001,0.0001,0.00030000000000000003,3
2024-01-30 00:00:00+00:00,0.0001,0.0001,0.00030000000000000003,3
2024-01-31 00:00:00+00:00,0.0001,0.0001,0.00030000000000000003,3
2024-02-01 00:00:00+00:00,0.0001,0.0001,0.00030000000000000003,3
2024-02-02 00:00:00+00:00,0.0001,0.0001,0.00030000000000000003,3
2024-02-03 00:00:00+00:00,0.0001,0.0001,0.00030000000000000003,3
2024-02-04 00:00:00+00:00,0.0001,0.0001,0.00030000000000000003,3
2024-02-05 00:00:00+00:00,0.0001,0.0001,0.00030000000000000003,3
2024-02-06 00:00:00+00:00,6.036e-05,8.678666666666667e-05,0.00026036,3
2024-02-07 00:00:00+00:00,0.0001,0.0001,0.00030000000000000003,3
2024-02-08 00:00:00+00:00,0.0001,0.0001,0.00030000000000000003,3
2024-02-09 00:00:00+00:00,0.0001,0.0001,0.00030000000000000003,3
2024-02-10 00:00:00+00:00,0.0001,0.0001,0.00030000000000000003,3
2024-02-11 00:00:00+00:00,0.0001,0.0001,0.00030000000000000003,3
2024-02-12 00:00:00+00:00,0.0001,0.0001,0.00030000000000000003,3
2024-02-13 00:00:00+00:00,0.0001,0.0001,0.00030000000000000003,3
2024-02-14 00:00:00+00:00,0.00010448,0.00010149333333333333,0.00030448,3
2024-02-15 00:00:00+00:00,0.00020478,0.00020151666666666664,0.0006045499999999999,3
2024-02-16 00:00:00+00:00,0.00017833,0.00022115333333333335,0.00066346,3
2024-02-17 00:00:00+00:00,0.00023273,0.00016724,0.00050172,3
2024-02-18 00:00:00+00:00,0.00023432,0.00025059666666666665,0.00075179,3
2024-02-19 00:00:00+00:00,0.00039471,0.00031725,0.00095175,3
2024-02-20 00:00:00+00:00,0.00023016,0.00036761666666666667,0.00110285,3
2024-02-21 00:00:00+00:00,0.0001,0.00020985,0.00062955,3
2024-02-22 00:00:00+00:00,0.00041244,0.00020414666666666666,0.00061244,3
2024-02-23 00:00:00+00:00,0.00019478,0.0002511433333333333,0.00075343,3
2024-02-24 00:00:00+00:00,0.00043239,0.0002107966666666667,0.00063239,3
2024-02-25 00:00:00+00:00,0.00043366,0.0003457033333333333,0.00103711,3
2024-02-26 00:00:00+00:00,0.00042438,0.00047469333333333336,0.00142408,3
2024-02-27 00:00:00+00:00,0.00051518,0.0005971766666666667,0.00179153,3
2024-02-28 00:00:00+00:00,0.000523,0.00045444333333333333,0.00136333,3
2024-02-29 00:00:00+00:00,0.00086477,0.0005852566666666666,0.0017557699999999998,3
2024-03-01 00:00:00+00:00,0.00067368,0.0005759766666666666,0.00172793,3
2024-03-02 00:00:00+00:00,0.00096,0.0009251,0.0027753,3
2024-03-03 00:00:00+00:00,0.00050718,0.0007082433333333334,0.00212473,3
2024-03-04 00:00:00+00:00,0.00080017,0.0008118766666666668,0.0024356300000000003,3
2024-03-05 00:00:00+00:00,0.00107621,0.00096165,0.00288495,3
2024-03-06 00:00:00+00:00,0.00032462,0.00017487333333333335,0.0005246200000000001,3
2024-03-07 00:00:00+00:00,0.00046004,0.00037968333333333334,0.00113905,3
2024-03-08 00:00:00+00:00,0.00066709,0.00061305,0.00183915,3
2024-03-09 00:00:00+00:00,0.00057221,0.0005740200000000001,0.00172206,3
2024-03-10 00:00:00+00:00,0.00057102,0.0007551766666666666,0.00226553,3
2024-03-11 00:00:00+00:00,0.00085522,0.0007489966666666667,0.00224699,3
2024-03-12 00:00:00+00:00,0.00068585,0.0008065233333333332,0.00241957,3
2024-03-13 00:00:00+00:00,0.00111551,0.0009392366666666667,0.00281771,3
2024-03-14 00:00:00+00:00,0.00103261,0.0009162233333333333,0.00274867,3
2024-03-15 00:00:00+00:00,0.00022891,0.00056693,0.00170079,3
2024-03-16 00:00:00+00:00,0.00013612,0.00023547666666666665,0.00070643,3
2024-03-17 00:00:00+00:00,0.00024061,0.00014687,0.00044061,3
2024-03-18 00:00:00+00:00,0.00035521,0.00030043,0.00090129,3
2024-03-19 00:00:00+00:00,0.0001,0.0001,0.00030000000000000003,3
2024-03-20 00:00:00+00:00,0.0001,0.0001,0.00030000000000000003,3
2024-03-21 00:00:00+00:00,0.00011563,0.00010521,0.00031563,3
2024-03-22 00:00:00+00:00,0.0001,0.0001,0.00030000000000000003,3
2024-03-23 00:00:00+00:00,0.00012304,0.00012003666666666666,0.00036010999999999997,3
2024-03-24 00:00:00+00:00,0.00014681,0.00011560333333333335,0.00034681,3
2024-03-25 00:00:00+00:00,0.00030665,0.00023371333333333335,0.00070114,3
2024-03-26 00:00:00+00:00,0.00048194,0.0004146566666666667,0.00124397,3
2024-03-27 00:00:00+00:00,0.00054895,0.0004932433333333334,0.00147973,3
2024-03-28 00:00:00+00:00,0.00080901,0.0005475466666666666,0.00164264,3
2024-03-29 00:00:00+00:00,0.00036884,0.00046760000000000004,0.0014028,3
2024-03-30 00:00:00+00:00,0.00080369,0.0006066666666666667,0.00182,3
2024-03-31 00:00:00+00:00,0.00061456,0.0006262766666666667,0.0018788300000000002,3
2024-04-01 00:00:00+00:00,0.00035911,0.0005827800000000001,0.0017483400000000001,3
2024-04-02 00:00:00+00:00,0.00020784,0.00024223,0.00072669,3
2024-04-03 00:00:00+00:00,0.00029693,0.00022154666666666665,0.00066464,3
2024-04-04 00:00:00+00:00,0.00027609,0.00020525333333333334,0.00061576,3
2024-04-05 00:00:00+00:00,0.0001,0.00012976333333333332,0.00038929,3
2024-04-06 00:00:00+00:00,0.0001,0.0001,0.00030000000000000003,3
2024-04-07 00:00:00+00:00,0.00011273,0.00010486333333333334,0.00031459,3
2024-04-08 00:00:00+00:00,0.00032429,0.00023722666666666664,0.0007116799999999999,3
2024-04-09 00:00:00+00:00,0.00027763,0.00031629000000000005,0.0009488700000000001,3
2024-04-10 00:00:00+00:00,0.0001,0.00019777666666666665,0.00059333,3
2024-04-11 00:00:00+00:00,0.00017229,0.00023782666666666668,0.0007134800000000001,3
2024-04-12 00:00:00+00:00,0.00023534,0.00015857666666666668,0.00047573,3
2024-04-13 00:00:00+00:00,0.0001,0.0001,0.00030000000000000003,3
2024-04-14 00:00:00+00:00,0.0001,8.314666666666667e-05,0.00024944,3
2024-04-15 00:00:00+00:00,0.0001,0.0001,0.00030000000000000003,3
2024-04-16 00:00:00+00:00,0.0001,5.036e-05,0.00015108,3
2024-04-17 00:00:00+00:00,0.0001,0.0001,0.00030000000000000003,3
2024-04-18 00:00:00+00:00,-1.498e-05,1.1789999999999999e-05,3.5369999999999995e-05,3
2024-04-19 00:00:00+00:00,0.0001,0.0001,0.00030000000000000003,3
2024-04-20 00:00:00+00:00,5.116e-05,8.372e-05,0.00025116,3
2024-04-21 00:00:00+00:00,0.0001,0.0001,0.00030000000000000003,3
2024-04-22 00:00:00+00:00,4.95e-05,4.9783333333333335e-05,0.00014935,3
2024-04-23 00:00:00+00:00,0.0001,7.427333333333333e-05,0.00022282,3
2024-04-24 00:00:00+00:00,0.0001,0.0001,0.00030000000000000003,3
2024-04-25 00:00:00+00:00,7.348e-05,4.2529999999999994e-05,0.00012759,3
2024-04-26 00:00:00+00:00,0.0001,4.215e-05,0.00012645,3
2024-04-27 00:00:00+00:00,-3.56e-06,6.234666666666667e-05,0.00018704000000000003,3
2024-04-28 00:00:00+00:00,0.0001,4.527333333333334e-05,0.00013582,3
2024-04-29 00:00:00+00:00,0.0001,6.426666666666668e-05,0.00019280000000000002,3
2024-04-30 00:00:00+00:00,-5.4e-07,5.586666666666667e-05,0.0001676,3
2024-05-01 00:00:00+00:00,8.598e-05,4.215666666666667e-05,0.00012647,3
2024-05-02 00:00:00+00:00,9.004e-05,9.667999999999999e-05,0.00029004,3
2024-05-03 00:00:00+00:00,-3.933e-05,1.6703333333333333e-05,5.011e-05,3
2024-05-04 00:00:00+00:00,0.0001,8.453000000000002e-05,0.00025359000000000004,3
2024-05-05 00:00:00+00:00,0.0001,0.0001,0.00030000000000000003,3
2024-05-06 00:00:00+00:00,0.0001,0.0001,0.00030000000000000003,3
2024-05-07 00:00:00+00:00,0.0001,0.0001,0.00030000000000000003,3
2024-05-08 00:00:00+00:00,8.143e-05,9.381e-05,0.00028143,3
2024-05-09 00:00:00+00:00,9.623e-05,9.377666666666666e-05,0.00028133,3
2024-05-10 00:00:00+00:00,0.0001,0.0001,0.00030000000000000003,3
2024-05-11 00:00:00+00:00,0.0001,8.214666666666666e-05,0.00024644,3
2024-05-12 00:00:00+00:00,0.0001,8.657e-05,0.00025971,3
2024-05-13 00:00:00+00:00,0.0001,8.775666666666667e-05,0.00026327,3
2024-05-14 00:00:00+00:00,0.0001,9.455666666666668e-05,0.00028367,3
2024-05-15 00:00:00+00:00,0.0001,7.647e-05,0.00022941000000000001,3
2024-05-16 00:00:00+00:00,0.0001,0.0001,0.00030000000000000003,3
2024-05-17 00:00:00+00:00,0.0001,0.0001,0.00030000000000000003,3
2024-05-18 00:00:00+00:00,0.0001,0.0001,0.00030000000000000003,3
2024-05-19 00:00:00+00:00,0.0001,0.0001,0.00030000000000000003,3
2024-05-20 00:00:00+00:00,0.0001,0.0001,0.00030000000000000003,3
2024-05-21 00:00:00+00:00,0.0001,0.0001,0.00030000000000000003,3
2024-05-22 00:00:00+00:00,0.0001,0.0001,0.00030000000000000003,3
2024-05-23 00:00:00+00:00,0.0001,0.0001,0.00030000000000000003,3
2024-05-24 00:00:00+00:00,0.0001,0.0001,0.00030000000000000003,3
2024-05-25 00:00:00+00:00,0.0001,0.0001,0.00030000000000000003,3
2024-05-26 00:00:00+00:00,0.0001,0.0001,0.00030000000000000003,3
2024-05-27 00:00:00+00:00,0.0001,0.0001,0.00030000000000000003,3
2024-05-28 00:00:00+00:00,0.00012995,0.00010998333333333333,0.00032994999999999997,3
2024-05-29 00:00:00+00:00,0.0001,0.00010047333333333333,0.00030142,3
2024-05-30 00:00:00+00:00,0.0001,0.0001,0.00030000000000000003,3
2024-05-31 00:00:00+00:00,0.0001,0.0001,0.00030000000000000003,3
2024-06-01 00:00:00+00:00,0.0001,0.0001,0.00030000000000000003,3
2024-06-02 00:00:00+00:00,0.00014849,0.00011616333333333334,0.00034849,3
2024-06-03 00:00:00+00:00,0.0001,0.0001,0.00030000000000000003,3
2024-06-04 00:00:00+00:00,0.0001432,0.0001347,0.0004041,3
2024-06-05 00:00:00+00:00,0.00017086,0.00012948666666666667,0.00038846,3
2024-06-06 00:00:00+00:00,0.0001,0.00012777333333333335,0.00038332000000000004,3
2024-06-07 00:00:00+00:00,0.00017298,0.00013492999999999998,0.00040479,3
2024-06-08 00:00:00+00:00,0.0001,0.0001,0.00030000000000000003,3
2024-06-09 00:00:00+00:00,0.0001,0.0001,0.00030000000000000003,3
2024-06-10 00:00:00+00:00,0.0001,0.0001,0.00030000000000000003,3
2024-06-11 00:00:00+00:00,0.0001,0.0001,0.00030000000000000003,3
2024-06-12 00:00:00+00:00,0.0001,0.0001,0.00030000000000000003,3
2024-06-13 00:00:00+00:00,0.0001,0.0001,0.00030000000000000003,3
2024-06-14 00:00:00+00:00,0.0001,0.0001,0.00030000000000000003,3
2024-06-15 00:00:00+00:00,0.0001,0.0001,0.00030000000000000003,3
2024-06-16 00:00:00+00:00,0.0001,0.0001,0.00030000000000000003,3
2024-06-17 00:00:00+00:00,0.0001,0.0001,0.00030000000000000003,3
2024-06-18 00:00:00+00:00,4.441e-05,2.741e-05,8.223e-05,3
2024-06-19 00:00:00+00:00,0.0001,5.008e-05,0.00015024,3
2024-06-20 00:00:00+00:00,0.0001,9.994333333333334e-05,0.00029983,3
2024-06-21 00:00:00+00:00,6.847e-05,7.552666666666666e-05,0.00022658,3
2024-06-22 00:00:00+00:00,0.0001,9.989333333333332e-05,0.00029968,3
2024-06-23 00:00:00+00:00,0.0001,0.0001,0.00030000000000000003,3
2024-06-24 00:00:00+00:00,6.581e-05,8.860333333333334e-05,0.00026581,3
2024-06-25 00:00:00+00:00,0.0001,0.0001,0.00030000000000000003,3
2024-06-26 00:00:00+00:00,0.0001,0.0001,0.00030000000000000003,3
2024-06-27 00:00:00+00:00,0.0001,0.0001,0.00030000000000000003,3
2024-06-28 00:00:00+00:00,0.0001,0.0001,0.00030000000000000003,3
2024-06-29 00:00:00+00:00,0.0001,0.0001,0.00030000000000000003,3
2024-06-30 00:00:00+00:00,0.0001,0.0001,0.00030000000000000003,3
2024-07-01 00:00:00+00:00,0.0001,0.0001,0.00030000000000000003,3
2024-07-02 00:00:00+00:00,0.0001,0.0001,0.00030000000000000003,3
2024-07-03 00:00:00+00:00,0.0001,0.0001,0.00030000000000000003,3
2024-07-04 00:00:00+00:00,0.0001,0.0001,0.00030000000000000003,3
2024-07-05 00:00:00+00:00,0.0001,0.0001,0.00030000000000000003,3
2024-07-06 00:00:00+00:00,0.0001,0.0001,0.00030000000000000003,3
2024-07-07 00:00:00+00:00,0.0001,9.426999999999999e-05,0.00028281,3
2024-07-08 00:00:00+00:00,0.0001,0.0001,0.00030000000000000003,3
2024-07-09 00:00:00+00:00,0.0001,0.0001,0.00030000000000000003,3
2024-07-10 00:00:00+00:00,0.0001,0.0001,0.00030000000000000003,3
2024-07-11 00:00:00+00:00,-2.941e-05,5.6863333333333335e-05,0.00017059,3
2024-07-12 00:00:00+00:00,-6.851e-05,-9.512666666666667e-05,-0.00028538,3
2024-07-13 00:00:00+00:00,5.693e-05,3.213666666666667e-05,9.641000000000001e-05,3
2024-07-14 00:00:00+00:00,-2.504e-05,5.8320000000000004e-05,0.00017496000000000002,3
2024-07-15 00:00:00+00:00,0.0001,6.656333333333334e-05,0.00019969,3
2024-07-16 00:00:00+00:00,7.578e-05,9.192666666666667e-05,0.00027578,3
2024-07-17 00:00:00+00:00,0.0001,2.269999999999999e-06,6.8099999999999975e-06,3
2024-07-18 00:00:00+00:00,0.0001,0.0001,0.00030000000000000003,3
2024-07-19 00:00:00+00:00,0.0001,0.0001,0.00030000000000000003,3
2024-07-20 00:00:00+00:00,0.0001,0.0001,0.00030000000000000003,3
2024-07-21 00:00:00+00:00,0.0001,0.0001,0.00030000000000000003,3
2024-07-22 00:00:00+00:00,0.0001,0.0001,0.00030000000000000003,3
2024-07-23 00:00:00+00:00,0.0001,0.0001,0.00030000000000000003,3
2024-07-24 00:00:00+00:00,0.0001,0.0001,0.00030000000000000003,3
2024-07-25 00:00:00+00:00,0.0001,0.0001,0.00030000000000000003,3
2024-07-26 00:00:00+00:00,0.0001,0.0001,0.00030000000000000003,3
2024-07-27 00:00:00+00:00,0.0001,0.0001,0.00030000000000000003,3
2024-07-28 00:00:00+00:00,0.0001,0.0001,0.00030000000000000003,3
2024-07-29 00:00:00+00:00,0.0001,0.0001,0.00030000000000000003,3
2024-07-30 00:00:00+00:00,0.0001,0.0001,0.00030000000000000003,3
2024-07-31 00:00:00+00:00,0.0001,0.0001,0.00030000000000000003,3
2024-08-01 00:00:00+00:00,8.954e-05,9.651333333333334e-05,0.00028954,3
2024-08-02 00:00:00+00:00,0.0001,0.0001,0.00030000000000000003,3
2024-08-03 00:00:00+00:00,-1.479e-05,2.818666666666667e-05,8.456e-05,3
2024-08-04 00:00:00+00:00,1.271e-05,4.804666666666667e-05,0.00014414,3
2024-08-05 00:00:00+00:00,0.0001,7.588333333333334e-05,0.00022765,3
2024-08-06 00:00:00+00:00,9.614e-05,9.871333333333334e-05,0.00029614,3
2024-08-07 00:00:00+00:00,0.0001,0.0001,0.00030000000000000003,3
2024-08-08 00:00:00+00:00,4.33e-05,7.507666666666667e-05,0.00022523,3
2024-08-09 00:00:00+00:00,2.655e-05,3.878333333333333e-05,0.00011635,3
2024-08-10 00:00:00+00:00,-0.00011793,-5.476666666666667e-05,-0.0001643,3
2024-08-11 00:00:00+00:00,7.747e-05,-3.066666666666666e-05,-9.199999999999999e-05,3
2024-08-12 00:00:00+00:00,-6.715e-05,-7.676666666666672e-06,-2.3030000000000015e-05,3
2024-08-13 00:00:00+00:00,0.0001,9.356e-05,0.00028068,3
2024-08-14 00:00:00+00:00,0.0001,8.801e-05,0.00026403,3
2024-08-15 00:00:00+00:00,4.292e-05,2.2043333333333336e-05,6.613e-05,3
2024-08-16 00:00:00+00:00,-8.212e-05,2.0676666666666668e-05,6.203e-05,3
2024-08-17 00:00:00+00:00,4.684e-05,3.280333333333333e-05,9.841e-05,3
2024-08-18 00:00:00+00:00,-9.358e-05,1.8533333333333338e-05,5.560000000000001e-05,3
2024-08-19 00:00:00+00:00,-6.25e-06,-1.8203333333333332e-05,-5.461e-05,3
2024-08-20 00:00:00+00:00,8.356e-05,9.452000000000001e-05,0.00028356000000000003,3
2024-08-21 00:00:00+00:00,0.0001,0.0001,0.00030000000000000003,3
2024-08-22 00:00:00+00:00,9.701e-05,3.317e-05,9.951e-05,3
2024-08-23 00:00:00+00:00,7.953e-05,8.971e-05,0.00026913,3
2024-08-24 00:00:00+00:00,0.0001,2.708666666666667e-05,8.126e-05,3
2024-08-25 00:00:00+00:00,0.0001,8.083e-05,0.00024249,3
2024-08-26 00:00:00+00:00,-7.114e-05,2.449666666666667e-05,7.349e-05,3
2024-08-27 00:00:00+00:00,0.0001,9.811e-05,0.00029433,3
2024-08-28 00:00:00+00:00,0.0001,0.0001,0.00030000000000000003,3
2024-08-29 00:00:00+00:00,0.0001,0.0001,0.00030000000000000003,3
2024-08-30 00:00:00+00:00,4.29e-05,7.464333333333333e-05,0.00022393,3
2024-08-31 00:00:00+00:00,9.27e-06,6.359e-05,0.00019077000000000002,3
2024-09-01 00:00:00+00:00,7.79e-05,9.263333333333333e-05,0.0002779,3
2024-09-02 00:00:00+00:00,5.133e-05,5.003e-05,0.00015009,3
2024-09-03 00:00:00+00:00,-0.00010379,3.207e-05,9.621000000000002e-05,3
2024-09-04 00:00:00+00:00,1.466e-05,4.6806666666666674e-05,0.00014042000000000001,3
2024-09-05 00:00:00+00:00,9.75e-06,3.489666666666667e-05,0.00010469,3
2024-09-06 00:00:00+00:00,0.0001,6.329666666666667e-05,0.00018989,3
2024-09-07 00:00:00+00:00,0.0001,0.0001,0.00030000000000000003,3
2024-09-08 00:00:00+00:00,9.519e-05,6.966666666666718e-07,2.0900000000000156e-06,3
2024-09-09 00:00:00+00:00,1.484e-05,5.7140000000000005e-05,0.00017142,3
2024-09-10 00:00:00+00:00,-5.988e-05,3.264333333333333e-05,9.793e-05,3
2024-09-11 00:00:00+00:00,-1.673e-05,-5.5910000000000005e-05,-0.00016773000000000002,3
2024-09-12 00:00:00+00:00,5.284e-05,8.428e-05,0.00025284,3
2024-09-13 00:00:00+00:00,4.553e-05,8.184333333333333e-05,0.00024553,3
2024-09-14 00:00:00+00:00,0.0001,0.0001,0.00030000000000000003,3
2024-09-15 00:00:00+00:00,9.205e-05,9.735000000000001e-05,0.00029205,3
2024-09-16 00:00:00+00:00,0.0001,5.355e-05,0.00016065,3
2024-09-17 00:00:00+00:00,0.0001,9.645e-05,0.00028935,3
2024-09-18 00:00:00+00:00,0.0001,0.0001,0.00030000000000000003,3
2024-09-19 00:00:00+00:00,0.0001,0.0001,0.00030000000000000003,3
2024-09-20 00:00:00+00:00,0.0001,0.0001,0.00030000000000000003,3
2024-09-21 00:00:00+00:00,0.0001,0.0001,0.00030000000000000003,3
2024-09-22 00:00:00+00:00,0.0001,0.0001,0.00030000000000000003,3
2024-09-23 00:00:00+00:00,0.0001,0.0001,0.00030000000000000003,3
2024-09-24 00:00:00+00:00,0.0001,0.0001,0.00030000000000000003,3
2024-09-25 00:00:00+00:00,0.0001,8.867333333333333e-05,0.00026602,3
2024-09-26 00:00:00+00:00,0.0001,0.0001,0.00030000000000000003,3
2024-09-27 00:00:00+00:00,0.0001,0.0001,0.00030000000000000003,3
2024-09-28 00:00:00+00:00,0.0001,0.0001,0.00030000000000000003,3
2024-09-29 00:00:00+00:00,0.0001,0.0001,0.00030000000000000003,3
2024-09-30 00:00:00+00:00,0.0001,8.884000000000001e-05,0.00026652,3
2024-10-01 00:00:00+00:00,0.0001,0.0001,0.00030000000000000003,3
2024-10-02 00:00:00+00:00,0.0001,0.0001,0.00030000000000000003,3
2024-10-03 00:00:00+00:00,0.0001,0.0001,0.00030000000000000003,3
2024-10-04 00:00:00+00:00,-2.982e-05,5.672666666666667e-05,0.00017018,3
2024-10-05 00:00:00+00:00,0.0001,0.0001,0.00030000000000000003,3
2024-10-06 00:00:00+00:00,0.0001,0.0001,0.00030000000000000003,3
2024-10-07 00:00:00+00:00,0.0001,7.303333333333334e-05,0.0002191,3
2024-10-08 00:00:00+00:00,0.0001,0.0001,0.00030000000000000003,3
2024-10-09 00:00:00+00:00,0.0001,0.0001,0.00030000000000000003,3
2024-10-10 00:00:00+00:00,9.146e-05,8.067333333333333e-05,0.00024202,3
2024-10-11 00:00:00+00:00,0.0001,0.0001,0.00030000000000000003,3
2024-10-12 00:00:00+00:00,0.0001,0.0001,0.00030000000000000003,3
2024-10-13 00:00:00+00:00,0.0001,0.0001,0.00030000000000000003,3
2024-10-14 00:00:00+00:00,0.0001,0.0001,0.00030000000000000003,3
2024-10-15 00:00:00+00:00,0.0001,0.0001,0.00030000000000000003,3
2024-10-16 00:00:00+00:00,0.0001,0.0001,0.00030000000000000003,3
2024-10-17 00:00:00+00:00,0.0001,0.0001,0.00030000000000000003,3
2024-10-18 00:00:00+00:00,0.0001,0.0001,0.00030000000000000003,3
2024-10-19 00:00:00+00:00,0.0001,0.0001,0.00030000000000000003,3
2024-10-20 00:00:00+00:00,7.783e-05,9.261000000000001e-05,0.00027783,3
2024-10-21 00:00:00+00:00,0.0001,0.0001,0.00030000000000000003,3
2024-10-22 00:00:00+00:00,0.0001,0.0001,0.00030000000000000003,3
2024-10-23 00:00:00+00:00,0.0001,0.0001,0.00030000000000000003,3
2024-10-24 00:00:00+00:00,0.0001,0.0001,0.00030000000000000003,3
2024-10-25 00:00:00+00:00,0.0001,0.0001,0.00030000000000000003,3
2024-10-26 00:00:00+00:00,0.0001,0.0001,0.00030000000000000003,3
2024-10-27 00:00:00+00:00,0.0001,0.0001,0.00030000000000000003,3
2024-10-28 00:00:00+00:00,0.0001,0.0001,0.00030000000000000003,3
2024-10-29 00:00:00+00:00,0.0001,0.0001,0.00030000000000000003,3
2024-10-30 00:00:00+00:00,0.0001,0.0001,0.00030000000000000003,3
2024-10-31 00:00:00+00:00,0.0001,0.0001,0.00030000000000000003,3
2024-11-01 00:00:00+00:00,0.0001,0.0001,0.00030000000000000003,3
2024-11-02 00:00:00+00:00,0.0001,0.0001,0.00030000000000000003,3
2024-11-03 00:00:00+00:00,0.0001,0.0001,0.00030000000000000003,3
2024-11-04 00:00:00+00:00,0.0001,0.0001,0.00030000000000000003,3
2024-11-05 00:00:00+00:00,0.0001,0.0001,0.00030000000000000003,3
2024-11-06 00:00:00+00:00,0.0001,0.0001,0.00030000000000000003,3
2024-11-07 00:00:00+00:00,0.0001,0.0001,0.00030000000000000003,3
2024-11-08 00:00:00+00:00,0.0001,0.0001,0.00030000000000000003,3
2024-11-09 00:00:00+00:00,0.0001,0.0001,0.00030000000000000003,3
2024-11-10 00:00:00+00:00,0.00046811,0.00022270333333333333,0.00066811,3
2024-11-11 00:00:00+00:00,0.0001,0.00012993,0.00038979,3
2024-11-12 00:00:00+00:00,0.00015871,0.00013281666666666668,0.00039845,3
2024-11-13 00:00:00+00:00,0.0001,0.00010437333333333333,0.00031312,3
2024-11-14 00:00:00+00:00,0.0001,0.0001,0.00030000000000000003,3
2024-11-15 00:00:00+00:00,0.0001,0.0001,0.00030000000000000003,3
2024-11-16 00:00:00+00:00,0.0001,0.0001,0.00030000000000000003,3
2024-11-17 00:00:00+00:00,0.0001,0.0001,0.00030000000000000003,3
2024-11-18 00:00:00+00:00,0.00013017,0.00011656,0.00034968,3
2024-11-19 00:00:00+00:00,0.0001,0.0001,0.00030000000000000003,3
2024-11-20 00:00:00+00:00,0.0001,0.0001,0.00030000000000000003,3
2024-11-21 00:00:00+00:00,0.0001,0.0001,0.00030000000000000003,3
2024-11-22 00:00:00+00:00,0.00022064,0.00014021333333333333,0.00042064,3
2024-11-23 00:00:00+00:00,0.00065416,0.00046290333333333334,0.00138871,3
2024-11-24 00:00:00+00:00,0.00031369,0.00032664666666666663,0.0009799399999999999,3
2024-11-25 00:00:00+00:00,0.00042694,0.00032257333333333336,0.00096772,3
2024-11-26 00:00:00+00:00,0.0001,0.00019935333333333333,0.00059806,3
2024-11-27 00:00:00+00:00,0.0001,0.0001,0.00030000000000000003,3
2024-11-28 00:00:00+00:00,0.00032607,0.00038056,0.00114168,3
2024-11-29 00:00:00+00:00,0.00050994,0.0004627933333333333,0.0013883799999999998,3
2024-11-30 00:00:00+00:00,0.00030607,0.0003323566666666667,0.00099707,3
2024-12-01 00:00:00+00:00,0.00051698,0.00041608333333333335,0.00124825,3
2024-12-02 00:00:00+00:00,0.00030549,0.00028774666666666666,0.00086324,3
2024-12-03 00:00:00+00:00,0.00053904,0.0004747833333333333,0.00142435,3
2024-12-04 00:00:00+00:00,0.00081027,0.0007572966666666666,0.00227189,3
2024-12-05 00:00:00+00:00,0.00082235,0.0007507933333333333,0.00225238,3
2024-12-06 00:00:00+00:00,0.00037996,0.00036763000000000003,0.00110289,3
2024-12-07 00:00:00+00:00,0.00077872,0.0005987833333333334,0.00179635,3
2024-12-08 00:00:00+00:00,0.0004315,0.00069272,0.00207816,3
2024-12-09 00:00:00+00:00,0.00016427,0.00038729666666666667,0.00116189,3
2024-12-10 00:00:00+00:00,0.0001,0.0001,0.00030000000000000003,3
2024-12-11 00:00:00+00:00,0.0001,0.0001,0.00030000000000000003,3
2024-12-12 00:00:00+00:00,0.0001,0.0001,0.00030000000000000003,3
2024-12-13 00:00:00+00:00,0.0001,0.0001,0.00030000000000000003,3
2024-12-14 00:00:00+00:00,0.0001,0.0001,0.00030000000000000003,3
2024-12-15 00:00:00+00:00,0.0001,0.0001,0.00030000000000000003,3
2024-12-16 00:00:00+00:00,0.0001,0.0001,0.00030000000000000003,3
2024-12-17 00:00:00+00:00,0.0001,0.0001,0.00030000000000000003,3
2024-12-18 00:00:00+00:00,0.0001,0.0001,0.00030000000000000003,3
2024-12-19 00:00:00+00:00,0.0001,0.0001,0.00030000000000000003,3
2024-12-20 00:00:00+00:00,5.714e-05,8.571333333333333e-05,0.00025714,3
2024-12-21 00:00:00+00:00,0.0001,2.5783333333333338e-05,7.735000000000001e-05,3
2024-12-22 00:00:00+00:00,0.0001,0.0001,0.00030000000000000003,3
2024-12-23 00:00:00+00:00,0.0001,0.0001,0.00030000000000000003,3
2024-12-24 00:00:00+00:00,0.0001,0.0001,0.00030000000000000003,3
2024-12-25 00:00:00+00:00,0.0001,0.0001,0.00030000000000000003,3
2024-12-26 00:00:00+00:00,0.0001,0.0001,0.00030000000000000003,3
2024-12-27 00:00:00+00:00,0.0001,0.0001,0.00030000000000000003,3
2024-12-28 00:00:00+00:00,0.0001,9.724666666666668e-05,0.00029174,3
2024-12-29 00:00:00+00:00,0.0001,0.0001,0.00030000000000000003,3
2024-12-30 00:00:00+00:00,0.0001,0.0001,0.00030000000000000003,3
2024-12-31 00:00:00+00:00,0.0001,0.0001,0.00030000000000000003,3
2025-01-01 00:00:00+00:00,0.0001,0.0001,0.00030000000000000003,3
2025-01-02 00:00:00+00:00,0.0001,0.0001,0.00030000000000000003,3
2025-01-03 00:00:00+00:00,0.0001,0.0001,0.00030000000000000003,3
2025-01-04 00:00:00+00:00,0.0001,0.0001,0.00030000000000000003,3
2025-01-05 00:00:00+00:00,0.0001,0.0001,0.00030000000000000003,3
2025-01-06 00:00:00+00:00,0.0001,0.0001,0.00030000000000000003,3
2025-01-07 00:00:00+00:00,0.0001,0.0001,0.00030000000000000003,3
2025-01-08 00:00:00+00:00,0.0001,0.0001,0.00030000000000000003,3
2025-01-09 00:00:00+00:00,0.0001,0.0001,0.00030000000000000003,3
2025-01-10 00:00:00+00:00,0.0001,0.0001,0.00030000000000000003,3
2025-01-11 00:00:00+00:00,0.0001,0.0001,0.00030000000000000003,3
2025-01-12 00:00:00+00:00,0.0001,0.0001,0.00030000000000000003,3
2025-01-13 00:00:00+00:00,0.0001,0.0001,0.00030000000000000003,3
2025-01-14 00:00:00+00:00,0.0001,6.757666666666667e-05,0.00020273,3
2025-01-15 00:00:00+00:00,0.0001,5.084666666666667e-05,0.00015254,3
2025-01-16 00:00:00+00:00,0.0001,0.0001,0.00030000000000000003,3
2025-01-17 00:00:00+00:00,0.0001,0.0001,0.00030000000000000003,3
2025-01-18 00:00:00+00:00,0.0001,0.0001,0.00030000000000000003,3
2025-01-19 00:00:00+00:00,0.0001,0.0001,0.00030000000000000003,3
2025-01-20 00:00:00+00:00,0.0001,0.0001,0.00030000000000000003,3
2025-01-21 00:00:00+00:00,0.0001,0.0001,0.00030000000000000003,3
2025-01-22 00:00:00+00:00,0.0001,0.0001,0.00030000000000000003,3
2025-01-23 00:00:00+00:00,0.0001,0.0001,0.00030000000000000003,3
2025-01-24 00:00:00+00:00,0.0001,0.0001,0.00030000000000000003,3
2025-01-25 00:00:00+00:00,0.0001,0.0001,0.00030000000000000003,3
2025-01-26 00:00:00+00:00,0.0001,0.0001,0.00030000000000000003,3
2025-01-27 00:00:00+00:00,0.0001,5.1040000000000006e-05,0.00015312000000000002,3
2025-01-28 00:00:00+00:00,0.0001,0.0001,0.00030000000000000003,3
2025-01-29 00:00:00+00:00,0.0001,0.0001,0.00030000000000000003,3
2025-01-30 00:00:00+00:00,0.0001,0.0001,0.00030000000000000003,3
2025-01-31 00:00:00+00:00,0.0001,0.0001,0.00030000000000000003,3
2025-02-01 00:00:00+00:00,0.0001,0.0001,0.00030000000000000003,3
2025-02-02 00:00:00+00:00,0.0001,0.0001,0.00030000000000000003,3
2025-02-03 00:00:00+00:00,2.831e-05,-2.666666666666666e-06,-7.999999999999998e-06,3
2025-02-04 00:00:00+00:00,0.0001,6.560000000000001e-05,0.0001968,3
2025-02-05 00:00:00+00:00,0.0001,-2.041e-05,-6.123e-05,3
2025-02-06 00:00:00+00:00,0.0001,5.507e-05,0.00016521,3
2025-02-07 00:00:00+00:00,0.0001,0.0001,0.00030000000000000003,3
2025-02-08 00:00:00+00:00,-0.00011177,6.1300000000000014e-06,1.8390000000000005e-05,3
2025-02-09 00:00:00+00:00,5.812e-05,4.623666666666667e-05,0.00013871,3
2025-02-10 00:00:00+00:00,9.976e-05,6.069999999999999e-05,0.00018209999999999998,3
2025-02-11 00:00:00+00:00,0.0001,6.268666666666667e-05,0.00018806,3
2025-02-12 00:00:00+00:00,0.0001,0.0001,0.00030000000000000003,3
2025-02-13 00:00:00+00:00,0.0001,8.189333333333334e-05,0.00024568,3
2025-02-14 00:00:00+00:00,0.0001,9.720000000000002e-05,0.00029160000000000004,3
2025-02-15 00:00:00+00:00,-4.21e-06,6.526333333333334e-05,0.00019579000000000002,3
2025-02-16 00:00:00+00:00,0.0001,6.185333333333334e-05,0.00018556,3
2025-02-17 00:00:00+00:00,3.361e-05,7.787e-05,0.00023361,3
2025-02-18 00:00:00+00:00,0.0001,5.851333333333334e-05,0.00017554000000000002,3
2025-02-19 00:00:00+00:00,-9.109e-05,-0.00010132666666666668,-0.00030398,3
2025-02-20 00:00:00+00:00,0.0001,-4.227333333333333e-05,-0.00012681999999999998,3
2025-02-21 00:00:00+00:00,4.284e-05,6.301333333333334e-05,0.00018904000000000002,3
2025-02-22 00:00:00+00:00,0.0001,0.0001,0.00030000000000000003,3
2025-02-23 00:00:00+00:00,0.0001,0.0001,0.00030000000000000003,3
2025-02-24 00:00:00+00:00,0.0001,0.0001,0.00030000000000000003,3
2025-02-25 00:00:00+00:00,0.0001,0.0001,0.00030000000000000003,3
2025-02-26 00:00:00+00:00,0.0001,0.0001,0.00030000000000000003,3
2025-02-27 00:00:00+00:00,0.0001,0.0001,0.00030000000000000003,3
2025-02-28 00:00:00+00:00,0.0001,0.0001,0.00030000000000000003,3
2025-03-01 00:00:00+00:00,0.0001,4.3960000000000006e-05,0.00013188000000000002,3
2025-03-02 00:00:00+00:00,6.646e-05,8.882e-05,0.00026646,3
2025-03-03 00:00:00+00:00,0.0001,8.618e-05,0.00025854000000000003,3
2025-03-04 00:00:00+00:00,-0.0001221,-6.527333333333334e-05,-0.00019582000000000003,3
2025-03-05 00:00:00+00:00,1.769e-05,-7.180666666666668e-05,-0.00021542000000000002,3
2025-03-06 00:00:00+00:00,1.68e-05,9.466666666666665e-06,2.8399999999999996e-05,3
2025-03-07 00:00:00+00:00,0.0001,3.462333333333334e-05,0.00010387,3
2025-03-08 00:00:00+00:00,8.228e-05,-3.511e-05,-0.00010533,3
2025-03-09 00:00:00+00:00,3.739e-05,7.913e-05,0.00023739,3
2025-03-10 00:00:00+00:00,-7.74e-06,-1.538666666666667e-05,-4.6160000000000005e-05,3
2025-03-11 00:00:00+00:00,9.219e-05,-8.074e-05,-0.00024222,3
2025-03-12 00:00:00+00:00,8.03e-06,3.49e-06,1.047e-05,3
2025-03-13 00:00:00+00:00,6.049e-05,-0.00013445333333333333,-0.00040336,3
2025-03-14 00:00:00+00:00,0.0001,0.0001,0.00030000000000000003,3
2025-03-15 00:00:00+00:00,-5.98e-05,-1.6639999999999997e-05,-4.991999999999999e-05,3
2025-03-16 00:00:00+00:00,-6.166e-05,4.611333333333334e-05,0.00013834,3
2025-03-17 00:00:00+00:00,0.0001,9.045666666666667e-05,0.00027137,3
2025-03-18 00:00:00+00:00,-8.317e-05,6.0433333333333345e-06,1.8130000000000004e-05,3
2025-03-19 00:00:00+00:00,0.0001,0.0001,0.00030000000000000003,3
2025-03-20 00:00:00+00:00,-1.36e-05,-3.281333333333334e-05,-9.844000000000001e-05,3
2025-03-21 00:00:00+00:00,0.0001,-2.3070000000000004e-05,-6.921000000000001e-05,3
2025-03-22 00:00:00+00:00,0.0001,7.383666666666667e-05,0.00022151,3
2025-03-23 00:00:00+00:00,0.0001,0.0001,0.00030000000000000003,3
2025-03-24 00:00:00+00:00,-8.729e-05,3.030000000000003e-06,9.09000000000001e-06,3
2025-03-25 00:00:00+00:00,4.985e-05,8.328333333333334e-05,0.00024985000000000003,3
2025-03-26 00:00:00+00:00,0.0001,8.749666666666666e-05,0.00026249,3
2025-03-27 00:00:00+00:00,-1.275e-05,-2.258333333333333e-05,-6.775e-05,3
2025-03-28 00:00:00+00:00,-9.396e-05,-4.215e-05,-0.00012645,3
2025-03-29 00:00:00+00:00,-0.0001419,-0.00017185666666666668,-0.00051557,3
2025-03-30 00:00:00+00:00,0.0001,0.0001,0.00030000000000000003,3
2025-03-31 00:00:00+00:00,0.0001,4.120333333333334e-05,0.00012361000000000002,3
2025-04-01 00:00:00+00:00,-5.985e-05,-2.5803333333333334e-05,-7.741e-05,3
2025-04-02 00:00:00+00:00,0.0001,9.505e-05,0.00028515,3
2025-04-03 00:00:00+00:00,2.524e-05,5.318e-05,0.00015954,3
2025-04-04 00:00:00+00:00,-6.12e-06,6.462666666666667e-05,0.00019388,3
2025-04-05 00:00:00+00:00,1.102e-05,-3.2783333333333335e-05,-9.835e-05,3
2025-04-06 00:00:00+00:00,0.0001,9.83e-05,0.0002949,3
2025-04-07 00:00:00+00:00,8.513e-05,9.504333333333334e-05,0.00028513000000000003,3
2025-04-08 00:00:00+00:00,3.781e-05,-5.858666666666667e-05,-0.00017576,3
2025-04-09 00:00:00+00:00,0.0001,2.917666666666667e-05,8.753000000000001e-05,3
2025-04-10 00:00:00+00:00,2.63e-05,6.410333333333334e-05,0.00019231,3
2025-04-11 00:00:00+00:00,0.0001,7.385333333333333e-05,0.00022156,3
2025-04-12 00:00:00+00:00,8.446e-05,-1.5430000000000003e-05,-4.6290000000000006e-05,3
2025-04-13 00:00:00+00:00,0.0001,-3.496666666666663e-06,-1.048999999999999e-05,3
2025-04-14 00:00:00+00:00,0.0001,1.281666666666667e-05,3.845000000000001e-05,3
2025-04-15 00:00:00+00:00,0.0001,0.0001,0.00030000000000000003,3
2025-04-16 00:00:00+00:00,-3.266e-05,5.5780000000000005e-05,0.00016734,3
2025-04-17 00:00:00+00:00,0.0001,1.4950000000000003e-05,4.4850000000000006e-05,3
2025-04-18 00:00:00+00:00,5.205e-05,8.401666666666667e-05,0.00025205000000000003,3
2025-04-19 00:00:00+00:00,3.311e-05,3.645e-05,0.00010935,3
2025-04-20 00:00:00+00:00,7.421e-05,5.929e-05,0.00017787,3
2025-04-21 00:00:00+00:00,3.53e-06,-7.236666666666665e-06,-2.1709999999999994e-05,3
2025-04-22 00:00:00+00:00,4.501e-05,8.167e-05,0.00024501,3
2025-04-23 00:00:00+00:00,0.0001,0.0001,0.00030000000000000003,3
2025-04-24 00:00:00+00:00,0.0001,0.0001,0.00030000000000000003,3
2025-04-25 00:00:00+00:00,0.0001,0.0001,0.00030000000000000003,3
2025-04-26 00:00:00+00:00,0.0001,9.784333333333334e-05,0.00029353,3
2025-04-27 00:00:00+00:00,3.701e-05,5.214666666666666e-05,0.00015643999999999999,3
2025-04-28 00:00:00+00:00,0.0001,0.0001,0.00030000000000000003,3
2025-04-29 00:00:00+00:00,0.0001,0.0001,0.00030000000000000003,3
2025-04-30 00:00:00+00:00,0.0001,6.854333333333333e-05,0.00020563,3
2025-05-01 00:00:00+00:00,0.0001,7.548e-05,0.00022644,3
2025-05-02 00:00:00+00:00,0.0001,4.5180000000000004e-05,0.00013554000000000002,3
2025-05-03 00:00:00+00:00,0.0001,1.571e-05,4.7130000000000004e-05,3
2025-05-04 00:00:00+00:00,-0.00013829,1.5566666666666648e-06,4.669999999999994e-06,3
2025-05-05 00:00:00+00:00,0.0001,6.845666666666668e-05,0.00020537000000000002,3
2025-05-06 00:00:00+00:00,0.0001,9.075000000000001e-05,0.00027225000000000003,3
2025-05-07 00:00:00+00:00,-3.2e-07,-5.109333333333334e-05,-0.00015328000000000002,3
2025-05-08 00:00:00+00:00,7.746e-05,3.2586666666666664e-05,9.775999999999999e-05,3
2025-05-09 00:00:00+00:00,0.0001,0.0001,0.00030000000000000003,3
2025-05-10 00:00:00+00:00,0.0001,0.0001,0.00030000000000000003,3
2025-05-11 00:00:00+00:00,0.0001,0.0001,0.00030000000000000003,3
2025-05-12 00:00:00+00:00,0.0001,0.0001,0.00030000000000000003,3
2025-05-13 00:00:00+00:00,0.0001,0.0001,0.00030000000000000003,3
2025-05-14 00:00:00+00:00,0.0001,0.0001,0.00030000000000000003,3
2025-05-15 00:00:00+00:00,-6.547e-05,-3.5903333333333326e-05,-0.00010770999999999998,3
2025-05-16 00:00:00+00:00,0.0001,0.0001,0.00030000000000000003,3
2025-05-17 00:00:00+00:00,5.806e-05,-1.807666666666666e-05,-5.422999999999998e-05,3
2025-05-18 00:00:00+00:00,0.0001,7.052333333333334e-05,0.00021157,3
2025-05-19 00:00:00+00:00,9.793e-05,7.347666666666668e-05,0.00022043000000000003,3
2025-05-20 00:00:00+00:00,0.0001,3.0653333333333333e-05,9.196000000000001e-05,3
2025-05-21 00:00:00+00:00,0.0001,9.591666666666668e-05,0.00028775000000000003,3
2025-05-22 00:00:00+00:00,0.0001,0.0001,0.00030000000000000003,3
2025-05-23 00:00:00+00:00,0.0001,0.0001,0.00030000000000000003,3
2025-05-24 00:00:00+00:00,4.565e-05,8.188333333333335e-05,0.00024565000000000003,3
2025-05-25 00:00:00+00:00,0.0001,2.9763333333333337e-05,8.929000000000001e-05,3
2025-05-26 00:00:00+00:00,6.137e-05,7.159666666666668e-05,0.00021479000000000002,3
2025-05-27 00:00:00+00:00,0.0001,8.904666666666667e-05,0.00026714,3
2025-05-28 00:00:00+00:00,0.0001,0.0001,0.00030000000000000003,3
2025-05-29 00:00:00+00:00,2.815e-05,7.605e-05,0.00022815000000000002,3
2025-05-30 00:00:00+00:00,6.764e-05,1.9876666666666666e-05,5.9629999999999997e-05,3
2025-05-31 00:00:00+00:00,3.558e-05,-6.433e-05,-0.00019299,3
2025-06-01 00:00:00+00:00,0.0001,8.274666666666666e-05,0.00024824,3
2025-06-02 00:00:00+00:00,0.0001,8.053e-05,0.00024159000000000002,3
2025-06-03 00:00:00+00:00,0.0001,9.134666666666667e-05,0.00027404,3
2025-06-04 00:00:00+00:00,2.45e-05,7.483333333333334e-05,0.0002245,3
2025-06-05 00:00:00+00:00,0.0001,6.424666666666666e-05,0.00019274,3
2025-06-06 00:00:00+00:00,-8.849e-05,3.7170000000000005e-05,0.00011151000000000001,3
2025-06-07 00:00:00+00:00,0.0001,3.634e-05,0.00010902000000000001,3
2025-06-08 00:00:00+00:00,6.196e-05,5.310333333333334e-05,0.00015931000000000002,3
2025-06-09 00:00:00+00:00,0.0001,6.816e-05,0.00020448,3
2025-06-10 00:00:00+00:00,0.0001,0.0001,0.00030000000000000003,3
2025-06-11 00:00:00+00:00,0.0001,0.0001,0.00030000000000000003,3
2025-06-12 00:00:00+00:00,0.0001,0.0001,0.00030000000000000003,3
2025-06-13 00:00:00+00:00,0.0001,7.807666666666667e-05,0.00023423,3
2025-06-14 00:00:00+00:00,-2.47e-06,6.055e-05,0.00018165,3
2025-06-15 00:00:00+00:00,3.013e-05,-8.184e-05,-0.00024552,3
2025-06-16 00:00:00+00:00,0.0001,6.220333333333333e-05,0.00018661,3
2025-06-17 00:00:00+00:00,8.106e-05,9.368666666666668e-05,0.00028106,3
2025-06-18 00:00:00+00:00,-0.00033207,-6.719e-05,-0.00020157,3
2025-06-19 00:00:00+00:00,4.098e-05,7.356333333333333e-05,0.00022069,3
2025-06-20 00:00:00+00:00,0.0001,7.118333333333333e-05,0.00021355000000000001,3
2025-06-21 00:00:00+00:00,-0.0001465,-0.00013257666666666667,-0.00039773,3
2025-06-22 00:00:00+00:00,0.0001,6.221e-05,0.00018663000000000002,3
2025-06-23 00:00:00+00:00,0.0001,0.0001,0.00030000000000000003,3
2025-06-24 00:00:00+00:00,0.0001,9.943333333333334e-05,0.00029830000000000004,3
2025-06-25 00:00:00+00:00,0.0001,7.323666666666667e-05,0.00021971,3
2025-06-26 00:00:00+00:00,7.74e-05,-2.0606666666666667e-05,-6.182e-05,3
2025-06-27 00:00:00+00:00,-0.00011234,3.5633333333333315e-06,1.0689999999999994e-05,3
2025-06-28 00:00:00+00:00,7.086e-05,3.544666666666666e-05,0.00010633999999999999,3
2025-06-29 00:00:00+00:00,0.0001,0.0001,0.00030000000000000003,3
2025-06-30 00:00:00+00:00,-2.012e-05,5.270000000000001e-05,0.00015810000000000002,3
2025-07-01 00:00:00+00:00,4.294e-05,-0.00013377333333333336,-0.00040132000000000004,3
2025-07-02 00:00:00+00:00,0.0001,6.219333333333333e-05,0.00018658,3
2025-07-03 00:00:00+00:00,0.0001,0.0001,0.00030000000000000003,3
2025-07-04 00:00:00+00:00,0.0001,3.959666666666667e-05,0.00011879000000000002,3
2025-07-05 00:00:00+00:00,-1.007e-05,5.870666666666667e-05,0.00017612000000000001,3
2025-07-06 00:00:00+00:00,0.0001,0.0001,0.00030000000000000003,3
2025-07-07 00:00:00+00:00,3.039e-05,7.679666666666667e-05,0.00023039000000000002,3
2025-07-08 00:00:00+00:00,-3.047e-05,-3.103e-05,-9.309e-05,3
2025-07-09 00:00:00+00:00,0.0001,0.0001,0.00030000000000000003,3
2025-07-10 00:00:00+00:00,0.0001,0.0001,0.00030000000000000003,3
2025-07-11 00:00:00+00:00,0.0001,0.0001,0.00030000000000000003,3
2025-07-12 00:00:00+00:00,0.0001,0.0001,0.00030000000000000003,3
2025-07-13 00:00:00+00:00,0.0001,0.0001,0.00030000000000000003,3
2025-07-14 00:00:00+00:00,0.0001,0.0001,0.00030000000000000003,3
2025-07-15 00:00:00+00:00,0.0001,0.0001,0.00030000000000000003,3
2025-07-16 00:00:00+00:00,0.0001,0.0001,0.00030000000000000003,3
2025-07-17 00:00:00+00:00,0.0001,0.0001,0.00030000000000000003,3
2025-07-18 00:00:00+00:00,0.0001,0.00014125666666666667,0.00042377,3
2025-07-19 00:00:00+00:00,0.0001,0.0001,0.00030000000000000003,3
2025-07-20 00:00:00+00:00,0.0001,0.0001,0.00030000000000000003,3
2025-07-21 00:00:00+00:00,0.0001,0.0001,0.00030000000000000003,3
2025-07-22 00:00:00+00:00,0.0001,0.0001,0.00030000000000000003,3
2025-07-23 00:00:00+00:00,0.0001,0.0001,0.00030000000000000003,3
2025-07-24 00:00:00+00:00,0.0001,0.0001,0.00030000000000000003,3
2025-07-25 00:00:00+00:00,0.0001,0.0001,0.00030000000000000003,3
2025-07-26 00:00:00+00:00,0.0001,0.0001,0.00030000000000000003,3
2025-07-27 00:00:00+00:00,0.0001,0.0001,0.00030000000000000003,3
2025-07-28 00:00:00+00:00,0.0001,0.0001,0.00030000000000000003,3
2025-07-29 00:00:00+00:00,0.0001,0.0001,0.00030000000000000003,3
2025-07-30 00:00:00+00:00,0.0001,0.0001,0.00030000000000000003,3
2025-07-31 00:00:00+00:00,0.0001,0.0001,0.00030000000000000003,3
2025-08-01 00:00:00+00:00,0.0001,7.079333333333335e-05,0.00021238000000000002,3
2025-08-02 00:00:00+00:00,0.0001,0.0001,0.00030000000000000003,3
2025-08-03 00:00:00+00:00,1.02e-06,6.700666666666667e-05,0.00020102,3
2025-08-04 00:00:00+00:00,0.0001,0.0001,0.00030000000000000003,3
2025-08-05 00:00:00+00:00,9.192e-05,1.552e-05,4.656e-05,3
2025-08-06 00:00:00+00:00,0.0001,7.842e-05,0.00023526,3
2025-08-07 00:00:00+00:00,0.0001,4.181e-05,0.00012543,3
2025-08-08 00:00:00+00:00,0.0001,7.814666666666668e-05,0.00023444,3
2025-08-09 00:00:00+00:00,0.0001,8.424333333333333e-05,0.00025273,3
2025-08-10 00:00:00+00:00,0.0001,0.0001,0.00030000000000000003,3
2025-08-11 00:00:00+00:00,0.0001,0.0001,0.00030000000000000003,3
2025-08-12 00:00:00+00:00,0.0001,-1.5186666666666663e-05,-4.555999999999999e-05,3
2025-08-13 00:00:00+00:00,0.0001,0.0001,0.00030000000000000003,3
2025-08-14 00:00:00+00:00,0.0001,0.0001,0.00030000000000000003,3
2025-08-15 00:00:00+00:00,0.0001,0.0001,0.00030000000000000003,3
2025-08-16 00:00:00+00:00,0.0001,0.0001,0.00030000000000000003,3
2025-08-17 00:00:00+00:00,0.0001,0.0001,0.00030000000000000003,3
2025-08-18 00:00:00+00:00,9.557e-05,5.7736666666666666e-05,0.00017321,3
2025-08-19 00:00:00+00:00,0.0001,7.039e-05,0.00021117,3
2025-08-20 00:00:00+00:00,0.0001,2.166666666666667e-05,6.500000000000001e-05,3
2025-08-21 00:00:00+00:00,0.0001,0.0001,0.00030000000000000003,3
2025-08-22 00:00:00+00:00,0.0001,0.0001,0.00030000000000000003,3
2025-08-23 00:00:00+00:00,0.0001,0.0001,0.00030000000000000003,3
2025-08-24 00:00:00+00:00,0.0001,0.0001,0.00030000000000000003,3
2025-08-25 00:00:00+00:00,0.0001,0.0001,0.00030000000000000003,3
2025-08-26 00:00:00+00:00,0.0001,3.3140000000000005e-05,9.942000000000001e-05,3
2025-08-27 00:00:00+00:00,3.581e-05,7.673666666666667e-05,0.00023021,3
2025-08-28 00:00:00+00:00,0.0001,0.0001,0.00030000000000000003,3
2025-08-29 00:00:00+00:00,-5.495e-05,3.867333333333334e-05,0.00011602000000000002,3
2025-08-30 00:00:00+00:00,-8.632e-05,3.789333333333334e-05,0.00011368000000000001,3
2025-08-31 00:00:00+00:00,0.0001,0.0001,0.00030000000000000003,3
2025-09-01 00:00:00+00:00,-0.0001015,1.4376666666666667e-05,4.313e-05,3
2025-09-02 00:00:00+00:00,0.0001,0.0001,0.00030000000000000003,3
2025-09-03 00:00:00+00:00,0.0001,0.0001,0.00030000000000000003,3
2025-09-04 00:00:00+00:00,7.464e-05,9.154666666666668e-05,0.00027464000000000004,3
2025-09-05 00:00:00+00:00,0.0001,-1.839999999999996e-06,-5.519999999999988e-06,3
2025-09-06 00:00:00+00:00,0.0001,8.970666666666668e-05,0.00026912,3
2025-09-07 00:00:00+00:00,0.0001,0.0001,0.00030000000000000003,3
2025-09-08 00:00:00+00:00,0.0001,0.0001,0.00030000000000000003,3
2025-09-09 00:00:00+00:00,0.0001,0.0001,0.00030000000000000003,3
2025-09-10 00:00:00+00:00,0.0001,0.0001,0.00030000000000000003,3
2025-09-11 00:00:00+00:00,0.0001,0.0001,0.00030000000000000003,3
2025-09-12 00:00:00+00:00,0.0001,0.0001,0.00030000000000000003,3
2025-09-13 00:00:00+00:00,0.0001,0.0001,0.00030000000000000003,3
2025-09-14 00:00:00+00:00,0.0001,0.0001,0.00030000000000000003,3
2025-09-15 00:00:00+00:00,0.0001,0.0001,0.00030000000000000003,3
2025-09-16 00:00:00+00:00,0.0001,0.0001,0.00030000000000000003,3
2025-09-17 00:00:00+00:00,0.0001,0.0001,0.00030000000000000003,3
2025-09-18 00:00:00+00:00,0.0001,0.0001,0.00030000000000000003,3
2025-09-19 00:00:00+00:00,0.0001,0.0001,0.00030000000000000003,3
2025-09-20 00:00:00+00:00,0.0001,0.0001,0.00030000000000000003,3
2025-09-21 00:00:00+00:00,0.0001,0.0001,0.00030000000000000003,3
2025-09-22 00:00:00+00:00,8.01e-06,6.933666666666667e-05,0.00020801,3
2025-09-23 00:00:00+00:00,0.0001,0.0001,0.00030000000000000003,3
2025-09-24 00:00:00+00:00,0.0001,8.188e-05,0.00024564,3
2025-09-25 00:00:00+00:00,9.707e-05,5.9653333333333334e-05,0.00017896,3
2025-09-26 00:00:00+00:00,1.358e-05,3.889666666666666e-05,0.00011669,3
2025-09-27 00:00:00+00:00,1.822e-05,2.8299999999999996e-06,8.489999999999998e-06,3
2025-09-28 00:00:00+00:00,0.0001,9.164666666666666e-05,0.00027494,3
2025-09-29 00:00:00+00:00,-0.00013038,-7.763333333333334e-06,-2.3290000000000002e-05,3
2025-09-30 00:00:00+00:00,0.0001,5.3813333333333335e-05,0.00016144,3
2025-10-01 00:00:00+00:00,0.0001,0.0001,0.00030000000000000003,3
2025-10-02 00:00:00+00:00,0.0001,0.0001,0.00030000000000000003,3
2025-10-03 00:00:00+00:00,0.0001,0.0001,0.00030000000000000003,3
2025-10-04 00:00:00+00:00,0.0001,0.0001,0.00030000000000000003,3
2025-10-05 00:00:00+00:00,0.0001,0.0001,0.00030000000000000003,3
2025-10-06 00:00:00+00:00,0.0001,0.0001,0.00030000000000000003,3
2025-10-07 00:00:00+00:00,0.0001,0.0001,0.00030000000000000003,3
2025-10-08 00:00:00+00:00,0.0001,0.0001,0.00030000000000000003,3
2025-10-09 00:00:00+00:00,0.0001,0.0001,0.00030000000000000003,3
2025-10-10 00:00:00+00:00,0.0001,9.836666666666667e-05,0.0002951,3
2025-10-11 00:00:00+00:00,-0.00037428,-0.0012993833333333332,-0.00389815,3
2025-10-12 00:00:00+00:00,0.0001,0.0001,0.00030000000000000003,3
2025-10-13 00:00:00+00:00,0.0001,0.0001,0.00030000000000000003,3
2025-10-14 00:00:00+00:00,0.0001,0.0001,0.00030000000000000003,3
2025-10-15 00:00:00+00:00,-6.032e-05,4.656000000000001e-05,0.00013968000000000002,3
2025-10-16 00:00:00+00:00,0.0001,1.2746666666666666e-05,3.824e-05,3
2025-10-17 00:00:00+00:00,5.111e-05,7.536333333333334e-05,0.00022609,3
2025-10-18 00:00:00+00:00,6.732e-05,1.4083333333333333e-05,4.225e-05,3
2025-10-19 00:00:00+00:00,6.2e-06,6.873333333333333e-05,0.0002062,3
2025-10-20 00:00:00+00:00,0.0001,1.2723333333333336e-05,3.817000000000001e-05,3
2025-10-21 00:00:00+00:00,0.0001,4.7023333333333334e-05,0.00014107,3
2025-10-22 00:00:00+00:00,-5.357e-05,-7.013333333333333e-05,-0.0002104,3
2025-10-23 00:00:00+00:00,6.91e-05,5.654333333333333e-05,0.00016963,3
2025-10-24 00:00:00+00:00,0.0001,0.0001,0.00030000000000000003,3
2025-10-25 00:00:00+00:00,0.0001,6.661666666666667e-05,0.00019985,3
2025-10-26 00:00:00+00:00,-0.00013434,6.5566666666666685e-06,1.9670000000000006e-05,3
2025-10-27 00:00:00+00:00,-0.00015071,1.6430000000000004e-05,4.929000000000001e-05,3
2025-10-28 00:00:00+00:00,0.0001,3.493666666666667e-05,0.00010481000000000001,3
2025-10-29 00:00:00+00:00,0.0001,4.8620000000000005e-05,0.00014586000000000002,3
2025-10-30 00:00:00+00:00,-6.503e-05,-6.6500000000000016e-06,-1.9950000000000004e-05,3
2025-10-31 00:00:00+00:00,0.0001,5.834666666666667e-05,0.00017504,3
2025-11-01 00:00:00+00:00,0.0001,0.0001,0.00030000000000000003,3
2025-11-02 00:00:00+00:00,-2.427e-05,-5.3093333333333335e-05,-0.00015928,3
2025-11-03 00:00:00+00:00,-6.481e-05,-6.335666666666666e-05,-0.00019007,3
2025-11-04 00:00:00+00:00,0.0001,8.928e-05,0.00026784,3
2025-11-05 00:00:00+00:00,-0.00014724,-2.3983333333333338e-05,-7.195000000000001e-05,3
2025-11-06 00:00:00+00:00,0.0001,0.0001,0.00030000000000000003,3
2025-11-07 00:00:00+00:00,8.427e-05,-5.729999999999997e-06,-1.718999999999999e-05,3
2025-11-08 00:00:00+00:00,3.448e-05,4.1116666666666665e-05,0.00012335,3
2025-11-09 00:00:00+00:00,0.0001,8.995666666666667e-05,0.00026987,3
2025-11-10 00:00:00+00:00,3.848e-05,4.851666666666666e-05,0.00014555,3
2025-11-11 00:00:00+00:00,0.0001,-6.000000000000055e-08,-1.8000000000000166e-07,3
2025-11-12 00:00:00+00:00,9.48e-06,6.982666666666667e-05,0.00020948,3
2025-11-13 00:00:00+00:00,0.0001,8.714333333333334e-05,0.00026143,3
2025-11-14 00:00:00+00:00,6.915e-05,-4.162333333333334e-05,-0.00012487000000000002,3
2025-11-15 00:00:00+00:00,0.0001,9.704333333333333e-05,0.00029113,3
2025-11-16 00:00:00+00:00,0.0001,7.595e-05,0.00022785,3
2025-11-17 00:00:00+00:00,0.0001,0.0001,0.00030000000000000003,3
2025-11-18 00:00:00+00:00,0.0001,9.665e-05,0.00028995000000000003,3
2025-11-19 00:00:00+00:00,0.0001,4.015666666666667e-05,0.00012047,3
2025-11-20 00:00:00+00:00,0.0001,0.0001,0.00030000000000000003,3
2025-11-21 00:00:00+00:00,2.762e-05,-9.303666666666666e-05,-0.00027911,3
2025-11-22 00:00:00+00:00,-0.00019391,-8.159333333333334e-05,-0.00024478,3
2025-11-23 00:00:00+00:00,-1.806e-05,-1.2943333333333334e-05,-3.883e-05,3
2025-11-24 00:00:00+00:00,0.0001,6.690333333333333e-05,0.00020071,3
2025-11-25 00:00:00+00:00,0.0001,0.0001,0.00030000000000000003,3
2025-11-26 00:00:00+00:00,0.0001,7.755333333333334e-05,0.00023266,3
2025-11-27 00:00:00+00:00,0.0001,9.397666666666666e-05,0.00028193,3
2025-11-28 00:00:00+00:00,6.273e-05,7.262666666666666e-05,0.00021788,3
2025-11-29 00:00:00+00:00,0.0001,5.626e-05,0.00016878,3
2025-11-30 00:00:00+00:00,-6.519e-05,5.313333333333333e-06,1.594e-05,3
2025-12-01 00:00:00+00:00,9.82e-06,-2.377666666666667e-05,-7.133000000000001e-05,3
2025-12-02 00:00:00+00:00,0.0001,4.4160000000000004e-05,0.00013248,3
2025-12-03 00:00:00+00:00,0.0001,7.206666666666667e-05,0.0002162,3
2025-12-04 00:00:00+00:00,0.0001,7.975666666666667e-05,0.00023927,3
2025-12-05 00:00:00+00:00,-2.916e-05,3.206666666666666e-05,9.62e-05,3
2025-12-06 00:00:00+00:00,3.693e-05,5.692666666666667e-05,0.00017078000000000001,3
2025-12-07 00:00:00+00:00,-1.244e-05,-1.5876666666666667e-05,-4.763e-05,3
2025-12-08 00:00:00+00:00,-0.00018803,-5.171333333333334e-05,-0.00015514,3
2025-12-09 00:00:00+00:00,-9.77e-06,-0.00013126,-0.00039378,3
2025-12-10 00:00:00+00:00,0.0001,6.140666666666667e-05,0.00018422000000000002,3
2025-12-11 00:00:00+00:00,-0.00014196,1.934666666666667e-05,5.804000000000001e-05,3
2025-12-12 00:00:00+00:00,0.0001,5.618e-05,0.00016854,3
2025-12-13 00:00:00+00:00,0.0001,5.579666666666667e-05,0.00016739,3
2025-12-14 00:00:00+00:00,-1.85e-05,1.654666666666667e-05,4.9640000000000006e-05,3
2025-12-15 00:00:00+00:00,-1.509e-05,-5.749e-05,-0.00017247,3
2025-12-16 00:00:00+00:00,0.0001,0.0001,0.00030000000000000003,3
2025-12-17 00:00:00+00:00,0.0001,0.0001,0.00030000000000000003,3
2025-12-18 00:00:00+00:00,0.0001,0.0001,0.00030000000000000003,3
2025-12-19 00:00:00+00:00,0.0001,9.044333333333334e-05,0.00027133,3
2025-12-20 00:00:00+00:00,7.959e-05,9.319666666666668e-05,0.00027959,3
2025-12-21 00:00:00+00:00,7.58e-06,1.091e-05,3.273e-05,3
2025-12-22 00:00:00+00:00,1.48e-06,5.8733333333333336e-05,0.0001762,3
2025-12-23 00:00:00+00:00,0.0001,3.1813333333333336e-05,9.544000000000001e-05,3
2025-12-24 00:00:00+00:00,0.0001,0.0001,0.00030000000000000003,3
2025-12-25 00:00:00+00:00,0.0001,0.0001,0.00030000000000000003,3
2025-12-26 00:00:00+00:00,0.0001,0.0001,0.00030000000000000003,3
2025-12-27 00:00:00+00:00,0.0001,0.0001,0.00030000000000000003,3
2025-12-28 00:00:00+00:00,0.0001,6.409666666666667e-05,0.00019229000000000002,3
2025-12-29 00:00:00+00:00,0.0001,5.174000000000001e-05,0.00015522000000000002,3
2025-12-30 00:00:00+00:00,0.0001,0.0001,0.00030000000000000003,3
2025-12-31 00:00:00+00:00,6.457e-05,8.819e-05,0.00026457,3
2026-01-01 00:00:00+00:00,5.295e-05,3.715666666666667e-05,0.00011147,3
2026-01-02 00:00:00+00:00,4.591e-05,8.197e-05,0.00024591,3
2026-01-03 00:00:00+00:00,0.0001,8.059666666666667e-05,0.00024179,3
2026-01-04 00:00:00+00:00,0.0001,2.8846666666666666e-05,8.654e-05,3
2026-01-05 00:00:00+00:00,0.0001,6.53e-05,0.0001959,3
2026-01-06 00:00:00+00:00,0.0001,0.0001,0.00030000000000000003,3
2026-01-07 00:00:00+00:00,0.0001,0.0001,0.00030000000000000003,3
2026-01-08 00:00:00+00:00,0.0001,0.0001,0.00030000000000000003,3
2026-01-09 00:00:00+00:00,-9.304e-05,-2.0583333333333333e-05,-6.175e-05,3
2026-01-10 00:00:00+00:00,-3.381e-05,-0.00013538333333333334,-0.00040615,3
2026-01-11 00:00:00+00:00,0.0001,-5.021e-05,-0.00015063,3
2026-01-12 00:00:00+00:00,0.0001,0.0001,0.00030000000000000003,3
2026-01-13 00:00:00+00:00,0.0001,0.0001,0.00030000000000000003,3
2026-01-14 00:00:00+00:00,0.0001,0.0001,0.00030000000000000003,3
2026-01-15 00:00:00+00:00,1.78e-05,6.651666666666667e-05,0.00019955,3
2026-01-16 00:00:00+00:00,0.0001,4.268666666666667e-05,0.00012806000000000002,3
2026-01-17 00:00:00+00:00,0.0001,0.0001,0.00030000000000000003,3
2026-01-18 00:00:00+00:00,-3.355e-05,-0.00010324,-0.00030972,3
2026-01-19 00:00:00+00:00,-9.808e-05,-3.134333333333333e-05,-9.402999999999999e-05,3
2026-01-20 00:00:00+00:00,0.0001,7.048666666666667e-05,0.00021146,3
2026-01-21 00:00:00+00:00,-2.662e-05,5.1500000000000005e-05,0.00015450000000000001,3
2026-01-22 00:00:00+00:00,-0.00023491,-6.759333333333334e-05,-0.00020278,3
2026-01-23 00:00:00+00:00,-1.103e-05,-3.302333333333333e-05,-9.907e-05,3
2026-01-24 00:00:00+00:00,9.2e-07,3.9953333333333336e-05,0.00011986000000000001,3
2026-01-25 00:00:00+00:00,-0.00010061,-6.989e-05,-0.00020967,3
2026-01-26 00:00:00+00:00,4.342e-05,6.471333333333334e-05,0.00019414,3
2026-01-27 00:00:00+00:00,-0.0001322,-7.456666666666666e-05,-0.0002237,3
2026-01-28 00:00:00+00:00,-0.00035427,-0.00017283666666666666,-0.00051851,3
2026-01-29 00:00:00+00:00,0.0001,5.9963333333333336e-05,0.00017989000000000001,3
2026-01-30 00:00:00+00:00,-1.034e-05,-6.0046666666666676e-05,-0.00018014000000000002,3
2026-01-31 00:00:00+00:00,1.249e-05,6.193666666666667e-05,0.00018581,3
2026-02-01 00:00:00+00:00,-4.187e-05,-0.00020265,-0.00060795,3
2026-02-02 00:00:00+00:00,0.0001,0.0001,0.00030000000000000003,3
2026-02-03 00:00:00+00:00,0.0001,0.0001,0.00030000000000000003,3
2026-02-04 00:00:00+00:00,0.0001,0.0001,0.00030000000000000003,3
2026-02-05 00:00:00+00:00,-3.538e-05,-4.529999999999999e-06,-1.3589999999999997e-05,3
2026-02-06 00:00:00+00:00,0.0001,-2.0739999999999995e-05,-6.221999999999998e-05,3
2026-02-07 00:00:00+00:00,-0.00015176,-8.850333333333334e-05,-0.00026551,3
2026-02-08 00:00:00+00:00,2.798e-05,-8.477333333333334e-05,-0.00025432000000000005,3
2026-02-09 00:00:00+00:00,-0.00016673,-6.421e-05,-0.00019263,3
2026-02-10 00:00:00+00:00,8.874e-05,9.142333333333334e-05,0.00027427,3
2026-02-11 00:00:00+00:00,-1.746e-05,-0.00010458666666666667,-0.00031376,3
2026-02-12 00:00:00+00:00,0.0001,5.1693333333333335e-05,0.00015508,3
2026-02-13 00:00:00+00:00,0.0001,2.9299999999999997e-05,8.79e-05,3
2026-02-14 00:00:00+00:00,0.0001,5.347666666666667e-05,0.00016043,3
2026-02-15 00:00:00+00:00,1.436e-05,-9.951666666666667e-05,-0.00029855,3
2026-02-16 00:00:00+00:00,-0.00016132,-5.867666666666667e-05,-0.00017603,3
2026-02-17 00:00:00+00:00,-0.00023213,-9.866e-05,-0.00029598,3
2026-02-18 00:00:00+00:00,-3.932e-05,-8.51e-06,-2.553e-05,3
2026-02-19 00:00:00+00:00,-0.00033281,-4.959e-05,-0.00014877,3
2026-02-20 00:00:00+00:00,0.0001,-5.0369999999999994e-05,-0.00015110999999999998,3
2026-02-21 00:00:00+00:00,0.0001,7.278666666666667e-05,0.00021836000000000002,3
2026-02-22 00:00:00+00:00,-0.00027022,-9.917e-05,-0.00029751,3
2026-02-23 00:00:00+00:00,-4.965e-05,-0.00013297666666666665,-0.00039893,3
2026-02-24 00:00:00+00:00,-0.00014902,-6.251333333333332e-05,-0.00018753999999999998,3
2026-02-25 00:00:00+00:00,0.0001,7.944333333333334e-05,0.00023833,3
2026-02-26 00:00:00+00:00,-0.00026537,-2.2586666666666672e-05,-6.776000000000002e-05,3
2026-02-27 00:00:00+00:00,-0.00010857,-3.133e-05,-9.399e-05,3
2026-02-28 00:00:00+00:00,-0.00016798,-0.00014982666666666668,-0.00044948000000000004,3
2026-03-01 00:00:00+00:00,-1.87e-06,-6.89e-06,-2.067e-05,3
2026-03-02 00:00:00+00:00,0.0001,3.5720000000000004e-05,0.00010716000000000001,3
2026-03-03 00:00:00+00:00,-0.00021513,-7.534333333333333e-05,-0.00022603,3
2026-03-04 00:00:00+00:00,0.0001,-0.00011990666666666667,-0.00035972,3
2026-03-05 00:00:00+00:00,5.549e-05,-7.782e-05,-0.00023346,3
2026-03-06 00:00:00+00:00,-0.0001397,-0.00017154333333333331,-0.00051463,3
2026-03-07 00:00:00+00:00,-7.817e-05,-0.00012557,-0.00037671,3
2026-03-08 00:00:00+00:00,-0.00023771,-0.00010701000000000001,-0.00032103000000000003,3
2026-03-09 00:00:00+00:00,-3.361e-05,-8.807333333333334e-05,-0.00026422,3
2026-03-10 00:00:00+00:00,0.0001,-3.6003333333333335e-05,-0.00010801,3
2026-03-11 00:00:00+00:00,-9.52e-06,-6.406666666666667e-05,-0.0001922,3
2026-03-12 00:00:00+00:00,-0.00018108,-0.00011023333333333332,-0.00033069999999999996,3
2026-03-13 00:00:00+00:00,0.0001,6.648666666666667e-05,0.00019946,3
2026-03-14 00:00:00+00:00,0.0001,0.0001,0.00030000000000000003,3
2026-03-15 00:00:00+00:00,3.657e-05,6.758e-05,0.00020274,3
2026-03-16 00:00:00+00:00,-1.067e-05,5.303e-05,0.00015909,3
2026-03-17 00:00:00+00:00,-0.0001232,-4.8163333333333334e-05,-0.00014449,3
2026-03-18 00:00:00+00:00,-0.00020204,-9.201333333333334e-05,-0.00027604,3
2026-03-19 00:00:00+00:00,-0.00013699,-0.00012011,-0.00036033,3
2026-03-20 00:00:00+00:00,-0.0001436,-7.836666666666667e-05,-0.0002351,3
2026-03-21 00:00:00+00:00,-2.658e-05,-1.0386666666666667e-05,-3.116e-05,3
2026-03-22 00:00:00+00:00,-8.2e-06,-6.019e-05,-0.00018057,3
2026-03-23 00:00:00+00:00,6.664e-05,-4.173333333333332e-06,-1.2519999999999995e-05,3
2026-03-24 00:00:00+00:00,3.775e-05,6.823333333333334e-05,0.00020470000000000002,3
2026-03-25 00:00:00+00:00,-7.04e-06,5.535333333333333e-05,0.00016606,3
2026-03-26 00:00:00+00:00,0.0001,9.227333333333334e-05,0.00027682,3
2026-03-27 00:00:00+00:00,-0.00016746,1.084666666666667e-05,3.254000000000001e-05,3
2026-03-28 00:00:00+00:00,0.0001,3.4393333333333335e-05,0.00010318,3
2026-03-29 00:00:00+00:00,4.945e-05,-1.5286666666666667e-05,-4.586e-05,3
2026-03-30 00:00:00+00:00,9.588e-05,6.421e-05,0.00019263,3
2026-03-31 00:00:00+00:00,-0.00011361,-1.7179999999999998e-05,-5.154e-05,3
2026-04-01 00:00:00+00:00,-8.653e-05,-3.890666666666667e-05,-0.00011672000000000001,3
2026-04-02 00:00:00+00:00,4.844e-05,-1.1850000000000002e-05,-3.5550000000000004e-05,3
2026-04-03 00:00:00+00:00,0.0001,4.560666666666667e-05,0.00013682,3
2026-04-04 00:00:00+00:00,-2.127e-05,-1.2739999999999998e-05,-3.8219999999999997e-05,3
2026-04-05 00:00:00+00:00,9.64e-06,-3.660666666666667e-05,-0.00010982,3
2026-04-06 00:00:00+00:00,2.644e-05,2.7000000000000002e-05,8.1e-05,3
2026-04-07 00:00:00+00:00,-0.00011974,-0.00012495333333333331,-0.00037485999999999997,3
2026-04-08 00:00:00+00:00,0.0001,0.0001,0.00030000000000000003,3
2026-04-09 00:00:00+00:00,9.353e-05,5.4420000000000004e-05,0.00016326,3
2026-04-10 00:00:00+00:00,1.748e-05,2.9266666666666656e-06,8.779999999999997e-06,3
2026-04-11 00:00:00+00:00,-3.413e-05,1.2163333333333333e-05,3.649e-05,3
2026-04-12 00:00:00+00:00,-0.0001454,-2.3380000000000007e-05,-7.014000000000002e-05,3
2026-04-13 00:00:00+00:00,0.0001,7.539999999999999e-06,2.2619999999999997e-05,3
2026-04-14 00:00:00+00:00,0.0001,8.689e-05,0.00026067,3
2026-04-15 00:00:00+00:00,0.0001,-2.7099999999999995e-05,-8.129999999999998e-05,3
2026-04-16 00:00:00+00:00,-1.95e-06,6.601666666666667e-05,0.00019805000000000002,3
2026-04-17 00:00:00+00:00,0.0001,5.370333333333334e-05,0.00016111,3
2026-04-18 00:00:00+00:00,-2.436e-05,-1.693333333333334e-06,-5.080000000000002e-06,3
2026-04-19 00:00:00+00:00,9.9e-06,-7.4666666666666615e-06,-2.2399999999999985e-05,3
2026-04-20 00:00:00+00:00,0.0001,6.8466666666666725e-06,2.0540000000000017e-05,3
2026-04-21 00:00:00+00:00,4.599e-05,4.1870000000000004e-05,0.00012561,3
2026-04-22 00:00:00+00:00,0.0001,-1.6833333333333337e-06,-5.050000000000001e-06,3
2026-04-23 00:00:00+00:00,0.0001,6.457e-05,0.00019371000000000001,3
2026-04-24 00:00:00+00:00,9.47e-05,5.530000000000001e-05,0.00016590000000000002,3
2026-04-25 00:00:00+00:00,0.0001,-4.7866666666666635e-06,-1.4359999999999991e-05,3
2026-04-26 00:00:00+00:00,0.0001,3.5133333333333392e-06,1.0540000000000018e-05,3
2026-04-27 00:00:00+00:00,0.0001,0.0001,0.00030000000000000003,3
2026-04-28 00:00:00+00:00,1.657e-05,-5.802e-05,-0.00017406,3
2026-04-29 00:00:00+00:00,0.0001,-2.879999999999995e-06,-8.639999999999985e-06,3
2026-04-30 00:00:00+00:00,0.0001,-3.416999999999999e-05,-0.00010250999999999998,3
2026-05-01 00:00:00+00:00,-1.315e-05,-0.00010634666666666666,-0.00031904,3
2026-05-02 00:00:00+00:00,9.983e-05,5.770666666666667e-05,0.00017312,3
2026-05-03 00:00:00+00:00,3.941e-05,2.794333333333333e-05,8.382999999999999e-05,3
2026-05-04 00:00:00+00:00,3.845e-05,5.779999999999999e-06,1.7339999999999997e-05,3
2026-05-05 00:00:00+00:00,6.567e-05,7.757666666666667e-05,0.00023273,3
2026-05-06 00:00:00+00:00,0.0001,4.424666666666667e-05,0.00013274,3
2026-05-07 00:00:00+00:00,0.0001,-3.239666666666666e-05,-9.718999999999998e-05,3
2026-05-08 00:00:00+00:00,0.0001,-1.0580000000000002e-05,-3.1740000000000004e-05,3
2026-05-09 00:00:00+00:00,0.0001,0.0001,0.00030000000000000003,3
2026-05-10 00:00:00+00:00,6.47e-05,5.8476666666666675e-05,0.00017543000000000002,3
2026-05-11 00:00:00+00:00,9.229e-05,9.743000000000001e-05,0.00029229,3
2026-05-12 00:00:00+00:00,-7.936e-05,-3.8213333333333336e-05,-0.00011464,3
2026-05-13 00:00:00+00:00,-8.42e-05,2.462e-05,7.386e-05,3
2026-05-14 00:00:00+00:00,-7.232e-05,-2.989333333333333e-05,-8.968e-05,3
2026-05-15 00:00:00+00:00,-0.00021184,-5.724666666666667e-05,-0.00017174,3
2026-05-16 00:00:00+00:00,-9.427e-05,-0.00010960666666666668,-0.00032882,3
2026-05-17 00:00:00+00:00,4.097e-05,2.2736666666666665e-05,6.821e-05,3
2026-05-18 00:00:00+00:00,0.0001,7.871e-05,0.00023613,3
2026-05-19 00:00:00+00:00,6.79e-05,5.926e-05,0.00017778,3
2026-05-20 00:00:00+00:00,2.453e-05,5.603e-05,0.00016809,3
2026-05-21 00:00:00+00:00,1.942e-05,-7.243333333333335e-06,-2.1730000000000004e-05,3
2026-05-22 00:00:00+00:00,5.969e-05,1.5586666666666668e-05,4.676e-05,3
2026-05-23 00:00:00+00:00,-1.37e-06,9.663333333333333e-06,2.899e-05,3
2026-05-24 00:00:00+00:00,0.0001,5.1550000000000006e-05,0.00015465000000000002,3
2026-05-25 00:00:00+00:00,0.0001,6.890000000000001e-05,0.0002067,3
2026-05-26 00:00:00+00:00,0.0001,8.001666666666667e-05,0.00024005,3
2026-05-27 00:00:00+00:00,8.341e-05,6.789e-05,0.00020367,3
2026-05-28 00:00:00+00:00,-3.981e-05,-7.276666666666667e-06,-2.183e-05,3
2026-05-29 00:00:00+00:00,5.092e-05,5.626e-05,0.00016878,3
2026-05-30 00:00:00+00:00,6.597e-05,8.865666666666668e-05,0.00026597000000000003,3
2026-05-31 00:00:00+00:00,4.68e-05,5.490666666666667e-05,0.00016472,3
2026-06-01 00:00:00+00:00,4.894e-05,1.312666666666667e-05,3.9380000000000006e-05,3
2026-06-02 00:00:00+00:00,5.435e-05,3.3436666666666664e-05,0.00010031,3
2026-06-03 00:00:00+00:00,7.081e-05,-9.663333333333335e-06,-2.8990000000000005e-05,3
2026-06-04 00:00:00+00:00,1.099e-05,6.055666666666666e-05,0.00018167,3
2026-06-05 00:00:00+00:00,-0.00015555,-6.713333333333334e-05,-0.00020140000000000002,3
2026-06-06 00:00:00+00:00,0.0001,6.266666666666667e-05,0.00018800000000000002,3
2026-06-07 00:00:00+00:00,-2.269e-05,2.665e-05,7.995e-05,3
2026-06-08 00:00:00+00:00,5.603e-05,8.534333333333335e-05,0.00025603,3
2026-06-09 00:00:00+00:00,-6.795e-05,-3.689e-05,-0.00011067,3
2026-06-10 00:00:00+00:00,-9.584e-05,-8.950000000000001e-05,-0.0002685,3
2026-06-11 00:00:00+00:00,-4.958e-05,-4.776666666666667e-05,-0.00014330000000000001,3
2026-06-12 00:00:00+00:00,0.0001,4.433333333333334e-05,0.000133,3
2026-06-13 00:00:00+00:00,-5.36e-06,3.153333333333337e-06,9.460000000000011e-06,3
2026-06-14 00:00:00+00:00,4.651e-05,4.714666666666667e-05,0.00014144,3
2026-06-15 00:00:00+00:00,-2.95e-05,4.3066666666666665e-05,0.0001292,3
2026-06-16 00:00:00+00:00,-6.27e-06,2.1386666666666666e-05,6.416e-05,3
2026-06-17 00:00:00+00:00,-2.822e-05,-2.8413333333333335e-05,-8.524e-05,3
2026-06-18 00:00:00+00:00,6.09e-05,-2.4086666666666664e-05,-7.225999999999999e-05,3
2026-06-19 00:00:00+00:00,1.306e-05,3.440666666666667e-05,0.00010322,3
2026-06-20 00:00:00+00:00,0.0001,6.453666666666668e-05,0.00019361,3
2026-06-21 00:00:00+00:00,7.157e-05,3.569e-05,0.00010706999999999999,3
2026-06-22 00:00:00+00:00,1.572e-05,5.356666666666667e-05,0.0001607,3
2026-06-23 00:00:00+00:00,-1.907e-05,-3.106333333333333e-05,-9.319e-05,3
2026-06-24 00:00:00+00:00,9.707e-05,2.8583333333333338e-05,8.575000000000001e-05,3
2026-06-25 00:00:00+00:00,1.017e-05,2.8409999999999997e-05,8.523e-05,3
2026-06-26 00:00:00+00:00,0.0001,7.75e-05,0.0002325,3
2026-06-27 00:00:00+00:00,0.0001,6.336666666666667e-05,0.0001901,3
2026-06-28 00:00:00+00:00,-3.967e-05,-3.1576666666666665e-05,-9.473e-05,3
2026-06-29 00:00:00+00:00,-5.357e-05,-1.5416666666666668e-05,-4.6250000000000006e-05,3
2026-06-30 00:00:00+00:00,0.0001,9.790000000000001e-05,0.00029370000000000004,3
2026-07-01 00:00:00+00:00,-0.0001686,-0.00010085,-0.00030255,3
2026-07-02 00:00:00+00:00,6.914e-05,-0.00011513666666666666,-0.00034541,3
2026-07-03 00:00:00+00:00,0.0001,0.0001,0.00030000000000000003,3
2026-07-04 00:00:00+00:00,0.0001,3.306666666666667e-05,9.920000000000001e-05,3
2026-07-05 00:00:00+00:00,0.0001,0.0001,0.00030000000000000003,3
2026-07-06 00:00:00+00:00,0.0001,0.0001,0.00030000000000000003,3
2026-07-07 00:00:00+00:00,0.0001,7.950666666666668e-05,0.00023852,3
2026-07-08 00:00:00+00:00,-3.921e-05,-4.948666666666667e-05,-0.00014846,3
2026-07-09 00:00:00+00:00,8.217e-05,4.497666666666667e-05,0.00013493,3
2026-07-10 00:00:00+00:00,-3.69e-06,3.4490000000000004e-05,0.00010347000000000001,3
2026-07-11 00:00:00+00:00,3.436e-05,-7.323333333333334e-05,-0.00021970000000000003,3
2026-07-12 00:00:00+00:00,0.0001,4.965666666666667e-05,0.00014897,3
2026-07-13 00:00:00+00:00,3.666e-05,4.963333333333331e-06,1.4889999999999995e-05,3
2026-07-14 00:00:00+00:00,-0.00016385,-0.0001246,-0.0003738,3
2026-07-15 00:00:00+00:00,3.53e-05,7.41e-05,0.0002223,3
2026-07-16 00:00:00+00:00,0.0001,6.731666666666667e-05,0.00020195,3
2026-07-17 00:00:00+00:00,4.5e-07,4.006666666666667e-05,0.00012020000000000001,3
2026-07-18 00:00:00+00:00,-1.563e-05,-7.294e-05,-0.00021882,3
2026-07-19 00:00:00+00:00,-3.636e-05,3.666666666666667e-05,0.00011000000000000002,3
2026-07-20 00:00:00+00:00,3.071e-05,-5.036666666666668e-06,-1.5110000000000003e-05,3
2026-07-21 00:00:00+00:00,0.0001,4.830666666666667e-05,0.00014492000000000002,3
2026-07-22 00:00:00+00:00,0.0001,0.0001,0.00030000000000000003,3
2026-07-23 00:00:00+00:00,-1.607e-05,5.041333333333334e-05,0.00015124000000000002,3
2026-07-24 00:00:00+00:00,-8.14e-05,-1.7623333333333335e-05,-5.287e-05,3
2026-07-25 00:00:00+00:00,-1.168e-05,-9.633333333333338e-07,-2.890000000000001e-06,3
2026-07-26 00:00:00+00:00,-0.0001715,-4.3926666666666674e-05,-0.00013178000000000002,3
2026-07-27 00:00:00+00:00,-5.827e-05,2.747666666666667e-05,8.243000000000001e-05,3
2026-07-28 00:00:00+00:00,5.584e-05,-1.2896666666666668e-05,-3.8690000000000004e-05,3
2026-07-29 00:00:00+00:00,5.805e-05,1.631666666666667e-05,4.895000000000001e-05,3
2026-07-30 00:00:00+00:00,0.0001,3.0403333333333334e-05,9.121e-05,3
2026-07-31 00:00:00+00:00,-0.00010111,1.9380000000000004e-05,5.814000000000001e-05,3
2026-08-01 00:00:00+00:00,0.0001,0.0001,0.00030000000000000003,3
2026-08-02 00:00:00+00:00,-1.682e-05,5.4879999999999996e-05,0.00016464,3
2026-08-03 00:00:00+00:00,8.458e-05,4.9313333333333334e-05,0.00014794,3
2026-08-04 00:00:00+00:00,-5.161e-05,-4.196666666666667e-06,-1.259e-05,3
2026-08-05 00:00:00+00:00,6.721e-05,8.907000000000001e-05,0.00026721000000000004,3
2026-08-06 00:00:00+00:00,0.0001,8.029e-05,0.00024087000000000002,3
2026-08-07 00:00:00+00:00,-5.746e-05,-1.614e-05,-4.842e-05,3
2026-08-08 00:00:00+00:00,0.0001,6.309000000000001e-05,0.00018927,3
2026-08-09 00:00:00+00:00,0.0001,0.0001,0.00030000000000000003,3
2026-08-10 00:00:00+00:00,0.0001,8.039666666666668e-05,0.00024119,3
2026-08-11 00:00:00+00:00,1.697e-05,5.966333333333334e-05,0.00017899000000000002,3
2026-08-12 00:00:00+00:00,-4.104e-05,2.0083333333333335e-05,6.025e-05,3
2026-08-13 00:00:00+00:00,6.241e-05,7.338333333333333e-05,0.00022015,3
2026-08-14 00:00:00+00:00,7.921e-05,3.6106666666666664e-05,0.00010831999999999999,3
2026-08-15 00:00:00+00:00,0.0001,0.0001,0.00030000000000000003,3
2026-08-16 00:00:00+00:00,-4.828e-05,7.29e-06,2.187e-05,3
2026-08-17 00:00:00+00:00,-1.12e-05,-3.894333333333334e-05,-0.00011683,3
2026-08-18 00:00:00+00:00,0.0001,7.029333333333333e-05,0.00021088000000000001,3
2026-08-19 00:00:00+00:00,0.0001,9.597666666666666e-05,0.00028793,3
2026-08-20 00:00:00+00:00,0.0001,0.0001,0.00030000000000000003,3
2026-08-21 00:00:00+00:00,0.0001,0.0001,0.00030000000000000003,3
2026-08-22 00:00:00+00:00,-0.00018776,-6.118333333333333e-05,-0.00018355,3
2026-08-23 00:00:00+00:00,0.0001,0.0001,0.00030000000000000003,3
2026-08-24 00:00:00+00:00,0.0001,0.0001,0.0001,1
